label,timestamp,S0_405nm,S0_425nm,S0_450nm,S0_475nm,S0_515nm,S0_550nm,S0_555nm,S0_600nm,S0_640nm,S0_690nm,S0_745nm,S0_855nm,S1_405nm,S1_425nm,S1_450nm,S1_475nm,S1_515nm,S1_550nm,S1_555nm,S1_600nm,S1_640nm,S1_690nm,S1_745nm,S1_855nm,S2_405nm,S2_425nm,S2_450nm,S2_475nm,S2_515nm,S2_550nm,S2_555nm,S2_600nm,S2_640nm,S2_690nm,S2_745nm,S2_855nm,S3_405nm,S3_425nm,S3_450nm,S3_475nm,S3_515nm,S3_550nm,S3_555nm,S3_600nm,S3_640nm,S3_690nm,S3_745nm,S3_855nm,S4_405nm,S4_425nm,S4_450nm,S4_475nm,S4_515nm,S4_550nm,S4_555nm,S4_600nm,S4_640nm,S4_690nm,S4_745nm,S4_855nm,S5_405nm,S5_425nm,S5_450nm,S5_475nm,S5_515nm,S5_550nm,S5_555nm,S5_600nm,S5_640nm,S5_690nm,S5_745nm,S5_855nm,S6_405nm,S6_425nm,S6_450nm,S6_475nm,S6_515nm,S6_550nm,S6_555nm,S6_600nm,S6_640nm,S6_690nm,S6_745nm,S6_855nm,S7_405nm,S7_425nm,S7_450nm,S7_475nm,S7_515nm,S7_550nm,S7_555nm,S7_600nm,S7_640nm,S7_690nm,S7_745nm,S7_855nm,AVG_405nm,AVG_425nm,AVG_450nm,AVG_475nm,AVG_515nm,AVG_550nm,AVG_555nm,AVG_600nm,AVG_640nm,AVG_690nm,AVG_745nm,AVG_855nm
Asphalt_0cm_S9,2026-04-02T20:29:47.292498,3,13,91,103,124,48,174,161,150,97,12,7,3,12,85,96,108,43,154,142,132,85,10,6,3,11,84,104,114,46,157,152,144,89,11,6,2,10,74,92,95,38,135,127,124,80,9,5,2,8,53,65,68,27,97,91,88,59,7,4,2,8,48,67,65,28,90,91,92,56,6,4,3,10,74,105,100,39,135,133,130,81,9,6,3,9,63,82,84,35,117,114,113,72,9,5,2.62,10.12,71.5,89.25,94.75,38.0,132.38,126.38,121.62,77.38,9.12,5.38
Asphalt_0cm_S9,2026-04-02T20:29:47.375997,3,13,91,103,124,48,174,161,150,97,12,7,3,12,86,96,108,43,154,143,132,85,11,6,3,12,84,103,114,46,156,153,144,89,11,6,2,10,74,91,95,38,135,127,124,80,9,5,2,8,53,65,68,27,96,91,88,59,7,4,2,8,48,67,64,28,90,91,92,56,6,4,3,10,74,105,100,39,134,133,130,81,9,6,3,9,63,82,84,35,117,113,113,72,9,5,2.62,10.25,71.62,89.0,94.62,38.0,132.0,126.5,121.62,77.38,9.25,5.38
Asphalt_0cm_S9,2026-04-02T20:29:47.478787,3,13,91,103,124,48,174,161,150,97,12,7,3,12,86,96,108,43,154,143,132,85,11,6,3,12,84,103,114,46,156,153,144,89,11,6,3,10,74,92,95,38,135,127,124,80,9,5,2,8,53,65,68,27,97,91,88,59,7,4,2,8,48,67,64,28,90,91,92,56,6,4,3,10,74,105,100,39,134,133,130,81,9,6,3,9,62,83,84,35,117,114,113,72,9,5,2.75,10.25,71.5,89.25,94.62,38.0,132.12,126.62,121.62,77.38,9.25,5.38
Asphalt_0cm_S9,2026-04-02T20:29:47.567745,3,13,91,103,124,48,174,161,150,97,12,7,3,12,86,96,108,43,154,143,132,85,11,6,3,12,84,103,114,46,156,153,144,89,11,6,3,10,74,92,95,38,135,127,124,80,9,5,2,8,53,65,68,27,97,91,88,59,7,4,2,8,48,67,64,28,90,91,92,56,6,4,3,10,74,105,100,39,134,133,130,81,9,6,3,9,62,83,84,35,117,114,113,72,9,5,2.75,10.25,71.5,89.25,94.62,38.0,132.12,126.62,121.62,77.38,9.25,5.38
Asphalt_0cm_S9,2026-04-02T20:29:47.676267,3,13,91,103,124,48,174,161,150,97,12,7,3,12,86,96,108,43,154,143,132,85,11,6,3,12,84,103,114,46,156,153,144,89,11,6,3,10,74,92,95,38,135,127,124,80,9,5,2,8,53,65,68,27,97,91,88,59,7,4,2,8,48,67,64,28,90,91,92,56,6,4,3,10,74,105,100,39,134,133,130,81,9,6,3,9,62,83,84,35,117,114,113,72,9,5,2.75,10.25,71.5,89.25,94.62,38.0,132.12,126.62,121.62,77.38,9.25,5.38
Asphalt_0cm_S9,2026-04-02T20:29:47.761630,3,13,91,103,124,48,174,161,150,97,12,7,3,12,86,96,108,43,154,143,132,85,11,6,3,12,84,103,114,46,156,153,144,89,11,6,3,10,74,92,95,38,135,127,124,80,9,5,2,8,53,65,68,27,97,91,88,59,7,4,2,8,48,67,64,28,90,91,92,56,6,4,3,10,74,105,100,39,134,133,130,81,9,6,3,9,62,83,84,35,117,114,113,72,9,5,2.75,10.25,71.5,89.25,94.62,38.0,132.12,126.62,121.62,77.38,9.25,5.38
Asphalt_0cm_S9,2026-04-02T20:29:47.881752,3,13,91,103,124,48,174,161,150,96,11,7,3,12,86,95,108,43,154,143,132,86,10,6,3,11,84,103,114,46,157,153,144,90,11,6,3,10,74,91,95,38,135,127,124,80,9,5,2,8,53,65,68,27,97,91,88,59,7,4,2,8,48,67,64,28,90,90,92,56,6,4,3,10,74,105,100,39,135,133,130,81,9,6,3,9,63,83,84,35,117,113,113,72,9,5,2.75,10.12,71.62,89.0,94.62,38.0,132.38,126.38,121.62,77.5,9.0,5.38
Asphalt_0cm_S9,2026-04-02T20:29:47.982380,3,13,91,104,124,48,174,161,150,96,11,7,3,12,85,96,108,43,154,142,132,85,10,6,3,11,84,103,114,46,157,153,144,89,11,6,3,10,74,92,95,38,135,127,124,80,9,5,2,8,53,65,68,27,97,91,88,59,7,4,2,8,48,67,65,28,90,90,92,56,6,4,3,10,74,104,100,39,135,133,130,81,9,6,3,9,63,82,85,35,117,113,113,72,9,5,2.75,10.12,71.5,89.12,94.88,38.0,132.38,126.25,121.62,77.25,9.0,5.38
Asphalt_0cm_S9,2026-04-02T20:29:48.064115,3,13,91,103,124,48,174,161,150,97,11,7,3,11,85,96,108,43,154,142,132,85,10,6,3,11,84,103,114,46,156,153,144,90,11,6,3,10,74,92,95,38,135,127,124,80,9,5,2,8,53,65,68,27,97,91,88,59,7,4,2,8,48,67,65,28,90,90,92,56,6,4,3,10,74,104,100,39,135,133,130,81,9,6,3,9,63,82,85,35,117,113,113,72,9,5,2.75,10.0,71.5,89.0,94.88,38.0,132.25,126.25,121.62,77.5,9.0,5.38
Asphalt_0cm_S9,2026-04-02T20:29:48.168025,3,13,91,103,124,48,174,161,150,97,11,7,3,11,85,96,108,43,154,142,132,85,10,6,3,11,84,103,114,46,156,153,144,90,11,6,3,10,74,92,95,38,135,127,124,80,9,5,2,8,53,65,68,27,97,91,88,59,7,4,2,8,48,67,65,28,90,90,92,56,6,4,3,10,74,104,100,39,135,133,130,81,9,6,3,9,63,82,85,35,117,113,113,72,9,5,2.75,10.0,71.5,89.0,94.88,38.0,132.25,126.25,121.62,77.5,9.0,5.38
Asphalt_0cm_S9,2026-04-02T20:29:48.265690,3,13,91,103,124,48,174,161,150,97,11,7,3,11,85,96,108,43,154,142,132,85,10,6,3,11,84,103,114,46,156,153,144,90,11,6,3,10,74,92,95,38,135,127,124,80,9,5,2,8,53,65,68,27,97,91,88,59,7,4,2,8,48,67,65,28,90,90,92,56,6,4,3,10,74,104,100,39,135,133,130,81,9,6,3,9,63,82,85,35,117,113,113,72,9,5,2.75,10.0,71.5,89.0,94.88,38.0,132.25,126.25,121.62,77.5,9.0,5.38
Asphalt_0cm_S9,2026-04-02T20:29:48.358190,3,13,91,103,124,48,174,161,150,97,11,7,3,11,85,96,108,43,154,142,132,85,10,6,3,11,84,103,114,46,156,153,144,90,11,6,3,10,74,92,95,38,135,127,124,80,9,5,2,8,53,65,68,27,97,91,88,59,7,4,2,8,48,67,65,28,90,90,92,56,6,4,3,10,74,104,100,39,135,133,130,81,9,6,3,9,63,82,85,35,117,113,113,72,9,5,2.75,10.0,71.5,89.0,94.88,38.0,132.25,126.25,121.62,77.5,9.0,5.38
Asphalt_0cm_S9,2026-04-02T20:29:48.442120,3,13,91,103,124,48,173,161,150,97,11,7,3,11,85,95,107,43,154,142,132,86,11,6,3,11,84,103,114,46,157,153,144,90,11,6,3,10,74,91,95,38,135,127,124,80,9,5,2,8,53,65,68,27,97,91,88,59,7,4,2,8,47,67,64,28,90,90,92,56,6,4,3,10,74,105,100,39,135,133,130,81,9,6,3,9,63,83,85,35,117,112,113,72,9,5,2.75,10.0,71.38,89.0,94.62,38.0,132.25,126.12,121.62,77.62,9.12,5.38
Asphalt_0cm_S9,2026-04-02T20:29:48.546290,3,13,91,103,124,48,173,161,150,97,11,7,3,11,85,95,107,43,154,142,132,86,11,6,3,11,84,103,114,46,157,153,144,90,11,6,3,10,74,91,95,38,135,127,124,80,9,5,2,8,53,65,68,27,97,91,88,59,7,4,2,8,47,67,64,28,90,90,92,56,6,4,3,10,74,105,100,39,135,133,130,81,9,6,3,9,63,83,85,35,117,112,113,72,9,5,2.75,10.0,71.38,89.0,94.62,38.0,132.25,126.12,121.62,77.62,9.12,5.38
Asphalt_0cm_S9,2026-04-02T20:29:48.628352,3,13,91,103,124,48,174,161,150,97,12,7,3,11,85,96,108,43,154,142,132,86,10,6,3,11,84,103,113,46,157,153,144,90,11,6,3,10,74,92,95,38,135,127,124,80,9,5,2,8,53,65,68,27,97,91,88,59,7,4,2,8,47,67,64,28,90,90,92,56,6,4,3,10,74,105,100,39,135,133,130,81,9,6,3,9,63,83,85,35,117,112,113,72,9,5,2.75,10.0,71.38,89.25,94.62,38.0,132.38,126.12,121.62,77.62,9.12,5.38
Asphalt_0cm_S9,2026-04-02T20:29:48.728003,3,13,91,103,124,48,174,161,150,97,12,7,3,11,85,96,108,43,154,142,132,86,10,6,3,11,84,103,113,46,157,153,144,90,11,6,3,10,74,92,95,38,135,127,124,80,9,5,2,8,53,65,68,27,97,91,88,59,7,4,2,8,47,67,64,28,90,90,92,56,6,4,3,10,74,105,100,39,135,133,130,81,9,6,3,9,63,83,85,35,117,112,113,72,9,5,2.75,10.0,71.38,89.25,94.62,38.0,132.38,126.12,121.62,77.62,9.12,5.38
Asphalt_0cm_S9,2026-04-02T20:29:48.805426,3,13,91,103,124,48,174,161,150,97,11,7,3,12,85,96,108,43,154,142,132,86,11,6,3,11,84,103,113,46,156,153,144,89,11,6,2,10,74,92,95,38,135,127,124,80,9,5,2,8,53,65,68,27,97,91,88,59,7,4,2,8,47,67,64,28,90,90,92,56,6,4,3,10,73,105,100,39,134,133,130,81,9,6,3,9,63,82,84,35,117,113,113,72,9,5,2.62,10.12,71.25,89.12,94.5,38.0,132.12,126.25,121.62,77.5,9.12,5.38
Asphalt_0cm_S9,2026-04-02T20:29:48.889443,3,13,91,104,124,48,174,161,150,97,12,7,3,12,85,96,108,43,154,142,132,86,11,6,3,11,84,103,114,46,157,153,144,90,11,6,3,10,74,91,95,38,135,127,124,80,9,5,2,8,53,65,68,27,97,91,88,59,7,4,2,8,47,67,64,28,90,90,92,56,6,4,3,10,73,105,100,39,134,133,130,81,9,6,3,9,63,82,84,35,117,113,113,72,9,5,2.75,10.12,71.25,89.12,94.62,38.0,132.25,126.25,121.62,77.62,9.25,5.38
Asphalt_0cm_S9,2026-04-02T20:29:48.986729,3,13,91,104,124,48,174,161,150,97,12,7,3,12,85,96,108,43,154,142,132,86,11,6,3,11,84,103,114,46,157,153,144,90,11,6,3,10,74,91,95,38,135,127,124,80,9,5,2,8,53,65,68,27,97,91,88,59,7,4,2,8,47,67,64,28,90,90,92,56,6,4,3,10,73,105,100,39,134,133,130,81,9,6,3,9,63,82,84,35,117,113,113,72,9,5,2.75,10.12,71.25,89.12,94.62,38.0,132.25,126.25,121.62,77.62,9.25,5.38
Asphalt_0cm_S9,2026-04-02T20:29:49.068516,3,13,91,104,124,48,174,161,150,97,12,7,3,12,85,96,108,43,154,142,132,86,11,6,3,11,84,103,114,46,157,153,144,90,11,6,3,10,74,91,95,38,135,127,124,80,9,5,2,8,53,65,68,27,97,91,88,59,7,4,2,8,47,67,64,28,90,90,92,56,6,4,3,10,73,105,100,39,134,133,130,81,9,6,3,9,63,82,84,35,117,113,113,72,9,5,2.75,10.12,71.25,89.12,94.62,38.0,132.25,126.25,121.62,77.62,9.25,5.38
Asphalt_0cm_S9,2026-04-02T20:29:49.175725,3,13,91,104,124,48,174,161,150,97,12,7,3,12,85,96,108,43,154,142,132,86,11,6,3,11,84,103,114,46,157,153,144,90,11,6,3,10,74,91,95,38,135,127,124,80,9,5,2,8,53,65,68,27,97,91,88,59,7,4,2,8,47,67,64,28,90,90,92,56,6,4,3,10,73,105,100,39,134,133,130,81,9,6,3,9,63,82,84,35,117,113,113,72,9,5,2.75,10.12,71.25,89.12,94.62,38.0,132.25,126.25,121.62,77.62,9.25,5.38
Asphalt_0cm_S9,2026-04-02T20:29:49.254272,3,13,91,104,124,48,174,161,150,97,12,7,3,12,85,96,108,43,154,142,132,86,11,6,3,11,84,103,114,46,157,153,144,90,11,6,3,10,74,91,95,38,135,127,124,80,9,5,2,8,53,65,68,27,97,91,88,59,7,4,2,8,47,67,64,28,90,90,92,56,6,4,3,10,73,105,100,39,134,133,130,81,9,6,3,9,63,82,84,35,117,113,113,72,9,5,2.75,10.12,71.25,89.12,94.62,38.0,132.25,126.25,121.62,77.62,9.25,5.38
Asphalt_0cm_S9,2026-04-02T20:29:49.338438,3,13,91,103,124,48,174,161,150,97,12,7,3,12,85,96,108,43,154,143,132,86,10,6,3,11,84,103,114,46,157,153,144,90,11,6,3,10,74,91,95,38,135,127,124,80,9,5,2,8,53,65,68,27,97,91,88,59,7,4,2,8,48,67,64,28,90,90,92,56,6,4,3,10,74,105,101,39,135,133,130,81,9,6,3,9,63,83,85,35,117,114,113,72,9,5,2.75,10.12,71.5,89.12,94.88,38.0,132.38,126.5,121.62,77.62,9.12,5.38
Asphalt_0cm_S9,2026-04-02T20:29:49.430117,3,13,91,103,124,48,174,161,150,97,12,7,3,12,85,96,108,43,154,143,132,86,10,6,3,11,84,103,113,45,156,153,144,89,11,6,3,10,74,91,95,38,135,127,124,80,9,5,2,8,54,65,68,27,97,91,88,59,7,4,2,8,48,67,64,28,90,90,92,56,6,4,3,10,74,105,101,39,135,133,130,81,9,6,3,9,63,83,85,35,117,114,113,72,9,5,2.75,10.12,71.62,89.12,94.75,37.88,132.25,126.5,121.62,77.5,9.12,5.38
Asphalt_0cm_S9,2026-04-02T20:29:49.514692,3,13,91,103,124,48,174,161,150,97,12,7,3,12,85,96,108,43,154,143,132,86,10,6,3,11,84,103,113,45,156,153,144,89,11,6,3,10,74,91,95,38,135,127,124,80,9,5,2,8,54,65,68,27,97,91,88,59,7,4,2,8,48,67,64,28,90,91,92,56,6,4,3,10,74,105,100,39,135,133,130,81,9,6,3,9,63,83,85,35,117,113,113,73,9,5,2.75,10.12,71.62,89.12,94.62,37.88,132.25,126.5,121.62,77.62,9.12,5.38
Asphalt_0cm_S9,2026-04-02T20:29:49.603398,3,13,91,103,124,48,174,161,150,97,12,7,3,12,85,96,108,43,154,143,132,86,10,6,3,11,84,103,113,45,156,153,144,89,11,6,3,10,74,91,95,38,135,127,124,80,9,5,2,8,54,65,68,27,97,91,88,59,7,4,2,8,48,67,64,28,90,91,92,56,6,4,3,10,74,105,100,39,135,133,130,81,9,6,3,9,63,83,85,35,117,113,113,73,9,5,2.75,10.12,71.62,89.12,94.62,37.88,132.25,126.5,121.62,77.62,9.12,5.38
Asphalt_0cm_S9,2026-04-02T20:29:49.688522,3,13,91,103,124,48,174,161,150,97,12,7,3,12,85,96,108,43,154,143,132,86,10,6,3,11,84,103,113,45,156,153,144,89,11,6,3,10,74,91,95,38,135,127,124,80,9,5,2,8,54,65,68,27,97,91,88,59,7,4,2,8,48,67,64,28,90,91,92,56,6,4,3,10,74,105,100,39,135,133,130,81,9,6,3,9,63,83,85,35,117,113,113,73,9,5,2.75,10.12,71.62,89.12,94.62,37.88,132.25,126.5,121.62,77.62,9.12,5.38
Asphalt_0cm_S9,2026-04-02T20:29:49.799671,3,13,91,103,124,48,174,161,150,97,12,7,3,12,85,96,108,43,154,143,132,86,10,6,3,11,84,103,113,45,156,153,144,89,11,6,3,10,74,91,95,38,135,127,124,80,9,5,2,8,54,65,68,27,97,91,88,59,7,4,2,8,48,67,64,28,90,91,92,56,6,4,3,10,74,105,100,39,135,133,130,81,9,6,3,9,63,83,85,35,117,113,113,73,9,5,2.75,10.12,71.62,89.12,94.62,37.88,132.25,126.5,121.62,77.62,9.12,5.38
Asphalt_0cm_S9,2026-04-02T20:29:49.883864,3,13,91,103,124,48,174,161,150,97,12,7,3,12,85,96,108,43,154,143,132,86,10,6,3,11,84,103,113,45,156,153,144,89,11,6,3,10,74,91,95,38,135,127,124,80,9,5,2,8,54,65,68,27,97,91,88,59,7,4,2,8,48,67,64,28,90,91,92,56,6,4,3,10,74,105,100,39,135,133,130,81,9,6,3,9,63,83,85,35,117,113,113,73,9,5,2.75,10.12,71.62,89.12,94.62,37.88,132.25,126.5,121.62,77.62,9.12,5.38
Asphalt_0cm_S9,2026-04-02T20:29:49.986281,3,13,91,103,124,48,174,161,150,96,11,7,3,12,85,96,108,43,154,143,132,86,10,6,3,12,84,103,113,46,157,153,144,89,11,6,3,10,74,91,95,38,135,127,124,80,9,5,2,8,53,65,68,27,97,92,88,59,7,4,2,8,48,67,64,28,90,91,92,56,6,4,3,10,74,105,100,39,135,133,131,81,9,6,3,9,63,83,84,35,117,114,113,72,9,5,2.75,10.25,71.5,89.12,94.5,38.0,132.38,126.75,121.75,77.38,9.0,5.38
Asphalt_0cm_S9,2026-04-02T20:29:50.085981,3,13,91,103,124,48,174,161,150,97,11,7,3,12,86,96,107,43,154,142,132,86,11,6,3,11,84,104,114,45,157,153,144,89,11,6,3,10,74,92,95,38,135,127,124,80,9,5,2,8,53,65,68,27,97,91,88,59,7,4,2,8,47,67,64,28,90,90,92,56,6,4,3,10,74,105,100,39,135,133,131,81,9,6,3,9,63,82,84,35,117,113,113,72,9,5,2.75,10.12,71.5,89.25,94.5,37.88,132.38,126.25,121.75,77.5,9.12,5.38
Asphalt_0cm_S9,2026-04-02T20:29:50.178216,3,13,91,103,124,48,174,161,150,97,11,7,3,12,86,96,107,43,154,142,132,86,11,6,3,11,84,104,114,45,157,153,144,89,11,6,3,10,74,92,95,38,135,127,124,80,9,5,2,8,53,65,68,27,97,91,88,59,7,4,2,8,47,67,64,28,90,90,92,56,6,4,3,10,74,105,100,39,135,133,131,81,9,6,3,9,63,82,84,35,117,113,113,72,9,5,2.75,10.12,71.5,89.25,94.5,37.88,132.38,126.25,121.75,77.5,9.12,5.38
Asphalt_0cm_S9,2026-04-02T20:29:50.254993,3,13,91,103,124,48,174,161,150,97,11,7,3,12,86,96,107,43,154,142,132,86,11,6,3,11,84,104,114,45,157,153,144,89,11,6,3,10,74,92,95,38,135,127,124,80,9,5,2,8,53,65,68,27,97,91,88,59,7,4,2,8,47,67,64,28,90,90,92,56,6,4,3,10,74,105,100,39,135,133,131,81,9,6,3,9,63,82,84,35,117,113,113,72,9,5,2.75,10.12,71.5,89.25,94.5,37.88,132.38,126.25,121.75,77.5,9.12,5.38
Asphalt_0cm_S9,2026-04-02T20:29:50.339156,3,13,91,103,124,48,174,161,150,97,11,7,3,12,86,96,107,43,154,142,132,86,11,6,3,11,84,104,114,45,157,153,144,89,11,6,3,10,74,92,95,38,135,127,124,80,9,5,2,8,53,65,68,27,97,91,88,59,7,4,2,8,47,67,64,28,90,90,92,56,6,4,3,10,74,105,100,39,135,133,131,81,9,6,3,9,63,83,85,35,117,114,113,72,9,5,2.75,10.12,71.5,89.38,94.62,37.88,132.38,126.38,121.75,77.5,9.12,5.38
Asphalt_0cm_S9,2026-04-02T20:29:50.459725,3,13,91,103,124,48,174,161,150,97,11,7,3,12,86,96,107,43,154,142,132,86,11,6,3,11,84,104,114,45,157,153,144,89,11,6,3,10,74,92,95,38,135,127,124,80,9,5,2,8,53,65,68,27,97,91,88,59,7,4,2,8,47,67,64,28,90,90,92,56,6,4,3,10,74,105,100,39,135,133,131,81,9,6,3,9,63,83,85,35,117,114,113,72,9,5,2.75,10.12,71.5,89.38,94.62,37.88,132.38,126.38,121.75,77.5,9.12,5.38
Asphalt_0cm_S9,2026-04-02T20:29:50.554469,3,13,91,103,124,48,174,161,150,96,11,7,3,12,86,96,108,43,154,142,132,86,10,6,4,11,84,103,114,46,156,153,144,90,11,6,3,10,74,92,95,38,135,127,124,80,9,5,2,8,53,65,68,27,97,91,88,59,7,4,2,8,48,67,64,28,90,91,92,56,6,4,3,10,74,105,101,39,135,133,131,81,9,6,3,9,63,82,85,36,117,114,114,72,9,5,2.88,10.12,71.62,89.12,94.88,38.12,132.25,126.5,121.88,77.5,9.0,5.38
Asphalt_0cm_S9,2026-04-02T20:29:50.640137,3,13,91,103,124,48,174,161,150,96,11,7,3,12,86,96,108,43,154,142,132,86,10,6,4,11,84,103,114,46,156,153,144,90,11,6,3,10,74,92,95,38,135,127,124,80,9,5,2,8,53,65,68,27,97,91,88,59,7,4,2,8,47,67,64,28,90,90,92,56,6,4,3,10,74,105,100,39,135,133,131,81,9,6,3,9,63,83,85,35,117,114,114,72,9,5,2.88,10.12,71.5,89.25,94.75,38.0,132.25,126.38,121.88,77.5,9.0,5.38
Asphalt_0cm_S9,2026-04-02T20:29:50.743068,3,13,91,103,124,48,174,161,150,96,11,7,3,12,86,96,108,43,154,142,132,86,10,6,4,11,84,103,114,46,156,153,144,90,11,6,3,10,74,92,95,38,135,127,124,80,9,5,2,8,53,65,68,27,97,91,88,59,7,4,2,8,47,67,64,28,90,90,92,56,6,4,3,10,74,105,100,39,135,133,131,81,9,6,3,9,63,83,85,35,117,114,114,72,9,5,2.88,10.12,71.5,89.25,94.75,38.0,132.25,126.38,121.88,77.5,9.0,5.38
Asphalt_0cm_S9,2026-04-02T20:29:50.826553,3,13,91,103,124,48,174,161,150,97,11,7,3,12,85,96,108,43,154,143,132,86,10,6,3,11,84,103,113,46,157,152,144,89,11,6,2,10,74,91,95,38,135,127,124,80,9,5,2,8,53,65,68,27,97,91,88,59,7,4,2,7,48,67,64,28,90,90,92,56,6,4,3,10,74,105,101,39,135,134,131,81,9,6,3,9,63,83,84,35,117,114,112,72,9,5,2.62,10.0,71.5,89.12,94.62,38.0,132.38,126.5,121.62,77.5,9.0,5.38
Asphalt_0cm_S9,2026-04-02T20:29:50.915907,3,13,91,103,124,48,174,161,150,97,11,7,3,12,85,96,108,43,154,143,132,86,10,6,3,11,84,103,114,45,156,153,144,89,11,6,2,10,74,91,95,38,135,127,124,80,9,5,2,8,53,65,68,27,97,91,88,59,7,4,2,8,47,67,64,28,90,91,92,56,6,4,3,10,74,105,101,39,135,134,131,81,9,6,3,9,63,83,84,35,117,114,112,72,9,5,2.62,10.12,71.38,89.12,94.75,37.88,132.25,126.75,121.62,77.5,9.0,5.38
Asphalt_0cm_S9,2026-04-02T20:29:50.999081,3,13,91,103,124,48,174,161,150,97,11,7,3,12,85,96,108,43,154,143,132,86,10,6,3,11,84,103,114,45,156,153,144,89,11,6,2,10,74,91,95,38,135,127,124,80,9,5,2,8,53,65,68,27,97,91,88,59,7,4,2,8,47,67,64,28,90,91,92,56,6,4,3,10,74,105,101,39,135,134,131,81,9,6,3,9,63,83,84,35,117,114,112,72,9,5,2.62,10.12,71.38,89.12,94.75,37.88,132.25,126.75,121.62,77.5,9.0,5.38
Asphalt_0cm_S9,2026-04-02T20:29:51.100166,3,13,91,103,124,48,174,161,150,97,11,7,3,12,85,96,108,43,154,143,132,86,10,6,3,11,84,103,114,45,156,153,144,89,11,6,2,10,74,91,95,38,135,127,124,80,9,5,2,8,53,65,68,27,97,91,88,59,7,4,2,8,47,67,64,28,90,91,92,56,6,4,3,10,74,105,101,39,135,134,131,81,9,6,3,9,63,83,84,35,117,114,112,72,9,5,2.62,10.12,71.38,89.12,94.75,37.88,132.25,126.75,121.62,77.5,9.0,5.38
Asphalt_0cm_S9,2026-04-02T20:29:51.210399,3,13,91,103,124,48,174,161,150,97,11,7,3,12,86,96,108,43,154,142,132,86,11,5,3,12,84,103,114,45,156,153,144,89,11,6,2,9,74,91,95,38,135,127,124,80,9,5,2,8,53,65,68,27,97,92,88,59,7,4,2,8,48,67,65,28,90,91,92,56,6,4,3,10,74,105,100,39,135,134,131,81,9,6,3,9,63,83,85,36,117,114,114,73,9,5,2.62,10.12,71.62,89.12,94.88,38.0,132.25,126.75,121.88,77.62,9.12,5.25
Asphalt_0cm_S9,2026-04-02T20:29:51.304871,3,13,91,104,124,48,174,161,150,97,11,7,3,12,86,96,108,43,154,142,132,86,10,6,3,11,84,103,113,46,157,153,144,90,11,6,3,10,74,91,95,38,135,127,124,80,9,6,2,8,53,65,68,27,97,91,88,59,7,4,2,8,47,67,64,28,90,90,92,56,6,4,3,10,74,105,101,39,135,134,131,81,9,6,3,9,63,83,85,35,117,114,114,73,9,5,2.75,10.12,71.5,89.25,94.75,38.0,132.38,126.5,121.88,77.75,9.0,5.5
Asphalt_0cm_S9,2026-04-02T20:29:51.386085,3,13,91,104,124,48,174,161,150,97,11,7,3,11,86,96,108,43,154,143,132,86,11,6,3,11,84,103,114,46,157,153,145,90,11,6,3,10,74,91,95,38,135,127,124,80,9,5,2,8,53,65,68,27,97,91,88,59,7,4,2,8,47,67,64,28,90,90,92,56,6,4,3,10,74,105,101,39,135,134,131,81,9,6,3,9,63,83,85,35,117,114,114,73,9,5,2.75,10.0,71.5,89.25,94.88,38.0,132.38,126.62,122.0,77.75,9.12,5.38
Asphalt_0cm_S9,2026-04-02T20:29:51.495454,3,13,91,104,124,48,174,161,150,97,11,7,3,11,86,96,108,43,154,143,132,86,11,6,3,11,84,103,114,46,157,153,145,90,11,6,3,10,74,91,95,38,135,127,124,80,9,5,2,8,53,65,68,27,97,91,88,59,7,4,2,8,47,67,64,28,90,90,92,56,6,4,3,10,74,105,101,39,135,134,131,81,9,6,3,9,63,83,85,35,117,114,114,73,9,5,2.75,10.0,71.5,89.25,94.88,38.0,132.38,126.62,122.0,77.75,9.12,5.38
Asphalt_0cm_S9,2026-04-02T20:29:51.615730,3,13,91,104,124,48,174,161,150,97,11,7,3,11,86,96,108,43,154,143,132,86,11,6,3,11,84,103,114,46,157,153,145,90,11,6,3,10,74,91,95,38,135,127,124,80,9,5,2,8,53,65,68,27,97,91,88,59,7,4,2,8,47,67,64,28,90,90,92,56,6,4,3,10,74,105,101,39,135,134,131,81,9,6,3,9,63,83,85,35,117,114,114,73,9,5,2.75,10.0,71.5,89.25,94.88,38.0,132.38,126.62,122.0,77.75,9.12,5.38
Asphalt_0cm_S9,2026-04-02T20:29:51.712043,3,13,91,104,124,48,174,161,150,97,11,7,3,12,85,96,108,43,154,143,132,86,10,6,3,11,84,103,114,46,157,153,145,89,11,6,2,10,74,91,95,38,135,127,124,80,9,5,2,8,53,65,68,27,97,92,88,59,7,4,2,8,48,67,65,28,90,91,92,56,6,4,3,10,74,105,101,39,135,134,131,81,9,6,3,9,63,83,85,36,117,114,114,73,9,5,2.62,10.12,71.5,89.25,95.0,38.12,132.38,126.88,122.0,77.62,9.0,5.38
Asphalt_0cm_S9,2026-04-02T20:29:51.798797,3,13,91,104,124,48,174,161,150,97,11,7,3,12,85,96,108,43,154,143,132,86,10,6,3,11,84,104,114,46,157,153,144,90,11,6,3,10,74,91,95,38,135,127,124,80,9,5,2,8,53,65,68,27,97,91,88,59,7,4,2,8,48,67,65,28,90,91,92,56,6,4,3,10,74,105,101,39,136,134,131,81,9,6,3,9,63,83,85,36,117,114,114,73,9,5,2.75,10.12,71.5,89.38,95.0,38.12,132.5,126.75,121.88,77.75,9.0,5.38
Asphalt_0cm_S9,2026-04-02T20:29:51.886178,3,13,91,104,124,48,174,161,150,97,11,7,3,12,85,96,108,43,154,143,132,86,10,6,3,11,84,104,114,46,157,153,144,90,11,6,3,10,74,91,95,38,135,127,124,80,9,5,2,8,53,65,68,27,97,91,88,59,7,4,2,8,48,67,65,28,90,91,92,56,6,4,3,10,74,105,101,39,136,134,131,81,9,6,3,9,63,83,85,36,117,114,114,73,9,5,2.75,10.12,71.5,89.38,95.0,38.12,132.5,126.75,121.88,77.75,9.0,5.38
Asphalt_0cm_S9,2026-04-02T20:29:51.990357,3,13,91,104,124,48,174,161,150,97,11,7,3,12,85,96,108,43,154,143,132,86,10,6,3,11,84,104,114,46,157,153,144,90,11,6,3,10,74,91,95,38,135,127,124,80,9,5,2,8,53,65,68,27,97,91,88,59,7,4,2,8,48,67,65,28,90,91,92,56,6,4,3,10,74,105,101,39,136,134,131,81,9,6,3,9,63,83,85,36,117,114,114,73,9,5,2.75,10.12,71.5,89.38,95.0,38.12,132.5,126.75,121.88,77.75,9.0,5.38
Asphalt_0cm_S9,2026-04-02T20:29:52.082520,3,13,91,103,124,48,174,161,150,96,12,7,3,12,86,96,108,43,154,143,132,86,11,6,3,11,84,104,113,46,157,153,144,90,11,6,3,10,74,91,95,38,135,127,124,80,9,5,2,8,53,65,68,27,97,91,88,59,7,4,2,8,48,67,65,28,90,91,92,56,6,4,3,10,74,105,101,39,136,134,131,81,9,6,3,9,63,83,85,36,117,114,114,73,9,5,2.75,10.12,71.62,89.25,94.88,38.12,132.5,126.75,121.88,77.62,9.25,5.38
Asphalt_0cm_S9,2026-04-02T20:29:52.169066,3,13,91,104,124,48,174,161,150,97,11,7,3,12,86,96,108,43,154,143,133,86,11,6,3,11,84,103,114,46,157,153,144,90,11,6,3,10,74,91,95,38,135,127,124,80,9,6,2,8,53,65,68,27,97,91,88,59,7,4,2,8,48,67,65,28,90,91,92,56,6,4,3,10,74,106,101,39,136,134,131,81,9,6,3,9,63,83,85,35,117,114,114,73,9,5,2.75,10.12,71.62,89.38,95.0,38.0,132.5,126.75,122.0,77.75,9.12,5.5
Asphalt_0cm_S9,2026-04-02T20:29:52.253596,3,13,91,104,124,48,175,161,150,97,11,7,3,12,85,96,108,43,154,143,132,86,10,5,3,11,84,103,114,46,157,153,144,90,11,6,3,10,74,91,95,38,135,127,124,80,9,6,2,8,53,65,68,27,97,91,88,59,7,4,2,8,48,67,65,28,90,91,92,56,6,4,3,10,74,106,101,39,136,134,131,81,9,6,3,9,63,83,85,35,117,114,114,73,9,5,2.75,10.12,71.5,89.38,95.0,38.0,132.62,126.75,121.88,77.75,9.0,5.38
Asphalt_0cm_S9,2026-04-02T20:29:52.355476,3,13,91,104,124,48,174,161,150,97,11,7,3,12,86,96,108,43,154,143,132,86,10,6,3,11,84,103,114,46,157,153,144,89,11,6,3,10,74,91,95,38,135,127,124,80,9,5,2,8,53,65,68,27,97,91,88,60,7,4,2,8,48,67,65,28,90,91,92,56,6,4,3,10,74,105,101,39,136,134,131,82,9,6,3,9,63,83,85,35,117,114,114,73,9,5,2.75,10.12,71.62,89.25,95.0,38.0,132.5,126.75,121.88,77.88,9.0,5.38
Asphalt_0cm_S9,2026-04-02T20:29:52.452799,3,13,91,104,124,48,174,161,150,97,11,7,3,12,86,96,108,43,154,143,132,86,10,6,3,11,84,104,114,46,157,153,145,90,11,6,3,10,74,92,95,38,135,127,124,80,9,6,2,8,53,65,68,27,97,91,88,59,7,4,2,8,48,67,65,28,90,91,92,56,6,4,3,10,74,106,101,39,136,134,131,81,9,6,3,9,63,83,85,35,117,114,114,73,9,5,2.75,10.12,71.62,89.62,95.0,38.0,132.5,126.75,122.0,77.75,9.0,5.5
Asphalt_0cm_S9,2026-04-02T20:29:52.558550,3,13,91,104,124,48,174,161,150,97,11,7,3,12,86,96,108,43,154,143,132,86,10,6,3,11,84,104,114,46,157,153,145,90,11,6,3,10,74,92,95,38,135,127,124,80,9,6,2,8,53,65,68,27,97,91,88,59,7,4,2,8,48,67,65,28,90,91,92,56,6,4,3,10,74,106,101,39,136,134,131,81,9,6,3,9,63,83,85,35,117,114,114,72,9,5,2.75,10.12,71.62,89.62,95.0,38.0,132.5,126.75,122.0,77.62,9.0,5.5
Asphalt_0cm_S9,2026-04-02T20:29:52.673374,3,13,91,103,124,48,174,161,150,97,11,7,3,12,86,96,108,43,154,143,133,86,10,6,3,11,84,103,114,46,157,153,145,90,11,6,3,10,74,91,95,38,135,127,124,80,9,5,2,8,53,65,68,27,97,91,88,59,7,4,2,8,48,67,65,28,90,91,92,56,6,4,3,10,74,106,101,40,136,134,132,82,9,6,3,9,63,83,85,36,117,114,114,72,9,5,2.75,10.12,71.62,89.25,95.0,38.25,132.5,126.75,122.25,77.75,9.0,5.38
Asphalt_0cm_S9,2026-04-02T20:29:52.757675,3,13,91,103,124,48,174,161,150,97,11,7,3,12,86,96,108,43,155,143,133,86,11,6,4,11,84,104,114,46,157,153,144,90,11,6,3,10,74,91,95,38,135,127,124,80,9,5,2,8,53,65,68,27,97,91,87,59,7,4,2,8,48,67,65,28,90,91,92,56,6,4,3,10,74,106,101,40,136,134,132,82,9,6,3,9,63,83,85,36,117,114,114,72,9,5,2.88,10.12,71.62,89.38,95.0,38.25,132.62,126.75,122.0,77.75,9.12,5.38
Asphalt_0cm_S9,2026-04-02T20:29:52.860338,3,13,91,104,124,48,174,161,150,97,11,7,3,12,86,96,108,43,155,143,132,86,11,6,4,11,84,104,114,46,157,153,144,90,11,6,3,10,74,91,95,38,135,127,124,80,9,5,2,8,53,65,68,27,97,91,87,59,7,4,2,8,48,67,65,28,90,91,92,56,6,4,3,10,75,106,101,40,136,134,132,82,9,6,3,9,63,83,85,36,117,114,114,73,9,5,2.88,10.12,71.75,89.5,95.0,38.25,132.62,126.75,121.88,77.88,9.12,5.38
Asphalt_0cm_S9,2026-04-02T20:29:52.943490,3,13,91,104,124,48,174,161,150,97,11,7,3,12,86,96,108,43,155,143,132,86,11,6,3,11,84,104,114,46,157,153,144,90,11,6,3,10,74,91,95,38,135,127,124,80,9,5,2,8,53,65,68,27,97,91,88,59,7,4,2,7,48,67,65,28,90,91,92,56,6,4,3,10,75,106,101,40,136,134,132,82,9,6,3,9,63,83,85,36,117,114,114,73,9,5,2.75,10.0,71.75,89.5,95.0,38.25,132.62,126.75,122.0,77.88,9.12,5.38
Asphalt_0cm_S9,2026-04-02T20:29:53.052791,3,13,91,104,124,48,174,162,151,97,11,7,3,12,86,96,108,43,155,143,132,86,10,6,3,11,84,104,114,46,157,153,144,90,11,6,3,10,74,91,95,38,135,127,124,80,9,5,2,8,53,65,68,27,97,91,88,59,7,4,2,7,48,67,65,28,90,91,92,56,6,4,3,10,75,106,102,39,136,134,132,81,9,6,3,9,63,83,85,35,117,114,114,73,9,5,2.75,10.0,71.75,89.5,95.12,38.0,132.62,126.88,122.12,77.75,9.0,5.38
Asphalt_0cm_S9,2026-04-02T20:29:53.138516,3,13,91,104,124,48,174,162,151,97,11,7,3,12,86,96,108,43,155,143,132,86,10,6,3,11,84,104,114,46,157,153,144,90,11,6,3,10,74,91,95,38,135,127,124,80,9,5,2,8,53,65,68,27,97,91,88,59,7,4,2,7,48,67,65,28,90,91,92,56,6,4,3,10,75,106,102,39,136,134,132,81,9,6,3,9,63,83,85,35,117,114,114,73,9,5,2.75,10.0,71.75,89.5,95.12,38.0,132.62,126.88,122.12,77.75,9.0,5.38
Asphalt_0cm_S9,2026-04-02T20:29:53.236036,3,13,91,104,124,48,174,161,150,97,11,7,3,12,86,96,108,43,154,143,133,86,10,6,3,11,84,104,114,46,157,153,145,90,11,6,3,10,74,92,95,38,135,128,124,80,9,6,2,8,53,65,68,27,97,91,88,59,7,4,2,8,48,67,65,28,90,91,92,56,6,4,3,10,75,106,101,39,136,134,132,82,9,6,3,9,63,83,85,36,118,114,114,73,9,5,2.75,10.12,71.75,89.62,95.0,38.12,132.62,126.88,122.25,77.88,9.0,5.5
Asphalt_0cm_S9,2026-04-02T20:29:53.338487,3,13,91,104,124,48,174,161,150,97,11,7,3,12,86,96,108,43,154,143,133,86,10,6,3,11,84,104,114,46,157,153,145,90,11,6,3,10,74,92,95,38,135,128,124,80,9,6,2,8,53,65,68,27,97,91,88,59,7,4,2,8,48,67,65,28,91,91,92,56,6,4,3,10,74,106,101,40,136,135,132,82,9,6,3,9,63,83,85,36,117,114,114,73,9,5,2.75,10.12,71.62,89.62,95.0,38.25,132.62,127.0,122.25,77.88,9.0,5.5
Asphalt_0cm_S9,2026-04-02T20:29:53.420426,3,13,91,104,124,48,174,162,150,97,11,7,3,12,86,96,108,43,154,143,132,86,11,6,4,12,84,104,114,46,157,153,145,90,11,6,3,10,74,92,95,38,135,128,124,80,9,6,2,8,53,65,68,27,97,91,88,59,7,4,2,8,48,67,65,28,91,91,92,56,6,4,3,10,74,106,101,40,136,135,132,82,9,6,3,9,63,83,85,36,117,114,114,73,9,5,2.88,10.25,71.62,89.62,95.0,38.25,132.62,127.12,122.12,77.88,9.12,5.5
Asphalt_0cm_S9,2026-04-02T20:29:53.505717,3,13,91,104,124,48,174,162,150,97,11,7,3,12,86,96,108,43,154,143,132,86,11,6,4,12,84,104,114,46,157,153,145,90,11,6,3,10,74,92,95,38,135,127,124,80,9,5,2,8,53,65,68,27,97,91,88,59,7,4,2,8,48,67,65,28,91,91,92,56,6,4,3,10,74,106,101,40,136,135,132,82,9,6,3,9,63,83,85,36,117,114,114,73,9,5,2.88,10.25,71.62,89.62,95.0,38.25,132.62,127.0,122.12,77.88,9.12,5.38
Asphalt_0cm_S9,2026-04-02T20:29:53.604353,3,13,91,103,124,48,174,162,150,97,11,7,3,12,86,96,108,43,155,143,132,86,11,6,4,11,84,103,114,46,157,153,144,90,11,6,2,10,74,91,95,38,135,127,124,80,9,5,2,8,53,65,68,27,97,91,88,59,7,4,2,8,48,67,65,28,90,91,92,56,6,4,3,10,75,106,102,39,136,135,132,82,9,6,3,9,63,83,85,36,117,114,114,73,9,5,2.75,10.12,71.75,89.25,95.12,38.12,132.62,127.0,122.0,77.88,9.12,5.38
Asphalt_0cm_S9,2026-04-02T20:29:53.687218,3,13,91,103,124,48,174,162,150,97,11,7,3,12,86,96,108,43,155,143,132,86,11,6,4,11,84,103,114,46,157,153,144,90,11,6,2,10,74,91,95,38,135,127,124,80,9,5,2,8,53,65,68,27,97,91,88,59,7,4,2,8,48,67,65,28,90,91,92,56,6,4,3,10,75,106,102,39,136,135,132,82,9,6,3,9,63,83,85,36,117,114,114,73,9,5,2.75,10.12,71.75,89.25,95.12,38.12,132.62,127.0,122.0,77.88,9.12,5.38
Asphalt_0cm_S9,2026-04-02T20:29:53.790493,3,13,91,104,124,48,175,161,151,97,12,7,3,12,86,96,108,43,155,143,133,86,11,6,3,11,84,104,114,46,156,153,145,90,11,6,2,10,74,91,95,38,135,127,124,80,9,6,2,8,53,65,68,27,97,91,88,60,7,4,2,8,48,67,65,28,90,91,92,56,6,4,3,10,75,106,102,39,136,135,132,82,9,6,3,9,63,83,85,36,118,114,114,73,9,5,2.62,10.12,71.75,89.5,95.12,38.12,132.75,126.88,122.38,78.0,9.25,5.5
Asphalt_0cm_S9,2026-04-02T20:29:53.883370,3,13,92,104,124,48,175,162,150,97,11,7,3,12,86,96,108,43,155,143,132,86,10,6,3,11,84,103,114,46,157,153,144,90,11,6,3,10,74,91,95,38,135,127,124,80,9,5,2,8,53,65,68,27,97,91,88,60,7,4,2,8,48,67,65,28,90,91,92,56,6,4,3,10,75,106,102,40,136,135,132,82,9,6,3,9,63,83,85,36,118,114,114,73,9,5,2.75,10.12,71.88,89.38,95.12,38.25,132.88,127.0,122.0,78.0,9.0,5.38
Asphalt_0cm_S9,2026-04-02T20:29:53.985802,3,13,92,104,124,48,175,162,150,97,11,7,3,12,86,96,108,43,155,143,132,86,10,6,3,11,84,103,114,46,157,153,144,90,11,6,3,10,74,91,95,38,135,127,124,80,9,5,2,8,53,65,68,27,97,91,88,60,7,4,2,8,48,67,65,28,91,91,92,56,6,4,3,11,75,106,102,40,137,135,132,82,9,6,3,9,63,83,85,36,118,114,114,73,9,5,2.75,10.25,71.88,89.38,95.12,38.25,133.12,127.0,122.0,78.0,9.0,5.38
Asphalt_0cm_S9,2026-04-02T20:29:54.083417,3,13,91,104,124,48,175,162,150,97,11,7,3,12,86,96,108,43,155,143,133,86,11,6,3,11,84,104,114,46,157,153,145,90,11,6,3,10,75,91,95,38,135,127,124,80,9,5,2,8,53,65,68,27,97,91,88,60,7,4,2,8,48,67,65,28,91,91,92,56,6,4,3,11,75,106,102,40,137,135,132,82,9,6,3,9,63,83,85,36,118,114,114,73,9,5,2.75,10.25,71.88,89.5,95.12,38.25,133.12,127.0,122.25,78.0,9.12,5.38
Asphalt_0cm_S9,2026-04-02T20:29:54.175047,3,13,91,104,124,48,174,162,150,97,11,7,3,12,86,96,108,43,155,143,133,86,11,6,3,11,84,104,114,46,157,153,145,90,11,6,3,10,75,91,95,38,135,127,124,80,9,5,2,8,53,65,68,27,97,91,88,59,7,4,2,8,48,67,65,28,91,91,92,56,6,4,3,10,75,106,102,40,137,135,132,82,9,6,3,9,63,83,85,36,118,114,114,73,9,5,2.75,10.12,71.88,89.5,95.12,38.25,133.0,127.0,122.25,77.88,9.12,5.38
Asphalt_0cm_S9,2026-04-02T20:29:54.269473,3,13,91,104,124,48,174,162,150,97,11,7,3,12,86,96,108,43,154,143,133,86,10,6,3,11,84,104,114,46,157,153,145,90,11,6,3,10,74,92,95,38,136,127,124,80,9,5,2,8,53,65,68,27,97,91,88,59,7,4,2,8,48,67,65,28,91,91,92,56,6,4,3,10,75,106,102,40,137,135,132,82,9,6,3,9,63,83,85,36,118,114,114,73,9,5,2.75,10.12,71.75,89.62,95.12,38.25,133.0,127.0,122.25,77.88,9.0,5.38
Asphalt_0cm_S9,2026-04-02T20:29:54.368908,3,13,91,104,124,48,175,162,151,97,11,7,3,12,86,96,108,43,155,143,133,86,11,6,3,11,84,104,114,46,157,153,144,90,11,6,3,10,74,92,95,38,136,127,124,80,9,5,2,8,53,65,68,27,97,91,88,59,7,4,2,8,48,67,65,28,91,91,92,56,6,4,3,11,75,106,102,40,137,135,132,82,9,6,3,9,63,83,85,36,118,114,114,73,9,5,2.75,10.25,71.75,89.62,95.12,38.25,133.25,127.0,122.25,77.88,9.12,5.38
Asphalt_0cm_S9,2026-04-02T20:29:54.460237,3,13,91,104,124,48,175,162,151,97,11,7,3,12,86,96,108,43,155,143,133,86,11,6,3,11,84,104,114,46,157,153,144,90,11,6,3,10,74,92,95,38,135,127,124,80,9,5,2,8,53,65,68,27,97,91,88,60,7,4,2,8,48,67,65,28,90,91,92,56,6,4,3,10,75,106,102,40,137,135,132,82,9,6,3,9,63,83,85,36,118,114,114,73,9,5,2.75,10.12,71.75,89.62,95.12,38.25,133.0,127.0,122.25,78.0,9.12,5.38
Asphalt_0cm_S9,2026-04-02T20:29:54.553633,3,13,91,104,124,48,175,162,151,97,11,7,3,12,86,96,108,43,155,143,133,86,11,6,3,11,84,104,114,46,157,153,144,90,11,6,3,10,74,92,95,38,135,127,124,80,9,5,2,8,53,65,68,27,97,91,88,60,7,4,2,8,48,67,65,28,90,91,92,56,6,4,3,10,75,106,102,40,137,135,132,82,9,6,3,9,63,83,85,36,118,114,114,73,9,5,2.75,10.12,71.75,89.62,95.12,38.25,133.0,127.0,122.25,78.0,9.12,5.38
Asphalt_0cm_S9,2026-04-02T20:29:54.639351,3,13,91,104,124,48,175,162,151,97,11,7,3,12,86,96,108,43,155,143,133,86,10,6,3,12,84,103,114,46,157,153,144,90,11,6,2,10,74,91,95,38,135,127,124,80,9,5,2,8,53,65,68,27,97,91,88,59,7,4,2,8,48,67,65,28,90,91,92,56,6,4,3,11,75,106,102,40,137,135,132,82,9,6,3,9,63,83,85,35,118,115,114,73,9,5,2.62,10.38,71.75,89.38,95.12,38.12,133.0,127.12,122.25,77.88,9.0,5.38
Asphalt_0cm_S9,2026-04-02T20:29:54.730151,3,13,91,104,124,48,175,162,151,97,11,7,3,12,86,96,108,43,155,143,133,86,10,6,3,12,84,103,114,46,157,153,144,90,11,6,2,10,74,91,95,38,135,127,124,80,9,5,2,8,53,65,68,27,97,91,88,59,7,4,2,8,48,67,65,28,90,91,92,56,6,4,3,11,75,106,102,40,137,135,132,82,9,6,3,9,63,83,85,35,118,115,114,73,9,5,2.62,10.38,71.75,89.38,95.12,38.12,133.0,127.12,122.25,77.88,9.0,5.38
Asphalt_0cm_S9,2026-04-02T20:29:54.812059,3,13,91,104,124,49,174,162,150,97,11,7,3,12,86,96,108,43,155,143,133,86,11,6,3,11,84,104,114,46,157,153,145,90,11,6,2,10,74,92,94,38,135,127,124,80,9,5,2,8,53,65,68,27,97,91,88,60,7,4,2,8,48,67,65,28,91,91,92,56,6,4,3,10,75,106,102,40,137,135,133,82,9,6,3,9,63,83,85,36,118,114,114,73,9,5,2.62,10.12,71.75,89.62,95.0,38.38,133.0,127.0,122.38,78.0,9.12,5.38
Asphalt_0cm_S9,2026-04-02T20:29:54.919012,3,13,92,104,124,48,175,162,151,97,11,7,3,12,86,96,108,43,155,143,133,86,11,6,3,11,84,104,114,46,157,153,144,90,11,6,2,10,74,92,94,38,135,127,124,80,9,5,2,8,53,65,68,27,97,91,88,60,7,4,2,8,48,67,65,28,91,91,92,56,6,4,3,10,75,106,102,40,137,135,133,82,9,6,3,9,63,83,85,36,118,114,114,73,9,5,2.62,10.12,71.88,89.62,95.0,38.25,133.12,127.0,122.38,78.0,9.12,5.38
Asphalt_0cm_S9,2026-04-02T20:29:55.034552,3,13,92,104,124,48,175,162,151,97,11,7,3,12,86,96,108,43,155,143,133,86,11,6,3,11,84,104,114,46,157,153,144,90,11,6,2,10,74,92,94,38,135,127,124,80,9,5,2,8,53,65,68,27,97,91,88,60,7,4,2,8,48,67,65,28,91,91,92,56,6,4,3,10,75,106,102,40,137,135,133,82,9,6,3,9,63,83,85,36,118,114,114,73,9,5,2.62,10.12,71.88,89.62,95.0,38.25,133.12,127.0,122.38,78.0,9.12,5.38
Asphalt_0cm_S9,2026-04-02T20:29:55.118921,3,13,91,104,124,48,175,162,151,97,12,7,3,12,86,96,108,43,155,143,132,86,11,6,3,11,84,104,114,46,157,153,145,90,11,6,2,10,75,91,95,38,135,127,124,80,9,6,2,8,53,65,68,27,97,92,88,60,7,4,2,8,48,67,65,28,90,91,92,56,6,4,3,10,75,106,102,40,137,135,133,82,9,6,3,9,63,83,85,36,118,114,114,73,9,5,2.62,10.12,71.88,89.5,95.12,38.25,133.0,127.12,122.38,78.0,9.25,5.5
Asphalt_0cm_S9,2026-04-02T20:29:55.228355,3,13,91,104,124,48,175,162,151,97,11,7,3,12,86,96,108,43,155,143,133,86,10,6,3,11,84,104,114,46,157,153,145,90,11,6,3,10,74,92,95,38,135,127,124,80,9,5,2,8,53,65,68,27,97,91,88,60,7,4,2,8,48,67,65,28,91,91,92,56,6,4,3,10,75,106,102,40,137,135,133,82,9,6,3,9,63,83,85,36,118,114,114,73,9,5,2.75,10.12,71.75,89.62,95.12,38.25,133.12,127.0,122.5,78.0,9.0,5.38
Asphalt_0cm_S9,2026-04-02T20:29:55.319502,3,13,91,104,124,48,175,162,151,97,12,7,3,12,86,96,108,43,155,143,133,86,10,6,3,11,84,104,114,46,157,153,145,90,11,6,3,10,74,91,95,38,135,127,124,80,9,5,2,8,53,65,68,27,97,91,88,60,7,4,2,8,48,67,65,28,91,91,92,56,6,4,3,10,75,106,102,40,137,135,133,82,9,6,3,9,63,83,85,36,118,114,114,73,9,5,2.75,10.12,71.75,89.5,95.12,38.25,133.12,127.0,122.5,78.0,9.12,5.38
Asphalt_0cm_S9,2026-04-02T20:29:55.408803,3,13,91,104,124,48,175,162,151,97,12,7,3,12,86,96,108,43,155,143,133,86,10,6,3,11,84,104,114,46,157,153,144,90,11,6,3,10,74,91,95,38,135,127,124,80,9,5,2,8,53,65,68,27,97,91,88,60,7,4,2,8,48,67,65,28,91,91,92,56,6,4,3,10,75,106,102,40,137,135,133,82,9,6,3,9,63,83,85,36,118,114,114,73,9,5,2.75,10.12,71.75,89.5,95.12,38.25,133.12,127.0,122.38,78.0,9.12,5.38
Asphalt_0cm_S9,2026-04-02T20:29:55.493572,3,13,91,104,124,48,175,162,151,97,12,7,3,12,86,96,108,43,155,143,133,86,10,6,3,11,84,104,114,46,157,153,144,90,11,6,3,10,74,91,95,38,135,127,124,80,9,5,2,8,53,65,68,27,97,91,88,60,7,4,2,8,48,67,65,28,91,91,92,56,6,4,3,10,75,107,102,40,137,135,133,82,9,6,3,9,63,83,85,36,118,114,114,73,9,5,2.75,10.12,71.75,89.62,95.12,38.25,133.12,127.0,122.38,78.0,9.12,5.38
Asphalt_0cm_S9,2026-04-02T20:29:55.594634,3,13,91,104,124,48,175,162,150,97,11,7,3,12,86,96,108,43,155,143,133,86,11,6,3,11,84,104,114,46,157,153,145,90,11,6,2,10,74,91,95,38,135,127,123,80,9,5,2,8,53,65,68,27,97,92,88,60,7,4,2,8,48,68,65,28,91,91,92,56,6,4,3,10,75,107,102,40,137,135,133,82,9,6,3,9,63,83,85,36,118,114,114,73,9,5,2.62,10.12,71.75,89.75,95.12,38.25,133.12,127.12,122.25,78.0,9.12,5.38
Asphalt_0cm_S9,2026-04-02T20:29:55.683132,3,13,91,104,124,48,175,162,151,97,11,7,3,12,86,96,108,43,155,143,133,86,10,6,3,11,84,104,114,46,157,153,145,90,11,6,2,10,74,91,95,38,135,127,123,80,9,5,2,8,53,65,68,27,97,92,88,60,7,4,2,8,48,68,65,28,91,91,92,56,6,4,3,10,75,107,102,40,137,135,133,82,9,6,3,9,63,83,85,36,118,114,114,73,9,5,2.62,10.12,71.75,89.75,95.12,38.25,133.12,127.12,122.38,78.0,9.0,5.38
Asphalt_0cm_S9,2026-04-02T20:29:55.766611,3,13,91,104,124,48,175,162,151,97,11,7,3,12,86,96,108,43,155,143,133,86,10,6,3,11,84,104,114,46,157,153,145,90,11,6,2,10,74,91,95,38,135,127,123,80,9,5,2,8,53,65,68,27,97,92,88,60,7,4,2,8,48,68,65,28,91,91,92,56,6,4,3,10,75,107,102,40,137,135,133,82,9,6,3,9,63,83,85,36,118,114,114,73,9,5,2.62,10.12,71.75,89.75,95.12,38.25,133.12,127.12,122.38,78.0,9.0,5.38
Asphalt_0cm_S9,2026-04-02T20:29:55.855897,3,13,92,104,125,48,175,162,150,97,11,7,3,12,86,96,108,43,155,143,133,86,10,6,3,11,84,104,114,46,157,153,145,90,11,6,2,10,74,91,95,38,135,127,123,80,9,5,2,8,53,65,68,27,97,92,88,60,7,4,2,8,48,67,65,28,91,91,92,56,6,4,3,11,75,106,102,40,137,136,133,82,9,6,3,9,63,83,85,36,118,114,114,73,9,5,2.62,10.25,71.88,89.5,95.25,38.25,133.12,127.25,122.25,78.0,9.0,5.38
Asphalt_0cm_S9,2026-04-02T20:29:55.943509,3,13,92,104,125,48,175,162,150,97,11,7,3,12,86,96,108,43,155,143,133,86,10,6,3,11,84,104,114,46,157,153,145,90,11,6,2,10,74,91,95,38,135,127,124,80,9,6,2,8,53,65,68,27,97,91,88,60,7,4,2,8,48,67,65,28,91,91,92,56,6,4,3,11,75,107,102,40,137,136,133,82,9,6,3,9,63,83,85,36,118,114,114,73,9,5,2.62,10.25,71.88,89.62,95.25,38.25,133.12,127.12,122.38,78.0,9.0,5.5
Asphalt_0cm_S9,2026-04-02T20:29:56.047962,3,13,91,104,124,49,175,162,150,97,12,7,3,12,86,96,108,43,155,143,133,86,11,6,3,11,84,104,114,46,157,153,145,90,11,6,2,10,74,91,95,38,135,127,124,80,9,6,2,8,53,65,68,27,97,91,88,60,7,4,2,8,48,67,65,28,91,91,92,56,6,4,3,11,75,107,102,40,137,136,133,82,9,6,3,9,63,83,85,36,118,114,114,73,9,5,2.62,10.25,71.75,89.62,95.12,38.38,133.12,127.12,122.38,78.0,9.25,5.5
Asphalt_0cm_S9,2026-04-02T20:29:56.133641,3,13,91,104,124,49,175,162,150,97,12,7,3,12,86,96,108,43,155,143,133,86,11,6,3,11,84,104,114,46,157,153,145,90,11,6,2,10,74,91,95,38,135,127,124,80,9,6,2,8,53,65,68,27,97,91,88,60,7,4,2,8,48,67,65,28,91,91,92,56,6,4,3,11,75,107,102,40,137,136,133,82,9,6,3,9,63,83,85,36,118,114,114,73,9,5,2.62,10.25,71.75,89.62,95.12,38.38,133.12,127.12,122.38,78.0,9.25,5.5
Asphalt_0cm_S9,2026-04-02T20:29:56.239278,3,13,91,104,124,49,175,162,150,97,12,7,3,12,86,96,108,43,155,143,133,86,11,6,3,11,84,104,114,46,157,153,144,90,11,6,2,10,74,91,95,38,135,127,124,80,9,6,2,8,53,65,68,27,97,91,88,60,7,4,2,8,48,67,65,28,91,91,92,56,6,4,3,11,75,107,102,40,137,136,133,82,9,6,3,9,63,83,85,36,118,114,114,73,9,5,2.62,10.25,71.75,89.62,95.12,38.38,133.12,127.12,122.25,78.0,9.25,5.5
Asphalt_0cm_S9,2026-04-02T20:29:56.338758,3,13,91,104,124,49,175,162,150,97,12,7,3,12,86,96,108,43,155,143,133,86,11,6,3,11,84,104,114,46,157,153,144,90,11,6,2,10,74,91,95,38,135,127,124,80,9,6,2,8,53,65,68,27,97,91,88,60,7,4,2,8,48,67,65,28,91,91,92,56,6,4,3,11,75,107,102,40,137,136,133,82,9,6,3,9,63,83,85,36,118,114,114,73,9,5,2.62,10.25,71.75,89.62,95.12,38.38,133.12,127.12,122.25,78.0,9.25,5.5
Asphalt_0cm_S9,2026-04-02T20:29:56.425450,3,13,91,104,124,48,175,162,151,97,10,7,3,12,86,96,108,43,155,143,133,86,11,6,3,11,84,103,114,46,157,153,144,90,11,6,2,10,74,91,95,38,135,127,124,80,9,5,2,8,53,65,68,27,97,91,88,60,7,4,2,8,48,67,65,28,91,91,92,56,6,4,3,11,75,107,102,40,137,136,133,82,9,6,3,9,63,83,85,36,118,114,114,73,9,5,2.62,10.25,71.75,89.5,95.12,38.25,133.12,127.12,122.38,78.0,9.0,5.38
Asphalt_0cm_S9,2026-04-02T20:29:56.510892,3,13,91,104,124,48,175,162,151,97,10,7,3,12,86,96,108,43,155,143,133,86,11,6,3,11,84,103,114,46,157,153,144,90,11,6,2,10,74,91,95,38,135,127,124,80,9,5,2,8,53,65,68,27,97,91,88,60,7,4,2,8,48,67,65,28,91,91,92,56,6,4,3,11,75,107,102,40,137,136,133,82,9,6,3,9,63,83,85,36,118,114,114,73,9,5,2.62,10.25,71.75,89.5,95.12,38.25,133.12,127.12,122.38,78.0,9.0,5.38
Asphalt_0cm_S9,2026-04-02T20:29:56.620933,3,13,91,104,124,48,175,162,151,97,10,7,3,12,86,96,108,43,155,143,133,86,11,6,3,11,84,103,114,46,157,153,144,90,11,6,2,10,74,91,95,38,135,127,124,80,9,5,2,8,53,65,68,27,97,91,88,60,7,4,2,8,48,67,65,28,91,91,92,56,6,4,3,11,75,107,102,40,137,136,133,82,9,6,3,9,63,83,85,36,118,114,114,73,9,5,2.62,10.25,71.75,89.5,95.12,38.25,133.12,127.12,122.38,78.0,9.0,5.38
Asphalt_0cm_S9,2026-04-02T20:29:56.729556,3,13,92,104,124,49,175,162,151,97,12,7,3,12,86,96,109,43,155,143,133,86,10,6,3,11,84,104,114,46,157,153,144,90,11,6,3,10,74,91,95,38,135,127,124,80,9,6,2,8,53,65,68,27,97,91,88,59,7,4,2,8,48,67,65,28,91,91,92,56,6,4,3,11,75,107,102,40,137,136,133,82,9,6,3,9,63,83,85,36,118,114,114,73,9,5,2.75,10.25,71.88,89.62,95.25,38.38,133.12,127.12,122.38,77.88,9.12,5.5
Asphalt_0cm_S9,2026-04-02T20:29:56.815389,3,13,91,104,124,48,175,162,150,97,12,7,3,12,86,96,108,43,155,143,133,86,11,6,3,11,84,104,114,46,157,153,145,90,11,6,2,10,74,92,95,38,135,127,124,80,9,5,2,8,53,65,68,27,97,91,88,60,7,4,2,8,48,67,65,28,91,91,92,56,6,4,3,11,75,107,102,40,137,136,133,82,9,6,3,9,63,83,85,36,118,115,114,73,9,5,2.62,10.25,71.75,89.75,95.12,38.25,133.12,127.25,122.38,78.0,9.25,5.38
Asphalt_0cm_S9,2026-04-02T20:29:56.922835,3,13,91,104,124,48,175,162,151,97,11,7,3,12,86,96,109,43,155,143,132,86,10,6,3,12,84,104,114,46,157,153,145,90,11,6,3,10,74,92,95,38,135,127,124,80,9,5,2,8,53,65,68,27,97,91,88,60,7,4,2,8,48,67,65,28,91,91,92,56,6,4,3,11,75,107,102,40,137,136,133,82,9,6,3,9,63,83,85,36,118,115,114,73,9,5,2.75,10.38,71.75,89.75,95.25,38.25,133.12,127.25,122.38,78.0,9.0,5.38
Asphalt_0cm_S9,2026-04-02T20:29:57.009827,3,13,92,104,124,48,175,162,150,97,11,7,3,12,86,96,109,43,155,143,132,86,10,6,3,12,84,104,114,46,157,153,145,90,11,6,3,10,74,92,95,38,135,127,124,80,9,5,2,8,53,65,68,27,97,91,88,60,7,4,2,8,48,68,65,28,91,91,92,56,6,4,3,11,75,107,102,40,137,135,133,82,9,6,3,9,63,83,85,36,118,114,114,73,9,5,2.75,10.38,71.88,89.88,95.25,38.25,133.12,127.0,122.25,78.0,9.0,5.38
Asphalt_0cm_S9,2026-04-02T20:29:57.110444,3,13,92,104,124,48,175,162,150,97,11,7,3,12,86,96,109,43,155,143,132,86,10,6,3,12,84,104,114,46,157,153,145,90,11,6,3,10,74,92,95,38,135,127,124,80,9,5,2,8,53,65,68,27,97,91,88,60,7,4,2,8,48,68,65,28,91,91,92,56,6,4,3,11,75,107,102,40,137,135,133,82,9,6,3,9,63,83,85,36,118,114,114,73,9,5,2.75,10.38,71.88,89.88,95.25,38.25,133.12,127.0,122.25,78.0,9.0,5.38
Asphalt_0cm_S9,2026-04-02T20:29:57.191825,3,13,92,104,124,48,175,162,150,97,11,7,3,12,86,96,109,43,155,143,132,86,10,6,3,12,84,104,114,46,157,153,145,90,11,6,3,10,74,92,95,38,135,127,124,80,9,5,2,8,53,65,68,27,97,91,88,60,7,4,2,8,48,68,65,28,91,91,92,56,6,4,3,11,75,107,102,40,137,135,133,82,9,6,3,9,63,83,85,36,118,114,114,73,9,5,2.75,10.38,71.88,89.88,95.25,38.25,133.12,127.0,122.25,78.0,9.0,5.38
Asphalt_0cm_S9,2026-04-02T20:29:57.299297,3,13,92,104,124,48,175,162,150,97,11,7,3,12,86,96,109,43,155,143,132,86,10,6,3,12,84,104,114,46,157,153,145,90,11,6,3,10,74,92,95,38,135,127,124,80,9,5,2,8,53,65,68,27,97,91,88,60,7,4,2,8,48,68,65,28,91,91,92,56,6,4,3,11,75,107,102,40,137,135,133,82,9,6,3,9,63,83,85,36,118,114,114,73,9,5,2.75,10.38,71.88,89.88,95.25,38.25,133.12,127.0,122.25,78.0,9.0,5.38
Asphalt_0cm_S9,2026-04-02T20:29:57.386136,3,13,91,104,124,48,175,162,151,97,11,7,3,12,86,96,108,43,155,143,133,86,11,6,3,11,84,104,114,46,157,153,145,90,11,6,3,10,73,92,95,38,135,127,124,80,9,5,2,8,53,65,68,27,97,91,88,60,7,4,2,8,48,68,65,28,91,91,92,56,6,4,3,11,75,107,102,40,137,135,133,82,9,6,3,9,63,83,85,36,118,114,114,73,9,5,2.75,10.25,71.62,89.88,95.12,38.25,133.12,127.0,122.5,78.0,9.12,5.38
Asphalt_0cm_S9,2026-04-02T20:29:57.494269,3,13,91,104,124,48,175,162,151,97,11,7,3,12,86,96,108,43,155,143,133,86,11,6,3,11,84,104,114,46,157,153,145,90,11,6,3,10,73,92,95,38,135,127,124,80,9,5,2,8,53,65,68,27,97,91,88,60,7,4,2,8,48,68,65,28,90,91,92,56,6,4,3,11,75,107,102,40,137,136,133,82,9,6,3,9,63,83,85,36,118,114,114,73,9,5,2.75,10.25,71.62,89.88,95.12,38.25,133.0,127.12,122.5,78.0,9.12,5.38
Asphalt_0cm_S9,2026-04-02T20:29:57.582686,3,13,91,104,124,48,175,162,151,97,11,7,3,12,86,96,108,43,155,143,133,86,11,6,3,11,84,104,114,46,157,153,145,90,11,6,3,10,73,92,95,38,135,127,124,80,9,5,2,8,53,65,68,27,97,91,88,60,7,4,2,8,48,68,65,28,90,91,92,56,6,4,3,11,75,107,102,40,137,136,133,82,9,6,3,9,63,83,85,36,118,114,114,73,9,5,2.75,10.25,71.62,89.88,95.12,38.25,133.0,127.12,122.5,78.0,9.12,5.38
Asphalt_0cm_S9,2026-04-02T20:29:57.667380,3,13,91,104,124,48,175,162,151,97,11,7,3,12,86,96,108,43,155,143,133,86,11,5,3,11,84,103,114,46,157,153,144,90,11,6,2,10,74,92,95,38,135,127,124,80,9,5,2,8,53,65,68,27,97,91,88,60,7,4,2,7,48,68,65,28,91,91,92,56,6,4,3,11,75,107,103,40,138,136,133,82,9,6,3,9,63,83,85,36,118,114,114,73,9,5,2.62,10.12,71.75,89.75,95.25,38.25,133.25,127.12,122.38,78.0,9.12,5.25
Asphalt_0cm_S9,2026-04-02T20:29:57.756428,3,13,91,104,124,48,175,162,151,97,11,7,3,12,86,96,108,43,155,143,133,86,11,5,3,11,84,103,114,46,157,153,144,90,11,6,2,10,74,92,95,38,135,127,124,80,9,5,2,8,53,65,68,27,97,91,88,60,7,4,2,7,48,68,65,28,91,91,92,56,6,4,3,11,75,107,103,40,138,136,133,82,9,6,3,9,63,83,85,36,118,114,114,73,9,5,2.62,10.12,71.75,89.75,95.25,38.25,133.25,127.12,122.38,78.0,9.12,5.25
Asphalt_0cm_S9,2026-04-02T20:29:57.846351,3,13,92,104,124,49,175,162,151,97,12,7,3,12,86,96,108,43,155,143,133,86,11,6,3,11,84,104,114,46,157,153,145,90,11,6,3,10,74,91,95,38,135,128,124,80,9,5,2,8,53,65,68,27,97,91,88,60,7,4,2,8,48,68,65,28,91,91,92,56,6,4,3,11,76,107,103,40,138,136,133,82,9,6,3,9,63,83,85,36,118,114,114,73,9,5,2.75,10.25,72.0,89.75,95.25,38.38,133.25,127.25,122.5,78.0,9.25,5.38
Asphalt_0cm_S9,2026-04-02T20:29:57.934257,3,13,92,104,124,48,175,162,151,97,11,7,3,12,86,96,108,43,155,143,133,86,11,6,4,12,84,104,114,46,157,153,145,90,11,6,3,10,74,92,95,38,135,128,124,80,9,5,2,8,53,65,68,27,97,92,88,60,7,4,2,8,48,68,65,28,91,91,92,56,6,4,3,11,76,107,103,40,138,136,133,82,9,6,3,9,63,83,85,36,118,114,114,73,9,5,2.88,10.38,72.0,89.88,95.25,38.25,133.25,127.38,122.5,78.0,9.12,5.38
Asphalt_0cm_S9,2026-04-02T20:29:58.022890,3,13,92,104,124,48,175,162,151,97,11,7,3,12,86,96,108,43,155,143,133,86,11,6,4,12,84,104,114,46,157,153,145,90,11,6,3,10,74,92,95,38,135,128,124,80,9,5,2,8,53,65,68,27,97,92,88,60,7,4,2,8,48,68,65,28,91,91,92,56,6,4,3,11,75,107,103,40,138,136,133,82,9,6,3,9,63,83,85,36,118,114,114,73,9,5,2.88,10.38,71.88,89.88,95.25,38.25,133.25,127.38,122.5,78.0,9.12,5.38
Asphalt_0cm_S9,2026-04-02T20:29:58.121371,3,13,92,104,124,48,175,162,151,97,11,7,3,12,86,96,108,43,155,143,133,86,11,6,4,12,84,104,114,46,157,153,145,90,11,6,3,10,74,92,95,38,135,128,124,80,9,5,2,8,53,65,68,27,97,92,88,60,7,4,2,8,48,68,65,28,91,91,92,56,6,4,3,11,75,107,103,40,138,136,133,82,9,6,3,9,63,83,85,36,118,114,114,73,9,5,2.88,10.38,71.88,89.88,95.25,38.25,133.25,127.38,122.5,78.0,9.12,5.38
Asphalt_0cm_S9,2026-04-02T20:29:58.203236,3,13,92,104,124,48,175,162,151,97,11,7,3,12,86,96,108,43,155,143,133,86,11,6,4,12,84,104,114,46,157,153,145,90,11,6,3,10,74,92,95,38,135,128,124,80,9,5,2,8,53,65,68,27,97,92,88,60,7,4,2,8,48,68,65,28,91,91,92,56,6,4,3,11,75,107,103,40,138,136,133,82,9,6,3,9,63,83,85,36,118,114,114,73,9,5,2.88,10.38,71.88,89.88,95.25,38.25,133.25,127.38,122.5,78.0,9.12,5.38
Asphalt_0cm_S9,2026-04-02T20:29:58.308441,3,13,92,104,124,48,175,162,151,97,11,7,3,12,86,96,108,43,155,143,133,86,11,6,4,12,84,104,114,46,157,153,145,90,11,6,3,10,74,92,95,38,135,128,124,80,9,5,2,8,53,65,68,27,97,91,88,60,7,4,2,8,48,68,65,28,91,91,92,56,6,4,3,11,75,107,103,40,138,136,133,82,9,6,3,9,63,83,85,36,118,114,114,73,9,5,2.88,10.38,71.88,89.88,95.25,38.25,133.25,127.25,122.5,78.0,9.12,5.38
Asphalt_0cm_S9,2026-04-02T20:29:58.395580,3,13,92,104,124,48,175,162,151,97,11,7,3,12,86,96,108,43,155,143,133,86,11,6,4,12,84,104,114,46,157,153,145,90,11,6,3,10,74,92,95,38,135,128,124,80,9,5,2,8,53,65,68,27,97,91,88,60,7,4,2,8,48,67,65,28,91,91,92,56,6,4,3,11,75,107,103,40,138,136,133,82,9,6,3,9,63,83,85,36,118,114,114,73,9,5,2.88,10.38,71.88,89.75,95.25,38.25,133.25,127.25,122.5,78.0,9.12,5.38
Asphalt_0cm_S9,2026-04-02T20:29:58.503981,3,13,92,104,124,48,175,162,150,97,11,7,3,12,86,96,108,43,155,143,133,86,11,6,3,12,84,104,114,46,157,153,145,90,11,6,3,10,74,92,95,38,135,128,124,80,9,5,2,8,53,65,68,27,97,91,88,59,7,4,2,8,48,67,65,28,91,91,92,56,6,4,3,11,76,107,103,40,138,136,133,82,9,6,3,9,63,83,85,36,118,114,114,73,9,5,2.75,10.38,72.0,89.75,95.25,38.25,133.25,127.25,122.38,77.88,9.12,5.38
Asphalt_0cm_S9,2026-04-02T20:29:58.591379,3,13,92,104,124,48,175,162,151,97,11,7,3,12,86,96,108,43,155,143,133,86,11,6,3,12,84,104,114,46,157,153,145,90,11,6,3,10,74,92,95,38,135,128,124,80,9,5,2,8,53,65,68,27,97,91,88,59,7,4,2,8,48,67,65,28,91,91,92,56,6,4,3,11,76,107,103,40,138,136,133,82,9,6,3,9,63,83,85,36,118,114,114,73,9,5,2.75,10.38,72.0,89.75,95.25,38.25,133.25,127.25,122.5,77.88,9.12,5.38
Asphalt_0cm_S9,2026-04-02T20:29:58.688950,3,13,92,104,124,48,175,162,151,97,11,7,3,12,86,96,108,43,155,143,133,86,11,6,3,12,84,104,114,46,157,153,145,90,11,6,3,10,74,92,95,38,135,128,124,80,9,5,2,8,53,65,68,27,97,91,88,59,7,4,2,8,48,67,65,28,91,91,92,56,6,4,3,11,76,107,103,40,138,136,133,82,9,6,3,9,63,83,85,36,118,114,114,73,9,5,2.75,10.38,72.0,89.75,95.25,38.25,133.25,127.25,122.5,77.88,9.12,5.38
Asphalt_0cm_S9,2026-04-02T20:29:58.770556,3,13,92,104,124,49,175,162,150,97,11,7,3,12,86,96,108,43,155,143,133,86,11,6,3,12,84,104,114,46,157,153,145,90,11,6,3,10,74,92,95,38,135,128,124,80,9,5,2,8,53,65,68,27,97,91,88,59,7,4,2,8,48,67,65,28,91,91,92,56,6,4,3,11,76,107,103,40,138,136,133,82,9,6,3,9,63,83,85,36,118,114,114,73,9,5,2.75,10.38,72.0,89.75,95.25,38.38,133.25,127.25,122.38,77.88,9.12,5.38
Asphalt_0cm_S9,2026-04-02T20:29:58.882003,3,13,92,104,125,48,175,162,151,97,12,7,3,12,86,96,108,43,155,143,133,86,11,6,3,12,84,104,114,46,157,153,145,90,11,6,3,10,74,92,95,38,135,127,124,80,9,5,2,8,53,65,68,27,97,91,88,60,7,4,2,8,48,67,65,28,91,91,92,56,6,4,3,11,76,107,103,40,138,136,133,83,9,6,3,9,63,83,85,35,118,114,114,73,9,5,2.75,10.38,72.0,89.75,95.38,38.12,133.25,127.12,122.5,78.12,9.25,5.38
Asphalt_0cm_S9,2026-04-02T20:29:58.972241,3,13,92,104,125,48,175,162,151,97,12,7,3,12,86,96,108,43,155,143,133,86,11,6,3,12,84,104,114,46,157,153,145,90,11,6,3,10,74,92,95,38,135,127,124,80,9,5,2,8,53,65,68,27,97,92,88,60,7,4,2,8,48,67,65,28,91,91,92,56,6,4,3,11,76,107,103,40,138,136,133,83,9,6,3,9,63,83,85,35,118,114,114,73,9,5,2.75,10.38,72.0,89.75,95.38,38.12,133.25,127.25,122.5,78.12,9.25,5.38
Asphalt_0cm_S9,2026-04-02T20:29:59.097741,3,13,92,104,125,48,175,162,151,97,12,7,3,12,86,96,108,43,155,143,133,86,11,6,3,12,84,104,114,46,157,153,145,90,11,6,3,10,74,92,95,38,135,127,124,80,9,5,2,8,53,65,68,27,97,92,88,60,7,4,2,8,48,67,65,28,91,91,92,56,6,4,3,11,76,107,103,40,138,136,133,83,9,6,3,9,63,83,85,35,118,114,114,73,9,5,2.75,10.38,72.0,89.75,95.38,38.12,133.25,127.25,122.5,78.12,9.25,5.38
Asphalt_0cm_S9,2026-04-02T20:29:59.183520,3,13,92,104,125,48,175,162,151,97,12,7,3,12,86,96,108,43,155,143,133,86,11,6,3,12,84,104,114,46,157,153,145,90,11,6,3,10,74,92,95,38,135,127,124,80,9,5,2,8,53,65,68,27,97,92,88,60,7,4,2,8,48,67,65,28,91,91,92,56,6,4,3,11,76,107,103,40,138,136,133,83,9,6,3,9,63,83,85,35,118,114,114,73,9,5,2.75,10.38,72.0,89.75,95.38,38.12,133.25,127.25,122.5,78.12,9.25,5.38
Asphalt_0cm_S9,2026-04-02T20:29:59.266715,3,13,92,104,125,48,175,162,151,97,12,7,3,12,86,96,108,43,155,143,133,86,11,6,3,12,84,104,114,46,157,153,145,90,11,6,3,10,74,92,95,38,135,127,124,80,9,5,2,8,53,65,68,27,97,92,88,60,7,4,2,8,48,67,65,28,91,91,92,56,6,4,3,11,76,107,103,40,138,136,133,83,9,6,3,9,63,83,85,35,118,114,114,73,9,5,2.75,10.38,72.0,89.75,95.38,38.12,133.25,127.25,122.5,78.12,9.25,5.38
Asphalt_0cm_S9,2026-04-02T20:29:59.372188,3,13,92,104,124,49,175,162,150,97,12,7,3,12,86,96,108,43,155,143,133,86,11,6,3,11,84,104,114,46,157,153,145,90,11,6,3,10,74,92,95,38,135,128,124,80,9,6,2,8,53,65,68,27,97,91,88,60,7,4,2,8,48,68,65,28,91,91,92,56,6,4,3,11,76,107,103,40,138,137,134,83,9,6,3,9,63,83,85,36,118,114,114,73,9,5,2.75,10.25,72.0,89.88,95.25,38.38,133.25,127.38,122.5,78.12,9.25,5.5
Asphalt_0cm_S9,2026-04-02T20:29:59.459692,3,13,92,104,124,49,175,162,150,97,12,7,3,12,86,96,108,43,155,143,133,86,11,6,3,11,84,104,114,46,157,153,145,90,11,6,3,10,74,92,95,38,135,128,124,80,9,6,2,8,53,65,68,27,97,91,88,59,7,4,2,8,48,68,65,28,91,91,92,56,6,4,3,11,76,107,103,40,138,137,134,83,9,6,3,9,63,83,85,36,118,114,114,73,9,5,2.75,10.25,72.0,89.88,95.25,38.38,133.25,127.38,122.5,78.0,9.25,5.5
Asphalt_0cm_S9,2026-04-02T20:29:59.564783,3,13,92,104,124,49,175,162,150,97,12,7,3,12,86,96,108,43,155,143,133,86,11,6,3,11,84,104,114,46,157,153,145,90,11,6,3,10,74,92,95,38,135,128,124,80,9,6,2,8,53,65,68,27,97,91,88,59,7,4,2,8,48,68,65,28,91,91,92,56,6,4,3,11,76,107,103,40,138,137,134,83,9,6,3,9,63,83,85,36,118,114,114,73,9,5,2.75,10.25,72.0,89.88,95.25,38.38,133.25,127.38,122.5,78.0,9.25,5.5
Asphalt_0cm_S9,2026-04-02T20:29:59.650288,3,13,92,104,124,49,175,162,150,97,12,7,3,12,86,96,108,43,155,143,133,86,11,6,3,11,84,104,114,46,157,153,145,90,11,6,3,10,74,92,95,38,135,128,124,80,9,6,2,8,53,65,68,27,97,91,88,59,7,4,2,8,48,68,65,28,91,91,92,56,6,4,3,11,76,107,103,40,138,137,134,83,9,6,3,9,63,83,85,36,118,114,114,73,9,5,2.75,10.25,72.0,89.88,95.25,38.38,133.25,127.38,122.5,78.0,9.25,5.5
Asphalt_0cm_S9,2026-04-02T20:29:59.750521,3,13,92,104,124,49,175,162,150,97,12,7,3,12,86,96,108,43,155,143,133,86,11,6,3,11,84,104,114,46,157,153,145,90,11,6,3,10,74,92,95,38,135,128,124,80,9,6,2,8,53,65,68,27,97,91,88,59,7,4,2,8,48,68,65,28,91,91,92,56,6,4,3,11,76,107,103,40,138,137,134,83,9,6,3,9,63,83,85,36,118,114,114,73,9,5,2.75,10.25,72.0,89.88,95.25,38.38,133.25,127.38,122.5,78.0,9.25,5.5
Asphalt_0cm_S9,2026-04-02T20:29:59.834551,3,13,92,104,124,49,175,162,150,97,12,7,3,12,86,96,108,43,155,143,133,86,11,6,3,11,84,104,114,46,157,153,145,90,11,6,3,10,74,92,95,38,135,128,124,80,9,6,2,8,53,65,68,27,97,91,88,59,7,4,2,8,48,68,65,28,91,91,92,56,6,4,3,11,76,107,103,40,138,137,134,83,9,6,3,9,63,83,85,36,118,114,114,73,9,5,2.75,10.25,72.0,89.88,95.25,38.38,133.25,127.38,122.5,78.0,9.25,5.5
Asphalt_0cm_S9,2026-04-02T20:29:59.945943,3,13,92,104,124,48,175,162,151,97,11,7,3,12,86,96,108,43,155,143,133,86,11,6,3,11,84,104,114,46,157,153,145,90,11,6,3,10,74,92,95,38,135,128,125,80,9,5,2,8,53,65,68,27,97,91,88,59,7,4,2,8,48,68,65,28,91,91,92,56,6,4,3,11,76,107,103,40,139,137,133,83,9,6,3,9,63,83,85,36,118,114,114,73,9,5,2.75,10.25,72.0,89.88,95.25,38.25,133.38,127.38,122.62,78.0,9.12,5.38
Asphalt_0cm_S9,2026-04-02T20:30:00.030821,3,13,92,104,124,48,175,162,151,97,11,7,3,12,86,96,108,43,155,143,133,86,11,6,3,11,84,104,114,46,157,153,145,90,11,6,3,10,74,92,95,38,135,128,125,80,9,5,2,8,53,65,68,27,97,91,88,59,7,4,2,8,48,68,65,28,91,91,92,56,6,4,3,11,76,107,103,40,139,137,133,83,9,6,3,9,63,83,85,36,118,114,114,73,9,5,2.75,10.25,72.0,89.88,95.25,38.25,133.38,127.38,122.62,78.0,9.12,5.38
Asphalt_0cm_S9,2026-04-02T20:30:00.135788,3,13,92,104,124,48,175,162,151,97,11,7,3,12,86,96,108,43,155,143,133,86,11,6,3,11,84,104,114,46,157,153,145,90,11,6,3,10,74,92,95,38,135,128,125,80,9,5,2,8,53,65,68,27,97,91,88,59,7,4,2,8,48,68,65,28,91,91,92,56,6,4,3,11,76,107,103,40,139,137,133,83,9,6,3,9,63,83,85,36,118,114,114,73,9,5,2.75,10.25,72.0,89.88,95.25,38.25,133.38,127.38,122.62,78.0,9.12,5.38
Asphalt_0cm_S9,2026-04-02T20:30:00.220740,3,13,92,104,124,48,175,162,151,97,11,7,3,12,86,96,108,43,155,143,133,86,11,6,3,11,84,103,114,46,157,153,145,90,11,6,3,10,74,92,95,38,136,128,124,80,9,5,2,8,53,65,68,27,97,91,88,60,7,4,2,8,48,68,65,28,91,91,93,56,6,4,3,11,76,107,103,40,139,137,133,83,9,6,3,9,63,83,85,36,118,114,114,73,9,5,2.75,10.25,72.0,89.75,95.25,38.25,133.5,127.38,122.62,78.12,9.12,5.38
Asphalt_0cm_S9,2026-04-02T20:30:00.325812,3,13,92,104,124,48,175,162,151,97,11,7,3,12,86,96,108,43,155,143,133,86,11,6,3,11,84,104,114,46,157,153,145,90,11,6,2,10,74,92,95,38,135,127,124,80,9,5,2,8,53,65,68,27,97,91,88,60,7,4,2,8,48,68,65,28,91,91,93,56,6,4,3,11,76,108,103,40,139,137,134,83,9,6,3,9,63,83,85,36,118,114,114,73,9,5,2.62,10.25,72.0,90.0,95.25,38.25,133.38,127.25,122.75,78.12,9.12,5.38
Asphalt_0cm_S9,2026-04-02T20:30:00.411642,3,13,91,104,124,48,175,162,151,97,11,7,3,12,86,96,108,43,155,143,133,86,11,6,3,11,84,104,114,46,157,153,145,90,11,6,3,10,74,92,95,38,136,128,124,80,9,5,2,8,53,65,68,27,97,92,88,59,7,4,2,8,48,68,65,28,91,91,93,56,6,4,3,11,76,108,104,40,139,137,134,83,9,6,3,9,63,83,85,36,118,114,114,73,9,5,2.75,10.25,71.88,90.0,95.38,38.25,133.5,127.5,122.75,78.0,9.12,5.38
Asphalt_0cm_S9,2026-04-02T20:30:00.514965,3,13,91,104,124,49,175,162,150,97,11,7,3,12,86,96,108,43,155,143,133,86,10,5,3,11,84,104,114,46,157,153,145,90,11,6,3,10,74,92,95,38,136,128,124,80,9,5,2,8,53,65,68,27,97,92,88,59,7,4,2,8,48,68,65,28,91,91,93,56,6,4,3,11,76,108,104,40,139,137,134,83,9,6,3,9,63,83,85,36,118,114,114,73,9,5,2.75,10.25,71.88,90.0,95.38,38.38,133.5,127.5,122.62,78.0,9.0,5.25
Asphalt_0cm_S9,2026-04-02T20:30:00.612063,3,13,91,104,124,49,175,162,150,97,11,7,3,12,86,96,108,43,155,143,133,86,10,5,3,11,84,104,114,46,157,153,145,90,11,6,3,10,74,92,95,38,136,128,124,80,9,5,2,8,53,65,68,27,97,92,88,59,7,4,2,8,48,68,65,28,91,91,93,56,6,4,3,11,76,108,104,40,139,137,134,83,9,6,3,9,63,83,85,36,118,114,114,73,9,5,2.75,10.25,71.88,90.0,95.38,38.38,133.5,127.5,122.62,78.0,9.0,5.25
Asphalt_0cm_S9,2026-04-02T20:30:00.707519,3,13,91,104,124,49,175,162,150,97,11,7,3,12,86,96,108,43,155,143,133,86,10,5,3,11,84,104,114,46,157,153,145,90,11,6,3,10,74,92,95,38,136,128,124,80,9,5,2,8,53,65,68,27,97,92,88,59,7,4,2,8,48,68,65,28,91,91,93,56,6,4,3,11,76,108,104,40,139,137,134,83,9,6,3,9,63,83,85,36,118,114,114,73,9,5,2.75,10.25,71.88,90.0,95.38,38.38,133.5,127.5,122.62,78.0,9.0,5.25
Asphalt_0cm_S9,2026-04-02T20:30:00.787819,3,13,91,104,124,49,175,162,150,97,12,7,3,12,86,96,108,43,155,143,133,86,11,6,3,11,84,104,114,46,157,153,145,90,11,6,3,10,74,92,95,38,135,128,124,80,9,5,2,8,53,65,68,27,97,91,88,59,7,4,2,8,48,67,65,28,91,91,92,56,6,4,3,11,76,108,104,40,139,137,134,83,9,6,3,9,63,83,85,36,118,115,114,73,9,5,2.75,10.25,71.88,89.88,95.38,38.38,133.38,127.5,122.5,78.0,9.25,5.38
Asphalt_0cm_S9,2026-04-02T20:30:00.900052,3,13,91,104,124,49,175,162,150,97,12,7,3,12,86,96,108,43,155,143,133,86,11,6,3,11,84,104,114,46,157,153,145,90,11,6,3,10,74,92,95,38,135,128,124,80,9,5,2,8,53,65,68,27,97,91,88,59,7,4,2,8,48,67,65,28,91,91,92,56,6,4,3,11,76,108,104,40,139,137,134,83,9,6,3,9,63,83,85,36,118,115,114,73,9,5,2.75,10.25,71.88,89.88,95.38,38.38,133.38,127.5,122.5,78.0,9.25,5.38
Asphalt_0cm_S9,2026-04-02T20:30:01.005607,3,13,91,104,124,49,175,162,150,97,12,7,3,12,86,96,108,43,155,143,133,86,11,6,3,11,84,104,114,46,157,153,145,90,11,6,3,10,74,92,95,38,135,128,124,80,9,5,2,8,53,65,68,27,97,91,88,59,7,4,2,8,48,67,65,28,91,91,92,56,6,4,3,11,76,108,104,40,139,137,134,83,9,6,3,9,63,83,85,36,118,115,114,73,9,5,2.75,10.25,71.88,89.88,95.38,38.38,133.38,127.5,122.5,78.0,9.25,5.38
Asphalt_0cm_S9,2026-04-02T20:30:01.096409,3,13,92,104,124,48,175,162,151,97,11,7,3,12,86,96,108,43,155,143,133,86,11,6,3,11,84,104,114,46,157,153,145,90,11,6,3,10,74,92,95,38,135,128,124,80,9,5,2,8,53,65,68,27,97,91,88,59,7,4,2,8,48,68,65,28,91,91,92,56,6,4,3,11,76,108,104,40,139,137,134,83,9,6,3,9,63,83,85,36,118,114,114,73,9,5,2.75,10.25,72.0,90.0,95.38,38.25,133.38,127.38,122.62,78.0,9.12,5.38
Asphalt_0cm_S9,2026-04-02T20:30:01.175627,3,13,92,104,124,48,175,162,151,97,11,7,3,12,86,96,108,43,155,143,133,86,11,6,3,11,84,104,114,46,157,153,145,90,11,6,3,10,74,92,95,38,135,128,124,80,9,5,2,8,53,65,68,27,97,91,88,59,7,4,2,8,48,68,65,28,91,91,92,56,6,4,3,11,76,108,104,40,139,137,134,83,9,6,3,9,63,83,85,36,118,114,114,73,9,5,2.75,10.25,72.0,90.0,95.38,38.25,133.38,127.38,122.62,78.0,9.12,5.38
Asphalt_0cm_S9,2026-04-02T20:30:01.279437,3,13,91,104,124,49,174,162,150,97,11,7,3,12,86,96,108,43,155,143,133,86,11,6,3,11,84,104,114,46,157,153,145,90,11,6,3,10,74,92,95,38,135,127,124,80,9,5,2,8,53,65,68,27,97,91,88,59,7,4,2,8,48,68,65,28,91,91,92,56,6,4,3,11,76,108,104,40,139,137,134,83,9,6,3,9,63,83,85,36,118,114,114,73,9,5,2.75,10.25,71.88,90.0,95.38,38.38,133.25,127.25,122.5,78.0,9.12,5.38
Asphalt_0cm_S9,2026-04-02T20:30:01.361596,3,13,92,104,124,48,174,162,150,97,11,7,3,12,86,96,108,43,155,143,133,86,11,6,3,11,84,104,114,46,157,153,145,90,11,6,3,10,74,92,95,38,135,127,124,80,9,5,2,8,53,65,68,27,97,91,88,60,7,4,2,8,48,68,65,28,91,91,92,56,6,4,3,11,76,108,104,40,139,137,134,83,9,6,3,9,63,83,85,36,118,115,114,73,9,5,2.75,10.25,72.0,90.0,95.38,38.25,133.25,127.38,122.5,78.12,9.12,5.38
Asphalt_0cm_S9,2026-04-02T20:30:01.468463,3,13,92,104,124,48,174,162,150,97,11,7,3,12,86,96,108,43,155,143,133,86,11,6,3,11,84,104,114,46,157,153,145,90,11,6,2,10,74,92,95,38,135,128,124,80,9,5,2,8,53,65,68,27,97,91,88,60,7,4,2,8,48,68,65,28,91,91,92,56,6,4,3,11,76,108,104,40,139,137,134,83,9,6,3,9,63,83,85,36,118,114,114,73,9,5,2.62,10.25,72.0,90.0,95.38,38.25,133.25,127.38,122.5,78.12,9.12,5.38
Asphalt_0cm_S9,2026-04-02T20:30:01.554719,3,13,92,104,124,49,175,162,150,97,12,7,3,12,86,96,108,43,155,143,133,86,11,6,3,11,84,104,114,46,157,153,145,90,11,6,3,10,74,92,95,38,135,127,124,80,9,5,2,8,53,65,68,27,97,91,88,60,7,4,2,8,48,68,65,28,91,91,92,56,6,4,3,11,76,108,104,40,139,137,134,83,9,6,3,9,63,83,85,36,118,114,114,73,9,5,2.75,10.25,72.0,90.0,95.38,38.38,133.38,127.25,122.5,78.12,9.25,5.38
Asphalt_0cm_S9,2026-04-02T20:30:01.656686,3,13,92,104,124,49,175,162,150,97,12,7,3,12,86,96,108,43,155,143,133,86,11,6,3,11,84,104,114,46,157,153,145,90,11,6,3,10,74,92,95,38,135,127,124,80,9,5,2,8,53,65,68,27,97,91,88,60,7,4,2,8,48,68,65,28,91,91,92,56,6,4,3,11,76,108,104,40,139,137,134,83,9,6,3,9,63,83,85,36,118,114,114,73,9,5,2.75,10.25,72.0,90.0,95.38,38.38,133.38,127.25,122.5,78.12,9.25,5.38
Asphalt_0cm_S9,2026-04-02T20:30:01.738712,3,13,92,104,124,49,175,162,150,97,12,7,3,12,86,96,108,43,155,143,133,86,11,6,3,11,84,104,114,46,157,153,145,90,11,6,3,10,74,92,95,38,135,127,124,80,9,5,2,8,53,65,68,27,97,91,88,60,7,4,2,8,48,68,65,28,91,91,92,56,6,4,3,11,76,108,104,40,139,137,134,83,9,6,3,9,63,83,85,36,118,114,114,73,9,5,2.75,10.25,72.0,90.0,95.38,38.38,133.38,127.25,122.5,78.12,9.25,5.38
Asphalt_0cm_S9,2026-04-02T20:30:01.867691,3,13,91,104,124,48,175,162,151,97,11,7,3,12,86,96,108,43,155,143,133,86,11,6,3,11,84,104,114,46,157,153,145,90,11,6,3,10,74,92,95,38,135,127,124,80,9,5,2,8,53,65,68,27,97,91,88,59,7,4,2,7,48,68,65,28,91,91,92,56,6,4,3,11,76,108,104,40,139,137,134,83,9,6,3,9,64,83,85,36,118,115,114,73,9,5,2.75,10.12,72.0,90.0,95.38,38.25,133.38,127.38,122.62,78.0,9.12,5.38
Asphalt_0cm_S9,2026-04-02T20:30:01.977522,3,13,91,104,124,48,175,162,151,97,11,7,3,12,86,97,108,43,155,143,133,86,11,6,3,11,84,104,114,46,157,153,145,90,11,6,2,10,74,91,95,38,135,128,124,80,9,5,2,8,53,65,68,27,97,92,88,60,7,4,2,8,48,68,65,28,91,91,92,56,6,4,3,11,76,108,104,40,139,137,134,83,9,6,3,9,63,83,85,36,118,115,114,73,9,5,2.62,10.25,71.88,90.0,95.38,38.25,133.38,127.62,122.62,78.12,9.12,5.38
Asphalt_0cm_S9,2026-04-02T20:30:02.061803,3,13,91,104,124,49,175,162,150,97,11,7,3,12,86,96,109,43,155,144,133,86,11,6,3,11,84,104,114,46,157,153,145,90,11,6,3,10,74,92,95,38,136,128,124,80,9,5,2,8,53,65,68,27,97,92,88,60,7,4,2,8,48,68,65,28,91,91,92,56,6,4,3,11,76,108,104,40,139,137,134,83,9,6,3,9,63,83,85,36,118,115,114,73,9,5,2.75,10.25,71.88,90.0,95.5,38.38,133.5,127.75,122.5,78.12,9.12,5.38
Asphalt_0cm_S9,2026-04-02T20:30:02.164251,3,13,91,104,124,49,175,162,150,97,11,7,3,12,86,96,109,43,155,144,133,86,11,6,3,11,84,104,114,46,157,153,145,90,11,6,3,10,74,92,95,38,136,128,124,80,9,5,2,8,53,65,68,27,97,92,88,60,7,4,2,8,48,68,65,28,91,91,92,56,6,4,3,11,76,108,104,40,139,137,134,83,9,6,3,9,63,83,85,36,118,115,114,73,9,5,2.75,10.25,71.88,90.0,95.5,38.38,133.5,127.75,122.5,78.12,9.12,5.38
Asphalt_0cm_S9,2026-04-02T20:30:02.241792,3,13,91,104,124,49,175,162,150,97,11,7,3,12,86,96,109,43,155,144,133,86,11,6,3,11,84,104,114,46,157,153,145,90,11,6,3,10,74,92,95,38,136,128,124,80,9,5,2,8,53,65,68,27,97,92,88,60,7,4,2,8,48,68,65,28,91,91,92,56,6,4,3,11,76,108,104,40,139,137,134,83,9,6,3,9,63,83,85,36,118,115,114,73,9,5,2.75,10.25,71.88,90.0,95.5,38.38,133.5,127.75,122.5,78.12,9.12,5.38
Asphalt_0cm_S9,2026-04-02T20:30:02.318251,3,13,91,104,124,48,175,162,151,97,11,7,3,12,86,97,109,43,155,143,133,86,10,6,3,11,84,104,114,46,157,153,145,90,11,6,3,10,74,92,95,38,136,128,124,80,9,5,2,8,53,65,68,27,97,92,88,60,7,4,2,8,48,68,65,28,91,91,92,56,6,4,3,11,76,108,104,40,139,137,134,83,9,6,3,9,63,83,85,36,118,115,114,73,9,5,2.75,10.25,71.88,90.12,95.5,38.25,133.5,127.62,122.62,78.12,9.0,5.38
Asphalt_0cm_S9,2026-04-02T20:30:02.416953,3,13,91,104,124,49,174,162,150,97,12,7,3,12,86,96,108,43,155,143,133,86,11,6,3,12,84,104,114,46,157,154,145,90,11,6,2,10,74,92,95,38,136,128,124,80,9,5,2,8,53,65,68,27,97,92,88,60,7,4,2,8,48,68,65,28,91,91,93,56,6,4,3,11,77,108,104,41,139,137,135,83,9,6,3,9,63,83,85,36,118,115,114,73,9,5,2.62,10.38,72.0,90.0,95.38,38.5,133.38,127.75,122.75,78.12,9.25,5.38
Asphalt_0cm_S9,2026-04-02T20:30:02.503926,3,13,91,104,124,49,174,162,150,97,12,7,3,12,86,96,108,43,155,143,133,86,11,6,3,12,84,104,114,46,157,154,145,90,11,6,2,10,74,92,95,38,136,128,124,80,9,5,2,8,53,65,68,27,97,92,88,60,7,4,2,8,48,68,65,29,91,91,93,56,6,4,3,11,77,108,104,40,139,137,135,83,10,6,3,9,63,83,85,36,118,115,114,73,9,5,2.62,10.38,72.0,90.0,95.38,38.5,133.38,127.75,122.75,78.12,9.38,5.38
Asphalt_0cm_S9,2026-04-02T20:30:02.607393,3,13,91,104,124,48,175,162,150,97,11,7,3,12,86,96,109,43,155,143,133,86,11,6,3,11,84,104,114,46,156,153,145,90,11,6,2,10,74,92,95,38,136,128,124,80,9,5,2,8,53,65,68,27,97,92,88,60,7,4,2,8,48,68,65,29,91,91,93,56,6,4,3,11,77,108,104,40,139,137,135,83,10,6,3,9,63,83,85,36,118,114,114,73,9,5,2.62,10.25,72.0,90.0,95.5,38.38,133.38,127.5,122.75,78.12,9.25,5.38
Asphalt_0cm_S9,2026-04-02T20:30:02.704881,3,13,91,104,124,48,175,162,150,97,11,7,3,12,86,96,109,43,155,143,133,86,11,6,3,11,84,104,114,46,156,153,145,90,11,6,3,10,75,92,95,38,136,128,124,80,9,6,2,8,53,65,68,27,97,92,88,60,7,4,2,8,48,68,65,28,91,91,92,56,6,4,3,11,77,108,104,40,139,137,135,83,10,6,3,9,63,83,85,36,118,114,114,73,9,5,2.75,10.25,72.12,90.0,95.5,38.25,133.38,127.5,122.62,78.12,9.25,5.5
Asphalt_0cm_S9,2026-04-02T20:30:02.790748,3,13,91,104,124,48,175,162,150,97,11,7,3,12,86,96,109,43,155,143,133,86,11,6,3,11,84,104,114,46,156,153,145,90,11,6,3,10,75,92,95,38,136,128,124,80,9,6,2,8,53,65,68,27,97,92,88,60,7,4,2,8,48,68,65,28,91,91,92,56,6,4,3,11,77,108,104,40,139,137,135,83,10,6,3,9,63,83,85,36,118,114,114,73,9,5,2.75,10.25,72.12,90.0,95.5,38.25,133.38,127.5,122.62,78.12,9.25,5.5
Asphalt_0cm_S9,2026-04-02T20:30:02.872429,3,13,91,104,124,48,175,162,150,97,11,7,3,12,86,96,109,43,155,143,133,86,11,6,3,11,84,104,114,46,156,153,145,90,11,6,3,10,75,92,95,38,136,128,124,80,9,6,2,8,53,65,68,27,97,92,88,60,7,4,2,8,48,68,65,28,91,91,92,56,6,4,3,11,77,108,104,40,139,137,135,83,10,6,3,9,63,83,85,36,118,114,114,73,9,5,2.75,10.25,72.12,90.0,95.5,38.25,133.38,127.5,122.62,78.12,9.25,5.5
Asphalt_0cm_S9,2026-04-02T20:30:02.966563,3,13,91,104,124,48,175,162,150,97,11,7,3,12,86,96,109,43,155,143,133,86,11,6,3,11,84,104,114,46,156,153,145,90,11,6,3,10,75,92,95,38,136,128,124,80,9,6,2,8,53,65,68,27,97,92,88,60,7,4,2,8,48,68,65,28,91,91,92,56,6,4,3,11,77,108,104,40,139,137,135,83,10,6,3,9,63,83,85,36,118,114,114,73,9,5,2.75,10.25,72.12,90.0,95.5,38.25,133.38,127.5,122.62,78.12,9.25,5.5
Asphalt_0cm_S9,2026-04-02T20:30:03.047422,3,13,91,104,124,49,175,162,151,97,11,7,3,12,86,96,108,43,155,144,133,86,10,6,3,11,84,104,114,46,157,153,145,90,11,6,3,10,74,92,95,38,135,127,124,80,9,5,2,8,53,65,68,27,97,92,88,59,7,4,2,8,48,68,65,28,91,91,93,56,6,4,3,11,77,109,104,41,140,138,135,83,9,6,3,9,63,83,85,36,118,115,114,73,9,5,2.75,10.25,72.0,90.12,95.38,38.5,133.5,127.75,122.88,78.0,9.0,5.38
Asphalt_0cm_S9,2026-04-02T20:30:03.164537,3,13,91,104,124,48,175,162,151,97,12,7,3,12,86,96,108,43,155,143,133,86,11,6,3,12,84,104,114,46,157,153,145,90,11,6,3,10,75,92,95,38,136,128,124,80,9,5,2,8,53,65,69,27,97,92,88,60,7,4,2,8,48,68,65,28,91,91,93,56,6,4,3,11,77,108,104,41,140,138,135,83,9,6,3,9,63,83,85,36,118,115,114,73,9,5,2.75,10.38,72.12,90.0,95.5,38.38,133.62,127.75,122.88,78.12,9.25,5.38
Asphalt_0cm_S9,2026-04-02T20:30:03.256746,3,13,91,104,124,48,175,162,151,97,12,7,3,12,86,96,108,43,155,144,133,86,10,6,3,12,84,104,114,46,157,153,145,90,11,6,3,10,75,92,95,38,136,128,124,80,9,5,2,8,53,65,69,27,97,92,88,60,7,4,2,8,48,68,65,28,91,91,93,56,6,4,3,11,77,108,104,41,140,138,135,83,9,6,3,9,63,83,85,36,118,115,114,73,9,5,2.75,10.38,72.12,90.0,95.5,38.38,133.62,127.88,122.88,78.12,9.12,5.38
Asphalt_0cm_S9,2026-04-02T20:30:03.339096,3,13,91,104,124,48,175,162,151,97,11,7,3,12,86,96,108,43,155,144,133,86,11,6,3,11,84,104,114,46,157,153,145,90,11,6,2,10,75,92,95,38,135,128,124,80,9,5,2,8,53,65,68,27,97,92,88,60,7,4,2,8,48,67,65,28,91,91,93,56,6,4,3,11,77,109,104,41,140,138,135,84,9,6,3,9,64,83,85,36,118,115,114,73,9,5,2.62,10.25,72.25,90.0,95.38,38.38,133.5,127.88,122.88,78.25,9.12,5.38
Asphalt_0cm_S9,2026-04-02T20:30:03.453127,3,13,91,104,124,48,175,162,151,97,11,7,3,12,86,96,108,43,155,144,133,86,11,6,3,11,84,104,114,46,157,153,145,90,11,6,3,10,74,92,95,38,135,128,124,80,9,5,2,8,53,65,68,27,97,92,88,60,7,4,2,8,48,67,65,28,91,91,93,56,6,4,3,11,77,109,104,41,140,138,135,84,9,6,3,9,64,83,85,36,118,115,114,73,9,5,2.75,10.25,72.12,90.0,95.38,38.38,133.5,127.88,122.88,78.25,9.12,5.38
Asphalt_0cm_S9,2026-04-02T20:30:03.557394,3,13,91,104,124,48,175,162,151,97,11,7,3,12,86,97,108,43,155,144,133,86,11,6,3,11,84,104,114,46,157,153,145,90,11,6,3,10,74,92,95,38,135,128,124,80,9,5,2,8,53,65,68,27,97,92,88,60,7,4,2,8,48,68,65,28,91,91,93,56,6,4,3,11,77,109,104,41,140,138,135,84,9,6,3,9,63,83,85,36,118,115,114,73,9,5,2.75,10.25,72.0,90.25,95.38,38.38,133.5,127.88,122.88,78.25,9.12,5.38
Asphalt_0cm_S9,2026-04-02T20:30:03.650589,3,13,91,104,124,48,175,162,151,97,11,7,3,12,86,97,108,43,155,144,133,86,11,6,3,11,84,104,114,46,157,153,145,90,11,6,3,10,74,92,95,38,135,128,124,80,9,5,2,8,53,65,68,27,97,92,88,60,7,4,2,8,48,68,65,28,91,91,93,56,6,4,3,11,77,109,104,41,140,138,135,84,9,6,3,9,63,83,85,36,118,115,114,73,9,5,2.75,10.25,72.0,90.25,95.38,38.38,133.5,127.88,122.88,78.25,9.12,5.38
Asphalt_0cm_S9,2026-04-02T20:30:03.745171,3,13,91,104,124,48,175,162,151,97,11,7,3,12,86,96,109,43,155,144,133,86,11,6,3,11,84,104,114,46,157,153,145,90,11,6,3,10,74,92,95,38,135,128,124,80,9,5,2,8,53,65,68,27,97,92,88,60,7,4,2,8,48,68,65,28,91,91,93,56,6,4,4,11,77,109,104,41,140,138,135,84,9,6,3,9,64,83,85,36,118,115,114,73,9,5,2.88,10.25,72.12,90.12,95.5,38.38,133.5,127.88,122.88,78.25,9.12,5.38
Asphalt_0cm_S9,2026-04-02T20:30:03.829109,3,13,91,104,124,48,175,162,151,97,11,7,3,12,86,96,109,43,155,144,133,86,11,6,4,11,84,104,114,46,157,153,145,90,11,6,3,10,74,92,95,38,135,127,124,80,9,6,2,8,53,65,68,27,97,92,88,59,7,4,2,8,48,68,65,28,91,91,93,56,6,4,3,11,77,109,104,41,140,138,135,83,9,6,3,9,64,83,86,36,118,115,114,73,9,5,2.88,10.25,72.12,90.12,95.62,38.38,133.5,127.75,122.88,78.0,9.12,5.5
Asphalt_0cm_S9,2026-04-02T20:30:03.909348,3,13,91,104,124,48,175,162,151,97,11,7,3,12,86,96,109,43,155,144,133,86,11,6,3,12,84,104,114,46,157,153,145,90,11,6,3,10,74,91,95,38,135,128,124,80,9,5,2,8,53,65,68,27,97,92,88,60,7,4,2,8,48,68,65,28,91,91,93,56,6,4,3,11,77,109,104,41,140,138,135,83,9,6,3,9,64,83,86,36,118,115,114,73,9,5,2.75,10.38,72.12,90.0,95.62,38.38,133.5,127.88,122.88,78.12,9.12,5.38
Asphalt_0cm_S9,2026-04-02T20:30:03.999097,3,13,91,104,124,48,175,162,151,97,11,7,3,12,86,96,109,43,155,144,133,86,11,6,3,12,84,104,114,46,157,153,145,90,11,6,3,10,74,91,95,38,135,128,124,80,9,5,2,8,53,65,68,27,97,92,88,60,7,4,2,8,48,68,65,28,91,91,93,56,6,4,3,11,77,109,105,41,140,138,135,84,9,6,3,9,63,83,85,36,118,115,114,73,9,5,2.75,10.38,72.0,90.0,95.62,38.38,133.5,127.88,122.88,78.25,9.12,5.38
Asphalt_0cm_S9,2026-04-02T20:30:04.088800,3,13,91,104,124,48,175,162,151,97,11,7,3,12,86,97,109,43,155,144,133,86,11,6,3,11,84,104,114,46,157,153,145,90,11,6,2,10,74,92,95,38,136,128,124,80,9,6,2,8,53,65,68,27,97,92,88,60,7,4,2,8,48,68,65,28,91,91,92,56,6,4,3,11,77,109,104,41,140,138,135,84,9,6,3,9,63,83,85,36,118,115,114,73,9,5,2.62,10.25,72.0,90.25,95.5,38.38,133.62,127.88,122.75,78.25,9.12,5.5
Asphalt_0cm_S9,2026-04-02T20:30:04.190063,3,13,91,104,124,48,175,162,151,97,11,7,3,12,86,97,109,43,155,144,133,86,11,6,3,11,84,104,114,46,157,153,145,90,11,6,2,10,74,92,95,38,136,128,124,80,9,6,2,8,53,65,68,27,97,92,88,60,7,4,2,8,48,68,65,28,91,91,92,56,6,4,3,11,77,109,104,41,140,138,135,84,9,6,3,9,63,83,85,36,118,115,114,73,9,5,2.62,10.25,72.0,90.25,95.5,38.38,133.62,127.88,122.75,78.25,9.12,5.5
Asphalt_0cm_S9,2026-04-02T20:30:04.273200,3,13,91,104,124,48,175,162,151,97,11,7,3,12,86,97,109,43,155,144,133,86,11,6,4,11,84,104,114,46,157,153,145,90,11,6,2,10,74,92,95,38,136,128,124,80,9,6,2,8,53,65,68,27,97,92,88,60,7,4,2,8,48,68,65,28,91,91,92,56,6,4,3,11,77,109,104,41,140,138,135,84,9,6,3,9,63,83,85,36,118,115,114,73,9,5,2.75,10.25,72.0,90.25,95.5,38.38,133.62,127.88,122.75,78.25,9.12,5.5
Asphalt_0cm_S9,2026-04-02T20:30:04.356888,3,13,91,104,124,49,175,162,151,97,11,7,3,12,86,96,109,43,156,144,133,87,11,6,4,11,84,104,114,46,157,153,145,90,11,6,3,10,74,92,95,38,135,128,124,80,9,5,2,8,53,65,68,27,97,92,88,60,7,4,2,8,48,68,65,28,91,91,92,56,6,4,3,11,77,109,105,41,140,138,135,84,9,6,3,9,64,83,86,36,118,115,114,73,9,5,2.88,10.25,72.12,90.12,95.75,38.5,133.62,127.88,122.75,78.38,9.12,5.38
Asphalt_0cm_S9,2026-04-02T20:30:04.445757,3,13,91,104,124,49,175,162,151,97,11,7,3,12,86,96,109,43,156,144,133,87,11,6,3,11,84,104,114,46,157,153,145,90,11,6,3,10,74,91,95,38,135,128,124,80,9,5,2,8,53,65,68,27,97,92,88,60,7,4,2,8,48,68,65,29,91,91,92,57,6,4,3,11,77,109,105,41,140,138,135,84,9,6,3,9,64,83,86,36,118,115,114,73,9,5,2.75,10.25,72.12,90.0,95.75,38.62,133.62,127.88,122.75,78.5,9.12,5.38
Asphalt_0cm_S9,2026-04-02T20:30:04.544048,3,13,91,104,124,49,174,162,151,97,11,7,3,12,86,97,109,43,156,144,133,86,11,6,3,11,84,104,114,46,157,153,145,90,11,6,3,10,74,91,95,38,136,128,124,80,9,6,2,8,54,65,69,27,97,92,88,60,7,4,2,8,48,68,65,29,91,91,92,57,6,4,3,11,77,109,105,41,140,138,135,83,9,6,3,9,64,83,86,36,118,115,114,73,9,5,2.75,10.25,72.25,90.12,95.88,38.62,133.62,127.88,122.75,78.25,9.12,5.5
Asphalt_0cm_S9,2026-04-02T20:30:04.633852,3,13,91,104,124,49,174,162,151,97,11,7,3,12,86,97,109,43,156,144,133,86,11,6,3,11,84,104,114,46,157,153,145,90,11,6,3,10,74,91,95,38,136,128,124,80,9,6,2,8,54,65,69,27,97,92,88,60,7,4,3,8,48,68,65,28,91,91,92,57,6,4,3,11,77,109,105,41,141,138,135,84,9,6,3,9,63,83,86,36,118,115,114,73,9,5,2.88,10.25,72.12,90.12,95.88,38.5,133.75,127.88,122.75,78.38,9.12,5.5
Asphalt_0cm_S9,2026-04-02T20:30:04.730027,3,13,92,104,124,49,175,162,151,97,12,7,3,12,86,97,109,43,156,144,133,86,11,6,3,12,84,104,114,46,157,153,145,90,11,6,3,10,74,91,95,38,136,128,124,80,9,6,2,8,54,65,69,27,97,92,88,60,7,4,3,8,48,68,65,28,91,91,92,57,6,4,3,11,77,109,105,41,141,138,135,84,9,6,3,9,63,83,86,36,118,115,114,73,9,5,2.88,10.38,72.25,90.12,95.88,38.5,133.88,127.88,122.75,78.38,9.25,5.5
Asphalt_0cm_S9,2026-04-02T20:30:04.820795,3,13,91,104,124,49,175,162,151,97,11,7,3,12,86,97,109,43,156,144,133,86,11,6,3,12,84,104,114,46,157,153,145,90,11,6,3,10,74,92,95,38,135,128,125,80,9,5,2,8,53,65,68,27,97,92,88,60,7,4,2,8,48,68,65,28,91,91,92,56,6,4,3,11,77,109,105,41,140,139,136,84,9,6,3,9,64,83,86,36,118,115,114,73,9,5,2.75,10.38,72.12,90.25,95.75,38.5,133.62,128.0,123.0,78.25,9.12,5.38
Asphalt_0cm_S9,2026-04-02T20:30:04.911309,3,13,91,104,124,49,175,162,151,97,11,7,3,12,86,97,109,43,156,144,133,86,11,6,3,11,84,104,114,46,157,153,145,90,11,6,3,10,74,92,95,38,136,128,125,80,9,6,2,8,53,65,68,27,97,92,88,60,7,4,2,8,48,67,65,28,91,91,93,56,6,4,4,11,77,109,105,41,141,138,135,84,10,6,3,9,64,83,86,36,118,115,114,73,9,5,2.88,10.25,72.12,90.12,95.75,38.5,133.88,127.88,123.0,78.25,9.25,5.5
Asphalt_0cm_S9,2026-04-02T20:30:04.999924,3,13,91,104,124,49,175,162,151,97,11,7,3,12,86,97,109,43,156,144,134,87,11,6,3,11,84,104,114,46,157,153,145,90,11,6,3,10,74,92,95,38,136,128,125,80,9,6,2,8,53,65,68,27,97,92,88,60,7,4,2,8,48,67,65,28,91,91,93,56,6,4,4,11,77,109,105,41,141,138,135,84,10,6,3,9,63,83,86,36,118,115,115,73,9,5,2.88,10.25,72.0,90.12,95.75,38.5,133.88,127.88,123.25,78.38,9.25,5.5
Asphalt_0cm_S9,2026-04-02T20:30:05.098072,3,13,91,104,124,49,175,162,151,97,11,7,3,12,86,97,109,43,156,144,134,87,11,6,4,11,84,104,114,46,157,154,145,90,11,6,3,10,74,91,95,38,136,128,124,80,9,5,2,8,53,65,68,27,97,92,88,60,7,4,2,8,48,67,65,28,91,91,93,56,6,4,4,11,77,109,105,41,141,138,135,84,10,6,3,9,63,83,86,36,118,115,115,73,9,5,3.0,10.25,72.0,90.0,95.75,38.5,133.88,128.0,123.12,78.38,9.25,5.38
Asphalt_0cm_S9,2026-04-02T20:30:05.194826,3,13,91,104,124,48,175,162,151,97,11,7,3,12,86,97,109,43,156,144,134,87,11,6,3,11,84,104,114,46,157,153,145,90,11,6,2,10,74,92,95,38,136,128,125,80,9,6,2,8,53,65,68,27,97,91,88,59,7,4,2,8,48,68,65,28,91,91,93,56,6,4,3,11,77,109,105,41,141,138,135,84,9,6,3,9,63,83,85,36,118,115,114,73,9,5,2.62,10.25,72.0,90.25,95.62,38.38,133.88,127.75,123.12,78.25,9.12,5.5
Asphalt_0cm_S9,2026-04-02T20:30:05.279534,3,13,91,104,124,48,175,162,151,97,11,7,3,12,86,97,109,43,156,144,134,87,11,6,3,11,84,104,114,46,157,153,145,90,11,6,2,10,74,92,95,38,136,128,125,80,9,6,2,8,53,65,68,27,97,91,88,60,7,4,2,8,48,68,65,28,91,91,93,56,6,4,3,11,77,109,105,41,140,138,135,84,9,6,3,9,63,83,86,36,118,115,114,73,9,5,2.62,10.25,72.0,90.25,95.75,38.38,133.75,127.75,123.12,78.38,9.12,5.5
Asphalt_0cm_S9,2026-04-02T20:30:05.368298,3,13,91,104,124,48,175,162,151,97,11,7,3,12,86,97,109,43,156,144,134,87,11,6,3,11,84,104,114,46,157,154,145,90,11,6,3,10,75,92,95,38,136,128,124,80,9,5,2,8,53,65,68,27,97,91,88,60,7,4,2,8,48,68,65,28,91,91,93,56,6,4,3,11,77,109,105,41,140,138,135,84,9,6,3,9,63,83,86,36,118,115,114,73,9,5,2.75,10.25,72.12,90.25,95.75,38.38,133.75,127.88,123.0,78.38,9.12,5.38
Asphalt_0cm_S9,2026-04-02T20:30:05.454203,3,13,91,104,124,48,175,162,151,97,11,7,3,12,86,97,109,43,156,144,134,87,11,6,3,11,84,104,114,46,157,154,145,90,11,6,3,10,75,92,95,38,136,128,124,80,9,5,2,8,53,65,69,27,97,92,88,60,7,4,2,8,48,68,65,28,91,91,92,56,6,4,3,11,77,109,105,41,140,138,136,83,9,6,3,9,64,83,86,36,118,115,114,73,9,5,2.75,10.25,72.25,90.25,95.88,38.38,133.75,128.0,123.0,78.25,9.12,5.38
Asphalt_0cm_S9,2026-04-02T20:30:05.545192,3,13,92,104,124,49,175,162,151,97,11,7,3,12,86,97,109,43,156,144,134,87,11,6,3,11,84,104,114,46,157,154,145,90,11,6,3,10,75,92,95,38,136,128,124,80,9,5,2,8,53,65,69,27,97,92,88,60,7,4,2,8,48,68,65,28,91,91,92,56,6,4,3,11,77,109,105,41,140,138,136,83,9,6,3,9,64,83,86,36,118,115,114,73,9,5,2.75,10.25,72.38,90.25,95.88,38.5,133.75,128.0,123.0,78.25,9.12,5.38
Asphalt_0cm_S9,2026-04-02T20:30:05.638750,3,13,92,104,124,49,175,162,151,97,11,7,3,12,87,97,109,43,156,144,133,86,11,6,3,12,84,104,114,46,157,154,145,90,11,6,2,10,75,92,95,38,136,128,125,80,9,5,2,8,53,65,68,27,97,91,88,60,7,4,2,8,48,68,65,28,91,91,92,56,6,4,3,11,77,109,105,41,140,139,136,84,9,6,3,9,63,83,86,36,118,115,114,73,9,5,2.62,10.38,72.38,90.25,95.75,38.5,133.75,128.0,123.0,78.25,9.12,5.38
Asphalt_0cm_S9,2026-04-02T20:30:05.747337,3,13,92,104,124,49,175,162,151,97,11,7,3,12,87,97,109,43,156,144,133,86,11,6,3,12,84,104,114,46,157,154,145,90,11,6,2,10,75,92,95,38,136,128,125,80,9,5,2,8,53,65,68,27,97,91,88,60,7,4,2,8,48,68,65,28,91,91,92,56,6,4,3,11,77,109,105,41,140,139,136,84,9,6,3,9,63,83,86,36,118,115,114,73,9,5,2.62,10.38,72.38,90.25,95.75,38.5,133.75,128.0,123.0,78.25,9.12,5.38
Asphalt_0cm_S9,2026-04-02T20:30:05.831204,3,13,91,104,124,48,175,162,151,97,11,7,3,12,87,97,109,43,156,144,134,86,11,6,3,11,84,104,114,46,157,154,145,90,11,6,3,10,75,92,95,38,136,128,124,80,9,5,2,8,53,65,68,27,97,91,88,59,7,4,2,8,48,68,65,28,91,91,93,56,6,4,3,11,77,109,105,41,141,138,135,84,9,6,3,9,64,83,86,36,118,115,114,73,9,5,2.75,10.25,72.38,90.25,95.75,38.38,133.88,127.88,123.0,78.12,9.12,5.38
Asphalt_0cm_S9,2026-04-02T20:30:05.939032,3,13,91,104,124,48,175,162,151,97,11,7,3,12,87,97,109,43,156,144,134,86,11,6,3,11,84,104,114,46,157,153,145,90,11,6,3,10,74,92,95,38,136,128,124,80,9,6,2,8,53,65,68,27,97,91,88,59,7,4,2,8,48,68,65,28,91,91,93,56,6,4,3,11,77,109,105,41,140,139,135,84,9,6,3,9,64,83,86,36,118,115,114,73,9,5,2.75,10.25,72.25,90.25,95.75,38.38,133.75,127.88,123.0,78.12,9.12,5.5
Asphalt_0cm_S9,2026-04-02T20:30:06.034037,3,13,91,104,124,48,175,162,151,97,11,7,3,12,87,97,109,43,156,144,134,86,11,6,4,11,84,104,114,46,157,153,145,90,11,6,3,10,74,92,95,38,136,128,125,80,9,5,2,8,53,65,68,27,97,91,88,59,7,4,2,8,48,68,65,28,91,91,93,56,6,4,3,11,77,109,105,41,140,139,135,84,9,6,3,9,64,84,86,36,118,115,114,73,9,5,2.88,10.25,72.25,90.38,95.75,38.38,133.75,127.88,123.12,78.12,9.12,5.38
Asphalt_0cm_S9,2026-04-02T20:30:06.125491,3,13,91,104,124,48,175,162,151,97,11,7,3,12,87,97,109,43,156,144,134,86,11,6,4,11,84,104,114,46,157,153,145,90,11,6,3,10,74,92,95,38,136,128,125,80,9,5,2,8,53,65,68,27,97,91,88,59,7,4,2,8,48,68,65,28,91,91,93,56,6,4,3,11,77,109,105,41,140,139,135,84,9,6,3,9,64,84,86,36,118,115,114,73,9,5,2.88,10.25,72.25,90.38,95.75,38.38,133.75,127.88,123.12,78.12,9.12,5.38
Asphalt_0cm_S9,2026-04-02T20:30:06.209738,3,13,91,104,124,48,175,162,151,97,11,7,3,12,87,97,109,43,156,144,134,86,11,6,4,11,84,104,114,46,157,153,145,90,11,6,3,10,74,92,95,38,136,128,125,80,9,5,2,8,53,65,68,27,97,91,88,59,7,4,2,8,48,68,65,28,91,91,93,56,6,4,3,11,77,109,105,41,140,139,135,84,9,6,3,9,64,84,86,36,118,115,114,73,9,5,2.88,10.25,72.25,90.38,95.75,38.38,133.75,127.88,123.12,78.12,9.12,5.38
Asphalt_0cm_S9,2026-04-02T20:30:06.315276,3,13,91,104,124,48,175,162,151,97,11,7,3,12,87,97,109,43,156,144,133,87,11,6,3,12,85,104,114,46,158,154,145,90,11,6,3,10,75,92,95,38,136,128,125,80,9,5,2,8,53,65,68,27,97,92,88,60,7,4,2,8,48,68,65,28,91,91,93,56,6,4,3,11,78,109,105,41,141,139,135,84,9,7,3,9,64,84,86,36,118,115,114,73,9,5,2.75,10.38,72.62,90.38,95.75,38.38,134.0,128.12,123.0,78.38,9.12,5.5
Asphalt_0cm_S9,2026-04-02T20:30:06.409224,3,13,91,104,124,48,175,162,151,97,11,7,3,12,87,97,109,43,156,145,134,87,11,6,3,11,84,104,114,46,157,154,146,90,11,6,3,10,74,92,95,38,136,128,125,80,9,5,2,8,54,65,68,27,97,92,88,60,7,4,2,8,48,68,65,28,91,91,93,56,6,4,3,11,78,109,105,41,141,139,135,84,9,7,3,9,64,84,86,36,118,115,114,73,9,5,2.75,10.25,72.5,90.38,95.75,38.38,133.88,128.25,123.25,78.38,9.12,5.5
Asphalt_0cm_S9,2026-04-02T20:30:06.507811,3,13,91,104,124,48,175,162,151,97,11,7,3,12,87,97,109,43,156,145,134,87,11,6,3,11,84,104,114,46,157,154,146,90,11,6,3,10,74,92,95,38,136,128,125,80,9,5,2,8,54,65,68,27,97,92,88,60,7,4,2,8,48,68,65,28,91,91,93,56,6,4,3,11,78,109,105,41,141,139,135,84,9,7,3,9,64,84,86,36,118,115,114,73,9,5,2.75,10.25,72.5,90.38,95.75,38.38,133.88,128.25,123.25,78.38,9.12,5.5
Asphalt_0cm_S9,2026-04-02T20:30:06.590881,3,13,91,104,124,48,175,162,151,97,11,7,3,12,87,97,109,43,156,145,134,87,11,6,3,11,84,104,114,46,157,154,146,90,11,6,3,10,74,92,95,38,136,128,125,80,9,5,2,8,54,65,68,27,97,92,88,60,7,4,2,8,48,68,65,28,91,91,93,56,6,4,3,11,78,109,105,41,141,139,135,84,9,7,3,9,64,84,86,36,118,115,114,73,9,5,2.75,10.25,72.5,90.38,95.75,38.38,133.88,128.25,123.25,78.38,9.12,5.5
Asphalt_0cm_S9,2026-04-02T20:30:06.681287,3,13,91,104,124,48,175,162,151,97,11,7,3,12,87,97,109,43,156,145,134,87,11,6,3,11,84,104,114,46,157,154,146,90,11,6,3,10,74,92,95,38,136,128,125,80,9,5,2,8,54,65,68,27,97,92,88,60,7,4,2,8,48,68,65,28,91,91,93,56,6,4,3,11,77,109,105,41,141,138,136,84,10,6,3,9,64,83,85,36,118,115,114,73,9,5,2.75,10.25,72.38,90.25,95.62,38.38,133.88,128.12,123.38,78.38,9.25,5.38
Asphalt_0cm_S9,2026-04-02T20:30:06.765296,3,13,91,104,124,48,175,162,151,97,11,7,3,12,87,97,109,43,156,145,134,87,11,6,3,11,84,104,114,46,157,154,146,90,11,6,3,10,74,92,95,38,136,128,125,80,9,5,2,8,54,65,68,27,97,92,88,60,7,4,2,8,48,68,65,28,91,91,93,56,6,4,3,11,77,109,105,41,141,138,136,84,10,6,3,9,64,83,85,36,118,115,114,73,9,5,2.75,10.25,72.38,90.25,95.62,38.38,133.88,128.12,123.38,78.38,9.25,5.38
Asphalt_0cm_S9,2026-04-02T20:30:06.871809,3,13,91,104,125,49,175,162,151,97,12,7,3,12,87,97,109,43,157,145,134,87,11,6,3,12,84,104,114,46,158,154,145,90,11,6,3,10,74,92,95,38,136,128,125,80,9,5,2,8,54,65,68,27,97,92,88,60,7,4,2,8,48,68,65,28,91,91,93,56,6,4,3,11,77,109,105,41,141,139,136,84,10,6,3,9,64,83,86,36,118,115,114,73,9,5,2.75,10.38,72.38,90.25,95.88,38.5,134.12,128.25,123.25,78.38,9.38,5.38
Asphalt_0cm_S9,2026-04-02T20:30:06.968569,3,13,91,104,125,49,175,162,151,97,12,7,3,12,87,97,109,43,157,145,134,87,11,6,3,12,84,104,114,46,158,154,145,90,11,6,3,10,75,92,95,38,136,128,125,80,9,5,2,8,53,65,68,27,97,92,88,59,7,4,2,8,48,68,65,28,91,91,93,55,6,4,3,11,77,109,105,41,141,139,136,84,10,6,3,9,64,83,86,36,118,115,114,73,9,5,2.75,10.38,72.38,90.25,95.88,38.5,134.12,128.25,123.25,78.12,9.38,5.38
Asphalt_0cm_S9,2026-04-02T20:30:07.064543,3,13,91,104,124,49,175,162,151,97,11,7,3,12,87,97,109,43,156,144,134,87,11,6,3,11,84,104,114,46,157,154,145,90,11,6,3,10,75,92,95,38,136,128,125,80,9,5,2,8,53,65,68,27,97,92,88,59,7,4,2,8,48,68,65,28,91,91,93,55,6,4,3,11,78,109,105,41,141,139,136,84,10,6,3,9,64,84,86,36,118,115,114,73,9,5,2.75,10.25,72.5,90.38,95.75,38.5,133.88,128.12,123.25,78.12,9.25,5.38
Asphalt_0cm_S9,2026-04-02T20:30:07.151882,3,13,91,104,124,49,175,162,151,97,11,7,3,12,87,97,109,43,156,144,134,87,11,6,3,11,84,104,114,46,157,154,145,90,11,6,3,10,75,92,95,38,136,128,125,80,9,5,2,8,53,65,68,27,97,92,88,59,7,4,2,8,48,68,65,28,91,91,93,55,6,4,3,11,78,109,105,41,141,139,136,84,10,6,3,9,64,84,86,36,118,115,114,73,9,5,2.75,10.25,72.5,90.38,95.75,38.5,133.88,128.12,123.25,78.12,9.25,5.38
Asphalt_0cm_S9,2026-04-02T20:30:07.250392,3,13,92,104,124,48,175,162,151,97,12,7,3,12,87,97,109,43,156,145,134,87,11,6,3,12,84,104,114,46,157,154,145,90,11,6,2,10,75,92,95,38,136,128,125,80,9,5,2,8,53,65,68,27,97,91,88,59,7,4,2,8,48,68,65,28,91,91,93,56,6,4,3,11,78,109,105,41,141,139,136,84,9,6,3,9,64,83,86,36,118,115,114,73,9,5,2.62,10.38,72.62,90.25,95.75,38.38,133.88,128.12,123.25,78.25,9.25,5.38
Asphalt_0cm_S9,2026-04-02T20:30:07.336339,3,13,91,104,124,49,175,162,151,97,12,7,3,12,87,97,109,43,156,145,134,87,11,6,3,11,84,104,114,46,158,154,145,90,11,6,2,10,75,92,95,38,136,128,125,80,9,5,2,8,53,65,68,27,97,91,88,59,7,4,2,8,48,68,65,28,91,91,93,56,6,4,3,11,78,109,105,41,141,139,136,84,9,6,3,9,64,83,86,36,118,115,114,73,9,5,2.62,10.25,72.5,90.25,95.75,38.5,134.0,128.12,123.25,78.25,9.25,5.38
Asphalt_0cm_S9,2026-04-02T20:30:07.451336,3,13,91,104,124,49,175,162,151,97,12,7,3,12,87,97,109,43,156,145,134,87,11,6,3,11,84,104,114,46,158,154,145,90,11,6,3,10,74,92,95,38,136,128,125,80,9,5,2,8,53,65,68,27,97,92,88,60,7,4,2,8,48,68,65,28,91,91,93,56,6,4,3,11,78,109,105,41,141,138,136,84,9,6,3,9,64,83,86,36,118,115,114,73,9,5,2.75,10.25,72.38,90.25,95.75,38.5,134.0,128.12,123.25,78.38,9.25,5.38
Asphalt_0cm_S9,2026-04-02T20:30:07.551352,3,13,91,104,124,49,175,162,151,97,12,7,3,12,87,97,109,43,156,145,134,87,11,6,3,11,84,104,114,46,158,154,145,90,11,6,3,10,74,92,95,38,136,128,125,80,9,5,2,8,53,65,68,27,97,92,88,60,7,4,2,8,48,68,65,28,91,91,93,56,6,4,3,11,78,109,105,41,141,138,136,84,9,6,3,9,64,83,86,36,118,115,114,73,9,5,2.75,10.25,72.38,90.25,95.75,38.5,134.0,128.12,123.25,78.38,9.25,5.38
Asphalt_0cm_S9,2026-04-02T20:30:07.635928,3,13,91,104,124,49,175,162,151,97,12,7,3,12,87,97,109,43,156,145,134,87,11,6,3,11,84,104,114,46,158,154,145,90,11,6,3,10,74,92,95,38,136,128,125,80,9,5,2,8,53,65,68,27,97,92,88,60,7,4,2,8,48,68,65,28,91,91,93,56,6,4,3,11,78,109,105,41,141,138,136,84,9,6,3,9,64,83,86,36,118,115,114,73,9,5,2.75,10.25,72.38,90.25,95.75,38.5,134.0,128.12,123.25,78.38,9.25,5.38
Asphalt_0cm_S9,2026-04-02T20:30:07.720826,3,13,91,104,125,49,175,162,151,97,12,7,3,12,87,97,110,43,157,145,134,87,11,6,3,12,84,104,114,46,158,154,145,90,11,6,3,10,75,92,95,39,136,128,125,81,9,5,2,8,53,65,68,27,97,92,88,60,7,4,2,8,48,68,65,28,91,91,93,56,6,4,3,11,78,109,106,41,141,139,136,84,9,6,3,9,64,83,86,36,118,115,114,73,9,5,2.75,10.38,72.5,90.25,96.12,38.62,134.12,128.25,123.25,78.5,9.25,5.38
Asphalt_0cm_S9,2026-04-02T20:30:07.822822,3,13,91,104,125,49,175,162,151,97,12,7,3,12,87,97,110,43,157,145,134,87,11,6,3,12,84,104,114,46,158,154,145,90,11,6,3,10,75,92,95,39,136,128,125,81,9,5,2,8,53,65,69,27,97,92,88,59,7,4,2,8,48,68,65,28,91,91,93,56,6,4,4,11,78,109,104,41,141,139,136,84,10,6,3,9,64,83,86,36,118,115,115,73,9,5,2.88,10.38,72.5,90.25,96.0,38.62,134.12,128.25,123.38,78.38,9.38,5.38
Asphalt_0cm_S9,2026-04-02T20:30:07.906915,3,13,91,104,125,49,175,162,151,97,11,7,3,12,87,97,110,43,157,145,134,87,11,6,3,12,84,104,114,46,157,154,145,90,11,6,3,10,75,92,95,38,136,128,125,81,9,5,2,8,53,65,68,27,97,92,88,60,7,4,2,8,48,68,65,28,91,91,93,56,6,4,3,11,78,109,105,41,141,139,136,84,10,7,3,9,64,83,86,36,118,115,115,73,9,5,2.75,10.38,72.5,90.25,96.0,38.5,134.0,128.25,123.38,78.5,9.25,5.5
Asphalt_0cm_S9,2026-04-02T20:30:08.012812,3,13,91,104,125,49,175,162,151,97,11,7,3,12,87,97,110,43,157,145,134,87,11,6,3,12,84,104,114,46,157,154,145,90,11,6,3,10,75,92,95,38,136,128,125,81,9,5,2,8,53,65,68,27,97,92,88,60,7,4,2,8,48,68,65,28,91,91,93,56,6,4,3,11,78,109,105,41,141,139,136,84,10,7,3,9,64,83,86,36,118,115,115,73,9,5,2.75,10.38,72.5,90.25,96.0,38.5,134.0,128.25,123.38,78.5,9.25,5.5
Asphalt_0cm_S9,2026-04-02T20:30:08.099063,3,13,91,104,125,48,175,162,151,97,11,7,3,12,87,97,109,43,157,145,134,87,11,6,4,11,84,104,114,46,158,154,145,90,11,6,3,10,75,92,95,38,136,128,125,81,9,5,2,8,53,65,68,27,97,92,88,60,7,4,2,8,48,68,65,28,91,91,93,56,6,4,3,11,78,109,105,41,141,139,136,84,10,7,3,9,64,83,86,36,118,115,115,73,9,5,2.88,10.25,72.5,90.25,95.88,38.38,134.12,128.25,123.38,78.5,9.25,5.5
Asphalt_0cm_S9,2026-04-02T20:30:08.203180,3,13,91,104,125,48,175,162,151,97,11,7,3,12,87,97,109,43,157,145,134,87,11,6,4,11,84,104,114,46,158,154,145,90,11,6,3,10,75,92,95,38,136,128,125,81,9,5,2,8,53,65,68,27,97,92,88,60,7,4,2,8,48,68,65,28,91,91,93,56,6,4,3,11,78,109,105,41,141,139,136,84,10,7,3,9,64,83,86,36,118,115,115,73,9,5,2.88,10.25,72.5,90.25,95.88,38.38,134.12,128.25,123.38,78.5,9.25,5.5
Asphalt_0cm_S9,2026-04-02T20:30:08.289795,3,13,91,104,125,48,175,162,151,97,11,7,3,12,87,97,109,43,157,145,134,87,11,6,4,11,84,104,114,46,158,154,145,90,11,6,3,10,75,92,95,38,136,128,125,81,9,5,2,8,53,65,68,27,97,92,88,60,7,4,2,8,48,68,65,28,91,91,93,56,6,4,3,11,78,109,105,41,141,139,136,84,10,7,3,9,64,83,86,36,118,115,115,73,9,5,2.88,10.25,72.5,90.25,95.88,38.38,134.12,128.25,123.38,78.5,9.25,5.5
Asphalt_0cm_S9,2026-04-02T20:30:08.396335,3,13,91,104,125,48,175,162,151,97,11,7,3,12,87,97,109,43,157,145,134,87,11,6,4,11,84,104,114,46,158,154,145,90,11,6,3,10,75,92,95,38,136,128,125,81,9,5,2,8,53,65,68,27,97,92,88,60,7,4,2,8,48,68,65,28,91,91,93,56,6,4,3,11,78,109,105,41,141,139,136,84,10,7,3,9,64,83,86,36,118,115,115,73,9,5,2.88,10.25,72.5,90.25,95.88,38.38,134.12,128.25,123.38,78.5,9.25,5.5
Asphalt_0cm_S9,2026-04-02T20:30:08.484518,3,13,91,104,124,48,175,162,151,97,12,7,3,12,87,97,110,44,157,145,134,87,11,6,3,12,84,104,114,46,158,154,145,90,11,6,3,10,75,92,95,38,136,128,125,81,9,5,2,8,53,65,68,27,97,92,88,60,7,4,2,7,48,68,65,28,91,91,93,56,6,4,3,11,78,109,105,41,141,139,136,84,10,6,3,9,63,84,86,36,118,115,114,73,9,5,2.75,10.25,72.38,90.38,95.88,38.5,134.12,128.25,123.25,78.5,9.38,5.38
Asphalt_0cm_S9,2026-04-02T20:30:08.583772,3,13,91,104,124,48,175,162,151,97,12,7,3,12,87,97,110,44,157,145,134,87,11,6,3,12,85,104,114,46,158,154,146,90,11,6,3,10,75,92,96,38,135,128,125,80,9,5,2,8,53,65,68,27,97,91,88,60,7,4,2,8,48,68,65,28,91,91,93,56,6,4,3,11,78,109,105,41,141,139,136,84,10,6,3,9,63,84,86,36,118,115,114,73,9,5,2.75,10.38,72.5,90.38,96.0,38.5,134.0,128.12,123.38,78.38,9.38,5.38
Asphalt_0cm_S9,2026-04-02T20:30:08.671860,3,13,91,104,125,49,175,162,151,97,11,7,3,12,87,97,110,44,157,145,134,87,11,6,3,12,85,104,114,46,158,154,146,90,11,6,3,10,75,92,96,38,135,128,125,80,9,5,2,8,53,65,68,27,97,91,88,60,7,4,2,8,48,68,65,28,91,91,93,56,6,4,3,11,78,109,105,41,141,139,136,84,9,7,3,9,63,84,86,36,118,115,115,73,9,5,2.75,10.38,72.5,90.38,96.12,38.62,134.0,128.12,123.5,78.38,9.12,5.5
Asphalt_0cm_S9,2026-04-02T20:30:08.770239,3,13,91,104,125,49,175,162,151,97,11,7,3,12,87,97,110,44,157,145,134,87,11,6,3,12,85,104,114,46,158,154,146,90,11,6,3,10,75,92,96,38,136,128,125,80,9,5,2,8,53,65,68,27,97,92,88,59,7,4,2,8,48,68,65,28,91,91,93,56,6,4,3,11,78,110,105,41,141,139,136,84,9,6,3,9,64,84,86,36,118,115,115,73,9,5,2.75,10.38,72.62,90.5,96.12,38.62,134.12,128.25,123.5,78.25,9.12,5.38
Asphalt_0cm_S9,2026-04-02T20:30:08.858875,3,13,91,104,124,48,175,162,151,97,11,7,3,12,87,98,110,43,157,145,134,87,11,6,3,12,84,104,115,46,158,154,146,90,11,6,3,10,75,92,96,39,136,129,125,81,9,6,2,8,53,65,68,27,97,92,88,59,7,4,2,8,48,68,65,28,91,91,93,56,6,4,3,11,78,110,105,41,141,139,136,84,9,6,3,9,64,84,86,36,118,115,115,73,9,5,2.75,10.38,72.5,90.62,96.12,38.5,134.12,128.38,123.5,78.38,9.12,5.5
Asphalt_0cm_S9,2026-04-02T20:30:08.960186,3,13,91,104,124,48,175,162,151,97,11,7,3,12,87,98,110,43,157,145,134,87,11,6,3,12,84,104,115,46,158,154,146,90,11,6,3,10,75,92,96,39,136,129,125,81,9,6,2,8,53,65,68,27,97,91,88,60,7,4,2,8,48,68,65,29,91,91,93,56,6,4,3,11,78,109,105,41,141,139,136,84,9,6,3,9,64,83,86,36,119,115,114,73,9,5,2.75,10.38,72.5,90.38,96.12,38.62,134.25,128.25,123.38,78.5,9.12,5.5
Asphalt_0cm_S9,2026-04-02T20:30:09.053515,3,13,91,104,124,48,175,162,151,97,12,7,3,12,87,97,110,43,157,145,134,87,11,6,3,12,85,105,115,46,158,154,146,91,11,6,3,10,75,92,96,38,136,128,125,81,9,6,2,8,53,65,68,27,97,92,88,60,7,4,2,8,48,68,65,28,91,91,93,56,6,4,3,11,78,109,105,41,141,139,136,84,9,6,3,9,64,83,86,36,119,115,114,73,9,5,2.75,10.38,72.62,90.38,96.12,38.38,134.25,128.25,123.38,78.62,9.25,5.5
Asphalt_0cm_S9,2026-04-02T20:30:09.143850,3,13,91,104,124,48,175,162,151,97,12,7,3,12,87,97,110,43,157,145,134,87,11,6,3,12,85,105,115,46,158,154,146,91,11,6,3,10,75,92,96,38,136,128,125,81,9,6,2,8,53,65,68,27,97,92,88,60,7,4,2,8,48,68,65,28,91,91,93,56,6,4,4,11,78,109,105,41,141,139,136,84,10,6,3,9,64,83,86,36,118,115,115,73,9,5,2.88,10.38,72.62,90.38,96.12,38.38,134.12,128.25,123.5,78.62,9.38,5.5
Asphalt_0cm_S9,2026-04-02T20:30:09.234053,3,13,91,104,124,48,175,162,151,97,12,7,3,12,87,97,110,43,157,145,134,87,11,6,3,12,85,105,115,46,158,154,146,91,11,6,3,10,75,92,96,38,136,128,125,81,9,6,2,8,53,65,68,27,97,92,88,60,7,4,2,8,48,68,65,28,91,91,93,56,6,4,4,11,78,109,105,41,141,139,136,84,10,6,3,9,64,83,86,36,118,115,115,73,9,5,2.88,10.38,72.62,90.38,96.12,38.38,134.12,128.25,123.5,78.62,9.38,5.5
Asphalt_0cm_S9,2026-04-02T20:30:09.333168,3,13,91,104,124,48,175,162,151,97,11,7,3,12,87,98,110,44,157,145,135,87,11,6,4,11,85,104,115,46,158,154,146,90,11,6,3,10,75,92,96,38,136,128,125,81,9,5,2,8,53,65,68,27,97,92,88,60,7,4,2,8,48,68,65,28,91,92,93,56,6,4,4,11,78,109,105,41,141,139,136,84,10,6,3,9,64,84,86,36,118,115,114,73,9,5,3.0,10.25,72.62,90.5,96.12,38.5,134.12,128.38,123.5,78.5,9.25,5.38
Asphalt_0cm_S9,2026-04-02T20:30:09.421883,3,13,91,104,124,48,175,162,151,97,11,7,3,12,87,98,110,44,157,145,135,87,11,6,4,11,85,104,115,46,158,154,146,90,11,6,2,10,75,92,96,39,136,129,125,81,9,5,2,8,53,65,68,27,97,91,88,60,7,4,2,8,48,68,65,28,91,91,92,56,6,4,3,11,78,109,105,41,141,139,136,84,10,6,3,9,64,84,86,36,118,115,115,73,9,5,2.75,10.25,72.62,90.5,96.12,38.62,134.12,128.25,123.5,78.5,9.25,5.38
Asphalt_0cm_S9,2026-04-02T20:30:09.528880,3,13,91,103,124,48,175,162,151,97,12,7,3,12,87,98,110,44,157,145,135,87,11,6,4,12,84,105,114,46,158,154,146,90,11,6,3,10,75,92,96,38,136,128,125,81,9,6,2,8,53,65,68,27,97,91,88,60,7,4,2,8,48,68,65,28,91,91,92,56,6,4,3,11,78,109,105,41,141,139,136,84,10,6,3,9,64,84,86,36,118,115,115,73,9,5,2.88,10.38,72.5,90.5,96.0,38.5,134.12,128.12,123.5,78.5,9.38,5.5
Asphalt_0cm_S9,2026-04-02T20:30:09.623517,3,13,91,103,124,48,175,162,151,97,12,7,3,12,87,98,110,44,157,145,135,87,11,6,4,12,84,105,114,46,158,154,146,90,11,6,3,10,75,92,96,38,136,128,125,81,9,6,2,8,53,65,68,27,97,91,88,60,7,4,2,8,48,68,65,28,91,91,92,56,6,4,4,11,78,109,105,41,141,139,136,84,10,7,3,9,64,84,86,36,118,115,115,73,9,5,3.0,10.38,72.5,90.5,96.0,38.5,134.12,128.12,123.5,78.5,9.38,5.62
Asphalt_0cm_S9,2026-04-02T20:30:09.714947,3,13,91,104,124,49,175,162,151,97,12,7,3,12,87,98,110,44,157,145,134,87,11,6,4,12,84,105,114,46,158,154,146,90,11,6,3,10,75,92,96,38,136,128,125,81,9,6,2,8,53,65,68,27,97,91,88,60,7,4,2,8,48,68,65,28,91,91,92,56,6,4,4,11,78,109,105,41,141,139,136,84,10,7,3,9,64,84,86,36,118,115,114,73,9,5,3.0,10.38,72.5,90.62,96.0,38.62,134.12,128.12,123.25,78.5,9.38,5.62
Asphalt_0cm_S9,2026-04-02T20:30:09.807977,3,13,91,104,124,48,175,162,151,97,11,7,3,12,87,98,110,44,157,145,134,87,11,6,4,12,84,105,114,46,158,154,146,90,11,6,3,10,75,92,96,38,136,128,125,81,9,6,2,8,53,65,68,27,97,91,88,60,7,4,2,8,48,68,65,29,91,91,93,56,6,4,4,11,78,109,105,41,141,139,136,84,9,6,3,9,64,84,86,36,118,115,115,73,9,5,3.0,10.38,72.5,90.62,96.0,38.62,134.12,128.12,123.5,78.5,9.12,5.5
Asphalt_0cm_S9,2026-04-02T20:30:09.908058,3,13,91,104,124,48,175,162,151,97,11,7,3,12,87,98,110,44,157,145,135,87,11,6,3,12,85,105,115,46,158,154,146,90,11,6,3,10,75,92,96,39,136,128,125,81,9,6,2,8,53,65,68,27,97,91,88,60,7,4,2,8,48,68,65,29,91,91,93,57,6,4,3,11,78,109,105,41,141,139,136,84,9,6,3,9,64,84,86,36,118,115,115,73,9,5,2.75,10.38,72.62,90.62,96.12,38.75,134.12,128.12,123.62,78.62,9.12,5.5
Asphalt_0cm_S9,2026-04-02T20:30:09.997596,3,13,91,104,124,48,175,162,151,97,11,7,3,12,87,98,110,44,157,145,135,87,11,6,3,12,84,105,114,46,158,154,146,90,11,6,3,10,75,92,96,39,136,128,125,81,9,6,2,8,53,65,68,27,97,91,88,60,7,4,2,8,48,68,65,29,91,91,93,57,6,4,3,11,78,109,105,41,141,139,136,84,9,6,3,9,63,83,86,36,118,115,115,73,9,5,2.75,10.38,72.38,90.5,96.0,38.75,134.12,128.12,123.62,78.62,9.12,5.5
Asphalt_0cm_S9,2026-04-02T20:30:10.098770,3,13,91,104,124,48,175,162,151,97,11,7,3,12,87,98,110,44,157,145,135,87,11,6,3,12,84,105,114,46,158,154,146,90,11,6,3,10,75,92,96,39,137,129,125,81,9,6,2,8,53,65,68,27,97,92,88,59,7,4,2,8,48,68,65,28,91,91,92,56,6,4,3,11,78,109,105,41,141,139,136,84,9,7,3,9,63,83,86,36,118,115,114,73,9,5,2.75,10.38,72.38,90.5,96.0,38.62,134.25,128.38,123.38,78.38,9.12,5.62
Asphalt_0cm_S9,2026-04-02T20:30:10.193915,3,13,91,104,124,48,175,162,151,97,11,7,3,12,87,98,110,44,157,145,135,87,11,6,3,12,84,105,114,46,158,154,146,90,11,6,3,10,75,92,96,39,137,129,125,81,9,6,2,8,53,65,68,27,97,92,88,59,7,4,2,8,48,68,65,28,91,91,92,56,6,4,3,11,78,109,105,41,141,139,136,84,9,7,3,9,63,83,86,36,118,115,114,73,9,5,2.75,10.38,72.38,90.5,96.0,38.62,134.25,128.38,123.38,78.38,9.12,5.62
Asphalt_0cm_S9,2026-04-02T20:30:10.288806,3,13,91,104,124,48,175,162,151,97,11,7,3,12,87,98,110,44,157,145,135,87,11,6,3,12,84,105,114,46,158,154,146,90,11,6,3,10,75,92,96,39,137,129,125,81,9,6,2,8,53,65,68,27,97,92,88,59,7,4,2,8,48,68,65,28,91,91,92,56,6,4,3,11,78,109,105,41,141,139,136,84,9,7,3,9,63,83,86,36,118,115,114,73,9,5,2.75,10.38,72.38,90.5,96.0,38.62,134.25,128.38,123.38,78.38,9.12,5.62
Asphalt_0cm_S9,2026-04-02T20:30:10.379364,3,13,91,104,124,48,175,162,151,97,11,7,3,12,87,98,110,44,157,145,135,87,11,6,3,12,84,105,114,46,158,154,146,90,11,6,3,10,75,92,96,39,137,129,125,81,9,6,2,8,53,65,68,27,97,92,88,59,7,4,2,8,48,68,65,28,91,91,92,56,6,4,3,11,78,109,105,41,141,139,136,84,9,7,3,9,63,83,86,36,118,115,114,73,9,5,2.75,10.38,72.38,90.5,96.0,38.62,134.25,128.38,123.38,78.38,9.12,5.62
Asphalt_0cm_S9,2026-04-02T20:30:10.493754,3,13,91,104,124,48,175,162,151,98,11,7,3,12,88,98,110,44,158,146,135,87,11,6,3,12,84,105,114,46,158,154,146,90,11,6,3,10,75,92,96,39,136,128,125,81,9,6,2,8,53,65,68,27,97,91,88,60,7,4,2,8,48,68,65,28,91,91,93,56,6,4,3,11,78,109,105,41,141,139,136,84,9,6,3,9,64,84,86,36,118,115,115,73,9,5,2.75,10.38,72.62,90.62,96.0,38.62,134.25,128.25,123.62,78.62,9.12,5.5
Asphalt_0cm_S9,2026-04-02T20:30:10.597083,3,13,91,104,124,48,175,162,151,98,11,7,3,12,88,98,110,44,158,146,135,87,11,6,3,12,84,105,114,46,158,154,146,90,11,6,3,10,75,92,96,39,136,128,125,81,9,6,2,8,53,65,68,27,97,91,88,59,7,4,2,8,48,68,65,28,91,92,93,56,6,4,3,11,78,110,105,41,141,139,136,84,10,6,3,9,64,83,86,36,118,115,114,73,9,5,2.75,10.38,72.62,90.62,96.0,38.62,134.25,128.38,123.5,78.5,9.25,5.5
Asphalt_0cm_S9,2026-04-02T20:30:10.688669,3,13,91,104,124,48,175,162,151,98,11,7,3,12,88,98,110,44,158,146,135,87,11,6,3,12,84,105,114,46,158,154,146,90,11,6,3,10,75,92,96,39,136,128,125,81,9,6,2,8,53,65,68,27,97,91,88,59,7,4,2,8,48,68,65,28,91,92,93,56,6,4,3,11,78,110,105,41,141,139,136,84,10,6,3,9,64,83,86,36,118,115,114,73,9,5,2.75,10.38,72.62,90.62,96.0,38.62,134.25,128.38,123.5,78.5,9.25,5.5
Asphalt_0cm_S9,2026-04-02T20:30:10.799981,3,13,91,104,124,49,175,162,151,98,12,7,3,12,87,98,110,44,158,146,135,87,11,6,3,11,85,104,115,46,158,154,146,90,11,6,3,10,75,92,96,39,136,129,125,81,9,5,2,8,53,65,68,27,97,91,88,59,7,4,2,8,48,68,64,28,91,91,93,56,6,4,3,11,78,110,105,41,141,139,136,84,10,6,3,9,64,83,86,36,118,115,114,73,9,5,2.75,10.25,72.62,90.5,96.0,38.75,134.25,128.38,123.5,78.5,9.38,5.38
Asphalt_0cm_S9,2026-04-02T20:30:10.888772,3,13,91,104,124,49,175,162,151,98,12,7,3,12,87,98,110,44,158,146,135,87,11,6,3,11,85,104,115,46,158,154,146,90,11,6,3,10,75,92,96,39,136,129,125,81,9,5,2,8,53,65,68,27,97,91,88,59,7,4,2,8,48,68,64,28,91,91,93,56,6,4,3,11,78,110,105,41,141,139,136,84,10,6,3,9,64,83,86,36,118,115,114,73,9,5,2.75,10.25,72.62,90.5,96.0,38.75,134.25,128.38,123.5,78.5,9.38,5.38
Asphalt_0cm_S9,2026-04-02T20:30:10.985860,3,13,91,104,124,48,175,162,151,97,11,7,3,12,88,98,110,44,158,146,135,87,11,6,3,12,85,105,115,46,158,154,146,91,11,6,3,10,75,92,96,39,136,129,125,81,9,6,2,8,53,65,68,27,97,91,88,60,7,4,2,8,48,68,65,28,91,91,93,56,6,4,3,11,78,110,105,41,141,139,136,84,9,6,3,9,64,84,86,36,118,115,115,73,9,5,2.75,10.38,72.75,90.75,96.12,38.62,134.25,128.38,123.62,78.62,9.12,5.5
Asphalt_0cm_S9,2026-04-02T20:30:11.073610,3,13,91,104,124,48,175,162,151,97,11,7,3,12,88,98,110,44,158,146,135,87,11,6,3,12,85,105,114,46,158,154,146,91,11,6,3,10,75,92,96,38,136,128,125,81,9,5,2,8,53,65,68,27,97,91,88,60,7,4,2,8,48,68,65,28,91,91,93,56,6,4,3,11,78,110,105,41,142,139,136,84,9,6,3,9,64,84,86,36,118,115,115,73,9,5,2.75,10.38,72.75,90.75,96.0,38.5,134.38,128.25,123.62,78.62,9.12,5.38
Asphalt_0cm_S9,2026-04-02T20:30:11.167468,3,13,91,103,124,48,175,161,151,98,11,7,3,12,88,98,110,44,158,146,135,87,11,6,3,12,85,105,114,46,158,154,146,91,11,6,3,10,75,92,96,38,136,128,125,81,9,5,2,8,53,65,68,27,97,91,88,60,7,4,2,8,48,68,65,28,91,91,93,56,6,4,3,11,78,110,105,41,142,139,136,84,9,6,3,9,64,84,86,36,118,115,115,73,9,5,2.75,10.38,72.75,90.62,96.0,38.5,134.38,128.12,123.62,78.75,9.12,5.38
Asphalt_0cm_S9,2026-04-02T20:30:11.255544,3,13,91,103,124,48,175,161,151,98,11,7,3,12,88,98,110,44,158,146,135,87,11,6,3,12,85,105,114,46,158,154,146,91,11,6,3,10,75,92,96,38,136,128,125,81,9,5,2,8,53,65,68,27,97,91,88,60,7,4,2,8,48,68,65,28,91,91,93,56,6,4,3,11,78,110,105,41,142,139,136,84,9,6,3,9,64,84,86,36,118,115,115,73,9,5,2.75,10.38,72.75,90.62,96.0,38.5,134.38,128.12,123.62,78.75,9.12,5.38
Asphalt_0cm_S9,2026-04-02T20:30:11.367221,3,13,91,104,124,49,175,162,151,97,11,7,3,12,87,98,110,44,158,146,135,87,11,6,3,11,84,104,115,46,158,154,146,90,11,6,2,10,75,92,96,39,136,128,125,81,9,6,2,8,53,65,68,27,97,92,88,60,7,4,2,8,48,68,65,28,91,91,93,56,6,4,3,11,78,110,105,41,142,139,136,84,10,6,3,9,63,84,86,36,118,115,115,73,9,5,2.62,10.25,72.38,90.62,96.12,38.75,134.38,128.38,123.62,78.5,9.25,5.5
Asphalt_0cm_S9,2026-04-02T20:30:11.463010,3,13,91,104,124,49,175,162,151,97,11,7,3,12,87,98,110,44,158,146,135,87,11,6,3,11,84,104,115,46,158,154,146,90,11,6,2,10,75,92,96,39,136,128,125,81,9,6,2,8,53,65,68,27,97,92,88,60,7,4,2,8,48,68,65,28,91,91,93,56,6,4,3,11,78,110,105,41,142,139,136,84,10,6,3,9,63,84,86,36,118,115,115,73,9,5,2.62,10.25,72.38,90.62,96.12,38.75,134.38,128.38,123.62,78.5,9.25,5.5
Asphalt_0cm_S9,2026-04-02T20:30:11.547611,3,13,91,104,125,48,175,162,151,98,12,7,3,12,88,98,110,44,158,146,135,88,11,6,3,12,85,105,115,46,158,154,146,91,11,6,2,10,75,92,96,38,136,129,125,81,9,5,2,8,53,65,68,27,97,91,88,59,7,4,2,8,48,68,65,28,91,91,93,56,6,4,3,11,78,110,105,41,142,138,136,84,10,6,3,9,64,84,86,36,118,115,114,73,9,5,2.62,10.38,72.75,90.75,96.25,38.5,134.38,128.25,123.5,78.75,9.38,5.38
Asphalt_0cm_S9,2026-04-02T20:30:11.633616,3,13,91,104,125,48,175,162,151,98,12,7,3,12,88,98,110,44,158,146,135,88,11,6,3,12,85,105,115,46,158,154,146,91,11,6,2,10,75,92,96,38,136,129,125,81,9,5,2,8,53,65,68,27,97,91,88,59,7,4,2,8,48,68,65,28,91,91,93,56,6,4,3,11,78,110,106,41,141,139,136,84,9,6,3,9,64,83,86,36,118,115,115,73,9,5,2.62,10.38,72.75,90.62,96.38,38.5,134.25,128.38,123.62,78.75,9.25,5.38
Asphalt_0cm_S9,2026-04-02T20:30:11.749310,3,13,91,104,125,49,175,162,151,97,12,7,3,12,88,98,110,44,158,146,135,88,11,6,3,12,85,105,115,46,158,154,146,91,11,6,2,10,75,92,96,38,136,129,125,81,9,5,2,8,53,65,68,27,97,91,88,59,7,4,2,8,48,68,65,28,91,91,93,56,6,4,3,11,78,110,106,41,141,139,136,84,9,6,3,9,64,83,86,36,118,115,115,73,9,5,2.62,10.38,72.75,90.62,96.38,38.62,134.25,128.38,123.62,78.62,9.25,5.38
Asphalt_0cm_S9,2026-04-02T20:30:11.854906,3,13,91,104,124,49,175,163,151,97,12,7,3,12,88,98,110,44,158,146,135,88,11,6,3,12,85,105,115,46,158,154,146,91,11,6,3,10,75,92,96,39,136,129,125,81,9,5,2,8,53,65,68,27,97,91,88,59,7,4,2,8,48,68,65,28,91,91,93,56,6,4,3,11,78,110,106,41,141,139,136,84,9,6,3,9,64,83,86,36,118,115,115,73,9,5,2.75,10.38,72.75,90.62,96.25,38.75,134.25,128.5,123.62,78.62,9.25,5.38
Asphalt_0cm_S9,2026-04-02T20:30:11.942263,3,13,91,104,124,49,175,163,151,97,12,7,3,12,88,98,110,44,158,146,135,88,11,6,3,12,85,105,115,46,158,154,146,91,11,6,3,10,75,92,96,39,136,129,125,81,9,5,2,8,53,65,68,27,97,91,88,60,7,4,2,8,48,68,65,28,91,91,93,56,6,4,3,11,78,110,105,41,142,139,136,84,9,6,3,9,64,84,86,36,118,115,115,73,9,5,2.75,10.38,72.75,90.75,96.12,38.75,134.38,128.5,123.62,78.75,9.25,5.38
Asphalt_0cm_S9,2026-04-02T20:30:12.056314,3,13,91,104,124,49,175,162,151,97,11,7,3,12,88,98,110,44,158,146,135,88,11,6,4,11,85,104,115,46,158,155,146,91,11,6,3,10,75,92,96,39,136,129,125,81,9,6,2,8,53,65,68,27,97,91,88,60,7,4,2,8,48,68,65,28,91,91,93,56,6,4,3,11,78,110,105,41,142,139,136,84,9,6,3,9,64,84,86,36,118,115,115,73,9,5,2.88,10.25,72.75,90.62,96.12,38.75,134.38,128.5,123.62,78.75,9.12,5.5
Asphalt_0cm_S9,2026-04-02T20:30:12.140885,3,13,91,104,124,48,175,162,151,97,12,7,3,12,88,98,110,44,158,146,135,88,11,6,4,11,85,104,115,46,158,155,146,91,11,6,3,10,75,92,96,39,136,129,125,81,9,6,2,8,53,65,68,27,97,91,88,60,7,4,2,8,48,68,65,28,91,91,93,57,6,4,3,11,78,110,106,41,141,139,136,84,9,7,3,9,64,83,86,36,118,115,114,73,9,5,2.88,10.25,72.75,90.5,96.25,38.62,134.25,128.5,123.5,78.88,9.25,5.62
Asphalt_0cm_S9,2026-04-02T20:30:12.229453,3,13,91,104,124,48,175,162,151,97,12,7,3,11,88,98,111,44,158,146,135,88,11,6,4,11,85,104,115,46,158,155,146,91,11,6,3,10,75,92,96,39,136,129,125,81,9,6,2,8,53,65,68,27,97,91,88,60,7,4,2,8,48,68,65,28,91,91,93,57,6,4,3,11,78,110,106,41,141,139,136,84,9,7,3,9,64,83,86,36,118,115,114,73,9,5,2.88,10.12,72.75,90.5,96.38,38.62,134.25,128.5,123.5,78.88,9.25,5.62
Asphalt_0cm_S9,2026-04-02T20:30:12.316229,3,13,91,104,124,48,175,162,151,97,12,7,3,11,88,98,111,44,158,146,135,88,11,6,4,11,85,104,115,46,158,155,146,91,11,6,3,10,75,92,96,39,136,129,125,81,9,6,2,8,53,65,68,27,97,91,88,60,7,4,2,8,48,68,65,28,91,91,93,57,6,4,3,11,78,110,106,41,141,139,136,84,9,7,3,9,64,83,86,36,118,115,114,73,9,5,2.88,10.12,72.75,90.5,96.38,38.62,134.25,128.5,123.5,78.88,9.25,5.62
Asphalt_0cm_S9,2026-04-02T20:30:12.422925,3,13,91,104,124,49,175,162,151,98,12,7,3,12,88,98,110,44,158,146,135,87,11,6,3,11,85,105,115,46,158,154,146,91,11,6,3,10,75,92,96,38,136,128,125,81,9,5,2,8,53,65,68,27,97,91,88,59,7,4,2,8,48,68,65,29,91,91,93,57,6,4,3,11,78,110,105,41,142,139,136,84,9,6,3,9,64,83,86,36,118,115,115,73,9,5,2.75,10.25,72.75,90.62,96.12,38.75,134.38,128.25,123.62,78.75,9.25,5.38
Asphalt_0cm_S9,2026-04-02T20:30:12.519890,3,13,91,104,124,48,175,162,151,97,11,7,3,12,88,98,111,44,158,146,135,88,11,6,3,11,84,105,115,46,158,154,146,91,11,6,3,10,75,92,96,38,136,128,125,81,9,5,2,8,53,65,68,27,97,91,88,60,7,4,2,8,48,68,65,28,91,91,93,56,6,4,3,11,78,110,106,41,141,139,136,84,10,7,3,9,64,84,86,36,118,115,115,73,9,6,2.75,10.25,72.62,90.75,96.38,38.5,134.25,128.25,123.62,78.75,9.25,5.62
Asphalt_0cm_S9,2026-04-02T20:30:12.618660,3,13,91,104,124,48,175,162,151,97,11,7,3,12,88,98,111,44,158,146,135,88,11,6,3,11,84,105,115,46,158,154,146,91,11,6,2,10,75,92,96,39,136,129,125,81,9,5,2,8,53,65,68,27,97,92,88,60,7,4,2,8,48,68,65,28,91,92,92,56,6,4,4,11,78,110,106,41,142,139,136,84,10,6,3,9,64,84,86,36,119,115,115,73,9,5,2.75,10.25,72.62,90.75,96.38,38.62,134.5,128.62,123.5,78.75,9.25,5.38
Asphalt_0cm_S9,2026-04-02T20:30:12.711862,3,13,91,104,125,49,175,162,151,98,11,7,3,12,88,98,111,44,158,146,135,88,11,6,3,11,84,105,115,46,158,154,146,91,11,6,2,10,75,92,96,39,136,129,125,81,9,5,2,8,53,65,68,27,97,92,88,60,7,4,2,8,48,68,65,28,91,92,92,56,6,4,4,11,78,110,106,41,142,139,136,84,10,6,3,9,64,84,86,36,119,115,115,73,9,5,2.75,10.25,72.62,90.75,96.5,38.75,134.5,128.62,123.5,78.88,9.25,5.38
Asphalt_0cm_S9,2026-04-02T20:30:12.804494,3,13,91,104,125,49,175,162,151,98,11,7,3,12,88,98,111,44,158,146,135,88,11,6,4,12,85,105,115,46,158,155,146,91,11,6,3,10,75,92,96,39,137,129,125,81,9,5,2,8,53,65,68,27,97,91,88,60,7,4,2,8,48,68,65,29,91,92,93,56,6,4,3,11,78,110,105,41,142,139,136,84,9,7,3,9,64,84,86,36,118,115,115,73,9,5,2.88,10.38,72.75,90.75,96.38,38.88,134.5,128.62,123.62,78.88,9.12,5.5
Asphalt_0cm_S9,2026-04-02T20:30:12.902780,3,13,91,104,124,48,175,162,151,97,11,7,3,12,88,98,111,44,158,146,135,88,11,6,4,12,85,105,115,46,158,154,146,91,11,6,3,10,75,92,96,39,137,129,126,81,9,5,2,8,53,65,68,27,97,91,88,60,7,4,2,8,48,68,65,29,91,92,93,56,6,4,3,11,78,110,105,41,142,139,136,84,9,7,3,9,64,84,86,36,118,115,115,73,9,5,2.88,10.38,72.75,90.75,96.25,38.75,134.5,128.5,123.75,78.75,9.12,5.5
Asphalt_0cm_S9,2026-04-02T20:30:12.991638,3,13,91,104,124,48,175,162,151,98,11,7,3,12,88,98,111,44,158,146,135,88,11,6,4,12,85,105,115,46,158,154,146,91,11,6,3,10,75,92,96,39,137,129,126,81,9,5,2,8,53,65,68,27,97,91,88,60,7,4,2,8,48,68,65,28,91,91,93,56,6,4,3,11,78,110,106,41,142,139,136,84,9,6,3,9,64,84,86,36,119,115,115,73,9,5,2.88,10.38,72.75,90.75,96.38,38.62,134.62,128.38,123.75,78.88,9.12,5.38
Asphalt_0cm_S9,2026-04-02T20:30:13.087163,3,13,91,104,124,48,175,162,151,98,11,7,3,12,88,98,111,44,158,146,135,88,11,6,3,12,85,105,115,46,158,155,146,91,11,6,2,10,75,92,96,38,137,129,125,81,9,6,2,8,53,65,68,27,97,91,88,59,7,4,2,8,48,68,65,28,91,91,93,56,6,4,3,11,78,110,106,41,142,140,136,84,9,7,3,9,64,83,86,36,118,115,115,73,9,5,2.62,10.38,72.75,90.62,96.38,38.5,134.5,128.62,123.62,78.75,9.12,5.62
Asphalt_0cm_S9,2026-04-02T20:30:13.178456,3,13,91,104,124,48,175,162,151,98,11,7,3,12,88,99,111,44,158,146,136,88,11,6,3,12,85,105,115,46,158,155,146,91,11,6,2,10,75,92,96,38,137,129,125,81,9,6,2,8,53,65,68,27,97,91,88,59,7,4,2,8,48,68,65,28,91,91,93,56,6,4,3,11,78,110,106,41,142,140,136,84,9,7,3,9,64,83,86,36,118,115,115,73,9,5,2.62,10.38,72.75,90.75,96.38,38.5,134.5,128.62,123.75,78.75,9.12,5.62
Asphalt_0cm_S9,2026-04-02T20:30:13.265955,3,13,91,104,124,48,175,162,151,98,11,7,3,12,88,99,111,44,158,146,136,88,11,6,3,12,85,105,115,46,158,155,146,91,11,6,2,10,75,92,96,38,137,129,125,81,9,6,2,8,53,65,68,27,97,91,88,59,7,4,2,8,48,68,65,28,91,91,93,56,6,4,3,11,78,110,106,41,142,140,136,84,9,7,3,9,64,83,86,36,118,115,115,73,9,5,2.62,10.38,72.75,90.75,96.38,38.5,134.5,128.62,123.75,78.75,9.12,5.62
Asphalt_0cm_S9,2026-04-02T20:30:13.357436,3,13,91,104,125,49,175,162,151,98,11,7,3,12,88,98,111,44,158,147,135,88,11,6,3,12,85,105,115,46,158,154,146,91,11,6,3,10,75,92,96,39,137,129,125,81,9,5,2,8,53,65,68,27,97,91,88,59,7,4,2,8,48,68,65,28,91,92,93,56,6,4,3,11,78,110,106,41,142,139,136,84,10,6,3,9,64,84,86,36,118,115,115,73,9,5,2.75,10.38,72.75,90.75,96.5,38.75,134.5,128.62,123.62,78.75,9.25,5.38
Asphalt_0cm_S9,2026-04-02T20:30:13.447453,3,13,91,104,125,49,175,162,151,98,11,7,3,12,88,98,111,44,158,147,135,88,11,6,3,12,85,105,115,46,158,154,146,91,11,6,2,10,75,92,96,39,137,129,125,81,9,6,2,8,53,65,68,27,97,91,88,59,7,4,2,8,48,68,65,28,91,91,93,56,6,4,3,11,78,110,106,41,142,139,136,84,10,6,3,9,64,84,86,36,118,115,115,73,9,5,2.62,10.38,72.75,90.75,96.5,38.75,134.5,128.5,123.62,78.75,9.25,5.5
Asphalt_0cm_S9,2026-04-02T20:30:13.545980,3,13,91,104,124,49,175,162,151,97,12,7,3,12,88,98,111,44,159,146,135,88,11,6,4,11,85,105,115,46,158,154,146,91,11,6,2,10,75,92,96,39,137,129,125,81,9,6,2,8,53,65,68,27,97,91,88,59,7,4,2,8,48,68,65,28,91,91,93,56,6,4,3,11,78,110,106,41,142,139,137,84,9,6,3,9,64,83,86,36,118,115,115,73,9,5,2.75,10.25,72.75,90.62,96.38,38.75,134.62,128.38,123.75,78.62,9.25,5.5
Asphalt_0cm_S9,2026-04-02T20:30:13.652957,3,13,91,104,124,49,175,162,151,97,12,7,3,12,88,98,111,44,159,146,135,88,11,6,4,11,85,105,115,46,158,154,146,91,11,6,2,10,75,92,96,39,137,129,125,81,9,6,2,8,53,65,68,27,97,91,88,59,7,4,2,8,48,68,65,28,91,91,93,56,6,4,4,11,78,110,106,41,142,139,136,84,10,7,3,9,64,84,86,36,118,115,115,73,9,5,2.88,10.25,72.75,90.75,96.38,38.75,134.62,128.38,123.62,78.62,9.38,5.62
Asphalt_0cm_S9,2026-04-02T20:30:13.742358,3,13,91,104,124,49,175,162,151,97,12,7,3,12,88,98,111,44,159,146,135,88,11,6,4,11,85,105,115,46,158,154,146,91,11,6,2,10,75,92,96,39,137,129,125,81,9,6,2,8,53,65,68,27,97,91,88,59,7,4,2,8,48,68,65,28,91,91,93,56,6,4,4,11,78,110,106,41,142,139,136,84,10,7,3,9,64,84,86,36,118,115,115,73,9,5,2.88,10.25,72.75,90.75,96.38,38.75,134.62,128.38,123.62,78.62,9.38,5.62
Asphalt_0cm_S9,2026-04-02T20:30:13.831136,3,13,91,104,124,49,175,163,151,97,12,7,3,12,88,98,111,44,158,146,135,88,11,6,4,11,85,105,115,46,158,155,146,91,11,6,3,10,75,92,96,39,137,129,126,81,9,6,2,8,53,65,68,27,96,92,88,60,7,4,2,8,48,68,65,28,91,92,93,56,6,4,3,11,78,110,106,41,142,139,136,84,9,6,3,9,64,84,86,36,118,115,115,73,9,5,2.88,10.25,72.75,90.75,96.38,38.75,134.38,128.88,123.75,78.75,9.25,5.5
Asphalt_0cm_S9,2026-04-02T20:30:13.929380,3,13,91,104,124,49,175,163,151,97,12,7,3,12,88,98,111,44,158,146,136,88,11,6,3,12,84,104,115,46,157,155,146,91,11,6,3,10,75,92,96,39,137,129,125,81,9,5,2,8,53,65,68,27,97,91,88,59,7,4,2,8,48,68,65,29,91,92,93,56,6,4,3,11,78,110,106,41,142,139,137,84,9,6,3,9,64,84,86,36,118,115,115,73,9,5,2.75,10.38,72.62,90.62,96.38,38.88,134.38,128.75,123.88,78.62,9.25,5.38
Asphalt_0cm_S9,2026-04-02T20:30:14.021667,3,13,91,104,125,49,175,163,151,98,11,7,3,12,88,98,111,44,158,146,136,88,11,6,3,12,84,104,115,46,157,155,146,91,11,6,3,10,75,92,96,39,137,129,125,81,9,5,2,8,53,65,68,27,97,91,88,59,7,4,2,8,48,68,65,29,91,92,93,56,6,4,3,11,78,110,106,41,142,139,137,84,9,6,3,9,64,84,86,36,118,115,114,73,9,5,2.75,10.38,72.62,90.62,96.5,38.88,134.38,128.75,123.75,78.75,9.12,5.38
Asphalt_0cm_S9,2026-04-02T20:30:14.118600,3,13,91,104,125,49,175,163,151,98,11,7,3,12,88,98,111,44,158,146,136,88,11,6,3,12,84,104,115,46,157,155,146,91,11,6,3,10,75,92,96,39,137,129,125,81,9,5,2,8,53,65,68,27,97,91,88,59,7,4,2,8,48,68,65,29,91,92,93,56,6,4,3,11,78,110,106,41,142,139,137,84,9,6,3,9,64,84,86,36,118,115,114,73,9,5,2.75,10.38,72.62,90.62,96.5,38.88,134.38,128.75,123.75,78.75,9.12,5.38
Asphalt_0cm_S9,2026-04-02T20:30:14.203638,3,13,91,104,125,49,175,163,151,98,11,7,3,12,88,99,111,44,159,147,135,88,11,6,3,12,84,104,115,46,157,155,146,91,11,6,3,10,75,92,96,39,137,129,125,81,9,5,2,8,53,65,68,27,97,91,88,59,7,4,2,8,48,68,65,29,91,92,93,56,6,4,3,11,78,110,106,41,142,139,137,84,9,6,3,9,64,84,86,36,118,115,114,73,9,5,2.75,10.38,72.62,90.75,96.5,38.88,134.5,128.88,123.62,78.75,9.12,5.38
Asphalt_0cm_S9,2026-04-02T20:30:14.295604,3,13,91,104,125,49,175,163,151,98,11,7,3,12,88,99,111,44,159,147,135,88,11,6,3,12,84,104,115,46,157,155,146,91,11,6,3,10,75,93,96,39,137,129,126,81,9,6,2,8,53,65,68,27,97,92,88,60,7,4,3,8,48,68,65,29,91,91,93,56,6,4,3,11,78,110,106,41,142,139,137,84,10,7,3,9,64,84,86,36,118,115,114,73,9,5,2.88,10.38,72.62,90.88,96.5,38.88,134.5,128.88,123.75,78.88,9.25,5.62
Asphalt_0cm_S9,2026-04-02T20:30:14.388641,3,13,91,104,125,49,176,162,152,97,11,7,3,12,88,99,111,44,159,147,136,87,11,6,3,12,84,104,115,46,157,155,146,91,11,6,3,10,75,93,96,39,137,129,126,81,9,6,2,8,53,65,68,27,97,92,88,60,7,4,3,8,48,68,65,29,91,91,93,56,6,4,3,11,78,110,106,41,142,139,137,84,10,7,3,9,64,84,86,36,118,115,114,73,9,5,2.88,10.38,72.62,90.88,96.5,38.88,134.62,128.75,124.0,78.62,9.25,5.62
Asphalt_0cm_S9,2026-04-02T20:30:14.484171,3,13,91,104,125,49,176,162,152,97,11,7,3,12,88,99,111,44,159,147,136,87,11,6,4,12,85,105,115,46,158,154,146,91,11,6,3,10,75,92,96,39,137,129,125,81,9,5,2,8,53,65,68,27,97,91,88,60,7,4,2,8,48,68,65,28,91,91,93,56,6,4,3,11,78,110,106,41,142,139,137,84,10,7,3,9,64,84,86,36,118,115,114,73,9,5,2.88,10.38,72.75,90.88,96.5,38.75,134.75,128.5,123.88,78.62,9.25,5.5
Asphalt_0cm_S9,2026-04-02T20:30:14.579673,3,13,91,104,125,49,176,162,152,97,11,7,3,12,88,99,111,44,159,147,136,87,11,6,4,12,85,105,115,46,158,154,146,91,11,6,3,10,75,92,96,39,137,129,125,81,9,5,2,8,53,65,68,27,97,91,88,60,7,4,2,8,48,68,65,28,91,91,93,56,6,4,3,11,78,110,106,41,142,139,137,84,10,7,3,9,64,84,86,36,118,115,114,73,9,5,2.88,10.38,72.75,90.88,96.5,38.75,134.75,128.5,123.88,78.62,9.25,5.5
Asphalt_0cm_S9,2026-04-02T20:30:14.672438,3,13,92,104,124,48,175,162,151,98,12,7,3,12,88,99,111,44,159,147,136,88,11,6,3,12,85,105,115,46,158,154,146,91,11,6,3,10,75,93,96,39,137,129,126,81,9,5,2,8,53,65,68,27,97,91,88,59,7,4,2,8,48,68,65,29,91,91,93,57,6,4,4,11,78,110,106,41,142,139,137,84,10,7,3,9,64,84,86,36,119,115,114,73,9,5,2.88,10.38,72.88,91.0,96.38,38.75,134.75,128.5,123.88,78.88,9.38,5.5
Asphalt_0cm_S9,2026-04-02T20:30:14.768287,3,13,91,104,125,49,175,162,151,97,11,7,3,12,88,99,111,44,159,147,136,88,11,6,3,12,85,105,115,46,158,155,146,91,11,6,3,10,75,92,96,39,136,129,125,81,9,5,2,8,53,65,68,27,97,92,88,59,7,4,2,8,48,68,65,29,91,92,93,57,6,4,3,11,78,110,106,41,142,140,137,85,10,6,3,9,64,84,86,36,119,115,114,73,9,5,2.75,10.38,72.75,90.88,96.5,38.88,134.62,129.0,123.75,78.88,9.25,5.38
Asphalt_0cm_S9,2026-04-02T20:30:14.866646,3,13,91,104,125,49,175,163,151,97,11,7,3,12,88,99,111,44,159,147,136,88,11,6,3,12,85,105,115,46,158,155,146,91,11,6,3,10,75,92,96,39,136,129,125,81,9,5,2,8,53,65,68,27,97,92,88,59,7,4,2,8,48,68,65,29,91,92,93,57,6,4,3,11,78,110,106,41,142,140,137,85,10,6,3,9,64,83,86,36,119,115,115,73,9,5,2.75,10.38,72.75,90.75,96.5,38.88,134.62,129.12,123.88,78.88,9.25,5.38
Asphalt_0cm_S9,2026-04-02T20:30:14.958417,3,13,91,104,125,49,175,163,151,97,11,7,3,12,88,99,111,44,159,147,136,88,11,6,3,12,85,105,115,46,158,155,146,91,11,6,3,10,75,92,96,39,136,129,125,81,9,5,2,8,53,65,68,27,97,92,88,59,7,4,2,8,48,68,65,29,91,92,93,57,6,4,3,11,78,110,106,41,142,140,137,85,10,6,3,9,64,83,86,36,119,115,115,73,9,5,2.75,10.38,72.75,90.75,96.5,38.88,134.62,129.12,123.88,78.88,9.25,5.38
Asphalt_0cm_S9,2026-04-02T20:30:15.046633,3,13,91,104,125,49,176,162,151,98,11,7,3,12,88,99,111,44,159,147,136,88,11,6,3,12,85,105,115,46,158,155,146,91,11,6,3,10,75,92,96,39,137,129,125,81,9,6,2,8,53,65,68,27,97,91,88,59,7,4,2,8,48,68,65,29,91,92,93,57,6,4,3,11,78,110,106,41,142,140,137,84,10,7,3,9,64,84,86,36,118,115,115,73,9,5,2.75,10.38,72.75,90.88,96.5,38.88,134.75,128.88,123.88,78.88,9.25,5.62
Asphalt_0cm_S9,2026-04-02T20:30:15.137528,3,13,91,104,125,49,176,162,151,98,11,7,3,12,88,99,111,44,159,147,136,88,11,6,3,12,85,105,115,46,158,155,146,91,11,6,3,10,75,92,96,39,137,129,125,81,9,6,2,8,53,65,68,27,97,91,88,59,7,4,2,8,48,68,65,29,91,92,93,57,6,4,3,11,78,110,106,41,142,140,137,84,10,7,3,9,64,84,86,36,118,115,115,73,9,5,2.75,10.38,72.75,90.88,96.5,38.88,134.75,128.88,123.88,78.88,9.25,5.62
Asphalt_0cm_S9,2026-04-02T20:30:15.257731,3,13,91,104,124,49,175,162,151,97,11,7,3,12,88,99,112,44,158,147,136,88,11,6,3,12,85,105,115,46,158,155,146,91,11,6,3,10,75,93,96,39,137,129,126,81,9,6,2,8,53,65,68,27,97,92,88,60,7,4,2,7,48,68,65,29,91,92,93,57,6,4,3,11,78,110,106,41,142,140,137,84,10,6,3,9,64,83,86,36,118,115,114,73,9,5,2.75,10.25,72.75,90.88,96.5,38.88,134.5,129.0,123.88,78.88,9.25,5.5
Asphalt_0cm_S9,2026-04-02T20:30:15.372867,3,13,91,104,124,49,175,162,151,98,11,7,3,12,89,99,112,44,159,147,136,88,11,6,3,12,85,105,115,46,158,155,146,91,11,6,3,10,75,93,96,39,137,129,126,81,9,6,2,8,53,65,68,27,97,92,88,60,7,4,2,8,48,68,65,28,91,92,93,56,6,4,3,11,78,110,106,41,142,140,137,84,9,6,3,9,64,84,86,36,118,115,115,73,9,5,2.75,10.38,72.88,91.0,96.5,38.75,134.62,129.0,124.0,78.88,9.12,5.5
Asphalt_0cm_S9,2026-04-02T20:30:15.471124,3,13,91,104,124,49,175,162,151,98,11,7,3,12,89,99,112,44,159,147,136,88,11,6,3,12,85,105,115,46,158,155,146,91,11,6,3,10,75,93,96,39,137,129,126,81,9,6,2,8,53,65,68,27,97,92,88,60,7,4,2,8,48,68,65,29,91,92,93,57,6,4,3,11,78,110,106,41,142,140,137,84,9,6,3,9,64,84,86,36,118,115,115,73,9,5,2.75,10.38,72.88,91.0,96.5,38.88,134.62,129.0,124.0,79.0,9.12,5.5
Asphalt_0cm_S9,2026-04-02T20:30:15.560069,3,13,91,104,124,49,175,162,151,98,11,7,3,12,89,99,112,44,159,147,136,88,11,6,3,12,85,105,115,46,158,155,146,91,11,6,3,10,75,93,96,39,137,129,126,81,9,6,2,8,53,65,68,27,97,92,88,60,7,4,2,8,48,68,65,29,91,92,93,57,6,4,3,11,78,110,106,41,142,140,137,84,9,6,3,9,64,84,86,36,118,115,115,73,9,5,2.75,10.38,72.88,91.0,96.5,38.88,134.62,129.0,124.0,79.0,9.12,5.5
Asphalt_0cm_S9,2026-04-02T20:30:15.657402,3,13,91,104,124,49,175,162,151,98,11,7,3,12,89,99,112,44,159,147,136,88,11,6,3,12,85,105,115,46,158,155,146,91,11,6,3,10,75,93,96,39,137,129,126,81,9,6,2,8,53,65,68,27,97,92,88,60,7,4,2,8,48,68,65,29,91,92,93,57,6,4,3,11,78,110,106,41,142,140,137,84,9,6,3,9,64,84,86,36,118,115,115,73,9,5,2.75,10.38,72.88,91.0,96.5,38.88,134.62,129.0,124.0,79.0,9.12,5.5
Asphalt_0cm_S9,2026-04-02T20:30:15.750660,3,13,91,104,125,48,175,162,151,98,11,7,3,12,88,99,111,44,159,147,136,88,11,6,3,12,85,105,115,46,158,155,146,91,11,6,3,10,75,93,96,39,137,129,126,81,9,6,2,8,53,65,68,27,97,92,88,60,7,4,2,8,48,68,65,29,91,92,93,57,6,4,4,11,78,110,106,41,142,140,137,85,10,7,3,9,64,84,86,36,119,115,115,73,9,5,2.88,10.38,72.75,91.0,96.5,38.75,134.75,129.0,124.0,79.12,9.25,5.62
Asphalt_0cm_S9,2026-04-02T20:30:15.842149,3,13,91,104,125,49,175,163,151,98,11,7,3,12,89,99,112,44,159,147,136,88,11,6,4,12,85,105,115,46,158,155,146,91,11,6,3,10,75,93,96,39,137,129,126,81,9,5,2,8,53,65,68,27,97,91,88,60,7,4,3,8,48,68,65,29,91,92,93,57,6,4,3,11,78,110,106,41,142,140,137,84,10,7,3,9,64,84,86,36,119,115,115,73,9,5,3.0,10.38,72.88,91.0,96.62,38.88,134.75,129.0,124.0,79.0,9.25,5.5
Asphalt_0cm_S9,2026-04-02T20:30:15.936960,3,13,91,104,125,49,175,163,151,98,11,7,3,12,89,99,111,44,159,147,136,88,11,6,4,12,85,105,115,46,158,155,146,91,11,6,3,10,75,93,96,39,137,129,126,81,9,5,2,8,53,65,68,27,97,91,88,60,7,4,3,8,48,68,65,29,91,92,93,57,6,4,3,11,78,110,106,41,142,140,137,84,10,7,3,9,64,84,86,36,119,115,115,73,9,5,3.0,10.38,72.88,91.0,96.5,38.88,134.75,129.0,124.0,79.0,9.25,5.5
Asphalt_0cm_S9,2026-04-02T20:30:16.054733,3,13,91,104,125,49,175,163,151,98,11,7,3,12,89,99,111,44,159,147,136,88,11,6,4,12,85,105,115,46,158,155,146,91,11,6,3,10,75,93,96,39,137,129,126,81,9,5,2,8,53,65,68,27,97,91,88,60,7,4,3,8,48,68,65,29,91,92,93,57,6,4,3,11,78,110,106,41,142,140,137,84,10,7,3,9,64,84,86,36,119,115,115,73,9,5,3.0,10.38,72.88,91.0,96.5,38.88,134.75,129.0,124.0,79.0,9.25,5.5
Asphalt_0cm_S9,2026-04-02T20:30:16.144877,3,13,91,104,125,49,176,163,151,97,12,7,3,12,89,99,111,44,159,147,136,88,11,6,4,12,85,105,115,46,158,155,146,91,11,6,3,10,75,93,96,39,137,129,126,81,9,5,2,8,53,65,68,27,97,91,88,60,7,4,2,8,48,68,65,28,91,92,93,57,6,4,4,11,78,110,106,41,142,140,137,84,10,6,3,9,64,84,86,36,119,115,115,73,9,5,3.0,10.38,72.88,91.0,96.5,38.75,134.88,129.0,124.0,78.88,9.38,5.38
Asphalt_0cm_S9,2026-04-02T20:30:16.243274,3,13,91,104,125,49,176,163,151,97,12,7,3,12,89,99,111,44,159,147,136,88,11,6,4,12,85,105,115,46,158,155,146,91,11,6,3,10,75,93,96,39,137,129,126,81,9,5,2,8,53,65,68,27,97,91,88,60,7,4,2,8,48,68,65,28,91,92,93,57,6,4,4,11,78,110,106,41,142,140,137,84,10,6,3,9,64,84,86,36,119,115,115,73,9,5,3.0,10.38,72.88,91.0,96.5,38.75,134.88,129.0,124.0,78.88,9.38,5.38
Asphalt_0cm_S9,2026-04-02T20:30:16.336034,3,13,91,104,125,49,175,163,151,98,12,7,3,12,88,99,112,44,159,147,136,88,11,6,3,12,85,105,115,46,158,154,146,91,11,6,3,10,75,93,96,39,137,129,126,81,9,6,2,8,53,65,68,27,97,92,88,60,7,4,2,8,48,68,65,28,91,92,93,57,6,4,3,11,78,110,106,41,142,140,137,84,9,7,3,9,64,84,86,36,119,115,115,73,9,5,2.75,10.38,72.75,91.0,96.62,38.75,134.75,129.0,124.0,79.0,9.25,5.62
Asphalt_0cm_S9,2026-04-02T20:30:16.445247,3,13,92,104,125,49,175,163,151,98,12,7,3,12,89,99,112,44,159,147,136,88,11,6,4,12,85,105,115,46,158,155,147,91,11,6,2,10,75,93,96,39,137,129,126,81,9,5,2,8,53,65,68,27,97,91,88,60,7,4,2,8,48,68,65,28,91,91,93,57,6,4,3,11,78,110,106,41,142,140,137,84,9,7,3,9,64,84,86,36,119,115,115,73,9,5,2.75,10.38,73.0,91.0,96.62,38.75,134.75,128.88,124.12,79.0,9.25,5.5
Asphalt_0cm_S9,2026-04-02T20:30:16.537012,3,13,92,104,125,49,175,163,151,98,12,7,3,12,89,99,112,44,159,147,136,88,11,6,4,12,85,105,115,46,158,155,147,91,11,6,2,10,75,93,96,39,137,129,126,81,9,5,2,8,53,65,68,27,97,91,88,60,7,4,2,8,48,68,65,28,91,91,93,57,6,4,3,11,79,110,106,41,142,140,137,84,10,7,3,9,64,84,86,36,119,115,115,73,9,5,2.75,10.38,73.12,91.0,96.62,38.75,134.75,128.88,124.12,79.0,9.38,5.5
Asphalt_0cm_S9,2026-04-02T20:30:16.626396,3,13,92,104,125,49,175,163,151,98,12,7,3,12,89,99,112,44,159,147,136,88,11,6,4,12,85,105,115,46,158,155,147,91,11,6,2,10,75,93,96,39,137,129,126,81,9,5,2,8,53,65,68,27,97,91,88,60,7,4,2,8,48,68,65,28,91,91,93,57,6,4,3,11,79,110,106,41,142,140,137,84,10,7,3,9,64,84,86,36,119,115,115,73,9,5,2.75,10.38,73.12,91.0,96.62,38.75,134.75,128.88,124.12,79.0,9.38,5.5
Asphalt_0cm_S9,2026-04-02T20:30:16.718189,3,13,91,104,125,49,175,163,152,98,11,7,3,12,89,99,112,44,159,147,136,88,11,6,4,12,85,105,115,46,158,155,147,91,11,6,2,10,75,93,96,39,137,129,126,81,9,5,2,8,53,65,68,27,97,91,88,60,7,4,2,8,48,68,65,28,91,91,93,57,6,4,3,11,79,110,106,41,142,140,137,84,10,7,3,9,64,84,86,36,119,115,115,73,9,5,2.75,10.38,73.0,91.0,96.62,38.75,134.75,128.88,124.25,79.0,9.25,5.5
Asphalt_0cm_S9,2026-04-02T20:30:16.813374,3,13,91,104,125,49,175,163,152,98,11,7,3,12,89,99,112,44,159,147,136,88,11,6,4,12,85,105,115,46,158,155,147,91,11,6,2,10,75,93,96,39,137,129,126,81,9,5,2,8,53,65,68,27,97,91,88,60,7,4,2,8,48,68,65,28,91,91,93,57,6,4,3,11,79,110,106,41,142,140,137,84,10,7,3,9,64,84,86,36,119,115,115,73,9,5,2.75,10.38,73.0,91.0,96.62,38.75,134.75,128.88,124.25,79.0,9.25,5.5
Asphalt_0cm_S9,2026-04-02T20:30:16.904285,3,13,91,104,125,49,175,163,152,98,11,7,3,12,89,99,112,44,159,148,136,88,11,6,3,12,85,105,115,46,159,155,146,91,11,7,3,10,75,93,96,39,137,129,126,81,9,6,2,8,53,65,68,27,97,91,88,59,7,4,2,8,48,68,65,28,91,92,93,57,6,4,3,11,78,110,106,41,142,140,137,84,10,6,3,9,64,84,86,36,119,115,114,73,9,5,2.75,10.38,72.88,91.0,96.62,38.75,134.88,129.12,124.0,78.88,9.25,5.62
Asphalt_0cm_S9,2026-04-02T20:30:17.003407,3,13,91,104,125,49,175,163,152,98,11,7,3,12,89,99,112,44,159,148,136,88,11,6,3,12,85,105,115,46,159,155,146,91,11,7,3,10,75,93,96,39,137,129,126,81,9,6,2,8,53,65,68,27,97,91,88,59,7,4,2,8,48,68,65,28,91,92,93,56,6,4,4,11,78,110,106,41,142,140,137,85,10,6,3,9,64,84,86,36,119,115,115,73,9,5,2.88,10.38,72.88,91.0,96.62,38.75,134.88,129.12,124.12,78.88,9.25,5.62
Asphalt_0cm_S9,2026-04-02T20:30:17.092587,3,13,91,104,124,49,175,162,151,98,12,7,3,12,89,99,112,44,159,147,136,88,11,6,3,12,85,105,115,46,159,155,147,91,11,6,3,10,75,92,96,39,137,129,126,81,9,5,2,8,53,65,68,27,97,91,88,59,7,4,2,8,48,68,65,28,91,92,93,56,6,4,4,11,78,110,106,41,142,140,137,85,10,6,3,9,64,84,86,36,119,115,115,73,9,5,2.88,10.38,72.88,90.88,96.5,38.75,134.88,128.88,124.12,78.88,9.38,5.38
Asphalt_0cm_S9,2026-04-02T20:30:17.187874,3,13,91,104,124,49,175,162,151,98,12,7,3,12,89,99,112,44,159,147,136,88,11,6,3,12,85,105,115,46,159,155,147,91,11,6,3,10,75,92,96,39,137,129,126,81,9,5,2,8,53,65,68,27,97,91,88,59,7,4,2,8,48,68,65,28,91,92,93,56,6,4,4,11,78,110,106,41,142,140,137,85,10,6,3,9,64,84,86,36,119,115,115,73,9,5,2.88,10.38,72.88,90.88,96.5,38.75,134.88,128.88,124.12,78.88,9.38,5.38
Asphalt_0cm_S9,2026-04-02T20:30:17.277003,3,13,91,104,124,49,175,162,151,98,12,7,3,12,89,99,112,44,159,147,136,88,11,6,3,12,85,105,115,46,159,155,147,91,11,6,3,10,75,92,96,39,137,129,126,81,9,5,2,8,53,65,68,27,97,92,88,59,7,4,2,8,48,68,65,29,91,91,93,57,6,4,4,11,78,110,106,41,142,140,137,85,10,6,3,9,64,84,86,36,119,115,115,73,9,5,2.88,10.38,72.88,90.88,96.5,38.88,134.88,128.88,124.12,79.0,9.38,5.38
Asphalt_0cm_S9,2026-04-02T20:30:17.379862,3,13,91,104,125,49,175,162,152,97,11,7,3,12,89,98,112,44,159,147,136,88,11,6,4,12,85,105,115,46,158,155,146,91,11,6,3,10,75,93,96,39,137,129,126,81,9,6,2,8,53,65,68,27,97,91,88,60,7,4,2,8,48,68,65,28,91,92,93,57,6,4,3,11,79,110,106,41,142,140,137,84,10,7,3,9,64,84,86,36,119,115,115,73,9,5,2.88,10.38,73.0,90.88,96.62,38.75,134.75,128.88,124.12,78.88,9.25,5.62
Asphalt_0cm_S9,2026-04-02T20:30:17.478657,3,13,91,104,125,49,175,162,152,97,11,7,3,12,89,98,112,44,159,147,136,88,11,6,4,12,85,105,115,46,158,155,146,91,11,6,3,10,75,93,96,39,137,129,126,81,9,6,2,8,53,65,68,27,97,92,88,60,7,4,2,8,48,68,65,28,91,92,93,57,6,4,3,11,79,110,106,41,142,140,137,84,10,7,3,9,64,84,86,36,119,115,115,73,9,5,2.88,10.38,73.0,90.88,96.62,38.75,134.75,129.0,124.12,78.88,9.25,5.62
Asphalt_0cm_S9,2026-04-02T20:30:17.571496,3,13,91,104,125,49,175,162,152,97,11,7,3,12,89,98,112,44,159,147,136,88,11,6,4,12,85,105,115,46,158,155,146,91,11,6,3,10,75,93,96,39,137,129,126,81,9,6,2,8,53,65,68,27,97,92,88,60,7,4,2,8,48,68,65,29,91,92,93,56,6,4,3,11,79,110,106,41,142,140,137,85,10,7,3,9,64,83,86,36,119,115,115,73,9,5,2.88,10.38,73.0,90.75,96.62,38.88,134.75,129.0,124.12,78.88,9.25,5.62
Asphalt_0cm_S9,2026-04-02T20:30:17.664707,3,13,91,104,125,49,175,162,152,97,11,7,3,12,89,98,112,44,159,147,136,88,11,6,4,12,85,105,115,46,158,155,146,91,11,6,3,10,75,93,96,39,137,129,126,81,9,6,2,8,53,65,68,27,97,92,88,60,7,4,2,8,48,68,65,29,91,92,93,56,6,4,3,11,79,110,106,41,142,140,137,85,10,7,3,9,64,83,86,36,119,115,115,73,9,5,2.88,10.38,73.0,90.75,96.62,38.88,134.75,129.0,124.12,78.88,9.25,5.62
Asphalt_0cm_S9,2026-04-02T20:30:17.753477,3,13,91,104,124,49,175,162,151,98,11,7,3,12,89,99,112,44,159,147,136,88,11,6,3,12,85,105,115,46,157,155,146,91,11,6,3,10,75,93,96,39,137,129,126,81,9,5,2,8,53,65,68,27,97,92,88,60,7,4,2,8,48,68,65,29,91,92,93,56,6,4,3,11,79,110,106,41,142,140,137,85,10,7,3,9,64,83,86,36,119,115,115,73,9,5,2.75,10.38,73.0,90.88,96.5,38.88,134.62,129.0,124.0,79.0,9.25,5.5
Asphalt_0cm_S9,2026-04-02T20:30:17.854844,3,13,91,104,124,49,175,162,151,98,11,7,3,12,89,99,111,44,159,147,136,88,11,6,3,12,85,105,115,46,158,155,147,91,11,6,3,10,75,93,96,39,137,129,126,81,9,6,2,8,53,65,68,27,97,92,88,60,7,4,2,8,48,68,65,29,91,92,93,56,6,4,4,11,78,110,106,41,142,140,137,84,10,6,3,9,64,84,86,36,119,115,115,73,9,5,2.88,10.38,72.88,91.0,96.38,38.88,134.75,129.0,124.12,78.88,9.25,5.5
Asphalt_0cm_S9,2026-04-02T20:30:17.950665,3,13,91,104,124,49,176,163,152,98,11,7,3,12,89,99,112,44,159,147,136,88,11,6,4,11,85,105,115,46,159,155,146,91,11,6,3,10,75,93,96,39,137,129,126,81,9,6,2,8,53,65,68,27,97,92,88,59,7,4,2,8,48,68,65,28,91,92,93,57,6,4,4,11,78,110,106,41,142,140,137,84,10,6,3,9,64,84,86,36,119,115,115,73,9,5,3.0,10.25,72.88,91.0,96.5,38.75,135.0,129.12,124.12,78.88,9.25,5.5
Asphalt_0cm_S9,2026-04-02T20:30:18.065069,3,13,91,104,124,49,176,163,152,98,11,7,3,12,89,99,112,44,159,147,136,88,11,6,4,11,85,105,115,46,159,155,146,91,11,6,3,10,75,93,96,39,137,129,126,81,9,6,2,8,53,65,68,27,97,92,88,59,7,4,2,8,48,68,65,28,91,92,93,57,6,4,4,11,78,110,106,41,142,140,137,84,10,6,3,9,64,84,86,36,119,115,115,73,9,5,3.0,10.25,72.88,91.0,96.5,38.75,135.0,129.12,124.12,78.88,9.25,5.5
Asphalt_0cm_S9,2026-04-02T20:30:18.153121,3,13,91,104,124,48,175,162,151,98,11,7,3,12,89,99,112,44,159,147,136,88,11,6,4,11,85,105,115,46,159,155,146,91,11,6,3,10,75,93,96,39,137,129,126,81,9,6,2,8,53,65,68,27,97,92,88,59,7,4,2,8,48,68,65,28,91,92,93,57,6,4,4,11,78,110,106,41,142,140,137,84,10,7,3,9,64,84,86,36,119,115,115,73,9,5,3.0,10.25,72.88,91.0,96.5,38.62,134.88,129.0,124.0,78.88,9.25,5.62
Asphalt_0cm_S9,2026-04-02T20:30:18.246533,3,13,91,104,124,48,175,162,151,98,11,7,3,12,89,99,112,44,159,147,136,88,11,6,4,11,85,105,115,46,159,155,146,91,11,6,3,10,75,93,96,39,137,129,126,81,9,6,2,8,53,65,68,27,97,92,88,59,7,4,2,8,48,68,65,28,91,92,93,57,6,4,4,11,78,110,106,41,142,140,137,84,10,7,3,9,64,84,86,36,119,115,115,73,9,5,3.0,10.25,72.88,91.0,96.5,38.62,134.88,129.0,124.0,78.88,9.25,5.62
Asphalt_0cm_S9,2026-04-02T20:30:18.336011,3,13,91,104,125,49,176,163,152,98,11,7,3,12,89,99,112,44,159,147,136,88,11,6,3,12,85,105,115,46,158,155,146,91,11,6,3,10,75,93,96,39,137,129,126,81,9,5,2,8,53,65,68,27,97,92,88,59,7,4,2,8,48,68,65,28,91,92,93,56,6,4,4,11,79,110,106,41,142,140,137,85,10,7,3,9,64,84,86,36,119,115,115,73,9,5,2.88,10.38,73.0,91.0,96.62,38.75,134.88,129.12,124.12,78.88,9.25,5.5
Asphalt_0cm_S9,2026-04-02T20:30:18.445547,3,13,91,104,125,48,175,163,151,97,11,7,3,12,89,99,112,45,159,147,136,88,11,6,3,12,85,105,115,46,158,155,146,91,11,6,2,10,75,93,96,39,137,129,126,81,9,5,2,8,53,65,68,27,97,92,88,60,7,4,2,8,48,68,65,29,91,92,93,57,6,4,4,11,79,110,106,41,142,140,137,85,10,7,3,9,64,84,86,36,119,115,115,73,9,5,2.75,10.38,73.0,91.0,96.62,38.88,134.75,129.12,124.0,79.0,9.25,5.5
Asphalt_0cm_S9,2026-04-02T20:30:18.539016,3,13,91,104,125,48,175,163,151,97,11,7,3,12,89,99,112,45,159,147,136,88,11,6,3,12,85,105,115,46,158,155,146,91,11,6,2,10,75,93,96,39,137,129,126,81,9,5,2,8,53,65,68,27,97,92,88,60,7,4,2,8,48,68,65,29,91,92,93,57,6,4,3,11,78,110,106,41,142,140,137,85,9,7,3,9,64,84,86,36,119,115,115,73,9,5,2.62,10.38,72.88,91.0,96.62,38.88,134.75,129.12,124.0,79.0,9.12,5.5
Asphalt_0cm_S9,2026-04-02T20:30:18.629132,3,13,91,104,125,48,175,163,151,97,11,7,3,12,89,99,112,45,159,147,136,88,11,6,3,12,85,105,115,46,158,155,146,91,11,6,2,10,75,93,96,39,137,129,126,81,9,5,2,8,53,65,68,27,97,92,88,60,7,4,2,8,48,68,65,29,91,92,93,57,6,4,3,11,78,110,106,41,142,140,137,85,9,7,3,9,64,84,86,36,119,115,115,73,9,5,2.62,10.38,72.88,91.0,96.62,38.88,134.75,129.12,124.0,79.0,9.12,5.5
Asphalt_0cm_S9,2026-04-02T20:30:18.717481,3,13,91,104,125,48,175,163,151,97,11,7,3,12,89,99,112,45,159,147,136,88,11,6,3,12,85,105,115,46,158,155,146,91,11,6,2,10,75,93,96,39,137,129,126,81,9,5,2,8,53,65,68,27,97,92,88,60,7,4,2,8,48,68,65,29,91,92,93,57,6,4,3,11,78,110,106,41,142,140,137,85,9,7,3,9,64,84,86,36,119,115,115,73,9,5,2.62,10.38,72.88,91.0,96.62,38.88,134.75,129.12,124.0,79.0,9.12,5.5
Asphalt_0cm_S9,2026-04-02T20:30:18.821260,3,13,91,104,125,48,175,163,151,97,11,7,3,12,89,99,112,45,159,147,136,88,11,6,3,12,85,105,115,46,158,155,146,91,11,6,2,10,75,93,96,39,137,129,126,81,9,5,2,8,53,65,68,27,97,92,88,60,7,4,2,8,48,68,65,29,91,92,93,57,6,4,3,11,78,110,106,41,142,140,137,85,9,7,3,9,64,84,86,36,119,115,115,73,9,5,2.62,10.38,72.88,91.0,96.62,38.88,134.75,129.12,124.0,79.0,9.12,5.5
Asphalt_0cm_S9,2026-04-02T20:30:18.906964,3,13,92,104,125,49,175,162,152,98,11,7,3,12,89,99,112,44,159,147,136,88,11,6,3,12,85,105,115,46,158,155,146,91,11,6,3,10,75,93,96,39,137,129,126,81,9,5,2,8,53,65,68,27,97,92,88,60,7,4,2,8,48,68,65,29,91,92,93,57,6,4,4,11,78,111,106,41,142,140,137,85,10,7,3,9,64,84,86,36,119,115,115,73,9,5,2.88,10.38,73.0,91.12,96.62,38.88,134.75,129.0,124.12,79.12,9.25,5.5
Asphalt_0cm_S9,2026-04-02T20:30:18.996154,3,13,92,104,125,49,175,162,152,98,11,7,3,12,89,99,112,44,159,147,136,88,11,6,3,12,85,105,115,46,158,155,146,91,11,6,3,10,75,93,96,39,137,129,126,81,9,5,2,8,53,65,68,27,97,92,88,60,7,4,2,8,48,68,65,29,91,92,93,57,6,4,4,11,78,111,106,41,142,140,137,85,10,7,3,9,64,84,86,36,119,115,115,73,9,5,2.88,10.38,73.0,91.12,96.62,38.88,134.75,129.0,124.12,79.12,9.25,5.5
Asphalt_0cm_S9,2026-04-02T20:30:19.082371,3,13,92,104,125,49,175,162,152,98,11,7,3,12,89,99,112,44,159,147,136,88,11,6,3,12,85,105,115,46,158,155,146,91,11,6,3,10,75,93,96,39,137,129,126,81,9,5,2,8,53,65,68,27,97,91,88,60,7,4,2,8,48,68,65,28,91,92,93,57,6,4,3,11,79,110,106,41,143,140,137,85,10,6,3,9,64,84,86,36,119,115,115,73,9,5,2.75,10.38,73.12,91.0,96.62,38.75,134.88,128.88,124.12,79.12,9.25,5.38
Asphalt_0cm_S9,2026-04-02T20:30:19.203970,3,13,91,104,125,49,176,163,152,98,11,7,3,12,88,99,112,44,159,147,136,88,11,6,3,12,85,105,115,46,158,155,146,91,11,6,3,10,75,93,96,39,137,129,126,81,9,5,2,8,53,65,68,27,97,91,88,60,7,4,2,8,48,68,65,28,91,92,93,57,6,4,3,11,79,110,106,41,143,140,137,85,10,6,3,9,64,84,86,36,119,115,115,73,9,5,2.75,10.38,72.88,91.0,96.62,38.75,135.0,129.0,124.12,79.12,9.25,5.38
Asphalt_0cm_S9,2026-04-02T20:30:19.311514,3,13,92,104,125,49,176,163,151,98,12,7,3,12,89,99,111,44,160,147,136,88,11,6,3,12,85,105,115,46,158,155,147,91,11,6,3,10,75,93,96,39,137,129,126,81,9,6,2,8,53,65,68,27,97,91,88,60,7,4,2,8,48,68,65,29,91,92,93,57,6,4,4,11,79,111,106,41,143,140,137,85,10,7,3,9,64,84,86,36,119,115,115,73,9,5,2.88,10.38,73.12,91.12,96.5,38.88,135.12,129.0,124.12,79.12,9.38,5.62
Asphalt_0cm_S9,2026-04-02T20:30:19.408200,3,13,92,104,125,49,176,163,151,98,12,7,3,12,89,99,111,44,160,147,136,88,11,6,3,12,85,105,115,46,158,155,147,91,11,6,3,10,75,93,96,39,137,129,126,81,9,6,2,8,53,65,68,27,97,91,88,60,7,4,2,8,48,68,65,29,91,92,93,57,6,4,4,11,79,111,106,41,143,140,137,85,10,7,3,9,64,84,86,36,119,115,115,73,9,5,2.88,10.38,73.12,91.12,96.5,38.88,135.12,129.0,124.12,79.12,9.38,5.62
Asphalt_0cm_S9,2026-04-02T20:30:19.499852,3,13,92,104,125,48,175,163,151,98,11,7,3,12,89,99,112,44,160,147,136,88,11,6,3,12,85,105,115,46,158,155,146,91,11,6,3,10,75,92,96,38,137,129,126,81,9,6,2,8,53,65,68,27,97,92,88,60,7,4,2,8,48,68,65,28,91,92,93,57,6,4,3,11,79,111,106,42,142,140,138,85,10,7,3,9,64,84,86,36,119,115,115,73,9,5,2.75,10.38,73.12,91.0,96.62,38.62,134.88,129.12,124.12,79.12,9.25,5.62
Asphalt_0cm_S9,2026-04-02T20:30:19.611239,3,13,92,104,125,48,175,163,151,98,11,7,3,12,89,99,112,44,160,147,136,88,11,6,3,12,85,105,115,46,158,155,146,91,11,6,3,10,75,92,96,38,137,129,126,81,9,6,2,8,53,65,68,27,97,92,88,60,7,4,2,8,48,68,65,28,91,92,93,57,6,4,3,11,79,111,106,42,142,140,138,85,10,7,3,9,64,84,86,36,119,115,115,73,9,5,2.75,10.38,73.12,91.0,96.62,38.62,134.88,129.12,124.12,79.12,9.25,5.62
Asphalt_0cm_S9,2026-04-02T20:30:19.698803,3,13,92,104,125,49,176,163,152,98,11,7,3,12,89,99,112,44,159,147,136,88,11,6,3,12,85,105,115,46,158,155,146,91,11,6,3,10,75,93,96,39,137,129,126,81,9,6,2,8,53,65,68,27,97,91,88,60,7,4,2,8,48,68,65,29,91,92,93,57,6,4,3,11,79,111,106,42,143,141,137,85,9,7,3,9,64,84,86,36,119,115,115,73,9,5,2.75,10.38,73.12,91.12,96.62,39.0,135.0,129.12,124.12,79.12,9.12,5.62
Asphalt_0cm_S9,2026-04-02T20:30:19.789133,3,13,91,104,125,49,175,163,152,98,12,7,3,12,89,99,112,44,159,147,136,88,11,6,3,12,85,105,115,46,158,155,146,91,11,6,2,10,75,93,96,39,137,129,126,81,9,5,2,8,53,65,68,27,97,92,88,60,7,4,3,8,48,68,66,29,91,92,93,57,6,4,3,11,79,111,106,42,143,141,137,85,9,7,3,9,64,84,86,36,119,115,114,73,9,5,2.75,10.38,73.0,91.12,96.75,39.0,134.88,129.25,124.0,79.12,9.25,5.5
Asphalt_0cm_S9,2026-04-02T20:30:19.883245,3,13,91,104,125,49,175,163,152,98,12,7,3,12,89,99,112,44,159,147,136,88,11,6,3,12,85,105,115,46,158,155,146,91,11,6,2,10,75,93,96,39,137,129,126,81,9,5,2,8,53,65,68,27,97,92,88,60,7,4,3,8,48,68,66,29,91,92,93,57,6,4,3,11,79,111,107,41,143,140,138,85,9,6,3,9,64,84,86,36,119,115,115,73,9,5,2.75,10.38,73.0,91.12,96.88,38.88,134.88,129.12,124.25,79.12,9.25,5.38
Asphalt_0cm_S9,2026-04-02T20:30:19.971777,3,13,91,104,125,49,175,163,152,98,12,7,3,12,89,99,112,44,159,147,136,88,11,6,3,12,85,105,115,46,158,155,146,91,11,6,2,10,75,93,96,39,137,129,126,81,9,5,2,8,53,65,68,27,97,92,88,60,7,4,3,8,48,68,66,29,91,92,93,57,6,4,3,11,79,111,107,41,143,140,138,85,9,6,3,9,64,84,86,36,119,115,115,73,9,5,2.75,10.38,73.0,91.12,96.88,38.88,134.88,129.12,124.25,79.12,9.25,5.38
Asphalt_0cm_S9,2026-04-02T20:30:20.061057,3,13,92,104,125,49,176,163,152,98,11,7,3,12,89,99,112,44,160,148,136,88,11,6,3,12,85,105,115,46,158,155,146,91,11,6,2,10,75,93,96,39,137,129,126,81,9,5,2,8,53,65,69,27,97,92,88,60,7,4,2,8,48,68,65,28,92,92,93,57,6,4,3,11,79,111,107,42,143,141,138,85,10,7,3,9,64,84,86,36,119,115,115,73,9,5,2.62,10.38,73.12,91.12,96.88,38.88,135.25,129.38,124.25,79.12,9.25,5.5
Asphalt_0cm_S9,2026-04-02T20:30:20.148352,3,13,92,104,125,49,176,163,152,98,11,7,3,12,89,99,112,44,160,148,136,88,11,6,4,12,85,105,115,46,159,155,147,91,12,6,3,10,75,93,96,39,137,129,126,81,9,5,2,8,53,65,68,27,97,92,89,60,7,4,2,8,48,68,66,29,92,92,93,57,6,4,3,11,79,111,107,42,143,141,138,85,10,7,3,9,64,84,86,36,119,115,115,73,9,5,2.88,10.38,73.12,91.12,96.88,39.0,135.38,129.38,124.5,79.12,9.38,5.5
Asphalt_0cm_S9,2026-04-02T20:30:20.247561,3,13,92,104,125,49,176,163,152,98,11,7,3,12,89,99,112,44,160,148,136,88,11,6,4,12,85,105,115,46,159,155,147,91,12,6,3,10,75,93,96,39,137,129,126,81,9,5,2,8,53,65,68,27,97,92,89,60,7,4,2,8,48,68,66,29,92,92,93,57,6,4,3,11,79,111,107,42,143,141,138,85,10,7,3,9,64,84,86,36,119,115,115,73,9,5,2.88,10.38,73.12,91.12,96.88,39.0,135.38,129.38,124.5,79.12,9.38,5.5
Asphalt_0cm_S9,2026-04-02T20:30:20.360263,3,13,92,104,125,49,176,163,151,98,12,7,3,12,89,99,112,44,160,148,137,88,11,6,4,12,85,105,115,46,159,155,147,91,11,6,3,10,75,93,96,39,137,129,126,81,9,6,2,8,53,65,68,27,97,92,88,60,7,4,2,8,48,68,65,28,92,92,93,57,6,4,3,11,79,111,107,42,143,141,138,85,10,7,3,9,64,84,86,36,119,115,115,73,9,5,2.88,10.38,73.12,91.12,96.75,38.88,135.38,129.38,124.38,79.12,9.38,5.62
Asphalt_0cm_S9,2026-04-02T20:30:20.449632,3,13,92,104,125,49,176,163,152,98,12,7,3,12,89,99,112,44,160,148,137,88,11,6,3,12,85,105,115,46,159,155,147,91,11,6,3,10,75,93,96,39,137,129,126,81,9,6,2,8,53,65,68,27,97,92,88,60,7,4,2,8,48,68,65,28,92,92,93,57,6,4,3,11,79,111,107,42,143,141,138,85,10,7,3,9,64,84,86,36,119,115,115,73,9,5,2.75,10.38,73.12,91.12,96.75,38.88,135.38,129.38,124.5,79.12,9.38,5.62
Asphalt_0cm_S9,2026-04-02T20:30:20.534362,3,13,92,104,125,49,176,163,152,98,12,7,3,12,89,99,112,44,160,148,137,88,11,6,3,12,85,105,115,46,159,155,147,91,11,6,3,10,75,93,96,39,137,129,126,81,9,5,2,8,53,65,68,27,97,92,88,60,7,4,2,8,48,68,65,28,92,92,93,57,6,4,3,11,79,111,107,42,143,141,138,85,10,7,3,9,64,84,86,36,119,115,115,73,9,5,2.75,10.38,73.12,91.12,96.75,38.88,135.38,129.38,124.5,79.12,9.38,5.5
Asphalt_0cm_S9,2026-04-02T20:30:20.624188,3,13,92,104,125,49,176,163,152,98,12,7,3,12,89,99,112,44,160,148,137,88,11,6,3,12,85,105,115,46,159,155,147,91,11,6,3,10,75,93,96,39,137,129,126,81,9,5,2,8,53,65,68,27,97,92,88,60,7,4,2,8,48,68,65,28,92,92,93,57,6,4,3,11,79,111,107,42,143,141,138,85,10,7,3,9,64,84,86,36,119,115,115,73,9,5,2.75,10.38,73.12,91.12,96.75,38.88,135.38,129.38,124.5,79.12,9.38,5.5
Asphalt_0cm_S9,2026-04-02T20:30:20.711721,3,13,92,104,125,49,176,163,152,98,12,7,3,12,89,99,112,44,160,148,137,88,11,6,3,12,85,105,115,46,159,155,147,91,11,6,3,10,75,93,96,39,137,129,126,81,9,5,2,8,53,65,68,27,97,92,88,60,7,4,2,8,48,68,65,28,92,92,93,57,6,4,3,11,79,111,107,42,143,141,138,85,10,7,3,9,64,84,86,36,119,115,115,73,9,5,2.75,10.38,73.12,91.12,96.75,38.88,135.38,129.38,124.5,79.12,9.38,5.5
Asphalt_0cm_S9,2026-04-02T20:30:20.814729,3,13,92,104,125,49,176,163,152,98,11,7,3,12,89,99,112,44,160,148,136,88,11,6,4,12,85,105,115,46,159,155,147,91,11,6,3,10,75,93,96,39,137,129,126,81,9,5,2,8,53,65,68,27,97,92,88,60,7,4,2,8,48,68,65,28,92,92,93,57,6,4,3,11,79,111,107,42,143,141,138,85,10,7,3,9,64,84,86,36,119,115,115,73,9,5,2.88,10.38,73.12,91.12,96.75,38.88,135.38,129.38,124.38,79.12,9.25,5.5
Asphalt_0cm_S9,2026-04-02T20:30:20.929357,3,13,92,104,125,49,176,163,152,98,11,7,3,12,89,99,112,44,160,148,136,88,11,6,4,12,85,105,115,46,159,155,147,91,11,6,3,10,75,93,96,39,137,129,126,81,9,5,2,8,53,65,68,27,97,92,88,60,7,4,2,8,48,68,66,28,91,92,93,56,6,4,4,11,79,111,107,42,144,141,138,85,10,7,3,9,64,84,86,36,119,116,115,73,9,5,3.0,10.38,73.12,91.12,96.88,38.88,135.38,129.5,124.38,79.0,9.25,5.5
Asphalt_0cm_S9,2026-04-02T20:30:21.047417,3,13,92,104,125,49,176,163,152,98,11,7,3,12,89,99,112,44,160,147,136,88,11,6,3,12,85,105,115,46,159,155,147,91,11,7,2,10,75,93,96,39,137,129,126,81,9,6,2,8,53,65,68,27,97,92,88,60,7,4,2,8,48,68,65,29,91,92,93,57,6,4,3,11,79,111,107,42,144,141,138,85,9,7,3,9,64,84,86,36,119,115,115,73,9,5,2.62,10.38,73.12,91.12,96.75,39.0,135.38,129.25,124.38,79.12,9.12,5.75
Asphalt_0cm_S9,2026-04-02T20:30:21.133157,3,13,92,104,125,49,176,163,152,98,11,7,3,12,89,99,112,44,160,147,136,88,11,6,3,12,85,105,115,46,159,155,147,91,11,7,2,10,75,93,96,39,137,129,126,81,9,6,2,8,53,65,68,27,97,92,88,60,7,4,2,8,48,68,65,29,91,92,93,57,6,4,3,11,79,111,107,42,144,141,138,85,9,7,3,9,64,84,86,36,119,115,115,73,9,5,2.62,10.38,73.12,91.12,96.75,39.0,135.38,129.25,124.38,79.12,9.12,5.75
Asphalt_0cm_S9,2026-04-02T20:30:21.223804,3,13,92,104,125,49,176,163,152,98,11,7,3,12,89,99,112,44,160,147,136,88,11,6,3,12,85,105,115,46,159,155,147,91,11,7,2,10,75,93,96,39,137,129,126,81,9,6,2,8,53,65,68,27,97,92,88,60,7,4,2,8,48,68,65,29,91,92,93,57,6,4,3,11,79,111,107,42,144,141,138,85,9,7,3,9,64,84,86,36,119,115,115,73,9,5,2.62,10.38,73.12,91.12,96.75,39.0,135.38,129.25,124.38,79.12,9.12,5.75
Asphalt_0cm_S9,2026-04-02T20:30:21.338694,3,13,92,104,125,49,176,163,152,98,11,7,3,12,89,99,112,44,160,147,136,88,11,6,3,12,85,105,115,46,159,155,147,91,11,7,2,10,75,93,96,39,137,129,126,81,9,6,2,8,53,65,68,27,97,92,88,60,7,4,2,8,48,68,65,29,91,92,93,57,6,4,3,11,79,111,107,42,144,141,138,85,9,7,3,9,64,84,86,36,119,115,115,73,9,5,2.62,10.38,73.12,91.12,96.75,39.0,135.38,129.25,124.38,79.12,9.12,5.75
Asphalt_0cm_S9,2026-04-02T20:30:21.435265,3,13,92,104,125,49,176,163,152,98,12,7,3,12,89,100,112,44,160,148,137,89,11,6,3,12,85,105,115,46,159,155,147,91,11,6,2,10,75,93,96,39,137,129,126,81,9,6,2,8,53,65,68,27,97,92,89,60,7,4,2,8,48,68,65,28,92,92,93,57,6,4,4,11,79,111,107,42,144,141,138,85,10,7,3,9,64,84,86,36,119,116,115,73,9,5,2.75,10.38,73.12,91.25,96.75,38.88,135.5,129.5,124.62,79.25,9.38,5.62
Asphalt_0cm_S9,2026-04-02T20:30:21.522039,3,13,92,104,125,49,176,163,152,98,12,7,3,12,89,100,112,44,160,148,137,89,11,6,3,12,85,105,115,46,159,155,147,91,11,6,2,10,75,93,96,39,137,129,126,81,9,6,2,8,53,65,68,27,97,92,89,60,7,4,3,8,48,68,65,29,92,92,93,57,6,4,4,11,79,111,107,42,144,141,138,85,10,7,3,9,64,84,86,36,119,115,115,73,9,5,2.88,10.38,73.12,91.25,96.75,39.0,135.5,129.38,124.62,79.25,9.38,5.62
Asphalt_0cm_S9,2026-04-02T20:30:21.614990,3,13,92,104,125,49,176,163,152,98,11,7,3,12,89,100,112,44,160,148,137,89,11,6,3,12,85,105,115,46,159,155,147,91,11,6,2,10,75,93,96,39,137,129,126,81,9,6,2,8,53,65,68,27,97,92,89,60,7,4,3,8,48,68,65,29,92,92,93,57,6,4,4,11,79,111,107,42,144,141,138,85,10,7,3,9,64,84,86,36,119,115,115,73,9,5,2.88,10.38,73.12,91.25,96.75,39.0,135.5,129.38,124.62,79.25,9.25,5.62
Asphalt_0cm_S9,2026-04-02T20:30:21.700536,3,13,92,104,125,49,176,163,152,98,11,7,3,12,89,100,112,44,160,148,137,89,11,6,3,12,85,105,115,46,159,155,147,91,11,6,2,10,75,93,96,39,137,129,126,81,9,6,2,8,53,65,68,27,97,92,89,60,7,4,3,8,48,68,65,29,92,92,93,57,6,4,4,11,79,111,107,42,144,141,138,85,10,7,3,9,64,84,86,36,119,115,115,73,9,5,2.88,10.38,73.12,91.25,96.75,39.0,135.5,129.38,124.62,79.25,9.25,5.62
Asphalt_0cm_S9,2026-04-02T20:30:21.805937,3,13,92,104,125,49,176,163,152,98,11,7,3,12,89,100,112,44,160,148,137,89,11,6,3,12,85,105,115,46,159,155,147,91,11,6,2,10,75,93,96,39,137,129,126,81,9,6,2,8,53,65,68,27,97,92,89,60,7,4,3,8,48,68,65,29,92,92,93,57,6,4,4,11,79,111,107,42,144,141,138,85,10,7,3,9,64,84,86,36,119,115,115,73,9,5,2.88,10.38,73.12,91.25,96.75,39.0,135.5,129.38,124.62,79.25,9.25,5.62
Asphalt_0cm_S9,2026-04-02T20:30:21.905354,3,13,92,104,125,49,176,163,152,98,11,7,3,12,89,100,112,44,160,148,137,89,11,6,3,12,85,105,115,46,159,155,147,91,11,6,2,10,75,93,96,39,137,129,126,81,9,6,2,8,53,65,68,27,97,92,89,60,7,4,3,8,48,68,65,29,92,92,93,57,6,4,4,11,79,111,107,42,144,141,138,85,10,7,3,9,64,84,86,36,119,115,115,73,9,5,2.88,10.38,73.12,91.25,96.75,39.0,135.5,129.38,124.62,79.25,9.25,5.62
Asphalt_0cm_S9,2026-04-02T20:30:22.006792,3,13,92,104,125,49,176,163,152,98,11,7,3,12,89,100,112,44,160,148,137,89,11,6,3,12,85,105,115,46,159,155,147,91,11,6,2,10,75,93,96,39,137,129,126,81,9,6,2,8,53,65,68,27,97,92,89,60,7,4,3,8,48,68,65,29,92,92,93,57,6,4,4,11,79,111,107,42,144,141,138,85,10,7,3,9,64,84,86,36,119,115,115,73,9,5,2.88,10.38,73.12,91.25,96.75,39.0,135.5,129.38,124.62,79.25,9.25,5.62
Asphalt_0cm_S9,2026-04-02T20:30:22.089196,3,13,92,104,125,49,176,163,152,98,11,7,3,12,89,100,112,44,160,148,137,89,11,6,3,12,85,105,115,46,159,155,147,91,11,6,2,10,75,93,96,39,137,129,126,81,9,6,2,8,53,65,68,27,97,92,89,60,7,4,3,8,48,68,65,29,92,92,93,57,6,4,4,11,79,111,107,42,144,141,138,85,10,7,3,9,64,84,86,36,119,115,115,73,9,5,2.88,10.38,73.12,91.25,96.75,39.0,135.5,129.38,124.62,79.25,9.25,5.62
Asphalt_0cm_S9,2026-04-02T20:30:22.180234,3,13,92,104,125,49,176,163,151,98,11,7,3,12,89,99,112,45,160,148,137,88,11,6,3,12,85,105,115,46,159,155,147,91,11,6,3,10,75,93,96,39,137,129,126,81,9,6,2,8,53,65,68,27,97,92,88,60,7,4,2,8,48,68,65,28,92,92,93,57,6,4,3,11,80,112,107,42,144,142,139,85,10,7,3,9,64,84,86,36,119,115,115,73,9,5,2.75,10.38,73.25,91.25,96.75,39.0,135.5,129.5,124.5,79.12,9.25,5.62
Asphalt_0cm_S9,2026-04-02T20:30:22.264190,3,13,92,104,125,49,176,163,152,98,11,7,3,12,89,99,112,44,160,148,137,88,11,6,3,12,85,105,115,46,159,155,147,91,11,6,3,10,75,93,96,39,137,129,126,81,9,6,2,8,53,65,68,27,97,92,88,60,7,4,2,8,48,68,65,28,92,92,93,57,6,4,3,11,80,112,107,42,144,142,139,85,10,7,3,9,64,84,86,36,119,115,115,73,9,5,2.75,10.38,73.25,91.25,96.75,38.88,135.5,129.5,124.62,79.12,9.25,5.62
Asphalt_0cm_S9,2026-04-02T20:30:22.347165,3,13,92,104,125,49,176,163,152,98,11,7,3,12,89,99,112,44,160,148,137,88,11,6,3,12,85,105,115,46,159,155,147,91,11,6,3,10,75,93,96,39,137,129,126,81,9,6,2,8,53,65,68,27,97,92,88,60,7,4,2,8,48,68,66,29,92,92,93,57,6,4,4,11,80,112,108,42,144,142,139,85,10,7,3,9,64,84,86,36,119,115,115,73,9,5,2.88,10.38,73.25,91.25,97.0,39.0,135.5,129.5,124.62,79.12,9.25,5.62
Asphalt_0cm_S9,2026-04-02T20:30:22.449225,3,13,92,105,125,49,176,163,152,98,12,7,3,12,89,100,112,45,160,148,137,89,11,6,4,12,86,105,116,46,159,155,147,91,11,6,3,10,75,93,96,39,137,129,126,81,9,5,2,8,53,65,68,27,97,92,88,60,7,4,2,8,48,68,66,29,92,92,93,57,6,4,4,11,80,112,108,42,144,142,139,85,10,7,3,9,64,84,86,36,119,115,115,73,9,5,3.0,10.38,73.38,91.5,97.12,39.12,135.5,129.5,124.62,79.25,9.38,5.5
Asphalt_0cm_S9,2026-04-02T20:30:22.576402,3,13,92,105,125,49,176,163,152,98,12,7,3,12,89,100,112,45,160,148,137,89,11,6,4,12,86,105,116,46,159,155,147,91,11,6,3,10,75,93,96,39,137,129,126,81,9,5,2,8,53,65,68,27,97,92,89,60,7,4,2,8,48,68,66,29,92,92,93,57,6,4,3,11,80,112,108,42,144,141,139,85,10,7,3,9,64,84,86,36,119,115,115,73,9,5,2.88,10.38,73.38,91.5,97.12,39.12,135.5,129.38,124.75,79.25,9.38,5.5
Asphalt_0cm_S9,2026-04-02T20:30:22.697314,3,13,92,104,125,49,176,163,152,98,11,7,3,12,89,99,112,45,160,148,137,89,11,6,4,12,85,105,115,46,159,155,147,91,12,6,3,10,75,93,96,39,137,129,126,81,9,5,2,8,53,65,68,27,97,92,88,60,7,4,2,8,48,68,66,29,91,92,93,57,6,4,3,11,80,112,108,42,144,142,139,85,10,7,3,9,64,84,86,36,119,115,115,73,9,5,2.88,10.38,73.25,91.25,97.0,39.12,135.38,129.5,124.62,79.25,9.38,5.5
Asphalt_0cm_S9,2026-04-02T20:30:22.788546,3,13,92,104,125,49,176,163,152,98,11,7,3,12,89,99,112,45,160,148,137,89,11,6,4,12,85,105,115,46,159,155,147,91,12,6,3,10,75,93,96,39,137,129,126,81,9,5,2,8,53,65,68,27,97,92,88,60,7,4,2,8,48,68,66,29,91,92,93,57,6,4,3,11,80,112,108,42,144,142,139,85,10,7,3,9,64,84,86,36,119,115,115,73,9,5,2.88,10.38,73.25,91.25,97.0,39.12,135.38,129.5,124.62,79.25,9.38,5.5
Asphalt_0cm_S9,2026-04-02T20:30:22.901633,3,13,92,104,125,49,176,163,152,98,12,7,3,12,89,99,112,44,160,148,137,88,11,6,4,12,85,105,115,46,159,155,147,91,11,6,3,10,75,93,96,39,137,129,126,81,9,6,2,8,53,65,68,27,97,92,89,60,7,4,2,8,48,68,66,29,91,92,93,57,6,4,3,11,80,112,107,42,144,142,139,85,10,7,3,9,64,84,86,36,119,116,115,73,9,6,2.88,10.38,73.25,91.25,96.88,39.0,135.38,129.62,124.75,79.12,9.38,5.75
Asphalt_0cm_S9,2026-04-02T20:30:23.014373,3,13,92,104,125,49,176,163,152,98,12,7,3,12,89,99,112,44,160,148,137,88,11,6,3,12,85,105,115,46,159,155,147,91,11,6,3,10,75,93,96,39,137,129,126,81,9,5,2,8,53,65,68,27,97,92,88,60,7,4,2,8,48,68,66,29,92,92,93,57,6,4,4,11,80,112,108,42,144,142,139,85,10,7,3,9,64,84,86,36,119,115,115,73,9,5,2.88,10.38,73.25,91.25,97.0,39.0,135.5,129.5,124.62,79.12,9.38,5.5
Asphalt_0cm_S9,2026-04-02T20:30:23.122864,3,13,92,104,125,49,176,163,152,98,11,7,3,12,89,99,112,44,160,148,137,88,11,6,3,12,85,105,115,46,159,155,147,91,11,6,3,10,75,93,96,39,137,129,126,81,9,5,2,8,53,65,68,27,97,92,88,60,7,4,2,8,48,68,66,29,92,92,93,57,6,4,4,11,80,112,108,42,144,142,139,85,10,7,3,9,64,84,86,36,119,115,115,73,9,5,2.88,10.38,73.25,91.25,97.0,39.0,135.5,129.5,124.62,79.12,9.25,5.5
Asphalt_0cm_S9,2026-04-02T20:30:23.215159,3,13,92,104,125,49,176,163,152,98,11,7,3,12,89,99,112,44,160,148,137,88,11,6,3,12,85,105,115,46,159,155,147,91,11,6,3,10,75,93,96,39,137,129,126,81,9,5,2,8,53,65,68,27,97,92,88,60,7,4,2,8,48,68,66,29,92,92,93,57,6,4,4,11,80,112,108,42,144,142,139,85,10,7,3,9,64,84,86,36,119,115,115,73,9,5,2.88,10.38,73.25,91.25,97.0,39.0,135.5,129.5,124.62,79.12,9.25,5.5
Asphalt_0cm_S9,2026-04-02T20:30:23.298130,3,13,92,104,125,49,176,163,152,98,11,7,3,12,89,99,112,44,160,148,137,88,11,6,3,12,85,105,115,46,159,155,147,91,11,6,3,10,75,93,96,39,137,129,126,81,9,5,2,8,53,65,68,27,97,92,88,60,7,4,2,8,48,68,66,29,92,92,93,57,6,4,4,11,80,112,108,42,144,142,139,85,10,7,3,9,64,84,86,36,119,115,115,73,9,5,2.88,10.38,73.25,91.25,97.0,39.0,135.5,129.5,124.62,79.12,9.25,5.5
Asphalt_0cm_S9,2026-04-02T20:30:23.392093,3,13,92,104,125,49,176,163,152,98,11,7,3,12,89,99,112,44,160,148,137,88,11,6,3,12,85,105,115,46,159,155,147,91,11,6,3,10,75,93,96,39,137,129,126,81,9,5,2,8,53,65,68,27,97,92,88,60,7,4,2,8,48,68,66,29,92,92,93,57,6,4,4,11,80,112,108,42,144,142,139,85,10,7,3,9,64,84,86,36,119,115,115,73,9,5,2.88,10.38,73.25,91.25,97.0,39.0,135.5,129.5,124.62,79.12,9.25,5.5
Asphalt_0cm_S9,2026-04-02T20:30:23.476014,3,13,92,104,125,49,176,163,152,98,11,7,3,12,89,99,112,44,160,148,137,88,11,6,3,12,85,105,115,46,159,155,147,91,11,6,3,10,75,93,96,39,137,129,126,81,9,5,2,8,53,65,68,27,97,92,88,60,7,4,2,8,48,68,66,29,92,92,93,57,6,4,4,11,80,112,108,42,144,142,139,85,10,7,3,9,64,84,86,36,119,115,115,73,9,5,2.88,10.38,73.25,91.25,97.0,39.0,135.5,129.5,124.62,79.12,9.25,5.5
Asphalt_0cm_S9,2026-04-02T20:30:23.583248,3,13,92,104,125,49,176,163,152,98,11,7,3,12,89,99,112,44,160,148,137,88,11,6,3,12,85,105,115,46,159,155,147,91,11,6,3,10,75,93,96,39,137,129,126,81,9,5,2,8,53,65,69,27,97,92,88,60,7,4,3,8,48,68,66,29,92,92,93,57,6,4,3,11,80,112,108,42,144,141,139,85,10,6,3,9,64,84,86,36,119,115,115,73,9,5,2.88,10.38,73.25,91.25,97.12,39.0,135.5,129.38,124.62,79.12,9.25,5.38
Asphalt_0cm_S9,2026-04-02T20:30:23.675486,3,13,92,104,125,49,176,163,152,98,12,7,3,12,89,99,112,45,160,148,137,88,11,6,4,12,85,106,115,46,159,155,147,91,11,6,3,10,76,93,96,39,137,130,126,81,9,6,2,8,53,65,69,27,97,92,88,60,7,4,2,8,48,68,65,29,91,92,93,57,6,4,3,11,80,112,107,42,144,141,138,85,10,7,3,9,64,84,86,36,119,115,115,73,9,5,2.88,10.38,73.38,91.38,96.88,39.12,135.38,129.5,124.5,79.12,9.38,5.62
Asphalt_0cm_S9,2026-04-02T20:30:23.773493,3,13,92,104,125,49,176,163,152,98,11,7,3,12,89,99,112,44,160,148,137,88,11,6,4,12,85,105,115,47,159,155,147,91,12,6,2,10,75,93,96,39,137,129,126,81,9,6,2,8,53,65,68,27,97,92,89,60,7,4,2,8,48,68,65,29,92,92,93,57,6,4,3,11,79,112,107,42,144,142,139,85,10,7,3,9,64,84,86,36,119,115,115,73,9,5,2.75,10.38,73.12,91.25,96.75,39.12,135.5,129.5,124.75,79.12,9.38,5.62
Asphalt_0cm_S9,2026-04-02T20:30:23.872226,3,13,92,104,125,49,176,163,152,98,11,7,3,12,89,99,112,44,160,148,137,88,11,6,4,12,85,105,115,47,159,155,147,91,12,6,2,10,75,93,96,39,137,129,126,81,9,6,2,8,53,65,68,27,97,92,89,60,7,4,2,8,48,68,65,29,92,92,93,57,6,4,3,11,79,112,107,42,144,142,139,85,10,7,3,9,64,84,86,36,119,115,115,73,9,5,2.75,10.38,73.12,91.25,96.75,39.12,135.5,129.5,124.75,79.12,9.38,5.62
Asphalt_0cm_S9,2026-04-02T20:30:23.958475,3,13,92,104,125,49,176,163,152,98,11,7,3,12,89,99,112,44,160,148,137,88,11,6,4,12,85,105,115,47,159,155,147,91,12,6,2,10,75,93,96,39,137,129,126,81,9,6,2,8,53,65,68,27,97,92,89,60,7,4,2,8,48,68,65,29,92,92,93,57,6,4,3,11,79,112,107,42,144,142,139,85,10,7,3,9,64,84,86,36,119,115,115,73,9,5,2.75,10.38,73.12,91.25,96.75,39.12,135.5,129.5,124.75,79.12,9.38,5.62
Asphalt_0cm_S9,2026-04-02T20:30:24.055499,3,13,92,104,125,49,176,163,152,98,11,7,3,12,89,99,112,44,160,148,137,88,11,6,4,12,85,105,115,47,159,155,147,91,12,6,2,10,75,93,96,39,137,129,126,81,9,6,2,8,53,65,68,27,97,92,89,60,7,4,2,8,48,68,65,29,92,92,93,57,6,4,3,11,79,112,107,42,144,142,139,85,10,7,3,9,64,84,86,36,119,115,115,73,9,5,2.75,10.38,73.12,91.25,96.75,39.12,135.5,129.5,124.75,79.12,9.38,5.62
Asphalt_0cm_S9,2026-04-02T20:30:24.165859,3,13,92,104,125,49,176,163,152,98,12,7,3,12,89,100,112,45,160,148,137,88,11,6,4,12,85,105,115,47,159,155,147,91,12,6,2,10,75,93,96,39,137,129,126,81,9,6,2,8,53,65,68,27,97,92,89,60,7,4,2,8,48,68,65,29,92,92,93,57,6,4,4,11,80,112,107,42,144,141,139,85,10,7,3,9,64,84,86,36,119,115,115,73,9,5,2.88,10.38,73.25,91.38,96.75,39.25,135.5,129.38,124.75,79.12,9.5,5.62
Asphalt_0cm_S9,2026-04-02T20:30:24.259827,3,13,92,104,125,49,176,163,152,98,12,7,3,12,89,100,112,44,160,148,137,89,11,6,4,12,85,105,115,46,159,155,147,91,11,6,3,10,75,93,97,39,137,130,126,81,9,5,2,8,53,65,68,27,97,92,88,60,7,4,2,8,48,68,66,29,92,92,93,57,6,4,3,11,80,111,107,42,144,141,138,85,10,7,3,9,64,84,86,36,119,115,115,73,9,5,2.88,10.38,73.25,91.25,97.0,39.0,135.5,129.5,124.5,79.25,9.38,5.5
Asphalt_0cm_S9,2026-04-02T20:30:24.346748,3,13,92,105,125,49,176,163,152,98,12,7,3,12,89,100,112,44,160,148,137,89,11,6,4,12,85,105,115,46,159,155,147,91,11,6,3,10,75,93,97,39,137,130,126,81,9,5,2,8,53,65,68,27,97,92,88,60,7,4,2,8,48,68,66,29,92,92,93,57,6,4,3,11,80,112,107,42,144,141,138,85,10,7,3,9,64,84,86,36,119,116,115,73,9,5,2.88,10.38,73.25,91.5,97.0,39.0,135.5,129.62,124.5,79.25,9.38,5.5
Asphalt_0cm_S9,2026-04-02T20:30:24.447908,3,13,92,105,125,49,176,163,152,98,12,7,3,12,89,100,112,44,160,148,137,88,11,6,3,12,85,105,115,46,159,155,147,91,11,6,3,10,75,93,96,39,138,130,126,81,9,5,2,8,53,65,68,27,97,92,88,60,7,4,2,8,48,68,65,29,92,92,93,57,6,4,4,11,79,112,107,42,144,141,138,85,10,7,3,9,64,84,86,36,119,116,115,73,9,5,2.88,10.38,73.12,91.5,96.75,39.0,135.62,129.62,124.5,79.12,9.38,5.5
Asphalt_0cm_S9,2026-04-02T20:30:24.536632,3,13,92,105,125,49,176,163,152,98,12,7,3,12,89,100,112,44,160,148,137,88,11,6,3,12,85,105,115,46,159,155,147,91,11,6,3,10,75,93,96,39,138,130,126,81,9,5,2,8,53,65,68,27,97,92,88,60,7,4,2,8,48,68,65,29,92,92,93,57,6,4,4,11,79,112,107,42,144,141,138,85,10,7,3,9,64,84,86,36,119,115,115,73,9,5,2.88,10.38,73.12,91.5,96.75,39.0,135.62,129.5,124.5,79.12,9.38,5.5
Asphalt_0cm_S9,2026-04-02T20:30:24.640963,3,13,92,105,125,49,176,163,152,98,12,7,3,12,89,100,112,44,160,148,137,88,11,6,3,12,85,105,115,46,159,155,147,91,11,6,3,10,75,93,96,39,138,130,126,81,9,5,2,8,53,65,68,27,97,92,88,60,7,4,2,8,48,68,65,29,92,92,93,57,6,4,4,11,79,112,107,42,144,141,138,85,10,7,3,9,64,84,86,36,119,115,115,73,9,5,2.88,10.38,73.12,91.5,96.75,39.0,135.62,129.5,124.5,79.12,9.38,5.5
Asphalt_0cm_S9,2026-04-02T20:30:24.754592,3,13,92,105,125,49,176,163,152,98,12,7,3,12,89,100,112,44,160,148,137,88,11,6,3,12,85,105,115,46,159,155,147,91,11,6,3,10,75,93,96,39,138,130,126,81,9,5,2,8,53,65,68,27,97,92,88,60,7,4,2,8,48,68,65,29,92,92,93,57,6,4,4,11,79,112,107,42,144,141,138,85,10,7,3,9,64,84,86,36,119,115,115,73,9,5,2.88,10.38,73.12,91.5,96.75,39.0,135.62,129.5,124.5,79.12,9.38,5.5
Asphalt_0cm_S9,2026-04-02T20:30:24.844091,3,13,92,104,125,49,176,163,152,98,12,7,3,12,89,99,112,45,160,148,137,89,11,6,4,12,85,105,115,46,159,155,147,91,11,6,3,10,76,93,96,39,137,130,126,81,9,6,2,8,53,65,68,27,97,91,88,60,7,4,2,8,48,68,66,29,92,92,93,57,6,4,3,11,80,111,107,42,144,142,138,85,10,7,3,9,64,84,86,36,119,115,115,73,9,5,2.88,10.38,73.38,91.12,96.88,39.12,135.5,129.5,124.5,79.25,9.38,5.62
Asphalt_0cm_S9,2026-04-02T20:30:24.936308,3,13,92,104,125,49,176,163,152,98,12,7,3,12,89,99,112,45,160,148,137,89,11,6,4,12,85,105,115,46,159,155,147,91,11,6,3,10,76,93,96,39,137,130,126,81,9,6,2,8,53,65,68,27,97,91,88,60,7,4,2,8,48,68,66,29,92,92,93,57,6,4,3,11,80,111,107,42,144,142,138,85,10,7,3,9,64,84,86,36,119,115,115,73,9,5,2.88,10.38,73.38,91.12,96.88,39.12,135.5,129.5,124.5,79.25,9.38,5.62
Asphalt_0cm_S9,2026-04-02T20:30:25.019400,3,13,92,104,125,49,176,163,152,98,12,7,3,12,89,99,112,45,160,148,137,89,11,6,4,12,85,105,115,46,159,155,147,91,11,6,3,10,76,93,96,39,137,130,126,81,9,6,2,8,53,65,68,27,97,91,88,60,7,4,2,8,48,68,66,29,92,92,93,57,6,4,3,11,80,111,107,42,144,142,138,85,10,7,3,9,64,84,86,36,119,115,115,73,9,5,2.88,10.38,73.38,91.12,96.88,39.12,135.5,129.5,124.5,79.25,9.38,5.62
Asphalt_0cm_S9,2026-04-02T20:30:25.102333,3,13,92,104,125,49,176,163,152,98,12,7,3,12,89,99,112,45,160,148,137,89,11,6,4,12,85,105,115,46,159,155,147,91,11,6,3,10,76,93,96,39,137,130,126,81,9,6,2,8,53,65,68,27,97,91,88,60,7,4,2,8,48,68,66,29,92,92,93,57,6,4,3,11,80,111,107,42,144,142,138,85,10,7,3,9,64,84,86,36,119,115,115,73,9,5,2.88,10.38,73.38,91.12,96.88,39.12,135.5,129.5,124.5,79.25,9.38,5.62
Asphalt_0cm_S9,2026-04-02T20:30:25.210310,3,13,92,104,125,49,176,163,152,98,11,7,3,12,89,99,112,45,160,148,137,88,11,6,3,12,85,105,115,46,159,155,147,91,11,6,3,10,75,93,96,39,137,129,126,81,9,5,2,8,53,65,69,27,97,92,89,60,7,4,2,8,48,68,65,29,92,92,93,57,6,4,3,11,80,112,107,42,144,141,139,85,10,7,3,9,64,84,86,36,119,116,115,73,9,5,2.75,10.38,73.25,91.25,96.88,39.12,135.5,129.5,124.75,79.12,9.25,5.5
Asphalt_0cm_S9,2026-04-02T20:30:25.299159,3,13,92,104,125,49,176,163,152,98,11,7,3,12,89,99,112,45,160,148,137,88,11,6,3,12,85,105,115,46,159,155,147,91,11,6,3,10,75,93,96,39,137,129,126,81,9,5,2,8,53,65,69,27,97,92,89,60,7,4,2,8,48,68,65,29,92,92,93,57,6,4,3,11,80,112,107,42,144,141,139,85,10,7,3,9,64,84,86,36,119,116,115,73,9,5,2.75,10.38,73.25,91.25,96.88,39.12,135.5,129.5,124.75,79.12,9.25,5.5
Asphalt_0cm_S9,2026-04-02T20:30:25.400304,3,13,92,104,125,49,176,163,152,98,12,7,3,12,89,99,112,45,160,148,137,89,11,6,3,12,85,106,115,46,159,155,147,91,11,6,3,10,76,93,96,39,138,130,126,81,9,6,2,8,53,65,68,27,97,92,88,60,7,4,2,8,48,68,65,29,92,92,93,57,6,4,3,11,80,112,107,42,144,141,139,85,10,7,3,9,64,84,86,36,119,116,115,73,9,5,2.75,10.38,73.38,91.38,96.75,39.12,135.62,129.62,124.62,79.25,9.38,5.62
Asphalt_0cm_S9,2026-04-02T20:30:25.489323,3,13,92,104,125,49,176,163,152,98,11,7,3,12,89,99,112,45,160,148,137,89,11,6,3,12,85,106,115,46,159,155,147,91,11,6,3,10,76,93,96,39,137,129,126,81,9,5,2,8,53,65,68,27,97,91,88,60,7,4,2,8,48,68,66,29,92,92,93,57,6,4,4,11,80,112,108,42,144,142,139,85,10,7,3,9,64,84,86,36,119,115,115,73,9,5,2.88,10.38,73.38,91.38,97.0,39.12,135.5,129.38,124.62,79.25,9.25,5.5
Asphalt_0cm_S9,2026-04-02T20:30:25.591479,3,13,92,104,125,49,176,163,152,98,11,7,3,12,89,99,112,45,160,148,137,89,11,6,3,12,85,106,115,46,159,155,147,91,11,6,3,10,76,93,96,39,137,129,126,81,9,5,2,8,53,65,68,27,97,91,88,60,7,4,2,8,48,68,66,29,92,92,93,57,6,4,4,11,80,112,108,42,144,142,139,85,10,7,3,9,64,84,86,36,119,115,115,73,9,5,2.88,10.38,73.38,91.38,97.0,39.12,135.5,129.38,124.62,79.25,9.25,5.5
Asphalt_0cm_S9,2026-04-02T20:30:25.677687,3,13,92,104,125,49,176,163,152,98,11,7,3,12,89,99,112,45,160,148,137,89,11,6,3,12,85,106,115,46,159,155,147,91,11,6,3,10,76,93,96,39,137,129,126,81,9,5,2,8,53,65,68,27,97,91,88,60,7,4,2,8,48,68,66,29,92,92,93,57,6,4,4,11,80,112,108,42,144,142,139,85,10,7,3,9,64,84,86,36,119,115,115,73,9,5,2.88,10.38,73.38,91.38,97.0,39.12,135.5,129.38,124.62,79.25,9.25,5.5
Asphalt_0cm_S9,2026-04-02T20:30:25.780494,3,13,92,104,125,49,176,163,152,98,11,7,3,12,89,99,112,45,160,148,137,89,11,6,3,12,85,106,115,46,159,155,147,91,11,6,3,10,76,93,96,39,137,129,126,81,9,5,2,8,53,65,68,27,97,91,88,60,7,4,2,8,48,68,66,29,92,92,93,57,6,4,4,11,80,112,108,42,144,142,139,85,10,7,3,9,64,84,86,36,119,115,115,73,9,5,2.88,10.38,73.38,91.38,97.0,39.12,135.5,129.38,124.62,79.25,9.25,5.5
Asphalt_0cm_S9,2026-04-02T20:30:25.870508,3,13,92,104,125,49,176,163,152,98,11,7,3,12,89,99,112,45,160,148,137,89,11,6,3,12,85,106,115,46,159,155,147,91,11,6,3,10,76,93,96,39,137,129,126,81,9,5,2,8,53,65,68,27,97,91,88,60,7,4,2,8,48,68,66,29,92,92,93,57,6,4,4,11,80,112,108,42,144,142,139,85,10,7,3,9,64,84,86,36,119,115,115,73,9,5,2.88,10.38,73.38,91.38,97.0,39.12,135.5,129.38,124.62,79.25,9.25,5.5
Asphalt_0cm_S9,2026-04-02T20:30:25.974683,3,13,92,104,125,49,176,163,152,98,11,7,3,12,89,99,112,45,160,148,137,89,11,6,3,12,85,106,115,46,159,155,147,91,11,6,3,10,76,93,96,39,137,129,126,81,9,5,2,8,53,65,68,27,97,91,88,60,7,4,2,8,48,68,66,29,92,92,93,57,6,4,4,11,80,112,108,42,144,142,139,85,10,7,3,9,64,84,86,36,119,115,115,73,9,5,2.88,10.38,73.38,91.38,97.0,39.12,135.5,129.38,124.62,79.25,9.25,5.5
Asphalt_0cm_S9,2026-04-02T20:30:26.058928,3,13,92,104,125,49,176,163,152,98,11,7,3,12,89,99,112,45,160,148,137,89,11,6,3,12,85,106,115,46,159,155,147,91,11,6,3,10,76,93,96,39,137,129,126,81,9,5,2,8,53,65,68,27,97,91,88,60,7,4,2,8,48,68,66,29,92,92,93,57,6,4,4,11,80,112,108,42,144,142,139,85,10,7,3,9,64,84,86,36,119,115,115,73,9,5,2.88,10.38,73.38,91.38,97.0,39.12,135.5,129.38,124.62,79.25,9.25,5.5
Asphalt_0cm_S9,2026-04-02T20:30:26.160870,3,13,92,104,125,49,176,163,152,98,11,7,3,12,89,99,112,45,160,148,137,89,11,6,3,12,85,106,115,46,159,155,147,91,11,6,3,10,76,93,96,39,137,129,126,81,9,5,2,8,53,65,68,27,97,91,88,60,7,4,2,8,48,68,66,29,92,92,93,57,6,4,4,11,80,112,108,42,144,142,139,85,10,7,3,9,64,84,86,36,119,115,115,73,9,5,2.88,10.38,73.38,91.38,97.0,39.12,135.5,129.38,124.62,79.25,9.25,5.5
Asphalt_0cm_S9,2026-04-02T20:30:26.241343,3,13,92,104,125,49,176,163,152,98,11,7,3,12,89,99,112,45,160,148,137,89,11,6,3,12,85,106,115,46,159,155,147,91,11,6,3,10,76,93,96,39,137,129,126,81,9,5,2,8,53,65,68,27,97,91,88,60,7,4,2,8,48,68,66,29,92,92,93,57,6,4,4,11,80,112,108,42,144,142,139,85,10,7,3,9,64,84,86,36,119,115,115,73,9,5,2.88,10.38,73.38,91.38,97.0,39.12,135.5,129.38,124.62,79.25,9.25,5.5
Asphalt_0cm_S9,2026-04-02T20:30:26.350026,3,13,92,104,125,49,176,163,152,98,11,7,3,12,89,100,112,45,160,148,137,89,11,6,4,12,85,105,115,46,159,155,147,91,11,6,3,10,76,93,97,39,138,129,126,81,9,6,2,8,53,65,68,27,97,92,89,60,7,4,3,8,48,68,66,29,91,92,93,57,6,4,4,11,80,112,107,42,144,142,138,85,10,7,3,9,64,84,86,36,119,115,115,73,9,5,3.12,10.38,73.38,91.38,97.0,39.12,135.5,129.5,124.62,79.25,9.25,5.62
Asphalt_0cm_S9,2026-04-02T20:30:26.436277,3,13,92,104,125,49,176,163,152,98,11,7,3,12,89,100,112,45,160,148,137,89,11,6,4,12,85,105,115,46,159,155,147,91,11,6,3,10,76,93,97,39,138,129,126,81,9,6,2,8,53,65,68,27,97,92,89,60,7,4,2,8,48,68,66,29,92,92,94,57,6,4,4,11,80,112,107,42,144,142,139,85,10,7,3,9,64,84,86,36,119,115,115,73,9,5,3.0,10.38,73.38,91.38,97.0,39.12,135.62,129.5,124.88,79.25,9.25,5.62
Asphalt_0cm_S9,2026-04-02T20:30:26.540257,3,13,92,104,125,49,176,163,152,98,12,7,3,12,89,99,112,44,160,148,137,88,11,6,3,12,85,105,115,46,159,155,147,91,11,6,3,10,76,93,97,39,138,129,126,81,9,6,2,8,53,65,68,27,97,92,89,60,7,4,2,8,48,68,66,29,92,92,94,57,6,4,4,11,80,112,107,42,144,142,139,85,10,7,3,9,64,84,86,36,119,115,115,73,9,5,2.88,10.38,73.38,91.25,97.0,39.0,135.62,129.5,124.88,79.12,9.38,5.62
Asphalt_0cm_S9,2026-04-02T20:30:26.622440,3,13,92,104,125,49,176,163,152,98,12,7,3,12,89,99,112,44,160,148,137,88,11,6,3,12,85,105,115,46,159,155,147,91,11,6,3,10,76,93,97,39,138,129,126,81,9,6,2,8,53,65,68,27,97,92,89,60,7,4,2,8,48,68,66,29,92,92,94,57,6,4,4,11,80,112,107,42,144,142,139,85,10,7,3,9,64,84,86,36,119,115,115,73,9,5,2.88,10.38,73.38,91.25,97.0,39.0,135.62,129.5,124.88,79.12,9.38,5.62
Asphalt_0cm_S9,2026-04-02T20:30:26.731729,3,13,92,104,125,49,176,163,152,98,12,7,3,12,89,99,112,44,160,148,137,88,11,6,3,12,85,105,115,46,159,155,147,91,11,6,3,10,76,93,97,39,138,129,126,81,9,6,2,8,53,65,68,27,97,92,89,60,7,4,2,8,48,68,66,29,92,92,94,57,6,4,4,11,80,112,107,42,144,142,139,85,10,7,3,9,64,84,86,36,119,115,115,73,9,5,2.88,10.38,73.38,91.25,97.0,39.0,135.62,129.5,124.88,79.12,9.38,5.62
Asphalt_0cm_S9,2026-04-02T20:30:26.808998,3,13,92,104,125,49,176,163,152,98,12,7,3,12,89,99,112,44,160,148,137,88,11,6,3,12,85,105,115,46,159,155,147,91,11,6,3,10,76,93,97,39,138,129,126,81,9,6,2,8,53,65,68,27,97,92,89,60,7,4,2,8,48,68,66,29,92,92,94,57,6,4,4,11,80,112,107,42,144,142,139,85,10,7,3,9,64,84,86,36,119,115,115,73,9,5,2.88,10.38,73.38,91.25,97.0,39.0,135.62,129.5,124.88,79.12,9.38,5.62
Asphalt_0cm_S9,2026-04-02T20:30:26.889169,3,13,92,104,125,49,176,163,152,98,12,7,3,12,89,99,112,44,160,148,137,88,11,6,3,12,85,105,115,46,159,155,147,91,11,6,3,10,76,93,97,39,138,129,126,81,9,6,2,8,53,65,68,27,97,92,89,60,7,4,2,8,48,68,66,29,92,92,94,57,6,4,4,11,80,112,107,42,144,142,139,85,10,7,3,9,64,84,86,36,119,115,115,73,9,5,2.88,10.38,73.38,91.25,97.0,39.0,135.62,129.5,124.88,79.12,9.38,5.62
Asphalt_0cm_S9,2026-04-02T20:30:26.987119,3,13,92,104,125,49,176,163,152,98,12,7,3,12,89,99,112,44,160,148,137,88,11,6,3,12,85,105,115,46,159,155,147,91,11,6,3,10,76,93,97,39,138,129,126,81,9,6,2,8,53,65,68,27,97,92,89,60,7,4,2,8,48,68,66,29,92,92,94,57,6,4,4,11,80,112,107,42,144,142,139,85,10,7,3,9,64,84,86,36,119,115,115,73,9,5,2.88,10.38,73.38,91.25,97.0,39.0,135.62,129.5,124.88,79.12,9.38,5.62
Asphalt_0cm_S9,2026-04-02T20:30:27.063228,3,13,92,104,125,49,176,163,152,98,12,7,3,12,89,99,112,44,160,148,137,88,11,6,3,12,85,105,115,46,159,155,147,91,11,6,3,10,76,93,97,39,138,129,126,81,9,6,2,8,53,65,68,27,97,92,89,60,7,4,2,8,48,68,66,29,92,92,94,57,6,4,4,11,80,112,107,42,144,142,139,85,10,7,3,9,64,84,86,36,119,115,115,73,9,5,2.88,10.38,73.38,91.25,97.0,39.0,135.62,129.5,124.88,79.12,9.38,5.62
Asphalt_0cm_S9,2026-04-02T20:30:27.143784,3,13,92,104,125,49,176,163,152,98,11,7,3,12,89,100,112,45,160,148,137,89,11,6,3,12,85,106,115,46,159,156,147,91,11,6,3,10,76,93,97,39,138,129,126,81,9,6,2,8,53,65,68,27,97,92,89,60,7,4,2,8,48,68,66,29,92,92,94,57,6,4,4,11,80,112,107,42,144,142,139,85,10,7,3,9,64,84,86,36,119,115,115,73,9,5,2.88,10.38,73.38,91.5,97.0,39.12,135.62,129.62,124.88,79.25,9.25,5.62
Asphalt_0cm_S9,2026-04-02T20:30:27.242513,3,13,92,104,125,49,176,163,152,98,11,7,3,12,89,100,112,45,160,148,137,89,11,6,3,12,85,106,115,46,159,156,147,91,11,6,3,10,76,93,97,39,138,129,126,81,9,6,2,8,53,65,68,27,97,92,89,60,7,4,2,8,48,68,66,29,92,92,94,57,6,4,4,11,80,112,107,42,144,142,139,85,10,7,3,9,64,84,86,36,119,115,115,73,9,5,2.88,10.38,73.38,91.5,97.0,39.12,135.62,129.62,124.88,79.25,9.25,5.62
Asphalt_0cm_S9,2026-04-02T20:30:27.333178,3,13,92,104,125,49,176,163,152,98,11,7,3,12,89,100,112,45,160,148,137,89,11,6,3,12,85,106,115,46,159,156,147,91,11,6,3,10,76,93,97,39,138,129,126,81,9,6,2,8,53,65,68,27,97,92,89,60,7,4,2,8,48,68,66,29,92,92,94,57,6,4,4,11,80,112,107,42,144,142,139,85,10,7,3,9,64,84,86,36,119,115,115,73,9,5,2.88,10.38,73.38,91.5,97.0,39.12,135.62,129.62,124.88,79.25,9.25,5.62
Asphalt_0cm_S9,2026-04-02T20:30:27.448120,3,13,92,104,125,49,176,163,152,98,11,7,3,12,89,100,112,45,160,148,137,89,11,6,3,12,85,106,115,46,159,156,147,91,11,6,3,10,76,93,97,39,137,130,126,81,9,6,2,8,53,65,69,27,97,92,88,60,7,4,2,8,48,68,66,29,92,92,94,57,6,4,3,11,80,112,108,42,145,142,139,86,10,7,3,9,64,84,86,36,119,115,115,73,9,5,2.75,10.38,73.38,91.5,97.25,39.12,135.62,129.75,124.75,79.38,9.25,5.62
Asphalt_0cm_S9,2026-04-02T20:30:27.560061,3,13,92,104,125,49,176,163,152,98,12,7,3,12,89,100,112,45,160,148,137,89,11,6,3,12,85,106,115,46,159,156,147,91,11,6,3,10,76,93,97,39,137,130,126,81,9,6,2,8,53,65,69,27,97,92,88,60,7,4,2,8,48,68,66,29,92,92,94,57,6,4,3,11,80,112,108,42,145,142,139,86,10,7,3,9,64,84,86,36,119,115,115,73,9,5,2.75,10.38,73.38,91.5,97.25,39.12,135.62,129.75,124.75,79.38,9.38,5.62
Asphalt_0cm_S9,2026-04-02T20:30:27.701414,3,13,92,104,125,49,176,163,152,98,12,7,3,12,89,100,112,45,160,148,137,89,11,6,3,12,85,106,115,46,159,156,147,91,11,6,3,10,76,93,97,39,137,130,126,81,9,6,2,8,53,65,69,27,97,92,88,60,7,4,2,8,48,68,66,29,92,92,94,57,6,4,3,11,80,112,108,42,145,142,139,86,10,7,3,9,64,84,86,36,119,115,115,73,9,5,2.75,10.38,73.38,91.5,97.25,39.12,135.62,129.75,124.75,79.38,9.38,5.62
Asphalt_0cm_S9,2026-04-02T20:30:27.811541,3,13,92,104,125,49,176,163,152,98,12,7,3,12,89,100,112,45,160,148,137,89,11,6,3,12,85,106,115,46,159,155,147,91,11,6,3,10,76,93,97,39,137,130,126,81,9,6,2,8,53,65,69,27,97,92,88,60,7,4,2,8,48,68,66,29,92,92,94,57,6,4,3,11,80,112,108,42,145,142,139,86,10,7,3,9,64,84,86,36,119,115,115,73,9,5,2.75,10.38,73.38,91.5,97.25,39.12,135.62,129.62,124.75,79.38,9.38,5.62
Asphalt_0cm_S9,2026-04-02T20:30:27.900481,3,13,92,104,125,49,176,163,152,98,12,7,3,12,89,100,112,45,160,148,137,89,11,6,3,12,85,106,115,46,159,155,147,91,11,6,3,10,76,93,97,39,137,130,126,81,9,6,2,8,53,65,69,27,97,92,88,60,7,4,2,8,48,68,66,29,92,92,94,57,6,4,3,11,80,112,108,42,145,142,139,86,10,7,3,9,64,84,86,36,119,115,115,73,9,5,2.75,10.38,73.38,91.5,97.25,39.12,135.62,129.62,124.75,79.38,9.38,5.62
Asphalt_0cm_S9,2026-04-02T20:30:28.011466,3,13,92,104,125,49,176,163,152,98,11,7,3,12,89,100,112,45,160,148,137,89,11,6,3,12,85,106,115,46,159,155,147,91,11,6,3,10,76,93,97,39,137,130,126,81,9,6,2,8,53,65,69,27,97,92,88,60,7,4,2,8,48,68,66,29,92,92,93,57,6,4,4,11,80,112,108,42,144,142,139,86,10,7,3,9,64,84,86,36,119,116,115,73,9,5,2.88,10.38,73.38,91.5,97.25,39.12,135.5,129.75,124.62,79.38,9.25,5.62
Asphalt_0cm_S9,2026-04-02T20:30:28.101335,3,13,92,104,125,49,176,163,152,98,11,7,3,12,89,100,112,45,160,148,137,89,11,6,3,12,85,106,115,46,159,155,147,91,11,6,3,10,76,93,97,39,137,130,126,81,9,6,2,8,53,65,69,27,97,92,88,60,7,4,2,8,48,68,66,29,92,92,93,57,6,4,4,11,80,112,108,42,144,142,139,86,10,7,3,9,64,84,86,36,119,116,115,73,9,5,2.88,10.38,73.38,91.5,97.25,39.12,135.5,129.75,124.62,79.38,9.25,5.62
Asphalt_0cm_S9,2026-04-02T20:30:28.187246,3,13,92,104,125,49,176,163,152,98,11,7,3,12,89,100,112,45,160,148,137,89,11,6,3,12,85,106,115,46,159,155,147,91,11,6,3,10,76,93,97,39,137,130,126,81,9,6,2,8,53,65,69,27,97,92,88,60,7,4,2,8,48,68,66,29,92,92,93,57,6,4,4,11,80,112,108,42,144,142,139,86,10,7,3,9,64,84,86,36,119,116,115,73,9,5,2.88,10.38,73.38,91.5,97.25,39.12,135.5,129.75,124.62,79.38,9.25,5.62
Asphalt_0cm_S9,2026-04-02T20:30:28.265364,3,13,92,104,125,49,176,163,152,98,11,7,3,12,89,100,112,45,160,148,137,89,11,6,3,12,85,106,115,46,159,155,147,91,11,6,3,10,76,93,97,39,137,130,126,81,9,6,2,8,53,65,69,27,97,92,88,60,7,4,2,8,48,68,66,29,92,92,93,57,6,4,4,11,80,112,108,42,144,142,139,86,10,7,3,9,64,84,86,36,119,116,115,73,9,5,2.88,10.38,73.38,91.5,97.25,39.12,135.5,129.75,124.62,79.38,9.25,5.62
Asphalt_0cm_S9,2026-04-02T20:30:28.357676,3,13,92,104,125,49,176,163,152,98,11,7,3,12,89,100,112,45,160,148,137,89,11,6,3,12,85,106,115,46,159,155,147,91,11,6,3,10,76,93,97,39,137,130,126,81,9,6,2,8,53,65,69,27,97,92,88,60,7,4,2,8,48,68,66,29,92,92,93,57,6,4,4,11,80,112,108,42,144,142,139,86,10,7,3,9,64,84,86,36,119,116,115,73,9,5,2.88,10.38,73.38,91.5,97.25,39.12,135.5,129.75,124.62,79.38,9.25,5.62
Asphalt_0cm_S9,2026-04-02T20:30:28.437178,3,13,92,104,125,49,176,163,152,98,11,7,3,12,89,100,112,45,160,148,137,89,11,6,3,12,85,106,115,46,159,155,147,91,11,6,3,10,76,93,97,39,137,130,126,81,9,6,2,8,53,65,69,27,97,92,88,60,7,4,2,8,48,68,66,29,92,92,93,57,6,4,4,11,80,112,108,42,144,142,139,86,10,7,3,9,64,84,86,36,119,116,115,73,9,5,2.88,10.38,73.38,91.5,97.25,39.12,135.5,129.75,124.62,79.38,9.25,5.62
Asphalt_0cm_S9,2026-04-02T20:30:28.513057,3,13,92,104,125,49,176,163,152,98,12,7,3,12,89,100,112,45,160,148,137,89,11,6,3,12,85,105,115,46,159,155,147,91,11,6,3,10,76,93,97,39,138,130,127,81,9,6,2,8,53,65,68,27,97,92,88,60,7,4,2,8,48,68,65,29,92,92,93,57,6,4,3,11,80,112,108,42,145,142,139,86,10,7,3,9,64,84,86,36,119,115,115,73,9,5,2.75,10.38,73.38,91.38,97.0,39.12,135.75,129.62,124.75,79.38,9.38,5.62
Asphalt_0cm_S9,2026-04-02T20:30:28.601753,3,13,92,104,125,49,176,163,152,98,12,7,3,12,89,100,112,45,160,148,137,89,11,6,3,12,85,105,115,46,159,155,147,91,11,6,3,10,76,93,97,39,138,130,127,81,9,6,2,8,53,65,68,27,97,92,88,60,7,4,2,8,48,68,66,29,92,92,93,57,6,4,4,11,80,112,108,42,144,142,139,86,10,7,3,9,64,84,86,36,119,115,115,73,9,5,2.88,10.38,73.38,91.38,97.12,39.12,135.62,129.62,124.75,79.38,9.38,5.62
Asphalt_0cm_S9,2026-04-02T20:30:28.685093,3,13,92,104,125,49,176,163,152,98,12,7,3,12,89,100,112,45,160,148,137,89,11,6,3,12,85,105,115,46,159,155,147,91,11,6,3,10,76,93,97,39,138,130,127,81,9,6,2,8,53,65,68,27,97,92,88,60,7,4,2,8,48,68,66,29,92,92,93,57,6,4,4,11,80,112,108,42,144,142,139,86,10,7,3,9,64,84,86,36,119,115,115,73,9,5,2.88,10.38,73.38,91.38,97.12,39.12,135.62,129.62,124.75,79.38,9.38,5.62
Asphalt_0cm_S9,2026-04-02T20:30:28.763452,3,13,92,104,125,49,176,163,152,98,12,7,3,12,89,100,112,45,160,148,137,89,11,6,3,12,85,105,115,46,159,155,147,91,11,6,3,10,76,93,97,39,138,130,127,81,9,6,2,8,53,65,68,27,97,92,88,60,7,4,2,8,48,68,66,29,92,92,93,57,6,4,4,11,80,112,108,42,144,142,139,86,10,7,3,9,64,84,86,36,119,115,115,73,9,5,2.88,10.38,73.38,91.38,97.12,39.12,135.62,129.62,124.75,79.38,9.38,5.62
Asphalt_0cm_S9,2026-04-02T20:30:28.843842,3,13,92,104,125,49,176,163,152,98,12,7,3,12,89,100,112,45,160,148,137,89,11,6,3,12,85,105,115,46,159,155,147,91,11,6,3,10,76,93,97,39,138,130,127,81,9,6,2,8,53,65,68,27,97,92,88,60,7,4,2,8,48,68,66,29,92,92,93,57,6,4,4,11,80,112,108,42,144,142,139,86,10,7,3,9,64,84,86,36,119,115,115,73,9,5,2.88,10.38,73.38,91.38,97.12,39.12,135.62,129.62,124.75,79.38,9.38,5.62
Asphalt_0cm_S9,2026-04-02T20:30:28.931756,3,13,92,104,125,49,176,163,152,98,12,7,3,12,89,100,112,45,160,148,137,89,11,6,3,12,85,105,115,46,159,155,147,91,11,6,3,10,76,93,97,39,138,130,127,81,9,6,2,8,53,65,68,27,97,92,88,60,7,4,2,8,48,68,66,29,92,92,93,57,6,4,4,11,80,112,108,42,144,142,139,86,10,7,3,9,64,84,86,36,119,115,115,73,9,5,2.88,10.38,73.38,91.38,97.12,39.12,135.62,129.62,124.75,79.38,9.38,5.62
Asphalt_0cm_S9,2026-04-02T20:30:29.043313,3,13,92,104,125,49,176,163,152,98,11,7,3,12,89,100,112,45,160,148,137,89,11,6,3,12,85,105,115,46,159,155,147,91,11,6,3,10,76,93,97,39,138,130,127,81,9,6,2,8,53,65,68,27,97,92,88,60,7,4,2,8,49,68,66,29,92,92,93,57,6,4,4,11,80,112,108,42,145,142,139,86,10,7,3,9,64,84,85,36,119,116,115,73,9,5,2.88,10.38,73.5,91.38,97.0,39.12,135.75,129.75,124.75,79.38,9.25,5.62
Asphalt_0cm_S9,2026-04-02T20:30:29.126429,3,13,92,104,125,49,176,163,152,98,11,7,3,12,89,100,112,45,160,148,137,89,11,6,3,12,85,105,115,46,159,155,147,91,11,6,3,10,76,93,97,39,138,130,127,81,9,6,2,8,53,65,68,27,97,92,88,60,7,4,2,8,49,68,66,29,92,92,93,57,6,4,4,11,80,112,108,42,145,142,139,86,10,7,3,9,64,84,85,36,119,116,115,73,9,5,2.88,10.38,73.5,91.38,97.0,39.12,135.75,129.75,124.75,79.38,9.25,5.62
Asphalt_0cm_S9,2026-04-02T20:30:29.204761,3,13,92,104,125,49,176,163,152,98,11,7,3,12,89,100,112,45,160,148,137,89,11,6,3,12,85,105,115,46,159,155,147,91,11,6,3,10,76,93,97,39,138,130,127,81,9,6,2,8,53,65,68,27,97,92,88,60,7,4,2,8,49,68,66,29,92,92,93,57,6,4,4,11,80,112,108,42,145,142,139,86,10,7,3,9,64,84,85,36,119,116,115,73,9,5,2.88,10.38,73.5,91.38,97.0,39.12,135.75,129.75,124.75,79.38,9.25,5.62
Asphalt_0cm_S9,2026-04-02T20:30:29.332553,3,13,92,104,125,49,176,163,152,98,11,7,3,12,89,100,112,45,160,148,137,89,11,6,3,12,85,105,115,46,159,155,147,91,11,6,3,10,76,93,97,39,138,130,127,81,9,6,2,8,53,65,68,27,97,92,88,60,7,4,2,8,49,68,66,29,92,92,93,57,6,4,4,11,80,112,108,42,145,142,139,86,10,7,3,9,64,84,85,36,119,116,115,73,9,5,2.88,10.38,73.5,91.38,97.0,39.12,135.75,129.75,124.75,79.38,9.25,5.62
Asphalt_0cm_S9,2026-04-02T20:30:29.457745,3,13,92,105,125,49,176,163,152,98,12,7,3,12,89,100,113,45,161,148,137,89,11,6,4,12,85,106,116,47,159,156,147,91,11,6,3,10,76,94,97,39,138,130,127,82,9,6,2,8,53,65,68,27,97,92,88,60,7,4,2,8,48,68,66,29,92,92,94,57,6,4,4,11,81,113,108,42,145,143,140,86,10,7,3,9,64,84,86,36,119,116,115,74,9,5,3.0,10.38,73.5,91.88,97.38,39.25,135.88,130.0,125.0,79.62,9.38,5.62
Asphalt_0cm_S9,2026-04-02T20:30:29.586692,3,13,92,105,125,49,176,163,152,98,12,7,3,12,90,100,113,45,161,149,138,89,11,6,4,12,85,106,116,47,159,156,148,92,12,6,3,10,76,94,97,39,138,130,127,82,9,6,2,8,53,65,68,27,97,92,88,60,7,4,2,8,49,69,66,29,92,92,94,57,6,4,3,11,81,113,108,42,146,143,140,86,10,7,3,9,65,84,87,36,120,116,116,74,9,5,2.88,10.38,73.88,92.0,97.5,39.25,136.12,130.12,125.38,79.75,9.5,5.62
Asphalt_0cm_S9,2026-04-02T20:30:29.697841,3,13,92,105,125,49,176,163,152,98,12,7,3,12,90,100,113,45,161,149,138,89,11,6,4,12,85,106,116,47,159,156,148,92,12,6,3,10,76,94,97,39,138,130,127,82,9,6,2,8,53,65,68,27,97,92,88,60,7,4,2,8,49,69,66,29,92,92,94,57,6,4,3,11,81,113,108,42,146,143,140,86,10,7,3,9,65,84,87,36,120,116,116,74,9,5,2.88,10.38,73.88,92.0,97.5,39.25,136.12,130.12,125.38,79.75,9.5,5.62
Asphalt_0cm_S9,2026-04-02T20:30:29.782315,3,13,92,104,125,49,176,163,152,98,11,7,3,12,90,100,113,45,161,149,137,89,11,6,3,12,85,106,116,47,160,156,148,91,11,6,3,10,76,94,97,39,138,131,127,82,9,6,2,8,53,65,69,27,97,92,88,60,7,4,2,8,48,68,66,29,92,92,94,57,6,4,3,11,80,113,109,43,146,143,140,86,10,7,3,9,64,85,87,36,120,116,116,74,9,5,2.75,10.38,73.5,91.88,97.75,39.38,136.25,130.25,125.25,79.62,9.25,5.62
Asphalt_0cm_S9,2026-04-02T20:30:29.883830,3,13,92,105,125,49,176,163,152,98,12,7,3,12,90,100,113,45,161,149,138,89,11,6,3,12,86,106,116,46,160,156,148,92,11,6,3,10,76,94,97,39,138,130,127,82,9,6,2,8,53,65,68,27,97,91,88,59,7,4,2,8,48,68,66,29,92,92,94,57,6,4,3,11,80,113,109,43,146,143,140,86,10,7,3,9,64,85,87,36,120,116,116,74,9,5,2.75,10.38,73.62,92.0,97.62,39.25,136.25,130.0,125.38,79.62,9.38,5.62
Asphalt_0cm_S9,2026-04-02T20:30:29.973811,3,13,92,105,125,49,176,163,152,98,12,7,3,12,90,100,113,45,161,149,138,89,11,6,3,12,86,106,116,46,160,156,148,92,11,6,3,10,76,94,97,39,138,130,127,82,9,6,2,8,53,65,68,27,97,91,88,59,7,4,2,8,48,68,66,29,92,92,94,57,6,4,4,11,81,113,109,43,146,143,140,86,10,7,3,9,65,85,87,36,120,117,116,74,9,5,2.88,10.38,73.88,92.0,97.62,39.25,136.25,130.12,125.38,79.62,9.38,5.62
Asphalt_0cm_S9,2026-04-02T20:30:30.068072,3,13,92,105,126,49,177,163,152,98,12,7,3,12,90,100,113,45,161,149,138,89,11,6,3,12,86,106,116,46,160,156,148,92,11,6,3,10,76,94,97,39,138,130,127,82,9,6,2,8,53,65,68,27,97,91,88,59,7,4,2,8,48,68,66,29,92,92,94,57,6,4,4,11,81,113,109,43,146,143,140,86,10,7,3,9,65,85,87,36,120,117,116,74,9,5,2.88,10.38,73.88,92.0,97.75,39.25,136.38,130.12,125.38,79.62,9.38,5.62
Asphalt_0cm_S9,2026-04-02T20:30:30.158505,3,13,92,105,126,49,177,163,152,98,12,7,3,12,90,100,113,45,161,149,138,89,11,6,3,12,86,106,116,46,160,156,148,92,11,6,3,10,76,94,97,39,138,130,127,82,9,6,2,8,53,65,68,27,97,91,88,59,7,4,2,8,48,68,66,29,92,92,94,57,6,4,4,11,81,113,109,43,146,143,140,86,10,7,3,9,65,85,87,36,120,117,116,74,9,5,2.88,10.38,73.88,92.0,97.75,39.25,136.38,130.12,125.38,79.62,9.38,5.62
Asphalt_0cm_S9,2026-04-02T20:30:30.244681,3,13,92,105,126,49,177,163,152,98,12,7,3,12,90,100,113,45,161,149,138,89,11,6,3,12,86,106,116,46,159,156,148,91,11,6,2,10,76,94,97,39,138,130,127,82,9,6,2,8,53,65,68,27,97,91,88,59,7,4,2,8,49,68,66,29,92,92,94,57,6,4,4,11,81,113,109,43,146,143,140,86,10,7,3,9,65,85,87,36,120,117,116,74,9,5,2.75,10.38,74.0,92.0,97.75,39.25,136.25,130.12,125.38,79.5,9.38,5.62
Asphalt_0cm_S9,2026-04-02T20:30:30.337409,3,13,92,105,126,49,177,163,152,98,12,7,3,12,90,100,113,45,161,149,138,89,11,6,3,12,86,106,116,46,159,156,148,91,11,6,2,10,76,94,97,39,138,130,127,82,9,6,2,8,53,65,68,27,97,91,88,59,7,4,2,8,49,68,66,29,92,92,94,57,6,4,4,11,81,113,109,43,146,143,140,86,10,7,3,9,65,85,87,36,120,117,116,74,9,5,2.75,10.38,74.0,92.0,97.75,39.25,136.25,130.12,125.38,79.5,9.38,5.62
Asphalt_0cm_S9,2026-04-02T20:30:30.435803,3,13,92,105,126,49,177,163,152,98,12,7,3,12,90,100,113,45,161,149,138,89,11,6,3,12,86,106,116,46,159,156,148,91,11,6,3,10,76,94,97,39,138,131,127,82,9,6,2,8,53,65,68,27,97,91,88,59,7,4,2,8,49,68,66,29,92,92,94,57,6,4,4,11,81,113,109,43,146,143,140,86,10,7,3,9,65,85,87,36,120,117,116,74,9,5,2.88,10.38,74.0,92.0,97.75,39.25,136.25,130.25,125.38,79.5,9.38,5.62
Asphalt_0cm_S9,2026-04-02T20:30:30.529984,3,13,92,105,126,49,177,163,152,98,12,7,3,12,90,100,113,45,161,149,138,89,11,6,3,12,86,106,116,46,159,156,148,91,11,6,3,10,76,94,97,39,138,131,127,82,9,6,2,8,53,65,68,27,97,91,88,59,7,4,2,8,49,68,66,29,92,92,94,57,6,4,4,11,81,113,109,43,146,143,140,86,10,7,3,9,65,85,87,36,120,117,116,74,9,5,2.88,10.38,74.0,92.0,97.75,39.25,136.25,130.25,125.38,79.5,9.38,5.62
Asphalt_0cm_S9,2026-04-02T20:30:30.630526,3,13,92,105,125,49,177,163,152,98,11,7,3,12,90,100,113,45,162,150,138,89,11,6,3,12,86,106,116,47,160,156,148,92,11,6,3,10,76,94,98,39,139,131,127,82,9,6,2,8,53,65,68,27,96,91,88,59,7,4,2,8,48,68,66,29,92,92,93,57,6,4,4,12,81,113,109,43,146,144,141,86,10,7,3,9,65,84,87,36,120,117,116,74,9,5,2.88,10.5,73.88,91.88,97.75,39.38,136.5,130.5,125.38,79.62,9.25,5.62
Asphalt_0cm_S9,2026-04-02T20:30:30.736363,3,13,92,105,125,49,177,163,152,98,11,7,3,12,90,100,113,45,162,150,138,89,11,6,3,12,86,106,116,47,160,156,148,92,11,6,3,10,76,94,98,39,139,131,127,82,9,6,2,8,53,65,68,27,96,91,88,59,7,4,2,8,48,68,66,29,92,92,93,57,6,4,4,12,81,113,109,43,146,144,141,86,10,7,3,9,65,84,87,36,120,117,116,74,9,5,2.88,10.5,73.88,91.88,97.75,39.38,136.5,130.5,125.38,79.62,9.25,5.62
Asphalt_0cm_S9,2026-04-02T20:30:30.828818,3,13,92,105,126,49,177,164,152,98,12,7,3,12,90,100,113,45,162,150,138,90,11,6,3,12,86,106,116,47,160,156,148,92,11,6,3,10,76,94,98,39,139,131,127,82,9,6,2,8,53,65,68,27,96,91,88,59,7,4,2,8,48,69,66,29,92,92,93,57,6,4,4,11,81,114,109,43,146,144,141,86,10,7,3,9,65,85,87,36,120,117,116,74,9,5,2.88,10.38,73.88,92.25,97.88,39.38,136.5,130.62,125.38,79.75,9.38,5.62
Asphalt_0cm_S9,2026-04-02T20:30:30.921697,3,13,92,105,126,49,177,164,152,98,12,7,3,12,90,101,113,45,162,149,138,89,11,6,4,12,86,106,116,47,160,156,148,92,11,6,3,10,76,94,98,39,139,131,127,82,9,6,2,8,53,65,68,27,96,91,88,59,7,4,2,8,48,68,66,29,92,92,93,57,6,4,4,11,81,114,109,43,146,144,141,86,10,7,3,9,65,85,87,36,120,117,116,74,9,5,3.0,10.38,73.88,92.25,97.88,39.38,136.5,130.5,125.38,79.62,9.38,5.62
Asphalt_0cm_S9,2026-04-02T20:30:31.017355,3,13,92,105,125,49,177,164,152,99,12,7,3,12,90,101,114,45,162,150,138,89,11,6,4,12,86,106,116,47,160,156,148,92,11,6,3,10,76,94,98,39,139,131,127,82,9,6,2,8,53,65,68,27,96,91,88,59,7,4,2,8,48,68,66,29,92,92,93,57,6,4,4,11,81,113,109,43,146,144,141,86,10,7,3,9,65,85,87,36,120,116,116,74,9,5,3.0,10.38,73.88,92.12,97.88,39.38,136.5,130.5,125.38,79.75,9.38,5.62
Asphalt_0cm_S9,2026-04-02T20:30:31.108568,3,13,92,105,125,49,177,164,152,99,12,7,3,12,90,101,114,45,162,150,138,89,11,6,4,12,86,106,116,47,160,156,148,92,11,6,3,10,76,94,98,39,139,131,127,82,9,6,2,8,53,65,68,27,96,91,88,59,7,4,2,8,48,68,66,29,92,92,93,57,6,4,4,11,81,113,109,43,146,144,141,86,10,7,3,9,65,85,87,36,120,116,116,74,9,5,3.0,10.38,73.88,92.12,97.88,39.38,136.5,130.5,125.38,79.75,9.38,5.62
Asphalt_0cm_S9,2026-04-02T20:30:31.198440,3,13,92,105,125,49,177,164,152,99,12,7,3,12,90,101,114,45,162,150,138,89,11,6,4,12,86,106,116,47,160,156,148,92,11,6,3,10,76,94,98,39,139,131,127,82,9,6,2,8,53,65,68,27,96,91,88,59,7,4,2,8,48,68,66,29,92,92,93,57,6,4,4,11,81,113,109,43,146,144,141,86,10,7,3,9,65,85,87,36,120,116,116,74,9,5,3.0,10.38,73.88,92.12,97.88,39.38,136.5,130.5,125.38,79.75,9.38,5.62
Asphalt_0cm_S9,2026-04-02T20:30:31.289230,3,13,92,105,125,49,177,164,152,99,12,7,3,12,90,101,114,45,162,150,138,89,11,6,3,12,86,106,116,47,160,156,148,92,11,6,3,10,76,94,97,39,139,131,127,82,9,6,2,8,53,65,68,27,96,91,88,59,7,4,2,8,48,68,66,29,92,92,93,57,6,4,4,11,81,113,109,43,146,144,141,86,10,7,3,9,65,85,87,36,120,116,116,74,9,5,2.88,10.38,73.88,92.12,97.75,39.38,136.5,130.5,125.38,79.75,9.38,5.62
Asphalt_0cm_S9,2026-04-02T20:30:31.381671,3,13,92,105,125,49,177,164,152,99,12,7,3,12,90,101,114,45,162,150,138,89,11,6,3,12,86,106,116,47,160,156,148,92,11,6,3,10,76,94,97,39,139,131,127,82,9,6,2,8,53,65,68,27,96,91,88,59,7,4,2,8,48,68,66,29,92,92,93,57,6,4,4,11,81,113,109,43,146,144,141,86,10,7,3,9,65,85,87,36,120,116,116,74,9,5,2.88,10.38,73.88,92.12,97.75,39.38,136.5,130.5,125.38,79.75,9.38,5.62
Asphalt_0cm_S9,2026-04-02T20:30:31.474182,3,13,92,105,125,49,177,164,152,99,12,7,3,12,90,101,114,45,162,150,138,89,11,6,3,12,86,106,116,47,160,156,148,92,11,6,3,10,76,94,97,39,139,131,127,82,9,6,2,8,53,65,68,27,96,91,88,59,7,4,2,8,48,68,66,28,92,92,93,57,6,4,4,11,81,113,109,43,146,144,141,86,10,7,3,9,65,85,87,37,120,116,116,74,9,5,2.88,10.38,73.88,92.12,97.75,39.38,136.5,130.5,125.38,79.75,9.38,5.62
Asphalt_0cm_S9,2026-04-02T20:30:31.567438,3,13,92,105,125,49,177,164,152,99,12,7,3,12,90,101,114,45,162,150,138,89,11,6,3,12,86,106,116,47,160,156,148,92,11,6,3,10,76,94,97,39,139,131,127,82,9,6,2,8,53,65,68,27,96,91,88,59,7,4,2,8,48,68,66,28,92,92,93,57,6,4,4,11,81,113,109,43,146,144,141,86,10,7,3,9,65,85,87,37,120,116,116,74,9,5,2.88,10.38,73.88,92.12,97.75,39.38,136.5,130.5,125.38,79.75,9.38,5.62
Asphalt_0cm_S9,2026-04-02T20:30:31.675465,3,13,92,105,125,49,177,163,153,98,12,7,3,12,90,101,113,45,162,149,138,89,11,6,3,12,86,106,116,47,160,156,148,92,11,6,3,10,76,94,97,39,139,131,127,82,9,6,2,8,53,65,68,27,96,91,88,59,7,4,2,8,48,68,66,28,92,92,93,57,6,4,4,11,81,114,109,43,146,144,141,86,10,7,3,9,65,85,87,36,120,117,116,74,9,5,2.88,10.38,73.88,92.25,97.62,39.25,136.5,130.38,125.5,79.62,9.38,5.62
Asphalt_0cm_S9,2026-04-02T20:30:31.769047,3,13,92,105,125,49,177,163,153,98,12,7,3,12,90,101,113,45,162,149,138,89,11,6,3,12,86,106,116,47,160,156,148,92,11,6,3,10,76,94,97,39,139,131,127,82,9,6,2,8,53,65,68,27,96,91,88,59,7,4,2,8,48,68,66,28,92,92,93,57,6,4,4,11,81,114,109,43,146,144,141,86,10,7,3,9,65,85,87,36,120,117,116,74,9,5,2.88,10.38,73.88,92.25,97.62,39.25,136.5,130.38,125.5,79.62,9.38,5.62
Asphalt_0cm_S9,2026-04-02T20:30:31.857549,3,13,92,105,126,49,177,163,152,98,11,7,3,12,90,101,114,45,162,149,138,89,11,6,3,12,86,106,116,47,160,156,148,92,12,6,3,10,77,94,97,39,139,131,127,82,9,6,2,8,53,65,68,27,96,91,87,59,7,4,2,8,49,68,66,29,92,92,93,57,6,4,4,11,81,114,109,43,147,143,141,86,10,7,3,9,65,85,87,36,120,116,116,74,9,5,2.88,10.38,74.12,92.25,97.88,39.38,136.62,130.12,125.25,79.62,9.38,5.62
Asphalt_0cm_S9,2026-04-02T20:30:31.965828,3,13,92,105,126,49,177,163,152,98,11,7,3,12,90,101,114,45,162,149,138,89,11,6,3,12,86,106,116,47,160,156,148,92,12,6,3,10,76,94,98,39,139,131,127,82,9,6,2,8,53,65,68,27,96,91,87,59,7,4,2,8,48,68,66,29,92,92,93,57,6,4,4,11,81,113,109,43,146,143,141,86,10,7,3,9,65,85,87,37,120,116,116,74,9,5,2.88,10.38,73.88,92.12,98.0,39.5,136.5,130.12,125.25,79.62,9.38,5.62
Asphalt_0cm_S9,2026-04-02T20:30:32.069126,3,13,92,105,126,49,176,164,152,98,12,7,3,12,90,101,114,45,162,149,138,89,11,6,4,12,86,107,116,47,160,156,148,92,11,6,3,10,76,94,98,39,139,131,127,82,9,6,2,8,53,65,68,27,96,91,87,59,7,4,2,8,48,68,66,29,92,92,93,57,6,4,4,11,81,113,109,43,146,143,141,86,10,7,3,9,65,85,87,37,120,116,116,74,9,5,3.0,10.38,73.88,92.25,98.0,39.5,136.38,130.25,125.25,79.62,9.38,5.62
Asphalt_0cm_S9,2026-04-02T20:30:32.161530,3,13,92,105,126,49,176,164,152,98,12,7,3,12,90,101,114,45,162,149,138,89,11,6,4,12,86,107,116,47,160,156,148,92,11,6,3,10,76,94,98,39,139,131,127,82,9,6,2,8,53,65,68,27,96,91,87,59,7,4,2,8,48,68,66,29,92,92,93,57,6,4,4,11,81,113,109,43,146,143,141,86,10,7,3,9,65,85,87,37,120,116,116,74,9,5,3.0,10.38,73.88,92.25,98.0,39.5,136.38,130.25,125.25,79.62,9.38,5.62
Asphalt_0cm_S9,2026-04-02T20:30:32.253281,3,13,92,105,126,49,176,163,152,98,12,7,3,12,90,101,114,45,162,150,138,90,11,6,4,12,86,106,116,47,160,156,148,92,12,6,3,10,76,94,98,39,139,131,127,82,9,6,2,8,53,65,68,27,96,91,88,59,7,4,2,8,48,68,66,29,92,92,93,56,6,4,4,11,81,113,109,43,146,144,141,86,10,7,3,9,65,85,87,36,120,116,116,74,9,5,3.0,10.38,73.88,92.12,98.0,39.38,136.38,130.38,125.38,79.62,9.5,5.62
Asphalt_0cm_S9,2026-04-02T20:30:32.342111,3,13,92,105,126,49,176,163,152,98,12,7,3,12,90,101,114,45,162,150,138,90,11,6,4,12,86,106,116,47,160,156,148,92,12,6,3,10,76,94,98,39,139,131,127,82,9,6,2,8,53,65,68,27,96,91,88,59,7,4,2,8,48,68,66,29,92,92,93,56,6,4,4,11,81,113,109,43,146,144,141,86,10,7,3,9,65,85,87,36,120,116,116,74,9,5,3.0,10.38,73.88,92.12,98.0,39.38,136.38,130.38,125.38,79.62,9.5,5.62
Asphalt_0cm_S9,2026-04-02T20:30:32.450107,3,13,92,105,125,49,177,163,152,98,12,7,3,12,90,101,114,45,162,150,138,90,11,6,4,12,86,106,116,47,160,156,148,92,12,6,3,10,76,94,98,39,139,131,127,82,9,6,2,8,53,65,68,27,96,91,88,59,7,4,2,8,48,68,66,28,92,92,93,56,6,4,4,11,81,114,109,43,146,144,141,86,10,7,3,9,65,85,87,36,120,116,116,74,9,5,3.0,10.38,73.88,92.25,97.88,39.25,136.5,130.38,125.38,79.62,9.5,5.62
Asphalt_0cm_S9,2026-04-02T20:30:32.543031,3,13,92,105,125,49,177,163,152,98,12,7,3,12,90,101,114,45,162,150,138,90,11,6,4,12,86,106,116,47,160,156,148,92,12,6,3,10,76,94,98,39,139,131,127,82,9,6,2,8,53,65,68,27,96,91,88,59,7,4,2,8,48,68,66,28,92,92,93,56,6,4,4,11,81,114,109,43,146,144,141,86,10,7,3,9,65,85,87,36,120,116,116,74,9,5,3.0,10.38,73.88,92.25,97.88,39.25,136.5,130.38,125.38,79.62,9.5,5.62
Asphalt_0cm_S9,2026-04-02T20:30:32.642340,3,13,92,105,125,49,177,163,152,98,12,7,3,12,90,101,114,45,162,150,138,90,11,6,4,12,86,106,116,47,160,156,148,92,12,6,3,10,76,94,98,39,139,131,127,82,9,6,2,8,53,65,68,27,96,91,88,59,7,4,2,8,48,68,66,28,92,92,93,56,6,4,4,11,81,114,109,43,146,144,141,86,10,7,3,9,65,85,87,36,120,116,116,74,9,5,3.0,10.38,73.88,92.25,97.88,39.25,136.5,130.38,125.38,79.62,9.5,5.62
Asphalt_0cm_S9,2026-04-02T20:30:32.741832,3,13,92,105,125,49,177,163,153,98,11,7,3,12,90,101,114,45,162,150,138,89,11,6,3,12,86,107,116,47,160,157,148,92,11,6,3,10,76,94,98,39,139,131,127,82,9,6,2,8,53,64,68,27,96,91,87,59,7,4,2,8,48,68,66,29,92,92,93,57,6,4,4,11,81,113,109,43,146,144,141,87,10,7,3,9,65,85,87,36,120,117,116,74,9,5,2.88,10.38,73.88,92.12,97.88,39.38,136.5,130.62,125.38,79.75,9.25,5.62
Asphalt_0cm_S9,2026-04-02T20:30:32.833514,3,13,92,105,125,49,177,163,153,98,11,7,3,12,90,101,114,45,162,150,138,89,11,6,3,12,86,107,116,47,160,157,148,92,11,6,3,10,76,94,98,39,139,131,127,82,9,6,2,8,53,64,68,27,96,91,87,59,7,4,2,8,48,68,66,29,92,92,93,57,6,4,4,11,81,113,109,43,146,144,141,87,10,7,3,9,65,85,87,36,120,117,116,74,9,5,2.88,10.38,73.88,92.12,97.88,39.38,136.5,130.62,125.38,79.75,9.25,5.62
Asphalt_0cm_S9,2026-04-02T20:30:32.922144,3,13,92,105,125,49,177,163,152,99,12,7,3,12,90,101,114,45,162,150,138,90,11,6,4,12,86,106,116,47,160,157,148,92,11,6,3,10,76,94,98,39,139,131,127,82,9,6,2,8,53,64,68,27,96,91,87,59,7,4,2,8,48,68,66,29,92,92,93,57,6,4,4,11,81,113,109,43,146,144,141,87,10,7,3,9,65,85,87,36,120,117,116,74,9,5,3.0,10.38,73.88,92.0,97.88,39.38,136.5,130.62,125.25,80.0,9.38,5.62
Asphalt_0cm_S9,2026-04-02T20:30:33.037878,3,13,92,105,125,49,177,163,152,99,12,7,3,12,90,101,114,45,162,150,138,90,11,6,4,12,86,106,116,47,160,157,148,92,11,6,3,10,76,94,98,39,139,131,127,82,9,6,2,8,53,64,68,27,96,91,87,59,7,4,2,8,48,68,66,29,92,92,93,57,6,4,4,11,81,113,109,43,146,144,141,87,10,7,3,9,65,85,87,36,120,117,116,74,9,5,3.0,10.38,73.88,92.0,97.88,39.38,136.5,130.62,125.25,80.0,9.38,5.62
Asphalt_0cm_S9,2026-04-02T20:30:33.129468,3,13,92,105,126,49,177,164,152,99,12,7,3,12,90,101,114,45,162,150,138,90,11,6,4,12,86,106,116,47,160,156,148,92,12,6,3,10,76,94,98,39,139,131,128,82,9,6,2,8,53,65,68,27,96,90,87,59,7,4,2,8,48,68,66,29,92,92,93,57,6,4,4,12,81,113,109,43,146,144,141,86,10,7,3,9,65,84,87,36,120,116,116,74,9,5,3.0,10.5,73.88,92.0,98.0,39.38,136.5,130.38,125.38,79.88,9.5,5.62
Asphalt_0cm_S9,2026-04-02T20:30:33.243421,3,13,92,105,126,49,177,164,152,99,12,7,3,12,90,101,114,45,162,150,138,90,11,6,4,12,86,106,116,47,160,156,148,92,12,6,3,10,76,94,98,39,139,131,128,82,9,6,2,8,53,65,68,27,96,90,87,59,7,4,2,8,48,68,66,29,92,92,93,57,6,4,4,12,81,113,109,43,146,144,141,86,10,7,3,9,65,84,87,36,120,116,116,74,9,5,3.0,10.5,73.88,92.0,98.0,39.38,136.5,130.38,125.38,79.88,9.5,5.62
Asphalt_0cm_S9,2026-04-02T20:30:33.339994,3,13,92,105,125,49,176,163,153,98,11,7,3,12,90,101,114,45,162,150,138,89,11,6,3,12,86,107,116,47,160,157,148,91,11,6,3,10,77,95,98,39,139,131,128,82,9,6,2,8,53,65,68,27,96,91,88,59,7,4,2,8,49,68,66,29,92,92,93,57,6,4,4,11,81,113,109,42,146,144,141,86,10,7,3,9,64,84,87,36,120,116,116,74,9,5,2.88,10.38,74.0,92.25,97.88,39.25,136.38,130.5,125.62,79.5,9.25,5.62
Asphalt_0cm_S9,2026-04-02T20:30:33.436135,3,13,92,105,126,49,176,164,153,99,11,7,3,12,90,101,114,45,162,150,139,90,11,6,3,12,85,106,116,47,160,156,148,92,11,6,3,10,76,94,98,39,139,131,127,82,9,6,2,8,53,65,68,27,96,91,88,59,7,4,2,8,49,68,66,29,92,92,93,57,6,4,3,11,81,113,109,43,146,144,141,86,10,7,3,9,64,85,87,36,120,116,116,74,9,6,2.75,10.38,73.75,92.12,98.0,39.38,136.38,130.5,125.62,79.88,9.25,5.75
Asphalt_0cm_S9,2026-04-02T20:30:33.528996,3,13,92,105,125,49,176,163,153,98,12,7,3,12,90,101,114,45,162,150,139,90,11,6,3,12,85,106,116,47,160,156,148,92,11,6,3,10,76,94,98,39,139,131,127,82,9,6,2,8,53,65,68,27,96,91,88,59,7,4,2,8,49,68,66,29,92,92,93,57,6,4,3,11,81,113,109,43,146,144,141,86,10,7,3,9,64,85,87,36,120,116,116,74,9,6,2.75,10.38,73.75,92.12,97.88,39.38,136.38,130.38,125.62,79.75,9.38,5.75
Asphalt_0cm_S9,2026-04-02T20:30:33.619472,3,13,92,105,125,49,176,163,153,98,12,7,3,12,90,101,114,45,162,150,139,90,11,6,3,12,85,106,116,47,160,156,148,92,11,6,3,10,76,94,98,39,139,131,127,82,9,6,2,8,53,65,68,27,96,91,88,59,7,4,2,8,49,68,66,29,92,92,93,57,6,4,3,11,81,113,109,43,146,144,141,86,10,7,3,9,64,85,87,36,120,116,116,74,9,6,2.75,10.38,73.75,92.12,97.88,39.38,136.38,130.38,125.62,79.75,9.38,5.75
Asphalt_0cm_S9,2026-04-02T20:30:33.719767,3,13,92,105,125,49,176,163,153,98,12,7,3,12,90,101,114,45,162,149,138,90,11,6,3,12,86,106,116,47,160,156,148,92,11,6,3,10,76,94,98,39,139,131,127,82,9,5,2,8,53,65,68,27,96,91,88,59,7,4,2,8,49,68,66,29,92,92,93,57,6,4,3,11,81,113,109,43,146,144,141,86,10,7,3,9,64,85,87,36,120,116,116,74,9,6,2.75,10.38,73.88,92.12,97.88,39.38,136.38,130.25,125.5,79.75,9.38,5.62
Asphalt_0cm_S9,2026-04-02T20:30:33.812265,3,13,92,105,125,49,176,163,153,98,12,7,3,12,90,101,114,45,162,149,138,90,11,6,3,12,86,106,116,47,160,156,148,92,11,6,3,10,76,94,98,39,139,131,127,82,9,5,2,8,53,65,68,27,96,91,88,59,7,4,2,8,49,68,66,29,92,92,93,57,6,4,3,11,81,113,109,43,146,144,141,86,10,7,3,9,64,85,87,36,120,116,116,74,9,6,2.75,10.38,73.88,92.12,97.88,39.38,136.38,130.25,125.5,79.75,9.38,5.62
Asphalt_0cm_S9,2026-04-02T20:30:33.911859,3,13,92,105,125,49,177,164,153,99,11,7,3,12,90,101,114,45,162,150,139,89,11,6,3,12,86,106,116,47,160,157,148,92,11,6,3,10,77,95,98,39,139,131,128,82,9,6,2,8,53,65,68,27,96,91,88,59,7,4,2,8,48,68,66,29,92,92,93,57,6,4,3,11,81,113,109,43,146,143,141,87,10,7,3,9,65,85,87,36,120,116,116,74,9,5,2.75,10.38,74.0,92.25,97.88,39.38,136.5,130.5,125.75,79.88,9.25,5.62
Asphalt_0cm_S9,2026-04-02T20:30:34.006950,3,13,92,105,125,49,177,164,153,99,11,7,3,12,90,101,114,45,162,150,139,89,11,6,3,12,86,106,116,47,160,157,148,92,11,6,3,10,77,95,98,39,139,131,128,82,9,6,2,8,53,65,68,27,96,91,88,59,7,4,2,8,48,68,66,29,92,92,93,57,6,4,3,11,81,113,109,43,146,143,141,87,10,7,3,9,64,84,87,36,120,116,116,74,9,5,2.75,10.38,73.88,92.12,97.88,39.38,136.5,130.5,125.75,79.88,9.25,5.62
Asphalt_0cm_S9,2026-04-02T20:30:34.103051,3,13,92,105,125,49,177,163,153,98,11,7,3,12,90,101,114,45,162,150,139,89,11,6,3,12,86,106,116,47,160,157,148,92,11,6,3,10,77,95,98,39,139,131,128,82,9,6,2,8,53,65,68,27,96,91,88,59,7,4,2,8,48,68,66,29,92,92,93,57,6,4,3,11,81,113,109,43,146,143,141,87,10,7,3,9,64,84,87,36,120,116,116,74,9,5,2.75,10.38,73.88,92.12,97.88,39.38,136.5,130.38,125.75,79.75,9.25,5.62
Asphalt_0cm_S9,2026-04-02T20:30:34.193832,3,13,92,105,125,49,177,163,153,98,11,7,3,12,90,101,114,45,162,150,139,89,11,6,3,12,86,106,116,47,160,157,148,92,11,6,3,10,77,95,98,39,139,131,128,82,9,6,2,8,53,65,68,27,96,91,88,59,7,4,2,8,48,68,66,29,92,92,93,57,6,4,3,11,81,113,109,43,146,143,141,87,10,7,3,9,64,84,87,36,120,116,116,74,9,5,2.75,10.38,73.88,92.12,97.88,39.38,136.5,130.38,125.75,79.75,9.25,5.62
Asphalt_0cm_S9,2026-04-02T20:30:34.284753,3,13,92,105,125,49,177,163,153,98,11,7,3,12,90,101,114,45,162,150,139,89,11,6,3,12,86,106,116,47,160,157,148,92,11,6,3,10,77,95,98,39,139,131,128,82,9,6,2,8,53,65,68,27,96,91,88,59,7,4,2,8,48,68,66,29,92,92,93,57,6,4,3,11,81,113,109,42,146,143,140,86,10,7,3,9,64,84,86,36,119,116,115,73,9,5,2.75,10.38,73.88,92.12,97.75,39.25,136.38,130.38,125.5,79.5,9.25,5.62
Asphalt_0cm_S9,2026-04-02T20:30:34.380492,3,13,92,105,125,49,177,163,153,98,11,7,3,12,90,101,114,45,162,150,139,89,11,6,3,12,86,106,116,47,160,157,148,92,11,6,3,10,77,95,98,39,139,131,128,82,9,6,2,8,53,65,68,27,96,91,88,59,7,4,2,8,48,68,66,29,92,92,93,57,6,4,3,11,81,113,109,42,146,143,140,86,10,7,3,9,64,84,86,36,119,116,115,73,9,5,2.75,10.38,73.88,92.12,97.75,39.25,136.38,130.38,125.5,79.5,9.25,5.62
Asphalt_0cm_S9,2026-04-02T20:30:34.473948,3,13,92,105,125,49,177,163,153,98,11,7,3,12,90,101,114,45,162,150,139,89,11,6,3,12,86,106,116,47,160,157,148,92,11,6,3,10,77,95,98,39,139,131,128,82,9,6,2,8,53,65,68,27,96,91,88,59,7,4,2,8,48,68,66,29,92,92,93,57,6,4,3,11,81,113,109,42,146,143,140,86,10,7,3,9,64,84,86,36,119,116,115,73,9,5,2.75,10.38,73.88,92.12,97.75,39.25,136.38,130.38,125.5,79.5,9.25,5.62
Asphalt_0cm_S9,2026-04-02T20:30:34.564876,3,13,92,105,126,49,177,164,153,99,12,7,3,12,91,101,114,45,162,150,139,90,11,6,4,12,86,107,117,47,160,157,148,92,12,6,2,10,77,94,98,39,139,131,128,82,9,6,2,8,53,65,68,27,96,91,88,59,7,4,2,8,48,68,66,29,92,92,93,57,6,4,3,11,81,113,109,42,146,143,140,86,10,7,3,9,64,84,86,36,119,116,115,73,9,5,2.75,10.38,74.0,92.12,98.0,39.25,136.38,130.5,125.5,79.75,9.5,5.62
Asphalt_0cm_S9,2026-04-02T20:30:34.657983,3,13,92,105,126,49,177,164,153,99,12,7,3,12,91,101,114,45,162,150,139,90,11,6,4,12,86,107,117,47,160,157,148,92,12,6,2,10,77,94,98,39,139,131,128,82,9,6,2,8,53,65,68,27,96,91,88,59,7,4,2,8,48,68,66,29,92,92,93,57,6,4,3,11,81,113,109,42,146,143,140,86,10,7,3,9,64,84,86,36,119,116,115,73,9,5,2.75,10.38,74.0,92.12,98.0,39.25,136.38,130.5,125.5,79.75,9.5,5.62
Asphalt_0cm_S9,2026-04-02T20:30:34.749424,3,13,92,105,126,49,177,163,153,99,12,7,3,12,91,101,114,45,163,150,139,90,11,6,4,12,86,107,117,47,160,157,149,92,11,6,3,10,77,95,98,40,140,132,128,82,9,6,2,8,53,65,68,27,96,91,88,59,7,4,2,8,48,68,66,29,92,92,93,57,6,4,4,11,81,113,109,43,147,143,141,87,10,7,3,9,64,84,86,36,120,116,116,74,9,6,3.0,10.38,74.0,92.25,98.0,39.5,136.88,130.5,125.88,80.0,9.38,5.75
