label,timestamp,S0_405nm,S0_425nm,S0_450nm,S0_475nm,S0_515nm,S0_550nm,S0_555nm,S0_600nm,S0_640nm,S0_690nm,S0_745nm,S0_855nm,S1_405nm,S1_425nm,S1_450nm,S1_475nm,S1_515nm,S1_550nm,S1_555nm,S1_600nm,S1_640nm,S1_690nm,S1_745nm,S1_855nm,S2_405nm,S2_425nm,S2_450nm,S2_475nm,S2_515nm,S2_550nm,S2_555nm,S2_600nm,S2_640nm,S2_690nm,S2_745nm,S2_855nm,S3_405nm,S3_425nm,S3_450nm,S3_475nm,S3_515nm,S3_550nm,S3_555nm,S3_600nm,S3_640nm,S3_690nm,S3_745nm,S3_855nm,S4_405nm,S4_425nm,S4_450nm,S4_475nm,S4_515nm,S4_550nm,S4_555nm,S4_600nm,S4_640nm,S4_690nm,S4_745nm,S4_855nm,S5_405nm,S5_425nm,S5_450nm,S5_475nm,S5_515nm,S5_550nm,S5_555nm,S5_600nm,S5_640nm,S5_690nm,S5_745nm,S5_855nm,S6_405nm,S6_425nm,S6_450nm,S6_475nm,S6_515nm,S6_550nm,S6_555nm,S6_600nm,S6_640nm,S6_690nm,S6_745nm,S6_855nm,S7_405nm,S7_425nm,S7_450nm,S7_475nm,S7_515nm,S7_550nm,S7_555nm,S7_600nm,S7_640nm,S7_690nm,S7_745nm,S7_855nm,AVG_405nm,AVG_425nm,AVG_450nm,AVG_475nm,AVG_515nm,AVG_550nm,AVG_555nm,AVG_600nm,AVG_640nm,AVG_690nm,AVG_745nm,AVG_855nm
Asphalt_0cm_S11,2026-04-25T10:00:38.243456,2,6,54,74,72,25,94,84,76,49,6,3,2,6,50,58,57,22,78,70,65,41,5,3,2,9,65,76,81,31,108,101,94,58,7,4,3,12,86,107,107,42,151,142,139,88,10,6,3,12,84,97,100,39,138,126,118,73,9,5,2,6,46,59,56,22,77,73,67,44,4,2,1,4,28,42,36,14,47,46,46,27,3,2,2,6,41,48,52,20,74,68,62,41,5,3,2.12,7.62,56.75,70.12,70.12,26.88,95.88,88.75,83.38,52.62,6.12,3.5
Asphalt_0cm_S11,2026-04-25T10:00:38.328037,2,6,54,74,73,26,94,84,76,49,6,3,2,7,50,58,57,22,78,70,65,41,5,3,2,9,65,76,81,31,108,101,94,58,7,4,3,12,86,107,107,42,151,142,139,88,10,6,3,12,84,97,100,39,138,126,118,73,9,5,2,6,46,59,56,22,77,73,67,44,4,2,1,4,28,42,36,14,47,46,46,27,3,2,1,6,41,48,52,20,74,68,62,40,5,3,2.0,7.75,56.75,70.12,70.25,27.0,95.88,88.75,83.38,52.5,6.12,3.5
Asphalt_0cm_S11,2026-04-25T10:00:38.418004,2,6,54,74,73,26,94,84,76,49,6,3,2,7,50,58,57,22,78,70,65,41,5,3,2,9,65,76,81,31,108,101,94,58,7,4,3,12,86,107,107,42,151,142,139,88,11,6,3,12,84,97,100,39,138,127,118,73,9,5,2,6,46,59,56,22,77,72,67,44,5,2,1,4,28,42,36,15,47,46,46,27,3,2,1,6,41,48,52,20,74,68,62,40,5,3,2.0,7.75,56.75,70.12,70.25,27.12,95.88,88.75,83.38,52.5,6.38,3.5
Asphalt_0cm_S11,2026-04-25T10:00:38.498409,2,6,55,74,73,25,94,84,76,48,6,3,2,7,51,58,57,22,78,70,65,41,5,3,2,9,65,76,81,31,108,101,94,58,7,4,3,12,86,107,107,42,151,142,139,88,11,6,3,12,84,97,100,39,138,127,118,73,9,5,2,6,46,59,56,22,77,72,67,44,5,2,1,4,28,42,36,15,47,46,46,27,3,2,2,6,41,48,52,20,74,68,62,41,5,3,2.12,7.75,57.0,70.12,70.25,27.0,95.88,88.75,83.38,52.5,6.38,3.5
Asphalt_0cm_S11,2026-04-25T10:00:38.581003,2,6,55,74,73,25,94,84,76,48,6,3,2,7,51,58,57,22,78,70,65,41,5,3,2,9,65,76,81,31,108,101,94,58,7,4,3,12,86,107,107,42,152,142,139,88,11,6,3,12,84,97,100,39,138,126,118,73,9,5,2,6,46,59,56,22,77,72,67,44,4,2,1,4,28,42,36,15,47,46,46,27,3,2,2,6,41,48,52,20,74,68,62,41,5,3,2.12,7.75,57.0,70.12,70.25,27.0,96.0,88.62,83.38,52.5,6.25,3.5
Asphalt_0cm_S11,2026-04-25T10:00:38.674616,2,6,55,74,73,25,94,84,76,48,6,3,2,6,50,58,57,22,78,70,65,41,5,3,2,9,65,76,81,31,109,101,94,58,7,4,3,12,86,107,107,42,152,142,139,88,11,6,3,12,84,97,100,39,138,126,118,73,9,5,2,6,46,59,56,22,77,72,67,44,4,2,1,4,28,42,36,15,47,46,46,27,3,2,2,6,41,48,52,20,74,68,62,41,5,3,2.12,7.62,56.88,70.12,70.25,27.0,96.12,88.62,83.38,52.5,6.25,3.5
Asphalt_0cm_S11,2026-04-25T10:00:38.754918,2,6,55,74,73,25,94,84,76,48,6,3,2,6,50,58,57,22,78,70,65,41,5,3,2,9,65,76,81,31,109,101,94,58,7,4,3,12,86,107,107,42,152,142,139,87,11,7,3,12,84,97,100,39,138,126,118,73,9,5,2,6,46,59,56,22,77,72,67,44,4,2,1,4,28,42,36,15,47,46,46,27,3,2,2,5,41,48,52,20,74,68,62,41,5,3,2.12,7.5,56.88,70.12,70.25,27.0,96.12,88.62,83.38,52.38,6.25,3.62
Asphalt_0cm_S11,2026-04-25T10:00:38.836218,2,6,54,74,72,25,94,84,76,49,6,3,2,7,51,58,57,22,78,70,65,41,5,3,2,9,65,76,81,31,108,101,94,58,7,4,3,12,86,107,107,42,152,142,139,87,11,7,3,12,84,97,100,39,138,126,118,73,9,5,2,6,46,59,56,22,77,72,67,44,4,2,1,4,28,42,36,15,47,46,46,27,3,2,2,5,41,48,52,20,74,68,62,41,5,3,2.12,7.62,56.88,70.12,70.12,27.0,96.0,88.62,83.38,52.5,6.25,3.62
Asphalt_0cm_S11,2026-04-25T10:00:38.926192,2,6,54,74,72,25,94,84,76,49,6,3,2,7,51,58,57,22,78,70,65,41,5,3,2,9,65,76,81,31,108,101,94,58,7,4,3,12,86,107,107,42,152,142,139,88,11,6,3,12,84,97,100,39,138,126,118,73,9,5,2,6,46,59,56,22,77,73,67,44,4,3,1,4,28,42,36,14,47,46,46,27,3,2,2,6,41,48,52,20,74,68,62,41,5,2,2.12,7.75,56.88,70.12,70.12,26.88,96.0,88.75,83.38,52.62,6.25,3.5
Asphalt_0cm_S11,2026-04-25T10:00:39.008043,2,6,55,74,72,26,94,84,76,48,6,3,2,7,50,58,57,22,77,70,65,41,5,3,2,9,65,76,81,31,108,101,94,58,7,4,3,12,86,107,107,42,152,142,139,88,11,6,3,12,84,97,100,39,138,126,118,73,9,5,2,6,46,59,56,22,77,73,67,44,4,3,1,4,28,42,36,14,47,46,46,27,3,2,2,6,41,48,52,20,74,68,62,41,5,2,2.12,7.75,56.88,70.12,70.12,27.0,95.88,88.75,83.38,52.5,6.25,3.5
Asphalt_0cm_S11,2026-04-25T10:00:39.092984,2,6,55,74,72,26,94,84,76,48,6,3,2,7,50,58,57,22,77,70,65,41,5,3,2,9,65,76,81,31,108,101,94,58,7,4,3,12,86,107,107,42,151,142,139,87,11,6,3,12,84,97,100,39,138,126,118,73,9,5,2,6,46,59,56,22,77,72,67,44,4,2,1,4,28,42,36,15,47,46,46,27,3,2,2,6,41,48,52,20,74,68,62,41,5,3,2.12,7.75,56.88,70.12,70.12,27.12,95.75,88.62,83.38,52.38,6.25,3.5
Asphalt_0cm_S11,2026-04-25T10:00:39.180805,2,6,54,73,73,26,94,84,76,48,6,3,2,7,50,58,57,22,78,70,65,41,5,3,2,9,65,76,81,31,109,101,94,58,7,4,3,12,86,107,107,42,151,142,139,87,11,6,3,12,84,97,100,39,138,126,118,73,9,5,2,6,46,59,56,22,77,72,67,44,4,2,1,4,28,42,36,15,47,46,46,27,3,2,2,6,41,48,52,20,74,68,62,41,5,3,2.12,7.75,56.75,70.0,70.25,27.12,96.0,88.62,83.38,52.38,6.25,3.5
Asphalt_0cm_S11,2026-04-25T10:00:39.264786,2,6,54,73,73,26,94,84,76,48,6,3,2,7,50,58,57,22,78,70,65,41,5,3,2,9,65,76,81,31,109,101,94,58,7,4,3,12,86,107,107,42,151,142,139,87,10,6,3,12,84,97,100,39,138,126,118,73,9,5,1,6,47,59,56,22,77,73,67,44,4,2,1,4,29,42,36,14,47,46,46,27,3,2,2,6,41,48,52,20,74,68,62,41,5,3,2.0,7.75,57.0,70.0,70.25,27.0,96.0,88.75,83.38,52.38,6.12,3.5
Asphalt_0cm_S11,2026-04-25T10:00:39.370563,2,6,54,74,73,26,94,84,76,49,6,3,2,7,50,58,57,22,78,70,65,41,5,3,2,9,65,76,81,31,108,100,94,58,7,4,3,12,86,107,107,42,151,142,139,87,10,7,3,12,84,97,100,39,138,126,117,73,9,5,1,6,47,59,56,22,77,73,67,44,4,2,1,4,29,42,36,14,47,46,46,27,3,2,2,6,41,48,52,20,74,68,62,41,5,3,2.0,7.75,57.0,70.12,70.25,27.0,95.88,88.62,83.25,52.5,6.12,3.62
Asphalt_0cm_S11,2026-04-25T10:00:39.452250,2,6,54,74,73,26,94,84,76,49,6,3,2,7,50,58,57,22,78,70,65,41,5,3,2,9,65,76,81,31,108,100,94,58,7,4,3,12,86,107,107,42,151,142,139,87,10,7,3,12,84,97,100,39,138,126,117,73,9,5,2,6,46,59,56,22,77,72,67,44,4,3,1,4,28,42,36,15,47,46,46,27,3,2,2,6,41,48,52,20,74,68,62,41,5,3,2.12,7.75,56.75,70.12,70.25,27.12,95.88,88.5,83.25,52.5,6.12,3.75
Asphalt_0cm_S11,2026-04-25T10:00:39.533620,2,6,55,74,73,26,94,84,76,49,6,3,2,7,50,58,57,22,78,70,65,41,5,3,2,9,65,76,81,31,109,101,94,58,7,4,3,12,86,107,107,42,152,142,139,88,11,6,3,12,84,97,100,39,138,127,118,73,9,5,2,6,46,59,56,22,77,72,67,44,4,3,1,4,28,42,36,15,47,46,46,27,3,2,2,6,41,48,52,20,74,68,62,41,5,3,2.12,7.75,56.88,70.12,70.25,27.12,96.12,88.75,83.38,52.62,6.25,3.62
Asphalt_0cm_S11,2026-04-25T10:00:39.627445,2,6,54,74,73,26,94,84,76,48,6,3,2,7,50,58,57,22,78,70,65,41,5,3,2,9,65,76,81,31,109,101,94,58,7,4,3,12,86,107,107,42,152,142,139,88,11,6,3,12,84,97,100,39,138,127,118,73,9,5,2,6,46,59,56,22,77,73,67,44,4,2,1,4,28,42,36,15,47,46,46,27,3,2,2,6,41,48,52,20,74,68,62,41,5,3,2.12,7.75,56.75,70.12,70.25,27.12,96.12,88.88,83.38,52.5,6.25,3.5
Asphalt_0cm_S11,2026-04-25T10:00:39.710192,2,6,54,74,73,26,94,84,76,48,6,3,2,7,51,58,57,22,78,70,65,41,5,3,2,9,65,76,81,31,108,100,94,58,7,4,3,12,86,107,107,42,152,142,139,87,11,6,3,12,84,97,100,39,138,127,118,73,9,5,2,6,46,59,56,22,77,73,67,44,4,2,1,4,28,42,36,15,47,46,46,27,3,2,2,6,41,48,52,20,74,68,62,41,5,3,2.12,7.75,56.88,70.12,70.25,27.12,96.0,88.75,83.38,52.38,6.25,3.5
Asphalt_0cm_S11,2026-04-25T10:00:39.800960,2,6,55,74,73,26,94,84,76,49,6,3,2,7,51,58,57,22,78,70,65,41,5,3,2,9,65,76,81,31,108,100,94,58,7,4,3,12,86,107,107,42,152,142,139,87,11,6,3,12,84,97,100,39,138,127,118,73,9,5,2,6,46,59,56,22,77,72,67,44,4,2,1,4,28,42,36,14,47,46,46,27,3,2,2,6,41,48,52,20,74,68,62,41,5,3,2.12,7.75,57.0,70.12,70.25,27.0,96.0,88.62,83.38,52.5,6.25,3.5
Asphalt_0cm_S11,2026-04-25T10:00:39.878595,2,6,55,74,73,26,94,84,76,49,6,3,2,7,50,58,57,22,78,70,65,41,5,3,2,9,65,76,81,31,108,101,94,58,7,4,3,12,86,107,107,42,152,142,139,88,10,6,3,12,84,97,100,39,138,127,118,73,9,5,2,6,46,59,56,22,77,72,67,44,4,2,1,4,28,42,36,14,47,46,46,27,3,2,2,6,41,48,52,20,74,68,62,41,5,3,2.12,7.75,56.88,70.12,70.25,27.0,96.0,88.75,83.38,52.62,6.12,3.5
Asphalt_0cm_S11,2026-04-25T10:00:39.958555,2,6,55,74,73,26,94,84,76,49,6,3,2,7,50,58,57,22,78,70,65,41,5,3,2,9,65,76,81,31,108,101,94,58,7,4,3,12,86,107,107,42,152,142,139,88,10,6,3,12,84,97,100,39,138,127,118,73,9,5,2,6,46,59,56,22,77,72,67,44,5,2,1,4,28,42,36,14,47,46,46,27,3,2,2,5,41,48,52,20,74,68,62,41,5,3,2.12,7.62,56.88,70.12,70.25,27.0,96.0,88.75,83.38,52.62,6.25,3.5
Asphalt_0cm_S11,2026-04-25T10:00:40.054600,2,6,54,74,73,25,94,84,76,49,6,3,2,7,50,58,57,22,78,70,65,41,5,3,2,9,65,76,81,31,108,101,94,58,7,4,3,12,86,107,107,42,152,142,139,87,11,6,3,12,84,97,100,39,138,126,118,73,9,5,2,6,47,59,56,22,77,73,67,44,4,2,1,4,28,42,36,14,47,46,46,27,3,2,2,5,41,48,52,20,74,68,62,41,5,3,2.12,7.62,56.88,70.12,70.25,26.88,96.0,88.75,83.38,52.5,6.25,3.5
Asphalt_0cm_S11,2026-04-25T10:00:40.134609,2,6,54,74,73,25,94,84,76,48,6,3,2,7,50,58,57,22,78,70,65,41,5,3,2,9,65,76,81,31,108,101,94,58,7,4,3,12,86,107,107,42,152,142,139,87,11,6,3,12,84,97,100,39,138,126,118,73,9,5,2,6,47,59,56,22,77,73,67,44,4,2,1,4,28,42,36,14,47,46,46,27,3,2,2,6,41,47,52,20,74,68,62,41,5,3,2.12,7.75,56.88,70.0,70.25,26.88,96.0,88.75,83.38,52.38,6.25,3.5
Asphalt_0cm_S11,2026-04-25T10:00:40.213143,2,6,54,74,73,25,94,84,76,48,6,3,2,6,50,58,57,22,78,70,65,41,5,3,2,9,65,76,81,31,108,101,94,58,7,4,3,12,87,107,107,42,152,142,139,88,10,6,3,12,84,96,100,39,137,126,117,73,9,5,2,6,47,59,56,22,77,73,67,44,4,2,1,4,28,42,36,14,47,46,46,27,3,2,2,6,41,47,52,20,74,68,62,41,5,3,2.12,7.62,57.0,69.88,70.25,26.88,95.88,88.75,83.25,52.5,6.12,3.5
Asphalt_0cm_S11,2026-04-25T10:00:40.310913,2,6,55,73,73,25,94,84,76,48,6,3,2,7,50,58,57,22,78,70,65,41,5,3,2,9,65,76,81,31,108,101,94,58,7,4,3,12,87,107,107,42,152,142,139,88,10,6,3,12,84,96,100,39,137,126,117,73,9,5,2,6,47,59,56,22,77,72,67,44,5,2,1,4,28,42,36,15,47,46,46,27,3,2,1,6,41,48,52,20,74,68,62,41,5,3,2.0,7.75,57.12,69.88,70.25,27.0,95.88,88.62,83.25,52.5,6.25,3.5
Asphalt_0cm_S11,2026-04-25T10:00:40.392429,2,6,55,73,73,25,94,84,76,48,6,3,2,7,50,58,57,22,78,70,65,41,5,3,2,9,65,76,81,31,109,101,94,58,7,4,3,12,86,107,107,42,152,141,139,87,11,6,3,12,84,97,100,39,138,126,117,73,9,5,2,6,46,59,56,22,77,72,67,44,4,3,1,4,28,42,36,15,47,46,46,27,3,2,1,6,41,48,52,20,74,68,62,41,5,3,2.0,7.75,56.88,70.0,70.25,27.0,96.12,88.5,83.25,52.38,6.25,3.62
Asphalt_0cm_S11,2026-04-25T10:00:40.476222,2,6,55,73,73,26,94,84,76,48,6,3,2,7,50,58,57,22,78,70,65,41,5,3,2,9,65,76,81,31,109,101,94,58,7,4,3,12,86,107,107,42,152,141,139,87,11,6,3,12,84,97,100,39,138,126,117,73,9,5,2,6,46,59,56,22,77,72,67,44,4,3,1,4,28,42,36,15,47,46,46,27,3,2,1,6,41,48,52,20,74,68,62,41,5,3,2.0,7.75,56.88,70.0,70.25,27.12,96.12,88.5,83.25,52.38,6.25,3.62
Asphalt_0cm_S11,2026-04-25T10:00:40.582463,2,6,55,73,73,26,94,84,76,48,6,3,2,7,50,58,57,22,78,70,65,41,5,3,2,9,65,76,81,31,108,101,94,58,7,4,3,12,86,107,107,42,152,142,139,88,11,6,3,12,84,97,100,39,138,126,117,73,9,5,2,6,46,59,56,22,78,73,67,44,4,3,1,4,28,42,36,15,47,46,46,27,3,2,1,6,41,48,52,20,74,68,62,41,5,3,2.0,7.75,56.88,70.0,70.25,27.12,96.12,88.75,83.25,52.5,6.25,3.62
Asphalt_0cm_S11,2026-04-25T10:00:40.678117,2,6,55,74,73,26,94,84,76,48,6,3,2,7,50,58,57,22,78,70,65,41,5,3,2,9,65,76,81,31,108,101,94,58,7,4,3,12,86,107,107,42,152,142,139,88,11,6,3,12,84,97,100,39,138,126,117,73,9,5,2,6,46,59,56,22,78,73,67,44,4,3,1,4,28,42,36,15,47,46,46,27,3,2,1,6,41,48,52,20,74,68,62,41,5,3,2.0,7.75,56.88,70.12,70.25,27.12,96.12,88.75,83.25,52.5,6.25,3.62
Asphalt_0cm_S11,2026-04-25T10:00:40.758864,2,6,55,74,73,26,94,84,76,48,6,3,2,7,50,58,57,22,78,70,65,41,5,3,2,9,65,76,81,31,108,101,94,58,7,4,3,12,86,107,107,42,152,142,139,88,11,6,3,12,84,97,100,39,138,127,118,73,9,5,2,6,47,59,56,22,77,72,67,44,4,2,1,4,28,42,36,15,47,46,46,27,3,2,2,6,41,48,52,20,74,68,62,41,5,3,2.12,7.75,57.0,70.12,70.25,27.12,96.0,88.75,83.38,52.5,6.25,3.5
Asphalt_0cm_S11,2026-04-25T10:00:40.838675,2,6,55,73,72,26,94,84,76,49,6,3,2,7,50,58,57,22,78,70,65,41,5,3,2,9,65,76,81,31,109,101,94,58,7,4,3,12,86,107,107,42,151,142,139,88,11,6,3,12,84,97,100,39,138,127,118,73,9,5,2,6,47,59,56,22,77,72,67,44,4,2,1,4,28,42,36,15,47,46,46,27,3,2,2,6,41,48,52,20,74,68,62,41,5,3,2.12,7.75,57.0,70.0,70.12,27.12,96.0,88.75,83.38,52.62,6.25,3.5
Asphalt_0cm_S11,2026-04-25T10:00:40.931429,2,6,55,73,72,26,94,84,76,49,6,3,2,7,50,58,57,22,78,70,65,41,5,3,2,9,65,76,81,31,109,101,94,58,7,4,3,12,86,107,107,42,151,142,139,88,11,6,3,12,84,97,100,39,138,126,118,73,9,5,2,6,46,59,56,22,77,72,67,44,4,2,1,4,28,42,36,14,47,46,46,27,3,2,2,6,41,48,52,20,74,68,62,41,5,3,2.12,7.75,56.88,70.0,70.12,27.0,96.0,88.62,83.38,52.62,6.25,3.5
Asphalt_0cm_S11,2026-04-25T10:00:41.013791,2,6,54,74,73,26,94,84,76,49,6,3,2,7,51,58,57,22,78,70,65,41,5,3,2,9,65,76,80,31,109,101,94,58,7,4,3,12,86,107,107,42,152,142,139,88,11,6,3,12,84,97,100,39,138,126,118,73,9,5,2,6,46,59,56,22,77,72,67,44,4,2,1,4,28,42,36,14,47,46,46,27,3,2,2,6,41,48,52,20,74,68,62,41,5,3,2.12,7.75,56.88,70.12,70.12,27.0,96.12,88.62,83.38,52.62,6.25,3.5
Asphalt_0cm_S11,2026-04-25T10:00:41.095910,2,6,54,74,73,26,94,84,76,49,6,3,2,7,51,58,57,22,78,70,65,41,5,3,2,9,65,76,80,31,109,101,94,58,7,4,3,12,86,107,107,42,152,142,139,88,11,6,3,12,84,96,100,39,138,127,118,73,9,5,2,6,46,59,56,22,77,72,67,44,4,2,1,4,28,42,36,14,47,46,46,27,3,2,2,6,41,48,52,20,74,68,62,41,5,3,2.12,7.75,56.88,70.0,70.12,27.0,96.12,88.75,83.38,52.62,6.25,3.5
Asphalt_0cm_S11,2026-04-25T10:00:41.185241,2,6,55,73,73,25,94,84,76,49,6,3,2,7,50,58,57,22,78,70,65,41,5,3,2,9,65,76,81,31,108,101,94,58,7,4,3,12,86,107,107,42,152,142,139,88,11,6,3,12,84,97,100,39,138,127,118,73,9,5,2,6,46,59,56,22,77,72,67,44,4,2,1,4,28,42,36,14,47,46,46,27,3,2,2,6,41,48,52,20,74,68,62,41,5,3,2.12,7.75,56.88,70.0,70.25,26.88,96.0,88.75,83.38,52.62,6.25,3.5
Asphalt_0cm_S11,2026-04-25T10:00:41.268688,2,6,55,73,73,25,94,84,76,49,6,3,2,7,50,58,57,22,78,70,65,41,5,3,2,9,65,76,81,31,108,101,94,58,7,4,3,12,86,107,107,42,152,142,139,88,11,6,3,12,84,97,100,39,138,127,118,73,9,5,2,6,46,59,56,22,77,73,67,44,4,3,1,4,28,42,36,15,47,46,46,27,3,2,2,5,41,48,52,20,74,68,62,41,5,3,2.12,7.62,56.88,70.0,70.25,27.0,96.0,88.88,83.38,52.62,6.25,3.62
Asphalt_0cm_S11,2026-04-25T10:00:41.374397,2,6,55,73,72,26,94,84,76,49,6,3,2,7,50,58,57,22,78,70,65,41,5,3,2,9,65,76,81,31,108,101,94,58,7,4,3,12,86,107,107,42,152,142,139,88,10,6,3,12,84,97,100,39,138,127,118,73,9,5,2,6,46,59,56,22,77,73,67,44,4,2,1,4,28,42,36,15,47,46,46,27,3,2,2,5,41,48,52,20,74,68,62,41,5,3,2.12,7.62,56.88,70.0,70.12,27.12,96.0,88.88,83.38,52.62,6.12,3.5
Asphalt_0cm_S11,2026-04-25T10:00:41.453655,2,6,54,74,73,26,94,84,76,49,6,3,2,7,50,58,57,22,78,70,65,41,5,3,2,9,65,76,81,31,108,101,94,58,7,4,3,12,86,107,107,42,152,142,139,88,10,6,3,12,84,97,100,39,138,127,118,73,9,5,2,6,46,59,56,22,77,73,67,44,4,2,1,4,28,42,36,15,47,46,46,27,3,2,2,6,41,48,52,20,74,68,62,41,5,3,2.12,7.75,56.75,70.12,70.25,27.12,96.0,88.88,83.38,52.62,6.12,3.5
Asphalt_0cm_S11,2026-04-25T10:00:41.547373,2,6,54,74,73,26,94,84,76,49,6,3,2,7,51,58,57,22,78,70,65,41,5,3,2,9,65,76,81,31,108,101,94,58,7,4,3,12,86,107,107,43,152,142,139,88,11,6,3,12,84,97,100,39,138,127,118,73,9,5,2,6,46,59,56,22,77,72,67,44,4,3,1,4,28,42,36,15,47,46,46,27,3,2,2,6,41,48,52,20,74,68,62,41,5,3,2.12,7.75,56.88,70.12,70.25,27.25,96.0,88.75,83.38,52.62,6.25,3.62
Asphalt_0cm_S11,2026-04-25T10:00:41.626185,2,6,55,73,73,25,94,84,76,49,6,3,2,7,51,58,57,22,78,70,65,41,5,3,2,9,65,76,81,31,108,101,94,58,7,4,3,12,86,107,107,43,152,142,139,88,11,6,3,12,84,97,100,39,138,127,118,73,9,5,2,6,46,59,56,22,77,72,67,44,4,3,1,4,28,42,36,15,47,46,46,27,3,2,2,6,41,48,52,20,74,68,62,41,5,3,2.12,7.75,57.0,70.0,70.25,27.12,96.0,88.75,83.38,52.62,6.25,3.62
Asphalt_0cm_S11,2026-04-25T10:00:41.717851,2,6,55,73,73,25,94,84,76,49,6,3,2,7,51,58,57,22,78,70,65,41,5,3,2,9,65,76,81,31,108,101,94,58,7,4,3,12,86,107,107,43,152,142,139,88,11,6,3,12,84,97,100,39,138,126,118,73,9,5,2,6,46,59,56,22,77,72,67,44,4,2,1,4,28,42,36,15,47,46,46,27,3,2,2,6,41,48,52,20,74,68,62,41,5,3,2.12,7.75,57.0,70.0,70.25,27.12,96.0,88.62,83.38,52.62,6.25,3.5
Asphalt_0cm_S11,2026-04-25T10:00:41.804087,2,6,54,74,73,26,94,84,76,48,6,3,2,7,50,58,57,22,78,70,65,41,5,3,2,9,65,76,81,31,108,101,94,58,7,4,3,12,86,107,107,43,152,142,139,88,11,6,3,12,84,97,100,39,138,126,118,73,9,5,2,6,46,59,56,22,77,72,67,44,4,2,1,4,28,42,36,15,47,46,46,27,3,2,2,6,41,48,52,20,74,68,62,41,5,3,2.12,7.75,56.75,70.12,70.25,27.25,96.0,88.62,83.38,52.5,6.25,3.5
Asphalt_0cm_S11,2026-04-25T10:00:41.884426,2,6,54,74,73,26,94,84,76,48,6,3,2,7,50,58,57,22,78,70,65,41,5,3,2,9,65,76,81,31,108,101,94,58,7,4,3,12,86,107,107,43,152,142,139,88,11,6,3,12,84,96,100,39,138,127,118,73,9,5,2,6,46,59,56,22,77,72,67,44,4,2,1,4,28,42,36,15,47,46,46,27,3,2,2,6,41,48,52,20,74,68,62,41,5,3,2.12,7.75,56.75,70.0,70.25,27.25,96.0,88.75,83.38,52.5,6.25,3.5
Asphalt_0cm_S11,2026-04-25T10:00:41.962721,2,6,55,74,73,26,94,84,76,49,6,3,2,7,51,58,57,22,78,70,65,41,5,3,2,9,65,76,81,31,108,101,94,58,7,4,3,12,86,107,107,43,152,142,139,88,11,6,3,12,84,96,100,39,138,127,118,73,9,5,2,6,46,59,56,22,77,72,67,44,4,2,1,4,28,42,36,15,47,46,46,27,3,2,2,6,41,48,52,20,74,68,62,41,5,3,2.12,7.75,57.0,70.0,70.25,27.25,96.0,88.75,83.38,52.62,6.25,3.5
Asphalt_0cm_S11,2026-04-25T10:00:42.055142,2,6,55,74,73,26,94,84,76,49,6,3,2,7,51,58,57,22,78,70,65,41,5,3,2,9,65,76,81,31,109,101,94,58,7,4,3,12,86,107,107,42,152,142,139,88,10,6,3,12,84,97,100,39,138,126,118,73,9,5,2,6,46,59,56,22,77,73,67,44,5,3,1,4,28,42,36,15,47,46,46,27,3,2,2,6,41,48,52,20,74,68,62,41,5,3,2.12,7.75,57.0,70.12,70.25,27.12,96.12,88.75,83.38,52.62,6.25,3.62
Asphalt_0cm_S11,2026-04-25T10:00:42.135330,2,6,55,74,73,25,94,84,76,49,6,3,2,7,51,58,57,22,78,70,65,41,5,3,2,9,65,76,81,31,108,101,94,58,7,4,3,12,86,107,107,42,152,142,139,88,10,6,3,12,84,97,100,39,138,126,118,73,9,5,2,6,46,59,56,22,77,73,67,44,5,3,1,4,28,42,36,15,47,46,46,27,3,2,2,6,41,48,52,20,74,68,62,41,5,3,2.12,7.75,57.0,70.12,70.25,27.0,96.0,88.75,83.38,52.62,6.25,3.62
Asphalt_0cm_S11,2026-04-25T10:00:42.217476,2,6,55,74,73,25,94,84,76,49,6,3,2,7,51,58,57,22,78,70,65,41,5,3,2,9,65,76,81,31,108,101,94,58,7,4,3,12,86,107,107,42,151,142,139,88,10,6,3,12,84,97,100,39,138,126,118,73,9,5,2,6,46,59,56,22,77,72,67,44,4,2,1,4,28,42,36,15,47,46,46,27,3,2,2,5,41,48,52,20,74,68,62,41,5,3,2.12,7.62,57.0,70.12,70.25,27.0,95.88,88.62,83.38,52.62,6.12,3.5
Asphalt_0cm_S11,2026-04-25T10:00:42.310050,2,6,55,74,72,26,94,84,76,48,6,3,1,7,50,58,57,22,78,70,65,41,5,3,2,9,65,76,81,31,108,101,94,58,7,4,3,12,86,107,107,42,151,142,139,88,10,6,3,12,84,97,100,39,138,126,118,73,9,5,2,6,46,59,56,22,77,72,67,44,4,2,1,4,28,42,36,15,47,46,46,27,3,2,2,5,41,48,52,20,74,68,62,41,5,3,2.0,7.62,56.88,70.12,70.12,27.12,95.88,88.62,83.38,52.5,6.12,3.5
Asphalt_0cm_S11,2026-04-25T10:00:42.391398,2,6,55,74,72,26,94,84,76,48,6,3,1,7,50,58,57,22,78,70,65,41,5,3,2,9,65,76,81,31,108,101,94,58,7,4,3,12,87,107,107,43,152,142,139,88,11,6,3,12,84,97,100,39,138,126,118,73,9,5,2,6,46,59,56,22,77,72,67,44,5,2,1,4,28,42,36,15,47,46,46,27,3,2,2,6,41,48,52,20,74,68,62,41,5,3,2.0,7.75,57.0,70.12,70.12,27.25,96.0,88.62,83.38,52.5,6.38,3.5
Asphalt_0cm_S11,2026-04-25T10:00:42.474614,2,6,55,73,73,26,94,84,76,48,6,3,2,7,50,58,57,22,78,70,65,41,5,3,2,9,65,76,81,31,109,101,94,58,7,4,3,12,87,107,107,43,152,142,139,88,11,6,3,12,84,97,100,39,138,126,118,73,9,5,2,6,46,59,56,22,77,72,67,44,5,2,1,4,28,42,36,15,47,46,46,27,3,2,2,6,41,48,52,20,74,68,62,41,5,3,2.12,7.75,57.0,70.0,70.25,27.25,96.12,88.62,83.38,52.5,6.38,3.5
Asphalt_0cm_S11,2026-04-25T10:00:42.567578,2,6,55,73,73,26,94,84,76,48,6,3,2,7,50,58,57,22,78,70,65,41,5,3,2,9,65,76,81,31,109,101,94,58,7,4,3,12,86,107,107,42,152,142,139,88,11,6,3,12,84,97,100,39,138,126,118,73,9,5,2,6,46,59,56,22,77,72,67,44,4,2,1,4,28,42,36,15,47,46,46,27,3,2,2,6,41,48,52,20,74,68,62,41,5,3,2.12,7.75,56.88,70.0,70.25,27.12,96.12,88.62,83.38,52.5,6.25,3.5
Asphalt_0cm_S11,2026-04-25T10:00:42.650282,2,6,55,74,73,26,94,84,76,49,6,3,2,6,50,58,57,22,78,70,65,41,5,3,2,9,65,76,81,31,108,101,94,58,7,4,3,12,86,107,107,42,152,142,139,88,11,6,3,12,84,97,100,39,138,126,118,73,9,5,2,6,46,59,56,22,77,72,67,44,4,2,1,4,28,42,36,15,47,46,46,27,3,2,2,6,41,48,52,20,74,68,62,41,5,3,2.12,7.62,56.88,70.12,70.25,27.12,96.0,88.62,83.38,52.62,6.25,3.5
Asphalt_0cm_S11,2026-04-25T10:00:42.768683,2,6,55,74,73,26,94,84,76,49,6,3,2,6,50,58,57,22,78,70,65,41,5,3,2,9,65,76,81,31,108,101,94,58,7,4,3,12,86,107,107,42,152,142,139,88,11,6,3,12,84,97,100,39,138,126,118,73,9,5,1,6,46,59,56,22,77,73,67,44,4,2,1,4,28,42,36,14,47,46,46,27,3,2,1,6,41,48,52,20,74,68,62,41,5,3,1.88,7.62,56.88,70.12,70.25,27.0,96.0,88.75,83.38,52.62,6.25,3.5
Asphalt_0cm_S11,2026-04-25T10:00:42.852104,2,6,55,74,73,25,94,84,77,48,6,3,2,7,50,58,57,22,78,70,65,41,5,3,2,9,65,76,81,31,109,101,94,58,7,4,3,12,86,107,107,42,152,142,139,88,11,6,3,12,84,96,100,39,138,126,118,73,9,5,2,6,46,59,56,22,77,73,67,44,4,2,1,4,28,42,36,14,47,46,46,27,3,2,1,6,41,48,52,20,74,68,62,41,5,3,2.0,7.75,56.88,70.0,70.25,26.88,96.12,88.75,83.5,52.5,6.25,3.5
Asphalt_0cm_S11,2026-04-25T10:00:42.944615,2,6,54,74,73,26,94,84,76,48,6,3,2,7,50,58,57,22,78,70,65,41,5,3,2,9,65,76,81,31,109,101,94,58,7,4,3,12,86,107,107,42,152,142,139,88,11,6,3,12,84,96,100,39,138,126,118,73,9,5,2,6,46,59,56,22,77,73,67,44,4,2,1,4,28,42,36,14,47,46,46,27,3,2,1,6,41,48,52,20,74,68,62,41,5,3,2.0,7.75,56.75,70.0,70.25,27.0,96.12,88.75,83.38,52.5,6.25,3.5
Asphalt_0cm_S11,2026-04-25T10:00:43.023540,2,6,54,74,73,26,94,84,76,48,6,3,2,7,50,58,57,22,78,70,65,41,5,3,2,9,65,76,81,31,108,101,94,58,7,4,3,12,86,107,107,42,152,142,139,88,10,6,3,12,84,97,100,39,138,126,118,73,9,5,2,6,46,59,56,22,77,72,67,44,5,2,1,4,28,42,36,14,47,46,46,27,3,2,1,6,41,48,52,20,74,68,62,41,5,3,2.0,7.75,56.75,70.12,70.25,27.0,96.0,88.62,83.38,52.5,6.25,3.5
Asphalt_0cm_S11,2026-04-25T10:00:43.107932,2,6,54,74,72,26,94,84,76,48,6,3,2,7,50,58,57,22,78,70,65,41,5,3,2,9,65,76,81,31,108,101,94,58,7,4,3,12,86,107,107,42,152,142,139,88,10,6,3,12,84,97,100,39,138,126,118,73,9,5,2,6,46,59,56,22,77,72,67,44,5,2,1,4,28,42,36,15,47,46,46,27,3,2,1,6,41,48,52,20,74,68,62,41,5,3,2.0,7.75,56.75,70.12,70.12,27.12,96.0,88.62,83.38,52.5,6.25,3.5
Asphalt_0cm_S11,2026-04-25T10:00:43.200541,2,6,54,74,72,26,94,84,76,48,6,3,2,7,51,58,57,22,78,70,65,41,5,3,2,9,65,76,81,31,108,101,94,58,7,4,3,12,86,107,107,43,151,142,139,88,11,6,3,12,84,97,100,39,138,126,118,73,9,5,2,6,46,59,56,22,77,72,67,44,4,2,1,4,28,42,36,15,47,46,46,27,3,2,1,6,41,48,52,20,74,68,62,41,5,3,2.0,7.75,56.88,70.12,70.12,27.25,95.88,88.62,83.38,52.5,6.25,3.5
Asphalt_0cm_S11,2026-04-25T10:00:43.280906,2,6,54,74,73,25,94,84,77,49,6,3,2,7,50,58,57,22,78,70,65,41,5,3,2,9,65,76,81,31,108,101,94,58,7,4,3,12,86,107,107,43,151,142,139,88,11,6,3,12,84,97,100,39,138,126,118,73,9,5,2,6,46,59,56,22,77,72,67,44,4,2,1,4,28,42,36,15,47,46,46,27,3,2,1,6,41,48,52,20,74,68,62,41,5,3,2.0,7.75,56.75,70.12,70.25,27.12,95.88,88.62,83.5,52.62,6.25,3.5
Asphalt_0cm_S11,2026-04-25T10:00:43.361447,2,6,54,74,73,25,94,84,77,49,6,3,2,7,50,58,57,22,78,70,65,41,5,3,2,9,65,76,80,31,109,101,94,58,7,4,3,12,86,107,107,42,152,142,139,88,11,6,3,12,84,97,100,39,138,127,118,73,9,5,2,6,47,59,56,22,78,72,67,44,4,2,1,4,28,42,36,14,47,46,46,27,3,2,1,6,41,48,52,20,74,68,62,41,5,3,2.0,7.75,56.88,70.12,70.12,26.88,96.25,88.75,83.5,52.62,6.25,3.5
Asphalt_0cm_S11,2026-04-25T10:00:43.448336,2,6,55,74,73,26,94,84,76,48,6,3,2,7,50,58,57,22,78,70,65,41,5,3,2,9,65,76,80,31,109,101,94,58,7,4,3,12,86,107,107,42,152,142,139,88,11,6,3,12,84,97,100,39,138,127,118,73,9,5,2,6,47,59,56,22,78,72,67,44,4,2,1,4,28,42,36,14,47,46,46,27,3,2,2,6,41,48,52,20,74,68,62,41,5,3,2.12,7.75,57.0,70.12,70.12,27.0,96.25,88.75,83.38,52.5,6.25,3.5
Asphalt_0cm_S11,2026-04-25T10:00:43.541700,2,6,55,74,73,26,94,84,76,48,6,3,2,7,50,58,57,22,78,70,65,41,5,3,2,9,65,76,81,31,109,101,94,58,7,4,3,12,86,107,107,42,152,142,139,88,11,6,3,12,84,97,100,39,138,127,118,73,9,5,2,6,46,59,56,22,77,72,67,44,4,2,1,4,28,42,36,15,47,46,46,27,3,2,2,6,41,48,52,20,74,68,62,41,5,3,2.12,7.75,56.88,70.12,70.25,27.12,96.12,88.75,83.38,52.5,6.25,3.5
Asphalt_0cm_S11,2026-04-25T10:00:43.630045,2,6,55,74,72,26,94,84,76,49,6,3,2,7,50,58,57,22,78,70,65,41,5,3,2,9,65,76,81,31,108,101,94,58,7,4,3,12,86,107,107,42,152,142,139,88,11,6,3,12,84,97,100,39,138,127,118,73,9,5,2,6,46,59,56,22,77,72,67,44,4,2,1,4,28,42,36,15,47,46,46,27,3,2,2,5,41,48,52,20,74,68,62,41,5,3,2.12,7.62,56.88,70.12,70.12,27.12,96.0,88.75,83.38,52.62,6.25,3.5
Asphalt_0cm_S11,2026-04-25T10:00:43.713952,2,6,55,74,72,26,94,84,76,49,6,3,2,7,50,58,57,22,78,70,65,41,5,3,2,9,65,76,81,31,108,101,94,58,7,4,3,12,86,107,107,42,152,142,139,88,11,6,3,12,84,97,100,39,137,126,117,73,9,5,2,6,46,59,56,22,77,73,67,44,5,2,1,4,28,42,36,15,47,46,46,27,3,2,2,6,41,48,52,20,74,68,62,41,5,3,2.12,7.75,56.88,70.12,70.12,27.12,95.88,88.75,83.25,52.62,6.38,3.5
Asphalt_0cm_S11,2026-04-25T10:00:43.817220,2,6,54,74,72,26,94,84,76,48,6,3,1,7,51,58,57,22,78,70,65,41,5,3,2,9,65,76,81,31,109,101,94,58,7,4,3,12,86,107,107,42,152,142,139,88,10,6,3,12,84,97,100,39,138,126,118,73,9,5,2,6,46,59,56,22,77,73,67,44,5,2,1,4,28,42,36,15,47,46,46,27,3,2,2,6,41,48,52,20,74,68,62,41,5,3,2.0,7.75,56.88,70.12,70.12,27.12,96.12,88.75,83.38,52.5,6.25,3.5
Asphalt_0cm_S11,2026-04-25T10:00:43.898271,2,6,54,74,72,26,94,84,76,48,6,3,1,7,51,58,57,22,78,70,65,41,5,3,2,9,65,76,81,31,109,101,94,58,7,4,3,12,86,107,107,42,152,142,139,88,10,6,3,12,84,97,100,39,138,126,118,73,9,5,2,6,46,59,56,22,77,73,67,44,4,2,1,4,28,42,36,14,47,46,46,27,3,2,1,6,41,48,52,20,74,68,62,41,5,3,1.88,7.75,56.88,70.12,70.12,27.0,96.12,88.75,83.38,52.5,6.12,3.5
Asphalt_0cm_S11,2026-04-25T10:00:43.981248,2,6,54,74,72,26,94,84,76,48,6,3,2,7,51,58,57,22,78,70,65,41,5,3,2,9,65,76,81,31,108,101,94,58,7,4,3,12,86,107,107,42,152,142,139,88,10,6,3,12,84,97,100,39,138,126,118,73,9,5,2,6,46,59,56,22,77,73,67,44,4,2,1,4,28,42,36,14,47,46,46,27,3,2,1,6,41,48,52,20,74,68,62,41,5,3,2.0,7.75,56.88,70.12,70.12,27.0,96.0,88.75,83.38,52.5,6.12,3.5
Asphalt_0cm_S11,2026-04-25T10:00:44.073283,2,6,55,74,73,26,94,84,76,48,6,3,2,7,51,58,57,22,78,70,65,41,5,3,2,9,65,76,81,31,108,101,94,58,7,4,3,12,86,107,107,42,152,142,139,88,10,6,3,12,84,97,100,39,138,126,118,73,8,5,2,6,46,59,56,22,77,72,67,44,5,2,1,4,28,42,36,15,47,46,46,27,3,2,1,6,41,48,52,20,74,68,62,41,5,3,2.0,7.75,57.0,70.12,70.25,27.12,96.0,88.62,83.38,52.5,6.12,3.5
Asphalt_0cm_S11,2026-04-25T10:00:44.152450,2,6,55,74,73,26,94,84,76,48,6,3,2,7,50,58,57,22,78,70,65,41,5,3,2,9,65,76,81,31,108,101,94,58,7,4,3,12,86,108,107,42,152,142,139,88,10,6,3,12,84,97,100,39,138,127,118,73,9,5,2,6,46,59,56,22,77,72,67,44,5,2,1,4,28,42,36,15,47,46,46,27,3,2,1,6,41,48,52,20,74,68,62,41,5,3,2.0,7.75,56.88,70.25,70.25,27.12,96.0,88.75,83.38,52.5,6.25,3.5
Asphalt_0cm_S11,2026-04-25T10:00:44.231766,2,6,55,74,73,26,94,84,76,48,6,3,2,7,50,58,57,22,78,70,65,41,5,3,2,9,65,76,81,31,108,101,94,58,7,4,3,12,86,108,107,42,152,142,139,88,10,6,3,12,84,97,100,39,138,127,118,73,9,5,2,6,47,59,56,22,77,72,67,44,5,2,1,4,28,42,36,14,47,46,46,27,3,2,2,5,41,48,52,20,74,68,62,41,5,3,2.12,7.62,57.0,70.25,70.25,27.0,96.0,88.75,83.38,52.5,6.25,3.5
Asphalt_0cm_S11,2026-04-25T10:00:44.326083,2,6,55,74,73,26,94,84,76,49,6,3,2,7,50,58,57,22,78,70,65,41,5,3,2,9,65,76,81,31,109,101,94,58,7,4,3,12,86,107,107,42,152,142,139,87,11,7,3,12,84,97,100,39,138,126,118,73,9,5,2,6,46,59,56,22,77,73,67,44,4,2,1,4,28,42,36,14,47,46,46,27,3,2,2,5,41,48,52,20,74,68,62,41,5,3,2.12,7.62,56.88,70.12,70.25,27.0,96.12,88.75,83.38,52.5,6.25,3.62
Asphalt_0cm_S11,2026-04-25T10:00:44.430873,2,6,55,74,73,26,94,84,76,49,6,3,2,7,50,58,57,22,78,70,65,41,5,3,2,9,65,76,81,31,109,101,94,58,7,4,3,12,86,107,107,42,152,142,139,87,11,7,3,12,84,97,100,39,138,126,118,73,9,5,2,6,46,59,56,22,77,73,67,44,4,2,1,4,28,42,36,15,47,46,46,27,3,2,2,6,41,48,52,20,74,68,62,41,5,3,2.12,7.75,56.88,70.12,70.25,27.12,96.12,88.75,83.38,52.5,6.25,3.62
Asphalt_0cm_S11,2026-04-25T10:00:44.514561,2,6,55,74,73,26,94,84,76,48,6,3,2,7,50,58,57,22,78,70,65,41,5,3,2,9,65,76,81,31,108,101,94,58,7,4,3,12,86,107,107,42,151,142,139,88,11,6,3,12,84,97,100,39,138,127,118,73,9,5,2,6,46,59,56,22,77,73,68,44,5,2,1,4,28,42,36,15,47,46,46,27,3,2,2,6,41,48,52,20,74,68,62,41,5,3,2.12,7.75,56.88,70.12,70.25,27.12,95.88,88.88,83.5,52.5,6.38,3.5
Asphalt_0cm_S11,2026-04-25T10:00:44.597523,2,6,55,74,73,25,94,84,76,48,6,3,2,7,50,58,57,22,78,70,65,41,5,3,2,9,65,76,81,31,108,101,94,58,7,4,3,12,86,107,107,42,151,142,139,88,11,6,3,12,84,97,100,39,138,127,118,73,9,5,2,6,46,59,56,22,77,73,68,44,5,2,1,4,28,42,36,15,47,46,46,27,3,2,1,5,41,48,53,20,74,68,62,41,5,3,2.0,7.62,56.88,70.12,70.38,27.0,95.88,88.88,83.5,52.5,6.38,3.5
Asphalt_0cm_S11,2026-04-25T10:00:44.678091,2,6,55,74,73,25,94,84,76,48,6,3,2,7,50,58,57,22,78,70,65,41,5,3,2,9,65,76,81,31,109,101,94,58,7,4,3,12,86,107,107,42,152,142,139,88,11,6,3,12,84,97,100,39,138,127,118,73,9,5,2,6,46,59,56,22,77,73,67,44,4,2,1,4,28,42,36,15,47,46,46,27,3,2,1,5,41,48,53,20,74,68,62,41,5,3,2.0,7.62,56.88,70.12,70.38,27.0,96.12,88.88,83.38,52.5,6.25,3.5
Asphalt_0cm_S11,2026-04-25T10:00:44.770057,2,6,55,74,73,26,94,84,76,48,6,3,2,6,51,58,57,22,78,70,65,41,5,3,2,9,65,76,81,31,108,101,94,58,7,4,3,12,86,107,107,42,152,142,139,88,11,6,3,12,84,97,100,39,138,127,118,73,9,5,2,6,46,59,56,22,77,73,67,44,4,2,1,4,28,42,36,15,47,46,46,27,3,2,2,6,41,48,52,20,74,68,62,41,5,3,2.12,7.62,57.0,70.12,70.25,27.12,96.0,88.88,83.38,52.5,6.25,3.5
Asphalt_0cm_S11,2026-04-25T10:00:44.850374,2,6,55,74,73,26,94,84,76,48,6,3,2,6,51,58,57,22,78,70,65,41,5,3,2,9,65,76,81,31,108,101,94,58,7,4,3,12,86,107,107,42,152,142,139,88,10,6,3,12,84,97,100,39,138,127,118,73,9,5,2,6,46,59,56,22,77,73,67,44,4,2,1,4,28,42,36,15,47,46,46,27,2,2,2,6,41,48,52,20,74,68,62,41,5,3,2.12,7.62,57.0,70.12,70.25,27.12,96.0,88.88,83.38,52.5,6.0,3.5
Asphalt_0cm_S11,2026-04-25T10:00:44.927381,2,6,54,74,73,25,94,84,76,48,6,3,2,7,50,58,57,22,78,70,65,41,5,3,2,9,65,76,81,31,108,101,94,58,7,4,3,12,86,107,107,42,152,142,139,88,10,6,3,12,84,97,100,39,138,127,118,73,9,5,2,6,46,59,56,22,77,73,67,44,4,2,1,4,28,42,36,15,47,46,46,27,2,2,2,6,41,48,52,20,74,68,62,41,5,3,2.12,7.75,56.75,70.12,70.25,27.0,96.0,88.88,83.38,52.5,6.0,3.5
Asphalt_0cm_S11,2026-04-25T10:00:45.025447,2,6,54,74,73,25,94,84,76,48,6,3,2,7,50,58,57,22,78,70,65,41,5,3,2,9,65,76,81,31,108,101,94,58,7,4,3,12,86,107,107,42,151,142,139,88,11,6,3,12,84,97,100,39,138,127,118,73,9,5,2,6,46,59,56,22,77,72,67,44,5,2,1,4,28,42,36,14,47,46,46,27,3,2,2,6,41,48,52,20,74,68,62,41,5,3,2.12,7.75,56.75,70.12,70.25,26.88,95.88,88.75,83.38,52.5,6.38,3.5
Asphalt_0cm_S11,2026-04-25T10:00:45.108212,2,6,55,74,72,25,94,84,76,48,6,3,2,7,51,58,57,22,78,70,65,41,5,3,2,9,65,76,81,31,109,101,94,58,7,4,3,12,86,107,107,42,151,142,139,88,11,6,3,12,84,97,100,39,138,127,118,73,9,5,2,6,46,59,56,22,77,72,67,44,5,2,1,4,28,42,36,14,47,46,46,27,3,2,2,6,41,48,52,20,74,68,62,41,5,3,2.12,7.75,57.0,70.12,70.12,26.88,96.0,88.75,83.38,52.5,6.38,3.5
Asphalt_0cm_S11,2026-04-25T10:00:45.186965,2,6,55,74,72,25,94,84,76,48,6,3,2,7,51,58,57,22,78,70,65,41,5,3,2,9,65,76,81,31,109,101,94,58,7,4,3,12,86,107,107,42,151,142,139,88,10,7,3,12,84,97,100,39,138,126,118,73,9,5,2,6,46,59,56,22,77,72,67,44,5,2,1,4,28,42,36,14,47,46,46,27,3,2,2,6,41,48,52,20,74,68,62,41,5,3,2.12,7.75,57.0,70.12,70.12,26.88,96.0,88.62,83.38,52.5,6.25,3.62
Asphalt_0cm_S11,2026-04-25T10:00:45.280832,2,6,54,74,73,26,94,84,76,49,6,3,2,7,51,58,57,22,78,70,65,41,5,3,2,9,65,76,81,31,108,101,94,58,7,4,3,12,86,107,107,42,151,142,139,88,10,7,3,12,84,97,100,39,138,126,118,73,9,5,2,6,46,59,56,22,77,72,67,44,5,2,1,4,28,42,36,14,47,46,46,27,3,2,2,6,41,48,52,20,74,68,62,41,5,3,2.12,7.75,56.88,70.12,70.25,27.0,95.88,88.62,83.38,52.62,6.25,3.62
Asphalt_0cm_S11,2026-04-25T10:00:45.363323,2,6,54,74,73,26,94,84,76,49,6,3,2,7,51,58,57,22,78,70,65,41,5,3,2,9,65,76,81,31,108,101,94,58,7,4,3,12,86,107,107,42,152,142,139,88,11,7,3,12,84,96,100,39,138,126,118,73,9,5,2,6,46,59,56,22,77,73,67,44,4,3,1,4,28,42,36,14,47,46,46,27,3,2,2,6,41,48,52,20,74,68,62,41,5,3,2.12,7.75,56.88,70.0,70.25,27.0,96.0,88.75,83.38,52.62,6.25,3.75
Asphalt_0cm_S11,2026-04-25T10:00:45.444055,2,6,54,74,73,26,94,84,77,48,6,3,2,7,50,58,57,22,78,70,65,41,5,3,2,9,65,76,81,31,108,101,94,58,7,4,3,12,86,107,107,42,152,142,139,88,11,7,3,12,84,96,100,39,138,126,118,73,9,5,2,6,46,59,56,22,77,73,67,44,4,3,1,4,28,42,36,14,47,46,46,27,3,2,2,6,41,48,52,20,74,68,62,41,5,3,2.12,7.75,56.75,70.0,70.25,27.0,96.0,88.75,83.5,52.5,6.25,3.75
Asphalt_0cm_S11,2026-04-25T10:00:45.539229,2,6,54,74,73,26,94,84,77,48,6,3,2,7,50,58,57,22,78,70,65,41,5,3,2,9,65,76,81,31,108,101,94,58,7,4,3,12,86,107,107,42,152,142,139,88,11,6,3,12,84,96,100,39,138,126,117,72,9,5,2,6,46,59,56,22,77,73,67,44,4,3,1,4,28,42,36,15,47,46,46,27,3,2,2,6,41,48,52,20,74,68,62,41,5,3,2.12,7.75,56.75,70.0,70.25,27.12,96.0,88.75,83.38,52.38,6.25,3.62
Asphalt_0cm_S11,2026-04-25T10:00:45.617734,2,6,55,73,72,26,94,84,76,49,6,3,1,7,50,58,57,22,78,70,65,41,5,3,2,9,65,76,81,31,109,101,94,58,7,4,3,12,86,107,107,42,151,142,139,88,10,6,3,12,84,97,100,39,138,126,118,73,8,5,2,6,46,59,56,22,77,73,67,44,4,3,1,4,28,42,36,15,47,46,46,27,3,2,2,6,41,48,52,20,74,68,62,41,5,3,2.0,7.75,56.88,70.0,70.12,27.12,96.0,88.75,83.38,52.62,6.0,3.62
Asphalt_0cm_S11,2026-04-25T10:00:45.719069,2,6,55,73,72,26,94,84,76,49,6,3,1,7,50,58,57,22,78,70,65,41,5,3,2,9,65,76,81,31,109,101,94,58,7,4,3,12,86,107,107,42,151,142,139,88,10,6,3,12,84,97,100,39,138,126,118,73,8,5,2,6,46,59,56,22,77,72,67,44,4,2,1,4,28,42,36,14,47,46,46,27,3,2,2,6,41,48,52,20,74,68,62,41,5,3,2.0,7.75,56.88,70.0,70.12,27.0,96.0,88.62,83.38,52.62,6.0,3.5
Asphalt_0cm_S11,2026-04-25T10:00:45.799687,2,6,55,73,72,25,94,84,76,49,6,3,2,7,51,58,57,22,78,70,65,41,5,3,2,9,65,76,81,31,108,100,94,58,7,4,3,12,86,107,107,42,152,142,139,88,11,6,3,12,84,97,100,39,138,127,118,73,9,5,2,6,46,59,56,22,77,72,67,44,4,2,1,4,28,42,36,14,47,46,46,27,3,2,2,6,41,48,52,20,74,68,62,41,5,3,2.12,7.75,57.0,70.0,70.12,26.88,96.0,88.62,83.38,52.62,6.25,3.5
Asphalt_0cm_S11,2026-04-25T10:00:45.880323,2,6,55,73,72,25,94,84,76,49,6,3,2,7,51,58,57,22,78,70,65,41,5,3,2,9,65,76,81,31,108,100,94,58,7,4,3,12,86,107,107,42,152,142,139,88,11,6,3,12,84,97,100,39,138,127,118,73,9,5,2,6,46,59,56,22,77,73,67,44,5,2,1,4,28,42,36,14,47,46,46,27,3,2,1,6,41,48,52,20,74,68,62,41,5,3,2.0,7.75,57.0,70.0,70.12,26.88,96.0,88.75,83.38,52.62,6.38,3.5
Asphalt_0cm_S11,2026-04-25T10:00:45.979979,2,6,55,74,73,26,94,84,76,48,6,3,2,7,50,58,57,22,78,70,65,41,5,3,2,9,65,76,81,31,108,101,94,58,7,4,3,12,86,107,107,42,152,142,139,88,10,6,3,12,84,97,100,39,138,127,118,73,9,5,2,6,46,59,56,22,77,72,67,44,4,2,1,4,28,42,36,15,47,46,46,27,3,2,1,6,41,48,52,20,74,68,62,41,5,3,2.0,7.75,56.88,70.12,70.25,27.12,96.0,88.75,83.38,52.5,6.12,3.5
Asphalt_0cm_S11,2026-04-25T10:00:46.061085,2,6,54,73,72,26,94,84,76,48,6,3,2,7,50,58,57,22,78,70,65,41,5,3,2,9,65,76,81,31,108,101,94,58,7,4,3,12,86,107,107,42,152,142,139,88,10,6,3,12,84,97,100,39,138,127,118,73,9,5,2,6,46,59,56,22,77,72,67,44,4,2,1,4,28,42,36,15,47,46,46,27,3,2,1,6,41,48,52,20,74,68,62,41,5,2,2.0,7.75,56.75,70.0,70.12,27.12,96.0,88.75,83.38,52.5,6.12,3.38
Asphalt_0cm_S11,2026-04-25T10:00:46.138964,2,6,54,73,72,26,94,84,76,48,6,3,2,7,50,58,57,22,78,70,65,41,5,3,2,9,65,76,80,31,108,101,94,58,7,4,3,12,86,107,107,42,151,142,139,88,10,6,3,12,84,97,100,39,137,127,118,73,9,5,2,6,46,59,56,22,77,72,67,44,4,2,1,4,28,42,36,15,47,46,46,27,3,2,1,6,41,48,52,20,74,68,62,41,5,2,2.0,7.75,56.75,70.0,70.0,27.12,95.75,88.75,83.38,52.5,6.12,3.38
Asphalt_0cm_S11,2026-04-25T10:00:46.222593,2,6,54,74,73,26,94,84,76,49,6,3,2,7,50,58,57,22,78,70,65,41,5,3,2,9,65,76,80,31,108,101,94,58,7,4,3,12,86,107,107,42,151,142,139,88,10,6,3,12,84,97,100,39,137,127,118,73,9,5,2,6,46,59,56,22,77,73,68,44,5,2,1,4,28,42,36,15,47,46,46,27,3,2,2,6,41,48,52,20,74,68,62,41,5,3,2.12,7.75,56.75,70.12,70.12,27.12,95.75,88.88,83.5,52.62,6.25,3.5
Asphalt_0cm_S11,2026-04-25T10:00:46.316095,2,6,54,74,73,26,94,84,76,49,6,3,2,7,51,58,57,22,78,70,65,41,5,3,2,9,65,76,81,31,108,101,94,58,7,4,3,12,86,107,107,42,152,142,139,88,10,6,3,12,84,97,100,39,138,127,118,73,9,5,2,6,46,59,56,22,77,72,67,44,5,2,1,4,28,42,36,15,47,46,46,27,3,2,2,6,41,48,52,20,74,68,62,41,5,3,2.12,7.75,56.88,70.12,70.25,27.12,96.0,88.75,83.38,52.62,6.25,3.5
Asphalt_0cm_S11,2026-04-25T10:00:46.413788,2,6,54,74,72,25,94,84,76,49,6,3,2,7,50,58,57,22,78,70,65,41,5,3,2,9,65,76,81,31,108,101,94,58,7,4,3,12,86,107,107,42,152,142,139,88,10,6,3,12,84,97,100,39,138,127,118,73,9,5,2,6,46,59,56,22,77,72,67,44,5,2,1,4,28,42,36,14,47,46,46,27,3,2,2,6,41,48,52,20,74,68,62,41,5,3,2.12,7.75,56.75,70.12,70.12,26.88,96.0,88.75,83.38,52.62,6.25,3.5
Asphalt_0cm_S11,2026-04-25T10:00:46.493201,2,6,54,74,72,25,94,84,76,49,6,3,2,7,50,58,57,22,78,70,65,41,5,3,2,9,65,76,80,31,108,101,94,58,7,4,3,12,86,107,107,42,151,142,139,88,11,6,3,12,84,97,100,39,138,127,118,73,9,5,2,6,46,59,56,22,77,72,67,44,4,2,1,4,28,42,36,14,47,46,46,27,3,2,2,6,41,48,52,20,74,68,62,41,5,3,2.12,7.75,56.75,70.12,70.0,26.88,95.88,88.75,83.38,52.62,6.25,3.5
Asphalt_0cm_S11,2026-04-25T10:00:46.576171,2,6,54,74,72,26,94,84,76,48,6,3,2,6,51,58,57,22,78,70,65,41,5,3,2,9,65,76,81,31,109,101,94,58,7,4,3,12,86,107,107,42,151,142,139,88,11,6,3,12,84,97,100,39,138,127,118,73,9,5,2,6,46,59,56,22,77,72,67,44,4,2,1,4,28,42,36,14,47,46,46,27,3,2,2,6,41,48,52,20,74,68,62,41,5,3,2.12,7.62,56.88,70.12,70.12,27.0,96.0,88.75,83.38,52.5,6.25,3.5
Asphalt_0cm_S11,2026-04-25T10:00:46.663863,2,6,54,74,72,26,94,84,76,48,6,3,2,6,51,58,57,22,78,70,65,41,5,3,2,9,65,76,81,31,109,101,94,58,7,4,3,12,86,107,107,42,152,142,139,88,10,6,3,12,84,96,100,39,137,126,118,73,9,5,2,6,46,59,56,22,77,73,67,43,4,2,1,4,28,42,36,15,47,46,46,27,3,2,1,6,41,48,52,20,74,68,62,41,5,3,2.0,7.62,56.88,70.0,70.12,27.12,96.0,88.75,83.38,52.38,6.12,3.5
Asphalt_0cm_S11,2026-04-25T10:00:46.742483,2,6,54,74,72,26,94,84,76,48,6,3,2,7,51,58,57,22,78,70,65,41,5,3,2,9,65,76,81,31,109,101,94,58,7,4,3,12,86,107,107,42,152,142,139,88,10,6,3,12,84,96,100,39,137,126,118,73,9,5,2,6,46,59,56,22,77,73,67,43,4,2,1,4,28,42,36,15,47,46,46,27,3,2,1,6,41,48,52,20,74,68,62,41,5,3,2.0,7.75,56.88,70.0,70.12,27.12,96.0,88.75,83.38,52.38,6.12,3.5
Asphalt_0cm_S11,2026-04-25T10:00:46.819099,2,6,54,74,72,26,94,84,76,48,6,3,2,7,51,58,57,22,78,70,65,41,5,3,2,9,65,76,81,31,108,101,94,58,7,4,3,12,86,107,107,42,152,142,139,88,11,6,3,12,84,96,100,39,138,126,117,73,9,5,2,6,46,59,56,22,77,72,67,44,4,2,1,4,28,42,36,15,47,46,46,27,3,2,1,6,41,48,52,20,74,68,62,41,5,3,2.0,7.75,56.88,70.0,70.12,27.12,96.0,88.62,83.25,52.5,6.25,3.5
Asphalt_0cm_S11,2026-04-25T10:00:46.920054,2,6,54,74,72,26,94,84,76,48,6,3,2,7,51,58,57,22,78,70,65,41,5,3,2,9,65,76,81,31,108,101,94,58,7,4,3,12,86,107,107,42,152,142,139,88,11,6,3,12,84,96,100,39,138,126,117,73,9,5,2,6,46,59,56,22,77,72,67,44,4,2,1,4,28,42,36,15,47,46,46,27,3,2,1,6,41,48,52,20,74,68,62,41,5,3,2.0,7.75,56.88,70.0,70.12,27.12,96.0,88.62,83.25,52.5,6.25,3.5
Asphalt_0cm_S11,2026-04-25T10:00:46.997661,2,6,54,74,72,26,94,84,76,48,6,3,2,7,51,58,57,22,78,70,65,41,5,3,2,9,65,76,81,31,108,101,94,58,7,4,3,12,86,107,107,42,152,142,139,88,11,6,3,12,84,96,100,39,138,126,117,73,9,5,2,6,46,59,56,22,77,72,67,44,4,2,1,4,28,42,36,15,47,46,46,27,3,2,1,6,41,48,52,20,74,68,62,41,5,3,2.0,7.75,56.88,70.0,70.12,27.12,96.0,88.62,83.25,52.5,6.25,3.5
Asphalt_0cm_S11,2026-04-25T10:00:47.077053,2,6,54,74,73,25,94,84,76,48,6,3,2,7,50,58,57,22,78,70,65,41,5,3,2,9,65,76,81,31,109,101,94,58,7,4,3,12,86,107,107,42,152,142,139,88,11,6,3,12,84,96,100,39,138,126,117,73,9,5,2,6,46,59,56,22,77,72,67,44,4,2,1,4,28,42,36,15,47,46,46,27,3,2,1,6,41,48,52,20,74,68,62,41,5,3,2.0,7.75,56.75,70.0,70.25,27.0,96.12,88.62,83.25,52.5,6.25,3.5
Asphalt_0cm_S11,2026-04-25T10:00:47.174351,2,6,54,74,73,25,94,84,76,48,6,3,2,7,50,58,57,22,78,70,65,41,5,3,2,9,65,76,81,31,109,101,94,58,7,4,3,12,86,107,107,42,151,142,139,88,10,6,3,12,84,97,100,39,138,127,118,73,9,5,1,6,46,59,56,22,77,73,67,44,5,2,1,4,28,42,36,15,47,46,46,27,3,2,2,6,41,48,52,20,74,68,62,41,5,3,2.0,7.75,56.75,70.12,70.25,27.0,96.0,88.88,83.38,52.5,6.25,3.5
Asphalt_0cm_S11,2026-04-25T10:00:47.254929,2,6,55,74,72,26,94,84,76,48,6,3,2,7,50,58,57,22,78,70,65,41,5,3,2,9,65,76,81,31,109,101,94,58,7,4,3,12,86,107,107,42,152,142,139,88,10,6,3,12,84,97,100,39,138,127,118,73,9,5,1,6,46,59,56,22,77,73,67,44,5,2,1,4,28,42,36,15,47,46,46,27,3,2,2,6,41,48,52,20,74,68,62,41,5,3,2.0,7.75,56.88,70.12,70.12,27.12,96.12,88.88,83.38,52.5,6.25,3.5
Asphalt_0cm_S11,2026-04-25T10:00:47.335497,2,6,55,74,72,26,94,84,76,48,6,3,2,7,50,58,57,22,78,70,65,41,5,3,2,9,65,76,81,31,109,101,94,58,7,4,3,12,86,107,107,42,152,142,139,88,10,6,3,12,84,97,100,39,138,126,118,72,9,5,2,6,46,59,56,22,77,72,67,44,4,2,1,4,28,42,36,15,47,46,46,27,3,2,2,6,41,48,52,20,74,68,62,41,5,3,2.12,7.75,56.88,70.12,70.12,27.12,96.12,88.62,83.38,52.38,6.12,3.5
Asphalt_0cm_S11,2026-04-25T10:00:47.423484,2,6,55,74,73,25,94,84,77,49,6,3,2,7,50,58,57,22,78,70,65,41,5,3,2,9,65,76,81,31,109,101,94,58,7,4,3,12,86,107,107,42,151,142,139,88,10,6,3,12,84,97,100,39,138,126,118,72,9,5,2,6,46,59,56,22,77,72,67,44,4,2,1,4,28,42,36,15,47,46,46,27,3,2,2,6,41,48,52,20,74,68,62,41,5,3,2.12,7.75,56.88,70.12,70.25,27.0,96.0,88.62,83.5,52.5,6.12,3.5
Asphalt_0cm_S11,2026-04-25T10:00:47.502911,2,6,55,74,73,25,94,84,77,49,6,3,2,7,50,58,57,22,78,70,65,41,5,3,2,9,65,76,81,31,109,101,94,58,7,4,3,12,86,107,107,42,151,142,139,88,10,6,3,12,84,97,100,39,138,126,118,73,9,5,2,6,46,59,56,22,77,72,67,44,4,2,1,4,28,42,36,14,47,46,46,27,3,2,1,6,41,48,52,20,74,68,62,41,5,3,2.0,7.75,56.88,70.12,70.25,26.88,96.0,88.62,83.5,52.62,6.12,3.5
Asphalt_0cm_S11,2026-04-25T10:00:47.578915,2,6,54,74,73,26,94,84,76,48,6,3,2,7,51,58,57,22,78,70,65,41,5,3,2,9,65,76,81,31,108,100,94,58,7,4,3,12,87,107,107,42,151,142,139,87,10,6,3,12,84,97,100,39,138,126,118,73,9,5,2,6,46,59,56,22,77,72,67,44,4,2,1,4,28,42,36,14,47,46,46,27,3,2,1,6,41,48,52,20,74,68,62,41,5,3,2.0,7.75,57.0,70.12,70.25,27.0,95.88,88.5,83.38,52.38,6.12,3.5
Asphalt_0cm_S11,2026-04-25T10:00:47.681067,2,6,54,74,73,26,94,84,76,48,6,3,2,7,51,58,57,22,78,70,65,41,5,3,2,9,65,76,81,31,108,100,94,58,7,4,3,12,87,107,107,42,151,142,139,87,10,6,3,12,84,97,100,39,138,127,118,73,9,5,2,6,46,59,56,22,77,72,67,44,5,3,1,4,28,42,36,14,47,46,46,27,3,2,2,6,41,48,52,20,74,68,62,41,5,3,2.12,7.75,57.0,70.12,70.25,27.0,95.88,88.62,83.38,52.38,6.25,3.62
Asphalt_0cm_S11,2026-04-25T10:00:47.760131,2,6,54,74,73,26,94,84,76,48,6,3,2,7,51,58,57,22,78,70,65,41,5,3,2,9,65,76,81,31,108,101,94,58,7,4,3,12,86,107,107,42,152,142,139,88,11,6,3,12,84,97,100,39,138,126,118,73,9,5,2,6,46,59,56,22,77,72,67,44,5,3,1,4,28,42,36,14,47,46,46,27,3,2,2,6,41,48,52,20,74,68,62,41,5,3,2.12,7.75,56.88,70.12,70.25,27.0,96.0,88.62,83.38,52.5,6.38,3.62
Asphalt_0cm_S11,2026-04-25T10:00:47.839851,2,6,54,74,73,26,94,84,76,48,6,3,2,7,51,58,57,22,78,70,65,41,5,3,2,9,65,76,81,31,108,101,94,58,7,4,3,12,86,107,107,42,152,142,139,88,11,6,3,12,84,97,100,39,138,126,118,73,9,5,2,6,46,59,56,22,77,72,67,44,4,2,1,4,28,42,36,15,47,46,46,27,3,2,2,6,41,48,52,20,74,68,62,41,5,3,2.12,7.75,56.88,70.12,70.25,27.12,96.0,88.62,83.38,52.5,6.25,3.5
Asphalt_0cm_S11,2026-04-25T10:00:47.932802,2,6,54,73,72,26,94,84,76,49,6,3,2,7,50,58,57,22,78,70,65,41,5,3,2,9,65,76,81,31,109,101,94,58,7,4,3,12,86,107,107,42,152,142,139,88,11,6,3,12,84,96,100,39,138,127,118,73,9,5,2,6,46,59,56,22,77,72,67,44,4,2,1,4,28,42,36,15,47,46,46,27,3,2,2,6,41,48,52,20,74,68,62,41,5,3,2.12,7.75,56.75,69.88,70.12,27.12,96.12,88.75,83.38,52.62,6.25,3.5
Asphalt_0cm_S11,2026-04-25T10:00:48.010895,2,6,54,73,72,26,94,84,76,49,6,3,2,7,50,58,57,22,78,70,65,41,5,3,2,9,65,76,81,31,109,101,94,58,7,4,3,12,86,107,107,42,152,142,139,88,11,6,3,12,84,96,100,39,138,127,118,73,9,5,2,6,46,59,56,22,77,72,67,44,4,3,1,4,28,42,36,14,47,46,46,27,3,2,1,6,41,48,52,20,74,68,62,41,5,3,2.0,7.75,56.75,69.88,70.12,27.0,96.12,88.75,83.38,52.62,6.25,3.62
Asphalt_0cm_S11,2026-04-25T10:00:48.088013,2,6,54,74,73,26,94,84,76,49,6,3,2,7,51,58,57,22,78,70,65,41,5,3,2,9,65,76,81,31,109,101,94,58,7,4,3,12,86,107,107,42,152,142,139,88,11,6,3,12,84,96,100,39,138,127,118,73,9,5,2,6,46,59,56,22,77,72,67,44,4,3,1,4,28,42,36,14,47,46,46,27,3,2,1,6,41,48,52,20,74,68,62,41,5,3,2.0,7.75,56.88,70.0,70.25,27.0,96.12,88.75,83.38,52.62,6.25,3.62
Asphalt_0cm_S11,2026-04-25T10:00:48.214116,2,6,55,74,72,25,94,84,76,49,6,3,2,7,51,58,57,22,78,70,65,41,5,3,2,9,65,76,81,31,109,101,94,58,7,4,3,12,86,107,107,42,152,142,139,88,11,6,3,12,84,97,100,39,138,126,118,73,9,5,2,6,46,59,56,22,77,72,67,44,5,2,1,4,28,42,36,14,47,46,46,27,3,2,2,6,41,48,52,20,74,68,62,41,5,3,2.12,7.75,57.0,70.12,70.12,26.88,96.12,88.62,83.38,52.62,6.38,3.5
Asphalt_0cm_S11,2026-04-25T10:00:48.315707,2,6,55,74,72,25,94,84,76,49,6,3,2,7,50,58,57,22,78,70,65,41,5,3,2,9,65,76,81,31,108,101,94,58,7,4,3,12,87,107,107,42,152,142,139,88,11,6,3,12,84,97,100,39,138,126,117,73,9,5,2,6,46,59,56,22,77,72,67,44,4,2,1,4,28,42,36,14,47,46,46,27,3,2,2,6,41,48,52,20,74,68,62,41,5,3,2.12,7.75,57.0,70.12,70.12,26.88,96.0,88.62,83.25,52.62,6.25,3.5
Asphalt_0cm_S11,2026-04-25T10:00:48.394634,2,6,54,74,73,26,94,84,76,49,6,3,2,7,51,58,57,22,78,70,65,41,5,3,2,9,65,76,81,31,108,101,94,58,7,4,3,12,87,107,107,42,152,142,139,88,11,6,3,12,84,97,100,39,138,126,117,73,9,5,2,6,46,59,56,22,77,72,67,44,4,2,1,4,28,42,36,14,47,46,46,27,3,2,2,6,41,48,52,20,74,68,62,41,5,3,2.12,7.75,57.0,70.12,70.25,27.0,96.0,88.62,83.25,52.62,6.25,3.5
Asphalt_0cm_S11,2026-04-25T10:00:48.470335,2,6,54,74,73,26,94,84,76,49,6,3,2,7,51,58,57,22,78,70,65,41,5,3,2,9,65,76,81,31,108,101,94,58,7,4,3,12,86,107,107,42,151,142,139,87,10,6,3,12,84,97,100,39,138,126,118,73,9,5,2,6,46,59,56,22,77,73,67,44,4,2,1,4,28,42,36,15,47,46,46,27,3,2,2,6,41,48,52,20,74,68,62,41,5,3,2.12,7.75,56.88,70.12,70.25,27.12,95.88,88.75,83.38,52.5,6.12,3.5
Asphalt_0cm_S11,2026-04-25T10:00:48.569357,2,6,55,74,73,26,94,84,76,49,6,3,2,7,50,58,57,22,78,70,65,41,5,3,2,9,65,76,81,31,108,101,94,58,7,4,3,12,86,107,107,42,152,142,139,88,11,6,3,12,84,97,100,39,138,126,118,73,9,5,2,6,46,59,56,22,77,73,67,44,4,2,1,4,28,42,36,15,47,46,46,27,3,2,2,6,41,48,52,20,74,68,62,41,5,3,2.12,7.75,56.88,70.12,70.25,27.12,96.0,88.75,83.38,52.62,6.25,3.5
Asphalt_0cm_S11,2026-04-25T10:00:48.649493,2,6,55,74,73,26,94,84,76,49,6,3,2,7,50,58,57,22,78,70,65,41,5,3,2,9,65,76,81,31,108,101,94,58,7,4,3,12,86,107,107,42,152,142,139,88,11,6,3,12,84,97,100,39,138,126,118,73,9,5,2,6,46,59,56,22,77,72,67,44,4,2,1,4,28,42,36,14,47,46,46,27,3,2,2,6,41,48,52,20,74,68,62,41,5,2,2.12,7.75,56.88,70.12,70.25,27.0,96.0,88.62,83.38,52.62,6.25,3.38
Asphalt_0cm_S11,2026-04-25T10:00:48.726371,2,6,54,74,73,26,94,84,76,49,6,3,2,6,50,58,57,22,78,70,65,41,5,3,2,9,65,76,81,31,109,101,94,58,7,4,3,12,86,107,107,42,151,142,139,87,10,6,3,12,84,97,100,39,138,126,118,73,9,5,2,6,46,59,56,22,77,72,67,44,4,2,1,4,28,42,36,14,47,46,46,27,3,2,2,6,41,48,52,20,74,68,62,41,5,2,2.12,7.62,56.75,70.12,70.25,27.0,96.0,88.62,83.38,52.5,6.12,3.38
Asphalt_0cm_S11,2026-04-25T10:00:48.823494,2,6,54,74,73,26,94,84,76,49,6,3,2,6,50,58,57,22,78,70,65,41,5,3,2,9,65,76,81,31,109,101,94,58,7,4,3,12,86,107,107,42,151,142,139,87,10,6,3,12,84,97,100,39,138,126,118,73,9,5,2,6,46,59,56,22,77,72,68,44,4,2,1,4,28,42,36,14,47,46,46,27,3,2,1,6,41,48,52,20,74,68,62,41,5,3,2.0,7.62,56.75,70.12,70.25,27.0,96.0,88.62,83.5,52.5,6.12,3.5
Asphalt_0cm_S11,2026-04-25T10:00:48.912360,2,6,55,74,73,26,94,84,76,49,6,3,2,7,50,58,57,22,78,70,65,41,5,3,2,9,65,76,81,31,109,101,94,58,7,4,3,12,86,107,107,42,152,142,139,87,10,6,3,12,84,97,100,39,138,126,118,73,9,5,2,6,46,59,56,22,77,72,68,44,4,2,1,4,28,42,36,14,47,46,46,27,3,2,1,6,41,48,52,20,74,68,62,41,5,3,2.0,7.75,56.88,70.12,70.25,27.0,96.12,88.62,83.5,52.5,6.12,3.5
Asphalt_0cm_S11,2026-04-25T10:00:49.011230,2,6,54,74,73,25,94,84,76,49,6,3,2,7,50,58,57,22,78,70,65,41,5,3,2,9,65,76,81,31,109,101,94,58,7,4,3,12,86,107,107,42,152,142,139,87,10,6,3,12,84,96,100,39,138,127,118,73,9,5,2,6,46,59,56,22,77,72,67,44,4,2,1,4,28,42,36,14,47,46,46,27,3,2,1,6,41,48,52,20,74,68,62,41,5,3,2.0,7.75,56.75,70.0,70.25,26.88,96.12,88.75,83.38,52.5,6.12,3.5
Asphalt_0cm_S11,2026-04-25T10:00:49.089838,2,6,54,74,73,25,94,84,76,49,6,3,2,6,51,58,57,22,78,70,65,41,5,3,2,9,65,76,80,31,109,101,94,58,7,4,3,12,86,107,107,42,152,142,139,88,10,6,3,12,84,97,100,39,137,126,118,73,9,5,2,6,46,59,56,22,77,72,67,44,4,2,1,4,28,42,36,14,47,46,46,27,3,2,1,6,41,48,52,20,74,68,62,41,5,3,2.0,7.62,56.88,70.12,70.12,26.88,96.0,88.62,83.38,52.62,6.12,3.5
Asphalt_0cm_S11,2026-04-25T10:00:49.168375,2,6,54,73,73,26,94,84,76,49,6,3,2,6,51,58,57,22,78,70,65,41,5,3,2,9,65,76,80,31,109,101,94,58,7,4,3,12,86,107,107,42,152,142,139,88,10,6,3,12,84,97,100,39,137,126,118,73,9,5,2,6,46,59,56,22,77,72,67,44,4,2,1,4,28,42,36,15,47,46,46,27,3,2,2,6,41,48,52,20,74,68,62,41,5,3,2.12,7.62,56.88,70.0,70.12,27.12,96.0,88.62,83.38,52.62,6.12,3.5
Asphalt_0cm_S11,2026-04-25T10:00:49.264764,2,6,54,73,73,26,94,84,76,49,6,3,2,7,50,58,57,22,78,70,65,41,5,3,2,9,65,76,81,31,108,100,94,58,7,4,3,12,86,107,107,42,152,142,139,88,10,6,3,12,84,97,100,39,137,126,118,73,9,5,2,6,46,59,56,22,77,72,67,44,4,2,1,4,28,42,36,15,47,46,46,27,3,2,2,6,41,48,52,20,74,68,62,41,5,3,2.12,7.75,56.75,70.0,70.25,27.12,95.88,88.5,83.38,52.62,6.12,3.5
Asphalt_0cm_S11,2026-04-25T10:00:49.345397,2,6,55,74,73,26,94,84,77,48,6,3,2,7,50,58,57,22,78,70,65,41,5,3,2,9,65,76,81,31,108,100,94,58,7,4,3,12,86,107,107,42,152,142,139,88,10,6,3,12,84,97,100,39,137,126,118,73,9,5,2,6,46,59,56,22,77,72,67,44,4,2,1,4,28,42,36,15,47,46,46,27,3,2,2,5,41,48,52,20,74,68,62,41,5,3,2.12,7.62,56.88,70.12,70.25,27.12,95.88,88.5,83.5,52.5,6.12,3.5
Asphalt_0cm_S11,2026-04-25T10:00:49.440127,2,6,55,74,73,26,94,84,77,48,6,3,2,7,50,58,57,22,78,70,65,41,5,3,2,9,65,76,80,31,108,101,94,58,7,4,3,12,86,107,107,42,152,142,139,88,10,6,3,12,84,97,100,39,138,126,118,73,9,5,2,6,47,59,56,22,77,73,67,44,4,2,1,4,28,42,36,15,47,46,46,27,3,2,2,5,41,48,52,20,74,68,62,41,5,3,2.12,7.62,57.0,70.12,70.12,27.12,96.0,88.75,83.5,52.5,6.12,3.5
Asphalt_0cm_S11,2026-04-25T10:00:49.517566,2,6,55,74,73,26,94,84,76,48,6,3,2,7,50,58,57,22,78,70,65,41,5,3,2,9,65,76,80,31,108,101,94,58,7,4,3,12,86,107,107,42,152,142,139,88,10,6,3,12,84,97,100,39,138,126,118,73,9,5,2,6,47,59,56,22,77,73,67,44,4,2,1,4,28,42,36,15,47,46,46,27,3,2,1,6,41,48,52,20,74,68,62,41,5,3,2.0,7.75,57.0,70.12,70.12,27.12,96.0,88.75,83.38,52.5,6.12,3.5
Asphalt_0cm_S11,2026-04-25T10:00:49.595900,2,6,55,74,73,26,94,84,76,48,6,3,2,7,50,58,57,22,78,70,65,41,5,3,2,9,65,76,81,31,108,101,94,58,7,4,3,12,86,107,107,42,152,142,139,88,10,6,3,12,84,96,100,39,138,126,118,73,9,5,2,6,46,59,56,22,77,72,67,43,4,2,1,4,28,42,36,14,47,46,46,27,3,2,1,6,41,48,52,20,74,68,62,41,5,3,2.0,7.75,56.88,70.0,70.25,27.0,96.0,88.62,83.38,52.38,6.12,3.5
Asphalt_0cm_S11,2026-04-25T10:00:49.693264,2,6,54,74,73,26,94,84,76,48,6,3,2,7,51,58,57,22,78,70,65,41,5,3,2,9,65,76,81,31,108,101,94,58,7,4,3,12,86,107,107,42,152,142,139,88,10,6,3,12,84,96,100,39,138,126,118,73,9,5,2,6,46,59,56,22,77,72,67,43,4,2,1,4,28,42,36,14,47,46,46,27,3,2,2,6,41,48,52,20,74,68,62,41,5,3,2.12,7.75,56.88,70.0,70.25,27.0,96.0,88.62,83.38,52.38,6.12,3.5
Asphalt_0cm_S11,2026-04-25T10:00:49.771750,2,6,54,74,73,26,94,84,76,48,6,3,2,7,51,58,57,22,78,70,65,41,5,3,2,9,65,76,81,31,108,101,94,58,7,4,3,12,86,107,107,42,152,142,139,88,11,6,3,12,84,97,100,39,138,126,118,73,9,5,2,6,46,59,56,22,77,72,67,44,4,2,1,4,28,42,36,15,47,46,46,27,3,2,2,6,41,48,52,20,74,68,62,41,5,3,2.12,7.75,56.88,70.12,70.25,27.12,96.0,88.62,83.38,52.5,6.25,3.5
Asphalt_0cm_S11,2026-04-25T10:00:49.856382,2,6,54,74,72,25,94,84,76,49,6,3,2,7,51,58,57,22,78,70,65,41,5,3,2,9,65,76,81,31,108,101,94,58,7,4,3,12,86,107,107,42,152,142,139,88,11,6,3,12,84,97,100,39,138,126,118,73,9,5,2,6,46,59,56,22,77,72,67,44,4,2,1,4,28,42,36,15,47,46,46,27,3,2,2,6,41,48,52,20,74,68,62,41,5,3,2.12,7.75,56.88,70.12,70.12,27.0,96.0,88.62,83.38,52.62,6.25,3.5
Asphalt_0cm_S11,2026-04-25T10:00:49.947174,2,6,54,74,72,25,94,84,76,49,6,3,2,7,51,58,57,22,78,70,65,41,5,3,2,9,65,76,81,31,109,101,94,58,7,4,3,12,86,107,107,42,152,142,139,88,11,6,3,12,84,97,100,39,138,126,118,73,9,5,2,6,46,59,56,22,77,72,67,44,4,2,1,4,28,42,36,15,47,46,46,27,3,2,2,6,41,48,52,20,74,68,62,41,5,3,2.12,7.75,56.88,70.12,70.12,27.0,96.12,88.62,83.38,52.62,6.25,3.5
Asphalt_0cm_S11,2026-04-25T10:00:50.030025,2,6,54,74,73,26,94,84,76,48,6,3,2,7,50,58,57,22,78,70,65,41,5,3,2,9,65,76,81,31,109,101,94,58,7,4,3,12,86,107,107,42,152,142,139,88,11,6,3,12,84,97,100,39,138,126,118,73,9,5,2,6,46,59,56,22,77,72,67,44,4,2,1,4,28,42,36,15,47,46,46,27,3,2,2,5,41,47,52,20,74,68,62,41,5,3,2.12,7.62,56.75,70.0,70.25,27.12,96.12,88.62,83.38,52.5,6.25,3.5
Asphalt_0cm_S11,2026-04-25T10:00:50.109117,2,6,54,74,73,26,94,84,76,48,6,3,2,7,50,58,57,22,78,70,65,41,5,3,2,9,65,76,81,31,109,101,94,58,7,4,3,12,86,107,107,42,152,142,139,87,10,6,3,12,84,97,100,39,138,126,118,73,9,5,2,6,46,59,56,22,77,73,67,44,4,2,1,4,28,42,36,15,47,46,46,27,3,2,2,5,41,47,52,20,74,68,62,41,5,3,2.12,7.62,56.75,70.0,70.25,27.12,96.12,88.75,83.38,52.38,6.12,3.5
Asphalt_0cm_S11,2026-04-25T10:00:50.201936,2,6,54,74,73,26,94,84,76,48,6,3,2,7,51,58,57,22,78,70,65,41,5,3,2,9,65,76,81,31,109,101,94,58,7,4,3,12,86,107,107,42,152,142,139,87,10,6,3,12,84,97,100,39,138,126,118,73,9,5,2,6,46,59,56,22,77,73,67,44,4,2,1,4,28,42,36,15,47,46,46,27,3,2,2,6,41,48,52,20,74,68,62,41,5,2,2.12,7.75,56.88,70.12,70.25,27.12,96.12,88.75,83.38,52.38,6.12,3.38
Asphalt_0cm_S11,2026-04-25T10:00:50.278906,2,6,54,74,73,26,94,84,76,48,6,3,2,7,51,58,57,22,78,70,65,41,5,3,2,9,65,76,81,31,109,101,94,58,7,4,3,12,86,107,107,43,151,142,138,88,11,6,3,12,84,97,100,39,138,127,118,73,9,5,2,6,46,59,56,22,77,73,67,44,4,2,1,4,28,42,36,15,47,46,46,27,3,2,2,6,41,48,52,20,74,68,62,41,5,3,2.12,7.75,56.88,70.12,70.25,27.25,96.0,88.88,83.25,52.5,6.25,3.5
Asphalt_0cm_S11,2026-04-25T10:00:50.361735,2,6,54,74,72,26,94,84,76,48,6,3,2,7,50,58,57,22,78,70,65,41,5,3,2,9,65,76,81,31,109,101,94,58,7,4,3,12,86,107,107,43,151,142,138,88,11,6,3,12,84,97,100,39,138,127,118,73,9,5,2,6,46,59,56,22,77,73,67,44,4,2,1,4,28,42,36,15,47,46,46,27,3,2,2,6,41,48,52,20,74,68,62,41,5,3,2.12,7.75,56.75,70.12,70.12,27.25,96.0,88.88,83.25,52.5,6.25,3.5
Asphalt_0cm_S11,2026-04-25T10:00:50.455803,2,6,54,74,72,26,94,84,76,48,6,3,2,7,50,58,57,22,78,70,65,41,5,3,2,9,65,76,81,31,109,101,94,58,7,4,3,12,86,107,107,42,152,142,139,88,10,6,3,12,84,97,100,39,138,127,118,73,9,5,2,6,46,59,56,22,77,72,67,44,4,2,1,4,28,42,36,14,47,46,46,27,3,2,2,6,41,48,52,20,74,68,62,41,5,3,2.12,7.75,56.75,70.12,70.12,27.0,96.12,88.75,83.38,52.5,6.12,3.5
Asphalt_0cm_S11,2026-04-25T10:00:50.536161,2,6,54,74,72,25,93,84,77,49,6,3,2,7,50,58,57,22,78,70,65,41,5,3,2,9,65,76,81,31,108,101,94,58,7,4,3,12,86,107,107,42,152,142,139,88,10,6,3,12,84,97,100,39,138,127,118,73,9,5,2,6,46,59,56,22,77,72,67,44,4,2,1,4,28,42,36,14,47,46,46,27,3,2,2,6,41,48,52,20,74,68,62,41,5,3,2.12,7.75,56.75,70.12,70.12,26.88,95.88,88.75,83.5,52.62,6.12,3.5
Asphalt_0cm_S11,2026-04-25T10:00:50.617103,2,6,54,74,72,25,93,84,77,49,6,3,2,7,50,58,57,22,78,70,65,41,5,3,2,9,65,76,81,31,108,101,94,58,7,4,3,12,86,107,107,42,152,142,139,88,10,6,3,12,84,96,100,39,138,127,117,73,9,5,2,6,46,59,56,22,77,72,67,44,4,2,1,4,28,42,36,14,47,46,46,27,3,2,2,6,41,48,52,20,74,68,62,41,5,3,2.12,7.75,56.75,70.0,70.12,26.88,95.88,88.75,83.38,52.62,6.12,3.5
Asphalt_0cm_S11,2026-04-25T10:00:50.707321,2,6,55,74,73,26,94,84,76,49,6,3,2,7,50,58,57,22,78,70,65,41,5,3,2,9,65,76,81,31,108,101,94,58,7,4,3,12,86,107,107,42,151,142,139,88,11,6,3,12,84,96,100,39,138,127,117,73,9,5,2,6,46,59,56,22,77,72,67,44,4,2,1,4,28,42,36,14,47,46,46,27,3,2,2,6,41,48,52,20,74,68,62,41,5,3,2.12,7.75,56.88,70.0,70.25,27.0,95.88,88.75,83.25,52.62,6.25,3.5
Asphalt_0cm_S11,2026-04-25T10:00:50.787105,2,6,55,74,73,26,94,84,76,49,6,3,2,7,50,58,57,22,78,70,65,41,5,3,2,9,65,76,81,31,108,101,94,58,7,4,3,12,86,107,107,42,151,142,139,88,11,6,3,12,84,97,100,39,138,127,118,73,9,5,2,6,46,59,56,22,77,73,67,44,5,3,1,4,28,42,36,14,47,46,46,27,3,2,2,6,41,48,52,20,74,68,62,41,5,2,2.12,7.75,56.88,70.12,70.25,27.0,95.88,88.88,83.38,52.62,6.38,3.5
Asphalt_0cm_S11,2026-04-25T10:00:50.870647,2,6,54,74,73,26,94,84,76,49,6,3,2,7,51,58,57,22,78,70,65,41,5,3,2,9,65,76,81,31,109,101,94,58,7,4,3,12,86,107,107,42,151,142,139,88,11,6,3,12,84,97,100,39,138,127,118,73,9,5,2,6,46,59,56,22,77,73,67,44,5,3,1,4,28,42,36,14,47,46,46,27,3,2,2,6,41,48,52,20,74,68,62,41,5,2,2.12,7.75,56.88,70.12,70.25,27.0,96.0,88.88,83.38,52.62,6.38,3.5
Asphalt_0cm_S11,2026-04-25T10:00:50.963950,2,6,54,74,73,26,94,84,76,49,6,3,2,7,51,58,57,22,78,70,65,41,5,3,2,9,65,76,81,31,109,101,94,58,7,4,3,12,86,107,107,42,152,142,139,88,10,6,3,12,84,97,100,39,138,126,118,73,9,5,1,6,46,59,56,22,77,72,67,43,4,2,1,4,28,42,36,14,47,46,46,27,3,2,2,6,41,48,52,20,74,68,62,41,5,3,2.0,7.75,56.88,70.12,70.25,27.0,96.12,88.62,83.38,52.5,6.12,3.5
Asphalt_0cm_S11,2026-04-25T10:00:51.047862,2,6,54,74,72,26,94,84,76,48,6,3,2,7,50,58,57,22,78,70,65,41,5,3,2,9,65,76,81,31,108,101,94,58,7,4,3,12,87,107,107,42,152,142,139,88,11,6,3,12,84,97,100,39,138,126,118,73,9,5,1,6,46,59,56,22,77,72,67,43,4,2,1,4,28,42,36,14,47,46,46,27,3,2,2,6,41,48,52,20,74,68,62,41,5,3,2.0,7.75,56.88,70.12,70.12,27.0,96.0,88.62,83.38,52.38,6.25,3.5
Asphalt_0cm_S11,2026-04-25T10:00:51.153943,2,6,54,74,72,26,94,84,76,48,6,3,2,7,50,58,57,22,78,70,65,41,5,3,2,9,65,76,81,31,108,101,94,58,7,4,3,12,87,107,107,42,152,142,139,88,11,6,3,12,84,97,100,39,138,126,118,73,9,5,1,6,46,59,56,21,77,72,67,44,5,2,1,4,28,42,36,14,47,46,46,27,3,2,2,6,41,48,52,20,74,68,62,41,5,3,2.0,7.75,56.88,70.12,70.12,26.88,96.0,88.62,83.38,52.5,6.38,3.5
Asphalt_0cm_S11,2026-04-25T10:00:51.242171,2,6,54,73,72,25,94,84,76,48,6,3,2,6,50,58,57,22,78,70,65,41,5,3,2,9,65,76,81,31,108,101,94,58,7,4,3,12,86,107,107,43,152,142,139,88,10,6,3,12,84,97,100,39,138,127,118,73,9,5,1,6,46,59,56,21,77,72,67,44,5,2,1,4,28,42,36,14,47,46,46,27,3,2,2,6,41,48,52,20,74,68,62,41,5,3,2.0,7.62,56.75,70.0,70.12,26.88,96.0,88.75,83.38,52.5,6.25,3.5
Asphalt_0cm_S11,2026-04-25T10:00:51.345845,2,6,55,74,73,25,94,84,76,49,6,3,2,7,51,58,57,22,78,70,65,41,5,3,2,9,65,76,81,31,108,101,94,58,7,4,3,12,86,107,107,43,152,142,139,88,10,6,3,12,84,97,100,39,138,127,118,73,9,5,2,6,46,59,56,22,77,72,67,44,5,2,1,4,28,42,36,15,47,46,46,27,3,2,2,6,41,48,52,20,74,68,62,41,5,3,2.12,7.75,57.0,70.12,70.25,27.12,96.0,88.75,83.38,52.62,6.25,3.5
Asphalt_0cm_S11,2026-04-25T10:00:51.428234,2,6,55,74,73,25,94,84,76,49,6,3,2,7,51,58,57,22,78,70,65,41,5,3,2,9,65,76,81,31,109,101,94,58,7,4,3,12,86,107,107,42,152,142,139,88,10,6,3,12,84,97,100,39,138,127,118,73,9,5,2,6,46,59,56,22,77,73,67,44,4,2,1,4,28,42,36,15,47,46,46,27,3,2,2,6,41,48,52,20,74,68,62,41,5,3,2.12,7.75,57.0,70.12,70.25,27.0,96.12,88.88,83.38,52.62,6.12,3.5
Asphalt_0cm_S11,2026-04-25T10:00:51.518807,2,6,54,74,72,26,94,84,76,48,6,3,2,7,51,58,57,22,78,70,65,41,5,3,2,9,65,76,81,31,108,101,94,58,7,4,3,12,86,107,107,42,152,142,139,88,10,6,3,12,84,97,100,39,138,127,118,73,9,5,2,6,46,59,56,22,77,73,67,44,4,2,1,4,28,42,36,15,47,46,46,27,3,2,2,6,41,48,52,20,74,68,62,41,5,3,2.12,7.75,56.88,70.12,70.12,27.12,96.0,88.88,83.38,52.5,6.12,3.5
Asphalt_0cm_S11,2026-04-25T10:00:51.610987,2,6,54,74,72,26,94,84,76,48,6,3,2,7,51,58,57,22,78,70,65,41,5,3,2,9,65,76,81,31,108,101,94,58,7,4,3,12,86,107,107,42,151,142,139,88,10,6,3,12,84,97,100,39,137,126,118,73,9,5,2,6,46,59,56,22,77,72,67,44,4,2,1,4,28,42,36,15,47,46,46,27,3,2,2,6,41,48,52,20,74,68,62,41,5,3,2.12,7.75,56.88,70.12,70.12,27.12,95.75,88.62,83.38,52.5,6.12,3.5
Asphalt_0cm_S11,2026-04-25T10:00:51.713339,2,6,55,74,73,26,94,84,76,48,6,3,2,7,50,58,57,22,78,70,65,41,5,3,2,9,65,76,81,31,108,101,94,58,7,4,3,12,87,107,107,42,152,142,139,88,11,6,3,12,84,97,100,39,137,126,118,73,9,5,2,6,46,59,56,22,77,72,67,44,4,2,1,4,28,42,36,15,47,46,46,27,3,2,1,6,41,48,52,20,74,68,62,41,5,3,2.0,7.75,57.0,70.12,70.25,27.12,95.88,88.62,83.38,52.5,6.25,3.5
Asphalt_0cm_S11,2026-04-25T10:00:51.795679,2,6,55,74,73,26,94,84,76,48,6,3,2,7,50,58,57,22,78,70,65,41,5,3,2,9,65,76,81,31,108,101,94,58,7,4,3,12,87,107,107,42,152,142,139,88,11,6,3,12,84,97,100,39,137,126,118,73,9,5,2,6,46,59,56,22,77,72,67,44,4,2,1,4,28,42,36,15,47,46,46,27,3,2,1,6,41,48,52,20,74,68,62,41,5,3,2.0,7.75,57.0,70.12,70.25,27.12,95.88,88.62,83.38,52.5,6.25,3.5
Asphalt_0cm_S11,2026-04-25T10:00:51.906315,2,6,55,74,73,26,94,84,76,49,6,3,2,7,50,58,57,22,78,70,65,41,5,3,2,9,65,76,81,31,108,100,94,58,7,4,3,12,86,107,107,42,152,142,139,88,11,6,3,12,84,97,100,39,138,127,118,73,9,5,2,6,46,59,56,22,77,72,67,44,4,2,1,4,28,42,36,15,47,46,46,27,3,2,1,6,41,48,52,20,74,68,62,41,5,3,2.0,7.75,56.88,70.12,70.25,27.12,96.0,88.62,83.38,52.62,6.25,3.5
Asphalt_0cm_S11,2026-04-25T10:00:51.986292,2,6,54,74,73,26,94,84,76,47,6,3,2,7,50,58,57,22,78,70,65,41,5,3,2,9,65,76,81,31,108,100,94,58,7,4,3,12,86,107,107,42,152,142,139,88,11,6,3,12,84,97,100,39,138,127,118,73,9,5,2,6,46,59,56,22,77,72,67,43,4,2,1,4,28,42,36,15,47,46,46,27,3,2,2,6,41,48,52,20,74,68,62,41,5,3,2.12,7.75,56.75,70.12,70.25,27.12,96.0,88.62,83.38,52.25,6.25,3.5
Asphalt_0cm_S11,2026-04-25T10:00:52.094431,2,6,54,74,73,26,94,84,76,47,6,3,2,7,50,58,57,22,78,70,65,41,5,3,2,9,65,76,81,31,108,101,94,58,7,4,3,12,86,107,107,42,152,142,139,88,11,6,3,12,84,97,100,39,138,126,118,73,9,5,2,6,46,59,56,22,77,72,67,44,4,2,1,4,28,42,36,14,47,46,46,27,3,2,2,6,41,48,52,20,74,68,62,41,5,3,2.12,7.75,56.75,70.12,70.25,27.0,96.0,88.62,83.38,52.38,6.25,3.5
Asphalt_0cm_S11,2026-04-25T10:00:52.175818,2,6,54,73,73,25,94,84,76,48,6,3,2,7,51,58,57,22,78,70,65,41,5,3,2,9,65,76,81,31,108,101,94,58,7,4,3,12,86,107,107,42,152,142,139,88,11,6,3,12,84,97,100,39,138,126,118,73,9,5,2,6,46,59,56,22,77,72,67,44,4,2,1,4,28,42,36,14,47,46,46,27,3,2,1,6,41,48,52,20,74,68,62,41,5,3,2.0,7.75,56.88,70.0,70.25,26.88,96.0,88.62,83.38,52.5,6.25,3.5
Asphalt_0cm_S11,2026-04-25T10:00:52.317588,2,6,54,73,73,25,94,84,76,48,6,3,2,7,51,58,57,22,78,70,65,41,5,3,2,9,65,76,81,31,109,101,94,58,7,4,3,12,86,107,107,42,152,142,139,88,10,6,3,12,84,97,100,39,138,126,118,73,9,5,2,6,46,59,56,22,77,72,67,44,4,2,1,4,28,42,36,15,47,46,46,27,3,2,1,6,41,48,52,20,74,68,62,41,5,3,2.0,7.75,56.88,70.0,70.25,27.0,96.12,88.62,83.38,52.5,6.12,3.5
Asphalt_0cm_S11,2026-04-25T10:00:52.401783,2,6,54,74,73,25,94,84,76,48,6,3,2,7,51,58,57,22,78,69,65,41,5,3,2,9,65,76,80,31,109,101,94,58,7,4,3,12,86,107,107,42,152,142,139,88,10,6,3,12,84,97,100,39,138,126,118,73,9,5,2,6,46,59,56,22,77,72,67,44,4,3,1,4,28,42,36,15,47,46,46,27,3,2,1,6,41,48,52,20,74,68,62,41,5,3,2.0,7.75,56.88,70.12,70.12,27.0,96.12,88.5,83.38,52.5,6.12,3.62
Asphalt_0cm_S11,2026-04-25T10:00:52.478948,2,6,55,74,72,25,94,84,76,49,6,3,2,7,51,58,57,22,78,69,65,41,5,3,2,9,65,76,80,31,109,101,94,58,7,4,3,12,86,107,107,42,152,142,139,88,10,6,3,12,84,97,100,39,138,126,118,73,9,5,2,6,46,59,56,22,77,72,67,44,4,3,1,4,28,42,36,15,47,46,46,27,3,2,2,6,41,48,52,20,74,68,62,41,5,3,2.12,7.75,57.0,70.12,70.0,27.0,96.12,88.5,83.38,52.62,6.12,3.62
Asphalt_0cm_S11,2026-04-25T10:00:52.581685,2,6,55,74,72,25,94,84,76,49,6,3,2,7,50,58,57,22,78,70,65,41,5,3,2,9,65,76,81,31,108,101,94,58,7,4,3,12,86,107,107,42,152,142,139,88,11,6,3,12,84,97,100,39,138,127,118,73,9,5,2,6,46,59,56,22,77,72,67,44,5,2,1,4,28,42,36,15,47,46,46,27,3,2,2,6,41,48,52,20,74,68,62,41,5,3,2.12,7.75,56.88,70.12,70.12,27.0,96.0,88.75,83.38,52.62,6.38,3.5
Asphalt_0cm_S11,2026-04-25T10:00:52.663607,2,6,55,74,73,26,94,84,76,48,6,3,2,6,50,58,57,22,78,70,65,41,5,3,2,9,65,76,81,31,108,101,94,58,7,4,3,12,86,107,107,42,152,142,139,88,11,6,3,12,84,97,100,39,138,127,118,73,9,5,2,6,46,59,56,22,77,72,67,44,5,2,1,4,28,42,36,15,47,46,46,27,3,2,2,6,41,48,52,20,74,68,62,41,5,3,2.12,7.62,56.88,70.12,70.25,27.12,96.0,88.75,83.38,52.5,6.38,3.5
Asphalt_0cm_S11,2026-04-25T10:00:52.744496,2,6,55,74,73,26,94,84,76,48,6,3,2,6,50,58,57,22,78,70,65,41,5,3,2,9,65,76,81,31,109,101,94,58,7,4,3,12,86,107,107,42,152,142,139,88,10,6,3,12,84,97,100,39,138,127,118,73,9,5,2,6,46,59,56,22,77,72,67,44,4,2,1,4,28,42,36,14,47,46,46,27,3,2,2,6,41,48,52,20,74,68,62,41,5,3,2.12,7.62,56.88,70.12,70.25,27.0,96.12,88.75,83.38,52.5,6.12,3.5
Asphalt_0cm_S11,2026-04-25T10:00:52.834962,2,6,54,74,72,26,94,84,76,48,6,3,2,6,50,58,57,22,78,70,65,41,5,3,2,9,65,76,81,31,109,101,94,58,7,4,3,12,86,107,107,42,152,142,139,88,10,6,3,12,84,97,100,39,138,127,118,73,9,5,2,6,46,59,56,22,77,72,67,44,4,2,1,4,28,42,36,14,47,46,46,27,3,2,2,6,41,48,52,20,74,68,62,41,5,3,2.12,7.62,56.75,70.12,70.12,27.0,96.12,88.75,83.38,52.5,6.12,3.5
Asphalt_0cm_S11,2026-04-25T10:00:52.917856,2,6,54,74,72,26,94,84,76,48,6,3,2,6,50,58,57,22,78,70,65,41,5,3,2,9,65,76,81,31,108,101,94,58,7,4,3,12,86,107,107,42,152,142,139,88,11,6,3,12,84,97,100,39,138,126,117,73,9,5,2,6,46,59,56,22,77,72,67,43,4,2,1,4,28,42,36,15,47,46,46,27,3,2,2,6,41,48,52,20,74,68,62,41,5,3,2.12,7.62,56.75,70.12,70.12,27.12,96.0,88.62,83.25,52.38,6.25,3.5
Asphalt_0cm_S11,2026-04-25T10:00:53.005369,2,6,54,74,72,25,94,84,76,48,6,3,2,7,50,58,57,22,78,70,65,41,5,3,2,9,65,76,81,31,108,101,94,58,7,4,3,12,86,107,107,42,152,142,139,88,11,6,3,12,84,97,100,39,138,126,117,73,9,5,2,6,46,59,56,22,77,72,67,43,4,2,1,4,28,42,36,15,47,46,46,27,3,2,1,6,41,48,52,20,74,68,62,41,5,3,2.0,7.75,56.75,70.12,70.12,27.0,96.0,88.62,83.25,52.38,6.25,3.5
Asphalt_0cm_S11,2026-04-25T10:00:53.090723,2,6,54,74,72,25,94,84,76,48,6,3,2,7,50,58,57,22,78,70,65,41,5,3,2,9,65,76,81,31,108,101,94,58,7,4,3,12,86,107,107,42,152,142,139,88,11,6,3,12,84,97,100,39,138,127,118,73,9,5,2,6,46,59,56,22,77,72,67,44,4,2,1,4,28,42,36,15,47,46,46,27,3,2,2,6,41,48,52,20,74,68,62,41,5,3,2.12,7.75,56.75,70.12,70.12,27.0,96.0,88.75,83.38,52.5,6.25,3.5
Asphalt_0cm_S11,2026-04-25T10:00:53.170947,2,6,55,74,73,25,94,84,76,49,6,3,2,7,51,58,57,22,78,70,65,41,5,3,2,9,65,76,81,31,108,101,94,58,7,4,3,12,86,107,107,42,152,142,139,88,11,6,3,12,84,97,100,39,138,127,118,73,9,5,2,6,46,59,56,22,77,72,67,44,4,2,1,4,28,42,36,15,47,46,46,27,3,2,2,6,41,48,52,20,74,68,62,41,5,3,2.12,7.75,57.0,70.12,70.25,27.0,96.0,88.75,83.38,52.62,6.25,3.5
Asphalt_0cm_S11,2026-04-25T10:00:53.251078,2,6,55,74,73,25,94,84,76,49,6,3,2,7,51,58,57,22,78,70,65,41,5,3,2,9,65,76,81,31,108,101,94,58,7,4,3,12,86,107,107,42,152,142,139,88,11,6,3,12,84,97,100,39,138,126,118,73,9,5,2,6,46,59,56,22,77,72,67,44,4,2,1,4,28,42,36,14,47,46,46,27,3,2,1,6,41,48,52,20,74,68,62,41,5,3,2.0,7.75,57.0,70.12,70.25,26.88,96.0,88.62,83.38,52.62,6.25,3.5
Asphalt_0cm_S11,2026-04-25T10:00:53.331127,2,6,55,74,72,25,94,84,76,48,6,3,2,7,50,58,57,22,78,70,65,41,5,3,2,9,65,76,81,31,108,101,94,58,7,4,3,12,86,107,107,42,152,142,139,88,11,6,3,12,84,97,100,39,138,126,118,73,9,5,2,6,46,59,56,22,77,72,67,44,4,2,1,4,28,42,36,14,47,46,46,27,3,2,1,6,41,48,52,20,74,68,62,41,5,3,2.0,7.75,56.88,70.12,70.12,26.88,96.0,88.62,83.38,52.5,6.25,3.5
Asphalt_0cm_S11,2026-04-25T10:00:53.410904,2,6,55,74,72,25,94,84,76,48,6,3,2,7,50,58,57,22,78,70,65,41,5,3,2,9,65,76,81,31,108,101,94,58,7,4,3,12,86,107,107,42,152,142,139,88,10,6,3,12,84,97,100,39,138,126,118,73,9,5,2,6,46,59,56,22,77,72,67,44,4,2,1,4,28,42,36,14,47,46,46,27,3,2,2,5,41,48,52,20,74,68,62,40,5,3,2.12,7.62,56.88,70.12,70.12,26.88,96.0,88.62,83.38,52.38,6.12,3.5
Asphalt_0cm_S11,2026-04-25T10:00:53.491738,2,6,54,74,73,26,94,84,76,48,6,3,2,7,50,58,57,22,78,70,65,41,5,3,2,9,65,76,81,31,108,101,94,58,7,4,3,12,86,107,107,42,152,142,139,88,10,6,3,12,84,97,100,39,138,126,118,73,9,5,2,6,46,59,56,22,77,72,67,44,4,2,1,4,28,42,36,14,47,46,46,27,3,2,2,5,41,48,52,20,74,68,62,40,5,3,2.12,7.62,56.75,70.12,70.25,27.0,96.0,88.62,83.38,52.38,6.12,3.5
Asphalt_0cm_S11,2026-04-25T10:00:53.582998,2,6,54,74,73,26,94,84,76,48,6,3,2,7,50,58,57,22,78,70,65,41,5,3,2,9,65,76,81,31,108,101,94,58,7,4,3,12,86,107,107,42,152,142,139,88,11,6,3,12,84,97,100,39,138,126,118,73,9,5,2,6,47,59,56,22,77,72,68,44,4,2,1,4,28,42,36,14,47,46,46,27,3,2,2,5,41,47,52,20,74,68,62,41,5,3,2.12,7.62,56.88,70.0,70.25,27.0,96.0,88.62,83.5,52.5,6.25,3.5
Asphalt_0cm_S11,2026-04-25T10:00:53.668007,2,6,54,74,73,25,94,84,76,48,6,3,2,7,50,58,57,22,78,70,65,41,5,3,2,9,65,76,81,31,109,101,94,58,7,4,3,12,86,107,107,42,152,142,139,88,11,6,3,12,84,97,100,39,138,126,118,73,9,5,2,6,47,59,56,22,77,72,68,44,4,2,1,4,28,42,36,14,47,46,46,27,3,2,2,5,41,47,52,20,74,68,62,41,5,3,2.12,7.62,56.88,70.0,70.25,26.88,96.12,88.62,83.5,52.5,6.25,3.5
Asphalt_0cm_S11,2026-04-25T10:00:53.776255,2,6,54,74,73,25,94,84,76,48,6,3,2,7,50,58,57,22,78,70,65,41,5,3,2,9,65,76,81,31,109,101,94,58,7,4,3,12,86,107,107,42,152,142,139,88,11,6,3,12,84,97,100,39,138,126,118,73,9,5,2,6,46,59,56,22,77,72,67,44,4,3,1,4,28,42,36,14,47,46,46,27,3,2,2,6,41,48,52,20,74,68,62,41,5,3,2.12,7.75,56.75,70.12,70.25,26.88,96.12,88.62,83.38,52.5,6.25,3.62
Asphalt_0cm_S11,2026-04-25T10:00:53.857496,2,6,54,74,72,25,94,84,76,48,6,3,2,7,51,58,57,22,78,70,65,41,5,3,2,9,65,76,81,31,108,101,94,58,7,4,3,12,86,107,107,42,151,142,139,88,11,6,3,12,84,97,100,39,138,126,118,73,9,5,2,6,46,59,56,22,77,72,67,44,4,3,1,4,28,42,36,14,47,46,46,27,3,2,2,6,41,48,52,20,74,68,62,41,5,3,2.12,7.75,56.88,70.12,70.12,26.88,95.88,88.62,83.38,52.5,6.25,3.62
Asphalt_0cm_S11,2026-04-25T10:00:53.942892,2,6,54,74,72,25,94,84,76,48,6,3,2,7,51,58,57,22,78,70,65,41,5,3,2,9,65,76,81,31,108,101,94,58,7,4,3,12,86,107,107,42,151,142,139,88,11,6,3,12,84,97,100,39,138,126,118,73,9,5,1,6,46,59,56,22,77,72,67,44,5,2,1,4,28,42,36,15,47,46,46,27,3,2,1,6,41,47,52,20,74,68,62,41,5,3,1.88,7.75,56.88,70.0,70.12,27.0,95.88,88.62,83.38,52.5,6.38,3.5
Asphalt_0cm_S11,2026-04-25T10:00:54.026452,2,6,54,74,73,25,94,84,76,48,6,3,2,7,51,58,57,22,78,70,65,41,5,3,2,9,65,76,80,31,108,101,94,58,7,4,3,12,86,107,107,42,151,142,139,88,11,6,3,12,84,96,100,39,138,126,117,72,9,5,1,6,46,59,56,22,77,72,67,44,5,2,1,4,28,42,36,15,47,46,46,27,3,2,1,6,41,47,52,20,74,68,62,41,5,3,1.88,7.75,56.88,69.88,70.12,27.0,95.88,88.62,83.25,52.38,6.38,3.5
Asphalt_0cm_S11,2026-04-25T10:00:54.107609,2,6,55,74,73,25,94,84,76,49,6,3,2,7,51,58,57,22,78,70,65,41,5,3,2,9,65,76,80,31,108,101,94,58,7,4,3,12,86,107,107,42,151,142,139,88,11,6,3,12,84,96,100,39,138,126,117,72,9,5,2,6,47,59,56,22,77,72,67,43,4,2,1,4,28,42,36,14,47,46,46,27,3,2,2,6,41,48,52,20,74,68,62,41,5,3,2.12,7.75,57.12,70.0,70.12,26.88,95.88,88.62,83.25,52.38,6.25,3.5
Asphalt_0cm_S11,2026-04-25T10:00:54.191181,2,6,55,74,73,25,94,84,76,49,6,3,2,7,50,58,57,22,78,70,65,41,5,3,2,9,65,76,81,31,108,101,94,58,7,4,3,12,86,107,107,42,152,142,139,88,10,6,3,12,84,97,100,39,138,126,118,73,9,5,2,6,47,59,56,22,77,72,67,43,4,2,1,4,28,42,36,14,47,46,46,27,3,2,2,6,41,48,52,20,74,68,62,41,5,3,2.12,7.75,57.0,70.12,70.25,26.88,96.0,88.62,83.38,52.5,6.12,3.5
Asphalt_0cm_S11,2026-04-25T10:00:54.279651,2,6,54,74,72,26,94,84,76,48,6,3,2,7,50,58,57,22,78,70,65,41,5,3,2,9,65,76,81,31,108,101,94,58,7,4,3,12,86,107,107,42,152,142,139,88,10,6,3,12,84,97,100,39,138,126,118,73,9,5,2,6,47,59,56,22,77,72,67,43,4,2,1,4,28,42,36,14,47,46,46,27,3,2,2,6,41,48,52,20,74,68,62,41,5,3,2.12,7.75,56.88,70.12,70.12,27.0,96.0,88.62,83.38,52.38,6.12,3.5
Asphalt_0cm_S11,2026-04-25T10:00:54.357855,2,6,54,74,72,26,94,84,76,48,6,3,2,7,50,58,57,22,78,70,65,41,5,3,2,9,65,76,81,31,108,101,94,58,7,4,3,12,86,107,107,42,152,142,139,88,11,6,3,12,84,97,100,39,137,126,118,73,9,5,2,6,46,59,56,22,77,72,67,44,4,2,1,4,28,42,36,14,47,46,46,27,3,2,2,6,41,48,52,20,74,68,62,41,5,3,2.12,7.75,56.75,70.12,70.12,27.0,95.88,88.62,83.38,52.5,6.25,3.5
Asphalt_0cm_S11,2026-04-25T10:00:54.445136,2,6,54,74,72,26,94,84,76,48,6,3,2,7,50,58,57,22,78,70,65,41,5,3,2,9,65,76,81,31,108,101,94,58,7,4,3,12,86,107,107,42,152,142,139,88,11,6,3,12,84,97,100,39,137,126,118,73,9,5,2,6,46,59,56,22,77,72,67,44,4,2,1,4,28,42,36,14,47,46,46,27,3,2,2,6,41,48,52,20,74,68,62,41,5,3,2.12,7.75,56.75,70.12,70.12,27.0,95.88,88.62,83.38,52.5,6.25,3.5
Asphalt_0cm_S11,2026-04-25T10:00:54.523976,2,6,54,74,72,26,94,84,76,48,6,3,2,6,51,58,57,22,78,70,65,41,5,3,2,9,65,76,81,31,108,101,94,58,7,4,3,12,86,107,107,42,152,142,139,87,11,6,3,12,84,97,100,39,138,127,118,73,9,5,2,6,46,59,56,22,77,72,67,44,4,3,1,4,28,42,36,14,47,46,46,27,3,2,2,6,41,48,52,20,74,68,62,41,5,3,2.12,7.62,56.88,70.12,70.12,27.0,96.0,88.75,83.38,52.38,6.25,3.62
Asphalt_0cm_S11,2026-04-25T10:00:54.609496,2,6,54,74,73,26,94,84,76,49,6,3,2,6,51,58,57,22,78,70,65,41,5,3,2,9,65,76,81,31,108,101,94,58,7,4,3,12,86,107,107,42,152,142,139,87,11,6,3,12,84,97,100,39,138,127,118,73,9,5,2,6,46,59,56,22,77,72,67,44,4,3,1,4,28,42,36,15,47,46,46,27,3,2,2,6,41,48,52,20,74,68,62,41,5,3,2.12,7.62,56.88,70.12,70.25,27.12,96.0,88.75,83.38,52.5,6.25,3.62
Asphalt_0cm_S11,2026-04-25T10:00:54.710607,2,6,54,74,73,26,94,84,76,49,6,3,2,7,50,58,57,22,78,70,65,41,5,3,2,9,65,76,81,31,108,101,93,58,7,4,3,12,86,107,107,42,152,142,139,88,11,6,3,12,84,97,100,39,137,126,117,73,9,5,2,6,46,59,56,22,77,73,67,44,4,2,1,4,28,42,36,15,47,46,46,27,3,2,2,6,41,48,52,20,74,68,62,41,5,3,2.12,7.75,56.75,70.12,70.25,27.12,95.88,88.75,83.12,52.62,6.25,3.5
Asphalt_0cm_S11,2026-04-25T10:00:54.795445,2,6,55,74,73,26,94,84,76,49,6,3,2,7,51,58,57,22,78,70,65,41,5,3,2,9,65,76,81,31,108,101,93,58,7,4,3,12,86,107,107,42,152,142,139,88,11,6,3,12,84,97,100,39,137,126,117,73,9,5,2,6,46,59,56,22,77,73,67,44,4,2,1,4,28,42,36,14,47,46,46,27,3,2,2,6,41,48,52,20,74,68,62,41,5,3,2.12,7.75,57.0,70.12,70.25,27.0,95.88,88.75,83.12,52.62,6.25,3.5
Asphalt_0cm_S11,2026-04-25T10:00:54.898877,2,6,55,74,73,26,94,84,76,49,6,3,2,7,51,58,57,22,78,70,65,41,5,3,2,9,65,76,81,31,109,101,94,58,7,4,3,12,86,107,107,42,152,142,139,88,10,6,3,12,84,97,100,39,138,127,118,73,9,5,2,6,46,59,56,22,77,72,67,44,5,2,1,4,28,42,36,14,47,46,46,27,3,2,1,6,41,48,51,20,74,68,62,41,5,3,2.0,7.75,57.0,70.12,70.12,27.0,96.12,88.75,83.38,52.62,6.25,3.5
Asphalt_0cm_S11,2026-04-25T10:00:54.996309,2,6,54,74,73,26,94,84,76,48,6,3,2,7,51,58,57,22,78,70,65,41,5,3,2,9,65,76,81,31,108,101,94,58,7,4,3,12,86,107,107,42,152,142,139,88,11,6,3,12,84,97,100,39,138,127,118,73,9,5,2,6,46,59,56,22,77,72,67,44,5,2,1,4,28,42,36,14,47,46,46,27,3,2,1,6,41,48,51,20,74,68,62,41,5,3,2.0,7.75,56.88,70.12,70.12,27.0,96.0,88.75,83.38,52.5,6.38,3.5
Asphalt_0cm_S11,2026-04-25T10:00:55.091217,2,6,54,74,73,26,94,84,76,48,6,3,2,7,51,58,57,22,78,70,65,41,5,3,2,9,65,76,81,31,108,101,94,58,7,4,3,12,86,107,107,42,152,142,139,88,11,6,3,12,84,97,100,39,138,126,117,73,9,5,2,6,46,59,56,22,77,72,67,44,4,3,1,4,28,42,36,14,47,46,46,27,3,2,2,6,41,48,52,20,74,68,62,41,5,3,2.12,7.75,56.88,70.12,70.25,27.0,96.0,88.62,83.25,52.5,6.25,3.62
Asphalt_0cm_S11,2026-04-25T10:00:55.174922,2,6,54,74,72,26,94,84,76,48,6,3,2,6,50,58,57,22,78,70,65,41,5,3,2,9,65,76,81,31,108,101,94,58,7,4,3,12,86,107,107,42,151,142,139,88,10,6,3,12,84,97,100,39,138,126,118,73,9,5,2,6,46,59,56,22,77,72,67,44,4,3,1,4,28,42,36,14,47,46,46,27,3,2,2,6,41,48,52,20,74,68,62,41,5,3,2.12,7.62,56.75,70.12,70.12,27.0,95.88,88.62,83.38,52.5,6.12,3.62
Asphalt_0cm_S11,2026-04-25T10:00:55.277763,2,6,54,74,73,26,94,84,76,49,6,3,2,6,50,58,57,22,78,70,65,41,5,3,2,9,65,76,81,31,108,101,94,58,7,4,3,12,86,107,107,42,151,142,139,88,10,6,3,12,84,97,100,39,138,126,118,73,9,5,2,6,46,59,56,22,77,72,67,44,4,2,1,4,28,42,36,14,47,46,46,27,3,2,1,6,41,48,52,20,74,68,62,41,5,3,2.0,7.62,56.75,70.12,70.25,27.0,95.88,88.62,83.38,52.62,6.12,3.5
Asphalt_0cm_S11,2026-04-25T10:00:55.358422,2,6,54,74,73,26,94,84,76,49,6,3,2,7,51,58,57,22,78,70,65,41,5,3,2,9,65,76,81,31,108,101,94,58,7,4,3,12,86,107,107,43,152,142,139,88,11,6,3,12,84,96,100,39,138,127,117,73,8,5,2,6,46,59,56,22,77,72,67,44,4,2,1,4,28,42,36,14,47,46,46,27,3,2,1,6,41,48,52,20,74,68,62,41,5,3,2.0,7.75,56.88,70.0,70.25,27.12,96.0,88.75,83.25,52.62,6.12,3.5
Asphalt_0cm_S11,2026-04-25T10:00:55.445358,2,6,55,74,72,26,94,84,76,48,6,3,2,7,51,58,57,22,78,70,65,41,5,3,2,9,65,76,81,31,108,101,94,58,7,4,3,12,86,107,107,43,152,142,139,88,11,6,3,12,84,96,100,39,138,127,117,73,8,5,2,6,46,59,56,22,77,72,67,44,4,2,1,4,28,42,36,14,47,46,46,27,3,2,1,6,41,48,52,20,74,68,62,41,5,3,2.0,7.75,57.0,70.0,70.12,27.12,96.0,88.75,83.25,52.5,6.12,3.5
Asphalt_0cm_S11,2026-04-25T10:00:55.527584,2,6,55,74,72,26,94,84,76,48,6,3,2,7,51,58,57,22,78,70,65,41,5,3,2,9,65,76,81,31,108,101,94,58,7,4,3,12,86,107,107,42,151,142,139,88,10,6,3,12,84,96,100,39,138,126,117,73,9,5,2,6,46,59,56,22,77,72,67,43,4,2,1,4,28,42,36,15,47,46,46,27,3,2,1,6,41,48,52,20,74,68,62,41,5,3,2.0,7.75,57.0,70.0,70.12,27.12,95.88,88.62,83.25,52.38,6.12,3.5
Asphalt_0cm_S11,2026-04-25T10:00:55.614083,2,6,54,74,73,26,94,84,76,48,6,3,2,7,51,58,57,22,78,70,65,41,5,3,2,9,65,76,81,31,108,101,94,58,7,4,3,12,86,107,107,42,151,142,139,88,10,6,3,12,84,96,100,39,138,126,117,73,9,5,2,6,46,59,56,22,77,72,67,43,4,2,1,4,28,42,36,15,47,46,46,27,3,2,1,6,41,48,52,20,74,68,62,41,5,3,2.0,7.75,56.88,70.0,70.25,27.12,95.88,88.62,83.25,52.38,6.12,3.5
Asphalt_0cm_S11,2026-04-25T10:00:55.707249,2,6,54,74,73,26,94,84,76,48,6,3,2,7,51,58,57,22,78,70,65,41,5,3,2,9,65,76,81,31,108,101,94,58,7,4,3,12,86,107,107,42,152,142,139,87,10,6,3,12,84,97,100,39,138,126,118,73,9,5,2,6,46,59,56,22,77,72,67,44,4,2,1,4,28,42,36,15,47,46,46,28,3,2,1,5,41,48,52,20,74,68,62,41,5,3,2.0,7.62,56.88,70.12,70.25,27.12,96.0,88.62,83.38,52.5,6.12,3.5
Asphalt_0cm_S11,2026-04-25T10:00:55.793992,2,6,54,74,73,26,94,84,76,48,6,3,2,7,50,58,57,22,78,70,65,41,5,3,2,9,65,76,81,31,108,101,94,58,7,4,3,12,86,107,107,42,152,142,139,87,10,6,3,12,84,97,100,39,138,126,118,73,9,5,2,6,46,59,56,22,77,72,67,44,4,2,1,4,28,42,36,15,47,46,46,28,3,2,1,5,41,48,52,20,74,68,62,41,5,3,2.0,7.62,56.75,70.12,70.25,27.12,96.0,88.62,83.38,52.5,6.12,3.5
Asphalt_0cm_S11,2026-04-25T10:00:55.901613,2,6,54,74,73,26,94,84,76,48,6,3,2,7,50,58,57,22,78,70,65,41,5,3,2,9,65,76,81,31,108,101,94,58,7,4,3,12,86,107,107,42,152,142,139,88,10,7,3,12,84,97,100,39,138,126,118,73,9,5,2,6,46,59,56,22,77,72,67,44,5,2,1,4,28,42,36,15,47,46,46,27,3,2,1,6,41,48,52,20,74,68,62,41,5,3,2.0,7.75,56.75,70.12,70.25,27.12,96.0,88.62,83.38,52.5,6.25,3.62
Asphalt_0cm_S11,2026-04-25T10:00:55.984148,2,6,55,74,72,26,94,84,76,49,6,3,2,7,50,58,57,22,78,70,65,41,5,3,2,9,65,76,81,31,108,101,94,58,7,4,3,12,86,107,107,42,152,142,139,88,10,6,3,12,84,97,100,39,138,126,118,73,9,5,2,6,46,59,56,22,77,72,67,44,5,2,1,4,28,42,36,15,47,46,46,27,3,2,1,6,41,48,52,20,74,68,62,41,5,3,2.0,7.75,56.88,70.12,70.12,27.12,96.0,88.62,83.38,52.62,6.25,3.5
Asphalt_0cm_S11,2026-04-25T10:00:56.093277,2,6,54,74,73,26,94,84,77,48,6,3,2,7,50,58,57,22,78,70,65,41,5,3,2,9,65,76,81,31,108,101,94,58,7,4,3,12,86,107,107,42,152,142,139,88,10,6,3,12,84,97,100,39,138,126,118,73,9,5,2,6,46,59,56,22,77,72,67,44,4,2,1,4,28,42,36,15,47,46,46,27,3,2,1,6,41,48,52,20,74,68,62,41,5,3,2.0,7.75,56.75,70.12,70.25,27.12,96.0,88.62,83.5,52.5,6.12,3.5
Asphalt_0cm_S11,2026-04-25T10:00:56.174339,2,6,54,74,73,26,94,84,77,48,6,3,1,7,51,58,57,22,78,70,65,41,5,3,2,9,65,76,81,31,108,101,94,58,7,4,3,12,86,107,107,42,152,142,139,88,11,6,3,12,84,97,100,39,138,126,117,73,9,5,2,6,46,59,56,22,77,72,67,44,4,2,1,4,28,42,36,15,47,46,46,27,3,2,1,6,41,48,52,20,74,68,62,41,5,3,1.88,7.75,56.88,70.12,70.25,27.12,96.0,88.62,83.38,52.5,6.25,3.5
Asphalt_0cm_S11,2026-04-25T10:00:56.279336,2,6,55,74,72,26,94,84,76,48,6,3,2,7,50,58,57,22,78,70,65,41,5,3,2,9,65,76,81,31,108,101,94,58,7,4,3,12,86,107,107,42,152,142,139,88,11,6,3,12,84,97,100,39,138,126,117,73,9,5,2,6,46,59,56,22,77,72,67,44,4,2,1,4,28,42,36,14,47,46,46,27,3,2,1,6,41,48,52,20,74,68,62,40,5,3,2.0,7.75,56.88,70.12,70.12,27.0,96.0,88.62,83.25,52.38,6.25,3.5
Asphalt_0cm_S11,2026-04-25T10:00:56.360824,2,6,55,74,72,26,94,84,76,48,6,3,2,7,50,58,57,22,78,70,65,41,5,3,2,9,65,76,81,31,108,101,94,58,7,4,3,12,86,107,107,43,152,142,139,88,11,6,3,12,84,97,100,39,138,126,118,73,9,5,2,6,46,59,56,22,77,72,67,44,4,2,1,4,28,42,36,15,47,46,46,27,3,2,1,6,41,48,52,20,74,68,62,40,5,3,2.0,7.75,56.88,70.12,70.12,27.25,96.0,88.62,83.38,52.38,6.25,3.5
Asphalt_0cm_S11,2026-04-25T10:00:56.442537,2,6,55,74,73,25,94,84,76,48,6,3,2,7,50,58,57,22,78,70,65,41,5,3,2,9,65,76,81,31,108,101,94,58,7,4,3,12,86,107,107,43,152,142,139,88,11,6,3,12,84,97,100,39,138,126,118,73,9,5,2,6,46,59,56,22,77,72,67,44,4,2,1,4,28,42,36,15,47,46,46,27,3,2,2,5,41,48,52,20,74,68,62,41,5,3,2.12,7.62,56.88,70.12,70.25,27.12,96.0,88.62,83.38,52.5,6.25,3.5
Asphalt_0cm_S11,2026-04-25T10:00:56.574371,2,6,55,74,73,25,94,84,76,48,6,3,2,7,50,58,57,22,78,70,65,41,5,3,2,9,65,76,81,31,108,101,93,58,7,4,3,12,86,107,107,42,151,142,139,88,10,6,3,12,84,96,100,39,138,127,117,73,9,5,2,6,46,59,56,22,77,72,67,44,4,2,1,4,28,42,36,15,47,46,46,27,3,2,2,6,41,48,52,20,74,68,62,41,5,3,2.12,7.75,56.88,70.0,70.25,27.0,95.88,88.75,83.12,52.5,6.12,3.5
Asphalt_0cm_S11,2026-04-25T10:00:56.661886,2,6,54,74,73,25,94,84,76,49,6,3,2,7,51,58,57,22,78,70,65,41,5,3,2,9,65,76,81,31,108,101,94,58,7,4,3,12,86,107,107,42,152,142,139,88,11,6,3,12,84,97,100,39,138,127,118,73,9,5,2,6,46,59,56,22,77,73,67,43,5,2,1,4,28,42,36,15,47,46,46,27,3,2,2,6,41,48,52,20,74,68,62,41,5,3,2.12,7.75,56.88,70.12,70.25,27.0,96.0,88.88,83.38,52.5,6.38,3.5
Asphalt_0cm_S11,2026-04-25T10:00:56.748059,2,6,55,74,73,26,94,84,76,48,6,3,2,7,51,58,57,22,78,70,65,41,5,3,2,9,65,76,81,31,108,101,94,58,7,4,3,12,86,107,107,42,152,142,139,88,11,6,3,12,84,97,100,39,138,127,118,73,9,5,2,6,46,59,56,22,77,73,67,43,5,2,1,4,28,42,36,14,47,46,46,27,3,2,2,6,41,48,52,20,74,68,62,41,5,3,2.12,7.75,57.0,70.12,70.25,27.0,96.0,88.88,83.38,52.38,6.38,3.5
Asphalt_0cm_S11,2026-04-25T10:00:56.853269,2,6,55,74,73,26,94,84,76,48,6,3,2,6,51,58,57,22,78,70,65,41,5,3,2,9,65,76,81,31,108,101,94,58,7,4,3,12,86,107,107,42,152,142,139,88,11,6,3,12,84,97,100,39,137,126,118,73,9,5,2,6,47,59,56,22,77,73,67,44,4,2,1,4,28,42,36,14,47,46,46,27,3,2,2,6,41,48,52,20,74,68,62,41,5,3,2.12,7.62,57.12,70.12,70.25,27.0,95.88,88.75,83.38,52.5,6.25,3.5
Asphalt_0cm_S11,2026-04-25T10:00:56.932195,2,6,55,73,73,26,93,84,76,49,6,3,2,7,50,58,57,22,78,70,65,41,5,3,2,9,65,76,81,31,108,101,94,58,7,4,3,12,86,107,107,42,152,142,139,88,11,6,3,12,84,97,100,39,137,126,118,73,9,5,2,6,47,59,56,22,77,73,67,44,4,2,1,4,28,42,36,14,47,46,46,27,3,2,2,6,41,48,52,20,74,68,62,41,5,3,2.12,7.75,57.0,70.0,70.25,27.0,95.75,88.75,83.38,52.62,6.25,3.5
Asphalt_0cm_S11,2026-04-25T10:00:57.014681,2,6,55,73,73,26,93,84,76,49,6,3,2,7,50,58,57,22,78,70,65,41,5,3,2,9,65,76,81,31,108,101,94,58,7,4,3,12,86,107,107,43,152,142,139,88,11,7,3,12,84,97,100,39,137,126,117,73,9,5,2,6,46,59,56,22,77,73,67,44,4,3,1,4,28,42,36,15,47,46,46,27,3,2,2,6,41,48,52,20,74,68,62,41,5,3,2.12,7.75,56.88,70.0,70.25,27.25,95.75,88.75,83.25,52.62,6.25,3.75
Asphalt_0cm_S11,2026-04-25T10:00:57.106938,2,6,54,74,72,26,94,84,76,49,6,3,2,7,50,58,57,22,78,70,65,41,5,3,2,9,65,76,80,31,108,101,94,58,7,4,3,12,86,107,107,43,152,142,139,88,11,7,3,12,84,97,100,39,137,126,117,73,9,5,2,6,46,59,56,22,77,73,67,44,4,3,1,4,28,42,36,15,47,46,46,27,3,2,1,6,41,48,52,20,74,68,62,41,5,3,2.0,7.75,56.75,70.12,70.0,27.25,95.88,88.75,83.25,52.62,6.25,3.75
Asphalt_0cm_S11,2026-04-25T10:00:57.190264,2,6,54,74,72,26,94,84,76,49,6,3,2,7,50,58,57,22,78,70,65,41,5,3,2,9,65,76,80,31,108,101,94,58,7,4,3,12,86,107,107,43,152,142,139,88,11,6,3,12,84,97,100,39,138,126,118,73,9,5,2,6,46,59,56,22,77,72,67,44,4,2,1,4,28,42,36,14,47,46,46,27,3,2,1,6,41,48,52,20,74,68,62,41,5,3,2.0,7.75,56.75,70.12,70.0,27.12,96.0,88.62,83.38,52.62,6.25,3.5
Asphalt_0cm_S11,2026-04-25T10:00:57.295232,2,6,55,74,72,25,94,84,76,48,6,3,2,6,51,58,57,22,78,70,65,41,5,3,2,9,65,76,81,31,108,101,94,58,7,4,3,12,86,107,107,42,152,142,139,88,10,6,3,12,84,97,100,39,138,126,118,73,9,5,2,6,46,59,56,22,77,72,67,44,4,2,1,4,28,42,36,14,47,46,46,27,3,2,2,6,41,48,52,20,74,68,62,41,5,3,2.12,7.62,57.0,70.12,70.12,26.88,96.0,88.62,83.38,52.5,6.12,3.5
Asphalt_0cm_S11,2026-04-25T10:00:57.378385,2,6,55,74,72,25,94,84,76,48,6,3,2,6,51,58,57,22,78,70,65,41,5,3,2,9,65,76,81,31,108,101,94,58,7,4,3,12,86,107,107,42,152,142,139,88,10,6,3,12,84,97,100,39,138,127,118,73,9,5,2,6,46,59,56,22,77,72,67,44,5,2,1,4,28,42,36,15,47,46,46,27,3,2,2,6,41,48,52,20,74,68,62,41,5,3,2.12,7.62,57.0,70.12,70.12,27.0,96.0,88.75,83.38,52.5,6.25,3.5
Asphalt_0cm_S11,2026-04-25T10:00:57.463093,2,6,54,74,73,26,94,84,76,48,6,3,2,7,51,58,57,22,78,70,65,41,5,3,2,9,65,76,81,31,108,101,94,58,7,4,3,12,86,107,107,42,152,142,139,88,11,6,3,12,84,97,100,39,138,127,118,73,9,5,2,6,46,59,56,22,77,72,67,44,5,2,1,4,28,42,36,15,47,46,46,27,3,2,2,6,41,48,52,20,74,68,62,41,5,3,2.12,7.75,56.88,70.12,70.25,27.12,96.0,88.75,83.38,52.5,6.38,3.5
Asphalt_0cm_S11,2026-04-25T10:00:57.544558,2,6,54,74,73,26,94,84,76,48,6,3,2,7,51,58,57,22,78,70,65,41,5,3,2,9,65,76,81,31,108,101,94,58,7,4,3,12,86,107,107,42,152,142,139,88,11,6,3,12,84,97,100,39,138,127,118,73,9,5,2,6,46,59,56,22,77,73,67,44,4,2,1,4,28,42,36,15,47,46,46,27,3,2,1,6,41,48,52,20,74,68,62,41,5,3,2.0,7.75,56.88,70.12,70.25,27.12,96.0,88.88,83.38,52.5,6.25,3.5
Asphalt_0cm_S11,2026-04-25T10:00:57.626434,2,6,55,74,72,26,94,84,76,49,6,3,2,7,50,58,57,22,78,70,65,41,5,3,2,9,65,76,81,31,108,101,94,58,7,4,3,12,86,107,107,42,152,142,139,88,11,6,3,12,84,97,100,39,138,127,118,73,9,5,2,6,46,59,56,22,77,73,67,44,4,2,1,4,28,42,36,15,47,46,46,27,3,2,1,6,41,48,52,20,74,68,62,41,5,3,2.0,7.75,56.88,70.12,70.12,27.12,96.0,88.88,83.38,52.62,6.25,3.5
Asphalt_0cm_S11,2026-04-25T10:00:57.725417,2,6,55,74,72,26,94,84,76,49,6,3,2,7,50,58,57,22,78,70,65,41,5,3,2,9,65,76,81,31,108,101,94,58,7,4,3,12,86,107,107,42,152,142,139,88,11,6,3,12,84,96,100,39,138,127,117,73,9,5,2,6,46,59,56,22,77,73,67,44,4,3,1,4,28,42,36,15,47,46,46,27,3,2,2,6,41,47,52,20,74,68,62,41,5,3,2.12,7.75,56.88,69.88,70.12,27.12,96.0,88.88,83.25,52.62,6.25,3.62
Asphalt_0cm_S11,2026-04-25T10:00:57.806597,2,6,54,74,73,26,94,84,76,49,6,3,1,7,50,58,57,22,78,70,65,41,5,3,2,9,65,76,81,31,108,101,94,58,7,4,3,12,86,107,107,42,152,142,139,88,11,6,3,12,84,97,100,39,138,127,118,73,9,5,2,6,46,59,56,22,77,72,67,44,5,2,1,4,28,42,36,15,47,46,46,27,3,2,2,6,41,47,52,20,74,68,62,41,5,3,2.0,7.75,56.75,70.0,70.25,27.12,96.0,88.75,83.38,52.62,6.38,3.5
Asphalt_0cm_S11,2026-04-25T10:00:57.890038,2,6,54,74,73,26,94,84,76,49,6,3,1,7,50,58,57,22,78,70,65,41,5,3,2,9,65,76,81,31,108,101,94,58,7,4,3,12,86,107,107,42,152,142,139,88,11,6,3,12,84,97,100,39,138,127,118,73,9,5,2,6,46,59,56,22,77,72,67,44,5,2,1,4,28,42,36,15,47,46,46,28,3,2,2,6,41,48,52,20,74,68,62,41,5,3,2.0,7.75,56.75,70.12,70.25,27.12,96.0,88.75,83.38,52.75,6.38,3.5
Asphalt_0cm_S11,2026-04-25T10:00:57.981377,2,6,55,74,72,25,94,84,76,48,6,3,2,6,50,58,57,22,78,70,65,41,5,3,2,9,65,76,81,31,108,101,94,58,7,4,3,12,87,107,107,42,152,142,139,87,10,6,3,12,84,97,100,39,138,126,118,73,9,5,2,6,46,59,56,22,77,73,67,44,4,2,1,4,28,42,36,15,47,46,46,28,3,2,2,6,41,48,52,20,74,68,62,41,5,3,2.12,7.62,57.0,70.12,70.12,27.0,96.0,88.75,83.38,52.5,6.12,3.5
Asphalt_0cm_S11,2026-04-25T10:00:58.064889,2,6,54,73,72,26,94,84,76,48,6,3,2,6,50,58,57,22,78,70,65,41,5,3,2,9,65,76,81,31,108,101,94,58,7,4,3,12,87,107,107,42,152,142,139,87,10,6,3,12,84,97,100,39,138,126,118,73,9,5,2,6,46,59,56,22,77,73,67,44,4,2,1,4,28,42,36,15,47,46,46,27,3,2,2,6,41,48,52,20,74,68,62,41,5,2,2.12,7.62,56.88,70.0,70.12,27.12,96.0,88.75,83.38,52.38,6.12,3.38
Asphalt_0cm_S11,2026-04-25T10:00:58.171672,2,6,54,73,72,26,94,84,76,48,6,3,2,7,50,58,57,22,78,70,65,41,5,3,2,9,65,76,81,31,108,101,94,58,7,4,3,12,86,107,107,42,151,142,139,87,10,6,3,12,84,97,100,39,138,127,117,73,9,5,2,6,46,59,56,22,77,73,67,44,4,2,1,4,28,42,36,14,47,46,46,27,3,2,2,6,41,48,52,20,74,68,62,41,5,2,2.12,7.75,56.75,70.0,70.12,27.0,95.88,88.88,83.25,52.38,6.12,3.38
Asphalt_0cm_S11,2026-04-25T10:00:58.253111,2,6,55,73,72,26,94,84,76,48,6,3,2,6,50,58,57,22,78,70,65,41,5,3,2,9,65,76,81,31,108,101,94,58,7,4,3,12,86,107,107,42,151,142,139,87,10,6,3,12,84,97,100,39,138,127,117,73,9,5,2,6,46,59,56,22,77,73,67,44,4,2,1,4,28,42,36,14,47,46,46,27,3,2,1,6,41,48,52,20,74,68,62,41,5,3,2.0,7.62,56.88,70.0,70.12,27.0,95.88,88.88,83.25,52.38,6.12,3.5
Asphalt_0cm_S11,2026-04-25T10:00:58.333061,2,6,55,73,72,26,94,84,76,48,6,3,2,6,50,58,57,22,78,70,65,41,5,3,2,9,65,76,81,31,108,101,94,58,7,4,3,12,86,107,107,42,152,142,139,88,10,6,3,12,84,96,100,39,138,126,118,73,9,5,2,6,46,59,56,22,77,72,67,44,4,2,1,4,28,42,36,15,47,46,46,27,3,2,1,6,41,48,52,20,74,68,62,41,5,3,2.0,7.62,56.88,69.88,70.12,27.12,96.0,88.62,83.38,52.5,6.12,3.5
Asphalt_0cm_S11,2026-04-25T10:00:58.425181,2,6,55,74,72,26,94,84,76,48,6,3,2,7,50,58,57,22,78,70,65,41,5,3,2,9,65,76,80,31,109,101,94,58,7,4,3,12,86,107,107,42,152,142,139,88,10,6,3,12,84,96,100,39,138,126,118,73,9,5,2,6,46,59,56,22,77,72,67,44,4,2,1,4,28,42,36,15,47,46,46,27,3,2,1,6,41,48,52,20,74,68,62,41,5,3,2.0,7.75,56.88,70.0,70.0,27.12,96.12,88.62,83.38,52.5,6.12,3.5
Asphalt_0cm_S11,2026-04-25T10:00:58.507729,2,6,55,74,72,26,94,84,76,48,6,3,2,7,50,58,57,22,78,70,65,41,5,3,2,9,65,76,80,31,109,101,94,58,7,4,3,12,86,107,107,42,152,142,139,88,11,6,3,12,84,97,100,39,138,126,118,73,9,5,2,6,46,59,56,22,77,72,67,44,4,2,1,4,28,42,36,15,47,46,46,27,3,2,2,5,41,47,52,20,74,68,62,41,5,3,2.12,7.62,56.88,70.0,70.0,27.12,96.12,88.62,83.38,52.5,6.25,3.5
Asphalt_0cm_S11,2026-04-25T10:00:58.588026,2,6,54,74,72,25,94,84,76,49,6,3,1,7,51,58,57,22,78,70,65,41,5,3,2,9,65,76,81,31,108,101,94,58,7,4,3,12,86,107,107,42,152,142,139,88,11,6,3,12,84,97,100,39,138,126,118,73,9,5,2,6,46,59,56,22,77,72,67,44,4,2,1,4,28,42,36,15,47,46,46,27,3,2,2,5,41,47,52,20,74,68,62,41,5,3,2.0,7.62,56.88,70.0,70.12,27.0,96.0,88.62,83.38,52.62,6.25,3.5
Asphalt_0cm_S11,2026-04-25T10:00:58.679382,2,6,54,74,72,25,94,84,76,49,6,3,1,7,51,58,57,22,78,70,65,41,5,3,2,9,65,76,81,31,108,101,94,58,7,4,3,12,86,107,106,42,151,142,139,88,11,6,3,12,84,97,100,39,138,127,118,73,9,5,2,6,46,59,56,22,77,73,67,44,4,2,1,4,28,42,36,15,47,46,46,27,3,2,2,6,41,48,52,20,74,68,62,41,5,3,2.0,7.75,56.88,70.12,70.0,27.0,95.88,88.88,83.38,52.62,6.25,3.5
Asphalt_0cm_S11,2026-04-25T10:00:58.760856,2,6,55,74,73,26,94,84,76,48,6,3,2,7,51,58,57,22,78,70,65,41,5,3,2,9,65,76,81,31,108,101,94,58,7,4,3,12,86,107,107,43,152,142,139,88,10,6,3,12,84,97,100,39,138,127,118,73,9,5,2,6,46,59,56,22,77,73,67,44,4,2,1,4,28,42,36,15,47,46,46,27,3,2,2,6,41,48,52,20,74,68,62,41,5,3,2.12,7.75,57.0,70.12,70.25,27.25,96.0,88.88,83.38,52.5,6.12,3.5
Asphalt_0cm_S11,2026-04-25T10:00:58.843789,2,6,55,74,73,26,94,84,76,48,6,3,2,7,51,58,57,22,78,70,65,41,5,3,2,9,65,76,81,31,108,101,94,58,7,4,3,12,86,107,107,43,152,142,139,88,10,6,3,12,84,96,100,39,138,126,118,73,9,5,2,6,46,59,56,22,77,72,67,44,4,2,1,4,28,42,36,15,47,46,46,27,3,2,1,6,41,48,52,20,74,68,62,41,5,3,2.0,7.75,57.0,70.0,70.25,27.25,96.0,88.62,83.38,52.5,6.12,3.5
Asphalt_0cm_S11,2026-04-25T10:00:58.932764,2,6,55,73,73,26,94,84,76,48,6,3,2,6,50,58,57,22,78,70,65,41,5,3,2,9,65,76,81,31,108,101,94,58,7,4,3,12,86,107,107,43,152,142,139,88,10,6,3,12,84,96,100,39,138,126,118,73,9,5,2,6,46,59,56,22,77,72,67,44,4,2,1,4,28,42,36,15,47,46,46,27,3,2,1,6,41,48,52,20,74,68,62,41,5,3,2.0,7.62,56.88,69.88,70.25,27.25,96.0,88.62,83.38,52.5,6.12,3.5
Asphalt_0cm_S11,2026-04-25T10:00:59.014187,2,6,55,73,73,26,94,84,76,48,6,3,2,6,50,58,57,22,78,70,65,41,5,3,2,9,65,76,81,31,108,101,94,58,7,4,3,12,86,107,107,42,152,142,139,88,11,6,3,12,84,96,100,39,138,126,118,73,9,5,2,6,47,59,56,22,77,73,68,44,5,2,1,4,28,42,36,15,47,46,46,27,3,2,2,6,41,48,52,20,74,68,62,41,5,3,2.12,7.62,57.0,69.88,70.25,27.12,96.0,88.75,83.5,52.5,6.38,3.5
Asphalt_0cm_S11,2026-04-25T10:00:59.096026,2,6,54,73,73,26,94,84,76,49,6,3,2,7,51,58,57,22,78,70,65,41,5,3,2,9,65,76,81,31,109,101,94,58,7,4,3,12,86,107,107,42,152,142,139,87,10,6,3,12,84,96,100,39,138,126,118,73,9,5,2,6,47,59,56,22,77,73,68,44,5,2,1,4,28,42,36,15,47,46,46,27,3,2,2,6,41,48,52,20,74,68,62,41,5,3,2.12,7.75,57.0,69.88,70.25,27.12,96.12,88.75,83.5,52.5,6.25,3.5
Asphalt_0cm_S11,2026-04-25T10:00:59.187459,2,6,54,73,73,26,94,84,76,49,6,3,2,7,51,58,57,22,78,70,65,41,5,3,2,9,65,76,81,31,109,101,94,58,7,4,3,12,86,107,107,42,152,142,139,87,10,6,3,12,84,97,100,39,138,127,118,73,9,5,2,6,46,59,56,22,77,72,67,44,4,2,1,4,28,42,36,15,47,46,46,27,3,2,1,6,41,48,52,20,74,68,62,41,5,3,2.0,7.75,56.88,70.0,70.25,27.12,96.12,88.75,83.38,52.5,6.12,3.5
Asphalt_0cm_S11,2026-04-25T10:00:59.268557,2,6,54,74,72,25,93,84,76,48,6,3,1,7,50,58,57,22,78,70,65,41,5,3,2,9,65,76,81,32,108,101,94,58,7,4,3,12,86,107,107,42,152,142,139,88,11,6,3,12,84,97,100,39,138,127,118,73,9,5,2,6,46,59,56,22,77,72,67,44,4,2,1,4,28,42,36,15,47,46,46,27,3,2,1,6,41,48,52,20,74,68,62,41,5,3,1.88,7.75,56.75,70.12,70.12,27.12,95.88,88.75,83.38,52.5,6.25,3.5
Asphalt_0cm_S11,2026-04-25T10:00:59.351518,2,6,54,74,72,25,93,84,76,48,6,3,1,7,50,58,57,22,78,70,65,41,5,3,2,9,65,76,81,32,108,101,94,58,7,4,3,12,86,107,107,42,152,142,139,88,11,6,3,12,84,97,100,39,138,126,118,73,8,5,1,6,46,59,56,22,77,72,67,44,4,2,1,4,28,42,36,15,47,46,46,27,3,2,1,6,41,48,52,20,74,68,62,41,5,3,1.75,7.75,56.75,70.12,70.12,27.12,95.88,88.62,83.38,52.5,6.12,3.5
Asphalt_0cm_S11,2026-04-25T10:00:59.441051,2,6,54,74,73,25,94,84,76,49,6,3,2,6,50,58,57,22,78,70,65,41,5,3,2,9,65,76,81,31,108,101,94,58,7,4,3,12,86,107,107,42,151,142,139,87,10,6,3,12,84,97,100,39,138,126,118,73,9,5,1,6,46,59,56,22,77,72,67,44,4,2,1,4,28,42,36,15,47,46,46,27,3,2,1,6,41,48,52,20,74,68,62,41,5,3,1.88,7.62,56.75,70.12,70.25,27.0,95.88,88.62,83.38,52.5,6.12,3.5
Asphalt_0cm_S11,2026-04-25T10:00:59.523340,2,6,54,74,73,25,94,84,76,49,6,3,2,6,50,58,57,22,78,70,65,41,5,3,2,9,65,76,81,31,108,101,94,58,7,4,3,12,86,107,107,42,151,142,139,87,10,6,3,12,84,97,100,39,138,126,118,73,9,5,2,6,46,59,56,22,77,72,67,44,4,2,1,4,28,42,36,14,47,46,46,27,3,2,2,6,41,48,52,20,74,68,62,41,5,3,2.12,7.62,56.75,70.12,70.25,26.88,95.88,88.62,83.38,52.5,6.12,3.5
Asphalt_0cm_S11,2026-04-25T10:00:59.605436,2,6,54,73,73,26,94,84,76,49,6,3,2,7,51,58,57,22,78,70,65,41,5,3,2,9,65,76,81,31,108,101,94,58,7,4,3,12,86,107,107,42,152,142,139,87,10,6,3,12,84,97,100,39,138,126,118,73,9,5,2,6,46,59,56,22,77,72,67,44,4,2,1,4,28,42,36,14,47,46,46,27,3,2,2,6,41,48,52,20,74,68,62,41,5,3,2.12,7.75,56.88,70.0,70.25,27.0,96.0,88.62,83.38,52.5,6.12,3.5
Asphalt_0cm_S11,2026-04-25T10:00:59.697785,2,6,54,73,73,26,94,84,76,49,6,3,2,7,51,58,57,22,78,70,65,41,5,3,2,9,65,76,81,31,108,101,94,58,7,4,3,12,86,107,107,42,152,142,139,87,10,6,3,12,84,96,100,39,138,126,118,73,9,5,2,6,46,59,56,22,77,72,67,44,4,2,1,4,28,42,36,14,47,46,46,27,3,2,2,5,41,48,52,20,74,68,62,41,5,3,2.12,7.62,56.88,69.88,70.25,27.0,96.0,88.62,83.38,52.5,6.12,3.5
Asphalt_0cm_S11,2026-04-25T10:00:59.778815,2,6,54,74,73,26,94,84,76,48,6,3,2,7,50,58,57,22,78,70,65,41,5,3,2,9,65,76,81,31,108,101,94,58,7,4,3,12,86,107,107,42,151,142,139,88,11,6,3,12,84,96,100,39,138,126,118,73,9,5,2,6,46,59,56,22,77,72,67,44,4,2,1,4,28,42,36,14,47,46,46,27,3,2,2,5,41,48,52,20,74,68,62,41,5,3,2.12,7.62,56.75,70.0,70.25,27.0,95.88,88.62,83.38,52.5,6.25,3.5
Asphalt_0cm_S11,2026-04-25T10:00:59.862918,2,6,54,74,73,26,94,84,76,48,6,3,2,7,50,58,57,22,78,70,65,41,5,3,2,9,65,76,81,31,108,101,94,58,7,4,3,12,86,107,107,42,151,142,139,88,11,6,3,12,84,97,100,39,138,126,118,73,9,5,2,6,46,59,56,22,77,73,67,44,4,2,1,4,28,42,36,14,47,46,46,27,3,2,2,6,41,48,52,20,74,68,62,41,5,3,2.12,7.75,56.75,70.12,70.25,27.0,95.88,88.75,83.38,52.5,6.25,3.5
Asphalt_0cm_S11,2026-04-25T10:00:59.949559,2,6,55,74,73,26,94,84,76,48,6,3,2,7,51,58,57,22,78,70,65,41,5,3,2,9,65,76,81,31,108,101,94,58,7,4,3,12,86,107,107,42,152,142,139,88,11,6,3,12,84,96,100,39,138,126,117,73,9,5,2,6,46,59,56,22,77,72,67,44,4,2,1,4,28,42,36,14,47,46,46,27,3,2,2,6,41,48,52,20,74,68,62,41,5,3,2.12,7.75,57.0,70.0,70.25,27.0,96.0,88.62,83.25,52.5,6.25,3.5
Asphalt_0cm_S11,2026-04-25T10:01:00.033395,2,6,55,74,73,26,94,84,76,49,6,3,2,7,51,58,57,22,78,70,65,41,5,3,2,9,65,76,81,31,108,101,94,58,7,4,3,12,86,107,107,42,152,142,139,88,11,6,3,12,84,96,100,39,138,126,117,73,9,5,2,6,46,59,56,22,77,72,67,44,4,2,1,4,28,42,36,15,47,46,46,27,3,2,1,6,41,48,52,20,74,68,62,41,5,3,2.0,7.75,57.0,70.0,70.25,27.12,96.0,88.62,83.25,52.62,6.25,3.5
Asphalt_0cm_S11,2026-04-25T10:01:00.114168,2,6,55,74,73,26,94,84,76,49,6,3,2,7,50,58,57,22,78,70,65,41,5,3,2,9,65,76,81,31,109,101,94,58,7,4,3,12,86,107,107,42,152,142,139,88,10,7,3,12,84,96,100,39,138,126,117,73,9,5,2,6,46,59,56,22,77,72,67,44,4,2,1,4,28,42,36,15,47,46,46,27,3,2,1,6,41,48,52,20,74,68,62,41,5,3,2.0,7.75,56.88,70.0,70.25,27.12,96.12,88.62,83.25,52.62,6.12,3.62
Asphalt_0cm_S11,2026-04-25T10:01:00.198636,2,6,55,74,73,26,94,84,76,49,6,3,2,7,50,58,57,22,78,70,65,41,5,3,2,9,65,76,81,31,109,101,94,58,7,4,3,12,86,107,107,42,152,142,139,88,10,7,3,12,84,96,100,39,138,126,117,73,9,5,2,6,46,59,56,22,77,72,67,44,4,2,1,4,28,42,36,15,47,46,46,27,3,2,1,6,41,48,52,20,74,68,62,41,5,3,2.0,7.75,56.88,70.0,70.25,27.12,96.12,88.62,83.25,52.62,6.12,3.62
Asphalt_0cm_S11,2026-04-25T10:01:00.278219,2,6,55,74,73,26,94,84,76,48,6,3,2,7,50,58,57,22,78,70,65,41,5,3,2,9,65,76,81,31,108,101,94,58,7,4,3,12,86,107,107,42,152,142,139,87,10,6,3,12,84,96,100,39,138,126,117,73,9,5,2,6,46,59,56,22,77,72,67,44,4,2,1,4,28,42,36,15,47,46,46,27,3,2,1,6,41,48,52,20,74,68,62,40,5,3,2.0,7.75,56.88,70.0,70.25,27.12,96.0,88.62,83.25,52.25,6.12,3.5
Asphalt_0cm_S11,2026-04-25T10:01:00.376478,2,6,55,74,73,26,94,84,76,48,6,3,2,7,50,58,57,22,78,70,65,41,5,3,2,9,65,76,81,31,108,101,94,58,7,4,3,12,86,107,107,42,152,142,139,87,10,6,3,12,84,96,100,39,138,126,117,73,9,5,2,6,46,59,56,22,77,72,67,44,4,3,1,4,28,42,36,15,47,46,46,27,3,2,1,6,41,48,52,20,74,68,62,40,5,3,2.0,7.75,56.88,70.0,70.25,27.12,96.0,88.62,83.25,52.25,6.12,3.62
Asphalt_0cm_S11,2026-04-25T10:01:00.454813,2,6,55,73,72,26,94,84,76,48,6,3,2,7,50,58,57,22,78,70,65,42,5,3,2,9,65,76,81,31,108,101,94,58,7,4,3,12,86,107,107,42,152,142,139,88,11,6,3,12,84,97,100,39,137,126,118,73,9,5,2,6,46,59,56,22,77,72,67,44,4,3,1,4,28,42,36,15,47,46,46,27,3,2,1,6,41,48,52,20,74,68,62,41,5,3,2.0,7.75,56.88,70.0,70.12,27.12,95.88,88.62,83.38,52.62,6.25,3.62
Asphalt_0cm_S11,2026-04-25T10:01:00.564274,2,6,55,73,72,26,94,84,76,48,6,3,2,7,50,58,57,22,78,70,65,42,5,3,2,9,65,76,81,31,108,101,94,58,7,4,3,12,86,107,107,42,152,142,139,88,11,6,3,12,84,97,100,39,137,126,118,73,9,5,2,6,46,59,56,22,77,72,67,44,4,2,1,4,28,42,36,15,47,46,46,27,3,2,1,6,41,48,52,20,74,68,62,41,5,3,2.0,7.75,56.88,70.0,70.12,27.12,95.88,88.62,83.38,52.62,6.25,3.5
Asphalt_0cm_S11,2026-04-25T10:01:00.647725,2,6,54,74,72,26,94,84,76,49,6,3,2,7,51,58,57,22,78,70,65,41,5,3,2,9,65,76,81,31,108,101,94,58,7,4,3,12,86,107,107,42,151,142,139,88,10,6,3,12,84,96,100,39,137,126,117,73,9,5,2,6,46,59,56,22,77,72,67,44,5,2,1,4,28,42,36,15,47,46,46,27,3,2,1,6,41,48,52,20,74,68,62,41,5,3,2.0,7.75,56.88,70.0,70.12,27.12,95.75,88.62,83.25,52.62,6.25,3.5
Asphalt_0cm_S11,2026-04-25T10:01:00.730972,2,6,54,73,72,25,93,84,76,48,6,3,2,7,51,58,57,22,78,70,65,41,5,3,2,9,65,76,81,31,108,101,94,58,7,4,3,12,86,107,107,42,151,142,139,88,10,6,3,12,84,96,100,39,137,126,117,73,9,5,2,6,46,59,56,22,77,72,67,44,5,2,1,4,28,42,36,14,47,46,46,27,3,2,2,5,41,48,52,20,73,68,62,41,5,3,2.12,7.62,56.88,69.88,70.12,26.88,95.5,88.62,83.25,52.5,6.25,3.5
Asphalt_0cm_S11,2026-04-25T10:01:00.823375,2,6,54,73,72,25,93,84,76,48,6,3,2,7,51,58,57,22,78,70,65,41,5,3,2,9,65,76,81,31,108,101,94,58,7,4,3,12,86,107,107,42,151,142,139,88,10,6,3,12,84,96,100,39,137,126,117,73,9,5,2,6,46,59,56,22,77,72,67,44,5,2,1,4,28,42,36,14,47,46,46,27,3,2,2,5,41,48,52,20,73,68,62,41,5,3,2.12,7.62,56.88,69.88,70.12,26.88,95.5,88.62,83.25,52.5,6.25,3.5
Asphalt_0cm_S11,2026-04-25T10:01:00.902847,1,5,43,60,55,21,76,71,67,44,5,3,1,6,50,53,52,20,78,72,57,36,4,3,2,9,65,76,80,31,108,100,94,58,7,4,3,12,86,106,106,42,150,140,138,86,10,6,3,12,84,97,100,39,137,126,118,73,9,5,2,6,46,58,55,22,77,72,66,44,4,2,1,4,28,42,36,14,47,46,46,27,3,2,2,6,41,48,52,20,74,68,62,40,5,3,1.88,7.5,55.38,67.5,67.0,26.12,93.38,86.88,81.0,51.0,5.88,3.5
Asphalt_0cm_S11,2026-04-25T10:01:00.988530,1,5,43,60,55,21,76,71,67,44,5,3,1,6,50,53,52,20,78,72,57,36,4,3,1,6,48,52,56,20,80,73,62,35,4,3,2,8,60,62,70,25,108,101,87,50,6,4,2,10,75,66,79,28,124,108,89,51,6,4,2,7,50,56,59,22,84,77,68,39,4,3,1,4,28,42,36,14,47,46,46,27,3,2,2,6,41,48,52,20,74,68,62,40,5,3,1.5,6.5,49.38,54.88,57.38,21.25,83.88,77.0,67.25,40.25,4.62,3.12
Asphalt_0cm_S11,2026-04-25T10:01:01.077014,3,8,50,94,89,36,90,82,98,73,10,4,1,6,50,53,52,20,78,72,57,36,4,3,1,6,48,52,56,20,80,73,62,35,4,3,2,8,60,62,70,25,108,101,87,50,6,4,2,10,75,66,79,28,124,108,89,51,6,4,2,7,50,56,59,22,84,77,68,39,4,3,1,4,32,46,41,16,54,51,49,30,3,2,2,6,43,55,55,22,76,71,67,41,5,3,1.75,6.88,51.0,60.5,62.62,23.62,86.75,79.38,72.12,44.38,5.25,3.25
Asphalt_0cm_S11,2026-04-25T10:01:01.164324,3,8,50,94,89,36,90,82,98,73,10,4,1,4,31,32,33,12,49,44,37,22,3,2,1,3,23,25,29,10,40,36,32,19,2,1,1,3,21,23,28,11,43,42,41,26,3,2,2,10,75,66,79,28,124,108,89,51,6,4,2,7,50,56,59,22,84,77,68,39,4,3,1,4,32,46,41,16,54,51,49,30,3,2,2,6,43,55,55,22,76,71,67,41,5,3,1.62,5.62,40.62,49.62,51.62,19.62,70.0,63.88,60.12,37.62,4.5,2.62
Asphalt_0cm_S11,2026-04-25T10:01:01.253001,1,5,39,42,50,18,71,65,56,32,4,3,1,3,21,22,24,9,33,29,26,16,2,1,1,3,22,26,29,11,39,36,32,20,2,1,1,5,31,35,40,17,59,56,53,35,4,2,1,4,27,29,36,14,51,46,44,28,3,2,1,4,24,26,29,11,41,37,33,20,2,1,1,4,29,35,35,12,48,44,39,22,2,2,1,3,18,20,23,8,33,31,27,16,2,1,1.0,3.88,26.38,29.38,33.25,12.5,46.88,43.0,38.75,23.62,2.62,1.62
Asphalt_0cm_S11,2026-04-25T10:01:01.334488,1,5,39,42,50,18,71,65,56,32,4,3,1,3,21,22,24,9,33,29,26,16,2,1,1,3,22,26,29,11,39,36,32,20,2,1,1,5,31,35,40,17,59,56,53,35,4,2,1,6,36,44,50,20,68,62,62,39,5,3,1,4,27,30,32,14,46,41,39,24,2,2,1,4,30,35,35,14,48,43,39,25,3,1,1,3,18,20,23,8,33,31,27,16,2,1,1.0,4.12,28.0,31.75,35.38,13.88,49.62,45.38,41.75,25.88,3.0,1.75
Asphalt_0cm_S11,2026-04-25T10:01:01.413486,1,5,39,42,50,18,71,65,56,32,4,3,1,3,21,22,24,9,33,29,26,16,2,1,1,3,22,26,29,11,39,36,32,20,2,1,1,5,31,35,40,17,59,56,53,35,4,2,1,6,36,44,50,20,68,62,62,39,5,3,1,4,27,30,32,14,46,41,39,24,2,2,1,4,30,35,35,14,48,43,39,25,3,1,1,3,18,20,23,8,33,31,27,16,2,1,1.0,4.12,28.0,31.75,35.38,13.88,49.62,45.38,41.75,25.88,3.0,1.75
Asphalt_0cm_S11,2026-04-25T10:01:01.506242,1,4,28,32,37,15,52,49,46,30,4,2,1,5,37,43,45,20,59,53,49,34,4,2,2,7,48,55,61,24,82,75,68,44,6,2,3,14,99,108,121,47,174,160,143,94,11,6,2,8,52,73,73,30,99,93,91,60,7,4,2,7,48,58,57,23,79,73,68,41,4,3,2,7,52,77,65,26,83,82,79,44,4,3,1,5,32,36,40,15,54,48,44,28,3,2,1.75,7.12,49.5,60.25,62.38,25.0,85.25,79.12,73.5,46.88,5.38,3.0
Asphalt_0cm_S11,2026-04-25T10:01:01.591863,1,4,28,32,37,15,52,49,46,30,4,2,1,5,37,43,45,20,59,53,49,34,4,2,2,7,48,55,61,24,82,75,68,44,6,2,3,14,99,108,121,47,174,160,143,94,11,6,2,8,52,73,73,30,99,93,91,60,7,4,2,7,48,58,57,23,79,73,68,41,4,3,2,7,52,77,65,26,83,82,79,44,4,3,1,5,32,36,40,15,54,48,44,28,3,2,1.75,7.12,49.5,60.25,62.38,25.0,85.25,79.12,73.5,46.88,5.38,3.0
Asphalt_0cm_S11,2026-04-25T10:01:01.699981,2,7,49,58,66,25,92,84,82,58,7,3,1,5,37,43,45,20,59,53,49,34,4,2,2,7,56,64,69,26,95,88,78,48,6,3,3,11,88,92,103,40,158,145,127,82,10,5,2,8,54,68,69,27,94,88,87,55,6,4,2,7,46,55,54,21,75,69,64,39,4,3,1,5,42,54,50,19,67,64,57,34,4,2,1,5,38,43,48,18,65,58,51,33,4,2,1.75,6.88,51.25,59.62,63.0,24.5,88.12,81.12,74.38,47.88,5.62,3.0
Asphalt_0cm_S11,2026-04-25T10:01:01.781048,2,7,50,59,65,25,93,85,85,60,7,3,2,6,49,62,58,23,78,70,66,42,5,3,2,7,55,62,68,25,93,86,76,47,6,3,2,11,82,88,98,38,148,136,121,78,9,5,2,8,53,66,67,27,92,86,85,53,6,4,2,7,46,55,54,21,75,69,64,39,4,3,1,5,42,54,50,19,67,64,57,34,4,2,1,5,38,43,48,18,65,58,51,33,4,2,1.75,7.0,51.88,61.12,63.5,24.5,88.88,81.75,75.62,48.25,5.62,3.12
Asphalt_0cm_S11,2026-04-25T10:01:01.862972,2,7,50,59,65,25,93,85,85,60,7,3,2,6,49,62,58,23,78,70,66,42,5,3,2,7,55,62,68,25,93,86,76,47,6,3,2,11,82,88,98,38,148,136,121,78,9,5,2,8,53,66,67,27,92,86,85,53,6,4,2,7,46,55,54,21,75,69,64,39,4,3,1,5,42,54,50,19,67,64,57,34,4,2,1,5,38,43,48,18,65,58,51,33,4,2,1.75,7.0,51.88,61.12,63.5,24.5,88.88,81.75,75.62,48.25,5.62,3.12
Asphalt_0cm_S11,2026-04-25T10:01:01.952701,2,8,61,73,79,31,114,105,105,74,9,4,1,6,48,58,56,21,75,68,61,40,5,3,2,7,55,62,68,26,94,86,77,48,6,3,2,11,82,88,98,38,148,136,121,78,9,5,2,8,53,66,67,27,92,86,85,53,6,4,2,7,45,55,54,21,74,68,65,40,4,3,2,5,40,60,53,18,67,64,58,37,4,2,1,5,38,43,47,18,65,57,51,33,4,2,1.75,7.12,52.75,63.12,65.25,25.0,91.12,83.75,77.88,50.38,5.88,3.25
Asphalt_0cm_S11,2026-04-25T10:01:02.040091,2,7,61,73,79,31,113,106,105,75,9,4,1,6,48,58,56,21,75,68,61,40,5,3,2,7,55,62,68,26,94,86,77,48,6,3,3,11,80,86,96,38,145,134,120,78,9,5,2,8,53,66,67,27,91,85,85,53,6,4,2,7,46,56,55,21,74,69,65,40,4,3,2,5,39,60,53,18,67,64,58,37,4,2,1,5,38,43,47,18,65,58,51,33,4,2,1.88,7.0,52.5,63.0,65.12,25.0,90.5,83.75,77.75,50.5,5.88,3.25
Asphalt_0cm_S11,2026-04-25T10:01:02.124935,2,7,61,73,79,31,113,106,105,75,9,4,2,6,48,58,56,21,75,68,61,40,5,3,2,7,55,61,68,26,94,87,77,48,6,3,2,11,80,86,97,38,145,134,119,77,9,5,2,8,53,66,67,27,91,85,85,53,6,4,2,7,46,56,55,21,74,69,65,40,4,3,2,5,39,60,53,18,67,64,58,37,4,2,1,5,38,43,47,18,65,58,51,33,4,2,1.88,7.0,52.5,62.88,65.25,25.0,90.5,83.88,77.62,50.38,5.88,3.25
Asphalt_0cm_S11,2026-04-25T10:01:02.207480,2,7,61,73,79,31,113,106,105,75,9,4,2,6,48,58,56,21,75,68,61,40,5,3,2,7,55,61,68,26,94,87,77,48,6,3,2,11,80,86,97,38,145,134,119,77,9,5,2,8,53,66,67,27,91,85,85,53,6,4,2,7,46,56,55,21,74,69,65,40,4,3,2,5,39,60,53,18,67,64,58,37,4,2,1,5,38,43,47,18,65,58,51,33,4,2,1.88,7.0,52.5,62.88,65.25,25.0,90.5,83.88,77.62,50.38,5.88,3.25
Asphalt_0cm_S11,2026-04-25T10:01:02.287418,2,8,61,73,79,31,113,105,105,74,9,4,1,6,48,58,56,21,75,68,61,40,5,3,2,7,55,62,69,26,93,86,77,48,6,3,2,11,80,86,97,38,145,134,120,77,9,5,2,8,53,66,67,27,91,86,85,53,6,4,2,7,46,56,55,21,74,69,65,40,4,3,2,4,39,60,53,18,67,64,58,36,4,2,1,5,38,43,47,18,65,57,51,33,4,2,1.75,7.0,52.5,63.0,65.38,25.0,90.38,83.62,77.75,50.12,5.88,3.25
Asphalt_0cm_S11,2026-04-25T10:01:02.382703,2,8,61,73,79,31,113,105,105,74,9,4,1,6,48,58,56,21,75,68,61,40,5,3,2,7,55,62,69,26,93,86,77,48,6,3,2,11,80,86,97,38,145,134,120,77,9,5,2,8,53,66,67,27,91,86,85,53,6,4,2,7,46,56,55,21,74,69,65,40,4,3,2,5,39,60,53,18,67,64,58,37,4,2,1,5,38,43,47,18,65,58,51,33,4,2,1.75,7.12,52.5,63.0,65.38,25.0,90.38,83.75,77.75,50.25,5.88,3.25
Asphalt_0cm_S11,2026-04-25T10:01:02.462957,2,8,61,73,79,31,113,105,105,74,9,4,1,6,48,58,56,21,75,68,61,40,5,3,2,7,55,62,69,26,93,86,77,48,6,3,2,11,80,86,97,38,145,134,120,77,9,5,2,8,53,66,67,27,91,86,85,53,6,4,2,7,46,56,55,21,74,69,65,40,4,3,2,5,39,60,53,18,67,64,58,37,4,2,1,5,38,43,47,18,65,58,51,33,4,2,1.75,7.12,52.5,63.0,65.38,25.0,90.38,83.75,77.75,50.25,5.88,3.25
Asphalt_0cm_S11,2026-04-25T10:01:02.542705,2,8,61,73,79,31,113,105,105,74,9,4,1,6,48,58,56,21,75,68,61,40,5,3,2,7,55,62,69,26,93,86,77,48,6,3,2,11,80,86,96,38,145,134,120,77,9,5,2,8,53,66,67,27,91,86,85,53,6,4,2,7,46,56,55,21,74,69,65,40,4,3,2,5,40,60,53,18,67,64,58,37,4,2,1,5,38,43,47,18,65,58,51,33,4,2,1.75,7.12,52.62,63.0,65.25,25.0,90.38,83.75,77.75,50.25,5.88,3.25
Asphalt_0cm_S11,2026-04-25T10:01:02.636450,2,8,61,73,79,31,113,105,105,74,9,4,1,6,48,58,56,21,75,68,61,40,5,3,2,7,55,62,69,26,93,86,77,48,6,3,2,11,80,86,96,38,145,134,120,77,9,5,2,8,53,66,67,27,91,86,85,53,6,4,2,7,46,56,55,21,74,69,65,40,4,3,2,5,40,60,53,18,67,64,58,37,4,2,1,5,38,43,47,18,65,58,51,33,4,2,1.75,7.12,52.62,63.0,65.25,25.0,90.38,83.75,77.75,50.25,5.88,3.25
Asphalt_0cm_S11,2026-04-25T10:01:02.715313,2,8,61,73,79,31,114,105,106,74,9,4,2,6,48,58,56,21,75,68,61,40,5,2,2,7,55,62,68,26,94,86,77,48,6,3,3,11,80,86,96,38,145,134,120,77,9,5,2,8,53,66,67,27,91,86,85,54,6,4,2,7,46,56,55,21,74,69,65,40,4,3,2,5,39,60,53,18,67,65,58,37,4,2,1,5,38,43,47,18,65,57,51,33,4,2,2.0,7.12,52.5,63.0,65.12,25.0,90.62,83.75,77.88,50.38,5.88,3.12
Asphalt_0cm_S11,2026-04-25T10:01:02.799762,2,8,61,73,79,31,114,106,106,74,9,4,1,6,48,58,56,21,75,68,61,40,5,3,2,7,55,62,68,26,94,86,77,48,6,3,3,11,80,86,96,38,145,134,120,77,9,5,2,8,53,66,67,27,91,86,85,54,6,4,2,7,46,56,55,21,74,69,65,40,4,3,2,5,39,60,53,18,67,65,58,37,4,2,1,5,38,43,47,18,65,57,51,33,4,2,1.88,7.12,52.5,63.0,65.12,25.0,90.62,83.88,77.88,50.38,5.88,3.25
Asphalt_0cm_S11,2026-04-25T10:01:02.890158,2,8,61,73,79,31,114,106,105,75,9,4,1,6,48,58,56,21,75,68,61,40,5,3,2,7,55,62,69,26,94,87,76,48,6,3,2,11,80,86,96,38,145,134,120,78,9,5,2,8,53,66,67,27,91,86,85,54,6,4,2,7,46,56,55,21,74,69,65,40,4,3,2,5,39,60,53,18,67,64,58,37,4,2,1,5,38,43,47,18,65,57,51,33,4,2,1.75,7.12,52.5,63.0,65.25,25.0,90.62,83.88,77.62,50.62,5.88,3.25
Asphalt_0cm_S11,2026-04-25T10:01:02.972130,2,8,61,73,79,31,114,106,105,75,9,4,2,6,48,58,56,21,74,68,61,40,5,3,2,7,55,62,68,26,94,86,77,48,6,3,2,11,80,86,97,38,145,134,120,78,9,5,2,8,53,66,67,27,91,86,85,53,6,4,2,7,46,56,55,21,74,69,65,40,4,3,2,5,39,60,53,18,67,64,58,37,4,2,1,5,38,43,47,18,65,57,51,33,4,2,1.88,7.12,52.5,63.0,65.25,25.0,90.5,83.75,77.75,50.5,5.88,3.25
Asphalt_0cm_S11,2026-04-25T10:01:03.065966,2,8,61,73,79,31,114,106,105,75,9,4,2,6,48,58,56,21,74,68,61,40,5,3,2,7,55,62,68,26,94,86,77,48,6,3,2,11,80,86,97,38,145,134,120,78,9,5,2,8,53,66,67,27,91,86,85,53,6,4,2,7,46,56,55,21,74,69,65,40,4,3,2,5,39,60,53,18,67,64,58,37,4,2,1,5,38,43,47,18,65,57,51,33,4,2,1.88,7.12,52.5,63.0,65.25,25.0,90.5,83.75,77.75,50.5,5.88,3.25
Asphalt_0cm_S11,2026-04-25T10:01:03.147156,2,8,61,73,79,31,114,106,105,75,9,4,2,6,48,58,56,21,74,68,61,40,5,3,2,7,55,62,68,26,94,86,77,48,6,3,2,11,80,86,97,38,145,134,120,77,9,5,2,8,53,66,67,27,91,85,85,53,6,4,2,7,46,56,55,21,74,69,65,40,4,3,2,5,39,60,53,18,67,64,58,36,4,2,1,5,38,43,47,18,65,57,51,33,4,2,1.88,7.12,52.5,63.0,65.25,25.0,90.5,83.62,77.75,50.25,5.88,3.25
Asphalt_0cm_S11,2026-04-25T10:01:03.232173,2,8,61,73,79,31,114,106,105,75,9,4,2,6,48,58,56,21,74,68,61,40,5,3,2,7,55,62,68,26,94,86,77,48,6,3,2,11,80,86,97,38,145,134,120,77,9,5,2,8,53,66,67,27,91,85,85,53,6,4,2,7,46,56,55,21,74,69,65,40,4,3,2,5,39,60,53,18,67,64,58,36,4,2,1,5,38,43,47,18,65,57,51,33,4,2,1.88,7.12,52.5,63.0,65.25,25.0,90.5,83.62,77.75,50.25,5.88,3.25
Asphalt_0cm_S11,2026-04-25T10:01:03.318670,2,8,61,73,79,31,113,106,105,74,9,4,2,6,48,58,56,21,75,68,61,40,5,2,2,7,55,63,68,26,94,87,77,48,6,3,2,11,80,86,97,38,145,134,120,78,9,5,2,8,53,66,67,27,91,86,85,53,6,4,2,7,46,56,55,21,74,69,65,40,4,3,1,5,39,60,53,18,67,64,58,37,4,2,1,5,38,43,47,18,65,58,51,33,4,2,1.75,7.12,52.5,63.12,65.25,25.0,90.5,84.0,77.75,50.38,5.88,3.12
Asphalt_0cm_S11,2026-04-25T10:01:03.401550,2,8,61,73,79,31,113,106,105,74,9,4,2,6,48,58,56,21,75,68,61,40,5,2,2,7,55,63,68,26,94,87,77,48,6,3,2,11,80,86,97,38,145,134,120,78,9,5,2,8,53,66,67,27,91,86,85,53,6,4,2,7,46,56,55,21,74,69,65,40,4,3,1,5,39,60,53,18,67,64,58,37,4,2,1,5,38,43,47,18,65,58,51,33,4,2,1.75,7.12,52.5,63.12,65.25,25.0,90.5,84.0,77.75,50.38,5.88,3.12
Asphalt_0cm_S11,2026-04-25T10:01:03.483263,2,8,61,73,79,31,113,106,105,74,9,4,2,6,48,58,56,21,75,68,61,40,5,2,2,7,55,63,68,26,94,87,77,48,6,3,2,11,80,86,97,38,145,134,120,78,9,5,2,8,53,66,67,27,91,86,85,53,6,4,2,7,46,56,55,21,74,69,65,40,4,3,1,5,39,60,53,18,67,64,58,37,4,2,1,5,38,43,47,18,65,58,51,33,4,2,1.75,7.12,52.5,63.12,65.25,25.0,90.5,84.0,77.75,50.38,5.88,3.12
Asphalt_0cm_S11,2026-04-25T10:01:03.573160,2,8,61,73,79,31,114,106,106,75,9,4,2,6,47,58,56,21,75,68,61,40,5,3,2,7,55,62,68,26,94,86,76,48,6,3,3,11,80,86,96,38,145,134,120,77,9,5,2,8,53,66,67,27,91,86,85,53,6,4,2,7,46,56,55,21,74,69,65,40,4,3,2,5,39,60,53,18,67,64,58,36,4,2,1,5,38,43,47,18,65,58,51,33,4,2,2.0,7.12,52.38,63.0,65.12,25.0,90.62,83.88,77.75,50.25,5.88,3.25
Asphalt_0cm_S11,2026-04-25T10:01:03.660731,2,8,61,73,79,31,114,106,106,75,9,4,2,6,47,58,56,21,75,68,61,40,5,3,2,7,55,62,69,26,94,86,77,48,6,3,2,11,80,86,96,38,145,134,120,77,9,5,2,8,53,66,67,27,91,86,85,53,6,4,2,7,46,56,55,21,74,69,65,40,4,3,2,5,39,60,53,18,67,64,58,36,4,2,1,5,38,43,47,18,65,58,51,33,4,2,1.88,7.12,52.38,63.0,65.25,25.0,90.62,83.88,77.88,50.25,5.88,3.25
Asphalt_0cm_S11,2026-04-25T10:01:03.787831,2,8,61,73,79,31,114,105,105,74,9,4,2,6,48,58,56,21,75,68,61,40,5,3,2,7,55,63,68,26,94,86,77,48,6,3,2,11,80,86,96,38,145,134,120,77,9,5,2,8,53,66,67,27,91,86,85,53,6,4,2,7,46,56,55,21,74,69,65,40,4,3,2,5,39,60,53,18,67,64,58,37,4,2,1,5,38,43,47,18,65,58,51,33,4,2,1.88,7.12,52.5,63.12,65.12,25.0,90.62,83.75,77.75,50.25,5.88,3.25
Asphalt_0cm_S11,2026-04-25T10:01:03.899389,2,8,61,73,79,31,113,105,105,74,9,4,2,6,48,58,56,21,75,68,61,40,5,3,2,7,55,63,68,26,94,86,77,48,6,3,2,11,80,86,96,38,145,134,120,77,9,5,2,8,53,66,67,27,91,86,85,53,6,4,2,7,45,56,55,21,74,69,65,40,4,3,2,5,39,60,53,18,67,64,58,37,4,2,1,5,38,43,47,18,65,58,51,33,4,2,1.88,7.12,52.38,63.12,65.12,25.0,90.5,83.75,77.75,50.25,5.88,3.25
Asphalt_0cm_S11,2026-04-25T10:01:03.998579,2,8,61,73,79,31,113,105,105,74,9,4,2,6,48,58,56,21,75,68,61,40,5,3,2,7,55,63,68,26,94,87,77,48,6,3,2,11,80,86,96,38,145,134,120,77,9,5,2,8,53,66,67,27,91,85,85,53,6,4,2,7,46,56,55,21,74,69,65,40,4,3,2,5,39,60,53,18,67,64,58,37,4,2,1,5,38,43,47,18,65,58,51,33,4,2,1.88,7.12,52.5,63.12,65.12,25.0,90.5,83.75,77.75,50.25,5.88,3.25
Asphalt_0cm_S11,2026-04-25T10:01:04.083384,2,8,61,73,79,31,113,105,105,75,9,4,1,6,48,58,56,21,75,68,61,40,5,3,2,7,55,62,68,26,94,86,76,48,6,3,2,11,80,86,96,38,145,134,120,77,9,5,2,8,53,66,67,27,91,85,85,53,6,4,2,7,46,56,55,21,74,69,65,40,4,3,2,5,39,60,53,18,67,64,58,37,4,2,1,5,38,43,47,18,65,58,51,33,4,2,1.75,7.12,52.5,63.0,65.12,25.0,90.5,83.62,77.62,50.38,5.88,3.25
Asphalt_0cm_S11,2026-04-25T10:01:04.178267,2,8,61,73,79,31,113,105,105,75,9,4,1,6,48,58,56,21,75,68,61,40,5,3,2,7,55,62,68,26,94,86,76,48,6,3,2,11,80,86,96,38,145,134,120,77,9,5,2,8,53,66,67,27,91,86,85,53,6,4,2,7,46,56,55,21,74,69,65,40,4,3,2,5,39,60,53,18,67,64,58,37,4,2,1,5,38,43,47,18,65,58,51,33,4,2,1.75,7.12,52.5,63.0,65.12,25.0,90.5,83.75,77.62,50.38,5.88,3.25
Asphalt_0cm_S11,2026-04-25T10:01:04.262037,2,8,61,73,80,31,114,105,105,74,9,4,2,6,48,58,56,21,75,68,61,40,5,3,2,7,55,62,68,26,94,86,77,48,6,3,2,11,80,86,97,38,145,134,120,78,9,5,2,8,53,66,67,27,91,85,85,53,6,4,2,7,46,56,55,21,74,69,65,40,4,3,2,5,39,60,53,18,67,64,58,37,4,2,1,5,38,43,47,18,65,58,51,33,4,2,1.88,7.12,52.5,63.0,65.38,25.0,90.62,83.62,77.75,50.38,5.88,3.25
Asphalt_0cm_S11,2026-04-25T10:01:04.346793,2,8,61,73,80,31,114,105,105,74,9,4,2,6,48,58,56,21,75,68,61,40,5,3,2,7,55,62,68,26,94,86,77,48,6,3,2,11,80,86,97,38,145,134,120,78,9,5,2,8,53,66,67,27,91,85,85,53,6,4,2,7,46,56,55,21,74,69,65,40,4,3,2,5,39,59,53,19,67,64,58,37,4,2,1,5,38,43,47,18,65,58,51,33,4,2,1.88,7.12,52.5,62.88,65.38,25.12,90.62,83.62,77.75,50.38,5.88,3.25
Asphalt_0cm_S11,2026-04-25T10:01:04.448693,2,8,61,73,79,31,114,105,105,75,9,4,2,6,48,58,56,21,75,68,61,40,5,3,2,7,55,62,68,26,94,86,77,48,6,3,2,11,80,86,96,38,145,134,119,78,9,5,2,8,53,66,67,27,91,86,85,53,6,4,2,7,46,56,55,21,74,69,65,40,4,3,2,5,39,59,53,19,67,64,58,37,4,2,1,5,38,43,47,18,65,58,51,33,4,2,1.88,7.12,52.5,62.88,65.12,25.12,90.62,83.75,77.62,50.5,5.88,3.25
Asphalt_0cm_S11,2026-04-25T10:01:04.531282,2,8,61,73,79,31,113,105,105,74,9,4,2,6,48,58,56,21,75,68,61,40,5,3,2,7,55,62,68,26,94,86,77,48,6,3,2,11,80,86,96,38,145,134,119,78,9,5,2,8,53,66,67,27,91,86,85,53,6,4,2,7,46,56,55,21,74,69,65,40,4,3,2,5,39,60,53,18,67,64,58,37,4,2,1,5,38,43,47,18,65,58,51,33,4,2,1.88,7.12,52.5,63.0,65.12,25.0,90.5,83.75,77.62,50.38,5.88,3.25
Asphalt_0cm_S11,2026-04-25T10:01:04.672151,2,8,61,73,79,31,113,105,105,74,9,4,2,6,48,58,56,21,75,68,61,40,5,2,2,7,55,63,69,26,94,86,77,48,6,3,2,11,80,86,96,38,145,134,120,78,9,5,2,8,53,66,67,27,91,86,85,53,6,4,2,7,46,56,55,21,74,69,65,40,4,3,2,5,39,60,53,18,67,64,58,37,4,2,1,5,38,43,47,18,65,57,51,33,4,2,1.88,7.12,52.5,63.12,65.25,25.0,90.5,83.62,77.75,50.38,5.88,3.12
Asphalt_0cm_S11,2026-04-25T10:01:04.765855,2,8,61,73,79,31,113,105,105,75,9,4,2,6,48,58,56,21,75,68,61,40,5,2,2,7,55,62,68,26,93,86,77,48,6,3,2,11,80,86,97,38,145,134,120,77,9,5,2,8,53,66,67,27,91,86,85,53,6,4,2,7,46,56,55,21,74,69,65,40,4,3,2,5,39,60,53,18,67,64,58,37,4,2,1,5,38,43,47,18,65,57,51,33,4,2,1.88,7.12,52.5,63.0,65.25,25.0,90.38,83.62,77.75,50.38,5.88,3.12
Asphalt_0cm_S11,2026-04-25T10:01:04.849573,2,8,61,73,79,31,113,106,105,75,9,4,2,6,48,58,56,21,75,68,61,40,5,2,2,7,55,62,68,26,93,86,77,48,6,3,2,11,80,86,97,38,145,134,120,77,9,5,2,8,53,66,67,27,91,86,85,53,6,4,2,7,46,56,55,21,74,69,65,40,4,3,1,5,39,60,53,18,67,65,58,37,4,2,1,5,38,43,47,18,65,58,51,33,4,2,1.75,7.12,52.5,63.0,65.25,25.0,90.38,84.0,77.75,50.38,5.88,3.12
Asphalt_0cm_S11,2026-04-25T10:01:04.938778,2,8,61,73,79,31,113,106,105,75,9,4,1,6,48,58,56,21,75,68,61,40,5,3,2,7,55,62,68,26,93,86,77,48,6,3,2,11,80,86,96,38,145,134,120,78,9,5,2,8,53,66,67,27,91,85,85,53,6,4,2,7,46,56,55,21,74,69,65,40,4,3,1,5,39,60,53,18,67,65,58,37,4,2,1,5,38,43,47,18,65,58,51,33,4,2,1.62,7.12,52.5,63.0,65.12,25.0,90.38,83.88,77.75,50.5,5.88,3.25
Asphalt_0cm_S11,2026-04-25T10:01:05.021712,2,8,61,73,79,31,113,106,105,74,9,4,1,6,48,58,56,21,75,68,61,40,5,3,2,7,55,62,68,26,93,86,77,48,6,3,2,11,80,86,96,38,145,134,120,78,9,5,2,8,53,66,67,27,91,85,85,53,6,4,2,7,46,56,55,21,74,69,65,40,4,3,2,5,39,60,53,18,67,64,58,37,4,2,1,5,38,43,47,18,65,58,51,33,4,2,1.75,7.12,52.5,63.0,65.12,25.0,90.38,83.75,77.75,50.38,5.88,3.25
Asphalt_0cm_S11,2026-04-25T10:01:05.105277,2,8,61,73,79,31,113,106,105,74,9,4,1,6,47,58,56,21,75,68,61,40,5,2,2,7,55,62,68,26,94,86,77,48,6,3,2,11,80,86,96,38,145,134,120,77,9,5,2,8,53,66,67,27,91,86,85,53,6,4,2,7,46,56,54,21,74,69,65,40,4,3,2,5,39,60,53,18,67,64,58,37,4,2,1,5,38,43,47,18,65,58,51,33,4,2,1.75,7.12,52.38,63.0,65.0,25.0,90.5,83.88,77.75,50.25,5.88,3.12
Asphalt_0cm_S11,2026-04-25T10:01:05.191550,2,8,61,73,79,31,114,106,105,74,9,4,2,6,48,58,56,21,75,68,61,40,5,3,2,7,55,62,68,26,94,86,77,48,6,3,2,11,80,86,96,38,145,134,120,77,9,5,2,8,53,66,67,27,91,86,85,53,6,4,2,7,46,56,54,21,74,69,65,40,4,3,2,5,39,60,53,18,67,64,58,37,4,2,1,5,38,43,47,18,65,58,51,33,4,2,1.88,7.12,52.5,63.0,65.0,25.0,90.62,83.88,77.75,50.25,5.88,3.25
Asphalt_0cm_S11,2026-04-25T10:01:05.275645,2,8,61,73,79,31,114,106,105,74,9,4,2,6,48,58,56,21,75,68,61,40,5,3,2,7,55,62,68,26,94,86,77,48,6,3,2,11,80,86,96,38,145,134,120,78,9,5,2,8,53,66,67,27,91,86,85,53,6,4,2,7,46,56,55,21,74,69,65,40,4,3,2,5,39,60,53,18,67,64,58,37,4,2,1,5,38,43,47,18,65,58,51,33,4,2,1.88,7.12,52.5,63.0,65.12,25.0,90.62,83.88,77.75,50.38,5.88,3.25
Asphalt_0cm_S11,2026-04-25T10:01:05.358403,2,8,61,73,79,31,113,106,105,75,9,4,1,6,48,58,56,21,75,68,61,40,5,2,2,7,55,62,68,26,94,86,77,48,6,3,2,11,80,86,96,38,145,134,120,78,9,5,2,8,53,66,67,27,91,86,85,53,6,4,2,7,46,56,55,21,74,69,65,40,4,3,2,5,39,60,53,18,67,65,58,37,4,2,1,5,38,43,47,18,65,58,51,33,4,2,1.75,7.12,52.5,63.0,65.12,25.0,90.5,84.0,77.75,50.5,5.88,3.12
Asphalt_0cm_S11,2026-04-25T10:01:05.448360,2,8,61,73,79,31,113,106,105,75,9,4,1,6,48,58,56,21,75,68,61,40,5,2,2,7,55,62,68,26,93,86,77,48,6,3,2,11,80,86,96,38,145,134,120,78,9,5,2,8,53,66,67,27,91,85,85,54,6,4,2,7,46,56,55,22,74,69,65,40,4,3,2,5,39,60,53,18,67,64,58,36,4,2,1,5,38,43,47,18,65,58,51,33,4,2,1.75,7.12,52.5,63.0,65.12,25.12,90.38,83.75,77.75,50.5,5.88,3.12
Asphalt_0cm_S11,2026-04-25T10:01:05.533450,2,8,61,73,79,31,114,106,105,75,9,4,2,6,48,58,56,21,75,68,61,40,5,3,2,7,55,62,68,26,93,86,77,48,6,3,2,11,80,86,96,38,145,134,120,78,9,5,2,8,53,66,67,27,91,85,85,54,6,4,2,7,46,56,55,22,74,69,65,40,4,3,2,5,39,60,53,18,67,64,58,36,4,2,1,5,38,43,47,18,65,57,51,33,4,2,1.88,7.12,52.5,63.0,65.12,25.12,90.5,83.62,77.75,50.5,5.88,3.25
Asphalt_0cm_S11,2026-04-25T10:01:05.640186,2,8,61,73,79,31,114,106,105,75,9,4,2,6,48,58,56,21,75,68,61,40,5,3,2,7,55,62,68,26,94,86,77,48,6,3,2,11,80,86,96,38,145,134,119,78,9,5,2,8,53,66,67,27,91,85,85,53,6,4,2,7,46,56,54,21,74,69,65,40,4,3,2,5,39,60,53,18,67,64,58,37,4,2,1,5,38,43,47,18,65,57,51,33,4,2,1.88,7.12,52.5,63.0,65.0,25.0,90.62,83.62,77.62,50.5,5.88,3.25
Asphalt_0cm_S11,2026-04-25T10:01:05.724403,2,8,61,73,79,31,114,106,105,74,9,4,1,6,48,58,56,21,75,68,61,40,5,3,2,7,55,62,68,26,94,86,76,48,6,3,2,11,80,86,96,38,145,134,119,78,9,5,2,8,53,66,67,27,91,85,85,53,6,4,2,7,46,56,54,21,74,69,65,40,4,3,2,5,39,60,53,18,67,64,58,37,4,2,1,5,38,43,47,18,65,57,51,33,4,2,1.75,7.12,52.5,63.0,65.0,25.0,90.62,83.62,77.5,50.38,5.88,3.25
Asphalt_0cm_S11,2026-04-25T10:01:05.831023,2,8,61,73,79,31,114,106,105,74,9,4,1,6,48,58,56,21,75,68,61,40,5,3,2,7,55,62,68,26,94,86,76,48,6,3,2,11,80,86,96,38,145,134,120,77,9,5,2,8,53,66,67,27,91,86,85,53,6,4,2,7,46,56,54,21,74,69,65,40,4,3,2,5,39,60,53,18,67,64,58,37,4,2,1,5,38,43,47,18,65,58,51,33,4,2,1.75,7.12,52.5,63.0,65.0,25.0,90.62,83.88,77.62,50.25,5.88,3.25
Asphalt_0cm_S11,2026-04-25T10:01:05.913093,2,8,61,73,79,31,113,105,106,74,9,4,2,6,48,58,56,21,75,68,61,40,5,2,2,7,55,62,68,26,94,86,76,48,6,3,2,11,80,86,96,38,145,134,120,77,9,5,2,8,53,66,67,27,91,86,85,53,6,4,2,7,46,56,54,21,74,69,65,40,4,3,2,5,39,60,53,18,67,64,58,37,4,2,1,5,38,43,47,18,65,58,51,33,4,2,1.88,7.12,52.5,63.0,65.0,25.0,90.5,83.75,77.75,50.25,5.88,3.12
Asphalt_0cm_S11,2026-04-25T10:01:06.001511,2,8,61,73,79,31,113,105,106,74,9,4,2,6,48,58,56,21,75,68,61,40,5,2,2,7,55,62,68,26,94,86,76,48,6,3,2,11,80,86,96,38,145,134,120,77,9,5,2,8,53,66,67,27,91,86,85,53,6,4,2,7,46,56,55,21,74,69,65,40,4,3,1,5,39,60,53,18,67,64,58,37,4,2,1,5,38,43,47,18,65,58,51,33,4,2,1.75,7.12,52.5,63.0,65.12,25.0,90.5,83.75,77.75,50.25,5.88,3.12
Asphalt_0cm_S11,2026-04-25T10:01:06.083487,2,8,61,73,79,31,113,105,105,74,9,4,2,6,48,58,56,21,75,68,61,40,5,3,2,7,55,62,69,26,93,86,77,48,6,3,2,11,80,86,97,38,145,134,120,78,9,5,2,8,53,66,67,27,91,86,85,53,6,4,2,7,46,56,55,21,74,69,65,40,4,3,1,5,39,60,53,18,67,64,58,37,4,2,1,5,38,43,47,18,65,58,51,33,4,2,1.75,7.12,52.5,63.0,65.38,25.0,90.38,83.75,77.75,50.38,5.88,3.25
Asphalt_0cm_S11,2026-04-25T10:01:06.169765,2,8,61,73,79,31,113,105,105,74,9,4,2,6,48,58,56,21,75,68,61,40,5,3,2,7,55,62,69,26,93,86,77,48,6,3,2,11,80,86,97,38,145,134,120,78,9,5,2,8,53,66,67,27,91,86,85,53,6,4,2,7,45,56,55,21,74,69,65,40,4,3,2,5,39,60,53,18,67,64,58,36,4,2,1,5,38,43,47,18,65,57,51,33,4,2,1.88,7.12,52.38,63.0,65.38,25.0,90.38,83.62,77.75,50.25,5.88,3.25
Asphalt_0cm_S11,2026-04-25T10:01:06.259478,2,8,61,73,79,31,113,105,105,74,9,4,1,6,48,58,56,21,75,68,61,40,5,3,2,7,56,62,68,26,94,86,77,48,6,3,2,11,80,86,97,38,145,134,120,78,9,5,2,8,53,66,67,27,91,86,85,53,6,4,2,7,45,56,55,21,74,69,65,40,4,3,2,5,39,60,53,18,67,64,58,36,4,2,1,5,38,43,47,18,65,57,51,33,4,2,1.75,7.12,52.5,63.0,65.25,25.0,90.5,83.62,77.75,50.25,5.88,3.25
Asphalt_0cm_S11,2026-04-25T10:01:06.343786,2,8,61,73,79,31,113,105,105,74,9,4,1,6,48,58,56,21,75,68,61,40,5,3,2,7,56,62,68,26,94,86,77,48,6,3,2,11,80,86,97,38,145,134,120,78,9,5,2,8,53,66,67,27,91,86,85,53,6,4,2,7,46,56,55,21,74,69,65,40,4,3,1,5,39,60,53,18,67,64,58,37,4,2,1,5,38,43,47,18,65,57,51,33,4,2,1.62,7.12,52.62,63.0,65.25,25.0,90.5,83.62,77.75,50.38,5.88,3.25
Asphalt_0cm_S11,2026-04-25T10:01:06.449137,2,8,61,73,79,31,114,105,105,74,9,4,2,6,48,58,56,21,75,68,61,40,5,3,2,7,55,63,68,26,94,86,76,48,6,3,2,11,80,86,96,38,145,134,119,78,9,5,2,8,53,66,67,27,91,86,85,53,6,4,2,7,46,56,55,21,74,69,65,40,4,3,2,5,39,60,53,18,67,64,58,37,4,2,1,5,38,43,47,18,65,57,51,33,4,2,1.88,7.12,52.5,63.12,65.12,25.0,90.62,83.62,77.5,50.38,5.88,3.25
Asphalt_0cm_S11,2026-04-25T10:01:06.532768,2,8,61,73,79,31,114,106,106,74,9,4,1,6,48,58,56,21,75,68,61,40,5,2,2,7,55,63,68,26,94,86,76,48,6,3,2,11,80,86,96,38,145,134,119,78,9,5,2,8,53,66,67,27,91,86,85,53,6,4,2,7,46,56,55,21,74,69,65,40,4,3,2,5,39,60,53,18,67,64,58,37,4,2,1,5,38,43,47,17,65,58,51,33,4,2,1.75,7.12,52.5,63.12,65.12,24.88,90.62,83.88,77.62,50.38,5.88,3.12
Asphalt_0cm_S11,2026-04-25T10:01:06.635430,2,8,61,73,79,31,114,106,106,74,9,4,1,6,48,58,56,21,75,68,61,40,5,2,2,7,55,62,68,26,93,86,77,48,6,3,3,11,80,86,96,38,145,134,120,78,9,5,2,8,53,66,67,27,91,86,85,53,6,4,2,7,46,56,54,21,74,69,65,40,4,3,2,5,39,60,53,18,67,65,58,37,4,2,1,5,38,43,47,18,65,58,51,33,4,2,1.88,7.12,52.5,63.0,65.0,25.0,90.5,84.0,77.88,50.38,5.88,3.12
Asphalt_0cm_S11,2026-04-25T10:01:06.720129,2,8,61,73,79,31,113,105,105,74,9,4,2,6,48,58,56,21,75,68,61,40,5,2,2,7,55,62,68,26,94,86,76,48,6,3,3,11,80,86,96,38,145,134,120,78,9,5,2,8,53,66,67,27,91,86,85,53,6,4,2,7,46,56,54,21,74,69,65,40,4,3,2,5,39,60,53,18,67,65,58,37,4,2,1,5,38,43,47,18,65,58,51,33,4,2,2.0,7.12,52.5,63.0,65.0,25.0,90.5,83.88,77.62,50.38,5.88,3.12
Asphalt_0cm_S11,2026-04-25T10:01:06.836468,2,8,61,73,79,31,113,105,105,74,9,4,2,6,48,58,56,21,75,68,61,40,5,2,2,7,55,62,68,26,94,86,76,48,6,3,2,11,80,86,96,38,145,134,120,77,9,5,2,8,53,66,67,27,91,86,85,53,6,4,2,7,46,56,55,21,74,69,65,40,4,3,2,5,39,60,53,18,67,64,58,36,4,2,1,5,38,43,47,18,65,58,51,33,4,2,1.88,7.12,52.5,63.0,65.12,25.0,90.5,83.75,77.62,50.12,5.88,3.12
Asphalt_0cm_S11,2026-04-25T10:01:06.968568,2,8,61,73,79,31,113,105,105,75,9,4,1,6,48,58,56,21,75,67,61,40,5,2,2,7,55,63,68,26,94,86,77,48,6,3,2,11,80,86,96,38,145,134,119,77,9,5,2,8,53,66,67,27,91,86,85,53,6,4,2,7,46,56,55,21,74,69,65,40,4,3,2,5,39,60,53,18,67,64,58,37,4,2,1,5,38,43,47,18,65,58,51,33,4,2,1.75,7.12,52.5,63.12,65.12,25.0,90.5,83.62,77.62,50.38,5.88,3.12
Asphalt_0cm_S11,2026-04-25T10:01:07.048849,2,8,61,73,79,31,113,105,105,75,9,4,2,6,48,58,56,21,75,68,61,40,5,3,2,7,55,63,69,26,94,86,77,48,6,3,2,11,80,86,96,38,145,134,119,77,9,5,2,8,53,66,67,27,91,86,85,53,6,4,2,7,46,56,55,21,74,69,65,40,4,3,2,5,39,60,53,18,67,64,58,37,4,2,1,5,38,43,47,18,65,58,51,33,4,2,1.88,7.12,52.5,63.12,65.25,25.0,90.5,83.75,77.62,50.38,5.88,3.25
Asphalt_0cm_S11,2026-04-25T10:01:07.130054,2,8,61,73,79,31,113,105,105,75,9,4,2,6,48,58,56,21,75,68,61,40,5,3,2,7,55,63,69,26,94,86,77,48,6,3,2,11,80,86,96,38,145,134,120,78,9,5,2,8,53,66,66,27,91,86,85,53,6,4,2,6,46,56,55,21,74,69,65,40,4,3,2,5,39,60,53,18,67,64,58,37,4,2,1,5,38,43,47,18,65,58,51,33,4,2,1.88,7.0,52.5,63.12,65.12,25.0,90.5,83.75,77.75,50.5,5.88,3.25
Asphalt_0cm_S11,2026-04-25T10:01:07.211540,2,8,61,73,79,31,114,106,105,74,9,4,2,6,48,58,56,21,75,68,61,40,5,3,2,7,55,62,68,26,94,86,76,48,6,3,2,11,80,86,96,38,145,134,120,78,9,5,2,8,53,66,66,27,91,86,85,53,6,4,2,6,46,56,55,21,74,69,65,40,4,3,2,5,39,60,53,18,67,64,58,37,4,2,1,5,38,43,47,18,65,58,51,33,4,2,1.88,7.0,52.5,63.0,65.0,25.0,90.62,83.88,77.62,50.38,5.88,3.25
Asphalt_0cm_S11,2026-04-25T10:01:07.295211,2,8,61,73,79,31,114,106,105,74,9,4,2,6,48,58,56,21,75,68,61,40,5,3,2,7,55,62,68,26,94,86,76,48,6,3,2,11,80,86,96,38,145,134,120,78,9,5,2,8,53,66,67,27,91,85,85,53,6,4,2,7,46,56,55,21,74,69,65,40,4,3,2,4,39,60,53,18,67,64,58,37,4,2,1,5,38,43,47,17,65,58,51,33,4,2,1.88,7.0,52.5,63.0,65.12,24.88,90.62,83.75,77.62,50.38,5.88,3.25
Asphalt_0cm_S11,2026-04-25T10:01:07.385153,2,8,61,72,79,31,113,105,105,74,9,4,1,6,48,58,56,21,75,68,61,40,5,3,2,7,55,62,68,26,93,86,77,48,6,3,2,11,80,86,97,38,145,134,120,77,9,5,2,8,53,66,67,27,91,85,85,53,6,4,2,7,46,56,55,21,74,69,65,40,4,3,2,4,39,60,53,18,67,64,58,37,4,2,1,5,38,43,47,17,65,58,51,33,4,2,1.75,7.0,52.5,62.88,65.25,24.88,90.38,83.62,77.75,50.25,5.88,3.25
Asphalt_0cm_S11,2026-04-25T10:01:07.469957,2,8,61,72,79,31,113,105,105,74,9,4,1,6,48,58,56,21,75,68,61,40,5,3,2,7,55,62,68,26,93,86,77,48,6,3,2,11,80,86,97,38,145,134,120,77,9,5,2,8,53,66,67,27,91,85,85,53,6,4,2,7,46,56,55,21,74,69,65,40,4,3,2,5,39,60,53,18,67,64,58,37,4,2,1,5,38,43,47,18,65,58,51,33,4,2,1.75,7.12,52.5,62.88,65.25,25.0,90.38,83.62,77.75,50.25,5.88,3.25
Asphalt_0cm_S11,2026-04-25T10:01:07.575511,2,8,61,73,79,31,113,105,105,74,9,4,1,6,48,58,56,21,75,68,61,40,5,2,2,7,55,62,68,26,93,86,77,48,6,3,2,11,80,86,96,38,145,134,120,78,9,5,2,8,53,66,67,27,91,85,85,53,6,4,2,7,46,56,55,21,74,69,65,40,4,3,2,5,39,60,53,18,67,64,58,37,4,2,1,5,38,43,47,18,65,58,51,33,4,2,1.75,7.12,52.5,63.0,65.12,25.0,90.38,83.62,77.75,50.38,5.88,3.12
Asphalt_0cm_S11,2026-04-25T10:01:07.661077,2,8,61,73,79,31,113,105,105,74,9,4,1,6,48,58,56,21,75,68,61,40,5,2,2,7,55,62,68,26,93,86,77,48,6,3,2,11,80,86,96,38,145,134,120,78,9,5,2,8,53,66,67,27,91,85,85,53,6,4,2,7,46,56,55,21,74,69,65,40,4,3,2,5,40,60,53,18,67,64,58,37,4,2,1,5,38,43,47,17,65,58,51,33,4,2,1.75,7.12,52.62,63.0,65.12,24.88,90.38,83.62,77.75,50.38,5.88,3.12
Asphalt_0cm_S11,2026-04-25T10:01:07.764219,2,8,61,73,79,31,114,105,105,75,9,4,1,6,48,58,56,21,75,68,61,40,5,2,2,7,55,62,68,26,93,86,76,48,6,3,2,11,80,86,96,38,145,134,120,77,9,5,2,8,53,66,67,27,91,86,85,53,6,4,2,7,46,56,54,21,74,69,65,40,4,3,2,5,39,60,53,18,67,64,58,37,4,2,1,5,38,43,47,17,65,58,51,33,4,2,1.75,7.12,52.5,63.0,65.0,24.88,90.5,83.75,77.62,50.38,5.88,3.12
Asphalt_0cm_S11,2026-04-25T10:01:07.853251,2,8,61,73,79,31,114,105,105,74,9,4,1,6,48,58,56,21,75,68,61,40,5,2,2,7,55,62,68,26,93,86,76,48,6,3,2,11,80,86,96,38,145,134,120,77,9,5,2,8,53,66,67,27,91,86,85,53,6,4,2,7,46,56,54,21,74,69,65,40,4,3,2,5,39,60,53,18,67,64,58,37,4,2,1,5,38,43,47,18,65,57,51,33,4,2,1.75,7.12,52.5,63.0,65.0,25.0,90.5,83.62,77.62,50.25,5.88,3.12
Asphalt_0cm_S11,2026-04-25T10:01:07.938397,2,8,61,73,79,31,114,105,105,74,9,4,1,6,48,58,56,21,75,68,61,40,5,2,2,7,55,62,69,26,94,86,77,48,6,3,2,11,80,86,97,38,145,134,120,78,9,5,2,8,53,66,67,27,91,86,85,53,6,4,2,7,46,56,55,21,74,69,65,40,4,3,2,5,39,60,53,18,67,64,58,37,4,2,1,5,38,43,47,18,65,58,51,33,4,2,1.75,7.12,52.5,63.0,65.38,25.0,90.62,83.75,77.75,50.38,5.88,3.12
Asphalt_0cm_S11,2026-04-25T10:01:08.023100,2,8,61,73,79,31,114,106,105,74,9,4,2,6,48,58,56,21,75,68,61,40,5,3,2,7,55,63,68,26,94,86,77,48,6,3,2,11,80,86,97,38,145,134,120,78,9,5,2,8,53,66,67,27,91,86,85,53,6,4,2,7,46,56,55,21,74,69,65,40,4,3,2,5,39,60,53,18,67,64,58,37,4,2,1,5,38,43,47,18,65,58,51,33,4,2,1.88,7.12,52.5,63.12,65.25,25.0,90.62,83.88,77.75,50.38,5.88,3.25
Asphalt_0cm_S11,2026-04-25T10:01:08.129040,2,8,61,73,79,31,114,106,105,74,9,4,2,6,48,58,56,21,75,68,61,40,5,3,2,7,55,63,68,26,94,86,77,48,6,3,2,11,80,86,96,38,145,134,120,78,9,5,2,8,53,66,67,27,91,86,85,53,6,4,2,7,46,56,55,21,74,69,65,40,4,3,2,5,39,60,53,18,67,64,58,37,4,2,1,5,38,43,47,18,65,57,51,33,4,2,1.88,7.12,52.5,63.12,65.12,25.0,90.62,83.75,77.75,50.38,5.88,3.25
Asphalt_0cm_S11,2026-04-25T10:01:08.210040,2,8,61,73,79,31,114,106,105,75,9,4,1,6,48,58,56,21,75,68,61,40,5,3,2,7,55,62,68,26,94,86,77,48,6,3,2,11,80,86,96,38,145,134,120,78,9,5,2,8,53,66,67,27,91,86,85,53,6,4,2,7,46,56,55,21,74,69,65,40,4,3,2,5,39,60,53,18,67,64,58,37,4,2,1,5,38,43,47,18,65,57,51,33,4,2,1.75,7.12,52.5,63.0,65.12,25.0,90.62,83.75,77.75,50.5,5.88,3.25
Asphalt_0cm_S11,2026-04-25T10:01:08.288242,2,8,61,73,79,31,114,106,105,75,9,4,1,6,48,58,56,21,75,68,61,40,5,3,2,7,55,62,68,26,94,86,77,48,6,3,2,11,80,86,96,38,145,134,120,78,9,5,2,8,53,66,67,27,91,86,85,53,6,4,2,7,46,56,55,21,74,69,65,40,4,3,2,5,39,60,53,18,67,64,58,37,4,2,1,5,38,43,47,17,65,57,51,33,4,2,1.75,7.12,52.5,63.0,65.12,24.88,90.62,83.75,77.75,50.5,5.88,3.25
Asphalt_0cm_S11,2026-04-25T10:01:08.382372,2,8,61,73,79,31,114,106,105,74,9,4,1,6,48,58,56,21,75,68,61,40,5,3,2,7,55,62,68,26,94,86,77,48,6,3,2,11,80,86,96,38,145,134,120,77,9,5,2,8,53,66,67,27,91,86,85,53,6,4,2,7,46,56,55,21,74,69,65,40,4,3,2,5,39,60,53,18,67,64,58,37,4,2,1,5,38,43,47,17,65,57,51,33,4,2,1.75,7.12,52.5,63.0,65.12,24.88,90.62,83.75,77.75,50.25,5.88,3.25
Asphalt_0cm_S11,2026-04-25T10:01:08.460007,2,8,61,73,79,31,114,106,105,74,9,4,1,6,48,58,56,21,75,68,61,40,5,3,2,7,55,62,68,26,94,86,77,48,6,3,2,11,80,86,96,38,145,134,120,77,9,5,2,8,53,66,67,27,91,86,85,53,6,4,2,7,46,56,55,21,74,69,65,40,4,3,2,5,39,60,53,18,67,64,58,36,4,2,1,5,38,43,47,18,64,57,51,33,4,2,1.75,7.12,52.5,63.0,65.12,25.0,90.5,83.75,77.75,50.12,5.88,3.25
Asphalt_0cm_S11,2026-04-25T10:01:08.544358,2,8,61,73,79,31,114,106,105,74,9,4,1,6,48,58,56,21,75,68,61,40,5,2,2,7,55,62,68,26,94,86,76,48,6,3,3,11,80,86,96,38,145,134,120,77,9,5,2,8,53,66,67,27,91,86,85,53,6,4,2,7,46,56,55,21,74,69,65,40,4,3,2,5,39,60,53,18,67,64,58,36,4,2,1,5,38,43,47,18,64,57,51,33,4,2,1.88,7.12,52.5,63.0,65.12,25.0,90.5,83.75,77.62,50.12,5.88,3.12
Asphalt_0cm_S11,2026-04-25T10:01:08.664676,2,8,61,73,79,31,114,106,105,74,9,4,1,6,48,58,56,21,75,68,61,40,5,2,2,7,55,62,68,26,94,86,76,48,6,3,3,11,80,86,96,38,145,134,120,77,9,5,2,8,53,66,67,27,91,86,85,53,6,4,2,7,46,56,55,21,74,69,65,40,4,3,2,5,39,60,53,18,67,64,58,37,4,2,1,5,38,43,47,18,65,58,51,33,4,2,1.88,7.12,52.5,63.0,65.12,25.0,90.62,83.88,77.62,50.25,5.88,3.12
Asphalt_0cm_S11,2026-04-25T10:01:08.763494,2,8,61,73,79,31,113,106,105,74,9,4,1,6,48,58,56,21,75,68,61,40,5,3,2,7,55,63,69,26,93,86,76,48,6,3,2,11,80,86,96,38,145,134,120,78,9,5,2,8,53,66,67,27,91,85,85,53,6,4,1,7,46,56,55,21,74,69,64,40,4,3,2,5,39,60,53,18,67,64,58,37,4,2,1,5,38,43,47,18,65,58,51,33,4,2,1.62,7.12,52.5,63.12,65.25,25.0,90.38,83.75,77.5,50.38,5.88,3.25
Asphalt_0cm_S11,2026-04-25T10:01:08.843526,2,8,61,73,79,31,114,105,105,75,9,4,1,6,48,58,56,21,75,68,61,40,5,3,2,7,55,63,69,26,93,86,76,48,6,3,2,11,80,86,96,38,145,134,120,78,9,5,2,8,53,66,67,27,91,85,85,53,6,4,1,7,46,56,55,21,74,69,64,40,4,3,2,5,39,60,53,18,67,64,58,37,4,2,1,5,38,43,47,18,64,57,51,33,4,2,1.62,7.12,52.5,63.12,65.25,25.0,90.38,83.5,77.5,50.5,5.88,3.25
Asphalt_0cm_S11,2026-04-25T10:01:08.920234,2,8,61,73,79,31,114,105,105,75,9,4,1,6,48,58,56,21,75,68,61,40,5,3,2,7,55,62,68,26,94,86,77,48,6,3,2,11,80,86,96,38,145,134,120,77,9,5,2,8,53,66,67,27,91,85,85,53,6,4,2,7,46,56,55,21,74,69,65,40,4,3,2,5,39,60,53,18,67,64,58,37,4,2,1,5,38,43,47,18,64,57,51,33,4,2,1.75,7.12,52.5,63.0,65.12,25.0,90.5,83.5,77.75,50.38,5.88,3.25
Asphalt_0cm_S11,2026-04-25T10:01:09.001856,2,8,61,73,79,31,113,105,105,74,9,4,2,6,48,58,56,21,75,68,61,40,5,3,2,7,55,62,68,26,94,86,77,48,6,3,2,11,80,86,96,38,145,134,120,77,9,5,2,8,53,66,67,27,91,85,85,53,6,4,2,7,46,56,55,21,74,69,65,40,4,3,2,5,39,60,53,18,67,64,58,37,4,2,1,5,38,43,47,18,65,57,51,33,4,2,1.88,7.12,52.5,63.0,65.12,25.0,90.5,83.5,77.75,50.25,5.88,3.25
Asphalt_0cm_S11,2026-04-25T10:01:09.077652,2,8,61,73,79,31,113,105,105,74,9,4,2,6,48,58,56,21,75,68,61,40,5,3,2,7,55,62,69,26,93,86,77,48,6,3,2,11,80,86,96,38,145,134,120,77,9,5,2,8,53,66,67,27,91,86,85,54,6,4,2,7,46,56,55,21,74,69,65,40,4,3,2,5,39,60,53,18,67,64,58,37,4,2,1,5,38,43,47,18,65,57,51,33,4,2,1.88,7.12,52.5,63.0,65.25,25.0,90.38,83.62,77.75,50.38,5.88,3.25
Asphalt_0cm_S11,2026-04-25T10:01:09.154507,2,8,61,73,79,30,114,105,105,74,9,4,2,6,48,58,56,21,75,68,61,40,5,3,2,7,55,62,69,26,93,86,77,48,6,3,2,11,80,86,96,38,145,134,120,77,9,5,2,8,53,66,67,27,91,86,85,54,6,4,2,7,46,56,55,21,74,69,65,40,4,3,2,5,39,60,53,18,67,64,58,37,4,2,1,5,38,43,47,18,65,58,51,33,4,2,1.88,7.12,52.5,63.0,65.25,24.88,90.5,83.75,77.75,50.38,5.88,3.25
Asphalt_0cm_S11,2026-04-25T10:01:09.254330,2,8,61,73,79,30,114,105,105,74,9,4,2,6,48,58,56,21,75,68,61,40,5,2,2,7,55,62,68,26,94,86,77,48,6,3,2,11,80,86,96,38,145,134,119,78,9,5,2,8,53,66,67,27,91,86,85,53,6,4,2,7,46,56,55,21,74,69,65,40,4,3,2,5,39,60,53,18,67,64,58,37,4,2,1,5,38,43,47,18,65,58,51,33,4,2,1.88,7.12,52.5,63.0,65.12,24.88,90.62,83.75,77.62,50.38,5.88,3.12
Asphalt_0cm_S11,2026-04-25T10:01:09.336945,2,8,61,73,80,31,113,105,105,75,9,4,2,6,48,58,56,21,75,68,61,40,5,3,2,7,55,62,68,26,94,86,77,48,6,3,2,11,80,86,96,38,145,134,119,78,9,5,2,8,53,66,67,27,91,86,85,53,6,4,2,7,46,56,55,21,74,69,65,40,4,3,2,5,39,60,53,18,67,64,58,37,4,2,1,5,38,43,47,18,65,57,51,33,4,2,1.88,7.12,52.5,63.0,65.25,25.0,90.5,83.62,77.62,50.5,5.88,3.25
Asphalt_0cm_S11,2026-04-25T10:01:09.420277,2,8,61,73,80,31,113,105,105,75,9,4,2,6,48,58,56,21,75,68,61,40,5,3,2,7,55,62,68,26,93,86,76,48,6,3,2,11,80,86,96,38,145,134,120,77,9,5,2,8,53,66,67,27,91,85,85,53,6,4,2,7,46,55,55,21,74,69,65,40,4,3,2,5,39,60,53,18,67,64,58,37,4,2,1,5,38,43,47,18,65,57,51,33,4,2,1.88,7.12,52.5,62.88,65.25,25.0,90.38,83.5,77.62,50.38,5.88,3.25
Asphalt_0cm_S11,2026-04-25T10:01:09.509024,2,8,61,73,79,31,113,106,105,75,9,4,1,6,48,58,56,21,75,68,61,40,5,3,2,7,55,62,68,26,93,86,76,48,6,3,2,11,80,86,96,38,145,134,120,77,9,5,2,8,53,66,67,27,91,85,85,53,6,4,2,7,46,55,55,21,74,69,65,40,4,3,2,5,39,60,53,18,67,64,58,37,4,2,1,5,38,43,47,18,65,57,51,33,4,2,1.75,7.12,52.5,62.88,65.12,25.0,90.38,83.62,77.62,50.38,5.88,3.25
Asphalt_0cm_S11,2026-04-25T10:01:09.586408,2,8,61,73,79,31,113,106,105,75,9,4,1,6,48,58,56,21,75,68,61,40,5,3,2,7,55,62,68,26,93,86,77,48,6,3,3,11,80,86,97,38,145,134,120,77,9,5,2,8,53,66,67,27,91,86,85,53,6,4,2,7,46,56,55,21,74,69,65,40,4,3,2,5,39,60,53,18,67,64,58,37,4,2,1,5,38,43,47,18,65,57,51,33,4,2,1.88,7.12,52.5,63.0,65.25,25.0,90.38,83.75,77.75,50.38,5.88,3.25
Asphalt_0cm_S11,2026-04-25T10:01:09.661752,2,8,61,73,79,31,113,105,105,74,9,4,2,6,48,58,56,21,75,68,61,40,5,3,2,7,55,62,68,26,93,86,77,48,6,3,3,11,80,86,97,38,145,134,120,77,9,5,2,8,53,66,67,27,91,86,85,53,6,4,2,7,46,56,55,21,74,69,65,40,4,3,2,5,39,60,53,18,67,64,58,37,4,2,1,5,38,43,47,18,65,58,51,33,4,2,2.0,7.12,52.5,63.0,65.25,25.0,90.38,83.75,77.75,50.25,5.88,3.25
Asphalt_0cm_S11,2026-04-25T10:01:09.765874,2,8,61,73,79,31,113,105,105,74,9,4,2,6,48,58,56,21,75,68,61,40,5,3,2,7,55,62,68,26,93,86,77,48,6,3,2,11,80,86,96,38,145,134,120,77,9,5,2,8,53,66,67,27,91,86,85,53,6,3,2,7,46,56,54,21,74,69,65,40,4,3,2,5,39,60,53,18,67,64,58,37,4,2,1,5,38,43,47,18,64,57,51,33,4,2,1.88,7.12,52.5,63.0,65.0,25.0,90.25,83.62,77.75,50.25,5.88,3.12
Asphalt_0cm_S11,2026-04-25T10:01:09.845343,2,8,61,73,79,31,114,106,105,75,9,4,2,6,47,58,56,21,75,68,61,40,5,3,2,7,55,62,68,26,93,86,77,48,6,3,2,11,80,86,96,38,145,134,120,77,9,5,2,8,53,66,67,27,91,86,85,53,6,3,2,7,46,56,54,21,74,69,65,40,4,3,2,5,39,60,53,18,67,64,58,37,4,2,1,5,38,43,47,18,64,57,51,33,4,2,1.88,7.12,52.38,63.0,65.0,25.0,90.38,83.75,77.75,50.38,5.88,3.12
Asphalt_0cm_S11,2026-04-25T10:01:09.928194,2,8,61,73,79,31,114,106,105,75,9,4,2,6,47,58,56,21,75,68,61,40,5,3,2,7,55,62,68,26,93,86,77,48,6,3,2,11,80,86,97,38,145,134,120,77,9,5,2,8,53,66,67,27,91,85,85,53,6,4,1,7,46,56,55,21,74,69,65,40,4,3,2,5,39,60,53,18,67,64,58,37,4,2,1,5,38,43,47,18,64,57,51,33,4,2,1.75,7.12,52.38,63.0,65.25,25.0,90.38,83.62,77.75,50.38,5.88,3.25
Asphalt_0cm_S11,2026-04-25T10:01:10.019507,2,8,61,73,79,31,114,105,105,75,9,4,2,6,48,58,56,21,75,68,61,40,5,3,2,7,55,62,68,26,94,86,77,48,6,3,2,11,80,86,97,38,145,134,120,77,9,5,2,8,53,66,67,27,91,85,85,53,6,4,1,7,46,56,55,21,74,69,65,40,4,3,2,5,39,60,53,18,67,64,58,37,4,2,1,5,38,43,47,18,64,57,51,33,4,2,1.75,7.12,52.5,63.0,65.25,25.0,90.5,83.5,77.75,50.38,5.88,3.25
Asphalt_0cm_S11,2026-04-25T10:01:10.095650,2,8,61,73,79,31,114,105,105,75,9,4,2,6,48,58,56,21,75,68,61,40,5,3,2,7,55,62,68,26,94,86,77,48,6,3,2,11,80,86,96,38,145,134,120,77,9,5,2,8,53,66,66,27,91,86,85,53,6,4,2,7,46,56,55,21,74,69,65,40,4,3,2,5,39,60,53,18,67,64,58,36,4,2,1,5,38,43,47,18,64,57,51,33,4,2,1.88,7.12,52.5,63.0,65.0,25.0,90.5,83.62,77.75,50.25,5.88,3.25
Asphalt_0cm_S11,2026-04-25T10:01:10.174697,2,8,61,73,79,31,113,106,105,74,9,4,2,6,48,58,56,21,75,68,61,40,5,3,2,7,55,62,68,26,94,87,77,48,6,3,2,11,80,86,96,38,145,134,120,77,9,5,2,8,53,66,66,27,91,86,85,53,6,4,2,7,46,56,55,21,74,69,65,40,4,3,2,5,39,60,53,18,67,64,58,36,4,2,1,5,38,43,47,18,64,57,51,33,4,2,1.88,7.12,52.5,63.0,65.0,25.0,90.38,83.88,77.75,50.12,5.88,3.25
Asphalt_0cm_S11,2026-04-25T10:01:10.272536,2,8,61,73,79,31,113,106,105,74,9,4,2,6,48,58,56,21,75,68,61,40,5,3,2,7,55,62,68,26,94,87,77,48,6,3,2,11,80,86,96,38,145,134,120,77,9,5,2,7,53,66,67,27,91,86,85,53,6,4,2,7,46,56,55,21,74,69,65,40,4,3,2,5,39,60,53,18,67,65,58,37,4,2,1,5,38,43,47,18,65,57,51,33,4,2,1.88,7.0,52.5,63.0,65.12,25.0,90.5,84.0,77.75,50.25,5.88,3.25
Asphalt_0cm_S11,2026-04-25T10:01:10.351047,2,8,61,73,79,31,114,105,105,74,9,4,2,6,48,58,56,21,75,68,61,40,5,2,2,7,55,62,68,26,93,86,77,48,6,3,2,11,80,86,96,38,145,134,120,77,9,5,2,7,53,66,67,27,91,86,85,53,6,4,2,7,46,56,55,21,74,69,65,40,4,3,2,5,39,60,53,18,67,65,58,37,4,2,1,5,38,43,47,18,65,57,51,33,4,2,1.88,7.0,52.5,63.0,65.12,25.0,90.5,83.75,77.75,50.25,5.88,3.12
Asphalt_0cm_S11,2026-04-25T10:01:10.428631,2,8,61,73,79,31,114,105,105,74,9,4,2,6,48,58,56,21,75,68,61,40,5,2,2,7,55,62,68,26,93,86,77,48,6,3,2,11,80,86,96,38,145,134,120,77,9,5,2,8,53,66,67,27,91,86,85,53,6,4,2,7,46,56,55,21,74,69,65,40,4,3,2,5,39,60,53,18,67,64,58,37,4,2,1,5,38,43,47,17,64,57,51,33,4,2,1.88,7.12,52.5,63.0,65.12,24.88,90.38,83.62,77.75,50.25,5.88,3.12
Asphalt_0cm_S11,2026-04-25T10:01:10.526158,2,8,61,73,79,31,113,106,105,74,9,4,1,6,48,58,56,21,75,68,61,40,5,3,2,7,55,62,68,26,94,86,76,48,6,3,2,11,80,86,96,38,145,134,120,78,9,5,2,8,53,66,67,27,91,86,85,53,6,4,2,7,46,56,55,21,74,69,65,40,4,3,2,5,39,60,53,18,67,64,58,37,4,2,1,5,38,43,47,17,64,57,51,33,4,2,1.75,7.12,52.5,63.0,65.12,24.88,90.38,83.75,77.62,50.38,5.88,3.25
Asphalt_0cm_S11,2026-04-25T10:01:10.609401,2,8,61,73,79,31,113,106,105,74,9,4,1,6,48,58,56,21,75,68,61,40,5,3,2,7,55,62,68,26,94,86,76,48,6,3,2,11,80,86,96,38,145,134,120,78,9,5,2,8,53,66,67,27,90,85,85,53,6,4,2,7,46,56,55,21,74,69,65,40,4,3,2,5,39,60,53,18,67,64,58,37,4,2,1,5,38,43,47,18,65,57,51,33,4,2,1.75,7.12,52.5,63.0,65.12,25.0,90.38,83.62,77.62,50.38,5.88,3.25
Asphalt_0cm_S11,2026-04-25T10:01:10.714803,2,8,61,73,79,31,113,105,105,74,9,4,1,6,48,58,56,21,75,68,61,40,5,2,2,7,55,62,68,26,93,86,76,48,6,3,2,11,80,86,96,38,145,134,120,77,9,5,2,8,53,66,66,27,91,85,85,53,6,4,2,7,46,56,55,21,74,69,65,40,4,3,2,5,39,60,53,18,67,64,58,37,4,2,1,5,38,43,47,18,65,57,51,33,4,2,1.75,7.12,52.5,63.0,65.0,25.0,90.38,83.5,77.62,50.25,5.88,3.12
Asphalt_0cm_S11,2026-04-25T10:01:10.793505,2,8,61,73,79,31,113,105,105,74,9,4,1,6,48,58,56,21,75,68,61,40,5,2,2,7,55,62,68,26,93,86,76,48,6,3,2,11,80,86,96,38,145,134,120,77,9,5,2,8,53,66,66,27,91,85,85,53,6,4,2,7,46,56,55,21,75,69,65,40,4,3,2,5,40,60,53,18,67,64,58,36,4,2,1,5,38,43,47,18,64,58,51,33,4,2,1.75,7.12,52.62,63.0,65.0,25.0,90.38,83.62,77.62,50.12,5.88,3.12
Asphalt_0cm_S11,2026-04-25T10:01:10.876898,2,8,61,73,79,31,113,106,105,74,9,4,1,6,48,58,56,21,75,68,61,40,5,3,2,7,55,62,68,26,94,86,77,48,6,3,2,11,80,86,96,38,145,134,120,78,9,5,2,8,53,66,66,27,91,85,85,53,6,4,2,7,46,56,55,21,75,69,65,40,4,3,2,5,40,60,53,18,67,64,58,36,4,2,1,5,38,43,47,18,64,58,51,33,4,2,1.75,7.12,52.62,63.0,65.0,25.0,90.5,83.75,77.75,50.25,5.88,3.25
Asphalt_0cm_S11,2026-04-25T10:01:10.982274,2,8,61,73,79,31,113,106,105,74,9,4,1,6,48,58,56,21,75,68,61,40,5,3,2,7,55,62,68,26,94,86,77,48,6,3,2,11,80,86,96,38,145,134,120,78,9,5,2,8,53,66,67,27,91,86,85,53,6,4,1,7,46,56,55,21,74,69,65,40,4,3,2,5,39,60,53,18,67,65,58,37,4,2,1,5,38,43,47,18,65,57,51,33,4,2,1.62,7.12,52.5,63.0,65.12,25.0,90.5,83.88,77.75,50.38,5.88,3.25
Asphalt_0cm_S11,2026-04-25T10:01:11.092083,2,8,61,73,79,31,114,106,105,74,9,4,2,6,48,58,56,21,75,68,61,40,5,3,2,7,55,62,68,26,94,86,77,48,6,3,2,11,80,86,96,38,145,134,120,78,9,5,2,8,53,66,67,27,91,85,85,53,6,4,2,7,46,56,55,21,74,69,65,40,4,3,1,5,39,60,53,18,67,64,58,37,4,2,1,5,38,43,47,18,65,57,51,33,4,2,1.75,7.12,52.5,63.0,65.12,25.0,90.62,83.62,77.75,50.38,5.88,3.25
Asphalt_0cm_S11,2026-04-25T10:01:11.185818,2,8,61,73,79,31,113,105,105,74,9,4,1,6,48,58,56,21,75,68,61,40,5,3,2,7,55,62,68,26,93,87,77,48,6,3,2,11,80,86,96,38,145,134,120,78,9,5,2,8,53,66,67,27,91,85,85,53,6,4,2,7,46,56,55,21,74,69,65,40,4,3,1,5,39,60,53,18,67,64,58,37,4,2,1,5,38,43,47,17,64,57,51,33,4,2,1.62,7.12,52.5,63.0,65.12,24.88,90.25,83.62,77.75,50.38,5.88,3.25
Asphalt_0cm_S11,2026-04-25T10:01:11.285537,2,8,61,73,79,31,113,105,105,74,9,4,1,6,48,58,56,21,75,68,61,40,5,3,2,7,55,62,68,26,93,87,77,48,6,3,2,11,80,86,96,38,145,134,120,78,9,5,2,8,53,66,67,27,91,85,85,53,6,4,2,7,46,56,55,21,74,69,65,40,4,3,2,5,38,60,53,18,67,64,58,37,4,2,1,5,38,43,47,18,65,57,51,33,4,2,1.75,7.12,52.38,63.0,65.12,25.0,90.38,83.62,77.75,50.38,5.88,3.25
Asphalt_0cm_S11,2026-04-25T10:01:11.365728,2,8,61,73,79,31,113,105,105,74,9,4,1,6,48,58,56,21,75,68,61,40,5,3,2,7,55,62,68,26,94,86,76,48,6,3,2,11,80,86,96,38,145,134,120,77,9,5,2,8,53,66,67,27,91,85,85,53,6,4,2,7,46,56,55,21,74,69,65,40,4,3,2,5,38,60,53,18,67,64,58,37,4,2,1,5,38,43,47,18,65,57,51,33,4,2,1.75,7.12,52.38,63.0,65.12,25.0,90.5,83.5,77.62,50.25,5.88,3.25
Asphalt_0cm_S11,2026-04-25T10:01:11.460751,2,8,61,73,79,31,113,105,105,74,9,4,1,6,48,58,56,21,75,68,61,40,5,3,2,7,55,62,68,26,94,86,76,48,6,3,2,11,80,86,96,38,145,134,120,77,9,5,2,8,53,66,67,27,91,85,85,53,6,4,2,7,46,56,55,21,74,69,65,40,4,3,2,5,39,60,53,18,67,64,58,37,4,2,1,5,38,43,47,18,64,57,51,33,4,2,1.75,7.12,52.5,63.0,65.12,25.0,90.38,83.5,77.62,50.25,5.88,3.25
Asphalt_0cm_S11,2026-04-25T10:01:11.541035,2,8,61,73,79,31,113,105,105,74,9,4,2,6,48,58,56,21,75,68,61,40,5,2,2,7,56,63,68,26,94,86,77,48,6,3,2,11,80,86,96,38,145,134,120,77,9,5,2,8,53,66,67,27,91,85,85,53,6,4,2,7,46,56,55,21,74,69,65,40,4,3,2,5,39,60,53,18,67,64,58,37,4,2,1,5,38,43,47,18,64,57,51,33,4,2,1.88,7.12,52.62,63.12,65.12,25.0,90.38,83.5,77.75,50.25,5.88,3.12
Asphalt_0cm_S11,2026-04-25T10:01:11.624126,2,8,61,73,79,31,113,105,105,74,9,4,2,6,48,58,56,21,75,68,61,40,5,2,2,7,56,63,68,26,94,86,77,48,6,3,2,11,80,86,96,38,145,134,120,77,9,5,2,8,53,66,67,27,90,85,85,53,6,4,2,7,46,56,55,21,74,69,65,40,4,3,2,5,39,60,53,18,67,64,58,37,4,2,1,5,38,43,47,18,64,57,51,33,4,2,1.88,7.12,52.62,63.12,65.12,25.0,90.25,83.5,77.75,50.25,5.88,3.12
Asphalt_0cm_S11,2026-04-25T10:01:11.717851,2,8,61,73,79,31,113,106,105,75,9,4,1,6,48,58,56,21,75,68,61,40,5,2,2,7,56,63,68,26,94,86,77,48,6,3,2,11,80,86,96,38,145,134,120,77,9,5,2,8,53,66,67,27,91,86,85,54,6,4,2,7,46,56,55,21,74,69,65,40,4,3,2,5,39,60,53,18,67,64,58,37,4,2,1,5,38,43,47,18,64,57,51,33,4,2,1.75,7.12,52.62,63.12,65.12,25.0,90.38,83.75,77.75,50.5,5.88,3.12
Asphalt_0cm_S11,2026-04-25T10:01:11.799535,2,8,61,73,79,31,114,105,105,74,9,4,1,6,48,58,56,21,75,68,61,40,5,2,2,7,56,63,68,26,94,86,77,48,6,3,2,11,80,86,96,38,145,134,120,77,9,5,2,8,53,66,67,27,91,86,85,54,6,4,2,7,46,56,55,21,74,69,65,40,4,3,2,5,39,60,53,18,67,64,58,37,4,2,1,5,38,43,47,18,65,57,51,33,4,2,1.75,7.12,52.62,63.12,65.12,25.0,90.62,83.62,77.75,50.38,5.88,3.12
Asphalt_0cm_S11,2026-04-25T10:01:11.906619,2,8,61,73,79,31,114,105,105,74,9,4,1,6,48,58,56,21,75,68,61,40,5,2,2,7,55,62,69,26,94,86,77,48,6,3,2,11,80,86,96,38,145,134,120,77,9,5,2,8,53,66,67,27,91,85,85,53,6,4,2,7,46,56,54,21,74,69,65,40,4,3,2,5,39,60,53,18,67,64,58,37,4,2,1,5,38,43,47,18,65,57,51,33,4,2,1.75,7.12,52.5,63.0,65.12,25.0,90.62,83.5,77.75,50.25,5.88,3.12
Asphalt_0cm_S11,2026-04-25T10:01:11.994582,2,8,61,73,79,31,114,106,105,74,9,4,1,6,48,58,56,21,75,68,61,40,5,2,2,7,55,62,69,26,94,86,77,48,6,3,2,11,80,86,96,38,145,134,120,77,9,5,2,8,53,66,67,27,91,85,85,53,6,4,2,7,46,56,54,21,74,69,65,40,4,3,1,5,39,60,53,18,67,64,58,37,4,2,1,5,38,43,47,18,64,57,51,33,4,2,1.62,7.12,52.5,63.0,65.12,25.0,90.5,83.62,77.75,50.25,5.88,3.12
Asphalt_0cm_S11,2026-04-25T10:01:12.108491,2,8,61,73,79,31,114,106,105,74,9,4,2,6,48,58,56,21,75,68,61,40,5,3,2,7,55,62,68,26,94,87,77,48,6,3,3,10,80,86,96,38,145,134,120,77,9,5,2,8,53,66,67,27,91,86,85,53,6,4,2,7,46,56,55,21,74,69,65,40,4,3,2,5,39,60,53,18,67,64,58,37,4,2,1,5,38,43,47,18,65,57,51,33,4,2,2.0,7.0,52.5,63.0,65.12,25.0,90.62,83.88,77.75,50.25,5.88,3.25
Asphalt_0cm_S11,2026-04-25T10:01:12.194407,2,8,61,73,79,31,114,106,105,74,9,4,1,6,48,58,56,21,75,68,61,40,5,3,2,7,55,62,68,26,94,86,77,48,6,3,2,11,80,86,97,38,145,134,120,78,9,5,2,8,53,66,67,27,91,86,85,53,6,4,2,7,46,56,55,21,74,69,65,40,4,3,2,5,39,60,53,18,67,64,58,37,4,2,1,5,38,43,47,18,65,57,51,33,4,2,1.75,7.12,52.5,63.0,65.25,25.0,90.62,83.75,77.75,50.38,5.88,3.25
Asphalt_0cm_S11,2026-04-25T10:01:12.287841,2,8,61,73,79,31,114,106,105,74,9,4,1,6,48,58,56,21,75,68,61,40,5,3,2,7,55,62,68,26,94,86,77,48,6,3,2,11,80,86,97,38,145,134,120,78,9,5,2,8,53,66,67,27,91,86,85,53,6,4,2,7,46,56,55,21,74,69,65,40,4,3,2,5,39,60,53,18,67,64,58,36,4,2,1,5,38,43,47,18,65,57,51,33,4,2,1.75,7.12,52.5,63.0,65.25,25.0,90.62,83.75,77.75,50.25,5.88,3.25
Asphalt_0cm_S11,2026-04-25T10:01:12.382948,2,8,61,73,79,31,113,106,105,74,9,4,1,6,48,58,56,21,75,68,61,40,5,3,2,7,55,63,68,26,94,86,77,48,6,3,2,11,80,86,96,38,145,134,120,77,9,5,2,8,53,66,67,27,91,86,85,53,6,4,2,7,46,56,55,21,74,69,65,40,4,3,2,5,39,60,53,18,67,64,58,36,4,2,1,5,38,43,47,18,65,57,51,33,4,2,1.75,7.12,52.5,63.12,65.12,25.0,90.5,83.75,77.75,50.12,5.88,3.25
Asphalt_0cm_S11,2026-04-25T10:01:12.478552,2,8,61,73,79,31,113,106,105,74,9,4,1,6,48,58,56,21,75,68,61,40,5,3,2,7,55,63,68,26,94,86,77,48,6,3,2,11,80,86,96,38,145,134,120,77,9,5,2,8,53,66,67,27,91,86,85,53,6,4,2,7,46,56,55,21,74,69,65,40,4,3,2,4,39,60,53,18,67,64,58,37,4,2,1,5,38,43,47,18,65,58,51,33,4,2,1.75,7.0,52.5,63.12,65.12,25.0,90.5,83.88,77.75,50.25,5.88,3.25
Asphalt_0cm_S11,2026-04-25T10:01:12.563849,2,8,61,73,79,31,113,105,105,75,9,4,1,6,48,58,56,21,75,68,61,40,5,3,2,7,55,63,68,26,93,86,77,48,6,3,2,11,80,86,97,38,145,134,120,77,9,5,2,8,53,66,67,27,91,86,85,53,6,4,2,7,46,56,55,21,74,69,65,40,4,3,2,4,39,60,53,18,67,64,58,37,4,2,1,5,38,43,47,18,65,58,51,33,4,2,1.75,7.0,52.5,63.12,65.25,25.0,90.38,83.75,77.75,50.38,5.88,3.25
Asphalt_0cm_S11,2026-04-25T10:01:12.668684,2,8,61,73,79,31,114,106,105,75,9,4,1,6,48,58,56,21,75,68,61,40,5,3,2,7,55,63,68,26,93,86,77,48,6,3,2,11,80,86,97,38,145,134,120,77,9,5,2,8,53,66,67,27,91,86,85,53,6,4,2,7,46,56,55,21,74,69,65,40,4,3,2,4,39,60,53,18,67,64,58,37,4,2,1,5,38,43,47,18,65,58,51,33,4,2,1.75,7.0,52.5,63.12,65.25,25.0,90.5,83.88,77.75,50.38,5.88,3.25
Asphalt_0cm_S11,2026-04-25T10:01:12.753728,2,8,61,73,79,31,114,106,105,75,9,4,1,6,48,58,56,21,75,68,61,40,5,3,2,7,55,62,69,26,94,86,77,48,6,3,2,10,80,86,96,38,145,134,120,77,9,5,2,8,53,66,67,27,91,86,85,53,6,4,2,7,46,56,55,21,74,69,65,40,4,3,2,4,39,60,53,18,67,64,58,37,4,2,1,5,38,43,47,18,65,58,51,33,4,2,1.75,6.88,52.5,63.0,65.25,25.0,90.62,83.88,77.75,50.38,5.88,3.25
Asphalt_0cm_S11,2026-04-25T10:01:12.870638,2,8,61,73,79,31,113,105,105,74,9,4,1,6,48,58,56,21,75,68,61,40,5,2,2,7,55,62,68,26,93,86,76,48,6,3,2,11,80,86,96,38,145,134,119,77,9,5,2,8,53,66,67,27,91,86,85,53,6,4,2,7,46,56,55,21,74,69,65,40,4,3,2,4,39,60,53,18,67,64,58,37,4,2,1,5,38,43,47,18,65,57,51,33,4,2,1.75,7.0,52.5,63.0,65.12,25.0,90.38,83.62,77.5,50.25,5.88,3.12
Asphalt_0cm_S11,2026-04-25T10:01:12.953350,2,8,61,73,79,31,113,105,105,74,9,4,1,6,48,58,56,21,75,68,61,40,5,2,2,7,55,62,68,26,93,86,76,48,6,3,2,11,80,86,96,38,145,134,119,77,9,5,2,8,53,66,67,27,91,85,85,53,6,4,2,7,46,56,54,21,74,69,65,40,4,3,2,5,39,60,53,18,67,64,58,37,4,2,1,5,38,43,47,18,65,57,51,33,4,2,1.75,7.12,52.5,63.0,65.0,25.0,90.38,83.5,77.5,50.25,5.88,3.12
Asphalt_0cm_S11,2026-04-25T10:01:13.063755,2,8,61,73,79,31,114,106,105,74,9,4,2,6,48,58,56,21,75,68,61,40,5,2,2,7,55,62,68,26,94,86,77,48,6,3,2,11,80,86,96,37,145,134,119,78,9,5,2,8,53,66,67,27,91,86,85,53,6,4,2,7,46,56,54,21,74,69,65,40,4,3,2,5,39,60,53,18,67,64,58,37,4,2,1,5,38,43,47,18,65,57,51,33,4,2,1.88,7.12,52.5,63.0,65.0,24.88,90.62,83.75,77.62,50.38,5.88,3.12
Asphalt_0cm_S11,2026-04-25T10:01:13.149049,2,8,61,73,79,31,114,105,105,74,9,4,2,6,48,58,56,21,75,68,61,40,5,2,2,7,55,62,68,26,94,86,77,48,6,3,2,11,80,86,96,37,145,134,119,78,9,5,2,8,53,66,67,27,91,86,85,53,6,4,2,7,45,56,55,21,74,69,65,40,4,3,2,5,39,60,53,18,67,64,58,37,4,2,1,5,38,43,47,18,64,57,51,33,4,2,1.88,7.12,52.38,63.0,65.12,24.88,90.5,83.62,77.62,50.38,5.88,3.12
Asphalt_0cm_S11,2026-04-25T10:01:13.243270,2,8,61,73,79,31,114,105,105,74,9,4,2,6,48,58,56,21,75,68,61,40,5,3,2,7,55,62,68,26,94,87,77,48,6,3,2,11,80,86,96,38,145,134,120,77,9,5,2,8,53,66,67,27,91,85,85,53,6,4,2,7,45,56,55,21,74,69,65,40,4,3,2,5,39,60,53,18,67,64,58,37,4,2,1,5,38,43,47,18,64,57,51,33,4,2,1.88,7.12,52.38,63.0,65.12,25.0,90.5,83.62,77.75,50.25,5.88,3.25
Asphalt_0cm_S11,2026-04-25T10:01:13.324008,2,8,61,73,79,31,114,105,105,74,9,4,2,6,48,58,56,21,75,68,61,40,5,3,2,7,55,62,68,26,94,87,77,48,6,3,2,11,80,86,96,38,145,134,120,77,9,5,2,8,53,66,67,27,91,85,85,53,6,4,2,7,45,56,55,21,74,69,65,40,4,3,1,5,39,60,53,18,67,64,58,36,4,2,1,5,38,43,47,18,65,57,51,33,4,2,1.75,7.12,52.38,63.0,65.12,25.0,90.62,83.62,77.75,50.12,5.88,3.25
Asphalt_0cm_S11,2026-04-25T10:01:13.406239,2,8,61,73,79,31,114,105,105,74,9,4,1,6,48,58,56,21,75,68,61,40,5,2,2,7,55,62,68,26,94,86,76,48,6,3,3,11,80,86,96,38,145,134,119,77,9,5,2,8,53,66,67,27,91,85,85,53,6,4,2,7,46,56,55,21,74,69,65,40,4,3,2,5,39,60,53,18,67,64,58,36,4,2,1,5,38,43,47,18,65,57,51,33,4,2,1.88,7.12,52.5,63.0,65.12,25.0,90.62,83.5,77.5,50.12,5.88,3.12
Asphalt_0cm_S11,2026-04-25T10:01:13.505884,2,8,61,73,79,31,114,105,105,74,9,4,1,6,48,58,56,21,75,68,61,40,5,3,2,7,55,62,68,26,94,86,76,48,6,3,3,11,80,86,96,38,145,134,119,77,9,5,2,8,53,66,67,27,91,85,85,53,6,4,2,7,46,56,55,21,74,69,65,40,4,3,2,5,39,60,53,18,67,64,58,36,4,2,1,5,38,43,47,18,64,57,51,33,4,2,1.88,7.12,52.5,63.0,65.12,25.0,90.5,83.5,77.5,50.12,5.88,3.25
Asphalt_0cm_S11,2026-04-25T10:01:13.646643,2,8,61,73,79,31,114,105,105,74,9,4,1,6,48,58,56,21,75,68,61,40,5,3,2,7,55,62,68,26,94,86,77,48,6,3,2,11,80,86,96,38,145,134,120,77,9,5,2,8,53,66,67,27,91,86,85,53,6,4,2,7,46,56,55,21,74,69,65,40,4,3,2,5,39,60,53,18,67,64,58,36,4,2,1,5,38,43,47,18,65,57,51,33,4,2,1.75,7.12,52.5,63.0,65.12,25.0,90.62,83.62,77.75,50.12,5.88,3.25
Asphalt_0cm_S11,2026-04-25T10:01:13.752470,2,8,61,73,79,31,114,105,105,74,9,4,1,6,48,58,56,21,75,68,61,40,5,2,2,7,55,62,68,26,93,86,77,48,6,3,2,11,80,86,96,38,145,134,119,77,9,5,2,8,53,66,67,27,91,86,85,53,6,4,2,7,46,56,55,21,74,69,65,40,4,3,2,5,39,60,53,18,67,64,58,37,4,2,1,5,38,43,47,18,65,57,51,33,4,2,1.75,7.12,52.5,63.0,65.12,25.0,90.5,83.62,77.62,50.25,5.88,3.12
Asphalt_0cm_S11,2026-04-25T10:01:13.853790,2,8,61,73,79,31,114,105,105,74,9,4,2,6,48,58,56,21,75,68,61,40,5,3,2,7,55,62,68,26,94,86,77,48,6,3,2,11,80,86,96,38,145,134,119,77,9,5,2,8,53,66,67,27,91,86,85,53,6,4,2,7,46,56,55,21,74,69,65,40,4,3,2,5,39,60,53,18,67,64,58,37,4,2,1,5,38,43,47,17,64,57,51,33,4,2,1.88,7.12,52.5,63.0,65.12,24.88,90.5,83.62,77.62,50.25,5.88,3.25
Asphalt_0cm_S11,2026-04-25T10:01:13.940243,2,8,61,73,79,31,114,105,105,74,9,4,2,6,48,58,56,21,75,68,61,40,5,3,2,7,55,62,68,26,94,86,77,48,6,3,3,11,80,86,96,38,145,134,120,77,9,5,2,8,53,66,67,27,91,86,85,53,6,4,2,7,46,55,54,21,74,69,65,40,4,3,2,5,39,60,53,18,67,65,58,37,4,2,1,5,38,43,47,18,65,58,51,33,4,2,2.0,7.12,52.5,62.88,65.0,25.0,90.62,83.88,77.75,50.25,5.88,3.25
Asphalt_0cm_S11,2026-04-25T10:01:14.026043,2,8,61,73,79,31,113,105,105,74,9,4,1,6,48,58,56,21,75,68,61,40,5,3,2,7,55,62,68,26,94,86,77,48,6,3,2,11,80,86,96,38,145,134,119,77,9,5,2,8,53,66,67,27,91,86,85,53,6,4,2,7,46,55,54,21,74,69,65,40,4,3,2,5,39,60,53,18,67,65,58,37,4,2,1,5,38,43,47,18,65,58,51,33,4,2,1.75,7.12,52.5,62.88,65.0,25.0,90.5,83.88,77.62,50.25,5.88,3.25
Asphalt_0cm_S11,2026-04-25T10:01:14.130670,2,8,61,73,79,31,113,105,105,74,9,4,1,6,48,58,56,21,75,68,61,40,5,3,2,7,55,62,68,26,94,86,77,48,6,3,2,11,80,86,96,38,145,134,119,77,9,5,2,8,53,66,67,27,91,85,85,53,6,4,2,7,46,56,55,21,74,69,65,40,4,3,2,5,39,60,53,18,67,64,58,37,4,2,1,5,38,43,47,18,64,57,51,33,4,2,1.75,7.12,52.5,63.0,65.12,25.0,90.38,83.5,77.62,50.25,5.88,3.25
Asphalt_0cm_S11,2026-04-25T10:01:14.226076,2,8,61,73,79,31,114,106,105,74,9,4,2,6,48,58,56,21,75,68,61,40,5,3,2,7,55,62,68,26,93,86,76,48,6,3,2,11,80,86,96,38,145,134,119,77,9,5,2,8,53,66,67,27,91,85,85,53,6,4,2,7,46,56,55,21,74,69,65,40,4,3,2,5,39,60,53,18,67,64,58,37,4,2,1,5,38,43,47,18,64,57,51,33,4,2,1.88,7.12,52.5,63.0,65.12,25.0,90.38,83.62,77.5,50.25,5.88,3.25
Asphalt_0cm_S11,2026-04-25T10:01:14.322306,2,8,61,73,79,31,114,106,105,74,9,4,2,6,48,58,56,21,75,68,61,40,5,3,2,7,55,62,68,26,93,86,76,48,6,3,2,11,80,86,96,38,145,134,119,77,9,5,2,8,53,66,67,27,91,85,85,53,6,4,2,7,46,56,55,21,74,69,65,40,4,3,2,5,39,60,53,18,67,64,58,37,4,2,1,5,38,43,47,18,65,57,51,33,4,2,1.88,7.12,52.5,63.0,65.12,25.0,90.5,83.62,77.5,50.25,5.88,3.25
Asphalt_0cm_S11,2026-04-25T10:01:14.402747,2,8,61,73,79,31,114,106,105,74,9,4,1,6,48,58,56,21,75,68,61,40,5,3,2,7,55,62,68,26,93,86,77,48,6,3,2,11,80,86,96,38,145,134,119,77,9,5,2,8,53,66,67,27,91,85,85,53,6,4,2,7,46,56,55,21,74,69,65,40,4,3,2,5,39,60,53,18,67,64,58,37,4,2,1,5,38,43,47,18,65,57,51,33,4,2,1.75,7.12,52.5,63.0,65.12,25.0,90.5,83.62,77.62,50.25,5.88,3.25
Asphalt_0cm_S11,2026-04-25T10:01:14.488300,2,8,61,73,79,31,114,106,105,74,9,4,1,6,48,58,56,21,75,68,61,40,5,3,2,7,55,62,68,26,93,86,77,48,6,3,2,11,80,86,96,38,145,134,119,77,9,5,2,8,53,66,67,27,91,85,85,53,6,4,2,7,46,56,55,21,74,69,65,40,4,3,2,4,40,60,53,18,67,64,58,37,4,2,1,5,38,43,47,17,64,57,51,33,4,2,1.75,7.0,52.62,63.0,65.12,24.88,90.38,83.62,77.62,50.25,5.88,3.25
Asphalt_0cm_S11,2026-04-25T10:01:14.574566,2,8,61,73,79,31,114,106,105,74,9,4,2,6,48,58,56,21,75,68,61,40,5,3,2,7,55,62,68,26,94,87,76,48,6,3,2,11,80,86,96,38,145,133,119,77,9,5,2,8,53,66,67,27,91,86,85,53,6,4,2,7,46,55,54,21,74,69,65,40,4,3,2,5,39,60,53,18,67,64,58,36,4,2,1,5,38,43,47,17,64,57,51,33,4,2,1.88,7.12,52.5,62.88,65.0,24.88,90.5,83.75,77.5,50.12,5.88,3.25
Asphalt_0cm_S11,2026-04-25T10:01:14.664757,2,8,61,73,79,31,114,105,105,74,9,4,2,6,47,58,56,21,75,68,61,40,5,2,2,7,55,63,68,26,94,86,77,48,6,3,2,11,80,86,96,38,145,133,119,77,9,5,2,8,53,66,67,27,91,86,85,53,6,4,2,7,46,55,54,21,74,69,65,40,4,3,2,5,39,60,53,18,67,64,58,36,4,2,1,5,37,43,47,18,64,57,51,33,4,2,1.88,7.12,52.25,63.0,65.0,25.0,90.5,83.5,77.62,50.12,5.88,3.12
Asphalt_0cm_S11,2026-04-25T10:01:14.768817,2,8,61,73,79,31,114,105,105,74,9,4,2,6,47,58,56,21,75,68,61,40,5,2,2,7,55,63,68,26,94,86,77,48,6,3,2,11,80,86,96,38,145,134,119,77,9,5,2,8,53,66,67,27,91,86,85,53,6,4,2,7,46,56,55,21,74,69,65,40,4,3,2,5,39,60,53,18,67,64,58,36,4,2,1,5,37,43,47,17,64,57,51,33,4,2,1.88,7.12,52.25,63.12,65.12,24.88,90.5,83.62,77.62,50.12,5.88,3.12
Asphalt_0cm_S11,2026-04-25T10:01:14.853041,2,8,61,73,79,31,113,105,105,74,9,4,1,6,48,58,56,21,75,68,61,40,5,2,2,7,56,63,68,26,94,86,77,48,6,3,2,11,80,86,96,38,145,134,119,77,9,5,2,8,53,66,67,27,91,86,85,53,6,4,2,7,46,56,55,21,74,69,65,40,4,3,2,5,39,60,53,18,67,64,58,36,4,2,1,5,37,43,47,17,64,57,51,33,4,2,1.75,7.12,52.5,63.12,65.12,24.88,90.38,83.62,77.62,50.12,5.88,3.12
Asphalt_0cm_S11,2026-04-25T10:01:14.955400,2,8,61,73,79,31,114,105,105,74,9,4,1,6,48,58,56,21,75,68,61,40,5,2,2,7,56,63,68,26,94,86,77,48,6,3,2,11,80,86,96,38,145,133,119,77,9,5,2,8,53,66,67,27,91,86,85,53,6,4,2,7,46,56,54,21,74,69,65,40,4,3,1,5,39,60,53,18,67,64,58,37,4,2,1,5,37,43,47,18,65,57,51,33,4,2,1.62,7.12,52.5,63.12,65.0,25.0,90.62,83.5,77.62,50.25,5.88,3.12
Asphalt_0cm_S11,2026-04-25T10:01:15.047169,2,8,61,73,79,31,114,105,105,74,9,4,2,6,48,58,56,21,75,68,61,40,5,2,2,7,55,62,68,26,94,86,77,48,6,3,2,11,80,86,96,38,145,134,120,77,9,5,2,8,53,66,67,27,91,85,85,53,6,4,2,7,46,56,55,21,74,69,65,40,4,3,1,5,39,60,53,18,67,64,58,37,4,2,1,5,37,43,47,18,65,57,51,33,4,2,1.75,7.12,52.38,63.0,65.12,25.0,90.62,83.5,77.75,50.25,5.88,3.12
Asphalt_0cm_S11,2026-04-25T10:01:15.146374,2,8,61,73,79,31,113,105,105,75,9,4,2,6,48,58,56,21,75,68,61,40,5,3,2,7,55,62,68,26,94,86,77,48,6,3,2,11,80,86,96,38,145,134,120,77,9,5,2,8,53,66,67,27,91,85,85,53,6,4,2,7,46,56,55,21,74,69,65,40,4,3,1,5,39,60,53,18,67,64,58,37,4,2,1,5,37,43,47,18,64,57,51,33,4,2,1.75,7.12,52.38,63.0,65.12,25.0,90.38,83.5,77.75,50.38,5.88,3.25
Asphalt_0cm_S11,2026-04-25T10:01:15.227928,2,8,61,73,79,31,113,105,105,75,9,4,2,6,48,58,56,21,75,68,61,40,5,3,2,7,55,63,68,26,93,86,77,48,6,3,2,11,80,86,96,38,145,134,119,77,9,5,2,8,53,66,67,27,91,86,85,53,6,4,2,7,46,56,55,21,74,69,65,40,4,3,2,5,39,60,53,18,67,64,58,37,4,2,1,5,37,43,47,18,64,57,51,33,4,2,1.88,7.12,52.38,63.12,65.12,25.0,90.25,83.62,77.62,50.38,5.88,3.25
Asphalt_0cm_S11,2026-04-25T10:01:15.314271,2,8,61,73,79,31,114,106,105,74,9,4,2,6,48,58,56,21,75,68,61,40,5,3,2,7,55,62,68,26,94,86,76,48,6,3,2,11,80,86,96,38,145,134,119,77,9,5,2,8,53,66,67,27,91,86,85,53,6,4,2,7,46,56,55,21,74,69,65,40,4,3,2,5,39,60,53,18,67,64,58,37,4,2,1,5,38,43,47,18,64,57,51,33,4,2,1.88,7.12,52.5,63.0,65.12,25.0,90.5,83.75,77.5,50.25,5.88,3.25
Asphalt_0cm_S11,2026-04-25T10:01:15.412600,2,8,61,73,79,31,114,106,105,74,9,4,2,6,48,58,56,21,75,68,61,40,5,3,2,7,55,62,68,26,94,86,76,48,6,3,2,11,80,86,96,38,145,134,119,77,9,5,2,8,53,66,67,27,91,86,85,53,6,4,2,7,46,56,55,21,75,69,65,40,4,3,2,5,39,60,53,18,67,64,58,37,4,2,1,5,38,43,47,18,64,57,51,33,4,2,1.88,7.12,52.5,63.0,65.12,25.0,90.62,83.75,77.5,50.25,5.88,3.25
Asphalt_0cm_S11,2026-04-25T10:01:15.535447,2,8,61,73,79,31,113,105,105,74,9,4,1,6,48,58,56,21,75,68,61,40,5,3,2,7,55,62,68,26,94,86,76,48,6,3,2,11,80,86,96,38,145,133,119,77,9,5,2,8,53,66,67,27,91,86,85,53,6,4,2,7,46,56,55,21,75,69,65,40,4,3,2,5,39,60,53,18,67,64,58,37,4,2,1,5,38,43,47,18,64,57,51,33,4,2,1.75,7.12,52.5,63.0,65.12,25.0,90.5,83.5,77.5,50.25,5.88,3.25
Asphalt_0cm_S11,2026-04-25T10:01:15.620748,2,8,61,73,79,31,113,105,105,74,9,4,1,6,48,58,56,21,75,68,61,40,5,3,2,7,55,62,68,26,94,86,76,48,6,3,2,11,80,86,96,38,145,133,119,77,9,5,2,8,53,66,67,27,91,85,85,53,6,4,2,7,46,56,55,21,74,69,65,40,4,3,1,5,40,60,53,18,67,64,58,37,4,2,1,5,38,43,47,18,64,57,51,33,4,2,1.62,7.12,52.62,63.0,65.12,25.0,90.38,83.38,77.5,50.25,5.88,3.25
Asphalt_0cm_S11,2026-04-25T10:01:15.730495,2,8,61,73,79,31,113,105,105,74,9,4,1,6,48,58,56,21,75,68,61,40,5,2,2,7,55,62,68,26,94,86,77,48,6,3,2,11,80,86,96,38,145,133,119,77,9,5,2,8,53,66,67,27,91,85,85,53,6,4,2,7,46,56,55,21,74,69,65,40,4,3,1,5,40,60,53,18,67,64,58,37,4,2,1,5,38,43,47,18,64,57,51,33,4,2,1.62,7.12,52.62,63.0,65.12,25.0,90.38,83.38,77.62,50.25,5.88,3.12
Asphalt_0cm_S11,2026-04-25T10:01:15.819460,2,8,61,73,79,31,114,105,105,75,9,4,1,6,48,58,56,21,75,68,61,40,5,2,2,7,55,62,68,26,94,86,77,48,6,3,2,11,80,86,96,38,145,133,119,77,9,5,2,8,53,66,67,27,91,85,85,53,6,4,2,7,46,56,55,21,74,69,65,40,4,3,2,5,39,60,53,18,67,64,58,36,4,2,1,5,38,43,47,18,64,57,51,33,4,2,1.75,7.12,52.5,63.0,65.12,25.0,90.5,83.38,77.62,50.25,5.88,3.12
Asphalt_0cm_S11,2026-04-25T10:01:15.908958,2,8,61,73,79,31,114,105,105,75,9,4,1,6,48,58,56,21,75,68,61,40,5,2,2,7,55,62,68,26,94,86,76,48,6,3,2,11,80,86,96,38,145,133,119,77,9,5,2,8,53,66,67,27,91,86,85,53,6,4,2,7,45,56,55,21,74,69,65,40,4,3,2,5,39,60,53,19,67,64,58,37,4,2,1,5,38,43,47,18,65,57,51,33,4,2,1.75,7.12,52.38,63.0,65.12,25.12,90.62,83.5,77.5,50.38,5.88,3.12
Asphalt_0cm_S11,2026-04-25T10:01:15.990138,2,8,61,73,79,31,114,106,105,74,9,4,1,6,48,58,56,21,75,68,61,40,5,3,2,7,55,62,68,26,94,86,76,48,6,3,2,11,80,86,96,38,145,133,119,77,9,5,2,8,53,66,67,27,91,86,85,53,6,4,2,7,45,56,55,21,74,69,65,40,4,3,2,5,39,60,53,19,67,64,58,37,4,2,1,5,38,43,47,18,65,57,51,33,4,2,1.75,7.12,52.38,63.0,65.12,25.12,90.62,83.62,77.5,50.25,5.88,3.25
Asphalt_0cm_S11,2026-04-25T10:01:16.070943,2,8,61,73,79,31,114,106,105,74,9,4,1,6,48,58,56,21,75,68,61,40,5,3,2,7,55,62,68,26,94,86,76,48,6,3,2,10,80,86,96,38,145,133,119,77,9,5,2,8,53,66,67,27,91,85,85,53,6,4,2,7,46,56,55,21,74,69,65,40,4,3,2,5,39,60,53,18,67,64,58,37,4,2,1,5,38,43,47,18,64,57,51,33,4,2,1.75,7.0,52.5,63.0,65.12,25.0,90.5,83.5,77.5,50.25,5.88,3.25
Asphalt_0cm_S11,2026-04-25T10:01:16.165217,2,8,61,73,79,31,113,105,105,74,9,4,2,6,48,58,56,21,75,68,61,40,5,3,2,7,55,62,68,26,93,86,77,48,6,3,2,11,80,86,96,37,145,133,119,77,9,5,2,8,53,66,67,27,91,85,85,53,6,4,2,7,46,56,55,21,74,69,65,40,4,3,2,5,39,60,53,18,67,64,58,37,4,2,1,5,38,43,47,18,64,57,51,33,4,2,1.88,7.12,52.5,63.0,65.12,24.88,90.25,83.38,77.62,50.25,5.88,3.25
Asphalt_0cm_S11,2026-04-25T10:01:16.250258,2,8,61,73,79,31,113,105,105,74,9,4,2,6,48,58,56,21,75,68,61,40,5,3,2,7,55,62,68,26,93,86,77,48,6,3,2,11,80,86,96,37,145,133,119,77,9,5,2,8,53,66,67,27,91,86,85,53,6,4,2,7,46,56,55,21,75,69,65,40,4,3,2,5,39,60,53,18,67,64,58,37,4,2,1,5,38,43,47,17,64,57,51,33,4,2,1.88,7.12,52.5,63.0,65.12,24.75,90.38,83.5,77.62,50.25,5.88,3.25
Asphalt_0cm_S11,2026-04-25T10:01:16.354042,2,8,61,73,79,31,113,105,105,74,9,4,1,6,48,58,56,21,75,68,61,40,5,3,2,7,55,62,69,26,94,86,76,48,6,3,3,10,80,86,96,38,145,133,119,77,9,5,2,8,53,66,67,27,91,85,85,53,6,4,2,7,46,56,54,21,74,69,65,40,4,3,2,5,39,60,53,18,67,64,58,37,4,2,1,5,38,43,47,17,64,57,51,33,4,2,1.88,7.0,52.5,63.0,65.12,24.88,90.38,83.38,77.5,50.25,5.88,3.25
Asphalt_0cm_S11,2026-04-25T10:01:16.438153,2,8,61,73,79,31,113,106,105,74,9,4,1,6,48,58,56,21,75,68,61,40,5,3,2,7,55,62,69,26,94,86,76,48,6,3,3,10,80,86,96,38,145,133,119,77,9,5,2,8,53,66,67,27,91,85,85,53,6,4,2,7,46,56,54,21,74,69,65,40,4,3,2,5,39,60,53,17,67,64,58,37,4,2,1,5,38,43,47,17,64,57,51,33,4,2,1.88,7.0,52.5,63.0,65.12,24.75,90.38,83.5,77.5,50.25,5.88,3.25
Asphalt_0cm_S11,2026-04-25T10:01:16.547300,2,8,61,73,79,31,113,106,105,74,9,4,2,6,48,58,56,21,75,68,61,40,5,3,2,7,55,62,68,26,94,86,76,48,6,3,2,11,80,86,96,38,145,133,119,77,9,5,2,8,53,66,67,27,90,85,85,53,6,4,1,7,46,56,55,21,74,69,65,40,4,3,2,5,39,60,53,18,67,64,58,37,4,2,1,5,38,43,47,17,64,57,51,33,4,2,1.75,7.12,52.5,63.0,65.12,24.88,90.25,83.5,77.5,50.25,5.88,3.25
Asphalt_0cm_S11,2026-04-25T10:01:16.629060,2,8,61,73,79,31,113,105,105,74,9,4,2,6,48,58,56,21,75,68,61,40,5,2,2,7,55,62,68,26,94,86,76,48,6,3,2,11,80,86,96,38,145,133,119,77,9,5,2,8,53,66,67,27,90,85,85,53,6,4,1,7,46,56,55,21,74,69,65,40,4,3,2,5,39,60,53,18,67,64,58,37,4,2,1,5,38,43,47,17,64,57,51,33,4,2,1.75,7.12,52.5,63.0,65.12,24.88,90.25,83.38,77.5,50.25,5.88,3.12
Asphalt_0cm_S11,2026-04-25T10:01:16.735199,2,8,61,73,79,31,113,105,105,74,9,4,2,6,48,58,56,21,75,68,61,40,5,2,2,7,55,62,68,26,94,86,76,48,6,3,2,11,80,86,96,38,145,133,119,77,9,5,2,8,53,66,67,27,90,85,85,53,6,4,2,7,46,56,55,21,74,69,65,40,4,3,2,4,39,60,53,18,67,64,58,37,4,2,1,5,38,43,47,18,64,57,51,33,4,2,1.88,7.0,52.5,63.0,65.12,25.0,90.25,83.38,77.5,50.25,5.88,3.12
Asphalt_0cm_S11,2026-04-25T10:01:16.822679,2,8,61,73,79,31,113,105,105,74,9,4,1,6,48,58,56,21,75,68,61,40,5,2,2,7,55,62,69,26,94,86,77,48,6,3,2,10,80,86,96,38,145,133,119,77,9,5,2,8,53,66,67,27,90,85,85,53,6,4,2,7,46,56,55,21,74,69,65,40,4,3,2,4,39,60,53,18,67,64,58,37,4,2,1,5,38,43,47,18,64,57,51,33,4,2,1.75,6.88,52.5,63.0,65.25,25.0,90.25,83.38,77.62,50.25,5.88,3.12
Asphalt_0cm_S11,2026-04-25T10:01:16.934136,2,8,61,73,79,31,113,105,105,74,9,4,1,6,48,58,56,21,75,68,61,40,5,2,2,7,55,62,69,26,94,86,77,48,6,3,2,10,80,86,96,38,145,133,119,77,9,5,2,8,53,66,67,27,91,85,85,53,6,4,2,7,46,56,55,21,74,69,65,40,4,2,2,4,39,60,53,18,67,64,58,37,4,2,1,5,38,43,47,18,64,57,51,33,4,2,1.75,6.88,52.5,63.0,65.25,25.0,90.38,83.38,77.62,50.25,5.88,3.0
Asphalt_0cm_S11,2026-04-25T10:01:17.019035,2,8,61,73,79,31,113,105,105,74,9,4,1,6,47,58,56,21,75,68,61,40,5,3,2,7,55,62,68,26,94,86,76,48,6,3,2,11,80,86,96,38,144,133,119,77,9,5,2,8,53,66,67,27,91,86,85,53,6,4,2,7,46,56,55,21,74,69,65,40,4,2,2,4,39,60,53,18,67,64,58,37,4,2,1,5,38,43,47,18,64,57,51,33,4,2,1.75,7.0,52.38,63.0,65.12,25.0,90.25,83.5,77.5,50.25,5.88,3.12
Asphalt_0cm_S11,2026-04-25T10:01:17.115031,2,8,61,73,79,31,113,106,105,74,9,4,1,6,47,58,56,21,75,68,61,40,5,3,2,7,55,62,68,26,94,86,76,48,6,3,2,11,80,86,96,38,144,133,119,77,9,5,2,8,53,66,67,27,91,86,85,53,6,4,2,7,45,56,55,21,74,69,65,40,4,3,2,5,39,60,53,18,67,64,58,37,4,2,1,5,38,43,47,17,64,57,51,33,4,2,1.75,7.12,52.25,63.0,65.12,24.88,90.25,83.62,77.5,50.25,5.88,3.25
Asphalt_0cm_S11,2026-04-25T10:01:17.199460,2,8,61,73,79,31,113,106,105,74,9,4,1,6,48,58,56,21,75,68,61,40,5,2,2,7,55,62,68,26,94,86,77,48,6,3,2,10,80,86,96,38,145,133,119,77,9,5,2,8,53,66,67,27,91,86,85,53,6,4,2,7,46,56,55,21,74,69,65,40,4,3,2,5,39,60,53,18,67,64,58,36,4,2,1,5,38,43,47,17,64,57,51,33,4,2,1.75,7.0,52.5,63.0,65.12,24.88,90.38,83.62,77.62,50.12,5.88,3.12
Asphalt_0cm_S11,2026-04-25T10:01:17.335405,2,8,61,73,79,31,113,105,105,74,9,4,2,6,48,58,56,21,75,68,61,40,5,3,2,7,55,62,68,26,94,86,77,48,6,3,2,10,80,86,96,38,145,133,119,77,9,5,2,8,53,66,67,27,91,86,85,53,6,4,2,7,46,56,55,21,74,69,65,40,4,3,2,5,39,60,53,18,67,64,58,36,4,2,1,5,38,43,47,18,64,57,51,33,4,2,1.88,7.0,52.5,63.0,65.12,25.0,90.38,83.5,77.62,50.12,5.88,3.25
Asphalt_0cm_S11,2026-04-25T10:01:17.444386,2,8,61,73,79,31,113,105,105,75,9,4,2,6,48,58,56,21,75,68,61,40,5,3,2,7,55,62,68,26,94,86,77,48,6,3,2,10,80,86,96,38,145,134,119,77,9,5,2,8,53,66,67,27,91,85,85,53,6,4,2,7,46,56,55,21,74,69,65,40,4,3,2,5,39,60,53,18,67,64,58,37,4,2,1,5,38,43,47,17,63,57,51,33,4,2,1.88,7.0,52.5,63.0,65.12,24.88,90.25,83.5,77.62,50.38,5.88,3.25
Asphalt_0cm_S11,2026-04-25T10:01:17.562995,2,8,61,73,79,31,113,105,105,75,9,4,2,6,48,58,56,21,75,68,61,40,5,2,2,7,55,62,68,26,94,86,77,48,6,3,2,11,80,86,96,37,144,133,119,77,9,5,2,8,53,66,67,27,91,86,85,53,6,4,2,7,46,56,55,21,74,69,65,40,4,3,2,5,39,60,53,18,67,65,58,37,4,2,1,5,38,43,47,17,64,57,51,33,4,2,1.88,7.12,52.5,63.0,65.12,24.75,90.25,83.62,77.62,50.38,5.88,3.12
Asphalt_0cm_S11,2026-04-25T10:01:17.645587,2,8,61,73,79,31,114,106,105,74,9,4,1,6,48,58,56,21,75,68,61,40,5,2,2,7,55,62,68,26,94,86,76,48,6,3,2,11,80,86,95,38,144,133,119,77,9,5,2,8,53,66,67,27,91,86,85,53,6,4,2,7,46,56,55,21,74,69,65,40,4,3,2,5,39,60,53,18,67,65,58,37,4,2,1,5,38,43,47,17,64,57,51,33,4,2,1.75,7.12,52.5,63.0,65.0,24.88,90.38,83.75,77.5,50.25,5.88,3.12
Asphalt_0cm_S11,2026-04-25T10:01:17.751359,2,8,61,73,79,31,112,105,105,74,9,4,1,6,48,58,56,21,75,68,61,40,5,2,2,7,55,62,68,26,94,86,76,48,6,3,2,11,80,86,95,38,144,133,119,77,9,5,2,8,53,66,67,27,90,86,85,53,6,4,2,7,46,56,55,21,74,69,65,40,4,3,2,5,40,60,53,18,67,64,58,37,4,2,1,5,38,43,47,17,64,57,51,33,4,2,1.75,7.12,52.62,63.0,65.0,24.88,90.0,83.5,77.5,50.25,5.88,3.12
Asphalt_0cm_S11,2026-04-25T10:01:17.834647,2,8,61,73,79,31,112,105,105,74,9,4,2,6,48,58,56,21,75,68,61,40,5,3,2,7,55,62,68,26,94,86,77,48,6,3,3,11,80,86,96,38,145,134,119,77,9,5,2,8,53,66,67,27,91,85,85,53,6,4,2,7,46,56,55,21,74,69,65,40,4,3,2,5,40,60,53,18,67,64,58,37,4,2,1,5,38,43,47,17,64,57,51,33,4,2,2.0,7.12,52.62,63.0,65.12,24.88,90.25,83.5,77.62,50.25,5.88,3.25
Asphalt_0cm_S11,2026-04-25T10:01:17.924617,2,8,61,73,79,31,113,106,105,74,9,4,2,6,48,58,56,21,75,68,61,40,5,3,2,7,55,62,68,26,94,86,77,48,6,3,3,11,80,86,96,38,145,134,119,77,9,5,2,8,53,66,67,27,91,85,85,53,6,4,2,7,46,56,54,21,74,69,65,40,4,3,2,5,39,60,53,18,67,64,58,37,4,2,1,5,38,43,47,17,64,57,51,33,4,2,2.0,7.12,52.5,63.0,65.0,24.88,90.38,83.62,77.62,50.25,5.88,3.25
Asphalt_0cm_S11,2026-04-25T10:01:18.012536,2,8,61,73,79,31,113,106,105,74,9,4,2,6,48,58,56,21,75,68,61,40,5,2,2,7,56,63,69,26,94,87,77,48,6,3,3,11,80,86,96,37,144,133,119,77,9,5,2,8,52,65,65,26,88,84,84,52,6,4,2,7,45,55,54,21,74,68,64,40,4,3,2,5,39,60,53,18,67,64,58,37,4,2,1,5,38,43,47,17,64,57,51,33,4,2,2.0,7.12,52.38,62.88,64.88,24.62,89.88,83.38,77.38,50.12,5.88,3.12
Asphalt_0cm_S11,2026-04-25T10:01:18.115020,2,8,61,73,79,31,114,106,106,75,9,4,1,6,47,58,56,21,75,68,61,40,5,2,2,7,56,63,69,26,94,87,77,48,6,3,3,11,80,86,96,37,144,133,119,77,9,5,2,8,52,65,65,26,88,84,84,52,6,4,2,7,45,55,54,21,74,68,64,40,4,3,2,5,40,59,52,18,68,64,57,36,4,2,1,5,38,43,47,18,64,57,51,33,4,2,1.88,7.12,52.38,62.75,64.75,24.75,90.12,83.38,77.38,50.12,5.88,3.12
Asphalt_0cm_S11,2026-04-25T10:01:18.201479,2,8,61,73,79,31,114,106,106,75,9,4,1,6,47,58,56,21,75,68,61,40,5,2,2,7,56,63,69,26,94,87,77,48,6,3,2,10,80,86,96,37,144,133,119,77,9,5,2,8,52,65,66,26,88,84,84,52,6,4,2,7,45,55,54,21,74,68,64,40,4,3,2,5,40,59,52,18,67,64,57,36,4,2,1,5,38,43,47,18,64,57,51,33,4,2,1.75,7.0,52.38,62.75,64.88,24.75,90.0,83.38,77.38,50.12,5.88,3.12
Asphalt_0cm_S11,2026-04-25T10:01:18.317607,2,8,61,73,79,31,114,106,106,74,9,4,2,6,48,58,56,21,75,68,61,40,5,2,2,7,56,63,69,26,94,87,77,48,6,3,2,10,80,86,96,38,144,133,119,77,9,5,2,8,52,65,66,26,88,84,84,52,6,4,2,7,45,55,54,21,74,68,64,40,4,3,2,5,40,59,52,18,67,64,57,36,4,2,1,5,38,43,47,18,64,57,51,33,4,2,1.88,7.0,52.5,62.75,64.88,24.88,90.0,83.38,77.38,50.0,5.88,3.12
Asphalt_0cm_S11,2026-04-25T10:01:18.398697,2,8,61,73,79,31,114,106,106,74,9,4,2,6,48,58,56,21,75,68,61,40,5,2,2,7,56,63,69,26,94,87,77,48,6,3,2,10,80,86,96,38,144,133,119,77,9,5,2,8,52,65,66,26,88,84,84,52,6,4,2,7,45,55,54,21,74,68,64,40,4,3,2,5,39,59,52,18,67,63,57,36,4,2,1,5,38,43,47,18,64,57,51,33,4,2,1.88,7.0,52.38,62.75,64.88,24.88,90.0,83.25,77.38,50.0,5.88,3.12
Asphalt_0cm_S11,2026-04-25T10:01:18.496520,2,8,61,73,79,31,114,106,106,75,9,4,1,6,47,58,56,21,75,68,61,40,5,3,2,7,56,63,69,26,94,87,77,48,6,3,2,11,80,86,96,37,145,133,120,77,9,5,2,8,52,65,66,26,88,84,84,52,6,4,2,7,45,55,54,21,74,68,64,40,4,3,2,5,39,59,52,18,67,63,57,36,4,2,1,5,38,43,47,18,64,57,51,33,4,2,1.75,7.12,52.25,62.75,64.88,24.75,90.12,83.25,77.5,50.12,5.88,3.25
Asphalt_0cm_S11,2026-04-25T10:01:18.584162,2,8,61,73,79,31,114,106,106,75,9,4,1,6,47,58,56,21,75,68,61,40,5,3,2,7,56,63,69,26,94,87,77,48,6,3,2,11,80,86,96,37,145,133,120,77,9,5,2,8,52,65,66,26,88,84,84,52,6,4,2,7,45,55,54,21,74,68,64,40,4,3,2,5,40,59,52,18,67,64,57,36,4,2,1,5,38,43,47,18,64,57,51,33,4,2,1.75,7.12,52.38,62.75,64.88,24.75,90.12,83.38,77.5,50.12,5.88,3.25
Asphalt_0cm_S11,2026-04-25T10:01:18.692068,2,8,61,73,80,31,114,106,106,75,9,4,2,6,47,58,56,21,75,68,61,41,5,3,2,7,56,63,69,26,94,87,77,48,6,3,2,11,80,86,96,38,145,133,119,77,9,5,2,8,52,65,66,26,88,84,84,52,6,4,2,7,45,55,54,21,74,68,64,40,4,3,2,5,40,59,52,18,67,64,57,36,4,2,1,5,38,43,47,18,64,57,51,33,4,2,1.88,7.12,52.38,62.75,65.0,24.88,90.12,83.38,77.38,50.25,5.88,3.25
Asphalt_0cm_S11,2026-04-25T10:01:18.773368,2,8,61,73,79,31,114,106,106,75,9,4,2,6,48,58,55,21,75,68,61,40,5,2,2,7,56,63,69,26,94,87,77,48,6,3,2,11,80,86,96,38,145,133,119,77,9,5,2,8,52,65,66,26,88,84,84,52,6,4,2,7,45,55,54,21,74,68,64,40,4,3,2,5,40,59,52,18,67,64,57,36,4,2,1,5,38,43,47,17,64,57,51,33,4,2,1.88,7.12,52.5,62.75,64.75,24.75,90.12,83.38,77.38,50.12,5.88,3.12
Asphalt_0cm_S11,2026-04-25T10:01:18.882208,2,8,61,73,79,31,114,106,106,75,9,4,2,6,48,58,55,21,75,68,61,40,5,2,2,7,56,63,69,26,94,87,77,48,6,3,2,10,80,86,96,38,145,133,119,77,9,5,2,8,52,65,66,26,89,84,84,52,6,4,2,7,45,55,54,21,74,68,64,40,4,3,2,4,40,58,52,18,67,64,57,36,4,2,1,5,38,43,47,18,64,57,51,33,4,2,1.88,6.88,52.5,62.62,64.75,24.88,90.25,83.38,77.38,50.12,5.88,3.12
Asphalt_0cm_S11,2026-04-25T10:01:18.980788,2,8,61,73,79,31,114,106,106,75,9,4,1,6,48,58,56,21,75,68,61,40,5,3,2,7,56,63,69,26,94,87,77,48,6,3,2,10,80,86,96,38,145,133,119,77,9,5,2,8,52,65,66,26,89,84,84,52,6,4,2,7,45,55,54,21,74,68,64,40,4,3,2,4,40,58,52,18,67,64,57,36,4,2,1,5,38,43,47,18,64,57,51,33,4,2,1.75,6.88,52.5,62.62,64.88,24.88,90.25,83.38,77.38,50.12,5.88,3.25
Asphalt_0cm_S11,2026-04-25T10:01:19.069664,2,8,61,73,79,31,114,106,106,75,9,4,1,6,48,58,56,21,75,68,61,40,5,3,2,7,56,63,69,26,94,87,77,48,6,3,2,11,80,86,96,38,145,132,119,77,9,5,2,8,52,65,66,26,88,84,84,52,6,4,2,7,45,55,54,21,74,68,64,40,4,3,2,5,39,59,52,18,67,63,57,36,4,2,1,5,38,43,47,17,64,57,51,33,4,2,1.75,7.12,52.38,62.75,64.88,24.75,90.12,83.12,77.38,50.12,5.88,3.25
Asphalt_0cm_S11,2026-04-25T10:01:19.152078,2,8,61,73,79,31,114,106,106,75,9,4,2,6,47,58,56,21,75,68,61,40,5,3,2,7,56,63,69,26,94,87,77,48,6,3,2,11,80,86,96,37,145,133,119,77,9,5,2,8,52,64,66,26,88,84,84,52,6,4,2,7,45,55,54,21,74,68,64,40,4,3,2,5,39,59,52,18,67,63,57,36,4,2,1,5,38,43,47,17,64,57,51,33,4,2,1.88,7.12,52.25,62.62,64.88,24.62,90.12,83.25,77.38,50.12,5.88,3.25
Asphalt_0cm_S11,2026-04-25T10:01:19.237564,2,8,61,73,79,31,114,106,106,75,9,4,2,6,47,58,56,21,75,68,61,40,5,3,2,7,56,63,69,26,94,87,77,48,6,3,2,11,80,86,96,37,145,133,119,77,9,5,2,8,52,64,66,26,88,84,84,52,6,4,2,7,45,55,54,21,74,68,64,40,4,3,2,5,40,59,52,18,67,63,57,36,4,2,1,5,37,43,47,18,64,57,51,33,4,2,1.88,7.12,52.25,62.62,64.88,24.75,90.12,83.25,77.38,50.12,5.88,3.25
Asphalt_0cm_S11,2026-04-25T10:01:19.323912,2,8,61,73,79,31,114,106,106,75,9,4,1,6,47,58,56,21,75,68,61,40,5,2,2,7,56,62,68,26,94,87,77,48,6,3,2,10,80,86,96,37,145,134,119,78,9,5,2,8,52,65,65,26,89,84,84,52,6,4,2,7,45,55,54,21,74,68,64,40,4,3,2,5,40,59,52,18,67,63,57,36,4,2,1,5,37,43,47,18,64,57,51,33,4,2,1.75,7.0,52.25,62.62,64.62,24.75,90.25,83.38,77.38,50.25,5.88,3.12
Asphalt_0cm_S11,2026-04-25T10:01:19.406563,2,8,61,73,79,31,114,106,106,74,9,4,1,6,47,58,56,21,75,68,61,40,5,2,2,7,56,62,68,26,94,87,77,48,6,3,2,10,80,86,96,37,145,134,119,78,9,5,2,8,52,65,65,26,89,84,84,52,6,4,2,7,45,55,54,21,74,68,64,39,4,3,2,5,40,59,52,18,67,63,57,36,4,2,1,5,38,43,47,17,64,57,51,33,4,2,1.75,7.0,52.38,62.62,64.62,24.62,90.25,83.38,77.38,50.0,5.88,3.12
Asphalt_0cm_S11,2026-04-25T10:01:19.487218,2,8,61,73,79,31,114,106,106,74,9,4,2,6,48,58,56,21,75,68,61,40,5,2,2,7,56,63,69,26,94,87,77,48,6,3,2,11,80,86,96,38,145,133,120,77,9,5,2,8,52,65,66,26,88,84,84,52,6,4,2,7,45,55,54,21,74,68,64,39,4,3,2,5,40,59,52,18,67,63,57,36,4,2,1,5,38,43,47,17,64,57,51,33,4,2,1.88,7.12,52.5,62.75,64.88,24.75,90.12,83.25,77.5,49.88,5.88,3.12
Asphalt_0cm_S11,2026-04-25T10:01:19.578768,2,8,61,73,80,31,114,106,106,75,9,4,2,6,48,58,56,21,75,68,61,40,5,2,2,7,56,63,69,26,94,87,77,48,6,3,2,11,80,86,96,38,145,133,120,77,9,5,2,8,52,65,66,26,88,84,84,52,6,4,2,7,45,55,54,21,74,68,64,40,4,3,2,5,39,59,52,18,67,64,57,36,4,2,1,5,38,43,47,18,64,57,51,33,4,2,1.88,7.12,52.38,62.75,65.0,24.88,90.12,83.38,77.5,50.12,5.88,3.12
Asphalt_0cm_S11,2026-04-25T10:01:19.662325,2,8,61,73,80,31,114,106,106,75,9,4,2,6,48,58,56,21,75,68,61,40,5,3,2,7,56,63,69,26,94,87,77,48,6,3,2,11,80,86,96,38,145,133,119,77,9,5,2,8,52,65,66,26,88,84,84,52,6,4,2,7,45,55,54,21,74,68,65,40,4,3,2,5,39,59,52,18,67,64,57,36,4,2,1,5,38,43,47,18,64,57,51,33,4,2,1.88,7.12,52.38,62.75,65.0,24.88,90.12,83.38,77.5,50.12,5.88,3.25
Asphalt_0cm_S11,2026-04-25T10:01:19.754300,2,8,61,73,79,31,114,106,106,75,9,4,2,6,48,58,56,21,75,68,61,40,5,3,2,7,56,63,69,26,94,87,77,48,6,3,2,11,80,86,96,38,145,133,119,77,9,5,2,8,52,65,66,26,88,84,84,52,6,4,2,7,45,55,54,21,74,68,65,40,4,3,1,4,40,58,52,18,67,63,57,36,4,2,1,5,38,43,47,17,64,57,51,33,4,2,1.75,7.0,52.5,62.62,64.88,24.75,90.12,83.25,77.5,50.12,5.88,3.25
Asphalt_0cm_S11,2026-04-25T10:01:19.834499,2,8,61,73,79,31,114,106,106,75,9,4,1,6,48,58,56,21,75,68,61,40,5,3,2,7,55,63,69,26,94,87,77,48,6,3,2,10,80,86,96,37,145,133,119,77,9,5,2,8,52,65,66,26,88,84,84,52,6,4,2,7,45,55,54,21,74,68,64,40,4,3,1,4,40,58,52,18,67,63,57,36,4,2,1,5,38,43,47,17,64,57,51,33,4,2,1.62,6.88,52.38,62.62,64.88,24.62,90.12,83.25,77.38,50.12,5.88,3.25
Asphalt_0cm_S11,2026-04-25T10:01:19.916810,2,8,61,73,79,31,114,106,106,75,9,4,1,6,48,58,56,21,75,68,61,40,5,3,2,7,55,63,69,26,94,87,77,48,6,3,2,10,80,86,96,37,145,133,119,77,9,5,2,8,52,65,66,26,88,84,84,52,6,4,2,7,45,55,54,21,74,68,64,40,4,3,2,5,39,59,52,18,67,64,57,36,4,2,1,5,38,43,47,18,65,57,51,33,4,2,1.75,7.0,52.25,62.75,64.88,24.75,90.25,83.38,77.38,50.12,5.88,3.25
Asphalt_0cm_S11,2026-04-25T10:01:20.008016,2,8,61,73,79,31,114,106,106,75,9,4,2,6,48,58,55,21,75,68,61,40,5,3,2,7,55,63,69,26,94,87,77,48,6,3,2,11,80,86,96,38,145,133,119,78,9,5,2,8,52,65,66,26,88,84,84,52,6,4,2,7,45,55,54,21,74,68,64,40,4,3,2,4,40,58,52,18,67,63,57,36,4,2,1,5,38,43,47,18,65,57,51,33,4,2,1.88,7.0,52.38,62.62,64.75,24.88,90.25,83.25,77.38,50.25,5.88,3.25
Asphalt_0cm_S11,2026-04-25T10:01:20.088175,2,8,61,73,79,31,114,106,106,75,9,4,2,6,48,58,56,21,75,68,61,40,5,3,2,7,55,63,69,26,94,87,77,48,6,3,2,11,80,86,96,38,145,133,119,78,9,5,2,8,52,65,66,26,88,84,84,52,6,4,2,7,45,55,54,21,74,68,64,40,4,3,2,4,40,58,52,18,67,63,57,36,4,2,1,5,38,43,47,18,64,57,51,33,4,2,1.88,7.0,52.38,62.62,64.88,24.88,90.12,83.25,77.38,50.25,5.88,3.25
Asphalt_0cm_S11,2026-04-25T10:01:20.168915,2,8,61,73,79,31,114,106,106,75,9,4,2,6,48,58,56,21,75,68,61,40,5,3,2,7,55,63,69,26,94,87,77,48,6,3,2,11,80,86,96,38,145,133,119,77,9,5,2,8,52,65,66,26,88,84,84,52,6,4,2,7,45,55,54,21,74,68,64,40,4,3,2,4,40,58,52,18,67,63,57,36,4,2,1,5,38,43,47,18,64,57,51,33,4,2,1.88,7.0,52.38,62.62,64.88,24.88,90.12,83.25,77.38,50.12,5.88,3.25
Asphalt_0cm_S11,2026-04-25T10:01:20.262436,2,8,61,73,79,31,114,106,105,75,9,4,1,6,48,58,56,21,75,68,61,40,5,2,2,7,55,63,69,26,94,87,77,48,6,3,2,11,80,86,96,38,145,133,119,77,9,5,2,8,52,65,66,26,88,84,84,52,6,4,2,7,45,55,54,21,74,68,64,40,4,3,2,5,39,59,52,18,67,64,57,36,4,2,1,5,38,43,47,18,65,57,51,33,4,2,1.75,7.12,52.25,62.75,64.88,24.88,90.25,83.38,77.25,50.12,5.88,3.12
Asphalt_0cm_S11,2026-04-25T10:01:20.345679,2,8,61,73,79,31,114,106,105,75,9,4,1,6,48,58,56,21,75,68,61,40,5,2,2,7,56,62,69,26,94,87,77,48,6,3,2,11,80,86,96,37,145,133,119,77,9,5,2,8,52,65,66,26,88,84,84,52,6,4,2,7,45,55,54,21,74,68,64,40,4,3,2,4,39,59,52,18,67,64,57,36,4,2,1,5,38,43,47,18,64,57,51,33,4,2,1.75,7.0,52.38,62.62,64.88,24.75,90.12,83.38,77.25,50.12,5.88,3.12
Asphalt_0cm_S11,2026-04-25T10:01:20.449635,2,8,61,74,79,31,114,106,106,75,9,4,1,6,48,58,56,21,75,68,61,40,5,3,2,7,56,63,68,26,94,87,77,48,6,3,2,11,80,86,96,37,145,133,119,77,9,5,2,8,52,65,66,26,88,84,84,52,6,4,2,7,45,55,54,21,74,68,64,40,4,3,2,4,39,59,52,18,67,64,57,36,4,2,1,5,38,43,47,18,64,57,51,33,4,2,1.75,7.0,52.38,62.88,64.75,24.75,90.12,83.38,77.38,50.12,5.88,3.25
Asphalt_0cm_S11,2026-04-25T10:01:20.528854,2,8,61,74,79,31,114,106,106,75,9,4,1,6,48,58,56,21,75,68,61,40,5,3,2,7,56,63,68,26,94,87,77,48,6,3,3,11,80,86,96,38,145,133,119,77,9,5,2,8,52,65,66,26,88,84,84,52,6,4,1,7,45,55,54,21,74,68,64,40,4,3,2,5,40,59,52,18,67,64,57,36,4,2,1,5,38,43,47,18,64,57,51,33,4,2,1.75,7.12,52.5,62.88,64.75,24.88,90.12,83.38,77.38,50.12,5.88,3.25
Asphalt_0cm_S11,2026-04-25T10:01:20.629817,2,8,61,73,79,31,114,106,106,75,9,4,1,6,48,58,56,21,75,68,61,40,5,2,2,7,56,63,69,26,94,87,77,48,6,3,2,10,80,86,96,37,145,134,119,77,9,5,2,8,52,65,66,26,88,84,84,52,6,4,1,7,45,55,54,21,74,68,64,40,4,3,2,5,40,59,52,18,67,64,57,36,4,2,1,5,38,43,47,18,64,57,51,33,4,2,1.62,7.0,52.5,62.75,64.88,24.75,90.12,83.5,77.38,50.12,5.88,3.12
Asphalt_0cm_S11,2026-04-25T10:01:20.715819,2,8,61,73,79,31,114,106,106,75,9,4,1,6,48,58,56,21,75,68,61,40,5,2,2,7,56,63,69,26,94,87,77,48,6,3,2,10,80,86,96,37,145,134,119,77,9,5,2,8,52,65,66,26,88,84,84,52,6,4,2,7,45,55,54,21,74,68,64,40,4,3,1,5,40,59,52,18,67,63,57,36,4,2,1,5,38,43,47,18,65,57,51,33,4,2,1.62,7.0,52.5,62.75,64.88,24.75,90.25,83.38,77.38,50.12,5.88,3.12
Asphalt_0cm_S11,2026-04-25T10:01:20.817815,2,8,61,73,79,31,114,106,106,75,9,4,2,6,47,58,55,21,75,68,61,40,5,3,2,7,56,63,69,26,94,87,77,48,6,3,2,11,80,86,96,38,145,134,119,77,9,5,2,8,52,65,66,26,88,84,84,52,6,4,2,7,45,55,54,21,74,68,64,40,4,3,1,5,40,59,52,18,67,63,57,36,4,2,1,5,38,43,47,18,65,57,51,33,4,2,1.75,7.12,52.38,62.75,64.75,24.88,90.25,83.38,77.38,50.12,5.88,3.25
Asphalt_0cm_S11,2026-04-25T10:01:20.900635,2,8,61,73,79,31,114,106,106,74,9,4,2,6,47,58,55,21,75,68,61,40,5,3,2,7,56,63,69,26,94,87,77,48,6,3,2,11,80,86,96,38,145,134,119,77,9,5,2,8,52,65,66,26,88,84,84,52,6,4,2,7,45,55,54,21,74,68,64,40,4,3,2,5,39,59,52,18,67,64,57,36,4,2,1,5,38,43,47,18,64,57,51,33,4,2,1.88,7.12,52.25,62.75,64.75,24.88,90.12,83.5,77.38,50.0,5.88,3.25
Asphalt_0cm_S11,2026-04-25T10:01:20.987018,2,8,61,73,79,31,114,106,106,74,9,4,2,6,47,58,55,21,75,68,61,40,5,3,2,7,56,63,69,26,94,87,77,48,6,3,2,10,80,86,96,38,145,133,119,77,9,5,2,8,52,65,66,26,88,84,84,52,6,4,2,7,45,55,54,21,74,68,64,40,4,3,2,5,39,59,52,18,67,64,57,36,4,2,1,5,38,43,47,18,64,57,51,33,4,2,1.88,7.0,52.25,62.75,64.75,24.88,90.12,83.38,77.38,50.0,5.88,3.25
Asphalt_0cm_S11,2026-04-25T10:01:21.073180,2,8,61,73,79,31,114,106,106,75,9,4,1,6,47,58,55,21,75,68,61,40,5,2,2,7,56,63,69,26,94,87,77,48,6,3,2,10,80,86,96,38,145,133,119,77,9,5,2,8,52,65,66,26,88,84,84,52,6,4,2,7,45,55,54,21,74,68,64,40,4,3,2,5,40,59,52,18,67,64,57,36,4,2,1,5,38,43,47,18,65,57,51,33,4,2,1.75,7.0,52.38,62.75,64.75,24.88,90.25,83.38,77.38,50.12,5.88,3.12
Asphalt_0cm_S11,2026-04-25T10:01:21.154718,2,8,61,73,79,31,114,106,106,75,9,4,1,6,47,58,55,21,75,68,61,40,5,2,2,7,55,63,69,26,94,87,77,48,6,3,2,10,80,86,96,37,145,134,120,77,9,5,2,8,52,64,65,26,88,84,84,52,6,4,2,7,45,55,54,21,74,68,65,39,4,3,2,5,40,59,52,18,67,64,57,36,4,2,1,5,38,43,47,18,65,57,51,33,4,2,1.75,7.0,52.25,62.62,64.62,24.75,90.25,83.5,77.62,50.0,5.88,3.12
Asphalt_0cm_S11,2026-04-25T10:01:21.259333,2,8,61,73,79,31,114,106,106,75,9,4,2,6,47,58,56,21,75,68,61,40,5,3,2,7,56,63,68,26,94,87,77,48,6,3,2,10,80,86,96,37,145,134,120,77,9,5,2,8,52,64,65,26,88,84,84,52,6,4,2,7,45,55,54,21,74,68,65,39,4,3,2,5,40,59,52,18,67,64,57,36,4,2,1,5,38,43,47,17,65,57,51,33,4,2,1.88,7.0,52.38,62.62,64.62,24.62,90.25,83.5,77.62,50.0,5.88,3.25
Asphalt_0cm_S11,2026-04-25T10:01:21.341447,2,8,61,73,79,31,114,106,106,75,9,4,2,6,47,58,56,21,75,68,61,40,5,3,2,7,56,63,68,26,94,87,77,48,6,3,2,11,80,86,96,38,145,133,119,77,9,5,2,8,52,65,66,26,88,84,84,52,6,4,2,7,45,55,54,21,74,68,64,40,4,3,2,4,39,59,52,18,67,64,57,36,4,2,1,5,38,43,47,17,65,57,51,33,4,2,1.88,7.0,52.25,62.75,64.75,24.75,90.25,83.38,77.38,50.12,5.88,3.25
Asphalt_0cm_S11,2026-04-25T10:01:21.423614,2,8,61,73,79,31,114,106,105,75,9,4,1,6,48,58,56,21,75,68,61,40,5,2,2,7,56,63,69,26,94,87,77,48,6,3,2,11,80,86,96,38,145,133,119,77,9,5,2,8,52,65,66,26,88,84,84,52,6,4,2,7,45,55,54,21,74,68,64,40,4,3,2,4,39,59,52,18,67,64,57,36,4,2,1,5,38,43,47,18,64,57,51,33,4,2,1.75,7.0,52.38,62.75,64.88,24.88,90.12,83.38,77.25,50.12,5.88,3.12
Asphalt_0cm_S11,2026-04-25T10:01:21.517153,2,8,61,73,79,31,114,106,105,75,9,4,1,6,48,58,56,21,75,68,61,40,5,2,2,7,56,63,69,26,94,87,77,48,6,3,2,10,80,86,96,38,145,133,119,77,9,5,2,8,52,65,66,26,88,84,84,52,6,4,2,7,46,55,54,21,74,69,64,39,4,3,2,5,39,58,52,18,67,63,57,36,4,2,1,5,38,43,47,18,64,57,51,33,4,2,1.75,7.0,52.5,62.62,64.88,24.88,90.12,83.38,77.25,50.0,5.88,3.12
Asphalt_0cm_S11,2026-04-25T10:01:21.597868,2,8,61,73,79,31,114,106,106,75,9,4,2,6,48,58,55,21,75,68,61,40,5,3,2,7,56,63,69,26,94,87,77,48,6,3,2,10,80,86,96,38,145,133,119,77,9,5,2,8,52,65,66,26,88,84,84,52,6,4,2,7,46,55,54,21,74,69,64,39,4,3,2,5,39,58,52,18,67,63,57,36,4,2,1,5,38,43,47,18,64,57,51,33,4,2,1.88,7.0,52.5,62.62,64.75,24.88,90.12,83.38,77.38,50.0,5.88,3.25
Asphalt_0cm_S11,2026-04-25T10:01:21.688448,2,8,61,73,79,31,114,106,106,75,9,4,2,6,48,58,55,21,75,68,61,40,5,3,2,7,56,63,69,26,94,87,77,48,6,3,2,11,80,86,96,38,145,133,119,77,9,5,2,8,52,65,66,26,88,84,84,52,6,4,2,7,45,55,54,21,74,68,64,40,4,3,2,5,39,59,52,18,67,64,57,36,4,2,1,5,38,43,47,18,64,57,51,33,4,2,1.88,7.12,52.38,62.75,64.75,24.88,90.12,83.38,77.38,50.12,5.88,3.25
Asphalt_0cm_S11,2026-04-25T10:01:21.797037,2,8,61,73,79,31,114,106,105,75,9,4,2,6,48,58,55,21,75,68,61,41,5,3,2,7,55,63,69,26,94,87,77,48,6,3,2,10,80,86,96,37,144,133,119,77,9,5,2,8,52,65,66,26,88,84,84,52,6,4,2,7,45,55,54,21,74,68,64,40,4,3,2,5,39,59,52,18,67,64,57,36,4,2,1,5,38,43,47,18,64,57,51,33,4,2,1.88,7.0,52.25,62.75,64.75,24.75,90.0,83.38,77.25,50.25,5.88,3.25
Asphalt_0cm_S11,2026-04-25T10:01:21.879395,2,8,61,73,79,31,114,106,105,75,9,4,2,6,48,58,55,21,75,68,61,41,5,3,2,7,55,63,69,26,94,87,77,48,6,3,2,10,80,86,96,37,144,133,119,77,9,5,2,8,52,65,66,26,88,84,84,52,6,4,2,7,45,55,54,21,74,68,64,40,4,3,2,4,40,59,52,18,67,63,57,36,4,2,1,5,38,43,47,18,64,57,51,33,4,2,1.88,6.88,52.38,62.75,64.75,24.75,90.0,83.25,77.25,50.25,5.88,3.25
Asphalt_0cm_S11,2026-04-25T10:01:21.957559,2,8,61,73,79,31,114,106,105,75,9,4,1,6,48,58,56,21,75,68,61,40,5,3,2,7,56,63,69,26,94,87,77,48,6,3,2,10,80,86,96,37,144,133,119,77,9,5,2,8,52,65,66,26,88,84,84,52,6,4,2,7,45,55,54,21,74,68,64,40,4,3,2,4,40,59,52,18,67,63,57,36,4,2,1,5,38,43,47,18,64,57,51,33,4,2,1.75,6.88,52.5,62.75,64.88,24.75,90.0,83.25,77.25,50.12,5.88,3.25
Asphalt_0cm_S11,2026-04-25T10:01:22.037900,2,8,61,73,79,31,114,106,105,75,9,4,1,6,48,58,56,21,75,68,61,40,5,3,2,7,56,63,69,26,94,87,77,48,6,3,2,10,80,86,96,37,144,133,119,77,9,5,2,8,52,65,66,26,88,84,84,52,6,4,2,7,45,55,54,21,74,68,64,40,4,3,2,5,40,59,52,18,67,64,57,36,4,2,1,5,38,43,47,18,64,57,51,33,4,2,1.75,7.0,52.5,62.75,64.88,24.75,90.0,83.38,77.25,50.12,5.88,3.25
Asphalt_0cm_S11,2026-04-25T10:01:22.130397,2,8,61,73,79,31,114,106,105,75,9,4,1,6,48,58,56,21,75,68,61,40,5,3,2,7,56,63,68,26,94,87,77,48,6,3,2,10,80,86,96,38,144,133,119,77,9,5,2,8,52,65,66,26,88,84,84,52,6,4,2,7,45,55,54,21,74,68,64,40,4,3,2,5,40,59,52,18,67,64,57,36,4,2,1,5,38,43,47,18,64,57,51,33,4,2,1.75,7.0,52.5,62.75,64.75,24.88,90.0,83.38,77.25,50.12,5.88,3.25
Asphalt_0cm_S11,2026-04-25T10:01:22.210863,2,8,61,73,79,31,114,106,105,75,9,4,1,6,48,58,56,21,75,68,61,40,5,3,2,7,56,63,68,26,94,87,77,48,6,3,2,10,80,86,96,38,144,133,119,77,9,5,2,8,52,65,66,26,88,84,84,52,6,4,2,7,45,55,54,21,74,68,64,40,4,3,2,5,40,59,52,18,67,64,57,36,4,2,1,5,38,43,47,18,65,57,51,33,4,2,1.75,7.0,52.5,62.75,64.75,24.88,90.12,83.38,77.25,50.12,5.88,3.25
Asphalt_0cm_S11,2026-04-25T10:01:22.290147,2,8,61,73,79,31,114,106,106,75,9,4,1,6,47,58,55,21,75,68,61,40,5,2,2,7,56,63,69,26,94,87,77,48,6,3,2,10,80,86,96,37,144,133,119,77,9,5,2,8,52,65,66,26,88,84,84,52,6,4,2,7,45,55,54,21,74,68,64,40,4,3,2,5,40,59,52,18,67,64,57,36,4,2,1,5,38,43,47,18,65,57,51,33,4,2,1.75,7.0,52.38,62.75,64.75,24.75,90.12,83.38,77.38,50.12,5.88,3.12
Asphalt_0cm_S11,2026-04-25T10:01:22.385042,2,8,61,73,79,31,114,106,106,75,9,4,1,6,47,58,55,21,75,68,61,40,5,2,2,7,56,63,69,26,94,87,77,48,6,3,2,10,80,86,96,37,144,133,119,77,9,5,2,8,52,65,66,26,88,84,84,52,6,4,2,7,45,55,54,21,74,68,64,40,4,3,1,4,40,58,52,18,67,63,57,36,4,2,1,5,38,43,47,17,64,57,51,33,4,2,1.62,6.88,52.38,62.62,64.75,24.62,90.0,83.25,77.38,50.12,5.88,3.12
Asphalt_0cm_S11,2026-04-25T10:01:22.467216,2,8,61,73,79,31,114,106,106,75,9,4,2,6,47,58,55,21,75,68,61,40,5,3,2,7,55,63,69,26,94,87,77,48,6,3,2,11,80,86,96,38,145,133,119,77,9,5,2,8,52,65,65,26,88,84,84,52,6,4,2,7,45,55,54,21,74,68,64,40,4,3,1,4,40,58,52,18,67,63,57,36,4,2,1,5,38,43,47,17,64,57,51,33,4,2,1.75,7.0,52.25,62.62,64.62,24.75,90.12,83.25,77.38,50.12,5.88,3.25
Asphalt_0cm_S11,2026-04-25T10:01:22.552260,2,8,61,73,79,31,114,106,106,75,9,4,2,6,47,58,55,21,75,68,61,40,5,3,2,7,55,63,69,26,94,87,77,48,6,3,2,11,80,86,96,38,145,133,119,77,9,5,2,8,52,65,65,26,88,84,84,52,6,4,2,7,45,55,54,21,74,68,64,40,4,3,2,5,40,59,52,18,67,63,57,36,4,2,1,5,38,43,47,17,65,57,51,33,4,2,1.88,7.12,52.25,62.75,64.62,24.75,90.25,83.25,77.38,50.12,5.88,3.25
Asphalt_0cm_S11,2026-04-25T10:01:22.634644,2,8,61,73,79,31,114,106,106,75,9,4,2,6,47,58,55,21,75,68,61,40,5,3,2,7,56,63,69,26,93,87,77,48,6,3,2,10,80,86,96,37,145,133,119,77,9,5,2,8,52,65,65,26,88,84,84,52,6,4,2,7,45,55,54,21,74,68,64,40,4,3,2,5,40,59,52,18,67,63,57,36,4,2,1,5,38,43,47,17,65,57,51,33,4,2,1.88,7.0,52.38,62.75,64.62,24.62,90.12,83.25,77.38,50.12,5.88,3.25
Asphalt_0cm_S11,2026-04-25T10:01:22.719582,2,8,61,73,79,31,114,106,105,74,9,4,2,6,47,58,55,21,75,68,61,40,5,3,2,7,56,63,69,26,93,87,77,48,6,3,2,10,80,86,96,37,145,133,119,77,9,5,2,8,52,65,65,26,88,84,84,52,6,4,2,7,45,55,54,21,74,68,64,39,4,3,2,5,40,59,52,18,67,63,57,36,4,2,1,5,38,43,47,18,64,57,51,33,4,2,1.88,7.0,52.38,62.75,64.62,24.75,90.0,83.25,77.25,49.88,5.88,3.25
