label,timestamp,S0_405nm,S0_425nm,S0_450nm,S0_475nm,S0_515nm,S0_550nm,S0_555nm,S0_600nm,S0_640nm,S0_690nm,S0_745nm,S0_855nm,S1_405nm,S1_425nm,S1_450nm,S1_475nm,S1_515nm,S1_550nm,S1_555nm,S1_600nm,S1_640nm,S1_690nm,S1_745nm,S1_855nm,S2_405nm,S2_425nm,S2_450nm,S2_475nm,S2_515nm,S2_550nm,S2_555nm,S2_600nm,S2_640nm,S2_690nm,S2_745nm,S2_855nm,S3_405nm,S3_425nm,S3_450nm,S3_475nm,S3_515nm,S3_550nm,S3_555nm,S3_600nm,S3_640nm,S3_690nm,S3_745nm,S3_855nm,S4_405nm,S4_425nm,S4_450nm,S4_475nm,S4_515nm,S4_550nm,S4_555nm,S4_600nm,S4_640nm,S4_690nm,S4_745nm,S4_855nm,S5_405nm,S5_425nm,S5_450nm,S5_475nm,S5_515nm,S5_550nm,S5_555nm,S5_600nm,S5_640nm,S5_690nm,S5_745nm,S5_855nm,S6_405nm,S6_425nm,S6_450nm,S6_475nm,S6_515nm,S6_550nm,S6_555nm,S6_600nm,S6_640nm,S6_690nm,S6_745nm,S6_855nm,S7_405nm,S7_425nm,S7_450nm,S7_475nm,S7_515nm,S7_550nm,S7_555nm,S7_600nm,S7_640nm,S7_690nm,S7_745nm,S7_855nm,AVG_405nm,AVG_425nm,AVG_450nm,AVG_475nm,AVG_515nm,AVG_550nm,AVG_555nm,AVG_600nm,AVG_640nm,AVG_690nm,AVG_745nm,AVG_855nm
Asphalt_0cm_S4,2026-04-02T17:03:05.257062,8,18,102,121,134,51,184,167,155,110,21,36,13,28,154,180,209,80,278,257,233,162,33,48,6,15,82,106,110,44,148,141,137,92,16,23,5,12,72,95,92,39,125,122,125,80,12,16,3,10,68,90,89,36,118,114,109,70,9,7,2,7,49,66,64,25,87,80,78,53,6,4,3,11,76,107,102,39,131,126,119,72,8,7,5,15,99,119,126,51,175,161,153,99,14,14,5.62,14.5,87.75,110.5,115.75,45.62,155.75,146.0,138.62,92.25,14.88,19.38
Asphalt_0cm_S4,2026-04-02T17:03:05.386867,8,19,102,121,134,52,184,167,156,110,21,35,13,28,155,180,210,80,279,258,233,163,33,49,6,15,82,106,110,44,148,141,137,92,16,23,5,12,72,95,92,39,125,122,125,80,12,16,3,10,68,90,89,36,118,114,109,70,9,7,2,7,49,66,63,25,87,80,78,53,6,4,3,11,76,107,102,39,131,126,119,73,8,7,5,15,99,118,126,51,174,161,153,99,14,14,5.62,14.62,87.88,110.38,115.75,45.75,155.75,146.12,138.75,92.5,14.88,19.38
Asphalt_0cm_S4,2026-04-02T17:03:05.511216,8,19,102,121,134,52,184,167,156,110,21,35,13,28,155,180,210,80,279,258,233,163,33,49,7,15,82,107,111,44,148,142,137,92,16,23,5,12,72,95,92,39,125,122,125,80,12,16,3,10,68,90,89,36,119,114,108,70,9,7,2,7,49,66,64,25,87,80,78,53,6,4,4,11,76,107,102,39,131,126,119,73,8,7,5,15,99,118,125,50,174,161,153,99,14,14,5.88,14.62,87.88,110.5,115.88,45.62,155.88,146.25,138.62,92.5,14.88,19.38
Asphalt_0cm_S4,2026-04-02T17:03:05.632295,8,19,102,121,133,51,184,167,155,110,21,36,13,28,155,180,210,80,279,258,233,163,33,49,7,15,82,107,111,44,148,142,137,92,16,23,5,12,72,95,92,39,125,122,125,80,12,16,3,10,68,90,89,36,118,114,108,70,9,7,3,7,49,66,64,25,87,80,78,53,6,4,4,11,76,107,102,39,131,126,119,73,8,7,5,15,99,118,125,50,174,161,153,99,14,14,6.0,14.62,87.88,110.5,115.75,45.5,155.75,146.25,138.5,92.5,14.88,19.5
Asphalt_0cm_S4,2026-04-02T17:03:05.748604,8,19,102,121,133,52,184,167,156,110,22,36,14,28,155,181,210,80,280,258,233,163,33,49,7,15,82,107,111,44,148,142,137,92,17,23,5,12,72,95,92,39,125,122,125,80,12,16,3,10,68,90,89,36,118,114,108,70,9,7,3,7,49,66,64,25,87,80,78,53,6,4,3,11,76,107,102,39,131,126,119,72,8,7,5,15,99,118,126,51,175,161,153,100,14,14,6.0,14.62,87.88,110.62,115.88,45.75,156.0,146.25,138.62,92.5,15.12,19.5
Asphalt_0cm_S4,2026-04-02T17:03:05.859438,8,19,102,121,133,52,184,167,156,110,22,36,14,28,155,181,210,80,280,258,233,163,33,49,7,15,82,107,111,44,148,142,137,92,17,23,5,13,72,96,92,39,125,122,125,80,12,16,3,10,68,90,89,36,119,114,109,70,9,7,2,7,49,66,63,25,87,80,78,53,6,4,3,11,76,107,102,39,131,126,119,73,8,7,5,15,99,119,126,51,175,161,153,100,14,14,5.88,14.75,87.88,110.88,115.75,45.75,156.12,146.25,138.75,92.62,15.12,19.5
Asphalt_0cm_S4,2026-04-02T17:03:06.011588,8,18,102,121,134,51,184,167,155,110,22,36,14,28,155,181,210,80,280,258,234,164,34,50,7,15,83,107,111,44,148,142,137,92,17,24,5,13,72,96,92,39,125,122,125,80,12,16,3,10,68,90,89,36,119,114,109,70,9,7,2,7,49,66,63,25,87,80,78,53,6,4,3,11,76,107,102,39,131,126,119,73,8,7,5,15,99,119,126,51,175,161,153,100,14,14,5.88,14.62,88.0,110.88,115.88,45.62,156.12,146.25,138.75,92.75,15.25,19.75
Asphalt_0cm_S4,2026-04-02T17:03:06.132558,8,19,102,121,134,51,184,167,156,110,21,36,14,29,155,181,210,81,280,259,234,164,34,50,7,15,82,107,111,44,149,142,138,92,17,24,5,13,72,96,93,39,126,122,126,80,12,17,3,10,68,90,89,36,119,115,109,70,9,7,2,7,49,66,63,25,87,80,78,53,6,4,3,11,76,108,102,39,131,126,119,73,8,7,5,15,99,119,126,51,175,161,153,100,14,14,5.88,14.88,87.88,111.0,116.0,45.75,156.38,146.5,139.12,92.75,15.12,19.88
Asphalt_0cm_S4,2026-04-02T17:03:06.265586,8,18,102,121,134,51,184,167,155,110,22,36,14,29,155,181,210,81,280,259,234,164,34,50,7,15,82,107,111,44,149,142,138,92,17,24,5,13,72,96,93,39,126,122,126,80,12,17,3,10,68,90,89,36,119,115,109,70,9,7,2,7,49,66,63,25,87,80,78,53,6,4,3,11,76,107,102,39,131,126,119,73,8,7,5,15,99,118,126,51,174,161,153,99,14,14,5.88,14.75,87.88,110.75,116.0,45.75,156.25,146.5,139.0,92.62,15.25,19.88
Asphalt_0cm_S4,2026-04-02T17:03:06.376116,8,18,102,121,134,51,184,167,155,110,22,36,14,29,155,181,210,81,280,259,234,164,34,50,7,15,82,107,111,44,149,142,138,92,17,24,5,13,72,96,93,39,126,122,126,80,12,17,3,10,68,90,89,36,119,114,109,70,9,7,2,7,49,66,63,25,87,80,78,53,6,4,3,11,76,108,102,39,131,126,119,72,8,7,5,15,99,119,126,51,174,161,153,99,14,14,5.88,14.75,87.88,111.0,116.0,45.75,156.25,146.38,139.0,92.5,15.25,19.88
Asphalt_0cm_S4,2026-04-02T17:03:06.503117,8,19,102,120,133,52,184,167,155,110,21,35,14,29,155,181,210,81,280,259,234,164,34,50,7,15,82,107,111,44,149,142,138,92,17,24,5,13,72,96,93,39,126,122,126,80,12,17,3,10,68,90,89,36,119,114,109,70,9,7,2,7,49,66,63,25,87,80,78,53,6,4,3,11,76,108,102,39,131,126,119,72,8,7,5,15,99,119,126,51,174,161,153,99,14,14,5.88,14.88,87.88,110.88,115.88,45.88,156.25,146.38,139.0,92.5,15.12,19.75
Asphalt_0cm_S4,2026-04-02T17:03:06.614725,8,19,102,121,134,51,184,167,156,110,22,36,14,29,155,181,210,80,280,259,234,164,34,50,7,15,82,107,111,44,149,142,138,92,17,24,5,13,72,96,92,39,126,122,126,80,12,17,3,10,68,90,89,36,119,114,109,70,9,7,2,7,49,66,63,25,86,81,78,53,6,4,3,11,76,107,102,39,131,127,119,73,8,7,5,15,99,119,126,51,175,161,153,100,14,14,5.88,14.88,87.88,110.88,115.88,45.62,156.25,146.62,139.12,92.75,15.25,19.88
Asphalt_0cm_S4,2026-04-02T17:03:06.733596,8,19,102,121,134,51,184,167,156,110,22,36,14,29,155,181,210,80,280,259,234,164,34,50,7,15,82,107,111,44,149,142,138,92,17,24,5,13,72,96,92,39,126,122,126,80,12,17,3,10,68,90,89,36,119,114,109,70,9,7,2,7,49,66,64,25,87,80,78,53,6,4,3,11,76,107,102,39,131,126,119,72,8,7,5,15,99,118,126,51,174,161,153,100,14,14,5.88,14.88,87.88,110.75,116.0,45.62,156.25,146.38,139.12,92.62,15.25,19.88
Asphalt_0cm_S4,2026-04-02T17:03:06.847637,8,19,102,121,134,51,184,167,156,110,22,36,14,29,155,181,210,80,280,258,233,164,34,50,7,15,82,107,111,44,149,142,138,92,17,24,5,13,72,96,92,39,126,122,126,80,12,17,3,10,68,90,89,36,119,114,109,70,9,7,2,7,49,66,63,25,87,80,78,53,6,4,3,11,76,107,102,39,131,126,119,72,8,7,5,15,99,118,126,51,175,161,153,99,14,14,5.88,14.88,87.88,110.75,115.88,45.62,156.38,146.25,139.0,92.5,15.25,19.88
Asphalt_0cm_S4,2026-04-02T17:03:06.964954,8,19,102,121,133,52,184,167,155,110,22,35,14,29,155,181,210,80,279,258,233,163,33,49,7,15,82,107,111,44,149,143,138,92,17,24,5,13,72,96,92,39,126,122,126,80,12,17,3,10,68,90,89,36,119,114,109,70,9,7,2,7,49,66,63,25,87,80,78,53,6,4,3,11,76,107,102,39,131,126,119,72,8,7,5,15,99,118,126,51,175,161,153,99,14,14,5.88,14.88,87.88,110.75,115.75,45.75,156.25,146.38,138.88,92.38,15.12,19.62
Asphalt_0cm_S4,2026-04-02T17:03:07.075857,8,18,102,121,133,51,184,167,155,110,21,35,14,28,155,181,210,80,280,258,233,163,33,49,7,15,83,107,111,44,149,143,138,92,17,24,5,13,72,96,92,39,126,122,126,80,12,17,3,10,68,90,89,36,119,114,109,70,9,7,2,7,49,66,63,25,87,80,78,54,6,4,3,11,76,107,102,39,131,126,119,72,8,7,5,15,99,118,126,51,175,162,153,99,14,14,5.88,14.62,88.0,110.75,115.75,45.62,156.38,146.5,138.88,92.5,15.0,19.62
Asphalt_0cm_S4,2026-04-02T17:03:07.186354,8,18,102,121,133,51,184,167,155,110,21,35,14,28,155,181,210,80,280,258,233,163,33,49,7,15,83,107,111,44,149,143,138,92,17,24,5,13,72,96,92,39,126,122,126,80,12,17,3,10,68,90,89,36,119,114,109,70,9,7,3,7,49,66,64,25,87,80,78,53,6,4,3,11,76,107,102,39,131,127,119,72,8,7,5,15,99,118,126,51,175,161,153,100,14,14,6.0,14.62,88.0,110.75,115.88,45.62,156.38,146.5,138.88,92.5,15.0,19.62
Asphalt_0cm_S4,2026-04-02T17:03:07.297801,8,19,102,121,134,51,185,168,156,110,22,36,14,29,155,181,210,80,280,258,234,164,33,50,7,15,82,107,111,44,148,142,138,92,17,24,5,13,72,95,92,39,126,122,126,80,12,17,3,10,68,90,89,36,119,114,109,70,9,7,3,7,49,66,64,25,87,80,78,53,6,4,3,11,76,107,102,39,131,127,119,72,8,7,5,15,99,118,126,51,175,161,153,100,14,14,6.0,14.88,87.88,110.62,116.0,45.62,156.38,146.5,139.12,92.62,15.12,19.88
Asphalt_0cm_S4,2026-04-02T17:03:07.408717,8,19,102,121,134,52,184,168,156,111,22,36,14,29,155,181,210,80,280,258,234,164,33,50,7,15,82,107,111,44,148,142,138,92,17,24,5,13,72,95,92,39,126,122,126,80,12,17,3,10,68,90,89,36,119,114,109,70,9,7,3,7,49,66,64,25,87,80,78,53,6,4,3,11,76,107,102,39,131,126,119,73,8,7,5,15,98,118,126,51,174,161,153,99,14,14,6.0,14.88,87.75,110.62,116.0,45.75,156.12,146.38,139.12,92.75,15.12,19.88
Asphalt_0cm_S4,2026-04-02T17:03:07.520165,8,19,102,121,134,52,184,168,156,111,22,36,14,28,155,181,210,80,280,259,234,164,34,50,7,15,83,107,111,44,149,143,138,93,17,24,5,12,72,96,93,39,126,122,126,80,12,17,3,10,68,90,89,36,119,114,109,70,9,7,2,7,49,66,64,25,87,81,78,54,6,4,3,11,76,107,102,39,131,126,119,73,8,7,5,15,99,118,126,51,175,161,153,99,14,14,5.88,14.62,88.0,110.75,116.12,45.75,156.38,146.75,139.12,93.0,15.25,19.88
Asphalt_0cm_S4,2026-04-02T17:03:07.648208,8,18,103,121,134,52,185,168,156,111,22,37,14,29,155,181,210,81,280,259,234,164,34,50,7,15,83,107,111,44,149,143,138,93,17,24,5,13,72,96,92,39,126,122,126,80,12,17,3,10,68,90,89,36,119,114,109,70,9,7,2,7,49,66,63,25,87,80,78,53,6,4,3,11,76,107,102,39,131,126,119,73,8,7,5,15,99,118,126,51,175,161,153,99,14,14,5.88,14.75,88.12,110.75,115.88,45.88,156.5,146.62,139.12,92.88,15.25,20.0
Asphalt_0cm_S4,2026-04-02T17:03:07.759356,8,18,103,121,134,52,185,168,156,111,22,37,14,29,155,181,210,81,280,259,234,164,34,50,7,15,83,107,111,44,149,143,138,93,17,24,5,13,72,96,92,39,126,122,126,80,12,17,3,10,68,90,89,36,119,114,109,70,9,7,2,7,49,66,63,25,87,80,78,53,6,4,3,11,76,108,102,39,131,126,119,73,8,7,5,15,99,118,126,51,175,161,153,99,14,14,5.88,14.75,88.12,110.88,115.88,45.88,156.5,146.62,139.12,92.88,15.25,20.0
Asphalt_0cm_S4,2026-04-02T17:03:07.869425,9,19,103,121,134,52,185,168,156,111,22,37,14,29,156,181,211,81,281,260,234,164,34,50,7,15,83,107,111,44,149,143,138,93,17,24,5,13,72,96,93,39,126,122,126,80,12,17,3,10,68,90,89,36,119,114,109,70,9,7,3,7,49,66,64,25,87,81,78,53,6,4,4,11,76,108,102,39,131,126,119,73,8,7,5,15,99,118,126,51,174,161,153,100,14,14,6.25,14.88,88.25,110.88,116.25,45.88,156.5,146.88,139.12,93.0,15.25,20.0
Asphalt_0cm_S4,2026-04-02T17:03:07.980876,9,19,103,121,134,52,185,168,156,111,22,37,14,29,156,181,211,81,281,260,234,164,34,50,7,15,83,107,111,44,149,143,138,93,17,24,5,13,72,96,93,39,126,122,126,80,12,17,3,10,68,90,89,36,119,114,109,70,9,7,3,7,49,66,64,25,87,81,78,53,6,4,4,11,76,108,102,39,131,126,119,73,8,7,5,15,99,118,126,51,174,161,153,100,14,14,6.25,14.88,88.25,110.88,116.25,45.88,156.5,146.88,139.12,93.0,15.25,20.0
Asphalt_0cm_S4,2026-04-02T17:03:08.108212,9,19,103,121,134,52,185,168,156,111,22,37,14,29,156,181,211,80,281,259,234,165,34,51,7,15,83,107,111,44,149,143,138,93,17,24,5,13,72,96,93,39,126,122,126,80,13,17,3,10,68,90,89,36,119,114,109,70,9,7,2,7,49,66,64,25,87,80,78,53,6,4,3,11,76,108,102,39,131,126,119,72,8,7,5,15,99,118,126,51,175,161,153,99,14,14,6.0,14.88,88.25,110.88,116.25,45.75,156.62,146.62,139.12,92.88,15.38,20.12
Asphalt_0cm_S4,2026-04-02T17:03:08.219964,9,19,103,121,134,52,185,168,156,111,22,37,14,29,156,181,211,80,281,259,234,165,34,51,7,15,83,107,111,44,149,143,138,93,17,24,5,13,72,96,93,39,126,122,126,80,12,17,3,10,68,90,89,36,118,114,109,71,9,7,2,7,49,66,63,25,87,80,78,53,6,4,3,11,76,107,102,39,131,127,119,73,8,7,5,15,99,119,126,51,174,161,153,99,14,14,6.0,14.88,88.25,110.88,116.12,45.75,156.38,146.75,139.12,93.12,15.25,20.12
Asphalt_0cm_S4,2026-04-02T17:03:08.335773,9,19,103,121,134,52,185,168,156,111,22,37,14,29,156,181,211,80,281,259,234,165,34,51,7,15,83,107,111,44,149,143,138,93,17,24,5,13,72,96,93,39,126,122,126,80,12,17,3,10,68,90,89,36,119,115,109,70,9,7,2,7,49,66,63,25,87,80,78,53,6,4,3,11,76,107,102,39,131,127,119,72,8,7,5,15,99,119,126,51,175,161,153,100,14,14,6.0,14.88,88.25,110.88,116.12,45.75,156.62,146.88,139.12,93.0,15.25,20.12
Asphalt_0cm_S4,2026-04-02T17:03:08.454344,9,19,103,121,134,52,186,169,156,111,22,37,14,29,156,181,211,81,280,259,234,164,34,51,7,15,83,107,111,44,149,143,138,93,17,24,5,13,72,96,93,39,126,122,126,80,12,17,3,10,68,90,89,36,119,115,109,70,9,7,2,7,49,66,63,25,87,80,78,53,6,4,3,11,76,107,102,39,131,127,119,72,8,7,5,15,99,119,126,51,175,161,153,100,14,14,6.0,14.88,88.25,110.88,116.12,45.88,156.62,147.0,139.12,92.88,15.25,20.12
Asphalt_0cm_S4,2026-04-02T17:03:08.554940,9,19,103,121,134,52,186,169,156,111,22,37,14,29,156,181,211,81,280,259,234,164,34,51,7,15,83,107,111,44,149,143,138,93,17,24,5,13,72,96,93,39,126,122,126,80,12,17,3,10,68,90,89,36,119,115,109,70,9,7,2,7,49,66,63,25,87,80,78,53,6,4,3,11,76,107,102,39,131,127,119,72,8,7,5,15,99,119,126,51,175,161,153,100,14,14,6.0,14.88,88.25,110.88,116.12,45.88,156.62,147.0,139.12,92.88,15.25,20.12
Asphalt_0cm_S4,2026-04-02T17:03:08.666337,9,19,103,122,135,52,185,169,157,111,22,37,14,29,156,181,211,81,281,259,235,165,34,51,7,15,83,107,111,44,149,143,138,92,17,24,5,12,72,96,92,39,126,122,125,80,12,17,3,10,68,90,89,36,119,114,109,70,9,7,2,7,49,66,64,25,87,80,78,53,6,4,3,11,76,107,102,39,131,126,119,72,8,7,5,15,99,119,126,51,175,162,153,100,14,15,6.0,14.75,88.25,111.0,116.25,45.88,156.62,146.88,139.25,92.88,15.25,20.25
Asphalt_0cm_S4,2026-04-02T17:03:08.761346,9,19,103,122,135,52,186,169,157,112,22,38,14,29,156,181,211,81,281,259,235,165,34,51,7,15,83,107,111,44,149,143,138,92,17,24,5,12,72,96,92,39,126,122,125,80,12,17,3,10,68,90,89,36,119,114,109,70,9,7,2,7,49,66,64,25,87,80,78,53,6,4,3,11,76,107,102,39,131,126,119,72,8,7,5,15,99,119,126,51,175,162,154,100,14,15,6.0,14.75,88.25,111.0,116.25,45.88,156.75,146.88,139.38,93.0,15.25,20.38
Asphalt_0cm_S4,2026-04-02T17:03:08.889266,9,19,103,122,135,52,186,169,157,112,22,38,14,29,156,181,211,81,280,259,235,165,34,51,7,15,83,107,111,44,149,143,138,93,17,24,5,12,72,96,92,39,126,122,126,80,12,17,3,10,68,90,89,36,119,114,109,70,9,7,2,7,49,66,63,25,87,80,78,53,6,4,3,11,76,108,102,39,131,126,119,73,8,7,5,15,99,119,127,51,175,162,154,100,14,15,6.0,14.75,88.25,111.12,116.25,45.88,156.62,146.88,139.5,93.25,15.25,20.38
Asphalt_0cm_S4,2026-04-02T17:03:09.000246,9,19,104,122,135,52,186,169,158,112,22,38,14,29,156,181,211,81,281,260,234,165,34,51,7,15,82,107,111,44,149,143,138,93,17,24,5,12,72,96,92,39,126,122,126,80,12,17,3,10,68,90,89,36,119,114,109,70,9,7,2,7,49,66,63,25,87,80,78,53,6,4,3,11,76,108,102,39,131,126,119,73,8,7,5,15,99,119,127,51,175,162,154,100,14,15,6.0,14.75,88.25,111.12,116.25,45.88,156.75,147.0,139.5,93.25,15.25,20.38
Asphalt_0cm_S4,2026-04-02T17:03:09.111498,9,19,103,121,135,52,186,169,157,112,22,38,14,29,156,181,211,81,281,260,235,165,34,51,7,15,83,107,111,44,149,143,138,93,17,24,5,12,72,95,92,39,126,122,126,80,12,17,3,10,68,90,89,36,119,114,109,71,9,7,2,7,49,66,63,25,87,80,78,53,6,4,3,11,76,107,102,39,131,126,119,73,8,7,5,15,99,119,127,51,175,162,154,100,14,15,6.0,14.75,88.25,110.75,116.25,45.88,156.75,147.0,139.5,93.38,15.25,20.38
Asphalt_0cm_S4,2026-04-02T17:03:09.222274,9,19,103,121,135,52,186,169,157,112,22,38,14,29,156,181,211,81,281,260,235,165,34,51,7,15,83,107,111,44,149,143,138,93,17,24,5,12,72,95,92,39,126,122,126,80,12,17,3,10,68,90,89,36,119,114,109,70,9,7,2,7,49,66,63,25,87,80,78,53,6,4,3,11,76,107,102,39,131,126,119,73,8,7,5,15,99,119,126,52,175,162,154,100,14,15,6.0,14.75,88.25,110.75,116.12,46.0,156.75,147.0,139.5,93.25,15.25,20.38
Asphalt_0cm_S4,2026-04-02T17:03:09.317850,9,19,103,122,135,52,186,169,157,112,22,38,14,29,156,182,211,81,281,259,235,165,34,51,7,15,83,107,111,44,149,142,138,93,17,24,5,13,72,96,92,39,126,122,125,80,12,16,3,10,68,90,89,36,119,114,109,70,9,7,2,7,49,66,64,25,87,80,78,53,6,4,3,11,76,107,102,39,131,126,119,73,8,7,5,15,99,119,126,52,175,162,154,100,14,15,6.0,14.88,88.25,111.12,116.25,46.0,156.75,146.75,139.38,93.25,15.25,20.25
Asphalt_0cm_S4,2026-04-02T17:03:09.446054,9,19,103,122,135,52,186,169,157,112,22,38,14,29,156,181,211,81,281,259,235,165,33,51,7,15,82,107,111,44,149,143,138,92,17,24,5,13,72,96,92,39,126,122,125,80,12,16,3,10,68,90,89,36,119,114,109,70,9,7,2,7,49,66,64,25,87,80,78,53,6,4,3,11,76,107,102,39,131,126,119,73,8,7,5,15,99,119,127,51,175,162,154,100,14,15,6.0,14.88,88.12,111.0,116.38,45.88,156.75,146.88,139.38,93.12,15.12,20.25
Asphalt_0cm_S4,2026-04-02T17:03:09.551225,9,19,103,122,135,52,186,169,157,112,22,38,14,29,156,181,211,81,281,259,235,165,33,51,7,15,82,107,111,44,149,143,138,92,17,24,5,13,72,96,92,39,126,122,125,80,12,16,3,10,68,90,89,36,119,114,109,70,9,7,2,7,49,66,64,25,87,80,78,53,6,4,3,11,76,107,102,39,131,126,119,73,8,7,5,15,99,119,127,51,175,162,154,100,14,15,6.0,14.88,88.12,111.0,116.38,45.88,156.75,146.88,139.38,93.12,15.12,20.25
Asphalt_0cm_S4,2026-04-02T17:03:09.651685,9,19,103,122,135,52,186,169,157,112,22,37,14,29,156,182,211,81,281,260,235,165,34,51,7,15,83,107,111,44,149,143,138,92,17,24,5,13,72,96,92,39,126,122,126,80,12,17,3,10,68,90,89,36,119,114,109,70,9,7,2,7,49,66,63,25,87,80,78,53,6,4,3,11,76,107,102,39,131,126,119,73,8,7,5,15,99,118,126,51,175,162,153,100,14,15,6.0,14.88,88.25,111.0,116.12,45.88,156.75,147.0,139.38,93.12,15.25,20.25
Asphalt_0cm_S4,2026-04-02T17:03:09.762724,9,19,103,121,134,52,186,168,157,111,22,37,14,29,156,182,211,81,281,260,235,165,34,51,7,15,83,107,111,44,149,143,138,92,17,24,5,13,72,96,92,39,126,122,126,80,12,17,3,10,68,90,89,36,119,114,109,70,9,7,2,7,49,66,63,25,87,80,78,53,6,4,3,11,76,107,102,39,131,126,119,72,8,7,5,15,99,119,126,52,175,162,153,100,14,15,6.0,14.88,88.25,111.0,116.0,46.0,156.75,146.88,139.38,92.88,15.25,20.25
Asphalt_0cm_S4,2026-04-02T17:03:09.890670,9,19,103,121,134,52,186,168,157,111,22,37,14,29,156,181,211,81,281,260,235,164,34,51,7,15,82,107,111,44,149,142,138,93,17,24,5,12,72,96,92,39,125,122,125,80,12,16,3,10,68,90,89,36,119,114,109,70,9,7,2,7,49,66,64,25,87,81,78,53,6,4,3,11,76,107,102,39,131,126,119,72,8,7,5,15,99,119,126,52,175,162,153,100,14,15,6.0,14.75,88.12,110.88,116.12,46.0,156.62,146.88,139.25,92.88,15.25,20.12
Asphalt_0cm_S4,2026-04-02T17:03:10.001904,9,19,103,121,134,52,186,168,157,111,22,37,14,29,156,181,211,81,281,260,235,164,34,51,7,15,82,107,111,44,149,142,138,93,17,24,5,12,72,96,92,39,125,122,125,80,12,16,3,10,68,90,89,36,119,114,109,70,9,7,2,7,49,66,64,25,87,81,78,53,6,4,3,11,76,107,102,39,131,126,119,72,8,7,5,15,99,119,126,52,175,162,153,100,14,15,6.0,14.75,88.12,110.88,116.12,46.0,156.62,146.88,139.25,92.88,15.25,20.12
Asphalt_0cm_S4,2026-04-02T17:03:10.113054,9,19,103,122,134,52,186,169,156,112,22,37,14,29,156,181,211,81,281,259,235,165,34,51,7,15,83,107,111,44,149,142,138,93,17,24,5,12,72,95,92,39,125,122,125,80,12,17,3,10,68,90,89,36,119,114,109,70,9,7,2,7,49,66,63,25,87,80,78,54,6,4,3,11,76,107,102,39,131,126,119,73,8,7,5,15,99,119,126,51,175,162,153,100,14,15,6.0,14.75,88.25,110.88,116.0,45.88,156.62,146.75,139.12,93.38,15.25,20.25
Asphalt_0cm_S4,2026-04-02T17:03:10.241481,8,19,103,121,134,52,186,168,156,111,22,37,14,29,156,181,211,81,280,259,234,164,34,51,7,15,82,107,111,44,149,142,138,93,17,24,5,13,72,95,92,39,125,122,125,80,12,16,3,10,68,90,89,36,119,114,109,70,9,7,2,7,49,66,64,25,87,80,78,54,6,4,3,11,76,107,102,39,131,126,119,73,8,7,5,15,99,119,126,51,174,162,153,100,14,14,5.88,14.88,88.12,110.75,116.12,45.88,156.38,146.62,139.0,93.12,15.25,20.0
Asphalt_0cm_S4,2026-04-02T17:03:10.352415,8,19,103,121,134,52,186,168,156,111,22,37,14,29,156,181,211,81,281,259,234,165,34,51,7,15,82,107,111,44,149,142,138,92,17,24,5,13,72,95,92,39,125,122,125,80,12,16,3,10,68,90,89,36,119,114,109,70,9,7,2,7,49,66,64,25,87,80,78,54,6,4,3,11,76,107,102,39,131,126,119,73,8,7,5,15,99,119,126,51,174,162,153,100,14,14,5.88,14.88,88.12,110.75,116.12,45.88,156.5,146.62,139.0,93.12,15.25,20.0
Asphalt_0cm_S4,2026-04-02T17:03:10.463294,8,18,103,121,134,52,185,169,156,111,22,37,14,29,156,181,211,81,280,259,234,164,34,50,7,15,83,107,111,44,148,142,137,92,17,24,5,12,72,95,92,39,126,122,125,80,12,16,3,10,68,90,89,36,119,115,109,70,9,7,2,7,49,66,64,25,87,80,78,54,6,4,3,11,76,107,102,39,131,127,119,72,8,7,5,15,99,118,126,51,174,161,153,99,14,14,5.88,14.62,88.25,110.62,116.12,45.88,156.25,146.88,138.88,92.75,15.25,19.88
Asphalt_0cm_S4,2026-04-02T17:03:10.590332,8,18,103,121,134,52,185,169,156,111,22,37,14,29,156,181,211,81,280,259,234,164,34,50,7,15,83,107,111,44,148,142,137,92,17,24,5,12,72,95,92,39,126,122,125,80,12,16,3,10,68,90,89,36,119,115,109,70,9,7,2,7,49,66,64,25,87,80,78,54,6,4,3,11,76,107,102,39,131,127,119,72,8,7,5,15,99,118,126,51,174,161,153,99,14,14,5.88,14.62,88.25,110.62,116.12,45.88,156.25,146.88,138.88,92.75,15.25,19.88
Asphalt_0cm_S4,2026-04-02T17:03:10.710296,8,19,103,121,134,51,185,168,156,111,22,36,14,29,155,181,210,80,280,259,234,164,34,50,7,15,82,107,111,44,149,142,137,92,17,24,5,12,72,95,92,39,125,122,125,79,12,16,3,10,68,90,89,36,119,114,109,70,9,7,2,7,49,66,63,25,87,80,78,53,6,4,3,11,76,108,102,39,131,126,119,72,8,7,5,15,99,119,126,51,175,161,153,99,14,14,5.88,14.75,88.0,110.88,115.88,45.62,156.38,146.5,138.88,92.5,15.25,19.75
Asphalt_0cm_S4,2026-04-02T17:03:10.812673,8,19,103,121,134,52,185,168,156,111,22,36,14,28,155,181,210,80,280,258,233,164,33,49,7,15,82,107,111,44,148,142,137,92,17,23,5,13,72,95,92,39,125,122,125,79,12,16,3,10,68,90,89,36,119,114,109,70,9,7,2,7,49,66,63,25,87,80,78,53,6,4,3,11,76,107,102,39,131,126,119,73,8,7,5,15,99,119,126,51,175,161,153,100,14,14,5.88,14.75,88.0,110.75,115.88,45.75,156.25,146.38,138.75,92.75,15.12,19.5
Asphalt_0cm_S4,2026-04-02T17:03:10.925660,8,19,103,121,134,52,185,168,156,111,22,36,14,28,155,181,210,80,280,258,233,164,33,49,7,15,82,107,111,44,148,142,137,92,17,23,5,13,72,95,92,39,125,122,125,79,12,16,3,10,68,90,89,36,119,114,109,70,9,7,2,7,49,66,63,25,87,80,78,53,6,4,3,11,76,107,102,39,131,126,119,73,8,7,5,15,99,118,126,51,175,162,153,99,14,14,5.88,14.75,88.0,110.62,115.88,45.75,156.25,146.5,138.75,92.62,15.12,19.5
Asphalt_0cm_S4,2026-04-02T17:03:11.029628,8,19,103,121,134,52,185,168,156,111,22,36,14,28,155,181,210,80,280,258,233,164,33,49,7,15,82,107,111,44,148,142,137,92,17,23,5,13,72,95,92,39,125,122,125,79,12,16,3,10,68,90,89,36,119,114,109,70,9,7,2,7,49,66,63,25,87,80,78,53,6,4,3,11,76,107,102,39,131,126,119,73,8,7,5,15,99,118,126,51,175,162,153,99,14,14,5.88,14.75,88.0,110.62,115.88,45.75,156.25,146.5,138.75,92.62,15.12,19.5
Asphalt_0cm_S4,2026-04-02T17:03:11.115173,8,18,103,121,134,52,185,168,156,110,22,36,13,29,155,181,210,80,279,258,233,163,33,49,7,15,82,106,111,44,148,142,137,92,16,23,5,12,72,95,92,39,125,122,125,80,12,16,3,10,68,90,89,36,119,114,109,70,9,7,2,7,49,66,63,25,87,80,78,53,6,4,3,11,76,107,102,39,131,126,119,73,8,7,5,15,99,118,126,51,175,162,153,99,14,14,5.75,14.62,88.0,110.5,115.88,45.75,156.12,146.5,138.75,92.5,15.0,19.5
Asphalt_0cm_S4,2026-04-02T17:03:11.241978,8,18,103,121,134,52,185,168,156,110,22,36,13,29,155,181,210,80,279,258,233,163,33,49,7,15,82,106,111,44,148,142,137,92,16,23,5,12,72,95,92,39,125,122,125,80,12,16,3,10,68,90,89,36,119,114,109,70,9,7,2,7,49,66,63,25,87,80,78,53,6,4,3,11,76,107,102,39,131,126,119,73,8,7,5,15,99,118,126,51,175,162,153,99,14,14,5.75,14.62,88.0,110.5,115.88,45.75,156.12,146.5,138.75,92.5,15.0,19.5
Asphalt_0cm_S4,2026-04-02T17:03:11.354747,8,19,103,121,134,52,185,168,156,111,22,36,13,28,155,181,210,80,279,258,233,163,33,49,6,15,82,107,111,44,148,142,137,92,16,23,5,12,72,95,92,39,125,122,125,79,12,16,3,10,68,90,89,36,119,114,109,70,9,7,2,7,49,66,63,25,87,80,78,53,6,4,3,11,76,108,102,39,131,126,119,73,8,7,5,15,99,118,126,51,175,161,153,100,14,14,5.62,14.62,88.0,110.75,115.88,45.75,156.12,146.38,138.75,92.62,15.0,19.5
Asphalt_0cm_S4,2026-04-02T17:03:11.475568,8,19,103,121,134,52,185,168,156,110,22,36,13,29,155,181,210,80,279,258,233,163,33,49,7,14,82,107,111,44,148,142,137,92,16,23,5,12,72,95,92,39,125,122,125,80,12,16,3,10,68,90,89,36,119,115,109,70,9,7,2,7,49,66,64,25,87,80,78,53,6,4,3,11,76,107,102,39,131,126,119,73,8,7,5,15,99,118,126,51,175,161,153,100,14,15,5.75,14.62,88.0,110.62,116.0,45.75,156.12,146.5,138.75,92.62,15.0,19.62
Asphalt_0cm_S4,2026-04-02T17:03:11.592260,8,19,103,121,134,52,185,168,156,111,22,36,13,28,155,181,210,80,279,258,233,163,33,49,7,15,82,107,111,44,148,142,137,92,16,23,5,12,72,95,92,39,125,122,125,79,12,16,3,10,68,90,89,36,118,114,109,70,9,7,2,7,48,66,64,25,87,81,78,53,6,4,4,11,76,107,102,39,131,126,119,73,8,7,5,15,99,119,126,51,175,162,153,100,14,15,5.88,14.62,87.88,110.75,116.0,45.75,156.0,146.62,138.75,92.62,15.0,19.62
Asphalt_0cm_S4,2026-04-02T17:03:11.719536,8,19,103,121,134,52,185,168,156,111,22,36,13,28,155,181,210,80,279,258,233,163,33,49,7,15,82,106,111,43,148,142,137,92,16,23,5,12,72,95,92,39,125,121,125,79,12,16,3,10,68,90,89,36,119,114,109,70,9,7,2,7,49,66,63,25,87,80,78,53,6,4,3,11,76,107,102,39,131,126,119,73,8,7,5,15,99,119,126,51,175,162,153,100,14,15,5.75,14.62,88.0,110.62,115.88,45.62,156.12,146.38,138.75,92.62,15.0,19.62
Asphalt_0cm_S4,2026-04-02T17:03:11.841084,8,19,103,121,134,52,185,168,156,111,22,36,13,28,155,181,210,80,279,258,233,163,33,49,7,15,82,106,111,43,148,142,137,92,16,23,5,12,72,95,92,39,125,121,125,79,12,16,3,10,68,90,89,36,119,114,109,70,9,7,2,7,49,66,63,25,87,80,78,53,6,4,3,11,76,107,102,39,131,126,119,73,8,7,5,15,99,119,126,51,175,162,153,100,14,15,5.75,14.62,88.0,110.62,115.88,45.62,156.12,146.38,138.75,92.62,15.0,19.62
Asphalt_0cm_S4,2026-04-02T17:03:11.942320,8,18,102,121,134,51,185,168,156,110,22,36,13,28,155,180,210,80,279,258,233,162,33,49,6,15,82,106,110,44,148,142,137,92,16,23,5,12,72,94,92,39,125,121,125,79,12,16,3,10,68,90,89,36,119,114,109,70,9,7,2,7,49,66,63,25,87,80,78,53,6,4,3,11,76,107,102,39,131,127,119,73,8,7,5,15,99,119,126,51,175,162,153,100,14,15,5.62,14.5,87.88,110.38,115.75,45.62,156.12,146.5,138.75,92.38,15.0,19.62
Asphalt_0cm_S4,2026-04-02T17:03:12.051556,8,18,103,121,134,52,185,168,156,110,22,36,13,28,154,180,209,80,278,257,232,162,33,48,6,14,82,106,110,44,148,142,137,91,16,23,5,12,71,95,92,38,125,121,125,79,12,16,3,10,68,90,89,36,119,114,109,70,9,7,2,7,49,66,64,25,87,80,78,53,6,4,3,11,76,107,102,39,131,127,119,73,8,7,5,15,99,118,126,51,175,162,153,100,14,15,5.62,14.38,87.75,110.38,115.75,45.62,156.0,146.38,138.62,92.25,15.0,19.5
Asphalt_0cm_S4,2026-04-02T17:03:12.187788,8,19,102,121,134,51,185,168,156,110,21,36,13,28,154,180,209,80,278,257,232,162,33,48,6,14,82,106,110,44,148,142,137,91,16,23,5,12,71,95,92,39,125,121,125,79,12,15,3,10,68,90,89,36,118,114,109,70,9,7,2,7,49,66,64,25,87,80,78,53,6,4,3,11,76,107,102,39,131,127,119,73,8,7,5,15,99,118,126,51,175,162,153,100,14,15,5.62,14.5,87.62,110.38,115.75,45.62,155.88,146.38,138.62,92.25,14.88,19.38
Asphalt_0cm_S4,2026-04-02T17:03:12.296931,8,19,102,121,134,52,184,167,155,110,22,36,13,28,154,180,209,79,278,257,232,161,32,47,6,14,82,106,110,43,147,141,136,91,16,22,5,12,71,95,92,39,125,121,125,79,12,15,3,10,68,90,89,36,118,114,109,70,9,7,2,7,49,66,64,25,87,80,78,53,6,4,3,11,76,108,102,39,131,126,119,73,8,7,5,15,99,119,126,51,175,162,153,100,14,15,5.62,14.5,87.62,110.62,115.75,45.5,155.62,146.0,138.38,92.12,14.88,19.12
Asphalt_0cm_S4,2026-04-02T17:03:12.418618,8,18,102,121,134,51,184,168,155,110,22,36,13,28,154,180,209,79,278,257,232,161,32,47,6,14,82,106,110,43,147,141,136,91,16,22,5,12,71,95,92,38,125,121,125,79,12,15,3,10,68,90,89,36,118,114,109,70,9,7,2,7,49,66,63,25,87,80,78,53,6,4,3,11,76,107,102,39,131,126,119,73,8,7,5,15,99,118,126,51,175,162,153,100,14,15,5.62,14.38,87.62,110.38,115.62,45.25,155.62,146.12,138.38,92.12,14.88,19.12
Asphalt_0cm_S4,2026-04-02T17:03:12.527625,8,18,102,121,134,51,184,168,155,110,22,36,13,28,154,180,208,80,278,256,231,161,32,47,6,14,82,106,110,44,147,141,136,91,16,22,4,12,71,95,91,38,124,121,124,79,12,15,3,10,68,90,89,36,118,114,109,70,9,7,2,7,49,66,64,25,87,80,78,53,6,4,3,11,76,107,102,39,131,126,119,73,8,7,5,15,99,118,126,51,175,162,153,100,14,15,5.5,14.38,87.62,110.38,115.5,45.5,155.5,146.0,138.12,92.12,14.88,19.12
Asphalt_0cm_S4,2026-04-02T17:03:12.643285,8,19,102,121,134,51,185,168,156,110,21,36,13,28,154,180,208,80,278,256,231,161,32,47,6,14,82,106,110,44,147,141,136,91,16,22,5,12,71,95,91,38,125,121,125,79,12,15,3,10,68,90,89,36,118,114,109,70,9,7,2,7,49,66,64,25,87,80,78,53,6,4,3,11,76,107,102,39,131,126,119,73,8,7,5,15,99,119,126,51,175,162,153,100,14,15,5.62,14.5,87.62,110.5,115.5,45.5,155.75,146.0,138.38,92.12,14.75,19.12
Asphalt_0cm_S4,2026-04-02T17:03:12.764186,8,19,102,121,134,51,185,168,156,110,21,36,13,28,154,180,208,80,278,256,231,161,32,47,6,14,82,106,110,44,147,141,136,91,16,22,5,12,71,95,91,38,125,121,125,79,12,15,3,10,68,90,89,36,119,114,109,70,9,7,2,7,49,66,63,25,87,80,78,53,6,4,3,11,76,107,102,39,131,126,119,73,8,7,5,15,99,119,126,51,175,162,153,100,14,15,5.62,14.5,87.62,110.5,115.38,45.5,155.88,146.0,138.38,92.12,14.75,19.12
Asphalt_0cm_S4,2026-04-02T17:03:12.877587,8,19,102,121,134,51,185,168,156,110,21,36,13,28,154,180,208,80,278,256,231,161,32,47,6,14,82,106,110,44,147,141,136,91,16,22,5,12,71,95,91,38,125,121,125,79,12,15,3,10,68,90,89,36,119,114,109,70,9,7,2,7,49,66,63,25,87,80,78,53,6,4,3,11,76,107,102,39,131,126,119,73,8,7,5,15,99,119,126,51,175,162,153,100,14,15,5.62,14.5,87.62,110.5,115.38,45.5,155.88,146.0,138.38,92.12,14.75,19.12
Asphalt_0cm_S4,2026-04-02T17:03:12.982491,8,18,102,121,134,51,185,168,156,110,22,36,13,28,154,179,208,79,278,256,231,161,32,47,6,14,82,106,110,44,147,141,136,90,16,22,5,12,71,95,92,39,125,121,124,79,12,15,3,10,68,90,89,36,119,114,109,70,9,7,3,7,49,66,64,25,87,80,78,53,6,4,3,11,76,107,102,39,131,127,119,72,8,7,5,15,99,119,127,51,175,161,153,100,14,14,5.75,14.38,87.62,110.38,115.75,45.5,155.88,146.0,138.25,91.88,14.88,19.0
Asphalt_0cm_S4,2026-04-02T17:03:13.109693,8,18,102,120,133,51,184,167,155,109,21,35,13,27,153,179,208,79,276,255,230,160,32,45,6,14,81,106,109,43,146,141,136,90,16,21,4,12,71,95,92,38,124,121,124,79,12,15,3,10,68,90,89,36,119,114,109,70,9,7,2,7,49,66,63,25,87,80,78,53,6,4,3,11,76,108,102,39,131,127,119,73,8,7,5,15,99,119,126,51,175,161,153,100,14,14,5.5,14.25,87.38,110.38,115.25,45.25,155.25,145.75,138.0,91.75,14.75,18.5
Asphalt_0cm_S4,2026-04-02T17:03:13.226762,8,18,102,120,133,51,184,167,155,109,21,35,13,27,153,179,208,79,276,255,230,160,32,45,6,14,81,106,109,43,146,141,136,90,16,21,5,12,71,95,92,38,124,121,124,79,12,15,3,10,68,90,89,36,119,114,109,70,9,7,2,7,49,66,64,25,87,81,78,53,6,4,3,11,76,108,102,39,131,126,119,72,8,7,5,15,99,119,126,51,175,161,153,100,14,14,5.62,14.25,87.38,110.38,115.38,45.25,155.25,145.75,138.0,91.62,14.75,18.5
Asphalt_0cm_S4,2026-04-02T17:03:13.338886,8,18,102,120,133,52,184,167,155,109,21,35,13,27,153,179,207,79,276,255,230,159,32,45,6,14,81,106,110,43,147,140,136,90,16,21,5,12,72,95,92,39,125,121,125,79,12,16,3,10,68,90,89,36,119,114,109,70,9,7,2,7,49,66,64,25,87,81,78,53,6,4,3,11,76,108,102,39,131,126,119,72,8,7,5,15,99,119,126,51,175,162,153,100,14,14,5.62,14.25,87.5,110.38,115.38,45.5,155.5,145.75,138.12,91.5,14.75,18.62
Asphalt_0cm_S4,2026-04-02T17:03:13.459236,8,18,102,120,133,51,182,167,155,109,21,35,13,27,154,179,207,79,276,255,230,160,32,45,6,14,82,106,109,43,147,141,136,90,16,21,5,12,72,95,92,39,125,121,125,79,12,16,3,10,68,90,89,36,119,114,109,70,9,7,2,7,49,66,64,25,87,80,78,53,6,4,3,11,76,107,102,39,131,127,119,73,8,7,5,15,99,119,126,51,175,161,153,99,14,14,5.62,14.25,87.75,110.25,115.25,45.38,155.25,145.75,138.12,91.62,14.75,18.62
Asphalt_0cm_S4,2026-04-02T17:03:13.576675,8,18,102,120,133,51,184,167,155,109,21,35,13,27,154,179,207,79,276,255,230,160,32,45,6,14,82,106,109,43,147,141,136,90,16,21,5,12,72,95,92,39,125,121,125,79,12,16,3,10,68,90,89,36,119,114,109,70,9,7,2,7,49,66,63,25,87,80,78,53,6,4,3,11,76,108,102,39,131,127,119,73,8,7,5,15,99,119,126,51,175,162,153,100,14,14,5.62,14.25,87.75,110.38,115.12,45.38,155.5,145.88,138.12,91.75,14.75,18.62
Asphalt_0cm_S4,2026-04-02T17:03:13.687757,8,18,102,120,133,51,184,167,155,109,21,35,13,27,153,179,208,79,276,255,230,160,31,45,6,14,81,105,110,43,147,141,135,90,16,21,5,12,71,95,92,38,125,121,125,79,12,16,3,10,68,90,89,36,119,114,109,70,9,7,3,7,49,66,63,25,87,81,78,53,6,4,3,11,76,108,102,39,131,126,119,73,8,7,5,15,99,119,126,51,175,161,153,100,14,15,5.75,14.25,87.38,110.25,115.38,45.25,155.5,145.75,138.0,91.75,14.62,18.75
Asphalt_0cm_S4,2026-04-02T17:03:13.853915,8,18,102,120,133,51,184,167,155,109,21,35,13,27,153,179,208,79,276,255,230,160,31,45,6,14,81,105,110,43,147,141,135,90,16,21,5,12,71,95,92,38,125,121,125,79,12,16,3,10,68,90,89,36,119,114,109,70,9,7,3,7,49,66,63,25,87,81,78,53,6,4,3,11,76,108,102,39,131,126,119,73,8,7,5,15,99,119,126,51,175,161,153,100,14,15,5.75,14.25,87.38,110.25,115.38,45.25,155.5,145.75,138.0,91.75,14.62,18.75
Asphalt_0cm_S4,2026-04-02T17:03:13.966647,8,19,102,120,133,51,184,167,155,109,21,35,13,27,153,179,207,79,276,255,230,160,32,45,6,14,81,106,110,43,147,141,136,90,16,21,5,12,71,95,92,38,125,121,125,79,12,15,3,10,68,90,89,36,118,114,109,70,9,7,3,7,49,66,63,25,87,81,78,53,6,4,3,11,76,108,102,39,131,126,119,73,8,7,5,15,99,119,126,51,175,161,153,100,14,15,5.75,14.38,87.38,110.38,115.25,45.25,155.38,145.75,138.12,91.75,14.75,18.62
Asphalt_0cm_S4,2026-04-02T17:03:14.067412,8,18,102,120,133,51,184,167,155,109,21,35,13,27,153,179,207,79,276,255,230,160,32,45,6,14,81,106,109,43,147,141,136,90,16,21,4,12,71,95,91,38,125,121,125,79,12,15,3,10,68,90,89,36,118,114,109,70,9,7,2,7,49,66,64,25,87,81,78,53,6,4,3,11,76,107,102,39,131,127,119,73,8,7,5,15,99,119,126,51,175,161,153,100,14,15,5.5,14.25,87.38,110.25,115.12,45.25,155.38,145.88,138.12,91.75,14.75,18.62
Asphalt_0cm_S4,2026-04-02T17:03:14.163078,8,18,102,120,133,51,184,167,155,109,21,35,13,27,153,179,207,79,276,255,230,160,32,45,6,14,82,106,109,43,147,141,136,90,16,21,5,12,71,95,91,39,125,121,124,78,12,15,3,10,68,90,89,36,118,114,109,70,9,7,2,7,49,66,64,25,87,80,78,53,6,4,3,11,76,107,102,39,131,126,119,73,9,7,5,15,99,119,126,51,175,161,153,100,14,15,5.62,14.25,87.5,110.25,115.12,45.38,155.38,145.62,138.0,91.62,14.88,18.62
Asphalt_0cm_S4,2026-04-02T17:03:14.274725,8,18,102,120,133,51,184,167,155,109,21,35,13,27,153,179,207,79,276,255,230,160,32,45,6,14,82,106,109,43,147,141,136,90,16,21,5,12,71,95,91,39,125,121,124,78,12,15,3,10,68,90,89,36,118,114,109,70,9,7,2,7,49,66,64,25,87,80,78,53,6,4,3,11,76,107,102,39,131,126,119,73,9,7,5,15,99,118,126,51,174,161,153,100,14,14,5.62,14.25,87.5,110.12,115.12,45.38,155.25,145.62,138.0,91.62,14.88,18.5
Asphalt_0cm_S4,2026-04-02T17:03:14.386288,8,18,102,120,133,51,184,167,155,110,21,35,13,27,154,179,207,79,277,255,230,160,32,46,6,14,82,106,110,43,147,141,136,90,16,21,5,12,71,95,91,38,124,121,124,78,12,15,3,10,68,90,89,36,119,114,109,70,9,7,2,7,49,66,64,25,87,81,78,53,6,4,3,11,76,107,102,39,131,126,119,73,9,7,5,15,99,118,126,51,174,161,153,100,14,14,5.62,14.25,87.62,110.12,115.25,45.25,155.38,145.75,138.0,91.75,14.88,18.62
Asphalt_0cm_S4,2026-04-02T17:03:14.498917,8,18,102,121,134,52,184,167,155,110,21,36,13,27,154,179,208,79,277,256,231,161,32,46,6,14,82,106,110,43,147,141,136,90,16,22,4,12,71,95,91,38,124,121,125,78,12,15,3,10,68,90,89,36,118,114,109,70,9,7,2,7,49,66,64,25,87,80,77,53,6,4,3,11,76,108,102,39,131,126,119,73,8,7,5,15,99,119,126,51,175,161,153,99,14,14,5.5,14.25,87.62,110.5,115.5,45.38,155.38,145.75,138.12,91.75,14.75,18.88
Asphalt_0cm_S4,2026-04-02T17:03:14.606686,8,19,102,121,134,51,184,167,156,110,21,36,13,27,154,179,208,79,277,256,230,160,32,46,6,14,82,106,110,43,147,141,136,91,16,21,4,12,71,95,91,38,124,121,125,78,12,15,3,10,68,90,89,36,118,114,109,70,9,7,2,7,49,66,64,25,87,80,77,53,6,4,3,11,76,108,102,39,131,126,119,73,8,7,5,15,99,119,126,51,175,161,153,100,14,14,5.5,14.38,87.62,110.5,115.5,45.25,155.38,145.75,138.12,91.88,14.75,18.75
Asphalt_0cm_S4,2026-04-02T17:03:14.720078,8,19,102,121,134,51,184,167,156,110,21,36,13,27,154,179,208,79,277,256,230,160,32,46,6,14,82,106,110,43,147,141,136,91,16,21,5,12,71,95,91,38,124,121,124,78,12,15,3,10,68,90,89,36,118,114,109,70,9,7,2,7,49,66,63,25,87,80,78,53,6,4,4,11,76,108,102,39,131,127,119,73,8,7,5,15,99,118,126,51,175,161,153,100,14,14,5.75,14.38,87.62,110.38,115.38,45.25,155.38,145.88,138.12,91.88,14.75,18.75
Asphalt_0cm_S4,2026-04-02T17:03:14.836114,8,18,102,120,133,52,184,167,155,110,21,35,13,27,154,179,208,79,277,256,230,160,32,46,6,14,82,106,110,43,147,141,136,91,16,21,5,12,71,95,91,38,124,121,124,78,12,15,3,10,68,90,89,36,118,114,109,70,9,7,2,7,49,66,63,25,87,80,78,53,6,4,4,11,76,108,102,39,131,127,119,73,8,7,5,15,99,118,126,51,175,161,153,100,14,14,5.75,14.25,87.62,110.25,115.25,45.38,155.38,145.88,138.0,91.88,14.75,18.62
Asphalt_0cm_S4,2026-04-02T17:03:14.936121,8,18,102,120,133,52,184,167,155,110,21,35,13,27,154,179,208,79,277,256,230,160,32,46,6,14,82,106,110,43,147,141,136,91,16,21,5,12,71,95,91,38,124,121,124,78,12,15,3,10,68,90,89,36,118,114,109,70,9,7,2,7,49,66,63,25,87,80,78,53,6,4,4,11,76,108,102,39,131,127,119,73,8,7,5,15,99,118,126,51,175,161,153,100,14,14,5.75,14.25,87.62,110.25,115.25,45.38,155.38,145.88,138.0,91.88,14.75,18.62
Asphalt_0cm_S4,2026-04-02T17:03:15.047508,8,18,102,121,133,51,184,167,155,109,21,35,13,27,154,179,207,79,277,255,230,160,32,46,6,14,81,106,110,43,147,141,136,90,16,21,5,12,71,95,91,38,125,121,124,78,12,15,3,10,68,90,89,36,118,114,109,70,9,7,2,7,49,66,63,25,87,80,78,54,6,4,3,11,76,108,102,39,131,126,119,72,8,7,5,15,99,118,126,51,175,161,153,100,14,14,5.62,14.25,87.5,110.38,115.12,45.25,155.5,145.62,138.0,91.62,14.75,18.62
Asphalt_0cm_S4,2026-04-02T17:03:15.169846,8,18,102,121,133,51,184,167,155,109,21,35,13,27,153,179,207,79,276,255,230,160,32,46,6,14,81,106,110,43,147,141,136,90,16,21,5,12,71,95,91,39,124,121,124,78,12,15,3,10,68,90,89,36,119,114,109,70,9,7,2,7,49,66,64,25,87,81,78,53,6,4,3,11,76,108,102,39,131,127,119,73,9,7,5,15,99,118,126,51,175,162,153,100,14,14,5.62,14.25,87.38,110.38,115.25,45.38,155.38,146.0,138.0,91.62,14.88,18.62
Asphalt_0cm_S4,2026-04-02T17:03:15.290846,8,18,102,121,133,51,184,167,155,109,21,35,13,27,153,179,207,79,276,255,230,160,32,46,6,14,81,106,110,43,147,141,136,90,16,21,5,12,71,95,91,39,124,121,124,78,12,15,3,10,68,90,89,36,119,114,109,70,9,7,2,7,49,66,64,25,87,81,78,53,6,4,3,11,76,108,102,39,131,127,119,72,8,7,5,15,99,118,126,51,175,162,153,100,14,15,5.62,14.25,87.38,110.38,115.25,45.38,155.38,146.0,138.0,91.5,14.75,18.75
Asphalt_0cm_S4,2026-04-02T17:03:15.397617,8,18,102,121,133,51,184,167,155,109,21,35,13,27,153,179,207,79,276,255,230,160,32,45,6,14,81,106,110,43,147,141,136,90,16,21,5,12,71,95,91,38,125,121,124,78,12,15,3,10,68,90,89,36,119,114,109,70,9,7,2,7,49,66,64,25,87,80,78,53,6,4,3,11,76,108,102,39,131,127,119,72,8,7,5,15,99,118,126,52,175,161,153,100,14,14,5.62,14.25,87.38,110.38,115.25,45.38,155.5,145.75,138.0,91.5,14.75,18.5
Asphalt_0cm_S4,2026-04-02T17:03:15.509274,8,18,102,121,133,51,184,167,155,109,21,35,13,27,153,179,207,79,276,255,230,160,32,45,6,14,81,106,110,43,147,141,136,90,16,21,5,12,71,95,91,38,125,121,124,78,12,15,3,10,68,90,89,36,119,114,109,70,9,7,2,7,49,66,64,25,87,80,78,53,6,4,3,11,76,108,102,39,131,127,119,72,8,7,5,15,99,118,126,52,175,161,153,100,14,14,5.62,14.25,87.38,110.38,115.25,45.38,155.5,145.75,138.0,91.5,14.75,18.5
Asphalt_0cm_S4,2026-04-02T17:03:15.610583,8,18,101,120,132,51,183,166,153,108,20,33,11,26,152,177,205,78,273,252,227,155,29,41,6,14,81,105,108,43,145,139,134,88,15,19,4,11,70,94,90,38,122,119,122,76,11,13,3,10,68,90,89,35,119,114,108,70,8,7,2,7,49,66,64,25,87,80,78,53,6,4,3,11,76,108,102,39,131,127,119,73,8,7,5,15,99,118,126,51,175,161,153,100,14,14,5.25,14.0,87.0,109.75,114.5,45.0,154.38,144.75,136.75,90.38,13.88,17.25
Asphalt_0cm_S4,2026-04-02T17:03:15.722192,8,18,101,120,132,51,183,166,153,108,20,33,11,26,152,177,205,78,273,252,227,155,29,41,6,14,81,105,108,43,145,139,134,88,15,19,4,11,70,94,90,38,122,119,122,76,11,13,3,10,68,90,89,36,118,114,108,70,8,6,2,7,49,66,64,25,87,80,77,53,6,4,3,11,76,108,102,39,131,126,119,73,8,7,5,15,99,119,126,51,175,161,153,99,14,14,5.25,14.0,87.0,109.88,114.5,45.12,154.25,144.62,136.62,90.25,13.88,17.12
Asphalt_0cm_S4,2026-04-02T17:03:15.833135,8,18,101,120,132,51,183,166,153,108,21,33,11,26,151,176,204,78,272,251,226,155,29,40,6,14,81,105,108,43,145,139,134,88,15,19,4,11,70,94,90,38,122,119,122,76,11,13,3,10,68,90,89,36,118,114,108,70,8,6,2,7,49,66,64,25,87,80,77,53,6,4,3,11,76,108,102,39,131,126,119,73,8,7,5,15,99,119,126,51,175,161,153,99,14,14,5.25,14.0,86.88,109.75,114.38,45.12,154.12,144.5,136.5,90.25,14.0,17.0
Asphalt_0cm_S4,2026-04-02T17:03:15.949426,8,18,101,120,132,51,183,166,153,108,21,33,11,26,151,176,204,78,272,251,226,155,29,40,6,14,81,105,108,43,145,139,134,88,15,19,4,11,70,94,90,38,122,119,122,76,11,13,3,10,68,90,89,36,118,114,108,70,8,6,2,7,49,66,64,25,87,80,77,53,6,4,3,11,76,108,102,39,131,126,119,73,8,7,5,15,99,119,126,51,175,161,153,99,14,14,5.25,14.0,86.88,109.75,114.38,45.12,154.12,144.5,136.5,90.25,14.0,17.0
Asphalt_0cm_S4,2026-04-02T17:03:16.040081,8,18,101,120,132,51,183,166,153,108,21,33,11,26,151,176,204,78,272,251,226,155,29,40,6,13,81,104,108,43,145,139,134,88,15,18,4,12,70,94,90,38,122,119,122,76,11,12,3,10,68,90,89,36,118,114,108,70,8,6,2,7,49,66,64,25,87,80,78,53,6,4,3,11,76,108,102,39,131,126,119,72,8,7,5,15,99,118,126,51,174,162,153,99,14,14,5.25,14.0,86.88,109.5,114.38,45.12,154.0,144.62,136.62,90.12,14.0,16.75
Asphalt_0cm_S4,2026-04-02T17:03:16.152322,8,18,102,120,132,51,182,166,154,108,21,33,12,26,151,177,205,78,272,251,227,156,30,41,6,13,80,105,108,43,146,139,134,88,15,19,4,12,70,94,90,38,123,119,123,77,11,13,3,10,68,90,89,36,118,114,109,70,8,6,2,7,49,66,63,25,87,80,78,53,6,4,3,11,76,107,102,39,131,126,119,72,8,7,5,15,99,118,126,51,175,161,153,99,14,14,5.38,14.0,86.88,109.62,114.38,45.12,154.25,144.5,137.12,90.38,14.12,17.12
Asphalt_0cm_S4,2026-04-02T17:03:16.263743,8,18,102,120,132,51,183,166,154,108,21,34,12,26,151,177,205,78,272,251,227,156,30,41,6,13,80,105,108,43,146,139,134,88,15,19,4,12,70,94,90,38,123,119,123,77,11,13,3,10,68,90,89,36,118,114,109,70,8,6,2,7,49,66,63,25,87,80,78,53,6,4,3,11,76,107,102,39,131,126,119,73,8,7,5,15,99,118,126,51,175,161,153,99,14,14,5.38,14.0,86.88,109.62,114.38,45.12,154.38,144.5,137.12,90.5,14.12,17.25
Asphalt_0cm_S4,2026-04-02T17:03:16.375738,8,18,102,120,132,51,183,166,154,108,21,34,12,26,151,177,205,78,272,251,227,156,30,41,6,13,80,105,108,43,146,139,134,88,15,19,4,12,70,94,90,38,123,119,123,77,11,13,3,10,68,90,89,36,118,114,109,70,8,6,2,7,49,66,63,25,87,80,78,53,6,4,3,11,76,107,102,39,131,126,119,73,8,7,5,15,99,118,126,51,175,161,153,99,14,14,5.38,14.0,86.88,109.62,114.38,45.12,154.38,144.5,137.12,90.5,14.12,17.25
Asphalt_0cm_S4,2026-04-02T17:03:16.471788,8,18,102,120,133,51,184,166,154,109,21,34,12,27,153,178,207,79,275,254,229,158,31,44,6,14,81,105,109,43,147,140,135,90,16,20,4,12,71,95,91,38,124,121,124,78,12,14,3,10,68,90,89,36,119,114,109,70,9,7,2,7,49,66,64,25,87,80,78,53,6,4,3,11,77,107,102,39,131,127,119,73,8,7,5,15,99,118,126,51,175,161,153,100,14,14,5.38,14.25,87.5,109.88,115.12,45.25,155.25,145.38,137.62,91.38,14.62,18.0
Asphalt_0cm_S4,2026-04-02T17:03:16.598230,8,18,102,120,133,52,183,167,155,109,21,34,12,27,153,179,207,79,276,255,230,159,31,45,6,14,81,105,109,43,147,140,135,90,16,20,4,12,71,95,91,38,124,121,124,78,12,14,3,10,68,90,89,36,119,114,109,70,9,7,2,7,49,66,64,25,87,80,78,53,6,4,3,11,76,108,102,39,131,126,119,72,8,7,5,15,99,118,126,51,175,161,153,100,14,14,5.38,14.25,87.38,110.12,115.12,45.38,155.25,145.5,137.88,91.38,14.62,18.12
Asphalt_0cm_S4,2026-04-02T17:03:16.709367,8,18,102,120,133,52,183,167,155,109,21,34,12,27,153,179,207,79,276,255,230,159,31,45,6,14,81,106,110,43,147,141,136,90,16,21,4,12,71,95,91,38,124,121,124,78,12,14,3,10,68,90,89,36,119,114,109,70,9,6,2,7,49,66,63,25,87,81,78,53,6,4,3,11,76,107,102,39,131,127,119,72,8,7,5,15,99,119,126,51,175,161,153,100,14,14,5.38,14.25,87.38,110.25,115.12,45.38,155.25,145.88,138.0,91.38,14.62,18.12
Asphalt_0cm_S4,2026-04-02T17:03:16.810463,8,18,102,120,133,52,184,167,155,109,21,35,13,27,153,179,207,79,276,255,230,160,32,45,6,14,82,106,109,43,147,141,136,90,16,21,4,12,71,95,92,39,125,121,124,78,12,15,3,10,68,90,89,36,119,114,109,70,9,7,2,7,49,66,63,25,87,81,78,53,6,4,3,11,76,107,102,39,131,127,119,72,8,7,5,15,99,119,126,51,175,161,153,100,14,14,5.5,14.25,87.5,110.25,115.12,45.5,155.5,145.88,138.0,91.5,14.75,18.5
Asphalt_0cm_S4,2026-04-02T17:03:16.916821,8,18,102,120,133,52,184,167,155,109,21,35,13,27,153,179,207,79,276,255,230,160,32,45,6,14,82,106,109,43,147,141,136,90,16,21,4,12,71,95,92,39,125,121,124,78,12,15,3,10,68,90,89,36,119,114,109,70,9,7,2,7,49,66,64,25,87,81,78,53,6,4,3,11,76,108,102,39,131,127,119,72,8,7,5,15,99,118,126,51,175,162,153,99,14,14,5.5,14.25,87.5,110.25,115.25,45.5,155.5,146.0,138.0,91.38,14.75,18.5
Asphalt_0cm_S4,2026-04-02T17:03:17.031052,8,18,102,121,133,51,184,167,155,109,21,35,13,27,153,179,207,79,276,255,230,160,32,45,6,14,81,106,110,43,147,141,136,90,16,21,5,12,71,95,91,38,125,121,124,78,12,15,3,10,68,90,89,36,119,114,109,70,9,7,2,7,49,66,64,25,87,80,78,53,6,4,3,11,76,108,102,39,131,127,119,72,8,7,5,15,99,118,126,51,175,162,153,99,14,14,5.62,14.25,87.38,110.38,115.25,45.25,155.5,145.88,138.0,91.38,14.75,18.5
Asphalt_0cm_S4,2026-04-02T17:03:17.139122,8,18,102,121,133,51,184,167,155,109,21,35,13,27,153,179,207,79,276,255,230,160,32,45,6,14,81,106,110,43,147,141,136,90,16,21,5,12,71,95,91,38,125,121,124,78,12,15,3,10,68,90,89,36,119,114,109,70,9,7,2,7,49,66,64,25,87,80,78,53,6,4,3,11,76,108,102,39,131,127,119,72,8,7,5,15,99,118,126,51,175,162,153,99,14,14,5.62,14.25,87.38,110.38,115.25,45.25,155.5,145.88,138.0,91.38,14.75,18.5
Asphalt_0cm_S4,2026-04-02T17:03:17.235947,8,18,103,120,133,52,184,167,155,110,21,36,13,27,154,179,208,79,277,256,231,160,32,46,6,14,82,106,110,43,147,141,136,90,16,21,5,12,71,95,91,38,125,121,124,79,12,15,3,10,68,90,89,36,119,114,109,70,9,7,2,7,49,66,63,25,87,81,78,53,6,4,3,11,76,108,102,39,131,127,119,73,8,7,5,15,99,119,126,51,174,161,153,100,14,14,5.62,14.25,87.75,110.38,115.25,45.38,155.5,146.0,138.12,91.88,14.75,18.75
Asphalt_0cm_S4,2026-04-02T17:03:17.361173,8,18,103,120,133,52,184,167,155,110,21,36,13,27,154,179,208,79,277,256,231,160,32,46,6,14,82,106,110,43,147,141,136,91,16,21,5,12,71,95,91,38,125,121,124,79,12,15,3,10,68,90,89,36,119,114,109,70,9,7,2,7,49,66,63,25,87,81,78,53,6,4,3,11,76,108,102,39,131,127,119,73,8,7,5,15,99,119,126,51,174,161,153,100,14,14,5.62,14.25,87.75,110.38,115.25,45.38,155.5,146.0,138.12,92.0,14.75,18.75
Asphalt_0cm_S4,2026-04-02T17:03:17.469763,8,19,102,121,134,51,184,167,156,110,21,35,13,27,154,179,208,79,277,256,231,160,32,46,6,14,82,106,110,43,147,141,136,91,16,21,5,12,71,95,91,38,125,121,125,79,12,15,3,10,68,90,89,36,119,114,109,70,9,7,2,7,49,66,63,25,87,80,78,53,6,4,3,11,76,107,102,39,131,126,119,72,8,7,5,15,99,119,126,51,175,162,153,100,14,14,5.62,14.38,87.62,110.38,115.38,45.25,155.62,145.88,138.38,91.88,14.75,18.62
Asphalt_0cm_S4,2026-04-02T17:03:17.571389,8,18,102,121,133,51,184,168,155,110,21,35,13,27,154,179,208,79,277,256,231,160,32,46,6,14,82,106,110,44,148,141,136,91,16,22,5,12,71,95,92,38,125,121,124,79,12,15,3,10,68,90,89,36,119,114,109,70,9,7,2,7,49,66,64,25,87,81,78,53,6,4,3,11,76,108,102,39,131,126,119,72,8,7,5,15,99,119,126,51,175,162,153,100,14,14,5.62,14.25,87.62,110.5,115.5,45.38,155.75,146.12,138.12,91.88,14.75,18.75
Asphalt_0cm_S4,2026-04-02T17:03:17.692171,8,18,102,121,133,51,184,168,155,110,21,35,13,27,154,179,208,79,277,256,231,160,32,46,6,14,82,106,110,43,147,141,136,91,16,21,5,12,71,95,92,38,125,121,125,79,12,15,3,10,68,90,89,36,119,114,109,70,9,7,2,7,49,66,64,25,87,80,78,54,6,4,3,11,76,108,102,39,131,127,119,73,8,7,5,15,99,118,126,51,174,161,153,100,14,14,5.62,14.25,87.62,110.38,115.5,45.25,155.5,146.0,138.25,92.12,14.75,18.62
Asphalt_0cm_S4,2026-04-02T17:03:17.819554,8,19,102,121,134,51,185,167,155,110,21,35,13,27,154,179,208,79,277,256,231,160,32,46,6,14,82,106,110,43,147,141,136,90,16,22,5,12,72,95,92,38,125,121,124,79,12,15,3,10,68,90,89,36,119,114,109,70,9,7,2,7,49,66,64,25,87,80,77,54,6,4,3,11,76,108,102,39,131,127,119,73,8,7,5,15,99,118,126,51,174,161,153,100,14,14,5.62,14.38,87.75,110.38,115.62,45.25,155.62,145.88,138.0,92.0,14.75,18.75
Asphalt_0cm_S4,2026-04-02T17:03:17.915698,8,19,102,121,134,51,185,167,155,110,21,35,13,27,154,179,208,79,277,256,231,160,32,46,6,14,82,106,110,43,147,141,136,90,16,22,5,12,72,95,92,38,125,121,124,79,12,15,3,10,68,90,89,36,119,114,109,70,9,7,2,7,49,66,64,25,87,80,77,54,6,4,3,11,76,108,102,39,131,127,119,73,8,7,5,15,99,118,126,51,174,161,153,100,14,14,5.62,14.38,87.75,110.38,115.62,45.25,155.62,145.88,138.0,92.0,14.75,18.75
Asphalt_0cm_S4,2026-04-02T17:03:18.038611,8,18,102,121,133,51,185,167,156,110,21,35,13,28,154,179,208,80,278,256,231,161,32,46,6,14,82,106,110,43,148,141,136,91,16,22,5,12,71,95,92,39,125,121,124,79,12,15,3,10,68,90,89,36,118,114,109,70,9,7,2,7,49,66,64,25,87,80,78,53,6,4,3,11,76,107,102,39,131,127,119,73,8,7,5,15,99,119,126,51,175,162,153,100,14,14,5.62,14.38,87.62,110.38,115.5,45.5,155.88,146.0,138.25,92.12,14.75,18.75
Asphalt_0cm_S4,2026-04-02T17:03:18.152673,8,18,102,121,133,51,185,167,156,110,21,35,13,28,154,180,208,80,277,256,231,161,32,47,6,14,82,106,110,44,147,141,137,91,16,22,5,12,71,95,91,38,125,121,124,79,12,15,3,10,68,90,89,36,118,114,109,70,9,7,2,7,49,66,64,25,87,80,78,53,6,4,3,11,76,107,102,39,131,127,119,73,8,7,5,15,99,119,126,51,175,162,153,100,14,14,5.62,14.38,87.62,110.5,115.38,45.5,155.62,146.0,138.38,92.12,14.75,18.88
Asphalt_0cm_S4,2026-04-02T17:03:18.258135,8,18,102,121,133,51,185,167,156,110,21,35,13,28,154,180,208,80,277,256,231,161,32,47,6,14,82,106,110,44,147,141,137,91,16,22,5,12,71,95,91,38,125,121,124,79,12,15,3,10,68,90,89,35,119,114,109,70,9,7,2,7,49,66,64,25,87,80,78,53,6,4,3,11,76,108,102,39,131,126,119,72,8,7,5,15,99,119,126,51,175,161,153,100,14,14,5.62,14.38,87.62,110.62,115.38,45.38,155.75,145.75,138.38,92.0,14.75,18.88
Asphalt_0cm_S4,2026-04-02T17:03:18.365943,8,18,102,121,133,51,185,167,156,110,21,35,13,28,154,180,208,80,277,256,231,161,32,47,6,14,82,106,110,44,147,141,137,91,16,22,5,12,71,95,91,38,125,121,124,79,12,15,3,10,68,90,89,35,119,114,109,70,9,7,2,7,49,66,64,25,87,80,78,53,6,4,3,11,76,108,102,39,131,126,119,72,8,7,5,15,99,119,126,51,175,161,153,100,14,14,5.62,14.38,87.62,110.62,115.38,45.38,155.75,145.75,138.38,92.0,14.75,18.88
Asphalt_0cm_S4,2026-04-02T17:03:18.496236,8,18,102,121,134,51,185,168,155,110,21,36,13,28,154,180,209,80,278,257,232,162,32,47,6,14,82,106,110,43,148,141,136,91,16,22,5,12,72,95,92,39,125,122,125,79,12,15,3,10,68,90,89,36,119,114,109,70,9,7,2,7,49,66,64,25,87,80,78,53,6,4,3,11,76,107,102,39,131,126,119,73,8,7,5,15,99,119,126,51,175,161,153,100,14,14,5.62,14.38,87.75,110.5,115.75,45.5,156.0,146.12,138.38,92.25,14.75,19.0
Asphalt_0cm_S4,2026-04-02T17:03:18.617895,8,19,103,121,134,51,185,168,156,110,22,36,13,28,154,180,209,80,278,257,232,161,32,47,6,14,82,106,110,44,148,141,136,91,16,22,5,12,71,95,92,39,125,121,125,79,12,15,3,10,68,90,89,36,118,114,109,70,9,7,2,7,49,66,64,25,87,80,78,54,6,4,3,11,76,108,102,39,131,126,119,73,8,7,5,15,99,119,126,51,175,161,153,100,14,14,5.62,14.5,87.75,110.62,115.75,45.62,155.88,146.0,138.5,92.25,14.88,19.0
Asphalt_0cm_S4,2026-04-02T17:03:18.723430,8,18,103,121,134,52,185,168,156,110,22,36,13,28,154,180,209,80,278,257,232,161,32,47,6,14,82,106,110,44,148,141,136,91,16,22,5,12,71,95,92,39,125,121,125,79,12,15,3,10,68,90,89,36,118,114,109,70,9,7,2,7,49,66,64,25,87,80,78,53,6,4,3,11,76,108,102,39,131,126,119,73,8,7,5,15,99,119,126,51,175,162,153,100,14,14,5.62,14.38,87.75,110.62,115.75,45.75,155.88,146.12,138.5,92.12,14.88,19.0
Asphalt_0cm_S4,2026-04-02T17:03:18.840126,8,18,103,121,134,52,185,168,156,110,22,36,13,28,154,180,209,80,278,256,232,162,32,47,6,14,82,107,110,44,148,142,137,91,16,22,5,12,72,95,92,38,125,121,125,79,12,15,3,10,68,90,89,36,118,114,109,70,9,7,2,7,49,66,64,25,87,80,78,53,6,4,3,11,77,108,102,39,131,127,119,72,8,7,5,15,99,119,126,51,175,162,153,100,14,14,5.62,14.38,88.0,110.75,115.75,45.62,155.88,146.25,138.62,92.12,14.88,19.0
Asphalt_0cm_S4,2026-04-02T17:03:18.953573,8,18,103,121,134,52,185,168,156,110,22,36,13,28,154,180,209,80,278,256,232,162,32,47,6,14,82,107,110,44,148,142,137,91,16,22,5,12,72,95,92,38,125,121,125,79,12,15,3,10,68,90,89,36,118,114,109,70,9,7,2,7,49,66,64,25,87,80,78,53,6,4,3,11,77,108,102,39,131,127,119,72,8,7,5,15,99,119,126,51,175,162,153,100,14,14,5.62,14.38,88.0,110.75,115.75,45.62,155.88,146.25,138.62,92.12,14.88,19.0
Asphalt_0cm_S4,2026-04-02T17:03:19.058040,9,19,103,121,134,52,185,168,156,111,22,36,13,28,155,180,209,80,278,257,232,162,33,47,6,14,82,107,110,44,148,142,137,91,16,22,5,12,71,95,92,39,125,121,125,79,12,15,3,10,68,90,89,36,119,114,109,70,9,7,2,7,49,66,64,25,87,80,78,53,6,4,3,11,76,107,102,39,131,126,119,73,8,7,5,15,99,119,126,51,175,161,153,100,14,14,5.75,14.5,87.88,110.62,115.75,45.75,156.0,146.12,138.62,92.38,15.0,19.0
Asphalt_0cm_S4,2026-04-02T17:03:19.165069,9,19,103,121,134,52,185,168,156,111,22,36,13,28,154,180,209,80,278,257,232,162,32,48,6,14,82,106,110,44,148,142,137,91,16,22,5,12,72,95,92,38,125,122,125,79,12,16,3,10,68,90,89,36,118,114,109,70,9,7,3,7,49,66,64,25,87,80,78,54,6,4,3,11,76,107,102,39,131,126,119,73,8,7,5,15,99,119,126,51,175,161,153,100,14,14,5.88,14.5,87.88,110.5,115.75,45.62,155.88,146.25,138.62,92.5,14.88,19.25
Asphalt_0cm_S4,2026-04-02T17:03:19.279203,8,19,103,121,134,51,185,168,156,110,22,36,13,28,155,180,209,80,279,257,233,162,33,48,6,14,82,106,110,44,148,142,137,91,16,22,5,12,72,95,92,38,125,122,125,79,12,16,3,10,68,90,89,36,118,114,109,70,9,7,3,7,49,66,64,25,87,80,78,54,6,4,3,11,76,108,102,39,132,127,119,73,8,7,5,15,99,118,126,51,175,161,153,99,14,14,5.75,14.5,88.0,110.5,115.75,45.5,156.12,146.38,138.75,92.25,15.0,19.25
Asphalt_0cm_S4,2026-04-02T17:03:19.401891,8,19,103,121,134,51,185,168,156,110,22,36,13,28,155,180,209,80,279,257,233,162,33,48,6,14,82,106,110,44,148,142,137,91,16,22,5,12,72,95,92,38,125,122,125,79,12,16,3,10,68,90,89,36,118,114,109,70,9,7,3,7,49,66,64,25,87,80,78,54,6,4,3,11,76,108,102,39,132,127,119,73,8,7,5,15,99,118,126,51,175,161,153,99,14,14,5.75,14.5,88.0,110.5,115.75,45.5,156.12,146.38,138.75,92.25,15.0,19.25
Asphalt_0cm_S4,2026-04-02T17:03:19.528148,8,19,103,121,134,51,185,168,156,110,22,36,13,28,155,180,209,80,279,257,233,162,33,48,6,15,82,107,111,44,148,142,137,92,17,22,5,12,72,95,92,39,125,122,125,79,12,16,3,10,68,90,89,36,119,114,109,70,9,7,2,7,49,66,64,25,87,81,78,53,6,4,3,11,76,107,102,39,131,126,119,73,8,7,5,15,99,118,126,51,174,162,153,100,14,14,5.62,14.62,88.0,110.5,115.88,45.62,156.0,146.5,138.75,92.38,15.12,19.25
Asphalt_0cm_S4,2026-04-02T17:03:19.657759,8,18,103,121,134,52,185,168,156,110,21,36,13,28,155,180,208,80,279,258,233,162,33,48,7,15,82,107,111,44,148,142,137,92,16,23,5,12,72,95,92,39,125,122,125,79,12,16,3,10,68,90,89,36,119,114,109,70,9,7,2,7,49,66,64,25,87,80,78,54,6,4,3,11,76,108,102,39,131,126,119,72,8,7,5,15,99,119,126,51,175,162,153,100,14,14,5.75,14.5,88.0,110.75,115.75,45.75,156.12,146.5,138.75,92.38,14.88,19.38
Asphalt_0cm_S4,2026-04-02T17:03:19.771184,8,18,103,121,134,52,185,168,156,110,21,36,13,28,155,180,208,80,279,258,233,162,33,48,7,15,82,107,111,44,148,142,137,92,16,23,5,12,72,95,92,39,125,122,125,79,12,16,3,10,68,90,89,36,119,114,109,70,9,7,2,7,49,66,64,25,87,80,78,54,6,4,3,11,76,108,102,39,131,126,119,72,8,7,5,15,99,119,126,51,175,162,153,100,14,14,5.75,14.5,88.0,110.75,115.75,45.75,156.12,146.5,138.75,92.38,14.88,19.38
Asphalt_0cm_S4,2026-04-02T17:03:19.875704,8,18,103,121,134,52,185,168,156,110,22,36,13,28,155,180,209,80,279,258,232,163,33,48,6,15,82,107,111,44,148,142,137,92,16,23,5,12,72,95,92,39,125,122,125,79,12,16,3,10,68,90,89,36,119,114,109,70,9,7,2,7,49,66,64,25,87,81,78,54,6,4,3,11,76,108,102,39,131,127,119,73,8,7,5,15,99,119,126,51,175,162,153,100,14,14,5.62,14.5,88.0,110.75,115.88,45.75,156.12,146.75,138.62,92.62,15.0,19.38
Asphalt_0cm_S4,2026-04-02T17:03:19.983423,8,18,103,121,134,52,185,168,156,110,22,36,13,28,155,180,209,80,279,258,232,163,33,48,6,15,82,107,111,44,148,142,137,92,16,23,5,12,72,95,92,39,125,122,125,79,12,16,3,10,68,90,89,36,119,114,109,70,9,7,2,7,49,66,64,25,87,81,78,54,6,4,3,11,76,108,102,39,131,127,119,73,8,7,5,15,99,119,126,51,175,162,153,100,14,14,5.62,14.5,88.0,110.75,115.88,45.75,156.12,146.75,138.62,92.62,15.0,19.38
Asphalt_0cm_S4,2026-04-02T17:03:20.083410,8,18,102,120,133,51,183,167,155,109,21,34,12,27,153,178,206,79,275,254,229,158,31,43,6,14,82,106,110,44,148,141,137,91,16,22,5,12,71,95,91,38,125,121,124,79,12,15,3,10,68,90,89,36,119,114,109,70,9,7,2,7,49,66,63,25,87,80,78,53,6,4,3,11,76,107,102,39,131,126,119,73,8,7,5,15,99,118,126,51,174,161,153,100,14,14,5.5,14.25,87.5,110.0,115.0,45.38,155.25,145.5,138.0,91.62,14.62,18.25
Asphalt_0cm_S4,2026-04-02T17:03:20.196117,8,18,102,120,133,51,183,167,155,109,21,34,12,27,153,178,206,79,275,254,229,158,31,43,6,14,81,105,109,43,146,141,135,90,15,20,4,12,71,94,90,38,123,120,123,77,11,13,3,10,68,90,89,36,118,114,108,70,8,6,2,7,49,66,64,25,87,80,78,53,6,4,3,11,76,107,102,39,131,126,119,73,8,7,5,15,99,118,126,51,174,161,153,100,14,14,5.38,14.25,87.38,109.75,114.88,45.25,154.62,145.38,137.5,91.25,14.25,17.62
Asphalt_0cm_S4,2026-04-02T17:03:20.323800,8,18,102,120,133,51,183,166,154,108,21,34,12,26,152,177,205,78,274,253,227,156,30,41,6,14,81,105,109,43,146,140,134,89,15,19,4,12,71,94,90,38,123,120,123,77,11,13,3,10,68,90,89,36,118,114,108,70,8,6,2,7,49,66,64,25,87,80,78,53,6,4,3,11,76,107,102,39,131,126,119,73,8,7,5,15,99,119,126,51,175,161,153,99,14,14,5.38,14.12,87.25,109.75,114.75,45.12,154.62,145.0,137.0,90.62,14.12,17.25
Asphalt_0cm_S4,2026-04-02T17:03:20.436191,8,18,102,120,132,51,183,166,154,108,21,33,12,26,151,177,204,78,273,252,226,155,30,40,6,13,81,105,108,43,146,139,134,88,15,19,4,12,71,94,90,38,123,120,123,77,11,13,3,10,68,90,89,36,119,114,109,70,9,7,2,7,49,66,64,25,87,80,78,53,6,4,3,11,76,107,102,39,131,126,119,72,8,7,5,15,99,118,126,51,175,161,153,99,14,14,5.38,14.0,87.12,109.62,114.38,45.12,154.62,144.75,137.0,90.25,14.25,17.12
Asphalt_0cm_S4,2026-04-02T17:03:20.556889,8,18,102,120,133,51,183,165,154,108,21,33,12,26,151,177,204,78,273,252,226,155,30,40,6,13,81,105,108,43,146,139,134,88,15,19,4,12,71,94,91,38,124,120,123,77,11,14,3,10,68,90,89,36,119,114,109,70,9,7,3,7,49,66,63,25,87,81,78,53,6,4,3,11,76,107,102,39,131,126,119,73,8,7,5,15,99,119,126,51,175,161,153,99,14,14,5.5,14.0,87.12,109.75,114.5,45.12,154.75,144.75,137.0,90.38,14.25,17.25
Asphalt_0cm_S4,2026-04-02T17:03:20.656329,8,18,102,120,133,51,183,165,154,108,21,33,11,26,151,177,205,78,273,252,226,155,29,40,6,14,81,105,108,43,146,139,134,88,15,18,4,12,71,94,91,38,124,120,123,77,11,14,3,10,68,90,89,36,119,114,108,70,9,7,3,7,49,66,64,25,87,80,78,53,6,4,3,11,76,107,102,39,131,126,119,73,8,7,5,15,99,119,126,51,175,161,153,99,14,14,5.38,14.12,87.12,109.75,114.75,45.12,154.75,144.62,136.88,90.38,14.12,17.12
Asphalt_0cm_S4,2026-04-02T17:03:20.773163,8,18,101,120,132,51,183,166,154,108,21,33,11,26,151,176,204,78,272,251,226,155,29,40,5,14,80,105,108,43,145,139,134,88,14,18,4,12,71,94,91,38,123,120,123,77,11,13,3,10,68,90,89,36,119,114,108,70,9,7,3,7,49,66,64,25,87,80,78,53,6,4,3,11,76,107,102,39,131,127,119,72,8,7,5,15,99,118,126,51,175,161,153,99,14,14,5.25,14.12,86.88,109.5,114.5,45.12,154.38,144.75,136.88,90.25,14.0,17.0
Asphalt_0cm_S4,2026-04-02T17:03:20.886107,8,18,101,120,132,51,183,166,154,108,21,33,11,26,151,176,204,78,272,251,226,155,29,40,5,14,80,105,108,43,145,139,134,88,14,18,4,12,71,94,91,38,123,120,123,77,11,13,3,10,68,90,89,36,119,114,108,70,9,7,2,7,49,66,64,25,87,81,78,53,6,4,3,11,76,107,102,39,131,127,119,72,8,7,5,15,99,118,126,51,175,161,153,99,14,14,5.12,14.12,86.88,109.5,114.5,45.12,154.38,144.88,136.88,90.25,14.0,17.0
Asphalt_0cm_S4,2026-04-02T17:03:20.991486,8,18,101,120,132,51,182,165,153,107,20,33,11,26,151,176,204,78,272,251,226,155,29,40,5,14,80,105,108,43,145,139,134,88,14,18,4,12,71,94,91,38,123,120,123,77,11,13,3,10,68,90,89,36,119,114,108,70,9,7,2,7,49,66,64,25,87,81,78,53,6,4,3,11,76,107,102,39,131,126,119,73,8,7,5,15,99,119,126,51,175,162,153,99,14,14,5.12,14.12,86.88,109.62,114.5,45.12,154.25,144.75,136.75,90.25,13.88,17.0
Asphalt_0cm_S4,2026-04-02T17:03:21.091551,8,18,102,120,132,51,183,166,154,108,20,33,12,26,152,177,206,78,274,253,228,157,30,41,6,14,81,105,109,43,146,140,135,89,15,19,5,12,71,95,92,39,124,121,125,79,12,15,3,10,68,90,89,36,119,114,108,70,9,7,2,7,49,66,64,25,87,81,78,54,6,4,3,11,76,108,102,39,131,127,119,72,8,7,5,15,99,119,126,51,175,162,153,99,14,14,5.5,14.12,87.25,110.0,115.0,45.25,154.88,145.5,137.5,91.0,14.25,17.5
Asphalt_0cm_S4,2026-04-02T17:03:21.191505,8,18,102,120,132,51,183,166,154,108,20,33,13,27,153,179,207,79,277,255,230,159,31,44,6,14,81,105,109,43,146,140,135,89,15,19,5,12,71,95,92,39,124,121,125,79,12,15,3,10,68,90,89,36,119,114,108,70,9,7,2,7,49,66,64,25,87,81,78,54,6,4,3,11,76,108,102,39,131,127,119,72,8,7,5,15,99,119,126,51,175,162,153,99,14,14,5.62,14.25,87.38,110.25,115.12,45.38,155.25,145.75,137.75,91.25,14.38,17.88
Asphalt_0cm_S4,2026-04-02T17:03:21.314861,7,17,100,119,131,50,181,164,152,106,19,31,13,27,154,179,208,79,277,255,230,160,32,44,6,14,82,106,111,44,148,141,136,91,16,22,5,13,72,96,92,39,126,122,126,80,12,16,3,10,68,90,89,36,119,114,109,70,9,7,2,7,49,66,64,25,87,81,78,53,6,4,3,11,76,107,102,39,131,126,119,73,8,7,5,15,99,118,126,51,175,161,153,99,14,14,5.5,14.25,87.5,110.12,115.38,45.38,155.5,145.5,137.88,91.5,14.5,18.12
Asphalt_0cm_S4,2026-04-02T17:03:21.423235,7,17,100,119,131,50,181,164,152,106,19,31,13,27,154,179,208,79,277,255,230,160,32,44,6,14,82,106,111,44,148,141,136,91,16,22,5,13,72,96,92,39,126,122,126,80,12,16,3,10,68,90,89,36,119,114,109,70,9,7,2,7,49,66,64,25,87,81,78,53,6,4,3,11,76,107,102,39,131,126,119,73,8,7,5,15,99,118,126,51,175,161,153,99,14,14,5.5,14.25,87.5,110.12,115.38,45.38,155.5,145.5,137.88,91.5,14.5,18.12
Asphalt_0cm_S4,2026-04-02T17:03:21.537782,7,17,100,118,130,50,180,163,151,104,19,28,13,28,154,180,209,80,278,257,232,162,32,46,7,15,82,107,111,44,149,142,137,92,16,22,5,13,72,96,92,39,126,122,126,80,12,16,3,10,68,90,89,36,119,114,109,70,9,7,2,7,49,66,64,25,87,81,78,54,6,4,3,11,76,108,102,39,131,126,119,73,8,7,5,15,99,118,126,51,175,161,153,99,14,14,5.62,14.5,87.5,110.38,115.38,45.5,155.62,145.75,138.12,91.75,14.5,18.0
Asphalt_0cm_S4,2026-04-02T17:03:21.645745,7,17,100,118,130,50,180,163,152,105,19,28,13,28,155,180,209,80,278,257,232,162,32,46,6,15,82,107,110,43,148,142,137,91,16,22,5,12,72,96,92,39,126,122,125,80,12,16,3,10,68,90,89,36,119,114,109,71,9,7,2,7,49,66,64,25,87,81,78,54,6,4,3,11,76,108,102,39,131,126,119,73,8,7,5,15,99,118,126,51,175,161,153,99,14,14,5.5,14.38,87.62,110.38,115.25,45.38,155.5,145.75,138.12,91.88,14.5,18.0
Asphalt_0cm_S4,2026-04-02T17:03:21.757300,7,17,100,118,130,50,180,163,152,105,19,28,13,28,155,180,209,80,278,257,232,162,32,46,6,15,82,107,110,43,148,142,137,91,16,22,5,12,72,96,92,39,126,122,125,80,12,16,3,10,68,90,89,36,119,114,109,71,9,7,2,7,49,66,64,25,87,81,78,54,6,4,3,11,76,107,102,39,131,126,119,72,8,7,5,15,99,118,126,51,174,161,153,99,14,14,5.5,14.38,87.62,110.25,115.25,45.38,155.38,145.75,138.12,91.75,14.5,18.0
Asphalt_0cm_S4,2026-04-02T17:03:21.870533,7,17,100,118,130,50,180,163,152,105,19,28,13,28,155,180,209,80,278,257,232,162,32,46,6,15,82,107,110,43,148,142,137,91,16,22,5,12,72,96,92,39,126,122,125,80,12,16,3,10,68,90,89,36,119,114,109,71,9,7,2,7,49,66,64,25,87,81,78,54,6,4,3,11,76,107,102,39,131,126,119,72,8,7,5,15,99,118,126,51,174,161,153,99,14,14,5.5,14.38,87.62,110.25,115.25,45.38,155.38,145.75,138.12,91.75,14.5,18.0
Asphalt_0cm_S4,2026-04-02T17:03:21.972855,7,17,100,118,130,50,180,163,151,105,19,29,13,28,154,180,209,80,278,257,232,161,32,46,6,15,82,107,110,44,148,141,137,91,16,22,5,13,72,96,92,39,126,122,126,80,12,17,3,10,69,90,89,35,119,114,109,70,9,7,2,7,49,66,64,25,87,80,78,54,6,4,3,11,76,107,102,39,131,126,119,73,8,7,5,15,99,118,126,51,175,161,153,99,14,14,5.5,14.5,87.62,110.25,115.25,45.38,155.5,145.5,138.12,91.62,14.5,18.25
Asphalt_0cm_S4,2026-04-02T17:03:22.091234,7,17,100,118,130,50,180,163,151,105,19,28,13,28,154,179,208,80,278,257,231,161,32,46,7,15,82,107,111,44,148,142,137,91,16,22,5,13,72,96,93,39,126,122,126,80,12,17,3,10,68,90,89,36,119,115,109,70,9,7,2,7,49,66,63,25,87,80,78,54,6,4,3,11,76,107,102,39,131,127,119,73,8,7,5,15,99,118,126,51,175,161,153,99,14,14,5.62,14.5,87.5,110.12,115.25,45.5,155.5,145.88,138.0,91.62,14.5,18.12
Asphalt_0cm_S4,2026-04-02T17:03:22.191449,7,17,100,118,130,50,180,163,151,105,19,28,13,28,154,179,208,80,278,257,231,161,32,46,7,15,82,107,111,44,148,142,137,91,16,22,5,13,72,96,93,39,126,122,126,80,12,17,3,10,68,90,89,36,119,114,109,70,9,7,2,7,49,66,63,25,87,81,78,54,6,4,3,11,76,108,102,39,131,127,119,73,8,7,5,15,99,118,126,51,175,161,153,99,14,14,5.62,14.5,87.5,110.25,115.25,45.5,155.5,145.88,138.0,91.62,14.5,18.12
Asphalt_0cm_S4,2026-04-02T17:03:22.307769,7,17,100,118,130,50,180,163,151,105,19,28,13,28,154,179,208,80,278,257,231,161,32,46,7,15,82,107,111,44,148,142,137,91,16,22,5,13,72,96,93,39,126,122,126,80,12,17,3,10,68,90,89,36,119,114,109,70,9,7,2,7,49,66,63,25,87,81,78,54,6,4,3,11,76,108,102,39,131,127,119,73,8,7,5,15,99,118,126,51,175,161,153,99,14,14,5.62,14.5,87.5,110.25,115.25,45.5,155.5,145.88,138.0,91.62,14.5,18.12
Asphalt_0cm_S4,2026-04-02T17:03:22.410149,7,17,100,118,130,50,180,163,151,105,19,28,13,28,155,180,209,80,278,257,231,161,32,46,7,15,82,107,111,44,148,142,137,92,16,23,5,13,72,96,92,39,126,122,126,80,12,17,3,10,68,90,89,36,119,114,109,70,9,7,2,7,49,66,64,25,87,80,78,53,6,4,3,11,76,108,102,39,131,127,119,73,8,7,5,15,98,118,126,51,174,161,153,99,14,14,5.62,14.5,87.5,110.38,115.38,45.5,155.38,145.75,138.0,91.62,14.5,18.25
Asphalt_0cm_S4,2026-04-02T17:03:22.515060,7,17,100,118,130,50,180,163,151,105,19,28,13,28,155,180,209,80,278,257,231,161,32,46,7,15,82,107,111,44,148,142,137,92,16,23,5,13,72,96,92,39,126,122,126,80,12,17,3,10,68,90,89,36,119,114,109,70,9,7,2,7,49,66,64,25,87,80,78,53,6,4,3,11,76,108,102,39,131,127,119,73,8,7,5,15,98,118,126,51,174,161,153,99,14,14,5.62,14.5,87.5,110.38,115.38,45.5,155.38,145.75,138.0,91.62,14.5,18.25
Asphalt_0cm_S4,2026-04-02T17:03:22.618662,7,17,100,118,130,50,180,163,151,105,19,29,13,28,155,180,209,80,278,257,232,162,32,47,7,15,83,107,111,44,148,142,137,92,16,23,5,13,72,96,93,39,126,123,126,80,12,17,3,10,68,90,89,36,119,115,109,71,9,7,2,7,49,66,64,25,87,81,78,53,6,4,3,11,76,107,102,39,131,127,119,72,9,7,5,15,99,118,126,51,174,161,153,99,14,14,5.62,14.5,87.75,110.25,115.5,45.5,155.38,146.12,138.12,91.75,14.62,18.5
Asphalt_0cm_S4,2026-04-02T17:03:22.723092,7,17,100,118,130,50,180,163,151,105,19,29,13,28,155,180,209,80,278,257,232,162,32,47,7,15,83,107,111,44,148,142,137,92,16,23,5,13,72,96,93,39,126,123,126,80,12,17,3,10,68,90,89,36,119,114,109,71,9,7,2,7,49,67,64,25,87,80,78,53,6,4,3,11,76,108,102,39,131,127,119,73,8,7,5,15,99,118,126,51,174,161,153,99,14,14,5.62,14.5,87.75,110.5,115.5,45.5,155.38,145.88,138.12,91.88,14.5,18.5
Asphalt_0cm_S4,2026-04-02T17:03:22.832829,7,17,100,118,130,50,180,163,151,105,19,29,13,28,155,180,208,80,278,257,232,162,32,47,6,15,83,107,111,44,149,142,137,92,16,23,5,13,72,96,93,39,126,123,126,80,13,17,3,10,68,90,89,36,119,114,109,70,9,7,2,7,49,66,63,25,87,81,78,54,6,4,3,11,76,108,102,39,131,127,119,73,8,7,5,15,99,118,126,51,174,161,153,99,14,14,5.5,14.5,87.75,110.38,115.25,45.5,155.5,146.0,138.12,91.88,14.62,18.5
Asphalt_0cm_S4,2026-04-02T17:03:22.944708,7,17,100,118,130,50,180,163,152,105,19,29,13,28,154,180,209,80,278,257,232,161,32,46,7,15,83,107,111,44,148,142,137,92,16,23,5,13,72,96,93,39,126,123,126,80,13,17,3,10,68,90,89,36,119,114,109,70,9,7,2,7,49,66,63,25,87,81,78,54,6,4,3,11,76,107,102,39,131,127,119,73,8,7,5,15,99,118,126,51,174,161,153,99,14,14,5.62,14.5,87.62,110.25,115.38,45.5,155.38,146.0,138.25,91.75,14.62,18.38
Asphalt_0cm_S4,2026-04-02T17:03:23.051936,7,17,100,118,130,50,180,163,152,105,19,29,13,28,154,180,209,80,278,257,232,161,32,46,7,15,83,107,111,44,148,142,137,92,16,23,5,13,72,96,93,39,126,123,126,80,13,17,3,10,68,90,89,36,119,114,109,70,9,7,2,7,49,66,63,25,87,81,78,54,6,4,3,11,76,107,102,39,131,127,119,73,8,7,5,15,99,118,126,51,174,161,153,99,14,14,5.62,14.5,87.62,110.25,115.38,45.5,155.38,146.0,138.25,91.75,14.62,18.38
Asphalt_0cm_S4,2026-04-02T17:03:23.156497,7,17,100,118,130,50,180,163,151,105,19,29,13,28,154,180,209,80,278,257,232,161,32,47,7,15,82,107,111,44,148,142,137,92,16,23,5,13,72,96,93,39,125,123,126,80,12,17,3,10,68,90,89,36,119,114,109,71,9,7,2,7,49,66,64,25,87,81,78,54,6,4,3,11,76,108,102,39,131,126,119,72,8,7,5,15,99,118,126,51,174,161,153,99,14,14,5.62,14.5,87.5,110.38,115.5,45.5,155.25,145.88,138.12,91.75,14.5,18.5
Asphalt_0cm_S4,2026-04-02T17:03:23.264873,7,17,100,118,130,50,180,163,151,105,19,29,13,28,154,180,209,80,278,257,232,161,32,47,7,15,82,107,111,44,148,142,137,92,16,23,5,13,72,96,93,39,125,123,126,80,12,17,3,10,68,90,89,36,119,114,109,71,9,7,2,7,49,66,64,25,87,81,78,54,6,4,3,11,76,107,102,39,131,126,119,73,8,7,5,15,99,118,126,51,175,161,153,99,14,14,5.62,14.5,87.5,110.25,115.5,45.5,155.38,145.88,138.12,91.88,14.5,18.5
Asphalt_0cm_S4,2026-04-02T17:03:23.383125,7,17,100,118,130,50,180,163,151,105,19,29,13,28,154,180,209,80,278,256,232,161,32,46,6,15,82,107,111,43,149,142,137,92,16,23,5,13,72,96,92,39,126,122,126,80,12,17,3,10,68,90,89,36,119,115,109,70,9,7,2,7,49,66,64,25,87,81,78,54,6,4,3,11,76,107,102,39,131,126,119,73,8,7,5,15,99,118,126,51,175,161,153,99,14,14,5.5,14.5,87.5,110.25,115.38,45.38,155.62,145.75,138.12,91.75,14.5,18.38
Asphalt_0cm_S4,2026-04-02T17:03:23.491949,7,17,100,118,130,50,180,163,151,105,19,29,13,28,154,180,209,80,278,256,232,161,32,46,6,15,82,107,111,43,149,142,137,92,16,23,5,13,72,96,92,39,126,122,126,80,12,17,3,10,68,90,89,36,119,115,109,70,9,7,2,7,49,66,64,25,87,81,78,54,6,4,3,11,76,107,102,39,131,126,119,73,8,7,5,15,99,118,126,51,175,161,153,99,14,14,5.5,14.5,87.5,110.25,115.38,45.38,155.62,145.75,138.12,91.75,14.5,18.38
Asphalt_0cm_S4,2026-04-02T17:03:23.591330,7,17,100,118,130,50,180,163,151,105,19,28,13,28,154,180,208,80,278,256,231,161,32,46,7,15,82,107,111,44,148,142,137,92,16,22,5,13,72,96,93,39,126,122,126,80,12,17,3,10,68,90,89,36,119,114,109,71,9,7,2,7,49,67,64,25,87,81,78,54,6,4,3,11,76,107,102,39,131,126,119,73,8,7,5,15,99,118,126,51,174,161,153,99,14,14,5.62,14.5,87.5,110.38,115.38,45.5,155.38,145.62,138.0,91.88,14.5,18.12
Asphalt_0cm_S4,2026-04-02T17:03:23.706886,7,17,100,118,130,50,180,163,151,105,19,28,13,28,154,180,208,80,278,256,231,161,32,46,6,14,82,107,111,44,149,142,137,92,16,23,5,13,72,96,92,39,126,122,126,80,12,17,3,10,68,90,89,36,119,114,109,70,9,7,2,7,49,66,64,25,87,81,78,53,6,4,3,11,76,108,102,39,131,127,119,73,8,7,5,15,98,118,126,51,174,161,153,99,14,14,5.5,14.38,87.38,110.38,115.25,45.5,155.5,145.75,138.0,91.62,14.5,18.25
Asphalt_0cm_S4,2026-04-02T17:03:23.840882,7,17,100,118,130,50,180,163,151,105,19,29,13,28,154,179,208,80,278,256,231,161,32,46,6,14,82,107,111,44,149,142,137,92,16,23,5,13,72,96,92,39,126,122,126,80,12,17,3,10,68,90,89,36,119,114,109,70,9,7,2,7,49,66,64,25,87,81,78,53,6,4,3,11,76,108,102,39,131,127,119,73,8,7,5,15,98,118,126,51,174,161,153,99,14,14,5.5,14.38,87.38,110.25,115.25,45.5,155.5,145.75,138.0,91.62,14.5,18.38
Asphalt_0cm_S4,2026-04-02T17:03:23.951452,7,17,100,118,130,50,180,163,151,105,19,29,13,28,154,179,208,80,278,256,231,161,32,46,6,14,82,107,111,44,149,142,137,92,16,23,5,13,72,96,92,39,126,122,126,80,12,17,3,10,68,90,89,36,119,114,109,70,9,7,2,7,49,66,64,25,87,81,78,53,6,4,3,11,76,108,102,39,131,127,119,73,8,7,5,15,98,118,126,51,174,161,153,99,14,14,5.5,14.38,87.38,110.25,115.25,45.5,155.5,145.75,138.0,91.62,14.5,18.38
Asphalt_0cm_S4,2026-04-02T17:03:24.054266,7,17,100,118,130,50,180,163,151,105,19,29,13,28,154,180,208,80,278,256,231,161,32,46,6,15,82,107,111,44,148,142,137,91,16,22,5,13,72,96,93,39,126,122,126,80,12,17,3,10,68,90,89,36,119,114,109,71,9,7,2,7,49,66,64,25,87,81,78,54,6,4,3,11,76,107,102,39,131,126,119,73,8,7,5,15,99,118,126,51,174,161,153,99,14,14,5.5,14.5,87.5,110.25,115.38,45.5,155.38,145.62,138.0,91.75,14.5,18.25
Asphalt_0cm_S4,2026-04-02T17:03:24.182966,7,17,100,118,130,50,180,163,151,105,19,29,13,28,154,180,208,79,278,257,231,161,32,46,7,15,82,107,111,44,148,142,137,92,16,22,5,13,72,96,93,39,126,122,126,80,12,17,3,10,68,90,89,36,119,114,109,71,9,7,2,7,49,66,64,25,87,80,78,54,6,4,3,11,76,108,102,39,131,126,119,73,8,7,5,15,99,118,126,51,175,161,153,99,14,14,5.62,14.5,87.5,110.38,115.38,45.38,155.5,145.62,138.0,91.88,14.5,18.25
Asphalt_0cm_S4,2026-04-02T17:03:24.310470,7,17,100,118,130,50,180,163,151,105,19,29,13,28,154,180,208,79,278,257,231,161,32,46,7,15,82,107,111,44,148,142,137,92,16,22,5,13,72,96,93,39,126,122,126,80,12,17,3,10,68,90,89,36,119,114,109,71,9,7,2,7,49,66,64,25,87,80,78,54,6,4,3,11,76,108,102,39,131,126,119,73,8,7,5,15,99,118,126,51,174,161,153,99,14,14,5.62,14.5,87.5,110.38,115.38,45.38,155.38,145.62,138.0,91.88,14.5,18.25
Asphalt_0cm_S4,2026-04-02T17:03:24.428189,7,17,100,119,130,50,180,164,152,105,19,29,13,28,154,180,208,80,278,257,231,161,32,46,6,15,82,107,111,44,148,142,137,91,16,22,5,13,72,96,93,39,126,123,126,80,12,17,3,10,68,90,89,36,119,114,109,71,9,7,3,7,49,67,64,25,87,81,78,54,6,4,3,11,76,108,102,39,131,126,119,73,8,7,5,15,98,118,126,51,174,161,153,99,14,14,5.62,14.5,87.38,110.62,115.38,45.5,155.38,146.0,138.12,91.75,14.5,18.25
Asphalt_0cm_S4,2026-04-02T17:03:24.563013,7,17,100,119,130,50,180,164,152,105,19,29,13,28,154,180,208,80,278,257,231,161,32,46,6,15,82,107,111,44,148,142,137,91,16,22,5,13,72,96,93,39,126,123,126,80,12,17,3,10,68,90,89,36,119,114,109,71,9,7,3,7,49,67,64,25,87,81,78,54,6,4,3,11,76,108,102,39,131,126,119,73,8,7,5,15,98,118,126,51,174,161,153,99,14,14,5.62,14.5,87.38,110.62,115.38,45.5,155.38,146.0,138.12,91.75,14.5,18.25
Asphalt_0cm_S4,2026-04-02T17:03:24.663376,7,17,100,119,131,50,180,164,152,106,19,29,13,28,154,180,208,80,278,256,231,161,32,46,6,15,82,107,111,44,148,142,137,91,16,23,5,13,72,96,93,39,126,123,126,80,12,17,3,10,68,90,89,36,119,114,109,70,9,7,2,7,49,66,64,25,87,81,78,53,6,4,4,11,76,108,102,39,131,127,119,72,8,7,5,15,98,118,126,51,174,161,153,99,14,14,5.62,14.5,87.38,110.5,115.5,45.5,155.38,146.0,138.12,91.5,14.5,18.38
Asphalt_0cm_S4,2026-04-02T17:03:24.787095,7,17,100,118,131,51,180,164,152,106,19,29,13,28,154,180,208,80,277,256,232,161,32,46,6,15,82,107,111,44,148,142,137,91,16,23,5,13,72,96,93,39,126,123,126,80,12,17,3,10,68,90,89,36,119,114,109,70,9,7,2,7,49,66,64,25,87,81,78,54,6,4,3,11,76,108,102,39,131,127,119,72,8,7,5,15,98,118,126,51,174,161,153,99,14,14,5.5,14.5,87.38,110.38,115.5,45.62,155.25,146.0,138.25,91.62,14.5,18.38
Asphalt_0cm_S4,2026-04-02T17:03:24.903563,7,17,100,118,131,51,180,164,152,106,19,29,13,28,154,180,208,80,277,256,232,161,32,46,6,15,82,107,111,44,148,142,137,91,16,22,5,13,72,96,93,39,126,122,126,80,12,17,3,10,68,90,89,36,119,114,109,70,9,7,2,7,49,66,64,25,87,81,78,54,6,4,3,11,76,108,102,39,131,127,119,72,8,7,5,15,98,118,126,51,174,161,153,99,14,14,5.5,14.5,87.38,110.38,115.5,45.62,155.25,145.88,138.25,91.62,14.5,18.25
Asphalt_0cm_S4,2026-04-02T17:03:25.012975,7,17,100,119,130,50,180,164,152,106,19,29,13,28,154,180,208,80,278,257,231,161,32,46,6,15,82,107,111,44,148,142,137,92,16,22,5,13,72,96,93,39,126,123,126,80,12,17,3,10,68,90,89,36,119,115,109,70,9,7,3,7,49,66,64,25,87,81,78,54,6,4,3,11,76,107,102,39,131,127,119,72,8,7,5,15,98,118,126,51,174,161,153,99,14,14,5.62,14.5,87.38,110.38,115.38,45.5,155.38,146.25,138.12,91.75,14.5,18.25
Asphalt_0cm_S4,2026-04-02T17:03:25.140638,7,17,100,119,130,50,180,164,152,106,19,29,13,28,154,180,208,80,278,257,231,161,32,46,6,15,82,107,111,43,148,142,137,91,16,22,5,13,72,96,93,39,126,123,126,80,12,17,3,10,68,90,89,36,119,114,109,71,9,7,2,7,49,66,64,25,87,81,78,53,6,4,3,11,76,107,102,39,131,126,119,72,8,7,5,15,99,118,126,51,174,161,153,99,14,14,5.5,14.5,87.5,110.38,115.38,45.38,155.38,146.0,138.12,91.62,14.5,18.25
Asphalt_0cm_S4,2026-04-02T17:03:25.254331,7,17,100,119,130,50,180,164,152,106,19,29,13,28,154,180,208,80,278,257,231,161,32,46,6,15,82,107,111,43,148,142,137,91,16,22,5,13,72,96,93,39,126,122,126,80,12,17,3,10,68,90,89,36,119,115,109,71,9,7,2,7,49,66,63,25,87,81,78,54,6,4,3,11,76,107,102,39,131,127,119,73,8,7,5,15,99,118,126,51,174,161,153,99,14,14,5.5,14.5,87.5,110.38,115.25,45.38,155.38,146.12,138.12,91.88,14.5,18.25
Asphalt_0cm_S4,2026-04-02T17:03:25.355993,7,17,100,119,130,50,180,164,152,106,19,29,13,28,154,180,208,80,278,257,231,161,32,46,6,15,82,107,111,43,148,142,137,91,16,22,5,13,72,96,93,39,126,122,126,80,12,17,3,10,68,90,89,36,119,115,109,71,9,7,2,7,49,66,63,25,87,81,78,54,6,4,3,11,76,107,102,39,131,127,119,73,8,7,5,15,99,118,126,51,174,161,153,99,14,14,5.5,14.5,87.5,110.38,115.25,45.38,155.38,146.12,138.12,91.88,14.5,18.25
Asphalt_0cm_S4,2026-04-02T17:03:25.464284,7,17,100,119,130,50,180,164,152,105,19,29,13,28,154,180,208,80,277,256,231,161,32,46,7,15,82,107,111,44,148,142,137,91,16,22,5,12,72,96,92,39,126,122,126,80,12,17,3,10,68,90,89,36,119,115,109,71,9,7,2,7,49,66,64,25,87,81,78,53,6,4,3,11,76,108,102,39,131,126,119,73,8,7,4,15,98,118,126,51,174,161,153,99,14,14,5.5,14.38,87.38,110.5,115.25,45.5,155.25,145.88,138.12,91.62,14.5,18.25
Asphalt_0cm_S4,2026-04-02T17:03:25.603012,7,17,100,118,131,50,180,164,151,105,19,29,13,28,154,180,208,80,278,256,231,161,32,46,6,15,83,106,111,44,148,142,137,92,16,22,5,13,72,96,93,39,126,123,126,80,12,17,3,10,69,90,89,36,119,115,109,70,9,7,2,7,49,66,64,25,87,80,78,54,6,4,3,11,76,107,102,39,131,126,119,73,8,7,5,15,99,118,126,51,174,161,153,99,14,14,5.5,14.5,87.75,110.12,115.5,45.5,155.38,145.88,138.0,91.75,14.5,18.25
Asphalt_0cm_S4,2026-04-02T17:03:25.706094,7,17,100,118,131,50,180,164,151,105,19,29,13,28,154,179,208,79,278,256,231,160,32,46,6,15,82,107,111,44,148,142,137,91,16,22,5,12,72,96,93,39,126,122,126,80,12,17,3,10,68,90,89,36,119,115,109,70,9,7,3,7,49,66,64,25,87,81,78,54,6,4,3,11,76,108,102,39,131,127,119,73,8,7,5,15,98,118,126,51,174,161,153,99,14,14,5.62,14.38,87.38,110.25,115.5,45.38,155.38,146.0,138.0,91.5,14.5,18.25
Asphalt_0cm_S4,2026-04-02T17:03:25.829736,7,17,100,118,130,50,180,164,152,105,19,29,13,28,154,180,208,80,277,256,231,160,32,45,6,15,82,106,111,44,148,142,137,91,16,22,5,12,72,96,93,39,126,122,126,80,12,17,3,10,68,90,89,36,119,115,109,70,9,7,3,7,49,66,64,25,87,81,78,54,6,4,3,11,76,108,102,39,131,127,119,73,8,7,5,15,98,118,126,51,174,161,153,99,14,14,5.62,14.38,87.38,110.25,115.38,45.5,155.25,146.0,138.12,91.5,14.5,18.12
Asphalt_0cm_S4,2026-04-02T17:03:25.950587,7,17,100,118,130,50,180,164,152,105,19,29,13,28,154,180,208,80,277,256,231,160,32,45,6,15,82,106,111,44,148,142,137,91,16,22,5,12,72,96,93,39,126,122,126,80,12,17,3,10,68,90,89,36,119,115,109,70,9,7,3,7,49,66,64,25,87,81,78,54,6,4,3,11,76,108,102,39,131,127,119,73,8,7,5,15,98,118,126,51,174,161,153,99,14,14,5.62,14.38,87.38,110.25,115.38,45.5,155.25,146.0,138.12,91.5,14.5,18.12
Asphalt_0cm_S4,2026-04-02T17:03:26.056317,7,17,100,119,131,50,180,164,152,105,19,29,13,28,154,179,208,80,277,256,231,161,32,46,7,14,82,107,111,44,148,142,137,91,16,22,5,13,72,96,93,39,126,122,126,80,12,17,3,10,68,90,89,36,119,114,109,71,9,7,2,7,49,66,64,25,87,80,78,54,6,4,3,11,76,108,102,39,131,127,119,72,9,7,5,15,99,118,126,51,174,161,153,99,14,14,5.62,14.38,87.5,110.38,115.5,45.5,155.25,145.75,138.12,91.62,14.62,18.25
Asphalt_0cm_S4,2026-04-02T17:03:26.164638,7,17,100,118,130,50,180,163,151,105,19,29,13,28,154,179,208,80,278,256,231,161,32,46,6,15,82,107,111,44,149,142,137,91,16,22,5,13,72,96,93,39,126,122,126,80,12,17,3,10,69,90,89,36,119,114,109,71,9,7,2,7,49,66,64,25,87,81,78,54,6,4,3,11,77,107,102,39,131,127,119,73,8,7,5,15,98,118,126,51,174,161,153,99,14,14,5.5,14.5,87.62,110.12,115.38,45.5,155.5,145.75,138.0,91.75,14.5,18.25
Asphalt_0cm_S4,2026-04-02T17:03:26.272452,7,17,100,118,130,50,180,163,151,105,19,29,13,28,154,179,208,80,278,256,231,161,32,46,6,15,82,107,111,44,149,142,137,91,16,22,5,13,72,96,93,39,126,122,126,80,12,17,3,10,69,90,89,36,119,114,109,71,9,7,3,7,49,66,64,25,87,81,78,53,6,4,3,11,76,108,102,39,131,126,119,72,8,7,5,15,99,118,126,51,174,161,153,99,14,14,5.62,14.5,87.62,110.25,115.38,45.5,155.5,145.62,138.0,91.5,14.5,18.25
Asphalt_0cm_S4,2026-04-02T17:03:26.365098,7,17,100,118,130,50,180,163,151,105,19,29,13,28,154,179,208,80,278,256,231,161,32,46,6,15,82,107,111,44,149,142,137,91,16,22,5,13,72,96,93,39,126,122,126,80,12,17,3,10,69,90,89,36,119,114,109,71,9,7,3,7,49,66,64,25,87,81,78,53,6,4,3,11,76,108,102,39,131,126,119,72,8,7,5,15,99,118,126,51,174,161,153,99,14,14,5.62,14.5,87.62,110.25,115.38,45.5,155.5,145.62,138.0,91.5,14.5,18.25
Asphalt_0cm_S4,2026-04-02T17:03:26.482244,7,17,100,118,131,51,180,164,151,105,19,29,13,28,154,180,208,80,278,256,231,161,32,46,6,15,83,107,111,44,148,142,137,92,16,22,5,13,72,96,93,39,126,122,126,80,12,17,3,10,68,90,89,36,119,114,109,70,9,7,2,7,49,66,64,25,87,81,78,53,6,4,3,11,76,108,102,39,131,126,119,73,8,7,5,15,99,118,126,51,174,161,153,99,14,14,5.5,14.5,87.62,110.38,115.5,45.62,155.38,145.75,138.0,91.62,14.5,18.25
Asphalt_0cm_S4,2026-04-02T17:03:26.587700,7,17,100,118,131,50,180,164,152,105,19,29,13,28,154,180,208,79,278,257,231,161,32,46,6,15,82,107,111,44,148,142,137,91,16,22,5,13,72,96,93,39,126,122,126,80,12,17,3,10,68,90,89,36,119,114,109,70,9,7,2,7,49,66,64,25,87,81,78,54,6,4,3,11,76,108,102,39,131,127,119,72,8,7,5,15,99,118,126,51,174,161,153,99,14,14,5.5,14.5,87.5,110.38,115.5,45.38,155.38,146.0,138.12,91.5,14.5,18.25
Asphalt_0cm_S4,2026-04-02T17:03:26.686856,7,17,100,118,131,50,180,164,151,105,19,29,13,28,154,179,208,79,277,256,231,161,32,46,6,15,82,107,111,44,148,142,137,92,16,23,5,13,72,95,93,39,126,122,126,80,12,17,3,10,68,90,89,36,119,114,109,70,9,7,2,7,49,66,64,25,87,81,78,54,6,4,3,11,76,108,102,39,131,127,119,72,8,7,5,15,99,118,126,51,174,161,153,99,14,14,5.5,14.5,87.5,110.12,115.5,45.38,155.25,145.88,138.0,91.62,14.5,18.38
Asphalt_0cm_S4,2026-04-02T17:03:26.786492,7,17,100,118,131,50,180,164,151,105,19,29,13,28,154,179,208,79,277,256,231,161,32,46,6,15,82,107,111,44,148,142,137,92,16,23,5,13,72,95,93,39,126,122,126,80,12,17,3,10,68,90,89,36,119,114,109,70,9,7,2,7,49,66,64,25,87,81,78,54,6,4,3,11,76,107,102,39,131,126,119,73,8,7,5,15,98,118,126,51,174,161,153,99,14,14,5.5,14.5,87.38,110.0,115.5,45.38,155.25,145.75,138.0,91.75,14.5,18.38
Asphalt_0cm_S4,2026-04-02T17:03:26.882212,7,17,100,118,130,50,180,164,151,105,19,29,13,28,155,180,208,80,278,256,231,161,32,46,6,14,82,107,111,44,148,142,137,92,16,22,5,13,72,96,93,39,126,122,126,80,12,17,3,10,68,90,89,36,119,114,109,70,9,7,2,7,49,66,64,25,87,81,78,54,6,4,3,11,76,107,102,39,131,126,119,73,8,7,5,15,98,118,126,51,174,161,153,99,14,14,5.5,14.38,87.5,110.25,115.38,45.5,155.38,145.75,138.0,91.75,14.5,18.25
Asphalt_0cm_S4,2026-04-02T17:03:26.982705,7,17,100,118,130,50,180,164,151,105,19,29,13,28,155,180,208,80,278,256,231,161,32,46,6,14,82,107,111,44,148,142,137,92,16,22,5,13,72,96,93,39,126,122,126,80,12,17,3,10,68,90,89,36,119,114,109,70,9,7,2,7,49,66,64,25,87,81,78,54,6,4,3,11,76,107,102,39,131,126,119,73,8,7,5,15,98,118,126,51,174,161,153,99,14,14,5.5,14.38,87.5,110.25,115.38,45.5,155.38,145.75,138.0,91.75,14.5,18.25
Asphalt_0cm_S4,2026-04-02T17:03:27.082199,7,17,100,118,130,50,180,164,152,105,19,29,13,28,154,180,208,80,278,257,231,161,32,46,6,15,82,107,111,44,149,142,137,91,15,22,5,13,72,96,93,39,126,122,126,80,12,17,3,10,68,90,89,36,119,114,109,70,9,7,2,7,49,66,64,25,87,80,78,53,6,4,3,11,76,107,102,39,131,126,119,72,8,7,5,15,98,118,126,51,174,161,153,99,14,14,5.5,14.5,87.38,110.25,115.38,45.5,155.5,145.75,138.12,91.38,14.38,18.25
Asphalt_0cm_S4,2026-04-02T17:03:27.187703,7,17,100,118,130,50,180,163,152,105,19,28,13,28,154,180,208,80,278,256,232,161,32,46,7,15,82,107,111,44,148,142,137,92,16,22,5,13,72,96,93,39,126,122,126,80,12,17,3,10,68,90,89,36,119,114,109,70,9,7,2,7,49,67,64,25,87,80,78,54,6,4,3,11,76,107,102,39,131,126,119,72,8,7,5,15,98,118,126,51,174,161,153,99,14,14,5.62,14.5,87.38,110.38,115.38,45.5,155.38,145.5,138.25,91.62,14.5,18.12
Asphalt_0cm_S4,2026-04-02T17:03:27.287780,7,17,100,118,130,50,180,163,152,105,19,28,13,28,154,180,208,80,278,256,232,161,32,46,7,15,82,107,111,44,148,142,137,92,16,22,5,13,72,96,93,39,126,122,126,80,12,17,3,10,68,90,89,36,119,114,109,70,9,7,2,7,49,67,64,25,87,80,78,54,6,4,3,11,76,107,102,39,131,126,119,73,8,7,5,15,99,118,126,51,174,161,152,99,14,14,5.62,14.5,87.5,110.38,115.38,45.5,155.38,145.5,138.12,91.75,14.5,18.12
Asphalt_0cm_S4,2026-04-02T17:03:27.382305,7,17,100,118,130,50,180,163,152,105,19,28,13,28,154,180,208,80,278,256,232,161,32,46,7,15,82,107,111,44,148,142,137,92,16,22,5,13,72,96,93,39,126,122,126,80,12,17,3,10,68,90,89,36,119,114,109,70,9,7,2,7,49,67,64,25,87,80,78,54,6,4,3,11,76,107,102,39,131,126,119,73,8,7,5,15,99,118,126,51,174,161,152,99,14,14,5.62,14.5,87.5,110.38,115.38,45.5,155.38,145.5,138.12,91.75,14.5,18.12
Asphalt_0cm_S4,2026-04-02T17:03:27.471550,7,17,100,118,130,50,180,163,151,105,19,28,13,28,154,180,208,79,277,257,231,161,32,46,6,15,82,107,111,44,148,142,137,92,16,23,5,13,72,96,93,39,126,122,126,80,12,17,3,10,68,90,89,36,118,114,109,70,9,7,2,7,49,66,64,25,87,81,78,54,6,4,3,11,76,107,102,39,131,126,119,73,8,7,5,15,98,118,126,51,174,161,153,99,14,14,5.5,14.5,87.38,110.25,115.38,45.38,155.12,145.75,138.0,91.75,14.5,18.25
Asphalt_0cm_S4,2026-04-02T17:03:27.581656,7,17,100,118,130,50,180,163,151,105,19,28,13,28,154,179,208,80,278,256,231,161,32,45,7,15,82,107,111,44,148,142,137,92,16,22,5,13,72,96,93,39,126,122,126,80,12,17,3,10,68,90,89,36,119,115,109,70,9,7,2,7,49,66,64,25,87,81,78,54,6,4,3,11,76,107,102,39,131,127,119,73,8,7,5,15,99,118,126,51,174,161,153,99,14,14,5.62,14.5,87.5,110.12,115.38,45.5,155.38,145.88,138.0,91.75,14.5,18.0
Asphalt_0cm_S4,2026-04-02T17:03:27.700877,7,17,100,118,130,50,180,163,151,104,19,28,13,28,154,180,208,79,277,256,231,161,32,45,7,15,82,107,111,44,149,142,137,91,16,22,5,13,72,96,93,39,126,123,126,80,12,17,3,10,68,90,89,36,119,114,109,71,9,7,2,7,49,66,64,25,87,81,78,54,6,4,3,11,76,107,102,39,131,127,119,73,8,7,5,15,99,118,126,51,174,161,153,99,14,14,5.62,14.5,87.5,110.25,115.38,45.38,155.38,145.88,138.0,91.62,14.5,18.0
Asphalt_0cm_S4,2026-04-02T17:03:27.803957,7,17,99,118,130,50,179,163,151,104,18,28,13,28,154,180,208,79,278,256,231,161,32,45,7,15,82,107,111,44,149,142,137,91,16,22,5,13,72,96,93,39,126,123,126,80,12,17,3,10,68,90,89,36,119,114,109,71,9,7,2,7,49,66,64,25,87,81,78,54,6,4,3,11,76,107,102,39,131,127,119,72,8,7,5,15,98,118,126,51,174,161,153,99,14,14,5.62,14.5,87.25,110.25,115.38,45.38,155.38,145.88,138.0,91.5,14.38,18.0
Asphalt_0cm_S4,2026-04-02T17:03:27.909669,7,17,99,118,130,50,179,163,151,104,18,28,13,28,154,180,208,79,278,256,231,161,32,45,6,15,82,107,111,44,149,142,137,92,16,22,5,13,72,96,93,39,126,122,126,80,12,17,3,10,68,90,89,36,119,115,109,70,9,7,2,7,49,66,64,25,87,81,78,53,6,4,4,11,76,107,102,39,131,126,119,73,8,7,5,15,98,118,126,51,174,161,153,99,14,14,5.62,14.5,87.25,110.25,115.38,45.38,155.38,145.75,138.0,91.5,14.38,18.0
Asphalt_0cm_S4,2026-04-02T17:03:28.009334,7,17,99,118,130,50,179,163,151,104,18,28,13,28,154,180,208,79,278,256,231,161,32,45,6,15,82,107,111,44,149,142,137,92,16,22,5,13,72,96,93,39,126,122,126,80,12,17,3,10,68,90,89,36,119,115,109,70,9,7,2,7,49,66,64,25,87,81,78,53,6,4,4,11,76,107,102,39,131,126,119,73,8,7,5,15,98,118,126,51,174,161,153,99,14,14,5.62,14.5,87.25,110.25,115.38,45.38,155.38,145.75,138.0,91.5,14.38,18.0
Asphalt_0cm_S4,2026-04-02T17:03:28.113290,7,17,100,118,130,50,180,163,151,104,19,28,13,28,154,180,208,80,278,257,231,161,32,45,6,15,82,107,111,44,149,142,137,92,16,22,5,13,72,96,93,39,126,122,126,80,12,17,3,10,68,90,89,36,119,115,109,70,9,7,2,7,49,66,64,25,87,81,78,53,6,4,4,11,76,107,102,39,131,126,119,73,8,7,5,15,99,118,126,51,174,161,153,99,14,14,5.62,14.5,87.5,110.25,115.38,45.5,155.5,145.88,138.0,91.5,14.5,18.0
Asphalt_0cm_S4,2026-04-02T17:03:28.221259,7,17,100,118,130,50,180,163,151,104,19,28,13,28,155,179,209,80,279,257,232,162,32,46,7,15,83,107,111,44,149,142,137,92,16,22,5,13,72,96,93,39,126,123,126,80,12,17,3,10,68,90,89,36,119,115,109,71,9,7,2,7,49,66,64,25,87,81,78,54,6,4,3,11,76,107,102,39,131,127,119,73,8,7,5,15,99,118,126,51,174,161,153,99,14,14,5.62,14.5,87.75,110.12,115.5,45.5,155.62,146.12,138.12,91.88,14.5,18.12
Asphalt_0cm_S4,2026-04-02T17:03:28.321742,7,17,100,118,130,50,180,163,151,104,19,28,13,28,155,179,209,80,279,257,232,162,32,46,7,15,83,107,111,44,149,142,137,92,16,22,5,13,72,96,93,39,126,123,126,80,12,17,3,10,68,90,89,36,119,115,109,71,9,7,2,7,49,66,64,25,87,81,78,54,6,4,3,11,76,107,102,39,131,127,119,73,8,7,5,15,99,118,126,51,174,161,153,99,14,14,5.62,14.5,87.75,110.12,115.5,45.5,155.62,146.12,138.12,91.88,14.5,18.12
Asphalt_0cm_S4,2026-04-02T17:03:28.421467,7,17,100,118,130,50,180,163,151,104,19,28,13,28,155,179,209,80,279,257,232,162,32,46,7,15,83,107,111,44,149,142,137,92,16,22,5,13,72,96,93,39,126,123,126,80,12,17,3,10,68,90,89,36,119,115,109,71,9,7,2,7,49,66,64,25,87,81,78,54,6,4,3,11,76,107,102,39,131,127,119,73,8,7,5,15,99,118,126,51,174,161,153,99,14,14,5.62,14.5,87.75,110.12,115.5,45.5,155.62,146.12,138.12,91.88,14.5,18.12
Asphalt_0cm_S4,2026-04-02T17:03:28.519947,7,17,100,118,130,50,180,164,152,105,19,29,13,27,154,179,208,79,277,256,231,160,32,45,6,15,83,107,111,44,148,142,137,91,16,22,5,13,72,96,93,39,126,121,126,80,12,16,3,10,68,90,89,36,119,114,109,70,9,7,2,7,49,66,64,25,87,81,78,54,6,4,3,11,76,107,102,39,131,126,119,73,8,7,5,15,98,118,126,51,174,161,153,99,14,14,5.5,14.38,87.5,110.12,115.38,45.38,155.25,145.62,138.12,91.5,14.5,18.0
Asphalt_0cm_S4,2026-04-02T17:03:28.647216,8,17,101,119,131,51,181,165,153,107,20,31,12,27,153,178,206,79,275,254,228,158,30,42,6,14,82,106,110,43,147,141,135,90,15,20,5,12,72,96,92,39,126,122,125,79,12,16,3,10,68,90,89,36,119,114,109,70,9,7,2,7,49,66,64,25,87,81,78,53,6,4,3,11,76,107,102,39,131,127,119,72,8,7,5,15,98,118,126,51,174,161,153,99,14,14,5.5,14.12,87.38,110.0,115.0,45.38,155.0,145.62,137.5,91.0,14.25,17.62
Asphalt_0cm_S4,2026-04-02T17:03:28.756061,8,17,101,119,131,51,181,165,153,107,20,31,12,27,153,178,206,79,275,254,228,158,30,42,6,14,82,106,110,43,147,141,135,90,15,20,5,12,72,96,92,39,125,122,125,79,12,15,3,10,68,90,89,36,119,114,109,70,9,7,2,7,49,66,64,25,87,81,78,53,6,4,3,11,76,107,102,39,131,126,119,72,8,7,5,15,99,118,126,51,174,161,153,99,14,14,5.5,14.12,87.5,110.0,115.0,45.38,154.88,145.5,137.5,91.0,14.25,17.5
Asphalt_0cm_S4,2026-04-02T17:03:28.854098,8,17,101,119,131,51,181,165,153,107,20,31,12,27,153,178,206,79,275,254,228,158,30,42,6,14,82,106,110,43,147,141,135,90,15,20,5,12,72,96,92,39,125,122,125,79,12,15,3,10,68,90,89,36,119,114,109,70,9,7,2,7,49,66,64,25,87,81,78,53,6,4,3,11,76,107,102,39,131,126,119,72,8,7,5,15,99,118,126,51,174,161,153,99,14,14,5.5,14.12,87.5,110.0,115.0,45.38,154.88,145.5,137.5,91.0,14.25,17.5
Asphalt_0cm_S4,2026-04-02T17:03:28.954150,8,18,101,120,132,51,183,166,154,108,20,32,12,27,153,178,207,79,276,255,229,159,31,43,6,14,82,106,110,44,147,141,135,90,15,20,5,12,72,96,92,39,125,122,125,79,12,16,3,10,68,90,89,36,119,114,109,70,9,7,2,7,49,66,64,25,87,81,78,53,6,4,3,11,76,107,102,39,131,126,119,72,8,7,5,15,99,118,126,51,174,161,153,99,14,14,5.5,14.25,87.5,110.12,115.25,45.5,155.25,145.75,137.75,91.25,14.38,17.88
Asphalt_0cm_S4,2026-04-02T17:03:29.068024,8,18,101,120,132,51,183,166,154,108,20,32,12,27,153,178,207,79,276,255,229,159,31,43,6,14,82,106,110,44,147,141,135,90,15,20,5,12,72,96,92,39,125,122,125,79,12,16,3,10,68,90,89,36,119,114,109,70,9,7,2,7,49,66,64,25,87,81,78,53,6,4,3,11,76,107,102,39,131,126,119,72,8,7,5,15,99,118,126,51,174,161,153,99,14,14,5.5,14.25,87.5,110.12,115.25,45.5,155.25,145.75,137.75,91.25,14.38,17.88
Asphalt_0cm_S4,2026-04-02T17:03:29.164156,8,18,102,120,133,51,183,166,155,108,21,33,13,27,154,179,208,80,277,256,231,160,32,45,6,14,82,106,110,44,147,141,136,90,16,21,5,12,72,95,92,39,125,122,125,79,12,16,3,10,68,90,89,36,119,114,109,71,9,7,2,7,49,67,64,25,87,80,78,53,6,4,3,11,76,108,102,39,131,127,119,72,8,7,5,15,99,118,126,51,174,161,153,99,14,14,5.62,14.25,87.75,110.38,115.5,45.62,155.38,145.88,138.25,91.5,14.75,18.38
Asphalt_0cm_S4,2026-04-02T17:03:29.274854,8,18,102,120,133,51,183,166,155,108,21,33,13,27,154,179,208,80,277,256,231,160,32,45,6,14,82,106,110,44,147,141,136,90,16,21,5,12,72,95,92,39,125,122,125,79,12,16,3,10,68,90,89,36,119,114,109,70,9,7,3,7,49,66,64,25,87,81,78,53,6,4,3,11,76,107,102,39,131,127,119,73,8,7,5,15,99,118,126,51,175,161,153,99,14,14,5.75,14.25,87.75,110.12,115.5,45.62,155.5,146.0,138.25,91.5,14.75,18.38
Asphalt_0cm_S4,2026-04-02T17:03:29.380401,8,18,102,120,133,51,183,167,154,108,21,34,13,27,154,179,208,80,277,256,231,160,32,45,6,14,82,106,110,44,147,141,136,90,16,21,5,12,72,95,92,39,125,122,125,79,12,16,3,10,68,90,89,36,119,114,109,70,9,7,3,7,49,66,64,25,87,81,78,53,6,4,3,11,76,107,102,39,131,127,119,73,8,7,5,15,99,118,126,51,175,161,153,99,14,14,5.75,14.25,87.75,110.12,115.5,45.62,155.5,146.12,138.12,91.5,14.75,18.5
Asphalt_0cm_S4,2026-04-02T17:03:29.481681,8,18,102,120,133,51,183,167,154,108,21,34,13,27,154,179,208,80,277,256,231,160,32,45,6,14,82,106,110,44,147,141,136,90,16,21,5,12,72,95,92,39,125,122,125,79,12,16,3,10,68,90,89,36,119,114,109,70,9,7,3,7,49,66,64,25,87,81,78,53,6,4,3,11,76,107,102,39,131,127,119,73,8,7,5,15,99,118,126,51,175,161,153,99,14,14,5.75,14.25,87.75,110.12,115.5,45.62,155.5,146.12,138.12,91.5,14.75,18.5
Asphalt_0cm_S4,2026-04-02T17:03:29.586317,8,18,102,120,132,51,183,167,154,108,21,34,13,28,154,179,208,79,277,256,231,160,32,45,6,14,82,106,110,44,148,141,136,90,16,20,5,12,72,96,92,39,125,122,125,79,12,16,3,10,68,90,89,36,119,115,109,70,9,7,2,7,49,67,64,25,87,81,78,53,6,4,3,11,77,107,102,39,131,127,119,73,8,7,5,15,98,118,126,51,175,161,153,99,14,14,5.62,14.38,87.75,110.38,115.38,45.5,155.62,146.25,138.12,91.5,14.75,18.38
Asphalt_0cm_S4,2026-04-02T17:03:29.693232,8,18,101,120,132,51,183,166,154,108,21,33,13,28,154,180,208,79,277,256,231,160,31,45,6,14,82,106,110,44,147,141,136,90,16,20,5,12,72,95,92,39,125,122,125,79,12,16,3,10,68,90,89,36,119,114,109,71,9,7,2,7,49,67,64,25,87,81,78,53,6,4,3,11,77,107,102,39,131,127,119,73,8,7,5,15,98,118,126,51,175,161,153,99,14,14,5.62,14.38,87.62,110.38,115.38,45.5,155.5,146.0,138.12,91.62,14.62,18.25
Asphalt_0cm_S4,2026-04-02T17:03:29.795405,8,18,101,120,132,51,183,166,154,108,21,33,13,28,154,180,208,79,277,256,231,160,31,45,6,14,82,106,110,44,147,141,136,90,16,20,5,12,72,95,92,39,125,122,125,79,12,16,3,10,68,90,89,36,119,114,109,71,9,7,2,7,49,67,64,25,87,81,78,53,6,4,3,11,77,107,102,39,131,127,119,73,8,7,5,15,98,118,126,51,175,161,153,99,14,14,5.62,14.38,87.62,110.38,115.38,45.5,155.5,146.0,138.12,91.62,14.62,18.25
Asphalt_0cm_S4,2026-04-02T17:03:29.890193,8,18,101,120,132,51,183,166,154,108,21,33,13,28,154,180,208,79,277,256,231,160,31,45,6,14,82,106,110,44,147,141,136,90,16,20,5,12,72,95,92,39,125,122,125,79,12,16,3,10,68,90,89,36,119,114,109,71,9,7,2,7,49,67,64,25,87,81,78,53,6,4,3,11,77,107,102,39,131,127,119,73,8,7,5,15,98,118,126,51,175,161,153,99,14,14,5.62,14.38,87.62,110.38,115.38,45.5,155.5,146.0,138.12,91.62,14.62,18.25
Asphalt_0cm_S4,2026-04-02T17:03:29.986001,8,18,102,120,132,51,183,166,154,107,21,33,13,27,154,179,208,79,277,256,231,159,31,44,6,14,82,106,110,43,148,141,136,90,16,20,5,12,72,96,92,38,125,122,125,79,12,16,3,10,68,90,89,36,119,114,109,70,9,7,2,7,49,66,64,25,87,81,78,53,6,4,3,11,76,108,102,39,131,126,119,73,8,7,5,15,99,118,126,51,174,161,153,99,14,14,5.62,14.25,87.75,110.38,115.38,45.25,155.5,145.88,138.12,91.25,14.62,18.12
Asphalt_0cm_S4,2026-04-02T17:03:30.115939,8,18,102,120,133,51,183,166,154,108,20,33,13,28,155,180,209,80,279,257,232,162,32,46,6,14,82,107,111,44,148,142,137,91,16,21,5,13,72,96,92,39,126,122,125,80,12,16,3,10,68,90,89,36,119,114,109,70,9,7,2,7,49,66,64,25,87,81,78,53,6,4,3,11,76,107,102,39,131,127,119,72,8,7,5,15,99,118,126,51,175,161,153,99,14,14,5.62,14.5,87.88,110.5,115.75,45.62,156.0,146.25,138.38,91.88,14.62,18.5
Asphalt_0cm_S4,2026-04-02T17:03:30.234277,8,18,102,120,133,51,183,166,154,108,20,33,13,28,155,180,209,80,279,258,233,162,33,47,7,15,82,107,111,44,148,142,137,91,16,22,5,13,72,96,93,39,126,122,126,80,12,17,3,10,68,90,89,36,119,115,109,70,9,7,2,7,49,66,64,25,87,81,78,53,6,4,3,11,76,107,102,39,131,127,119,72,8,7,5,15,99,118,126,51,175,161,153,99,14,14,5.75,14.62,87.88,110.5,115.88,45.62,156.0,146.5,138.62,91.88,14.75,18.88
Asphalt_0cm_S4,2026-04-02T17:03:30.336025,8,18,101,120,133,51,183,166,154,108,21,33,13,28,155,180,210,80,279,258,233,162,32,47,7,15,82,107,111,44,148,142,137,91,16,22,5,13,72,96,93,39,126,122,126,80,12,17,3,10,68,90,89,36,119,115,109,70,9,7,2,7,49,66,64,25,87,81,78,53,6,4,3,11,76,107,102,39,131,125,119,73,8,7,5,15,99,118,126,51,174,161,153,99,14,14,5.75,14.62,87.75,110.5,116.0,45.62,155.88,146.25,138.62,92.0,14.75,18.88
Asphalt_0cm_S4,2026-04-02T17:03:30.435996,8,18,101,120,133,51,183,166,154,108,21,33,13,28,155,180,210,80,279,258,233,162,32,47,7,15,82,107,111,44,148,142,137,91,16,22,5,13,72,96,93,39,126,122,126,80,12,17,3,10,68,90,89,36,119,115,109,70,9,7,2,7,49,66,64,25,87,81,78,53,6,4,3,11,76,107,102,39,131,125,119,73,8,7,5,15,99,118,126,51,174,161,153,99,14,14,5.75,14.62,87.75,110.5,116.0,45.62,155.88,146.25,138.62,92.0,14.75,18.88
Asphalt_0cm_S4,2026-04-02T17:03:30.544113,8,18,102,120,132,51,183,166,154,108,21,33,14,28,155,180,209,80,279,257,232,162,33,47,7,15,83,107,111,44,148,142,137,91,16,22,5,13,72,96,92,39,126,122,126,80,12,16,3,10,68,90,89,36,119,114,109,71,9,7,2,7,49,66,64,25,87,80,78,54,6,4,3,11,76,107,102,39,131,127,119,72,8,7,5,15,98,118,126,51,174,161,153,99,14,14,5.88,14.62,87.88,110.5,115.62,45.62,155.88,146.12,138.5,92.12,14.88,18.75
Asphalt_0cm_S4,2026-04-02T17:03:30.647410,8,18,101,120,132,51,183,166,154,108,20,33,13,28,155,180,209,80,279,257,232,162,32,47,7,15,83,107,111,44,148,142,137,91,16,22,5,13,72,96,92,39,126,122,126,80,12,16,3,10,68,90,89,36,119,114,109,70,9,7,3,7,49,66,64,25,87,81,78,54,6,4,3,11,76,108,102,39,132,127,119,73,8,7,5,15,98,118,126,51,174,161,153,99,14,14,5.88,14.62,87.75,110.62,115.62,45.62,156.0,146.25,138.5,92.12,14.62,18.75
Asphalt_0cm_S4,2026-04-02T17:03:30.756185,8,18,101,120,132,51,183,166,154,108,20,33,13,28,155,180,209,80,279,257,232,162,32,47,6,14,82,107,111,44,148,142,137,91,16,22,5,13,72,96,93,39,126,122,126,80,12,16,3,10,68,90,89,36,119,114,109,71,9,7,3,7,49,66,64,25,87,81,78,54,6,4,3,11,76,108,102,39,132,127,119,73,8,7,5,15,98,118,126,51,174,161,153,99,14,14,5.75,14.5,87.62,110.62,115.75,45.62,156.0,146.25,138.5,92.25,14.62,18.75
Asphalt_0cm_S4,2026-04-02T17:03:30.861908,8,18,101,120,132,51,183,166,154,108,20,33,13,28,155,180,209,80,279,257,232,162,32,47,6,14,82,107,111,44,148,142,137,91,16,22,5,13,72,96,93,39,126,122,126,80,12,16,3,10,68,90,89,36,119,114,109,71,9,7,3,7,49,66,64,25,87,81,78,54,6,4,3,11,76,108,102,39,132,127,119,73,8,7,5,15,98,118,126,51,174,161,153,99,14,14,5.75,14.5,87.62,110.62,115.75,45.62,156.0,146.25,138.5,92.25,14.62,18.75
Asphalt_0cm_S4,2026-04-02T17:03:30.952259,8,18,102,120,132,51,183,166,154,108,20,33,13,28,155,180,209,80,279,258,233,162,33,47,6,15,83,107,111,44,148,142,137,91,16,22,5,13,72,96,93,39,126,123,126,80,12,16,3,10,68,90,89,36,119,114,109,70,9,7,2,7,49,66,63,25,87,81,78,54,6,4,3,11,76,108,102,39,131,126,119,73,8,7,5,15,99,118,126,51,175,161,153,99,14,14,5.62,14.62,88.0,110.62,115.62,45.62,156.0,146.38,138.62,92.12,14.75,18.75
Asphalt_0cm_S4,2026-04-02T17:03:31.071501,8,18,102,120,132,51,183,166,154,108,20,33,13,28,155,180,209,80,279,258,233,162,33,47,6,15,83,107,111,44,148,142,137,91,16,22,5,13,72,96,93,39,126,123,126,80,12,16,3,10,68,90,89,36,119,114,109,70,9,7,2,7,49,66,63,25,87,81,78,54,6,4,3,11,76,108,102,39,131,126,119,73,8,7,5,15,99,118,126,51,175,161,153,99,14,14,5.62,14.62,88.0,110.62,115.62,45.62,156.0,146.38,138.62,92.12,14.75,18.75
Asphalt_0cm_S4,2026-04-02T17:03:31.172970,8,18,102,120,132,51,183,166,154,108,20,33,13,28,155,181,210,80,280,258,233,162,32,47,7,14,82,107,111,44,148,142,137,91,16,22,5,13,72,96,92,39,126,122,126,80,12,16,3,10,68,90,89,36,119,114,109,70,9,7,2,7,49,66,64,25,87,81,78,54,6,4,3,11,76,107,102,39,131,127,119,73,8,7,5,15,99,118,126,52,174,161,153,99,14,14,5.75,14.5,87.88,110.62,115.75,45.75,156.0,146.38,138.62,92.12,14.62,18.75
Asphalt_0cm_S4,2026-04-02T17:03:31.273417,8,18,102,120,132,51,183,166,154,108,20,33,13,28,155,181,210,80,280,258,233,162,32,47,7,14,82,107,111,44,148,142,137,91,16,22,5,13,72,96,92,39,126,122,126,80,12,16,3,10,68,90,89,36,119,114,109,70,9,7,3,7,49,66,64,25,87,81,78,53,6,4,3,11,76,107,102,39,131,127,119,73,8,7,5,15,99,118,126,52,174,161,153,99,14,14,5.88,14.5,87.88,110.62,115.75,45.75,156.0,146.38,138.62,92.0,14.62,18.75
Asphalt_0cm_S4,2026-04-02T17:03:31.388012,8,18,101,120,132,51,183,166,154,108,21,32,13,28,155,180,209,80,279,257,232,162,32,46,6,14,82,107,111,44,148,142,137,91,16,22,5,13,72,96,92,39,126,122,126,80,12,16,3,10,68,90,89,36,119,114,109,70,9,7,3,7,49,66,64,25,87,81,78,53,6,4,3,11,76,107,102,39,131,126,119,72,8,7,5,15,98,118,126,51,175,161,153,99,14,14,5.75,14.5,87.62,110.5,115.62,45.62,156.0,146.12,138.5,91.88,14.75,18.5
Asphalt_0cm_S4,2026-04-02T17:03:31.502125,8,18,101,120,132,51,183,166,154,108,21,32,13,28,155,180,209,80,279,257,232,162,32,46,6,14,82,107,111,44,148,142,137,91,16,22,5,13,72,96,92,39,126,122,126,80,12,16,3,10,68,90,89,36,119,114,109,70,9,7,3,7,49,66,64,25,87,81,78,53,6,4,3,11,76,107,102,39,131,126,119,72,8,7,5,15,98,118,126,51,175,161,153,99,14,14,5.75,14.5,87.62,110.5,115.62,45.62,156.0,146.12,138.5,91.88,14.75,18.5
Asphalt_0cm_S4,2026-04-02T17:03:31.607974,7,18,102,119,132,51,182,165,153,107,20,32,13,27,154,179,208,79,277,256,230,160,31,44,6,14,82,106,110,43,147,141,136,90,15,20,5,12,72,96,92,39,125,122,125,79,12,16,3,10,68,90,89,36,119,114,109,70,9,7,2,7,49,66,64,25,87,81,78,53,6,4,3,11,76,107,102,39,131,126,119,73,8,7,5,15,99,118,126,51,174,161,153,99,14,14,5.5,14.25,87.75,110.12,115.38,45.38,155.25,145.75,137.88,91.38,14.38,18.0
Asphalt_0cm_S4,2026-04-02T17:03:31.729095,7,18,102,119,132,51,182,165,153,107,20,32,12,27,153,178,206,79,276,254,229,158,30,42,6,14,81,106,110,43,147,141,135,89,15,19,4,12,71,95,92,39,125,121,125,78,12,15,3,10,68,90,89,36,118,114,109,70,9,7,2,7,49,66,64,25,87,81,78,53,6,4,3,11,76,107,102,39,131,126,119,73,8,7,5,15,99,118,126,51,174,161,153,99,14,14,5.25,14.25,87.38,109.88,115.12,45.38,155.0,145.38,137.62,90.88,14.25,17.5
Asphalt_0cm_S4,2026-04-02T17:03:31.835991,7,18,102,119,132,51,182,165,153,107,20,32,12,27,153,178,206,79,276,254,229,158,30,42,6,14,81,106,110,43,147,141,135,89,15,19,4,12,71,95,92,39,125,121,125,78,12,15,3,10,68,90,89,36,118,114,109,70,9,7,2,7,49,66,64,25,87,81,78,53,6,4,3,11,76,108,102,39,131,126,119,72,8,7,5,15,99,118,126,51,174,161,153,99,14,14,5.25,14.25,87.38,110.0,115.12,45.38,155.0,145.38,137.62,90.75,14.25,17.5
Asphalt_0cm_S4,2026-04-02T17:03:31.936479,7,18,102,119,132,51,182,165,153,107,20,32,12,27,153,178,206,79,276,254,229,158,30,42,6,14,81,106,110,43,147,141,135,89,15,19,4,12,71,95,92,39,125,121,125,78,12,15,3,10,68,90,89,36,118,114,109,70,9,7,2,7,49,66,64,25,87,81,78,53,6,4,3,11,76,108,102,39,131,126,119,72,8,7,5,15,99,118,126,51,174,161,153,99,14,14,5.25,14.25,87.38,110.0,115.12,45.38,155.0,145.38,137.62,90.75,14.25,17.5
Asphalt_0cm_S4,2026-04-02T17:03:32.057473,8,18,102,120,132,51,183,166,154,107,20,32,12,27,152,178,206,79,275,254,229,158,30,42,6,14,81,105,109,43,146,140,135,89,15,19,4,12,71,95,92,38,124,121,124,78,11,14,3,10,68,90,89,36,119,114,109,70,9,7,3,7,49,66,64,25,87,80,78,54,6,4,3,11,76,108,102,39,131,126,119,72,8,7,5,15,98,118,126,51,174,161,153,99,14,14,5.5,14.25,87.12,110.0,115.0,45.25,154.88,145.25,137.62,90.88,14.12,17.38
Asphalt_0cm_S4,2026-04-02T17:03:32.174446,8,18,101,120,133,51,183,166,154,108,21,33,12,27,153,178,207,79,275,254,229,158,31,43,6,14,81,105,109,43,146,140,135,89,15,19,4,12,71,95,92,38,124,121,124,78,11,14,3,10,68,90,89,36,119,114,109,70,9,7,2,7,49,66,64,25,87,81,78,53,6,4,3,11,76,107,102,39,131,126,119,72,8,7,5,15,98,118,126,51,174,161,153,99,14,13,5.38,14.25,87.12,109.88,115.25,45.25,154.88,145.38,137.62,90.88,14.38,17.5
Asphalt_0cm_S4,2026-04-02T17:03:32.286634,8,18,101,120,133,51,183,166,154,108,21,33,12,27,153,178,207,79,275,254,229,158,31,43,6,14,81,105,109,43,146,140,135,89,15,19,4,12,71,95,92,38,124,121,124,78,11,14,3,10,68,90,89,36,119,114,109,70,9,7,2,7,49,66,64,25,87,80,78,53,6,4,3,11,76,107,102,39,131,126,119,72,8,7,5,15,98,118,126,51,174,161,153,99,14,13,5.38,14.25,87.12,109.88,115.25,45.25,154.88,145.25,137.62,90.88,14.38,17.5
Asphalt_0cm_S4,2026-04-02T17:03:32.381357,8,18,102,120,133,51,184,167,155,109,21,34,12,27,153,178,207,79,276,255,230,159,31,43,6,14,82,106,110,43,147,141,136,90,15,20,4,12,71,95,91,38,124,121,124,78,11,15,3,10,68,90,89,36,119,114,109,70,9,7,2,7,49,66,64,25,87,80,78,53,6,4,3,11,76,107,102,39,131,126,119,72,8,7,5,15,98,118,126,51,174,161,153,99,14,14,5.38,14.25,87.38,110.0,115.25,45.25,155.25,145.62,138.0,91.25,14.38,18.0
Asphalt_0cm_S4,2026-04-02T17:03:32.493095,8,18,102,120,133,51,184,167,155,109,21,34,12,27,153,178,207,79,276,255,230,159,31,43,6,14,82,106,110,43,147,141,136,90,15,20,4,12,71,95,91,38,124,121,124,78,11,15,3,10,68,90,89,36,119,114,109,70,9,7,2,7,49,66,64,25,87,80,78,53,6,4,3,11,76,107,102,39,131,126,119,72,8,7,5,15,98,118,126,51,174,161,153,99,14,14,5.38,14.25,87.38,110.0,115.25,45.25,155.25,145.62,138.0,91.25,14.38,18.0
Asphalt_0cm_S4,2026-04-02T17:03:32.588685,8,18,102,120,133,51,184,167,155,109,21,34,12,27,153,179,207,79,276,255,230,159,31,44,6,14,82,106,110,43,147,141,136,90,15,20,4,12,72,95,92,39,125,121,124,78,12,15,3,10,68,90,89,36,119,114,109,70,9,7,2,7,49,66,64,25,87,81,78,53,6,4,3,11,76,107,102,39,131,126,119,72,8,7,5,15,98,118,126,51,174,161,153,99,14,14,5.38,14.25,87.5,110.12,115.38,45.38,155.38,145.75,138.0,91.25,14.5,18.12
Asphalt_0cm_S4,2026-04-02T17:03:32.710026,8,18,102,120,133,51,184,167,155,109,21,34,12,27,153,179,207,79,276,255,230,159,31,44,6,14,82,106,110,44,147,141,136,90,15,20,4,12,71,95,92,39,125,121,125,78,12,15,3,10,68,90,89,36,119,114,109,70,9,7,2,7,49,66,64,25,87,81,78,53,6,4,3,11,76,107,102,39,131,126,119,72,8,7,5,15,98,118,126,51,174,161,153,99,14,14,5.38,14.25,87.38,110.12,115.38,45.5,155.38,145.75,138.12,91.25,14.5,18.12
Asphalt_0cm_S4,2026-04-02T17:03:32.810706,8,18,102,120,133,51,184,167,155,109,21,34,12,27,153,179,207,79,276,255,229,159,31,44,6,14,82,106,110,44,147,141,136,90,15,20,4,12,71,95,92,39,125,121,125,78,12,15,3,10,68,90,89,36,119,114,109,70,9,7,2,7,49,66,64,25,87,81,78,53,6,4,3,11,76,107,102,39,131,126,119,72,8,7,5,15,99,118,126,51,174,161,153,99,14,14,5.38,14.25,87.5,110.12,115.38,45.5,155.38,145.75,138.0,91.25,14.5,18.12
Asphalt_0cm_S4,2026-04-02T17:03:32.921698,8,18,102,120,133,51,184,167,155,109,21,34,12,27,153,179,207,79,276,255,229,159,31,44,6,14,82,106,110,43,147,141,136,90,15,20,5,12,72,95,92,39,125,121,124,78,12,15,3,10,68,90,89,36,119,114,109,70,9,7,2,7,49,66,64,25,87,81,78,53,6,4,3,11,76,107,102,39,131,126,119,72,8,7,5,15,99,118,126,51,174,161,153,99,14,14,5.5,14.25,87.62,110.12,115.38,45.38,155.38,145.75,137.88,91.25,14.5,18.12
Asphalt_0cm_S4,2026-04-02T17:03:33.017058,8,18,102,121,133,51,184,167,155,109,21,34,12,27,153,179,207,79,276,255,229,159,31,44,6,14,82,106,110,43,147,141,136,90,15,20,5,12,72,95,92,39,125,121,124,78,12,15,3,10,68,90,89,36,118,114,109,70,9,7,2,7,49,66,64,25,87,80,78,54,6,4,3,11,76,107,102,39,131,126,119,72,8,7,5,15,99,118,126,51,174,161,153,99,14,14,5.5,14.25,87.62,110.25,115.38,45.38,155.25,145.62,137.88,91.38,14.5,18.12
Asphalt_0cm_S4,2026-04-02T17:03:33.139993,8,18,102,120,133,51,184,167,155,108,21,34,12,27,153,179,207,79,276,255,230,159,31,44,6,14,82,106,110,44,148,141,136,90,15,20,5,12,72,95,92,39,125,121,125,78,12,15,3,10,68,90,89,36,118,114,109,70,9,7,2,7,49,66,64,25,87,81,78,54,6,4,3,11,76,107,102,39,131,126,119,72,8,7,5,15,98,118,126,51,174,161,153,99,14,14,5.5,14.25,87.5,110.12,115.38,45.5,155.38,145.75,138.12,91.25,14.5,18.12
Asphalt_0cm_S4,2026-04-02T17:03:33.239932,8,18,102,120,133,51,184,167,155,108,21,34,12,27,153,179,207,79,276,255,230,159,31,44,6,14,82,106,110,44,147,141,136,90,16,20,5,12,71,95,92,38,125,121,124,78,12,15,3,10,68,90,89,36,119,114,109,70,9,7,2,7,49,66,64,25,87,80,78,53,6,4,3,11,76,107,102,39,131,126,119,72,8,7,5,15,98,118,126,51,174,161,153,99,14,14,5.5,14.25,87.38,110.12,115.38,45.38,155.38,145.62,138.0,91.12,14.62,18.12
Asphalt_0cm_S4,2026-04-02T17:03:33.367125,8,18,102,120,133,51,184,167,155,108,21,34,12,27,153,179,207,79,276,255,230,159,31,44,6,14,82,106,110,44,147,141,136,90,16,20,5,12,71,95,92,38,125,121,124,78,12,15,3,10,68,90,89,36,119,114,109,70,9,7,2,7,49,66,64,25,87,80,78,53,6,4,3,11,76,107,102,39,131,126,119,72,8,7,5,15,98,118,126,51,174,161,153,99,14,14,5.5,14.25,87.38,110.12,115.38,45.38,155.38,145.62,138.0,91.12,14.62,18.12
Asphalt_0cm_S4,2026-04-02T17:03:33.476277,8,18,102,120,133,51,183,166,154,108,21,34,13,27,153,178,207,79,276,255,230,159,31,44,6,14,82,106,110,43,147,141,136,90,15,20,5,12,71,95,92,39,124,121,124,78,11,15,3,10,68,90,89,36,119,114,109,70,9,7,2,7,49,66,64,25,87,81,78,53,6,4,3,11,76,107,102,39,131,126,119,72,8,7,5,15,98,117,126,51,174,161,153,99,14,13,5.62,14.25,87.38,109.88,115.38,45.38,155.12,145.62,137.88,91.12,14.38,18.0
Asphalt_0cm_S4,2026-04-02T17:03:33.576405,8,18,102,120,133,51,183,166,154,108,21,34,13,27,153,178,207,79,276,255,230,159,31,44,6,14,82,106,110,43,147,141,136,90,15,20,5,12,71,95,92,39,124,121,124,78,11,15,3,10,68,90,89,36,119,114,109,70,9,7,2,7,49,66,64,25,87,81,78,53,6,4,3,11,76,107,102,39,131,126,119,72,8,7,5,15,98,118,126,51,174,161,152,99,14,13,5.62,14.25,87.38,110.0,115.38,45.38,155.12,145.62,137.75,91.12,14.38,18.0
Asphalt_0cm_S4,2026-04-02T17:03:33.690637,8,18,102,120,133,51,183,166,154,108,20,33,12,27,153,178,206,79,275,254,229,158,31,43,6,14,81,106,110,43,147,141,135,90,15,20,5,12,71,95,92,38,124,121,124,78,11,15,3,10,68,90,89,36,119,114,109,70,9,7,2,7,49,66,64,25,87,81,78,53,6,4,3,11,76,107,102,39,131,126,119,72,8,7,5,15,98,118,126,51,174,161,153,99,14,14,5.5,14.25,87.25,110.0,115.25,45.25,155.0,145.5,137.62,91.0,14.25,17.88
Asphalt_0cm_S4,2026-04-02T17:03:33.797914,8,18,102,120,133,51,183,166,154,108,20,33,12,27,153,178,206,79,275,254,229,158,31,43,6,14,81,106,110,43,147,141,135,90,15,20,5,12,71,95,92,38,124,121,124,78,11,15,3,10,68,90,89,36,119,114,109,70,9,7,3,7,49,66,64,25,87,81,78,54,6,4,3,11,76,108,102,39,131,126,119,72,8,7,5,15,98,118,126,51,174,161,153,99,13,13,5.62,14.25,87.25,110.12,115.25,45.25,155.0,145.5,137.62,91.12,14.12,17.75
Asphalt_0cm_S4,2026-04-02T17:03:33.893027,8,18,102,120,133,51,183,166,154,108,20,33,12,27,153,178,206,79,275,254,229,158,31,43,6,14,81,106,110,43,147,141,135,90,15,20,5,12,71,95,92,38,124,121,124,78,11,15,3,10,68,90,89,36,119,114,109,70,9,7,3,7,49,66,64,25,87,81,78,54,6,4,3,11,76,108,102,39,131,126,119,72,8,7,5,15,98,118,126,51,174,161,153,99,13,13,5.62,14.25,87.25,110.12,115.25,45.25,155.0,145.5,137.62,91.12,14.12,17.75
Asphalt_0cm_S4,2026-04-02T17:03:34.004307,7,18,101,120,132,51,182,166,154,107,20,32,12,27,153,178,207,79,276,254,229,159,31,42,6,14,81,106,110,43,147,140,135,89,15,19,4,12,71,95,92,38,125,121,124,78,11,15,3,10,68,90,89,36,119,114,109,70,9,7,2,7,49,66,64,25,87,80,78,53,6,4,4,11,76,107,102,39,131,126,119,72,8,7,5,15,98,118,126,51,174,161,153,99,14,13,5.38,14.25,87.12,110.0,115.25,45.25,155.12,145.25,137.62,90.88,14.25,17.38
Asphalt_0cm_S4,2026-04-02T17:03:34.115113,7,18,101,120,132,51,182,166,154,107,20,32,12,27,153,178,207,79,276,254,229,159,31,42,6,14,81,106,110,43,147,141,135,90,15,19,5,12,71,95,91,39,125,121,124,78,12,15,3,10,68,90,89,36,119,114,109,70,9,7,2,7,49,66,64,25,87,81,78,54,6,4,3,11,76,107,102,39,131,126,119,72,8,7,5,15,98,118,126,51,174,161,153,99,14,13,5.38,14.25,87.12,110.0,115.12,45.38,155.12,145.5,137.62,91.12,14.38,17.38
Asphalt_0cm_S4,2026-04-02T17:03:34.210904,7,18,101,119,131,51,182,165,153,107,20,32,13,27,154,179,207,79,277,255,230,160,31,44,6,14,82,106,110,43,147,141,136,90,15,20,5,12,72,95,92,39,125,122,125,79,12,15,3,10,68,90,89,36,119,114,109,70,9,7,2,7,49,66,64,25,87,81,78,54,6,4,3,11,76,107,102,39,131,126,119,72,8,7,5,15,98,118,126,51,174,161,153,99,14,13,5.5,14.25,87.5,110.0,115.12,45.38,155.25,145.62,137.88,91.38,14.38,17.75
Asphalt_0cm_S4,2026-04-02T17:03:34.336163,7,18,101,119,131,51,182,165,153,107,20,32,13,27,154,179,207,79,277,255,230,160,31,44,6,14,82,106,110,43,147,141,136,90,15,20,5,12,72,95,92,39,125,122,125,79,12,15,3,10,68,90,89,36,119,114,109,70,9,7,2,7,49,66,64,25,87,80,78,53,6,4,3,11,76,107,102,39,131,127,119,72,8,7,5,15,98,118,126,51,174,161,153,99,14,13,5.5,14.25,87.5,110.0,115.12,45.38,155.25,145.62,137.88,91.25,14.38,17.75
Asphalt_0cm_S4,2026-04-02T17:03:34.436364,8,18,101,120,132,51,183,166,154,108,21,33,14,28,155,181,210,80,279,258,233,163,33,47,7,15,83,107,111,44,149,142,137,92,16,22,5,13,72,96,93,39,126,122,126,80,12,16,3,10,68,90,89,36,119,114,109,70,9,7,2,7,49,66,64,25,87,81,78,54,6,4,3,11,76,107,102,39,131,127,119,72,8,7,5,15,98,118,126,51,174,161,153,99,14,14,5.88,14.62,87.75,110.62,115.88,45.62,156.0,146.38,138.62,92.25,14.88,18.75
Asphalt_0cm_S4,2026-04-02T17:03:34.555551,8,18,101,120,132,51,183,166,154,108,21,33,14,28,155,181,210,80,279,258,233,163,33,47,7,15,83,107,111,44,149,142,137,92,16,22,5,13,72,96,93,39,126,122,126,80,12,16,3,10,68,90,89,36,119,114,109,70,9,7,2,7,49,66,64,25,87,81,78,54,6,4,3,11,76,107,102,39,131,127,119,72,8,7,5,15,98,118,126,51,174,161,153,99,14,14,5.88,14.62,87.75,110.62,115.88,45.62,156.0,146.38,138.62,92.25,14.88,18.75
Asphalt_0cm_S4,2026-04-02T17:03:34.656612,8,18,102,120,132,51,183,166,154,108,21,33,14,29,156,181,211,81,281,259,234,164,33,49,7,15,83,107,112,44,149,143,138,92,17,23,5,13,73,96,93,39,127,123,127,80,13,17,3,10,68,90,89,36,119,115,109,70,9,7,2,7,49,67,64,25,87,81,78,54,6,4,3,11,77,108,102,39,131,126,119,72,8,7,5,15,99,118,126,51,174,161,153,99,14,14,5.88,14.75,88.38,110.88,116.12,45.75,156.38,146.75,139.0,92.38,15.12,19.25
Asphalt_0cm_S4,2026-04-02T17:03:34.778669,8,18,102,120,132,51,183,166,154,108,21,33,14,29,156,181,210,80,280,259,234,163,33,48,7,15,83,107,112,44,149,143,138,92,17,23,5,13,72,96,93,39,126,123,126,80,12,17,3,10,68,90,89,36,119,114,109,70,9,7,2,7,49,66,64,25,87,80,78,54,6,4,3,11,76,107,102,39,131,127,119,73,8,7,5,15,99,118,126,51,174,161,153,99,14,14,5.88,14.75,88.12,110.62,116.0,45.62,156.12,146.62,138.88,92.38,15.0,19.12
Asphalt_0cm_S4,2026-04-02T17:03:34.896712,8,18,102,120,132,51,183,166,154,108,21,33,14,29,156,181,210,80,280,259,234,163,33,48,7,15,83,107,112,44,149,143,138,92,17,23,5,13,72,96,93,39,126,123,126,80,12,17,3,10,68,90,89,36,119,114,109,70,9,7,2,7,49,66,64,25,87,80,78,54,6,4,3,11,76,107,102,39,131,127,119,73,8,7,5,15,99,118,126,51,174,161,153,99,14,14,5.88,14.75,88.12,110.62,116.0,45.62,156.12,146.62,138.88,92.38,15.0,19.12
Asphalt_0cm_S4,2026-04-02T17:03:35.001175,8,18,102,120,132,51,183,166,154,108,21,33,14,29,156,181,210,80,280,259,234,163,33,48,7,15,83,107,112,44,149,143,138,92,17,23,5,13,72,96,93,39,126,123,126,80,12,17,3,10,68,90,89,36,119,114,109,70,9,7,2,7,49,66,64,25,87,80,78,54,6,4,3,11,76,107,102,39,131,127,119,73,8,7,5,15,99,118,126,51,174,161,153,99,14,14,5.88,14.75,88.12,110.62,116.0,45.62,156.12,146.62,138.88,92.38,15.0,19.12
Asphalt_0cm_S4,2026-04-02T17:03:35.101600,8,18,101,120,132,51,183,166,154,108,20,32,13,28,154,180,209,80,279,257,232,161,32,46,6,14,82,106,111,44,148,142,137,91,16,21,5,13,73,96,93,39,126,123,126,80,12,17,3,10,68,90,89,36,119,115,109,70,9,7,2,7,49,66,64,25,87,81,78,53,6,4,3,11,76,107,102,39,131,126,119,73,8,7,5,15,99,118,126,51,174,161,153,99,14,14,5.62,14.5,87.75,110.38,115.75,45.62,155.88,146.38,138.5,91.88,14.62,18.5
Asphalt_0cm_S4,2026-04-02T17:03:35.212581,7,18,101,119,132,51,182,165,153,107,20,32,13,27,154,178,207,79,276,255,229,159,31,43,6,14,82,106,110,43,147,140,135,90,15,20,4,12,71,95,92,39,125,121,125,78,12,15,3,10,68,90,89,36,118,114,109,70,9,7,2,7,49,66,64,25,87,81,78,54,6,4,3,11,76,107,102,39,131,127,119,72,8,7,5,15,99,118,126,51,174,161,153,99,14,13,5.38,14.25,87.5,109.88,115.25,45.38,155.0,145.5,137.62,91.12,14.38,17.62
Asphalt_0cm_S4,2026-04-02T17:03:35.324902,7,18,101,119,132,51,182,165,153,107,20,32,13,27,154,178,207,79,276,255,229,159,31,43,6,14,82,106,110,43,147,140,135,90,15,20,4,12,71,95,92,39,125,121,125,78,12,15,3,10,68,90,89,36,118,114,109,70,9,7,2,7,49,66,64,25,87,81,78,53,6,4,3,11,76,107,102,39,131,126,119,72,8,7,5,15,98,118,126,51,174,161,153,99,14,13,5.38,14.25,87.38,109.88,115.25,45.38,155.0,145.38,137.62,91.0,14.38,17.62
Asphalt_0cm_S4,2026-04-02T17:03:35.419412,8,18,101,120,132,51,182,165,154,107,20,32,12,27,153,178,206,79,275,254,229,158,30,42,6,14,81,106,110,43,147,140,135,89,15,19,4,12,71,95,92,39,124,121,125,78,11,15,3,10,68,90,89,36,118,114,109,70,9,7,2,7,49,66,64,25,87,81,78,53,6,4,3,11,76,107,102,39,131,126,119,72,8,7,5,15,98,118,126,51,174,161,153,99,14,13,5.38,14.25,87.12,110.0,115.12,45.38,154.75,145.25,137.75,90.75,14.12,17.38
Asphalt_0cm_S4,2026-04-02T17:03:35.545787,8,18,101,120,132,51,182,165,154,107,20,32,12,27,153,178,206,79,275,254,229,158,30,42,6,14,81,106,110,43,147,140,135,89,15,19,4,12,71,95,92,39,124,121,125,78,11,15,3,10,68,90,89,36,118,114,109,70,9,7,2,7,49,66,64,25,87,81,78,53,6,4,3,11,76,107,102,39,131,126,119,72,8,7,5,15,98,118,126,51,174,161,153,99,14,13,5.38,14.25,87.12,110.0,115.12,45.38,154.75,145.25,137.75,90.75,14.12,17.38
Asphalt_0cm_S4,2026-04-02T17:03:35.643936,8,18,102,120,132,51,183,166,154,108,21,33,12,27,153,178,206,79,275,254,229,158,30,42,6,14,81,105,109,43,147,140,135,89,15,19,5,12,71,95,92,38,124,121,124,78,12,15,3,10,68,90,89,36,118,114,109,70,9,7,2,7,49,66,64,25,87,81,78,53,6,4,3,11,76,107,102,39,131,126,119,72,8,7,5,15,98,118,126,51,174,161,153,99,14,13,5.5,14.25,87.25,109.88,115.0,45.25,154.88,145.38,137.62,90.88,14.38,17.5
Asphalt_0cm_S4,2026-04-02T17:03:35.751923,8,18,102,120,133,51,183,166,154,108,21,33,12,27,153,178,206,79,275,254,229,158,30,42,6,14,81,106,109,43,146,140,135,90,15,20,5,12,71,95,92,38,124,121,124,78,11,14,3,10,68,90,89,36,119,114,108,70,9,7,2,7,49,66,64,25,87,81,78,53,6,4,3,11,76,108,102,39,131,126,119,72,8,7,5,15,98,118,126,51,174,161,153,99,14,13,5.5,14.25,87.25,110.12,115.12,45.25,154.88,145.38,137.5,91.0,14.25,17.5
Asphalt_0cm_S4,2026-04-02T17:03:35.874236,8,18,102,120,133,51,183,167,155,108,21,34,12,27,153,178,206,79,275,254,229,158,31,43,6,14,81,106,109,43,146,140,135,90,15,20,5,12,71,95,92,38,124,121,124,78,11,14,3,10,68,90,89,36,119,114,108,70,9,7,2,7,49,66,64,25,87,81,78,53,6,4,3,11,76,108,102,39,131,126,119,72,8,7,5,15,98,118,126,51,174,161,153,99,14,13,5.5,14.25,87.25,110.12,115.12,45.25,154.88,145.5,137.62,91.0,14.38,17.75
Asphalt_0cm_S4,2026-04-02T17:03:35.981090,8,18,102,120,133,51,183,167,155,108,21,34,12,27,153,178,206,79,275,254,229,158,31,43,6,14,81,106,109,43,146,140,135,90,15,20,5,12,71,95,92,38,124,121,124,78,11,14,3,10,68,90,89,36,119,114,108,70,9,7,2,7,49,66,64,25,87,81,78,53,6,4,3,11,76,108,102,39,131,126,119,72,8,7,5,15,98,118,126,51,174,161,153,99,14,13,5.5,14.25,87.25,110.12,115.12,45.25,154.88,145.5,137.62,91.0,14.38,17.75
Asphalt_0cm_S4,2026-04-02T17:03:36.081305,8,18,102,120,133,51,183,167,155,109,21,33,12,27,153,178,206,79,275,254,229,158,31,43,6,14,81,106,110,43,147,141,135,90,15,20,4,12,71,95,91,38,125,121,124,78,11,15,3,10,68,90,89,36,119,114,109,70,9,7,2,7,49,66,64,25,87,80,78,53,6,4,3,11,76,107,102,39,131,126,119,72,8,7,5,15,98,118,126,51,174,161,153,99,14,13,5.38,14.25,87.25,110.0,115.12,45.25,155.12,145.5,137.75,91.12,14.38,17.75
Asphalt_0cm_S4,2026-04-02T17:03:36.201522,8,18,102,120,133,51,184,166,154,109,21,34,12,27,153,178,206,79,275,254,229,158,31,43,6,14,81,105,109,43,147,140,135,89,15,20,4,12,71,95,91,38,125,121,124,78,11,15,3,10,68,90,89,36,118,114,108,70,9,7,2,7,49,66,63,25,87,80,78,54,6,4,3,10,76,107,102,39,131,126,119,72,8,7,5,15,99,118,126,51,174,161,153,99,14,14,5.38,14.12,87.38,109.88,114.88,45.25,155.12,145.25,137.5,91.12,14.38,18.0
Asphalt_0cm_S4,2026-04-02T17:03:36.316337,8,18,102,120,133,51,184,166,154,109,21,34,12,27,153,178,206,79,275,254,229,158,31,43,6,14,81,105,109,43,147,140,135,89,15,20,4,12,71,95,91,38,124,121,124,78,11,14,3,10,68,90,89,36,118,114,108,70,9,7,2,7,49,66,64,25,87,80,78,53,6,4,3,10,76,108,102,39,131,126,119,72,8,7,5,15,98,118,126,51,174,161,153,99,14,13,5.38,14.12,87.25,110.0,115.0,45.25,155.0,145.25,137.5,91.0,14.38,17.75
Asphalt_0cm_S4,2026-04-02T17:03:36.422290,8,18,102,120,133,51,184,166,154,109,21,34,12,27,153,178,206,79,275,254,229,158,31,43,6,14,81,105,109,43,147,140,135,89,15,20,4,12,71,95,91,38,124,121,124,78,11,14,3,10,68,90,89,36,118,114,108,70,9,7,2,7,49,66,64,25,87,80,78,53,6,4,3,10,76,108,102,39,131,126,119,72,8,7,5,15,98,118,126,51,174,161,153,99,14,13,5.38,14.12,87.25,110.0,115.0,45.25,155.0,145.25,137.5,91.0,14.38,17.75
Asphalt_0cm_S4,2026-04-02T17:03:36.528747,8,18,102,120,133,51,183,166,154,108,21,34,12,27,153,178,206,79,275,254,229,157,31,43,6,14,81,105,109,43,147,140,135,90,15,20,4,12,71,95,91,38,124,121,124,78,11,14,3,10,68,90,89,36,118,114,109,70,9,6,2,7,49,66,64,25,87,80,78,53,6,4,3,11,76,107,102,39,131,127,119,73,8,7,5,15,98,118,126,51,173,161,153,99,14,13,5.38,14.25,87.25,109.88,115.0,45.25,154.75,145.38,137.62,91.0,14.38,17.62
Asphalt_0cm_S4,2026-04-02T17:03:36.651333,8,18,102,120,133,51,183,167,155,108,21,34,12,27,153,178,206,79,275,254,229,158,31,43,6,14,81,106,110,43,147,140,135,89,15,19,4,12,71,95,91,38,124,121,124,78,11,14,3,10,68,90,89,36,118,114,109,70,9,6,2,7,49,66,64,25,87,81,78,53,6,4,3,11,76,107,102,39,131,126,119,72,8,7,5,15,98,118,126,51,174,161,153,99,14,13,5.38,14.25,87.25,110.0,115.12,45.25,154.88,145.5,137.75,90.88,14.38,17.5
Asphalt_0cm_S4,2026-04-02T17:03:36.765424,8,18,102,120,133,51,184,166,154,108,21,34,12,27,153,178,206,79,275,253,227,158,30,42,6,14,81,105,109,43,147,140,135,89,15,19,4,12,71,95,92,38,125,121,124,78,11,14,3,10,68,90,89,36,119,114,109,70,9,7,2,7,49,66,64,25,87,81,78,53,6,4,3,11,76,107,102,39,131,126,119,72,8,7,5,15,98,118,126,51,174,161,153,99,14,13,5.38,14.25,87.25,109.88,115.12,45.25,155.25,145.25,137.38,90.88,14.25,17.5
Asphalt_0cm_S4,2026-04-02T17:03:36.864270,8,18,102,120,133,51,183,166,154,108,20,33,12,27,153,178,206,78,275,253,229,157,30,42,6,14,81,106,109,43,147,140,135,89,15,19,4,12,71,95,92,38,125,121,124,78,11,14,3,10,68,90,89,36,119,114,109,70,9,7,2,7,49,66,64,25,87,81,78,53,6,4,3,11,76,108,102,39,131,126,119,73,8,7,5,15,98,118,126,51,174,161,152,99,13,13,5.38,14.25,87.25,110.12,115.12,45.12,155.12,145.25,137.5,90.88,14.0,17.38
Asphalt_0cm_S4,2026-04-02T17:03:36.983319,8,18,102,120,133,51,183,166,154,108,20,33,12,27,153,178,206,78,275,253,229,157,30,42,6,14,81,106,109,43,147,140,135,89,15,19,4,12,71,95,92,38,125,121,124,78,11,14,3,10,68,90,89,36,119,114,109,70,9,7,2,7,49,66,64,25,87,81,78,53,6,4,3,11,76,108,102,39,131,126,119,73,8,7,5,15,98,118,126,51,174,161,152,99,13,13,5.38,14.25,87.25,110.12,115.12,45.12,155.12,145.25,137.5,90.88,14.0,17.38
Asphalt_0cm_S4,2026-04-02T17:03:37.086623,8,18,101,120,132,51,183,166,154,107,20,33,12,27,153,178,206,78,275,254,228,157,30,42,6,14,80,106,109,43,147,140,135,89,15,19,4,12,71,95,92,38,124,121,125,78,11,14,3,10,68,90,89,36,118,114,108,70,9,7,2,7,49,66,64,25,87,80,78,53,6,4,3,11,76,108,102,39,131,126,119,72,8,7,5,15,98,118,126,51,174,161,153,99,13,13,5.38,14.25,87.0,110.12,115.0,45.12,154.88,145.25,137.5,90.62,14.0,17.38
Asphalt_0cm_S4,2026-04-02T17:03:37.193180,8,18,101,120,132,51,183,166,154,107,20,33,12,27,153,178,206,78,275,254,228,157,30,42,6,14,80,106,109,43,147,140,135,89,15,19,4,12,71,95,92,38,124,121,125,78,11,14,3,10,68,90,89,36,118,114,108,70,9,7,2,7,49,66,64,25,87,80,78,53,6,4,3,11,76,108,102,39,131,126,119,72,8,7,5,15,98,118,126,51,174,161,153,99,13,13,5.38,14.25,87.0,110.12,115.0,45.12,154.88,145.25,137.5,90.62,14.0,17.38
Asphalt_0cm_S4,2026-04-02T17:03:37.304480,8,18,101,119,132,51,182,166,154,107,20,32,12,27,153,178,206,79,275,254,229,158,31,42,6,14,81,106,110,43,147,141,135,89,15,20,5,12,71,95,92,39,125,121,125,78,11,15,3,10,68,90,89,36,119,114,109,70,9,7,2,7,49,66,64,25,87,80,78,53,6,4,3,11,76,107,102,39,131,126,119,72,8,7,5,15,98,118,126,51,174,161,153,99,14,13,5.5,14.25,87.12,109.88,115.12,45.38,155.0,145.38,137.75,90.75,14.25,17.5
Asphalt_0cm_S4,2026-04-02T17:03:37.400480,8,18,101,119,132,51,182,166,154,107,20,32,12,27,153,178,206,79,275,254,229,158,31,42,6,14,81,106,110,43,147,141,135,89,15,20,5,12,71,95,92,39,125,121,125,78,11,15,3,10,68,90,89,36,119,114,109,70,9,7,2,7,49,66,64,25,87,80,78,53,6,4,3,11,76,107,102,39,131,126,119,72,8,7,5,15,98,118,126,51,174,161,153,99,14,13,5.5,14.25,87.12,109.88,115.12,45.38,155.0,145.38,137.75,90.75,14.25,17.5
Asphalt_0cm_S4,2026-04-02T17:03:37.520375,8,18,101,119,132,51,182,166,154,107,20,32,13,27,154,179,207,79,276,255,230,159,31,43,6,14,82,106,110,43,147,141,136,90,15,20,5,12,71,95,92,38,125,121,125,78,12,15,3,10,68,90,89,36,119,114,109,70,9,7,2,7,49,66,64,25,87,81,78,54,6,4,3,10,76,108,102,39,131,126,119,72,8,7,5,15,98,118,126,51,174,161,153,99,14,13,5.62,14.12,87.38,110.12,115.25,45.25,155.12,145.62,138.0,91.12,14.38,17.62
Asphalt_0cm_S4,2026-04-02T17:03:37.628444,8,18,102,120,133,51,183,166,154,108,20,33,13,28,155,180,209,80,279,257,232,162,33,46,7,15,83,107,111,44,149,142,137,92,16,22,5,13,72,96,93,39,126,122,126,80,12,16,3,10,68,90,89,36,119,114,109,70,9,7,2,7,49,66,64,25,87,81,78,53,6,4,3,11,76,107,102,39,131,126,119,73,8,7,5,15,98,118,126,51,174,161,153,99,13,14,5.75,14.62,87.88,110.5,115.88,45.62,156.0,146.12,138.5,92.12,14.62,18.62
Asphalt_0cm_S4,2026-04-02T17:03:37.731595,8,18,102,120,132,51,183,166,154,108,20,33,14,28,155,181,210,79,280,258,233,163,33,48,7,15,83,107,112,44,149,143,138,92,17,23,5,13,72,96,93,39,126,123,126,80,12,16,3,10,68,90,89,36,119,114,109,70,9,7,2,7,49,66,64,25,87,81,78,54,6,4,3,11,76,107,102,39,131,126,119,73,8,7,5,15,98,118,126,51,174,161,153,99,13,14,5.88,14.62,87.88,110.62,116.0,45.5,156.12,146.5,138.75,92.38,14.75,19.0
Asphalt_0cm_S4,2026-04-02T17:03:37.845263,8,18,102,120,132,51,183,166,154,108,20,33,14,28,155,180,210,80,279,258,233,163,33,47,7,15,83,107,112,44,149,143,138,92,17,23,5,13,72,96,93,39,126,123,126,80,12,16,3,10,68,90,89,36,119,114,109,70,9,7,2,7,49,66,64,25,87,81,78,54,6,4,3,11,76,108,102,39,131,127,119,72,8,7,5,15,99,118,126,51,174,161,153,99,14,13,5.88,14.62,88.0,110.62,116.0,45.62,156.0,146.62,138.75,92.25,14.88,18.75
Asphalt_0cm_S4,2026-04-02T17:03:37.953506,8,18,102,120,132,51,183,166,154,108,20,33,14,28,155,180,210,80,279,258,233,163,33,47,7,15,83,107,111,44,149,143,138,92,16,23,5,13,72,96,93,39,126,123,126,80,12,16,3,10,68,90,89,36,119,114,109,71,9,7,2,7,49,66,64,25,87,81,78,54,6,4,3,11,76,108,102,39,131,127,119,72,8,7,5,15,99,118,126,51,174,161,153,99,14,13,5.88,14.62,88.0,110.62,115.88,45.62,156.0,146.62,138.75,92.38,14.75,18.75
Asphalt_0cm_S4,2026-04-02T17:03:38.063952,8,18,102,120,132,51,183,166,154,108,20,33,14,28,155,180,210,80,279,258,233,163,33,47,7,15,83,107,111,44,149,143,138,92,16,23,5,13,72,96,93,39,126,123,126,80,12,16,3,10,68,90,89,36,119,114,109,71,9,7,2,7,49,66,64,25,87,81,78,54,6,4,3,11,76,108,102,39,131,127,119,72,8,7,5,15,99,118,126,51,174,161,153,99,14,13,5.88,14.62,88.0,110.62,115.88,45.62,156.0,146.62,138.75,92.38,14.75,18.75
Asphalt_0cm_S4,2026-04-02T17:03:38.162607,8,18,102,120,132,51,183,166,154,108,20,33,14,29,155,181,210,80,280,258,233,163,33,47,7,15,83,107,112,44,149,143,138,92,17,23,5,13,72,96,93,39,126,123,126,80,12,16,3,10,68,90,89,36,119,114,109,70,9,7,2,7,49,66,64,25,87,81,78,53,6,4,3,11,76,107,102,39,131,126,119,72,8,7,5,15,98,118,126,51,174,161,153,99,14,13,5.88,14.75,87.88,110.62,116.0,45.62,156.12,146.5,138.75,92.12,14.88,18.75
Asphalt_0cm_S4,2026-04-02T17:03:38.269523,8,18,102,120,132,51,183,166,154,107,20,32,14,29,155,181,210,80,280,258,233,163,33,47,7,15,83,107,112,44,149,143,138,92,17,23,5,13,72,96,93,39,126,123,126,80,12,16,3,10,68,90,89,36,119,114,109,70,9,7,2,7,49,66,64,25,87,81,78,53,6,4,3,11,76,107,102,39,131,126,119,72,8,7,5,15,98,118,126,51,174,161,153,99,14,13,5.88,14.75,87.88,110.62,116.0,45.62,156.12,146.5,138.75,92.0,14.88,18.62
Asphalt_0cm_S4,2026-04-02T17:03:38.364005,8,18,102,120,132,51,183,166,154,107,20,32,13,28,155,180,209,80,279,257,232,161,32,46,6,15,83,107,111,44,148,142,137,91,16,21,5,12,72,96,92,39,126,122,125,79,12,16,3,10,68,90,89,36,119,115,109,70,9,7,2,7,49,66,64,25,87,81,78,53,6,4,3,11,76,107,102,39,131,126,119,72,8,7,5,15,98,118,126,51,174,161,153,99,14,13,5.62,14.5,87.88,110.5,115.62,45.62,155.88,146.25,138.38,91.5,14.62,18.25
Asphalt_0cm_S4,2026-04-02T17:03:38.488806,8,18,102,120,132,51,183,166,154,107,20,32,13,28,155,180,209,80,279,257,232,161,32,46,6,15,83,107,111,44,148,142,137,91,16,21,5,12,72,96,92,39,126,122,125,79,12,16,3,10,68,90,89,36,119,115,109,70,9,7,2,7,49,66,64,25,87,81,78,53,6,4,3,11,76,107,102,39,131,126,119,72,8,7,5,15,98,118,126,51,174,161,153,99,14,13,5.62,14.5,87.88,110.5,115.62,45.62,155.88,146.25,138.38,91.5,14.62,18.25
Asphalt_0cm_S4,2026-04-02T17:03:38.586074,7,17,101,119,131,50,181,165,153,106,20,31,12,27,153,178,206,78,274,253,228,157,30,41,6,14,81,106,110,43,146,140,135,89,15,19,4,12,71,95,91,38,124,121,124,77,11,14,3,10,68,90,89,36,118,114,109,70,9,7,2,7,49,66,63,25,87,80,78,53,6,4,3,11,76,108,102,39,131,126,119,72,8,7,5,15,98,118,126,51,174,161,153,99,14,13,5.25,14.12,87.12,110.0,114.75,45.0,154.38,145.0,137.38,90.38,14.12,17.0
Asphalt_0cm_S4,2026-04-02T17:03:38.697084,8,17,101,119,131,51,182,165,153,107,20,31,12,26,152,178,205,78,274,253,228,157,30,41,6,14,81,106,109,43,147,140,135,89,15,19,4,12,71,95,91,38,124,121,124,77,11,14,3,10,68,90,89,36,118,114,109,70,9,7,2,7,49,66,63,25,87,80,78,53,6,4,3,11,76,107,102,39,131,126,119,73,8,7,5,15,98,118,126,51,174,161,153,99,14,13,5.38,14.0,87.0,109.88,114.5,45.12,154.62,145.0,137.38,90.62,14.12,17.0
Asphalt_0cm_S4,2026-04-02T17:03:38.793088,8,17,101,119,131,51,182,165,153,107,20,31,12,26,152,178,205,78,274,253,228,157,30,41,6,14,81,106,109,43,147,140,135,89,15,19,4,12,71,95,91,38,124,121,124,78,11,14,3,10,68,90,89,36,118,114,109,70,8,7,2,7,49,66,64,25,87,81,78,53,6,4,3,11,76,107,102,39,131,126,119,73,8,7,5,15,98,118,126,51,174,161,153,99,14,13,5.38,14.0,87.0,109.88,114.62,45.12,154.62,145.12,137.38,90.75,14.0,17.0
Asphalt_0cm_S4,2026-04-02T17:03:38.898708,8,17,101,119,131,51,182,165,153,107,20,31,12,26,152,178,205,78,274,253,228,157,30,41,6,14,81,106,109,43,147,140,135,89,15,19,4,12,71,95,91,38,124,121,124,78,11,14,3,10,68,90,89,36,118,114,109,70,8,7,2,7,49,66,64,25,87,81,78,53,6,4,3,11,76,107,102,39,131,126,119,73,8,7,5,15,98,118,126,51,174,161,153,99,14,13,5.38,14.0,87.0,109.88,114.62,45.12,154.62,145.12,137.38,90.75,14.0,17.0
Asphalt_0cm_S4,2026-04-02T17:03:38.999630,7,17,101,119,132,51,182,165,153,106,20,31,12,27,152,177,205,78,274,253,228,157,30,41,6,14,82,106,109,43,147,140,135,89,15,19,4,12,71,95,91,38,124,121,124,78,11,14,3,10,68,90,89,36,118,114,109,70,9,7,2,7,49,66,64,25,87,81,78,53,6,4,3,11,76,107,102,39,131,126,119,72,8,7,5,15,98,118,126,51,174,161,152,99,13,13,5.25,14.12,87.12,109.75,114.75,45.12,154.62,145.12,137.25,90.5,14.0,17.0
Asphalt_0cm_S4,2026-04-02T17:03:39.095570,7,17,101,119,132,51,182,165,153,106,20,31,12,27,152,177,205,78,274,253,228,157,30,41,6,14,82,106,109,43,147,140,135,89,15,19,4,12,71,95,91,38,124,121,124,78,11,14,3,10,68,90,89,36,118,114,109,70,9,7,2,7,49,66,64,25,87,81,78,53,6,4,3,11,76,107,102,39,131,126,119,72,8,7,5,15,98,118,126,51,174,161,152,99,13,13,5.25,14.12,87.12,109.75,114.75,45.12,154.62,145.12,137.25,90.5,14.0,17.0
Asphalt_0cm_S4,2026-04-02T17:03:39.200426,8,18,101,120,132,51,182,166,153,107,20,32,12,26,152,177,205,78,273,252,227,156,29,40,6,14,81,105,109,43,146,140,134,89,15,19,5,12,71,95,91,38,125,121,124,78,12,14,3,10,68,90,89,36,118,114,109,70,9,6,2,7,49,66,64,25,87,81,78,53,6,4,3,11,76,107,102,39,131,126,119,73,8,7,5,15,98,118,126,51,174,161,153,99,14,13,5.5,14.12,87.0,109.75,114.75,45.12,154.5,145.12,137.12,90.62,14.12,16.88
Asphalt_0cm_S4,2026-04-02T17:03:39.311304,8,18,101,120,132,51,182,166,153,107,20,32,12,26,152,177,205,78,273,252,227,156,29,40,6,14,81,105,109,43,146,140,134,89,15,19,4,12,71,95,91,38,125,121,124,78,11,14,3,10,68,90,89,36,118,114,109,70,9,6,2,7,49,66,64,25,87,81,78,53,6,4,3,11,76,107,102,39,131,126,119,73,8,7,5,15,98,118,126,51,174,161,153,99,14,13,5.38,14.12,87.0,109.75,114.75,45.12,154.5,145.12,137.12,90.62,14.0,16.88
Asphalt_0cm_S4,2026-04-02T17:03:39.415302,8,18,101,120,132,51,182,166,153,107,20,32,12,26,152,177,205,78,273,252,227,156,29,40,6,14,81,105,109,43,146,140,134,89,15,19,4,12,71,95,91,38,125,121,124,78,11,14,3,10,68,90,89,36,118,114,109,70,9,7,2,7,49,66,64,25,87,81,78,53,6,4,3,11,76,107,102,39,131,126,119,72,8,7,5,15,98,118,126,51,174,161,152,99,14,13,5.38,14.12,87.0,109.75,114.75,45.12,154.5,145.12,137.0,90.5,14.0,17.0
Asphalt_0cm_S4,2026-04-02T17:03:39.522998,8,18,101,120,132,51,182,166,153,107,20,32,12,26,152,177,205,78,273,252,227,156,29,40,6,14,81,105,109,43,146,140,134,89,15,19,4,12,71,95,91,38,125,121,124,78,11,14,3,10,68,90,89,36,118,114,109,70,9,7,2,7,49,66,64,25,87,81,78,53,6,4,3,11,76,107,102,39,131,126,119,72,8,7,5,15,98,118,126,51,174,161,152,99,14,13,5.38,14.12,87.0,109.75,114.75,45.12,154.5,145.12,137.0,90.5,14.0,17.0
Asphalt_0cm_S4,2026-04-02T17:03:39.617793,8,18,101,120,132,51,183,166,154,108,20,33,11,26,151,177,205,78,273,252,226,155,29,40,6,14,81,105,109,43,146,139,133,89,15,19,4,12,71,95,91,38,122,120,123,77,11,13,3,10,68,90,89,36,118,114,108,70,9,6,2,7,49,67,64,25,87,80,78,53,6,4,3,11,76,107,102,39,131,126,118,72,8,7,5,15,98,118,126,51,174,161,152,99,14,13,5.25,14.12,86.88,109.88,114.75,45.12,154.25,144.75,136.5,90.38,14.0,16.88
Asphalt_0cm_S4,2026-04-02T17:03:39.712168,8,18,101,120,132,51,182,166,154,108,20,33,11,26,151,176,204,78,273,251,226,155,29,40,6,14,81,105,109,43,146,139,134,88,15,18,4,12,71,95,91,38,124,120,123,77,11,13,3,10,68,90,89,36,118,114,108,70,9,6,2,7,49,67,64,25,87,80,78,53,6,4,3,11,76,107,102,39,131,126,118,72,8,7,5,15,98,118,126,51,174,161,152,99,14,13,5.25,14.12,86.88,109.75,114.62,45.12,154.38,144.62,136.62,90.25,14.0,16.75
Asphalt_0cm_S4,2026-04-02T17:03:39.823819,8,18,101,120,132,51,182,166,154,108,20,33,11,26,151,176,204,78,273,251,226,155,29,40,6,14,81,105,109,43,146,139,134,88,15,18,4,12,71,95,91,38,124,120,123,77,11,13,3,10,68,90,89,36,118,114,108,70,9,6,2,7,49,67,64,25,87,80,78,53,6,4,3,11,76,107,102,39,131,126,118,72,8,7,5,15,98,118,126,51,174,161,152,99,14,13,5.25,14.12,86.88,109.75,114.62,45.12,154.38,144.62,136.62,90.25,14.0,16.75
Asphalt_0cm_S4,2026-04-02T17:03:39.921370,8,18,101,120,132,51,182,166,154,108,20,33,11,26,151,176,204,78,273,251,226,155,29,40,6,14,81,105,109,43,146,139,134,88,15,18,4,12,71,95,91,38,124,120,123,77,11,13,3,10,68,90,89,36,118,114,108,70,9,6,2,7,49,67,64,25,87,80,78,53,6,4,3,11,76,107,102,39,131,126,118,72,8,7,5,15,98,118,126,51,174,161,152,99,14,13,5.25,14.12,86.88,109.75,114.62,45.12,154.38,144.62,136.62,90.25,14.0,16.75
Asphalt_0cm_S4,2026-04-02T17:03:40.023157,8,18,102,120,132,51,183,166,154,108,20,33,12,26,152,177,205,78,273,253,227,156,30,41,6,14,81,105,109,43,146,140,135,89,15,19,4,12,71,95,92,38,125,121,124,78,11,14,3,10,68,90,89,36,119,114,108,70,9,7,2,7,49,66,64,25,87,81,78,53,6,4,3,11,76,107,102,39,131,127,119,72,8,7,5,15,98,118,126,51,174,161,153,99,14,13,5.38,14.12,87.12,109.75,114.88,45.12,154.75,145.38,137.25,90.62,14.12,17.25
Asphalt_0cm_S4,2026-04-02T17:03:40.126930,8,18,102,120,132,51,183,166,154,108,21,33,12,27,152,178,206,78,275,253,228,158,30,42,6,14,82,106,110,43,147,141,136,90,15,20,4,12,71,95,92,38,124,121,124,78,11,14,3,10,68,90,89,36,118,114,109,70,8,7,2,7,49,66,64,25,87,80,78,54,6,4,3,11,76,107,102,39,131,127,119,72,8,7,5,15,98,118,126,51,174,161,152,99,14,14,5.38,14.25,87.25,110.0,115.12,45.12,154.88,145.38,137.5,91.12,14.12,17.62
Asphalt_0cm_S4,2026-04-02T17:03:40.233523,8,18,102,120,132,51,183,166,154,108,21,33,12,27,153,178,206,79,275,254,228,158,30,42,6,14,81,106,109,43,147,140,135,89,15,19,4,12,71,95,91,39,124,121,124,78,11,14,3,10,68,90,89,36,118,114,109,70,8,7,2,7,49,66,64,25,87,80,78,54,6,4,3,11,76,107,102,39,131,127,119,72,8,7,5,15,98,118,126,51,174,161,152,99,14,14,5.38,14.25,87.25,110.0,114.88,45.38,154.88,145.38,137.38,91.0,14.12,17.5
Asphalt_0cm_S4,2026-04-02T17:03:40.351384,8,18,102,120,132,51,183,166,154,108,20,32,12,27,153,178,206,79,275,254,228,158,30,42,6,14,81,106,109,43,147,140,135,89,15,19,4,12,71,95,91,39,124,121,124,78,11,14,3,10,68,90,89,36,119,114,109,70,9,7,2,7,49,66,64,25,87,81,78,53,6,4,3,11,76,107,102,39,131,126,119,72,8,7,5,15,98,118,126,51,174,161,153,99,14,14,5.38,14.25,87.25,110.0,114.88,45.38,155.0,145.38,137.5,90.88,14.12,17.38
Asphalt_0cm_S4,2026-04-02T17:03:40.460107,8,18,102,120,132,51,183,166,154,108,20,32,12,27,153,178,206,79,275,254,228,158,30,42,6,14,81,106,109,43,147,140,135,89,15,19,4,12,71,95,91,39,124,121,124,78,11,14,3,10,68,90,89,36,119,114,109,70,9,7,2,7,49,66,64,25,87,81,78,53,6,4,3,11,76,107,102,39,131,126,119,72,8,7,5,15,98,118,126,51,174,161,153,99,14,14,5.38,14.25,87.25,110.0,114.88,45.38,155.0,145.38,137.5,90.88,14.12,17.38
Asphalt_0cm_S4,2026-04-02T17:03:40.558152,8,18,102,120,132,51,183,166,153,107,20,32,12,27,153,178,206,78,275,253,228,158,30,42,6,14,81,105,109,43,146,140,135,89,15,19,4,12,71,95,91,38,124,121,124,77,11,14,3,10,68,90,89,35,118,114,108,70,8,6,2,7,49,66,64,25,87,81,78,53,6,4,3,11,76,107,102,39,131,126,119,72,8,7,5,15,98,118,126,50,174,161,153,99,13,13,5.38,14.25,87.25,109.88,114.88,44.88,154.75,145.25,137.25,90.62,13.88,17.12
Asphalt_0cm_S4,2026-04-02T17:03:40.679515,8,18,102,120,132,51,183,166,154,108,21,33,12,27,153,178,206,78,275,253,228,158,30,42,6,14,81,105,109,43,146,140,135,89,15,19,4,12,71,95,91,38,124,120,124,78,11,14,3,10,68,90,89,36,119,114,109,70,9,7,2,7,49,66,64,25,87,81,78,53,6,4,3,11,76,107,102,39,131,126,119,72,8,7,5,15,98,118,126,51,174,161,153,99,14,13,5.38,14.25,87.25,109.88,114.88,45.12,154.88,145.12,137.5,90.88,14.25,17.38
Asphalt_0cm_S4,2026-04-02T17:03:40.789104,8,18,102,120,132,51,183,166,154,108,21,33,13,28,154,180,208,79,277,256,231,161,32,45,6,14,82,107,110,44,148,141,137,91,16,21,5,12,72,96,92,39,126,122,126,79,12,16,3,10,68,90,89,36,119,114,109,70,9,7,2,7,49,66,64,25,87,81,78,53,6,4,3,11,76,107,102,39,131,126,119,72,8,7,5,15,98,118,126,51,174,161,153,99,14,13,5.62,14.38,87.62,110.5,115.38,45.5,155.62,145.88,138.38,91.62,14.75,18.25
Asphalt_0cm_S4,2026-04-02T17:03:40.905272,8,18,102,120,132,51,183,166,154,108,21,33,13,28,154,180,208,79,277,256,231,161,32,45,6,14,82,107,110,44,148,141,137,91,16,21,5,12,72,96,92,39,126,122,126,79,12,16,3,10,68,90,89,36,119,114,109,70,9,7,2,7,49,66,64,25,87,81,78,53,6,4,3,11,76,107,102,39,131,126,119,72,8,7,5,15,98,118,126,51,174,161,153,99,14,13,5.62,14.38,87.62,110.5,115.38,45.5,155.62,145.88,138.38,91.62,14.75,18.25
Asphalt_0cm_S4,2026-04-02T17:03:40.998440,8,18,102,120,132,51,183,166,154,108,20,33,14,28,155,181,210,80,279,258,233,163,33,47,7,15,82,107,111,44,149,142,137,91,16,22,5,12,72,96,92,39,126,122,126,80,12,16,3,10,68,90,89,36,119,114,108,70,9,7,2,7,49,66,64,25,87,81,78,54,6,4,3,11,76,107,102,39,131,126,119,72,8,7,5,15,99,118,126,51,174,161,153,99,14,14,5.88,14.5,87.88,110.62,115.75,45.62,156.0,146.25,138.5,92.12,14.75,18.75
Asphalt_0cm_S4,2026-04-02T17:03:41.109563,8,18,102,120,132,51,183,166,154,108,20,33,13,29,155,181,210,80,279,258,233,163,33,47,7,15,83,107,111,44,148,142,137,91,16,22,5,12,72,96,92,39,126,122,126,79,12,16,3,10,68,90,89,36,119,114,109,70,9,7,3,7,49,66,64,25,87,81,78,54,6,4,3,11,76,107,102,39,131,126,119,72,8,7,5,15,99,118,126,51,174,161,153,99,14,14,5.88,14.62,88.0,110.62,115.75,45.62,155.88,146.25,138.62,92.0,14.75,18.75
Asphalt_0cm_S4,2026-04-02T17:03:41.204032,8,18,101,120,132,51,183,166,154,107,20,32,14,28,155,181,209,80,279,258,233,163,33,47,7,14,82,107,111,44,148,142,137,91,16,22,5,12,72,96,92,39,126,122,126,79,12,16,3,10,68,90,89,36,119,114,109,70,9,7,3,7,49,66,64,25,87,81,78,54,6,4,3,11,76,107,102,39,131,126,119,72,8,7,5,15,98,118,126,51,174,161,153,99,14,13,6.0,14.38,87.62,110.62,115.62,45.62,155.88,146.25,138.62,91.88,14.75,18.5
Asphalt_0cm_S4,2026-04-02T17:03:41.315282,8,18,101,120,132,51,183,166,154,107,20,32,14,28,155,181,209,80,279,258,233,163,33,47,7,14,82,107,111,44,148,142,137,91,16,22,5,13,72,96,93,39,126,122,126,79,12,16,3,10,68,90,89,36,119,114,109,70,9,7,3,7,49,66,64,25,87,81,78,54,6,4,3,11,76,107,102,39,131,126,119,72,8,7,5,15,98,118,126,51,174,161,153,99,14,13,6.0,14.5,87.62,110.62,115.75,45.62,155.88,146.25,138.62,91.88,14.75,18.5
Asphalt_0cm_S4,2026-04-02T17:03:41.410725,8,18,101,119,132,51,182,166,154,107,20,32,13,28,155,180,209,80,278,257,232,161,32,46,7,14,82,107,111,44,148,142,137,91,16,22,5,13,72,96,93,39,126,122,126,79,12,16,3,10,68,90,89,36,119,114,109,70,9,7,2,7,49,66,64,25,87,81,78,54,6,4,3,11,76,107,102,39,131,126,119,73,8,7,5,15,98,118,126,51,174,161,153,99,14,13,5.75,14.5,87.62,110.38,115.75,45.62,155.62,146.12,138.5,91.75,14.62,18.38
Asphalt_0cm_S4,2026-04-02T17:03:41.521916,8,18,101,119,132,51,182,166,154,107,20,32,13,28,155,180,209,80,278,257,232,161,32,46,7,14,82,107,111,44,148,142,137,91,16,22,5,13,72,96,93,39,126,122,126,79,12,16,3,10,68,90,89,36,119,114,109,70,9,7,2,7,49,66,64,25,87,81,78,54,6,4,3,11,76,107,102,39,131,126,119,73,8,7,5,15,98,118,126,51,174,161,153,99,14,13,5.75,14.5,87.62,110.38,115.75,45.62,155.62,146.12,138.5,91.75,14.62,18.38
Asphalt_0cm_S4,2026-04-02T17:03:41.618041,7,17,101,119,131,51,182,165,153,106,20,31,12,27,153,178,206,78,275,254,228,157,30,42,6,14,81,105,109,43,146,140,135,89,15,19,4,12,72,95,91,38,125,121,124,78,11,14,3,10,68,90,89,36,119,113,109,70,9,7,2,7,49,66,64,25,87,80,78,53,6,4,3,11,76,107,102,39,131,126,119,72,8,7,5,15,98,118,126,51,174,161,153,99,13,13,5.25,14.12,87.25,109.75,114.75,45.12,154.88,145.0,137.38,90.5,14.0,17.12
Asphalt_0cm_S4,2026-04-02T17:03:41.740047,8,17,101,119,131,51,181,164,152,106,20,31,12,26,152,177,205,78,274,253,227,156,30,41,6,14,81,105,109,43,146,140,134,89,15,18,4,12,71,95,91,38,124,120,124,77,11,14,3,10,68,90,89,36,118,114,109,70,9,7,2,7,49,66,64,25,87,80,78,53,6,4,3,11,76,107,102,39,131,126,119,72,8,7,5,15,98,118,126,51,174,161,153,99,13,13,5.38,14.0,87.0,109.62,114.62,45.12,154.38,144.75,137.0,90.25,14.0,16.88
Asphalt_0cm_S4,2026-04-02T17:03:41.881433,8,17,101,119,131,51,181,164,152,106,20,31,12,26,152,177,205,78,274,253,227,156,30,41,6,14,81,105,109,43,146,140,134,89,15,18,4,12,71,95,91,38,124,120,124,77,11,14,3,10,68,90,89,36,118,114,109,70,9,7,2,7,49,66,64,25,87,81,78,53,6,4,3,11,76,107,102,39,131,126,119,72,8,7,5,15,98,118,126,51,174,161,153,99,13,13,5.38,14.0,87.0,109.62,114.62,45.12,154.38,144.88,137.0,90.25,14.0,16.88
Asphalt_0cm_S4,2026-04-02T17:03:41.982863,8,17,101,119,131,51,181,164,152,106,20,31,12,26,152,177,205,78,274,253,227,156,30,41,6,14,81,105,109,43,146,140,134,89,15,18,4,12,71,95,91,38,124,120,124,77,11,14,3,10,68,90,89,36,118,114,109,70,9,7,2,7,49,66,64,25,87,81,78,53,6,4,3,11,76,107,102,39,131,126,119,72,8,7,5,15,98,118,126,51,174,161,153,99,13,13,5.38,14.0,87.0,109.62,114.62,45.12,154.38,144.88,137.0,90.25,14.0,16.88
Asphalt_0cm_S4,2026-04-02T17:03:42.077609,7,17,101,119,131,50,182,165,153,106,20,31,12,26,152,177,205,78,274,253,227,157,30,41,6,14,81,105,109,43,146,140,134,89,15,19,4,12,71,95,91,38,124,121,124,77,11,14,3,10,68,90,89,36,118,114,108,70,8,6,2,7,49,66,64,25,87,80,78,53,6,4,3,11,76,107,102,39,131,126,119,73,8,7,5,15,98,118,126,51,174,161,153,99,14,13,5.25,14.0,87.0,109.62,114.62,45.0,154.5,145.0,137.0,90.5,14.0,16.88
Asphalt_0cm_S4,2026-04-02T17:03:42.190669,8,18,101,120,132,51,182,165,153,107,20,32,12,26,152,177,205,78,273,252,227,156,29,40,6,14,81,105,109,43,147,140,135,89,15,19,4,12,71,95,91,38,124,121,124,78,11,14,3,10,68,90,89,36,118,114,108,70,9,6,2,7,49,66,64,25,87,81,78,53,6,4,3,11,76,107,102,39,131,126,119,72,8,7,5,15,98,118,126,51,174,161,153,99,14,13,5.38,14.12,87.0,109.75,114.75,45.12,154.5,145.0,137.12,90.5,14.0,16.88
Asphalt_0cm_S4,2026-04-02T17:03:42.305596,8,18,101,120,132,51,182,165,153,107,20,32,12,26,152,177,205,78,273,252,227,156,29,40,6,14,81,105,109,43,146,140,135,89,15,19,4,12,71,95,91,38,124,121,124,78,11,14,3,10,68,90,89,36,118,114,109,70,9,6,2,7,49,66,64,25,87,81,78,53,6,4,3,11,76,107,102,39,131,126,119,72,8,7,5,15,98,118,126,51,174,161,153,99,14,13,5.38,14.12,87.0,109.75,114.75,45.12,154.38,145.0,137.25,90.5,14.0,16.88
Asphalt_0cm_S4,2026-04-02T17:03:42.409874,8,18,101,120,132,51,182,165,153,107,20,32,11,26,151,176,204,78,272,251,225,154,29,39,6,14,81,105,109,43,146,140,134,88,15,18,4,12,71,95,91,38,124,121,124,78,11,14,3,10,68,90,89,36,118,114,109,70,9,6,2,7,49,66,64,25,87,80,78,53,6,4,3,11,76,107,102,39,131,127,119,72,8,7,5,15,98,118,126,51,174,161,153,99,14,13,5.25,14.12,86.88,109.62,114.62,45.12,154.25,144.88,136.88,90.12,14.0,16.62
Asphalt_0cm_S4,2026-04-02T17:03:42.542024,8,18,101,120,132,51,182,165,153,107,20,32,11,26,151,176,204,78,272,251,225,154,29,39,6,14,81,105,109,43,146,140,134,88,15,18,4,12,71,95,91,38,124,121,124,78,11,14,3,10,68,90,89,36,118,114,109,70,9,6,2,7,49,66,64,25,87,80,78,53,6,4,3,11,76,107,102,39,131,127,119,72,8,7,5,15,98,118,126,51,174,161,153,99,14,13,5.25,14.12,86.88,109.62,114.62,45.12,154.25,144.88,136.88,90.12,14.0,16.62
Asphalt_0cm_S4,2026-04-02T17:03:42.662996,8,18,101,120,132,51,182,166,154,107,20,32,11,26,151,176,203,77,271,250,225,154,28,38,6,13,81,105,108,43,146,139,134,88,15,18,4,12,71,95,91,38,124,121,124,78,11,14,3,10,68,90,89,36,118,114,108,70,9,6,2,7,49,66,64,25,87,81,78,54,6,4,3,11,76,107,102,39,131,126,119,72,8,7,5,15,98,118,126,51,174,161,153,99,14,13,5.25,14.0,86.88,109.62,114.38,45.0,154.12,144.75,136.88,90.25,13.88,16.5
Asphalt_0cm_S4,2026-04-02T17:03:42.782574,8,18,101,120,132,51,183,166,153,107,20,32,11,26,151,176,204,78,272,251,225,154,29,39,6,14,81,105,109,43,146,140,134,89,15,18,4,12,71,95,91,38,124,121,124,78,11,14,3,10,68,90,89,36,118,114,108,70,9,6,2,7,49,66,64,25,87,80,78,53,6,4,3,11,76,107,102,39,131,127,119,72,8,7,5,15,98,118,126,51,174,161,152,99,14,13,5.25,14.12,86.88,109.62,114.62,45.12,154.38,145.0,136.62,90.25,14.0,16.62
Asphalt_0cm_S4,2026-04-02T17:03:42.886321,8,18,101,120,132,51,182,165,154,107,20,32,11,26,151,176,204,77,272,251,225,154,29,39,6,14,81,105,109,43,146,140,134,88,15,18,4,12,71,95,91,38,124,121,124,78,11,14,3,10,68,90,89,36,118,114,108,70,9,6,2,7,49,66,64,25,87,80,78,53,6,4,3,11,76,107,102,39,131,127,119,72,8,7,5,15,98,118,126,51,174,161,152,99,14,13,5.25,14.12,86.88,109.62,114.62,45.0,154.25,144.88,136.75,90.12,14.0,16.62
Asphalt_0cm_S4,2026-04-02T17:03:43.013697,8,18,101,120,132,51,182,165,154,107,20,32,11,26,151,176,204,77,272,251,225,154,29,39,6,14,81,105,109,43,146,140,134,88,15,18,4,12,71,95,91,38,124,121,124,78,11,14,3,10,68,90,89,36,118,114,108,70,9,6,2,7,49,66,64,25,87,80,78,53,6,4,3,11,76,107,102,39,131,127,119,72,8,7,5,15,98,118,126,51,174,161,152,99,14,13,5.25,14.12,86.88,109.62,114.62,45.0,154.25,144.88,136.75,90.12,14.0,16.62
Asphalt_0cm_S4,2026-04-02T17:03:43.107289,8,18,101,119,132,51,183,165,153,107,20,32,11,26,151,176,204,77,272,251,225,154,29,39,6,14,81,105,109,43,146,140,134,88,15,18,4,12,71,95,91,38,124,121,124,77,11,14,3,10,68,90,89,36,118,114,108,70,9,6,2,7,49,66,64,25,87,80,78,53,6,4,3,11,76,107,102,39,131,126,119,72,8,7,5,15,98,118,126,51,174,161,153,99,14,13,5.25,14.12,86.88,109.5,114.62,45.0,154.38,144.75,136.75,90.0,14.0,16.62
Asphalt_0cm_S4,2026-04-02T17:03:43.217544,7,17,101,119,131,51,181,165,153,106,20,31,11,26,151,176,204,77,272,251,225,154,29,39,6,14,81,105,109,43,146,140,134,89,15,18,4,12,71,95,91,38,124,121,124,78,11,14,3,10,68,90,89,36,118,114,108,70,9,6,2,7,49,66,64,25,87,81,78,53,6,4,3,11,76,107,102,39,131,126,119,72,8,7,5,15,98,118,126,51,174,161,153,99,14,13,5.12,14.0,86.88,109.5,114.5,45.0,154.12,144.88,136.75,90.12,14.0,16.5
Asphalt_0cm_S4,2026-04-02T17:03:43.340239,7,17,101,119,131,51,181,165,153,106,20,31,11,26,151,176,204,77,272,251,225,154,29,39,6,14,81,105,109,43,146,140,134,89,15,18,4,12,71,95,91,38,124,121,124,78,11,14,3,10,68,90,89,36,119,114,108,70,8,6,2,7,49,66,64,25,87,80,78,53,6,4,3,11,76,107,102,39,131,126,119,72,8,7,5,15,98,118,126,51,174,161,152,99,14,13,5.12,14.0,86.88,109.5,114.5,45.0,154.25,144.75,136.62,90.12,13.88,16.5
Asphalt_0cm_S4,2026-04-02T17:03:43.455511,7,17,101,119,131,51,182,165,153,106,20,31,12,26,152,177,205,78,273,252,227,156,29,40,6,14,81,105,109,43,146,140,135,89,15,19,4,12,71,95,91,38,124,120,124,78,11,14,3,10,68,90,89,36,118,114,108,70,9,7,2,7,49,66,64,25,86,80,78,53,6,4,3,11,76,107,102,39,131,126,119,72,8,7,5,15,98,118,126,51,174,161,152,99,14,13,5.25,14.0,87.0,109.62,114.62,45.12,154.25,144.75,137.0,90.38,14.0,16.88
Asphalt_0cm_S4,2026-04-02T17:03:43.554969,7,17,101,119,131,51,182,165,153,106,20,31,12,26,152,177,205,78,273,252,227,156,29,40,6,14,81,105,109,43,146,140,135,89,15,19,4,12,71,95,91,38,124,120,124,78,11,14,3,10,68,90,89,36,118,114,108,70,9,7,2,7,49,66,64,25,86,80,78,53,6,4,3,11,76,107,102,39,131,126,119,72,8,7,5,15,98,118,126,51,174,161,152,99,14,13,5.25,14.0,87.0,109.62,114.62,45.12,154.25,144.75,137.0,90.38,14.0,16.88
Asphalt_0cm_S4,2026-04-02T17:03:43.661612,7,17,101,119,132,51,182,165,152,106,20,31,12,26,152,177,205,78,273,252,227,156,30,40,6,14,81,105,109,43,146,140,134,89,15,19,4,12,71,95,91,38,124,121,124,77,11,14,3,10,68,90,89,36,119,114,108,70,9,6,2,7,49,66,64,25,87,81,78,53,6,4,3,11,76,107,102,39,131,126,119,72,8,7,5,15,98,118,126,51,174,161,152,99,13,13,5.25,14.0,87.0,109.62,114.75,45.12,154.5,145.0,136.75,90.25,14.0,16.75
Asphalt_0cm_S4,2026-04-02T17:03:43.781120,7,17,101,119,132,51,182,165,152,106,20,31,12,26,152,177,205,78,274,253,227,156,30,40,6,14,81,105,109,43,147,140,135,89,15,19,4,12,71,95,91,38,124,121,124,77,11,14,3,10,68,90,89,36,119,114,109,70,8,6,2,7,49,66,64,25,87,80,78,54,6,4,3,10,76,107,102,39,131,127,119,72,8,7,5,15,98,118,126,51,174,161,152,99,13,13,5.25,13.88,87.0,109.62,114.75,45.12,154.75,145.12,137.0,90.38,13.88,16.75
Asphalt_0cm_S4,2026-04-02T17:03:43.887161,7,17,101,119,132,51,182,165,152,106,20,31,12,26,152,177,205,78,274,253,227,156,30,40,6,14,81,105,109,43,147,140,135,89,15,19,4,12,71,95,91,38,124,121,124,77,11,14,3,10,68,90,89,36,119,114,109,70,8,6,2,7,49,66,64,25,87,80,78,54,6,4,3,10,76,107,102,39,131,127,119,72,8,7,5,15,98,118,126,51,174,161,152,99,13,13,5.25,13.88,87.0,109.62,114.75,45.12,154.75,145.12,137.0,90.38,13.88,16.75
Asphalt_0cm_S4,2026-04-02T17:03:43.988001,7,17,101,119,132,51,182,165,152,106,20,31,12,26,152,177,205,78,274,253,227,156,30,40,6,14,81,105,109,43,147,140,135,89,15,19,4,12,71,95,91,38,124,121,124,77,11,14,3,10,68,90,89,36,119,114,109,70,8,6,2,7,49,66,64,25,87,80,78,54,6,4,3,10,76,107,102,39,131,127,119,72,8,7,5,15,98,118,126,51,174,161,152,99,13,13,5.25,13.88,87.0,109.62,114.75,45.12,154.75,145.12,137.0,90.38,13.88,16.75
Asphalt_0cm_S4,2026-04-02T17:03:44.087465,8,18,101,119,132,51,182,165,153,107,20,32,13,27,153,178,207,79,276,255,229,159,31,43,6,14,82,106,110,43,148,141,136,90,15,20,4,12,71,95,92,38,125,121,124,78,11,14,3,10,68,90,89,36,119,114,109,70,9,7,2,7,49,66,64,25,87,81,78,54,6,4,3,11,76,107,102,39,131,126,119,72,8,7,5,15,98,118,126,51,174,161,152,99,13,13,5.5,14.25,87.25,109.88,115.25,45.25,155.25,145.5,137.5,91.12,14.12,17.5
Asphalt_0cm_S4,2026-04-02T17:03:44.198284,8,18,101,119,132,51,182,165,153,107,20,32,13,27,153,178,207,79,276,255,229,159,31,43,6,14,82,106,110,43,148,141,136,90,15,20,4,12,71,95,92,38,125,121,124,78,11,14,3,10,68,90,89,36,119,114,109,70,9,7,2,7,49,66,64,25,87,81,78,54,6,4,3,11,76,107,102,39,131,126,119,72,8,7,5,15,98,118,126,51,174,161,152,99,13,13,5.5,14.25,87.25,109.88,115.25,45.25,155.25,145.5,137.5,91.12,14.12,17.5
Asphalt_0cm_S4,2026-04-02T17:03:44.299024,8,18,101,120,132,51,182,166,154,107,20,32,13,27,154,179,207,79,276,255,230,159,31,44,6,14,82,106,110,43,148,141,136,90,15,20,5,12,72,96,92,39,125,122,125,79,12,15,3,10,68,90,89,36,119,114,109,70,9,7,2,7,49,66,64,25,87,81,78,53,6,4,3,11,76,107,102,39,131,127,119,72,8,7,5,15,98,118,126,51,174,161,152,99,14,13,5.62,14.25,87.5,110.25,115.25,45.38,155.25,145.88,137.88,91.12,14.38,17.75
Asphalt_0cm_S4,2026-04-02T17:03:44.410586,8,18,101,120,132,51,182,166,154,107,20,32,13,27,154,179,207,79,276,255,230,159,31,44,6,14,82,106,110,43,148,141,136,90,15,20,5,12,72,96,92,39,125,122,125,79,12,15,3,10,68,90,89,36,119,114,109,70,9,7,2,7,49,66,64,25,87,81,78,53,6,4,3,11,76,107,102,39,131,127,119,72,8,7,5,15,98,118,126,51,174,161,152,99,14,13,5.62,14.25,87.5,110.25,115.25,45.38,155.25,145.88,137.88,91.12,14.38,17.75
Asphalt_0cm_S4,2026-04-02T17:03:44.521737,8,18,101,119,132,51,182,165,153,107,20,32,12,27,153,178,206,79,275,253,228,157,30,42,6,14,81,106,109,43,147,140,135,89,15,19,4,12,71,95,91,38,125,121,124,77,11,14,3,10,68,90,89,36,119,114,109,70,9,7,2,7,49,66,64,25,87,81,78,53,6,4,3,11,76,107,102,39,131,126,119,73,8,7,5,15,98,118,126,51,174,161,152,99,14,13,5.38,14.25,87.12,109.88,114.88,45.25,155.0,145.12,137.25,90.62,14.12,17.25
Asphalt_0cm_S4,2026-04-02T17:03:44.636165,8,18,101,119,132,51,182,165,153,107,20,31,12,27,152,177,206,78,274,253,228,157,30,41,6,14,82,106,110,43,147,141,135,89,15,19,4,12,71,95,91,38,124,121,124,78,11,14,3,10,68,90,89,36,118,114,108,70,9,6,2,7,49,66,63,25,87,81,78,53,6,4,3,11,76,108,102,39,131,126,119,72,8,7,5,15,98,118,126,51,174,161,152,99,14,13,5.38,14.25,87.12,109.88,114.88,45.12,154.62,145.25,137.12,90.62,14.12,16.88
Asphalt_0cm_S4,2026-04-02T17:03:44.742616,7,17,101,119,132,51,182,165,153,107,20,32,12,26,152,177,205,78,273,253,227,156,29,40,6,14,81,105,109,43,147,140,135,89,15,19,4,12,71,95,91,38,125,121,124,78,11,14,3,10,68,90,89,36,118,114,108,70,8,6,2,7,49,66,64,25,87,80,78,53,6,4,3,11,76,108,102,39,131,126,119,72,8,7,5,15,98,118,126,51,174,161,152,99,14,13,5.25,14.0,87.0,109.75,114.75,45.12,154.62,145.0,137.0,90.5,13.88,16.88
Asphalt_0cm_S4,2026-04-02T17:03:44.868379,8,18,101,119,132,51,182,165,153,107,20,32,12,26,152,177,205,78,273,252,226,155,29,40,6,14,81,105,109,43,147,140,135,89,15,19,4,12,71,95,91,38,125,121,124,78,11,14,3,10,68,90,89,36,118,114,108,70,8,6,2,7,49,66,64,25,87,80,78,53,6,4,3,11,76,108,102,39,131,126,119,72,8,7,5,15,98,118,126,51,174,161,153,99,14,13,5.38,14.12,87.0,109.75,114.75,45.12,154.62,144.88,137.0,90.38,13.88,16.88
Asphalt_0cm_S4,2026-04-02T17:03:44.964126,8,18,101,119,132,51,182,165,153,107,20,32,12,26,152,177,205,78,273,252,226,155,29,40,6,14,81,105,109,43,147,140,135,89,15,19,4,12,71,95,91,38,125,121,124,78,11,14,3,10,68,90,89,36,118,114,108,70,8,6,2,7,49,66,64,25,87,80,78,53,6,4,3,11,76,108,102,39,131,126,119,72,8,7,5,15,98,118,126,51,174,161,153,99,14,13,5.38,14.12,87.0,109.75,114.75,45.12,154.62,144.88,137.0,90.38,13.88,16.88
Asphalt_0cm_S4,2026-04-02T17:03:45.074114,8,18,101,119,132,51,182,166,153,107,20,32,12,26,152,177,205,78,274,252,228,156,30,41,6,14,81,105,109,43,147,141,135,89,15,19,4,12,71,95,92,38,125,121,124,78,11,14,3,10,68,90,89,36,119,114,108,70,9,6,2,7,49,66,64,25,87,81,78,53,6,4,3,11,76,107,102,39,131,126,119,72,8,7,5,15,98,118,126,51,174,161,153,99,13,13,5.38,14.12,87.0,109.62,114.88,45.12,154.88,145.25,137.25,90.5,14.0,17.0
Asphalt_0cm_S4,2026-04-02T17:03:45.169588,8,18,101,119,132,51,182,166,153,107,20,32,12,26,152,177,205,78,274,252,228,156,30,41,6,14,81,105,109,43,147,141,135,89,15,19,4,12,71,95,92,38,125,121,124,78,11,14,3,10,68,90,89,36,119,114,108,70,9,6,2,7,49,66,64,25,87,81,78,53,6,4,3,11,76,107,102,39,131,126,119,72,8,7,5,15,98,118,126,51,174,161,153,99,13,13,5.38,14.12,87.0,109.62,114.88,45.12,154.88,145.25,137.25,90.5,14.0,17.0
Asphalt_0cm_S4,2026-04-02T17:03:45.313332,8,18,101,119,132,51,182,166,153,107,20,32,12,26,152,177,205,78,274,252,228,156,30,41,6,14,81,105,109,43,147,141,135,89,15,19,4,12,71,95,92,38,125,121,124,78,11,14,3,10,68,90,89,36,118,114,108,70,9,6,2,7,49,66,64,25,87,81,78,53,6,4,3,11,76,107,102,39,131,126,119,72,8,7,5,15,98,118,126,51,174,161,153,99,14,13,5.38,14.12,87.0,109.62,114.88,45.12,154.75,145.25,137.25,90.5,14.12,17.0
Asphalt_0cm_S4,2026-04-02T17:03:45.408639,8,18,101,119,132,51,182,166,153,107,20,32,12,26,152,177,205,78,274,252,228,156,30,41,6,14,81,105,109,43,147,141,135,89,15,19,4,12,71,95,92,38,125,121,124,78,11,14,3,10,68,90,89,36,118,114,108,70,9,6,2,7,49,66,64,25,87,81,78,53,6,4,3,11,76,107,102,39,131,126,119,72,8,7,5,15,98,118,126,51,174,161,153,99,14,13,5.38,14.12,87.0,109.62,114.88,45.12,154.75,145.25,137.25,90.5,14.12,17.0
Asphalt_0cm_S4,2026-04-02T17:03:45.503824,8,18,102,120,132,50,183,166,154,108,20,33,12,27,153,178,206,79,275,254,229,158,30,42,6,14,82,106,110,43,148,141,136,90,15,20,5,12,71,95,92,39,125,121,125,78,12,14,3,10,68,90,89,36,118,114,108,70,9,7,2,7,49,66,64,25,87,81,78,53,6,4,3,11,76,107,102,39,131,127,119,72,8,7,5,15,98,118,126,51,174,161,153,99,13,13,5.5,14.25,87.38,110.0,115.12,45.25,155.12,145.62,137.75,91.0,14.12,17.5
Asphalt_0cm_S4,2026-04-02T17:03:45.613511,8,18,102,120,132,50,183,166,154,108,20,33,12,27,153,178,206,79,275,254,229,158,30,42,6,14,82,106,110,43,148,141,136,90,15,20,5,12,71,95,92,39,125,121,125,78,12,14,3,10,68,90,89,36,118,114,108,70,9,7,2,7,49,66,64,25,87,81,78,53,6,4,3,11,76,107,102,39,131,127,119,72,8,7,5,15,98,118,126,51,174,161,153,99,13,13,5.5,14.25,87.38,110.0,115.12,45.25,155.12,145.62,137.75,91.0,14.12,17.5
Asphalt_0cm_S4,2026-04-02T17:03:45.722512,8,18,101,119,132,51,183,166,153,107,20,32,12,26,152,177,204,78,273,252,226,155,29,40,6,14,82,106,109,43,147,140,135,90,15,19,4,12,71,95,91,38,124,121,124,78,11,14,3,10,68,90,89,36,118,114,108,70,8,6,2,7,49,66,64,25,87,81,78,53,6,4,3,11,76,108,102,39,131,126,119,72,8,7,5,15,98,118,126,51,174,161,152,99,14,13,5.38,14.12,87.12,109.88,114.62,45.12,154.62,145.12,136.88,90.5,13.88,16.88
Asphalt_0cm_S4,2026-04-02T17:03:45.835937,8,18,101,119,132,51,183,166,153,107,20,32,12,26,152,177,204,78,273,252,226,155,29,40,6,14,82,106,109,43,147,140,135,90,15,19,4,12,71,95,91,38,124,121,124,78,11,14,3,10,68,90,89,36,118,114,108,70,9,7,2,7,49,66,64,25,87,81,78,53,6,4,3,11,76,107,102,39,131,126,119,72,8,7,5,14,98,118,126,51,174,161,152,99,13,13,5.38,14.0,87.12,109.75,114.62,45.12,154.62,145.12,136.88,90.5,13.88,17.0
Asphalt_0cm_S4,2026-04-02T17:03:45.936155,8,18,101,120,132,51,183,166,154,107,20,32,12,26,152,177,205,78,273,252,226,156,30,40,6,14,81,105,109,43,146,140,135,89,15,19,4,12,71,95,91,38,124,121,124,78,11,14,3,10,68,90,89,36,118,114,108,70,9,7,2,7,49,66,64,25,87,81,78,53,6,4,3,11,76,107,102,39,131,126,119,72,8,7,5,14,98,118,126,51,174,161,152,99,13,13,5.38,14.0,87.0,109.75,114.75,45.12,154.5,145.12,137.0,90.5,14.0,17.0
Asphalt_0cm_S4,2026-04-02T17:03:46.042501,8,18,101,120,132,51,183,166,154,107,20,32,12,26,152,177,205,78,273,252,226,156,30,40,6,14,81,105,109,43,146,140,135,89,15,19,4,12,71,95,91,38,124,121,124,78,11,14,3,10,68,90,89,36,118,114,108,70,9,7,2,7,49,66,64,25,87,81,78,53,6,4,3,11,76,107,102,39,131,126,119,72,8,7,5,14,98,118,126,51,174,161,152,99,13,13,5.38,14.0,87.0,109.75,114.75,45.12,154.5,145.12,137.0,90.5,14.0,17.0
Asphalt_0cm_S4,2026-04-02T17:03:46.138166,8,18,101,119,132,51,182,166,153,107,20,32,12,26,152,177,205,78,274,252,227,156,30,40,6,14,82,106,110,43,147,141,135,89,15,19,5,12,71,95,92,39,124,121,124,78,11,14,3,10,68,90,89,36,118,114,108,70,9,6,2,7,49,66,64,25,87,81,78,53,6,4,3,11,76,107,102,39,131,127,119,72,8,7,5,15,98,118,126,51,174,161,152,99,14,13,5.5,14.12,87.12,109.75,115.0,45.25,154.62,145.38,137.0,90.5,14.12,16.88
Asphalt_0cm_S4,2026-04-02T17:03:46.242177,8,18,101,119,132,51,182,166,153,107,20,32,12,26,152,177,205,78,274,252,227,156,30,40,6,14,82,106,110,43,147,141,135,89,15,19,5,12,71,95,92,39,124,121,124,78,11,14,3,10,68,90,89,36,118,114,108,70,9,6,2,7,49,66,64,25,87,81,78,53,6,4,3,11,76,107,102,39,131,127,119,72,8,7,5,15,98,118,126,51,174,161,152,99,14,13,5.5,14.12,87.12,109.75,115.0,45.25,154.62,145.38,137.0,90.5,14.12,16.88
Asphalt_0cm_S4,2026-04-02T17:03:46.336492,8,18,101,119,132,51,182,165,153,107,20,31,11,26,152,176,204,78,273,251,226,155,29,39,6,14,81,105,109,43,146,140,135,89,15,18,4,12,71,95,92,38,125,121,124,78,11,14,3,10,68,90,89,36,118,114,108,70,9,6,2,7,49,66,64,25,87,80,78,54,6,4,3,11,76,108,102,39,131,126,119,72,8,7,5,15,98,118,126,51,174,160,153,99,13,13,5.25,14.12,87.0,109.62,114.75,45.12,154.5,144.62,137.0,90.5,13.88,16.5
Asphalt_0cm_S4,2026-04-02T17:03:46.475684,8,18,101,119,132,51,182,165,153,107,20,31,11,26,152,176,204,78,273,251,226,155,29,39,6,14,81,105,109,43,146,140,135,89,15,18,4,12,71,95,92,38,125,121,124,78,11,14,3,10,68,90,89,36,118,114,108,70,9,6,2,7,49,66,64,25,87,80,78,54,6,4,3,11,76,108,102,39,131,126,119,72,8,7,5,15,98,118,126,51,174,160,153,99,13,13,5.25,14.12,87.0,109.62,114.75,45.12,154.5,144.62,137.0,90.5,13.88,16.5
Asphalt_0cm_S4,2026-04-02T17:03:46.605030,8,18,101,119,132,51,182,165,153,106,20,31,12,27,153,177,206,79,275,253,228,157,30,41,6,14,81,105,109,43,147,140,135,89,15,19,4,12,71,95,91,38,124,121,124,77,11,14,3,10,68,90,89,36,118,114,108,70,8,7,2,7,49,66,64,25,87,81,78,53,6,4,3,11,76,107,102,39,131,126,119,72,8,7,5,15,98,118,126,51,174,161,152,99,13,13,5.38,14.25,87.12,109.62,114.88,45.25,154.75,145.12,137.12,90.38,13.88,17.0
Asphalt_0cm_S4,2026-04-02T17:03:46.709917,8,18,101,120,132,51,182,165,154,107,20,32,13,28,154,179,208,79,277,256,230,160,32,44,6,14,81,105,109,43,147,140,135,89,15,19,4,12,71,95,91,38,124,121,124,77,11,14,3,10,68,90,89,36,118,114,108,70,8,7,2,7,49,66,64,25,87,81,78,53,6,4,3,11,76,107,102,39,131,126,119,72,8,7,5,15,98,118,126,51,174,161,152,99,13,13,5.5,14.38,87.25,110.0,115.12,45.25,155.0,145.5,137.5,90.88,14.12,17.5
Asphalt_0cm_S4,2026-04-02T17:03:46.805717,8,18,101,120,132,51,182,165,154,107,20,32,13,28,154,179,208,79,277,256,230,160,32,44,6,14,81,105,109,43,147,140,135,89,15,19,4,12,71,95,91,38,124,121,124,77,11,14,3,10,68,90,89,36,118,114,108,70,8,7,2,7,49,66,64,25,87,81,78,53,6,4,3,11,76,107,102,39,131,126,119,72,8,7,5,15,98,118,126,51,174,161,152,99,13,13,5.5,14.38,87.25,110.0,115.12,45.25,155.0,145.5,137.5,90.88,14.12,17.5
Asphalt_0cm_S4,2026-04-02T17:03:46.911693,8,18,102,120,133,51,183,166,154,108,21,33,14,28,155,181,210,80,280,258,233,163,33,47,7,15,83,107,112,44,149,143,137,92,16,22,5,12,72,96,93,39,126,123,126,80,12,16,3,10,67,90,89,36,119,114,109,70,9,7,2,7,49,66,64,25,87,81,78,53,6,4,3,11,76,107,102,39,132,127,119,73,8,7,5,15,98,118,126,51,174,161,153,99,13,13,5.88,14.5,87.75,110.62,116.12,45.62,156.25,146.62,138.62,92.25,14.75,18.62
Asphalt_0cm_S4,2026-04-02T17:03:47.028805,8,18,102,120,133,51,183,166,154,108,21,33,14,28,155,181,210,80,280,258,233,163,33,47,7,15,83,107,112,44,149,143,137,92,16,22,5,12,72,96,93,39,126,123,126,80,12,16,3,10,67,90,89,36,119,114,109,70,9,7,2,7,49,66,64,25,87,81,78,53,6,4,3,11,76,107,102,39,132,127,119,73,8,7,5,15,98,118,126,51,174,161,153,99,13,13,5.88,14.5,87.75,110.62,116.12,45.62,156.25,146.62,138.62,92.25,14.75,18.62
Asphalt_0cm_S4,2026-04-02T17:03:47.124402,8,18,102,120,132,51,183,166,154,108,20,32,14,28,155,181,210,80,279,258,232,162,32,46,6,15,83,107,111,44,149,142,137,91,16,22,5,13,72,96,93,39,126,122,126,80,12,16,3,10,68,90,89,36,119,114,109,70,9,7,2,7,49,66,64,25,87,81,78,54,6,4,3,11,76,107,102,39,131,126,119,72,8,7,5,15,98,118,126,51,174,161,153,99,14,13,5.75,14.62,87.88,110.62,115.88,45.62,156.0,146.25,138.5,92.0,14.62,18.38
Asphalt_0cm_S4,2026-04-02T17:03:47.236165,8,18,101,120,133,51,183,166,154,108,21,32,13,28,155,180,209,80,279,258,233,162,32,46,6,15,83,107,111,44,149,142,137,91,16,22,5,13,72,96,93,39,126,122,126,80,12,16,3,10,68,90,89,36,119,114,109,70,9,7,2,7,49,66,64,25,87,81,78,54,6,4,3,11,76,107,102,39,131,126,119,72,8,7,5,15,98,118,126,51,174,161,153,99,14,13,5.62,14.62,87.75,110.5,115.88,45.62,156.0,146.25,138.62,92.0,14.75,18.38
Asphalt_0cm_S4,2026-04-02T17:03:47.335746,8,18,101,120,133,51,183,166,154,108,21,32,13,28,155,180,209,80,279,258,233,162,32,46,7,15,83,107,111,44,149,142,137,92,16,22,5,13,72,96,93,39,126,123,126,80,12,16,3,10,68,90,89,36,119,114,109,70,9,7,2,7,49,67,64,25,87,81,78,54,6,4,3,11,76,107,102,39,131,127,119,72,8,7,5,15,98,118,126,51,174,161,152,99,13,13,5.75,14.62,87.75,110.62,115.88,45.62,156.0,146.5,138.5,92.12,14.62,18.38
Asphalt_0cm_S4,2026-04-02T17:03:47.453416,8,18,101,120,133,51,183,166,154,108,21,32,13,28,155,180,209,80,279,258,233,162,32,46,7,15,83,107,111,44,149,142,137,92,16,22,5,13,72,96,93,39,126,123,126,80,12,16,3,10,68,90,89,36,119,114,109,70,9,7,2,7,49,67,64,25,87,81,78,54,6,4,3,11,76,107,102,39,131,127,119,72,8,7,5,15,98,118,126,51,174,161,152,99,13,13,5.75,14.62,87.75,110.62,115.88,45.62,156.0,146.5,138.5,92.12,14.62,18.38
Asphalt_0cm_S4,2026-04-02T17:03:47.558521,8,18,102,120,132,51,183,166,154,107,20,32,14,28,155,181,210,80,280,258,233,163,33,47,7,15,83,107,111,44,149,143,137,92,16,22,5,13,72,96,93,39,126,123,126,80,12,16,3,10,68,90,89,36,119,114,109,70,9,7,2,7,49,66,64,25,87,80,78,53,6,4,3,11,76,108,102,39,131,127,119,72,8,7,5,15,97,118,126,51,174,161,153,99,14,13,5.88,14.62,87.75,110.75,115.88,45.62,156.12,146.5,138.62,92.0,14.75,18.5
Asphalt_0cm_S4,2026-04-02T17:03:47.664600,8,18,102,120,132,51,183,166,154,107,20,32,14,28,155,180,210,80,280,258,233,163,33,47,7,15,83,107,111,44,149,142,137,92,16,22,5,13,72,96,93,39,126,123,126,80,12,16,3,10,68,90,89,36,119,114,109,70,9,7,2,7,49,66,64,25,87,81,78,54,6,4,3,11,76,108,102,39,131,127,119,72,8,7,5,15,98,118,126,51,174,161,152,99,14,13,5.88,14.62,87.88,110.62,115.88,45.62,156.12,146.5,138.5,92.12,14.75,18.5
Asphalt_0cm_S4,2026-04-02T17:03:47.776327,8,18,101,120,132,51,182,165,153,107,20,32,13,28,154,180,208,79,278,256,231,160,32,45,6,14,82,106,111,44,148,141,136,90,15,20,5,12,72,96,92,39,126,122,125,79,12,15,3,10,68,90,89,36,119,114,109,70,9,7,2,7,49,66,64,25,87,81,78,54,6,4,3,11,76,108,102,39,131,126,119,72,8,7,5,15,98,118,126,51,174,161,152,99,14,13,5.62,14.38,87.5,110.5,115.5,45.5,155.62,145.75,137.88,91.38,14.5,17.88
Asphalt_0cm_S4,2026-04-02T17:03:47.887593,8,18,101,120,132,51,182,165,153,107,20,32,13,28,154,180,208,79,278,256,231,160,32,45,6,14,82,106,111,44,148,141,136,90,15,20,5,12,72,96,92,39,126,122,125,79,12,15,3,10,68,90,89,36,119,114,109,70,9,7,2,7,49,66,64,25,87,81,78,54,6,4,3,11,76,108,102,39,131,126,119,72,8,7,5,15,98,118,126,51,174,161,152,99,14,13,5.62,14.38,87.5,110.5,115.5,45.5,155.62,145.75,137.88,91.38,14.5,17.88
Asphalt_0cm_S4,2026-04-02T17:03:47.999821,7,17,101,119,131,51,182,165,152,106,20,31,12,27,153,178,206,78,275,254,228,157,30,41,6,14,81,105,109,43,146,140,135,89,15,19,4,12,71,95,91,38,124,121,124,77,11,14,3,10,68,90,89,36,118,114,108,70,9,7,2,7,49,66,64,25,87,81,78,54,6,4,3,11,76,108,102,39,131,126,119,72,8,7,5,15,98,118,126,51,174,161,152,99,14,13,5.25,14.12,87.12,109.88,114.75,45.12,154.62,145.25,137.0,90.5,14.12,17.0
Asphalt_0cm_S4,2026-04-02T17:03:48.110214,8,18,101,119,131,50,181,164,152,106,19,30,12,26,153,177,205,78,274,253,227,156,30,40,6,14,81,105,109,43,147,140,135,89,15,19,4,12,71,95,91,38,124,120,124,77,11,13,3,10,68,90,89,36,119,114,109,70,8,7,2,7,49,66,64,25,87,80,78,53,6,4,3,11,76,107,102,39,131,126,119,72,8,7,5,15,98,118,126,51,174,161,152,99,13,13,5.38,14.12,87.12,109.62,114.62,45.0,154.62,144.75,137.0,90.25,13.75,16.62
Asphalt_0cm_S4,2026-04-02T17:03:48.226964,8,18,101,119,131,51,181,165,153,106,20,31,12,26,152,177,205,78,274,253,227,156,30,40,6,14,82,106,110,43,147,141,135,89,15,19,4,12,71,95,92,38,124,121,124,78,11,14,3,10,68,90,89,36,119,114,109,70,8,7,2,7,49,66,64,25,87,80,78,53,6,4,3,11,76,107,102,39,131,126,119,72,8,7,5,15,98,118,126,51,174,161,153,99,13,13,5.38,14.12,87.12,109.75,114.88,45.12,154.62,145.12,137.25,90.38,13.88,16.88
Asphalt_0cm_S4,2026-04-02T17:03:48.333050,8,18,101,119,131,51,181,165,153,106,20,31,12,26,152,177,205,78,274,253,227,156,30,40,6,14,82,106,110,43,147,141,135,89,15,19,4,12,71,95,92,38,124,121,124,78,11,14,3,10,68,90,89,36,118,114,108,70,9,7,2,7,49,66,64,25,87,81,78,53,6,4,3,11,76,107,102,39,131,127,119,73,8,7,5,15,98,118,126,51,174,161,153,99,13,13,5.38,14.12,87.12,109.75,114.88,45.12,154.5,145.38,137.12,90.5,14.0,16.88
Asphalt_0cm_S4,2026-04-02T17:03:48.455010,8,18,101,119,131,51,181,165,153,106,20,31,12,26,152,177,205,78,274,253,227,156,30,40,6,14,82,106,110,43,147,141,135,89,15,19,4,12,71,95,92,38,124,121,124,78,11,14,3,10,68,90,89,36,118,114,108,70,9,7,2,7,49,66,64,25,87,81,78,53,6,4,3,11,76,107,102,39,131,127,119,73,8,7,5,15,98,118,126,51,174,161,153,99,13,13,5.38,14.12,87.12,109.75,114.88,45.12,154.5,145.38,137.12,90.5,14.0,16.88
Asphalt_0cm_S4,2026-04-02T17:03:48.560892,7,17,101,119,131,51,181,165,152,106,20,31,11,26,151,176,204,78,272,251,225,154,29,39,6,14,82,106,110,43,147,141,135,89,15,19,4,12,72,95,92,38,125,121,124,78,11,14,3,10,68,90,89,36,118,114,109,70,8,6,2,7,49,66,64,25,87,81,78,53,6,4,3,11,76,107,102,39,131,127,119,72,8,7,5,15,98,118,126,51,174,161,152,99,14,13,5.12,14.0,87.12,109.62,114.75,45.12,154.38,145.12,136.75,90.12,13.88,16.62
Asphalt_0cm_S4,2026-04-02T17:03:48.666791,7,17,101,119,131,51,181,165,152,106,20,31,11,26,151,176,204,78,272,251,225,154,29,39,6,14,81,105,109,43,146,140,135,89,15,18,4,12,71,95,92,39,125,121,124,78,11,14,3,10,68,90,89,36,119,114,109,70,9,7,2,7,49,66,64,25,87,81,78,53,6,4,3,11,76,108,102,39,131,127,119,73,8,7,5,15,98,118,126,51,174,161,153,99,14,13,5.12,14.0,86.88,109.62,114.62,45.25,154.38,145.0,136.88,90.25,14.0,16.62
Asphalt_0cm_S4,2026-04-02T17:03:48.791336,7,17,101,119,131,51,182,165,153,106,20,31,11,25,151,176,204,77,272,251,225,154,29,39,5,13,81,105,109,43,146,140,134,88,15,18,4,12,71,95,91,38,124,121,124,78,11,14,3,10,68,90,89,36,118,114,109,70,8,6,2,7,49,66,64,25,87,81,78,53,6,4,3,11,76,108,102,39,131,127,119,73,8,7,5,15,98,118,126,51,174,161,153,99,14,13,5.0,13.75,86.88,109.62,114.5,45.0,154.25,145.0,136.88,90.12,13.88,16.5
Asphalt_0cm_S4,2026-04-02T17:03:48.913056,7,17,101,119,131,51,182,165,153,106,20,31,11,25,151,176,204,77,272,251,225,154,29,39,5,13,81,105,109,43,146,140,134,88,15,18,4,12,71,95,91,38,124,121,124,78,11,14,3,10,68,90,89,36,118,114,109,70,8,6,2,7,49,66,64,25,87,81,78,53,6,4,3,11,76,108,102,39,131,127,119,73,8,7,5,15,98,118,126,51,174,161,153,99,14,13,5.0,13.75,86.88,109.62,114.5,45.0,154.25,145.0,136.88,90.12,13.88,16.5
Asphalt_0cm_S4,2026-04-02T17:03:49.013846,8,18,101,119,132,51,182,165,153,107,20,31,11,26,152,176,204,78,272,251,226,155,29,39,6,14,81,105,109,43,146,140,134,88,15,18,4,12,71,95,91,38,124,121,124,77,11,13,3,10,68,90,89,36,118,114,108,70,9,6,2,7,49,66,64,25,87,81,78,53,6,4,3,11,76,107,102,39,131,127,119,72,8,7,5,15,98,118,126,51,174,161,153,99,13,13,5.25,14.12,87.0,109.5,114.62,45.12,154.25,145.0,136.88,90.12,13.88,16.38
Asphalt_0cm_S4,2026-04-02T17:03:49.131588,8,18,101,119,132,51,182,165,153,107,20,31,11,26,152,176,204,78,272,251,226,155,29,39,6,14,81,105,109,43,146,140,134,88,15,18,4,12,71,95,91,38,124,121,124,77,11,13,3,10,68,90,89,36,118,114,108,70,9,6,2,7,49,66,64,25,87,81,78,53,6,4,3,11,76,107,102,39,131,127,119,72,8,7,5,15,98,118,126,51,174,161,153,99,13,13,5.25,14.12,87.0,109.5,114.62,45.12,154.25,145.0,136.88,90.12,13.88,16.38
Asphalt_0cm_S4,2026-04-02T17:03:49.237816,7,18,101,119,132,51,182,165,152,106,20,31,11,26,151,176,204,78,272,251,226,155,29,39,6,14,81,105,109,43,146,140,135,89,15,19,4,12,71,95,91,38,124,121,124,77,11,13,3,10,68,90,89,36,118,114,109,70,8,6,2,7,49,66,64,25,87,81,78,53,6,4,3,11,76,107,102,39,131,127,119,72,8,7,5,15,98,118,126,51,174,161,152,98,13,13,5.12,14.12,86.88,109.5,114.62,45.12,154.25,145.0,136.88,90.0,13.75,16.5
Asphalt_0cm_S4,2026-04-02T17:03:49.345539,7,18,101,119,132,51,182,165,152,106,20,31,11,26,151,176,204,78,272,251,226,155,29,39,6,14,81,105,109,43,146,140,135,89,15,19,4,12,71,95,91,38,124,121,124,77,11,13,3,10,68,90,89,36,118,114,109,70,8,6,2,7,49,66,64,25,87,81,78,53,6,4,3,11,76,107,102,39,131,127,119,72,8,7,5,15,98,118,126,51,174,161,152,98,13,13,5.12,14.12,86.88,109.5,114.62,45.12,154.25,145.0,136.88,90.0,13.75,16.5
Asphalt_0cm_S4,2026-04-02T17:03:49.450703,7,18,101,119,131,51,181,165,152,106,19,31,11,26,151,176,204,78,272,251,226,155,29,39,6,14,81,105,109,43,146,140,135,89,15,19,4,12,71,95,91,38,124,121,124,77,11,13,3,10,68,90,89,36,118,114,109,70,8,6,2,7,49,66,64,25,87,81,78,53,6,4,3,11,76,107,102,39,131,127,119,72,8,7,5,15,98,118,126,51,174,161,152,98,13,13,5.12,14.12,86.88,109.5,114.5,45.12,154.12,145.0,136.88,90.0,13.62,16.5
Asphalt_0cm_S4,2026-04-02T17:03:49.567182,7,18,101,119,131,51,181,165,152,106,19,31,12,26,152,176,204,78,273,251,226,155,29,39,6,14,82,106,109,43,147,140,135,89,15,19,5,12,72,95,92,39,125,121,125,78,12,14,3,10,68,90,89,36,119,114,108,70,8,6,2,7,49,66,64,25,87,80,78,54,6,4,3,11,76,107,102,39,131,127,119,72,8,7,5,15,98,118,126,51,174,161,152,98,13,13,5.38,14.12,87.25,109.62,114.62,45.25,154.62,144.88,136.88,90.25,13.75,16.62
Asphalt_0cm_S4,2026-04-02T17:03:49.687402,7,17,100,119,131,50,181,164,152,105,19,30,12,26,152,176,204,78,273,251,226,155,29,39,6,14,82,106,109,43,147,140,135,89,15,19,4,12,72,95,92,39,125,122,124,78,11,14,3,10,68,90,89,36,119,114,109,70,9,6,2,7,49,66,64,25,87,81,78,53,6,4,3,11,76,107,102,39,132,126,119,73,8,7,5,15,98,118,126,51,174,161,152,98,13,13,5.25,14.0,87.12,109.62,114.62,45.12,154.75,144.88,136.88,90.12,13.75,16.5
Asphalt_0cm_S4,2026-04-02T17:03:49.790063,7,17,100,119,131,50,181,164,152,105,19,30,12,26,152,177,205,78,274,252,227,156,29,40,6,14,82,106,110,43,147,140,135,89,15,19,4,12,71,95,92,39,124,121,124,78,11,14,3,10,68,90,89,36,118,114,108,70,9,7,2,7,49,66,64,25,87,81,78,53,6,4,3,11,77,107,102,39,131,127,119,73,8,7,5,15,98,118,126,51,174,161,152,98,13,13,5.25,14.0,87.12,109.75,114.88,45.12,154.5,145.0,136.88,90.25,13.75,16.75
Asphalt_0cm_S4,2026-04-02T17:03:49.912000,7,17,100,119,131,50,181,164,152,105,19,30,12,26,152,177,205,78,274,252,227,156,29,40,6,14,82,106,110,43,147,140,135,89,15,19,4,12,71,95,92,39,124,121,124,78,11,14,3,10,68,90,89,36,118,114,108,70,9,7,2,7,49,66,64,25,87,81,78,53,6,4,3,11,77,107,102,39,131,127,119,73,8,7,5,15,98,118,126,51,174,161,152,98,13,13,5.25,14.0,87.12,109.75,114.88,45.12,154.5,145.0,136.88,90.25,13.75,16.75
Asphalt_0cm_S4,2026-04-02T17:03:50.017800,7,17,100,119,131,50,180,164,152,105,19,29,11,26,151,176,204,78,272,251,226,154,29,39,6,14,82,106,110,43,147,140,135,89,15,19,4,12,71,95,92,39,124,121,124,78,11,14,3,10,68,90,89,36,118,114,108,70,9,7,2,7,49,66,64,25,87,81,78,53,6,4,3,11,77,107,102,39,131,127,119,73,8,7,5,15,98,118,126,51,174,161,153,99,13,13,5.12,14.0,87.0,109.62,114.75,45.12,154.12,144.88,136.88,90.12,13.75,16.5
Asphalt_0cm_S4,2026-04-02T17:03:50.122068,7,17,100,119,131,50,180,164,152,105,19,29,11,26,151,176,204,78,272,251,226,154,29,39,6,14,82,106,110,43,147,140,135,89,15,19,4,12,71,95,92,39,124,121,124,78,11,14,3,10,68,90,89,36,118,114,108,70,9,7,2,7,49,66,64,25,87,81,78,53,6,4,3,11,77,107,102,39,131,127,119,73,8,7,5,15,98,118,126,51,174,161,153,99,13,13,5.12,14.0,87.0,109.62,114.75,45.12,154.12,144.88,136.88,90.12,13.75,16.5
Asphalt_0cm_S4,2026-04-02T17:03:50.236164,7,17,100,117,130,50,180,163,151,104,19,28,11,25,150,175,202,77,270,249,223,152,27,36,6,13,81,105,108,43,145,139,134,88,14,17,4,12,71,95,91,38,124,121,124,77,11,13,3,10,68,90,89,36,119,114,109,70,8,6,2,7,49,66,64,25,87,81,78,53,6,4,3,11,76,107,102,39,131,127,119,72,8,7,5,15,98,118,126,51,174,161,152,99,13,13,5.12,13.75,86.62,109.12,114.0,44.88,153.75,144.38,136.25,89.38,13.25,15.5
Asphalt_0cm_S4,2026-04-02T17:03:50.347340,7,17,100,117,130,50,180,163,151,104,19,28,11,25,150,175,202,77,270,249,223,152,27,36,6,13,81,105,108,43,145,139,134,88,14,17,4,12,71,95,91,38,124,121,124,77,11,13,3,10,68,90,89,36,119,114,109,70,9,6,2,7,49,66,64,25,87,80,78,53,6,4,3,11,76,108,102,39,131,127,119,72,8,7,5,15,98,118,126,51,174,161,153,99,14,13,5.12,13.75,86.62,109.25,114.0,44.88,153.75,144.25,136.38,89.38,13.5,15.5
Asphalt_0cm_S4,2026-04-02T17:03:50.454380,7,17,100,118,129,50,179,162,150,103,18,27,11,25,150,175,202,77,270,249,223,152,28,36,6,13,81,105,108,43,145,139,134,88,14,17,4,12,71,95,91,38,124,121,124,77,11,13,3,10,68,90,89,36,119,114,109,70,9,6,2,7,49,66,64,25,87,80,78,53,6,4,3,11,76,108,102,39,131,127,119,72,8,7,5,15,98,118,126,51,174,161,153,99,14,13,5.12,13.75,86.62,109.38,113.88,44.88,153.62,144.12,136.25,89.25,13.5,15.38
Asphalt_0cm_S4,2026-04-02T17:03:50.575942,7,17,100,118,129,50,179,163,150,104,19,28,11,26,151,176,204,78,272,250,225,154,29,38,6,14,81,105,109,43,146,140,135,88,15,18,4,12,72,95,91,38,124,121,124,78,11,14,3,10,68,90,89,36,118,114,108,70,9,6,2,7,49,66,64,25,87,81,78,53,6,4,3,11,76,107,102,39,131,126,119,73,8,7,5,15,98,118,126,51,174,161,153,99,14,13,5.12,14.0,86.88,109.38,114.25,45.0,153.88,144.5,136.5,89.88,13.88,16.0
Asphalt_0cm_S4,2026-04-02T17:03:50.677727,7,17,100,118,129,50,179,163,150,104,19,28,11,26,151,176,204,78,272,250,225,154,29,38,6,14,81,105,109,43,146,140,135,88,15,18,4,12,72,95,91,38,124,121,124,78,11,14,3,10,68,90,89,36,118,114,108,70,9,6,2,7,49,66,64,25,87,81,78,53,6,4,3,11,76,107,102,39,131,126,119,72,8,7,5,15,98,118,126,51,174,161,153,99,14,14,5.12,14.0,86.88,109.38,114.25,45.0,153.88,144.5,136.5,89.75,13.88,16.12
Asphalt_0cm_S4,2026-04-02T17:03:50.779804,7,17,100,119,131,50,181,164,152,106,19,29,13,27,153,179,207,79,276,255,229,159,31,42,6,14,82,106,110,44,148,141,136,90,16,20,5,12,72,96,93,39,126,122,126,79,12,15,3,10,68,90,89,36,119,114,109,70,9,7,2,7,49,66,64,25,87,80,78,53,6,4,3,11,76,107,102,39,131,126,119,72,8,7,5,15,98,118,126,51,174,161,153,99,14,14,5.5,14.12,87.25,110.12,115.25,45.38,155.25,145.38,137.75,91.0,14.38,17.25
Asphalt_0cm_S4,2026-04-02T17:03:50.886445,7,17,100,119,131,50,181,164,152,106,19,29,13,27,153,179,207,79,276,255,229,159,31,42,6,14,82,106,110,44,148,141,136,90,16,20,5,12,72,96,93,39,126,122,126,79,12,15,3,10,68,90,89,36,119,114,109,70,9,7,2,7,49,66,64,25,87,80,78,53,6,4,3,11,76,107,102,39,131,126,119,73,8,7,5,15,99,118,126,51,175,161,153,99,14,14,5.5,14.12,87.38,110.12,115.25,45.38,155.38,145.38,137.75,91.12,14.38,17.25
Asphalt_0cm_S4,2026-04-02T17:03:51.009761,8,17,101,119,131,51,181,165,152,106,20,30,13,28,154,179,208,79,277,256,230,160,31,44,6,14,82,107,111,44,148,142,136,91,16,21,5,12,72,96,92,39,126,122,126,79,12,15,3,10,68,90,89,36,119,114,109,70,9,7,2,7,49,67,64,25,87,81,78,54,6,4,3,11,76,107,102,39,131,126,119,72,8,7,5,15,98,118,126,51,175,161,153,99,14,14,5.62,14.25,87.5,110.38,115.38,45.5,155.5,145.88,137.88,91.38,14.5,17.75
Asphalt_0cm_S4,2026-04-02T17:03:51.123724,8,18,101,119,132,51,182,165,153,106,20,30,13,28,154,180,208,80,278,256,231,160,32,44,6,14,82,106,110,44,148,142,136,90,16,20,5,12,72,96,93,39,126,122,126,79,12,15,3,10,68,90,89,36,119,114,109,70,9,7,2,7,49,66,64,25,87,81,78,54,6,4,3,11,76,107,102,39,131,126,119,72,8,7,5,15,98,118,126,51,175,161,153,99,14,14,5.62,14.38,87.5,110.25,115.5,45.62,155.75,145.88,138.12,91.25,14.62,17.62
Asphalt_0cm_S4,2026-04-02T17:03:51.219863,7,18,102,119,132,51,182,165,153,107,20,31,13,28,154,179,209,80,278,256,231,160,32,45,6,14,82,107,110,44,148,142,136,90,16,20,5,12,72,96,93,39,126,122,126,79,12,15,3,10,68,90,89,36,119,114,109,70,9,7,2,7,49,66,64,25,87,81,78,54,6,4,3,11,76,107,102,39,131,126,119,72,8,7,5,15,99,119,126,51,175,162,153,100,14,14,5.5,14.38,87.75,110.38,115.62,45.62,155.75,146.0,138.12,91.5,14.62,17.88
Asphalt_0cm_S4,2026-04-02T17:03:51.335991,7,18,102,119,132,51,182,165,153,107,20,31,13,28,154,179,209,80,278,256,231,160,32,45,6,14,82,107,110,44,148,142,136,90,16,20,5,13,72,96,92,39,126,122,126,79,12,15,3,10,68,90,90,36,119,114,109,70,9,7,2,7,49,66,64,25,87,81,78,54,6,4,3,11,76,107,102,38,131,126,119,72,8,7,5,15,99,119,126,51,175,162,154,100,14,14,5.5,14.5,87.75,110.38,115.62,45.5,155.75,146.0,138.25,91.5,14.62,17.88
Asphalt_0cm_S4,2026-04-02T17:03:51.436328,8,18,101,120,132,51,182,165,154,107,20,31,13,28,154,180,208,80,278,257,231,160,32,45,6,14,82,106,111,44,148,142,136,91,16,20,5,13,72,96,92,39,126,122,126,79,12,15,3,10,68,90,90,36,119,114,109,70,9,7,2,7,49,66,64,25,87,81,78,54,6,4,3,11,76,107,102,38,131,126,119,72,8,7,5,15,99,119,126,51,175,162,154,100,14,14,5.62,14.5,87.62,110.5,115.62,45.5,155.75,146.12,138.38,91.62,14.62,17.88
Asphalt_0cm_S4,2026-04-02T17:03:51.538128,8,18,101,120,132,51,182,165,154,107,20,31,13,28,154,180,208,80,278,257,231,160,32,45,6,14,82,106,111,44,148,142,136,91,16,20,5,13,72,96,92,39,126,122,126,79,12,15,3,10,68,90,90,36,119,114,109,70,9,7,2,7,49,66,64,25,87,81,78,54,6,4,3,11,76,107,102,38,131,126,119,72,8,7,5,15,99,119,126,51,175,162,154,100,14,14,5.62,14.5,87.62,110.5,115.62,45.5,155.75,146.12,138.38,91.62,14.62,17.88
Asphalt_0cm_S4,2026-04-02T17:03:51.635852,8,18,101,120,132,51,182,166,153,107,20,31,13,28,154,180,209,80,278,257,231,161,32,45,6,14,83,107,111,44,149,142,137,91,16,21,5,12,72,96,93,39,126,123,126,79,12,16,3,10,68,90,89,36,119,114,109,70,9,7,2,7,49,66,64,25,87,81,78,53,6,4,3,10,76,107,102,39,131,126,119,73,8,7,5,15,99,119,126,51,175,162,153,100,14,14,5.62,14.25,87.75,110.62,115.75,45.62,155.88,146.38,138.25,91.75,14.62,18.12
Asphalt_0cm_S4,2026-04-02T17:03:51.746782,8,18,101,119,132,51,182,165,153,106,20,31,12,27,153,178,206,79,276,255,229,157,30,42,6,14,81,106,110,43,147,140,135,89,15,19,4,12,71,95,91,38,124,121,124,77,11,13,3,10,68,90,89,36,119,114,109,70,9,7,2,7,49,66,64,25,87,81,78,53,6,4,3,10,76,107,102,39,131,126,119,73,8,7,5,15,99,119,127,51,175,162,153,100,14,15,5.38,14.12,87.25,110.0,115.12,45.25,155.12,145.5,137.5,90.62,14.12,17.25
Asphalt_0cm_S4,2026-04-02T17:03:51.857249,8,18,101,119,132,51,182,165,153,106,20,31,12,27,153,178,206,79,276,255,229,157,30,42,6,14,81,106,110,43,147,140,135,89,15,19,4,12,71,95,91,38,124,121,124,77,11,13,3,10,68,90,89,36,118,114,109,70,9,6,2,7,49,66,64,25,87,80,78,53,6,4,3,11,76,108,102,39,131,126,119,72,8,7,5,15,99,118,126,51,175,161,153,100,14,14,5.38,14.25,87.25,110.0,115.0,45.25,155.0,145.25,137.5,90.5,14.12,17.0
Asphalt_0cm_S4,2026-04-02T17:03:51.952739,7,17,100,119,130,50,180,164,152,105,19,29,12,27,153,178,206,79,276,255,229,157,30,42,6,14,81,106,110,43,147,140,135,89,15,19,4,12,71,95,91,38,124,121,124,77,11,13,3,10,68,90,89,36,118,114,109,70,9,6,2,7,49,66,64,25,87,80,78,53,6,4,3,11,76,108,102,39,131,126,119,72,8,7,5,15,99,118,126,51,175,161,153,100,14,14,5.25,14.12,87.12,110.0,114.75,45.12,154.75,145.12,137.38,90.38,14.0,16.75
Asphalt_0cm_S4,2026-04-02T17:03:52.063261,7,17,100,119,130,50,180,164,152,105,19,29,12,26,152,176,204,78,273,252,226,155,29,39,6,14,81,105,109,43,146,140,134,88,15,18,4,12,71,95,92,39,124,121,124,78,11,14,3,10,68,90,89,36,119,114,109,70,9,7,2,7,49,66,64,25,87,81,78,53,6,4,3,10,76,107,102,39,131,126,119,72,8,7,5,15,99,118,127,51,175,161,153,100,14,14,5.25,13.88,87.0,109.5,114.62,45.12,154.38,144.88,136.88,90.12,13.88,16.5
Asphalt_0cm_S4,2026-04-02T17:03:52.176862,7,17,100,119,131,51,181,164,152,105,19,29,12,26,151,177,205,78,273,252,226,155,29,39,6,14,81,105,109,43,146,140,135,89,15,18,4,12,71,95,92,38,125,121,124,78,11,14,3,10,68,90,89,36,118,114,109,70,9,6,2,7,49,66,64,25,87,80,78,53,6,4,3,11,76,107,102,39,131,126,119,72,8,7,5,15,99,119,126,51,175,161,153,99,14,14,5.25,14.0,86.88,109.75,114.75,45.12,154.5,144.75,137.0,90.12,13.88,16.38
Asphalt_0cm_S4,2026-04-02T17:03:52.285844,7,17,100,118,131,50,181,164,152,105,19,29,11,26,151,176,204,78,272,251,226,154,29,39,6,14,81,105,109,43,146,140,134,88,15,18,4,12,71,95,92,38,124,121,124,78,11,14,3,10,68,90,89,36,119,114,109,70,9,7,2,7,49,66,64,25,87,80,78,54,6,4,3,11,76,107,102,39,131,126,119,72,8,7,5,15,99,119,126,51,175,161,153,99,14,14,5.12,14.0,86.88,109.5,114.62,45.0,154.38,144.62,136.88,90.0,13.88,16.5
Asphalt_0cm_S4,2026-04-02T17:03:52.407395,7,17,100,118,131,50,181,164,152,105,19,29,11,26,151,176,204,78,272,251,226,154,29,39,6,14,81,105,109,43,146,140,134,88,15,18,4,12,71,95,92,38,124,121,124,78,11,14,3,10,68,90,89,36,119,114,109,70,9,7,2,7,49,66,64,25,87,80,78,54,6,4,3,11,76,107,102,39,131,126,119,72,8,7,5,15,99,118,126,51,175,162,153,99,14,14,5.12,14.0,86.88,109.38,114.62,45.0,154.38,144.75,136.88,90.0,13.88,16.5
Asphalt_0cm_S4,2026-04-02T17:03:52.511425,7,17,101,119,131,50,181,164,152,105,19,30,11,26,151,176,204,78,272,251,225,155,29,39,5,13,81,105,109,43,146,139,134,88,15,18,4,12,71,95,91,38,124,120,123,77,11,13,3,10,68,90,89,36,119,114,109,70,9,7,2,7,49,66,64,25,87,80,78,54,6,4,3,11,76,107,102,39,131,126,119,72,8,7,5,15,99,118,126,51,175,162,153,99,14,14,5.0,13.88,87.0,109.5,114.5,45.0,154.38,144.5,136.62,90.0,13.88,16.5
Asphalt_0cm_S4,2026-04-02T17:03:52.619378,7,17,101,119,131,50,181,164,152,105,19,30,11,26,151,176,204,78,272,251,225,155,29,39,5,13,81,105,109,43,146,139,134,88,15,18,4,12,71,95,91,38,124,120,123,77,11,13,3,10,68,90,89,36,119,114,109,70,9,7,2,7,49,66,64,25,87,80,78,54,6,4,3,11,76,107,102,39,131,126,119,72,8,7,5,15,99,118,126,51,175,162,153,99,14,14,5.0,13.88,87.0,109.5,114.5,45.0,154.38,144.5,136.62,90.0,13.88,16.5
Asphalt_0cm_S4,2026-04-02T17:03:52.736087,7,17,101,119,131,50,181,164,152,105,19,30,11,26,151,176,204,78,272,251,226,155,29,39,5,13,81,105,109,43,146,140,134,88,14,18,4,12,71,95,91,38,124,120,123,77,11,13,3,10,68,90,89,36,118,114,108,70,8,6,3,7,49,66,64,25,87,80,78,53,6,4,3,11,76,107,102,39,131,126,119,72,8,7,5,15,98,118,126,51,174,161,153,99,14,14,5.12,13.88,86.88,109.5,114.5,45.0,154.12,144.5,136.62,89.88,13.62,16.38
Asphalt_0cm_S4,2026-04-02T17:03:52.852003,7,17,101,119,131,50,181,164,152,105,19,30,11,26,151,176,204,78,272,251,226,155,29,39,5,13,81,105,109,43,146,140,134,88,14,18,4,12,71,95,91,38,124,120,123,77,11,13,3,10,68,90,89,36,118,114,108,70,9,6,2,7,49,66,64,25,87,81,78,53,6,4,3,11,76,107,102,39,131,127,119,72,8,7,5,15,99,118,126,51,175,161,153,100,14,14,5.0,13.88,87.0,109.5,114.5,45.0,154.25,144.75,136.62,90.0,13.75,16.38
Asphalt_0cm_S4,2026-04-02T17:03:52.952152,7,17,101,119,131,50,181,164,152,105,19,30,11,26,151,176,204,78,272,251,226,155,29,39,5,13,81,105,109,43,146,140,134,88,14,18,4,12,71,95,91,38,124,120,123,77,11,13,3,10,68,90,89,36,118,114,108,70,9,6,2,7,49,66,64,25,87,81,78,53,6,4,3,11,76,107,102,39,131,127,119,72,8,7,5,15,99,118,126,51,175,161,153,100,14,14,5.0,13.88,87.0,109.5,114.5,45.0,154.25,144.75,136.62,90.0,13.75,16.38
Asphalt_0cm_S4,2026-04-02T17:03:53.069369,7,17,100,119,131,51,181,164,152,105,19,30,11,26,151,176,204,77,272,251,225,154,29,39,6,13,81,105,109,43,146,140,134,89,15,18,4,12,71,95,91,38,124,121,124,78,11,14,3,10,68,90,89,36,118,114,108,70,9,6,2,7,49,67,64,25,87,81,78,53,6,4,3,11,76,108,102,39,131,126,119,72,8,7,5,15,98,118,126,51,175,161,153,99,14,14,5.12,13.88,86.75,109.75,114.5,45.0,154.25,144.75,136.62,90.0,13.88,16.5
Asphalt_0cm_S4,2026-04-02T17:03:53.174571,7,17,100,119,131,51,181,164,152,105,19,30,12,26,152,177,205,78,273,252,226,155,29,39,6,14,82,106,109,43,147,140,135,89,15,19,4,12,72,95,92,38,125,121,124,78,11,14,3,10,68,90,89,36,118,114,108,70,9,6,2,7,49,66,64,25,87,81,78,53,6,4,3,11,76,107,102,39,131,127,119,72,8,7,5,15,99,118,126,51,174,161,153,99,14,14,5.25,14.0,87.25,109.75,114.75,45.12,154.5,145.0,136.88,90.12,13.88,16.62
Asphalt_0cm_S4,2026-04-02T17:03:53.296592,7,17,101,119,131,51,181,164,152,105,19,29,12,26,152,177,205,78,274,253,227,156,30,40,6,14,81,105,110,43,147,140,135,89,15,19,4,12,71,95,91,38,124,121,124,78,11,14,3,10,68,90,89,36,119,114,109,70,9,6,2,7,49,66,64,25,87,80,78,53,6,4,3,11,76,107,102,39,131,127,119,72,8,7,5,15,99,118,126,51,174,161,153,99,14,14,5.25,14.0,87.12,109.62,114.75,45.12,154.62,145.0,137.12,90.25,14.0,16.62
Asphalt_0cm_S4,2026-04-02T17:03:53.413877,7,17,101,119,131,51,181,164,152,105,19,29,12,26,152,177,205,78,274,253,227,156,30,40,6,14,81,105,110,43,147,140,135,89,15,19,4,12,71,95,91,38,124,121,124,78,11,14,3,10,68,90,89,36,119,114,109,70,9,6,2,7,49,66,64,25,87,80,78,53,6,4,3,11,76,108,102,39,131,126,119,72,8,7,5,15,99,118,126,51,174,161,153,99,14,14,5.25,14.0,87.12,109.75,114.75,45.12,154.62,144.88,137.12,90.25,14.0,16.62
Asphalt_0cm_S4,2026-04-02T17:03:53.525319,7,17,101,119,131,51,181,164,152,106,19,30,12,26,152,177,205,78,273,252,226,156,29,40,6,14,81,105,109,43,147,140,135,89,15,19,4,12,71,95,91,38,124,121,124,78,11,14,3,10,68,90,89,36,119,114,109,70,9,6,2,7,49,66,64,25,87,80,78,53,6,4,3,11,76,108,102,39,131,126,119,72,8,7,5,15,99,118,126,51,174,161,153,99,14,14,5.25,14.0,87.12,109.75,114.62,45.12,154.5,144.75,137.0,90.38,13.88,16.75
Asphalt_0cm_S4,2026-04-02T17:03:53.635915,7,17,100,119,131,50,181,165,152,106,19,30,12,26,153,177,206,79,274,253,228,157,30,41,6,14,81,105,109,43,147,140,135,89,15,19,4,12,71,95,91,38,124,120,124,78,11,14,3,10,68,90,89,36,118,114,108,70,9,7,2,7,49,66,64,25,87,81,78,53,6,4,3,11,76,107,102,39,131,126,119,72,8,7,5,15,99,118,126,51,174,161,153,99,14,14,5.25,14.0,87.12,109.62,114.75,45.12,154.5,145.0,137.12,90.5,14.0,17.0
Asphalt_0cm_S4,2026-04-02T17:03:53.736323,7,17,100,119,131,50,181,164,152,105,19,30,13,27,153,179,207,79,276,255,229,159,31,43,6,14,82,106,110,43,147,141,136,90,15,20,4,12,71,95,91,38,124,120,124,78,11,14,3,10,68,90,89,36,118,114,108,70,9,7,2,7,49,66,64,25,87,81,78,53,6,4,3,11,76,108,102,39,131,126,119,72,8,7,5,15,99,118,126,51,175,161,153,99,14,14,5.38,14.12,87.25,110.12,115.0,45.12,154.88,145.25,137.38,90.75,14.12,17.38
Asphalt_0cm_S4,2026-04-02T17:03:53.843093,7,17,100,119,131,50,181,164,152,105,19,30,13,27,153,179,207,79,276,255,229,159,31,43,6,14,82,106,110,43,147,141,136,90,15,20,4,12,71,95,92,39,125,121,124,78,11,14,3,10,68,90,89,36,118,114,108,70,9,7,2,7,49,66,64,25,87,81,78,53,6,4,3,11,76,107,102,39,131,126,119,72,8,7,5,15,99,118,126,51,174,161,153,99,14,14,5.38,14.12,87.25,110.0,115.12,45.25,154.88,145.38,137.38,90.75,14.12,17.38
Asphalt_0cm_S4,2026-04-02T17:03:53.939781,7,17,100,119,131,50,181,164,152,105,19,30,13,27,153,179,207,79,276,255,229,159,31,43,6,14,82,106,110,43,147,141,136,90,15,20,4,12,71,95,92,39,125,121,124,78,11,14,3,10,68,90,89,36,118,114,108,70,9,7,2,7,49,66,64,25,87,81,78,53,6,4,3,11,76,107,102,39,131,126,119,72,8,7,5,15,99,118,126,51,174,161,153,99,14,14,5.38,14.12,87.25,110.0,115.12,45.25,154.88,145.38,137.38,90.75,14.12,17.38
Asphalt_0cm_S4,2026-04-02T17:03:54.036325,7,17,100,119,131,50,181,164,152,105,19,30,13,27,153,179,207,79,276,255,229,159,31,43,6,14,82,106,110,43,147,141,136,90,15,20,4,12,71,95,92,39,125,121,124,78,11,14,3,10,68,90,89,36,118,114,108,70,9,7,2,7,49,66,64,25,87,81,78,53,6,4,3,11,76,107,102,39,131,126,119,72,8,7,5,15,99,118,126,51,174,161,153,99,14,14,5.38,14.12,87.25,110.0,115.12,45.25,154.88,145.38,137.38,90.75,14.12,17.38
Asphalt_0cm_S4,2026-04-02T17:03:54.136112,7,17,101,119,131,51,182,165,153,106,20,30,13,28,155,180,209,80,279,257,232,162,32,46,6,14,83,107,111,44,148,142,137,91,16,21,5,12,72,96,93,39,126,122,125,78,12,15,3,10,68,90,89,36,119,114,109,70,9,7,2,7,49,66,64,25,87,81,78,53,6,4,3,11,76,107,102,39,131,126,119,72,8,7,5,15,99,118,126,51,174,161,153,99,14,14,5.5,14.25,87.88,110.38,115.62,45.62,155.75,146.0,138.25,91.38,14.62,18.0
Asphalt_0cm_S4,2026-04-02T17:03:54.252366,7,18,101,119,131,50,181,165,153,106,19,31,13,28,155,180,209,80,279,257,232,162,32,46,6,15,83,107,111,44,148,142,137,91,16,21,5,12,72,96,93,39,126,122,126,79,12,15,3,10,68,90,89,36,119,114,109,70,9,7,2,7,49,66,64,25,87,81,78,53,6,4,3,11,76,107,102,39,131,126,119,72,8,7,5,15,99,118,126,51,175,161,153,99,14,14,5.5,14.5,87.88,110.38,115.62,45.5,155.75,146.0,138.38,91.5,14.5,18.12
Asphalt_0cm_S4,2026-04-02T17:03:54.359512,7,18,101,119,131,50,181,165,153,106,19,31,13,28,155,180,209,80,279,257,232,162,32,46,6,15,83,107,111,44,148,142,137,91,16,21,5,12,72,96,93,39,126,122,126,79,12,15,3,10,68,90,89,36,119,114,109,70,9,7,2,7,49,66,64,25,87,81,78,54,6,4,3,11,76,107,102,39,131,126,119,72,8,7,5,15,99,118,126,51,175,161,153,99,14,14,5.5,14.5,87.88,110.38,115.62,45.5,155.75,146.0,138.38,91.62,14.5,18.12
Asphalt_0cm_S4,2026-04-02T17:03:54.480143,8,17,101,119,131,51,182,165,153,106,20,31,13,28,155,180,209,80,279,257,232,162,32,46,6,15,83,107,111,44,148,142,137,91,16,21,5,12,72,96,93,39,126,122,126,79,12,15,3,10,68,90,89,36,119,114,109,70,9,7,2,7,49,66,64,25,87,81,78,54,6,4,3,11,76,107,102,39,131,126,119,72,8,7,5,15,99,118,126,51,175,161,153,99,14,14,5.62,14.38,87.88,110.38,115.62,45.62,155.88,146.0,138.38,91.62,14.62,18.12
Asphalt_0cm_S4,2026-04-02T17:03:54.601373,7,17,101,118,131,50,181,164,152,105,19,30,12,27,154,179,207,79,276,255,229,158,30,42,6,14,82,106,110,43,147,141,135,90,15,20,4,12,72,95,92,39,125,121,124,78,11,14,3,10,68,90,89,36,119,114,108,70,9,7,2,7,49,66,64,25,87,80,78,54,6,4,3,11,76,107,102,39,131,127,119,72,8,7,5,15,99,118,126,51,174,161,153,99,14,14,5.25,14.12,87.62,109.88,115.12,45.25,155.0,145.38,137.25,90.75,14.0,17.25
Asphalt_0cm_S4,2026-04-02T17:03:54.716975,7,17,100,119,131,50,181,164,152,105,19,29,12,27,153,177,206,78,274,253,227,156,30,41,6,14,82,106,110,43,147,141,135,90,15,20,4,12,72,95,92,39,125,121,124,78,11,14,3,10,68,90,89,36,118,114,108,70,9,7,2,7,49,66,64,25,87,81,78,54,6,4,3,11,76,107,102,39,131,127,119,72,8,7,5,15,98,118,126,51,174,161,153,99,14,14,5.25,14.12,87.25,109.75,115.0,45.12,154.62,145.25,137.0,90.5,14.0,17.0
Asphalt_0cm_S4,2026-04-02T17:03:54.837078,7,17,100,119,131,50,181,164,152,105,19,29,12,27,153,177,206,78,274,253,227,156,30,41,6,14,81,106,110,43,147,140,135,89,15,19,4,12,72,95,92,38,125,121,124,78,11,14,3,10,68,90,89,36,118,114,109,70,9,7,2,7,49,66,64,25,87,80,78,53,6,4,3,11,76,107,102,39,131,126,119,72,8,7,5,15,98,118,126,51,175,161,153,99,14,14,5.25,14.12,87.12,109.75,115.0,45.0,154.75,144.88,137.12,90.25,14.0,16.88
Asphalt_0cm_S4,2026-04-02T17:03:54.956162,7,17,100,118,130,50,180,163,151,104,19,29,12,26,152,177,205,78,274,252,227,155,29,39,6,14,81,106,110,43,147,140,135,89,15,19,4,12,72,95,92,38,125,121,124,78,11,14,3,10,68,90,89,36,118,114,109,70,9,7,2,7,49,66,64,25,87,80,78,53,6,4,3,11,76,107,102,39,131,126,119,72,8,7,5,15,98,118,126,51,175,161,153,99,14,14,5.25,14.0,87.0,109.62,114.75,45.0,154.62,144.62,137.0,90.0,13.88,16.62
Asphalt_0cm_S4,2026-04-02T17:03:55.069220,7,17,100,118,130,50,180,163,151,104,19,29,12,26,152,177,205,78,274,252,227,155,29,39,6,14,81,106,110,43,147,140,135,89,15,19,4,12,72,95,92,38,125,121,124,78,11,14,3,10,68,90,89,36,118,114,109,70,9,7,2,7,49,66,64,25,87,80,78,53,6,4,3,11,76,107,102,39,131,126,119,72,8,7,5,15,98,118,126,51,175,161,153,99,14,14,5.25,14.0,87.0,109.62,114.75,45.0,154.62,144.62,137.0,90.0,13.88,16.62
Asphalt_0cm_S4,2026-04-02T17:03:55.172275,7,17,100,118,130,50,180,163,151,104,19,29,11,25,151,176,204,78,272,251,225,154,28,38,6,14,81,105,109,43,146,140,134,88,15,18,5,12,72,95,92,39,125,121,124,78,11,14,3,10,68,90,89,36,118,114,108,70,9,6,2,7,49,66,64,25,87,81,78,53,6,4,3,11,76,107,102,39,131,127,119,72,8,7,5,15,99,118,126,51,174,161,153,99,14,14,5.25,13.88,87.0,109.38,114.5,45.12,154.12,144.75,136.5,89.75,13.75,16.25
Asphalt_0cm_S4,2026-04-02T17:03:55.288320,7,17,100,118,131,50,180,164,151,104,19,29,11,25,151,176,203,77,271,250,224,153,28,37,6,13,81,105,109,43,146,139,134,88,14,18,4,12,71,95,91,38,124,121,124,77,11,13,3,10,68,90,89,36,119,114,109,70,9,6,2,7,49,66,64,25,87,81,78,53,6,4,3,11,76,107,102,39,131,127,119,72,8,7,5,15,99,118,126,51,174,161,153,99,14,14,5.12,13.75,86.88,109.38,114.38,44.88,154.0,144.62,136.5,89.5,13.62,16.0
Asphalt_0cm_S4,2026-04-02T17:03:55.410417,7,17,100,118,130,50,180,164,151,105,19,29,11,25,151,176,203,77,271,250,224,153,28,37,6,13,81,105,109,43,146,139,134,88,14,18,4,12,71,95,91,38,124,121,124,77,11,13,3,10,68,90,89,36,119,114,109,70,9,6,2,7,49,66,64,25,87,81,78,53,6,4,3,11,76,107,102,39,131,127,119,72,8,7,5,15,99,118,126,51,174,161,153,99,14,14,5.12,13.75,86.88,109.38,114.25,44.88,154.0,144.62,136.5,89.62,13.62,16.0
Asphalt_0cm_S4,2026-04-02T17:03:55.511794,7,17,100,118,130,50,180,164,151,105,19,29,11,25,151,176,203,77,272,251,225,154,29,38,6,13,81,105,109,43,146,140,134,88,15,18,4,12,71,95,91,38,124,120,124,77,11,13,3,10,68,90,89,36,118,114,109,70,9,7,2,7,49,66,64,25,87,81,78,54,6,4,3,11,76,107,102,39,131,126,119,72,8,7,5,15,99,118,126,51,174,161,153,99,14,13,5.12,13.75,86.88,109.38,114.25,44.88,154.0,144.62,136.62,89.88,13.88,16.12
Asphalt_0cm_S4,2026-04-02T17:03:55.638467,7,17,101,118,131,50,181,164,151,105,19,29,12,26,152,176,204,78,273,252,226,155,29,39,6,14,81,105,109,43,146,140,135,89,15,19,4,12,71,95,91,38,124,121,124,77,11,13,3,10,68,90,89,36,118,114,108,70,9,6,2,7,49,66,64,25,87,81,78,53,6,4,3,11,76,107,102,39,131,126,119,73,8,7,5,15,99,118,126,51,174,161,153,99,14,13,5.25,14.0,87.12,109.38,114.5,45.0,154.25,144.88,136.75,90.12,13.88,16.25
Asphalt_0cm_S4,2026-04-02T17:03:55.750634,7,17,100,119,131,50,180,164,151,105,19,29,12,26,152,177,205,78,273,252,226,155,29,40,6,14,81,105,109,43,147,140,135,88,15,19,4,12,71,95,91,38,124,120,124,77,11,13,3,10,68,90,89,36,118,114,108,70,9,6,2,7,49,66,64,25,87,81,78,53,6,4,3,11,76,107,102,39,131,126,119,73,8,7,5,15,98,118,126,51,174,161,152,99,14,13,5.25,14.0,86.88,109.62,114.62,45.0,154.25,144.75,136.62,90.0,13.88,16.38
Asphalt_0cm_S4,2026-04-02T17:03:55.865097,7,17,101,119,131,50,181,164,152,105,19,29,12,26,152,177,205,78,273,252,226,155,29,40,6,14,81,105,109,43,147,140,135,88,15,19,4,12,71,95,91,38,124,120,124,77,11,13,3,10,68,90,89,36,118,114,108,70,8,6,2,7,49,66,64,25,87,80,78,53,6,4,3,11,76,107,102,39,131,126,119,72,8,7,5,15,98,118,126,51,174,161,153,99,13,13,5.25,14.0,87.0,109.62,114.62,45.0,154.38,144.62,136.88,89.88,13.62,16.38
Asphalt_0cm_S4,2026-04-02T17:03:55.989508,7,17,101,119,131,50,181,164,152,105,19,29,12,26,152,176,205,78,273,252,226,155,29,40,6,14,81,105,110,43,147,140,135,89,15,19,4,12,71,95,91,38,124,120,124,77,11,13,3,10,68,90,89,36,118,114,108,70,8,6,2,7,49,66,64,25,87,80,78,53,6,4,3,11,76,107,102,39,131,126,119,72,8,7,5,15,98,118,126,51,174,161,153,99,13,13,5.25,14.0,87.0,109.5,114.75,45.0,154.38,144.62,136.88,90.0,13.62,16.38
Asphalt_0cm_S4,2026-04-02T17:03:56.085988,7,17,101,119,131,50,181,164,152,105,19,29,12,26,152,176,205,78,273,252,226,155,29,40,6,14,81,105,110,43,147,140,135,89,15,19,4,12,71,95,91,38,124,120,124,77,11,13,3,10,68,90,89,36,118,114,108,70,8,6,2,7,49,66,64,25,87,80,78,53,6,4,3,11,76,107,102,39,131,126,119,72,8,7,5,15,98,118,126,51,174,161,153,99,13,13,5.25,14.0,87.0,109.5,114.75,45.0,154.38,144.62,136.88,90.0,13.62,16.38
Asphalt_0cm_S4,2026-04-02T17:03:56.197217,7,17,100,118,131,50,181,164,152,105,19,29,12,26,152,176,204,78,273,252,226,155,29,39,6,14,82,105,109,43,147,140,135,89,15,19,4,12,71,95,91,38,124,121,124,77,11,14,3,10,68,90,89,36,119,114,109,70,9,7,2,7,49,66,63,25,87,81,78,53,6,4,3,11,76,107,102,39,131,127,119,72,8,7,5,15,98,118,126,51,174,161,153,99,14,14,5.25,14.0,87.0,109.38,114.38,45.0,154.5,145.0,137.0,90.0,13.88,16.62
Asphalt_0cm_S4,2026-04-02T17:03:56.310157,7,17,100,118,131,50,181,164,152,105,19,29,12,26,151,177,204,78,273,252,226,155,29,39,6,14,81,106,109,43,146,140,135,89,15,19,4,12,71,95,91,38,124,121,124,77,11,14,3,10,68,90,89,36,119,114,109,70,9,7,2,7,49,66,63,25,87,81,78,53,6,4,3,11,76,107,102,39,131,127,119,72,8,7,5,15,98,118,126,51,174,161,153,99,14,14,5.25,14.0,86.75,109.62,114.38,45.0,154.38,145.0,137.0,90.0,13.88,16.62
Asphalt_0cm_S4,2026-04-02T17:03:56.413457,7,17,100,118,131,50,181,164,152,105,19,29,12,26,151,177,204,78,273,252,226,155,29,39,6,14,81,106,109,43,146,140,135,89,15,19,4,12,71,95,91,38,124,121,124,77,11,14,3,10,68,90,89,36,119,114,108,70,9,6,2,7,49,66,64,25,87,81,78,53,6,4,3,11,76,107,102,39,131,126,119,72,8,7,5,15,98,118,126,51,174,161,153,99,14,14,5.25,14.0,86.75,109.62,114.5,45.0,154.38,144.88,136.88,90.0,13.88,16.5
Asphalt_0cm_S4,2026-04-02T17:03:56.525618,7,17,100,118,131,50,181,164,152,105,19,29,12,26,151,177,204,78,273,252,226,155,29,39,6,14,81,106,109,43,146,140,135,89,15,19,4,12,71,95,91,38,124,121,124,77,11,14,3,10,68,90,89,36,119,114,108,70,9,6,2,7,49,66,64,25,87,81,78,53,6,4,3,11,76,107,102,39,131,126,119,72,8,7,5,15,98,118,126,51,174,161,153,99,14,14,5.25,14.0,86.75,109.62,114.5,45.0,154.38,144.88,136.88,90.0,13.88,16.5
Asphalt_0cm_S4,2026-04-02T17:03:56.647216,7,17,100,118,130,50,180,163,151,105,19,28,11,26,151,176,204,78,272,251,225,154,29,38,6,14,82,106,109,43,147,140,135,89,15,19,4,12,71,95,91,38,125,121,124,78,11,14,3,10,68,90,89,36,119,114,108,70,9,7,2,7,49,66,64,25,87,81,78,54,6,4,3,11,76,107,102,39,131,126,119,72,8,7,5,15,98,118,126,51,174,161,153,99,14,13,5.12,14.0,86.88,109.5,114.38,45.0,154.38,144.62,136.62,90.12,13.88,16.25
Asphalt_0cm_S4,2026-04-02T17:03:56.765371,7,17,100,118,130,50,180,163,151,104,19,28,11,26,151,176,204,77,272,251,225,154,29,38,6,13,81,105,109,43,146,140,134,88,15,18,4,12,71,95,91,38,124,121,124,77,11,13,3,10,68,90,89,36,119,114,108,70,9,7,2,7,49,66,64,25,87,81,78,53,6,4,3,11,76,107,102,39,131,126,119,72,8,7,5,15,98,118,126,51,174,161,153,99,13,13,5.12,13.88,86.75,109.38,114.38,44.88,154.12,144.62,136.5,89.62,13.75,16.0
Asphalt_0cm_S4,2026-04-02T17:03:56.881552,7,17,100,118,130,50,180,163,151,104,19,28,11,26,151,176,204,77,272,251,225,154,29,38,6,13,81,105,109,43,146,140,134,88,15,18,4,12,71,95,91,38,124,121,124,77,11,13,3,10,68,90,89,36,119,114,108,70,9,7,2,7,49,67,64,25,87,81,78,53,6,4,3,11,76,107,102,39,131,126,119,72,8,7,5,15,98,118,126,51,174,161,152,99,14,13,5.12,13.88,86.75,109.5,114.38,44.88,154.12,144.62,136.38,89.62,13.88,16.0
Asphalt_0cm_S4,2026-04-02T17:03:56.985986,7,17,100,118,130,50,180,163,150,104,19,28,11,26,151,176,204,77,272,251,225,154,29,38,6,13,81,105,109,43,146,140,134,88,15,18,4,12,71,95,91,38,124,121,124,77,11,13,3,10,68,90,89,36,118,114,109,70,9,6,2,7,49,67,64,25,87,81,78,53,6,4,3,11,76,107,102,39,131,126,119,72,8,7,5,15,98,118,126,51,174,161,152,99,14,13,5.12,13.88,86.75,109.5,114.38,44.88,154.0,144.62,136.38,89.62,13.88,15.88
Asphalt_0cm_S4,2026-04-02T17:03:57.100295,7,17,100,118,130,50,180,163,150,104,19,28,11,26,151,176,204,77,272,251,225,154,29,38,6,13,81,105,109,43,146,140,134,88,15,18,4,12,71,95,91,38,124,121,124,77,11,13,3,10,68,90,89,36,118,114,109,70,9,6,2,7,49,67,64,25,87,81,78,53,6,4,3,11,76,107,102,39,131,126,119,72,8,7,5,15,98,118,126,51,174,161,152,99,14,13,5.12,13.88,86.75,109.5,114.38,44.88,154.0,144.62,136.38,89.62,13.88,15.88
Asphalt_0cm_S4,2026-04-02T17:03:57.202080,7,17,100,118,130,50,180,163,151,104,19,28,12,26,152,177,205,78,274,253,227,156,30,41,6,14,81,105,109,43,147,141,135,89,15,19,4,12,71,95,92,38,124,121,124,78,11,14,3,10,68,90,89,36,119,114,109,70,9,7,2,7,49,66,64,25,87,81,78,54,6,4,3,11,76,107,102,39,131,126,119,72,8,7,5,15,98,118,126,51,174,161,152,99,13,13,5.25,14.0,86.88,109.5,114.62,45.0,154.5,145.0,136.88,90.25,13.88,16.62
Asphalt_0cm_S4,2026-04-02T17:03:57.310353,7,17,100,118,130,50,180,163,151,105,19,29,12,27,153,178,206,79,276,254,229,158,31,43,6,14,82,106,110,43,148,141,136,90,15,20,5,12,72,96,92,39,126,122,125,79,12,15,3,10,68,90,89,36,119,114,109,70,9,7,2,7,49,66,64,25,87,81,78,54,6,4,3,11,76,107,102,39,131,126,119,72,8,7,5,15,98,118,126,51,174,161,152,99,13,13,5.38,14.12,87.25,109.88,114.88,45.25,155.12,145.25,137.38,90.88,14.12,17.25
Asphalt_0cm_S4,2026-04-02T17:03:57.412319,7,17,100,118,130,50,180,163,151,105,19,29,12,27,153,178,206,79,276,254,229,158,31,43,6,14,82,106,110,43,148,141,136,90,15,20,5,12,72,96,92,39,126,122,125,79,12,15,3,10,68,90,89,36,119,114,109,70,9,7,2,7,49,66,64,25,87,81,78,53,6,4,3,11,76,107,102,39,131,126,119,72,8,7,5,15,98,118,126,51,174,161,152,99,14,13,5.38,14.12,87.25,109.88,114.88,45.25,155.12,145.25,137.38,90.75,14.25,17.25
Asphalt_0cm_S4,2026-04-02T17:03:57.512001,7,17,100,118,130,50,180,163,151,105,19,29,12,27,153,178,206,79,276,254,229,158,31,43,6,14,82,106,110,43,148,141,136,90,15,20,5,12,72,96,92,39,126,122,125,79,12,15,3,10,68,90,89,36,119,114,109,70,9,7,2,7,49,66,64,25,87,81,78,53,6,4,3,11,76,107,102,39,131,126,119,72,8,7,5,15,98,118,126,51,174,161,152,99,14,13,5.38,14.12,87.25,109.88,114.88,45.25,155.12,145.25,137.38,90.75,14.25,17.25
Asphalt_0cm_S4,2026-04-02T17:03:57.612224,7,17,100,118,130,50,180,163,151,105,19,29,12,27,153,178,206,79,275,254,228,157,30,42,6,14,82,106,110,43,147,141,135,90,15,20,5,12,72,96,92,39,125,122,125,79,12,15,3,10,68,90,89,36,119,114,108,70,9,7,2,7,49,66,64,25,87,81,78,53,6,4,3,11,76,107,102,39,131,127,119,73,8,7,5,15,98,118,126,51,174,161,153,99,13,13,5.38,14.12,87.25,109.88,114.88,45.25,154.75,145.38,137.12,90.75,14.0,17.12
Asphalt_0cm_S4,2026-04-02T17:03:57.713389,7,17,100,118,129,50,180,164,151,105,19,29,12,27,153,178,206,79,275,254,228,158,30,42,6,14,82,106,110,43,147,141,135,90,15,20,5,12,72,96,92,39,125,122,125,79,12,15,3,10,68,90,89,36,119,114,109,70,9,7,2,7,49,66,64,25,87,81,78,53,6,4,3,11,76,108,102,39,131,126,119,72,8,7,5,15,98,118,126,51,174,161,153,99,14,13,5.38,14.12,87.25,110.0,114.75,45.25,154.75,145.38,137.25,90.75,14.12,17.12
Asphalt_0cm_S4,2026-04-02T17:03:57.822386,7,17,100,118,129,50,180,164,151,105,19,29,12,27,153,178,207,79,275,254,228,158,30,42,6,14,82,106,110,43,147,141,136,90,15,20,5,12,72,96,92,39,125,122,125,79,12,15,3,10,68,90,89,36,119,114,109,70,9,7,2,7,49,66,64,25,87,81,78,53,6,4,3,11,76,108,102,39,131,126,119,72,8,7,5,15,98,118,126,51,174,161,153,99,14,13,5.38,14.12,87.25,110.0,114.88,45.25,154.75,145.38,137.38,90.75,14.12,17.12
Asphalt_0cm_S4,2026-04-02T17:03:57.923844,7,17,100,118,129,50,180,164,151,105,19,29,12,27,153,178,207,79,275,254,228,158,30,42,6,14,82,106,110,43,147,141,136,90,15,20,5,12,72,96,92,39,125,122,125,79,12,15,3,10,68,90,89,36,119,114,109,70,9,7,2,7,49,66,64,25,87,81,78,53,6,4,3,11,76,108,102,39,131,126,119,72,8,7,5,15,98,118,126,51,174,161,153,99,14,13,5.38,14.12,87.25,110.0,114.88,45.25,154.75,145.38,137.38,90.75,14.12,17.12
Asphalt_0cm_S4,2026-04-02T17:03:58.021054,7,17,100,118,130,50,180,163,151,104,19,29,12,26,152,177,205,78,273,252,226,155,29,40,6,14,81,105,109,43,146,140,134,88,15,18,4,12,71,95,91,38,124,120,124,77,11,13,3,10,68,90,89,36,118,114,108,70,9,6,2,7,49,66,64,25,87,81,78,53,6,4,3,11,76,107,102,39,131,126,119,72,8,7,5,15,98,118,126,51,174,161,152,99,14,13,5.25,14.0,86.88,109.5,114.5,45.0,154.12,144.62,136.5,89.75,13.88,16.25
Asphalt_0cm_S4,2026-04-02T17:03:58.127608,7,17,100,118,130,50,180,163,151,104,19,29,12,26,152,177,205,78,273,252,226,155,29,40,6,14,81,105,109,43,146,140,134,88,15,18,4,12,71,95,91,38,124,120,124,77,11,13,3,10,68,90,89,36,118,114,108,70,9,6,2,7,49,66,64,25,87,81,78,53,6,4,3,11,76,107,102,39,131,126,119,72,8,7,5,15,98,118,126,51,174,161,152,99,14,13,5.25,14.0,86.88,109.5,114.5,45.0,154.12,144.62,136.5,89.75,13.88,16.25
Asphalt_0cm_S4,2026-04-02T17:03:58.230878,7,17,100,118,130,50,180,163,150,104,19,28,11,25,151,176,204,77,272,251,225,154,29,38,6,13,81,105,108,43,146,139,134,88,14,18,4,12,71,95,91,38,124,121,124,77,11,13,3,10,68,90,89,36,118,114,108,70,9,6,2,7,49,66,64,25,87,80,78,53,6,4,3,11,76,107,102,39,131,126,119,72,8,7,5,15,98,118,126,51,174,161,152,99,14,13,5.12,13.75,86.75,109.38,114.25,44.88,154.0,144.38,136.25,89.62,13.75,15.88
Asphalt_0cm_S4,2026-04-02T17:03:58.336077,7,17,100,118,130,50,180,163,150,104,19,28,11,25,151,176,204,77,272,251,225,154,29,38,6,13,81,105,108,43,146,139,134,88,14,18,4,12,71,95,91,38,124,121,124,77,11,13,3,10,68,90,89,36,118,114,108,70,9,6,2,7,49,66,64,25,87,80,78,53,6,4,3,11,76,107,102,39,131,126,119,72,8,7,5,15,98,118,126,51,174,161,152,99,14,13,5.12,13.75,86.75,109.38,114.25,44.88,154.0,144.38,136.25,89.62,13.75,15.88
Asphalt_0cm_S4,2026-04-02T17:03:58.436131,7,17,100,118,130,50,180,163,151,104,19,28,11,26,151,176,204,77,271,250,225,154,29,38,5,13,81,105,109,43,146,139,134,88,14,18,4,12,71,95,91,38,124,120,124,77,11,13,3,10,68,90,89,36,118,114,108,70,8,6,2,7,49,66,64,25,87,81,78,54,6,4,3,11,76,107,102,39,131,126,119,72,8,7,5,15,98,118,126,51,174,161,153,99,13,13,5.0,13.88,86.75,109.38,114.38,44.88,153.88,144.25,136.5,89.75,13.5,15.88
Asphalt_0cm_S4,2026-04-02T17:03:58.536348,7,17,100,118,130,50,180,163,151,104,19,28,11,26,151,176,204,77,271,250,225,154,29,38,5,13,81,105,109,43,146,139,134,88,14,18,4,12,71,95,91,38,124,120,124,77,11,13,3,10,68,90,89,36,118,114,108,70,8,6,2,7,49,66,64,25,87,81,78,54,6,4,3,11,76,107,102,39,131,126,119,72,8,7,5,15,98,118,126,51,174,161,153,99,13,13,5.0,13.88,86.75,109.38,114.38,44.88,153.88,144.25,136.5,89.75,13.5,15.88
Asphalt_0cm_S4,2026-04-02T17:03:58.647478,7,17,100,118,130,50,180,164,151,105,19,29,11,26,151,176,204,78,272,251,225,154,29,38,5,13,81,105,109,43,146,139,134,88,14,18,4,12,71,95,91,38,124,120,124,77,11,13,3,10,68,90,89,36,118,114,108,70,8,6,2,7,49,66,64,25,87,81,78,54,6,4,3,11,76,107,102,39,131,126,119,72,8,7,5,15,98,118,126,51,174,161,153,99,13,13,5.0,13.88,86.75,109.38,114.38,45.0,154.0,144.5,136.5,89.88,13.5,16.0
Asphalt_0cm_S4,2026-04-02T17:03:58.748512,7,17,100,118,130,50,180,164,151,105,19,29,11,26,151,176,204,78,272,251,225,154,29,38,5,13,81,105,109,43,146,139,134,88,14,18,4,12,71,95,91,38,124,120,124,77,11,13,3,10,68,90,89,36,118,114,108,70,8,6,2,7,49,66,64,25,87,81,78,54,6,4,3,11,76,107,102,39,131,126,119,72,8,7,5,15,98,118,126,51,174,161,153,99,13,13,5.0,13.88,86.75,109.38,114.38,45.0,154.0,144.5,136.5,89.88,13.5,16.0
Asphalt_0cm_S4,2026-04-02T17:03:58.843367,7,17,100,118,130,50,180,164,151,105,19,29,11,26,151,176,204,78,272,251,225,154,29,38,6,14,81,105,109,43,146,140,134,89,15,18,4,12,71,95,91,38,124,120,124,77,11,13,3,10,68,90,89,36,118,114,108,70,8,6,2,7,49,66,64,25,87,81,78,54,6,4,3,11,76,107,102,39,131,126,119,72,8,7,5,15,98,118,126,51,174,161,153,99,13,13,5.12,14.0,86.75,109.38,114.38,45.0,154.0,144.62,136.5,90.0,13.62,16.0
Asphalt_0cm_S4,2026-04-02T17:03:58.938087,7,17,100,118,130,50,180,164,151,105,19,29,11,26,151,176,204,78,272,251,225,154,29,38,6,14,81,105,109,43,146,140,134,89,15,18,4,12,71,95,91,38,124,120,124,77,11,13,3,10,68,90,89,36,118,114,108,70,8,6,2,7,49,66,64,25,87,81,78,54,6,4,3,11,76,107,102,39,131,126,119,72,8,7,5,15,98,118,126,51,174,161,153,99,13,13,5.12,14.0,86.75,109.38,114.38,45.0,154.0,144.62,136.5,90.0,13.62,16.0
Asphalt_0cm_S4,2026-04-02T17:03:59.036884,7,17,101,119,130,50,180,164,151,105,19,29,12,26,152,177,205,78,274,253,227,156,30,40,6,14,81,106,110,43,147,140,135,89,15,19,4,12,71,95,91,38,124,121,124,77,11,14,3,10,68,90,89,36,118,114,108,70,8,6,2,7,49,66,64,25,87,81,78,53,6,4,3,11,76,107,102,39,131,126,119,73,8,7,5,15,98,118,126,51,174,161,153,99,14,13,5.25,14.0,87.0,109.75,114.62,45.0,154.38,145.0,136.88,90.25,13.88,16.5
Asphalt_0cm_S4,2026-04-02T17:03:59.136235,7,17,101,119,130,50,180,164,151,105,19,29,12,26,152,177,205,78,274,253,227,156,30,40,6,14,81,106,110,43,147,140,135,89,15,19,4,12,71,95,91,38,124,121,124,77,11,14,3,10,68,90,89,36,118,114,108,70,8,6,2,7,49,66,64,25,87,81,78,53,6,4,3,11,76,107,102,39,131,126,119,73,8,7,5,15,98,118,126,51,174,161,153,99,14,13,5.25,14.0,87.0,109.75,114.62,45.0,154.38,145.0,136.88,90.25,13.88,16.5
Asphalt_0cm_S4,2026-04-02T17:03:59.240265,7,17,101,119,131,51,181,164,152,105,19,29,12,27,153,178,206,79,275,254,228,157,30,42,6,14,82,106,110,43,147,141,135,90,15,20,4,12,71,95,92,38,125,121,125,78,11,14,3,10,68,90,89,36,119,114,108,70,9,6,2,7,49,66,64,25,87,81,78,53,6,4,3,11,76,107,102,39,131,126,119,73,8,7,5,15,98,118,126,51,175,161,153,99,14,14,5.25,14.12,87.25,109.88,115.0,45.25,155.0,145.25,137.25,90.62,14.0,17.0
Asphalt_0cm_S4,2026-04-02T17:03:59.346843,7,17,101,119,131,51,181,164,152,105,19,29,12,27,153,178,206,79,275,254,228,157,30,42,6,14,82,106,110,43,147,141,135,90,15,20,4,12,71,95,92,38,125,121,125,78,11,14,3,10,68,90,89,36,119,114,108,70,9,6,2,7,49,66,64,25,87,81,78,53,6,4,3,11,76,107,102,39,131,126,119,73,8,7,5,15,98,118,126,51,175,161,153,99,14,14,5.25,14.12,87.25,109.88,115.0,45.25,155.0,145.25,137.25,90.62,14.0,17.0
Asphalt_0cm_S4,2026-04-02T17:03:59.444279,7,17,100,118,131,50,181,163,151,105,19,29,12,27,153,177,206,78,275,253,228,156,30,41,6,14,82,106,110,43,147,141,136,90,15,20,4,12,71,95,92,38,125,121,125,78,11,14,3,10,68,90,89,36,119,114,108,70,9,6,2,7,49,66,64,25,87,81,78,53,6,4,3,11,76,107,102,39,131,126,119,73,8,7,5,15,98,118,126,51,175,161,153,99,14,14,5.25,14.12,87.12,109.62,115.0,45.0,155.0,145.0,137.25,90.5,14.0,16.88
Asphalt_0cm_S4,2026-04-02T17:03:59.542099,7,17,100,118,131,50,181,163,151,105,19,29,12,27,153,177,206,78,275,253,228,156,30,41,6,14,82,106,110,43,147,141,136,90,15,20,4,12,71,95,92,38,125,121,125,78,11,14,3,10,68,90,89,36,119,114,108,70,9,6,2,7,49,66,64,25,87,81,78,53,6,4,3,11,76,107,102,39,131,126,119,73,8,7,5,15,98,118,126,51,175,161,153,99,14,14,5.25,14.12,87.12,109.62,115.0,45.0,155.0,145.0,137.25,90.5,14.0,16.88
Asphalt_0cm_S4,2026-04-02T17:03:59.646758,7,17,100,117,130,50,178,163,150,104,18,27,11,26,152,176,205,78,273,251,226,155,29,39,6,14,82,106,109,43,147,140,135,89,15,19,4,12,71,95,91,38,124,121,124,78,11,14,3,10,68,90,89,36,118,114,108,70,8,6,2,7,49,66,64,25,87,81,78,53,6,4,3,11,76,107,102,39,131,126,119,72,8,7,5,15,99,118,126,51,174,161,153,99,14,13,5.12,14.0,87.12,109.38,114.5,45.0,154.0,144.62,136.62,90.0,13.62,16.12
Asphalt_0cm_S4,2026-04-02T17:03:59.748685,7,17,100,117,130,50,178,163,150,104,18,27,11,26,152,176,205,78,273,251,226,155,29,39,6,14,82,106,109,43,147,140,135,89,15,19,4,12,71,95,91,38,124,121,124,78,11,14,3,10,68,90,89,36,118,114,108,70,8,6,2,7,49,66,64,25,87,81,78,53,6,4,3,11,76,107,102,39,131,126,119,72,8,7,5,15,99,118,126,51,174,161,153,99,14,13,5.12,14.0,87.12,109.38,114.5,45.0,154.0,144.62,136.62,90.0,13.62,16.12
Asphalt_0cm_S4,2026-04-02T17:03:59.854491,7,17,100,117,130,50,178,163,150,104,18,27,11,26,152,176,205,78,273,251,226,155,29,39,6,14,82,106,109,43,147,140,135,89,15,19,4,12,71,95,91,38,124,121,124,78,11,14,3,10,68,90,89,36,118,114,108,70,9,6,2,7,49,66,64,25,87,80,78,53,6,4,3,11,76,107,102,39,131,127,119,72,8,7,5,15,99,118,126,51,174,161,153,99,14,13,5.12,14.0,87.12,109.38,114.5,45.0,154.0,144.62,136.62,90.0,13.75,16.12
Asphalt_0cm_S4,2026-04-02T17:03:59.955399,7,17,100,117,130,50,178,163,150,104,18,27,11,26,152,176,205,78,273,251,226,155,29,39,6,14,82,106,109,43,147,140,135,89,15,19,4,12,71,95,91,38,124,121,124,78,11,14,3,10,68,90,89,36,118,114,108,70,9,6,2,7,49,66,64,25,87,80,78,53,6,4,3,11,76,107,102,39,131,127,119,72,8,7,5,15,99,118,126,51,174,161,153,99,14,13,5.12,14.0,87.12,109.38,114.5,45.0,154.0,144.62,136.62,90.0,13.75,16.12
Asphalt_0cm_S4,2026-04-02T17:04:00.051370,7,16,99,118,130,50,179,162,150,103,18,27,11,26,151,176,204,78,272,251,225,154,29,38,6,14,81,105,109,43,146,140,134,88,15,19,4,12,71,94,91,38,124,120,123,77,11,13,3,10,68,90,89,36,118,114,108,70,8,6,2,7,49,66,64,25,87,80,78,53,6,4,3,11,76,107,102,39,131,126,119,72,8,7,5,15,99,118,126,51,174,161,153,99,14,14,5.12,13.88,86.75,109.25,114.38,45.0,153.88,144.25,136.25,89.5,13.62,16.0
Asphalt_0cm_S4,2026-04-02T17:04:00.161241,7,16,99,118,130,50,179,162,150,103,18,27,11,26,151,176,204,78,272,251,225,154,29,38,6,14,81,105,109,43,146,140,134,88,15,19,4,12,71,94,91,38,124,120,123,77,11,13,3,10,68,90,89,36,118,114,108,70,8,6,2,7,49,66,64,25,87,80,78,53,6,4,3,11,76,107,102,39,131,126,119,72,8,7,5,15,99,118,126,51,174,161,153,99,14,14,5.12,13.88,86.75,109.25,114.38,45.0,153.88,144.25,136.25,89.5,13.62,16.0
