label,timestamp,S0_405nm,S0_425nm,S0_450nm,S0_475nm,S0_515nm,S0_550nm,S0_555nm,S0_600nm,S0_640nm,S0_690nm,S0_745nm,S0_855nm,S1_405nm,S1_425nm,S1_450nm,S1_475nm,S1_515nm,S1_550nm,S1_555nm,S1_600nm,S1_640nm,S1_690nm,S1_745nm,S1_855nm,S2_405nm,S2_425nm,S2_450nm,S2_475nm,S2_515nm,S2_550nm,S2_555nm,S2_600nm,S2_640nm,S2_690nm,S2_745nm,S2_855nm,S3_405nm,S3_425nm,S3_450nm,S3_475nm,S3_515nm,S3_550nm,S3_555nm,S3_600nm,S3_640nm,S3_690nm,S3_745nm,S3_855nm,S4_405nm,S4_425nm,S4_450nm,S4_475nm,S4_515nm,S4_550nm,S4_555nm,S4_600nm,S4_640nm,S4_690nm,S4_745nm,S4_855nm,S5_405nm,S5_425nm,S5_450nm,S5_475nm,S5_515nm,S5_550nm,S5_555nm,S5_600nm,S5_640nm,S5_690nm,S5_745nm,S5_855nm,S6_405nm,S6_425nm,S6_450nm,S6_475nm,S6_515nm,S6_550nm,S6_555nm,S6_600nm,S6_640nm,S6_690nm,S6_745nm,S6_855nm,S7_405nm,S7_425nm,S7_450nm,S7_475nm,S7_515nm,S7_550nm,S7_555nm,S7_600nm,S7_640nm,S7_690nm,S7_745nm,S7_855nm,AVG_405nm,AVG_425nm,AVG_450nm,AVG_475nm,AVG_515nm,AVG_550nm,AVG_555nm,AVG_600nm,AVG_640nm,AVG_690nm,AVG_745nm,AVG_855nm
Asphalt_0cm_S2,2026-04-02T17:00:38.195745,12,24,113,137,148,57,202,186,177,133,30,57,13,28,128,146,155,64,212,193,198,141,29,50,12,24,114,137,147,58,195,185,180,126,27,50,16,33,131,164,176,72,237,222,219,164,39,77,5,13,64,79,84,34,112,106,104,73,13,21,5,13,76,102,94,37,127,120,114,74,10,14,4,13,80,98,99,37,134,124,121,79,11,14,5,10,46,76,66,26,80,78,80,57,12,22,9.0,19.75,94.0,117.38,121.12,48.12,162.38,151.75,149.12,105.88,21.38,38.12
Asphalt_0cm_S2,2026-04-02T17:00:38.258687,12,24,113,137,148,57,202,186,177,133,30,57,13,28,128,146,155,64,212,193,198,141,29,50,12,24,114,137,147,58,195,185,180,126,27,50,16,33,131,164,176,72,237,222,219,164,39,77,5,13,64,79,84,34,112,106,104,73,13,21,5,13,76,102,94,37,127,120,114,74,10,14,4,13,80,98,99,37,134,124,121,79,11,14,5,10,46,76,66,26,80,78,80,57,12,22,9.0,19.75,94.0,117.38,121.12,48.12,162.38,151.75,149.12,105.88,21.38,38.12
Asphalt_0cm_S2,2026-04-02T17:00:38.316085,12,24,113,136,147,57,201,185,176,132,30,56,13,27,127,145,154,64,210,191,196,139,29,48,12,24,114,137,147,58,195,185,180,126,27,50,16,33,131,164,176,72,237,222,219,164,39,77,5,13,64,79,84,34,112,106,104,73,13,21,5,13,76,102,94,37,127,120,114,74,10,14,4,13,80,98,99,37,134,124,121,79,11,14,5,10,46,76,66,26,80,78,80,57,12,21,9.0,19.62,93.88,117.12,120.88,48.12,162.0,151.38,148.75,105.5,21.38,37.62
Asphalt_0cm_S2,2026-04-02T17:00:38.383775,12,24,113,136,147,57,201,185,176,132,30,56,13,27,127,145,154,64,210,191,196,139,29,48,12,24,114,137,147,58,195,185,180,126,27,50,16,33,131,164,176,72,237,222,219,164,39,77,5,13,64,79,84,34,112,106,104,73,13,21,5,13,76,102,94,37,127,120,114,74,10,14,4,13,80,98,99,37,134,124,121,79,11,14,5,10,46,76,66,26,80,78,80,57,12,21,9.0,19.62,93.88,117.12,120.88,48.12,162.0,151.38,148.75,105.5,21.38,37.62
Asphalt_0cm_S2,2026-04-02T17:00:38.438488,12,24,113,136,147,57,201,185,176,132,30,56,13,27,127,145,154,64,210,191,196,139,29,48,12,24,114,137,147,58,195,185,180,126,27,50,16,33,131,164,176,72,237,222,219,164,39,77,5,13,64,79,84,34,112,106,104,73,13,21,5,13,76,102,94,37,127,120,114,74,10,14,4,13,80,98,99,37,134,124,121,79,11,14,5,10,46,76,66,26,80,78,80,57,12,21,9.0,19.62,93.88,117.12,120.88,48.12,162.0,151.38,148.75,105.5,21.38,37.62
Asphalt_0cm_S2,2026-04-02T17:00:38.497879,12,24,113,136,147,57,201,185,176,132,30,56,13,27,127,145,154,64,210,191,196,139,29,48,12,24,113,137,147,58,195,184,178,125,27,48,16,32,131,163,174,71,236,221,217,162,38,75,5,13,64,79,84,34,112,106,104,73,13,21,5,13,76,102,94,37,127,120,114,74,10,14,4,13,80,98,99,37,134,124,121,79,11,14,5,10,46,76,66,26,80,78,80,57,12,21,9.0,19.5,93.75,117.0,120.62,48.0,161.88,151.12,148.25,105.12,21.25,37.12
Asphalt_0cm_S2,2026-04-02T17:00:38.560024,12,24,113,136,147,57,201,185,176,132,30,56,13,27,127,145,154,64,210,191,196,139,29,48,12,24,113,137,147,58,195,184,178,125,27,48,16,32,131,163,174,71,236,221,217,162,38,75,5,13,64,80,84,34,112,106,104,73,13,21,5,13,76,102,94,37,127,120,114,74,10,14,4,13,80,98,99,37,134,124,121,79,11,14,5,10,46,76,66,26,80,78,80,57,12,21,9.0,19.5,93.75,117.12,120.62,48.0,161.88,151.12,148.25,105.12,21.25,37.12
Asphalt_0cm_S2,2026-04-02T17:00:38.623523,11,23,112,135,146,57,200,184,175,131,29,54,13,27,127,146,155,64,211,192,196,139,29,49,12,24,114,137,147,58,195,184,179,126,27,49,16,32,131,163,174,71,236,221,217,162,38,75,5,13,64,80,84,34,112,106,104,73,13,21,5,12,76,103,94,37,127,120,114,74,10,14,5,13,80,98,99,37,134,124,121,79,11,14,5,9,46,76,66,26,80,78,80,57,12,21,9.0,19.12,93.75,117.25,120.62,48.0,161.88,151.12,148.25,105.12,21.12,37.12
Asphalt_0cm_S2,2026-04-02T17:00:38.685804,11,23,112,135,146,57,200,184,175,131,29,54,13,27,127,146,155,64,211,192,196,139,29,49,12,24,114,137,147,58,195,184,179,126,27,49,16,32,131,163,175,71,236,221,217,162,38,75,5,13,64,80,84,34,112,107,105,74,13,22,5,13,75,103,94,37,127,120,114,74,10,14,5,13,80,98,99,37,134,124,122,79,11,14,5,9,45,76,66,26,80,78,80,57,12,22,9.0,19.25,93.5,117.25,120.75,48.0,161.88,151.25,148.5,105.25,21.12,37.38
Asphalt_0cm_S2,2026-04-02T17:00:38.747895,11,23,112,135,146,57,200,184,175,131,29,54,13,27,127,146,155,64,211,192,196,139,29,49,12,24,114,137,147,58,195,184,179,126,27,49,16,32,131,163,175,71,236,221,217,162,38,75,5,13,64,80,84,34,112,107,105,74,13,22,5,13,75,103,94,37,127,120,114,74,10,14,5,13,80,98,99,37,134,124,122,79,11,14,5,9,45,76,66,26,80,78,80,57,12,22,9.0,19.25,93.5,117.25,120.75,48.0,161.88,151.25,148.5,105.25,21.12,37.38
Asphalt_0cm_S2,2026-04-02T17:00:38.807691,11,23,112,135,146,57,200,184,175,131,29,54,13,27,127,146,155,64,211,192,196,139,29,49,12,24,114,137,147,58,195,184,179,126,27,49,16,32,131,163,175,71,236,221,217,162,38,75,5,13,64,80,84,34,112,107,105,74,13,22,5,13,75,103,94,37,127,120,114,74,10,14,5,13,80,98,99,37,134,124,122,79,11,14,5,9,45,76,66,26,80,78,80,57,12,22,9.0,19.25,93.5,117.25,120.75,48.0,161.88,151.25,148.5,105.25,21.12,37.38
Asphalt_0cm_S2,2026-04-02T17:00:38.886059,11,23,112,135,145,57,199,184,174,130,29,53,13,28,127,146,155,64,212,192,197,140,29,49,12,24,114,137,147,58,195,184,179,125,27,49,16,32,130,162,174,71,235,220,216,161,38,74,5,13,63,79,84,34,112,106,104,73,13,21,4,13,75,102,95,37,127,120,114,74,10,14,4,13,81,98,99,37,134,124,121,79,11,14,5,9,45,76,66,26,80,78,80,57,12,22,8.75,19.38,93.38,116.88,120.62,48.0,161.75,151.0,148.12,104.88,21.12,37.0
Asphalt_0cm_S2,2026-04-02T17:00:38.938189,11,23,112,135,145,57,199,184,174,130,29,53,13,28,127,146,155,64,212,192,197,140,29,49,12,24,114,137,147,58,195,184,179,125,27,49,16,32,130,162,174,71,235,220,216,161,38,74,5,13,63,79,84,34,112,106,104,73,13,21,4,13,75,102,95,37,127,120,114,74,10,14,4,13,81,98,99,37,134,124,121,79,11,14,5,9,46,77,66,26,80,78,80,57,12,21,8.75,19.38,93.5,117.0,120.62,48.0,161.75,151.0,148.12,104.88,21.12,36.88
Asphalt_0cm_S2,2026-04-02T17:00:39.000953,11,23,112,135,145,57,199,184,174,130,29,53,13,28,127,146,155,64,212,192,197,140,29,49,12,24,114,137,147,58,195,184,179,125,27,49,16,32,130,162,174,71,235,220,216,161,38,74,5,13,63,79,84,34,112,106,104,73,13,21,4,13,75,102,95,37,127,120,114,74,10,14,4,13,81,98,99,37,134,124,121,79,11,14,5,9,46,77,66,26,80,78,80,57,12,21,8.75,19.38,93.5,117.0,120.62,48.0,161.75,151.0,148.12,104.88,21.12,36.88
Asphalt_0cm_S2,2026-04-02T17:00:39.055351,11,23,112,135,145,57,199,184,174,130,29,53,13,28,127,146,155,64,212,192,197,140,29,49,12,24,114,137,147,58,195,184,179,125,27,49,16,32,130,162,174,71,235,220,216,161,38,74,5,13,63,79,84,34,112,106,104,73,13,21,4,13,75,102,95,37,127,120,114,74,10,14,4,13,81,98,99,37,134,124,121,79,11,14,5,9,46,77,66,26,80,78,80,57,12,21,8.75,19.38,93.5,117.0,120.62,48.0,161.75,151.0,148.12,104.88,21.12,36.88
Asphalt_0cm_S2,2026-04-02T17:00:39.123787,12,23,112,136,146,57,200,184,175,132,30,53,13,28,127,146,155,64,212,192,197,140,29,49,12,24,114,137,147,58,195,184,179,125,27,49,16,32,130,162,174,71,235,220,216,161,38,74,5,13,63,79,84,34,112,106,104,73,13,21,4,13,75,102,95,37,127,120,114,74,10,14,4,13,81,98,99,37,134,124,121,79,11,14,5,9,46,77,66,26,80,78,80,57,12,21,8.88,19.38,93.5,117.12,120.75,48.0,161.88,151.0,148.25,105.12,21.25,36.88
Asphalt_0cm_S2,2026-04-02T17:00:39.185926,12,23,112,136,146,57,200,184,175,132,30,53,16,30,131,150,160,67,218,198,204,147,33,58,14,26,117,141,152,61,201,190,185,132,30,57,18,34,133,165,178,73,240,225,221,167,41,80,6,14,64,80,85,34,113,107,105,74,14,22,4,12,75,102,94,37,127,119,113,73,10,13,4,13,80,98,98,37,133,123,121,78,11,13,5,9,46,77,66,26,80,78,80,57,12,21,9.88,20.12,94.75,118.62,122.38,49.0,164.0,153.0,150.5,107.5,22.62,39.62
Asphalt_0cm_S2,2026-04-02T17:00:39.250932,12,24,114,137,148,58,203,186,177,134,30,57,16,30,131,150,160,67,218,198,204,147,33,58,14,26,117,141,152,61,201,190,185,132,30,57,18,34,133,165,178,73,240,225,221,167,41,80,6,14,64,80,85,34,113,107,105,74,14,22,4,12,75,102,94,37,127,119,113,73,10,13,4,13,80,98,98,37,133,123,121,78,11,13,5,9,45,76,66,26,80,78,79,57,11,21,9.88,20.25,94.88,118.62,122.62,49.12,164.38,153.25,150.62,107.75,22.5,40.12
Asphalt_0cm_S2,2026-04-02T17:00:39.313768,12,24,114,137,148,58,203,186,177,134,30,57,15,30,131,149,160,67,218,198,204,147,33,58,14,26,117,141,152,60,201,189,185,132,30,57,19,35,134,167,180,74,243,227,224,171,42,84,6,14,64,80,85,34,113,107,105,74,14,22,4,12,75,102,94,37,127,119,113,73,10,13,4,13,80,98,98,37,133,123,121,78,11,13,5,9,45,76,66,26,80,78,79,57,11,21,9.88,20.38,95.0,118.75,122.88,49.12,164.75,153.38,151.0,108.25,22.62,40.62
Asphalt_0cm_S2,2026-04-02T17:00:39.375077,12,24,114,137,148,58,203,186,177,134,30,57,15,30,131,149,160,67,218,198,204,147,33,58,14,26,117,141,152,60,201,189,185,132,30,57,19,35,134,167,180,74,243,227,224,171,42,84,6,14,64,80,85,34,113,107,105,74,14,22,4,12,75,102,94,37,127,119,113,73,10,13,4,13,80,98,98,37,133,123,121,78,11,13,5,9,45,76,66,26,80,78,79,57,11,21,9.88,20.38,95.0,118.75,122.88,49.12,164.75,153.38,151.0,108.25,22.62,40.62
Asphalt_0cm_S2,2026-04-02T17:00:39.439092,12,24,114,137,148,58,203,186,177,134,30,57,15,30,131,149,160,67,218,198,204,147,33,58,14,26,117,141,152,60,201,189,185,132,30,57,19,35,134,167,180,74,243,227,224,171,42,84,6,14,64,80,85,34,113,107,105,74,14,22,4,12,75,102,94,37,127,119,113,73,10,13,4,13,80,98,98,37,133,123,121,78,11,13,5,9,45,76,66,26,80,78,79,57,11,21,9.88,20.38,95.0,118.75,122.88,49.12,164.75,153.38,151.0,108.25,22.62,40.62
Asphalt_0cm_S2,2026-04-02T17:00:39.504204,12,24,113,136,148,58,202,186,177,134,31,56,15,30,131,150,160,67,217,197,204,147,33,57,14,26,117,141,152,60,201,189,185,132,30,57,19,36,135,168,181,75,245,229,226,172,43,87,6,14,64,80,85,34,113,107,105,74,14,23,4,12,75,102,94,37,126,119,113,73,10,13,4,13,80,97,98,37,133,123,120,77,11,13,5,9,45,76,65,26,79,77,79,56,11,20,9.88,20.5,95.0,118.75,122.88,49.25,164.5,153.38,151.12,108.12,22.88,40.75
Asphalt_0cm_S2,2026-04-02T17:00:39.567988,12,24,113,136,148,58,202,186,177,134,31,56,15,30,131,150,160,67,217,197,204,147,33,57,14,26,117,141,152,60,201,189,185,132,30,57,19,36,135,168,181,75,245,229,226,172,43,87,6,14,64,80,85,34,113,107,105,74,14,23,4,12,75,102,94,37,126,119,113,73,10,13,4,13,80,97,98,37,133,123,120,77,11,13,5,9,45,76,65,26,79,77,79,56,11,20,9.88,20.5,95.0,118.75,122.88,49.25,164.5,153.38,151.12,108.12,22.88,40.75
Asphalt_0cm_S2,2026-04-02T17:00:39.623044,12,24,113,136,148,58,202,186,177,134,31,56,15,30,131,150,160,67,217,197,204,147,33,57,14,26,117,141,152,60,201,189,185,132,30,57,19,36,135,168,181,75,245,229,226,172,43,87,6,14,64,80,85,34,113,107,105,74,14,23,4,12,75,102,94,37,126,119,113,73,10,13,4,13,80,97,98,37,133,123,120,77,11,13,5,9,45,76,65,26,79,77,79,56,11,20,9.88,20.5,95.0,118.75,122.88,49.25,164.5,153.38,151.12,108.12,22.88,40.75
Asphalt_0cm_S2,2026-04-02T17:00:39.692297,12,24,113,136,147,57,202,185,176,133,30,56,15,30,131,150,160,67,217,197,204,147,33,57,14,26,117,141,152,60,201,189,185,132,30,57,19,36,135,168,181,75,245,229,226,172,43,87,6,14,64,80,85,34,113,107,105,74,14,23,4,12,75,102,94,37,126,119,113,73,10,13,4,13,80,97,98,37,133,123,121,78,11,13,5,9,45,76,65,26,79,77,79,56,11,21,9.88,20.5,95.0,118.75,122.75,49.12,164.5,153.25,151.12,108.12,22.75,40.88
Asphalt_0cm_S2,2026-04-02T17:00:39.751470,11,22,111,134,144,56,198,182,173,129,28,50,15,30,131,150,160,67,217,197,204,147,33,57,14,27,118,142,152,60,202,190,186,133,30,58,19,37,136,169,182,75,246,230,227,174,44,88,6,14,65,80,85,34,113,108,105,74,14,23,4,12,75,102,94,37,126,119,113,73,10,13,4,13,80,97,98,37,133,123,120,78,11,13,5,9,45,76,66,26,80,78,79,57,12,21,9.75,20.5,95.12,118.75,122.62,49.0,164.38,153.38,150.88,108.12,22.75,40.38
Asphalt_0cm_S2,2026-04-02T17:00:39.817490,11,22,111,134,144,56,198,182,173,129,28,50,16,31,131,151,161,67,219,199,206,149,34,59,15,28,119,143,154,62,204,193,189,136,32,62,20,38,137,171,184,76,248,232,229,176,45,92,6,14,65,80,85,34,113,108,105,74,14,23,4,12,75,102,94,37,126,119,113,73,10,13,4,13,80,97,98,37,133,123,120,78,11,13,5,9,45,76,66,26,80,78,79,57,12,21,10.12,20.88,95.38,119.25,123.25,49.38,165.12,154.25,151.75,109.0,23.25,41.62
Asphalt_0cm_S2,2026-04-02T17:00:39.888706,11,22,111,134,144,56,198,182,173,129,28,50,16,31,131,151,161,67,219,199,206,149,34,59,15,28,119,143,154,62,204,193,189,136,32,62,20,38,137,171,184,76,248,232,229,176,45,92,6,14,65,80,85,34,113,108,105,74,14,23,4,12,75,102,94,37,126,119,113,73,10,13,4,13,80,97,98,37,133,123,120,78,11,13,5,9,45,76,66,26,80,78,79,57,12,21,10.12,20.88,95.38,119.25,123.25,49.38,165.12,154.25,151.75,109.0,23.25,41.62
Asphalt_0cm_S2,2026-04-02T17:00:39.945827,11,22,111,134,144,56,198,182,173,129,28,50,16,31,131,151,161,67,219,199,206,149,34,59,15,28,119,143,154,62,204,193,189,136,32,62,20,38,137,171,184,76,248,232,229,176,45,92,6,14,65,80,85,34,113,108,105,75,14,23,4,12,75,102,94,37,126,119,113,73,10,13,4,13,80,97,98,37,133,123,121,78,11,13,5,9,45,76,65,26,79,77,79,56,11,20,10.12,20.88,95.38,119.25,123.12,49.38,165.0,154.12,151.88,109.0,23.12,41.5
Asphalt_0cm_S2,2026-04-02T17:00:40.009159,11,22,111,134,144,56,198,182,173,129,28,50,16,31,131,151,161,67,219,199,206,149,34,59,15,28,119,143,154,62,204,193,189,136,32,62,20,38,137,171,184,76,248,232,229,176,45,92,6,14,65,80,85,34,113,108,105,75,14,23,4,12,75,102,94,37,126,119,113,73,10,13,4,13,80,97,98,37,133,123,121,78,11,13,5,9,45,76,65,26,79,77,79,56,11,20,10.12,20.88,95.38,119.25,123.12,49.38,165.0,154.12,151.88,109.0,23.12,41.5
Asphalt_0cm_S2,2026-04-02T17:00:40.065972,11,22,111,134,144,56,198,182,173,129,28,50,16,31,131,151,161,67,219,199,206,149,34,59,15,28,119,143,154,62,204,193,189,136,32,62,20,38,137,171,184,76,248,232,229,176,45,92,6,14,65,80,85,34,113,108,105,75,14,23,4,12,75,102,94,37,126,119,113,73,10,13,4,13,80,97,98,37,133,123,121,78,11,13,5,9,45,76,65,26,79,77,79,56,11,20,10.12,20.88,95.38,119.25,123.12,49.38,165.0,154.12,151.88,109.0,23.12,41.5
Asphalt_0cm_S2,2026-04-02T17:00:40.121810,11,23,111,135,147,57,200,184,175,132,29,54,17,32,133,153,163,68,222,201,209,152,35,63,15,28,119,143,154,62,204,193,189,136,32,62,20,38,137,171,184,76,248,232,229,176,45,92,6,14,65,80,85,34,113,108,105,75,14,23,4,12,75,102,94,37,126,119,113,73,10,13,4,13,80,97,98,37,133,123,121,78,11,13,5,9,45,76,65,26,79,77,79,56,11,20,10.25,21.12,95.62,119.62,123.75,49.62,165.62,154.62,152.5,109.75,23.38,42.5
Asphalt_0cm_S2,2026-04-02T17:00:40.188073,11,23,111,135,147,57,200,184,175,132,29,54,17,32,133,153,163,68,222,201,209,152,35,63,15,28,119,143,154,62,204,193,189,136,32,62,20,38,137,171,184,76,248,232,229,176,45,92,6,14,65,80,85,34,113,108,105,75,14,23,4,12,75,102,94,37,126,119,113,73,10,13,4,13,80,97,98,37,133,123,121,78,11,13,5,9,45,76,65,26,79,77,79,56,11,20,10.25,21.12,95.62,119.62,123.75,49.62,165.62,154.62,152.5,109.75,23.38,42.5
Asphalt_0cm_S2,2026-04-02T17:00:40.248540,14,26,116,140,152,59,207,191,183,141,34,66,17,32,133,153,163,68,222,201,209,152,35,63,16,29,121,145,157,62,208,196,192,139,34,68,21,39,139,172,186,77,251,235,232,179,47,97,6,14,65,81,85,34,113,107,106,74,14,23,4,12,75,102,94,37,126,119,113,73,10,13,4,13,80,98,98,37,133,123,121,78,11,13,5,10,46,76,66,26,80,78,79,57,12,22,10.88,21.88,96.88,120.88,125.12,50.0,167.5,156.25,154.38,111.62,24.62,45.62
Asphalt_0cm_S2,2026-04-02T17:00:40.321903,14,26,116,140,152,59,207,191,183,141,34,66,18,33,134,155,165,69,224,204,212,155,37,67,16,29,121,145,157,62,207,195,192,140,34,68,21,39,138,172,186,77,250,234,232,180,47,97,6,14,65,80,85,34,113,108,106,75,14,23,4,12,75,102,94,37,126,119,113,73,10,13,4,13,80,98,98,37,133,123,121,78,11,13,5,10,46,76,66,26,80,78,79,57,12,22,11.0,22.0,96.88,121.0,125.38,50.12,167.5,156.5,154.75,112.38,24.88,46.12
Asphalt_0cm_S2,2026-04-02T17:00:40.375654,14,26,116,140,152,59,207,191,183,141,34,66,18,33,134,155,165,69,224,204,212,155,37,67,16,29,121,145,157,62,207,195,192,140,34,68,21,39,138,172,186,77,250,234,232,180,47,97,6,14,65,80,85,34,113,108,106,75,14,23,5,12,75,102,94,37,126,119,113,73,10,13,4,13,80,98,98,37,133,123,121,78,11,13,5,10,46,76,66,26,80,78,79,57,12,22,11.12,22.0,96.88,121.0,125.38,50.12,167.5,156.5,154.75,112.38,24.88,46.12
Asphalt_0cm_S2,2026-04-02T17:00:40.439155,14,26,116,140,152,59,207,191,183,141,34,66,18,33,134,155,165,69,224,204,212,155,37,67,16,29,121,145,157,62,207,195,192,140,34,68,21,39,138,172,186,77,250,234,232,180,47,97,6,14,65,80,85,34,113,108,106,75,14,23,5,12,75,102,94,37,126,119,113,73,10,13,4,13,80,98,98,37,133,123,121,78,11,13,5,10,46,76,66,26,80,78,79,57,12,22,11.12,22.0,96.88,121.0,125.38,50.12,167.5,156.5,154.75,112.38,24.88,46.12
Asphalt_0cm_S2,2026-04-02T17:00:40.500809,14,26,116,140,152,59,207,191,183,141,34,66,18,33,134,155,165,69,224,204,212,155,37,67,16,29,121,145,157,62,207,195,192,140,34,68,21,39,138,172,186,77,250,234,232,180,47,97,6,14,65,80,85,34,113,108,106,75,14,23,5,12,75,102,94,37,126,119,113,73,10,13,4,13,80,98,98,37,133,123,121,78,11,13,5,10,46,76,66,26,80,78,79,57,12,22,11.12,22.0,96.88,121.0,125.38,50.12,167.5,156.5,154.75,112.38,24.88,46.12
Asphalt_0cm_S2,2026-04-02T17:00:40.564946,14,26,117,140,153,59,208,192,183,142,34,66,18,33,135,154,165,69,224,204,211,155,37,68,16,29,121,145,157,62,207,195,192,139,34,68,21,39,138,172,186,77,251,235,232,180,47,98,6,14,65,80,85,34,113,108,106,75,14,23,5,12,75,102,94,37,127,120,113,74,10,14,4,13,80,97,98,37,133,123,120,78,11,13,6,10,46,77,67,26,81,79,80,58,12,22,11.25,22.0,97.12,120.88,125.62,50.12,168.0,157.0,154.62,112.62,24.88,46.5
Asphalt_0cm_S2,2026-04-02T17:00:40.634431,14,27,117,141,153,59,209,192,184,142,34,67,18,33,135,155,166,69,225,204,212,156,37,68,16,29,121,145,157,62,207,195,192,140,34,68,21,39,139,173,187,77,251,235,232,180,48,98,6,14,65,80,85,34,113,108,106,75,14,23,5,12,75,102,94,37,127,120,113,74,10,14,4,13,80,97,98,37,133,123,120,78,11,13,6,10,46,77,67,27,81,79,80,58,12,23,11.25,22.12,97.25,121.25,125.88,50.25,168.25,157.0,154.88,112.88,25.0,46.75
Asphalt_0cm_S2,2026-04-02T17:00:40.702162,14,27,117,141,153,59,209,192,184,142,34,67,18,33,135,155,166,69,225,204,212,156,37,68,16,29,121,145,157,62,207,195,192,140,34,68,21,39,139,173,187,77,251,235,232,180,48,98,6,14,65,81,85,34,113,107,106,75,14,23,5,12,75,102,94,37,127,120,113,74,10,14,4,13,80,98,98,37,133,123,120,78,11,13,6,10,46,77,67,27,81,79,80,58,12,23,11.25,22.12,97.25,121.5,125.88,50.25,168.25,156.88,154.88,112.88,25.0,46.75
Asphalt_0cm_S2,2026-04-02T17:00:40.755731,14,27,117,141,153,59,209,192,184,142,34,67,18,33,135,155,166,69,225,204,212,156,37,68,16,29,121,145,157,62,207,195,192,140,34,68,21,39,139,173,187,77,251,235,232,180,48,98,6,14,65,81,85,34,113,107,106,75,14,23,5,12,75,102,94,37,127,120,113,74,10,14,4,13,80,98,98,37,133,123,120,78,11,13,6,10,46,77,67,26,81,79,81,58,13,23,11.25,22.12,97.25,121.5,125.88,50.12,168.25,156.88,155.0,112.88,25.12,46.75
Asphalt_0cm_S2,2026-04-02T17:00:40.821029,14,27,117,141,153,59,209,192,184,142,34,67,18,33,135,155,166,69,225,204,212,156,37,68,16,29,121,145,157,62,207,195,192,140,34,68,21,39,139,173,187,77,251,235,232,180,48,98,6,14,65,81,85,34,113,107,106,75,14,23,5,12,75,102,94,37,127,120,113,74,10,14,4,13,80,98,98,37,133,123,120,78,11,13,6,10,46,77,67,26,81,79,81,58,13,23,11.25,22.12,97.25,121.5,125.88,50.12,168.25,156.88,155.0,112.88,25.12,46.75
Asphalt_0cm_S2,2026-04-02T17:00:40.866809,14,27,117,141,153,59,209,192,184,142,34,67,18,33,135,155,166,69,225,204,212,156,37,68,16,29,121,145,157,62,207,195,192,140,34,68,21,39,139,173,187,77,251,235,232,180,48,98,6,14,65,81,85,34,113,107,106,75,14,23,5,12,75,102,94,37,127,120,113,74,10,14,4,13,80,98,98,37,133,123,120,78,11,13,6,10,46,77,67,26,81,79,81,58,13,23,11.25,22.12,97.25,121.5,125.88,50.12,168.25,156.88,155.0,112.88,25.12,46.75
Asphalt_0cm_S2,2026-04-02T17:00:40.938008,14,27,117,141,154,60,210,193,185,143,34,68,18,33,135,155,166,69,225,205,212,156,37,69,16,29,121,145,157,63,208,196,192,140,34,68,21,39,139,173,187,77,251,235,232,181,48,99,6,14,65,81,85,34,114,108,106,75,14,23,5,12,75,102,94,37,127,120,114,74,10,14,4,13,80,97,98,37,133,123,120,78,11,13,6,10,46,77,67,26,81,79,81,59,13,23,11.25,22.12,97.25,121.38,126.0,50.38,168.62,157.38,155.25,113.25,25.12,47.12
Asphalt_0cm_S2,2026-04-02T17:00:41.006201,14,27,117,141,154,60,210,193,185,143,34,68,18,33,135,155,166,69,225,205,212,156,37,69,16,29,121,145,157,63,208,196,192,140,34,68,21,39,139,173,187,77,251,235,232,181,48,99,6,14,65,81,85,34,114,108,106,75,14,23,5,12,75,102,94,37,127,120,114,74,10,14,4,13,80,97,98,37,133,123,120,78,11,13,6,10,46,77,67,26,81,79,81,59,13,23,11.25,22.12,97.25,121.38,126.0,50.38,168.62,157.38,155.25,113.25,25.12,47.12
Asphalt_0cm_S2,2026-04-02T17:00:41.056974,14,27,117,141,154,60,210,193,185,143,34,68,18,33,135,155,166,69,225,205,212,156,37,69,16,29,121,145,157,63,208,196,192,140,34,68,21,39,139,173,187,77,251,235,232,181,48,99,6,14,65,81,85,34,114,108,106,75,14,23,5,12,75,102,94,37,127,120,114,74,10,14,4,13,80,97,98,37,133,123,120,78,11,13,6,10,46,77,67,26,81,79,81,59,13,23,11.25,22.12,97.25,121.38,126.0,50.38,168.62,157.38,155.25,113.25,25.12,47.12
Asphalt_0cm_S2,2026-04-02T17:00:41.135412,14,27,117,142,154,60,209,194,185,144,35,68,18,33,135,155,166,70,225,205,212,156,37,68,17,29,121,145,157,63,208,196,193,140,34,68,21,39,139,173,187,77,251,236,232,180,48,98,6,14,65,81,85,34,114,108,106,76,14,24,5,12,75,102,94,37,127,120,114,74,10,14,4,13,80,97,98,37,133,123,121,78,11,14,6,10,46,77,67,27,81,79,81,59,12,23,11.38,22.12,97.25,121.5,126.0,50.62,168.5,157.62,155.5,113.38,25.12,47.12
Asphalt_0cm_S2,2026-04-02T17:00:41.186196,14,27,117,142,154,60,209,194,185,144,35,68,18,33,135,155,166,70,225,205,212,156,37,68,17,29,121,145,157,63,208,196,193,140,34,68,21,39,139,173,187,77,251,236,232,180,48,98,6,14,65,81,85,34,114,108,106,76,14,24,5,12,76,103,94,37,127,120,114,74,11,15,4,13,80,98,98,37,133,123,121,79,11,14,6,10,46,77,67,27,82,79,81,59,13,24,11.38,22.12,97.38,121.75,126.0,50.62,168.62,157.62,155.5,113.5,25.38,47.38
Asphalt_0cm_S2,2026-04-02T17:00:41.263492,14,27,117,142,154,60,209,194,185,144,35,68,18,33,135,155,166,70,225,205,212,156,37,68,17,29,121,145,157,63,208,196,193,140,34,68,21,39,139,173,187,77,251,236,232,180,48,98,6,14,65,81,85,34,114,108,106,76,14,24,5,12,76,103,94,37,127,120,114,74,11,15,4,13,80,98,98,37,133,123,121,79,11,14,6,10,46,77,67,27,82,79,81,59,13,24,11.38,22.12,97.38,121.75,126.0,50.62,168.62,157.62,155.5,113.5,25.38,47.38
Asphalt_0cm_S2,2026-04-02T17:00:41.327119,14,27,117,142,154,60,209,194,185,144,35,68,18,33,135,155,166,70,225,205,212,156,37,68,17,29,121,145,157,63,208,196,193,140,34,68,21,39,139,173,187,77,251,236,232,180,48,98,6,14,65,81,85,34,114,108,106,76,14,24,5,12,76,103,94,37,127,120,114,74,11,15,4,13,80,98,98,37,133,123,121,79,11,14,6,10,46,77,67,27,82,79,81,59,13,24,11.38,22.12,97.38,121.75,126.0,50.62,168.62,157.62,155.5,113.5,25.38,47.38
Asphalt_0cm_S2,2026-04-02T17:00:41.390494,14,27,117,141,154,60,209,193,185,143,35,68,18,33,136,155,166,69,225,205,212,156,37,69,17,29,121,145,157,63,207,195,192,139,34,68,21,39,139,173,187,77,251,235,232,180,47,98,6,14,65,81,85,34,114,108,106,76,14,24,5,12,76,103,94,37,127,120,114,74,11,15,4,13,80,98,98,37,133,123,121,79,11,14,6,10,46,77,67,27,82,79,81,59,13,24,11.38,22.12,97.5,121.62,126.0,50.5,168.5,157.25,155.38,113.25,25.25,47.5
Asphalt_0cm_S2,2026-04-02T17:00:41.450713,14,27,117,141,154,60,209,193,185,143,35,68,18,33,136,155,166,69,225,205,212,156,37,69,17,29,121,145,157,63,207,195,192,139,34,68,21,39,139,173,187,77,251,235,232,180,47,98,6,14,65,81,85,34,114,108,106,76,14,24,5,12,76,103,94,37,127,120,114,74,11,15,4,13,80,98,98,37,133,123,121,79,11,14,6,10,46,77,67,27,82,79,81,59,13,24,11.38,22.12,97.5,121.62,126.0,50.5,168.5,157.25,155.38,113.25,25.25,47.5
Asphalt_0cm_S2,2026-04-02T17:00:41.501432,14,27,117,141,154,60,209,193,185,143,35,68,18,33,136,155,166,69,225,205,212,156,37,69,17,29,121,145,157,63,207,195,192,139,34,68,21,39,139,173,187,77,251,235,232,180,47,98,6,14,65,81,85,34,114,108,106,76,14,24,5,12,76,103,94,37,127,120,114,74,11,15,4,13,80,98,98,37,133,123,121,79,11,14,6,10,46,77,67,27,82,79,81,59,13,24,11.38,22.12,97.5,121.62,126.0,50.5,168.5,157.25,155.38,113.25,25.25,47.5
Asphalt_0cm_S2,2026-04-02T17:00:41.576438,14,27,117,141,154,60,209,193,184,143,34,67,18,33,135,155,166,69,225,204,212,156,37,68,16,29,121,146,157,62,207,195,192,139,34,68,21,39,139,173,187,77,251,235,232,180,48,98,5,14,65,80,85,34,113,107,105,74,13,23,5,12,75,102,94,37,126,119,113,73,10,13,4,13,80,97,98,37,133,122,120,78,11,13,6,10,46,77,67,26,81,79,80,58,12,23,11.12,22.12,97.25,121.38,126.0,50.25,168.12,156.75,154.75,112.62,24.88,46.62
Asphalt_0cm_S2,2026-04-02T17:00:41.635906,14,26,117,141,153,60,209,193,184,143,34,67,18,33,135,155,165,69,225,204,212,156,37,68,16,29,121,145,157,63,207,195,192,140,34,68,21,39,138,172,186,77,250,234,231,179,47,96,5,13,64,80,84,34,112,106,104,74,13,22,5,12,75,102,94,37,126,119,113,73,10,13,4,13,80,97,98,37,133,122,120,78,11,13,6,10,46,77,67,26,81,79,80,58,12,23,11.12,21.88,97.0,121.12,125.5,50.38,167.88,156.5,154.5,112.62,24.75,46.25
Asphalt_0cm_S2,2026-04-02T17:00:41.705896,14,26,117,141,153,60,209,193,184,143,34,67,18,33,135,155,165,69,225,204,212,156,37,68,16,29,121,145,157,63,207,195,192,140,34,68,21,39,138,172,186,77,250,234,231,179,47,96,5,13,64,80,84,34,112,106,104,74,13,22,4,12,75,102,94,37,126,119,113,73,10,13,4,13,80,97,98,37,132,122,120,77,11,13,5,10,46,77,67,26,81,79,80,58,12,22,10.88,21.88,97.0,121.12,125.5,50.38,167.75,156.5,154.5,112.5,24.75,46.12
Asphalt_0cm_S2,2026-04-02T17:00:41.764569,14,26,117,141,153,60,209,193,184,143,34,67,18,33,135,155,165,69,225,204,212,156,37,68,16,29,121,145,157,63,207,195,192,140,34,68,21,39,138,172,186,77,250,234,231,179,47,96,5,13,64,80,84,34,112,106,104,74,13,22,4,12,75,102,94,37,126,119,113,73,10,13,4,13,80,97,98,37,132,122,120,77,11,13,5,10,46,77,67,26,81,79,80,58,12,22,10.88,21.88,97.0,121.12,125.5,50.38,167.75,156.5,154.5,112.5,24.75,46.12
Asphalt_0cm_S2,2026-04-02T17:00:41.831873,14,26,117,141,153,60,209,193,184,143,34,67,18,33,135,155,165,69,225,204,212,156,37,68,16,29,121,145,157,63,207,195,192,140,34,68,21,39,138,172,186,77,250,234,231,179,47,96,5,13,64,80,84,34,112,106,104,74,13,22,4,12,75,102,94,37,126,119,113,73,10,13,4,13,80,97,98,37,132,122,120,77,11,13,5,10,46,77,67,26,81,79,80,58,12,22,10.88,21.88,97.0,121.12,125.5,50.38,167.75,156.5,154.5,112.5,24.75,46.12
Asphalt_0cm_S2,2026-04-02T17:00:41.897049,14,26,117,141,153,60,209,193,184,143,34,67,18,33,135,155,165,69,225,204,212,156,37,68,16,29,121,145,157,63,207,195,192,140,34,68,21,39,138,172,186,77,250,234,231,179,47,96,5,13,64,80,84,34,112,106,104,74,13,22,4,12,75,102,94,37,126,119,113,73,10,13,4,13,80,97,98,37,132,122,120,77,11,13,5,10,46,77,67,26,81,79,80,58,12,22,10.88,21.88,97.0,121.12,125.5,50.38,167.75,156.5,154.5,112.5,24.75,46.12
Asphalt_0cm_S2,2026-04-02T17:00:41.954809,14,26,116,140,152,59,208,192,183,142,34,66,18,33,135,155,165,69,225,204,211,155,37,67,16,29,120,145,156,62,207,195,192,139,34,67,20,38,137,171,185,76,249,233,230,177,46,95,5,13,64,79,84,34,112,106,104,73,13,21,4,12,75,102,93,37,126,119,113,73,10,13,4,13,80,97,98,37,133,122,120,77,11,13,6,10,46,77,67,26,81,79,80,58,12,22,10.88,21.75,96.62,120.75,125.0,50.0,167.62,156.25,154.12,111.75,24.62,45.5
Asphalt_0cm_S2,2026-04-02T17:00:42.015397,13,26,116,140,152,59,208,192,183,141,34,66,17,33,135,154,165,69,224,204,211,155,37,67,16,29,121,145,156,62,207,195,191,139,34,67,20,38,137,171,185,76,249,233,230,177,46,95,5,13,64,79,84,34,112,106,104,73,13,21,4,12,75,102,93,37,126,119,113,73,10,13,4,13,80,97,98,37,133,122,120,77,11,13,6,10,46,77,67,26,81,79,80,58,12,22,10.62,21.75,96.75,120.62,125.0,50.0,167.5,156.25,154.0,111.62,24.62,45.5
Asphalt_0cm_S2,2026-04-02T17:00:42.086262,13,26,116,140,152,59,208,192,183,141,34,66,17,33,135,154,165,69,224,204,211,155,37,67,16,29,121,145,156,62,207,195,191,139,34,67,20,38,137,171,185,76,249,233,230,177,46,95,5,13,64,79,84,34,112,106,104,73,13,21,4,12,75,102,93,37,126,119,113,73,10,13,4,13,80,97,98,37,133,122,120,77,11,13,6,10,46,77,67,26,81,79,80,58,12,22,10.62,21.75,96.75,120.62,125.0,50.0,167.5,156.25,154.0,111.62,24.62,45.5
Asphalt_0cm_S2,2026-04-02T17:00:42.138257,13,26,116,140,152,59,207,191,183,141,33,65,17,33,134,154,165,69,224,203,211,154,36,66,16,29,121,145,156,62,207,195,191,139,34,67,20,37,137,170,183,76,247,231,228,175,45,92,5,13,64,80,84,34,112,106,104,73,13,21,4,12,75,102,94,37,126,119,113,73,10,13,4,13,80,97,98,37,133,122,120,78,11,13,6,10,46,77,66,26,81,78,80,58,12,22,10.62,21.62,96.62,120.62,124.75,50.0,167.12,155.62,153.75,111.38,24.25,44.88
Asphalt_0cm_S2,2026-04-02T17:00:42.197529,13,26,116,140,152,59,207,191,183,141,33,65,17,33,134,154,165,69,224,203,211,154,36,66,16,29,121,145,156,62,207,195,191,139,34,67,20,37,137,170,183,76,247,231,228,175,45,92,5,13,64,80,84,34,112,106,104,73,13,21,4,12,75,102,94,37,126,119,113,73,10,13,4,13,80,97,98,37,133,122,120,78,11,13,5,10,46,77,66,26,81,79,80,58,12,22,10.5,21.62,96.62,120.62,124.75,50.0,167.12,155.75,153.75,111.38,24.25,44.88
Asphalt_0cm_S2,2026-04-02T17:00:42.276652,13,26,116,140,152,59,207,191,183,141,33,65,17,33,134,154,165,69,224,203,211,154,36,66,16,29,121,145,156,62,207,195,191,139,34,67,20,37,137,170,183,76,247,231,228,175,45,92,5,13,64,80,84,34,112,106,104,73,13,21,4,12,75,102,94,37,126,119,113,73,10,13,4,13,80,97,98,37,133,122,120,78,11,13,5,10,46,77,66,26,81,79,80,58,12,22,10.5,21.62,96.62,120.62,124.75,50.0,167.12,155.75,153.75,111.38,24.25,44.88
Asphalt_0cm_S2,2026-04-02T17:00:42.332271,13,26,116,140,152,59,207,191,183,141,33,65,17,33,134,154,165,69,224,203,211,154,36,66,16,29,121,145,156,62,207,195,191,139,34,67,20,37,137,170,183,76,247,231,228,175,45,92,5,13,64,80,84,34,112,106,104,73,13,21,4,12,75,102,94,37,126,119,113,73,10,13,4,13,80,97,98,37,133,122,120,78,11,13,5,10,46,77,66,26,81,79,80,58,12,22,10.5,21.62,96.62,120.62,124.75,50.0,167.12,155.75,153.75,111.38,24.25,44.88
Asphalt_0cm_S2,2026-04-02T17:00:42.388459,13,26,116,140,152,59,207,191,182,140,33,64,17,32,134,153,164,69,223,203,210,154,36,66,16,29,120,145,156,62,206,194,191,138,33,66,20,37,137,170,183,76,247,231,228,175,45,92,5,13,64,80,84,34,112,106,104,73,13,21,4,12,75,102,94,37,126,119,113,73,10,13,4,13,80,97,98,37,133,122,120,77,11,13,5,10,46,77,66,26,81,79,80,58,12,22,10.5,21.5,96.5,120.5,124.62,50.0,166.88,155.62,153.5,111.0,24.12,44.62
Asphalt_0cm_S2,2026-04-02T17:00:42.436069,13,26,116,140,152,59,207,191,182,140,33,64,17,32,134,153,164,69,223,203,210,154,36,66,16,29,120,145,156,62,206,194,191,138,33,66,20,37,137,170,183,76,247,231,228,175,45,92,5,13,64,80,84,34,112,106,104,73,13,21,4,12,75,102,94,37,126,119,113,73,10,13,4,13,80,97,98,37,133,122,120,77,11,13,5,10,46,77,66,26,81,79,80,58,12,22,10.5,21.5,96.5,120.5,124.62,50.0,166.88,155.62,153.5,111.0,24.12,44.62
Asphalt_0cm_S2,2026-04-02T17:00:42.513442,13,26,116,140,152,59,207,191,182,140,33,64,17,32,134,153,164,69,223,203,210,154,36,66,16,29,120,145,156,62,206,194,191,138,33,66,20,37,137,170,183,76,247,231,228,175,45,92,5,13,64,80,84,34,112,106,104,73,13,21,4,12,75,102,94,37,126,119,113,73,10,13,4,13,80,97,98,37,133,122,120,77,11,13,5,10,46,77,66,26,81,79,80,58,12,22,10.5,21.5,96.5,120.5,124.62,50.0,166.88,155.62,153.5,111.0,24.12,44.62
Asphalt_0cm_S2,2026-04-02T17:00:42.561926,13,26,116,139,151,59,207,191,182,140,33,64,17,32,134,154,164,69,223,203,210,154,36,66,16,28,120,144,156,62,206,194,191,138,33,66,20,37,136,170,183,76,247,231,228,175,45,92,5,13,64,79,84,34,112,106,104,73,13,21,4,12,75,102,93,37,126,119,113,72,10,13,4,13,80,97,98,37,133,122,120,77,11,13,6,10,46,77,67,26,81,79,80,58,12,22,10.62,21.38,96.38,120.25,124.5,50.0,166.88,155.62,153.5,110.88,24.12,44.62
Asphalt_0cm_S2,2026-04-02T17:00:42.641109,13,26,116,140,152,59,207,191,182,140,33,64,17,32,134,154,164,68,223,203,210,153,36,65,16,28,120,144,155,62,205,194,190,137,33,65,20,37,136,170,183,75,246,230,227,174,44,91,5,13,64,79,84,34,112,106,104,73,13,21,4,12,75,102,93,37,126,119,113,72,10,13,4,13,80,97,98,37,133,122,120,77,11,13,6,10,46,77,67,26,81,79,80,58,12,22,10.62,21.38,96.38,120.38,124.5,49.75,166.62,155.5,153.25,110.5,24.0,44.25
Asphalt_0cm_S2,2026-04-02T17:00:42.704593,13,26,116,140,152,59,207,191,182,140,33,64,17,32,134,154,164,68,223,203,210,153,36,65,16,28,120,144,155,62,205,194,190,137,33,65,20,37,136,170,183,75,246,230,227,174,44,91,5,13,64,79,84,34,111,106,104,73,13,21,4,12,75,102,93,37,126,119,113,73,10,13,4,13,80,97,98,37,132,122,120,77,11,13,6,10,46,77,67,26,81,79,80,58,12,22,10.62,21.38,96.38,120.38,124.5,49.75,166.38,155.5,153.25,110.62,24.0,44.25
Asphalt_0cm_S2,2026-04-02T17:00:42.762318,13,26,116,140,152,59,207,191,182,141,33,64,17,32,134,154,164,68,223,203,210,153,36,65,16,28,120,144,155,62,205,194,190,137,33,65,20,37,136,170,183,75,246,230,227,174,44,91,5,13,64,79,84,34,111,106,104,73,13,21,4,12,75,102,93,37,126,119,113,73,10,13,4,13,80,97,98,37,132,122,120,77,11,13,6,10,46,77,67,26,81,79,80,58,12,22,10.62,21.38,96.38,120.38,124.5,49.75,166.38,155.5,153.25,110.75,24.0,44.25
Asphalt_0cm_S2,2026-04-02T17:00:42.830650,13,26,116,140,152,59,207,191,182,141,33,64,17,32,134,154,164,68,223,203,210,153,36,65,16,28,120,144,155,62,205,193,190,137,33,65,20,37,136,170,183,75,246,230,227,174,45,91,5,13,64,79,84,34,111,106,103,72,13,21,4,12,75,102,93,37,126,119,113,72,10,12,4,13,80,97,98,37,132,122,120,77,11,13,6,10,46,77,67,26,81,79,80,58,12,22,10.62,21.38,96.38,120.38,124.5,49.75,166.38,155.38,153.12,110.5,24.12,44.12
Asphalt_0cm_S2,2026-04-02T17:00:42.894937,13,26,116,140,152,59,207,191,182,141,33,64,17,32,134,154,164,68,223,203,210,153,36,65,16,28,120,144,155,62,205,193,190,137,33,65,20,37,136,170,183,75,246,230,227,174,45,91,5,13,64,79,84,34,111,106,103,72,13,21,4,12,75,102,93,37,126,119,113,72,10,12,4,13,80,97,98,37,132,122,120,77,11,13,6,10,46,77,67,26,81,79,80,58,12,22,10.62,21.38,96.38,120.38,124.5,49.75,166.38,155.38,153.12,110.5,24.12,44.12
Asphalt_0cm_S2,2026-04-02T17:00:42.949214,13,26,116,140,152,59,207,191,182,141,33,64,17,32,134,154,164,68,223,203,210,153,36,65,16,28,120,144,155,62,205,193,190,137,33,65,20,37,136,170,183,75,246,230,227,174,45,91,5,13,64,79,84,34,111,106,103,72,13,21,4,12,75,102,93,37,126,119,113,72,10,12,4,13,80,97,98,37,132,122,120,77,11,13,6,10,46,77,67,26,81,79,80,58,12,22,10.62,21.38,96.38,120.38,124.5,49.75,166.38,155.38,153.12,110.5,24.12,44.12
Asphalt_0cm_S2,2026-04-02T17:00:43.021024,13,26,116,140,152,59,208,191,183,140,33,64,17,32,134,154,164,69,223,202,209,154,36,65,16,28,120,144,155,62,205,194,190,137,33,65,20,37,136,169,183,75,246,230,227,174,45,91,5,13,64,79,84,34,111,106,103,72,13,21,4,12,75,102,93,37,126,119,113,72,10,12,4,13,80,97,98,37,132,122,120,77,11,13,6,10,46,77,67,26,81,79,80,58,12,22,10.62,21.38,96.38,120.25,124.5,49.88,166.5,155.38,153.12,110.5,24.12,44.12
Asphalt_0cm_S2,2026-04-02T17:00:43.086156,13,26,116,140,152,59,208,191,183,140,33,64,17,32,134,154,164,69,223,202,209,154,36,65,16,28,120,144,155,62,205,194,190,137,33,65,20,37,136,169,183,75,246,230,227,174,45,91,5,13,64,79,84,34,111,106,103,72,13,21,4,12,75,102,93,37,126,119,113,72,10,12,4,13,80,97,98,37,132,122,120,77,11,13,6,10,46,77,67,26,81,79,80,58,12,22,10.62,21.38,96.38,120.25,124.5,49.88,166.5,155.38,153.12,110.5,24.12,44.12
Asphalt_0cm_S2,2026-04-02T17:00:43.136019,13,26,116,140,152,59,208,191,183,140,33,64,17,32,134,154,164,69,223,202,209,154,36,65,16,28,120,144,155,62,206,194,190,138,33,65,20,37,136,169,183,75,246,230,227,174,45,91,5,13,64,79,84,34,111,106,103,72,13,20,4,12,75,102,93,37,126,119,113,72,10,12,4,13,80,97,98,37,132,122,120,77,11,13,6,10,46,77,67,26,81,79,80,58,12,22,10.62,21.38,96.38,120.25,124.5,49.88,166.62,155.38,153.12,110.62,24.12,44.0
Asphalt_0cm_S2,2026-04-02T17:00:43.207704,13,26,116,140,152,59,208,191,183,140,33,64,17,32,134,154,164,69,223,202,209,154,36,65,16,28,120,144,155,62,206,194,190,138,33,65,20,37,136,169,183,75,246,230,227,174,45,91,5,13,64,79,84,34,111,106,103,72,13,20,4,12,75,102,93,37,126,119,113,73,10,13,4,13,79,97,98,37,133,122,120,77,11,13,6,10,46,77,67,26,81,79,80,58,12,22,10.62,21.38,96.25,120.25,124.5,49.88,166.75,155.38,153.12,110.75,24.12,44.12
Asphalt_0cm_S2,2026-04-02T17:00:43.269527,13,26,116,140,152,59,207,191,183,140,33,64,17,32,134,154,164,69,223,202,209,154,36,65,16,28,120,144,155,62,206,194,190,138,33,65,20,37,136,169,183,75,246,230,227,174,45,91,5,13,64,79,84,34,111,106,103,72,13,20,4,12,75,102,93,37,126,119,113,73,10,13,4,13,79,97,98,37,133,122,120,77,11,13,6,10,46,77,67,26,81,79,80,58,12,22,10.62,21.38,96.25,120.25,124.5,49.88,166.62,155.38,153.12,110.75,24.12,44.12
Asphalt_0cm_S2,2026-04-02T17:00:43.330000,13,26,116,140,152,59,207,191,183,140,33,64,17,32,134,154,164,69,223,202,209,154,36,65,16,28,120,144,155,62,206,194,190,138,33,65,20,37,136,169,183,75,246,230,227,174,45,91,5,13,64,79,84,34,111,106,103,72,13,20,4,12,75,102,93,37,126,119,113,73,10,13,4,13,79,97,98,37,133,122,120,77,11,13,6,10,46,77,67,26,81,79,80,58,12,22,10.62,21.38,96.25,120.25,124.5,49.88,166.62,155.38,153.12,110.75,24.12,44.12
Asphalt_0cm_S2,2026-04-02T17:00:43.388934,13,26,116,140,152,59,207,191,183,140,33,64,17,32,134,154,164,68,223,203,210,154,36,65,16,28,120,144,156,62,205,194,190,137,33,65,20,37,136,169,182,75,245,230,227,174,44,90,5,13,64,80,84,34,112,106,104,73,13,21,4,12,75,102,94,37,126,119,113,73,10,13,4,13,80,97,98,37,133,123,120,78,11,13,6,10,46,76,67,26,81,79,80,58,12,22,10.62,21.38,96.38,120.25,124.62,49.75,166.5,155.62,153.38,110.88,24.0,44.12
Asphalt_0cm_S2,2026-04-02T17:00:43.446280,13,26,116,140,152,59,207,191,183,140,33,64,17,32,134,154,164,68,223,203,210,154,36,65,16,28,120,144,156,62,205,194,190,137,33,65,20,37,136,169,182,75,245,230,227,174,44,90,5,13,64,80,84,34,112,106,104,73,13,21,4,12,75,102,94,37,126,119,113,73,10,13,4,13,80,97,98,37,133,123,120,78,11,13,6,10,46,76,67,26,81,79,80,58,12,22,10.62,21.38,96.38,120.25,124.62,49.75,166.5,155.62,153.38,110.88,24.0,44.12
Asphalt_0cm_S2,2026-04-02T17:00:43.499353,13,26,116,140,152,59,207,191,183,140,33,64,17,32,134,154,164,68,223,203,210,154,36,65,16,28,120,144,156,62,205,194,190,137,33,65,20,37,136,169,182,75,245,230,227,174,44,90,5,13,64,80,84,34,112,106,104,73,13,21,4,12,75,102,94,37,126,119,113,73,10,13,4,13,80,97,98,37,133,123,120,78,11,13,6,10,46,76,67,26,81,79,80,58,12,22,10.62,21.38,96.38,120.25,124.62,49.75,166.5,155.62,153.38,110.88,24.0,44.12
Asphalt_0cm_S2,2026-04-02T17:00:43.563164,13,26,116,140,152,59,207,191,183,140,33,64,17,32,134,154,164,68,223,203,210,154,36,65,16,28,120,144,156,62,205,194,190,137,33,65,20,37,136,169,182,75,245,230,227,174,44,90,5,13,64,80,84,34,112,106,104,73,13,21,4,12,75,102,94,37,126,119,113,73,10,13,4,13,80,97,98,37,133,123,120,78,11,13,6,10,46,76,67,26,81,79,80,58,12,22,10.62,21.38,96.38,120.25,124.62,49.75,166.5,155.62,153.38,110.88,24.0,44.12
Asphalt_0cm_S2,2026-04-02T17:00:43.639704,13,26,116,140,152,59,207,191,182,140,33,63,17,32,134,153,164,69,223,203,210,153,36,65,16,28,120,144,156,62,205,194,190,137,33,65,20,37,136,169,182,75,245,230,227,174,44,90,5,13,64,80,84,34,112,106,104,73,13,21,4,12,75,102,94,37,126,119,113,73,10,13,4,13,80,97,98,37,133,123,120,78,11,13,6,10,46,76,67,26,81,79,80,58,12,22,10.62,21.38,96.38,120.12,124.62,49.88,166.5,155.62,153.25,110.75,24.0,44.0
Asphalt_0cm_S2,2026-04-02T17:00:43.699776,13,26,116,140,152,59,207,191,182,140,33,63,17,32,134,153,164,69,223,203,210,153,36,65,16,28,120,144,156,62,205,194,190,137,33,65,20,37,136,169,182,75,245,230,227,174,44,90,5,13,64,80,84,34,112,106,104,73,13,21,4,12,75,102,94,37,126,119,113,73,10,13,4,13,80,97,98,37,133,123,120,78,11,13,6,10,46,76,67,26,81,79,80,58,12,22,10.62,21.38,96.38,120.12,124.62,49.88,166.5,155.62,153.25,110.75,24.0,44.0
Asphalt_0cm_S2,2026-04-02T17:00:43.752793,13,26,116,140,152,59,207,191,182,140,33,63,17,32,134,153,164,69,223,203,210,153,36,65,16,28,120,144,156,62,205,194,190,137,33,65,20,37,136,169,182,75,245,230,227,174,44,90,5,13,64,80,84,34,112,106,104,73,13,21,4,12,75,102,94,37,126,119,113,73,10,13,4,13,80,97,98,37,133,123,120,78,11,13,6,10,46,76,67,26,81,79,80,58,12,22,10.62,21.38,96.38,120.12,124.62,49.88,166.5,155.62,153.25,110.75,24.0,44.0
Asphalt_0cm_S2,2026-04-02T17:00:43.826966,13,25,115,139,151,59,205,189,180,138,32,61,17,32,134,153,164,69,223,202,209,152,36,64,16,28,120,144,156,62,206,194,190,138,33,65,20,37,136,169,183,75,246,230,227,174,44,90,5,13,64,80,84,34,112,106,104,73,13,21,4,12,75,102,94,37,126,119,113,73,10,13,4,13,80,97,98,37,133,123,120,77,11,13,6,10,46,77,66,26,81,79,80,58,12,22,10.62,21.25,96.25,120.12,124.5,49.88,166.5,155.25,152.88,110.38,23.88,43.62
Asphalt_0cm_S2,2026-04-02T17:00:43.886214,13,25,115,139,151,59,205,189,180,138,32,61,17,32,134,153,164,69,223,202,209,152,36,64,16,28,120,144,156,62,206,194,190,138,33,65,20,37,136,169,183,75,246,230,227,174,44,90,5,13,64,80,84,34,112,106,104,73,13,21,4,12,75,102,94,37,126,119,113,73,10,13,4,13,80,97,98,37,133,123,120,77,11,13,6,10,46,77,66,26,81,79,80,58,12,22,10.62,21.25,96.25,120.12,124.5,49.88,166.5,155.25,152.88,110.38,23.88,43.62
Asphalt_0cm_S2,2026-04-02T17:00:43.951499,13,25,115,139,151,59,205,189,180,138,32,61,17,32,134,153,164,69,223,202,209,152,36,64,16,28,120,144,156,62,206,194,190,138,33,65,20,37,136,169,183,75,246,230,227,174,44,90,5,13,64,80,84,34,112,106,104,73,13,21,4,12,75,102,94,37,126,119,113,73,10,13,4,13,80,97,98,37,133,123,120,77,11,13,6,10,46,77,66,26,81,79,80,58,12,22,10.62,21.25,96.25,120.12,124.5,49.88,166.5,155.25,152.88,110.38,23.88,43.62
Asphalt_0cm_S2,2026-04-02T17:00:44.021782,13,25,115,139,151,59,205,189,181,138,32,62,17,32,134,154,164,68,223,202,209,153,36,65,16,28,120,144,156,62,206,195,191,138,33,66,20,37,136,169,183,75,246,230,227,174,44,90,5,13,64,80,84,34,112,107,104,74,13,21,5,12,75,102,94,37,127,119,113,73,10,13,4,13,80,97,98,37,133,123,120,78,11,13,5,10,46,77,66,26,81,79,80,58,12,22,10.62,21.25,96.25,120.25,124.5,49.75,166.62,155.5,153.12,110.75,23.88,44.0
Asphalt_0cm_S2,2026-04-02T17:00:44.086044,13,25,115,139,151,59,205,189,181,138,32,62,17,32,134,154,164,68,223,202,209,153,36,65,16,28,120,144,156,62,206,195,191,138,33,66,20,37,136,169,183,75,246,230,227,174,44,90,5,13,64,80,84,34,112,107,104,74,13,21,5,12,75,102,94,37,127,119,113,73,10,13,4,13,80,97,98,37,133,123,120,78,11,13,5,10,46,77,66,26,81,79,80,58,12,22,10.62,21.25,96.25,120.25,124.5,49.75,166.62,155.5,153.12,110.75,23.88,44.0
Asphalt_0cm_S2,2026-04-02T17:00:44.143818,13,25,115,139,151,59,205,189,181,138,32,62,17,32,134,154,164,68,223,202,209,153,36,65,16,28,120,144,156,62,206,195,191,138,33,66,20,37,136,169,183,75,246,230,227,174,44,90,5,13,64,80,84,34,112,107,104,74,13,21,5,12,75,102,94,37,127,119,113,73,10,13,4,13,80,97,98,37,133,123,120,78,11,13,5,10,46,77,66,26,81,79,80,58,12,22,10.62,21.25,96.25,120.25,124.5,49.75,166.62,155.5,153.12,110.75,23.88,44.0
Asphalt_0cm_S2,2026-04-02T17:00:44.211602,13,26,115,139,151,59,206,189,181,139,33,62,17,32,134,154,164,69,223,202,210,153,36,65,16,29,121,145,156,62,207,195,191,139,33,66,20,37,136,170,183,75,246,230,228,174,45,91,5,13,64,80,84,34,112,106,104,73,13,21,4,12,75,102,94,37,126,119,113,73,10,13,4,13,80,97,98,37,132,122,120,77,11,13,5,10,46,76,66,26,80,78,80,58,12,22,10.5,21.5,96.38,120.38,124.5,49.88,166.5,155.12,153.38,110.75,24.12,44.12
Asphalt_0cm_S2,2026-04-02T17:00:44.275490,13,26,115,139,151,59,206,189,181,139,33,62,17,32,134,154,164,69,223,202,210,153,36,65,16,29,121,145,156,62,207,195,191,139,33,66,20,37,136,170,183,75,246,230,228,174,45,91,5,13,64,80,84,34,112,106,104,73,13,21,4,12,75,102,94,37,126,119,113,73,10,13,4,13,80,97,98,37,132,122,120,77,11,13,5,10,46,76,66,26,80,78,80,58,12,22,10.5,21.5,96.38,120.38,124.5,49.88,166.5,155.12,153.38,110.75,24.12,44.12
Asphalt_0cm_S2,2026-04-02T17:00:44.329687,13,26,115,139,151,59,206,189,181,139,33,62,17,32,134,154,164,69,223,202,210,153,36,65,16,29,121,145,156,62,207,195,191,139,33,66,20,37,136,170,183,75,246,230,228,174,45,91,5,13,64,80,84,34,112,106,104,73,13,21,4,12,75,102,94,37,126,119,113,73,10,13,4,13,80,97,98,37,132,122,120,77,11,13,5,10,46,76,66,26,80,78,80,58,12,22,10.5,21.5,96.38,120.38,124.5,49.88,166.5,155.12,153.38,110.75,24.12,44.12
Asphalt_0cm_S2,2026-04-02T17:00:44.386298,13,26,115,139,151,59,206,189,181,139,33,62,17,32,134,154,164,69,223,202,210,153,36,65,16,29,121,145,156,62,207,195,191,139,33,66,20,37,136,170,183,75,246,230,228,174,45,91,5,13,64,80,84,34,112,106,104,73,13,21,4,12,75,102,94,37,126,119,113,73,10,13,4,13,80,97,98,37,132,122,120,77,11,13,5,10,46,76,66,26,80,78,80,58,12,22,10.5,21.5,96.38,120.38,124.5,49.88,166.5,155.12,153.38,110.75,24.12,44.12
Asphalt_0cm_S2,2026-04-02T17:00:44.449816,13,25,115,139,151,58,205,189,180,138,32,62,17,32,134,153,164,68,223,202,209,153,36,65,16,28,120,144,156,62,206,194,190,138,33,66,19,37,136,169,182,75,246,230,226,174,44,90,5,13,64,80,84,34,112,106,104,73,13,21,4,12,75,102,94,37,126,119,113,73,10,13,4,13,80,97,98,37,132,122,120,77,11,12,5,9,45,76,66,26,80,78,79,57,12,21,10.38,21.12,96.12,120.0,124.38,49.62,166.25,155.0,152.62,110.38,23.88,43.75
Asphalt_0cm_S2,2026-04-02T17:00:44.512662,13,25,115,139,151,58,205,189,180,138,32,62,17,32,134,153,164,68,223,202,209,153,36,65,16,28,120,144,156,62,206,194,190,138,33,66,19,37,136,169,182,75,246,230,226,174,44,90,5,13,64,80,84,34,112,106,104,73,13,21,4,12,75,102,94,37,126,119,113,73,10,13,4,13,80,97,98,37,132,122,120,77,11,12,5,9,45,76,66,26,80,78,79,57,12,21,10.38,21.12,96.12,120.0,124.38,49.62,166.25,155.0,152.62,110.38,23.88,43.75
Asphalt_0cm_S2,2026-04-02T17:00:44.575379,13,25,115,139,151,58,205,189,180,138,32,62,17,32,134,153,164,68,223,202,209,153,36,65,16,28,120,144,156,62,206,194,190,138,33,66,19,37,136,169,182,75,246,230,226,174,44,90,5,13,64,80,84,34,112,106,104,73,13,21,4,12,75,102,94,37,126,119,113,73,10,13,4,13,80,97,98,37,132,122,120,77,11,12,5,9,45,76,66,26,80,78,79,57,12,21,10.38,21.12,96.12,120.0,124.38,49.62,166.25,155.0,152.62,110.38,23.88,43.75
Asphalt_0cm_S2,2026-04-02T17:00:44.638685,13,25,115,139,151,58,205,189,180,138,32,62,17,32,134,153,164,68,223,202,209,153,36,65,16,28,120,145,156,62,206,194,190,138,33,65,19,37,136,169,182,75,246,229,227,174,44,89,5,13,64,79,84,33,112,106,104,73,13,21,4,12,75,102,94,37,126,119,113,73,10,13,4,13,80,97,98,37,132,122,120,77,11,13,5,9,45,76,66,26,80,78,79,57,12,21,10.38,21.12,96.12,120.0,124.38,49.5,166.25,154.88,152.75,110.38,23.88,43.62
Asphalt_0cm_S2,2026-04-02T17:00:44.701390,13,25,115,139,151,58,205,189,180,138,32,62,17,32,134,153,164,68,223,202,209,153,36,65,16,28,120,145,156,62,206,194,190,138,33,65,19,37,136,169,182,75,246,229,227,174,44,89,5,13,64,79,84,34,112,106,104,73,13,21,4,12,75,102,93,37,126,119,113,73,10,13,4,13,79,97,97,37,132,122,120,77,11,12,5,9,45,76,65,26,79,77,78,56,11,20,10.38,21.12,96.0,120.0,124.0,49.62,166.12,154.75,152.62,110.25,23.75,43.38
Asphalt_0cm_S2,2026-04-02T17:00:44.764591,13,25,115,139,151,58,205,189,180,138,32,62,17,32,134,153,164,68,223,202,209,153,36,65,16,28,120,145,156,62,206,194,190,138,33,65,19,37,136,169,182,75,246,229,227,174,44,89,5,13,64,79,84,34,112,106,104,73,13,21,4,12,75,102,93,37,126,119,113,73,10,13,4,13,79,97,97,37,132,122,120,77,11,12,5,9,45,76,65,26,79,77,78,56,11,20,10.38,21.12,96.0,120.0,124.0,49.62,166.12,154.75,152.62,110.25,23.75,43.38
Asphalt_0cm_S2,2026-04-02T17:00:44.827574,12,25,115,138,150,58,204,188,179,136,32,61,17,32,133,153,163,68,222,202,208,152,36,64,16,28,120,145,156,62,206,194,190,138,33,65,20,37,136,169,182,75,246,230,227,174,44,89,5,13,64,79,84,34,112,106,104,73,13,21,4,12,75,102,93,37,126,119,113,73,10,13,4,13,79,97,97,37,132,122,120,77,11,12,5,9,45,76,65,26,79,77,78,56,11,20,10.38,21.12,95.88,119.88,123.75,49.62,165.88,154.75,152.38,109.88,23.75,43.12
Asphalt_0cm_S2,2026-04-02T17:00:44.887163,12,25,115,138,150,58,204,188,179,136,32,61,17,32,133,153,163,68,222,202,208,152,36,64,16,28,120,145,156,62,206,194,190,138,33,65,20,37,136,169,182,75,246,230,227,174,44,89,5,13,64,79,84,34,112,106,104,73,13,21,4,12,75,102,93,37,126,119,113,73,10,13,4,13,79,97,97,37,132,122,120,77,11,12,5,9,45,76,65,26,79,77,78,56,11,20,10.38,21.12,95.88,119.88,123.75,49.62,165.88,154.75,152.38,109.88,23.75,43.12
Asphalt_0cm_S2,2026-04-02T17:00:44.949967,12,25,115,138,150,58,204,188,179,136,32,61,17,32,133,153,163,68,222,202,208,152,36,64,16,28,120,145,156,62,206,194,190,138,33,65,20,37,136,169,182,75,246,230,227,174,44,89,5,13,64,79,84,34,112,106,104,73,13,21,4,12,75,102,93,37,126,119,113,73,10,13,4,13,79,97,97,37,132,122,120,77,11,12,5,9,45,76,65,26,79,77,78,56,11,20,10.38,21.12,95.88,119.88,123.75,49.62,165.88,154.75,152.38,109.88,23.75,43.12
Asphalt_0cm_S2,2026-04-02T17:00:45.019271,12,25,115,138,150,58,204,188,179,136,32,61,17,32,133,153,163,68,222,202,208,152,36,64,16,28,120,145,156,62,206,194,190,138,33,65,20,37,136,169,182,75,246,230,227,174,44,89,5,13,64,79,84,34,112,106,104,73,13,21,4,12,75,102,93,37,126,119,113,73,10,13,4,13,79,97,97,37,132,122,120,77,11,12,5,9,45,76,65,26,79,77,78,56,11,20,10.38,21.12,95.88,119.88,123.75,49.62,165.88,154.75,152.38,109.88,23.75,43.12
Asphalt_0cm_S2,2026-04-02T17:00:45.075155,12,25,115,138,150,58,204,188,179,136,32,61,17,32,133,153,163,68,222,202,208,152,36,64,16,28,120,145,156,62,206,194,190,138,33,65,20,37,136,169,182,75,246,230,227,174,44,89,5,13,64,79,84,34,112,106,104,73,13,21,4,12,75,102,94,37,126,119,113,73,10,13,4,13,79,97,97,37,132,122,120,78,11,12,5,9,45,76,65,26,79,77,78,56,11,20,10.38,21.12,95.88,119.88,123.88,49.62,165.88,154.75,152.38,110.0,23.75,43.12
Asphalt_0cm_S2,2026-04-02T17:00:45.147054,12,25,115,138,150,58,204,188,179,136,32,61,17,32,133,153,163,68,222,202,208,152,36,64,16,28,120,145,156,62,206,194,190,138,33,65,20,37,136,169,182,75,246,230,227,174,44,89,5,13,64,79,84,34,112,106,104,73,13,21,4,12,75,102,94,37,126,119,113,73,10,13,4,13,79,97,97,37,132,122,120,78,11,12,5,9,45,76,65,26,79,77,78,56,11,20,10.38,21.12,95.88,119.88,123.88,49.62,165.88,154.75,152.38,110.0,23.75,43.12
Asphalt_0cm_S2,2026-04-02T17:00:45.203212,12,25,115,138,150,58,204,188,179,136,32,61,17,32,133,153,163,68,222,202,208,152,36,64,16,28,120,145,156,62,206,194,190,138,33,65,20,37,136,169,182,75,246,230,227,174,44,89,5,13,64,79,84,34,112,106,104,73,13,21,4,12,75,102,94,37,126,119,113,73,10,13,4,13,79,97,97,37,132,122,120,78,11,12,5,9,45,76,65,26,79,77,78,56,11,20,10.38,21.12,95.88,119.88,123.88,49.62,165.88,154.75,152.38,110.0,23.75,43.12
Asphalt_0cm_S2,2026-04-02T17:00:45.273766,13,25,114,138,150,58,204,189,179,136,32,61,17,32,134,153,163,68,223,202,209,153,36,64,16,28,120,144,156,62,206,194,190,138,33,65,19,37,136,169,182,75,245,230,226,173,44,89,5,13,64,79,84,34,112,106,104,73,13,21,4,12,75,102,94,37,126,119,113,73,10,13,4,13,79,97,97,37,132,122,120,78,11,12,5,9,44,75,65,26,78,76,78,55,11,20,10.38,21.12,95.75,119.62,123.88,49.62,165.75,154.75,152.38,109.88,23.75,43.12
Asphalt_0cm_S2,2026-04-02T17:00:45.336680,13,25,114,138,150,58,204,189,179,136,32,61,17,32,134,153,163,68,223,202,209,153,36,64,16,28,120,144,156,62,206,194,190,138,33,65,19,37,136,169,182,75,245,230,226,173,44,89,5,13,64,79,84,34,112,106,104,73,13,21,4,12,75,102,94,37,126,119,113,73,10,13,4,13,79,97,97,37,132,122,120,78,11,12,5,9,44,75,65,26,78,76,78,55,11,20,10.38,21.12,95.75,119.62,123.88,49.62,165.75,154.75,152.38,109.88,23.75,43.12
Asphalt_0cm_S2,2026-04-02T17:00:45.394066,13,25,114,138,150,58,204,189,179,136,32,61,17,32,134,153,163,68,223,202,209,153,36,64,16,28,120,144,156,62,206,194,190,138,33,65,19,37,136,169,182,75,245,230,226,173,44,89,5,13,64,79,84,34,112,106,104,73,13,21,4,12,75,102,94,37,126,119,113,73,10,13,4,13,79,97,97,37,132,122,120,78,11,12,5,9,44,75,65,26,78,76,78,55,11,20,10.38,21.12,95.75,119.62,123.88,49.62,165.75,154.75,152.38,109.88,23.75,43.12
Asphalt_0cm_S2,2026-04-02T17:00:45.451578,13,25,116,139,151,59,206,190,180,138,32,62,17,32,134,153,164,69,223,203,210,153,36,65,16,29,120,145,156,62,207,194,191,138,33,66,19,36,135,168,181,75,244,228,225,172,43,87,5,13,64,79,84,34,112,106,104,73,13,21,4,12,75,102,93,37,126,119,113,72,10,12,4,13,79,97,98,37,132,122,120,77,11,12,5,9,45,75,65,26,79,77,78,55,11,20,10.38,21.12,96.0,119.75,124.0,49.88,166.12,154.88,152.62,109.75,23.62,43.12
Asphalt_0cm_S2,2026-04-02T17:00:45.514385,13,25,116,139,151,59,206,190,180,138,32,62,17,32,134,153,164,69,223,203,210,153,36,65,16,29,120,145,156,62,207,194,191,138,33,66,19,36,135,168,181,75,244,228,225,172,43,87,5,13,64,79,84,34,112,106,104,73,13,21,4,12,75,102,93,37,126,119,113,72,10,12,4,13,79,97,98,37,132,122,120,77,11,12,5,9,45,75,65,26,79,77,78,55,11,20,10.38,21.12,96.0,119.75,124.0,49.88,166.12,154.88,152.62,109.75,23.62,43.12
Asphalt_0cm_S2,2026-04-02T17:00:45.589997,13,25,116,139,151,59,206,190,180,138,32,62,18,33,134,154,165,69,224,203,210,154,36,66,16,29,121,145,156,62,207,195,191,139,33,66,19,36,135,168,181,75,245,229,226,173,43,88,5,13,64,80,84,34,112,106,104,73,13,21,4,12,75,102,94,37,126,119,113,73,10,13,4,13,80,97,98,37,133,123,120,78,11,13,5,9,45,75,65,26,79,77,78,56,11,20,10.5,21.25,96.25,120.0,124.25,49.88,166.5,155.25,152.75,110.5,23.62,43.62
Asphalt_0cm_S2,2026-04-02T17:00:45.656478,13,26,116,140,152,59,207,191,181,139,33,63,18,33,135,154,165,69,224,204,211,155,36,66,17,29,121,146,157,62,207,195,192,139,34,67,19,36,135,169,182,75,245,229,226,173,43,89,5,13,64,79,84,34,112,106,104,73,13,21,4,12,75,102,94,37,126,119,113,73,10,13,4,13,80,97,98,37,133,123,120,78,11,13,5,9,45,75,65,26,79,77,78,56,11,20,10.62,21.38,96.38,120.25,124.62,49.88,166.62,155.5,153.12,110.75,23.88,44.0
Asphalt_0cm_S2,2026-04-02T17:00:45.716025,13,26,116,140,152,59,207,191,181,139,33,63,18,33,135,154,165,69,224,204,211,155,36,66,17,29,121,146,157,62,207,195,192,139,34,67,19,36,135,169,182,75,245,229,226,173,43,89,5,13,64,79,84,34,112,106,104,73,13,21,4,12,75,102,94,37,126,119,113,73,10,13,4,13,80,97,98,37,133,122,120,77,11,12,5,9,45,75,65,26,79,77,78,56,11,20,10.62,21.38,96.38,120.25,124.62,49.88,166.62,155.38,153.12,110.62,23.88,43.88
Asphalt_0cm_S2,2026-04-02T17:00:45.777804,13,26,116,140,152,59,207,191,181,139,33,63,18,33,135,154,165,69,224,204,211,155,36,66,17,29,121,146,157,62,207,195,192,139,34,67,19,36,135,169,182,75,245,229,226,173,43,89,5,13,64,79,84,34,112,106,104,73,13,21,4,12,75,102,94,37,126,119,113,73,10,13,4,13,80,97,98,37,133,122,120,77,11,12,5,9,45,75,65,26,79,77,78,56,11,20,10.62,21.38,96.38,120.25,124.62,49.88,166.62,155.38,153.12,110.62,23.88,43.88
Asphalt_0cm_S2,2026-04-02T17:00:45.836125,13,26,116,140,152,59,207,191,181,139,33,63,18,33,135,154,165,69,224,204,211,155,36,66,17,29,121,146,157,62,207,195,192,139,34,67,19,36,135,169,182,75,245,229,226,173,43,89,5,13,64,79,84,34,112,106,104,73,13,21,4,12,75,102,94,37,126,119,113,73,10,13,4,13,80,97,98,37,133,122,120,77,11,12,5,9,45,75,65,26,79,77,78,56,11,20,10.62,21.38,96.38,120.25,124.62,49.88,166.62,155.38,153.12,110.62,23.88,43.88
Asphalt_0cm_S2,2026-04-02T17:00:45.886058,13,26,116,140,152,59,207,191,181,139,33,63,18,33,135,154,165,69,224,204,211,155,36,66,17,29,121,146,157,62,207,195,192,139,34,67,19,36,135,169,182,75,245,229,226,173,43,89,5,13,64,79,84,34,112,106,104,73,13,21,4,12,75,102,94,37,126,119,113,73,10,13,4,13,80,97,98,37,133,122,120,77,11,12,5,9,45,75,65,26,79,77,78,56,11,20,10.62,21.38,96.38,120.25,124.62,49.88,166.62,155.38,153.12,110.62,23.88,43.88
Asphalt_0cm_S2,2026-04-02T17:00:45.954954,13,26,116,140,152,59,207,191,181,139,33,63,18,33,135,154,165,69,224,204,211,155,36,66,17,29,121,146,157,62,207,195,192,139,34,67,19,36,135,169,182,75,245,229,226,173,43,89,5,13,64,79,84,34,112,106,104,73,13,21,4,12,75,102,94,37,126,119,113,73,10,13,4,13,80,97,98,37,133,122,120,77,11,12,5,9,45,75,65,26,79,77,78,56,11,20,10.62,21.38,96.38,120.25,124.62,49.88,166.62,155.38,153.12,110.62,23.88,43.88
Asphalt_0cm_S2,2026-04-02T17:00:46.019686,13,26,116,140,152,59,207,191,181,139,33,63,18,33,135,154,165,69,224,204,211,155,36,66,17,29,121,146,157,62,207,195,192,139,34,67,19,36,135,169,182,75,245,229,226,173,43,89,5,13,64,79,84,34,112,106,104,73,13,21,4,12,75,102,94,37,126,119,113,73,10,13,4,13,80,97,98,37,133,122,120,77,11,12,5,9,45,75,65,26,79,77,78,56,11,20,10.62,21.38,96.38,120.25,124.62,49.88,166.62,155.38,153.12,110.62,23.88,43.88
Asphalt_0cm_S2,2026-04-02T17:00:46.068540,14,26,117,140,153,59,208,192,182,140,34,65,18,33,135,155,166,69,225,205,212,155,37,67,17,29,121,145,157,62,208,195,192,139,34,67,20,37,136,170,183,75,246,230,227,174,44,90,5,13,64,80,84,34,112,106,104,73,13,21,4,12,75,102,94,37,126,119,113,73,10,13,4,13,80,97,98,37,132,122,120,77,11,12,5,9,45,75,65,26,79,77,78,56,11,21,10.88,21.5,96.62,120.5,125.0,49.88,167.0,155.75,153.5,110.88,24.25,44.5
Asphalt_0cm_S2,2026-04-02T17:00:46.138018,14,26,117,141,153,59,209,193,183,141,34,66,18,33,135,155,166,69,225,205,212,155,37,67,17,29,121,146,157,62,208,196,192,139,34,67,20,37,136,170,183,75,246,231,228,175,45,91,5,13,64,80,84,34,112,106,104,73,13,21,4,12,75,102,94,37,126,119,113,73,10,13,4,13,80,97,98,37,132,122,120,77,11,12,5,9,45,75,65,26,79,77,78,56,11,21,10.88,21.5,96.62,120.75,125.0,49.88,167.12,156.12,153.75,111.12,24.38,44.75
Asphalt_0cm_S2,2026-04-02T17:00:46.207002,14,26,117,141,153,59,209,193,183,141,34,66,18,33,135,155,166,69,225,205,212,155,37,67,17,29,121,146,157,62,208,196,192,139,34,67,20,37,136,170,183,75,246,231,228,175,45,91,5,13,64,79,84,34,112,106,104,73,13,21,4,12,75,102,94,37,126,119,113,73,10,13,4,13,80,97,98,37,133,122,120,77,11,12,5,9,45,75,65,26,79,77,78,56,11,21,10.88,21.5,96.62,120.62,125.0,49.88,167.25,156.12,153.75,111.12,24.38,44.75
Asphalt_0cm_S2,2026-04-02T17:00:46.269677,14,26,117,141,153,59,209,193,183,141,34,66,18,33,135,155,166,69,225,205,212,155,37,67,17,29,121,146,157,62,208,196,192,139,34,67,20,37,136,170,183,75,246,231,228,175,45,91,5,13,64,79,84,34,112,106,104,73,13,21,4,12,75,102,94,37,126,119,113,73,10,13,4,13,80,97,98,37,133,122,120,77,11,12,5,9,45,76,65,26,79,77,79,56,11,21,10.88,21.5,96.62,120.75,125.0,49.88,167.25,156.12,153.88,111.12,24.38,44.75
Asphalt_0cm_S2,2026-04-02T17:00:46.326880,14,26,117,141,153,59,209,193,183,141,34,66,18,33,135,155,166,69,225,205,212,155,37,67,17,29,121,146,157,62,208,196,192,139,34,67,20,37,136,170,183,75,246,231,228,175,45,91,5,13,64,79,84,34,112,106,104,73,13,21,4,12,75,102,94,37,126,119,113,73,10,13,4,13,80,97,98,37,133,122,120,77,11,12,5,9,45,76,65,26,79,77,79,56,11,21,10.88,21.5,96.62,120.75,125.0,49.88,167.25,156.12,153.88,111.12,24.38,44.75
Asphalt_0cm_S2,2026-04-02T17:00:46.396007,14,26,117,141,153,59,209,193,183,141,34,66,18,33,135,155,166,69,225,205,212,155,37,67,17,29,121,146,157,62,208,196,192,139,34,67,20,37,136,170,183,75,246,231,228,175,45,91,5,13,64,79,84,34,112,106,104,73,13,21,4,12,75,102,94,37,126,119,113,73,10,13,4,13,80,97,98,37,133,122,120,77,11,12,5,9,45,76,65,26,79,77,79,56,11,21,10.88,21.5,96.62,120.75,125.0,49.88,167.25,156.12,153.88,111.12,24.38,44.75
Asphalt_0cm_S2,2026-04-02T17:00:46.454021,14,26,117,141,153,59,209,193,183,141,34,66,18,33,135,155,166,69,225,205,212,155,37,67,17,29,121,146,157,62,208,196,192,139,34,67,20,37,136,170,183,75,246,231,228,175,45,91,5,13,64,79,84,34,112,106,104,73,13,21,4,12,75,102,94,37,126,119,113,73,10,13,4,13,80,97,98,37,133,122,120,77,11,12,5,9,45,76,65,26,79,77,79,56,11,21,10.88,21.5,96.62,120.75,125.0,49.88,167.25,156.12,153.88,111.12,24.38,44.75
Asphalt_0cm_S2,2026-04-02T17:00:46.525396,14,26,117,141,153,59,209,193,183,141,34,66,18,33,136,155,166,69,226,205,213,156,37,68,16,29,121,146,157,62,208,196,192,139,34,67,20,37,136,170,183,76,247,231,228,175,45,91,5,13,64,80,84,34,112,106,104,73,13,21,4,12,75,102,94,37,126,119,113,73,10,13,4,13,80,97,98,37,133,122,120,77,11,12,5,9,45,76,65,26,79,77,79,56,11,21,10.75,21.5,96.75,120.88,125.0,50.0,167.5,156.12,154.0,111.25,24.38,44.88
Asphalt_0cm_S2,2026-04-02T17:00:46.592343,14,26,117,141,153,60,208,192,183,141,34,66,18,33,136,155,166,69,226,205,213,156,37,68,16,29,121,146,157,62,208,196,192,139,34,67,20,37,137,170,183,76,247,231,228,175,45,91,5,13,64,80,84,34,112,106,104,73,13,21,4,12,75,102,94,37,126,119,113,73,10,13,4,13,80,97,98,37,133,122,120,77,11,12,5,9,45,76,65,26,79,77,78,56,12,21,10.75,21.5,96.88,120.88,125.0,50.12,167.38,156.0,153.88,111.25,24.5,44.88
Asphalt_0cm_S2,2026-04-02T17:00:46.657406,14,26,117,141,153,60,208,192,183,141,34,66,18,33,136,155,166,69,225,205,212,156,37,67,17,29,121,146,157,62,208,196,192,140,34,67,20,37,137,170,183,76,247,231,228,175,45,91,5,13,64,80,84,34,112,106,104,73,13,21,4,12,75,102,94,37,126,119,113,73,10,13,4,13,80,97,98,37,133,122,120,77,11,12,5,9,45,76,65,26,79,77,78,56,12,21,10.88,21.5,96.88,120.88,125.0,50.12,167.25,156.0,153.75,111.38,24.5,44.75
Asphalt_0cm_S2,2026-04-02T17:00:46.718131,14,26,117,141,153,60,208,192,183,141,34,66,18,33,136,155,166,69,225,205,212,156,37,67,17,29,121,146,157,62,208,196,192,140,34,67,20,37,137,170,183,76,247,231,228,175,45,91,5,13,64,80,84,34,112,106,104,73,13,21,4,12,75,102,94,37,126,119,113,73,10,12,4,13,79,97,98,37,132,122,120,77,11,12,5,9,45,76,65,26,79,77,79,56,11,21,10.88,21.5,96.75,120.88,125.0,50.12,167.12,156.0,153.88,111.38,24.38,44.62
Asphalt_0cm_S2,2026-04-02T17:00:46.781455,14,26,117,141,153,60,208,192,183,141,34,66,18,33,136,155,166,69,225,205,212,156,37,67,17,29,121,146,157,62,208,196,192,140,34,67,20,37,137,170,183,76,247,231,228,175,45,91,5,13,64,80,84,34,112,106,104,73,13,21,4,12,75,102,94,37,126,119,113,73,10,12,4,13,79,97,98,37,132,122,120,77,11,12,5,9,45,76,65,26,79,77,79,56,11,21,10.88,21.5,96.75,120.88,125.0,50.12,167.12,156.0,153.88,111.38,24.38,44.62
Asphalt_0cm_S2,2026-04-02T17:00:46.840186,14,26,117,141,153,60,208,192,183,141,34,65,18,33,135,155,166,69,225,205,212,155,37,67,16,29,121,146,157,62,208,196,192,139,34,67,20,37,137,170,183,76,247,231,228,175,45,91,5,13,64,79,84,34,112,106,104,73,13,20,4,12,75,102,94,37,126,119,113,72,10,12,4,13,79,97,98,37,132,122,120,77,11,12,5,9,45,76,65,26,79,77,79,56,11,21,10.75,21.5,96.62,120.75,125.0,50.12,167.12,156.0,153.88,111.0,24.38,44.38
Asphalt_0cm_S2,2026-04-02T17:00:46.901801,14,26,117,141,153,60,208,192,183,141,34,65,18,33,135,155,166,69,225,205,212,155,37,67,16,29,121,146,157,62,208,196,192,139,34,67,20,37,137,170,183,76,247,231,228,175,45,91,5,13,64,79,84,34,112,106,104,73,13,20,4,12,75,102,94,37,126,119,113,72,10,12,4,13,80,97,98,37,132,122,120,77,11,12,5,9,45,76,65,26,79,77,79,56,11,21,10.75,21.5,96.75,120.75,125.0,50.12,167.12,156.0,153.88,111.0,24.38,44.38
Asphalt_0cm_S2,2026-04-02T17:00:46.965188,14,26,117,141,153,60,208,192,183,141,34,65,18,33,135,155,166,69,225,205,212,155,37,67,16,29,121,146,157,62,208,196,192,139,34,67,20,37,137,170,183,76,247,231,228,175,45,91,5,13,64,79,84,34,112,106,104,73,13,20,4,12,75,102,94,37,126,119,113,72,10,12,4,13,80,97,98,37,132,122,120,77,11,12,5,9,45,76,65,26,79,77,79,56,11,21,10.75,21.5,96.75,120.75,125.0,50.12,167.12,156.0,153.88,111.0,24.38,44.38
Asphalt_0cm_S2,2026-04-02T17:00:47.030955,14,26,117,141,153,60,208,192,183,141,34,65,18,33,135,155,166,69,225,205,212,155,37,67,16,29,121,146,157,62,208,196,192,139,34,67,20,37,137,170,183,76,247,231,228,175,45,91,5,13,64,79,84,34,112,106,104,73,13,20,4,12,75,102,94,37,126,119,113,72,10,12,4,13,80,97,98,37,132,122,120,77,11,12,5,9,45,76,65,26,79,77,79,56,11,21,10.75,21.5,96.75,120.75,125.0,50.12,167.12,156.0,153.88,111.0,24.38,44.38
Asphalt_0cm_S2,2026-04-02T17:00:47.093816,14,26,117,141,153,59,209,192,183,141,33,66,18,33,136,155,166,69,225,205,212,156,37,67,17,29,121,145,157,62,208,196,192,140,34,67,20,37,137,170,183,76,246,231,228,175,45,91,5,13,64,79,83,34,111,106,103,72,12,20,4,12,75,102,93,37,126,119,113,72,10,12,4,13,79,97,97,37,132,122,120,77,10,12,5,9,45,76,65,26,79,77,78,56,11,20,10.88,21.5,96.75,120.62,124.62,50.0,167.0,156.0,153.62,111.12,24.0,44.38
Asphalt_0cm_S2,2026-04-02T17:00:47.158447,14,26,117,141,153,59,209,192,183,141,33,66,18,33,135,155,166,69,225,205,212,156,37,67,16,29,121,146,157,62,208,196,192,139,34,67,20,38,137,171,184,76,247,232,229,176,45,92,5,13,64,79,84,34,112,106,104,72,13,20,4,12,75,102,93,37,126,119,113,72,10,12,4,13,79,97,97,37,132,122,120,77,10,12,5,9,45,76,65,26,79,77,78,56,11,20,10.75,21.62,96.62,120.88,124.88,50.0,167.25,156.12,153.88,111.12,24.12,44.5
Asphalt_0cm_S2,2026-04-02T17:00:47.217739,14,26,117,141,153,59,209,192,183,141,33,66,18,33,135,155,166,69,225,205,212,156,37,67,16,29,121,146,157,62,208,196,192,139,34,67,20,38,137,171,184,76,247,232,229,176,45,92,5,13,64,79,84,34,112,106,104,72,13,20,4,12,75,102,93,37,126,119,113,72,10,12,4,13,79,97,97,37,132,122,120,77,11,12,5,9,45,75,65,26,79,77,78,56,12,20,10.75,21.62,96.62,120.75,124.88,50.0,167.25,156.12,153.88,111.12,24.38,44.5
Asphalt_0cm_S2,2026-04-02T17:00:47.281153,14,26,117,141,153,59,208,192,183,141,34,65,18,33,135,155,166,69,226,205,212,156,37,67,16,29,121,146,157,62,208,196,192,139,34,67,20,38,137,171,184,76,247,232,229,176,45,92,5,13,64,79,84,34,112,106,104,72,13,20,4,12,75,102,93,37,126,119,113,72,10,12,4,13,79,97,97,37,132,122,120,77,11,12,5,9,45,75,65,26,79,77,78,56,12,20,10.75,21.62,96.62,120.75,124.88,50.0,167.25,156.12,153.88,111.12,24.5,44.38
Asphalt_0cm_S2,2026-04-02T17:00:47.339961,14,26,117,141,153,59,208,192,183,141,34,65,18,33,135,155,166,69,226,205,212,156,37,67,16,29,121,146,157,62,208,196,192,139,34,67,20,38,137,171,184,76,247,232,229,176,45,92,5,13,64,79,84,34,112,106,104,72,13,20,4,12,75,102,93,37,126,119,113,72,10,12,4,13,79,97,97,37,132,122,120,77,11,12,5,9,45,75,65,26,79,77,78,56,12,20,10.75,21.62,96.62,120.75,124.88,50.0,167.25,156.12,153.88,111.12,24.5,44.38
Asphalt_0cm_S2,2026-04-02T17:00:47.393397,14,26,117,141,153,59,208,192,183,141,34,65,18,33,135,155,166,69,226,205,212,156,37,67,16,29,121,146,157,62,208,196,192,139,34,67,20,38,137,171,184,76,247,232,229,176,45,92,5,13,64,79,84,34,112,106,104,72,13,20,4,12,75,102,93,37,126,119,113,72,10,12,4,13,79,97,97,37,132,122,120,77,11,12,5,9,45,75,65,26,79,77,78,56,12,20,10.75,21.62,96.62,120.75,124.88,50.0,167.25,156.12,153.88,111.12,24.5,44.38
Asphalt_0cm_S2,2026-04-02T17:00:47.456069,14,26,117,141,153,59,208,192,183,141,34,65,18,33,135,155,166,69,226,205,212,156,37,67,16,29,121,146,157,62,208,196,192,139,34,67,20,38,137,171,184,76,247,232,229,176,45,92,5,13,64,79,84,34,112,106,104,72,13,20,4,12,75,102,93,37,126,119,113,72,10,12,4,13,79,97,97,37,132,122,120,77,11,12,5,9,45,75,65,26,79,77,78,56,12,20,10.75,21.62,96.62,120.75,124.88,50.0,167.25,156.12,153.88,111.12,24.5,44.38
Asphalt_0cm_S2,2026-04-02T17:00:47.535202,14,26,117,141,153,59,208,192,183,141,34,65,18,33,135,155,166,69,226,205,212,156,37,67,17,29,121,146,157,62,208,196,192,139,34,67,20,37,136,170,183,76,247,231,228,175,45,91,5,13,64,79,83,34,111,106,103,72,12,20,4,12,75,102,93,37,126,118,113,73,10,12,4,13,79,97,97,37,132,122,120,77,11,12,5,9,45,76,65,26,79,77,78,56,11,20,10.88,21.5,96.5,120.75,124.62,50.0,167.12,155.88,153.62,111.12,24.25,44.25
Asphalt_0cm_S2,2026-04-02T17:00:47.602751,14,26,118,141,154,60,209,192,184,141,34,66,18,34,136,156,166,70,226,205,213,156,37,68,17,29,121,146,157,62,208,196,192,139,34,67,20,37,136,170,183,76,247,231,228,175,45,91,5,13,64,79,84,34,112,106,104,73,13,20,4,12,75,102,94,37,126,119,113,73,10,12,4,13,79,97,98,37,132,122,120,77,11,12,5,9,45,76,65,26,79,77,79,56,12,21,10.88,21.62,96.75,120.88,125.12,50.25,167.38,156.0,154.12,111.25,24.5,44.62
Asphalt_0cm_S2,2026-04-02T17:00:47.663264,14,26,118,141,154,60,209,192,184,141,34,66,18,34,136,156,166,70,226,205,213,156,37,68,17,29,121,146,157,63,208,196,192,140,34,67,20,38,137,171,184,76,247,231,229,176,45,91,5,13,64,80,84,34,112,106,104,73,13,21,4,12,75,102,94,37,126,119,113,73,10,13,4,13,79,97,98,37,132,122,120,77,11,12,5,9,45,76,65,26,79,77,79,56,12,21,10.88,21.75,96.88,121.12,125.25,50.38,167.38,156.0,154.25,111.5,24.5,44.88
Asphalt_0cm_S2,2026-04-02T17:00:47.724981,14,26,118,141,154,60,209,192,184,141,34,66,18,34,136,156,166,70,226,205,213,156,37,68,17,29,121,146,157,63,208,196,192,140,34,67,20,38,137,171,184,76,247,231,229,176,45,91,5,13,64,80,84,34,112,106,104,73,13,21,4,12,75,102,94,37,126,119,113,73,10,13,4,13,80,97,98,37,133,122,120,77,11,12,5,9,45,76,65,26,79,77,78,56,12,21,10.88,21.75,97.0,121.12,125.25,50.38,167.5,156.0,154.12,111.5,24.5,44.88
Asphalt_0cm_S2,2026-04-02T17:00:47.785377,14,26,118,141,154,60,209,192,184,141,34,66,18,34,136,156,166,70,226,205,213,156,37,68,17,29,121,146,157,63,208,196,192,140,34,67,20,38,137,171,184,76,247,231,229,176,45,91,5,13,64,80,84,34,112,106,104,73,13,21,4,12,75,102,94,37,126,119,113,73,10,13,4,13,80,97,98,37,133,122,120,77,11,12,5,9,45,76,65,26,79,77,78,56,12,21,10.88,21.75,97.0,121.12,125.25,50.38,167.5,156.0,154.12,111.5,24.5,44.88
Asphalt_0cm_S2,2026-04-02T17:00:47.842007,14,26,117,141,153,60,209,193,183,142,34,66,18,34,136,156,166,70,226,205,213,156,37,68,16,29,121,146,157,63,208,196,192,139,34,67,20,38,137,170,184,76,247,232,229,176,45,92,5,13,64,80,84,34,112,106,104,73,13,21,4,12,75,102,94,37,126,119,113,73,10,13,4,13,80,97,98,37,132,122,120,77,11,12,5,9,45,76,65,26,79,77,78,56,12,21,10.75,21.75,96.88,121.0,125.12,50.38,167.38,156.25,154.0,111.5,24.5,45.0
Asphalt_0cm_S2,2026-04-02T17:00:47.904264,14,26,117,141,153,60,209,193,183,142,34,66,18,34,136,156,166,70,226,205,213,156,37,68,16,29,121,146,157,63,208,196,192,139,34,67,20,38,137,170,184,76,247,232,229,176,45,92,5,13,64,80,84,34,112,106,104,73,13,21,4,12,75,102,94,37,126,119,113,73,10,13,4,13,80,97,98,37,132,122,120,77,11,12,5,9,45,75,65,26,79,77,78,56,11,21,10.75,21.75,96.88,120.88,125.12,50.38,167.38,156.25,154.0,111.5,24.38,45.0
Asphalt_0cm_S2,2026-04-02T17:00:47.974978,14,26,117,141,153,60,209,193,183,142,34,66,18,34,136,156,166,70,226,205,213,156,37,68,16,29,121,146,157,63,208,196,192,139,34,67,20,38,137,170,184,76,247,232,229,176,45,92,5,13,64,80,84,34,112,106,104,73,13,21,4,12,75,102,94,37,126,119,113,73,10,13,4,13,80,97,98,37,132,122,120,77,11,12,5,9,45,75,65,26,79,77,78,56,11,21,10.75,21.75,96.88,120.88,125.12,50.38,167.38,156.25,154.0,111.5,24.38,45.0
Asphalt_0cm_S2,2026-04-02T17:00:48.024348,14,26,117,141,153,60,209,193,183,142,34,66,18,34,136,156,166,70,226,205,213,156,37,68,16,29,121,146,157,63,208,196,192,139,34,67,20,38,137,170,184,76,247,232,229,176,45,92,5,13,64,80,84,34,112,106,104,73,13,21,4,12,75,102,94,37,126,119,113,73,10,13,4,13,80,97,98,37,132,122,120,77,11,12,5,9,45,75,65,26,79,77,78,56,11,21,10.75,21.75,96.88,120.88,125.12,50.38,167.38,156.25,154.0,111.5,24.38,45.0
Asphalt_0cm_S2,2026-04-02T17:00:48.104280,14,26,117,141,153,60,209,193,184,141,34,66,18,34,136,155,166,70,226,205,213,157,37,68,16,29,121,146,157,63,208,196,192,139,34,67,20,37,136,170,183,76,247,231,228,175,45,91,5,13,64,79,84,34,112,107,104,73,13,21,4,12,75,102,94,37,126,119,113,73,10,12,4,13,80,97,98,37,133,122,120,77,11,12,5,9,45,76,65,26,79,77,78,56,11,20,10.75,21.62,96.75,120.75,125.0,50.38,167.5,156.25,154.0,111.38,24.38,44.62
Asphalt_0cm_S2,2026-04-02T17:00:48.165736,14,26,117,141,153,60,209,193,184,141,34,66,18,34,136,155,166,70,226,205,213,157,37,68,16,29,121,146,157,62,208,196,192,139,34,67,20,37,136,169,182,75,246,230,227,174,44,89,5,13,64,80,84,34,112,106,104,73,13,21,4,12,75,102,94,37,126,119,113,73,10,12,4,13,80,97,98,37,133,122,120,77,11,12,5,9,45,76,65,26,79,77,78,56,11,20,10.75,21.62,96.75,120.75,124.88,50.12,167.38,156.0,153.88,111.25,24.25,44.38
Asphalt_0cm_S2,2026-04-02T17:00:48.224618,14,26,117,141,153,60,209,193,184,141,34,66,18,34,136,155,166,70,226,205,213,157,37,68,16,29,121,146,157,62,208,196,192,139,34,67,20,37,136,169,182,75,246,230,227,174,44,89,5,13,64,80,84,34,112,106,104,73,13,21,4,12,75,102,94,37,126,119,113,73,10,12,4,13,80,97,98,37,133,122,120,77,11,12,5,9,45,75,65,26,79,77,78,56,11,20,10.75,21.62,96.75,120.62,124.88,50.12,167.38,156.0,153.88,111.25,24.25,44.38
Asphalt_0cm_S2,2026-04-02T17:00:48.281378,14,26,117,141,153,60,209,193,184,141,34,66,18,34,136,155,166,70,226,205,213,157,37,68,16,29,121,146,157,62,208,196,192,139,34,67,20,37,136,169,182,75,246,230,227,174,44,89,5,13,64,80,84,34,112,106,104,73,13,21,4,12,75,102,94,37,126,119,113,73,10,12,4,13,80,97,98,37,133,122,120,77,11,12,5,9,45,75,65,26,79,77,78,56,11,20,10.75,21.62,96.75,120.62,124.88,50.12,167.38,156.0,153.88,111.25,24.25,44.38
Asphalt_0cm_S2,2026-04-02T17:00:48.336250,14,27,117,141,154,60,209,193,184,142,34,66,18,33,136,156,167,70,226,206,213,156,37,68,17,29,121,145,157,63,208,196,192,140,34,67,20,37,136,169,182,75,246,230,227,174,44,89,5,13,64,80,84,34,112,106,104,73,13,21,4,12,75,102,94,37,126,119,113,73,10,12,4,13,80,97,98,37,133,122,120,77,11,12,5,9,45,75,65,26,79,77,78,56,11,20,10.88,21.62,96.75,120.62,125.12,50.25,167.38,156.12,153.88,111.38,24.25,44.38
Asphalt_0cm_S2,2026-04-02T17:00:48.401898,14,27,117,141,154,60,209,193,184,142,34,66,18,33,136,156,167,70,226,206,213,156,37,68,17,29,121,145,157,63,208,196,192,140,34,67,20,37,136,169,182,75,246,230,227,174,44,89,5,13,64,80,84,34,112,106,104,73,13,21,4,12,75,102,94,37,126,119,113,73,10,12,4,13,80,97,98,37,133,122,120,77,11,12,5,9,45,75,65,26,79,77,78,56,11,20,10.88,21.62,96.75,120.62,125.12,50.25,167.38,156.12,153.88,111.38,24.25,44.38
Asphalt_0cm_S2,2026-04-02T17:00:48.465945,14,27,117,141,154,60,209,193,184,142,34,66,18,33,136,156,167,70,226,206,213,156,37,68,17,29,121,145,157,63,208,196,192,140,34,67,20,37,136,169,182,75,246,230,227,174,44,89,5,13,64,80,84,34,112,106,104,73,13,21,4,12,75,102,94,37,126,119,113,73,10,12,4,13,80,97,98,37,133,122,120,77,11,12,5,9,45,75,65,26,79,77,78,56,11,20,10.88,21.62,96.75,120.62,125.12,50.25,167.38,156.12,153.88,111.38,24.25,44.38
Asphalt_0cm_S2,2026-04-02T17:00:48.514718,14,27,118,142,154,60,210,194,184,142,34,66,18,33,136,156,167,70,226,206,213,156,37,68,17,29,121,145,157,63,208,196,192,140,34,67,20,37,136,169,182,75,246,230,227,174,44,89,5,13,64,80,84,34,112,106,104,73,13,21,4,12,75,102,94,37,126,119,113,73,10,12,4,13,80,97,98,37,133,123,120,78,11,13,5,9,45,76,65,26,79,77,78,56,11,21,10.88,21.62,96.88,120.88,125.12,50.25,167.5,156.38,153.88,111.5,24.25,44.62
Asphalt_0cm_S2,2026-04-02T17:00:48.592047,14,27,118,142,154,60,210,194,184,142,34,66,18,33,136,156,167,70,226,206,213,156,37,68,17,29,121,145,157,63,208,196,192,140,34,67,20,37,136,169,182,75,246,230,227,174,44,89,5,13,64,80,84,34,112,106,104,73,13,21,4,12,75,102,94,37,126,119,113,73,10,12,4,13,80,97,98,37,133,123,120,78,11,13,5,9,45,76,65,26,79,77,78,56,11,21,10.88,21.62,96.88,120.88,125.12,50.25,167.5,156.38,153.88,111.5,24.25,44.62
Asphalt_0cm_S2,2026-04-02T17:00:48.657258,14,27,118,142,154,60,210,194,184,142,34,66,18,34,136,156,167,70,227,206,213,157,37,68,17,29,121,146,158,63,208,196,193,140,34,68,21,38,138,172,185,76,250,233,230,178,46,94,6,14,65,81,85,34,113,108,106,75,14,23,5,13,76,103,95,38,127,120,114,74,10,13,4,13,80,97,98,37,133,123,121,78,11,13,5,9,45,76,66,26,79,78,79,57,12,21,11.25,22.12,97.38,121.62,126.0,50.5,168.38,157.25,155.0,112.62,24.75,45.75
Asphalt_0cm_S2,2026-04-02T17:00:48.724329,14,27,118,142,154,60,210,194,184,142,34,66,18,34,136,156,167,70,227,206,213,157,37,68,17,29,121,146,158,63,208,196,193,140,34,68,21,38,138,172,185,76,250,233,230,178,46,94,6,14,65,81,85,34,113,108,106,75,14,23,5,13,76,103,95,38,127,120,114,74,10,13,4,13,80,98,99,37,134,123,121,79,11,14,5,9,45,76,66,26,80,78,79,57,12,22,11.25,22.12,97.38,121.75,126.12,50.5,168.62,157.25,155.0,112.75,24.75,46.0
Asphalt_0cm_S2,2026-04-02T17:00:48.784642,14,27,118,142,154,60,210,194,184,142,34,66,18,34,136,156,167,70,227,206,213,157,37,68,17,29,121,146,158,63,208,196,193,140,34,68,21,38,138,172,185,76,250,233,230,178,46,94,6,14,65,81,85,34,113,108,106,75,14,23,5,13,76,103,95,38,127,120,114,74,10,13,4,13,80,98,99,37,134,123,121,79,11,14,5,9,45,76,66,26,80,78,79,57,12,22,11.25,22.12,97.38,121.75,126.12,50.5,168.62,157.25,155.0,112.75,24.75,46.0
Asphalt_0cm_S2,2026-04-02T17:00:48.842647,14,27,118,142,154,60,210,193,184,143,34,66,18,34,136,156,167,70,227,206,214,157,37,68,17,29,121,146,158,63,208,196,193,140,34,68,21,38,138,172,185,76,250,233,230,178,46,94,6,14,65,81,85,34,113,108,106,75,14,23,5,13,76,103,95,38,127,120,114,74,10,13,4,13,80,98,99,37,134,123,121,79,11,14,5,9,45,76,66,26,80,78,79,57,12,22,11.25,22.12,97.38,121.75,126.12,50.5,168.62,157.12,155.12,112.88,24.75,46.0
Asphalt_0cm_S2,2026-04-02T17:00:48.892989,14,27,118,142,154,60,210,193,184,142,34,66,18,34,136,156,167,70,227,206,214,157,37,68,17,29,122,146,157,63,208,196,193,140,34,67,21,39,138,172,186,77,250,234,230,178,46,95,6,14,65,80,85,34,114,108,106,75,14,23,5,12,76,103,95,37,127,120,114,74,10,14,5,13,80,97,99,37,133,123,121,79,11,14,5,10,45,76,66,26,80,78,79,57,12,21,11.38,22.25,97.5,121.5,126.12,50.5,168.62,157.25,155.12,112.75,24.75,46.0
Asphalt_0cm_S2,2026-04-02T17:00:48.966315,14,27,118,142,154,60,210,193,184,142,34,66,18,34,136,156,167,70,227,206,214,157,37,68,17,29,122,146,157,63,208,196,193,140,34,67,21,39,138,172,186,77,250,234,230,178,46,95,6,14,65,80,85,34,114,108,106,75,14,23,5,12,76,103,95,37,127,120,114,74,10,14,5,13,80,97,99,37,133,123,121,79,11,14,5,10,45,76,66,26,80,78,79,57,12,21,11.38,22.25,97.5,121.5,126.12,50.5,168.62,157.25,155.12,112.75,24.75,46.0
Asphalt_0cm_S2,2026-04-02T17:00:49.035532,14,27,118,142,154,60,210,193,184,142,34,66,18,34,136,156,167,70,227,206,214,157,37,68,17,29,122,146,157,63,208,196,193,140,34,67,21,39,138,172,186,77,250,234,230,178,46,95,6,14,65,80,85,34,114,108,106,75,14,23,5,12,76,103,95,37,127,120,114,74,10,14,5,13,80,97,99,37,133,123,121,79,11,14,5,10,45,76,66,26,80,78,79,57,12,21,11.38,22.25,97.5,121.5,126.12,50.5,168.62,157.25,155.12,112.75,24.75,46.0
Asphalt_0cm_S2,2026-04-02T17:00:49.091634,14,27,118,142,154,60,210,193,184,142,34,66,18,34,136,156,167,70,227,206,214,157,37,68,17,29,122,146,157,63,208,196,193,140,34,67,21,39,138,172,186,77,250,234,230,178,46,95,6,14,65,80,85,34,114,108,106,75,14,23,5,12,76,103,95,37,127,120,114,74,10,14,5,13,80,97,99,37,133,123,121,79,11,14,5,10,45,76,66,26,80,78,79,57,12,21,11.38,22.25,97.5,121.5,126.12,50.5,168.62,157.25,155.12,112.75,24.75,46.0
Asphalt_0cm_S2,2026-04-02T17:00:49.162295,14,27,118,141,154,60,210,193,184,142,34,66,18,34,136,156,167,70,227,206,213,157,37,68,17,29,122,146,158,63,208,196,193,140,34,67,21,38,138,172,185,76,249,233,230,178,46,94,6,14,65,80,85,34,114,108,106,75,14,23,5,12,76,102,95,38,127,120,114,74,10,14,4,13,80,98,98,37,133,123,121,78,11,13,5,9,45,76,66,26,80,78,79,57,12,21,11.25,22.0,97.5,121.38,126.0,50.5,168.5,157.12,155.0,112.62,24.75,45.75
Asphalt_0cm_S2,2026-04-02T17:00:49.221098,14,27,118,141,154,60,210,193,184,142,34,66,18,34,136,156,167,70,227,206,213,157,37,68,17,29,122,146,158,63,208,196,193,140,34,67,21,38,138,172,185,76,249,233,230,178,46,94,6,14,65,80,85,34,114,108,106,75,14,23,5,12,76,102,95,37,127,120,114,74,10,13,4,13,80,98,99,37,133,123,121,78,11,13,5,9,45,76,66,26,80,78,79,57,12,21,11.25,22.0,97.5,121.38,126.12,50.38,168.5,157.12,155.0,112.62,24.75,45.62
Asphalt_0cm_S2,2026-04-02T17:00:49.278683,14,27,118,141,154,60,210,193,184,142,34,66,18,34,136,156,167,70,227,206,213,157,37,68,17,29,122,146,158,63,208,196,193,140,34,67,21,38,138,172,185,76,249,233,230,178,46,94,6,14,65,80,85,34,114,108,106,75,14,23,5,12,76,102,95,37,127,120,114,74,10,13,4,13,80,98,99,37,133,123,121,78,11,13,5,9,45,76,66,26,80,78,79,57,12,21,11.25,22.0,97.5,121.38,126.12,50.38,168.5,157.12,155.0,112.62,24.75,45.62
Asphalt_0cm_S2,2026-04-02T17:00:49.350538,14,27,118,141,154,60,210,193,184,142,34,66,18,34,136,156,167,70,226,205,213,157,37,68,17,29,122,146,158,63,208,196,193,140,34,67,21,38,138,171,185,76,249,233,230,177,46,93,6,13,64,80,85,34,114,108,105,75,13,22,5,12,76,102,95,37,127,120,114,74,10,13,4,13,80,98,99,37,133,123,121,78,11,13,5,9,45,76,66,26,80,78,79,57,12,21,11.25,21.88,97.38,121.25,126.12,50.38,168.38,157.0,154.88,112.5,24.62,45.38
Asphalt_0cm_S2,2026-04-02T17:00:49.410071,14,27,118,141,154,60,210,193,184,142,34,66,18,34,136,156,167,70,226,205,213,157,37,68,17,29,122,146,158,63,208,196,193,140,34,67,21,38,138,171,185,76,249,233,230,177,46,93,6,13,64,80,85,34,114,108,105,75,13,22,5,12,76,102,95,37,127,120,114,74,10,13,4,13,80,98,99,37,133,123,121,78,11,13,5,9,45,76,66,26,80,78,79,57,12,21,11.25,21.88,97.38,121.25,126.12,50.38,168.38,157.0,154.88,112.5,24.62,45.38
Asphalt_0cm_S2,2026-04-02T17:00:49.466347,14,27,118,141,154,60,210,193,184,142,34,66,18,34,136,156,167,70,226,205,213,157,37,68,17,29,122,146,158,63,208,196,193,140,34,67,21,38,138,171,185,76,249,233,230,177,46,93,6,13,64,80,85,34,114,108,105,75,13,22,5,12,76,102,95,37,127,120,114,74,10,13,4,13,80,98,99,37,133,123,121,78,11,13,5,9,45,76,66,26,80,78,79,57,12,21,11.25,21.88,97.38,121.25,126.12,50.38,168.38,157.0,154.88,112.5,24.62,45.38
Asphalt_0cm_S2,2026-04-02T17:00:49.526109,14,27,118,141,154,60,210,193,184,142,34,66,18,34,136,156,167,70,226,205,213,157,37,68,17,29,122,146,158,63,208,196,193,140,34,67,21,38,138,171,185,76,249,233,230,177,46,93,6,13,64,80,85,34,114,108,105,75,13,22,5,12,76,102,95,37,127,120,114,74,10,13,4,13,80,98,99,37,133,123,121,78,11,13,5,9,45,76,66,26,80,78,79,57,12,21,11.25,21.88,97.38,121.25,126.12,50.38,168.38,157.0,154.88,112.5,24.62,45.38
Asphalt_0cm_S2,2026-04-02T17:00:49.604540,14,27,118,141,154,60,210,194,184,142,34,66,18,34,136,156,167,70,226,206,213,157,37,68,17,29,121,146,157,63,208,196,193,140,34,67,21,38,138,171,185,76,249,233,230,178,46,93,6,14,65,80,85,34,113,108,105,74,14,23,5,12,76,103,95,37,127,120,114,74,10,13,4,13,80,97,98,37,133,123,121,78,11,13,5,10,45,76,66,26,80,78,79,57,12,21,11.25,22.12,97.38,121.25,125.88,50.38,168.25,157.25,154.88,112.5,24.75,45.5
Asphalt_0cm_S2,2026-04-02T17:00:49.668154,14,27,118,142,154,60,210,194,184,142,34,66,18,34,136,156,167,70,226,206,213,157,37,68,17,29,121,146,157,63,209,196,192,140,34,67,21,38,138,171,185,76,249,233,230,178,46,94,6,14,65,81,85,34,114,108,106,74,13,23,5,12,76,103,95,38,127,120,114,74,10,13,4,13,80,97,98,37,133,123,121,78,11,13,5,10,45,76,66,26,80,78,79,57,12,21,11.25,22.12,97.38,121.5,125.88,50.5,168.5,157.25,154.88,112.5,24.62,45.62
Asphalt_0cm_S2,2026-04-02T17:00:49.735944,14,27,118,142,154,60,210,194,184,142,34,66,18,34,136,156,167,70,226,206,213,157,37,68,17,29,121,146,157,63,209,196,192,140,34,67,21,38,138,171,185,76,249,233,230,178,46,94,6,14,65,81,85,34,114,108,106,74,13,23,5,12,76,103,95,38,127,120,114,74,10,13,5,13,80,98,99,38,133,123,121,79,11,13,5,10,45,76,66,26,80,78,79,57,12,21,11.38,22.12,97.38,121.62,126.0,50.62,168.5,157.25,154.88,112.62,24.62,45.62
Asphalt_0cm_S2,2026-04-02T17:00:49.792264,14,27,118,142,154,60,210,194,184,142,34,66,18,34,136,156,167,70,226,206,213,157,37,68,17,29,121,146,157,63,209,196,192,140,34,67,21,38,138,171,185,76,249,233,230,178,46,94,6,14,65,81,85,34,114,108,106,74,13,23,5,12,76,103,95,38,127,120,114,74,10,13,5,13,80,98,99,38,133,123,121,79,11,13,5,10,45,76,66,26,80,78,79,57,12,21,11.38,22.12,97.38,121.62,126.0,50.62,168.5,157.25,154.88,112.62,24.62,45.62
Asphalt_0cm_S2,2026-04-02T17:00:49.851897,14,27,118,142,154,60,210,194,184,142,34,66,18,34,136,156,167,70,226,206,213,157,37,68,17,29,121,146,157,63,209,196,192,140,34,67,21,38,138,171,185,76,249,233,230,178,46,94,6,14,65,81,85,34,114,108,106,74,13,23,5,12,76,103,95,38,127,120,114,74,10,13,5,13,80,98,99,38,133,123,121,79,11,13,5,10,45,76,66,26,80,78,79,57,12,21,11.38,22.12,97.38,121.62,126.0,50.62,168.5,157.25,154.88,112.62,24.62,45.62
Asphalt_0cm_S2,2026-04-02T17:00:49.909622,14,27,118,142,154,60,210,194,184,143,34,66,18,34,136,156,166,70,227,206,213,157,37,68,17,29,121,146,157,63,208,196,192,140,34,67,21,39,138,172,185,77,249,234,231,178,46,94,6,14,65,80,85,34,113,108,105,75,13,23,5,12,76,103,95,37,127,120,114,74,10,13,4,13,80,97,98,37,133,123,121,79,11,13,5,9,45,76,66,26,80,78,79,57,12,22,11.25,22.12,97.38,121.5,125.75,50.5,168.38,157.38,154.88,112.88,24.62,45.75
Asphalt_0cm_S2,2026-04-02T17:00:49.972520,14,27,118,142,155,60,211,194,185,143,34,66,18,34,136,156,167,70,227,206,213,157,37,68,17,29,121,146,157,63,208,196,192,140,34,67,21,39,138,172,185,77,249,234,231,178,46,94,6,14,65,80,85,34,113,108,105,75,13,23,5,12,76,103,95,37,127,120,114,74,10,13,4,13,80,97,98,37,133,123,121,79,11,13,5,9,45,76,66,26,80,78,79,57,12,22,11.25,22.12,97.38,121.5,126.0,50.5,168.5,157.38,155.0,112.88,24.62,45.75
Asphalt_0cm_S2,2026-04-02T17:00:50.038142,14,27,118,142,155,60,211,194,185,143,34,66,18,34,136,156,167,70,227,206,213,157,37,68,17,29,121,146,157,63,208,196,192,140,34,67,21,39,138,172,185,77,249,234,231,178,46,94,6,14,65,80,85,34,113,108,105,75,13,23,5,12,76,103,95,37,127,120,114,74,10,13,4,13,80,97,98,37,133,123,121,79,11,13,5,9,45,76,66,26,80,78,79,57,12,22,11.25,22.12,97.38,121.5,126.0,50.5,168.5,157.38,155.0,112.88,24.62,45.75
Asphalt_0cm_S2,2026-04-02T17:00:50.095784,14,27,118,142,155,60,211,194,185,143,34,66,18,34,136,156,167,70,227,206,213,157,37,68,17,29,121,146,157,63,208,196,192,140,34,67,21,39,138,172,185,77,249,234,231,178,46,94,6,14,65,80,85,34,113,108,105,75,13,23,5,12,76,103,95,37,127,120,114,74,10,13,4,13,80,97,98,37,133,123,121,79,11,13,5,9,45,76,66,26,80,78,79,57,12,22,11.25,22.12,97.38,121.5,126.0,50.5,168.5,157.38,155.0,112.88,24.62,45.75
Asphalt_0cm_S2,2026-04-02T17:00:50.153677,14,27,118,142,155,60,211,194,185,143,34,66,18,34,136,156,167,70,227,206,213,157,37,68,17,29,121,146,158,63,208,196,193,140,34,67,21,39,138,172,186,77,249,234,231,178,46,94,6,14,65,80,85,34,113,108,105,75,13,23,5,12,76,103,95,37,127,120,114,74,10,13,4,13,80,97,98,37,133,123,121,79,11,13,5,9,45,76,66,26,80,78,79,57,12,22,11.25,22.12,97.38,121.5,126.25,50.5,168.5,157.38,155.12,112.88,24.62,45.75
Asphalt_0cm_S2,2026-04-02T17:00:50.219261,14,27,118,142,155,60,211,194,185,143,34,66,18,34,136,156,167,70,227,206,213,157,37,68,17,29,121,146,158,63,208,196,193,140,34,67,21,39,138,172,186,77,249,234,231,178,46,94,6,14,65,80,85,34,113,108,105,75,13,23,5,12,76,103,95,37,127,120,114,74,10,13,4,13,80,97,98,37,133,123,121,79,11,13,5,9,45,76,66,26,80,78,79,57,12,22,11.25,22.12,97.38,121.5,126.25,50.5,168.5,157.38,155.12,112.88,24.62,45.75
Asphalt_0cm_S2,2026-04-02T17:00:50.285040,14,27,118,142,155,60,211,194,185,143,34,66,18,34,136,156,167,70,227,206,213,157,37,68,17,29,121,146,158,63,208,196,193,140,34,67,21,39,138,172,186,77,249,234,231,178,46,94,6,14,65,80,85,34,113,108,105,75,13,23,5,12,76,103,95,37,127,120,114,74,10,13,4,13,80,97,98,37,133,123,121,79,11,13,5,9,45,76,66,26,80,78,79,57,12,22,11.25,22.12,97.38,121.5,126.25,50.5,168.5,157.38,155.12,112.88,24.62,45.75
Asphalt_0cm_S2,2026-04-02T17:00:50.344871,14,27,118,142,155,60,211,194,185,143,34,66,18,34,136,156,167,70,227,206,213,157,37,68,17,29,121,146,158,63,208,196,193,140,34,67,21,39,138,172,186,77,249,234,231,178,46,94,6,14,65,80,85,34,113,108,105,75,13,23,5,12,76,103,95,37,127,120,114,74,10,13,4,13,80,97,98,37,133,123,121,79,11,13,5,9,45,76,66,26,80,78,79,57,12,22,11.25,22.12,97.38,121.5,126.25,50.5,168.5,157.38,155.12,112.88,24.62,45.75
Asphalt_0cm_S2,2026-04-02T17:00:50.400513,14,27,118,143,155,60,211,195,185,143,34,67,18,34,136,156,167,70,227,206,213,157,37,68,17,29,121,146,158,63,208,196,193,140,34,67,21,39,138,172,186,77,249,234,231,178,46,94,6,14,65,81,85,34,113,108,106,75,13,23,5,12,76,102,95,38,127,120,114,74,10,13,4,13,80,97,98,37,133,123,121,78,11,13,5,9,45,76,66,26,80,78,79,57,12,22,11.25,22.12,97.38,121.62,126.25,50.62,168.5,157.5,155.25,112.75,24.62,45.88
Asphalt_0cm_S2,2026-04-02T17:00:50.475156,14,27,118,143,155,60,211,195,185,143,34,67,18,34,136,156,167,70,227,206,213,157,37,68,17,29,121,146,158,63,208,196,193,140,34,67,21,39,138,172,186,77,249,234,231,178,46,94,6,14,65,81,85,34,113,108,106,75,13,23,5,12,76,102,95,38,127,120,114,74,10,13,4,13,80,97,98,37,133,123,121,78,11,13,5,9,45,76,66,26,80,78,79,57,12,22,11.25,22.12,97.38,121.62,126.25,50.62,168.5,157.5,155.25,112.75,24.62,45.88
Asphalt_0cm_S2,2026-04-02T17:00:50.533317,14,27,118,143,155,60,211,195,185,143,34,67,18,34,136,156,167,70,227,206,213,157,37,68,17,29,121,146,158,63,208,196,193,140,34,67,21,39,138,172,186,77,249,234,231,178,46,94,6,14,65,81,85,34,113,108,106,75,13,23,5,12,76,102,95,38,127,120,114,74,10,13,4,13,80,97,98,37,133,123,121,78,11,13,5,9,45,76,66,26,80,78,79,57,12,22,11.25,22.12,97.38,121.62,126.25,50.62,168.5,157.5,155.25,112.75,24.62,45.88
Asphalt_0cm_S2,2026-04-02T17:00:50.601014,14,27,118,142,155,60,211,195,185,143,35,67,18,34,136,156,166,70,226,206,213,157,37,68,17,29,121,146,158,63,208,196,193,140,34,67,21,39,138,172,186,77,249,234,231,178,46,94,6,14,65,81,85,34,113,108,106,75,13,23,5,12,76,102,95,38,127,120,114,74,10,13,4,13,80,97,98,37,133,123,121,78,11,13,5,9,45,76,66,26,80,78,79,57,12,22,11.25,22.12,97.38,121.5,126.12,50.62,168.38,157.5,155.25,112.75,24.75,45.88
Asphalt_0cm_S2,2026-04-02T17:00:50.664187,14,27,119,142,154,60,211,195,185,144,35,67,18,34,136,156,167,70,227,206,213,157,37,68,17,29,121,146,157,63,208,196,192,140,34,67,21,38,138,172,185,76,249,233,230,177,46,93,5,14,64,80,85,34,113,108,105,74,13,22,4,12,76,102,94,37,127,120,114,74,10,13,4,13,80,97,98,37,133,123,121,78,11,13,5,9,45,76,66,26,80,78,79,57,12,22,11.0,22.0,97.38,121.38,125.75,50.38,168.5,157.38,154.88,112.62,24.75,45.62
Asphalt_0cm_S2,2026-04-02T17:00:50.726675,14,27,119,142,154,60,211,195,185,144,35,67,18,34,136,156,167,70,227,206,213,157,37,68,17,29,121,146,157,63,208,196,192,140,34,67,21,38,138,172,185,76,249,233,230,177,46,93,5,14,64,80,85,34,113,108,105,74,13,22,4,12,76,102,94,37,127,120,114,74,10,13,4,13,80,97,98,37,133,123,121,78,11,13,5,10,45,76,66,26,80,78,79,57,12,21,11.0,22.12,97.38,121.38,125.75,50.38,168.5,157.38,154.88,112.62,24.75,45.5
Asphalt_0cm_S2,2026-04-02T17:00:50.791326,14,27,118,142,155,60,211,195,186,144,35,67,18,34,136,156,166,70,226,206,213,157,37,68,17,29,121,146,158,63,208,196,193,140,34,67,21,38,138,172,185,76,249,233,229,178,46,94,5,14,64,80,85,34,113,108,105,74,13,22,4,12,76,102,94,37,127,120,114,74,10,13,4,13,80,97,98,37,133,123,121,78,11,13,5,10,45,76,66,26,80,78,79,57,12,21,11.0,22.12,97.25,121.38,125.88,50.38,168.38,157.38,155.0,112.75,24.75,45.62
Asphalt_0cm_S2,2026-04-02T17:00:50.852661,14,27,118,142,155,60,211,195,186,144,35,67,18,34,136,156,166,70,226,206,213,157,37,68,17,29,121,146,158,63,208,196,193,140,34,67,21,38,138,172,185,76,249,233,229,178,46,94,6,14,65,80,85,34,113,107,105,74,13,22,5,12,75,102,94,38,127,120,114,74,10,13,4,13,80,97,98,37,133,123,121,78,11,13,5,10,45,76,66,26,80,78,79,57,12,21,11.25,22.12,97.25,121.38,125.88,50.5,168.38,157.25,155.0,112.75,24.75,45.62
Asphalt_0cm_S2,2026-04-02T17:00:50.908370,14,27,118,142,155,60,211,195,186,144,35,67,18,34,136,156,166,70,226,206,213,157,37,68,17,29,121,146,158,63,208,196,193,140,34,67,21,38,138,172,185,76,249,233,229,178,46,94,6,14,65,80,85,34,113,107,105,74,13,22,5,12,75,102,94,38,127,120,114,74,10,13,4,13,80,97,98,37,133,123,121,78,11,13,5,10,45,76,66,26,80,78,79,57,12,21,11.25,22.12,97.25,121.38,125.88,50.5,168.38,157.25,155.0,112.75,24.75,45.62
Asphalt_0cm_S2,2026-04-02T17:00:50.963376,14,27,118,143,155,60,211,195,185,143,35,67,18,34,136,156,166,70,226,206,213,157,37,68,17,29,121,146,158,63,208,196,193,140,34,67,21,38,138,172,185,76,249,233,229,178,46,94,6,14,65,80,85,34,113,107,105,74,13,22,5,12,75,102,94,38,127,120,114,74,10,13,4,13,80,97,98,37,133,123,121,78,11,13,5,10,45,76,66,26,80,78,79,57,12,21,11.25,22.12,97.25,121.5,125.88,50.5,168.38,157.25,154.88,112.62,24.75,45.62
Asphalt_0cm_S2,2026-04-02T17:00:51.035894,14,27,118,143,155,60,211,195,185,143,35,67,18,34,136,156,166,70,226,206,213,157,37,68,17,29,121,146,158,63,208,196,193,140,34,67,21,38,138,172,185,76,249,233,229,178,46,94,6,14,65,80,85,34,113,107,105,74,13,22,5,12,75,102,94,38,127,120,114,74,10,13,4,13,80,97,98,37,133,123,121,78,11,13,5,10,45,76,66,26,80,78,79,57,12,21,11.25,22.12,97.25,121.5,125.88,50.5,168.38,157.25,154.88,112.62,24.75,45.62
Asphalt_0cm_S2,2026-04-02T17:00:51.091628,14,27,118,143,155,60,211,195,185,143,35,67,18,34,136,156,166,70,226,206,213,157,37,68,17,29,121,146,158,63,208,196,193,140,34,67,21,38,138,172,185,76,249,233,229,178,46,94,6,14,65,80,85,34,113,107,105,74,13,22,5,12,75,102,94,38,127,120,114,74,10,13,4,13,80,97,98,37,133,123,121,78,11,13,5,10,45,76,66,26,80,78,79,57,12,21,11.25,22.12,97.25,121.5,125.88,50.5,168.38,157.25,154.88,112.62,24.75,45.62
Asphalt_0cm_S2,2026-04-02T17:00:51.153624,14,27,118,143,155,60,211,195,185,143,35,67,18,34,136,156,166,70,226,206,213,157,37,68,17,29,121,146,158,63,208,196,193,140,34,67,21,38,138,172,185,76,249,233,229,178,46,94,6,14,65,80,85,34,113,107,105,74,13,22,5,12,75,102,94,38,127,120,114,74,10,13,4,13,80,97,98,37,133,123,121,78,11,13,5,10,45,76,66,26,80,78,79,57,12,21,11.25,22.12,97.25,121.5,125.88,50.5,168.38,157.25,154.88,112.62,24.75,45.62
Asphalt_0cm_S2,2026-04-02T17:00:51.215740,14,27,118,143,155,60,211,195,185,143,35,67,18,34,136,156,166,70,226,206,213,157,37,68,17,29,121,146,158,63,208,196,193,140,34,67,21,38,138,172,185,76,249,233,230,177,46,93,6,14,65,80,85,34,113,107,105,74,13,22,5,12,75,102,94,38,127,120,114,74,10,13,4,13,80,97,98,37,133,123,121,78,11,13,5,10,45,76,66,26,80,78,79,57,12,21,11.25,22.12,97.25,121.5,125.88,50.5,168.38,157.25,155.0,112.5,24.75,45.5
Asphalt_0cm_S2,2026-04-02T17:00:51.268568,14,27,118,143,155,60,211,195,185,143,35,67,18,34,136,156,166,70,226,206,213,157,37,68,17,29,121,146,158,63,208,196,193,140,34,67,21,38,138,172,185,76,249,233,230,177,46,93,6,14,65,80,85,34,113,107,105,74,13,22,5,12,75,103,94,37,127,120,113,73,10,13,4,13,80,97,98,37,133,123,121,78,11,13,5,9,45,76,66,26,80,78,79,57,12,21,11.25,22.0,97.25,121.62,125.88,50.38,168.38,157.25,154.88,112.38,24.75,45.5
Asphalt_0cm_S2,2026-04-02T17:00:51.340543,14,27,119,142,155,60,211,195,185,143,34,67,18,34,136,156,167,70,227,206,213,157,37,68,17,29,121,146,157,63,208,196,193,140,34,67,21,38,138,172,185,76,249,233,230,178,46,93,6,14,65,80,85,34,113,107,105,74,13,22,5,12,76,102,94,38,127,120,114,74,10,13,4,13,80,97,98,37,133,123,121,78,11,13,5,9,45,76,66,26,80,78,79,57,12,21,11.25,22.0,97.5,121.38,125.88,50.5,168.5,157.25,155.0,112.62,24.62,45.5
Asphalt_0cm_S2,2026-04-02T17:00:51.404936,14,27,119,142,155,60,211,195,185,143,34,67,18,34,136,156,167,70,227,206,213,157,37,68,17,29,121,146,157,63,208,196,193,140,34,67,21,38,138,172,185,76,249,233,230,178,46,93,6,14,65,80,85,34,113,107,105,74,13,22,5,12,76,102,94,38,127,120,114,74,10,13,4,13,80,97,98,37,133,123,121,78,11,13,5,9,45,76,66,26,80,78,79,57,12,22,11.25,22.0,97.5,121.38,125.88,50.5,168.5,157.25,155.0,112.62,24.62,45.62
Asphalt_0cm_S2,2026-04-02T17:00:51.464734,14,27,119,142,155,60,211,195,185,143,34,67,18,34,136,156,167,70,227,206,213,157,37,68,17,29,121,146,157,63,208,196,193,140,34,67,21,38,138,172,185,76,249,233,230,178,46,93,6,14,65,80,85,34,113,107,105,74,13,22,5,12,76,102,94,38,127,120,114,74,10,13,4,13,80,97,98,37,133,123,121,78,11,13,5,9,45,76,66,26,80,78,79,57,12,22,11.25,22.0,97.5,121.38,125.88,50.5,168.5,157.25,155.0,112.62,24.62,45.62
Asphalt_0cm_S2,2026-04-02T17:00:51.533503,14,27,119,142,155,60,211,195,185,143,34,67,18,34,136,156,167,70,227,206,213,157,37,68,17,29,121,146,157,63,208,196,193,140,34,67,21,38,138,172,185,76,249,233,230,178,46,93,6,14,65,80,85,34,113,107,105,74,13,22,5,12,76,102,94,38,127,120,114,74,10,13,4,13,80,97,98,37,133,123,121,78,11,13,5,9,45,76,66,26,80,78,79,57,12,22,11.25,22.0,97.5,121.38,125.88,50.5,168.5,157.25,155.0,112.62,24.62,45.62
Asphalt_0cm_S2,2026-04-02T17:00:51.594354,14,27,118,142,155,60,211,194,185,143,34,67,18,34,136,156,167,70,226,205,213,157,37,68,17,29,122,146,157,63,208,196,193,140,34,67,21,39,138,172,186,77,249,234,230,178,46,93,6,14,64,80,85,34,113,107,105,74,13,22,4,12,76,102,94,37,127,120,114,74,10,13,4,13,80,97,98,37,133,123,121,78,11,13,5,9,45,76,66,26,80,78,79,57,12,22,11.12,22.12,97.38,121.38,126.0,50.5,168.38,157.12,155.0,112.62,24.62,45.62
Asphalt_0cm_S2,2026-04-02T17:00:51.654890,14,27,118,142,155,60,211,194,185,143,34,67,18,34,136,156,167,70,226,205,213,157,37,68,17,29,122,146,157,63,208,196,193,140,34,67,21,39,138,172,186,77,249,234,230,178,46,93,6,14,64,80,85,34,113,107,105,74,13,22,4,12,76,102,94,37,127,120,114,74,10,13,4,13,80,97,98,37,133,123,121,78,11,13,5,9,45,76,66,26,80,78,79,57,12,22,11.12,22.12,97.38,121.38,126.0,50.5,168.38,157.12,155.0,112.62,24.62,45.62
Asphalt_0cm_S2,2026-04-02T17:00:51.707877,14,27,118,142,155,60,211,194,185,143,34,67,18,34,136,156,167,70,226,205,213,157,37,68,17,29,122,146,157,63,208,196,193,140,34,67,21,39,138,172,186,77,249,234,230,178,46,93,6,14,64,80,85,34,113,107,105,74,13,22,4,12,76,102,94,37,127,120,114,74,10,13,4,13,80,97,98,37,133,123,121,78,11,13,5,9,45,76,66,26,80,78,79,57,12,22,11.12,22.12,97.38,121.38,126.0,50.5,168.38,157.12,155.0,112.62,24.62,45.62
Asphalt_0cm_S2,2026-04-02T17:00:51.808641,14,27,118,142,155,60,211,194,185,143,35,67,18,34,136,156,166,70,227,206,213,157,37,68,17,29,121,146,157,63,208,196,192,140,34,67,21,39,138,172,186,77,249,234,230,178,46,93,6,14,64,80,85,34,113,107,105,74,13,22,4,12,76,102,94,37,127,120,114,74,10,13,4,13,80,97,98,37,133,123,121,78,11,13,5,9,45,76,66,26,80,78,79,57,12,22,11.12,22.12,97.25,121.38,125.88,50.5,168.5,157.25,154.88,112.62,24.75,45.62
Asphalt_0cm_S2,2026-04-02T17:00:51.874033,14,27,118,142,155,60,211,194,185,143,35,67,18,34,136,156,166,70,227,206,213,157,37,68,17,29,121,146,157,63,208,196,192,140,34,67,21,39,138,172,186,77,249,234,230,178,46,93,6,14,64,80,85,34,113,107,105,74,13,22,4,12,76,102,94,37,127,120,114,74,10,13,4,13,80,97,98,37,133,123,121,78,11,13,5,9,45,76,66,26,80,78,79,57,12,22,11.12,22.12,97.25,121.38,125.88,50.5,168.5,157.25,154.88,112.62,24.75,45.62
Asphalt_0cm_S2,2026-04-02T17:00:51.936362,14,27,118,142,154,60,210,194,185,143,35,66,18,34,136,156,166,70,227,206,213,157,37,68,17,29,121,146,157,63,208,196,192,140,33,67,21,39,138,172,185,76,250,234,230,178,46,94,6,14,65,80,85,34,113,107,105,74,13,22,5,12,75,102,94,37,127,120,114,74,10,13,4,13,80,97,98,37,133,123,121,78,11,13,5,9,45,76,66,26,80,78,79,57,12,21,11.25,22.12,97.25,121.38,125.62,50.38,168.5,157.25,154.88,112.62,24.62,45.5
Asphalt_0cm_S2,2026-04-02T17:00:52.013113,14,27,118,142,154,60,210,194,185,143,35,66,18,34,136,156,166,70,226,206,213,157,37,68,17,29,121,146,157,62,208,196,192,140,34,67,21,38,138,172,185,76,250,234,230,178,46,94,6,13,65,80,85,34,113,107,105,74,13,22,4,12,76,102,95,37,127,119,114,74,10,13,4,13,80,97,98,37,133,123,121,78,11,13,5,9,45,76,66,26,80,78,79,57,12,21,11.12,21.88,97.38,121.38,125.75,50.25,168.38,157.12,154.88,112.62,24.75,45.5
Asphalt_0cm_S2,2026-04-02T17:00:52.076479,14,27,118,142,154,60,210,194,185,143,35,66,18,34,136,156,166,70,226,206,213,157,37,68,17,29,121,146,157,62,208,196,192,140,34,67,21,38,138,172,185,76,250,234,230,178,46,94,6,13,65,80,85,34,113,107,105,74,13,22,4,12,76,102,95,37,127,119,114,74,10,13,4,13,80,97,98,37,133,123,121,78,11,13,5,9,45,76,66,26,80,78,79,57,12,21,11.12,21.88,97.38,121.38,125.75,50.25,168.38,157.12,154.88,112.62,24.75,45.5
Asphalt_0cm_S2,2026-04-02T17:00:52.135512,14,27,118,142,154,60,210,194,185,143,35,66,18,34,136,156,166,70,226,206,213,157,37,68,17,29,121,146,157,62,208,196,192,140,34,67,21,38,138,172,185,76,250,234,230,178,46,94,6,13,65,80,85,34,113,107,105,74,13,22,4,12,76,102,95,37,127,119,114,74,10,13,4,13,80,97,98,37,133,123,121,78,11,13,5,9,45,76,66,26,80,78,79,57,12,21,11.12,21.88,97.38,121.38,125.75,50.25,168.38,157.12,154.88,112.62,24.75,45.5
Asphalt_0cm_S2,2026-04-02T17:00:52.192066,14,27,118,142,154,60,210,194,185,143,35,66,18,34,136,156,166,70,226,206,213,157,37,68,17,29,121,146,157,62,208,196,192,140,34,67,21,38,138,172,185,76,250,234,230,178,46,94,6,13,65,80,85,34,113,107,105,74,13,22,4,12,76,102,95,37,127,119,114,74,10,13,4,13,80,97,98,37,133,123,121,78,11,13,5,9,45,76,66,26,80,78,79,57,12,21,11.12,21.88,97.38,121.38,125.75,50.25,168.38,157.12,154.88,112.62,24.75,45.5
Asphalt_0cm_S2,2026-04-02T17:00:52.245024,14,27,118,142,154,60,210,194,185,143,35,66,18,34,136,156,166,70,226,206,213,157,37,68,17,29,121,146,157,62,208,196,192,140,34,67,21,38,138,172,185,76,250,234,230,178,46,94,6,13,65,80,85,34,113,107,105,74,13,22,4,12,76,102,95,37,127,119,114,74,10,13,4,13,80,97,98,37,133,123,121,78,11,13,5,9,45,76,66,26,80,78,79,57,12,21,11.12,21.88,97.38,121.38,125.75,50.25,168.38,157.12,154.88,112.62,24.75,45.5
Asphalt_0cm_S2,2026-04-02T17:00:52.298499,15,27,118,142,155,60,211,194,185,143,34,66,18,34,136,155,167,70,227,206,213,156,37,67,17,29,121,146,157,62,208,196,192,140,34,67,21,38,138,172,185,76,250,234,230,178,46,94,6,13,65,80,85,34,113,107,105,74,13,22,4,12,76,102,95,37,127,119,114,74,10,13,4,13,80,97,98,37,133,123,121,78,11,13,5,9,45,76,66,26,80,78,79,57,12,22,11.25,21.88,97.38,121.25,126.0,50.25,168.62,157.12,154.88,112.5,24.62,45.5
Asphalt_0cm_S2,2026-04-02T17:00:52.360562,15,27,118,142,155,60,211,194,185,143,34,66,18,34,136,155,167,70,227,206,213,156,37,67,17,29,121,146,157,63,208,196,192,140,34,67,21,38,138,172,185,76,249,234,230,178,46,94,6,14,65,80,85,34,113,108,105,74,13,22,5,12,76,102,94,37,127,120,114,74,10,13,4,13,80,97,98,37,133,123,121,78,11,13,5,9,45,76,66,26,80,78,79,57,12,22,11.38,22.0,97.38,121.25,125.88,50.38,168.5,157.38,154.88,112.5,24.62,45.5
Asphalt_0cm_S2,2026-04-02T17:00:52.417732,15,27,118,142,154,60,211,194,185,143,34,66,18,34,136,155,167,70,227,206,213,156,37,67,17,29,121,146,157,63,208,196,192,140,34,67,21,38,138,172,185,76,249,234,230,178,46,94,6,14,65,80,85,34,113,108,105,74,13,22,5,12,76,102,94,37,127,120,114,74,10,13,4,13,80,97,98,37,133,123,121,78,11,13,5,10,45,76,66,26,80,78,79,57,12,21,11.38,22.12,97.38,121.25,125.75,50.38,168.5,157.38,154.88,112.5,24.62,45.38
Asphalt_0cm_S2,2026-04-02T17:00:52.481010,15,27,118,142,154,60,211,194,185,143,34,66,18,34,136,155,167,70,227,206,213,156,37,67,17,29,121,146,157,63,208,196,192,140,34,67,21,38,138,172,185,76,249,234,230,178,46,94,6,14,65,80,85,34,113,108,105,74,13,22,5,12,76,102,94,37,127,120,114,74,10,13,4,13,80,97,98,37,133,123,121,78,11,13,5,10,45,76,66,26,80,78,79,57,12,21,11.38,22.12,97.38,121.25,125.75,50.38,168.5,157.38,154.88,112.5,24.62,45.38
Asphalt_0cm_S2,2026-04-02T17:00:52.543524,15,27,118,142,154,60,211,194,185,143,34,66,18,34,136,155,167,70,227,206,213,156,37,67,17,29,121,146,157,63,208,196,192,140,34,67,21,38,138,172,185,76,249,234,230,178,46,94,6,14,65,80,85,34,113,108,105,74,13,22,5,12,76,102,94,37,127,120,114,74,10,13,4,13,80,97,98,37,133,123,121,78,11,13,5,10,45,76,66,26,80,78,79,57,12,21,11.38,22.12,97.38,121.25,125.75,50.38,168.5,157.38,154.88,112.5,24.62,45.38
Asphalt_0cm_S2,2026-04-02T17:00:52.606563,15,27,118,142,154,60,211,194,185,143,34,66,18,34,136,155,167,70,227,206,213,156,37,67,17,29,121,146,157,63,208,196,192,140,34,67,21,38,138,172,185,76,249,234,230,178,46,94,6,14,65,80,85,34,113,108,105,74,13,22,5,12,76,102,94,37,127,120,114,74,10,13,4,13,80,97,98,37,133,123,121,78,11,13,5,10,45,76,66,26,80,78,79,57,12,21,11.38,22.12,97.38,121.25,125.75,50.38,168.5,157.38,154.88,112.5,24.62,45.38
Asphalt_0cm_S2,2026-04-02T17:00:52.669665,14,27,118,142,155,60,211,194,185,143,34,67,18,34,136,156,166,70,226,206,213,156,37,67,17,29,121,146,157,63,208,196,192,140,34,67,21,39,138,172,186,77,249,233,231,178,46,94,6,14,65,80,85,34,113,108,105,75,13,22,5,12,76,103,95,38,127,120,114,74,10,13,4,13,80,98,98,37,133,123,121,78,11,13,5,9,45,76,66,26,80,78,79,57,12,21,11.25,22.12,97.38,121.62,126.0,50.62,168.38,157.25,155.0,112.62,24.62,45.5
Asphalt_0cm_S2,2026-04-02T17:00:52.733304,14,27,118,142,155,60,211,194,185,143,34,67,18,34,136,156,166,70,226,206,213,156,37,67,17,29,121,146,157,63,208,196,192,140,34,67,21,39,138,172,186,77,249,233,231,178,46,94,6,14,65,80,85,34,113,108,105,75,13,22,5,12,76,103,95,38,127,120,114,74,10,13,4,13,80,97,98,37,133,123,121,78,11,13,5,10,45,76,66,26,80,78,79,57,12,22,11.25,22.25,97.38,121.5,126.0,50.62,168.38,157.25,155.0,112.62,24.62,45.62
Asphalt_0cm_S2,2026-04-02T17:00:52.786297,14,27,118,142,155,60,211,194,185,143,34,67,18,34,136,156,166,70,226,206,213,156,37,67,17,29,121,146,157,63,208,196,192,140,34,67,21,39,138,172,186,77,249,233,231,178,46,94,6,14,65,80,85,34,113,108,105,75,13,22,5,12,76,103,95,38,127,120,114,74,10,13,4,13,80,97,98,37,133,123,121,78,11,13,5,10,45,76,66,26,80,78,79,57,12,22,11.25,22.25,97.38,121.5,126.0,50.62,168.38,157.25,155.0,112.62,24.62,45.62
Asphalt_0cm_S2,2026-04-02T17:00:52.859570,14,27,118,142,155,60,210,194,185,143,34,66,18,33,136,155,166,70,226,205,213,156,37,67,17,29,121,146,157,63,208,196,192,140,34,67,21,39,138,172,186,77,249,234,231,178,46,94,6,14,65,80,85,34,113,108,105,75,13,22,5,12,76,103,95,38,127,120,114,74,10,13,4,13,80,97,98,37,133,123,121,78,11,13,5,10,45,76,66,26,80,78,79,57,12,22,11.25,22.12,97.38,121.38,126.0,50.62,168.25,157.25,155.0,112.62,24.62,45.5
Asphalt_0cm_S2,2026-04-02T17:00:52.919346,14,27,118,142,155,60,210,194,185,143,34,66,18,33,136,155,166,70,226,205,213,156,37,67,17,29,121,146,157,63,208,196,192,140,34,67,21,39,138,172,186,77,249,234,231,178,46,94,6,14,65,80,85,34,113,108,105,75,13,22,5,12,76,103,95,38,127,120,114,74,10,13,4,13,80,97,98,37,133,123,121,78,11,13,5,10,45,76,66,26,80,78,79,57,12,22,11.25,22.12,97.38,121.38,126.0,50.62,168.25,157.25,155.0,112.62,24.62,45.5
Asphalt_0cm_S2,2026-04-02T17:00:52.987888,14,27,119,142,155,60,211,194,185,143,35,66,18,33,136,156,166,70,226,205,213,157,37,67,17,29,121,146,157,62,208,196,192,139,33,66,21,39,138,172,185,76,249,233,231,178,46,94,6,14,65,80,85,34,114,108,106,75,14,23,5,12,76,103,95,37,127,120,114,74,10,14,4,13,80,97,98,37,133,123,121,78,11,13,5,10,45,76,66,26,80,78,79,57,12,22,11.25,22.12,97.5,121.5,125.88,50.25,168.5,157.12,155.12,112.62,24.75,45.62
Asphalt_0cm_S2,2026-04-02T17:00:53.051166,14,27,119,142,155,60,211,194,185,143,35,66,18,33,136,156,166,70,226,205,213,157,37,67,17,29,121,146,157,62,208,196,192,139,33,66,21,39,138,172,185,76,249,233,231,178,46,94,6,14,65,80,85,34,113,108,106,75,14,22,5,12,76,102,95,37,127,120,114,74,10,13,4,13,80,98,98,37,133,123,121,78,11,13,5,10,45,76,66,26,80,78,79,57,12,22,11.25,22.12,97.5,121.5,125.88,50.25,168.38,157.12,155.12,112.62,24.75,45.38
Asphalt_0cm_S2,2026-04-02T17:00:53.106849,14,27,119,142,155,60,211,194,185,143,35,66,18,33,136,156,166,70,226,205,213,157,37,67,17,29,121,146,157,62,208,196,192,139,33,66,21,39,138,172,185,76,249,233,231,178,46,94,6,14,65,80,85,34,113,108,106,75,14,22,5,12,76,102,95,37,127,120,114,74,10,13,4,13,80,98,98,37,133,123,121,78,11,13,5,10,45,76,66,26,80,78,79,57,12,22,11.25,22.12,97.5,121.5,125.88,50.25,168.38,157.12,155.12,112.62,24.75,45.38
Asphalt_0cm_S2,2026-04-02T17:00:53.176231,14,27,118,142,155,60,211,194,185,143,34,67,18,33,136,155,166,70,226,205,213,156,37,67,17,29,121,146,157,63,208,196,192,139,34,66,21,39,138,172,186,77,249,234,231,178,46,94,6,14,65,80,85,34,113,108,105,75,13,22,5,12,76,103,95,38,127,120,114,74,10,13,4,13,80,97,98,37,133,123,121,78,11,13,5,10,45,76,66,26,80,78,79,57,12,22,11.25,22.12,97.38,121.38,126.0,50.62,168.38,157.25,155.0,112.5,24.62,45.5
Asphalt_0cm_S2,2026-04-02T17:00:53.232127,14,27,118,142,155,60,211,194,185,143,34,67,18,33,136,155,166,70,226,205,213,156,37,67,17,29,121,146,157,63,208,196,192,139,34,66,21,39,138,172,186,77,249,234,231,178,46,94,6,14,65,80,85,34,113,108,105,75,13,22,5,12,76,103,95,38,127,120,114,74,10,13,4,13,80,97,98,37,133,123,121,78,11,13,5,10,45,76,66,26,80,78,79,57,12,22,11.25,22.12,97.38,121.38,126.0,50.62,168.38,157.25,155.0,112.5,24.62,45.5
Asphalt_0cm_S2,2026-04-02T17:00:53.303664,14,27,118,142,155,60,211,194,185,143,34,66,18,34,136,156,166,69,226,205,212,156,37,67,17,29,121,146,157,62,208,196,192,140,34,66,21,39,138,172,185,77,250,234,231,178,46,94,6,14,65,80,85,34,113,108,106,75,13,22,5,12,76,103,95,38,127,120,114,74,10,13,4,13,80,97,98,37,133,123,121,78,11,13,5,10,45,76,66,26,80,78,79,57,12,22,11.25,22.25,97.38,121.5,125.88,50.38,168.5,157.25,155.0,112.62,24.62,45.38
Asphalt_0cm_S2,2026-04-02T17:00:53.364272,14,27,118,142,155,60,211,194,185,143,34,66,18,34,136,156,166,69,226,205,212,156,37,67,17,29,121,146,157,62,208,196,192,140,34,66,21,39,138,172,185,77,250,234,231,178,46,94,6,14,65,80,85,34,113,108,106,75,13,22,5,12,76,103,95,38,127,120,114,74,10,13,4,13,80,97,98,37,133,123,121,78,11,13,5,10,45,76,66,26,80,78,79,57,12,22,11.25,22.25,97.38,121.5,125.88,50.38,168.5,157.25,155.0,112.62,24.62,45.38
Asphalt_0cm_S2,2026-04-02T17:00:53.415707,14,27,118,142,155,60,211,194,185,143,34,66,18,34,136,156,166,69,226,205,212,156,37,67,17,29,121,146,157,62,208,196,192,140,34,66,21,39,138,172,185,77,250,234,231,178,46,94,6,14,65,80,85,34,113,108,106,75,13,22,5,12,76,102,95,37,127,120,114,74,10,14,4,13,80,97,98,37,133,123,121,78,11,13,5,10,45,76,66,26,80,78,79,57,12,22,11.25,22.25,97.38,121.38,125.88,50.25,168.5,157.25,155.0,112.62,24.62,45.5
Asphalt_0cm_S2,2026-04-02T17:00:53.494775,14,27,118,142,155,60,211,194,185,143,34,66,18,34,136,156,166,69,226,205,212,156,37,67,17,29,121,146,157,62,208,196,192,140,34,66,21,39,138,172,185,77,250,234,231,178,46,94,6,14,65,80,85,34,113,108,106,75,13,22,5,12,76,102,95,37,127,120,114,74,10,14,4,13,80,97,98,37,133,123,121,78,11,13,5,10,45,76,66,26,80,78,79,57,12,22,11.25,22.25,97.38,121.38,125.88,50.25,168.5,157.25,155.0,112.62,24.62,45.5
Asphalt_0cm_S2,2026-04-02T17:00:53.550910,14,27,118,142,155,60,211,194,185,143,34,66,18,34,136,155,166,70,226,205,212,156,37,67,16,29,120,146,157,62,208,196,192,139,34,66,21,39,138,172,186,77,250,234,231,178,46,94,6,14,65,80,85,34,114,108,106,75,14,23,5,12,76,103,95,37,127,120,114,74,10,14,4,13,80,97,98,37,133,123,121,78,11,13,5,10,45,76,66,26,80,78,79,57,12,22,11.12,22.25,97.25,121.38,126.0,50.38,168.62,157.25,155.0,112.5,24.75,45.62
Asphalt_0cm_S2,2026-04-02T17:00:53.611675,14,27,118,142,154,60,211,195,185,143,34,66,18,33,136,155,166,69,226,205,213,156,37,67,17,29,121,146,157,63,208,196,192,139,34,66,21,39,138,172,186,77,250,234,231,178,46,94,6,14,65,80,85,34,114,108,106,75,14,23,5,12,76,103,95,37,127,120,114,74,10,14,4,13,80,97,98,37,133,123,121,78,11,13,6,10,45,76,66,26,80,78,79,57,12,22,11.38,22.12,97.38,121.38,125.88,50.38,168.62,157.38,155.12,112.5,24.75,45.62
Asphalt_0cm_S2,2026-04-02T17:00:53.670561,14,27,118,142,154,60,211,195,185,143,34,66,18,33,136,155,166,69,226,205,213,156,37,67,17,29,121,146,157,63,208,196,192,139,34,66,21,39,138,172,186,77,250,234,231,178,46,94,6,14,65,81,85,34,114,108,106,75,14,23,5,13,76,103,94,37,127,120,114,74,10,13,4,13,80,97,98,37,133,123,121,78,11,13,6,10,45,76,66,26,80,78,79,57,12,22,11.38,22.25,97.38,121.5,125.75,50.38,168.62,157.38,155.12,112.5,24.75,45.5
Asphalt_0cm_S2,2026-04-02T17:00:53.729266,14,27,118,142,154,60,211,195,185,143,34,66,18,33,136,155,166,69,226,205,213,156,37,67,17,29,121,146,157,63,208,196,192,139,34,66,21,39,138,172,186,77,250,234,231,178,46,94,6,14,65,81,85,34,114,108,106,75,14,23,5,13,76,103,94,37,127,120,114,74,10,13,4,13,80,97,98,37,133,123,121,78,11,13,5,9,45,76,66,26,80,78,79,57,12,22,11.25,22.12,97.38,121.5,125.75,50.38,168.62,157.38,155.12,112.5,24.75,45.5
Asphalt_0cm_S2,2026-04-02T17:00:53.792330,14,27,118,142,155,60,211,194,185,143,34,66,18,34,136,155,166,70,226,205,212,156,37,67,17,29,121,146,157,63,208,196,192,139,34,66,21,39,138,172,186,77,250,234,231,178,46,94,6,14,65,81,85,34,114,108,106,75,14,23,5,13,76,103,94,37,127,120,114,74,10,13,4,13,80,97,98,37,133,123,121,78,11,13,5,9,45,76,66,26,80,78,79,57,12,22,11.25,22.25,97.38,121.5,125.88,50.5,168.62,157.25,155.0,112.5,24.75,45.5
Asphalt_0cm_S2,2026-04-02T17:00:53.859563,14,27,118,142,155,60,211,194,185,143,34,66,18,34,136,155,166,70,226,205,212,156,37,67,17,29,121,146,157,62,208,196,192,139,33,66,21,39,138,172,186,77,250,234,231,178,46,94,6,14,65,80,85,34,113,108,105,74,13,22,5,12,76,102,95,37,127,120,114,74,10,13,4,13,80,97,98,37,133,123,121,78,11,13,5,9,45,76,66,26,80,78,79,57,12,22,11.25,22.12,97.38,121.25,126.0,50.38,168.5,157.25,154.88,112.38,24.5,45.38
Asphalt_0cm_S2,2026-04-02T17:00:53.911629,14,27,118,142,155,60,211,194,185,143,34,66,18,34,136,155,166,70,226,205,212,156,37,67,17,29,121,146,157,62,208,196,192,139,33,66,21,39,138,172,186,77,250,234,231,178,46,94,6,14,65,80,85,34,113,108,105,74,13,22,5,12,76,102,95,37,127,120,114,74,10,13,4,13,80,97,98,37,133,123,121,78,11,13,5,9,45,76,66,26,80,78,79,57,12,22,11.25,22.12,97.38,121.25,126.0,50.38,168.5,157.25,154.88,112.38,24.5,45.38
Asphalt_0cm_S2,2026-04-02T17:00:53.984050,14,27,118,142,155,60,211,194,185,143,35,66,18,34,136,156,166,70,226,205,213,156,37,67,17,29,121,145,157,62,208,196,192,139,33,66,21,38,138,172,185,76,250,234,231,178,46,94,6,14,65,80,85,34,113,107,105,74,13,22,5,12,76,102,95,37,127,120,114,74,10,13,4,13,80,98,98,37,133,123,120,78,11,13,5,9,45,76,66,26,80,78,79,57,12,21,11.25,22.0,97.38,121.38,125.88,50.25,168.5,157.12,154.88,112.38,24.62,45.25
Asphalt_0cm_S2,2026-04-02T17:00:54.046274,14,27,118,142,155,60,211,194,185,143,35,66,18,34,136,156,166,70,226,205,213,156,37,67,17,29,121,145,157,62,208,196,192,139,33,66,21,38,138,172,185,76,250,234,231,178,46,94,6,14,65,80,85,34,113,107,105,74,13,22,4,12,76,102,94,38,127,120,114,74,10,13,4,13,80,97,98,37,133,123,120,77,11,13,5,9,45,76,65,26,80,77,79,57,12,21,11.12,22.0,97.38,121.25,125.62,50.38,168.5,157.0,154.88,112.25,24.62,45.25
Asphalt_0cm_S2,2026-04-02T17:00:54.100897,14,27,118,142,155,60,211,194,185,143,34,66,18,33,136,155,166,70,226,205,213,156,37,67,17,29,121,145,157,63,208,196,192,139,34,66,21,38,138,172,185,76,250,234,231,178,46,94,6,14,65,80,85,34,113,107,105,74,13,22,4,12,76,102,94,38,127,120,114,74,10,13,4,13,80,97,98,37,133,123,120,77,11,13,5,9,45,76,65,26,80,77,79,57,12,21,11.12,21.88,97.38,121.12,125.62,50.5,168.5,157.0,154.88,112.25,24.62,45.25
Asphalt_0cm_S2,2026-04-02T17:00:54.175043,14,27,118,142,155,60,211,194,185,143,34,66,18,33,136,155,166,70,226,205,213,156,37,67,17,29,121,145,157,63,208,196,192,139,34,66,21,38,138,172,185,76,249,233,230,178,46,93,6,14,65,80,85,34,113,107,105,74,13,22,5,12,76,102,94,37,127,120,114,73,10,13,4,13,79,97,98,37,133,123,120,77,11,13,5,9,45,76,65,26,80,77,79,57,12,21,11.25,21.88,97.25,121.12,125.62,50.38,168.38,156.88,154.75,112.12,24.62,45.12
Asphalt_0cm_S2,2026-04-02T17:00:54.238388,14,27,118,142,155,60,210,194,185,143,34,66,18,33,136,155,166,70,226,205,213,156,37,67,17,29,121,145,157,63,208,196,192,139,34,66,21,38,138,172,185,76,249,233,230,178,46,93,6,14,65,80,85,34,113,107,105,74,13,22,5,12,76,102,94,37,127,120,114,73,10,13,4,13,79,97,98,37,133,123,120,77,11,13,5,9,45,76,66,26,80,78,79,57,12,21,11.25,21.88,97.25,121.12,125.75,50.38,168.25,157.0,154.75,112.12,24.62,45.12
Asphalt_0cm_S2,2026-04-02T17:00:54.296505,14,27,118,142,155,60,210,194,185,143,34,66,18,33,136,156,166,69,226,205,212,156,37,67,16,29,121,146,157,62,208,196,192,139,33,66,21,38,138,171,185,76,249,233,230,177,46,93,6,14,65,80,85,34,113,107,105,74,13,22,5,12,76,102,94,37,127,120,114,73,10,13,4,13,79,97,98,37,133,123,120,77,11,13,5,9,45,76,66,26,80,78,79,57,12,21,11.12,21.88,97.25,121.25,125.75,50.12,168.25,157.0,154.62,112.0,24.5,45.12
Asphalt_0cm_S2,2026-04-02T17:00:54.356353,14,27,118,142,155,60,210,194,185,143,34,66,18,33,136,156,166,69,226,205,212,156,37,67,16,29,121,146,157,62,208,196,192,139,33,66,21,38,138,171,185,76,249,233,230,177,46,93,6,14,65,80,85,34,113,107,105,74,13,22,4,12,75,102,94,37,127,120,114,73,10,13,4,13,79,97,98,37,133,123,120,77,11,13,5,9,45,76,66,26,80,78,79,57,12,21,11.0,21.88,97.12,121.25,125.75,50.12,168.25,157.0,154.62,112.0,24.5,45.12
Asphalt_0cm_S2,2026-04-02T17:00:54.425987,14,27,118,142,155,60,210,194,185,143,34,66,18,33,136,156,166,69,226,205,212,156,37,67,16,29,121,146,157,62,208,196,192,139,33,66,21,38,138,171,185,76,249,233,230,177,46,93,6,14,65,80,85,34,113,107,105,74,13,22,4,12,75,102,94,37,127,120,114,73,10,13,4,13,79,97,98,37,133,123,120,77,11,13,5,9,45,76,66,26,80,78,79,57,12,21,11.0,21.88,97.12,121.25,125.75,50.12,168.25,157.0,154.62,112.0,24.5,45.12
Asphalt_0cm_S2,2026-04-02T17:00:54.486285,15,27,118,142,154,60,210,194,185,142,34,66,18,33,136,155,166,70,226,205,213,156,37,67,17,29,121,145,157,62,207,196,192,139,33,66,21,38,138,171,185,76,249,233,230,177,46,93,6,14,65,80,85,34,113,107,105,74,13,22,4,12,75,102,94,37,127,120,114,73,10,13,4,13,80,97,98,37,133,122,120,77,11,13,5,9,45,76,66,26,80,77,79,57,12,21,11.25,21.88,97.25,121.0,125.62,50.25,168.12,156.75,154.75,111.88,24.5,45.12
Asphalt_0cm_S2,2026-04-02T17:00:54.544189,15,27,118,142,154,60,210,194,185,142,34,66,18,33,136,155,166,70,226,205,213,156,37,67,17,29,121,145,157,62,207,196,192,139,33,66,21,38,138,171,185,76,249,233,230,177,46,93,6,14,65,80,85,34,113,107,105,74,13,22,4,12,75,102,94,37,127,120,114,73,10,13,4,13,80,97,98,37,133,122,120,77,11,13,5,9,45,76,66,26,80,77,79,57,12,21,11.25,21.88,97.25,121.0,125.62,50.25,168.12,156.75,154.75,111.88,24.5,45.12
Asphalt_0cm_S2,2026-04-02T17:00:54.601792,14,27,118,142,154,60,210,194,185,142,34,66,18,33,135,155,166,69,226,205,212,156,37,67,17,29,121,146,157,63,208,195,192,139,33,66,21,38,138,171,185,76,249,233,230,177,46,93,6,14,65,80,85,34,113,107,105,74,13,22,4,12,76,102,94,37,127,120,113,73,10,13,4,13,80,97,98,37,133,123,120,77,11,13,5,9,45,76,66,26,80,78,79,57,12,21,11.12,21.88,97.25,121.12,125.62,50.25,168.25,156.88,154.5,111.88,24.5,45.12
Asphalt_0cm_S2,2026-04-02T17:00:54.667632,14,27,118,142,154,60,210,194,185,142,34,66,18,33,135,155,166,69,226,205,212,156,37,67,17,29,121,146,157,63,208,195,192,139,33,66,21,38,138,171,185,76,249,233,230,177,46,93,6,13,65,80,85,34,113,108,105,74,13,22,5,12,75,102,94,37,127,119,113,73,10,13,4,13,80,97,98,37,133,122,120,78,11,13,5,9,45,76,66,26,80,78,79,57,12,21,11.25,21.75,97.12,121.12,125.62,50.25,168.25,156.75,154.5,112.0,24.5,45.12
Asphalt_0cm_S2,2026-04-02T17:00:54.740870,14,27,118,142,155,60,210,194,185,143,34,66,18,33,135,155,166,69,226,205,212,156,37,67,17,29,121,146,157,63,208,195,192,139,33,66,21,38,138,171,185,76,249,233,230,177,46,93,6,13,65,80,85,34,113,108,105,74,13,22,5,12,75,102,94,37,127,119,113,73,10,13,4,13,80,97,98,37,133,122,120,78,11,13,5,9,45,76,66,26,80,78,79,57,12,21,11.25,21.75,97.12,121.12,125.75,50.25,168.25,156.75,154.5,112.12,24.5,45.12
Asphalt_0cm_S2,2026-04-02T17:00:54.793410,14,27,118,142,155,60,210,194,185,143,34,66,18,33,136,155,166,70,226,205,212,156,37,67,17,29,121,145,157,63,208,196,192,139,34,66,20,38,138,171,185,76,248,233,230,177,45,93,6,13,65,80,85,34,113,108,105,74,13,22,5,12,75,102,94,37,127,119,113,73,10,13,4,13,80,97,98,37,133,122,120,78,11,13,5,9,45,76,66,26,80,78,79,57,12,21,11.12,21.75,97.25,121.0,125.75,50.38,168.12,156.88,154.5,112.12,24.5,45.12
Asphalt_0cm_S2,2026-04-02T17:00:54.873087,14,27,118,142,155,60,210,194,185,143,34,66,18,33,136,155,166,70,226,205,212,156,37,67,17,29,121,145,157,63,208,196,192,139,34,66,20,38,138,171,185,76,248,233,230,177,45,93,5,14,64,80,85,34,113,107,105,74,13,22,4,12,76,102,94,37,127,119,113,73,10,13,4,13,80,97,98,37,133,122,120,77,11,12,5,10,45,76,66,26,80,78,79,57,12,21,10.88,22.0,97.25,121.0,125.75,50.38,168.12,156.75,154.5,112.0,24.5,45.0
Asphalt_0cm_S2,2026-04-02T17:00:54.941401,14,27,118,142,155,60,210,194,185,143,34,66,18,33,136,155,166,70,226,205,212,156,37,67,17,29,121,145,157,63,208,196,192,139,34,66,20,38,138,171,185,76,248,233,230,177,45,93,5,14,64,80,85,34,113,107,105,74,13,22,4,12,76,102,94,37,127,119,113,73,10,13,4,13,80,97,98,37,133,122,120,77,11,12,5,10,45,76,66,26,80,78,79,57,12,21,10.88,22.0,97.25,121.0,125.75,50.38,168.12,156.75,154.5,112.0,24.5,45.0
Asphalt_0cm_S2,2026-04-02T17:00:54.994311,14,27,118,142,155,60,210,194,185,143,34,66,18,33,136,155,166,70,226,205,212,156,37,67,17,29,121,145,157,63,208,196,192,139,34,66,20,38,138,171,185,76,248,233,230,177,45,93,5,14,64,80,85,34,113,107,105,74,13,22,4,12,76,102,94,37,127,119,113,73,10,13,4,13,80,97,98,37,133,122,120,77,11,12,5,10,45,76,66,26,80,78,79,57,12,21,10.88,22.0,97.25,121.0,125.75,50.38,168.12,156.75,154.5,112.0,24.5,45.0
Asphalt_0cm_S2,2026-04-02T17:00:55.063316,14,27,118,142,154,60,210,194,184,142,34,66,18,33,136,155,166,70,226,205,212,156,37,67,17,29,121,145,157,63,208,196,192,139,34,66,20,38,138,171,185,76,248,233,230,177,45,93,5,14,64,80,85,34,113,107,105,74,13,22,4,12,76,102,94,37,127,119,113,73,10,13,4,13,80,97,98,37,133,122,120,77,11,12,5,10,45,76,66,26,80,78,79,57,12,21,10.88,22.0,97.25,121.0,125.62,50.38,168.12,156.75,154.38,111.88,24.5,45.0
Asphalt_0cm_S2,2026-04-02T17:00:55.111245,14,27,118,142,154,60,210,193,184,142,34,65,18,33,135,155,166,69,226,205,212,156,37,67,16,29,121,146,157,62,207,195,192,139,33,66,20,38,137,171,184,76,248,233,229,176,45,92,5,14,64,80,85,34,113,107,105,74,13,22,4,12,76,102,94,37,127,119,113,73,10,13,4,13,80,97,98,37,133,122,120,77,11,12,5,10,45,76,66,26,80,78,79,57,12,21,10.75,22.0,97.0,121.12,125.5,50.12,168.0,156.5,154.25,111.75,24.38,44.75
Asphalt_0cm_S2,2026-04-02T17:00:55.185716,14,27,118,142,154,60,210,193,184,142,34,65,18,33,135,155,166,69,226,205,212,156,37,67,16,29,121,146,157,62,207,195,192,139,33,66,20,38,137,171,184,76,248,233,229,176,45,92,5,13,65,80,85,34,113,107,105,74,13,22,4,12,75,102,94,37,126,119,113,73,10,13,4,13,80,97,98,37,133,123,120,77,11,12,5,9,45,76,66,26,80,77,79,57,12,21,10.75,21.75,97.0,121.12,125.5,50.12,167.88,156.5,154.25,111.75,24.38,44.75
Asphalt_0cm_S2,2026-04-02T17:00:55.247645,14,27,118,142,154,60,210,194,184,142,34,66,18,33,136,155,166,69,226,205,212,156,37,66,16,29,121,146,157,62,207,195,192,139,33,66,20,38,137,171,184,76,248,233,229,176,45,92,5,13,65,80,85,34,113,107,105,74,13,22,4,12,75,102,94,37,126,119,113,73,10,13,4,13,80,97,98,37,133,123,120,77,11,12,5,9,45,76,66,26,80,77,79,57,12,21,10.75,21.75,97.12,121.12,125.5,50.12,167.88,156.62,154.25,111.75,24.38,44.75
Asphalt_0cm_S2,2026-04-02T17:00:55.317778,14,27,118,142,154,60,210,194,184,142,34,66,18,33,136,155,166,69,226,205,212,156,37,66,17,29,121,146,157,62,207,195,192,139,33,66,20,38,137,171,185,76,248,232,229,176,45,92,5,13,65,80,85,34,113,107,105,74,13,22,5,12,76,102,94,37,126,119,113,73,10,13,4,13,80,97,98,37,133,123,120,77,11,12,5,9,45,76,66,26,80,77,79,57,12,21,11.0,21.75,97.25,121.12,125.62,50.12,167.88,156.5,154.25,111.75,24.38,44.75
Asphalt_0cm_S2,2026-04-02T17:00:55.375458,14,27,118,142,154,60,210,194,184,142,34,66,18,33,136,155,166,69,226,205,212,156,37,66,17,29,121,146,157,62,207,195,192,139,33,66,20,38,137,171,185,76,248,232,229,176,45,92,5,13,65,80,85,34,113,107,105,74,13,22,5,12,76,102,94,37,126,119,113,73,10,13,4,13,79,97,98,37,132,122,120,77,11,12,5,9,45,76,66,26,80,77,79,57,12,21,11.0,21.75,97.12,121.12,125.62,50.12,167.75,156.38,154.25,111.75,24.38,44.75
Asphalt_0cm_S2,2026-04-02T17:00:55.436018,14,27,118,142,154,60,210,194,184,142,34,66,18,33,136,155,166,69,226,205,212,156,37,66,17,29,121,146,157,62,207,195,192,139,33,66,20,38,137,171,185,76,248,232,229,176,45,92,5,13,65,80,85,34,113,107,105,74,13,22,5,12,76,102,94,37,126,119,113,73,10,13,4,13,79,97,98,37,132,122,120,77,11,12,5,9,45,76,66,26,80,77,79,57,12,21,11.0,21.75,97.12,121.12,125.62,50.12,167.75,156.38,154.25,111.75,24.38,44.75
Asphalt_0cm_S2,2026-04-02T17:00:55.505826,14,27,118,142,154,60,210,193,184,142,34,65,18,33,136,155,166,69,226,205,212,156,37,66,17,29,121,146,157,63,208,195,192,139,33,66,20,38,137,171,184,76,248,232,229,176,45,91,6,13,64,80,85,34,113,107,105,74,13,21,5,12,76,102,94,37,126,119,113,73,10,13,4,13,79,97,98,37,132,122,120,77,11,12,5,9,45,76,65,26,80,77,79,56,12,21,11.12,21.75,97.0,121.12,125.38,50.25,167.88,156.25,154.25,111.62,24.38,44.38
Asphalt_0cm_S2,2026-04-02T17:00:55.566413,14,27,118,142,154,60,210,193,184,142,34,65,18,33,136,155,166,69,226,205,212,156,37,66,17,29,121,146,157,63,208,195,192,139,33,66,20,38,137,171,184,76,248,232,229,176,45,91,6,13,64,80,85,34,113,107,105,74,13,21,5,12,76,102,94,37,126,119,113,73,10,13,4,13,79,97,98,37,132,122,120,77,11,12,5,9,45,76,65,26,80,77,79,56,12,21,11.12,21.75,97.0,121.12,125.38,50.25,167.88,156.25,154.25,111.62,24.38,44.38
Asphalt_0cm_S2,2026-04-02T17:00:55.625411,14,27,118,142,154,60,210,194,184,142,34,65,18,33,136,155,166,69,226,205,212,156,37,66,17,29,121,146,157,63,208,196,192,139,34,66,20,38,137,171,184,76,248,232,229,176,45,91,6,13,64,80,85,34,113,107,105,74,13,21,4,12,75,102,94,37,126,119,113,73,10,13,4,13,80,97,98,37,133,122,120,77,11,12,5,9,45,76,66,26,79,77,79,57,12,21,11.0,21.75,97.0,121.12,125.5,50.25,167.88,156.5,154.25,111.75,24.5,44.38
Asphalt_0cm_S2,2026-04-02T17:00:55.686059,14,27,118,142,154,60,210,194,184,142,34,65,18,33,136,155,166,69,226,205,212,156,37,66,17,29,121,146,157,63,208,196,192,139,34,66,20,38,137,171,184,76,248,232,229,176,45,91,5,13,65,80,85,34,113,107,105,74,13,21,4,12,75,102,94,37,127,119,113,73,10,13,4,13,79,97,98,37,132,122,120,77,11,12,5,9,45,76,65,26,79,78,79,57,12,21,10.88,21.75,97.0,121.12,125.38,50.25,167.88,156.62,154.25,111.75,24.5,44.38
Asphalt_0cm_S2,2026-04-02T17:00:55.744632,14,27,118,141,154,60,210,194,184,142,34,65,18,33,135,155,166,69,225,205,212,156,37,66,17,29,121,146,157,63,208,196,192,139,34,66,20,38,137,171,184,76,248,232,229,176,45,91,5,13,65,80,85,34,113,107,105,74,13,21,4,12,75,102,94,37,127,119,113,73,10,13,4,13,79,97,98,37,132,122,120,77,11,12,5,9,45,76,65,26,79,78,79,57,12,21,10.88,21.75,96.88,121.0,125.38,50.25,167.75,156.62,154.25,111.75,24.5,44.38
Asphalt_0cm_S2,2026-04-02T17:00:55.823113,14,27,118,141,154,60,210,194,184,142,34,65,18,33,135,155,166,69,225,205,212,156,37,66,17,29,121,146,157,62,208,196,192,139,33,66,20,38,137,171,184,76,248,232,229,176,45,91,5,13,65,80,85,34,113,107,105,74,13,21,4,12,75,102,94,37,127,119,113,73,10,13,4,13,79,97,98,37,132,122,120,77,11,12,5,9,45,76,65,26,79,78,79,57,12,21,10.88,21.75,96.88,121.0,125.38,50.12,167.75,156.62,154.25,111.75,24.38,44.38
Asphalt_0cm_S2,2026-04-02T17:00:55.880439,14,27,118,141,154,60,210,194,184,142,34,65,18,33,135,155,166,69,225,205,212,156,37,66,17,29,121,146,157,62,208,196,192,139,33,66,20,38,137,171,184,76,248,232,229,176,45,91,5,13,64,80,85,34,113,107,105,74,13,21,4,12,75,102,94,37,125,119,113,73,10,13,4,13,80,97,98,37,133,122,120,77,11,12,5,9,45,76,65,26,79,78,79,57,12,21,10.88,21.75,96.88,121.0,125.38,50.12,167.62,156.62,154.25,111.75,24.38,44.38
Asphalt_0cm_S2,2026-04-02T17:00:55.942397,14,27,118,141,154,60,210,194,184,142,34,65,18,33,135,155,166,69,225,205,212,156,37,66,17,29,121,146,157,62,208,196,192,139,33,66,20,38,137,171,184,76,248,232,229,176,45,91,5,13,64,80,85,34,113,107,105,74,13,21,4,12,75,102,94,37,125,119,113,73,10,13,4,13,80,97,98,37,133,122,120,77,11,12,5,9,45,76,65,26,79,78,79,57,12,21,10.88,21.75,96.88,121.0,125.38,50.12,167.62,156.62,154.25,111.75,24.38,44.38
Asphalt_0cm_S2,2026-04-02T17:00:56.000269,14,27,118,142,154,60,210,194,184,142,34,65,18,33,136,155,166,69,226,205,212,155,37,66,17,29,121,146,157,62,208,196,192,139,33,66,20,38,137,171,184,76,248,232,228,176,45,91,6,14,64,80,85,34,113,107,105,74,13,21,5,12,75,102,94,37,127,119,113,73,10,13,4,13,80,97,97,37,133,122,120,77,11,12,5,9,45,76,65,26,79,78,79,57,12,21,11.12,21.88,97.0,121.12,125.25,50.12,168.0,156.62,154.12,111.62,24.38,44.38
Asphalt_0cm_S2,2026-04-02T17:00:56.060072,14,27,118,142,154,60,210,194,184,142,34,65,18,33,136,155,166,69,226,205,212,155,37,66,17,29,121,146,157,62,208,196,192,139,33,66,20,38,137,171,184,76,248,232,228,176,45,91,6,14,64,80,85,34,113,107,105,74,13,21,5,12,75,102,94,37,127,119,113,73,10,13,4,13,80,97,97,37,133,122,120,77,11,12,5,9,45,76,65,26,80,77,79,57,12,21,11.12,21.88,97.0,121.12,125.25,50.12,168.12,156.5,154.12,111.62,24.38,44.38
Asphalt_0cm_S2,2026-04-02T17:00:56.107874,14,27,118,142,154,60,210,194,184,142,34,65,18,33,135,155,166,69,226,205,212,155,36,66,16,29,121,146,157,62,208,196,192,139,33,66,20,38,137,170,184,76,248,232,229,176,45,91,6,14,64,80,85,34,113,107,105,74,13,21,5,12,75,102,94,37,127,119,113,73,10,13,4,13,80,97,97,37,133,122,120,77,11,12,5,9,45,76,65,26,80,77,79,57,12,21,11.0,21.88,96.88,121.0,125.25,50.12,168.12,156.5,154.25,111.62,24.25,44.38
Asphalt_0cm_S2,2026-04-02T17:00:56.187864,14,27,118,142,154,60,210,194,184,142,34,65,18,33,135,155,166,69,226,205,212,155,36,66,16,29,121,146,157,62,208,196,192,139,33,66,20,38,137,170,184,76,248,232,229,176,45,91,6,13,64,80,85,34,113,107,105,74,13,21,5,12,74,102,94,37,127,119,113,73,10,13,4,13,80,97,98,37,132,122,120,77,11,12,5,9,45,76,65,26,79,77,79,56,12,21,11.0,21.75,96.75,121.0,125.38,50.12,167.88,156.5,154.25,111.5,24.25,44.38
Asphalt_0cm_S2,2026-04-02T17:00:56.250918,14,27,118,142,154,60,210,194,184,142,34,65,18,33,136,155,166,69,226,205,212,155,37,66,16,29,121,146,157,62,208,196,192,139,33,66,20,38,137,170,184,76,248,232,229,176,45,91,6,13,64,80,85,34,113,107,105,74,13,21,5,12,74,102,94,37,127,119,113,73,10,13,4,13,80,97,98,37,132,122,120,77,11,12,5,9,45,76,65,26,79,77,79,56,12,21,11.0,21.75,96.88,121.0,125.38,50.12,167.88,156.5,154.25,111.5,24.38,44.38
Asphalt_0cm_S2,2026-04-02T17:00:56.312179,14,27,118,142,154,60,210,194,184,142,34,65,18,33,136,155,166,69,226,205,212,155,37,66,16,29,121,146,157,62,207,195,192,139,33,66,20,38,137,171,184,76,248,232,229,176,45,91,5,13,64,80,85,34,113,107,105,74,13,21,5,12,75,102,94,37,127,119,113,73,10,13,4,13,80,97,98,37,132,122,120,77,11,12,5,9,45,76,65,26,79,77,79,56,12,21,10.88,21.75,97.0,121.12,125.38,50.12,167.75,156.38,154.25,111.5,24.38,44.38
Asphalt_0cm_S2,2026-04-02T17:00:56.377512,14,27,118,142,154,60,210,194,184,142,34,65,18,33,136,155,166,69,226,205,212,155,37,66,16,29,121,146,157,62,207,195,192,139,33,66,20,38,137,171,184,76,248,232,229,176,45,91,5,13,64,80,85,34,113,107,105,74,13,21,5,12,75,102,94,37,127,119,113,73,10,13,4,13,80,97,98,37,132,122,120,77,11,12,5,9,45,76,65,26,79,77,79,56,12,21,10.88,21.75,97.0,121.12,125.38,50.12,167.75,156.38,154.25,111.5,24.38,44.38
Asphalt_0cm_S2,2026-04-02T17:00:56.433601,14,27,118,142,154,60,210,194,184,142,34,65,18,33,136,155,166,69,226,205,212,155,37,66,16,29,121,146,157,62,207,195,192,139,33,66,20,38,137,171,184,76,248,232,229,176,45,91,5,13,64,80,85,34,113,107,105,74,13,21,5,12,75,102,94,37,127,119,113,73,10,13,4,13,80,97,98,37,132,122,120,77,11,12,5,9,45,76,65,26,79,77,79,56,12,21,10.88,21.75,97.0,121.12,125.38,50.12,167.75,156.38,154.25,111.5,24.38,44.38
Asphalt_0cm_S2,2026-04-02T17:00:56.499901,14,27,118,142,154,60,210,194,184,142,34,65,18,33,135,155,166,69,225,205,212,155,36,66,16,29,121,145,157,63,208,195,191,139,33,66,20,38,137,171,184,76,248,232,229,176,45,91,5,13,64,80,85,34,113,107,105,74,13,21,5,12,75,102,94,37,127,119,113,73,10,13,4,13,80,97,98,37,132,122,120,77,11,12,5,9,45,76,66,26,80,77,79,56,12,21,10.88,21.75,96.88,121.0,125.5,50.25,167.88,156.38,154.12,111.5,24.25,44.38
Asphalt_0cm_S2,2026-04-02T17:00:56.567364,14,27,118,142,154,60,210,194,184,142,34,65,18,33,135,155,166,69,225,205,212,155,36,66,16,29,121,145,157,63,208,195,191,139,33,66,20,38,137,171,184,76,248,232,229,176,45,91,5,13,64,80,85,34,113,107,105,74,13,21,5,12,75,102,94,37,127,119,113,73,10,13,4,13,80,97,98,37,132,122,120,77,11,12,5,9,45,76,66,26,80,77,79,56,12,21,10.88,21.75,96.88,121.0,125.5,50.25,167.88,156.38,154.12,111.5,24.25,44.38
Asphalt_0cm_S2,2026-04-02T17:00:56.618716,14,27,118,142,154,60,210,194,184,142,34,65,18,33,136,155,166,69,225,204,212,155,36,66,16,29,121,145,157,62,207,195,192,139,33,65,20,38,137,171,184,76,248,232,229,176,45,91,5,13,64,80,85,34,113,107,105,74,13,21,5,12,75,102,94,37,127,119,113,73,10,13,4,13,80,97,98,37,132,122,120,77,11,12,5,9,45,76,65,26,79,77,79,57,12,21,10.88,21.75,97.0,121.0,125.38,50.12,167.62,156.25,154.25,111.62,24.25,44.25
Asphalt_0cm_S2,2026-04-02T17:00:56.686457,14,27,118,142,154,60,210,194,184,142,34,65,18,33,136,155,166,69,225,204,212,155,36,66,16,29,121,145,157,62,207,195,192,139,33,65,20,38,137,171,184,76,248,232,229,176,45,91,5,13,64,80,85,34,113,107,105,74,13,21,4,12,75,102,94,37,127,120,113,73,10,13,4,13,80,97,98,37,132,122,120,77,11,12,5,9,45,76,66,26,79,77,79,56,12,21,10.75,21.75,97.0,121.0,125.5,50.12,167.62,156.38,154.25,111.5,24.25,44.25
Asphalt_0cm_S2,2026-04-02T17:00:56.758113,14,27,118,142,154,60,210,194,184,142,34,65,18,33,136,155,166,69,225,205,212,155,37,66,17,29,121,145,157,62,208,195,191,139,33,65,20,38,137,171,184,76,248,232,229,176,45,91,5,13,64,80,85,34,113,107,105,74,13,21,4,12,75,102,94,37,127,120,113,73,10,13,4,13,80,97,98,37,132,122,120,77,11,12,5,9,45,76,66,26,79,77,79,56,12,21,10.88,21.75,97.0,121.0,125.5,50.12,167.75,156.5,154.12,111.5,24.38,44.25
Asphalt_0cm_S2,2026-04-02T17:00:56.819321,14,27,118,142,154,60,210,194,184,142,34,65,18,33,136,155,166,69,225,205,212,155,37,66,17,29,121,145,157,62,208,195,191,139,33,65,20,38,137,171,184,76,248,232,229,176,45,92,6,14,64,80,85,34,113,107,105,74,13,22,4,12,76,102,95,37,127,120,114,73,10,13,4,13,80,97,98,37,132,122,120,77,11,12,5,9,45,76,66,26,79,77,79,56,12,21,11.0,21.88,97.12,121.0,125.62,50.12,167.75,156.5,154.25,111.5,24.38,44.5
Asphalt_0cm_S2,2026-04-02T17:00:56.875132,14,27,118,142,154,60,210,194,184,142,34,65,18,33,136,155,166,69,225,205,212,155,37,66,17,29,121,145,157,62,208,195,191,139,33,65,20,38,137,171,184,76,248,232,229,176,45,92,6,14,64,80,85,34,113,107,105,74,13,22,4,12,76,102,95,37,127,120,114,73,10,13,4,13,80,97,98,37,132,122,120,77,11,12,5,9,45,76,66,26,79,77,79,56,12,21,11.0,21.88,97.12,121.0,125.62,50.12,167.75,156.5,154.25,111.5,24.38,44.5
Asphalt_0cm_S2,2026-04-02T17:00:56.946191,14,27,118,142,154,60,210,193,184,142,34,65,18,33,136,155,166,69,225,205,212,155,37,66,17,29,121,145,157,62,208,195,191,139,33,65,20,38,137,171,184,76,248,232,229,176,45,92,6,14,64,80,85,34,113,107,105,74,13,22,4,12,76,102,95,37,127,120,114,73,10,13,4,13,80,97,98,37,133,122,120,77,11,12,5,9,45,76,66,26,79,77,79,57,12,21,11.0,21.88,97.12,121.0,125.62,50.12,167.88,156.38,154.25,111.62,24.38,44.5
Asphalt_0cm_S2,2026-04-02T17:00:57.006065,14,27,118,142,154,60,210,193,184,142,34,65,18,33,136,155,166,69,225,205,212,155,37,66,17,29,121,145,157,62,208,195,191,139,33,65,20,38,137,171,184,76,248,232,229,176,45,92,6,14,64,80,85,34,113,107,105,74,13,22,4,12,76,102,95,37,127,120,114,73,10,13,4,13,80,97,98,37,133,122,120,77,11,12,5,9,45,76,66,26,79,77,79,57,12,21,11.0,21.88,97.12,121.0,125.62,50.12,167.88,156.38,154.25,111.62,24.38,44.5
Asphalt_0cm_S2,2026-04-02T17:00:57.057403,14,27,118,142,154,60,210,193,184,142,34,65,18,33,136,155,166,69,225,205,212,155,37,66,17,29,121,145,157,62,208,195,191,139,33,65,20,38,137,171,184,76,248,232,229,176,45,92,6,14,64,80,85,34,113,107,105,74,13,22,4,12,76,102,95,37,127,120,114,73,10,13,4,13,80,97,98,37,133,122,120,77,11,12,5,9,45,76,66,26,79,77,79,57,12,21,11.0,21.88,97.12,121.0,125.62,50.12,167.88,156.38,154.25,111.62,24.38,44.5
Asphalt_0cm_S2,2026-04-02T17:00:57.121170,14,27,118,141,154,60,210,194,184,142,34,65,18,33,135,155,166,69,226,205,212,155,36,66,16,29,121,145,157,62,207,195,192,139,33,66,21,38,137,171,185,76,249,232,229,176,45,92,6,14,65,80,85,34,113,108,105,74,13,22,4,12,75,102,94,37,127,119,113,73,10,13,4,13,80,97,98,37,133,122,120,77,11,12,5,9,45,76,66,26,79,77,79,57,12,21,11.0,21.88,97.0,120.88,125.62,50.12,168.0,156.5,154.25,111.62,24.25,44.62
Asphalt_0cm_S2,2026-04-02T17:00:57.185851,14,27,118,141,154,60,210,194,184,142,34,65,18,33,135,155,166,69,226,205,212,155,36,66,16,29,121,145,157,62,207,195,192,139,33,66,21,38,138,171,185,76,249,233,230,177,45,92,6,13,65,80,85,34,114,107,105,74,13,22,4,12,76,102,94,37,127,120,114,73,10,13,4,13,80,97,98,37,133,123,120,77,11,13,5,9,45,76,65,26,79,77,79,57,12,21,11.0,21.75,97.25,120.88,125.5,50.12,168.12,156.75,154.5,111.75,24.25,44.75
Asphalt_0cm_S2,2026-04-02T17:00:57.244588,14,27,118,141,154,60,210,193,184,142,34,65,18,33,136,155,165,69,225,205,212,155,36,66,16,29,121,145,157,62,207,195,192,139,33,66,21,38,138,171,185,76,249,233,230,177,45,92,6,13,65,80,85,34,114,107,105,74,13,22,4,12,76,102,94,37,127,120,114,73,10,13,4,13,80,97,98,37,133,123,120,77,11,13,5,9,45,76,65,26,79,77,79,57,12,21,11.0,21.75,97.38,120.88,125.38,50.12,168.0,156.62,154.5,111.75,24.25,44.75
Asphalt_0cm_S2,2026-04-02T17:00:57.311287,14,27,118,141,154,60,210,193,184,142,34,65,18,33,136,155,165,69,225,205,212,155,36,66,16,29,121,146,156,62,207,195,192,138,33,66,21,38,138,171,185,76,249,233,229,177,46,93,6,14,65,80,85,34,113,107,105,74,13,22,5,12,76,102,94,37,127,119,113,73,10,13,4,13,80,97,98,37,133,123,120,77,11,13,5,9,45,76,65,26,79,77,79,57,12,21,11.12,21.88,97.38,121.0,125.25,50.12,167.88,156.5,154.25,111.62,24.38,44.88
Asphalt_0cm_S2,2026-04-02T17:00:57.375195,14,27,118,141,154,60,210,193,184,142,34,65,18,33,136,155,165,69,225,205,212,155,36,66,16,29,121,146,156,62,207,195,192,138,33,66,21,38,138,171,185,76,249,233,229,177,46,93,6,14,65,80,85,34,113,107,105,74,13,22,5,12,76,102,94,37,127,119,113,73,10,13,4,13,79,97,98,37,133,123,120,77,11,13,5,9,45,76,66,26,79,78,79,57,12,21,11.12,21.88,97.25,121.0,125.38,50.12,167.88,156.62,154.25,111.62,24.38,44.88
Asphalt_0cm_S2,2026-04-02T17:00:57.432361,14,27,118,141,154,60,210,193,184,142,34,65,18,33,136,155,165,69,225,205,212,155,36,66,16,29,121,146,156,62,207,195,192,138,33,66,21,38,138,171,185,76,249,233,229,177,46,93,6,14,65,80,85,34,113,107,105,74,13,22,5,12,76,102,94,37,127,119,113,73,10,13,4,13,79,97,98,37,133,123,120,77,11,13,5,9,45,76,66,26,79,78,79,57,12,21,11.12,21.88,97.25,121.0,125.38,50.12,167.88,156.62,154.25,111.62,24.38,44.88
Asphalt_0cm_S2,2026-04-02T17:00:57.486983,14,27,118,141,154,60,210,193,184,142,34,65,18,33,136,155,165,69,225,205,212,155,36,66,16,29,121,146,156,62,207,195,192,138,33,66,21,38,138,171,185,76,249,233,229,177,46,93,6,14,65,80,85,34,113,107,105,74,13,22,5,12,76,102,94,37,127,119,113,73,10,13,4,13,79,97,98,37,133,123,120,77,11,13,5,9,45,76,66,26,79,78,79,57,12,21,11.12,21.88,97.25,121.0,125.38,50.12,167.88,156.62,154.25,111.62,24.38,44.88
Asphalt_0cm_S2,2026-04-02T17:00:57.561587,14,27,118,142,154,60,210,193,184,141,34,65,18,33,136,155,166,69,225,205,212,155,36,66,16,29,121,145,157,62,208,196,192,139,33,66,20,38,138,171,185,76,249,233,229,177,45,92,6,14,65,80,85,34,113,107,105,74,13,22,4,12,76,102,94,37,127,120,114,73,10,13,4,13,80,97,98,37,133,122,120,77,11,12,5,9,45,76,65,26,79,77,79,56,12,21,10.88,21.88,97.38,121.0,125.5,50.12,168.0,156.62,154.38,111.5,24.25,44.62
Asphalt_0cm_S2,2026-04-02T17:00:57.630382,14,27,118,142,154,60,210,193,184,141,34,65,18,33,135,155,166,69,225,204,212,155,36,66,16,29,121,145,157,62,207,195,192,139,33,65,21,38,138,171,185,76,249,233,229,176,45,92,6,13,65,80,85,34,113,107,105,74,13,22,4,12,76,102,94,37,127,120,114,73,10,13,4,13,80,97,98,37,133,122,120,77,11,12,5,9,45,76,65,26,79,77,79,56,12,21,11.0,21.75,97.25,121.0,125.5,50.12,167.88,156.38,154.38,111.38,24.25,44.5
Asphalt_0cm_S2,2026-04-02T17:00:57.687716,14,27,118,142,154,60,210,193,184,141,34,65,18,33,135,155,166,69,225,204,212,155,36,66,16,29,121,145,157,62,207,195,192,139,33,65,21,38,138,171,185,76,249,233,229,176,45,92,6,13,65,80,85,34,113,107,105,74,13,22,4,12,76,102,94,37,127,120,114,73,10,13,4,13,79,97,98,37,133,122,120,77,11,12,5,9,45,76,65,26,79,77,79,56,12,21,11.0,21.75,97.12,121.0,125.5,50.12,167.88,156.38,154.38,111.38,24.25,44.5
Asphalt_0cm_S2,2026-04-02T17:00:57.757475,14,27,117,142,154,60,209,193,184,142,34,65,18,33,136,155,166,69,225,205,212,155,36,66,16,29,121,145,157,62,207,195,192,139,33,65,21,38,138,171,185,76,249,233,229,176,45,92,6,13,65,80,85,34,113,107,105,74,13,22,4,12,76,102,94,37,127,120,114,73,10,13,4,13,79,97,98,37,133,122,120,77,11,12,5,9,45,76,65,26,79,77,79,56,12,21,11.0,21.75,97.12,121.0,125.5,50.12,167.75,156.5,154.38,111.5,24.25,44.5
Asphalt_0cm_S2,2026-04-02T17:00:57.821318,14,27,117,142,154,60,209,193,184,142,34,65,18,33,136,155,166,69,225,205,212,155,36,66,16,29,121,145,157,62,207,195,192,139,33,65,20,38,138,171,184,76,249,232,229,176,45,92,5,14,65,80,85,34,113,107,105,74,13,22,4,12,75,102,95,37,126,119,113,73,10,13,4,13,79,97,98,37,133,122,120,77,11,12,5,9,45,76,65,26,79,77,79,56,12,21,10.75,21.88,97.0,121.0,125.5,50.12,167.62,156.25,154.25,111.5,24.25,44.5
Asphalt_0cm_S2,2026-04-02T17:00:57.869334,14,27,117,142,154,60,209,193,184,142,34,65,18,33,136,155,166,69,225,205,212,155,36,66,16,29,121,145,157,62,207,195,192,139,33,65,20,38,138,171,184,76,249,232,229,176,45,92,5,14,65,80,85,34,113,107,105,74,13,22,4,12,75,102,95,37,126,119,113,73,10,13,4,13,79,97,98,37,133,122,120,77,11,12,5,9,45,76,65,26,79,77,79,56,12,21,10.75,21.88,97.0,121.0,125.5,50.12,167.62,156.25,154.25,111.5,24.25,44.5
Asphalt_0cm_S2,2026-04-02T17:00:57.945487,14,26,118,142,154,60,210,193,184,142,34,65,18,33,135,155,165,69,225,204,212,155,36,66,16,29,121,145,157,62,207,195,192,139,33,65,20,38,138,171,184,76,249,232,229,176,45,92,5,14,65,80,85,34,113,107,105,74,13,22,4,12,75,102,95,37,126,119,113,73,10,13,4,13,79,97,98,37,133,122,120,77,11,12,5,9,45,76,65,26,79,77,79,57,12,21,10.75,21.75,97.0,121.0,125.38,50.12,167.75,156.12,154.25,111.62,24.25,44.5
Asphalt_0cm_S2,2026-04-02T17:00:58.005957,14,26,118,142,154,60,210,193,184,142,34,65,18,33,135,155,165,69,225,204,212,155,36,66,16,29,121,145,157,62,207,195,192,139,33,65,20,38,138,171,184,76,249,232,229,176,45,92,5,14,65,80,85,34,113,107,105,74,13,22,4,12,75,102,95,37,126,119,113,73,10,13,4,13,79,97,98,37,133,122,120,77,11,12,5,9,45,76,65,26,79,77,79,57,12,21,10.75,21.75,97.0,121.0,125.38,50.12,167.75,156.12,154.25,111.62,24.25,44.5
Asphalt_0cm_S2,2026-04-02T17:00:58.066759,14,27,118,141,154,60,209,193,184,142,34,65,18,33,135,155,165,69,225,204,212,155,36,66,16,29,121,145,157,62,207,195,191,139,33,65,20,38,138,171,184,76,248,233,229,177,45,92,6,14,64,80,85,34,113,107,105,74,13,21,5,12,75,103,94,37,127,119,114,73,10,13,4,13,80,97,98,37,132,123,120,77,11,12,5,9,45,76,65,26,79,77,78,57,12,21,11.0,21.88,97.0,121.0,125.25,50.12,167.5,156.38,154.12,111.75,24.25,44.38
Asphalt_0cm_S2,2026-04-02T17:00:58.127873,14,27,118,141,154,60,209,193,184,142,34,65,18,33,135,155,166,69,225,205,212,155,36,66,16,29,121,145,157,62,207,195,191,138,33,65,21,38,138,171,185,76,249,233,229,176,45,92,6,14,64,80,85,34,113,107,105,74,13,21,5,12,75,103,94,37,127,119,114,73,10,13,4,13,80,97,98,37,132,123,120,77,11,12,5,9,45,76,65,26,79,77,78,57,12,21,11.12,21.88,97.0,121.0,125.5,50.12,167.62,156.5,154.12,111.5,24.25,44.38
Asphalt_0cm_S2,2026-04-02T17:00:58.185982,14,27,118,141,154,60,209,193,184,142,34,65,18,33,135,155,166,69,225,205,212,155,36,66,16,29,121,145,157,62,207,195,191,138,33,65,21,38,138,171,185,76,249,233,229,176,45,92,6,13,65,80,85,34,113,107,105,74,13,22,5,12,75,102,94,37,127,120,114,73,10,13,4,13,80,97,98,37,133,122,120,78,11,12,5,9,45,76,65,26,79,77,79,56,12,21,11.12,21.75,97.12,120.88,125.5,50.12,167.75,156.5,154.25,111.5,24.25,44.5
Asphalt_0cm_S2,2026-04-02T17:00:58.256082,14,27,118,141,154,60,209,193,184,142,34,65,18,33,135,155,166,69,225,204,212,155,36,66,16,29,121,145,157,62,207,195,191,138,33,65,21,38,138,171,185,76,249,233,229,176,45,92,6,13,65,80,85,34,113,107,105,74,13,22,5,12,75,102,94,37,127,120,114,73,10,13,4,13,80,97,98,37,133,122,120,78,11,12,5,9,45,76,65,26,79,77,79,56,12,21,11.12,21.75,97.12,120.88,125.5,50.12,167.75,156.38,154.25,111.5,24.25,44.5
Asphalt_0cm_S2,2026-04-02T17:00:58.311832,14,27,118,141,154,60,209,193,184,142,34,65,18,33,135,155,166,69,225,204,212,155,36,66,16,29,121,146,157,62,207,195,191,139,33,65,20,38,138,171,184,76,247,232,229,176,45,91,6,13,65,80,85,34,113,107,105,74,13,21,5,12,75,102,94,37,127,120,114,73,10,13,4,13,80,97,98,37,133,122,120,78,11,12,5,9,45,76,65,26,79,77,79,56,12,21,11.0,21.75,97.12,121.0,125.38,50.12,167.5,156.25,154.25,111.62,24.25,44.25
Asphalt_0cm_S2,2026-04-02T17:00:58.375378,14,27,118,141,154,60,209,193,184,142,34,65,18,33,135,155,166,69,225,204,212,155,36,66,16,29,121,146,157,62,207,195,191,139,33,65,20,38,138,171,184,76,247,232,229,176,45,91,6,13,65,80,85,34,113,107,105,74,13,21,4,12,75,102,94,38,127,120,114,73,10,13,4,13,80,97,98,37,133,122,120,78,11,12,5,9,45,76,65,26,79,77,79,56,12,21,10.88,21.75,97.12,121.0,125.38,50.25,167.5,156.25,154.25,111.62,24.25,44.25
Asphalt_0cm_S2,2026-04-02T17:00:58.433639,14,27,118,141,154,60,209,193,184,142,34,65,18,33,135,155,166,69,225,204,212,155,36,66,16,29,121,146,157,62,207,195,191,139,33,65,20,38,138,171,184,76,247,232,229,176,45,91,6,13,65,80,85,34,113,107,105,74,13,21,4,12,75,102,94,38,127,120,114,73,10,13,4,13,80,97,98,37,133,122,120,78,11,12,5,9,45,76,65,26,79,77,79,56,12,21,10.88,21.75,97.12,121.0,125.38,50.25,167.5,156.25,154.25,111.62,24.25,44.25
Asphalt_0cm_S2,2026-04-02T17:00:58.501721,14,27,118,141,154,60,209,193,184,142,34,65,18,33,135,155,166,69,225,204,212,155,36,66,16,29,121,146,157,62,207,195,191,139,33,65,20,38,138,171,184,76,247,232,229,176,45,91,6,13,65,80,85,34,113,107,105,74,13,21,4,12,75,102,94,38,127,120,114,73,10,13,4,13,80,97,98,37,133,122,120,78,11,12,5,9,45,76,65,26,79,77,79,56,12,21,10.88,21.75,97.12,121.0,125.38,50.25,167.5,156.25,154.25,111.62,24.25,44.25
Asphalt_0cm_S2,2026-04-02T17:00:58.549094,14,27,118,142,154,60,210,193,184,142,34,65,18,33,135,155,166,69,225,204,211,155,36,65,16,29,121,145,157,63,207,195,191,138,33,65,20,38,137,171,185,76,248,232,229,176,45,91,5,13,64,80,85,34,113,107,105,74,13,21,5,12,75,102,94,37,127,120,114,73,10,13,4,13,80,97,98,37,133,122,120,77,11,12,5,9,45,76,65,26,79,77,79,57,12,21,10.88,21.75,96.88,121.0,125.5,50.25,167.75,156.25,154.12,111.5,24.25,44.12
Asphalt_0cm_S2,2026-04-02T17:00:58.613116,14,27,118,142,154,60,210,193,184,142,34,65,18,33,135,155,165,69,225,204,212,155,36,65,16,29,121,145,156,62,207,195,192,138,33,65,20,38,137,171,184,76,248,232,228,175,45,91,5,13,64,80,85,34,113,107,105,74,13,21,5,12,75,102,94,37,127,120,114,73,10,13,4,13,80,97,98,37,133,122,120,77,11,12,5,9,45,76,65,26,79,77,79,57,12,21,10.88,21.75,96.88,121.0,125.12,50.12,167.75,156.25,154.25,111.38,24.25,44.12
Asphalt_0cm_S2,2026-04-02T17:00:58.675937,14,27,118,142,154,60,210,193,184,142,34,65,18,33,135,155,165,69,225,204,212,155,36,65,16,29,121,145,156,62,207,195,192,138,33,65,20,38,137,171,184,76,248,232,228,175,45,91,5,13,65,80,85,34,113,107,105,74,13,22,5,12,75,102,94,37,127,120,114,73,10,13,4,13,80,97,98,37,133,122,120,77,11,13,5,9,45,76,65,26,79,77,79,56,12,21,10.88,21.75,97.0,121.0,125.12,50.12,167.75,156.25,154.25,111.25,24.25,44.38
Asphalt_0cm_S2,2026-04-02T17:00:58.755535,14,27,118,141,154,60,210,193,184,141,34,65,18,33,136,155,165,69,225,205,211,155,36,66,16,29,121,146,156,62,207,195,191,138,33,65,20,38,137,171,184,76,248,232,228,175,45,91,5,13,65,80,85,34,113,107,105,74,13,22,5,12,75,102,94,37,127,120,114,73,10,13,4,13,80,97,98,37,133,122,120,77,11,13,5,9,45,76,65,26,79,77,79,56,12,21,10.88,21.75,97.12,121.0,125.12,50.12,167.75,156.38,154.0,111.12,24.25,44.5
Asphalt_0cm_S2,2026-04-02T17:00:58.813612,14,27,118,141,154,60,210,193,184,141,34,65,18,33,136,155,165,69,225,205,211,155,36,66,16,29,121,146,156,62,207,195,191,138,33,65,20,38,137,171,184,76,248,232,228,176,45,91,5,13,64,80,85,34,113,107,105,74,13,21,5,12,75,102,94,37,127,119,113,73,10,13,4,13,80,97,98,37,133,122,120,77,11,13,5,9,45,76,65,26,79,77,79,56,12,21,10.88,21.75,97.0,121.0,125.12,50.12,167.75,156.25,153.88,111.25,24.25,44.38
Asphalt_0cm_S2,2026-04-02T17:00:58.880856,14,27,118,141,154,60,210,193,184,141,34,65,18,33,136,155,165,69,225,205,211,155,36,66,16,29,121,146,156,62,207,195,191,138,33,65,20,38,137,171,184,76,248,232,228,176,45,91,5,13,64,80,85,34,113,107,105,74,13,21,5,12,75,102,94,37,127,119,113,73,10,13,4,13,80,97,98,37,133,122,120,77,11,13,5,9,45,76,65,26,79,77,79,56,12,21,10.88,21.75,97.0,121.0,125.12,50.12,167.75,156.25,153.88,111.25,24.25,44.38
Asphalt_0cm_S2,2026-04-02T17:00:58.936192,14,27,118,141,154,60,210,193,184,141,34,65,18,33,136,155,165,69,225,205,211,155,36,66,16,29,121,146,156,62,207,195,191,138,33,65,20,38,137,171,184,76,248,232,228,176,45,91,5,13,64,80,85,34,113,107,105,74,13,21,5,12,75,102,94,37,127,119,113,73,10,13,4,13,80,97,98,37,133,122,120,77,11,13,5,9,45,76,65,26,79,77,79,56,12,21,10.88,21.75,97.0,121.0,125.12,50.12,167.75,156.25,153.88,111.25,24.25,44.38
Asphalt_0cm_S2,2026-04-02T17:00:59.007762,14,26,118,141,154,60,209,193,183,142,34,64,18,33,135,155,165,69,225,204,211,155,36,65,16,29,121,145,157,62,207,195,191,138,33,65,20,38,137,170,184,76,248,232,229,175,45,91,5,13,64,80,85,34,113,107,105,74,13,21,5,12,75,102,94,37,127,119,113,73,10,13,4,13,80,97,98,37,133,122,120,77,11,12,5,9,45,76,65,26,79,77,79,56,12,21,10.88,21.62,96.88,120.75,125.25,50.12,167.62,156.12,153.88,111.25,24.25,44.0
Asphalt_0cm_S2,2026-04-02T17:00:59.069063,14,26,118,141,154,60,209,193,183,142,34,64,18,33,135,155,165,69,225,204,211,155,36,65,16,29,121,145,157,62,207,195,191,138,33,65,20,38,137,170,184,76,248,232,229,175,45,91,5,13,64,80,85,34,113,107,105,74,13,21,5,12,75,102,94,37,127,119,113,73,10,13,4,13,80,97,98,37,133,122,120,77,11,12,5,9,45,76,65,26,79,77,79,56,12,21,10.88,21.62,96.88,120.75,125.25,50.12,167.62,156.12,153.88,111.25,24.25,44.0
Asphalt_0cm_S2,2026-04-02T17:00:59.120985,14,27,117,141,154,60,209,193,183,141,34,64,18,33,135,155,165,69,225,204,211,155,36,65,16,29,121,145,157,62,207,195,191,138,33,65,20,37,137,170,184,76,247,232,228,175,44,90,6,13,65,80,85,34,113,107,105,74,13,21,5,12,75,102,94,37,126,120,113,73,10,13,4,13,79,97,98,37,133,123,120,77,11,13,5,9,45,76,65,26,79,77,79,57,12,21,11.0,21.62,96.75,120.75,125.25,50.12,167.38,156.38,153.75,111.25,24.12,44.0
Asphalt_0cm_S2,2026-04-02T17:00:59.191887,14,27,117,141,154,60,209,193,183,141,34,64,18,33,135,155,165,69,225,204,211,155,36,65,16,29,121,145,157,62,207,195,191,138,33,65,20,37,137,170,184,76,247,232,228,175,44,90,6,13,65,80,85,34,113,107,105,74,13,21,5,12,76,102,94,37,127,120,114,73,10,13,4,13,80,97,98,37,133,122,120,77,11,13,5,9,45,76,65,26,79,76,78,56,12,21,11.0,21.62,97.0,120.75,125.25,50.12,167.5,156.12,153.75,111.12,24.12,44.0
Asphalt_0cm_S2,2026-04-02T17:00:59.254986,14,26,118,141,154,60,209,193,183,141,33,64,18,33,135,155,165,69,225,204,211,155,36,65,16,29,121,145,157,62,207,195,191,138,33,65,20,37,137,170,184,76,247,232,228,175,44,90,6,13,65,80,85,34,113,107,105,74,13,21,5,12,76,102,94,37,127,120,114,73,10,13,4,13,80,97,98,37,133,122,120,77,11,13,5,9,45,76,65,26,79,76,78,56,12,21,11.0,21.5,97.12,120.75,125.25,50.12,167.5,156.12,153.75,111.12,24.0,44.0
Asphalt_0cm_S2,2026-04-02T17:00:59.310816,14,26,118,141,154,60,209,193,183,141,33,64,18,33,135,155,165,69,225,204,211,155,36,65,16,29,121,145,157,62,207,195,191,138,33,65,20,37,137,170,184,76,247,232,228,175,44,90,6,13,65,80,85,34,113,107,105,74,13,21,5,12,76,102,94,37,127,120,114,73,10,13,4,13,80,97,98,37,133,122,120,77,11,13,5,9,45,76,65,26,79,76,78,56,12,21,11.0,21.5,97.12,120.75,125.25,50.12,167.5,156.12,153.75,111.12,24.0,44.0
Asphalt_0cm_S2,2026-04-02T17:00:59.374385,14,26,118,141,154,60,209,193,183,141,33,64,18,33,135,155,165,69,225,204,211,155,36,65,16,29,121,145,157,62,207,195,191,138,33,65,20,38,137,171,184,76,248,232,228,175,45,90,6,13,65,80,85,34,113,107,105,74,13,21,5,12,76,103,95,37,127,120,114,73,10,13,4,13,80,97,98,37,133,123,120,78,11,13,5,10,45,76,66,26,79,77,79,57,12,21,11.0,21.75,97.12,121.0,125.5,50.12,167.62,156.38,153.88,111.38,24.12,44.0
Asphalt_0cm_S2,2026-04-02T17:00:59.435952,14,26,118,141,154,60,209,193,183,141,33,64,18,33,135,155,165,69,225,204,211,155,36,65,16,29,121,145,157,62,207,195,191,138,33,65,20,38,137,171,184,76,248,232,228,175,45,90,6,13,65,80,85,34,113,107,105,74,13,21,5,12,76,103,95,37,127,120,114,73,10,13,4,13,80,97,98,37,133,123,120,78,11,13,5,10,45,76,66,26,79,77,79,57,12,21,11.0,21.75,97.12,121.0,125.5,50.12,167.62,156.38,153.88,111.38,24.12,44.0
Asphalt_0cm_S2,2026-04-02T17:00:59.499130,14,26,118,141,154,60,209,193,183,141,33,64,18,33,135,155,165,69,225,204,211,155,36,65,16,29,121,145,157,62,207,195,191,138,33,65,20,38,137,171,184,76,248,232,228,175,45,90,6,13,65,80,85,34,113,107,105,74,13,21,5,12,76,103,95,37,127,120,114,73,10,13,4,13,80,97,98,37,133,123,120,78,11,13,5,10,45,76,66,26,79,77,79,57,12,21,11.0,21.75,97.12,121.0,125.5,50.12,167.62,156.38,153.88,111.38,24.12,44.0
Asphalt_0cm_S2,2026-04-02T17:00:59.548886,14,26,118,141,154,60,209,193,183,141,33,64,18,33,135,155,165,69,225,204,211,155,36,65,16,29,121,145,157,62,207,195,191,138,33,65,20,38,137,171,184,76,248,232,228,175,45,90,6,13,65,80,85,34,113,107,105,74,13,21,5,12,76,103,95,37,127,120,114,73,10,13,4,13,80,97,98,37,133,123,120,78,11,13,5,10,45,76,66,26,79,77,79,57,12,21,11.0,21.75,97.12,121.0,125.5,50.12,167.62,156.38,153.88,111.38,24.12,44.0
Asphalt_0cm_S2,2026-04-02T17:00:59.629282,14,26,117,140,152,59,208,192,182,140,33,62,17,32,134,154,164,69,223,203,210,153,35,63,16,28,120,144,155,62,205,194,189,136,32,62,20,37,137,170,183,75,246,231,227,174,44,89,6,13,64,80,85,34,113,107,105,74,13,21,4,12,76,103,95,37,127,120,114,73,10,13,4,13,80,97,98,37,133,123,121,78,11,13,5,9,45,76,65,26,79,77,79,56,12,21,10.75,21.25,96.62,120.5,124.62,49.88,166.75,155.88,153.38,110.5,23.75,43.0
Asphalt_0cm_S2,2026-04-02T17:00:59.688548,14,26,117,140,152,59,208,192,182,140,33,62,17,32,134,154,164,69,223,203,210,153,35,63,16,28,120,144,155,62,205,194,189,136,32,62,20,37,137,170,183,75,246,231,227,174,44,89,6,13,64,80,85,34,113,107,105,74,13,21,5,12,75,103,95,37,127,120,114,74,10,13,4,13,80,97,98,37,133,123,121,78,11,13,5,9,45,76,65,26,79,77,79,56,12,21,10.88,21.25,96.5,120.5,124.62,49.88,166.75,155.88,153.38,110.62,23.75,43.0
Asphalt_0cm_S2,2026-04-02T17:00:59.756220,13,26,117,140,152,59,207,191,181,138,32,61,17,32,134,153,163,68,223,202,209,152,35,62,16,28,120,144,155,62,205,194,189,136,32,62,20,37,137,170,183,75,246,231,227,174,44,89,6,13,64,80,85,34,113,107,105,74,13,21,5,12,75,103,95,37,127,120,114,74,10,13,4,13,80,97,98,37,133,123,121,78,11,13,5,9,45,76,65,26,79,77,79,56,12,21,10.75,21.25,96.5,120.38,124.5,49.75,166.62,155.62,153.12,110.25,23.62,42.75
Asphalt_0cm_S2,2026-04-02T17:00:59.822133,13,26,117,140,152,59,207,191,181,138,32,61,17,32,134,153,163,68,223,202,209,152,35,62,16,28,120,144,155,62,205,193,189,135,32,62,20,37,137,170,183,75,246,230,227,174,44,89,6,13,64,80,85,34,113,107,105,74,13,22,5,12,76,102,94,38,127,120,114,74,10,13,4,13,80,97,98,37,133,123,121,78,11,13,5,9,45,76,65,26,79,77,79,56,12,21,10.75,21.25,96.62,120.25,124.38,49.88,166.62,155.38,153.12,110.12,23.62,42.88
Asphalt_0cm_S2,2026-04-02T17:00:59.877759,13,26,117,140,152,59,207,191,181,138,32,61,17,32,134,153,163,68,223,202,209,152,35,62,16,28,120,144,155,62,205,193,189,135,32,62,20,37,137,170,183,75,246,230,227,174,44,89,6,13,64,80,85,34,113,107,105,74,13,22,5,12,76,102,94,38,127,120,114,74,10,13,4,13,80,97,98,37,133,123,120,77,11,13,5,9,45,76,65,26,79,77,79,56,12,21,10.75,21.25,96.62,120.25,124.38,49.88,166.62,155.38,153.0,110.0,23.62,42.88
Asphalt_0cm_S2,2026-04-02T17:00:59.938297,13,26,117,140,152,59,207,191,181,138,32,61,17,32,134,153,163,68,223,202,209,152,35,62,16,28,120,144,155,62,205,193,189,135,32,62,20,37,137,170,183,75,246,230,227,174,44,89,6,13,64,80,85,34,113,107,105,74,13,22,5,12,76,102,94,38,127,120,114,74,10,13,4,13,80,97,98,37,133,123,120,77,11,13,5,9,45,76,65,26,79,77,79,56,12,21,10.75,21.25,96.62,120.25,124.38,49.88,166.62,155.38,153.0,110.0,23.62,42.88
Asphalt_0cm_S2,2026-04-02T17:00:59.994002,13,26,116,139,151,59,206,190,180,137,32,60,17,31,133,152,162,68,221,201,207,150,34,60,15,27,119,143,154,61,205,193,188,135,31,60,19,36,136,169,182,75,246,230,226,172,43,88,5,13,65,80,85,34,113,107,105,73,13,21,4,12,76,103,95,38,127,120,114,74,10,13,4,13,80,97,98,37,133,123,121,78,11,13,5,9,45,76,65,26,79,77,79,56,11,21,10.25,20.88,96.25,119.88,124.0,49.75,166.25,155.12,152.5,109.38,23.12,42.0
Asphalt_0cm_S2,2026-04-02T17:01:00.075034,12,25,115,138,150,58,204,188,178,135,30,57,17,31,133,152,162,68,221,201,207,150,34,60,15,27,119,143,154,61,205,193,188,135,31,60,19,36,136,169,182,75,246,230,226,172,43,88,5,13,65,80,85,34,113,107,105,73,13,21,4,12,76,103,95,38,127,120,114,74,10,13,4,13,80,97,98,37,133,123,121,78,11,13,5,9,45,76,65,26,79,77,79,56,11,21,10.12,20.75,96.12,119.75,123.88,49.62,166.0,154.88,152.25,109.12,22.88,41.62
Asphalt_0cm_S2,2026-04-02T17:01:00.136210,12,25,115,138,150,58,204,188,178,135,30,57,15,30,131,150,159,67,218,198,203,146,32,55,15,27,119,143,154,61,205,193,188,135,31,60,19,36,136,169,182,75,246,230,226,172,43,88,5,13,64,79,84,34,112,106,103,72,12,20,4,12,76,103,95,38,127,120,114,74,10,13,4,13,80,97,98,37,133,123,121,78,11,13,5,9,45,76,65,26,79,77,79,56,11,21,9.88,20.62,95.75,119.38,123.38,49.5,165.5,154.38,151.5,108.5,22.5,40.88
Asphalt_0cm_S2,2026-04-02T17:01:00.194501,12,25,115,138,150,58,204,188,178,135,30,57,15,30,131,150,159,67,218,198,203,146,32,55,15,27,119,143,154,61,205,193,188,135,31,60,19,36,136,169,182,75,246,230,226,172,43,88,5,13,64,79,84,34,112,106,103,72,12,20,4,12,76,102,95,37,127,120,114,74,10,13,4,13,80,97,98,37,133,123,120,78,11,13,5,9,45,76,65,26,79,77,78,56,12,21,9.88,20.62,95.75,119.25,123.38,49.38,165.5,154.38,151.25,108.5,22.62,40.88
Asphalt_0cm_S2,2026-04-02T17:01:00.253615,12,24,114,138,150,58,204,188,178,134,30,56,15,29,130,149,158,66,216,196,201,144,31,54,15,27,119,143,154,61,205,193,188,135,31,60,19,36,136,169,182,75,246,230,226,172,43,88,5,13,64,79,84,34,112,106,103,72,12,20,4,12,76,102,95,37,127,120,114,74,10,13,4,13,80,97,98,37,133,123,120,78,11,13,5,9,45,76,65,26,79,77,78,56,12,21,9.88,20.38,95.5,119.12,123.25,49.25,165.25,154.12,151.0,108.12,22.5,40.62
Asphalt_0cm_S2,2026-04-02T17:01:00.317805,12,24,114,138,150,58,204,188,178,134,30,56,15,29,130,149,158,66,216,196,201,144,31,54,14,26,116,140,150,60,200,188,183,129,29,54,18,34,133,166,178,73,241,225,221,166,40,81,5,13,64,79,84,34,112,106,103,72,12,20,4,12,76,102,95,37,127,120,114,74,10,13,4,13,80,97,98,37,133,123,120,78,11,13,5,9,45,76,65,26,79,77,78,56,12,21,9.62,20.0,94.75,118.38,122.25,48.88,164.0,152.88,149.75,106.62,21.88,39.0
Asphalt_0cm_S2,2026-04-02T17:01:00.373453,12,24,114,138,150,58,204,188,178,134,30,56,15,29,130,149,158,66,216,196,201,144,31,54,14,26,116,140,150,60,200,188,183,129,29,54,18,34,133,166,178,73,241,225,221,166,40,81,5,13,64,79,84,34,112,106,103,72,12,20,4,12,76,102,95,37,127,120,114,74,10,13,4,13,80,97,98,37,133,123,120,78,11,13,5,9,45,76,65,26,79,77,78,56,12,21,9.62,20.0,94.75,118.38,122.25,48.88,164.0,152.88,149.75,106.62,21.88,39.0
Asphalt_0cm_S2,2026-04-02T17:01:00.436931,12,24,114,138,150,58,204,188,178,134,30,56,15,29,130,149,158,66,216,196,201,144,31,54,14,26,116,140,150,60,200,188,183,129,29,54,18,34,133,166,178,73,241,225,221,166,40,81,5,13,64,79,83,34,111,106,104,72,12,20,4,12,76,102,94,37,127,120,114,73,10,13,4,13,80,97,98,37,133,123,120,78,11,13,5,9,45,76,65,26,79,77,79,56,11,21,9.62,20.0,94.75,118.38,122.0,48.88,163.88,152.88,150.0,106.5,21.75,39.0
Asphalt_0cm_S2,2026-04-02T17:01:00.498255,12,24,114,138,150,58,204,188,178,134,30,56,15,29,130,149,158,66,216,196,201,144,31,54,14,26,116,140,150,60,200,188,183,129,29,54,18,34,133,166,178,73,241,225,221,166,40,81,5,13,64,79,83,34,111,106,104,72,12,20,4,12,76,102,94,37,127,120,114,73,10,13,4,13,80,97,98,37,133,123,120,78,11,13,5,9,45,76,65,26,79,77,79,56,11,21,9.62,20.0,94.75,118.38,122.0,48.88,163.88,152.88,150.0,106.5,21.75,39.0
Asphalt_0cm_S2,2026-04-02T17:01:00.563553,12,24,114,138,150,58,204,188,178,134,30,56,15,29,130,149,158,66,216,196,201,144,31,54,14,26,116,140,150,60,200,188,183,129,29,54,18,34,133,166,178,73,241,225,221,166,40,81,5,13,64,79,83,34,111,106,104,72,12,20,4,12,76,102,94,37,127,120,114,73,10,13,4,13,80,97,98,37,133,123,120,78,11,13,5,9,45,76,65,26,79,77,79,56,11,21,9.62,20.0,94.75,118.38,122.0,48.88,163.88,152.88,150.0,106.5,21.75,39.0
Asphalt_0cm_S2,2026-04-02T17:01:00.626819,12,24,114,138,149,58,204,187,177,134,30,56,14,29,129,148,157,65,214,195,200,142,31,52,13,25,116,139,150,59,199,187,182,128,28,53,17,34,133,165,178,73,240,224,220,166,40,80,5,13,64,79,84,34,112,106,104,72,12,20,5,12,76,102,94,38,127,120,114,73,10,13,4,13,80,97,98,37,133,123,120,78,11,13,5,9,45,76,65,26,79,77,78,56,12,21,9.38,19.88,94.62,118.0,121.88,48.75,163.5,152.38,149.38,106.12,21.75,38.5
Asphalt_0cm_S2,2026-04-02T17:01:00.685729,12,24,114,138,149,58,204,187,177,134,30,56,14,29,129,148,157,65,214,195,200,142,31,52,13,25,116,139,150,59,199,187,182,128,28,53,17,34,133,165,178,73,240,224,220,166,40,80,5,13,64,79,84,34,112,106,104,72,12,20,5,12,76,103,95,37,127,120,114,73,10,13,4,13,80,97,98,37,133,123,120,78,11,13,5,9,45,76,66,26,79,77,78,56,11,21,9.38,19.88,94.62,118.12,122.12,48.62,163.5,152.38,149.38,106.12,21.62,38.5
Asphalt_0cm_S2,2026-04-02T17:01:00.747974,13,25,114,138,150,58,204,188,178,134,31,57,14,28,129,148,156,65,213,194,199,141,30,51,13,25,116,139,150,59,199,187,182,128,28,53,17,34,133,165,178,73,240,224,220,166,40,80,5,13,64,79,84,34,112,106,104,72,12,20,5,12,76,103,95,37,127,120,114,73,10,13,4,13,80,97,98,37,133,123,120,78,11,13,5,9,45,76,66,26,79,77,78,56,11,21,9.5,19.88,94.62,118.12,122.12,48.62,163.38,152.38,149.38,106.0,21.62,38.5
Asphalt_0cm_S2,2026-04-02T17:01:00.805132,13,25,114,138,150,58,204,188,178,134,31,57,14,28,129,148,156,65,213,194,199,141,30,51,13,25,115,139,149,59,198,187,181,128,28,53,17,34,132,165,177,72,239,224,219,165,40,80,5,13,64,79,84,34,112,106,104,72,12,19,4,12,76,102,94,37,127,119,113,74,10,13,4,13,80,97,98,37,133,123,120,78,11,13,5,9,45,76,66,26,79,77,78,56,11,21,9.38,19.88,94.38,118.0,121.75,48.5,163.12,152.25,149.0,106.0,21.62,38.38
Asphalt_0cm_S2,2026-04-02T17:01:00.877360,13,25,114,138,150,58,204,188,178,134,31,57,14,28,129,148,156,65,213,194,199,141,30,51,13,25,115,139,149,59,198,187,181,128,28,53,17,34,132,165,177,72,239,224,219,165,40,80,5,13,64,79,84,34,112,106,104,72,12,19,4,12,76,102,94,37,127,119,113,74,10,13,4,13,80,97,98,37,133,123,121,78,11,13,5,10,45,76,65,26,79,77,79,56,11,21,9.38,20.0,94.38,118.0,121.62,48.5,163.12,152.25,149.25,106.0,21.62,38.38
Asphalt_0cm_S2,2026-04-02T17:01:00.942062,13,25,114,138,150,58,204,188,178,134,31,57,14,28,129,148,156,65,213,194,199,141,30,51,13,25,115,139,149,59,198,187,181,128,28,53,17,34,132,165,177,72,239,224,219,165,40,80,5,13,64,79,84,34,112,106,104,72,12,19,4,12,76,102,94,37,127,119,113,74,10,13,4,13,80,97,98,37,133,123,121,78,11,13,5,10,45,76,65,26,79,77,79,56,11,21,9.38,20.0,94.38,118.0,121.62,48.5,163.12,152.25,149.25,106.0,21.62,38.38
Asphalt_0cm_S2,2026-04-02T17:01:00.998081,13,25,115,139,150,58,205,188,179,135,31,58,14,28,129,148,156,65,213,194,199,141,30,51,13,25,115,139,149,59,198,187,181,128,28,53,17,34,132,165,177,72,239,224,219,165,40,80,5,13,64,79,84,34,112,106,104,72,12,19,4,12,76,102,94,37,127,119,113,74,10,13,4,13,80,97,98,37,133,123,121,78,11,13,5,10,45,76,65,26,79,77,79,56,11,21,9.38,20.0,94.5,118.12,121.62,48.5,163.25,152.25,149.38,106.12,21.62,38.5
Asphalt_0cm_S2,2026-04-02T17:01:01.054199,13,25,115,139,150,58,205,188,179,135,31,58,14,28,129,148,156,65,213,194,199,141,30,51,13,25,115,139,149,59,198,187,181,128,28,53,17,34,132,165,177,72,239,224,219,165,40,80,5,13,64,79,84,34,112,106,104,72,12,19,4,12,76,102,94,37,127,119,113,74,10,13,4,13,80,97,98,37,133,123,121,78,11,13,5,10,45,76,65,26,79,77,79,56,11,21,9.38,20.0,94.5,118.12,121.62,48.5,163.25,152.25,149.38,106.12,21.62,38.5
Asphalt_0cm_S2,2026-04-02T17:01:01.122062,13,25,115,139,150,58,205,188,179,135,31,58,14,28,129,148,156,65,213,194,199,141,30,51,13,25,115,139,149,59,198,187,181,128,28,53,17,34,132,165,177,72,239,224,219,165,40,80,5,13,64,79,84,34,112,106,104,72,12,19,4,12,76,102,94,37,127,119,113,74,10,13,4,13,80,97,98,37,133,123,121,78,11,13,5,10,45,76,65,26,79,77,79,56,11,21,9.38,20.0,94.5,118.12,121.62,48.5,163.25,152.25,149.38,106.12,21.62,38.5
Asphalt_0cm_S2,2026-04-02T17:01:01.191049,13,25,116,139,151,58,206,190,180,137,32,60,15,29,130,149,158,66,216,196,202,145,31,54,14,26,116,140,151,60,200,188,184,130,29,55,18,35,134,167,179,73,242,226,222,168,41,83,5,13,64,80,85,34,113,107,105,74,13,21,5,12,76,103,94,37,127,120,114,74,10,13,4,13,80,97,98,37,133,123,121,78,11,13,5,10,45,76,65,26,79,77,79,56,12,21,9.88,20.38,95.12,118.88,122.62,48.88,164.5,153.38,150.88,107.75,22.38,40.0
Asphalt_0cm_S2,2026-04-02T17:01:01.255401,13,25,116,140,151,59,207,190,180,137,32,60,15,29,131,150,159,66,217,197,203,145,32,55,14,26,117,140,151,60,201,189,184,130,29,56,18,35,134,167,179,73,242,226,222,168,41,83,5,13,64,80,85,34,113,107,105,74,13,21,5,12,76,103,94,37,127,120,114,74,10,13,4,13,80,97,98,37,133,123,121,78,11,13,5,10,45,76,65,26,79,77,79,56,12,21,9.88,20.38,95.38,119.12,122.75,49.0,164.88,153.62,151.0,107.75,22.5,40.25
Asphalt_0cm_S2,2026-04-02T17:01:01.319678,13,25,116,140,151,59,207,190,180,137,32,60,15,29,131,150,159,66,217,197,203,145,32,55,14,26,117,140,151,60,201,189,184,130,29,56,18,35,134,167,179,74,241,226,222,168,41,83,5,14,64,80,85,34,113,107,105,74,13,21,4,12,75,103,95,37,127,120,114,74,10,13,4,13,80,97,98,37,133,123,121,78,11,13,5,10,45,76,65,26,79,77,79,56,12,21,9.75,20.5,95.25,119.12,122.88,49.12,164.75,153.62,151.0,107.75,22.5,40.25
Asphalt_0cm_S2,2026-04-02T17:01:01.370653,13,25,116,140,151,59,207,190,180,137,32,60,15,29,131,150,159,66,217,197,203,145,32,55,14,26,117,140,151,60,201,189,184,130,29,56,18,35,134,167,179,74,241,226,222,168,41,83,5,14,64,80,85,34,113,107,105,74,13,21,4,12,75,103,95,37,127,120,114,74,10,13,4,13,80,97,98,37,133,123,120,78,11,13,5,9,45,76,65,26,79,77,78,56,11,21,9.75,20.38,95.25,119.12,122.88,49.12,164.75,153.62,150.75,107.75,22.38,40.25
Asphalt_0cm_S2,2026-04-02T17:01:01.439879,13,25,116,140,151,59,206,190,180,137,32,60,15,29,131,150,159,66,217,197,203,145,32,55,14,26,117,140,151,60,201,189,184,130,29,56,18,35,134,167,179,74,241,226,222,168,41,83,5,14,64,80,85,34,113,107,105,74,13,21,4,12,75,103,95,37,127,120,114,74,10,13,4,13,80,97,98,37,133,123,120,78,11,13,5,9,45,76,65,26,79,77,78,56,11,21,9.75,20.38,95.25,119.12,122.88,49.12,164.62,153.62,150.75,107.75,22.38,40.25
Asphalt_0cm_S2,2026-04-02T17:01:01.500493,13,25,116,140,151,59,206,190,180,137,32,60,15,29,131,150,159,66,217,197,203,145,32,55,14,26,117,140,151,60,201,189,184,130,29,56,18,35,134,167,179,74,241,226,222,168,41,83,5,14,64,80,85,34,113,107,105,74,13,21,4,12,75,103,95,37,127,120,114,74,10,13,4,13,80,97,98,37,133,123,120,78,11,13,5,9,45,76,65,26,79,77,78,56,11,21,9.75,20.38,95.25,119.12,122.88,49.12,164.62,153.62,150.75,107.75,22.38,40.25
Asphalt_0cm_S2,2026-04-02T17:01:01.560815,13,25,116,140,151,59,206,190,180,137,32,60,15,29,131,150,159,66,217,197,203,145,32,55,14,26,117,140,151,60,201,189,184,130,29,56,18,35,134,167,179,74,241,226,222,168,41,83,5,14,64,80,85,34,113,107,105,74,13,21,4,12,75,103,95,37,127,120,114,74,10,13,4,13,80,97,98,37,133,123,120,78,11,13,5,9,45,76,65,26,79,77,78,56,11,21,9.75,20.38,95.25,119.12,122.88,49.12,164.62,153.62,150.75,107.75,22.38,40.25
Asphalt_0cm_S2,2026-04-02T17:01:01.608767,13,25,116,139,151,59,206,190,180,137,32,60,15,30,131,150,159,66,217,197,203,146,32,56,14,26,117,141,151,60,200,189,184,131,30,56,18,35,134,167,179,74,242,226,222,168,42,84,5,13,64,80,85,34,113,107,105,73,13,21,5,12,76,103,94,37,127,120,114,73,10,13,4,13,80,97,98,37,133,123,120,78,11,13,5,9,45,76,65,26,79,77,79,56,12,21,9.88,20.38,95.38,119.12,122.75,49.12,164.62,153.62,150.88,107.75,22.75,40.5
Asphalt_0cm_S2,2026-04-02T17:01:01.687825,13,25,116,139,151,59,206,190,180,137,32,60,15,30,131,150,159,66,217,197,203,146,32,56,14,26,117,141,151,60,200,189,184,131,30,56,18,35,134,167,179,74,242,226,222,168,42,84,5,13,64,80,85,34,113,107,105,73,13,21,5,12,76,102,95,38,127,119,114,73,10,13,4,13,80,97,98,37,133,122,120,77,11,13,5,9,45,76,65,26,79,77,78,56,11,21,9.88,20.38,95.38,119.0,122.88,49.25,164.62,153.38,150.75,107.62,22.62,40.5
Asphalt_0cm_S2,2026-04-02T17:01:01.750260,13,25,116,140,151,59,206,190,180,137,32,60,15,29,130,150,159,66,217,197,203,145,32,55,14,26,117,141,151,60,200,189,184,131,30,56,18,35,134,167,179,74,242,226,222,168,42,84,5,13,64,80,85,34,113,107,105,73,13,21,5,12,76,102,95,38,127,119,114,73,10,13,4,13,80,97,98,37,133,122,120,77,11,13,5,9,45,76,65,26,79,77,78,56,11,21,9.88,20.25,95.25,119.12,122.88,49.25,164.62,153.38,150.75,107.5,22.62,40.38
Asphalt_0cm_S2,2026-04-02T17:01:01.804961,13,25,116,140,151,59,206,190,180,137,32,60,15,29,130,150,159,66,217,197,203,145,32,55,14,26,117,140,151,60,200,188,184,130,29,55,18,35,133,167,179,73,241,226,222,168,41,83,5,13,64,80,85,34,113,107,105,74,13,21,5,12,76,102,95,38,127,119,114,73,10,13,4,13,80,97,98,37,133,122,120,77,11,13,5,9,45,76,65,26,79,77,78,56,11,21,9.88,20.25,95.12,119.0,122.88,49.12,164.5,153.25,150.75,107.5,22.38,40.12
Asphalt_0cm_S2,2026-04-02T17:01:01.863031,13,25,116,140,151,59,206,190,180,137,32,60,15,29,130,150,159,66,217,197,203,145,32,55,14,26,117,140,151,60,200,188,184,130,29,55,18,35,133,167,179,73,241,226,222,168,41,83,5,13,64,80,85,34,113,107,105,74,13,21,4,12,76,103,95,37,127,120,114,73,10,13,4,13,80,97,98,37,133,122,120,77,11,13,5,9,45,76,65,26,79,77,78,56,11,21,9.75,20.25,95.12,119.12,122.88,49.0,164.5,153.38,150.75,107.5,22.38,40.12
Asphalt_0cm_S2,2026-04-02T17:01:01.936214,13,25,116,140,151,59,206,190,180,137,32,60,15,29,130,150,159,66,217,197,203,145,32,55,14,26,117,140,151,60,200,188,184,130,29,55,18,35,133,167,179,73,241,226,222,168,41,83,5,13,64,80,85,34,113,107,105,74,13,21,4,12,76,103,95,37,127,120,114,73,10,13,4,13,80,97,98,37,133,122,120,77,11,13,5,9,45,76,65,26,79,77,78,56,11,21,9.75,20.25,95.12,119.12,122.88,49.0,164.5,153.38,150.75,107.5,22.38,40.12
Asphalt_0cm_S2,2026-04-02T17:01:02.000692,13,25,116,140,151,59,206,190,180,137,32,60,15,29,130,150,159,66,217,197,203,145,32,55,14,26,117,140,151,60,200,188,184,130,29,55,18,35,133,167,179,73,241,226,222,168,41,83,5,13,64,80,85,34,113,107,105,74,13,21,4,12,76,103,95,37,127,120,114,73,10,13,4,13,80,97,98,37,133,122,120,77,11,13,5,9,45,76,65,26,79,77,78,56,11,21,9.75,20.25,95.12,119.12,122.88,49.0,164.5,153.38,150.75,107.5,22.38,40.12
Asphalt_0cm_S2,2026-04-02T17:01:02.069665,13,25,116,139,151,59,206,190,180,137,32,60,14,29,130,149,158,66,215,196,201,144,31,54,13,25,116,139,150,59,199,187,182,128,28,53,18,34,133,166,178,73,240,224,220,166,40,81,6,13,64,80,85,34,113,107,105,73,13,21,4,12,76,103,94,37,127,120,114,73,10,13,4,13,79,97,98,37,132,122,120,77,11,12,5,9,45,75,65,26,79,77,78,56,11,21,9.62,20.0,94.88,118.5,122.38,48.88,163.88,152.88,150.0,106.75,22.0,39.38
Asphalt_0cm_S2,2026-04-02T17:01:02.116789,13,25,116,139,151,59,206,190,180,137,32,60,14,29,130,149,158,66,215,196,201,144,31,54,13,25,116,139,150,59,199,187,182,128,28,53,18,34,133,166,178,73,240,224,220,166,40,81,6,13,64,80,85,34,113,107,105,73,13,21,4,12,76,103,94,37,127,120,114,73,10,13,4,13,79,97,98,37,132,122,120,77,11,12,5,9,45,75,65,26,79,77,78,56,11,21,9.62,20.0,94.88,118.5,122.38,48.88,163.88,152.88,150.0,106.75,22.0,39.38
Asphalt_0cm_S2,2026-04-02T17:01:02.195608,13,25,115,139,151,59,205,189,180,136,31,59,14,29,129,148,156,65,214,194,200,142,30,52,13,25,115,139,149,59,198,186,182,127,28,52,18,34,133,165,177,73,240,224,220,166,40,80,5,13,65,80,85,34,113,107,105,73,13,21,5,12,76,103,94,38,127,120,114,73,10,13,4,13,79,97,98,37,132,122,120,77,11,13,5,9,45,76,65,26,79,77,78,56,11,21,9.62,20.0,94.62,118.38,121.88,48.88,163.5,152.38,149.88,106.25,21.75,38.88
Asphalt_0cm_S2,2026-04-02T17:01:02.274980,13,25,115,139,150,58,206,189,179,136,31,59,14,29,129,148,157,65,214,194,200,142,30,52,13,25,115,139,149,59,198,186,182,128,28,53,18,34,133,166,178,73,240,224,221,166,40,81,5,13,65,80,85,34,113,107,105,73,13,21,5,12,76,103,94,38,127,120,114,73,10,13,4,13,79,97,98,37,132,122,120,77,11,13,5,9,45,76,65,26,79,77,78,56,11,21,9.62,20.0,94.62,118.5,122.0,48.75,163.62,152.38,149.88,106.38,21.75,39.12
Asphalt_0cm_S2,2026-04-02T17:01:02.339630,13,25,115,139,150,58,206,189,179,136,31,59,14,29,129,148,157,65,214,194,200,142,30,52,13,25,115,139,149,59,198,186,182,128,28,53,18,34,133,166,178,73,240,224,221,166,40,81,5,14,64,80,85,34,113,107,105,73,13,21,5,12,76,103,94,38,127,120,114,73,10,13,4,13,79,97,98,37,132,122,120,77,11,13,5,9,45,76,65,26,79,77,78,56,11,21,9.62,20.12,94.5,118.5,122.0,48.75,163.62,152.38,149.88,106.38,21.75,39.12
Asphalt_0cm_S2,2026-04-02T17:01:02.386070,13,25,115,139,150,58,206,189,179,136,31,59,14,29,129,148,157,65,214,194,200,142,30,52,13,25,115,139,149,59,198,186,182,128,28,53,18,34,133,166,178,73,240,224,221,166,40,81,5,14,64,80,85,34,113,107,105,73,13,21,5,12,76,103,94,38,127,120,114,73,10,13,4,13,79,97,98,37,132,122,120,77,11,13,5,9,45,76,65,26,79,77,78,56,11,21,9.62,20.12,94.5,118.5,122.0,48.75,163.62,152.38,149.88,106.38,21.75,39.12
Asphalt_0cm_S2,2026-04-02T17:01:02.451247,13,25,115,139,151,59,206,189,179,137,31,59,14,29,128,148,156,65,214,195,200,142,30,53,13,25,115,139,149,59,198,186,181,128,28,52,18,34,133,166,178,73,240,224,221,166,40,81,5,14,64,80,85,34,113,107,105,73,13,21,4,12,76,102,94,37,127,120,114,73,10,13,4,13,79,97,98,37,132,122,120,77,11,13,5,9,45,75,65,26,79,77,78,56,11,21,9.5,20.12,94.38,118.25,122.0,48.75,163.62,152.5,149.75,106.5,21.75,39.12
Asphalt_0cm_S2,2026-04-02T17:01:02.512557,13,25,115,139,151,59,206,189,179,137,31,59,14,29,128,148,156,65,214,195,200,142,30,53,13,25,115,139,149,59,198,186,181,128,28,52,18,34,133,166,178,73,240,224,221,166,40,81,5,14,64,80,85,34,113,107,105,73,13,21,4,12,76,102,94,37,127,120,114,73,10,13,4,13,79,97,98,37,132,122,120,77,11,13,5,9,45,75,65,26,79,77,78,56,11,21,9.5,20.12,94.38,118.25,122.0,48.75,163.62,152.5,149.75,106.5,21.75,39.12
Asphalt_0cm_S2,2026-04-02T17:01:02.576019,13,25,115,139,151,59,206,189,179,137,31,59,14,29,128,148,156,65,214,195,200,142,30,53,13,25,115,139,149,59,198,186,181,128,28,52,18,34,133,166,178,73,240,224,221,166,40,81,5,14,64,80,85,34,113,107,105,73,13,21,4,12,76,102,94,37,127,120,114,73,10,13,4,13,79,97,98,37,132,122,120,77,11,13,5,9,45,75,65,26,79,77,78,56,11,21,9.5,20.12,94.38,118.25,122.0,48.75,163.62,152.5,149.75,106.5,21.75,39.12
Asphalt_0cm_S2,2026-04-02T17:01:02.635979,13,25,115,139,151,59,206,189,179,137,31,59,14,29,129,148,157,65,214,195,200,142,30,53,13,25,115,139,150,59,198,187,182,128,28,53,18,34,133,166,178,73,240,225,220,166,40,80,5,13,64,80,85,34,113,107,105,74,13,21,5,12,76,102,95,38,127,120,114,74,10,13,4,13,79,97,98,37,132,122,120,77,11,13,5,9,45,75,65,26,79,77,78,56,12,21,9.62,20.0,94.5,118.25,122.38,48.88,163.62,152.75,149.75,106.75,21.88,39.12
Asphalt_0cm_S2,2026-04-02T17:01:02.703560,13,25,115,139,151,59,206,189,179,137,31,59,14,29,129,148,157,65,214,195,200,142,30,53,13,25,115,139,150,59,198,187,182,128,28,53,18,34,133,166,178,73,240,225,220,166,40,80,5,13,64,80,85,34,113,107,105,74,13,21,5,12,76,102,95,38,127,120,114,74,10,13,4,13,79,97,98,37,132,122,120,77,11,13,5,9,45,75,65,26,79,77,78,56,11,21,9.62,20.0,94.5,118.25,122.38,48.88,163.62,152.75,149.75,106.75,21.75,39.12
Asphalt_0cm_S2,2026-04-02T17:01:02.766906,13,25,115,139,151,59,206,190,180,136,31,59,14,29,129,149,157,65,214,195,200,143,30,53,13,25,115,139,149,59,197,187,181,128,28,53,18,34,133,166,178,73,240,225,220,166,40,80,5,13,64,80,85,34,113,107,105,74,13,21,5,12,76,102,95,38,127,120,114,74,10,13,4,13,79,97,98,37,132,122,120,77,11,13,5,9,45,75,65,26,79,77,78,56,11,21,9.62,20.0,94.5,118.38,122.25,48.88,163.5,152.88,149.75,106.75,21.75,39.12
Asphalt_0cm_S2,2026-04-02T17:01:02.815133,13,25,115,139,151,59,206,190,180,136,31,59,14,29,129,149,157,65,214,195,200,143,30,53,13,25,115,139,149,59,197,187,181,128,28,53,17,34,133,165,178,73,240,224,220,166,40,80,6,13,64,80,85,34,113,107,105,73,13,21,5,12,75,102,94,37,127,120,114,73,10,13,4,13,79,96,98,37,132,122,120,77,11,13,5,9,45,75,65,26,79,77,78,56,11,21,9.62,20.0,94.38,118.12,122.12,48.75,163.5,152.75,149.75,106.5,21.75,39.12
Asphalt_0cm_S2,2026-04-02T17:01:02.894235,13,25,115,139,151,59,206,190,180,136,31,59,14,29,129,149,157,65,214,195,200,143,30,53,13,25,115,139,149,59,197,187,181,128,28,53,17,34,133,165,178,73,240,224,220,166,40,80,6,13,64,80,85,34,113,107,105,73,13,21,5,12,75,102,94,37,127,120,114,73,10,13,4,13,79,96,98,37,132,122,120,77,11,13,5,9,45,75,65,26,79,77,78,56,11,21,9.62,20.0,94.38,118.12,122.12,48.75,163.5,152.75,149.75,106.5,21.75,39.12
Asphalt_0cm_S2,2026-04-02T17:01:02.957594,13,25,115,139,151,59,206,190,180,136,31,59,14,29,129,149,157,65,214,195,200,143,30,53,13,25,115,139,149,59,197,187,181,128,28,53,17,34,133,165,178,73,240,224,220,166,40,80,6,13,64,80,85,34,113,107,105,73,13,21,5,12,75,102,94,37,127,120,114,73,10,13,4,13,79,96,98,37,132,122,120,77,11,13,5,9,45,75,65,26,79,77,78,56,11,21,9.62,20.0,94.38,118.12,122.12,48.75,163.5,152.75,149.75,106.5,21.75,39.12
Asphalt_0cm_S2,2026-04-02T17:01:03.020830,13,25,115,139,151,59,206,190,180,136,31,59,14,29,129,149,157,65,214,195,200,143,30,53,13,25,115,139,149,59,197,187,181,128,28,53,17,34,133,165,178,73,240,224,220,166,40,80,6,13,64,80,85,34,113,107,105,73,13,21,5,12,75,102,94,37,127,120,114,73,10,13,4,13,79,96,98,37,132,122,120,77,11,13,5,9,45,75,65,26,79,77,78,56,11,21,9.62,20.0,94.38,118.12,122.12,48.75,163.5,152.75,149.75,106.5,21.75,39.12
Asphalt_0cm_S2,2026-04-02T17:01:03.082703,13,25,116,139,151,58,206,190,179,136,31,59,14,29,129,148,157,65,213,194,200,142,30,52,13,25,115,139,149,59,197,187,181,128,28,53,17,34,133,165,178,73,240,224,220,166,40,80,6,13,64,80,85,34,113,107,105,73,13,21,5,12,75,102,94,37,127,120,114,73,10,13,4,13,79,96,98,37,132,122,120,77,11,13,5,9,45,75,65,26,79,77,78,56,11,21,9.62,20.0,94.5,118.0,122.12,48.62,163.38,152.62,149.62,106.38,21.75,39.0
Asphalt_0cm_S2,2026-04-02T17:01:03.146100,13,25,116,139,151,58,206,190,179,136,31,59,14,29,129,148,157,65,213,194,200,142,30,52,13,25,115,139,149,59,197,187,181,128,28,53,17,34,133,165,178,73,240,224,220,166,40,80,6,13,64,80,85,34,113,107,105,73,13,21,5,12,75,102,94,37,127,120,114,73,10,13,4,13,79,96,98,37,132,122,120,77,11,13,5,9,45,75,65,26,79,77,78,56,11,21,9.62,20.0,94.5,118.0,122.12,48.62,163.38,152.62,149.62,106.38,21.75,39.0
Asphalt_0cm_S2,2026-04-02T17:01:03.195689,13,25,116,139,151,58,206,190,179,136,31,59,14,29,129,148,157,65,213,194,200,142,30,52,13,25,115,139,149,59,197,187,181,128,28,53,17,34,133,165,178,73,240,224,220,166,40,80,6,13,64,80,85,34,113,107,105,73,13,21,5,12,75,102,94,37,127,120,114,73,10,13,4,13,79,96,98,37,132,122,120,77,11,13,5,9,45,75,65,26,79,77,78,56,11,21,9.62,20.0,94.5,118.0,122.12,48.62,163.38,152.62,149.62,106.38,21.75,39.0
Asphalt_0cm_S2,2026-04-02T17:01:03.273068,13,25,115,139,150,58,205,189,179,136,31,58,14,29,129,148,157,65,214,195,200,142,30,52,13,25,115,139,149,59,198,186,181,127,28,52,17,34,133,165,177,73,240,224,220,165,40,80,5,13,64,80,85,34,113,107,105,73,13,21,5,12,76,103,95,38,127,120,114,73,10,13,4,13,79,97,98,37,132,122,120,77,11,13,5,9,45,75,65,26,79,77,78,56,11,21,9.5,20.0,94.5,118.25,122.0,48.75,163.5,152.5,149.62,106.12,21.75,38.75
Asphalt_0cm_S2,2026-04-02T17:01:03.322861,13,25,115,139,150,58,205,189,179,136,31,58,14,29,129,148,157,65,214,195,200,142,30,52,13,25,115,139,149,59,198,186,181,127,28,52,18,34,132,165,178,73,240,224,220,165,40,79,5,13,65,80,85,34,113,107,105,74,13,21,4,12,75,102,94,37,127,120,114,73,10,13,4,13,79,97,97,37,132,122,120,77,10,13,5,9,45,75,65,26,79,77,78,56,11,21,9.5,20.0,94.38,118.12,121.88,48.62,163.5,152.5,149.62,106.25,21.62,38.62
Asphalt_0cm_S2,2026-04-02T17:01:03.396381,13,25,115,139,150,58,205,189,179,136,31,58,14,29,129,148,157,65,214,195,200,142,30,52,13,25,115,139,149,59,198,186,181,127,28,52,18,34,132,165,178,73,240,224,220,165,40,79,5,13,65,80,85,34,113,107,105,74,13,21,4,12,75,102,94,37,127,120,114,73,10,13,4,13,79,97,97,37,132,122,120,77,10,13,5,9,45,75,65,26,79,77,78,56,11,21,9.5,20.0,94.38,118.12,121.88,48.62,163.5,152.5,149.62,106.25,21.62,38.62
Asphalt_0cm_S2,2026-04-02T17:01:03.449503,13,25,115,139,150,58,205,189,179,136,31,58,14,29,129,148,157,65,214,195,200,142,30,52,13,25,115,139,149,59,198,186,181,127,28,52,18,34,132,165,178,73,240,224,220,165,40,79,5,13,65,80,85,34,113,107,105,74,13,21,4,12,75,102,94,37,127,120,114,73,10,13,4,13,79,97,97,37,132,122,120,77,10,13,5,9,45,75,65,26,79,77,78,56,11,21,9.5,20.0,94.38,118.12,121.88,48.62,163.5,152.5,149.62,106.25,21.62,38.62
Asphalt_0cm_S2,2026-04-02T17:01:03.513103,13,25,115,139,150,58,205,189,179,135,31,59,14,28,129,149,157,65,214,194,200,142,30,52,13,25,115,139,149,59,198,186,181,127,28,52,18,34,132,165,177,73,239,224,220,166,40,79,5,13,65,80,85,34,113,107,105,74,13,21,4,12,75,102,94,37,127,120,114,73,10,13,4,13,79,97,97,37,132,122,120,77,10,13,5,9,45,75,65,26,79,77,78,56,11,21,9.5,19.88,94.38,118.25,121.75,48.62,163.38,152.38,149.62,106.25,21.62,38.75
Asphalt_0cm_S2,2026-04-02T17:01:03.560470,13,25,115,139,150,58,205,189,179,135,31,59,14,28,129,149,157,65,214,194,200,142,30,52,13,25,115,139,149,59,198,186,181,127,28,52,18,34,132,165,177,73,239,224,220,166,40,79,5,13,65,80,85,34,113,107,105,74,13,21,4,12,75,102,94,37,127,120,114,73,10,13,4,13,79,97,97,37,132,122,120,77,10,13,5,9,45,75,65,26,79,77,78,56,11,21,9.5,19.88,94.38,118.25,121.75,48.62,163.38,152.38,149.62,106.25,21.62,38.75
Asphalt_0cm_S2,2026-04-02T17:01:03.637360,13,25,115,139,150,58,205,189,179,135,31,59,14,28,129,149,157,65,214,194,200,142,30,52,13,25,115,139,149,59,198,186,181,127,28,52,18,34,132,165,177,73,239,224,220,166,40,79,5,13,65,80,85,34,113,107,105,74,13,21,4,12,75,102,94,37,127,120,114,73,10,13,4,13,79,97,97,37,132,122,120,77,10,13,5,9,45,75,65,26,79,77,78,56,11,21,9.5,19.88,94.38,118.25,121.75,48.62,163.38,152.38,149.62,106.25,21.62,38.75
Asphalt_0cm_S2,2026-04-02T17:01:03.701140,13,25,115,139,151,58,205,189,179,136,31,59,14,28,129,149,157,65,214,194,200,142,30,52,13,25,115,139,149,59,198,186,181,127,28,52,18,34,132,165,177,73,239,224,220,166,40,79,5,13,65,80,84,34,113,107,105,74,13,21,5,12,76,103,94,37,127,120,114,73,10,13,4,13,79,97,98,37,132,122,120,77,11,13,5,9,45,75,65,26,79,77,78,56,12,21,9.62,19.88,94.5,118.38,121.88,48.62,163.38,152.38,149.62,106.38,21.88,38.75
Asphalt_0cm_S2,2026-04-02T17:01:03.764753,13,25,116,139,150,58,206,189,179,135,31,59,14,29,129,148,157,65,214,195,200,142,30,52,13,25,115,139,149,59,198,186,181,127,28,52,18,34,132,165,177,73,239,224,220,166,40,79,5,13,65,80,84,34,113,107,105,74,13,21,5,12,76,103,94,37,127,120,114,73,10,13,4,13,79,97,98,37,132,122,120,77,11,13,5,9,45,75,65,26,79,77,78,56,12,21,9.62,20.0,94.62,118.25,121.75,48.62,163.5,152.5,149.62,106.25,21.88,38.75
Asphalt_0cm_S2,2026-04-02T17:01:03.815647,13,25,116,139,150,58,206,189,179,135,31,59,14,29,129,148,157,65,214,195,200,142,30,52,13,25,115,139,149,59,198,186,181,127,28,52,17,34,133,165,178,73,240,224,220,165,40,79,5,13,64,80,85,34,113,107,105,74,13,21,4,12,75,102,94,37,127,120,114,73,10,13,4,13,79,96,98,37,132,122,120,77,11,12,5,9,45,75,65,26,79,77,78,56,12,21,9.38,20.0,94.5,118.0,122.0,48.62,163.62,152.5,149.62,106.12,21.88,38.62
Asphalt_0cm_S2,2026-04-02T17:01:03.887703,13,25,116,139,150,58,206,189,179,135,31,59,14,29,129,148,157,65,214,195,200,142,30,52,13,25,115,139,149,59,198,186,181,127,28,52,17,34,133,165,178,73,240,224,220,165,40,79,5,13,64,80,85,34,113,107,105,74,13,21,4,12,75,102,94,37,127,120,114,73,10,13,4,13,79,96,98,37,132,122,120,77,11,12,5,9,45,75,65,26,79,77,78,56,11,21,9.38,20.0,94.5,118.0,122.0,48.62,163.62,152.5,149.62,106.12,21.75,38.62
Asphalt_0cm_S2,2026-04-02T17:01:03.956165,13,25,116,139,150,58,206,189,179,135,31,59,14,29,129,148,157,65,214,195,200,142,30,52,13,25,115,139,149,59,198,186,181,127,28,52,17,34,133,165,178,73,240,224,220,165,40,79,5,13,64,80,85,34,113,107,105,74,13,21,4,12,75,102,94,37,127,120,114,73,10,13,4,13,79,96,98,37,132,122,120,77,11,12,5,9,45,75,65,26,79,77,78,56,11,21,9.38,20.0,94.5,118.0,122.0,48.62,163.62,152.5,149.62,106.12,21.75,38.62
Asphalt_0cm_S2,2026-04-02T17:01:04.017362,13,25,116,139,150,58,206,189,179,135,31,59,14,29,129,148,157,65,214,195,200,142,30,52,13,25,115,139,149,59,198,186,181,127,28,52,17,34,133,165,178,73,240,224,220,165,40,79,5,13,64,80,85,34,113,107,105,74,13,21,4,12,75,102,94,37,127,120,114,73,10,13,4,13,79,96,98,37,132,122,120,77,11,12,5,9,45,75,65,26,79,77,78,56,11,21,9.38,20.0,94.5,118.0,122.0,48.62,163.62,152.5,149.62,106.12,21.75,38.62
Asphalt_0cm_S2,2026-04-02T17:01:04.066359,13,25,116,139,150,58,206,189,179,135,31,59,14,29,129,148,157,65,214,195,200,142,30,52,13,25,115,139,149,59,198,186,181,127,28,52,17,34,133,165,178,73,240,224,220,165,40,79,5,13,64,80,85,34,113,107,105,74,13,21,4,12,75,102,94,37,127,120,114,73,10,13,4,13,79,96,98,37,132,122,120,77,11,12,5,9,45,75,65,26,79,77,78,56,11,21,9.38,20.0,94.5,118.0,122.0,48.62,163.62,152.5,149.62,106.12,21.75,38.62
Asphalt_0cm_S2,2026-04-02T17:01:04.144642,13,25,115,139,150,58,205,189,179,136,31,58,14,29,129,148,157,65,214,194,200,142,30,52,13,25,115,139,149,59,198,186,181,127,28,52,18,34,133,165,177,72,239,224,220,165,40,79,5,13,65,80,85,34,113,107,105,74,13,21,5,12,76,102,94,37,127,120,114,74,10,13,4,13,79,96,97,37,132,122,120,77,11,12,5,9,44,75,65,26,79,77,78,56,11,21,9.62,20.0,94.5,118.0,121.75,48.5,163.38,152.38,149.62,106.38,21.75,38.5
Asphalt_0cm_S2,2026-04-02T17:01:04.208069,13,25,115,139,150,58,205,189,179,136,31,58,14,29,129,148,157,65,214,194,200,142,30,52,13,25,115,139,149,59,198,186,181,127,28,52,18,34,133,165,177,72,239,224,220,165,40,79,5,13,65,80,85,34,113,107,105,74,13,21,5,12,76,102,94,37,127,120,114,74,10,13,4,13,79,96,97,37,132,122,120,77,11,12,5,9,44,75,65,26,79,77,78,56,11,21,9.62,20.0,94.5,118.0,121.75,48.5,163.38,152.38,149.62,106.38,21.75,38.5
Asphalt_0cm_S2,2026-04-02T17:01:04.265414,13,25,115,139,150,58,205,189,179,136,31,58,14,28,129,148,157,65,214,194,200,142,30,52,13,25,115,139,149,59,197,186,181,127,28,52,17,34,133,165,177,73,239,224,220,166,40,79,5,13,64,80,85,34,113,107,105,74,13,21,4,12,75,102,95,37,127,120,114,73,10,13,4,13,79,96,98,37,132,122,120,77,11,13,5,9,45,75,65,26,79,77,78,56,11,20,9.38,19.88,94.38,118.0,122.0,48.62,163.25,152.38,149.62,106.38,21.75,38.5
Asphalt_0cm_S2,2026-04-02T17:01:04.318490,13,25,115,139,150,58,205,189,179,136,31,58,14,28,129,148,157,65,214,194,200,142,30,52,13,25,115,139,149,59,197,186,181,127,28,52,17,34,133,165,177,73,239,224,220,165,40,79,5,13,65,80,85,34,113,107,105,74,13,21,5,12,75,102,94,37,127,119,114,73,10,13,4,13,79,96,97,37,132,122,119,77,11,13,5,9,44,75,65,26,79,77,78,56,11,21,9.5,19.88,94.38,118.0,121.75,48.62,163.25,152.25,149.5,106.25,21.75,38.62
Asphalt_0cm_S2,2026-04-02T17:01:04.389969,13,25,115,139,150,58,205,189,179,136,31,58,14,28,129,148,157,65,214,194,200,142,30,52,13,25,115,139,149,59,197,186,181,127,28,52,17,34,133,165,177,73,239,224,220,165,40,79,5,13,65,80,85,34,113,107,105,74,13,21,5,12,75,102,94,37,127,119,114,73,10,13,4,13,79,96,97,37,132,122,119,77,11,13,5,9,44,75,65,26,79,77,78,56,11,21,9.5,19.88,94.38,118.0,121.75,48.62,163.25,152.25,149.5,106.25,21.75,38.62
Asphalt_0cm_S2,2026-04-02T17:01:04.460876,13,25,115,139,150,58,205,189,179,136,31,58,14,28,129,148,157,65,214,194,200,142,30,52,13,25,115,139,149,59,197,186,181,127,28,52,17,34,133,165,177,73,239,224,220,165,40,79,5,13,65,80,85,34,113,107,105,74,13,21,5,12,75,102,94,37,127,119,114,73,10,13,4,13,79,96,97,37,132,122,119,77,11,13,5,9,44,75,65,26,79,77,78,56,11,21,9.5,19.88,94.38,118.0,121.75,48.62,163.25,152.25,149.5,106.25,21.75,38.62
Asphalt_0cm_S2,2026-04-02T17:01:04.507820,13,25,115,139,150,58,205,189,179,136,31,58,14,28,129,148,157,65,214,195,200,142,30,52,13,25,114,139,149,59,197,186,181,127,27,51,17,34,133,165,177,73,239,224,220,165,40,79,5,13,64,80,85,34,113,107,105,74,13,21,5,12,75,102,94,37,127,119,114,73,10,13,4,13,79,96,97,37,132,122,119,77,11,13,5,9,44,75,65,26,79,77,78,56,11,21,9.5,19.88,94.12,118.0,121.75,48.62,163.25,152.38,149.5,106.25,21.62,38.5
Asphalt_0cm_S2,2026-04-02T17:01:04.576851,13,25,115,139,150,58,205,189,179,136,31,58,14,28,129,148,157,65,214,195,200,142,30,52,13,25,114,139,149,59,197,186,181,127,27,51,17,34,133,165,177,73,239,224,220,165,40,79,5,13,64,80,85,34,113,107,105,74,13,21,5,12,75,102,94,37,127,119,114,73,10,13,4,13,79,96,97,37,132,122,119,77,11,13,5,9,44,75,65,26,79,77,78,56,11,21,9.5,19.88,94.12,118.0,121.75,48.62,163.25,152.38,149.5,106.25,21.62,38.5
Asphalt_0cm_S2,2026-04-02T17:01:04.637439,13,25,115,139,150,58,205,189,179,135,31,58,14,29,129,148,157,65,214,194,200,142,30,52,13,25,115,139,149,59,198,186,181,127,28,52,17,34,133,165,177,73,240,224,220,165,40,79,5,13,65,80,85,34,113,107,105,74,13,21,5,12,75,103,94,37,127,120,114,73,10,13,4,13,79,96,97,37,132,122,119,77,11,13,5,9,45,75,65,26,79,77,78,56,11,20,9.5,20.0,94.5,118.12,121.75,48.62,163.5,152.38,149.5,106.12,21.75,38.5
Asphalt_0cm_S2,2026-04-02T17:01:04.703757,13,25,115,139,150,58,205,189,179,135,31,58,14,29,129,148,157,65,214,194,200,142,30,52,13,25,115,139,149,59,198,186,181,127,28,52,17,34,133,165,177,73,240,224,220,165,40,79,5,13,65,80,85,34,113,107,105,74,13,21,5,12,75,103,94,37,127,120,114,73,10,13,4,13,79,96,97,37,132,122,119,77,11,13,5,9,45,76,65,26,79,77,78,56,11,20,9.5,20.0,94.5,118.25,121.75,48.62,163.5,152.38,149.5,106.12,21.75,38.5
Asphalt_0cm_S2,2026-04-02T17:01:04.776751,13,25,115,139,150,58,205,189,179,135,31,58,14,28,129,148,157,65,214,194,200,142,30,52,13,25,115,139,149,59,197,186,181,128,28,52,17,34,133,165,177,73,240,224,220,165,39,79,5,13,65,80,85,34,113,107,105,74,13,21,5,12,75,103,94,37,127,120,114,73,10,13,4,13,79,96,97,37,132,122,119,77,11,13,5,9,45,76,65,26,79,77,78,56,11,20,9.5,19.88,94.5,118.25,121.75,48.62,163.38,152.38,149.5,106.25,21.62,38.5
Asphalt_0cm_S2,2026-04-02T17:01:04.840467,13,25,115,139,150,58,205,189,179,135,31,58,14,28,129,148,157,65,214,194,200,142,30,52,13,25,115,139,149,59,197,186,181,128,28,52,17,34,133,165,177,73,240,224,220,165,39,79,5,13,65,80,85,34,113,107,105,74,13,21,4,12,76,102,95,37,127,120,114,74,10,13,4,13,79,96,97,37,132,122,119,77,11,13,5,9,45,76,65,26,79,77,78,56,11,20,9.38,19.88,94.62,118.12,121.88,48.62,163.38,152.38,149.5,106.38,21.62,38.5
Asphalt_0cm_S2,2026-04-02T17:01:04.901650,13,25,115,139,150,58,205,189,179,135,31,58,14,28,129,148,157,65,214,194,200,142,30,52,13,25,115,139,149,59,197,186,181,128,28,52,17,34,133,165,177,73,240,224,220,165,39,79,5,13,65,80,85,34,113,107,105,74,13,21,4,12,76,102,95,37,127,120,114,74,10,13,4,13,79,96,97,37,132,122,119,77,11,13,5,9,45,75,65,26,79,77,78,56,11,20,9.38,19.88,94.62,118.0,121.88,48.62,163.38,152.38,149.5,106.38,21.62,38.5
Asphalt_0cm_S2,2026-04-02T17:01:04.979675,13,25,115,139,150,58,205,189,179,135,31,58,14,28,129,148,157,65,214,194,200,142,30,52,13,25,115,139,149,59,197,186,181,128,28,52,17,34,133,165,177,73,240,224,220,165,39,79,5,13,65,80,85,34,113,107,105,74,13,21,4,12,76,102,95,37,127,120,114,74,10,13,4,13,79,96,97,37,132,122,119,77,11,13,5,9,45,75,65,26,79,77,78,56,11,20,9.38,19.88,94.62,118.0,121.88,48.62,163.38,152.38,149.5,106.38,21.62,38.5
Asphalt_0cm_S2,2026-04-02T17:01:05.035858,13,25,115,139,150,58,205,189,179,135,31,58,14,28,129,148,157,65,214,194,200,142,30,52,13,25,115,139,149,59,197,186,181,128,28,52,17,34,133,165,177,73,240,224,220,165,39,79,5,13,65,80,85,34,113,107,105,74,13,21,4,12,76,102,95,37,127,120,114,74,10,13,4,13,79,96,97,37,132,122,119,77,11,13,5,9,45,75,65,26,79,77,78,56,11,20,9.38,19.88,94.62,118.0,121.88,48.62,163.38,152.38,149.5,106.38,21.62,38.5
Asphalt_0cm_S2,2026-04-02T17:01:05.090319,13,25,115,139,150,58,205,189,179,135,31,58,14,28,129,148,157,65,214,194,200,142,30,52,13,25,115,139,149,59,197,186,181,128,28,52,17,34,133,165,177,73,240,224,220,165,39,79,5,13,65,80,85,34,113,107,105,74,13,21,4,12,76,102,95,37,127,120,114,74,10,13,4,13,79,96,97,37,132,122,119,77,11,13,5,9,45,75,65,26,79,77,78,56,11,20,9.38,19.88,94.62,118.0,121.88,48.62,163.38,152.38,149.5,106.38,21.62,38.5
Asphalt_0cm_S2,2026-04-02T17:01:05.151943,13,25,115,139,151,59,205,189,179,136,31,58,14,29,129,148,157,65,214,194,200,142,30,52,13,25,115,139,149,59,198,186,181,127,28,52,17,34,133,165,177,73,239,224,220,165,39,79,5,13,64,80,85,34,113,107,105,73,13,21,5,12,75,102,94,37,127,120,114,73,10,13,4,13,79,97,98,37,132,122,120,77,11,13,5,9,45,76,65,26,79,77,78,56,11,20,9.5,20.0,94.38,118.25,122.0,48.75,163.38,152.38,149.62,106.12,21.62,38.5
Asphalt_0cm_S2,2026-04-02T17:01:05.216301,13,25,115,139,151,59,205,189,179,136,31,58,14,29,129,148,157,65,214,194,200,142,30,52,13,25,115,139,149,59,198,186,181,127,28,52,17,34,133,165,177,73,239,224,220,165,39,79,5,13,64,80,85,34,113,107,105,73,13,21,5,12,75,102,94,37,127,120,114,73,10,13,4,13,79,97,98,37,132,122,120,77,11,13,5,9,45,76,65,26,79,77,78,56,11,20,9.5,20.0,94.38,118.25,122.0,48.75,163.38,152.38,149.62,106.12,21.62,38.5
Asphalt_0cm_S2,2026-04-02T17:01:05.279121,13,25,115,139,151,59,205,189,179,136,31,58,14,29,129,148,157,65,214,194,200,142,30,52,13,25,115,139,149,59,198,186,181,127,28,52,18,34,133,165,178,73,240,224,220,165,40,79,5,13,64,80,85,34,113,107,105,74,13,21,5,12,76,102,94,38,127,120,114,73,10,13,4,13,79,96,97,37,132,122,119,77,11,13,5,9,45,75,65,26,79,77,78,56,11,20,9.62,20.0,94.5,118.0,122.0,48.88,163.5,152.38,149.5,106.25,21.75,38.5
Asphalt_0cm_S2,2026-04-02T17:01:05.342628,13,25,115,139,151,59,206,189,180,136,31,59,14,29,129,149,157,66,214,195,200,143,30,52,13,25,115,139,149,59,198,186,182,128,28,52,17,34,133,165,178,73,240,224,220,166,40,79,5,13,64,80,85,34,113,107,105,74,13,21,4,12,75,103,95,37,127,120,114,73,10,13,4,13,79,97,98,37,132,122,120,77,11,12,5,9,45,75,65,26,79,77,78,56,11,20,9.38,20.0,94.38,118.38,122.25,48.88,163.62,152.5,149.88,106.62,21.75,38.5
Asphalt_0cm_S2,2026-04-02T17:01:05.404663,13,25,115,139,151,58,205,189,179,136,31,59,14,29,129,149,157,66,214,195,200,143,30,52,13,25,115,139,149,59,198,186,182,128,28,52,17,34,133,165,178,73,240,224,220,166,40,79,5,13,64,80,85,34,113,107,105,74,13,21,4,12,75,103,95,37,127,120,114,73,10,13,4,13,79,97,98,37,132,122,120,77,11,12,5,9,45,75,65,26,79,77,78,56,11,20,9.38,20.0,94.38,118.38,122.25,48.75,163.5,152.5,149.75,106.62,21.75,38.5
Asphalt_0cm_S2,2026-04-02T17:01:05.468048,13,25,115,139,151,58,205,189,179,136,31,59,14,29,129,149,157,66,214,195,200,143,30,52,13,25,115,139,149,59,198,186,182,128,28,52,17,34,133,165,178,73,240,224,220,166,40,79,5,13,64,80,85,34,113,107,105,74,13,21,4,12,75,103,95,37,127,120,114,73,10,13,4,13,79,97,98,37,132,122,120,77,11,12,5,9,45,75,65,26,79,77,78,56,11,20,9.38,20.0,94.38,118.38,122.25,48.75,163.5,152.5,149.75,106.62,21.75,38.5
Asphalt_0cm_S2,2026-04-02T17:01:05.531254,13,25,115,139,151,58,205,189,179,136,31,59,14,29,129,148,157,65,214,195,201,143,30,53,13,25,115,139,150,59,198,187,182,128,28,53,18,34,133,165,178,73,239,224,220,166,40,80,5,13,64,80,85,34,113,107,105,73,13,21,4,12,76,103,94,37,127,120,114,73,10,13,4,13,79,96,98,37,132,122,120,77,11,13,5,9,45,75,65,26,79,77,78,56,11,20,9.5,20.0,94.5,118.12,122.25,48.62,163.38,152.62,149.88,106.5,21.75,39.0
Asphalt_0cm_S2,2026-04-02T17:01:05.595319,13,25,115,139,151,58,205,189,179,136,31,59,14,29,129,148,157,65,214,195,201,143,30,53,13,25,115,139,150,59,198,187,182,128,28,53,18,34,133,165,178,73,239,224,220,166,40,80,5,13,64,80,85,34,113,107,105,73,13,21,4,12,76,103,94,37,127,120,114,73,10,13,4,13,79,96,98,37,132,122,120,77,11,13,5,9,45,75,65,26,79,77,78,56,11,20,9.5,20.0,94.5,118.12,122.25,48.62,163.38,152.62,149.88,106.5,21.75,39.0
Asphalt_0cm_S2,2026-04-02T17:01:05.658324,13,25,115,139,151,59,205,189,180,136,31,59,14,29,129,149,157,65,215,195,201,143,30,53,13,25,115,140,150,59,198,187,182,128,28,53,17,34,133,165,178,73,240,224,221,166,40,80,5,13,64,80,85,34,113,107,105,73,13,21,4,12,76,103,94,37,127,120,114,73,10,13,4,13,79,96,98,37,132,122,120,77,11,13,5,9,45,75,65,26,78,77,78,56,11,20,9.38,20.0,94.5,118.38,122.25,48.75,163.5,152.62,150.12,106.5,21.75,39.0
Asphalt_0cm_S2,2026-04-02T17:01:05.721008,13,25,115,139,151,59,205,189,180,136,31,59,14,29,129,149,157,65,215,195,201,143,30,53,13,25,115,140,150,59,198,187,182,128,28,53,17,34,133,165,178,73,240,224,221,166,40,80,5,13,64,80,84,34,113,107,105,74,13,21,5,12,75,102,94,37,127,120,114,73,10,13,4,13,79,96,97,37,132,122,119,77,11,13,5,9,44,75,65,26,79,77,78,56,11,20,9.5,20.0,94.25,118.25,122.0,48.75,163.62,152.62,150.0,106.62,21.75,39.0
Asphalt_0cm_S2,2026-04-02T17:01:05.778467,13,25,116,139,151,58,206,190,180,136,31,59,15,29,130,149,157,66,215,195,201,144,31,53,13,25,115,139,150,59,198,187,182,128,28,53,17,34,133,165,178,73,240,224,221,166,40,80,5,13,64,80,84,34,113,107,105,74,13,21,5,12,75,102,94,37,127,120,114,73,10,13,4,13,79,96,97,37,132,122,119,77,11,13,5,9,44,75,65,26,79,77,78,56,11,20,9.62,20.0,94.5,118.12,122.0,48.75,163.75,152.75,150.0,106.75,21.88,39.0
Asphalt_0cm_S2,2026-04-02T17:01:05.836558,13,25,116,139,151,58,206,190,180,136,31,59,15,29,130,149,157,66,215,195,201,144,31,53,13,25,115,139,150,59,198,187,182,128,28,53,17,34,133,165,178,73,240,224,221,166,40,80,5,13,64,80,84,34,113,107,105,74,13,21,5,12,75,102,94,37,127,120,114,73,10,13,4,13,79,96,97,37,132,122,119,77,11,13,5,9,44,75,65,26,79,77,78,56,11,20,9.62,20.0,94.5,118.12,122.0,48.75,163.75,152.75,150.0,106.75,21.88,39.0
Asphalt_0cm_S2,2026-04-02T17:01:05.897162,13,25,116,139,151,58,206,190,180,136,31,59,15,29,130,149,157,66,215,195,201,144,31,53,13,25,115,139,150,59,198,187,182,128,28,53,17,34,133,165,178,73,240,224,221,166,40,80,5,13,64,80,84,34,113,107,105,74,13,21,5,12,75,102,94,37,127,120,114,73,10,13,4,13,79,96,97,37,132,122,119,77,11,13,5,9,44,75,65,26,79,77,78,56,11,20,9.62,20.0,94.5,118.12,122.0,48.75,163.75,152.75,150.0,106.75,21.88,39.0
Asphalt_0cm_S2,2026-04-02T17:01:05.959956,13,25,116,139,151,59,206,190,180,136,31,59,14,29,130,149,158,66,215,195,201,143,31,53,13,25,115,139,150,59,198,187,182,128,28,53,18,34,133,166,178,73,240,224,220,166,40,80,5,13,64,80,85,34,113,107,105,73,13,21,4,12,76,103,94,37,127,120,114,74,10,13,4,13,79,96,97,37,132,122,119,77,11,13,5,9,45,75,65,26,79,77,78,56,11,20,9.5,20.0,94.75,118.38,122.25,48.88,163.75,152.75,149.88,106.62,21.88,39.0
Asphalt_0cm_S2,2026-04-02T17:01:06.022795,13,25,116,139,151,59,206,190,180,136,31,59,14,29,130,149,158,66,215,195,201,143,31,53,13,25,115,139,150,59,198,187,182,128,28,53,18,34,133,166,178,73,240,224,220,166,40,80,5,13,64,80,85,34,113,107,105,73,13,21,4,12,76,103,94,37,127,120,114,74,10,13,4,13,79,96,97,37,132,122,119,77,11,13,5,9,45,75,65,26,79,77,78,56,11,20,9.5,20.0,94.75,118.38,122.25,48.88,163.75,152.75,149.88,106.62,21.88,39.0
Asphalt_0cm_S2,2026-04-02T17:01:06.101532,13,25,116,139,151,59,206,190,180,136,31,59,14,29,130,149,158,66,215,195,201,143,31,53,13,25,115,139,150,59,198,187,182,128,28,53,18,34,133,166,178,73,240,224,220,166,40,80,5,13,64,80,85,34,113,107,105,73,13,21,4,12,76,103,94,37,127,120,114,74,10,13,4,13,79,96,97,37,132,122,119,77,11,13,5,9,45,75,65,26,79,77,78,56,11,20,9.5,20.0,94.75,118.38,122.25,48.88,163.75,152.75,149.88,106.62,21.88,39.0
Asphalt_0cm_S2,2026-04-02T17:01:06.164734,13,25,116,139,151,59,206,190,180,136,31,59,14,29,130,149,158,66,215,195,201,143,31,53,13,25,115,140,150,59,199,187,182,128,28,53,18,34,133,166,178,73,240,225,221,166,40,80,5,13,64,80,85,34,113,107,105,73,13,21,4,12,76,103,94,37,127,120,114,74,10,13,4,13,79,96,97,37,132,122,119,77,11,13,5,9,45,75,65,26,79,77,78,56,11,20,9.5,20.0,94.75,118.5,122.25,48.88,163.88,152.88,150.0,106.62,21.88,39.0
Asphalt_0cm_S2,2026-04-02T17:01:06.221039,13,25,116,139,151,59,206,190,180,136,31,59,14,29,130,149,158,66,215,195,201,143,31,53,13,25,115,140,150,59,199,187,182,128,28,53,18,34,133,166,178,73,240,225,221,166,40,80,5,13,65,80,85,34,113,107,105,74,13,21,4,12,76,103,95,37,127,120,114,73,10,13,4,13,79,97,97,37,132,122,120,77,10,13,5,9,44,75,65,26,79,77,78,56,11,20,9.5,20.0,94.75,118.62,122.38,48.88,163.88,152.88,150.12,106.62,21.75,39.0
Asphalt_0cm_S2,2026-04-02T17:01:06.290012,13,25,116,139,151,59,206,190,180,137,31,59,15,29,130,149,157,66,215,195,201,143,31,54,13,25,116,139,149,59,199,187,182,128,28,53,18,34,133,166,178,73,241,225,221,166,40,81,5,13,65,80,85,34,113,107,105,74,13,21,4,12,76,103,95,37,127,120,114,73,10,13,4,13,79,97,97,37,132,122,120,77,10,13,5,9,44,75,65,26,79,77,78,56,11,20,9.62,20.0,94.88,118.5,122.12,48.88,164.0,152.88,150.12,106.75,21.75,39.25
Asphalt_0cm_S2,2026-04-02T17:01:06.350367,13,25,116,139,151,59,206,190,180,137,31,59,15,29,130,149,157,66,215,195,201,143,31,54,13,25,116,139,149,59,199,187,182,128,28,53,18,34,133,166,178,73,241,225,221,166,40,81,5,13,64,80,85,34,113,107,105,74,13,21,4,12,76,102,94,37,127,120,114,73,10,13,4,13,79,97,97,37,132,122,120,77,10,13,5,9,44,75,65,26,79,77,78,56,11,20,9.62,20.0,94.75,118.38,122.0,48.88,164.0,152.88,150.12,106.75,21.75,39.25
Asphalt_0cm_S2,2026-04-02T17:01:06.402357,13,25,116,139,151,59,206,190,180,137,31,59,15,29,130,149,157,66,215,195,201,143,31,54,13,25,116,139,149,59,199,187,182,128,28,53,18,34,133,166,178,73,241,225,221,166,40,81,5,13,64,80,85,34,113,107,105,74,13,21,4,12,76,102,94,37,127,120,114,73,10,13,4,13,79,97,97,37,132,122,120,77,10,13,5,9,44,75,65,26,79,77,78,56,11,20,9.62,20.0,94.75,118.38,122.0,48.88,164.0,152.88,150.12,106.75,21.75,39.25
Asphalt_0cm_S2,2026-04-02T17:01:06.465665,13,25,116,139,151,59,206,190,180,137,31,59,15,29,130,149,157,66,215,195,201,143,31,54,13,25,116,139,149,59,199,187,182,128,28,53,18,34,133,166,178,73,241,225,221,166,40,81,5,13,64,80,85,34,113,107,105,74,13,21,4,12,76,102,94,37,127,120,114,73,10,13,4,13,79,97,97,37,132,122,120,77,10,13,5,9,44,75,65,26,79,77,78,56,11,20,9.62,20.0,94.75,118.38,122.0,48.88,164.0,152.88,150.12,106.75,21.75,39.25
Asphalt_0cm_S2,2026-04-02T17:01:06.529231,13,25,116,139,151,59,206,190,180,137,31,59,15,29,130,150,158,66,216,196,202,144,31,54,14,25,116,140,150,60,199,188,183,129,29,54,18,34,133,166,179,73,241,225,221,167,40,81,5,13,64,80,85,34,113,107,105,73,13,21,4,12,75,103,94,37,127,120,114,73,10,13,4,13,79,97,98,37,132,122,120,77,10,12,5,9,44,75,65,26,80,77,78,56,11,20,9.75,20.0,94.62,118.75,122.5,49.0,164.25,153.12,150.38,107.0,21.88,39.25
Asphalt_0cm_S2,2026-04-02T17:01:06.593340,13,25,116,140,151,59,206,190,180,137,31,60,15,30,130,150,159,66,216,196,203,145,31,55,14,26,117,141,151,60,200,188,183,130,29,55,18,34,133,166,179,73,241,225,221,167,40,81,5,13,64,80,85,34,113,107,105,73,13,21,4,12,75,103,94,37,127,120,114,73,10,13,4,13,79,97,98,37,132,122,120,77,11,13,5,9,45,75,65,26,79,77,78,56,11,21,9.75,20.25,94.88,119.0,122.75,49.0,164.25,153.12,150.5,107.25,22.0,39.88
Asphalt_0cm_S2,2026-04-02T17:01:06.655230,13,25,116,140,151,59,206,190,180,137,31,60,15,30,130,150,159,66,216,196,203,145,31,55,14,26,117,141,151,60,200,188,183,130,29,55,18,35,133,166,179,73,242,226,222,167,41,82,6,13,64,80,85,34,113,107,105,74,13,21,4,12,76,103,95,37,127,120,114,73,10,13,4,13,79,97,98,37,132,122,120,77,11,13,5,9,45,75,65,26,79,77,78,56,11,21,9.88,20.38,95.0,119.0,122.88,49.0,164.38,153.25,150.62,107.38,22.12,40.0
Asphalt_0cm_S2,2026-04-02T17:01:06.718339,13,25,115,139,151,59,206,189,180,136,31,59,15,30,130,150,159,66,216,196,203,145,31,55,14,26,117,141,151,60,200,188,183,130,29,55,18,35,133,166,179,73,242,226,222,167,41,82,6,13,64,80,85,34,113,107,105,74,13,21,4,12,76,103,95,37,127,120,114,73,10,13,4,13,80,97,98,37,132,122,120,77,11,13,5,9,44,75,65,26,79,77,78,56,11,20,9.88,20.38,94.88,118.88,122.88,49.0,164.38,153.12,150.62,107.25,22.12,39.75
Asphalt_0cm_S2,2026-04-02T17:01:06.782010,13,25,115,139,151,59,206,189,180,136,31,59,15,29,130,150,158,66,216,196,202,144,31,54,14,26,116,140,151,60,200,188,183,130,29,54,18,35,134,166,179,73,242,225,222,168,41,82,6,13,64,80,85,34,113,107,105,74,13,21,4,12,76,103,95,37,127,120,114,73,10,13,4,13,80,97,98,37,132,122,120,77,11,13,5,9,44,75,65,26,79,77,78,56,11,20,9.88,20.25,94.88,118.75,122.75,49.0,164.38,153.0,150.5,107.25,22.12,39.5
Asphalt_0cm_S2,2026-04-02T17:01:06.845810,13,25,115,139,151,59,206,189,180,136,31,59,15,29,130,150,158,66,216,196,202,144,31,54,14,26,116,140,151,60,200,188,183,130,29,54,18,35,134,166,179,73,242,225,222,168,41,82,5,13,64,80,84,34,113,107,105,73,13,21,4,12,75,102,94,37,127,119,114,73,10,12,4,13,79,97,98,37,132,122,120,77,11,12,5,9,44,75,65,26,78,77,78,56,11,20,9.75,20.25,94.62,118.62,122.5,49.0,164.25,152.88,150.5,107.12,22.12,39.25
Asphalt_0cm_S2,2026-04-02T17:01:06.912775,13,25,115,139,151,59,206,189,179,136,31,58,15,29,130,150,158,66,217,196,202,144,31,54,14,26,116,140,151,60,200,188,183,130,29,54,18,35,134,166,179,73,242,225,222,168,41,82,5,13,64,80,84,34,113,107,105,73,13,21,4,12,75,102,94,37,127,119,114,73,10,12,4,13,79,97,98,37,132,122,120,77,11,12,5,9,44,75,65,26,78,77,78,56,11,20,9.75,20.25,94.62,118.62,122.5,49.0,164.38,152.88,150.38,107.12,22.12,39.12
Asphalt_0cm_S2,2026-04-02T17:01:06.957504,13,25,115,139,151,59,206,189,179,136,31,58,15,29,130,150,158,66,217,196,202,144,31,54,14,26,117,141,151,60,200,188,183,130,29,55,18,35,134,166,179,73,242,225,222,168,41,82,5,13,64,80,84,34,113,107,105,73,13,21,4,12,75,102,94,37,127,119,114,73,10,12,4,13,79,97,98,37,132,122,120,77,11,12,5,9,44,75,65,26,78,77,78,56,11,20,9.75,20.25,94.75,118.75,122.5,49.0,164.38,152.88,150.38,107.12,22.12,39.25
Asphalt_0cm_S2,2026-04-02T17:01:07.037470,13,25,115,139,151,59,206,189,179,136,31,58,15,29,130,150,158,66,217,196,202,144,31,54,14,26,117,141,151,60,200,188,183,130,29,55,18,35,134,166,179,73,242,225,222,168,41,82,5,13,64,80,84,34,113,107,105,73,13,21,4,12,75,102,94,37,127,119,114,73,10,12,4,13,79,97,98,37,132,122,120,77,11,12,5,9,44,75,65,26,78,77,78,56,11,20,9.75,20.25,94.75,118.75,122.5,49.0,164.38,152.88,150.38,107.12,22.12,39.25
Asphalt_0cm_S2,2026-04-02T17:01:07.101039,13,25,115,139,151,59,205,189,179,136,31,58,15,29,131,150,159,66,217,196,202,144,31,54,14,26,117,140,151,60,200,188,184,130,29,55,18,35,134,166,179,73,242,226,222,168,41,82,5,13,64,80,84,34,112,107,104,73,13,20,4,12,76,103,94,37,127,120,114,73,10,12,4,13,80,97,98,37,133,122,120,77,11,12,5,9,45,75,65,26,79,76,78,56,11,20,9.75,20.25,95.25,118.75,122.62,49.0,164.38,153.0,150.38,107.12,22.12,39.12
Asphalt_0cm_S2,2026-04-02T17:01:07.158781,13,25,115,139,151,59,205,189,179,136,31,58,15,29,131,150,159,66,217,196,202,144,31,54,14,26,117,140,151,60,200,188,184,130,29,55,18,35,134,167,179,73,241,226,222,167,41,82,5,13,64,79,84,34,112,106,104,73,13,20,4,12,76,102,94,38,127,120,114,73,10,13,4,13,80,96,98,37,132,122,120,77,11,12,5,9,45,75,65,26,79,76,78,56,11,20,9.75,20.25,95.25,118.5,122.62,49.12,164.12,152.88,150.38,107.0,22.12,39.25
Asphalt_0cm_S2,2026-04-02T17:01:07.217261,13,25,115,139,151,59,205,189,179,136,31,58,15,29,131,150,159,66,217,196,202,144,31,54,14,26,117,140,151,60,200,188,184,130,29,55,18,35,134,167,179,73,241,226,222,167,41,82,5,13,64,79,84,34,112,106,104,73,13,20,4,12,76,102,94,38,127,120,114,73,10,13,4,13,80,96,98,37,132,122,120,77,11,12,5,9,44,75,65,26,79,76,78,56,11,20,9.75,20.25,95.12,118.5,122.62,49.12,164.12,152.88,150.38,107.0,22.12,39.25
Asphalt_0cm_S2,2026-04-02T17:01:07.288908,13,25,115,139,151,59,205,189,179,136,31,58,15,29,130,149,158,66,216,196,202,144,31,54,14,25,116,140,151,60,200,188,184,130,29,55,18,35,133,166,179,73,241,225,222,167,40,81,5,13,64,80,84,34,112,106,104,73,12,20,4,12,76,102,94,38,127,120,114,73,10,13,4,13,80,96,98,37,132,122,120,77,11,12,5,9,44,75,65,26,79,76,78,56,11,20,9.75,20.12,94.75,118.38,122.5,49.12,164.0,152.75,150.38,107.0,21.88,39.12
Asphalt_0cm_S2,2026-04-02T17:01:07.348332,13,25,115,139,151,59,205,189,179,136,31,58,15,29,130,149,158,66,216,196,202,144,31,54,14,25,116,140,151,60,200,188,184,130,29,55,18,35,133,166,179,73,241,225,222,167,40,81,5,13,64,80,84,34,112,106,104,73,12,20,4,12,75,102,94,37,127,120,113,73,10,12,4,13,79,97,98,37,133,122,120,77,11,12,5,9,44,75,65,26,78,77,78,56,11,20,9.75,20.12,94.5,118.5,122.5,49.0,164.0,152.88,150.25,107.0,21.88,39.0
Asphalt_0cm_S2,2026-04-02T17:01:07.409235,13,25,115,139,151,59,205,189,179,136,31,58,15,29,130,149,158,66,216,196,202,144,31,54,14,25,116,140,151,60,200,188,184,130,29,55,18,35,133,166,179,73,241,225,222,167,40,81,5,13,64,80,84,34,112,106,104,73,12,20,4,12,75,102,94,37,127,120,113,73,10,12,4,13,79,97,98,37,133,122,120,77,11,12,5,9,44,75,65,26,78,77,78,56,11,20,9.75,20.12,94.5,118.5,122.5,49.0,164.0,152.88,150.25,107.0,21.88,39.0
Asphalt_0cm_S2,2026-04-02T17:01:07.480247,13,25,115,139,151,59,205,189,179,136,31,58,15,29,130,149,158,66,216,196,202,144,31,54,14,25,116,140,151,60,200,188,184,130,29,55,18,35,133,166,179,73,241,225,222,167,40,81,5,13,64,80,84,34,112,106,104,73,12,20,4,12,75,102,94,37,127,120,113,73,10,12,4,13,79,97,98,37,133,122,120,77,11,12,5,9,44,75,65,26,78,77,78,56,11,20,9.75,20.12,94.5,118.5,122.5,49.0,164.0,152.88,150.25,107.0,21.88,39.0
Asphalt_0cm_S2,2026-04-02T17:01:07.543390,13,25,115,139,151,59,205,189,179,136,31,58,15,29,130,149,158,66,216,196,202,144,31,54,14,25,116,140,151,60,200,188,184,130,29,55,18,35,133,166,179,73,241,225,222,167,40,81,5,13,64,80,84,34,112,106,104,73,12,20,4,12,75,102,94,37,127,120,113,73,10,12,4,13,79,97,98,37,133,122,120,77,11,12,5,9,44,75,65,26,78,77,78,56,11,20,9.75,20.12,94.5,118.5,122.5,49.0,164.0,152.88,150.25,107.0,21.88,39.0
Asphalt_0cm_S2,2026-04-02T17:01:07.606482,12,24,115,138,149,58,204,188,178,134,30,56,14,28,128,147,155,65,213,193,199,140,29,49,13,24,115,138,148,59,197,185,180,127,27,51,17,34,133,165,178,73,240,224,220,165,40,80,5,13,64,79,83,34,111,106,104,72,12,19,4,12,76,103,94,37,127,120,114,73,10,12,4,13,80,97,98,37,133,123,120,77,11,12,5,9,45,75,65,26,79,77,78,56,11,20,9.25,19.62,94.5,117.75,121.25,48.62,163.0,152.0,149.12,105.5,21.25,37.38
Asphalt_0cm_S2,2026-04-02T17:01:07.668838,12,24,115,138,149,58,204,188,178,134,30,56,14,28,128,147,155,65,213,193,199,140,29,49,13,24,115,138,148,59,197,185,180,127,27,51,17,33,132,164,176,72,238,222,218,164,39,77,5,13,63,79,83,33,111,105,103,71,12,18,5,12,76,102,94,37,127,120,114,73,10,12,4,13,80,97,98,37,133,123,120,77,11,12,5,9,45,75,65,26,79,77,78,56,11,20,9.38,19.5,94.25,117.5,121.0,48.38,162.75,151.62,148.75,105.25,21.12,36.88
Asphalt_0cm_S2,2026-04-02T17:01:07.732933,12,24,115,138,149,58,204,188,178,134,30,56,14,28,128,147,155,65,213,193,199,140,29,49,13,24,115,138,148,59,197,185,180,127,27,51,17,33,132,164,176,72,238,222,218,164,39,77,5,13,63,79,83,33,111,105,103,71,12,18,5,12,76,102,94,37,127,120,114,73,10,12,4,13,80,97,98,37,133,122,120,77,11,12,5,9,44,75,65,26,78,77,78,56,11,20,9.38,19.5,94.12,117.5,121.0,48.38,162.62,151.5,148.75,105.25,21.12,36.88
Asphalt_0cm_S2,2026-04-02T17:01:07.797086,12,24,114,138,149,58,203,187,177,133,30,55,14,28,129,147,156,65,213,194,199,141,30,50,13,25,115,139,149,59,198,186,181,127,28,51,17,33,132,164,176,72,239,223,219,164,39,78,5,13,63,79,83,33,111,105,103,71,12,18,5,12,76,102,94,37,127,120,114,73,10,12,4,13,80,97,98,37,133,122,120,77,11,12,5,9,44,75,65,26,78,77,78,56,11,20,9.38,19.62,94.12,117.62,121.25,48.38,162.75,151.75,148.88,105.25,21.38,37.0
Asphalt_0cm_S2,2026-04-02T17:01:07.854203,12,24,114,138,149,58,203,187,177,133,30,55,14,28,129,147,156,65,213,194,199,141,30,50,13,25,115,139,149,59,198,186,181,127,28,51,17,33,132,164,176,72,239,223,219,164,39,78,5,13,63,79,83,34,111,106,103,71,12,19,5,12,76,102,94,37,127,120,113,73,10,13,4,13,80,97,98,37,133,122,120,77,11,12,5,9,44,75,65,26,78,77,78,56,11,20,9.38,19.62,94.12,117.62,121.25,48.5,162.75,151.88,148.75,105.25,21.38,37.25
Asphalt_0cm_S2,2026-04-02T17:01:07.922314,12,24,114,138,149,58,203,187,177,133,30,55,14,28,129,147,156,65,213,194,199,141,30,50,13,25,115,139,149,59,198,186,181,127,28,51,17,33,132,164,176,72,239,223,219,164,39,78,5,13,63,79,83,34,111,106,103,71,12,19,5,12,76,102,94,37,127,120,113,73,10,13,4,13,80,97,98,37,133,122,120,77,11,12,5,9,44,75,65,26,78,77,78,56,11,20,9.38,19.62,94.12,117.62,121.25,48.5,162.75,151.88,148.75,105.25,21.38,37.25
Asphalt_0cm_S2,2026-04-02T17:01:07.985500,12,24,115,138,149,58,203,187,177,133,30,55,14,28,129,147,156,65,213,194,199,141,30,50,13,25,115,139,149,59,198,186,181,127,28,51,17,33,132,164,176,72,239,223,219,164,39,78,5,13,63,79,83,34,111,106,103,71,12,19,5,12,76,102,94,37,127,120,113,73,10,13,4,13,80,97,98,37,133,122,120,77,11,12,5,9,44,75,65,26,78,77,78,56,11,20,9.38,19.62,94.25,117.62,121.25,48.5,162.75,151.88,148.75,105.25,21.38,37.25
Asphalt_0cm_S2,2026-04-02T17:01:08.048856,12,24,115,138,149,58,203,187,177,133,30,55,14,28,129,147,156,65,213,194,199,141,30,50,13,25,115,139,149,59,198,186,181,127,28,51,17,33,132,164,176,72,239,223,219,164,39,78,5,13,63,79,83,34,111,106,103,71,12,19,5,12,76,102,94,37,127,120,113,73,10,13,4,13,80,97,98,37,133,122,120,77,11,12,5,9,44,75,65,26,78,77,78,56,11,20,9.38,19.62,94.25,117.62,121.25,48.5,162.75,151.88,148.75,105.25,21.38,37.25
Asphalt_0cm_S2,2026-04-02T17:01:08.114200,12,24,115,138,149,58,203,187,177,133,30,55,14,28,129,147,156,65,213,194,199,141,30,50,13,25,115,139,149,59,198,186,181,127,28,51,17,33,132,164,176,72,239,223,219,164,39,78,5,13,63,79,83,34,111,106,103,71,12,19,4,12,75,102,94,37,127,120,114,73,10,13,4,13,80,97,98,37,133,122,120,77,11,12,5,9,44,75,65,26,78,76,78,56,11,20,9.25,19.62,94.12,117.62,121.25,48.5,162.75,151.75,148.88,105.25,21.38,37.25
Asphalt_0cm_S2,2026-04-02T17:01:08.170889,12,24,114,138,149,58,203,187,177,134,30,56,14,29,129,148,157,65,214,195,200,142,30,51,13,25,116,140,150,60,199,187,182,129,28,53,18,34,133,165,178,73,240,224,220,166,40,79,5,13,63,79,83,34,111,105,103,72,12,19,5,12,76,103,94,37,127,120,114,73,10,13,4,13,80,97,98,37,133,122,120,77,11,12,5,9,44,75,65,26,78,76,78,56,11,20,9.5,19.88,94.38,118.12,121.75,48.75,163.12,152.0,149.25,106.12,21.5,37.88
Asphalt_0cm_S2,2026-04-02T17:01:08.241456,12,24,114,138,149,58,203,187,177,134,30,56,14,29,129,148,157,65,214,195,200,142,30,51,13,25,116,140,150,60,199,187,182,129,28,53,18,34,133,165,178,73,240,224,220,166,40,79,5,13,63,79,83,34,111,105,103,72,12,19,5,12,76,103,94,37,127,120,114,73,10,13,4,13,80,97,98,37,133,122,120,77,11,12,5,9,45,75,65,26,78,77,78,56,11,20,9.5,19.88,94.5,118.12,121.75,48.75,163.12,152.12,149.25,106.12,21.5,37.88
Asphalt_0cm_S2,2026-04-02T17:01:08.287696,12,24,114,138,149,58,203,187,177,133,30,55,14,29,130,149,158,66,215,195,201,143,30,52,14,25,116,140,150,60,199,187,182,129,29,53,18,34,133,165,178,73,240,224,220,166,40,79,5,13,63,79,83,34,111,105,103,72,12,19,5,12,76,103,94,37,127,120,114,73,10,13,4,13,80,97,98,37,133,122,120,77,11,12,5,9,45,75,65,26,78,77,78,56,11,20,9.62,19.88,94.62,118.25,121.88,48.88,163.25,152.12,149.38,106.12,21.62,37.88
Asphalt_0cm_S2,2026-04-02T17:01:08.358967,12,24,114,138,149,58,203,187,177,133,30,55,14,29,130,149,158,66,215,195,201,143,30,52,14,25,116,140,150,60,199,187,182,129,29,53,18,34,133,165,178,73,240,224,220,166,40,79,5,13,63,79,83,34,111,105,103,72,12,19,5,12,76,103,94,37,127,120,114,73,10,13,4,13,80,97,98,37,133,122,120,77,11,12,5,9,45,75,65,26,78,77,78,56,11,20,9.62,19.88,94.62,118.25,121.88,48.88,163.25,152.12,149.38,106.12,21.62,37.88
Asphalt_0cm_S2,2026-04-02T17:01:08.414496,12,24,113,138,149,58,203,188,177,134,30,56,14,29,130,149,158,66,215,195,201,143,30,52,14,25,116,140,150,60,199,187,182,129,29,53,18,34,133,165,178,73,241,224,220,166,40,80,5,13,63,79,83,34,111,105,103,71,12,19,4,12,76,102,94,37,127,120,113,73,10,12,4,13,80,97,98,37,133,122,120,77,11,13,5,9,44,75,65,26,78,76,78,56,11,20,9.5,19.88,94.38,118.12,121.88,48.88,163.38,152.12,149.25,106.12,21.62,38.12
Asphalt_0cm_S2,2026-04-02T17:01:08.493089,12,24,113,138,149,58,203,188,177,134,30,56,14,29,130,149,158,66,216,196,201,144,31,52,14,26,116,140,151,60,200,188,183,129,29,54,18,34,133,166,178,73,241,225,221,167,40,81,5,13,63,79,83,33,111,105,103,71,12,19,4,12,76,102,94,37,127,120,113,73,10,12,4,13,80,97,98,37,133,122,120,77,11,13,5,9,44,75,65,26,78,76,78,56,11,20,9.5,20.0,94.38,118.25,122.0,48.75,163.62,152.5,149.5,106.38,21.75,38.38
Asphalt_0cm_S2,2026-04-02T17:01:08.553747,12,24,113,138,149,58,203,188,177,134,30,56,14,29,130,149,158,66,216,196,201,144,31,52,14,26,116,140,151,60,200,188,183,129,29,54,18,34,133,166,178,73,241,225,221,167,40,81,5,13,63,79,83,33,111,105,103,71,12,19,5,12,76,102,95,38,127,120,114,73,10,13,4,13,80,97,98,37,133,122,120,77,11,12,5,9,44,75,65,26,78,76,78,56,11,20,9.62,20.0,94.38,118.25,122.12,48.88,163.62,152.5,149.62,106.38,21.75,38.38
Asphalt_0cm_S2,2026-04-02T17:01:08.613714,12,24,114,138,149,58,203,187,177,133,30,55,15,29,130,149,158,66,216,196,202,144,31,53,14,26,116,140,151,60,200,188,183,129,29,54,18,34,133,166,178,73,241,225,221,167,40,81,5,13,63,79,83,33,111,105,103,71,12,19,5,12,76,102,95,38,127,120,114,73,10,13,4,13,80,97,98,37,133,122,120,77,11,12,5,9,44,75,65,26,78,76,78,56,11,20,9.75,20.0,94.5,118.25,122.12,48.88,163.62,152.38,149.75,106.25,21.75,38.38
Asphalt_0cm_S2,2026-04-02T17:01:08.668244,12,24,114,138,149,58,203,187,177,133,30,55,15,29,130,149,158,66,216,196,202,144,31,53,14,26,117,140,151,60,200,188,183,130,29,54,18,34,134,166,179,73,241,225,221,167,40,81,5,13,63,79,83,33,111,105,103,71,12,19,5,12,76,102,95,37,127,120,114,73,10,13,4,13,80,97,98,37,133,122,120,77,11,12,5,9,44,75,65,26,78,76,78,56,11,20,9.75,20.0,94.75,118.25,122.25,48.75,163.62,152.38,149.75,106.38,21.75,38.38
Asphalt_0cm_S2,2026-04-02T17:01:08.717837,12,24,114,138,149,58,203,187,177,133,30,55,15,29,130,149,158,66,216,196,202,144,31,53,14,26,117,140,151,60,200,188,183,130,29,54,18,34,134,166,179,73,241,225,221,167,40,81,5,13,63,79,83,33,111,105,103,71,12,19,5,12,76,102,95,37,127,120,114,73,10,13,4,13,79,97,98,37,133,123,120,77,11,13,5,9,44,75,65,26,78,77,78,56,11,20,9.75,20.0,94.62,118.25,122.25,48.75,163.62,152.62,149.75,106.38,21.75,38.5
Asphalt_0cm_S2,2026-04-02T17:01:08.795874,12,24,114,138,149,58,203,187,177,134,30,55,15,30,131,150,159,66,217,197,203,145,31,54,14,26,117,140,151,60,200,188,183,130,29,54,18,34,134,166,179,73,241,225,221,167,40,81,5,13,63,79,83,33,111,105,103,71,12,19,5,12,76,102,95,37,127,120,114,73,10,13,4,13,79,97,98,37,133,123,120,77,11,13,5,9,44,75,65,26,78,77,78,56,11,20,9.75,20.12,94.75,118.38,122.38,48.75,163.75,152.75,149.88,106.62,21.75,38.62
Asphalt_0cm_S2,2026-04-02T17:01:08.859396,12,24,114,138,149,58,203,187,177,134,30,55,15,30,131,150,159,66,217,197,203,145,31,54,14,26,117,140,151,60,200,188,183,130,29,54,18,34,134,166,179,73,241,225,221,167,40,81,5,13,63,79,83,33,111,105,103,71,12,19,5,12,76,102,95,37,127,120,114,73,10,13,4,13,79,97,98,37,133,123,120,77,11,13,5,9,44,75,65,26,78,77,78,56,11,20,9.75,20.12,94.75,118.38,122.38,48.75,163.75,152.75,149.88,106.62,21.75,38.62
Asphalt_0cm_S2,2026-04-02T17:01:08.906867,12,25,114,138,150,58,204,188,178,134,30,56,15,30,131,150,159,66,217,197,203,145,31,54,14,26,117,141,151,60,201,189,184,131,29,55,18,35,134,166,179,73,241,226,222,168,41,82,5,13,63,79,83,34,111,106,103,72,12,19,5,12,76,102,95,37,127,120,114,73,10,13,4,13,80,97,98,37,133,123,120,77,11,12,5,9,45,75,65,26,78,76,78,56,11,20,9.75,20.38,95.0,118.5,122.5,48.88,164.0,153.12,150.25,107.0,21.88,38.88
Asphalt_0cm_S2,2026-04-02T17:01:08.969688,12,25,114,138,150,58,204,188,178,134,30,56,15,30,131,151,160,66,218,198,204,147,32,55,14,27,118,142,152,60,202,190,185,132,30,56,19,35,135,168,180,74,243,227,223,169,42,84,5,13,63,79,83,34,111,106,103,72,12,19,5,12,76,102,95,37,127,120,114,73,10,13,4,13,80,97,98,37,133,123,120,77,11,12,5,9,45,75,65,26,78,76,78,56,11,20,9.88,20.5,95.25,119.0,122.88,49.0,164.5,153.5,150.62,107.5,22.25,39.38
Asphalt_0cm_S2,2026-04-02T17:01:09.048385,12,25,114,138,150,58,204,188,178,134,30,56,15,30,131,151,160,66,218,198,204,147,32,55,14,27,118,142,152,60,202,190,185,132,30,56,19,35,135,168,180,74,243,227,223,169,42,84,5,13,64,80,84,34,112,106,104,72,12,20,4,12,76,102,94,37,127,120,114,73,10,13,4,13,80,97,98,37,133,123,120,77,11,12,5,9,45,75,65,26,78,76,78,56,11,20,9.75,20.5,95.38,119.12,122.88,49.0,164.62,153.5,150.75,107.5,22.25,39.5
Asphalt_0cm_S2,2026-04-02T17:01:09.108088,13,25,115,139,150,58,205,189,179,135,31,57,16,31,132,151,161,67,219,199,205,148,33,57,14,27,118,142,152,60,202,190,185,132,30,56,19,35,135,168,180,74,243,227,223,169,42,84,5,13,64,80,84,34,112,106,104,72,12,20,4,12,76,102,94,37,127,120,114,73,10,13,4,13,80,97,98,37,133,122,120,77,11,13,5,9,44,75,65,26,78,77,78,56,11,20,10.0,20.62,95.5,119.25,123.0,49.12,164.88,153.75,151.0,107.75,22.5,40.0
Asphalt_0cm_S2,2026-04-02T17:01:09.173789,13,25,115,139,150,58,205,189,179,135,31,57,16,31,132,151,161,67,219,199,205,148,33,57,15,27,118,142,153,61,203,191,186,133,30,58,19,36,135,168,181,74,244,228,224,170,42,85,5,13,64,80,84,34,112,107,104,73,13,20,4,12,76,102,94,37,127,120,114,73,10,13,4,13,80,97,98,37,133,122,120,77,11,13,5,9,44,75,65,26,78,77,78,56,11,20,10.12,20.75,95.5,119.25,123.25,49.25,165.12,154.12,151.25,108.12,22.62,40.38
Asphalt_0cm_S2,2026-04-02T17:01:09.228375,13,25,115,139,150,58,205,189,179,135,31,57,16,31,132,151,161,67,219,199,205,148,33,57,15,27,118,142,153,61,203,191,186,133,30,58,19,36,135,168,181,74,244,228,224,170,42,85,5,13,64,80,84,34,112,107,104,73,13,20,5,12,76,102,95,37,127,120,114,73,10,13,4,13,80,97,98,37,133,122,120,77,11,13,5,9,45,75,65,26,79,76,78,56,11,21,10.25,20.75,95.62,119.25,123.38,49.25,165.25,154.0,151.25,108.12,22.62,40.5
Asphalt_0cm_S2,2026-04-02T17:01:09.296052,13,25,115,139,151,58,205,189,179,136,31,57,16,31,133,151,161,67,220,199,205,148,33,57,15,27,118,142,153,61,203,191,186,133,30,58,19,36,135,168,181,74,244,228,224,170,42,85,5,13,64,80,84,34,112,107,104,73,13,20,5,12,76,102,95,37,127,120,114,73,10,13,4,13,80,97,98,37,133,122,120,77,11,13,5,9,45,75,65,26,79,76,78,56,11,21,10.25,20.75,95.75,119.25,123.5,49.25,165.38,154.0,151.25,108.25,22.62,40.5
Asphalt_0cm_S2,2026-04-02T17:01:09.363314,13,25,115,139,151,58,205,189,179,136,31,57,16,31,133,151,161,67,220,199,205,148,33,57,15,27,118,142,153,61,203,191,186,133,30,58,19,36,135,168,181,74,244,228,224,170,42,85,5,13,64,80,84,34,112,107,104,73,13,20,5,12,76,102,95,37,127,120,114,73,10,13,4,13,80,97,98,37,133,122,120,77,11,13,5,9,45,75,65,26,79,76,78,56,11,21,10.25,20.75,95.75,119.25,123.5,49.25,165.38,154.0,151.25,108.25,22.62,40.5
Asphalt_0cm_S2,2026-04-02T17:01:09.427815,13,25,115,139,150,58,205,189,179,135,30,57,16,31,133,151,161,67,220,199,205,148,33,57,15,27,119,142,153,61,203,191,187,133,31,58,19,36,135,168,181,74,244,228,224,170,42,85,5,13,64,80,84,34,112,106,104,73,12,20,5,12,76,102,95,38,127,120,114,73,10,13,4,13,80,97,98,37,133,122,120,77,11,12,5,9,45,75,65,26,79,76,78,56,11,20,10.25,20.75,95.88,119.25,123.38,49.38,165.38,153.88,151.38,108.12,22.5,40.25
Asphalt_0cm_S2,2026-04-02T17:01:09.485844,13,25,115,139,150,58,205,189,179,135,30,57,16,30,132,151,160,67,219,198,204,147,32,56,15,26,118,142,152,61,202,190,185,132,30,57,19,35,135,167,180,74,243,227,223,169,41,84,5,13,64,79,84,34,112,106,103,72,12,19,5,12,76,102,95,38,127,120,114,73,10,13,4,13,80,97,98,37,133,122,120,77,11,12,5,9,45,75,65,26,79,76,78,56,11,20,10.25,20.38,95.62,119.0,123.0,49.38,165.0,153.5,150.75,107.62,22.12,39.75
