label,timestamp,S0_405nm,S0_425nm,S0_450nm,S0_475nm,S0_515nm,S0_550nm,S0_555nm,S0_600nm,S0_640nm,S0_690nm,S0_745nm,S0_855nm,S1_405nm,S1_425nm,S1_450nm,S1_475nm,S1_515nm,S1_550nm,S1_555nm,S1_600nm,S1_640nm,S1_690nm,S1_745nm,S1_855nm,S2_405nm,S2_425nm,S2_450nm,S2_475nm,S2_515nm,S2_550nm,S2_555nm,S2_600nm,S2_640nm,S2_690nm,S2_745nm,S2_855nm,S3_405nm,S3_425nm,S3_450nm,S3_475nm,S3_515nm,S3_550nm,S3_555nm,S3_600nm,S3_640nm,S3_690nm,S3_745nm,S3_855nm,S4_405nm,S4_425nm,S4_450nm,S4_475nm,S4_515nm,S4_550nm,S4_555nm,S4_600nm,S4_640nm,S4_690nm,S4_745nm,S4_855nm,S5_405nm,S5_425nm,S5_450nm,S5_475nm,S5_515nm,S5_550nm,S5_555nm,S5_600nm,S5_640nm,S5_690nm,S5_745nm,S5_855nm,S6_405nm,S6_425nm,S6_450nm,S6_475nm,S6_515nm,S6_550nm,S6_555nm,S6_600nm,S6_640nm,S6_690nm,S6_745nm,S6_855nm,S7_405nm,S7_425nm,S7_450nm,S7_475nm,S7_515nm,S7_550nm,S7_555nm,S7_600nm,S7_640nm,S7_690nm,S7_745nm,S7_855nm,AVG_405nm,AVG_425nm,AVG_450nm,AVG_475nm,AVG_515nm,AVG_550nm,AVG_555nm,AVG_600nm,AVG_640nm,AVG_690nm,AVG_745nm,AVG_855nm
Asphalt_0cm_S8,2026-04-02T20:28:19.436828,2,9,67,83,90,36,126,119,110,70,8,5,2,10,70,82,89,36,126,117,113,74,9,4,3,9,70,83,92,36,126,119,107,68,8,5,2,9,67,78,86,34,123,114,106,68,8,5,1,5,32,44,41,18,55,54,54,32,3,2,2,8,50,57,62,25,86,78,76,47,5,3,2,8,56,74,75,29,101,99,95,59,7,4,2,9,63,71,79,31,113,104,93,62,8,4,2.0,8.38,59.38,71.5,76.75,30.62,107.0,100.5,94.25,60.0,7.0,4.0
Asphalt_0cm_S8,2026-04-02T20:28:19.532802,2,9,67,84,90,36,127,119,110,70,8,5,2,10,70,82,89,36,126,117,113,74,9,4,3,9,70,83,92,36,126,119,107,68,8,5,2,9,67,78,86,34,123,114,106,68,8,5,1,5,32,44,41,18,55,54,54,32,3,2,2,8,50,57,62,25,86,78,76,47,5,3,2,8,56,74,75,29,101,99,95,58,7,4,3,9,62,71,79,31,113,104,93,62,8,4,2.12,8.38,59.25,71.62,76.75,30.62,107.12,100.5,94.25,59.88,7.0,4.0
Asphalt_0cm_S8,2026-04-02T20:28:19.625084,2,9,67,84,90,36,127,119,110,70,8,5,3,9,70,82,89,36,126,117,113,74,9,4,3,9,70,84,92,36,126,119,107,68,8,5,2,9,67,78,86,34,123,114,106,68,8,5,1,5,32,44,41,18,55,54,54,32,3,2,2,8,50,57,62,25,86,78,76,47,5,3,2,8,56,74,75,29,101,99,95,58,7,4,3,9,62,71,79,31,113,104,93,62,8,4,2.25,8.25,59.25,71.75,76.75,30.62,107.12,100.5,94.25,59.88,7.0,4.0
Asphalt_0cm_S8,2026-04-02T20:28:19.720266,3,9,67,84,90,36,126,118,109,71,8,5,3,9,70,82,89,36,126,117,113,74,9,5,3,9,70,84,92,36,126,119,107,68,8,5,2,9,67,78,86,34,123,114,106,68,8,5,1,5,32,44,41,18,55,54,54,32,3,2,2,8,50,57,62,25,86,78,76,47,5,3,2,8,56,74,75,28,101,99,95,58,7,4,2,9,62,71,79,31,113,104,93,61,7,4,2.25,8.25,59.25,71.75,76.75,30.5,107.0,100.38,94.12,59.88,6.88,4.12
Asphalt_0cm_S8,2026-04-02T20:28:19.815459,3,9,67,84,90,36,126,118,109,71,8,5,3,9,70,82,89,36,126,117,113,74,9,5,3,9,70,84,93,36,126,119,107,68,8,5,2,9,68,79,86,34,123,114,106,68,8,5,1,5,32,44,41,18,55,54,54,32,3,2,2,8,50,57,62,25,86,78,76,47,5,3,2,8,56,74,75,28,101,99,95,58,7,4,2,9,62,71,79,31,113,104,93,61,7,4,2.25,8.25,59.38,71.88,76.88,30.5,107.0,100.38,94.12,59.88,6.88,4.12
Asphalt_0cm_S8,2026-04-02T20:28:19.926167,3,9,67,84,90,36,126,118,109,71,8,5,3,9,70,82,89,36,126,117,113,74,9,5,3,9,70,84,93,36,126,119,107,68,8,5,2,9,68,79,86,34,123,114,106,68,8,5,1,5,32,44,41,18,55,54,54,32,3,2,2,8,50,57,62,25,86,78,76,47,5,3,2,8,56,74,75,28,101,99,95,58,7,4,2,9,63,71,79,31,113,104,93,62,8,4,2.25,8.25,59.5,71.88,76.88,30.5,107.0,100.38,94.12,60.0,7.0,4.12
Asphalt_0cm_S8,2026-04-02T20:28:20.045706,2,9,67,84,90,36,126,118,110,71,8,5,2,9,70,82,89,36,125,117,113,74,9,5,3,9,70,83,92,36,126,119,107,68,8,5,2,9,67,79,86,34,123,114,106,68,8,5,1,5,32,44,41,18,55,54,54,32,3,2,2,8,50,57,62,25,86,78,76,47,5,3,2,8,56,74,75,29,101,99,95,58,7,4,2,9,63,71,79,31,113,104,93,62,8,4,2.0,8.25,59.38,71.75,76.75,30.62,106.88,100.38,94.25,60.0,7.0,4.12
Asphalt_0cm_S8,2026-04-02T20:28:20.170467,2,9,67,84,90,35,126,118,110,70,8,5,2,9,70,82,89,36,125,118,113,74,9,4,3,9,70,84,92,36,127,119,107,68,8,5,2,9,67,79,86,34,123,114,106,68,8,5,1,5,32,44,41,18,55,54,54,32,3,2,2,8,51,57,62,25,86,78,76,47,5,3,2,8,56,74,75,29,101,99,95,58,7,4,2,9,63,71,79,31,113,104,93,62,8,4,2.0,8.25,59.5,71.88,76.75,30.5,107.0,100.5,94.25,59.88,7.0,4.0
Asphalt_0cm_S8,2026-04-02T20:28:20.278387,2,9,67,84,90,35,127,118,109,70,8,5,3,9,70,82,89,36,126,117,113,74,9,4,3,9,70,83,92,36,126,119,107,68,8,5,2,9,68,79,86,34,123,114,106,68,8,5,1,5,32,44,41,18,55,54,54,32,3,2,2,8,51,57,62,25,86,78,76,47,5,3,2,8,56,74,75,29,101,99,95,58,7,4,2,9,63,71,79,31,113,104,93,61,7,4,2.12,8.25,59.62,71.75,76.75,30.5,107.12,100.38,94.12,59.75,6.88,4.0
Asphalt_0cm_S8,2026-04-02T20:28:20.371189,3,9,67,83,90,36,127,118,110,71,8,5,3,9,70,82,89,36,126,117,113,74,9,4,3,9,70,83,92,36,126,119,107,68,8,5,2,9,68,79,86,34,123,114,106,68,8,5,1,5,32,44,41,18,55,54,54,32,3,2,2,8,50,57,62,25,86,78,76,47,5,3,2,8,56,74,75,29,101,99,95,58,7,4,2,9,63,71,79,31,113,104,93,61,7,4,2.25,8.25,59.5,71.62,76.75,30.62,107.12,100.38,94.25,59.88,6.88,4.0
Asphalt_0cm_S8,2026-04-02T20:28:20.468912,3,9,67,83,90,36,127,118,110,71,8,5,2,9,70,82,89,36,126,117,113,74,9,5,3,9,70,83,93,36,126,119,107,68,8,5,2,9,67,79,86,34,123,114,106,68,8,5,1,5,32,44,41,18,55,54,54,32,3,2,2,8,50,57,62,25,86,79,76,47,5,3,2,8,56,74,75,29,101,100,95,58,7,4,2,9,63,71,79,31,113,104,93,61,7,4,2.12,8.25,59.38,71.62,76.88,30.62,107.12,100.62,94.25,59.88,6.88,4.12
Asphalt_0cm_S8,2026-04-02T20:28:20.557590,2,9,67,83,90,35,126,118,110,71,8,5,3,9,70,82,89,36,126,117,113,74,9,5,3,9,70,83,93,36,126,119,107,68,8,5,2,9,67,79,86,34,123,114,106,68,8,5,1,5,32,44,41,18,55,54,54,32,3,2,2,8,50,57,62,25,86,79,76,47,5,3,2,8,56,74,75,29,101,100,95,58,7,4,2,9,63,71,79,31,113,104,93,61,7,4,2.12,8.25,59.38,71.62,76.88,30.5,107.0,100.62,94.25,59.88,6.88,4.12
Asphalt_0cm_S8,2026-04-02T20:28:20.659083,2,9,67,83,90,35,126,118,110,71,8,5,3,9,70,82,89,36,126,117,113,74,9,5,3,9,70,83,92,36,126,119,107,68,8,5,2,9,68,78,86,34,123,114,107,68,8,5,1,5,32,44,41,18,55,54,54,32,3,2,2,8,50,57,62,25,86,79,76,47,5,3,2,8,56,74,75,29,101,100,95,58,7,4,2,9,63,71,79,31,113,104,93,61,7,4,2.12,8.25,59.5,71.5,76.75,30.5,107.0,100.62,94.38,59.88,6.88,4.12
Asphalt_0cm_S8,2026-04-02T20:28:20.748186,2,9,67,83,90,35,127,118,110,71,8,5,3,9,70,82,89,36,126,117,113,74,9,4,3,9,70,84,92,36,126,119,107,68,8,5,2,9,68,79,86,34,123,114,106,68,8,5,1,5,32,44,41,18,55,54,54,32,3,2,2,8,50,57,62,25,86,78,76,47,5,3,2,8,56,74,75,29,101,99,95,58,7,4,2,9,63,71,79,31,113,104,93,61,8,4,2.12,8.25,59.5,71.75,76.75,30.5,107.12,100.38,94.25,59.88,7.0,4.0
Asphalt_0cm_S8,2026-04-02T20:28:20.850308,2,9,67,83,90,35,127,118,110,71,8,5,3,9,70,82,89,36,126,117,113,74,9,4,3,9,70,84,92,36,126,119,107,68,8,5,2,9,68,79,86,34,123,114,106,68,8,5,1,5,32,44,41,18,55,54,54,32,3,2,2,8,50,57,62,25,86,79,76,47,5,3,2,8,56,74,75,29,101,99,95,58,7,4,3,9,63,71,79,31,113,104,93,62,8,4,2.25,8.25,59.5,71.75,76.75,30.5,107.12,100.5,94.25,60.0,7.0,4.0
Asphalt_0cm_S8,2026-04-02T20:28:20.942666,2,9,67,83,90,35,127,118,110,71,8,5,3,9,70,82,89,36,126,117,113,74,9,4,3,9,70,84,92,36,126,119,107,68,8,5,2,9,68,79,86,34,123,114,106,68,8,5,1,5,32,44,41,18,55,54,54,32,3,2,2,8,50,57,62,25,86,79,76,47,5,3,2,8,56,74,75,29,101,99,95,58,7,4,3,9,63,71,79,31,113,104,93,62,8,4,2.25,8.25,59.5,71.75,76.75,30.5,107.12,100.5,94.25,60.0,7.0,4.0
Asphalt_0cm_S8,2026-04-02T20:28:21.046349,2,9,67,83,90,35,126,118,110,71,8,5,3,9,70,82,89,36,126,117,113,74,9,4,3,9,70,83,92,36,126,119,107,68,8,5,2,9,68,79,86,34,123,114,106,68,8,5,1,5,32,44,41,18,55,54,54,32,3,2,2,8,50,57,62,25,86,79,76,47,5,3,2,8,56,74,75,29,101,99,95,58,7,4,3,9,63,71,79,31,113,104,93,62,8,4,2.25,8.25,59.5,71.62,76.75,30.5,107.0,100.5,94.25,60.0,7.0,4.0
Asphalt_0cm_S8,2026-04-02T20:28:21.151150,2,9,67,83,90,35,126,118,110,71,8,5,3,9,70,82,89,36,126,117,113,74,9,4,3,9,70,83,92,36,126,119,107,68,8,5,2,9,68,79,86,34,123,114,106,68,8,5,1,5,32,44,41,18,55,54,54,32,3,2,2,8,50,57,62,25,86,79,76,47,5,3,2,8,56,74,75,29,101,99,95,58,7,4,3,9,63,71,79,31,113,104,93,62,8,4,2.25,8.25,59.5,71.62,76.75,30.5,107.0,100.5,94.25,60.0,7.0,4.0
Asphalt_0cm_S8,2026-04-02T20:28:21.240004,2,9,67,83,90,35,126,118,110,71,8,5,3,9,70,82,89,36,126,117,113,74,9,4,2,9,70,84,92,36,126,119,107,68,8,5,2,9,68,79,86,34,123,114,107,69,8,5,1,5,32,44,41,18,55,54,54,32,3,2,2,8,50,57,62,25,86,79,76,47,5,3,2,7,56,75,75,29,101,99,95,58,7,4,3,9,63,71,79,31,113,104,93,62,8,4,2.12,8.12,59.5,71.88,76.75,30.5,107.0,100.5,94.38,60.12,7.0,4.0
Asphalt_0cm_S8,2026-04-02T20:28:21.341894,2,9,67,83,90,35,126,118,110,71,8,5,3,9,70,82,89,36,126,117,113,74,9,4,2,9,70,84,92,36,126,119,107,68,8,5,2,9,68,79,86,34,123,114,107,69,8,5,1,5,32,44,42,18,55,54,54,32,3,2,2,8,50,57,62,25,86,79,76,47,5,3,2,8,56,74,75,29,102,99,95,59,7,4,2,9,63,71,79,31,113,104,93,61,7,4,2.0,8.25,59.5,71.75,76.88,30.5,107.12,100.5,94.38,60.12,6.88,4.0
Asphalt_0cm_S8,2026-04-02T20:28:21.434223,2,9,67,83,90,35,126,118,110,71,8,5,3,9,70,82,89,36,126,117,113,74,9,4,2,9,70,84,92,36,126,119,107,68,8,5,2,9,68,79,86,34,123,114,107,69,8,5,1,5,32,44,42,18,55,54,54,32,3,2,2,8,50,57,62,25,86,79,76,47,5,3,2,8,56,74,75,29,102,99,95,59,7,4,2,9,63,71,79,31,113,104,93,61,7,4,2.0,8.25,59.5,71.75,76.88,30.5,107.12,100.5,94.38,60.12,6.88,4.0
Asphalt_0cm_S8,2026-04-02T20:28:21.536806,2,9,67,83,90,35,126,118,110,71,8,5,3,9,70,82,89,36,126,117,113,74,9,4,2,9,70,84,92,36,126,119,107,68,8,5,2,9,68,79,86,34,123,114,107,69,8,5,1,5,32,44,42,18,55,54,54,32,3,2,2,8,50,57,62,25,86,79,76,47,5,3,2,8,56,74,75,29,102,99,95,59,7,4,2,9,63,71,79,31,113,104,93,61,7,4,2.0,8.25,59.5,71.75,76.88,30.5,107.12,100.5,94.38,60.12,6.88,4.0
Asphalt_0cm_S8,2026-04-02T20:28:21.621313,2,9,67,83,90,35,126,118,110,71,8,5,3,9,70,82,89,36,126,117,113,74,9,4,2,9,70,84,93,36,126,119,107,68,8,5,2,9,68,79,86,34,123,114,106,68,8,4,1,5,32,44,42,18,55,54,54,32,3,2,2,8,50,57,62,25,86,79,76,47,5,3,2,8,56,74,75,29,102,99,95,59,7,4,2,9,63,71,79,31,113,104,93,61,7,4,2.0,8.25,59.5,71.75,77.0,30.5,107.12,100.5,94.25,60.0,6.88,3.88
Asphalt_0cm_S8,2026-04-02T20:28:21.726484,2,9,67,84,90,36,126,118,110,71,8,5,3,9,70,82,89,36,126,117,113,74,9,5,3,9,70,84,93,36,127,119,107,68,8,5,2,9,68,79,86,34,123,114,107,69,8,5,1,5,32,44,42,18,55,54,54,32,3,2,2,8,51,57,62,25,86,79,76,47,5,3,2,8,56,75,75,29,101,99,95,59,7,4,2,9,63,71,79,31,113,104,93,61,7,4,2.12,8.25,59.62,72.0,77.0,30.62,107.12,100.5,94.38,60.12,6.88,4.12
Asphalt_0cm_S8,2026-04-02T20:28:21.814466,2,9,67,84,90,36,126,118,110,71,8,5,3,9,70,82,89,36,126,117,113,74,9,5,3,9,70,84,93,36,127,119,107,68,8,5,2,9,68,79,86,34,123,114,106,68,8,5,1,5,32,44,41,18,55,54,54,32,3,2,2,8,50,57,62,25,86,79,76,47,5,3,2,8,56,75,75,29,101,99,95,58,7,4,2,9,63,71,79,31,113,104,92,62,8,4,2.12,8.25,59.5,72.0,76.88,30.62,107.12,100.5,94.12,60.0,7.0,4.12
Asphalt_0cm_S8,2026-04-02T20:28:21.903766,2,9,67,84,90,35,127,118,110,71,8,5,3,9,70,82,89,36,125,117,113,74,9,4,3,9,70,83,93,36,126,119,107,68,8,5,2,9,68,79,86,34,123,114,106,68,8,5,1,5,32,44,41,18,55,54,54,32,3,2,2,8,50,57,62,25,86,79,76,47,5,3,2,8,56,75,75,29,101,99,95,58,7,4,2,9,63,71,79,31,113,104,92,62,8,4,2.12,8.25,59.5,71.88,76.88,30.5,107.0,100.5,94.12,60.0,7.0,4.0
Asphalt_0cm_S8,2026-04-02T20:28:21.994669,2,9,67,84,90,35,127,118,110,71,8,5,3,9,70,82,89,36,125,117,113,74,9,4,3,9,70,83,93,36,126,119,107,68,8,5,2,9,68,79,86,34,123,114,106,68,8,5,1,5,32,44,41,18,55,54,54,32,3,2,2,8,51,57,62,25,86,79,76,47,5,4,2,8,56,75,75,29,101,99,95,58,7,4,2,9,63,71,79,31,113,104,92,62,8,4,2.12,8.25,59.62,71.88,76.88,30.5,107.0,100.5,94.12,60.0,7.0,4.12
Asphalt_0cm_S8,2026-04-02T20:28:22.094833,2,9,67,84,90,35,127,118,110,71,8,5,3,9,70,82,89,36,125,117,113,74,9,4,3,9,70,83,93,36,126,119,107,68,8,5,2,9,68,79,86,34,123,114,106,68,8,5,1,5,32,44,41,18,55,54,54,32,3,2,2,8,51,57,62,25,86,79,76,47,5,4,2,8,56,75,75,29,101,99,95,58,7,4,2,9,63,71,79,31,113,104,92,62,8,4,2.12,8.25,59.62,71.88,76.88,30.5,107.0,100.5,94.12,60.0,7.0,4.12
Asphalt_0cm_S8,2026-04-02T20:28:22.177711,2,9,67,84,90,35,127,118,110,71,8,5,3,9,70,82,89,36,125,117,113,74,9,4,3,9,70,83,93,36,126,119,107,68,8,5,2,9,68,79,86,34,123,114,106,68,8,5,1,5,32,44,41,18,55,54,54,32,3,2,2,8,51,57,62,25,86,79,76,47,5,4,2,8,56,75,75,29,101,99,95,58,7,4,2,9,63,71,79,31,113,104,92,62,8,4,2.12,8.25,59.62,71.88,76.88,30.5,107.0,100.5,94.12,60.0,7.0,4.12
Asphalt_0cm_S8,2026-04-02T20:28:22.281721,2,9,67,84,90,36,126,118,109,70,8,5,2,9,70,82,89,36,125,117,113,74,9,4,3,9,70,84,93,36,126,119,107,68,9,5,2,9,67,79,87,34,123,114,107,69,8,5,1,5,33,44,40,18,55,54,54,32,3,2,2,8,51,57,62,25,86,79,76,47,5,3,2,8,56,75,75,29,101,99,95,58,7,4,2,9,63,71,79,31,113,104,92,62,8,4,2.0,8.25,59.62,72.0,76.88,30.62,106.88,100.5,94.12,60.0,7.12,4.0
Asphalt_0cm_S8,2026-04-02T20:28:22.375094,2,9,67,84,90,36,126,118,110,71,8,5,2,9,70,82,89,36,125,117,113,74,9,4,3,9,70,84,93,36,126,119,107,68,9,5,2,9,67,79,87,34,123,114,107,69,8,5,1,5,33,44,40,18,55,54,54,32,3,2,2,8,51,57,62,25,86,79,76,47,5,3,2,8,56,75,75,29,101,99,95,58,7,4,2,9,63,71,79,31,113,104,93,61,8,4,2.0,8.25,59.62,72.0,76.88,30.62,106.88,100.5,94.38,60.0,7.12,4.0
Asphalt_0cm_S8,2026-04-02T20:28:22.467460,2,9,67,84,90,36,126,118,110,71,8,5,3,9,70,82,89,36,125,117,113,74,9,5,2,9,70,83,92,36,126,118,107,68,8,4,2,9,67,79,87,34,123,114,107,69,8,5,1,5,33,44,40,18,55,54,54,32,3,2,2,8,51,57,62,25,86,79,76,47,5,3,2,8,56,75,75,29,101,99,95,58,7,4,2,9,63,71,79,31,113,104,93,61,8,4,2.0,8.25,59.62,71.88,76.75,30.62,106.88,100.38,94.38,60.0,7.0,4.0
Asphalt_0cm_S8,2026-04-02T20:28:22.553963,2,9,67,84,90,36,126,118,110,71,8,5,3,9,70,82,89,36,125,117,113,74,9,5,2,9,70,83,92,36,126,118,107,68,8,4,2,9,67,79,87,34,123,114,107,69,8,5,1,5,33,44,40,18,55,54,54,32,3,2,2,8,51,57,62,25,86,79,76,47,5,3,2,8,56,75,75,29,101,99,95,58,7,4,2,9,63,71,79,31,113,104,93,61,8,4,2.0,8.25,59.62,71.88,76.75,30.62,106.88,100.38,94.38,60.0,7.0,4.0
Asphalt_0cm_S8,2026-04-02T20:28:22.661930,2,9,67,84,90,36,126,118,110,71,8,5,3,9,70,82,89,36,125,117,113,74,9,5,2,9,70,83,92,36,126,118,107,68,8,4,2,9,68,79,87,34,123,114,107,68,8,5,1,5,32,44,42,18,55,54,54,32,3,2,2,8,50,57,62,25,86,79,76,47,5,3,2,8,56,75,75,29,101,99,95,58,7,4,2,9,63,71,79,31,113,104,93,62,8,4,2.0,8.25,59.5,71.88,77.0,30.62,106.88,100.38,94.38,60.0,7.0,4.0
Asphalt_0cm_S8,2026-04-02T20:28:22.753371,3,9,67,83,90,36,127,118,110,71,8,5,3,9,70,82,89,36,125,117,113,74,9,4,3,9,70,83,92,36,126,119,107,68,8,5,2,9,68,79,87,34,124,114,107,69,8,5,1,5,32,44,42,18,55,54,54,32,3,2,2,8,50,57,62,25,86,79,76,47,5,3,2,8,56,75,75,29,101,99,95,58,7,4,2,9,63,71,79,31,113,104,93,62,8,4,2.25,8.25,59.5,71.75,77.0,30.62,107.12,100.5,94.38,60.12,7.0,4.0
Asphalt_0cm_S8,2026-04-02T20:28:22.846503,2,9,67,84,91,36,126,118,110,71,8,5,3,9,70,82,89,36,125,117,113,74,9,4,3,9,70,83,92,36,126,119,107,68,8,5,2,9,68,79,87,34,124,114,107,69,8,5,1,5,33,45,42,18,55,54,55,32,3,2,2,8,50,57,62,25,86,79,76,47,5,4,2,8,56,75,75,29,102,100,95,59,7,4,3,9,63,71,79,31,113,104,93,62,8,4,2.25,8.25,59.62,72.0,77.12,30.62,107.12,100.62,94.5,60.25,7.0,4.12
Asphalt_0cm_S8,2026-04-02T20:28:22.938109,2,9,67,84,91,36,126,118,110,71,8,5,3,9,70,82,89,36,126,117,113,74,9,5,3,9,70,83,92,36,126,119,107,68,8,5,2,9,68,79,87,34,124,114,107,69,8,4,1,5,33,45,42,18,55,54,55,32,3,2,2,8,50,57,62,25,86,79,76,47,5,4,2,8,56,75,75,29,102,100,95,59,7,4,3,9,63,71,79,31,113,104,93,62,8,4,2.25,8.25,59.62,72.0,77.12,30.62,107.25,100.62,94.5,60.25,7.0,4.12
Asphalt_0cm_S8,2026-04-02T20:28:23.039465,2,9,67,84,91,36,126,118,110,71,8,5,3,9,70,82,89,36,126,117,113,74,9,5,3,9,70,83,92,36,126,119,107,68,8,5,2,9,68,79,87,34,124,114,107,69,8,4,1,5,32,45,42,18,55,54,54,32,3,2,2,8,51,57,62,25,86,79,76,47,5,3,2,8,56,75,75,29,102,100,95,59,7,4,2,9,63,71,79,31,113,104,93,62,8,4,2.12,8.25,59.62,72.0,77.12,30.62,107.25,100.62,94.38,60.25,7.0,4.0
Asphalt_0cm_S8,2026-04-02T20:28:23.132039,2,9,67,84,91,36,126,118,110,71,8,5,3,9,70,82,89,36,126,117,113,74,9,5,3,9,70,83,92,36,126,119,107,68,8,5,2,9,68,79,87,34,124,114,107,69,8,4,1,5,32,45,42,18,55,54,54,32,3,2,2,8,51,57,62,25,86,79,76,47,5,3,2,8,56,75,75,29,102,100,95,59,7,4,2,9,63,71,79,31,113,104,93,62,8,4,2.12,8.25,59.62,72.0,77.12,30.62,107.25,100.62,94.38,60.25,7.0,4.0
Asphalt_0cm_S8,2026-04-02T20:28:23.216710,2,9,67,84,90,36,127,119,110,71,8,5,2,9,70,82,89,36,126,117,113,74,9,5,3,9,70,83,93,36,126,119,107,68,8,5,2,9,68,79,87,34,123,114,107,69,8,5,1,5,33,44,42,18,55,54,54,32,3,2,2,8,50,57,62,25,86,79,76,47,5,3,2,8,56,75,75,29,102,100,95,59,7,4,2,9,63,71,79,31,113,104,93,62,7,4,2.0,8.25,59.62,71.88,77.12,30.62,107.25,100.75,94.38,60.25,6.88,4.12
Asphalt_0cm_S8,2026-04-02T20:28:23.303737,2,9,67,84,90,36,127,119,110,71,8,5,2,9,70,82,89,36,126,117,113,74,9,5,3,9,70,83,91,36,126,118,107,68,8,5,2,9,68,79,87,34,124,114,107,69,8,5,1,5,33,44,42,18,55,54,54,32,3,2,2,8,51,57,62,25,86,79,76,48,5,4,2,8,56,75,75,29,102,99,95,59,7,4,2,9,63,71,79,31,113,104,93,62,7,4,2.0,8.25,59.75,71.88,76.88,30.62,107.38,100.5,94.38,60.38,6.88,4.25
Asphalt_0cm_S8,2026-04-02T20:28:23.403930,2,9,67,84,90,36,127,118,110,70,8,5,2,9,70,82,89,36,126,117,113,74,9,4,3,9,70,83,92,36,126,119,107,68,8,5,2,9,68,79,87,34,124,114,107,69,8,5,1,5,33,44,42,18,55,54,54,32,3,2,2,8,51,57,62,25,86,79,76,48,5,4,2,8,56,75,75,29,102,99,95,59,7,4,2,9,63,71,79,31,113,104,93,62,8,4,2.0,8.25,59.75,71.88,77.0,30.62,107.38,100.5,94.38,60.25,7.0,4.12
Asphalt_0cm_S8,2026-04-02T20:28:23.494499,2,9,67,84,90,36,127,118,110,70,8,5,2,9,70,82,89,36,126,117,113,74,9,4,3,9,70,83,92,36,126,119,107,68,8,5,2,9,68,79,87,34,123,114,107,69,8,5,1,5,33,44,42,18,56,54,54,32,3,2,2,8,51,57,63,25,86,79,76,48,5,4,2,8,56,75,75,29,102,100,95,59,7,4,2,9,63,71,79,31,113,104,93,62,8,4,2.0,8.25,59.75,71.88,77.12,30.62,107.38,100.62,94.38,60.25,7.0,4.12
Asphalt_0cm_S8,2026-04-02T20:28:23.594420,2,9,67,84,90,36,127,118,110,70,8,5,2,9,70,82,89,36,126,117,113,74,9,4,3,9,70,83,92,36,126,119,107,68,8,5,2,9,68,79,87,34,123,114,107,69,8,5,1,5,33,44,42,18,56,54,54,32,3,2,2,8,51,57,63,25,86,79,76,48,5,4,2,8,56,75,75,29,102,100,95,59,7,4,2,9,63,71,79,31,113,104,93,62,8,4,2.0,8.25,59.75,71.88,77.12,30.62,107.38,100.62,94.38,60.25,7.0,4.12
Asphalt_0cm_S8,2026-04-02T20:28:23.678087,2,9,67,84,90,35,127,118,110,69,8,5,2,9,70,82,89,36,126,117,113,74,9,4,3,9,70,83,92,36,126,119,107,68,8,5,2,9,68,79,87,34,123,114,107,69,8,5,1,5,33,44,42,18,56,54,54,32,3,2,2,8,51,57,63,25,86,79,76,48,5,4,2,8,56,75,75,29,102,100,95,59,7,4,2,9,63,71,79,31,113,104,93,62,8,4,2.0,8.25,59.75,71.88,77.12,30.5,107.38,100.62,94.38,60.12,7.0,4.12
Asphalt_0cm_S8,2026-04-02T20:28:23.785868,3,9,67,83,90,36,126,118,110,71,8,5,3,10,70,82,89,36,126,117,113,74,9,5,3,9,70,84,93,36,126,119,107,68,8,5,2,9,68,79,87,34,123,114,107,69,8,5,1,5,33,45,42,18,55,54,54,32,3,2,2,8,51,57,63,25,86,79,76,47,5,4,2,8,56,75,75,29,102,100,96,59,7,4,2,9,63,71,79,31,113,104,93,62,8,4,2.25,8.38,59.75,72.0,77.25,30.62,107.12,100.62,94.5,60.25,7.0,4.25
Asphalt_0cm_S8,2026-04-02T20:28:23.912962,2,9,67,84,91,36,127,119,110,71,8,5,3,10,70,82,89,36,126,117,113,74,9,5,3,9,70,84,93,36,126,119,107,68,8,5,2,9,68,79,87,34,123,114,107,69,8,5,1,5,33,45,42,18,55,54,54,32,3,2,2,8,51,57,63,25,86,79,76,47,5,4,2,8,56,75,75,29,102,100,96,59,7,4,2,9,63,71,79,31,113,104,93,62,8,4,2.12,8.38,59.75,72.12,77.38,30.62,107.25,100.75,94.5,60.25,7.0,4.25
Asphalt_0cm_S8,2026-04-02T20:28:24.003178,2,9,67,84,91,36,127,119,110,71,8,5,3,9,70,82,89,36,126,117,113,74,9,4,3,9,70,83,92,36,126,119,107,68,8,5,2,9,68,79,86,34,124,115,107,69,8,5,1,5,32,45,42,17,56,54,55,32,3,2,2,8,51,57,63,25,86,79,76,48,5,3,2,8,56,75,75,29,102,100,96,59,7,4,3,9,63,71,79,31,113,104,93,62,8,4,2.25,8.25,59.62,72.0,77.12,30.5,107.5,100.88,94.62,60.38,7.0,4.0
Asphalt_0cm_S8,2026-04-02T20:28:24.110096,3,9,67,83,90,36,126,118,110,70,8,5,3,9,70,82,89,36,126,117,113,74,9,4,3,9,70,83,92,36,126,119,107,68,8,5,2,9,68,79,86,34,124,115,107,69,8,5,1,5,32,45,42,17,56,54,55,32,3,2,2,8,51,57,63,25,86,79,76,48,5,3,2,8,56,75,75,29,102,100,96,59,7,4,3,9,63,71,79,31,113,104,93,62,8,4,2.38,8.25,59.62,71.88,77.0,30.5,107.38,100.75,94.62,60.25,7.0,4.0
Asphalt_0cm_S8,2026-04-02T20:28:24.216774,3,9,67,83,90,36,126,118,110,70,8,5,3,10,70,82,89,36,125,118,113,74,9,4,2,9,70,84,92,36,126,118,107,68,8,5,2,9,68,79,87,34,123,114,107,69,8,5,1,5,33,45,42,18,56,55,55,32,3,2,2,8,51,57,63,25,87,79,76,47,5,3,2,8,56,75,75,29,102,100,96,59,7,4,3,9,63,71,79,31,113,104,93,62,8,4,2.25,8.38,59.75,72.0,77.12,30.62,107.25,100.75,94.62,60.12,7.0,4.0
Asphalt_0cm_S8,2026-04-02T20:28:24.303569,2,9,67,84,90,36,127,119,110,71,8,5,2,9,70,82,89,36,126,117,113,74,9,5,3,9,70,83,92,36,126,119,107,68,8,5,2,9,68,79,87,34,124,114,107,68,8,5,1,5,33,45,42,18,56,55,55,32,3,2,2,8,51,58,63,25,87,79,76,48,5,3,2,8,56,75,75,29,102,100,96,59,7,4,2,9,63,71,79,31,113,104,93,62,8,4,2.0,8.25,59.75,72.12,77.12,30.62,107.62,100.88,94.62,60.25,7.0,4.12
Asphalt_0cm_S8,2026-04-02T20:28:24.403684,2,9,67,83,90,36,126,118,110,71,8,5,3,9,70,82,89,36,125,117,113,74,9,4,2,9,70,83,93,36,126,119,107,68,8,5,2,9,68,79,87,34,124,115,107,69,8,5,1,5,33,45,42,18,56,55,55,32,3,2,2,8,51,58,63,25,87,79,76,48,5,3,2,8,56,75,75,29,102,100,96,59,7,4,2,9,63,71,79,31,113,104,93,62,8,4,2.0,8.25,59.75,72.0,77.25,30.62,107.38,100.88,94.62,60.38,7.0,4.0
Asphalt_0cm_S8,2026-04-02T20:28:24.493360,2,9,67,83,90,36,126,118,110,71,8,5,3,9,70,82,89,36,125,117,113,74,9,4,2,9,70,83,93,36,126,119,107,68,8,5,2,9,68,79,87,34,124,115,107,69,8,5,1,5,33,45,42,18,56,55,55,32,3,2,2,8,51,57,63,25,87,79,76,48,5,3,2,8,56,75,75,29,102,100,96,59,7,4,2,9,63,71,79,31,113,104,93,62,7,4,2.0,8.25,59.75,71.88,77.25,30.62,107.38,100.88,94.62,60.38,6.88,4.0
Asphalt_0cm_S8,2026-04-02T20:28:24.594714,2,9,67,84,90,35,127,119,110,71,8,5,3,9,70,82,89,36,125,117,113,74,9,4,2,9,70,83,93,36,126,119,107,68,8,5,2,9,68,79,87,34,124,115,107,69,8,5,1,5,33,45,42,18,56,55,55,32,3,2,2,8,51,57,63,25,87,79,76,48,5,3,2,8,56,75,75,29,102,100,96,59,7,4,2,9,63,71,79,31,113,104,93,62,7,4,2.0,8.25,59.75,72.0,77.25,30.5,107.5,101.0,94.62,60.38,6.88,4.0
Asphalt_0cm_S8,2026-04-02T20:28:24.687009,2,9,67,84,90,35,127,119,110,71,8,5,2,9,70,82,89,36,126,117,113,74,9,5,3,9,70,84,93,36,126,119,107,68,8,5,2,9,68,79,87,34,124,115,107,69,8,5,1,5,33,45,42,18,56,55,55,32,3,2,2,8,51,57,63,25,87,79,76,48,5,3,2,8,56,75,75,29,102,100,96,59,7,4,2,9,63,71,79,31,113,104,93,62,8,4,2.0,8.25,59.75,72.12,77.25,30.5,107.62,101.0,94.62,60.38,7.0,4.12
Asphalt_0cm_S8,2026-04-02T20:28:24.781183,2,9,67,83,90,36,126,118,110,71,8,5,3,9,70,82,89,36,126,117,113,74,9,5,3,9,70,83,92,36,126,119,107,68,8,5,2,9,68,79,87,34,124,115,107,69,8,5,1,5,33,45,42,18,56,54,55,33,3,2,2,8,51,57,63,25,87,79,77,48,5,3,2,8,56,75,75,29,102,100,96,59,7,4,2,9,63,71,79,31,113,104,93,62,8,4,2.12,8.25,59.75,71.88,77.12,30.62,107.5,100.75,94.75,60.5,7.0,4.12
Asphalt_0cm_S8,2026-04-02T20:28:24.872968,2,9,67,83,90,36,127,118,110,70,8,5,3,9,70,82,89,36,126,117,113,74,9,5,3,9,70,83,92,36,126,119,107,68,8,5,2,9,68,79,87,34,124,115,107,69,8,5,1,5,33,45,42,18,56,54,55,33,3,2,2,8,51,57,63,25,87,79,77,48,5,3,2,8,56,75,75,29,102,100,96,59,7,4,2,9,63,71,79,31,113,104,93,62,8,4,2.12,8.25,59.75,71.88,77.12,30.62,107.62,100.75,94.75,60.38,7.0,4.12
Asphalt_0cm_S8,2026-04-02T20:28:24.995033,2,9,67,83,90,36,127,118,110,70,8,5,3,9,70,82,89,36,126,117,113,74,9,4,3,9,70,84,92,36,126,119,107,68,8,5,2,9,67,79,87,34,124,115,107,69,8,5,1,5,33,45,42,18,56,55,55,32,3,2,2,8,51,57,63,25,87,79,76,48,5,4,2,8,56,75,75,29,102,100,96,59,7,4,2,9,63,71,79,31,113,104,93,62,8,4,2.12,8.25,59.62,72.0,77.12,30.62,107.62,100.88,94.62,60.25,7.0,4.12
Asphalt_0cm_S8,2026-04-02T20:28:25.101095,2,9,67,84,90,36,127,119,110,71,8,5,3,9,70,82,89,36,125,117,113,74,9,4,3,9,70,84,92,36,126,119,107,68,8,5,2,9,67,79,87,34,124,115,107,69,8,5,1,5,33,45,42,18,56,55,55,32,3,2,2,8,51,57,63,25,87,79,76,48,5,4,2,8,56,75,75,29,102,100,96,59,7,4,2,9,63,71,79,31,113,104,93,62,8,4,2.12,8.25,59.62,72.12,77.12,30.62,107.5,101.0,94.62,60.38,7.0,4.12
Asphalt_0cm_S8,2026-04-02T20:28:25.188007,2,9,67,84,90,36,127,119,110,71,8,5,3,9,70,82,89,36,125,117,113,74,9,4,3,9,70,84,92,36,126,119,107,68,8,5,2,9,67,79,87,34,124,115,107,69,8,5,1,5,33,45,42,18,56,55,55,32,3,2,2,8,51,57,63,25,87,79,76,48,5,4,2,8,56,75,75,29,102,100,96,59,7,4,2,9,63,71,79,31,113,104,93,62,8,4,2.12,8.25,59.62,72.12,77.12,30.62,107.5,101.0,94.62,60.38,7.0,4.12
Asphalt_0cm_S8,2026-04-02T20:28:25.287183,2,9,67,83,91,36,127,119,110,71,8,5,2,9,70,82,89,36,126,117,113,74,9,4,3,9,70,84,93,36,126,119,107,67,8,5,2,9,68,79,87,34,124,115,107,69,8,5,1,5,33,45,42,18,56,55,55,33,4,2,2,8,51,58,63,25,87,79,77,48,5,3,2,8,56,75,75,29,102,100,96,59,7,4,2,9,63,71,79,31,113,104,93,62,8,4,2.0,8.25,59.75,72.12,77.38,30.62,107.62,101.0,94.75,60.38,7.12,4.0
Asphalt_0cm_S8,2026-04-02T20:28:25.378051,2,9,67,84,90,36,127,119,110,71,8,5,2,9,70,82,89,36,126,117,113,74,9,4,3,9,70,84,93,36,126,119,107,67,8,5,2,9,68,79,87,34,124,115,107,69,8,5,1,5,33,45,42,18,56,55,55,33,4,2,2,8,51,58,63,25,87,79,77,48,5,3,2,8,56,75,76,29,102,100,96,59,7,4,3,9,63,71,79,31,113,104,93,62,8,4,2.12,8.25,59.75,72.25,77.38,30.62,107.62,101.0,94.75,60.38,7.12,4.0
Asphalt_0cm_S8,2026-04-02T20:28:25.467222,2,9,67,84,90,36,127,119,110,71,8,5,2,9,70,82,89,36,125,117,113,74,9,5,3,9,70,83,93,36,126,119,107,68,8,5,2,9,68,79,87,34,124,115,107,69,8,5,1,5,33,45,42,18,56,55,55,33,3,2,2,8,51,58,63,25,87,79,76,48,5,3,2,8,56,75,75,29,102,100,96,59,7,4,3,9,63,71,79,31,113,104,93,62,8,4,2.12,8.25,59.75,72.12,77.25,30.62,107.5,101.0,94.62,60.5,7.0,4.12
Asphalt_0cm_S8,2026-04-02T20:28:25.560164,2,9,67,84,90,36,127,119,110,71,8,5,2,9,70,82,89,36,125,117,113,74,9,5,3,9,70,83,93,36,126,119,107,68,8,5,2,9,68,79,87,34,124,115,107,69,8,5,1,5,33,45,42,18,56,55,55,33,3,2,2,8,51,58,63,25,87,79,76,48,5,3,2,8,56,75,75,29,102,100,96,59,7,4,3,9,63,71,79,31,113,104,93,62,8,4,2.12,8.25,59.75,72.12,77.25,30.62,107.5,101.0,94.62,60.5,7.0,4.12
Asphalt_0cm_S8,2026-04-02T20:28:25.658297,2,9,67,84,90,36,127,119,110,71,8,5,2,9,70,82,89,36,125,117,113,74,9,5,3,9,70,83,93,36,126,119,107,68,8,5,2,9,68,79,87,34,124,115,107,69,8,5,1,5,33,45,42,18,56,55,55,33,3,2,2,8,51,58,63,25,87,79,76,48,5,3,2,8,56,75,75,29,102,100,96,59,7,4,3,9,63,71,79,31,113,104,93,62,8,4,2.12,8.25,59.75,72.12,77.25,30.62,107.5,101.0,94.62,60.5,7.0,4.12
Asphalt_0cm_S8,2026-04-02T20:28:25.745631,3,9,68,84,90,36,127,119,110,71,8,5,3,9,70,82,89,36,125,117,113,74,9,4,3,9,70,84,92,36,126,119,107,67,8,5,2,9,68,79,87,34,124,115,107,69,8,5,1,5,33,45,42,18,56,55,55,33,3,2,2,8,51,58,63,25,87,79,76,48,5,3,2,8,56,75,75,29,102,100,96,59,7,4,3,9,63,71,79,31,113,104,93,62,8,4,2.38,8.25,59.88,72.25,77.12,30.62,107.5,101.0,94.62,60.38,7.0,4.0
Asphalt_0cm_S8,2026-04-02T20:28:25.843125,3,9,68,84,90,36,127,119,110,71,8,5,3,9,70,82,89,36,125,117,113,74,9,4,3,9,70,84,92,36,126,119,107,67,8,5,2,9,68,79,87,34,124,115,107,69,8,5,1,5,33,45,42,18,56,55,55,32,3,2,2,8,51,58,63,25,87,79,77,48,5,3,2,8,56,75,76,29,102,100,96,59,7,4,2,9,63,71,79,31,113,104,93,62,8,4,2.25,8.25,59.88,72.25,77.25,30.62,107.5,101.0,94.75,60.25,7.0,4.0
Asphalt_0cm_S8,2026-04-02T20:28:25.929497,3,9,67,84,91,36,127,119,110,71,8,5,3,9,70,82,89,36,125,117,113,74,9,4,3,9,70,84,92,36,126,119,107,67,8,5,2,9,68,79,87,34,124,115,107,69,8,5,1,5,33,45,42,18,56,55,55,32,3,2,2,8,51,58,63,25,87,79,77,48,5,3,2,8,56,75,76,29,102,100,96,59,7,4,2,9,63,71,79,31,113,104,93,62,8,4,2.25,8.25,59.75,72.25,77.38,30.62,107.5,101.0,94.75,60.25,7.0,4.0
Asphalt_0cm_S8,2026-04-02T20:28:26.041439,2,9,67,84,91,36,127,119,110,71,8,5,2,9,70,82,89,36,126,118,113,74,9,4,2,9,70,83,93,36,126,119,107,67,8,5,2,9,68,79,87,34,124,115,107,69,8,5,1,5,33,45,42,18,56,55,55,33,3,2,2,8,51,58,63,25,87,79,77,48,5,4,2,8,56,75,75,29,102,100,96,59,7,4,3,9,63,71,79,31,113,104,93,62,8,4,2.0,8.25,59.75,72.12,77.38,30.62,107.62,101.12,94.75,60.38,7.0,4.12
Asphalt_0cm_S8,2026-04-02T20:28:26.131421,2,9,67,84,91,36,127,119,110,71,8,5,2,9,70,82,89,36,126,118,113,74,9,5,3,9,70,83,93,36,126,119,107,68,8,5,2,9,68,79,87,34,124,115,107,69,8,5,1,5,33,45,42,18,56,55,55,33,3,2,2,8,51,58,63,25,87,79,77,48,5,4,2,8,56,75,75,29,102,100,96,59,7,4,3,9,63,71,79,31,113,104,93,62,8,4,2.12,8.25,59.75,72.12,77.38,30.62,107.62,101.12,94.75,60.5,7.0,4.25
Asphalt_0cm_S8,2026-04-02T20:28:26.225019,2,9,67,84,91,36,127,119,110,71,8,5,2,9,70,82,89,36,126,118,113,74,9,5,3,9,70,83,93,36,126,119,107,68,8,5,2,9,68,79,87,34,124,115,107,69,8,5,1,5,33,45,42,18,56,55,55,33,3,2,2,8,51,58,63,25,87,79,77,48,5,4,2,8,56,75,75,29,102,100,96,59,7,4,3,9,63,71,79,31,113,104,93,62,8,4,2.12,8.25,59.75,72.12,77.38,30.62,107.62,101.12,94.75,60.5,7.0,4.25
Asphalt_0cm_S8,2026-04-02T20:28:26.309396,2,9,67,84,91,36,127,118,110,71,8,5,2,9,70,82,89,36,125,117,113,74,9,4,3,9,70,83,93,36,126,119,107,68,8,5,2,9,68,79,87,34,124,115,107,69,8,5,1,5,33,45,42,18,56,55,55,33,3,2,2,8,51,58,63,25,87,79,77,48,5,3,2,8,56,75,76,29,102,100,96,59,7,4,2,9,63,71,79,31,113,105,93,62,8,4,2.0,8.25,59.75,72.12,77.5,30.62,107.5,101.0,94.75,60.5,7.0,4.0
Asphalt_0cm_S8,2026-04-02T20:28:26.400736,2,9,67,84,91,36,127,119,110,71,8,5,3,9,70,82,89,36,125,118,114,74,9,4,3,9,70,83,93,36,126,119,107,68,8,5,2,9,68,79,87,34,124,115,107,69,8,5,1,5,33,45,42,18,56,55,55,33,3,2,2,8,51,58,63,25,87,79,77,48,5,3,2,8,56,75,76,29,102,100,96,59,7,4,3,9,63,71,79,31,114,104,93,62,8,4,2.25,8.25,59.75,72.12,77.5,30.62,107.62,101.12,94.88,60.5,7.0,4.0
Asphalt_0cm_S8,2026-04-02T20:28:26.491565,2,9,67,84,91,36,127,119,110,71,8,5,3,9,70,82,89,36,125,118,114,74,9,4,3,9,70,83,93,36,125,119,107,68,8,5,2,9,68,79,87,34,124,115,107,69,8,4,1,5,33,45,42,18,56,55,55,33,3,2,2,8,51,58,63,25,87,79,77,48,5,3,2,8,56,75,76,29,102,100,96,59,7,4,3,9,63,71,79,31,114,104,93,62,8,4,2.25,8.25,59.75,72.12,77.5,30.62,107.5,101.12,94.88,60.5,7.0,3.88
Asphalt_0cm_S8,2026-04-02T20:28:26.596881,2,9,67,84,91,36,127,119,110,71,8,5,3,9,70,82,89,36,125,118,114,74,9,4,3,9,70,83,93,36,125,119,107,68,8,5,2,9,68,79,87,34,124,115,107,69,8,4,1,5,33,45,42,18,56,55,55,33,3,2,2,8,51,58,63,25,87,79,77,48,5,3,2,8,56,75,76,29,102,100,96,59,7,4,3,9,63,71,79,31,114,104,93,62,8,4,2.25,8.25,59.75,72.12,77.5,30.62,107.5,101.12,94.88,60.5,7.0,3.88
Asphalt_0cm_S8,2026-04-02T20:28:26.687130,2,9,67,84,91,36,127,119,110,71,8,5,3,9,70,82,89,36,125,118,114,74,9,4,3,9,70,83,93,36,125,119,107,68,8,5,2,9,68,79,87,34,124,115,107,69,8,4,1,5,33,45,42,18,56,55,55,33,3,2,2,8,51,58,63,25,87,79,77,48,5,3,2,8,56,75,76,29,102,100,96,59,7,4,2,9,63,71,80,31,114,104,93,62,8,4,2.12,8.25,59.75,72.12,77.62,30.62,107.5,101.12,94.88,60.5,7.0,3.88
Asphalt_0cm_S8,2026-04-02T20:28:26.781658,2,9,68,84,91,36,127,119,110,71,8,5,3,10,70,82,89,36,126,118,113,74,9,4,3,9,70,83,93,36,126,119,107,68,9,5,2,9,68,79,87,34,124,115,107,69,8,5,1,5,33,45,42,18,56,55,55,33,3,2,2,8,51,58,63,25,87,79,77,48,5,3,2,8,56,75,76,29,102,100,96,59,7,4,2,9,63,71,80,31,114,104,93,62,8,4,2.12,8.38,59.88,72.12,77.62,30.62,107.75,101.12,94.75,60.5,7.12,4.0
Asphalt_0cm_S8,2026-04-02T20:28:26.877997,3,9,67,84,90,36,127,118,110,71,8,5,3,10,70,82,89,36,126,118,113,74,9,4,3,9,70,83,93,36,126,119,107,68,9,5,2,9,68,79,87,34,124,115,107,69,8,5,1,5,33,45,42,18,56,55,55,33,3,2,2,8,51,58,63,25,87,79,77,48,5,3,2,8,56,75,76,29,102,100,96,59,7,4,2,9,63,71,79,31,113,104,93,62,8,4,2.25,8.38,59.75,72.12,77.38,30.62,107.62,101.0,94.75,60.5,7.12,4.0
Asphalt_0cm_S8,2026-04-02T20:28:26.967987,3,9,67,84,90,36,127,118,110,71,8,5,3,9,70,82,89,36,126,118,113,74,9,5,3,9,70,84,93,36,126,119,107,68,8,5,2,9,68,79,87,34,124,115,107,69,8,5,1,5,33,45,42,18,56,55,55,33,3,2,2,8,51,58,63,25,87,79,77,48,5,3,2,8,56,75,76,29,102,100,96,59,7,4,2,9,63,71,79,31,113,104,93,62,8,4,2.25,8.25,59.75,72.25,77.38,30.62,107.62,101.0,94.75,60.5,7.0,4.12
Asphalt_0cm_S8,2026-04-02T20:28:27.064445,3,9,67,84,90,36,127,118,110,71,8,5,3,9,70,82,89,36,126,118,113,74,9,5,3,9,70,84,93,36,126,119,107,68,8,5,2,9,68,79,87,34,124,115,107,69,8,5,1,5,33,45,42,18,56,55,55,33,3,2,2,8,51,58,63,25,87,79,77,48,5,3,2,8,56,75,76,29,102,100,96,59,7,4,2,9,63,71,79,31,113,104,93,62,8,4,2.25,8.25,59.75,72.25,77.38,30.62,107.62,101.0,94.75,60.5,7.0,4.12
Asphalt_0cm_S8,2026-04-02T20:28:27.161011,3,9,67,84,90,36,127,118,110,71,8,5,3,9,70,82,89,36,126,118,113,74,9,5,3,9,70,84,93,36,126,119,107,68,8,5,2,9,68,79,87,34,124,115,107,69,8,5,1,5,33,45,42,18,56,55,55,32,4,2,2,8,51,58,63,25,87,79,77,48,5,3,2,8,56,75,76,29,102,100,96,59,7,4,2,9,63,71,79,31,113,104,93,62,8,4,2.25,8.25,59.75,72.25,77.38,30.62,107.62,101.0,94.75,60.38,7.12,4.12
Asphalt_0cm_S8,2026-04-02T20:28:27.251868,3,9,67,84,90,36,127,118,110,71,8,5,3,9,70,82,89,36,126,118,113,74,9,5,3,9,70,84,93,36,126,119,107,68,8,5,2,9,68,79,87,34,124,115,107,69,8,5,1,5,33,45,42,18,56,55,55,32,4,2,2,8,51,58,63,25,87,79,77,48,5,3,2,8,56,75,76,29,102,100,96,59,7,4,2,9,63,71,79,31,113,104,93,62,8,4,2.25,8.25,59.75,72.25,77.38,30.62,107.62,101.0,94.75,60.38,7.12,4.12
Asphalt_0cm_S8,2026-04-02T20:28:27.340992,3,9,67,84,91,36,127,119,110,71,8,5,3,9,70,82,89,36,126,118,113,74,9,5,2,9,70,84,93,36,126,119,107,68,8,5,2,9,68,79,87,34,124,115,107,69,8,5,1,5,33,45,42,18,56,55,55,33,4,2,2,8,51,58,63,25,87,79,77,48,5,3,2,8,56,75,76,29,102,100,96,59,7,4,2,9,63,71,79,31,113,104,93,62,8,4,2.12,8.25,59.75,72.25,77.5,30.62,107.62,101.12,94.75,60.5,7.12,4.12
Asphalt_0cm_S8,2026-04-02T20:28:27.429813,2,9,68,84,90,36,127,119,110,71,8,5,3,9,70,82,89,36,126,118,113,74,9,4,3,9,70,83,92,36,126,119,107,68,8,5,2,9,68,79,87,34,124,115,107,69,8,5,1,5,33,45,42,18,56,55,55,33,4,2,2,8,51,58,63,25,87,79,77,48,5,3,2,8,56,75,76,29,102,100,96,59,7,4,2,9,63,71,79,31,113,104,93,62,8,4,2.12,8.25,59.88,72.12,77.25,30.62,107.62,101.12,94.75,60.5,7.12,4.0
Asphalt_0cm_S8,2026-04-02T20:28:27.536508,2,9,68,84,90,36,127,119,110,71,8,5,3,9,70,82,89,36,126,118,113,74,9,4,3,9,70,83,92,36,126,119,107,68,8,5,2,9,68,79,87,34,124,115,107,69,8,5,1,5,33,45,42,18,56,55,55,33,3,3,2,8,51,58,63,25,87,79,77,48,5,3,2,8,56,75,76,29,102,100,96,59,7,4,2,9,63,71,79,31,113,104,93,62,8,4,2.12,8.25,59.88,72.12,77.25,30.62,107.62,101.12,94.75,60.5,7.0,4.12
Asphalt_0cm_S8,2026-04-02T20:28:27.634210,2,9,68,84,90,36,127,119,110,71,8,5,3,9,70,82,89,36,126,118,113,74,9,4,3,9,70,83,92,36,126,119,107,68,8,5,2,9,68,79,87,34,124,115,107,69,8,5,1,5,33,45,42,18,56,55,55,33,3,3,2,8,51,58,63,25,87,79,77,48,5,3,2,8,56,75,76,29,102,100,96,59,7,4,2,9,63,71,79,31,113,104,93,62,8,4,2.12,8.25,59.88,72.12,77.25,30.62,107.62,101.12,94.75,60.5,7.0,4.12
Asphalt_0cm_S8,2026-04-02T20:28:27.723540,3,9,67,83,90,36,127,119,110,71,8,5,3,9,70,82,89,36,126,118,113,74,9,5,3,9,70,83,93,36,126,119,107,68,8,5,2,9,68,79,87,34,124,115,107,69,8,5,1,5,33,45,42,18,56,55,55,33,3,3,2,8,51,58,63,25,87,79,77,48,5,3,2,8,56,75,76,29,102,100,96,59,7,4,2,9,63,71,79,31,113,104,93,62,8,4,2.25,8.25,59.75,72.0,77.38,30.62,107.62,101.12,94.75,60.5,7.0,4.25
Asphalt_0cm_S8,2026-04-02T20:28:27.813454,3,9,67,83,90,36,127,119,110,71,8,5,2,9,70,82,89,36,126,118,113,74,9,5,2,9,70,83,93,36,126,119,107,68,8,5,2,9,68,79,87,34,124,115,106,69,8,5,1,5,33,45,42,18,56,55,55,33,3,2,2,8,51,58,63,25,87,79,77,48,5,3,2,8,56,75,76,29,102,100,96,59,7,4,2,9,63,71,79,31,113,104,93,62,8,4,2.0,8.25,59.75,72.0,77.38,30.62,107.62,101.12,94.62,60.5,7.0,4.12
Asphalt_0cm_S8,2026-04-02T20:28:27.918414,2,9,67,84,91,36,127,119,110,71,8,5,2,9,70,82,89,36,126,117,113,74,9,5,3,9,70,84,93,36,126,119,107,68,8,5,2,9,68,79,87,34,124,115,106,69,8,5,1,5,33,45,42,18,56,55,55,33,3,2,2,8,51,58,63,25,87,79,77,48,5,3,2,8,56,75,76,29,102,100,96,59,7,4,3,9,63,71,80,31,114,104,93,62,8,4,2.12,8.25,59.75,72.25,77.62,30.62,107.75,101.0,94.62,60.5,7.0,4.12
Asphalt_0cm_S8,2026-04-02T20:28:28.013116,2,9,67,84,91,36,127,119,110,71,8,5,2,9,70,82,89,36,126,117,113,74,9,5,3,9,70,84,93,36,126,119,107,68,8,5,2,9,68,79,87,34,124,115,107,69,8,4,1,5,33,45,42,18,56,55,55,32,3,2,2,8,51,58,63,25,87,80,77,48,5,4,2,8,56,75,76,29,102,100,96,59,7,4,3,9,63,71,79,31,113,104,93,62,8,4,2.12,8.25,59.75,72.25,77.5,30.62,107.62,101.12,94.75,60.38,7.0,4.12
Asphalt_0cm_S8,2026-04-02T20:28:28.106902,2,9,67,84,91,36,127,119,110,71,8,5,2,9,70,82,89,36,126,117,113,74,9,5,3,9,70,84,93,36,126,119,107,68,8,5,2,9,68,79,87,34,124,115,107,69,8,4,1,5,33,45,42,18,56,55,55,32,3,2,2,8,51,58,63,25,87,80,77,48,5,4,2,8,56,75,76,29,102,100,96,59,7,4,3,9,63,71,79,31,113,104,93,62,8,4,2.12,8.25,59.75,72.25,77.5,30.62,107.62,101.12,94.75,60.38,7.0,4.12
Asphalt_0cm_S8,2026-04-02T20:28:28.195921,2,9,67,84,91,36,127,119,110,70,8,5,2,9,70,82,89,36,126,118,113,74,9,5,3,9,70,83,93,36,126,119,107,68,8,5,2,9,68,79,87,34,124,115,107,69,8,5,1,5,33,45,42,18,56,55,55,32,3,2,2,8,51,58,63,25,86,79,77,48,5,3,2,8,56,75,76,29,102,100,96,59,7,4,3,9,63,71,79,31,113,104,93,62,8,4,2.12,8.25,59.75,72.12,77.5,30.62,107.5,101.12,94.75,60.25,7.0,4.12
Asphalt_0cm_S8,2026-04-02T20:28:28.286282,2,9,67,84,91,36,127,119,110,70,8,5,2,9,70,82,89,36,126,118,113,74,9,5,3,9,70,83,93,36,126,119,107,68,8,5,2,9,68,79,87,34,124,115,107,69,8,5,1,5,33,45,42,18,56,55,55,32,3,2,2,8,51,58,63,25,86,79,77,48,5,3,2,8,56,75,76,29,102,100,96,59,7,4,3,9,63,71,79,31,113,104,93,62,8,4,2.12,8.25,59.75,72.12,77.5,30.62,107.5,101.12,94.75,60.25,7.0,4.12
Asphalt_0cm_S8,2026-04-02T20:28:28.398683,2,9,67,84,91,36,127,119,110,71,8,5,2,9,70,82,89,36,126,118,113,74,9,5,3,9,70,83,93,36,126,119,107,68,8,5,2,9,68,79,87,34,124,115,107,69,8,5,1,5,33,45,42,18,56,55,55,32,3,2,2,8,51,58,63,25,86,79,77,48,5,3,2,8,56,75,76,29,102,100,96,59,7,4,3,9,63,71,79,31,113,104,93,62,8,4,2.12,8.25,59.75,72.12,77.5,30.62,107.5,101.12,94.75,60.38,7.0,4.12
Asphalt_0cm_S8,2026-04-02T20:28:28.488815,2,9,67,84,90,36,127,119,110,71,8,5,2,9,70,82,89,36,126,118,113,74,9,5,2,9,70,84,93,36,126,119,107,68,8,5,2,9,68,79,87,34,124,115,107,69,8,5,1,5,33,45,42,18,56,55,55,33,3,2,2,8,51,58,63,25,87,79,76,48,5,3,3,8,56,75,76,29,102,100,96,59,7,4,3,9,63,71,79,31,113,104,93,62,8,4,2.12,8.25,59.75,72.25,77.38,30.62,107.62,101.12,94.62,60.5,7.0,4.12
Asphalt_0cm_S8,2026-04-02T20:28:28.583752,2,9,67,83,90,36,127,119,110,71,8,5,2,9,70,82,89,36,126,118,113,74,9,5,2,9,70,84,93,36,126,119,107,68,8,5,2,9,68,79,87,34,124,115,107,69,8,5,1,5,33,45,42,18,56,55,55,33,3,2,2,8,51,58,63,25,87,79,76,48,5,3,3,8,56,75,76,29,102,100,96,59,7,4,3,9,63,71,79,31,113,104,93,62,8,4,2.12,8.25,59.75,72.12,77.38,30.62,107.62,101.12,94.62,60.5,7.0,4.12
Asphalt_0cm_S8,2026-04-02T20:28:28.671611,2,9,67,83,90,36,127,119,110,71,8,5,2,9,70,82,89,36,126,118,113,74,9,5,2,9,70,84,93,36,126,119,107,68,8,5,2,9,68,79,87,34,124,115,107,69,8,5,1,5,33,45,42,18,56,55,55,33,3,2,2,8,51,58,63,25,87,79,76,48,5,3,3,8,56,75,76,29,102,100,96,59,7,4,3,9,63,71,79,31,113,104,93,62,8,4,2.12,8.25,59.75,72.12,77.38,30.62,107.62,101.12,94.62,60.5,7.0,4.12
Asphalt_0cm_S8,2026-04-02T20:28:28.757890,2,9,67,83,90,36,127,119,110,71,8,5,3,9,70,82,88,36,126,118,113,74,9,5,3,9,70,84,92,36,126,119,107,68,8,5,2,9,68,79,87,34,124,115,107,69,8,5,1,5,33,45,42,18,56,55,55,33,3,2,2,8,51,58,63,25,87,79,76,48,5,3,3,8,56,75,76,29,102,100,96,59,7,4,3,9,63,71,79,31,113,104,93,62,8,4,2.38,8.25,59.75,72.12,77.12,30.62,107.62,101.12,94.62,60.5,7.0,4.12
Asphalt_0cm_S8,2026-04-02T20:28:28.852405,2,9,67,83,90,36,127,119,110,71,8,5,3,9,70,82,88,36,126,118,113,74,9,5,3,9,70,84,92,36,126,119,107,68,8,5,2,9,68,79,87,34,124,115,107,69,8,5,1,5,33,45,42,18,56,55,55,33,3,2,2,8,51,58,63,25,87,79,76,48,5,3,2,8,56,75,76,29,102,100,96,59,7,4,3,9,63,71,79,31,114,104,93,62,8,4,2.25,8.25,59.75,72.12,77.12,30.62,107.75,101.12,94.62,60.5,7.0,4.12
Asphalt_0cm_S8,2026-04-02T20:28:28.945393,2,9,67,84,90,36,127,119,110,71,8,5,3,9,70,82,89,36,126,118,114,74,9,5,3,9,70,83,93,36,126,119,107,68,8,5,2,9,68,79,87,34,124,115,107,69,8,5,1,5,33,45,42,18,56,55,55,33,3,2,2,8,51,58,63,25,87,79,76,48,5,3,2,8,56,75,76,29,102,100,96,59,7,4,3,9,63,71,79,31,114,104,93,62,8,4,2.25,8.25,59.75,72.12,77.38,30.62,107.75,101.12,94.75,60.5,7.0,4.12
Asphalt_0cm_S8,2026-04-02T20:28:29.064809,2,9,67,84,90,36,127,119,110,71,8,5,3,9,70,82,89,36,126,118,114,74,9,5,3,9,70,83,93,36,126,119,107,68,8,5,2,9,68,79,87,34,124,115,107,69,8,5,1,5,33,45,42,18,56,55,55,33,3,2,2,8,51,58,63,25,87,79,76,48,5,3,2,8,56,75,76,29,102,100,96,59,7,4,3,9,63,71,79,31,114,104,93,62,8,4,2.25,8.25,59.75,72.12,77.38,30.62,107.75,101.12,94.75,60.5,7.0,4.12
Asphalt_0cm_S8,2026-04-02T20:28:29.165378,3,9,67,84,90,36,127,119,110,71,8,5,2,9,70,82,89,36,126,118,113,74,9,5,3,9,70,84,92,36,126,119,107,68,8,5,2,9,68,79,87,34,124,115,107,69,8,5,1,5,33,45,42,18,56,55,55,33,3,2,2,8,51,58,63,25,87,79,77,48,5,3,2,8,56,75,75,29,102,100,96,59,7,4,2,9,63,71,80,31,114,104,93,62,8,4,2.12,8.25,59.75,72.25,77.25,30.62,107.75,101.12,94.75,60.5,7.0,4.12
Asphalt_0cm_S8,2026-04-02T20:28:29.255373,3,9,67,84,90,36,127,119,110,71,8,5,2,9,70,82,89,36,126,118,113,74,9,5,3,9,70,84,92,36,126,119,107,68,8,5,2,9,68,79,87,34,124,115,107,69,8,5,1,5,33,45,42,18,56,55,55,33,3,2,2,8,51,58,63,25,87,79,77,48,5,3,2,8,56,75,75,29,102,100,96,59,7,4,2,9,63,71,80,31,114,104,93,62,8,4,2.12,8.25,59.75,72.25,77.25,30.62,107.75,101.12,94.75,60.5,7.0,4.12
Asphalt_0cm_S8,2026-04-02T20:28:29.358081,3,9,67,84,91,36,127,119,110,71,8,5,3,9,70,82,89,36,126,118,114,74,9,5,3,9,70,83,92,36,126,119,107,68,8,5,2,9,68,79,87,34,124,115,107,69,8,5,1,5,33,45,42,18,56,55,55,33,3,2,2,8,51,58,63,25,87,79,77,48,5,3,2,8,56,75,76,29,102,100,96,59,7,4,2,9,63,71,80,31,114,104,93,62,8,4,2.25,8.25,59.75,72.12,77.5,30.62,107.75,101.12,94.88,60.5,7.0,4.12
Asphalt_0cm_S8,2026-04-02T20:28:29.447947,2,9,68,84,91,36,127,119,111,71,8,5,3,10,70,82,89,36,126,118,114,74,9,5,3,9,70,84,93,36,126,119,107,68,8,5,2,9,68,79,87,34,124,115,107,69,8,5,1,5,33,45,42,18,56,55,55,33,3,2,2,8,51,58,63,25,87,79,77,48,5,3,2,8,56,75,76,29,102,100,96,59,7,4,2,9,63,71,79,31,114,104,93,62,8,4,2.12,8.38,59.88,72.25,77.5,30.62,107.75,101.12,95.0,60.5,7.0,4.12
Asphalt_0cm_S8,2026-04-02T20:28:29.548458,2,9,68,84,91,36,127,119,111,71,8,5,3,10,70,82,89,36,126,118,114,74,9,5,3,9,70,84,93,36,126,119,107,68,8,5,2,9,68,79,87,34,124,115,107,69,8,5,1,5,33,45,42,18,56,55,55,33,3,2,2,8,51,58,63,25,87,79,77,48,5,4,2,8,56,75,76,29,102,100,96,59,7,4,2,9,63,71,79,31,114,104,93,62,8,4,2.12,8.38,59.88,72.25,77.5,30.62,107.75,101.12,95.0,60.5,7.0,4.25
Asphalt_0cm_S8,2026-04-02T20:28:29.647590,2,9,68,84,91,36,127,119,111,71,8,5,3,10,70,82,89,36,126,118,114,74,9,5,3,9,70,84,93,36,126,119,107,68,8,5,2,9,68,79,87,34,124,115,107,69,8,5,1,5,33,45,42,18,56,55,55,33,3,2,2,8,51,58,63,25,87,79,77,48,5,4,2,8,56,75,76,29,102,100,96,59,7,4,3,9,63,71,79,31,114,104,93,62,8,4,2.25,8.38,59.88,72.25,77.5,30.62,107.75,101.12,95.0,60.5,7.0,4.25
Asphalt_0cm_S8,2026-04-02T20:28:29.735775,2,9,68,84,91,36,127,119,111,71,8,5,3,10,70,82,89,36,126,118,114,74,9,5,3,9,70,84,93,36,126,119,107,68,8,5,2,9,68,79,87,34,124,115,107,69,8,5,1,5,33,45,42,18,56,55,55,33,3,2,2,8,51,58,63,25,87,79,77,48,5,4,2,8,56,75,76,29,102,100,96,59,7,4,3,9,63,71,79,31,114,104,93,62,8,4,2.25,8.38,59.88,72.25,77.5,30.62,107.75,101.12,95.0,60.5,7.0,4.25
Asphalt_0cm_S8,2026-04-02T20:28:29.823807,2,9,68,84,91,36,127,119,110,71,8,5,3,9,70,82,89,36,126,118,114,74,9,5,3,9,70,84,93,36,126,119,107,68,8,5,2,9,68,79,87,34,124,115,108,69,8,5,1,5,33,45,42,18,56,55,55,33,3,2,2,8,51,58,63,25,87,80,77,48,5,4,2,7,56,75,76,29,102,100,96,59,7,4,2,9,63,71,79,31,114,105,93,62,8,4,2.12,8.12,59.88,72.25,77.5,30.62,107.75,101.38,95.0,60.5,7.0,4.25
Asphalt_0cm_S8,2026-04-02T20:28:29.927024,2,9,68,84,91,36,127,119,110,71,8,5,3,10,70,82,89,36,126,118,114,74,9,4,3,9,70,84,93,36,127,119,107,68,8,5,2,9,68,79,87,34,124,115,107,69,8,5,1,5,33,45,42,18,56,55,55,33,3,2,2,8,51,58,63,25,87,80,77,48,5,4,2,7,56,75,76,29,102,100,96,59,7,4,2,9,63,71,79,31,114,105,93,62,8,4,2.12,8.25,59.88,72.25,77.5,30.62,107.88,101.38,94.88,60.5,7.0,4.12
Asphalt_0cm_S8,2026-04-02T20:28:30.021261,2,9,68,84,91,36,127,119,110,71,8,5,3,10,70,82,89,36,126,118,114,74,9,4,3,9,70,84,93,36,127,119,107,68,8,5,2,9,68,79,87,34,124,115,107,69,8,5,1,5,33,45,42,18,56,55,55,33,3,2,2,8,51,58,63,25,87,80,77,48,5,4,2,8,56,75,76,29,102,100,96,59,7,4,3,9,63,71,80,31,114,105,93,62,8,4,2.25,8.38,59.88,72.25,77.62,30.62,107.88,101.38,94.88,60.5,7.0,4.12
Asphalt_0cm_S8,2026-04-02T20:28:30.111436,2,9,68,84,91,36,127,119,110,71,8,5,3,10,70,82,89,36,126,118,114,74,9,4,3,9,70,84,93,36,127,119,107,68,8,5,2,9,68,79,87,34,124,115,107,69,8,5,1,5,33,45,42,18,56,55,55,33,3,2,2,8,51,58,63,25,87,80,77,48,5,4,2,8,56,75,76,29,102,100,96,59,7,4,3,9,63,71,80,31,114,105,93,62,8,4,2.25,8.38,59.88,72.25,77.62,30.62,107.88,101.38,94.88,60.5,7.0,4.12
Asphalt_0cm_S8,2026-04-02T20:28:30.211164,2,9,68,84,91,36,127,119,111,71,8,5,3,9,70,82,89,36,126,118,114,74,9,5,3,9,70,84,93,36,126,119,107,68,8,5,2,9,68,79,87,34,124,115,107,69,8,5,1,5,33,45,42,18,56,55,55,33,3,2,2,8,51,58,63,25,87,80,77,48,5,4,2,8,56,75,76,29,102,100,96,59,7,4,3,9,63,71,80,31,114,105,93,62,8,4,2.25,8.25,59.88,72.25,77.62,30.62,107.75,101.38,95.0,60.5,7.0,4.25
Asphalt_0cm_S8,2026-04-02T20:28:30.297845,3,9,68,84,91,36,127,120,110,71,8,5,3,9,70,82,89,36,126,118,114,74,9,5,3,9,70,84,93,36,126,119,107,68,8,5,2,9,68,79,87,34,124,115,107,69,8,5,1,5,33,45,42,18,57,55,56,33,4,2,2,8,51,58,63,25,88,80,77,48,5,4,2,8,56,75,76,29,102,100,96,59,7,4,3,9,63,71,80,31,114,105,93,62,8,4,2.38,8.25,59.88,72.25,77.62,30.62,108.0,101.5,95.0,60.5,7.12,4.25
Asphalt_0cm_S8,2026-04-02T20:28:30.386610,2,9,68,84,91,36,127,119,111,71,8,5,3,10,70,82,89,36,126,118,114,74,9,5,3,9,70,84,93,36,126,119,107,68,8,5,2,9,68,79,87,34,124,115,107,69,8,5,1,5,33,45,42,18,57,55,56,33,4,2,2,8,51,58,63,25,88,80,77,48,5,4,2,8,56,75,76,29,102,101,96,59,7,4,2,9,63,71,79,31,114,104,93,62,8,4,2.12,8.38,59.88,72.25,77.5,30.62,108.0,101.38,95.12,60.5,7.12,4.25
Asphalt_0cm_S8,2026-04-02T20:28:30.494562,2,9,68,84,91,36,127,119,111,71,8,5,3,10,70,82,89,36,126,118,114,74,9,5,3,9,70,84,93,36,127,119,107,68,8,5,2,9,68,79,87,34,124,116,108,69,8,5,1,5,33,45,42,18,56,55,55,33,4,2,2,8,51,58,63,25,87,80,77,48,5,3,2,8,56,75,76,29,102,100,96,59,7,4,3,9,63,72,80,31,114,105,93,62,8,4,2.25,8.38,59.88,72.38,77.62,30.62,107.88,101.5,95.12,60.5,7.12,4.12
Asphalt_0cm_S8,2026-04-02T20:28:30.586905,3,9,67,84,91,36,127,119,111,71,8,5,3,9,70,82,89,36,126,118,114,74,9,5,3,9,70,84,93,36,126,119,107,68,8,5,2,9,68,79,87,34,124,116,108,69,8,5,1,5,33,45,42,18,56,55,55,33,4,2,2,8,51,58,63,25,87,80,77,48,5,3,2,8,56,75,76,29,102,100,96,59,7,4,3,9,63,72,80,31,114,105,93,62,8,4,2.38,8.25,59.75,72.38,77.62,30.62,107.75,101.5,95.12,60.5,7.12,4.12
Asphalt_0cm_S8,2026-04-02T20:28:30.685847,3,9,67,84,91,36,127,119,111,71,8,5,3,9,70,82,89,36,126,118,114,74,9,5,3,9,70,84,93,36,126,119,107,68,8,5,2,9,68,79,87,34,124,116,108,69,8,5,1,5,33,45,42,18,56,55,55,33,4,2,2,8,51,58,63,25,87,80,77,48,5,3,2,8,56,75,76,29,102,100,96,59,7,4,3,9,63,72,80,31,114,105,93,62,8,4,2.38,8.25,59.75,72.38,77.62,30.62,107.75,101.5,95.12,60.5,7.12,4.12
Asphalt_0cm_S8,2026-04-02T20:28:30.771119,2,9,68,84,91,36,127,119,111,71,8,5,3,9,70,82,89,36,126,118,114,74,9,5,3,9,70,84,93,36,127,119,107,68,8,5,2,9,68,79,87,35,125,115,107,69,8,5,1,5,33,46,43,18,57,55,56,33,3,2,2,8,51,58,63,25,87,80,77,48,5,3,2,8,56,75,76,29,102,101,96,59,7,4,3,9,63,71,80,31,114,104,93,62,8,4,2.25,8.25,59.88,72.38,77.75,30.75,108.12,101.38,95.12,60.5,7.0,4.12
Asphalt_0cm_S8,2026-04-02T20:28:30.879480,2,9,68,84,91,36,127,119,111,71,8,5,3,9,70,82,89,36,126,118,114,74,9,5,3,9,70,84,93,36,127,119,107,68,8,5,2,9,68,79,87,35,125,115,107,69,8,5,1,5,33,46,43,18,57,55,56,33,3,2,2,8,51,58,63,25,87,80,77,48,5,3,2,8,56,76,76,29,103,100,96,59,7,4,2,9,63,71,79,31,114,105,93,62,8,4,2.12,8.25,59.88,72.5,77.62,30.75,108.25,101.38,95.12,60.5,7.0,4.12
Asphalt_0cm_S8,2026-04-02T20:28:30.975191,2,9,68,84,91,36,127,119,111,71,8,5,3,9,70,82,89,36,126,118,114,74,9,5,2,9,70,84,93,36,127,119,107,68,9,5,2,9,68,79,87,34,124,115,108,69,8,5,1,5,33,45,43,18,57,55,56,33,4,2,2,9,51,58,63,25,87,80,77,48,5,4,2,8,56,75,76,29,103,101,96,59,7,4,2,9,63,71,79,31,114,105,93,62,8,4,2.0,8.38,59.88,72.25,77.62,30.62,108.12,101.5,95.25,60.5,7.25,4.25
Asphalt_0cm_S8,2026-04-02T20:28:31.070811,2,9,68,84,91,36,127,119,111,71,8,5,3,10,70,82,89,36,126,118,114,74,9,4,2,9,70,84,93,36,127,119,107,68,9,5,2,9,68,79,87,34,124,115,108,69,8,5,1,5,33,45,43,18,57,55,56,33,4,2,2,9,51,58,63,25,87,80,77,48,5,4,2,8,56,75,76,29,103,101,96,59,7,4,2,9,63,71,80,31,114,105,94,62,8,4,2.0,8.5,59.88,72.25,77.75,30.62,108.12,101.5,95.38,60.5,7.25,4.12
Asphalt_0cm_S8,2026-04-02T20:28:31.156591,2,9,68,84,91,36,127,119,111,71,8,5,3,10,70,82,89,36,126,118,114,74,9,4,2,9,70,84,93,36,127,119,107,68,9,5,2,9,68,79,87,34,124,115,108,69,8,5,1,5,33,45,43,18,57,55,56,33,4,2,2,9,51,58,63,25,87,80,77,48,5,4,2,8,56,75,76,29,103,101,96,59,7,4,2,9,63,71,80,31,114,105,94,62,8,4,2.0,8.5,59.88,72.25,77.75,30.62,108.12,101.5,95.38,60.5,7.25,4.12
Asphalt_0cm_S8,2026-04-02T20:28:31.259834,2,9,68,84,91,36,128,120,111,71,8,5,3,9,70,82,90,36,127,118,114,74,9,5,3,9,70,84,93,36,127,119,107,68,9,5,2,9,68,80,87,34,124,115,107,69,8,5,1,5,33,45,43,18,57,55,56,33,4,2,2,9,51,58,63,25,87,80,77,48,5,4,2,8,56,75,76,29,103,101,96,59,7,4,2,9,63,71,80,31,114,105,94,62,8,4,2.12,8.38,59.88,72.38,77.88,30.62,108.38,101.62,95.25,60.5,7.25,4.25
Asphalt_0cm_S8,2026-04-02T20:28:31.361164,2,9,68,84,91,36,128,120,111,71,8,5,3,9,70,82,90,36,127,118,114,74,9,5,3,9,70,84,93,36,127,119,107,68,9,5,2,9,68,80,87,34,124,115,107,69,8,5,1,5,33,45,43,18,57,55,56,33,3,2,2,8,51,58,63,25,88,80,77,48,5,3,2,8,57,75,76,29,102,100,96,59,7,4,3,9,63,71,80,31,114,105,93,61,8,4,2.25,8.25,60.0,72.38,77.88,30.62,108.38,101.5,95.12,60.38,7.12,4.12
Asphalt_0cm_S8,2026-04-02T20:28:31.451116,2,9,68,84,91,36,127,119,111,71,8,5,3,10,70,82,90,36,126,118,114,74,9,5,3,9,70,84,93,36,127,119,107,68,9,5,2,9,68,80,87,34,124,115,108,69,8,5,1,5,33,45,43,18,57,55,56,33,3,2,2,8,51,58,63,25,88,80,77,48,5,3,2,8,57,75,76,29,102,100,96,59,7,4,3,9,63,71,80,31,114,105,93,61,8,4,2.25,8.38,60.0,72.38,77.88,30.62,108.12,101.38,95.25,60.38,7.12,4.12
Asphalt_0cm_S8,2026-04-02T20:28:31.545432,2,9,68,84,91,36,127,119,111,71,8,5,3,10,70,82,90,36,126,118,114,74,9,5,3,9,70,84,93,36,127,119,107,68,9,5,2,9,68,80,87,34,124,115,108,69,8,5,1,5,33,45,43,18,57,55,56,33,3,2,2,8,51,58,63,25,88,80,77,48,5,3,2,8,57,75,76,29,103,101,96,59,7,4,3,9,63,71,80,31,114,105,93,61,8,4,2.25,8.38,60.0,72.38,77.88,30.62,108.25,101.5,95.25,60.38,7.12,4.12
Asphalt_0cm_S8,2026-04-02T20:28:31.637712,2,9,68,84,91,36,128,119,111,71,8,5,3,10,70,82,90,36,126,118,114,74,9,4,3,9,70,84,93,36,127,119,107,68,8,5,2,9,68,79,87,34,124,115,107,69,8,5,1,5,33,45,43,18,57,55,56,33,3,2,2,8,51,58,63,25,88,80,77,48,5,3,2,8,57,75,76,29,103,101,96,59,7,4,2,9,63,71,80,31,114,105,93,62,8,4,2.12,8.38,60.0,72.25,77.88,30.62,108.38,101.5,95.12,60.5,7.0,4.0
Asphalt_0cm_S8,2026-04-02T20:28:31.732241,2,9,68,84,91,36,128,119,111,71,8,5,3,10,70,82,90,36,126,118,114,74,9,4,3,9,70,84,93,36,127,119,107,68,8,5,2,9,68,79,87,34,124,115,107,69,8,5,1,5,33,45,43,18,57,55,56,33,3,2,2,8,51,58,63,25,88,80,77,48,5,3,2,8,57,75,76,29,103,101,96,59,7,4,2,9,63,71,80,31,114,105,93,62,8,4,2.12,8.38,60.0,72.25,77.88,30.62,108.38,101.5,95.12,60.5,7.0,4.0
Asphalt_0cm_S8,2026-04-02T20:28:31.827646,2,9,68,84,91,36,127,119,111,71,8,5,3,9,70,82,89,36,126,118,114,74,9,5,3,9,70,84,93,36,127,119,107,68,9,5,2,9,68,79,87,34,124,115,107,69,8,5,1,5,33,45,43,18,57,56,55,33,3,2,2,8,51,58,63,25,87,80,77,48,5,4,2,8,56,75,76,29,102,101,96,59,7,4,3,9,63,71,80,31,114,105,93,62,8,4,2.25,8.25,59.88,72.25,77.75,30.62,108.0,101.62,95.0,60.5,7.12,4.25
Asphalt_0cm_S8,2026-04-02T20:28:31.920141,2,9,68,84,91,36,128,120,111,71,8,5,3,9,70,82,89,36,126,118,114,74,9,5,3,9,70,84,93,36,127,119,107,68,8,5,2,9,68,79,87,34,124,115,107,69,8,5,1,5,33,45,43,18,57,56,55,33,3,2,2,8,51,58,63,25,87,80,77,48,5,4,2,8,56,75,76,29,102,101,96,59,7,4,3,9,63,71,80,31,114,105,93,62,8,4,2.25,8.25,59.88,72.25,77.75,30.62,108.12,101.75,95.0,60.5,7.0,4.25
Asphalt_0cm_S8,2026-04-02T20:28:32.018593,2,9,68,84,91,36,128,120,111,71,8,5,3,9,70,82,89,36,126,118,114,74,9,5,3,9,70,84,93,36,127,119,107,68,8,5,2,9,68,80,87,34,124,115,107,69,8,5,1,5,33,45,43,18,57,56,55,33,3,2,2,8,51,58,63,25,87,80,77,48,5,3,2,8,56,76,76,29,103,100,96,59,7,4,3,9,63,72,80,31,114,105,93,62,8,4,2.25,8.25,59.88,72.62,77.75,30.62,108.25,101.62,95.0,60.5,7.0,4.12
Asphalt_0cm_S8,2026-04-02T20:28:32.120667,2,9,68,84,91,36,128,120,111,71,8,5,3,9,70,82,89,36,126,118,114,74,9,5,3,9,70,84,93,36,127,119,107,68,8,5,2,9,68,80,87,34,124,115,107,69,8,5,1,5,33,45,43,18,57,56,55,33,3,2,2,8,51,58,63,25,87,80,77,48,5,3,2,8,56,76,76,29,103,100,96,59,7,4,3,9,63,72,80,31,114,105,93,62,8,4,2.25,8.25,59.88,72.62,77.75,30.62,108.25,101.62,95.0,60.5,7.0,4.12
Asphalt_0cm_S8,2026-04-02T20:28:32.206065,2,9,68,84,91,36,128,120,111,71,8,5,3,9,70,82,89,36,126,118,114,74,9,5,3,9,70,84,93,36,127,119,107,68,8,5,2,9,68,80,87,34,124,115,107,69,8,5,1,5,33,45,43,18,57,56,55,33,3,2,2,8,51,58,63,25,87,80,77,48,5,3,2,8,56,76,76,29,103,100,96,59,7,4,3,9,63,72,80,31,114,105,93,62,8,4,2.25,8.25,59.88,72.62,77.75,30.62,108.25,101.62,95.0,60.5,7.0,4.12
Asphalt_0cm_S8,2026-04-02T20:28:32.310369,2,9,68,84,91,36,127,119,111,71,8,5,3,9,70,82,89,36,126,118,114,74,9,5,3,9,70,84,93,36,126,119,107,68,8,5,2,9,68,79,87,34,125,116,107,69,8,5,1,5,33,46,43,18,57,55,56,33,3,2,2,8,51,58,63,25,87,80,77,48,5,3,2,8,56,76,76,29,103,100,96,59,7,4,3,9,63,72,80,31,114,105,93,62,8,4,2.25,8.25,59.88,72.62,77.75,30.62,108.12,101.5,95.12,60.5,7.0,4.12
Asphalt_0cm_S8,2026-04-02T20:28:32.400174,2,9,68,85,91,36,128,119,111,71,8,5,3,10,70,83,90,36,126,118,114,74,9,5,3,9,70,84,93,36,126,119,107,68,8,5,2,9,68,79,87,34,125,116,107,69,8,5,1,5,33,46,43,18,57,55,56,33,3,2,2,8,51,58,63,25,87,80,77,48,5,3,2,8,56,75,76,29,103,100,96,59,7,4,2,9,63,72,80,31,114,105,93,62,8,4,2.12,8.38,59.88,72.75,77.88,30.62,108.25,101.5,95.12,60.5,7.0,4.12
Asphalt_0cm_S8,2026-04-02T20:28:32.494021,2,9,68,85,91,36,128,119,111,71,8,5,3,10,70,83,90,36,126,118,114,74,9,5,2,9,70,84,93,36,127,119,107,68,8,5,2,9,68,79,87,34,125,116,107,69,8,5,1,5,33,46,43,18,57,55,56,33,3,2,2,8,51,58,63,25,87,80,77,48,5,3,2,8,56,75,76,29,103,100,96,59,7,4,2,9,63,72,80,31,114,105,93,62,8,4,2.0,8.38,59.88,72.75,77.88,30.62,108.38,101.5,95.12,60.5,7.0,4.12
Asphalt_0cm_S8,2026-04-02T20:28:32.584551,2,9,68,85,91,36,128,119,111,71,8,5,3,10,70,83,90,36,126,118,114,74,9,5,2,9,70,84,93,36,127,119,107,68,8,5,2,9,68,79,87,34,125,116,107,69,8,5,1,5,33,46,43,18,57,55,56,33,3,2,2,8,51,58,63,25,87,80,77,48,5,3,2,8,56,75,76,29,103,100,96,59,7,4,2,9,63,72,80,31,114,105,93,62,8,4,2.0,8.38,59.88,72.75,77.88,30.62,108.38,101.5,95.12,60.5,7.0,4.12
Asphalt_0cm_S8,2026-04-02T20:28:32.671830,2,9,68,85,91,36,128,119,111,71,8,5,3,10,70,83,90,36,126,118,114,74,9,5,2,9,70,84,93,36,127,119,107,68,8,5,2,9,68,79,88,34,124,116,108,69,8,5,1,5,33,46,43,18,57,56,56,33,3,2,2,8,51,58,63,25,88,80,77,48,5,4,2,8,56,75,76,29,103,101,96,59,7,4,3,9,63,71,80,31,114,105,94,62,8,4,2.12,8.38,59.88,72.62,78.0,30.62,108.38,101.75,95.38,60.5,7.0,4.25
Asphalt_0cm_S8,2026-04-02T20:28:32.790019,2,9,68,85,91,36,128,119,111,71,8,5,3,10,70,83,90,36,126,118,114,74,9,5,2,9,70,84,93,36,127,119,107,68,8,5,2,9,68,79,88,34,124,116,108,69,8,5,1,5,33,46,43,18,57,56,56,33,3,2,2,8,51,58,63,25,88,80,77,48,5,4,2,8,56,75,76,29,103,101,96,59,7,4,3,9,63,71,80,31,114,105,94,62,8,4,2.12,8.38,59.88,72.62,78.0,30.62,108.38,101.75,95.38,60.5,7.0,4.25
Asphalt_0cm_S8,2026-04-02T20:28:32.889484,2,9,68,84,91,36,128,119,111,71,8,5,3,9,70,82,89,36,126,118,114,74,9,4,3,9,70,84,93,36,127,119,107,68,8,5,2,9,68,80,87,35,124,115,107,69,8,4,1,5,33,46,43,18,57,56,56,33,3,2,2,8,51,58,63,25,88,80,77,48,5,4,2,8,56,75,76,29,103,101,96,59,7,4,3,9,63,71,80,31,114,105,94,62,8,4,2.25,8.25,59.88,72.5,77.75,30.75,108.38,101.62,95.25,60.5,7.0,4.0
Asphalt_0cm_S8,2026-04-02T20:28:32.978401,2,9,68,84,91,36,128,119,111,71,8,5,3,10,70,82,89,36,126,118,114,74,9,5,3,9,71,84,93,36,127,119,107,68,8,5,2,9,68,80,87,34,125,115,108,69,8,5,1,5,33,46,43,19,57,56,56,33,4,2,2,8,51,58,63,25,88,80,77,48,5,4,2,8,56,75,76,29,103,101,96,59,7,4,3,9,63,71,80,31,114,105,94,62,8,4,2.25,8.38,60.0,72.5,77.75,30.75,108.5,101.62,95.38,60.5,7.12,4.25
Asphalt_0cm_S8,2026-04-02T20:28:33.080113,2,9,68,84,91,36,128,119,111,71,8,5,3,10,70,82,89,36,126,118,114,74,9,5,3,9,71,84,93,36,127,119,107,68,8,5,2,9,68,80,87,34,125,115,108,69,8,5,1,5,33,46,43,19,57,56,56,33,4,2,2,8,52,58,63,25,88,80,77,48,5,3,2,8,56,76,76,29,103,101,96,59,7,4,2,9,63,71,80,31,114,105,93,62,8,4,2.12,8.38,60.12,72.62,77.75,30.75,108.5,101.62,95.25,60.5,7.12,4.12
Asphalt_0cm_S8,2026-04-02T20:28:33.172850,2,9,68,84,91,36,128,119,111,71,8,5,3,10,70,82,89,36,126,118,114,74,9,5,3,9,71,84,93,36,127,119,107,68,8,5,2,9,68,80,87,34,125,115,108,69,8,5,1,5,33,46,43,19,57,56,56,33,4,2,2,8,52,58,63,25,88,80,77,48,5,3,2,8,56,76,76,29,103,101,96,59,7,4,2,9,63,71,80,31,114,105,93,62,8,4,2.12,8.38,60.12,72.62,77.75,30.75,108.5,101.62,95.25,60.5,7.12,4.12
Asphalt_0cm_S8,2026-04-02T20:28:33.279791,3,9,68,84,91,36,127,120,111,71,8,5,3,9,70,82,89,36,126,118,114,74,9,5,3,9,70,84,93,36,127,119,107,68,8,5,2,9,68,80,87,35,125,115,108,69,8,5,1,5,34,46,43,19,57,56,56,33,4,2,2,9,51,58,64,25,88,80,77,48,5,4,2,8,57,76,76,29,103,101,97,59,7,4,2,9,63,71,79,31,114,105,93,62,8,4,2.25,8.38,60.12,72.62,77.75,30.88,108.38,101.75,95.38,60.5,7.12,4.25
Asphalt_0cm_S8,2026-04-02T20:28:33.368417,3,9,68,84,91,36,127,120,111,71,8,5,3,9,70,82,89,36,126,118,114,74,9,5,3,9,70,84,93,36,127,119,107,68,8,5,2,9,68,80,88,35,125,116,108,69,8,5,1,5,33,46,43,18,57,56,56,33,4,2,2,9,51,58,64,25,88,80,77,48,5,3,2,8,56,76,76,29,103,101,97,59,7,4,2,9,63,71,80,31,114,105,93,62,8,4,2.25,8.38,59.88,72.62,78.0,30.75,108.38,101.88,95.38,60.5,7.12,4.12
Asphalt_0cm_S8,2026-04-02T20:28:33.460813,2,9,68,84,91,36,127,119,111,71,8,5,3,9,70,82,89,36,126,118,114,74,9,5,3,9,70,84,93,36,127,119,107,68,8,5,2,9,68,80,88,35,125,116,108,69,8,5,1,5,33,46,43,18,57,56,56,33,4,2,2,9,51,58,64,25,88,80,77,48,5,3,2,8,56,76,76,29,103,101,97,59,7,4,2,9,63,71,80,31,114,105,93,62,8,4,2.12,8.38,59.88,72.62,78.0,30.75,108.38,101.75,95.38,60.5,7.12,4.12
Asphalt_0cm_S8,2026-04-02T20:28:33.551603,2,9,68,84,91,36,127,119,111,71,8,5,3,9,70,82,89,36,126,118,114,74,9,5,3,9,70,84,93,36,127,119,107,68,8,5,2,9,68,80,88,35,125,116,108,69,8,5,1,5,33,46,43,18,57,56,56,33,4,2,2,9,51,58,64,25,88,80,77,48,5,3,2,8,56,76,76,29,103,101,97,59,7,4,2,9,63,71,80,31,114,105,93,62,8,4,2.12,8.38,59.88,72.62,78.0,30.75,108.38,101.75,95.38,60.5,7.12,4.12
Asphalt_0cm_S8,2026-04-02T20:28:33.639879,2,9,68,84,91,36,127,119,111,71,8,5,3,9,70,82,89,36,126,118,114,74,9,5,3,9,70,84,93,36,127,119,107,68,8,5,2,9,68,80,88,35,125,116,108,69,8,5,1,5,33,46,43,18,57,56,56,33,4,2,2,9,51,58,64,25,88,80,77,48,5,3,2,8,56,76,76,29,103,101,97,59,7,4,2,9,63,71,80,31,114,105,93,62,8,4,2.12,8.38,59.88,72.62,78.0,30.75,108.38,101.75,95.38,60.5,7.12,4.12
Asphalt_0cm_S8,2026-04-02T20:28:33.727330,2,9,68,84,91,36,127,119,111,71,8,5,3,9,70,82,89,36,126,118,114,74,9,5,3,9,70,84,93,36,127,119,107,68,8,5,2,9,68,80,88,35,125,116,108,69,8,5,1,5,33,46,43,18,57,56,56,33,4,2,2,9,51,58,64,25,88,80,77,48,5,3,2,8,56,76,76,29,103,101,97,59,7,4,2,9,63,71,80,31,114,105,93,62,8,4,2.12,8.38,59.88,72.62,78.0,30.75,108.38,101.75,95.38,60.5,7.12,4.12
Asphalt_0cm_S8,2026-04-02T20:28:33.815126,2,9,68,84,91,36,127,119,111,71,8,5,3,9,70,82,89,36,126,118,114,74,9,5,3,9,70,84,93,36,127,119,107,68,8,5,2,9,68,80,88,35,125,116,108,69,8,5,1,5,33,46,43,18,57,56,56,33,4,2,2,9,51,58,64,25,88,80,77,48,5,3,2,8,56,76,76,29,103,101,97,59,7,4,2,9,63,71,80,31,114,105,93,62,8,4,2.12,8.38,59.88,72.62,78.0,30.75,108.38,101.75,95.38,60.5,7.12,4.12
Asphalt_0cm_S8,2026-04-02T20:28:33.902536,3,9,68,84,91,36,128,120,111,71,8,5,3,9,70,82,89,36,126,118,114,74,9,5,3,9,70,84,93,36,127,119,107,68,8,5,2,9,68,80,88,35,125,116,108,69,8,5,1,5,33,46,43,18,57,56,56,33,4,2,2,9,51,58,64,25,88,80,77,48,5,3,2,8,57,76,76,29,103,101,97,59,7,4,2,9,63,72,80,31,114,105,93,62,8,4,2.25,8.38,60.0,72.75,78.0,30.75,108.5,101.88,95.38,60.5,7.12,4.12
Asphalt_0cm_S8,2026-04-02T20:28:33.993204,3,9,68,84,91,36,128,120,111,71,8,5,3,9,70,82,90,36,126,118,114,74,9,5,3,9,71,84,93,36,127,120,107,68,9,5,2,9,68,80,88,34,125,116,108,69,8,5,1,5,34,46,43,18,57,56,56,33,4,2,2,8,52,58,64,26,88,80,78,48,5,4,2,8,57,76,76,29,103,101,97,59,7,4,2,9,63,72,80,31,114,105,93,62,8,4,2.25,8.25,60.38,72.75,78.12,30.75,108.5,102.0,95.5,60.5,7.25,4.25
Asphalt_0cm_S8,2026-04-02T20:28:34.092645,3,9,68,84,91,36,128,120,111,71,8,5,3,9,70,82,90,36,126,118,114,74,9,5,3,9,71,84,93,36,127,120,107,68,9,5,2,9,68,80,88,34,125,116,108,69,8,5,1,5,34,46,43,18,57,56,56,33,4,2,2,8,52,58,64,26,88,80,78,48,5,4,2,8,57,76,76,29,103,101,97,59,7,4,3,9,63,71,80,31,114,105,94,62,8,4,2.38,8.25,60.38,72.62,78.12,30.75,108.5,102.0,95.62,60.5,7.25,4.25
Asphalt_0cm_S8,2026-04-02T20:28:34.184117,3,9,68,84,91,36,128,120,111,71,8,5,3,9,70,82,90,36,126,118,114,74,9,5,3,9,71,84,93,36,127,120,107,68,9,5,2,9,68,80,88,34,125,116,108,69,8,5,1,5,34,46,43,18,57,56,56,33,4,2,2,8,52,58,64,26,88,80,78,48,5,4,2,8,57,76,76,29,103,101,97,59,7,4,3,9,63,71,80,31,114,105,94,62,8,4,2.38,8.25,60.38,72.62,78.12,30.75,108.5,102.0,95.62,60.5,7.25,4.25
Asphalt_0cm_S8,2026-04-02T20:28:34.279868,2,9,68,85,91,36,128,120,111,71,8,5,2,10,71,83,90,36,127,118,114,74,9,5,3,9,71,84,93,36,127,120,108,68,8,5,2,9,68,80,88,35,125,116,108,69,8,5,1,5,34,46,43,19,57,56,56,33,3,2,2,9,52,58,64,25,88,80,78,48,5,4,2,8,56,76,76,29,103,101,97,60,7,4,2,9,63,72,80,31,114,105,93,62,8,4,2.0,8.5,60.38,73.0,78.12,30.88,108.62,102.0,95.62,60.62,7.0,4.25
Asphalt_0cm_S8,2026-04-02T20:28:34.377011,2,9,68,85,91,36,128,120,111,71,8,5,2,10,71,83,90,36,127,118,114,74,9,5,3,9,71,84,93,36,127,120,108,68,8,5,2,9,68,80,88,35,125,116,108,69,8,5,1,5,34,46,43,18,57,56,56,33,3,2,2,8,52,58,64,25,88,80,78,48,5,3,2,8,57,76,76,29,103,101,97,60,7,4,3,9,63,72,80,31,114,105,94,62,8,4,2.12,8.38,60.5,73.0,78.12,30.75,108.62,102.0,95.75,60.62,7.0,4.12
Asphalt_0cm_S8,2026-04-02T20:28:34.466935,2,9,68,85,91,36,128,120,111,71,8,5,2,10,71,83,90,36,127,118,114,74,9,5,3,9,71,84,93,36,127,120,108,68,8,5,2,9,68,80,88,35,125,116,108,69,8,5,1,5,34,46,43,18,57,56,56,33,3,2,2,8,52,58,64,25,88,80,78,48,5,3,2,8,57,76,76,29,103,101,97,60,7,4,3,9,63,72,80,31,114,105,94,62,8,4,2.12,8.38,60.5,73.0,78.12,30.75,108.62,102.0,95.75,60.62,7.0,4.12
Asphalt_0cm_S8,2026-04-02T20:28:34.556603,3,9,68,85,91,36,128,120,111,72,8,5,3,10,70,83,90,36,127,119,114,74,9,5,3,9,71,84,93,36,127,120,108,68,8,5,2,9,68,80,88,35,125,116,108,69,8,5,1,5,34,46,43,18,57,56,56,33,3,2,2,8,52,58,64,25,88,80,78,48,5,3,2,8,57,76,76,29,103,101,97,60,7,4,3,9,63,72,80,31,114,105,94,62,8,4,2.38,8.38,60.38,73.0,78.12,30.75,108.62,102.12,95.75,60.75,7.0,4.12
Asphalt_0cm_S8,2026-04-02T20:28:34.656830,3,9,68,85,91,36,128,120,111,72,8,5,3,10,70,83,90,36,127,119,114,74,9,5,3,9,71,84,93,36,127,120,108,68,8,5,2,9,68,80,88,35,125,116,108,69,8,5,1,5,34,46,43,18,57,56,56,33,3,2,2,8,52,58,64,25,88,80,78,48,5,3,2,8,57,76,76,29,103,101,97,60,7,4,3,9,63,72,80,31,114,105,94,62,8,4,2.38,8.38,60.38,73.0,78.12,30.75,108.62,102.12,95.75,60.75,7.0,4.12
Asphalt_0cm_S8,2026-04-02T20:28:34.743912,3,9,68,85,91,36,128,120,111,72,8,5,3,10,70,83,90,36,127,119,114,74,9,5,3,9,71,84,93,36,127,120,108,68,8,5,2,9,68,80,88,35,125,116,108,69,8,5,1,5,34,46,43,18,57,56,56,33,3,2,2,8,52,58,64,25,88,80,78,48,5,3,2,8,57,76,76,29,103,101,97,60,7,4,3,9,63,72,80,31,114,105,94,62,8,4,2.38,8.38,60.38,73.0,78.12,30.75,108.62,102.12,95.75,60.75,7.0,4.12
Asphalt_0cm_S8,2026-04-02T20:28:34.844186,3,9,68,85,91,36,128,120,111,72,8,5,3,10,70,83,90,36,127,119,114,74,9,5,3,9,71,84,93,36,127,120,108,68,8,5,2,9,68,80,88,35,125,116,108,69,8,5,1,5,34,46,43,18,57,56,56,33,3,2,2,8,52,58,64,25,88,80,78,48,5,3,2,8,57,76,76,29,103,101,97,60,7,4,3,9,63,72,80,31,114,105,94,62,8,4,2.38,8.38,60.38,73.0,78.12,30.75,108.62,102.12,95.75,60.75,7.0,4.12
Asphalt_0cm_S8,2026-04-02T20:28:34.930668,2,9,68,85,91,36,128,120,111,71,8,5,3,10,70,83,90,36,127,119,114,74,9,5,3,9,71,84,93,36,127,120,108,68,8,5,2,9,68,80,88,35,125,116,108,69,8,5,1,5,34,46,43,18,57,56,56,33,3,2,2,8,52,58,64,25,88,80,78,48,5,3,2,8,57,76,76,29,103,101,97,60,7,4,3,9,63,72,80,31,114,105,94,62,8,4,2.25,8.38,60.38,73.0,78.12,30.75,108.62,102.12,95.75,60.62,7.0,4.12
Asphalt_0cm_S8,2026-04-02T20:28:35.036361,2,9,68,85,91,36,128,120,111,71,8,5,3,10,70,83,90,36,127,119,114,74,9,5,3,9,71,84,93,36,127,120,108,68,8,5,2,9,68,80,88,35,125,116,108,69,8,5,1,5,34,46,43,18,57,56,56,33,3,2,2,8,52,58,64,25,88,80,78,48,5,3,2,8,57,76,76,29,103,101,97,60,7,4,3,9,63,72,80,31,114,105,94,62,8,4,2.25,8.38,60.38,73.0,78.12,30.75,108.62,102.12,95.75,60.62,7.0,4.12
Asphalt_0cm_S8,2026-04-02T20:28:35.120287,2,9,68,85,91,35,128,120,111,72,8,5,3,10,70,83,90,36,126,118,114,74,9,4,3,9,71,85,93,36,127,120,108,68,9,5,2,9,68,80,88,35,125,116,108,69,8,5,1,5,34,46,43,18,57,56,56,33,3,2,2,8,52,58,64,25,88,80,78,48,5,3,2,8,57,76,76,29,103,101,97,60,7,4,3,9,63,72,80,31,114,105,94,62,8,4,2.25,8.38,60.38,73.12,78.12,30.62,108.5,102.0,95.75,60.75,7.12,4.0
Asphalt_0cm_S8,2026-04-02T20:28:35.226293,2,9,68,85,91,35,128,120,111,72,8,5,3,10,70,83,90,36,126,118,114,74,9,4,3,9,71,85,93,36,127,120,108,68,9,5,2,9,68,80,88,35,125,116,108,69,8,5,1,5,34,46,43,18,57,56,56,33,3,2,2,8,52,58,64,25,88,80,78,48,5,3,2,8,57,76,76,29,103,101,97,60,7,4,3,9,63,72,80,31,114,105,94,62,8,4,2.25,8.38,60.38,73.12,78.12,30.62,108.5,102.0,95.75,60.75,7.12,4.0
Asphalt_0cm_S8,2026-04-02T20:28:35.313600,2,9,68,85,92,36,128,120,111,72,8,5,3,10,70,83,90,36,126,118,114,74,9,4,3,9,71,84,93,36,127,120,108,68,9,5,2,9,69,80,88,35,125,116,108,70,8,5,1,5,34,46,43,19,58,56,56,33,3,2,2,9,52,58,64,26,88,80,78,48,5,4,3,8,57,76,77,29,103,101,97,60,7,4,2,9,63,72,80,31,114,105,94,62,8,4,2.25,8.5,60.5,73.0,78.38,31.0,108.62,102.0,95.75,60.88,7.12,4.12
Asphalt_0cm_S8,2026-04-02T20:28:35.402515,2,9,68,85,92,36,128,120,111,72,8,5,3,10,70,83,90,36,126,118,114,74,9,4,3,9,71,84,93,36,127,120,108,68,9,5,2,9,69,80,88,35,125,116,108,70,8,5,1,5,34,46,43,19,58,56,56,33,3,2,2,9,52,58,64,26,88,80,78,48,5,4,2,8,57,76,77,29,103,101,97,60,7,4,2,9,64,72,80,31,114,105,94,62,8,4,2.12,8.5,60.62,73.0,78.38,31.0,108.62,102.0,95.75,60.88,7.12,4.12
Asphalt_0cm_S8,2026-04-02T20:28:35.488630,2,9,68,85,92,36,128,120,111,72,8,5,3,10,70,83,90,36,126,118,114,74,9,4,3,9,71,84,93,36,127,120,108,68,9,5,2,9,69,80,88,35,125,116,108,70,8,5,1,5,34,46,43,19,58,56,56,33,3,2,2,9,52,58,64,26,88,80,78,48,5,4,2,8,57,76,77,29,103,101,97,60,7,4,2,9,64,72,80,31,114,105,94,62,8,4,2.12,8.5,60.62,73.0,78.38,31.0,108.62,102.0,95.75,60.88,7.12,4.12
Asphalt_0cm_S8,2026-04-02T20:28:35.589687,2,9,68,85,92,36,128,120,111,72,8,5,3,10,70,83,90,36,126,118,114,74,9,4,3,9,71,84,93,36,127,120,108,68,9,5,2,9,69,80,88,35,125,116,108,70,8,5,1,5,34,46,43,19,58,56,56,33,3,2,2,9,52,58,64,26,88,80,78,48,5,4,2,8,57,76,77,29,103,101,97,60,7,4,2,9,64,72,80,31,114,105,94,62,8,4,2.12,8.5,60.62,73.0,78.38,31.0,108.62,102.0,95.75,60.88,7.12,4.12
Asphalt_0cm_S8,2026-04-02T20:28:35.675879,2,9,68,85,92,36,128,120,111,72,8,5,3,10,70,83,90,36,126,118,114,74,9,4,3,9,71,84,93,36,127,120,108,68,9,5,2,9,69,80,88,35,125,116,108,70,8,5,1,5,34,46,43,19,58,56,56,33,3,2,2,9,52,58,64,26,88,80,78,48,5,4,2,8,57,76,77,29,103,101,97,60,7,4,2,9,64,72,80,31,114,105,94,62,8,4,2.12,8.5,60.62,73.0,78.38,31.0,108.62,102.0,95.75,60.88,7.12,4.12
Asphalt_0cm_S8,2026-04-02T20:28:35.778686,2,9,68,85,92,36,128,120,111,72,8,5,3,10,70,83,90,36,126,118,114,74,9,4,3,9,71,84,93,36,127,120,108,68,9,5,2,9,69,80,88,35,125,116,108,70,8,5,1,5,34,46,43,19,58,56,56,33,3,2,2,9,52,58,64,26,88,80,78,48,5,4,2,8,57,76,76,29,103,101,97,60,7,4,2,9,63,72,80,31,114,105,94,62,8,4,2.12,8.5,60.5,73.0,78.25,31.0,108.62,102.0,95.75,60.88,7.12,4.12
Asphalt_0cm_S8,2026-04-02T20:28:35.868711,3,9,68,85,92,36,129,120,112,72,8,5,3,10,70,83,90,36,127,119,114,75,9,5,3,9,71,85,93,36,128,120,108,68,8,5,2,9,69,80,88,35,125,116,108,70,8,5,1,5,34,46,43,19,58,56,56,33,4,2,2,9,52,58,64,25,88,81,78,48,5,3,2,8,57,76,77,29,104,101,97,60,7,4,2,9,63,72,80,31,114,105,94,62,8,4,2.25,8.5,60.5,73.12,78.38,30.88,109.12,102.25,95.88,61.0,7.12,4.12
Asphalt_0cm_S8,2026-04-02T20:28:35.969595,3,9,68,85,92,36,129,120,112,72,8,5,3,10,70,83,90,36,127,119,114,74,9,5,2,9,71,85,94,36,128,120,108,68,9,5,2,9,69,80,88,35,125,116,108,70,8,5,1,5,34,46,43,19,58,56,56,33,4,2,2,9,52,58,64,25,88,81,78,48,5,3,2,8,57,76,77,29,104,101,97,60,7,4,2,9,63,72,80,31,114,105,94,62,8,4,2.12,8.5,60.5,73.12,78.5,30.88,109.12,102.25,95.88,60.88,7.25,4.12
Asphalt_0cm_S8,2026-04-02T20:28:36.055854,3,9,68,85,92,36,129,120,112,72,8,5,3,10,70,83,90,36,127,119,114,74,9,5,2,9,71,85,94,36,128,120,108,68,9,5,2,9,69,80,88,35,125,116,108,70,8,5,1,5,34,46,43,19,58,56,56,33,4,2,2,8,52,59,64,25,89,81,78,48,5,4,2,8,57,76,77,29,104,101,97,60,7,4,2,9,63,72,80,31,114,105,94,62,8,4,2.12,8.38,60.5,73.25,78.5,30.88,109.25,102.25,95.88,60.88,7.25,4.25
Asphalt_0cm_S8,2026-04-02T20:28:36.160778,3,9,68,85,92,36,129,120,112,72,8,5,3,10,70,83,90,36,127,119,114,74,9,5,2,9,71,85,94,36,128,120,108,68,9,5,2,9,69,80,88,35,125,116,108,70,8,5,1,5,34,46,43,19,58,56,56,33,4,2,2,8,52,59,64,25,89,81,78,48,5,4,2,8,57,76,77,29,104,101,97,60,7,4,2,9,63,72,80,31,114,105,94,62,8,4,2.12,8.38,60.5,73.25,78.5,30.88,109.25,102.25,95.88,60.88,7.25,4.25
Asphalt_0cm_S8,2026-04-02T20:28:36.244869,3,9,68,85,92,36,129,120,112,72,8,5,3,10,70,83,90,36,127,119,114,74,9,5,2,9,71,85,94,36,128,120,108,68,9,5,2,9,69,80,88,35,125,116,108,70,8,5,1,5,34,46,43,19,58,56,56,33,4,2,2,8,52,59,64,25,89,81,78,48,5,4,2,8,57,76,77,29,104,101,97,60,7,4,2,9,63,72,80,31,114,105,94,62,8,4,2.12,8.38,60.5,73.25,78.5,30.88,109.25,102.25,95.88,60.88,7.25,4.25
Asphalt_0cm_S8,2026-04-02T20:28:36.348978,2,9,68,85,92,36,128,120,112,72,8,5,2,9,71,83,90,36,127,119,114,74,9,5,3,9,71,85,94,36,128,120,108,68,8,5,2,9,69,80,88,35,125,116,108,69,8,5,1,5,34,46,43,19,58,56,56,33,4,2,2,8,52,59,64,26,88,81,78,49,5,4,2,8,57,76,77,29,104,102,97,60,7,4,2,9,64,72,80,31,114,105,93,62,8,4,2.0,8.25,60.75,73.25,78.5,31.0,109.0,102.38,95.75,60.88,7.12,4.25
Asphalt_0cm_S8,2026-04-02T20:28:36.441512,3,9,68,85,92,36,129,120,112,72,8,5,2,10,70,83,90,36,127,119,114,75,9,5,3,9,71,85,94,36,128,120,108,68,8,5,2,9,69,80,88,35,125,116,108,69,8,5,1,5,34,46,43,19,58,56,56,33,4,2,2,8,52,59,64,26,88,81,78,49,5,4,2,8,57,76,77,29,104,102,97,60,7,4,2,9,63,72,80,31,114,105,94,62,8,4,2.12,8.38,60.5,73.25,78.5,31.0,109.12,102.38,95.88,61.0,7.12,4.25
Asphalt_0cm_S8,2026-04-02T20:28:36.532030,3,9,68,85,92,36,129,120,112,72,8,5,2,10,70,83,90,36,127,119,114,75,9,5,3,9,71,85,94,36,128,120,108,68,8,5,2,9,69,80,88,35,125,116,108,69,8,5,1,5,34,46,43,19,58,56,56,33,4,2,2,8,52,59,64,26,88,81,78,49,5,4,2,8,57,76,77,29,104,102,97,60,7,4,2,9,63,72,80,31,114,105,94,62,8,4,2.12,8.38,60.5,73.25,78.5,31.0,109.12,102.38,95.88,61.0,7.12,4.25
Asphalt_0cm_S8,2026-04-02T20:28:36.616134,3,9,68,85,92,36,129,120,112,72,8,5,2,10,70,83,90,36,127,119,114,75,9,5,3,9,71,85,94,36,128,120,108,68,8,5,2,9,69,80,88,35,125,116,108,69,8,5,1,5,34,46,43,19,58,56,56,33,4,2,2,8,52,59,64,26,88,81,78,49,5,4,2,8,57,76,77,29,104,102,97,60,7,4,2,9,63,72,80,31,114,105,94,62,8,4,2.12,8.38,60.5,73.25,78.5,31.0,109.12,102.38,95.88,61.0,7.12,4.25
Asphalt_0cm_S8,2026-04-02T20:28:36.729079,3,9,68,85,92,36,129,120,112,72,8,5,2,10,70,83,90,36,127,119,114,75,9,5,3,9,71,85,94,36,128,120,108,68,8,5,2,9,69,80,88,35,125,116,108,69,8,5,1,5,34,46,43,19,58,56,56,33,4,2,2,8,52,59,64,26,88,81,78,49,5,4,2,8,57,76,77,29,104,102,97,60,7,4,2,9,63,72,80,31,114,105,94,62,8,4,2.12,8.38,60.5,73.25,78.5,31.0,109.12,102.38,95.88,61.0,7.12,4.25
Asphalt_0cm_S8,2026-04-02T20:28:36.828071,3,9,68,85,92,36,129,120,112,72,8,5,3,10,71,83,90,36,127,119,114,74,9,5,3,9,71,85,94,36,128,120,108,68,9,5,2,9,69,80,88,35,125,116,108,69,8,5,1,5,34,46,43,19,58,56,56,33,4,2,2,8,52,59,64,26,88,81,78,49,5,4,2,8,57,76,77,29,104,102,97,60,7,4,2,9,63,72,80,31,114,105,94,62,8,4,2.25,8.38,60.62,73.25,78.5,31.0,109.12,102.38,95.88,60.88,7.25,4.25
Asphalt_0cm_S8,2026-04-02T20:28:36.919514,3,9,68,85,92,36,129,120,112,72,8,5,3,10,71,83,90,36,127,119,114,74,9,5,3,9,71,85,94,36,128,120,108,68,9,5,2,9,69,80,88,35,125,116,108,69,8,5,1,5,34,46,43,19,58,56,56,33,4,2,2,8,52,59,64,26,88,81,78,49,5,4,2,8,57,76,77,29,104,102,97,60,7,4,2,9,63,72,80,31,114,105,94,62,8,4,2.25,8.38,60.62,73.25,78.5,31.0,109.12,102.38,95.88,60.88,7.25,4.25
Asphalt_0cm_S8,2026-04-02T20:28:37.004262,2,9,69,85,92,36,129,121,112,72,8,5,3,9,71,83,90,36,127,119,114,75,9,5,3,9,71,85,94,36,128,120,108,68,9,5,2,9,69,80,88,35,125,116,108,69,8,5,1,5,34,46,43,19,58,56,56,33,4,2,2,8,52,59,64,26,88,81,78,49,5,4,2,8,57,76,77,29,104,102,97,60,7,4,2,9,63,72,80,31,114,105,94,62,8,4,2.12,8.25,60.75,73.25,78.5,31.0,109.12,102.5,95.88,61.0,7.25,4.25
Asphalt_0cm_S8,2026-04-02T20:28:37.121134,2,9,69,85,92,36,129,121,112,72,8,5,3,9,71,83,90,36,127,119,114,75,9,5,3,9,71,85,94,36,128,120,108,68,9,5,2,9,69,80,88,35,125,116,108,69,8,5,1,5,34,46,43,19,58,56,56,33,4,2,2,8,52,59,64,26,88,81,78,49,5,4,2,8,57,76,77,29,104,102,97,60,7,4,2,9,63,72,80,31,114,105,94,62,8,4,2.12,8.25,60.75,73.25,78.5,31.0,109.12,102.5,95.88,61.0,7.25,4.25
Asphalt_0cm_S8,2026-04-02T20:28:37.234318,2,9,69,85,92,36,129,121,112,72,8,5,3,9,71,83,90,36,127,119,114,75,9,5,3,9,71,85,94,36,128,120,108,68,8,5,2,9,69,80,88,35,125,116,108,69,8,5,1,5,34,46,43,19,58,56,56,33,4,2,2,8,52,59,64,26,88,81,78,49,5,4,2,8,57,76,77,29,104,102,97,60,7,4,2,9,63,72,80,31,114,105,94,62,8,4,2.12,8.25,60.75,73.25,78.5,31.0,109.12,102.5,95.88,61.0,7.12,4.25
Asphalt_0cm_S8,2026-04-02T20:28:37.323949,2,9,69,85,92,36,129,121,112,72,8,5,3,10,71,83,90,36,127,119,115,75,9,5,3,9,71,85,94,36,128,121,108,68,8,5,2,9,69,80,88,35,126,116,108,70,8,5,1,5,34,46,44,19,58,56,56,33,4,2,2,9,52,59,64,26,89,81,78,49,5,3,2,8,57,76,77,29,104,102,98,60,7,4,2,9,64,72,80,31,114,105,94,62,8,4,2.12,8.5,60.88,73.25,78.62,31.0,109.38,102.62,96.12,61.12,7.12,4.12
Asphalt_0cm_S8,2026-04-02T20:28:37.425977,2,9,69,85,92,36,129,121,112,72,8,5,3,10,71,83,90,36,127,119,115,75,9,5,3,9,71,85,94,36,128,121,108,68,8,5,2,9,69,80,88,35,126,116,108,70,8,5,1,5,34,46,44,19,58,56,56,33,4,2,2,8,52,59,64,26,88,81,78,48,5,3,2,8,57,76,77,29,104,102,98,60,7,4,2,9,63,72,80,31,114,105,94,62,8,4,2.12,8.38,60.75,73.25,78.62,31.0,109.25,102.62,96.12,61.0,7.12,4.12
Asphalt_0cm_S8,2026-04-02T20:28:37.516172,2,9,69,85,92,36,129,121,112,72,8,5,3,10,71,83,90,36,127,119,115,75,9,5,3,9,71,85,94,36,128,121,108,68,8,5,2,9,69,80,88,35,126,116,108,70,8,5,1,5,34,46,44,19,58,56,56,33,4,2,2,8,52,59,64,26,88,81,78,48,5,3,2,8,57,76,77,29,104,102,98,60,7,4,2,9,63,72,80,31,114,105,94,62,8,4,2.12,8.38,60.75,73.25,78.62,31.0,109.25,102.62,96.12,61.0,7.12,4.12
Asphalt_0cm_S8,2026-04-02T20:28:37.615377,2,9,69,85,92,36,129,121,112,72,8,5,3,10,71,83,90,36,127,119,115,75,9,5,3,9,71,85,94,36,128,120,108,68,9,5,2,9,69,80,88,35,126,116,108,70,8,5,1,5,34,46,43,19,58,56,56,33,4,2,2,8,52,59,64,26,89,81,78,49,5,4,2,8,57,76,77,29,104,102,98,60,7,4,2,9,64,72,80,31,114,105,94,62,8,4,2.12,8.38,60.88,73.25,78.5,31.0,109.38,102.5,96.12,61.12,7.25,4.25
Asphalt_0cm_S8,2026-04-02T20:28:37.703529,2,9,69,85,92,36,129,121,112,72,8,5,3,10,71,83,90,36,127,119,115,75,9,5,3,9,71,85,94,36,128,120,108,68,9,5,2,9,69,80,88,35,126,116,108,70,8,5,1,5,34,46,43,19,58,56,56,33,4,2,2,8,52,59,64,26,89,81,78,49,5,4,2,8,57,76,77,29,104,102,98,60,7,4,2,9,64,72,80,31,114,105,94,62,8,4,2.12,8.38,60.88,73.25,78.5,31.0,109.38,102.5,96.12,61.12,7.25,4.25
Asphalt_0cm_S8,2026-04-02T20:28:37.807032,3,9,69,85,92,36,130,121,112,72,8,5,3,10,71,83,90,36,127,119,115,75,9,5,3,9,71,85,94,37,128,120,108,69,9,5,2,9,69,80,88,35,125,117,109,70,8,5,1,5,34,46,44,19,58,56,56,34,4,2,2,8,52,59,64,26,89,81,78,49,5,4,2,8,57,76,77,29,104,102,98,60,7,4,2,9,64,72,80,32,114,105,94,62,8,4,2.25,8.38,60.88,73.25,78.62,31.25,109.38,102.62,96.25,61.38,7.25,4.25
Asphalt_0cm_S8,2026-04-02T20:28:37.897852,3,9,69,85,92,36,130,121,112,72,8,5,3,10,71,83,90,36,127,119,115,75,9,5,3,9,71,85,94,37,128,120,108,69,9,5,2,9,69,80,88,35,125,117,109,70,8,5,1,5,34,46,44,19,58,56,56,34,4,2,2,8,52,59,64,26,89,81,78,49,5,4,2,8,57,76,77,29,104,102,98,60,7,4,2,9,64,72,80,32,114,105,94,62,8,4,2.25,8.38,60.88,73.25,78.62,31.25,109.38,102.62,96.25,61.38,7.25,4.25
Asphalt_0cm_S8,2026-04-02T20:28:37.995687,3,9,69,85,92,36,130,121,112,72,8,5,3,10,71,83,90,37,127,119,115,75,9,5,3,9,71,85,94,36,128,121,108,69,9,5,2,9,69,79,88,35,126,117,108,70,8,5,1,5,34,46,44,19,58,56,56,34,4,2,2,8,52,59,64,26,89,81,78,49,5,4,2,8,57,76,77,29,104,102,98,60,7,4,2,9,64,72,80,32,114,105,94,62,8,4,2.25,8.38,60.88,73.12,78.62,31.25,109.5,102.75,96.12,61.38,7.25,4.25
Asphalt_0cm_S8,2026-04-02T20:28:38.089207,3,9,69,85,92,36,130,121,112,72,8,5,3,10,71,83,90,37,127,119,115,75,9,5,3,9,71,85,94,36,128,121,108,69,9,5,2,9,69,79,88,35,126,117,108,70,8,5,1,5,34,46,44,19,58,56,56,34,4,2,2,8,52,59,64,26,89,81,78,49,5,4,2,8,57,76,77,29,104,102,98,60,7,4,2,9,64,72,80,32,114,105,94,62,8,4,2.25,8.38,60.88,73.12,78.62,31.25,109.5,102.75,96.12,61.38,7.25,4.25
Asphalt_0cm_S8,2026-04-02T20:28:38.187103,3,9,69,85,92,36,130,121,112,72,8,5,3,10,71,83,90,37,127,119,115,75,9,5,3,9,71,85,94,36,128,121,108,69,9,5,2,9,69,79,88,35,126,117,108,70,8,5,1,5,34,46,44,19,58,56,57,33,4,2,2,9,52,59,64,26,89,81,78,49,5,4,2,8,57,77,77,30,104,102,98,60,7,4,2,9,64,72,80,32,114,105,94,62,8,4,2.25,8.5,60.88,73.25,78.62,31.38,109.5,102.75,96.25,61.25,7.25,4.25
Asphalt_0cm_S8,2026-04-02T20:28:38.278243,3,9,69,85,92,36,130,121,112,72,8,5,3,10,71,83,90,37,127,119,115,75,9,5,3,9,71,85,94,36,128,121,108,69,9,5,2,9,69,79,88,35,126,117,108,70,8,5,1,5,34,46,44,19,58,56,57,33,4,2,2,9,52,59,64,26,89,81,78,49,5,4,2,8,57,77,77,30,104,102,98,60,7,4,2,9,64,72,80,32,114,105,94,62,8,4,2.25,8.5,60.88,73.25,78.62,31.38,109.5,102.75,96.25,61.25,7.25,4.25
Asphalt_0cm_S8,2026-04-02T20:28:38.376562,3,9,69,85,92,36,130,121,112,72,8,5,3,10,71,83,90,37,127,119,115,75,9,5,3,9,71,85,94,36,128,121,108,69,9,5,2,9,69,79,88,35,126,117,108,70,8,5,1,5,34,46,44,19,58,56,57,33,4,2,2,9,52,59,64,26,89,81,78,49,5,4,2,8,57,76,77,30,104,102,98,60,7,4,2,9,64,72,80,32,114,105,94,62,8,4,2.25,8.5,60.88,73.12,78.62,31.38,109.5,102.75,96.25,61.25,7.25,4.25
Asphalt_0cm_S8,2026-04-02T20:28:38.465207,3,9,69,85,92,36,130,121,112,72,8,5,3,10,71,83,90,37,127,119,115,75,9,5,3,9,71,85,94,36,128,121,108,69,9,5,2,9,69,79,88,35,126,117,108,70,8,5,1,5,34,46,44,19,58,56,57,33,4,2,2,9,52,59,64,26,89,81,78,49,5,4,2,8,57,76,77,30,104,102,98,60,7,4,2,9,64,72,80,32,114,105,94,62,8,4,2.25,8.5,60.88,73.12,78.62,31.38,109.5,102.75,96.25,61.25,7.25,4.25
Asphalt_0cm_S8,2026-04-02T20:28:38.565405,2,9,69,85,92,36,130,121,112,72,8,5,3,10,71,83,90,37,127,119,115,75,9,5,3,9,71,85,94,36,128,121,109,69,9,5,2,9,69,80,88,35,126,117,109,70,8,5,1,5,34,46,43,19,58,57,57,33,4,2,2,9,52,59,64,26,89,81,78,49,5,4,2,8,57,76,77,30,104,102,98,60,7,4,2,9,64,72,80,32,114,105,94,62,8,4,2.12,8.5,60.88,73.25,78.5,31.38,109.5,102.88,96.5,61.25,7.25,4.25
Asphalt_0cm_S8,2026-04-02T20:28:38.650303,2,9,69,85,92,36,130,121,112,72,8,5,3,10,71,83,90,37,127,119,115,75,9,5,3,9,71,85,94,36,128,121,109,69,9,5,2,9,69,80,88,35,126,117,109,70,8,5,1,5,34,46,43,19,58,57,57,33,4,2,2,9,52,59,64,26,89,81,78,49,5,4,2,8,57,76,77,30,104,102,98,60,7,4,2,9,64,72,80,32,114,105,94,62,8,4,2.12,8.5,60.88,73.25,78.5,31.38,109.5,102.88,96.5,61.25,7.25,4.25
Asphalt_0cm_S8,2026-04-02T20:28:38.757556,2,9,69,85,92,36,130,121,112,72,8,5,3,10,71,83,90,37,127,119,115,75,9,5,3,9,71,85,94,36,128,121,109,69,9,5,2,9,69,80,88,35,126,117,109,70,8,5,1,5,34,46,43,19,58,57,57,33,4,2,2,9,52,59,64,26,89,81,78,49,5,4,2,8,57,76,77,30,104,102,98,60,7,4,2,9,64,72,80,32,114,105,94,62,8,4,2.12,8.5,60.88,73.25,78.5,31.38,109.5,102.88,96.5,61.25,7.25,4.25
Asphalt_0cm_S8,2026-04-02T20:28:38.842958,2,9,69,86,92,36,130,121,113,72,8,5,3,9,71,83,90,37,127,119,115,75,9,5,3,9,72,85,94,36,129,121,109,69,9,5,2,9,69,80,88,35,126,117,109,70,8,5,1,5,34,46,43,19,58,57,57,33,4,2,2,9,52,59,64,26,89,81,78,49,5,4,2,8,57,76,77,30,104,102,98,60,7,4,2,9,64,72,80,32,114,105,94,62,8,4,2.12,8.38,61.0,73.38,78.5,31.38,109.62,102.88,96.62,61.25,7.25,4.25
Asphalt_0cm_S8,2026-04-02T20:28:38.938895,2,9,69,86,92,36,130,121,113,72,8,5,3,9,71,83,90,37,127,119,115,75,9,5,3,9,72,85,94,36,129,121,109,69,9,5,2,9,69,80,88,35,126,117,109,70,8,5,1,5,34,46,43,19,58,57,57,33,4,2,2,9,52,59,64,26,89,81,78,49,5,4,2,8,57,76,77,30,104,102,98,60,7,4,2,9,64,72,80,32,114,105,94,62,8,4,2.12,8.38,61.0,73.38,78.5,31.38,109.62,102.88,96.62,61.25,7.25,4.25
Asphalt_0cm_S8,2026-04-02T20:28:39.023933,2,9,69,86,92,36,130,121,113,72,8,5,3,10,71,83,90,36,127,119,115,75,9,5,3,9,71,85,94,37,129,121,109,69,9,5,2,9,69,80,88,35,126,117,109,70,8,5,1,5,34,46,43,19,58,57,57,33,4,2,2,9,52,59,64,26,89,81,78,49,5,4,2,8,57,76,77,30,104,102,98,60,7,4,2,9,64,72,80,32,114,105,94,62,8,4,2.12,8.5,60.88,73.38,78.5,31.38,109.62,102.88,96.62,61.25,7.25,4.25
Asphalt_0cm_S8,2026-04-02T20:28:39.125205,2,9,69,86,92,36,130,121,113,72,8,5,3,10,71,83,90,36,127,119,115,75,9,5,3,9,71,85,94,37,129,121,109,69,9,5,2,9,69,80,88,35,126,117,109,70,8,5,1,5,34,46,43,19,58,57,57,33,4,2,2,9,52,59,64,26,89,81,78,49,5,4,2,8,57,76,77,30,104,102,98,60,7,4,2,9,64,72,80,32,114,105,94,62,8,4,2.12,8.5,60.88,73.38,78.5,31.38,109.62,102.88,96.62,61.25,7.25,4.25
Asphalt_0cm_S8,2026-04-02T20:28:39.212831,2,9,69,86,92,36,130,121,113,72,8,5,3,10,71,83,90,36,127,119,115,75,9,5,3,9,71,85,94,37,129,121,109,69,9,5,2,9,69,80,88,35,126,117,109,70,8,5,1,5,34,46,44,19,58,56,57,33,4,2,2,9,52,59,64,26,89,81,78,49,5,4,2,8,57,76,77,30,104,102,98,60,7,4,2,9,64,72,80,32,114,105,94,62,8,4,2.12,8.5,60.88,73.38,78.62,31.38,109.62,102.75,96.62,61.25,7.25,4.25
Asphalt_0cm_S8,2026-04-02T20:28:39.312553,2,9,69,86,92,36,130,121,113,72,8,5,3,10,71,83,90,36,127,119,115,75,9,5,3,9,71,85,94,37,129,121,109,69,9,5,2,9,69,80,88,35,126,117,109,70,8,5,1,5,34,46,44,19,58,56,57,33,4,2,2,9,52,59,64,26,89,81,78,49,5,4,2,8,57,76,77,30,104,102,98,60,7,4,2,9,64,72,80,32,114,105,94,62,8,4,2.12,8.5,60.88,73.38,78.62,31.38,109.62,102.75,96.62,61.25,7.25,4.25
Asphalt_0cm_S8,2026-04-02T20:28:39.401305,2,9,69,86,92,36,130,121,113,72,8,5,3,10,71,83,90,36,127,119,115,75,9,5,3,9,71,85,94,37,129,121,109,69,9,5,2,9,69,80,88,35,126,117,109,70,8,5,1,5,34,46,44,19,58,56,57,33,4,2,2,9,52,59,64,26,89,81,78,49,5,4,2,8,57,77,77,30,104,102,98,60,7,4,3,9,64,72,80,31,115,105,94,62,8,4,2.25,8.5,60.88,73.5,78.62,31.25,109.75,102.75,96.62,61.25,7.25,4.25
Asphalt_0cm_S8,2026-04-02T20:28:39.508464,2,9,69,86,92,36,130,121,113,72,8,5,3,10,71,83,90,36,127,119,115,75,9,5,3,9,71,85,94,37,129,121,109,69,9,5,2,9,69,80,88,35,126,117,109,70,8,5,1,5,34,46,44,19,58,56,57,33,4,2,2,9,52,59,64,26,89,81,78,49,5,4,2,8,57,77,77,30,104,102,98,60,7,4,3,9,64,72,80,31,115,105,94,62,8,4,2.25,8.5,60.88,73.5,78.62,31.25,109.75,102.75,96.62,61.25,7.25,4.25
Asphalt_0cm_S8,2026-04-02T20:28:39.597801,3,9,69,86,93,36,129,121,113,72,8,5,3,10,71,83,90,37,127,119,115,75,9,5,3,9,72,85,94,37,129,121,109,69,9,5,2,9,69,80,88,35,126,117,109,70,8,5,1,5,34,46,44,19,58,56,57,33,4,2,2,9,52,59,64,26,89,81,78,49,5,4,2,8,57,77,77,30,104,102,98,60,7,4,3,9,64,72,80,31,115,105,94,62,8,4,2.38,8.5,61.0,73.5,78.75,31.38,109.62,102.75,96.62,61.25,7.25,4.25
Asphalt_0cm_S8,2026-04-02T20:28:39.688058,3,9,69,86,93,36,129,121,113,72,8,5,3,10,71,83,90,37,127,119,115,75,9,5,3,9,72,85,94,37,129,121,109,69,9,5,2,9,69,80,88,35,126,117,109,70,8,5,1,5,34,46,44,19,58,56,57,33,4,2,2,9,52,59,64,26,89,81,78,49,5,4,2,8,57,77,77,30,104,102,98,60,7,4,3,9,64,72,80,31,115,105,94,62,8,4,2.38,8.5,61.0,73.5,78.75,31.38,109.62,102.75,96.62,61.25,7.25,4.25
Asphalt_0cm_S8,2026-04-02T20:28:39.776417,3,9,69,86,93,36,129,121,113,72,8,5,3,10,71,83,90,37,127,119,115,75,9,5,3,9,72,85,94,37,129,121,109,69,9,5,2,9,69,80,88,35,126,117,109,70,8,5,1,5,34,46,44,19,58,56,57,33,4,2,2,9,52,59,64,26,89,81,78,49,5,4,2,8,57,77,77,30,104,102,98,60,7,4,3,9,64,72,80,31,115,105,94,62,8,4,2.38,8.5,61.0,73.5,78.75,31.38,109.62,102.75,96.62,61.25,7.25,4.25
Asphalt_0cm_S8,2026-04-02T20:28:39.880368,2,9,69,86,92,36,129,121,112,72,8,5,2,9,71,83,90,36,127,119,115,75,9,4,3,9,72,85,94,36,128,121,109,69,9,5,2,9,69,81,89,35,126,117,109,70,8,5,1,5,34,46,44,19,58,56,57,33,4,2,2,9,52,59,64,26,89,81,78,49,5,4,2,8,57,77,77,30,104,102,98,60,7,4,3,9,64,72,80,31,115,105,94,62,8,4,2.12,8.38,61.0,73.62,78.75,31.12,109.5,102.75,96.5,61.25,7.25,4.12
Asphalt_0cm_S8,2026-04-02T20:28:39.972725,2,9,69,86,93,36,130,121,113,72,8,5,3,10,71,83,90,36,127,119,115,75,9,4,3,9,71,85,95,37,129,121,109,69,9,5,2,9,69,81,88,35,126,117,109,70,8,5,1,5,34,46,44,19,58,57,57,33,4,2,2,9,52,59,64,26,89,81,78,49,5,4,2,8,57,77,77,30,105,102,98,60,7,4,2,9,64,72,80,31,115,105,94,63,8,4,2.12,8.5,60.88,73.62,78.88,31.25,109.88,102.88,96.62,61.38,7.25,4.12
Asphalt_0cm_S8,2026-04-02T20:28:40.087905,2,9,69,86,93,36,130,121,113,72,8,5,3,10,71,83,90,36,127,119,115,75,9,4,3,9,71,85,95,37,129,121,109,69,9,5,2,9,69,80,88,35,126,117,109,70,8,5,1,5,34,46,44,19,58,56,57,33,4,2,2,8,53,59,65,26,89,81,79,49,5,4,2,8,57,77,77,30,105,102,98,60,7,4,2,9,64,72,80,31,115,105,94,63,8,4,2.12,8.38,61.0,73.5,79.0,31.25,109.88,102.75,96.75,61.38,7.25,4.12
Asphalt_0cm_S8,2026-04-02T20:28:40.188587,2,9,69,86,93,36,130,121,113,72,8,5,3,10,71,83,90,36,127,119,115,75,9,4,3,9,71,85,95,37,129,121,109,69,9,5,2,9,69,80,88,35,126,117,109,70,8,5,1,5,34,46,44,19,58,56,57,33,4,2,2,8,53,59,65,26,89,81,79,49,5,4,2,8,57,77,77,30,105,102,98,60,7,4,2,9,64,72,80,31,115,105,94,63,8,4,2.12,8.38,61.0,73.5,79.0,31.25,109.88,102.75,96.75,61.38,7.25,4.12
Asphalt_0cm_S8,2026-04-02T20:28:40.278182,2,9,69,86,92,36,130,121,113,72,8,5,3,9,71,83,90,36,127,120,115,75,9,5,3,9,71,85,95,37,129,121,109,69,9,5,2,9,69,80,88,35,126,117,109,70,8,5,1,5,34,46,44,19,58,56,57,33,4,2,2,8,53,59,65,26,89,81,79,49,5,4,2,8,57,77,78,30,104,102,98,60,7,4,2,9,64,72,80,31,115,105,94,62,8,5,2.12,8.25,61.0,73.5,79.0,31.25,109.75,102.88,96.75,61.25,7.25,4.38
Asphalt_0cm_S8,2026-04-02T20:28:40.388691,2,9,69,86,92,36,130,121,113,72,8,5,3,9,71,83,90,36,127,120,115,75,9,5,3,9,71,85,95,37,129,121,109,69,9,5,2,9,69,80,88,35,126,117,109,70,8,5,1,5,34,46,44,19,58,56,57,33,4,2,2,8,53,59,65,26,89,81,79,49,5,4,2,8,57,77,78,30,104,102,98,60,7,4,2,9,64,72,80,31,115,105,94,62,8,5,2.12,8.25,61.0,73.5,79.0,31.25,109.75,102.88,96.75,61.25,7.25,4.38
Asphalt_0cm_S8,2026-04-02T20:28:40.473924,2,9,69,86,93,37,130,121,113,72,8,5,3,10,71,83,90,37,128,119,115,75,9,5,3,9,72,85,95,37,129,121,109,69,9,5,2,9,69,81,88,35,126,117,109,70,8,5,1,5,34,46,44,19,58,57,57,33,3,2,2,9,53,59,64,26,89,81,79,49,5,4,2,8,58,77,77,30,104,102,98,60,7,4,2,9,64,72,80,31,115,105,94,62,8,4,2.12,8.5,61.25,73.62,78.88,31.5,109.88,102.88,96.75,61.25,7.12,4.25
Asphalt_0cm_S8,2026-04-02T20:28:40.576349,2,9,69,86,93,37,130,121,113,72,8,5,3,10,71,83,90,37,128,119,115,75,9,5,3,9,72,85,95,37,129,121,109,69,9,5,2,9,69,81,88,35,126,117,109,70,8,5,1,5,34,46,44,19,58,57,57,33,3,2,2,9,53,59,64,26,89,81,79,49,5,4,2,8,58,77,77,30,104,102,98,60,7,4,2,9,64,72,80,31,115,105,94,62,8,4,2.12,8.5,61.25,73.62,78.88,31.5,109.88,102.88,96.75,61.25,7.12,4.25
Asphalt_0cm_S8,2026-04-02T20:28:40.663858,2,9,69,86,93,37,130,121,113,73,9,5,3,10,71,83,91,36,128,119,115,75,9,5,3,9,71,85,95,36,129,121,109,69,9,5,2,9,69,81,88,35,126,117,109,70,8,5,1,5,34,46,44,19,58,57,57,33,3,2,2,9,53,59,64,26,89,81,79,49,5,4,2,8,58,77,77,30,104,102,98,60,7,4,2,9,64,72,80,31,115,105,94,62,8,4,2.12,8.5,61.12,73.62,79.0,31.25,109.88,102.88,96.75,61.38,7.25,4.25
Asphalt_0cm_S8,2026-04-02T20:28:40.766672,2,9,69,86,93,37,130,121,113,73,9,5,3,10,71,83,91,36,128,119,115,75,9,5,3,9,71,85,95,36,129,121,109,69,9,5,2,9,69,81,88,35,126,117,109,70,8,5,1,5,34,46,44,19,58,57,57,33,3,2,2,9,53,59,64,26,89,81,79,49,5,4,2,8,58,77,77,30,104,102,98,60,7,4,2,9,64,72,80,31,115,105,94,62,8,4,2.12,8.5,61.12,73.62,79.0,31.25,109.88,102.88,96.75,61.38,7.25,4.25
Asphalt_0cm_S8,2026-04-02T20:28:40.856259,2,9,69,86,93,37,130,121,113,73,9,5,2,10,71,83,91,36,127,119,115,75,9,5,3,9,72,85,95,37,129,121,109,69,9,5,2,9,69,81,88,35,126,117,109,70,8,5,1,5,34,46,44,19,58,57,57,33,3,2,2,9,53,59,64,26,89,81,79,49,5,4,2,8,58,77,77,30,104,102,98,60,7,4,2,9,64,72,80,31,115,105,94,62,8,4,2.0,8.5,61.25,73.62,79.0,31.38,109.75,102.88,96.75,61.38,7.25,4.25
Asphalt_0cm_S8,2026-04-02T20:28:40.957544,3,9,69,86,93,37,130,121,113,73,8,5,3,10,71,83,91,37,127,119,115,75,9,5,3,9,72,85,95,37,129,121,109,69,9,5,2,9,69,81,89,35,126,117,109,70,8,5,1,5,34,46,43,19,58,57,57,33,3,2,2,8,52,59,65,26,89,81,79,49,5,4,2,8,58,77,77,30,105,103,98,60,7,4,2,9,64,72,80,32,114,105,94,63,8,4,2.25,8.38,61.12,73.62,79.12,31.62,109.75,103.0,96.75,61.5,7.12,4.25
Asphalt_0cm_S8,2026-04-02T20:28:41.071159,3,9,69,86,93,37,130,121,113,73,8,5,3,10,71,83,91,37,127,119,115,75,9,5,3,9,72,85,95,36,129,121,109,69,8,5,2,9,69,81,89,35,126,117,109,70,8,5,1,5,34,46,44,19,58,57,57,34,4,3,2,8,52,59,65,26,89,82,79,49,5,3,2,8,58,77,77,30,105,102,98,60,7,4,2,9,64,72,80,32,114,105,94,63,8,4,2.25,8.38,61.12,73.62,79.25,31.5,109.75,103.0,96.75,61.62,7.12,4.25
Asphalt_0cm_S8,2026-04-02T20:28:41.164506,3,9,69,86,93,37,130,121,113,73,8,5,3,10,71,83,91,37,127,119,115,75,9,5,3,9,72,85,95,36,129,121,109,69,8,5,2,9,69,81,89,35,126,117,109,70,8,5,1,5,34,46,44,19,58,57,57,34,4,3,2,8,52,59,65,26,89,82,79,49,5,3,2,8,58,77,77,30,105,102,98,60,7,4,2,9,64,72,80,32,114,105,94,63,8,4,2.25,8.38,61.12,73.62,79.25,31.5,109.75,103.0,96.75,61.62,7.12,4.25
Asphalt_0cm_S8,2026-04-02T20:28:41.272654,3,9,69,86,93,36,130,121,113,72,8,5,3,10,71,83,91,37,127,120,115,75,9,5,3,9,72,85,95,36,129,121,109,69,8,5,2,9,69,81,89,35,126,117,109,70,8,5,1,5,34,46,44,19,58,57,57,34,4,3,2,8,52,59,65,26,89,82,79,49,5,3,2,8,58,77,77,30,105,102,98,60,7,4,3,9,64,72,80,31,114,105,94,62,8,4,2.38,8.38,61.12,73.62,79.25,31.25,109.75,103.12,96.75,61.38,7.12,4.25
Asphalt_0cm_S8,2026-04-02T20:28:41.374607,2,9,69,86,93,37,130,121,113,73,8,5,3,10,71,83,91,37,128,119,115,75,9,5,3,9,72,85,95,37,129,121,109,69,9,5,2,9,69,81,89,35,126,117,109,70,8,5,1,5,34,46,44,19,58,57,57,34,4,2,2,9,52,59,65,26,89,82,78,49,5,4,2,8,58,77,77,30,105,102,98,60,7,4,3,9,64,72,80,31,114,105,94,62,8,4,2.25,8.5,61.12,73.62,79.25,31.5,109.88,103.0,96.62,61.5,7.25,4.25
Asphalt_0cm_S8,2026-04-02T20:28:41.464785,2,9,69,86,93,37,130,121,113,72,9,5,3,10,71,83,91,37,128,119,115,75,9,5,3,9,72,85,95,37,129,121,109,69,9,5,2,9,69,81,89,35,126,117,109,70,8,5,1,5,34,46,44,19,58,57,57,34,4,2,2,9,52,59,65,26,89,82,78,49,5,4,2,8,58,77,78,29,104,102,98,60,7,4,3,9,64,72,80,31,114,105,94,62,8,4,2.25,8.5,61.12,73.62,79.38,31.38,109.75,103.0,96.62,61.38,7.38,4.25
Asphalt_0cm_S8,2026-04-02T20:28:41.550849,2,9,69,86,93,37,130,121,113,72,9,5,3,10,71,83,91,37,128,119,115,75,9,5,3,9,72,85,95,37,129,121,109,69,9,5,2,9,69,81,89,35,126,117,109,70,8,5,1,5,34,46,44,19,58,57,57,34,4,2,2,9,52,59,65,26,89,82,78,49,5,4,2,8,58,77,78,29,104,102,98,60,7,4,3,9,64,72,80,31,114,105,94,62,8,4,2.25,8.5,61.12,73.62,79.38,31.38,109.75,103.0,96.62,61.38,7.38,4.25
Asphalt_0cm_S8,2026-04-02T20:28:41.653386,2,9,69,86,93,37,130,121,113,72,9,5,3,10,71,83,91,37,128,120,115,75,9,5,3,9,72,85,94,37,129,121,109,69,9,5,2,9,69,81,89,35,126,117,109,70,8,5,1,5,34,46,44,19,58,57,57,34,4,2,2,9,52,59,65,26,89,82,78,49,5,4,2,8,58,77,78,29,104,102,98,60,7,4,3,9,64,72,80,31,114,105,94,62,8,4,2.25,8.5,61.12,73.62,79.25,31.38,109.75,103.12,96.62,61.38,7.38,4.25
Asphalt_0cm_S8,2026-04-02T20:28:41.742564,2,9,69,86,93,37,130,121,113,72,9,5,3,10,71,83,91,37,128,120,115,75,9,5,3,9,72,85,94,37,129,121,109,69,9,5,2,9,69,81,89,35,126,117,109,70,8,5,1,5,34,46,44,19,58,57,57,34,4,2,2,9,52,59,65,26,89,82,78,49,5,4,2,8,58,77,78,29,104,102,98,60,7,4,3,9,64,72,80,31,114,105,94,62,8,4,2.25,8.5,61.12,73.62,79.25,31.38,109.75,103.12,96.62,61.38,7.38,4.25
Asphalt_0cm_S8,2026-04-02T20:28:41.841058,2,9,69,86,93,37,130,121,113,72,9,5,3,10,71,83,91,37,128,120,115,75,9,5,3,9,72,85,94,37,129,121,109,69,9,5,2,9,69,81,89,35,126,117,109,70,8,5,1,5,34,46,44,19,58,57,57,34,4,2,2,9,53,59,65,26,89,82,79,49,5,4,2,8,58,77,78,29,104,102,98,60,7,4,3,9,64,72,80,31,114,105,94,62,8,4,2.25,8.5,61.25,73.62,79.25,31.38,109.75,103.12,96.75,61.38,7.38,4.25
Asphalt_0cm_S8,2026-04-02T20:28:41.930079,2,9,69,86,93,37,130,121,113,72,9,5,3,10,71,83,91,37,128,120,115,75,9,5,3,9,72,85,94,37,129,121,109,69,9,5,2,9,69,81,89,35,126,117,109,70,8,5,1,5,34,46,44,19,58,57,57,34,4,2,2,9,53,59,65,26,89,82,79,49,5,4,2,8,58,77,78,29,104,102,98,60,7,4,3,9,64,72,80,31,114,105,94,62,8,4,2.25,8.5,61.25,73.62,79.25,31.38,109.75,103.12,96.75,61.38,7.38,4.25
Asphalt_0cm_S8,2026-04-02T20:28:42.035962,2,9,69,86,93,37,130,121,113,72,8,5,3,9,71,83,90,37,128,119,115,75,9,5,3,9,72,85,95,37,129,121,109,69,8,5,2,9,69,81,89,35,127,117,109,70,8,5,1,5,34,47,44,19,58,57,57,33,4,3,2,9,52,59,65,26,89,82,79,49,5,4,2,8,57,77,78,30,105,102,98,60,7,4,3,9,64,72,80,31,115,106,94,62,8,4,2.25,8.38,61.0,73.75,79.25,31.5,110.12,103.12,96.75,61.25,7.12,4.38
Asphalt_0cm_S8,2026-04-02T20:28:42.131774,2,9,69,86,93,37,130,121,113,72,8,5,3,9,71,83,90,37,128,119,115,75,9,5,3,9,72,85,95,37,129,121,109,69,8,5,2,9,69,81,89,35,127,117,109,70,8,5,1,5,34,47,44,19,58,57,57,33,4,3,2,9,52,59,65,26,89,82,79,49,5,4,2,8,57,77,78,30,105,102,98,60,7,4,2,9,64,72,80,32,115,105,94,63,8,4,2.12,8.38,61.0,73.75,79.25,31.62,110.12,103.0,96.75,61.38,7.12,4.38
Asphalt_0cm_S8,2026-04-02T20:28:42.222657,2,9,69,86,93,37,130,121,113,72,8,5,3,9,71,83,90,37,128,119,115,75,9,5,3,9,72,85,95,37,129,121,109,69,8,5,2,9,69,81,89,35,127,117,109,70,8,5,1,5,34,47,44,19,58,57,57,33,4,3,2,9,52,59,65,26,89,82,79,49,5,4,2,8,57,77,78,30,105,102,98,60,7,4,2,9,64,72,80,32,115,105,94,63,8,4,2.12,8.38,61.0,73.75,79.25,31.62,110.12,103.0,96.75,61.38,7.12,4.38
Asphalt_0cm_S8,2026-04-02T20:28:42.314691,2,9,69,86,93,36,130,122,113,72,8,5,3,10,71,83,91,37,128,120,115,75,9,5,3,9,72,85,95,37,129,121,109,69,8,5,2,9,69,81,89,35,127,117,109,70,8,5,1,5,34,47,44,19,58,57,57,33,4,3,2,9,52,59,65,26,89,82,79,49,5,4,2,8,57,77,78,30,105,102,98,60,7,4,2,9,64,72,80,32,115,105,94,63,8,4,2.12,8.5,61.0,73.75,79.38,31.5,110.12,103.25,96.75,61.38,7.12,4.38
Asphalt_0cm_S8,2026-04-02T20:28:42.400513,2,9,69,86,93,36,130,122,113,72,8,5,3,10,71,83,91,37,128,120,115,75,9,5,3,9,72,85,95,37,129,121,109,69,8,5,2,9,69,81,89,35,127,117,109,70,8,5,1,5,34,47,44,19,58,57,57,33,4,3,2,9,52,59,65,26,89,82,79,49,5,4,2,8,57,77,78,30,105,102,98,60,7,4,2,9,64,72,80,32,115,105,94,63,8,4,2.12,8.5,61.0,73.75,79.38,31.5,110.12,103.25,96.75,61.38,7.12,4.38
Asphalt_0cm_S8,2026-04-02T20:28:42.485912,3,9,69,86,93,36,130,121,113,73,8,5,3,10,71,83,91,37,128,120,115,74,9,5,3,9,72,85,95,37,129,121,109,69,8,5,2,9,69,81,89,35,127,117,109,70,8,5,1,5,34,47,44,19,58,57,57,33,4,3,2,9,52,59,65,26,89,82,79,49,5,4,2,8,57,77,78,30,105,102,98,60,7,4,2,9,64,72,80,32,115,105,94,63,8,4,2.25,8.5,61.0,73.75,79.38,31.5,110.12,103.12,96.75,61.38,7.12,4.38
Asphalt_0cm_S8,2026-04-02T20:28:42.576692,3,9,69,86,93,36,130,121,113,73,8,5,3,10,71,83,91,37,128,120,115,74,9,5,3,9,72,85,95,37,129,121,109,69,8,5,2,9,69,81,89,35,127,117,109,70,8,5,1,5,34,47,44,19,58,57,57,33,4,3,2,9,52,59,65,26,89,82,79,49,5,4,2,8,57,77,78,30,105,102,98,60,7,4,2,9,64,72,80,32,115,105,94,63,8,4,2.25,8.5,61.0,73.75,79.38,31.5,110.12,103.12,96.75,61.38,7.12,4.38
Asphalt_0cm_S8,2026-04-02T20:28:42.664663,3,9,69,86,93,36,130,121,113,73,8,5,3,10,71,83,91,37,128,120,115,74,9,5,2,9,72,86,95,37,129,122,109,69,9,5,2,9,69,81,89,35,127,117,109,70,8,5,1,5,34,47,44,19,58,57,57,33,4,3,2,9,52,59,65,26,89,82,79,49,5,4,2,8,57,77,78,30,105,102,98,60,7,4,2,9,64,72,80,32,115,105,94,63,8,4,2.12,8.5,61.0,73.88,79.38,31.5,110.12,103.25,96.75,61.38,7.25,4.38
Asphalt_0cm_S8,2026-04-02T20:28:42.754619,3,9,69,86,93,36,130,121,113,73,8,5,3,10,71,83,91,37,128,120,115,74,9,5,2,9,72,86,95,37,129,122,109,69,9,5,2,9,69,81,89,35,127,117,109,70,8,5,1,5,34,47,44,19,58,57,57,33,4,3,2,9,52,59,65,26,89,82,79,49,5,4,2,8,57,77,78,30,105,102,98,60,7,4,2,9,64,72,80,32,115,105,94,63,8,4,2.12,8.5,61.0,73.88,79.38,31.5,110.12,103.25,96.75,61.38,7.25,4.38
Asphalt_0cm_S8,2026-04-02T20:28:42.840482,3,9,69,86,93,36,130,121,113,73,8,5,3,10,71,83,91,37,128,120,115,74,9,5,2,9,72,86,95,37,129,122,109,69,9,5,2,9,69,81,89,35,127,117,109,70,8,5,1,5,34,47,44,19,58,57,57,33,4,3,2,9,52,59,65,26,89,82,79,49,5,4,2,8,57,77,78,30,105,102,98,60,7,4,2,9,64,72,80,32,115,105,94,63,8,4,2.12,8.5,61.0,73.88,79.38,31.5,110.12,103.25,96.75,61.38,7.25,4.38
Asphalt_0cm_S8,2026-04-02T20:28:42.927731,3,9,69,86,93,36,130,121,113,73,8,5,3,10,71,83,91,37,128,120,115,74,9,5,2,9,72,86,95,37,129,122,109,69,9,5,2,9,69,81,89,35,127,117,109,70,8,5,1,5,34,46,44,19,58,57,57,34,4,2,2,9,52,59,65,26,89,82,79,49,5,4,2,8,57,77,78,30,105,102,98,60,7,4,2,9,64,72,80,32,115,105,94,63,8,4,2.12,8.5,61.0,73.75,79.38,31.5,110.12,103.25,96.75,61.5,7.25,4.25
Asphalt_0cm_S8,2026-04-02T20:28:43.029738,3,9,69,86,93,37,130,122,113,73,9,5,3,10,71,84,91,37,128,119,115,75,9,5,3,9,72,86,95,37,129,122,109,69,9,5,2,9,69,81,89,35,127,117,109,70,8,5,1,5,34,46,44,19,58,57,57,34,4,3,2,9,53,59,65,26,89,82,79,49,5,4,2,8,58,77,78,30,105,103,99,60,7,4,2,9,64,72,80,31,115,105,94,62,8,4,2.25,8.5,61.25,73.88,79.38,31.5,110.12,103.38,96.88,61.5,7.38,4.38
Asphalt_0cm_S8,2026-04-02T20:28:43.117915,3,9,69,86,93,37,130,122,113,73,9,5,3,10,71,84,91,37,128,119,115,75,9,5,3,9,72,86,95,37,129,122,109,69,9,5,2,9,69,81,89,35,127,117,109,70,8,5,1,5,34,46,44,19,58,57,57,34,4,3,2,9,53,59,65,26,89,82,79,49,5,4,2,8,58,77,78,30,105,103,99,60,7,4,3,9,64,72,80,32,114,106,94,62,8,4,2.38,8.5,61.25,73.88,79.38,31.62,110.0,103.5,96.88,61.5,7.38,4.38
Asphalt_0cm_S8,2026-04-02T20:28:43.224040,3,9,69,86,93,37,130,122,113,73,9,5,3,10,71,84,91,37,128,119,115,75,9,5,3,9,72,86,95,37,129,122,109,69,9,5,2,9,69,81,89,35,127,117,109,70,8,5,1,5,34,46,44,19,58,57,57,34,4,3,2,9,53,59,65,26,89,82,79,49,5,4,2,8,58,77,78,30,105,103,99,60,7,4,3,9,64,72,80,32,114,106,94,62,8,4,2.38,8.5,61.25,73.88,79.38,31.62,110.0,103.5,96.88,61.5,7.38,4.38
Asphalt_0cm_S8,2026-04-02T20:28:43.316722,2,9,69,86,93,37,130,122,113,73,8,5,3,9,71,83,91,37,128,120,115,75,9,5,3,9,72,86,95,37,129,122,109,69,9,5,2,9,69,81,89,35,127,117,109,70,8,5,1,5,34,46,44,19,58,57,57,34,4,3,2,9,53,59,65,26,89,82,79,49,5,4,2,8,58,77,78,30,105,103,99,60,7,4,3,9,64,72,80,32,114,106,94,62,8,4,2.25,8.38,61.25,73.75,79.38,31.62,110.0,103.62,96.88,61.5,7.25,4.38
Asphalt_0cm_S8,2026-04-02T20:28:43.429120,2,9,69,86,93,37,130,122,113,73,8,5,3,9,71,83,91,37,128,120,115,75,9,5,3,9,72,86,95,37,129,122,109,69,9,5,2,9,69,81,89,35,127,117,109,70,8,5,1,5,34,46,44,19,58,57,57,34,4,3,2,9,53,59,65,26,89,82,79,49,5,4,2,8,58,77,78,30,105,103,99,60,7,4,3,9,64,72,80,32,114,106,94,62,8,4,2.25,8.38,61.25,73.75,79.38,31.62,110.0,103.62,96.88,61.5,7.25,4.38
Asphalt_0cm_S8,2026-04-02T20:28:43.534258,2,9,69,86,93,37,130,122,113,73,8,5,3,10,71,84,91,37,128,120,115,75,9,5,3,9,72,86,95,37,129,122,109,69,9,5,2,9,69,81,89,35,127,117,109,70,8,5,1,5,34,46,44,19,58,57,57,34,4,3,2,9,53,59,65,26,89,82,79,49,5,4,2,8,58,77,78,30,105,103,99,60,7,4,3,9,64,72,80,32,114,106,94,62,8,4,2.25,8.5,61.25,73.88,79.38,31.62,110.0,103.62,96.88,61.5,7.25,4.38
Asphalt_0cm_S8,2026-04-02T20:28:43.640343,2,9,69,86,93,37,130,122,113,73,8,5,3,10,71,84,91,37,128,120,115,75,9,5,3,9,72,86,95,37,129,122,109,69,9,5,2,9,69,81,89,35,127,117,109,70,8,5,1,5,34,46,44,19,58,57,57,34,4,3,2,9,53,59,65,26,89,82,79,49,5,4,2,8,58,77,78,30,105,103,99,60,7,4,3,9,64,72,80,32,114,106,94,62,8,4,2.25,8.5,61.25,73.88,79.38,31.62,110.0,103.62,96.88,61.5,7.25,4.38
Asphalt_0cm_S8,2026-04-02T20:28:43.744816,2,9,69,86,93,37,130,122,113,73,8,5,3,10,71,84,91,37,128,120,115,75,9,5,3,9,72,86,95,37,129,122,109,69,9,5,2,9,69,81,89,35,127,117,109,70,8,5,1,5,34,46,44,19,58,57,57,34,4,3,2,9,53,59,65,26,89,81,79,49,5,4,2,8,58,77,78,30,105,103,99,60,7,4,3,9,64,72,80,32,114,106,94,62,8,4,2.25,8.5,61.25,73.88,79.38,31.62,110.0,103.5,96.88,61.5,7.25,4.38
Asphalt_0cm_S8,2026-04-02T20:28:43.851643,2,9,69,86,93,37,130,122,113,73,8,5,3,10,71,84,91,37,128,120,115,75,9,5,3,9,72,86,95,37,129,122,109,69,9,5,2,9,69,81,89,35,127,117,109,70,8,5,1,5,34,46,44,19,58,57,57,34,4,3,2,9,53,59,65,26,89,81,79,49,5,4,2,8,58,77,78,30,105,103,99,60,7,4,3,9,64,72,80,32,114,106,94,62,8,4,2.25,8.5,61.25,73.88,79.38,31.62,110.0,103.5,96.88,61.5,7.25,4.38
Asphalt_0cm_S8,2026-04-02T20:28:43.936368,2,9,69,86,93,37,130,122,113,73,8,5,2,10,71,84,91,37,128,120,115,75,9,5,2,9,72,86,95,37,129,121,109,69,9,5,2,9,69,81,89,35,127,117,109,70,8,5,1,5,34,46,44,19,58,57,57,34,4,2,2,9,53,59,65,26,90,82,79,49,5,4,2,8,58,77,78,30,105,103,99,60,7,4,3,9,64,72,80,32,115,105,94,63,8,4,2.0,8.5,61.25,73.88,79.38,31.62,110.25,103.38,96.88,61.62,7.25,4.25
Asphalt_0cm_S8,2026-04-02T20:28:44.036120,3,9,69,86,93,37,130,122,113,73,8,5,3,10,71,83,90,37,128,120,115,75,9,5,3,9,72,86,95,37,129,122,109,69,9,5,2,9,69,80,89,35,127,117,109,70,8,5,1,5,34,46,44,19,58,57,57,34,4,2,2,9,53,59,65,26,90,82,79,49,5,4,2,8,58,77,78,30,105,103,99,60,7,4,3,9,64,72,80,32,115,105,94,63,8,4,2.38,8.5,61.25,73.62,79.25,31.62,110.25,103.5,96.88,61.62,7.25,4.25
Asphalt_0cm_S8,2026-04-02T20:28:44.125021,3,9,69,86,93,37,130,122,113,73,8,5,3,10,71,83,90,37,128,120,115,75,9,5,3,9,72,86,95,37,129,122,109,69,9,5,2,9,69,80,89,35,127,117,109,70,8,5,1,5,34,46,44,19,58,57,57,34,4,2,2,9,53,59,65,26,90,82,79,49,5,4,2,8,58,77,78,30,105,103,98,61,7,4,2,9,64,72,80,32,115,106,94,63,8,4,2.25,8.5,61.25,73.62,79.25,31.62,110.25,103.62,96.75,61.75,7.25,4.25
Asphalt_0cm_S8,2026-04-02T20:28:44.218689,3,9,69,86,93,37,130,122,113,73,8,5,3,10,71,83,90,37,128,120,115,75,9,5,3,9,72,86,95,37,129,122,109,69,9,5,2,9,69,80,89,35,127,117,109,70,8,5,1,5,34,46,44,19,58,57,57,34,4,2,2,9,53,59,65,26,90,82,79,49,5,4,2,8,58,77,78,30,105,103,98,61,7,4,2,9,64,72,80,32,115,106,94,63,8,4,2.25,8.5,61.25,73.62,79.25,31.62,110.25,103.62,96.75,61.75,7.25,4.25
Asphalt_0cm_S8,2026-04-02T20:28:44.302990,2,9,69,86,93,37,130,122,113,73,8,5,3,10,71,83,91,37,128,120,115,75,9,5,3,9,72,86,95,37,129,121,109,69,9,5,2,9,69,80,89,35,127,117,109,70,8,5,1,5,34,46,44,19,58,57,57,34,4,2,2,9,53,59,65,26,90,82,79,49,5,4,2,8,58,77,78,30,105,103,98,61,7,4,2,9,64,72,80,32,115,106,94,63,8,4,2.12,8.5,61.25,73.62,79.38,31.62,110.25,103.5,96.75,61.75,7.25,4.25
Asphalt_0cm_S8,2026-04-02T20:28:44.406430,2,9,69,86,93,37,130,122,113,73,8,5,3,10,71,83,91,37,128,120,115,75,9,5,3,9,72,86,95,37,129,121,109,69,9,5,2,9,70,81,89,35,127,117,109,70,8,5,1,5,34,46,44,19,58,57,57,34,4,2,2,9,53,59,65,26,90,82,79,49,5,4,2,8,58,77,78,30,105,103,99,61,7,4,2,9,64,72,80,32,115,106,94,63,8,4,2.12,8.5,61.38,73.75,79.38,31.62,110.25,103.5,96.88,61.75,7.25,4.25
Asphalt_0cm_S8,2026-04-02T20:28:44.497750,2,9,69,86,93,37,131,122,113,73,8,5,3,10,71,84,91,37,128,120,115,75,9,5,3,9,72,86,95,37,129,122,109,69,9,5,2,9,70,81,89,35,127,117,109,70,8,5,1,5,34,47,44,19,58,57,57,34,3,2,2,9,53,59,64,26,90,82,79,49,5,4,3,8,58,77,78,30,105,103,98,61,7,4,3,9,64,72,80,31,115,106,94,63,8,4,2.38,8.5,61.38,74.0,79.25,31.5,110.38,103.62,96.75,61.75,7.12,4.25
Asphalt_0cm_S8,2026-04-02T20:28:44.596597,2,9,69,86,93,37,131,122,113,73,8,5,3,10,71,84,91,37,128,120,115,75,9,5,3,9,72,86,95,37,129,122,109,69,9,5,2,9,70,81,89,35,127,117,109,70,8,5,1,5,34,47,44,19,58,57,57,34,4,2,2,9,53,59,65,26,89,82,79,49,5,4,2,8,58,77,78,30,105,103,98,60,7,4,3,9,64,72,80,32,115,106,94,63,8,4,2.25,8.5,61.38,74.0,79.38,31.62,110.25,103.62,96.75,61.62,7.25,4.25
Asphalt_0cm_S8,2026-04-02T20:28:44.693355,2,9,69,86,93,37,131,122,113,73,8,5,3,10,71,84,91,37,128,120,115,75,9,5,3,9,72,86,95,37,129,122,109,69,9,5,2,9,70,81,89,35,127,117,109,70,8,5,1,5,34,47,44,19,58,57,57,34,4,2,2,9,53,59,65,26,89,82,79,49,5,4,2,8,58,77,78,30,105,103,98,60,7,4,3,9,64,72,80,32,115,106,94,63,8,4,2.25,8.5,61.38,74.0,79.38,31.62,110.25,103.62,96.75,61.62,7.25,4.25
Asphalt_0cm_S8,2026-04-02T20:28:44.784527,2,9,70,86,93,37,131,122,113,73,9,5,3,10,71,84,91,37,128,120,115,75,9,5,3,9,72,86,95,37,129,122,110,69,9,5,2,9,70,81,89,35,127,117,109,70,8,5,1,5,34,47,44,19,58,57,57,34,4,2,2,9,53,59,65,26,89,82,79,49,5,4,2,8,58,77,78,30,105,103,98,60,7,4,3,9,64,72,80,32,115,106,94,63,8,4,2.25,8.5,61.5,74.0,79.38,31.62,110.25,103.62,96.88,61.62,7.38,4.25
Asphalt_0cm_S8,2026-04-02T20:28:44.877794,2,9,70,86,93,37,131,122,113,73,9,5,3,10,71,84,91,37,128,120,115,75,9,5,3,9,72,86,95,37,129,122,110,69,9,5,2,9,70,81,89,35,127,117,109,70,8,5,1,5,34,47,44,19,58,57,57,34,4,2,2,9,53,59,65,26,89,82,79,49,5,4,2,8,58,77,78,30,105,103,98,60,7,4,3,9,64,72,80,32,115,106,94,63,8,4,2.25,8.5,61.5,74.0,79.38,31.62,110.25,103.62,96.88,61.62,7.38,4.25
Asphalt_0cm_S8,2026-04-02T20:28:44.968672,2,9,70,86,93,37,131,122,114,73,8,5,2,10,71,83,91,37,128,120,115,75,9,5,3,9,72,86,95,37,129,122,109,69,9,5,2,9,70,81,89,35,127,118,110,71,8,5,1,5,34,46,44,19,58,57,57,34,4,2,2,9,52,59,65,26,90,82,79,49,5,4,2,8,58,77,78,30,105,103,99,60,7,4,3,9,64,72,80,32,115,106,94,63,8,4,2.12,8.5,61.38,73.75,79.38,31.62,110.38,103.75,97.12,61.75,7.25,4.25
Asphalt_0cm_S8,2026-04-02T20:28:45.060316,2,9,70,86,93,37,131,122,114,73,8,5,2,10,71,83,91,37,128,120,115,75,9,5,3,9,72,86,95,37,129,122,109,69,9,5,2,9,70,81,89,35,127,118,110,70,8,5,1,5,34,47,44,19,58,57,57,34,4,3,2,9,53,59,65,26,90,82,79,49,5,4,2,8,58,77,78,30,105,103,98,61,7,4,3,9,64,72,80,32,115,106,94,63,8,4,2.12,8.5,61.5,73.88,79.38,31.62,110.38,103.75,97.0,61.75,7.25,4.38
Asphalt_0cm_S8,2026-04-02T20:28:45.191017,2,9,70,86,93,37,131,122,114,73,8,5,2,10,71,83,91,37,128,120,115,75,9,5,3,9,72,86,95,37,129,122,109,69,9,5,2,9,70,81,89,35,127,118,110,70,8,5,1,5,34,47,44,19,58,57,57,34,4,3,2,9,53,59,65,26,90,82,79,49,5,4,2,8,58,77,78,30,105,103,98,61,7,4,3,9,64,72,80,32,115,106,94,63,8,4,2.12,8.5,61.5,73.88,79.38,31.62,110.38,103.75,97.0,61.75,7.25,4.38
Asphalt_0cm_S8,2026-04-02T20:28:45.278862,2,9,70,86,93,37,131,122,114,73,8,5,2,10,71,83,91,37,128,120,115,75,9,5,3,9,72,86,95,37,129,122,109,69,9,5,2,9,70,81,89,35,127,118,110,70,8,5,1,5,34,47,44,19,58,57,57,34,4,3,2,9,53,59,65,26,90,82,79,49,5,4,2,8,58,77,78,30,105,103,98,61,7,4,3,9,64,72,80,32,115,106,94,63,8,4,2.12,8.5,61.5,73.88,79.38,31.62,110.38,103.75,97.0,61.75,7.25,4.38
Asphalt_0cm_S8,2026-04-02T20:28:45.378943,2,9,69,87,93,37,131,122,114,73,8,5,3,10,71,84,91,37,128,120,115,75,9,5,3,9,72,86,95,37,130,122,109,69,9,5,2,9,70,81,89,35,127,118,110,70,8,5,1,5,34,47,44,19,58,57,57,34,4,2,2,9,53,59,65,26,90,82,79,49,5,4,3,8,58,77,78,30,105,103,99,61,7,4,2,9,64,72,80,32,115,106,94,63,8,4,2.25,8.5,61.38,74.12,79.38,31.62,110.5,103.75,97.12,61.75,7.25,4.25
Asphalt_0cm_S8,2026-04-02T20:28:45.473817,3,9,70,86,93,37,131,122,113,73,9,5,3,10,71,84,91,37,128,120,115,75,9,5,3,9,72,86,95,37,130,122,109,69,9,5,2,9,70,81,89,35,127,118,110,70,8,5,1,5,34,47,44,19,58,57,57,34,4,2,2,9,53,59,65,26,90,82,79,49,5,4,2,8,58,77,78,30,105,103,99,61,7,4,2,9,64,72,80,32,115,106,94,63,8,4,2.25,8.5,61.5,74.0,79.38,31.62,110.5,103.75,97.0,61.75,7.38,4.25
Asphalt_0cm_S8,2026-04-02T20:28:45.568503,3,9,70,86,93,37,131,122,113,73,9,5,3,10,71,84,91,37,128,120,115,75,9,5,3,9,72,86,95,37,129,122,110,69,9,5,2,9,70,81,89,35,127,118,110,71,8,5,1,5,34,47,44,19,58,57,57,34,4,2,2,9,53,59,65,26,90,82,79,49,5,4,2,8,58,77,78,30,105,103,99,61,7,4,2,9,64,72,80,32,115,106,94,63,8,4,2.25,8.5,61.5,74.0,79.38,31.62,110.38,103.75,97.12,61.88,7.38,4.25
Asphalt_0cm_S8,2026-04-02T20:28:45.659812,3,9,70,86,93,37,131,122,113,73,9,5,3,10,71,84,91,37,128,120,115,75,9,5,3,9,72,86,95,37,129,122,110,69,9,5,2,9,70,81,89,35,127,118,110,71,8,5,1,5,34,47,44,19,58,57,57,34,4,2,2,9,53,59,65,26,90,82,79,49,5,4,2,8,58,77,78,30,105,103,99,61,7,4,2,9,64,72,80,32,115,106,95,63,8,4,2.25,8.5,61.5,74.0,79.38,31.62,110.38,103.75,97.25,61.88,7.38,4.25
Asphalt_0cm_S8,2026-04-02T20:28:45.750349,2,9,70,87,93,37,131,122,114,73,8,5,3,10,71,84,91,37,128,120,115,75,9,5,3,9,72,86,95,37,129,122,110,69,9,5,2,9,70,81,89,35,127,118,110,71,8,5,1,5,34,47,44,19,58,57,57,34,4,2,2,9,53,59,65,26,90,82,79,49,5,4,2,8,58,77,78,30,105,103,99,61,7,4,2,9,64,72,80,32,115,106,95,63,8,4,2.12,8.5,61.5,74.12,79.38,31.62,110.38,103.75,97.38,61.88,7.25,4.25
Asphalt_0cm_S8,2026-04-02T20:28:45.844131,2,9,70,86,93,37,131,122,113,73,8,5,3,10,71,84,91,37,128,120,115,75,9,5,3,9,72,86,95,37,129,122,110,69,9,5,2,9,70,81,89,35,127,118,110,71,8,5,1,6,34,47,44,19,58,57,57,34,4,2,2,9,53,59,65,26,90,82,79,49,5,4,2,8,58,77,78,30,105,103,99,61,7,4,2,9,64,72,80,32,115,106,95,63,8,4,2.12,8.62,61.5,74.0,79.38,31.62,110.38,103.75,97.25,61.88,7.25,4.25
Asphalt_0cm_S8,2026-04-02T20:28:45.931137,2,9,70,86,93,37,131,122,113,73,8,5,3,10,71,84,91,37,128,120,115,75,9,5,3,9,72,86,95,37,129,122,110,69,9,5,2,9,70,81,89,35,127,118,110,71,8,5,1,6,34,47,44,19,58,57,57,34,4,2,2,9,53,59,65,26,90,82,79,49,5,4,2,8,58,77,78,30,105,103,99,61,7,4,3,9,64,72,80,32,115,106,94,63,8,4,2.25,8.62,61.5,74.0,79.38,31.62,110.38,103.75,97.12,61.88,7.25,4.25
Asphalt_0cm_S8,2026-04-02T20:28:46.038330,3,9,69,86,93,37,131,122,113,73,8,5,3,10,71,84,91,37,128,120,115,75,9,5,3,9,72,86,95,37,129,122,110,69,9,5,2,9,70,81,89,35,128,118,110,71,8,5,1,5,34,47,44,19,58,57,57,34,4,2,2,9,53,59,65,26,90,82,79,49,5,3,2,8,58,77,78,30,105,103,99,61,7,4,3,9,64,72,80,32,115,106,94,63,8,4,2.38,8.5,61.38,74.0,79.38,31.62,110.5,103.75,97.12,61.88,7.25,4.12
Asphalt_0cm_S8,2026-04-02T20:28:46.129910,3,9,69,86,93,37,131,122,113,73,8,5,3,10,71,84,91,37,128,120,115,75,9,5,3,9,72,86,95,37,129,122,110,69,9,5,2,9,70,81,89,35,128,118,110,71,8,5,1,5,34,47,44,19,58,57,57,34,4,2,2,9,53,59,65,26,90,82,79,49,5,3,2,8,58,77,78,30,105,103,99,61,7,4,2,9,64,72,80,32,115,106,94,63,8,4,2.25,8.5,61.38,74.0,79.38,31.62,110.5,103.75,97.12,61.88,7.25,4.12
Asphalt_0cm_S8,2026-04-02T20:28:46.216067,2,9,70,86,94,37,131,122,114,73,8,5,3,10,71,84,91,37,128,120,115,75,9,5,3,9,72,86,95,37,130,122,110,69,9,5,2,9,70,81,89,35,128,118,110,71,8,5,1,5,34,47,44,19,58,57,57,34,4,2,2,9,53,59,65,26,90,82,79,49,5,3,2,8,58,77,78,30,105,103,99,61,7,4,2,9,64,72,80,32,115,106,94,63,8,4,2.12,8.5,61.5,74.0,79.5,31.62,110.62,103.75,97.25,61.88,7.25,4.12
Asphalt_0cm_S8,2026-04-02T20:28:46.307368,2,9,70,86,93,37,131,122,113,73,9,5,3,10,71,84,91,37,128,120,115,75,9,5,3,9,72,86,95,37,130,122,110,69,9,5,2,9,70,81,89,35,127,118,110,71,8,5,1,6,34,47,44,19,58,57,57,34,4,2,2,9,53,59,65,26,90,82,79,49,5,4,2,8,58,77,78,30,105,103,98,60,7,5,2,9,64,72,80,32,115,106,94,63,8,4,2.12,8.62,61.5,74.0,79.38,31.62,110.5,103.75,97.0,61.75,7.38,4.38
Asphalt_0cm_S8,2026-04-02T20:28:46.414467,2,9,70,86,93,37,131,122,113,73,9,5,3,10,71,84,91,37,128,120,115,75,9,5,3,9,72,86,95,37,130,122,109,69,9,5,2,9,70,81,89,35,128,118,110,71,8,5,2,5,34,46,44,19,58,57,57,34,4,3,2,9,53,59,65,26,90,82,79,49,5,4,2,8,58,77,78,30,105,103,99,61,7,4,3,9,64,72,80,32,115,106,94,63,8,4,2.38,8.5,61.5,73.88,79.38,31.62,110.62,103.75,97.0,61.88,7.38,4.38
Asphalt_0cm_S8,2026-04-02T20:28:46.519268,2,9,70,87,93,37,131,122,113,73,8,5,3,10,71,84,91,37,128,120,115,75,9,5,3,9,72,86,95,37,130,122,110,69,9,5,2,9,70,82,89,35,128,118,110,71,8,5,2,5,34,46,44,19,58,57,57,34,4,3,2,9,53,59,65,26,90,82,79,49,5,4,2,8,58,77,78,30,105,103,99,61,7,4,3,9,64,72,80,32,115,106,94,63,8,4,2.38,8.5,61.5,74.12,79.38,31.62,110.62,103.75,97.12,61.88,7.25,4.38
Asphalt_0cm_S8,2026-04-02T20:28:46.606767,2,9,70,87,93,37,131,122,113,73,8,5,3,10,71,84,91,37,128,120,115,75,9,5,3,9,72,86,95,37,130,122,110,69,9,5,2,9,70,82,89,35,128,118,110,71,8,5,1,5,34,46,44,19,58,57,57,34,4,2,2,9,53,59,65,26,90,82,79,49,5,4,3,8,58,77,78,30,105,103,99,61,7,4,3,9,64,72,80,32,115,106,94,63,8,4,2.38,8.5,61.5,74.12,79.38,31.62,110.62,103.75,97.12,61.88,7.25,4.25
Asphalt_0cm_S8,2026-04-02T20:28:46.715399,2,9,70,87,93,37,131,122,113,73,8,5,3,10,71,84,91,37,128,120,115,75,9,5,3,9,72,86,95,37,130,122,110,69,9,5,2,9,70,82,89,35,128,118,110,71,8,5,1,5,34,46,44,19,58,57,57,34,4,2,2,9,53,59,65,26,90,82,79,49,5,4,3,8,58,77,78,30,105,103,99,61,7,4,3,9,64,72,80,32,115,106,94,63,8,4,2.38,8.5,61.5,74.12,79.38,31.62,110.62,103.75,97.12,61.88,7.25,4.25
Asphalt_0cm_S8,2026-04-02T20:28:46.803338,2,9,70,86,94,37,131,122,114,73,9,5,3,10,71,84,91,37,128,120,115,75,9,5,3,9,72,86,95,37,130,122,110,69,9,5,2,9,70,82,89,35,128,118,110,71,8,5,1,5,34,46,44,19,58,57,57,34,4,2,2,9,53,59,65,26,90,82,79,49,5,4,3,8,58,77,78,30,105,103,99,61,7,4,3,9,64,72,80,32,115,106,94,63,8,4,2.38,8.5,61.5,74.0,79.5,31.62,110.62,103.75,97.25,61.88,7.38,4.25
Asphalt_0cm_S8,2026-04-02T20:28:46.914596,3,9,69,86,93,37,131,122,113,73,9,5,3,10,71,84,91,37,128,120,115,75,9,5,3,9,72,86,94,37,130,122,109,69,9,5,2,9,70,81,89,35,127,118,110,71,8,5,1,5,34,46,44,19,58,57,57,34,4,2,2,9,53,59,65,26,90,82,79,49,5,4,2,8,58,77,78,30,105,103,99,61,7,5,2,9,64,72,80,31,115,106,94,63,8,4,2.25,8.5,61.38,73.88,79.25,31.5,110.5,103.75,97.0,61.88,7.38,4.38
Asphalt_0cm_S8,2026-04-02T20:28:47.008431,3,9,70,86,94,37,131,122,114,73,9,5,3,10,71,84,91,37,128,120,116,75,9,5,3,9,72,86,95,37,130,122,110,69,9,5,2,9,70,81,89,35,128,118,110,71,8,5,1,5,34,46,44,19,58,57,57,34,4,2,2,9,53,59,65,26,90,82,79,49,5,4,2,8,58,77,78,30,105,103,99,61,7,5,2,9,64,72,80,31,115,106,94,63,8,4,2.25,8.5,61.5,73.88,79.5,31.5,110.62,103.75,97.38,61.88,7.38,4.38
Asphalt_0cm_S8,2026-04-02T20:28:47.096823,3,9,70,86,94,37,131,122,114,73,9,5,3,10,71,84,91,37,128,120,116,75,9,5,3,9,72,86,95,37,130,122,110,69,9,5,2,9,70,81,89,35,128,118,110,71,8,5,1,5,34,47,44,19,58,57,57,34,3,2,2,9,53,59,65,26,89,82,79,49,5,4,2,8,58,77,78,30,105,103,99,61,7,5,2,9,64,72,80,31,115,106,94,63,8,4,2.25,8.5,61.5,74.0,79.5,31.5,110.5,103.75,97.38,61.88,7.25,4.38
Asphalt_0cm_S8,2026-04-02T20:28:47.186694,2,9,70,86,93,37,131,122,113,73,8,5,3,10,71,84,91,37,128,120,116,75,9,5,3,9,72,86,95,37,130,122,110,69,9,5,2,9,70,81,89,35,128,118,110,71,8,5,1,5,34,47,44,19,58,57,57,34,3,2,2,9,53,59,65,26,89,82,79,49,5,4,2,8,58,77,78,30,105,103,99,61,7,4,3,9,64,72,80,31,115,106,94,63,8,4,2.25,8.5,61.5,74.0,79.38,31.5,110.5,103.75,97.25,61.88,7.12,4.25
Asphalt_0cm_S8,2026-04-02T20:28:47.285933,2,9,70,86,93,37,131,122,113,73,8,5,3,10,71,84,91,37,128,120,116,75,9,5,3,9,72,86,95,37,130,122,110,69,9,5,2,9,70,81,89,35,128,118,110,71,8,5,1,5,34,47,44,19,58,57,57,34,3,2,2,9,53,59,65,26,89,82,79,49,5,4,2,8,58,77,78,30,105,103,99,61,7,4,3,9,64,72,80,31,115,106,94,63,8,4,2.25,8.5,61.5,74.0,79.38,31.5,110.5,103.75,97.25,61.88,7.12,4.25
Asphalt_0cm_S8,2026-04-02T20:28:47.377077,2,9,70,87,93,37,131,122,113,73,8,5,3,10,71,84,91,37,128,120,115,75,9,5,3,9,72,86,95,37,130,122,110,69,9,5,2,9,70,81,89,35,128,118,110,71,8,5,1,5,34,46,44,19,58,57,57,34,3,2,2,9,53,59,65,26,90,82,79,49,5,4,2,8,58,77,78,30,105,103,99,61,7,4,3,9,64,72,80,32,115,106,94,63,8,4,2.25,8.5,61.5,74.0,79.38,31.62,110.62,103.75,97.12,61.88,7.12,4.25
Asphalt_0cm_S8,2026-04-02T20:28:47.476804,3,9,69,87,94,37,131,122,114,73,9,5,2,10,71,84,91,37,128,120,115,75,9,5,3,9,72,86,95,37,130,122,110,69,9,5,2,9,70,81,89,35,128,118,110,71,8,5,1,5,34,46,44,19,58,57,57,34,3,2,2,9,53,59,65,26,90,82,79,49,5,4,3,8,58,77,78,30,105,103,99,61,7,4,3,9,64,72,80,32,115,106,94,63,8,4,2.38,8.5,61.38,74.0,79.5,31.62,110.62,103.75,97.25,61.88,7.25,4.25
Asphalt_0cm_S8,2026-04-02T20:28:47.564464,3,9,69,87,94,37,131,122,114,73,9,5,2,10,71,84,91,37,128,120,115,75,9,5,3,9,72,86,95,37,130,122,110,69,9,5,2,9,70,82,90,35,128,118,110,71,8,5,1,5,35,46,44,19,58,57,57,34,4,2,2,9,53,59,65,26,90,82,79,49,5,4,2,8,58,77,78,30,105,103,99,61,7,4,3,9,64,72,80,32,115,106,94,63,8,4,2.25,8.5,61.5,74.12,79.62,31.62,110.62,103.75,97.25,61.88,7.38,4.25
Asphalt_0cm_S8,2026-04-02T20:28:47.653856,3,9,69,87,94,37,131,122,114,73,9,5,2,10,71,84,91,37,128,120,115,75,9,5,3,9,72,86,95,37,130,122,110,69,9,5,2,9,70,82,90,35,128,118,110,71,8,5,1,5,35,46,44,19,58,57,57,34,4,2,2,9,53,59,65,26,90,82,79,49,5,4,2,8,58,77,78,30,105,103,99,61,7,4,3,9,64,72,80,32,115,106,94,63,8,4,2.25,8.5,61.5,74.12,79.62,31.62,110.62,103.75,97.25,61.88,7.38,4.25
Asphalt_0cm_S8,2026-04-02T20:28:47.738153,3,9,69,87,94,37,131,122,114,73,9,5,2,10,71,84,91,37,128,120,115,75,9,5,3,9,72,86,95,37,130,122,110,69,9,5,2,9,70,82,90,35,128,118,110,71,8,5,1,5,35,46,44,19,58,57,57,34,4,2,2,9,53,59,65,26,90,82,79,49,5,4,2,8,58,77,78,30,105,103,99,61,7,4,3,9,64,72,80,32,115,106,94,63,8,4,2.25,8.5,61.5,74.12,79.62,31.62,110.62,103.75,97.25,61.88,7.38,4.25
Asphalt_0cm_S8,2026-04-02T20:28:47.853028,2,9,70,86,94,37,131,122,114,73,8,5,3,10,71,84,91,37,128,120,116,75,9,5,3,9,72,86,95,37,130,122,110,69,9,5,2,9,70,82,90,35,128,119,111,71,8,5,1,5,35,46,44,19,58,57,57,34,4,2,2,9,53,59,65,26,90,82,79,49,5,4,2,8,58,77,78,30,105,103,99,61,7,4,3,9,64,72,81,32,115,106,94,63,7,4,2.25,8.5,61.62,74.0,79.75,31.62,110.62,103.88,97.5,61.88,7.12,4.25
Asphalt_0cm_S8,2026-04-02T20:28:47.939353,2,9,70,86,94,37,131,122,114,73,8,5,3,10,71,84,91,37,128,120,116,75,9,5,3,9,72,86,95,37,130,122,110,69,9,5,2,9,70,82,90,35,128,119,111,71,8,5,1,5,34,47,44,19,59,57,57,34,4,2,2,9,53,59,65,26,90,82,79,49,5,4,2,8,58,77,78,30,105,103,99,61,7,5,3,9,64,72,81,32,115,106,95,63,8,5,2.25,8.5,61.5,74.12,79.75,31.62,110.75,103.88,97.62,61.88,7.25,4.5
Asphalt_0cm_S8,2026-04-02T20:28:48.036576,2,9,70,87,94,37,131,122,114,73,8,5,3,10,71,84,91,37,128,120,116,75,9,5,3,9,72,86,95,37,130,122,110,69,9,5,2,9,70,82,90,36,128,118,111,71,8,5,1,5,34,47,44,19,58,57,57,34,4,3,2,9,53,59,65,26,90,82,79,49,5,4,2,8,58,77,78,30,105,103,99,61,7,5,3,9,64,72,81,32,115,106,95,63,8,5,2.25,8.5,61.5,74.25,79.75,31.75,110.62,103.75,97.62,61.88,7.25,4.62
Asphalt_0cm_S8,2026-04-02T20:28:48.125968,2,9,70,87,94,37,131,122,114,73,8,5,3,10,71,84,91,37,128,120,116,75,9,5,3,9,72,86,95,37,130,122,110,69,9,5,2,9,70,82,90,36,128,118,111,71,8,5,1,5,34,47,44,19,58,57,57,34,4,3,2,9,53,59,65,26,90,82,79,49,5,4,2,8,58,77,78,30,105,103,99,61,7,4,3,9,64,72,81,32,115,106,95,63,8,5,2.25,8.5,61.5,74.25,79.75,31.75,110.62,103.75,97.62,61.88,7.25,4.5
Asphalt_0cm_S8,2026-04-02T20:28:48.232491,2,9,70,87,94,37,131,123,114,73,8,5,3,10,71,84,91,37,128,120,116,75,9,5,3,9,72,86,95,37,130,122,110,69,9,5,2,9,70,82,90,36,128,118,111,71,8,5,1,5,34,47,44,19,58,57,57,34,4,3,2,9,53,59,65,26,90,82,79,49,5,4,2,8,58,77,78,30,105,103,99,61,7,4,3,9,64,72,81,32,115,106,95,63,8,4,2.25,8.5,61.5,74.25,79.75,31.75,110.62,103.88,97.62,61.88,7.25,4.38
Asphalt_0cm_S8,2026-04-02T20:28:48.348572,3,9,70,87,94,37,131,123,114,73,8,5,3,10,72,84,91,37,128,120,116,75,9,5,3,9,72,86,95,37,130,122,110,69,9,5,2,9,70,82,90,35,128,119,111,71,8,5,1,5,34,47,44,19,58,57,57,34,4,2,2,9,53,59,65,26,90,82,79,49,5,4,2,8,58,77,78,30,105,103,99,61,7,4,2,9,64,72,81,31,115,106,95,63,8,4,2.25,8.5,61.62,74.25,79.75,31.5,110.62,104.0,97.62,61.88,7.25,4.25
Asphalt_0cm_S8,2026-04-02T20:28:48.434099,3,9,70,87,94,37,131,123,114,73,8,5,3,10,72,84,91,37,128,120,116,75,9,5,3,9,72,86,95,37,130,122,110,69,9,5,2,9,70,82,90,35,128,119,111,71,8,5,1,5,35,47,44,19,58,57,57,34,4,3,2,9,53,59,65,26,90,82,79,49,5,4,2,8,58,77,78,30,105,103,99,61,7,4,3,9,64,72,80,32,115,106,94,63,8,4,2.38,8.5,61.75,74.25,79.62,31.62,110.62,104.0,97.5,61.88,7.25,4.38
Asphalt_0cm_S8,2026-04-02T20:28:48.571255,2,9,70,87,94,37,131,123,114,73,8,5,2,10,71,84,91,37,129,120,116,75,9,5,3,9,72,86,96,37,130,123,110,69,9,5,2,9,70,82,90,35,128,119,111,71,8,5,1,5,34,47,44,19,58,57,57,34,4,2,2,9,53,59,65,26,90,82,79,49,5,4,2,8,58,77,78,30,105,103,99,61,7,4,3,9,64,72,80,32,115,106,94,63,8,4,2.12,8.5,61.5,74.25,79.75,31.62,110.75,104.12,97.5,61.88,7.25,4.25
Asphalt_0cm_S8,2026-04-02T20:28:48.681169,2,9,70,87,94,37,131,123,114,73,8,5,2,10,71,84,91,37,129,120,116,75,9,5,3,9,72,86,96,37,130,123,110,69,9,5,2,9,70,82,90,35,128,119,111,71,8,5,1,5,34,47,44,19,58,57,57,34,4,2,2,9,53,59,65,26,89,82,79,49,5,4,2,8,58,77,78,30,105,103,99,61,7,4,2,9,64,72,81,32,115,106,94,63,8,4,2.0,8.5,61.5,74.25,79.88,31.62,110.62,104.12,97.5,61.88,7.25,4.25
Asphalt_0cm_S8,2026-04-02T20:28:48.779291,2,9,70,87,94,37,131,123,114,73,8,5,2,10,71,84,91,37,129,120,116,75,9,5,3,9,72,86,96,37,130,123,110,69,9,5,2,9,70,82,90,35,128,119,111,71,8,5,1,5,34,47,44,19,58,57,57,34,4,2,2,9,53,59,65,26,89,82,79,49,5,4,2,8,58,77,78,30,105,103,99,61,7,4,2,9,64,72,81,32,115,106,94,63,8,4,2.0,8.5,61.5,74.25,79.88,31.62,110.62,104.12,97.5,61.88,7.25,4.25
Asphalt_0cm_S8,2026-04-02T20:28:48.869939,2,9,70,87,94,37,131,123,114,73,8,5,3,10,72,84,91,37,129,121,116,75,9,5,3,9,72,87,96,37,130,123,110,69,9,5,2,9,70,82,90,35,128,119,111,71,8,5,1,5,34,47,44,19,58,57,57,34,4,2,2,9,53,59,65,26,89,82,79,49,5,4,2,8,58,77,78,30,105,103,99,61,7,4,2,9,64,72,81,32,115,106,94,63,8,4,2.12,8.5,61.62,74.38,79.88,31.62,110.62,104.25,97.5,61.88,7.25,4.25
Asphalt_0cm_S8,2026-04-02T20:28:48.971067,2,9,70,87,94,37,132,123,114,73,8,5,3,10,72,84,92,37,129,120,116,75,9,5,3,9,73,86,96,37,130,123,110,69,9,5,2,9,70,82,90,36,128,119,110,71,8,5,1,5,34,47,44,19,58,57,57,34,4,2,2,9,53,59,65,26,90,82,79,49,5,4,2,8,58,77,78,30,105,103,99,61,7,4,2,9,64,72,81,32,115,106,95,63,8,4,2.12,8.5,61.75,74.25,80.0,31.75,110.88,104.12,97.5,61.88,7.25,4.25
Asphalt_0cm_S8,2026-04-02T20:28:49.062968,2,9,70,87,94,37,132,123,114,73,8,5,3,10,72,84,91,37,129,120,116,75,9,5,3,9,72,86,96,37,130,123,110,70,9,5,2,9,70,82,90,35,128,119,111,71,8,5,1,5,35,47,44,19,59,57,57,34,4,3,2,9,53,59,65,26,90,82,79,49,5,4,3,8,58,78,78,30,105,103,99,61,7,4,2,9,64,72,81,32,115,106,95,63,8,4,2.25,8.5,61.75,74.38,79.88,31.62,111.0,104.12,97.62,62.0,7.25,4.38
Asphalt_0cm_S8,2026-04-02T20:28:49.155227,2,9,70,87,94,37,132,123,114,73,8,5,3,10,72,84,91,37,129,120,116,75,9,5,3,9,72,86,96,37,130,123,110,70,9,5,2,9,70,82,90,35,128,119,111,71,8,5,1,5,35,47,44,19,59,57,57,34,4,3,2,9,53,59,65,26,90,82,79,49,5,4,3,8,58,78,78,30,105,103,99,61,7,4,3,9,64,72,81,32,115,106,95,63,8,4,2.38,8.5,61.75,74.38,79.88,31.62,111.0,104.12,97.62,62.0,7.25,4.38
Asphalt_0cm_S8,2026-04-02T20:28:49.243271,2,9,70,87,94,37,132,123,114,73,8,5,3,10,72,84,92,37,129,120,116,76,9,5,3,9,72,86,96,37,130,123,110,69,9,5,2,9,70,82,90,35,128,119,111,71,8,5,1,5,35,47,44,19,59,57,57,34,4,3,2,9,53,59,65,26,90,82,79,49,5,4,3,8,58,78,78,30,105,103,99,61,7,4,3,9,64,72,81,32,115,106,95,63,8,4,2.38,8.5,61.75,74.38,80.0,31.62,111.0,104.12,97.62,62.0,7.25,4.38
Asphalt_0cm_S8,2026-04-02T20:28:49.358584,2,9,70,87,94,37,132,123,114,73,9,5,2,10,72,84,92,37,129,121,116,76,9,5,3,9,73,86,96,37,130,123,110,69,9,5,2,9,70,82,90,36,128,119,111,71,8,5,1,5,35,47,44,19,59,57,57,34,4,3,2,9,53,59,65,26,90,82,79,49,5,4,2,8,58,77,78,30,106,103,99,61,7,4,3,9,64,72,81,32,115,106,95,63,8,5,2.12,8.5,61.88,74.25,80.0,31.75,111.12,104.25,97.62,62.0,7.38,4.5
Asphalt_0cm_S8,2026-04-02T20:28:49.474740,3,9,70,87,94,37,132,123,114,73,9,5,3,10,72,84,91,37,129,121,116,75,9,5,3,9,73,86,96,37,130,123,110,69,9,5,2,9,70,82,90,36,128,119,111,71,8,5,1,5,35,47,44,19,58,57,57,34,4,3,2,9,53,59,65,26,90,82,79,49,5,4,3,8,58,77,78,30,105,103,99,61,7,4,2,9,64,72,81,32,115,106,95,63,8,4,2.38,8.5,61.88,74.25,79.88,31.75,110.88,104.25,97.62,61.88,7.38,4.38
Asphalt_0cm_S8,2026-04-02T20:28:49.569521,3,9,70,87,94,37,132,123,114,73,9,5,3,10,72,84,91,37,129,121,116,75,9,5,3,9,72,86,96,37,130,123,110,69,9,5,2,9,70,82,90,35,128,119,111,71,8,5,1,5,34,47,44,19,58,57,57,34,4,2,2,9,53,59,65,26,90,82,79,49,5,4,2,8,58,77,78,30,106,103,99,61,7,5,2,9,64,72,81,32,115,106,95,63,8,4,2.25,8.5,61.62,74.25,79.88,31.62,111.0,104.25,97.62,61.88,7.38,4.38
Asphalt_0cm_S8,2026-04-02T20:28:49.687034,3,9,70,87,94,37,132,123,114,73,9,5,3,10,72,84,91,37,129,121,116,75,9,5,3,9,72,86,96,37,130,123,110,69,9,5,2,9,70,82,90,35,128,119,111,71,8,5,1,5,34,47,44,19,58,57,57,34,4,2,2,9,53,59,65,26,90,82,79,49,5,4,2,8,58,77,78,30,106,103,99,61,7,5,3,9,64,72,81,32,115,106,95,63,8,4,2.38,8.5,61.62,74.25,79.88,31.62,111.0,104.25,97.62,61.88,7.38,4.38
Asphalt_0cm_S8,2026-04-02T20:28:49.778398,3,9,70,87,94,37,132,123,114,73,9,5,3,10,72,84,91,37,129,121,116,75,9,5,3,9,72,86,96,37,130,123,110,69,9,5,2,9,70,82,90,35,128,119,111,71,8,5,1,5,34,47,44,19,58,57,57,34,4,2,2,9,53,59,65,26,90,82,79,49,5,4,2,8,58,77,78,30,106,103,99,61,7,5,3,9,64,72,81,32,115,106,95,63,8,4,2.38,8.5,61.62,74.25,79.88,31.62,111.0,104.25,97.62,61.88,7.38,4.38
Asphalt_0cm_S8,2026-04-02T20:28:49.874991,2,9,70,87,94,37,132,123,114,73,8,5,3,10,72,84,92,37,129,120,116,75,9,5,3,9,72,87,96,37,130,123,110,69,9,5,2,9,70,82,90,36,128,119,111,71,8,5,1,5,35,47,44,19,58,57,57,34,4,2,2,9,53,59,65,26,90,82,79,49,5,4,2,8,58,77,78,30,106,103,99,61,7,5,3,9,64,72,81,32,115,106,95,63,8,4,2.25,8.5,61.75,74.38,80.0,31.75,111.0,104.12,97.62,61.88,7.25,4.38
Asphalt_0cm_S8,2026-04-02T20:28:49.978785,3,9,70,87,94,37,132,123,114,73,9,5,3,10,72,84,92,37,129,120,116,75,9,5,3,9,72,87,96,37,130,123,110,69,9,5,2,9,70,82,90,36,128,119,111,71,8,5,1,5,35,47,44,19,58,57,57,34,4,2,2,9,53,59,65,26,90,82,79,49,5,4,2,8,58,77,78,30,105,103,99,61,7,4,3,9,64,72,81,32,115,106,94,63,8,4,2.38,8.5,61.75,74.38,80.0,31.75,110.88,104.12,97.5,61.88,7.38,4.25
Asphalt_0cm_S8,2026-04-02T20:28:50.076041,3,9,70,87,94,37,132,123,114,73,9,5,3,10,72,84,92,37,129,120,116,75,9,5,3,9,72,86,96,37,130,122,110,69,9,5,2,9,70,82,90,35,129,119,111,71,8,5,1,5,35,47,44,19,58,57,57,34,4,2,2,9,53,59,65,26,90,82,79,49,5,4,2,8,58,77,78,30,105,103,99,61,7,4,3,9,64,72,81,32,115,106,94,63,8,4,2.38,8.5,61.75,74.25,80.0,31.62,111.0,104.0,97.5,61.88,7.38,4.25
Asphalt_0cm_S8,2026-04-02T20:28:50.170526,3,9,70,87,94,37,132,123,114,73,9,5,3,10,72,84,92,37,129,120,116,75,9,5,3,9,72,86,96,37,130,122,110,69,9,5,2,9,70,82,90,35,129,119,111,71,8,5,1,5,35,47,44,19,58,57,57,34,4,2,2,9,53,59,65,26,90,82,79,49,5,4,2,8,58,77,78,30,105,103,99,61,7,4,3,9,64,72,81,32,115,106,94,63,8,4,2.38,8.5,61.75,74.25,80.0,31.62,111.0,104.0,97.5,61.88,7.38,4.25
Asphalt_0cm_S8,2026-04-02T20:28:50.254245,3,9,70,87,94,37,132,123,114,73,9,5,3,10,72,84,92,37,129,120,116,75,9,5,3,9,72,86,96,37,130,122,110,69,9,5,2,9,70,82,90,35,129,119,111,71,8,5,1,5,34,47,44,19,58,57,57,34,4,2,2,9,53,60,65,26,90,82,79,49,5,4,2,8,58,77,78,30,105,103,99,61,7,4,3,9,64,72,81,32,115,106,94,63,8,4,2.38,8.5,61.62,74.38,80.0,31.62,111.0,104.0,97.5,61.88,7.38,4.25
Asphalt_0cm_S8,2026-04-02T20:28:50.340948,3,9,70,87,94,37,132,123,114,73,9,5,3,10,72,84,92,37,129,120,116,75,9,5,3,9,72,86,96,37,130,122,110,69,9,5,2,9,70,82,90,35,129,119,111,71,8,5,1,5,34,47,44,19,58,57,57,34,4,2,2,9,53,60,65,26,90,82,79,49,5,4,2,8,58,77,78,30,105,103,99,61,7,4,3,9,64,72,81,32,115,106,94,63,8,4,2.38,8.5,61.62,74.38,80.0,31.62,111.0,104.0,97.5,61.88,7.38,4.25
Asphalt_0cm_S8,2026-04-02T20:28:50.427949,2,9,70,87,94,37,131,123,114,73,8,5,3,10,72,84,91,37,129,120,116,76,9,5,3,9,72,87,96,37,130,123,110,69,9,5,2,9,70,82,90,36,128,119,111,71,8,5,2,5,35,46,44,19,58,57,57,34,4,2,2,9,53,59,65,26,90,82,79,49,5,4,3,8,58,77,78,30,105,103,99,61,7,4,3,9,64,73,81,32,115,106,94,63,8,4,2.5,8.5,61.75,74.38,79.88,31.75,110.75,104.12,97.5,62.0,7.25,4.25
Asphalt_0cm_S8,2026-04-02T20:28:50.538191,2,9,70,87,94,37,131,123,114,73,8,5,3,10,72,84,92,37,129,121,116,75,9,5,3,9,72,86,96,37,130,122,110,69,9,5,2,9,70,82,90,36,128,119,111,71,8,5,1,5,34,47,44,19,58,57,57,34,4,3,2,9,53,59,65,26,90,82,79,49,5,4,3,8,58,77,78,30,105,103,99,61,7,4,3,9,64,73,81,32,115,106,94,63,8,4,2.38,8.5,61.62,74.38,80.0,31.75,110.75,104.12,97.5,61.88,7.25,4.38
Asphalt_0cm_S8,2026-04-02T20:28:50.624329,2,9,70,87,94,37,131,123,114,73,8,5,3,10,72,84,92,37,129,121,116,75,9,5,3,9,72,86,96,37,130,122,110,69,9,5,2,9,70,82,90,36,128,119,111,71,8,5,1,5,34,47,44,19,58,57,57,34,4,3,2,9,53,59,65,26,90,82,79,49,5,4,3,8,58,77,78,30,105,103,99,61,7,4,3,9,64,73,81,32,115,106,94,63,8,4,2.38,8.5,61.62,74.38,80.0,31.75,110.75,104.12,97.5,61.88,7.25,4.38
Asphalt_0cm_S8,2026-04-02T20:28:50.726586,2,9,70,87,94,37,131,123,114,73,8,5,3,10,72,84,92,37,129,121,116,75,9,5,3,9,72,86,96,37,130,122,110,69,9,5,2,9,70,82,90,36,128,119,111,71,8,5,1,5,34,47,44,19,58,57,57,34,4,3,2,9,53,59,65,26,90,82,79,49,5,4,2,8,58,78,78,30,105,103,99,61,7,4,3,9,64,72,81,32,115,106,94,63,8,4,2.25,8.5,61.62,74.38,80.0,31.75,110.75,104.12,97.5,61.88,7.25,4.38
Asphalt_0cm_S8,2026-04-02T20:28:50.814175,2,9,70,87,94,37,131,123,114,73,8,5,3,10,72,84,92,37,129,121,116,75,9,5,3,9,72,86,96,37,130,122,110,69,9,5,2,9,70,82,90,36,128,119,111,71,8,5,1,5,34,47,44,19,58,57,57,34,4,3,2,9,53,59,65,26,90,82,79,49,5,4,2,8,58,78,78,30,105,103,99,61,7,4,3,9,64,72,81,32,115,106,94,63,8,4,2.25,8.5,61.62,74.38,80.0,31.75,110.75,104.12,97.5,61.88,7.25,4.38
Asphalt_0cm_S8,2026-04-02T20:28:50.916864,2,9,70,87,94,37,131,123,114,73,8,5,3,10,72,84,92,37,129,121,116,75,9,5,3,9,72,86,96,37,130,123,110,70,9,5,2,9,70,82,90,36,129,119,111,71,8,5,1,5,35,47,44,19,59,57,57,34,4,3,2,9,53,59,65,26,90,82,79,49,5,3,3,8,58,77,78,30,106,103,99,61,7,5,2,9,64,73,81,32,115,106,94,63,8,4,2.25,8.5,61.75,74.38,80.0,31.75,111.12,104.25,97.5,62.0,7.25,4.38
Asphalt_0cm_S8,2026-04-02T20:28:51.008165,2,9,70,87,94,37,132,123,114,74,8,5,3,10,72,84,91,37,129,121,116,75,9,5,3,9,72,86,96,37,130,123,110,69,9,5,2,9,70,82,90,35,128,119,111,71,8,5,1,5,35,47,44,19,59,57,57,34,4,3,2,9,53,59,65,26,90,82,79,49,5,3,3,8,58,77,78,30,106,103,99,61,7,5,2,9,64,73,81,32,115,106,94,63,8,4,2.25,8.5,61.75,74.38,79.88,31.62,111.12,104.25,97.5,62.0,7.25,4.38
Asphalt_0cm_S8,2026-04-02T20:28:51.118145,2,9,70,87,94,37,132,123,114,74,8,5,3,10,72,84,91,37,129,121,116,75,9,5,3,9,72,86,96,37,130,123,110,69,9,5,2,9,70,82,90,35,128,119,111,71,8,5,1,6,34,47,44,19,58,57,57,34,4,2,2,9,53,59,65,26,90,82,79,49,5,4,3,8,58,77,78,30,106,103,99,61,7,5,2,9,64,73,81,32,115,106,94,63,8,4,2.25,8.62,61.62,74.38,79.88,31.62,111.0,104.25,97.5,62.0,7.25,4.38
Asphalt_0cm_S8,2026-04-02T20:28:51.212178,2,9,70,87,94,37,132,123,114,74,8,5,3,10,72,84,91,37,129,121,116,75,9,5,3,9,72,86,96,37,130,123,110,69,9,5,2,9,70,82,90,35,128,119,111,71,8,5,1,6,34,47,44,19,58,57,57,34,4,2,2,9,53,59,65,26,90,82,79,49,5,4,3,8,58,77,78,30,106,103,99,61,7,5,2,9,64,73,81,32,115,106,94,63,8,4,2.25,8.62,61.62,74.38,79.88,31.62,111.0,104.25,97.5,62.0,7.25,4.38
Asphalt_0cm_S8,2026-04-02T20:28:51.297423,2,9,70,87,94,37,132,123,114,73,8,5,3,10,72,84,92,37,129,121,116,75,9,5,3,9,72,86,96,37,130,123,110,69,9,5,2,9,70,82,90,35,128,119,111,71,8,5,1,6,34,47,44,19,58,57,57,34,4,2,2,9,53,59,65,26,90,82,79,49,5,4,2,8,58,77,78,30,105,103,99,61,7,5,2,9,64,72,81,32,115,106,95,63,8,4,2.12,8.62,61.62,74.25,80.0,31.62,110.88,104.25,97.62,61.88,7.25,4.38
Asphalt_0cm_S8,2026-04-02T20:28:51.385954,2,9,70,87,94,37,131,123,114,73,8,5,3,10,72,84,91,37,129,120,116,76,9,5,3,9,72,86,96,37,129,123,110,69,9,5,2,9,70,82,90,36,128,119,111,71,8,5,1,5,34,46,44,19,58,57,57,34,3,3,2,9,53,59,65,26,90,82,79,49,5,4,2,8,58,77,78,30,105,103,99,61,7,5,2,9,64,72,81,32,115,106,95,63,8,4,2.12,8.5,61.62,74.12,79.88,31.75,110.62,104.12,97.62,62.0,7.12,4.5
Asphalt_0cm_S8,2026-04-02T20:28:51.486040,2,9,70,87,94,37,132,123,114,73,9,5,2,10,72,84,91,37,129,121,116,76,9,5,3,9,72,86,96,37,129,123,110,69,9,5,2,9,70,82,90,36,128,119,111,71,8,5,1,5,34,46,44,19,58,57,57,34,3,3,2,9,53,59,65,26,90,82,79,49,5,4,2,8,58,77,78,30,105,103,99,61,7,5,3,9,64,72,80,32,115,106,94,63,8,4,2.12,8.5,61.62,74.12,79.75,31.75,110.75,104.25,97.5,62.0,7.25,4.5
Asphalt_0cm_S8,2026-04-02T20:28:51.576095,2,9,70,87,94,37,132,123,114,73,9,5,2,10,72,84,91,37,129,121,116,76,9,5,3,9,72,86,96,37,130,123,110,69,9,5,2,9,71,82,90,36,129,119,111,71,8,5,1,5,35,47,44,19,59,57,57,34,4,3,2,8,53,59,65,26,90,82,79,49,5,3,2,8,58,77,78,30,105,103,99,61,7,4,3,9,64,72,80,32,115,106,94,63,8,4,2.12,8.38,61.88,74.25,79.75,31.75,111.12,104.25,97.5,62.0,7.38,4.25
Asphalt_0cm_S8,2026-04-02T20:28:51.679802,2,9,70,87,94,37,132,123,114,73,9,5,2,10,72,84,91,37,129,121,116,76,9,5,3,9,72,86,96,37,130,123,110,69,9,5,2,9,71,82,90,36,129,119,111,71,8,5,1,5,35,47,44,19,59,57,57,34,4,3,2,8,53,59,65,26,90,82,79,49,5,3,2,8,58,77,78,30,105,103,99,61,7,4,3,9,64,72,80,32,115,106,94,63,8,4,2.12,8.38,61.88,74.25,79.75,31.75,111.12,104.25,97.5,62.0,7.38,4.25
Asphalt_0cm_S8,2026-04-02T20:28:51.765745,2,9,70,87,94,37,132,123,114,73,8,5,3,10,71,84,92,37,129,120,116,76,9,5,3,9,72,87,96,37,130,123,110,70,9,5,2,9,71,82,90,36,129,119,111,71,8,5,1,5,35,47,44,19,59,57,57,34,4,3,2,8,53,59,65,26,90,82,79,49,5,3,2,8,58,77,78,30,105,103,99,61,7,4,2,9,64,72,81,32,115,106,94,63,8,4,2.12,8.38,61.75,74.38,80.0,31.75,111.12,104.12,97.5,62.12,7.25,4.25
Asphalt_0cm_S8,2026-04-02T20:28:51.867640,2,9,70,87,94,37,132,123,114,73,8,5,3,10,71,84,92,37,129,120,116,76,9,5,3,9,72,87,96,37,130,123,110,70,9,5,2,9,71,82,90,36,129,119,111,71,8,5,1,5,35,47,44,19,59,57,57,34,4,3,2,8,53,59,65,26,90,82,79,49,5,3,2,8,58,77,78,30,105,103,99,61,7,4,2,9,64,72,81,32,115,106,94,63,8,4,2.12,8.38,61.75,74.38,80.0,31.75,111.12,104.12,97.5,62.12,7.25,4.25
Asphalt_0cm_S8,2026-04-02T20:28:51.948908,2,9,70,87,94,37,132,123,114,73,8,5,3,10,71,84,92,37,129,120,116,76,9,5,3,9,72,87,96,37,130,123,110,70,9,5,2,9,70,82,90,36,128,119,111,71,8,5,1,5,34,46,44,19,58,57,57,34,4,2,2,8,53,59,65,26,90,82,79,49,5,3,2,8,58,77,78,30,105,103,99,61,7,4,2,9,64,72,81,32,115,106,94,63,8,4,2.12,8.38,61.5,74.25,80.0,31.75,110.88,104.12,97.5,62.12,7.25,4.12
Asphalt_0cm_S8,2026-04-02T20:28:52.053544,2,9,70,87,94,37,132,123,114,73,8,5,3,10,71,84,92,37,129,120,116,76,9,5,3,9,72,87,96,37,130,123,110,70,9,5,2,9,70,82,90,36,128,119,111,71,8,5,1,5,34,46,44,19,58,57,57,34,4,2,2,8,53,59,65,26,90,82,79,49,5,3,2,8,58,77,78,30,105,103,99,61,7,4,2,9,64,72,81,32,115,106,94,63,8,4,2.12,8.38,61.5,74.25,80.0,31.75,110.88,104.12,97.5,62.12,7.25,4.12
Asphalt_0cm_S8,2026-04-02T20:28:52.137125,2,9,70,87,94,37,132,123,114,73,8,5,3,10,71,84,92,37,129,120,116,76,9,5,3,9,72,87,96,37,130,123,110,70,9,5,2,9,70,82,90,36,128,119,111,71,8,5,1,5,34,46,44,19,58,57,57,34,4,2,2,9,53,59,65,26,90,82,79,49,5,4,2,8,58,77,78,30,105,103,99,61,7,4,2,9,64,72,81,32,115,106,94,63,8,4,2.12,8.5,61.5,74.25,80.0,31.75,110.88,104.12,97.5,62.12,7.25,4.25
Asphalt_0cm_S8,2026-04-02T20:28:52.255239,3,9,70,87,94,37,132,123,114,74,9,5,3,10,72,84,92,37,129,120,116,75,9,5,3,9,72,86,96,37,130,122,110,69,9,5,2,9,70,82,90,36,128,119,111,71,8,5,1,5,34,47,44,19,59,57,57,34,4,2,2,8,53,59,65,26,90,82,79,49,5,4,2,8,58,77,78,30,106,103,99,61,7,4,2,9,64,72,80,32,115,106,94,63,8,4,2.25,8.38,61.62,74.25,79.88,31.75,111.12,104.0,97.5,62.0,7.38,4.25
Asphalt_0cm_S8,2026-04-02T20:28:52.345718,3,9,70,87,94,37,132,123,114,74,9,5,3,10,72,84,92,37,129,120,116,75,9,5,3,9,72,86,96,37,130,122,110,69,9,5,2,9,70,82,90,36,128,119,111,71,8,5,1,5,34,47,44,19,59,57,57,34,4,2,2,8,53,59,65,26,90,82,79,49,5,4,2,8,58,77,78,30,106,103,99,61,7,4,2,9,64,72,80,32,115,106,94,63,8,4,2.25,8.38,61.62,74.25,79.88,31.75,111.12,104.0,97.5,62.0,7.38,4.25
Asphalt_0cm_S8,2026-04-02T20:28:52.432925,3,9,70,87,94,37,132,123,114,74,9,5,3,10,72,84,92,37,129,120,116,75,9,5,3,9,72,86,96,37,130,123,110,69,9,5,2,9,70,82,90,36,129,119,111,71,8,5,1,5,34,47,44,19,58,57,57,34,4,2,2,9,53,59,65,26,90,82,79,49,5,4,3,8,58,78,78,30,106,103,99,61,7,4,2,9,64,72,80,32,115,106,94,63,8,4,2.38,8.5,61.62,74.38,79.88,31.75,111.12,104.12,97.5,62.0,7.38,4.25
Asphalt_0cm_S8,2026-04-02T20:28:52.526064,2,9,70,87,94,37,132,123,114,73,8,5,2,10,72,84,92,37,129,121,116,75,9,5,3,9,72,86,96,37,130,123,110,69,9,5,2,9,70,82,90,36,129,119,111,71,8,5,1,5,34,47,44,19,58,57,57,34,4,2,2,9,53,59,65,26,90,82,79,49,5,4,3,8,58,78,78,30,106,103,99,61,7,4,2,9,64,72,80,32,115,106,94,63,8,4,2.12,8.5,61.62,74.38,79.88,31.75,111.12,104.25,97.5,61.88,7.25,4.25
Asphalt_0cm_S8,2026-04-02T20:28:52.620642,2,9,70,87,94,37,132,123,114,73,8,5,2,10,72,84,92,37,129,121,116,75,9,5,3,9,72,86,96,37,130,123,110,69,9,5,2,9,70,82,90,36,129,119,111,71,8,5,1,5,34,47,44,19,58,57,57,34,4,2,2,9,53,59,65,26,90,82,79,49,5,4,3,8,58,78,78,30,106,103,99,61,7,4,2,9,64,72,80,32,115,106,94,63,8,4,2.12,8.5,61.62,74.38,79.88,31.75,111.12,104.25,97.5,61.88,7.25,4.25
Asphalt_0cm_S8,2026-04-02T20:28:52.702259,2,9,70,87,94,37,132,123,114,73,8,5,2,10,72,84,92,37,129,121,116,75,9,5,3,9,73,86,96,37,130,123,110,69,9,5,2,9,71,82,90,36,129,119,111,71,8,5,1,5,34,47,44,19,58,57,57,34,4,2,2,9,53,59,65,26,90,82,79,49,5,4,2,8,58,77,79,30,106,103,99,61,7,4,3,9,64,72,81,32,115,106,94,63,8,4,2.12,8.5,61.88,74.25,80.12,31.75,111.12,104.25,97.5,61.88,7.25,4.25
Asphalt_0cm_S8,2026-04-02T20:28:52.811332,2,9,70,87,94,37,132,123,114,73,8,5,2,10,72,84,92,37,129,121,116,75,9,5,3,9,73,86,96,37,130,123,110,69,9,5,2,9,71,82,90,36,129,119,111,71,8,5,1,5,35,47,44,19,58,57,57,34,4,2,2,9,53,59,65,26,90,82,79,49,5,4,2,8,58,78,78,30,105,103,99,61,7,5,3,9,64,72,81,32,115,106,95,63,8,4,2.12,8.5,62.0,74.38,80.0,31.75,111.0,104.25,97.62,61.88,7.25,4.38
Asphalt_0cm_S8,2026-04-02T20:28:52.899199,2,9,70,87,94,37,132,123,114,73,8,5,3,10,72,84,92,37,129,121,116,76,9,5,3,9,72,86,95,37,130,123,110,69,9,5,2,9,71,82,90,36,129,119,111,71,8,5,1,5,34,47,44,19,58,57,57,34,3,3,2,9,53,59,65,26,90,82,79,49,5,4,2,8,58,77,79,30,106,103,99,61,7,4,3,9,64,72,81,32,115,106,95,63,8,4,2.25,8.5,61.75,74.25,80.0,31.75,111.12,104.25,97.62,62.0,7.12,4.38
Asphalt_0cm_S8,2026-04-02T20:28:53.000344,2,9,70,87,94,37,132,123,114,73,8,5,3,10,72,84,92,37,129,121,116,76,9,5,3,9,72,86,95,37,130,123,110,69,9,5,2,9,71,82,90,36,129,119,111,71,8,5,1,5,34,47,44,19,58,57,57,34,3,3,2,9,53,59,65,26,90,82,79,49,5,4,2,8,58,77,79,30,106,103,99,61,7,4,3,9,64,72,81,32,115,106,95,63,8,4,2.25,8.5,61.75,74.25,80.0,31.75,111.12,104.25,97.62,62.0,7.12,4.38
Asphalt_0cm_S8,2026-04-02T20:28:53.085954,2,9,70,87,94,37,132,123,114,73,8,5,3,10,72,84,92,37,129,121,116,76,9,5,3,9,72,86,95,37,130,123,110,69,9,5,2,9,71,82,90,36,129,119,111,71,8,5,1,5,34,47,44,19,58,57,57,34,3,3,2,9,53,59,65,26,90,82,79,49,5,4,2,8,58,77,79,30,106,103,99,61,7,4,3,9,64,72,81,32,115,106,95,63,8,4,2.25,8.5,61.75,74.25,80.0,31.75,111.12,104.25,97.62,62.0,7.12,4.38
Asphalt_0cm_S8,2026-04-02T20:28:53.196346,3,9,70,87,94,37,132,123,114,73,8,5,3,10,72,84,92,37,129,121,116,75,9,5,3,9,72,86,96,37,130,123,110,69,9,5,2,9,70,82,90,36,129,119,111,71,8,5,1,5,34,47,44,19,58,57,57,34,4,3,2,9,53,59,65,26,90,82,79,49,5,4,2,8,58,77,79,30,106,103,99,61,7,4,2,9,64,72,81,32,115,106,95,63,8,4,2.25,8.5,61.62,74.25,80.12,31.75,111.12,104.25,97.62,61.88,7.25,4.38
Asphalt_0cm_S8,2026-04-02T20:28:53.290445,3,9,70,87,94,37,132,123,114,73,8,5,3,10,72,84,92,37,129,121,116,76,9,5,2,9,72,87,96,37,130,123,110,70,9,5,2,9,71,82,90,36,129,119,111,71,8,5,1,6,34,47,44,19,58,57,57,34,3,2,2,9,53,59,65,26,90,82,79,49,5,4,2,8,58,77,78,30,106,103,99,61,7,4,3,9,64,72,81,32,115,106,94,63,8,4,2.25,8.62,61.75,74.38,80.0,31.75,111.12,104.25,97.5,62.12,7.12,4.25
Asphalt_0cm_S8,2026-04-02T20:28:53.379950,3,9,70,87,94,37,132,123,114,73,8,5,3,10,72,84,92,37,129,121,116,76,9,5,3,9,73,86,96,37,130,123,110,69,9,5,2,9,70,82,90,36,129,119,111,71,8,5,1,6,34,47,44,19,58,57,57,34,3,2,2,9,53,59,65,26,90,82,79,49,5,4,2,8,58,77,78,30,106,103,99,61,7,4,3,9,64,72,81,32,115,106,94,63,8,4,2.38,8.62,61.75,74.25,80.0,31.75,111.12,104.25,97.5,62.0,7.12,4.25
Asphalt_0cm_S8,2026-04-02T20:28:53.475316,2,9,70,87,94,37,132,123,114,73,8,5,3,10,72,84,92,37,129,121,116,76,9,5,3,9,73,86,96,37,130,123,110,69,9,5,2,9,70,82,90,36,129,119,111,71,8,5,1,6,34,47,44,19,58,57,57,34,3,2,2,9,53,59,65,26,90,82,79,49,5,4,2,8,58,77,78,30,106,103,99,61,7,4,3,9,64,72,81,32,115,106,94,63,8,4,2.25,8.62,61.75,74.25,80.0,31.75,111.12,104.25,97.5,62.0,7.12,4.25
Asphalt_0cm_S8,2026-04-02T20:28:53.570015,2,9,70,87,94,37,132,123,114,73,8,5,3,10,72,84,92,37,129,121,116,75,9,5,3,9,72,86,96,37,130,123,110,69,9,5,2,9,70,82,90,36,129,119,111,71,8,5,1,5,34,47,44,19,58,57,57,34,4,2,2,9,53,60,65,26,90,82,79,49,5,4,2,8,58,78,78,30,106,103,99,61,7,4,3,9,64,72,81,32,115,106,94,63,8,4,2.25,8.5,61.62,74.5,80.0,31.75,111.12,104.25,97.5,61.88,7.25,4.25
Asphalt_0cm_S8,2026-04-02T20:28:53.652455,2,9,70,87,94,37,132,123,114,73,8,5,3,10,72,84,92,37,129,121,116,75,9,5,3,9,72,86,96,37,130,123,110,69,9,5,2,9,70,82,90,36,129,119,111,71,8,5,1,5,34,47,44,19,58,57,57,34,4,2,2,9,53,60,65,26,90,82,79,49,5,4,2,8,58,78,78,30,106,103,99,61,7,4,2,9,64,72,81,32,115,106,94,63,8,4,2.12,8.5,61.62,74.5,80.0,31.75,111.12,104.25,97.5,61.88,7.25,4.25
Asphalt_0cm_S8,2026-04-02T20:28:53.759026,2,9,70,87,94,37,132,123,114,73,9,5,3,10,72,84,92,37,129,121,116,76,9,5,3,9,72,86,96,37,130,123,110,69,9,5,2,9,70,82,90,36,129,119,111,71,8,5,1,5,34,47,44,19,58,57,57,34,4,2,2,9,53,60,65,26,90,82,79,49,5,4,2,8,58,78,78,30,106,103,99,61,7,4,2,9,64,72,81,32,115,106,94,63,8,4,2.12,8.5,61.62,74.5,80.0,31.75,111.12,104.25,97.5,62.0,7.38,4.25
Asphalt_0cm_S8,2026-04-02T20:28:53.881317,2,9,70,87,94,37,132,123,114,74,8,5,3,10,72,84,92,37,129,121,116,76,9,5,3,9,72,86,96,37,130,123,110,70,9,5,2,9,71,82,90,36,129,119,111,71,8,5,1,5,34,47,44,19,59,57,57,34,4,3,2,9,53,60,65,26,90,82,79,49,5,4,2,8,58,78,78,30,106,103,99,61,7,4,3,9,64,73,81,32,115,106,94,63,8,4,2.25,8.5,61.75,74.62,80.0,31.75,111.25,104.25,97.5,62.25,7.25,4.38
Asphalt_0cm_S8,2026-04-02T20:28:53.968519,2,9,70,87,94,37,132,123,114,74,8,5,3,10,72,84,92,37,129,121,116,76,9,5,3,9,72,86,96,37,130,123,110,70,9,5,2,9,71,82,90,36,129,119,111,71,8,5,1,5,34,47,44,19,59,57,57,34,4,3,2,9,53,59,65,26,90,82,79,49,5,4,2,8,58,78,78,30,106,103,99,61,7,4,3,9,64,72,80,32,115,106,94,63,8,5,2.25,8.5,61.75,74.38,79.88,31.75,111.25,104.25,97.5,62.25,7.25,4.5
Asphalt_0cm_S8,2026-04-02T20:28:54.072240,2,9,70,87,94,37,132,123,114,74,8,5,3,10,72,84,92,37,129,121,116,76,9,5,3,9,72,86,96,37,130,123,110,70,9,5,2,9,71,82,90,36,129,119,111,71,8,5,1,5,34,47,44,19,59,57,57,34,4,3,2,9,53,59,65,26,90,82,79,49,5,4,2,8,58,78,78,30,106,103,99,61,7,4,3,9,64,72,80,32,115,106,94,63,8,5,2.25,8.5,61.75,74.38,79.88,31.75,111.25,104.25,97.5,62.25,7.25,4.5
Asphalt_0cm_S8,2026-04-02T20:28:54.156065,2,9,70,87,94,37,132,123,114,74,8,5,3,10,72,84,92,37,129,121,116,76,9,5,3,9,72,86,96,37,130,123,110,70,9,5,2,9,71,82,90,36,129,119,111,71,8,5,1,5,34,47,44,19,59,57,57,34,4,3,2,9,53,59,65,26,90,82,79,49,5,4,2,8,58,78,78,30,106,103,99,61,7,4,3,9,64,72,80,32,115,106,94,63,8,5,2.25,8.5,61.75,74.38,79.88,31.75,111.25,104.25,97.5,62.25,7.25,4.5
Asphalt_0cm_S8,2026-04-02T20:28:54.239763,2,9,70,87,94,37,132,123,114,74,8,5,3,10,72,84,92,37,129,121,116,76,9,5,3,9,72,86,96,37,130,123,110,70,9,5,2,9,71,82,90,36,129,119,111,71,8,5,1,5,34,47,44,19,59,57,57,34,4,3,2,9,53,59,65,26,90,82,79,49,5,4,2,8,58,78,78,30,106,103,99,61,7,4,3,9,64,72,80,32,115,106,94,63,8,5,2.25,8.5,61.75,74.38,79.88,31.75,111.25,104.25,97.5,62.25,7.25,4.5
Asphalt_0cm_S8,2026-04-02T20:28:54.325417,2,9,70,87,94,37,132,123,114,74,8,5,3,10,72,84,92,37,130,121,116,76,9,5,3,9,72,87,96,37,130,123,110,69,9,5,2,9,70,82,90,36,129,119,112,71,8,5,1,5,34,47,44,19,58,57,57,34,3,2,2,9,53,60,65,26,90,82,79,49,5,4,3,8,58,77,78,30,106,103,99,61,7,4,2,9,64,72,81,32,115,106,94,63,8,4,2.25,8.5,61.62,74.5,80.0,31.75,111.25,104.25,97.62,62.12,7.12,4.25
Asphalt_0cm_S8,2026-04-02T20:28:54.419809,2,9,70,87,94,37,132,123,114,74,8,5,3,10,72,84,92,37,130,121,116,76,9,5,3,9,72,86,96,37,130,123,110,70,9,5,2,9,71,82,90,36,129,120,111,71,8,5,1,5,34,47,44,19,58,57,57,34,4,2,2,9,53,59,65,26,90,82,79,49,5,4,2,8,58,78,78,30,105,103,99,61,7,4,2,9,64,72,81,32,115,106,94,63,8,4,2.12,8.5,61.75,74.38,80.0,31.75,111.12,104.38,97.5,62.25,7.25,4.25
Asphalt_0cm_S8,2026-04-02T20:28:54.515655,2,9,70,87,94,37,132,123,114,74,9,5,3,10,72,84,91,37,129,121,116,76,9,5,3,9,72,86,96,37,130,123,110,70,9,5,2,9,70,82,90,36,129,119,111,72,8,5,1,5,34,47,44,19,58,57,57,34,4,2,2,9,53,59,65,26,90,82,79,49,5,4,2,8,58,78,78,30,105,103,99,61,7,4,3,9,64,72,81,32,115,106,95,63,8,4,2.25,8.5,61.62,74.38,79.88,31.75,111.0,104.25,97.62,62.38,7.38,4.25
Asphalt_0cm_S8,2026-04-02T20:28:54.611120,2,9,70,87,94,37,132,123,114,74,9,5,3,10,72,84,91,37,129,121,116,76,9,5,3,9,72,86,96,37,130,123,110,70,9,5,2,9,70,82,90,36,129,119,111,72,8,5,1,5,34,47,44,19,59,57,57,34,4,2,2,9,53,59,65,26,90,82,79,49,5,4,3,8,58,78,78,30,106,103,99,61,7,5,3,9,64,72,81,32,115,106,94,63,8,4,2.38,8.5,61.62,74.38,79.88,31.75,111.25,104.25,97.5,62.38,7.38,4.38
Asphalt_0cm_S8,2026-04-02T20:28:54.708576,2,9,70,87,94,37,132,123,114,74,9,5,3,10,72,84,91,37,129,121,116,76,9,5,3,9,72,86,96,37,130,123,110,70,9,5,2,9,70,82,90,36,129,119,111,72,8,5,1,5,34,47,44,19,59,57,57,34,4,2,2,9,53,59,65,26,90,82,79,49,5,4,3,8,58,78,78,30,106,103,99,61,7,5,3,9,64,72,81,32,115,106,94,63,8,4,2.38,8.5,61.62,74.38,79.88,31.75,111.25,104.25,97.5,62.38,7.38,4.38
Asphalt_0cm_S8,2026-04-02T20:28:54.795047,2,9,70,87,94,37,132,123,114,73,8,5,3,10,72,84,92,37,129,121,116,76,9,5,3,9,73,86,96,37,130,123,110,70,9,5,2,9,70,82,90,36,129,119,111,72,8,5,1,5,34,47,44,19,59,57,57,34,4,2,2,9,53,59,65,26,90,82,79,49,5,4,3,8,58,78,78,30,106,103,99,61,7,5,2,9,64,72,81,32,115,106,94,63,8,5,2.25,8.5,61.75,74.38,80.0,31.75,111.25,104.25,97.5,62.25,7.25,4.5
Asphalt_0cm_S8,2026-04-02T20:28:54.898049,2,9,70,87,94,37,132,123,115,74,8,5,3,10,72,85,92,37,129,121,116,76,9,5,3,9,72,86,96,37,130,123,110,69,9,5,2,9,71,82,90,36,129,120,111,71,8,5,1,5,34,47,44,19,59,57,57,34,4,2,2,9,53,59,65,26,90,82,79,49,5,4,2,8,58,78,78,30,105,103,99,61,7,4,2,9,64,72,81,32,115,106,94,63,8,5,2.12,8.5,61.75,74.5,80.0,31.75,111.12,104.38,97.62,62.12,7.25,4.38
Asphalt_0cm_S8,2026-04-02T20:28:54.989977,2,9,70,87,94,37,132,123,115,74,8,5,3,10,72,85,92,37,129,121,116,76,9,5,3,9,72,86,96,37,130,123,110,69,9,5,2,9,71,82,90,36,129,120,111,71,8,5,1,5,34,47,44,19,59,57,57,34,4,2,2,9,53,59,65,26,90,82,79,49,5,4,2,8,58,78,78,30,105,103,99,61,7,4,3,9,64,72,80,32,115,106,94,63,8,4,2.25,8.5,61.75,74.5,79.88,31.75,111.12,104.38,97.62,62.12,7.25,4.25
Asphalt_0cm_S8,2026-04-02T20:28:55.086987,2,9,70,87,94,37,132,123,115,74,8,5,3,10,72,85,92,37,129,121,116,76,9,5,3,9,72,86,96,37,130,123,110,69,9,5,2,9,71,82,90,36,129,120,111,71,8,5,1,5,34,47,44,19,59,57,57,34,4,2,2,9,53,59,65,26,90,82,79,49,5,4,2,8,58,78,78,30,105,103,99,61,7,4,3,9,64,72,80,32,115,106,94,63,8,4,2.25,8.5,61.75,74.5,79.88,31.75,111.12,104.38,97.62,62.12,7.25,4.25
Asphalt_0cm_S8,2026-04-02T20:28:55.177701,2,9,70,87,94,37,132,123,115,74,8,5,3,10,72,85,92,37,129,121,116,76,9,5,3,9,72,86,96,37,130,123,110,69,9,5,2,9,71,82,90,36,129,120,111,71,8,5,1,5,34,47,44,19,59,57,57,34,4,2,2,9,53,59,65,26,90,82,79,49,5,4,2,8,58,78,78,30,105,103,99,61,7,4,3,9,64,72,80,32,115,106,94,63,8,4,2.25,8.5,61.75,74.5,79.88,31.75,111.12,104.38,97.62,62.12,7.25,4.25
Asphalt_0cm_S8,2026-04-02T20:28:55.277239,2,9,70,87,94,37,132,123,115,74,8,5,3,10,72,85,92,37,129,121,116,76,9,5,3,10,72,87,96,37,130,123,110,70,9,5,2,9,71,82,90,36,129,120,111,71,8,5,1,5,35,47,44,19,58,57,57,34,4,2,2,9,53,60,65,26,90,82,79,49,5,4,2,8,58,77,78,30,106,103,99,61,7,4,2,9,64,72,81,32,115,106,94,63,8,4,2.12,8.62,61.88,74.62,80.0,31.75,111.12,104.38,97.62,62.25,7.25,4.25
Asphalt_0cm_S8,2026-04-02T20:28:55.360706,3,9,70,87,94,37,132,124,114,74,9,5,3,10,72,84,92,37,129,121,116,76,9,5,3,9,72,86,95,37,130,123,110,70,9,5,2,9,71,82,90,36,129,119,111,71,8,5,1,5,34,47,44,19,59,57,57,34,4,2,2,9,53,60,65,26,90,82,79,49,5,4,2,8,58,77,78,30,106,103,99,61,7,4,2,9,64,72,81,32,115,106,94,63,8,4,2.25,8.5,61.75,74.38,79.88,31.75,111.25,104.38,97.5,62.25,7.38,4.25
Asphalt_0cm_S8,2026-04-02T20:28:55.466390,2,9,70,88,95,37,132,123,115,74,8,5,3,10,72,84,92,37,129,121,116,76,9,5,3,9,72,86,95,37,130,123,110,70,9,5,2,9,71,82,90,36,129,119,111,71,8,5,1,5,34,47,44,19,59,57,57,34,4,2,2,9,53,59,65,26,90,82,79,49,5,4,2,8,58,77,78,30,105,103,99,61,7,4,3,9,64,72,80,32,115,106,94,63,8,4,2.25,8.5,61.75,74.38,79.88,31.75,111.12,104.25,97.62,62.25,7.25,4.25
Asphalt_0cm_S8,2026-04-02T20:28:55.562893,2,9,70,88,95,37,132,123,115,74,8,5,3,10,72,85,92,37,130,121,117,76,9,5,3,9,72,87,96,37,131,123,110,70,9,5,2,9,71,82,90,36,129,120,111,72,8,5,1,5,34,47,44,19,58,57,57,34,4,3,2,9,53,59,65,26,90,82,79,49,5,4,2,8,58,77,78,30,105,103,99,61,7,4,3,9,64,72,80,32,115,106,94,63,8,4,2.25,8.5,61.75,74.62,80.0,31.75,111.25,104.38,97.75,62.38,7.25,4.38
Asphalt_0cm_S8,2026-04-02T20:28:55.657472,3,9,70,87,94,37,132,123,115,74,9,5,3,10,72,85,92,37,130,121,117,76,9,5,3,9,72,87,96,37,131,123,110,70,9,5,2,9,71,82,90,36,129,120,111,72,8,5,1,5,34,47,44,19,58,57,57,34,4,3,2,9,53,59,65,26,90,82,79,49,5,4,3,8,58,77,78,30,106,103,99,61,7,4,2,9,64,72,81,32,115,106,94,63,8,4,2.38,8.5,61.75,74.5,80.0,31.75,111.38,104.38,97.75,62.38,7.38,4.38
Asphalt_0cm_S8,2026-04-02T20:28:55.759583,3,9,70,87,94,37,132,123,115,74,9,5,3,10,72,85,92,37,130,121,117,76,9,5,3,9,72,87,96,37,131,123,110,70,9,5,2,9,71,82,90,36,129,120,111,72,8,5,1,5,34,47,44,19,58,57,57,34,4,3,2,9,53,59,65,26,90,82,79,49,5,4,3,8,58,77,78,30,106,103,99,61,7,4,2,9,64,72,81,32,115,106,94,63,8,4,2.38,8.5,61.75,74.5,80.0,31.75,111.38,104.38,97.75,62.38,7.38,4.38
Asphalt_0cm_S8,2026-04-02T20:28:55.856069,3,9,71,87,95,37,132,124,115,74,9,5,3,10,72,85,92,37,130,121,117,76,9,5,3,9,73,87,96,37,131,123,111,70,9,5,2,9,71,82,91,36,129,120,111,72,8,5,1,5,35,47,44,19,58,57,57,34,3,3,2,9,53,59,65,26,90,82,79,49,5,4,3,8,58,77,78,30,106,103,99,61,7,4,2,9,64,72,81,32,115,106,94,63,8,4,2.38,8.5,62.12,74.5,80.25,31.75,111.38,104.5,97.88,62.38,7.25,4.38
Asphalt_0cm_S8,2026-04-02T20:28:55.972616,3,9,70,87,94,37,132,124,115,74,9,5,3,10,72,85,93,37,130,121,117,76,9,5,3,9,73,87,96,37,131,123,111,70,9,5,2,9,71,82,91,36,129,120,111,72,8,5,1,5,35,47,44,19,59,57,57,34,3,3,2,9,53,59,65,26,90,82,79,49,5,4,2,8,58,77,78,30,105,103,99,61,7,4,3,9,64,73,81,32,115,106,94,63,8,4,2.38,8.5,62.0,74.62,80.25,31.75,111.38,104.5,97.88,62.38,7.25,4.38
Asphalt_0cm_S8,2026-04-02T20:28:56.055017,3,9,70,87,94,37,132,124,115,74,9,5,3,10,72,85,93,37,130,121,117,76,9,5,3,9,73,87,96,37,131,123,111,70,9,5,2,9,71,82,91,36,129,120,111,72,8,5,1,5,35,47,44,19,59,57,57,34,3,3,2,9,53,59,65,26,90,82,79,49,5,4,2,8,58,77,78,30,105,103,99,61,7,4,3,9,64,73,81,32,115,106,94,63,8,4,2.38,8.5,62.0,74.62,80.25,31.75,111.38,104.5,97.88,62.38,7.25,4.38
Asphalt_0cm_S8,2026-04-02T20:28:56.169098,3,9,70,87,94,37,132,124,115,74,9,5,3,10,72,85,93,37,130,121,117,76,9,5,3,9,73,87,96,37,131,123,111,70,9,5,2,9,71,82,91,36,129,120,111,72,8,5,1,5,35,47,44,19,59,57,57,34,3,3,2,9,53,59,65,26,90,82,79,49,5,4,2,8,58,77,78,30,105,103,99,61,7,4,3,9,64,73,81,32,115,106,94,63,8,4,2.38,8.5,62.0,74.62,80.25,31.75,111.38,104.5,97.88,62.38,7.25,4.38
Asphalt_0cm_S8,2026-04-02T20:28:56.254157,3,9,70,87,94,37,132,124,115,74,9,5,3,10,72,85,93,37,130,121,117,76,9,5,3,9,73,87,96,37,131,123,110,70,9,5,2,9,71,82,90,36,129,120,112,72,8,5,1,5,34,47,44,19,58,57,57,34,4,3,2,9,53,59,65,26,90,82,79,49,5,4,2,8,58,77,78,30,105,103,99,61,7,4,3,9,64,73,81,32,115,106,94,63,8,4,2.38,8.5,61.88,74.62,80.12,31.75,111.25,104.5,97.88,62.38,7.38,4.38
Asphalt_0cm_S8,2026-04-02T20:28:56.354948,2,9,70,87,94,37,132,123,115,74,8,5,2,10,72,84,92,37,130,121,117,76,9,5,3,9,73,87,96,37,130,123,110,70,9,5,2,9,71,82,91,36,129,120,112,72,8,5,1,5,34,47,44,19,58,57,57,34,4,2,2,9,53,59,65,26,90,82,79,49,5,4,2,8,58,78,78,30,105,103,99,61,7,4,3,9,64,72,81,32,115,106,95,63,8,4,2.12,8.5,61.88,74.5,80.12,31.75,111.12,104.38,98.0,62.38,7.25,4.25
Asphalt_0cm_S8,2026-04-02T20:28:56.441696,2,9,70,87,94,37,132,123,115,74,8,5,2,10,72,84,92,37,130,121,117,76,9,5,3,9,73,87,96,37,130,123,110,70,9,5,2,9,71,82,91,36,129,120,112,72,8,5,1,5,35,47,44,19,58,57,57,34,3,2,2,9,53,59,65,26,90,82,79,49,5,4,2,8,58,78,78,30,106,103,99,61,7,4,2,9,64,73,80,32,115,106,94,63,8,4,2.0,8.5,62.0,74.62,80.0,31.75,111.25,104.38,97.88,62.38,7.12,4.25
Asphalt_0cm_S8,2026-04-02T20:28:56.529788,2,9,70,87,94,37,132,123,115,74,8,5,2,10,72,84,92,37,130,121,117,76,9,5,3,9,73,87,96,37,130,123,110,70,9,5,2,9,71,82,91,36,129,120,112,72,8,5,1,5,35,47,44,19,58,57,57,34,3,2,2,9,53,59,65,26,90,82,79,49,5,4,2,8,58,78,78,30,106,103,99,61,7,4,2,9,64,73,80,32,115,106,94,63,8,4,2.0,8.5,62.0,74.62,80.0,31.75,111.25,104.38,97.88,62.38,7.12,4.25
Asphalt_0cm_S8,2026-04-02T20:28:56.613420,2,9,70,87,95,37,132,124,115,74,8,5,3,10,72,85,92,37,130,122,117,76,9,5,3,9,73,87,96,37,130,123,110,70,9,5,2,9,71,82,91,36,129,120,112,72,8,5,1,5,35,47,44,19,58,57,57,34,3,2,2,9,53,59,65,26,90,82,79,49,5,4,2,8,58,78,78,30,106,103,99,61,7,4,2,9,64,73,80,32,115,106,94,63,8,4,2.12,8.5,62.0,74.75,80.12,31.75,111.25,104.62,97.88,62.38,7.12,4.25
Asphalt_0cm_S8,2026-04-02T20:28:56.717299,2,9,70,87,95,37,132,124,115,74,8,5,3,10,72,85,92,37,130,122,117,76,9,5,3,9,73,87,96,37,130,123,110,70,9,5,2,9,71,82,91,36,129,120,112,72,8,5,1,5,35,47,44,19,58,57,57,34,3,2,2,9,53,59,65,26,90,82,79,49,5,4,2,8,58,78,78,30,106,103,99,61,7,4,2,9,64,73,80,32,115,106,94,63,8,4,2.12,8.5,62.0,74.75,80.12,31.75,111.25,104.62,97.88,62.38,7.12,4.25
Asphalt_0cm_S8,2026-04-02T20:28:56.801164,2,9,70,87,94,37,132,124,115,74,8,5,3,10,72,85,92,37,130,122,117,76,9,5,3,9,73,87,96,37,131,123,110,70,9,5,2,9,71,82,91,36,129,120,112,72,8,5,1,5,35,47,44,19,58,57,57,34,3,2,2,9,53,59,65,26,90,82,79,49,5,4,2,8,58,78,78,30,106,103,99,61,7,4,2,9,64,73,80,32,115,106,94,63,8,4,2.12,8.5,62.0,74.75,80.0,31.75,111.38,104.62,97.88,62.38,7.12,4.25
Asphalt_0cm_S8,2026-04-02T20:28:56.908196,2,9,70,87,95,37,132,124,115,74,8,5,3,10,72,85,92,37,130,121,117,76,9,5,3,9,73,87,96,37,131,123,110,70,9,5,2,9,71,83,91,36,129,120,112,72,8,5,1,5,34,47,44,19,58,57,57,34,4,2,2,9,53,60,65,26,90,82,79,49,5,4,2,8,58,77,78,30,105,103,99,61,7,4,2,9,64,72,81,32,115,105,94,63,8,4,2.12,8.5,61.88,74.75,80.25,31.75,111.25,104.38,97.88,62.38,7.25,4.25
Asphalt_0cm_S8,2026-04-02T20:28:56.997384,2,9,71,87,94,37,132,124,115,74,8,5,3,10,72,85,92,37,130,121,117,76,9,5,3,9,73,87,96,37,131,123,110,70,9,5,2,9,71,83,91,36,129,120,112,72,8,5,1,5,34,47,44,19,58,57,57,34,4,2,2,9,53,60,65,26,90,82,79,49,5,4,2,8,58,77,78,30,105,103,99,61,7,4,3,9,64,72,80,32,115,106,95,63,8,4,2.25,8.5,62.0,74.75,80.0,31.75,111.25,104.5,98.0,62.38,7.25,4.25
Asphalt_0cm_S8,2026-04-02T20:28:57.095846,2,9,71,87,94,37,132,124,115,74,8,5,3,10,72,85,92,37,130,121,117,76,9,5,3,9,73,87,96,37,131,123,110,70,9,5,2,9,71,83,91,36,129,120,112,72,8,5,1,5,34,47,44,19,58,57,57,34,4,2,2,9,53,60,65,26,90,82,79,49,5,4,2,8,58,77,78,30,105,103,99,61,7,4,3,9,64,72,80,32,115,106,95,63,8,4,2.25,8.5,62.0,74.75,80.0,31.75,111.25,104.5,98.0,62.38,7.25,4.25
Asphalt_0cm_S8,2026-04-02T20:28:57.178450,2,9,71,87,94,37,132,124,115,74,8,5,3,10,72,85,92,37,130,121,117,76,9,5,3,9,73,87,96,37,131,123,110,70,9,5,2,9,71,83,91,36,129,120,112,72,8,5,1,5,34,47,44,19,58,57,57,34,4,2,2,9,53,60,65,26,90,82,79,49,5,4,2,8,58,77,78,30,105,103,99,61,7,4,3,9,64,72,80,32,115,106,95,63,8,4,2.25,8.5,62.0,74.75,80.0,31.75,111.25,104.5,98.0,62.38,7.25,4.25
Asphalt_0cm_S8,2026-04-02T20:28:57.283880,2,9,71,87,94,37,132,124,115,74,8,5,3,10,72,85,92,37,130,121,117,76,9,5,3,9,73,87,96,37,131,123,110,70,9,5,2,9,71,83,91,36,129,120,112,72,8,5,1,5,34,47,44,19,58,57,57,34,4,2,2,9,53,60,65,26,90,82,79,49,5,4,2,8,58,77,78,30,105,103,99,61,7,4,3,9,64,72,80,32,115,106,95,63,8,4,2.25,8.5,62.0,74.75,80.0,31.75,111.25,104.5,98.0,62.38,7.25,4.25
Asphalt_0cm_S8,2026-04-02T20:28:57.368365,2,9,70,87,94,37,132,123,114,74,8,5,3,10,72,85,93,37,130,121,117,76,9,5,3,9,73,87,96,37,131,123,110,70,9,5,2,9,71,83,91,36,130,120,112,72,8,5,1,5,34,47,44,19,58,57,57,34,4,2,2,9,53,60,65,26,90,82,79,49,5,4,2,8,58,77,78,30,106,103,99,61,7,4,3,9,64,72,80,32,115,106,94,63,8,4,2.25,8.5,61.88,74.75,80.12,31.75,111.5,104.38,97.75,62.38,7.25,4.25
Asphalt_0cm_S8,2026-04-02T20:28:57.471952,2,9,70,87,94,37,132,124,115,74,8,5,3,10,72,85,93,37,130,121,117,76,9,5,3,9,73,87,96,37,131,123,110,70,9,5,2,9,71,83,91,36,130,120,112,72,8,5,1,5,35,47,44,19,59,57,57,34,3,2,2,9,53,59,65,26,90,82,79,49,5,4,2,8,58,78,78,30,105,103,99,61,7,4,2,9,64,72,81,32,115,106,94,63,8,4,2.12,8.5,62.0,74.75,80.25,31.75,111.5,104.5,97.88,62.38,7.12,4.25
Asphalt_0cm_S8,2026-04-02T20:28:57.554234,2,9,70,87,94,37,132,124,115,74,8,5,3,10,72,85,92,37,130,122,117,76,9,5,3,9,73,87,96,37,131,123,111,70,9,5,2,9,71,83,91,36,129,120,112,72,8,5,1,5,35,47,44,19,58,57,57,34,4,2,2,9,53,60,65,26,90,82,79,49,5,4,2,8,58,78,78,30,105,103,99,61,7,4,2,9,64,72,81,32,115,106,94,63,8,4,2.12,8.5,62.0,74.88,80.12,31.75,111.25,104.62,98.0,62.38,7.25,4.25
Asphalt_0cm_S8,2026-04-02T20:28:57.662011,2,9,70,87,94,37,132,124,114,74,9,5,3,10,72,85,92,37,130,122,117,76,9,5,3,9,73,87,96,37,131,123,111,70,9,5,2,9,71,83,91,36,129,120,112,72,8,5,1,5,35,47,44,19,58,57,57,34,4,2,2,9,53,60,65,26,90,82,79,49,5,4,2,8,58,78,78,30,106,103,99,61,7,5,2,9,64,72,81,32,115,106,94,63,8,4,2.12,8.5,62.0,74.88,80.12,31.75,111.38,104.62,97.88,62.38,7.38,4.38
Asphalt_0cm_S8,2026-04-02T20:28:57.748836,2,9,70,87,94,37,132,124,114,74,9,5,3,10,72,85,92,37,130,122,117,76,9,5,3,9,73,87,96,37,131,123,111,70,9,5,2,9,71,83,91,36,129,120,112,72,8,5,1,5,35,47,44,19,58,57,57,34,4,2,2,9,53,60,65,26,90,82,79,49,5,4,2,8,58,78,78,30,106,103,99,61,7,5,2,9,64,72,81,32,115,106,94,63,8,4,2.12,8.5,62.0,74.88,80.12,31.75,111.38,104.62,97.88,62.38,7.38,4.38
Asphalt_0cm_S8,2026-04-02T20:28:57.857753,2,9,70,87,94,37,132,124,114,74,9,5,3,10,72,85,92,37,130,122,117,76,9,5,3,9,73,86,96,37,131,123,111,70,9,5,2,9,71,83,91,36,130,120,112,72,8,5,1,5,35,47,44,19,58,57,57,34,4,2,2,9,53,60,65,26,90,82,79,49,5,4,2,8,58,78,78,30,106,103,99,61,7,5,2,9,64,72,81,32,115,106,94,63,8,4,2.12,8.5,62.0,74.75,80.12,31.75,111.5,104.62,97.88,62.38,7.38,4.38
Asphalt_0cm_S8,2026-04-02T20:28:57.939241,2,9,70,87,94,37,132,124,114,74,9,5,3,10,72,85,92,37,130,122,117,76,9,5,3,9,73,86,96,37,131,123,111,70,9,5,2,9,71,83,91,36,130,120,112,72,8,5,2,5,34,47,44,19,58,57,57,34,4,2,2,9,53,59,65,26,90,82,79,49,5,4,2,8,58,77,78,30,106,103,99,61,7,4,3,9,64,72,80,32,115,105,94,63,8,4,2.38,8.5,61.88,74.5,80.0,31.75,111.5,104.5,97.88,62.38,7.38,4.25
Asphalt_0cm_S8,2026-04-02T20:28:58.046184,3,9,70,87,94,37,132,124,115,74,9,5,3,10,72,85,92,37,130,122,117,76,9,5,3,9,73,86,96,37,131,123,111,70,9,5,2,9,71,83,91,36,130,120,112,72,8,5,2,5,34,47,44,19,58,57,57,34,4,2,2,9,53,59,65,26,90,82,79,49,5,4,2,8,58,77,78,30,106,103,99,61,7,4,3,9,64,72,80,32,115,105,94,63,8,4,2.5,8.5,61.88,74.5,80.0,31.75,111.5,104.5,98.0,62.38,7.38,4.25
Asphalt_0cm_S8,2026-04-02T20:28:58.159134,3,9,70,87,94,37,132,124,115,74,9,5,3,10,72,85,92,37,130,122,117,76,9,5,3,9,73,86,96,37,131,123,111,70,9,5,2,9,71,83,91,36,130,120,112,72,8,5,2,5,34,47,44,19,58,57,57,34,4,2,2,9,53,59,65,26,90,82,79,49,5,4,2,8,58,77,78,30,106,103,99,61,7,4,3,9,64,72,80,32,115,105,94,63,8,4,2.5,8.5,61.88,74.5,80.0,31.75,111.5,104.5,98.0,62.38,7.38,4.25
Asphalt_0cm_S8,2026-04-02T20:28:58.242264,3,9,70,87,94,37,132,124,115,74,9,5,3,10,72,85,92,37,130,122,117,76,9,5,3,9,73,86,96,37,131,123,111,70,9,5,2,9,71,83,91,36,130,120,112,72,8,5,1,5,35,47,44,19,58,57,57,34,4,2,2,9,53,59,65,26,90,82,79,49,5,4,2,8,58,77,78,30,105,103,99,61,7,4,3,9,64,72,80,32,115,105,94,63,8,4,2.38,8.5,62.0,74.5,80.0,31.75,111.38,104.5,98.0,62.38,7.38,4.25
Asphalt_0cm_S8,2026-04-02T20:28:58.331563,2,9,71,87,95,37,132,124,115,74,9,5,3,10,73,85,93,37,130,122,117,76,9,5,3,9,73,86,96,37,131,123,111,70,9,5,2,9,71,83,91,36,130,120,112,72,8,5,1,5,35,47,44,19,58,57,57,34,4,2,2,9,53,59,65,26,90,82,79,49,5,4,2,8,58,77,78,30,106,104,99,61,7,4,2,9,64,73,81,32,115,106,94,62,8,4,2.12,8.5,62.25,74.62,80.38,31.75,111.5,104.75,98.0,62.25,7.38,4.25
Asphalt_0cm_S8,2026-04-02T20:28:58.425175,2,9,71,87,95,37,132,124,115,74,9,5,3,10,73,85,93,37,130,122,117,76,9,5,3,9,73,87,96,37,131,123,110,70,9,5,2,9,71,83,91,36,130,119,112,72,8,5,1,5,35,47,44,19,59,57,57,34,4,3,2,9,53,59,65,26,90,82,79,49,5,4,2,8,58,77,78,30,106,103,99,61,7,5,3,9,64,72,80,32,115,106,94,63,8,4,2.25,8.5,62.25,74.62,80.25,31.75,111.62,104.5,97.88,62.38,7.38,4.5
Asphalt_0cm_S8,2026-04-02T20:28:58.515912,2,9,71,87,95,37,132,124,115,74,9,5,3,10,73,85,93,37,130,122,117,76,9,5,3,9,73,87,96,37,131,123,110,70,9,5,2,9,71,83,91,36,130,119,112,72,8,5,1,5,35,47,44,19,59,57,57,34,4,3,2,9,53,59,65,26,90,82,79,49,5,4,2,8,58,77,78,30,106,103,99,61,7,5,3,9,64,72,80,32,115,106,94,63,8,4,2.25,8.5,62.25,74.62,80.25,31.75,111.62,104.5,97.88,62.38,7.38,4.5
Asphalt_0cm_S8,2026-04-02T20:28:58.614027,2,9,71,87,95,37,132,124,115,74,9,5,3,10,73,85,93,37,130,122,117,76,9,5,3,9,73,87,96,37,131,123,110,70,9,5,2,9,71,83,91,36,130,119,112,72,8,5,1,5,35,47,44,19,59,57,57,34,4,3,2,9,53,59,65,26,90,82,79,49,5,4,2,8,58,77,78,30,106,103,99,61,7,5,3,9,64,72,80,32,115,106,94,63,8,4,2.25,8.5,62.25,74.62,80.25,31.75,111.62,104.5,97.88,62.38,7.38,4.5
Asphalt_0cm_S8,2026-04-02T20:28:58.695680,3,9,70,88,95,37,132,124,115,74,9,5,3,10,73,85,93,37,130,122,117,76,9,5,3,9,73,87,96,37,131,123,110,70,9,5,2,9,71,83,91,36,130,119,112,72,8,5,1,5,35,47,44,19,59,57,57,34,4,3,2,9,53,59,65,26,90,82,79,49,5,4,2,8,58,77,78,30,106,103,99,61,7,5,3,9,64,72,80,32,115,106,94,63,8,4,2.38,8.5,62.12,74.75,80.25,31.75,111.62,104.5,97.88,62.38,7.38,4.5
Asphalt_0cm_S8,2026-04-02T20:28:58.802093,3,9,70,88,95,37,132,124,115,74,9,5,3,10,73,85,93,37,130,122,117,76,9,5,3,9,73,87,96,37,131,123,110,70,9,5,2,9,71,83,91,36,130,119,112,72,8,5,1,5,35,47,44,19,59,57,57,34,4,3,2,9,53,59,65,26,90,82,79,49,5,4,2,8,58,77,78,30,106,103,99,61,7,5,3,9,64,72,80,32,115,106,94,63,8,4,2.38,8.5,62.12,74.75,80.25,31.75,111.62,104.5,97.88,62.38,7.38,4.5
Asphalt_0cm_S8,2026-04-02T20:28:58.914000,3,9,70,88,95,37,132,124,115,74,9,5,3,10,73,85,93,37,130,122,117,76,9,5,3,9,73,87,96,37,131,124,111,70,9,5,2,9,71,83,91,36,130,120,112,72,8,5,1,5,35,47,44,19,59,57,57,34,4,3,2,9,53,59,65,26,90,82,79,49,5,4,2,8,58,77,78,30,106,103,99,61,7,5,3,9,64,72,80,32,115,106,94,63,8,4,2.38,8.5,62.12,74.75,80.25,31.75,111.62,104.75,98.0,62.38,7.38,4.5
Asphalt_0cm_S8,2026-04-02T20:28:58.996867,3,9,70,88,95,37,132,124,115,74,9,5,3,10,73,85,93,37,130,122,117,76,9,5,3,9,73,87,96,37,131,124,111,70,9,5,2,9,71,83,91,36,130,120,112,72,8,5,1,5,35,47,44,19,59,57,57,34,4,3,2,9,53,59,65,26,90,82,79,49,5,4,2,8,58,77,78,30,106,103,99,61,7,5,3,9,64,72,80,32,115,106,94,63,8,4,2.38,8.5,62.12,74.75,80.25,31.75,111.62,104.75,98.0,62.38,7.38,4.5
Asphalt_0cm_S8,2026-04-02T20:28:59.103818,3,9,70,88,95,37,132,124,115,74,9,5,3,10,73,85,93,37,130,122,117,76,9,5,3,9,73,87,96,37,131,123,110,70,9,5,2,9,71,83,91,36,130,120,112,72,8,5,1,5,35,47,44,19,59,57,57,34,4,3,2,9,53,59,65,26,90,82,79,49,5,4,2,8,58,77,78,30,106,103,99,61,7,5,3,9,64,72,80,32,115,106,94,63,8,4,2.38,8.5,62.12,74.75,80.25,31.75,111.62,104.62,97.88,62.38,7.38,4.5
Asphalt_0cm_S8,2026-04-02T20:28:59.187651,3,9,70,88,95,37,132,124,115,74,9,5,3,10,73,85,93,37,130,122,117,76,9,5,3,9,73,87,96,37,131,123,110,70,9,5,2,9,71,83,91,36,130,120,112,72,8,5,1,5,35,47,44,19,59,57,57,34,4,3,2,9,53,59,65,26,90,82,79,49,5,4,2,8,58,77,78,30,106,103,99,61,7,5,3,9,64,72,80,32,115,106,94,63,8,4,2.38,8.5,62.12,74.75,80.25,31.75,111.62,104.62,97.88,62.38,7.38,4.5
Asphalt_0cm_S8,2026-04-02T20:28:59.297276,3,9,70,88,95,37,132,124,115,74,9,5,3,10,73,85,93,37,130,122,117,76,9,5,3,9,73,87,96,37,131,123,110,70,9,5,2,9,71,83,91,36,130,120,112,72,8,5,1,5,35,47,44,19,59,57,57,34,4,3,2,9,53,60,65,26,90,82,79,49,5,4,2,8,58,77,78,30,106,103,99,61,7,5,3,9,64,72,80,32,115,106,94,63,8,4,2.38,8.5,62.12,74.88,80.25,31.75,111.62,104.62,97.88,62.38,7.38,4.5
Asphalt_0cm_S8,2026-04-02T20:28:59.378444,3,9,71,88,95,37,133,124,115,74,9,5,3,10,73,86,93,37,131,122,117,76,9,5,3,9,73,87,97,37,131,124,111,70,9,5,2,9,71,83,91,36,130,120,112,72,8,5,1,5,35,47,44,19,59,57,57,34,4,3,2,9,53,60,65,26,90,82,79,49,5,4,2,8,58,77,78,30,106,103,99,61,7,5,3,9,64,72,81,32,115,106,94,63,8,4,2.38,8.5,62.25,75.0,80.5,31.75,111.88,104.75,98.0,62.38,7.38,4.5
Asphalt_0cm_S8,2026-04-02T20:28:59.485047,3,9,71,88,95,37,133,124,115,74,9,5,3,10,73,86,93,37,131,122,117,76,9,5,3,9,73,87,97,37,131,124,111,70,9,5,2,9,71,83,91,36,130,120,112,72,8,5,1,5,34,47,44,19,58,57,57,34,4,2,2,9,53,60,65,26,90,82,79,49,5,4,2,8,58,78,78,30,106,103,99,61,7,4,3,9,64,72,80,32,115,106,94,63,8,4,2.38,8.5,62.12,75.12,80.38,31.75,111.75,104.75,98.0,62.38,7.38,4.25
Asphalt_0cm_S8,2026-04-02T20:28:59.570839,3,9,71,88,95,37,133,124,115,74,9,5,3,10,73,86,93,37,131,122,117,76,9,5,3,9,73,87,97,37,131,124,111,70,9,5,2,9,71,83,91,36,130,120,112,72,8,5,1,5,34,47,44,19,58,57,57,34,4,2,2,9,53,60,65,26,90,82,79,49,5,4,2,8,58,78,78,30,106,103,99,61,7,4,3,9,64,72,80,32,115,106,94,63,8,4,2.38,8.5,62.12,75.12,80.38,31.75,111.75,104.75,98.0,62.38,7.38,4.25
Asphalt_0cm_S8,2026-04-02T20:28:59.676193,3,9,71,88,95,37,133,124,115,74,9,5,3,10,73,86,93,37,131,122,117,76,9,5,3,10,73,87,97,37,131,124,111,70,9,5,2,9,71,83,91,36,130,120,112,72,8,5,1,5,34,47,44,19,58,57,57,34,4,2,2,9,53,60,65,26,90,82,79,49,5,4,2,8,58,78,78,30,106,103,99,61,7,4,3,9,64,72,80,32,115,106,94,63,8,4,2.38,8.62,62.12,75.12,80.38,31.75,111.75,104.75,98.0,62.38,7.38,4.25
Asphalt_0cm_S8,2026-04-02T20:28:59.758287,3,9,71,88,95,37,133,124,115,74,9,5,3,10,73,86,93,37,131,122,117,76,9,5,3,10,73,87,97,37,131,124,111,70,9,5,2,9,71,83,91,36,130,120,112,72,8,5,1,5,34,47,44,19,58,57,57,34,4,2,2,9,53,60,65,26,90,82,79,49,5,4,2,8,58,78,78,30,106,103,99,61,7,4,3,9,64,72,80,32,115,106,94,63,8,4,2.38,8.62,62.12,75.12,80.38,31.75,111.75,104.75,98.0,62.38,7.38,4.25
Asphalt_0cm_S8,2026-04-02T20:28:59.867208,3,9,71,88,95,37,133,124,115,74,9,5,3,10,73,85,93,38,131,123,118,77,9,5,3,9,73,87,97,37,131,124,111,70,9,5,2,9,71,83,91,36,130,120,112,72,8,5,1,5,34,47,44,19,58,57,57,34,4,2,2,9,53,60,65,26,90,82,79,49,5,4,2,8,58,78,78,30,106,103,99,61,7,4,3,9,64,72,80,32,115,106,94,63,8,4,2.38,8.5,62.12,75.0,80.38,31.88,111.75,104.88,98.12,62.5,7.38,4.25
Asphalt_0cm_S8,2026-04-02T20:28:59.963757,3,9,71,88,95,37,133,124,115,74,9,5,3,10,73,85,93,38,131,123,118,77,9,5,3,9,73,87,97,37,131,124,111,70,9,5,2,9,71,83,91,36,130,120,112,72,8,5,1,5,34,47,44,19,58,57,57,34,4,2,2,9,53,60,65,26,90,82,79,49,5,4,2,8,58,78,78,30,106,103,99,61,7,4,3,9,64,72,80,32,115,106,94,63,8,4,2.38,8.5,62.12,75.0,80.38,31.88,111.75,104.88,98.12,62.5,7.38,4.25
Asphalt_0cm_S8,2026-04-02T20:29:00.069166,3,9,71,88,95,37,133,124,115,74,9,5,3,10,73,85,93,38,131,123,118,77,9,5,3,9,73,87,97,37,131,124,111,70,9,5,2,9,71,83,91,36,130,120,112,72,8,5,1,5,34,47,44,19,58,57,57,34,4,2,2,9,53,60,65,26,90,82,79,49,5,4,2,8,58,78,78,30,106,103,99,61,7,4,3,9,64,72,80,32,115,106,94,63,8,4,2.38,8.5,62.12,75.0,80.38,31.88,111.75,104.88,98.12,62.5,7.38,4.25
Asphalt_0cm_S8,2026-04-02T20:29:00.153216,2,9,71,88,95,37,133,124,115,74,8,5,3,10,73,85,93,38,131,123,118,77,9,5,3,9,73,87,97,37,131,124,111,70,9,5,2,9,71,83,91,36,130,120,112,72,8,5,1,5,34,47,44,19,58,57,57,34,3,2,2,9,53,60,65,26,90,82,79,49,5,4,2,8,58,78,78,30,106,104,99,61,7,5,2,9,64,72,80,32,115,106,94,63,8,4,2.12,8.5,62.12,75.0,80.38,31.88,111.75,105.0,98.12,62.5,7.12,4.38
Asphalt_0cm_S8,2026-04-02T20:29:00.238436,2,9,71,88,95,37,133,124,115,74,8,5,3,10,73,85,93,38,131,123,118,77,9,5,3,9,73,87,97,37,131,124,111,70,9,5,2,9,71,83,91,36,130,120,112,72,8,5,1,5,34,47,44,19,58,57,57,34,3,2,2,9,53,60,65,26,90,82,79,49,5,4,2,8,58,78,78,30,106,104,99,61,7,5,2,9,64,72,80,32,115,106,94,63,8,4,2.12,8.5,62.12,75.0,80.38,31.88,111.75,105.0,98.12,62.5,7.12,4.38
Asphalt_0cm_S8,2026-04-02T20:29:00.321970,2,9,71,88,95,37,133,124,115,74,8,5,3,10,73,86,93,37,131,122,118,77,9,5,3,9,73,87,97,37,131,124,111,70,9,5,2,9,71,83,91,36,130,120,112,72,8,5,1,5,34,47,44,19,58,57,57,34,3,2,2,9,53,60,65,26,90,82,79,49,5,4,3,8,58,78,78,30,105,103,99,61,7,4,2,9,64,71,81,32,115,106,95,63,8,4,2.25,8.5,62.12,75.0,80.5,31.75,111.62,104.75,98.25,62.5,7.12,4.25
Asphalt_0cm_S8,2026-04-02T20:29:00.418744,2,9,71,88,95,38,133,124,115,74,9,5,3,10,73,86,93,37,131,123,118,76,9,5,3,9,73,87,97,37,132,124,111,70,9,5,2,9,71,83,91,36,130,120,112,72,8,5,1,5,34,47,44,19,59,57,57,34,4,2,2,9,53,60,65,26,90,82,79,49,5,4,3,8,58,78,78,30,105,103,99,61,7,4,2,9,64,71,81,32,115,106,95,63,8,4,2.25,8.5,62.12,75.0,80.5,31.88,111.88,104.88,98.25,62.38,7.38,4.25
Asphalt_0cm_S8,2026-04-02T20:29:00.505869,2,9,71,88,95,38,133,124,115,74,9,5,3,10,73,86,93,37,131,123,118,76,9,5,3,9,73,87,97,37,132,124,111,70,9,5,2,9,71,83,91,36,130,120,112,72,8,5,1,5,34,47,44,19,59,57,57,34,4,2,2,9,53,60,65,26,90,82,79,49,5,4,3,8,58,78,78,30,106,104,99,61,7,5,2,9,64,72,81,32,115,106,94,63,8,4,2.25,8.5,62.12,75.12,80.5,31.88,112.0,105.0,98.12,62.38,7.38,4.38
Asphalt_0cm_S8,2026-04-02T20:29:00.610266,2,9,71,88,95,38,133,124,115,74,9,5,3,10,73,86,93,37,131,123,118,76,9,5,3,9,73,87,97,37,132,124,111,70,9,5,2,9,71,83,91,36,130,120,112,72,8,5,1,5,34,47,44,19,59,57,57,34,4,2,2,9,53,60,65,26,90,82,79,49,5,4,3,8,58,78,78,30,106,104,99,61,7,5,2,9,64,72,81,32,115,106,94,63,8,4,2.25,8.5,62.12,75.12,80.5,31.88,112.0,105.0,98.12,62.38,7.38,4.38
Asphalt_0cm_S8,2026-04-02T20:29:00.691176,2,9,71,88,95,37,133,124,115,74,8,5,3,10,73,86,93,37,131,123,118,77,9,5,3,9,73,87,96,37,132,124,111,70,9,5,2,9,71,83,91,36,130,120,112,72,8,5,1,5,34,47,44,19,59,57,57,34,4,2,2,9,53,60,65,26,90,82,79,49,5,4,3,8,58,78,78,30,106,104,99,61,7,5,2,9,64,72,81,32,115,106,94,63,8,4,2.25,8.5,62.12,75.12,80.38,31.75,112.0,105.0,98.12,62.5,7.25,4.38
Asphalt_0cm_S8,2026-04-02T20:29:00.799319,2,9,71,88,95,37,133,124,115,74,8,5,3,10,73,86,93,37,131,123,118,76,9,5,3,9,73,87,97,37,132,124,111,70,9,5,2,9,71,83,91,36,130,121,112,72,8,5,1,6,35,47,44,19,59,57,57,34,4,3,2,9,53,60,65,26,90,82,80,49,5,4,2,8,58,78,79,30,106,104,99,61,7,4,2,9,64,72,81,32,115,106,94,63,8,4,2.12,8.62,62.25,75.12,80.62,31.75,112.0,105.12,98.25,62.38,7.25,4.38
Asphalt_0cm_S8,2026-04-02T20:29:00.887456,2,9,71,88,95,37,133,124,115,74,8,5,3,10,73,86,93,37,131,123,118,77,9,5,3,10,73,87,97,37,132,124,111,70,9,5,2,9,71,83,91,36,130,120,112,72,8,5,1,6,35,47,44,19,59,57,57,34,4,3,2,9,53,60,65,26,90,82,80,49,5,4,2,8,58,78,79,30,106,104,99,61,7,4,2,9,64,72,81,32,115,106,94,63,8,4,2.12,8.75,62.25,75.12,80.62,31.75,112.0,105.0,98.25,62.5,7.25,4.38
Asphalt_0cm_S8,2026-04-02T20:29:00.981312,2,9,71,88,95,37,133,124,115,74,8,5,3,10,73,86,93,37,131,123,118,77,9,5,3,10,73,87,97,37,132,124,111,70,9,5,2,9,71,83,91,36,130,120,112,72,8,5,1,5,35,47,44,19,58,57,57,34,4,2,2,9,53,60,65,26,90,82,79,49,5,4,2,8,58,78,78,30,106,104,99,61,7,5,3,9,64,72,81,32,115,106,94,63,8,4,2.25,8.62,62.25,75.12,80.5,31.75,111.88,105.0,98.12,62.5,7.25,4.38
Asphalt_0cm_S8,2026-04-02T20:29:01.069068,2,9,71,88,95,37,133,125,115,74,9,5,3,10,73,86,94,38,131,123,118,77,9,5,3,9,73,87,97,37,132,124,111,70,9,5,2,9,71,83,91,36,130,120,112,72,8,5,1,5,35,47,44,19,58,57,57,34,4,2,2,9,53,60,65,26,90,82,79,49,5,4,2,8,58,78,78,30,106,104,99,61,7,5,3,9,64,72,81,32,115,106,94,63,8,4,2.25,8.5,62.25,75.12,80.62,31.88,111.88,105.12,98.12,62.5,7.38,4.38
Asphalt_0cm_S8,2026-04-02T20:29:01.167749,2,9,71,88,95,37,133,125,115,74,9,5,3,10,73,86,94,38,131,123,118,77,9,5,3,9,73,87,97,37,132,124,111,70,9,5,2,9,71,83,91,36,130,121,113,72,8,5,1,5,35,47,44,19,59,57,57,34,4,3,2,9,53,60,65,26,90,82,79,49,5,4,2,8,58,78,78,30,106,104,99,61,7,5,3,9,64,72,81,32,115,106,94,63,8,4,2.25,8.5,62.25,75.12,80.62,31.88,112.0,105.25,98.25,62.5,7.38,4.5
Asphalt_0cm_S8,2026-04-02T20:29:01.256115,2,9,71,88,95,37,133,125,115,74,9,5,3,10,73,86,94,38,131,123,118,77,9,5,3,9,73,87,97,37,132,124,111,70,9,5,2,9,71,83,91,36,130,121,113,72,8,5,1,5,35,47,44,19,59,57,57,34,4,3,2,9,53,60,65,26,90,82,79,49,5,4,2,8,58,78,78,30,106,104,99,61,7,5,3,9,64,72,81,32,115,106,94,63,8,4,2.25,8.5,62.25,75.12,80.62,31.88,112.0,105.25,98.25,62.5,7.38,4.5
Asphalt_0cm_S8,2026-04-02T20:29:01.338135,3,9,71,88,95,38,133,124,116,74,8,5,3,10,73,86,94,38,131,123,117,77,9,5,3,9,73,87,97,37,132,124,111,70,9,5,2,9,71,83,91,36,130,121,113,72,8,5,1,5,35,47,44,19,59,57,57,34,4,3,2,9,53,60,65,26,90,82,79,49,5,4,2,8,58,78,78,30,106,103,99,61,7,5,2,9,64,73,81,32,115,106,95,63,8,4,2.25,8.5,62.25,75.25,80.62,32.0,112.0,105.0,98.38,62.5,7.25,4.5
Asphalt_0cm_S8,2026-04-02T20:29:01.434362,3,9,71,88,95,38,133,124,116,74,8,5,3,10,73,86,94,38,131,123,117,77,9,5,3,9,73,87,97,37,132,124,111,70,9,5,2,9,71,83,91,36,130,121,113,72,8,5,1,5,35,47,44,19,59,57,57,34,4,3,2,9,53,60,65,26,90,82,79,49,5,4,2,8,58,78,78,30,106,103,99,61,7,5,2,9,64,73,81,32,115,106,95,63,8,4,2.25,8.5,62.25,75.25,80.62,32.0,112.0,105.0,98.38,62.5,7.25,4.5
Asphalt_0cm_S8,2026-04-02T20:29:01.514579,2,9,71,88,95,38,133,124,116,74,9,5,3,10,73,86,94,38,131,123,118,77,9,5,3,9,73,87,97,37,132,124,111,70,9,5,2,9,71,83,91,36,130,121,113,72,8,5,1,6,35,47,44,19,59,57,57,34,4,2,2,9,53,60,65,26,90,82,79,49,5,4,3,8,58,78,79,30,105,103,99,61,7,4,3,9,64,72,81,32,115,106,94,63,8,4,2.38,8.62,62.25,75.12,80.75,32.0,111.88,105.0,98.38,62.5,7.38,4.25
Asphalt_0cm_S8,2026-04-02T20:29:01.624078,2,9,71,88,95,38,133,124,116,74,9,5,3,10,72,86,93,37,132,123,118,77,9,5,3,9,73,87,97,38,132,124,111,70,9,5,2,9,71,83,91,36,130,121,113,72,8,5,1,5,35,47,44,19,59,57,57,34,4,2,2,9,53,60,65,26,90,82,80,49,5,4,3,8,58,78,79,30,106,103,99,61,7,5,3,9,64,72,81,32,115,106,94,63,8,4,2.38,8.5,62.12,75.12,80.62,32.0,112.12,105.0,98.5,62.5,7.38,4.38
Asphalt_0cm_S8,2026-04-02T20:29:01.717353,3,9,71,88,95,38,133,125,116,74,9,5,3,10,73,86,94,38,131,123,118,77,10,5,3,9,73,87,97,38,132,124,111,70,9,5,2,9,71,83,91,36,130,121,113,72,8,5,1,5,35,47,44,19,59,57,57,34,4,2,2,9,53,60,65,26,90,82,80,49,5,4,3,8,58,78,79,30,106,103,99,61,7,5,3,9,64,72,81,32,115,106,94,63,8,4,2.5,8.5,62.25,75.12,80.75,32.12,112.0,105.12,98.5,62.5,7.5,4.38
Asphalt_0cm_S8,2026-04-02T20:29:01.812090,3,9,71,88,95,38,133,125,116,74,9,5,3,10,73,86,94,38,131,123,118,77,10,5,3,9,73,87,97,38,132,124,111,70,9,5,2,9,71,83,91,36,130,121,113,72,8,5,1,5,35,47,44,19,59,57,57,34,4,2,2,9,53,60,65,26,90,82,80,49,5,4,3,8,58,78,79,30,106,103,99,61,7,5,3,9,64,72,81,32,115,106,94,63,8,4,2.5,8.5,62.25,75.12,80.75,32.12,112.0,105.12,98.5,62.5,7.5,4.38
Asphalt_0cm_S8,2026-04-02T20:29:01.915670,3,9,71,88,95,38,133,125,116,74,9,5,3,10,73,86,94,38,131,123,118,77,10,5,3,9,73,87,97,38,132,124,111,70,9,5,2,9,71,83,91,36,130,121,113,72,8,5,1,5,35,47,44,19,59,57,57,34,4,2,2,9,53,60,65,26,90,82,80,49,5,4,3,8,58,78,79,30,106,103,99,61,7,5,3,9,64,72,81,32,115,106,94,63,8,4,2.5,8.5,62.25,75.12,80.75,32.12,112.0,105.12,98.5,62.5,7.5,4.38
Asphalt_0cm_S8,2026-04-02T20:29:02.004639,3,9,71,88,95,38,133,125,116,74,9,5,3,10,73,86,94,38,131,123,118,77,10,5,3,9,73,87,97,38,132,124,111,70,9,5,2,9,71,83,91,36,130,121,113,72,8,5,1,5,35,47,44,19,58,57,57,34,4,3,2,9,53,60,65,26,90,82,79,49,5,4,2,8,58,78,78,30,106,104,99,61,7,4,1,9,64,72,81,32,115,106,94,63,8,4,2.12,8.5,62.25,75.12,80.62,32.12,111.88,105.25,98.38,62.5,7.5,4.38
Asphalt_0cm_S8,2026-04-02T20:29:02.097433,3,9,71,88,95,38,133,124,116,74,9,5,3,10,73,86,94,37,131,123,118,77,9,5,3,9,73,87,97,37,132,124,111,70,9,5,2,9,71,83,92,36,131,121,113,72,8,5,1,5,35,47,44,19,59,57,57,34,4,3,2,9,53,60,65,26,90,82,79,49,5,4,2,8,58,78,78,30,106,104,99,61,7,4,1,9,64,72,81,32,115,106,94,63,8,4,2.12,8.5,62.25,75.12,80.75,31.88,112.12,105.12,98.38,62.5,7.38,4.38
Asphalt_0cm_S8,2026-04-02T20:29:02.188829,3,9,71,88,95,38,133,124,116,74,9,5,3,10,73,86,94,37,131,123,118,77,9,5,3,9,73,87,97,37,132,124,111,70,9,5,2,9,71,83,92,36,131,121,113,72,8,5,1,5,35,47,44,19,59,57,57,34,4,3,2,9,53,60,65,26,90,82,79,49,5,3,2,8,58,78,78,30,106,103,99,61,7,5,1,9,64,72,81,32,115,106,94,63,8,4,2.12,8.5,62.25,75.12,80.75,31.88,112.12,105.0,98.38,62.5,7.38,4.38
Asphalt_0cm_S8,2026-04-02T20:29:02.272659,2,9,71,88,95,37,133,124,116,74,8,5,3,10,73,86,94,38,131,123,118,77,10,5,3,10,74,88,97,37,132,124,111,70,9,5,2,9,71,83,91,36,130,121,113,72,8,5,1,5,35,47,44,19,58,57,57,34,4,3,2,9,53,60,65,26,90,82,79,49,5,4,2,8,58,78,78,30,106,103,99,61,7,4,3,9,64,72,81,31,115,106,94,63,8,4,2.25,8.62,62.38,75.25,80.62,31.75,111.88,105.0,98.38,62.5,7.38,4.38
Asphalt_0cm_S8,2026-04-02T20:29:02.408860,3,9,71,88,95,38,133,124,116,74,8,5,3,10,73,86,94,38,131,123,118,77,9,5,3,9,73,88,97,37,132,124,111,70,9,5,2,9,71,83,91,36,130,121,113,72,8,5,1,5,35,47,44,19,58,57,57,34,4,3,2,9,53,60,65,26,90,82,79,49,5,4,2,8,58,78,78,30,106,103,99,61,7,4,2,9,64,72,80,32,115,105,94,63,8,4,2.25,8.5,62.25,75.25,80.5,32.0,111.88,104.88,98.38,62.5,7.25,4.38
Asphalt_0cm_S8,2026-04-02T20:29:02.508457,3,9,71,88,95,37,133,125,116,74,9,5,3,10,73,86,94,38,131,123,118,77,9,5,3,9,73,88,97,37,132,124,111,70,9,5,2,9,71,83,92,36,131,121,113,72,8,5,1,5,35,47,44,19,59,57,57,34,3,2,2,9,53,60,65,26,90,82,79,49,5,3,3,8,58,78,78,30,106,104,99,61,7,4,2,9,64,73,81,32,115,105,94,63,8,4,2.38,8.5,62.25,75.38,80.75,31.88,112.12,105.12,98.38,62.5,7.25,4.12
Asphalt_0cm_S8,2026-04-02T20:29:02.596535,3,9,71,88,95,37,133,125,116,74,9,5,3,10,73,86,94,38,131,123,118,77,9,5,3,9,73,87,97,37,132,124,111,70,9,5,2,9,71,83,92,36,130,121,113,72,8,5,1,5,35,47,44,19,59,57,57,34,4,2,2,9,53,60,65,26,90,82,79,49,5,3,3,8,58,78,78,30,106,104,99,61,7,4,2,9,64,73,81,32,115,105,94,63,8,4,2.38,8.5,62.25,75.25,80.75,31.88,112.0,105.12,98.38,62.5,7.38,4.12
Asphalt_0cm_S8,2026-04-02T20:29:02.684999,3,9,71,88,95,37,133,125,116,74,9,5,3,10,73,86,94,38,131,123,118,77,9,5,3,9,73,87,97,37,132,124,111,70,9,5,2,9,71,83,92,36,130,121,113,72,8,5,1,5,35,47,44,19,59,57,57,34,4,2,2,9,53,60,65,26,90,82,79,49,5,3,3,8,58,78,78,30,106,104,99,61,7,4,2,9,64,73,81,32,115,105,94,63,8,4,2.38,8.5,62.25,75.25,80.75,31.88,112.0,105.12,98.38,62.5,7.38,4.12
Asphalt_0cm_S8,2026-04-02T20:29:02.764491,3,9,71,88,95,38,133,125,116,74,9,5,3,10,73,86,94,38,131,123,118,77,9,5,3,9,73,87,97,37,132,124,111,70,9,5,2,9,71,83,91,36,130,121,113,72,8,5,1,5,35,47,44,19,58,57,57,34,4,3,2,9,53,60,65,26,90,82,80,49,5,4,3,8,58,78,78,30,106,103,99,61,7,5,2,9,64,72,81,32,115,106,94,63,8,4,2.38,8.5,62.25,75.12,80.62,32.0,111.88,105.12,98.5,62.5,7.38,4.5
Asphalt_0cm_S8,2026-04-02T20:29:02.867939,2,9,71,88,95,37,133,125,116,74,8,5,3,10,73,86,94,38,131,123,118,77,9,5,3,9,73,87,97,37,132,124,111,70,9,5,2,9,71,83,91,36,130,121,113,72,8,5,1,5,35,47,44,19,58,57,57,34,4,3,2,9,53,60,65,26,90,82,80,49,5,4,2,8,58,78,78,30,106,103,99,61,7,5,3,9,64,73,81,32,115,106,94,63,8,4,2.25,8.5,62.25,75.25,80.62,31.88,111.88,105.12,98.5,62.5,7.25,4.5
Asphalt_0cm_S8,2026-04-02T20:29:02.953870,2,9,71,88,95,37,133,125,116,74,8,5,3,10,73,86,93,38,131,123,118,77,10,5,3,9,73,87,97,37,132,124,111,70,9,5,2,9,71,83,91,36,130,121,113,72,8,5,1,5,35,47,44,19,58,57,57,34,4,3,2,9,53,60,65,26,90,82,80,49,5,4,2,8,58,78,78,30,106,103,99,61,7,5,3,9,64,73,81,32,115,106,94,63,8,4,2.25,8.5,62.25,75.25,80.5,31.88,111.88,105.12,98.5,62.5,7.38,4.5
Asphalt_0cm_S8,2026-04-02T20:29:03.068395,3,9,71,88,95,37,133,125,116,74,9,5,3,10,73,86,93,38,131,123,118,77,10,5,3,9,73,87,97,37,132,124,111,70,9,5,2,9,72,83,91,36,130,121,112,72,8,5,1,5,35,47,44,19,58,57,57,34,4,3,2,9,53,60,65,26,90,82,80,49,5,4,2,8,58,78,78,30,106,103,99,61,7,5,3,9,64,72,81,32,115,106,94,63,8,4,2.38,8.5,62.38,75.12,80.5,31.88,111.88,105.12,98.38,62.5,7.5,4.5
Asphalt_0cm_S8,2026-04-02T20:29:03.160088,3,9,71,88,95,37,133,125,116,74,9,5,3,10,73,86,93,38,131,123,118,77,10,5,3,9,73,87,97,37,132,124,111,70,9,5,2,9,72,83,91,36,130,121,112,72,8,5,1,5,35,47,44,19,58,57,57,34,4,2,2,9,53,60,65,26,90,82,79,49,5,4,2,8,58,78,78,30,106,103,99,61,7,5,3,9,64,72,80,32,115,106,94,63,8,4,2.38,8.5,62.38,75.12,80.38,31.88,111.88,105.12,98.25,62.5,7.5,4.38
Asphalt_0cm_S8,2026-04-02T20:29:03.264741,3,9,71,88,95,38,133,124,115,74,9,5,3,10,73,86,94,38,131,123,118,77,10,5,3,9,73,87,97,37,132,124,111,70,9,5,2,9,71,83,91,36,130,121,113,72,8,5,1,5,35,47,44,19,58,57,57,34,4,2,2,9,53,60,65,26,90,82,79,49,5,4,2,8,58,78,78,30,106,103,99,61,7,5,3,9,64,72,80,32,115,106,94,63,8,4,2.38,8.5,62.25,75.12,80.5,32.0,111.88,105.0,98.25,62.5,7.5,4.38
Asphalt_0cm_S8,2026-04-02T20:29:03.351910,3,9,71,88,95,38,133,124,116,74,9,5,3,10,73,86,94,38,131,123,118,77,10,5,3,9,73,87,97,37,132,124,111,70,9,5,2,9,71,83,91,36,130,121,113,72,8,5,1,5,35,47,44,19,58,57,57,34,4,2,2,9,53,60,65,26,90,82,79,49,5,4,3,8,58,78,78,30,106,103,99,61,7,4,3,9,64,72,81,32,115,106,94,63,8,4,2.5,8.5,62.25,75.12,80.62,32.0,111.88,105.0,98.38,62.5,7.5,4.25
Asphalt_0cm_S8,2026-04-02T20:29:03.439827,3,9,71,88,95,38,133,124,116,74,9,5,3,10,73,86,94,37,131,123,118,76,9,5,3,9,73,87,97,37,132,124,111,70,9,5,2,9,71,83,91,36,130,121,113,72,8,5,1,5,35,47,44,19,58,57,57,34,4,2,2,9,53,60,65,26,90,82,79,49,5,4,3,8,58,78,78,30,106,103,99,61,7,4,3,9,64,72,81,32,115,106,94,63,8,4,2.5,8.5,62.25,75.12,80.62,31.88,111.88,105.0,98.38,62.38,7.38,4.25
Asphalt_0cm_S8,2026-04-02T20:29:03.523145,3,9,71,88,95,38,133,124,116,74,9,5,3,10,73,86,94,37,131,123,118,76,9,5,3,9,73,87,97,37,132,124,111,70,9,5,2,9,71,83,91,36,130,121,113,72,8,5,1,5,35,47,44,19,58,57,57,34,4,2,2,9,53,60,65,26,90,82,79,49,5,4,3,8,58,78,78,30,106,103,99,61,7,4,3,9,64,72,81,32,115,106,94,63,8,4,2.5,8.5,62.25,75.12,80.62,31.88,111.88,105.0,98.38,62.38,7.38,4.25
Asphalt_0cm_S8,2026-04-02T20:29:03.629029,2,9,71,88,95,38,133,125,116,74,8,5,3,10,73,86,93,38,131,123,118,77,10,5,3,10,73,87,97,37,132,124,111,70,9,5,2,9,71,83,91,36,131,121,113,72,8,5,1,5,35,47,44,19,58,57,57,34,4,2,2,9,53,60,65,26,90,82,79,49,5,4,3,8,58,77,79,30,106,104,99,61,7,4,2,9,64,72,81,31,115,106,94,63,8,4,2.25,8.62,62.25,75.0,80.62,31.88,112.0,105.25,98.38,62.5,7.38,4.25
Asphalt_0cm_S8,2026-04-02T20:29:03.731026,2,9,71,88,95,38,133,125,116,74,8,5,3,10,73,86,93,38,131,123,118,77,10,5,3,10,73,87,97,37,132,124,111,70,9,5,2,9,71,83,91,36,131,121,113,72,8,5,1,5,35,47,44,19,58,57,57,34,4,2,2,9,53,60,65,26,90,82,79,49,5,4,3,8,58,77,79,30,106,104,99,61,7,4,2,9,64,72,81,31,115,106,94,63,8,4,2.25,8.62,62.25,75.0,80.62,31.88,112.0,105.25,98.38,62.5,7.38,4.25
Asphalt_0cm_S8,2026-04-02T20:29:03.817047,3,9,71,88,95,38,133,124,115,74,9,5,3,10,73,86,94,38,131,123,118,77,9,5,3,9,73,87,97,37,132,124,111,70,9,5,2,9,71,83,91,36,130,121,112,72,8,5,1,5,34,47,44,19,58,57,57,34,4,2,2,9,53,60,65,26,90,82,79,49,5,4,2,8,58,78,78,30,106,103,99,61,7,4,2,9,64,73,81,31,115,106,94,63,8,4,2.25,8.5,62.12,75.25,80.62,31.88,111.88,105.0,98.12,62.5,7.38,4.25
Asphalt_0cm_S8,2026-04-02T20:29:03.903540,2,9,71,88,95,37,133,124,116,74,8,5,3,10,73,86,93,38,131,123,118,77,10,5,3,9,73,87,97,37,132,124,111,70,9,5,2,9,71,83,91,36,130,121,113,72,8,5,1,5,34,47,44,19,58,57,57,34,4,3,2,9,53,60,65,26,90,82,79,49,5,4,2,8,58,78,78,30,106,103,99,61,7,4,2,9,64,73,81,31,115,106,94,63,8,4,2.12,8.5,62.12,75.25,80.5,31.75,111.88,105.0,98.38,62.5,7.38,4.38
Asphalt_0cm_S8,2026-04-02T20:29:04.010864,3,9,71,88,95,37,134,124,115,74,8,5,3,10,73,86,93,38,131,123,118,77,10,5,3,9,73,87,97,37,132,124,111,70,9,5,2,9,71,83,91,36,130,121,113,72,8,5,1,5,34,47,44,19,58,57,57,34,4,3,2,9,53,60,65,26,90,82,79,49,5,4,2,8,58,78,78,30,106,103,99,61,7,4,3,9,64,72,81,32,115,106,94,63,8,4,2.38,8.5,62.12,75.12,80.5,31.88,112.0,105.0,98.25,62.5,7.38,4.38
Asphalt_0cm_S8,2026-04-02T20:29:04.099520,3,9,71,88,95,37,134,124,115,74,8,5,3,10,73,86,93,38,131,123,118,77,9,5,3,9,73,87,97,37,132,124,111,70,9,5,2,9,71,83,91,36,130,121,112,72,8,5,1,5,35,47,44,19,58,57,57,34,4,3,2,8,53,60,65,26,90,82,79,49,5,4,2,8,58,78,78,30,106,103,99,61,7,4,3,9,64,72,81,32,115,106,94,63,8,4,2.38,8.38,62.25,75.12,80.5,31.88,112.0,105.0,98.12,62.5,7.25,4.38
Asphalt_0cm_S8,2026-04-02T20:29:04.218271,3,9,71,88,95,37,134,124,115,74,8,5,3,10,73,86,93,38,131,123,118,77,9,5,3,9,73,87,97,37,132,124,111,70,9,5,2,9,71,83,91,36,130,121,112,72,8,5,1,5,35,47,44,19,58,57,57,34,4,3,2,8,53,60,65,26,90,82,79,49,5,4,2,8,58,78,78,30,106,103,99,61,7,4,3,9,64,72,81,32,115,106,94,63,8,4,2.38,8.38,62.25,75.12,80.5,31.88,112.0,105.0,98.12,62.5,7.25,4.38
Asphalt_0cm_S8,2026-04-02T20:29:04.323885,2,9,71,88,95,37,133,124,115,74,8,5,3,10,73,86,93,37,131,123,118,77,9,5,3,9,73,87,97,37,131,124,111,70,9,5,2,9,71,83,91,36,130,121,113,72,8,5,1,5,34,47,44,19,58,57,57,34,4,3,2,9,53,60,65,26,90,82,79,49,5,4,3,8,58,78,79,30,106,104,99,61,7,5,2,9,64,72,81,32,115,106,94,63,8,4,2.25,8.5,62.12,75.12,80.62,31.75,111.75,105.12,98.25,62.5,7.25,4.5
Asphalt_0cm_S8,2026-04-02T20:29:04.410118,2,9,71,88,95,37,133,124,115,74,8,5,3,10,73,86,93,37,131,123,118,77,9,5,3,9,73,86,97,37,132,124,111,70,9,5,2,9,71,83,91,36,130,121,113,72,8,5,1,5,34,47,44,19,59,57,57,34,4,2,2,9,53,60,65,26,90,82,80,49,5,4,3,8,58,78,79,30,106,104,99,61,7,5,2,9,64,72,81,32,115,106,94,63,8,4,2.25,8.5,62.12,75.0,80.62,31.75,112.0,105.12,98.38,62.5,7.25,4.38
Asphalt_0cm_S8,2026-04-02T20:29:04.514708,2,9,71,88,95,37,133,124,115,74,8,5,3,10,73,86,93,37,131,123,118,77,9,5,3,9,73,86,97,37,132,124,111,70,9,5,2,9,71,83,91,36,130,121,113,72,8,5,1,5,34,47,44,19,59,57,57,34,4,2,2,9,53,60,65,26,90,82,80,49,5,4,2,8,58,77,78,30,106,103,99,61,7,5,2,9,64,72,81,32,115,106,94,63,8,4,2.12,8.5,62.12,74.88,80.5,31.75,112.0,105.0,98.38,62.5,7.25,4.38
Asphalt_0cm_S8,2026-04-02T20:29:04.598585,2,9,71,88,95,37,133,124,116,74,8,5,3,10,73,86,93,37,131,123,118,77,9,5,3,9,73,87,97,37,132,124,111,70,9,5,2,9,72,83,91,36,130,121,113,72,8,5,1,5,34,47,44,19,59,57,57,34,4,2,2,9,53,59,65,26,90,82,79,49,5,4,3,8,58,78,78,30,106,104,99,61,7,4,3,9,64,72,80,32,115,106,94,63,8,4,2.38,8.5,62.25,75.0,80.38,31.75,112.0,105.12,98.38,62.5,7.25,4.25
Asphalt_0cm_S8,2026-04-02T20:29:04.705622,2,9,71,88,95,37,133,124,116,74,8,5,3,10,73,86,93,37,131,123,118,77,9,5,3,9,73,87,97,37,132,124,111,70,9,5,2,9,72,83,91,36,130,121,113,72,8,5,1,5,34,47,44,19,59,57,57,34,4,2,2,9,53,59,65,26,90,82,79,49,5,4,3,8,58,78,78,30,106,104,99,61,7,4,2,9,64,72,81,31,115,106,94,63,8,4,2.25,8.5,62.25,75.0,80.5,31.62,112.0,105.12,98.38,62.5,7.25,4.25
Asphalt_0cm_S8,2026-04-02T20:29:04.791165,2,9,71,88,95,37,133,124,116,74,8,5,3,10,73,86,93,37,131,123,118,77,9,5,3,9,73,87,97,37,132,124,111,70,9,5,2,9,72,83,91,36,130,121,113,72,8,5,1,5,34,47,44,19,59,57,57,34,4,2,2,9,53,59,65,26,90,82,79,49,5,4,3,8,58,78,78,30,106,104,99,61,7,4,2,9,64,72,81,31,115,106,94,63,8,4,2.25,8.5,62.25,75.0,80.5,31.62,112.0,105.12,98.38,62.5,7.25,4.25
Asphalt_0cm_S8,2026-04-02T20:29:04.895329,3,9,71,88,95,38,133,124,116,74,9,5,3,10,73,85,93,37,131,123,117,77,9,5,3,9,73,87,97,37,132,124,111,70,9,5,2,9,71,83,91,36,130,121,112,72,8,5,1,5,34,47,44,19,59,57,57,34,4,2,2,9,53,59,65,26,90,82,79,49,5,4,3,8,58,78,78,30,106,104,99,61,7,4,3,9,64,72,81,32,115,105,94,63,8,4,2.5,8.5,62.12,74.88,80.5,31.88,112.0,105.0,98.12,62.5,7.38,4.25
Asphalt_0cm_S8,2026-04-02T20:29:04.983828,3,9,71,88,95,38,133,124,116,74,9,5,3,10,73,85,93,37,131,123,117,77,9,5,3,9,73,87,97,37,132,124,111,70,9,5,2,9,71,83,91,36,130,121,112,72,8,5,1,5,35,47,44,19,58,57,57,34,4,3,2,9,53,60,65,26,90,82,79,49,5,4,2,8,58,78,78,30,106,103,99,61,7,4,3,9,64,72,80,32,115,105,94,63,8,4,2.38,8.5,62.25,75.0,80.38,31.88,111.88,104.88,98.12,62.5,7.38,4.38
Asphalt_0cm_S8,2026-04-02T20:29:05.081705,2,9,71,88,95,37,133,124,116,74,8,5,3,10,73,86,93,38,131,123,118,77,9,5,3,9,73,87,97,37,132,124,111,70,9,5,2,9,71,83,91,36,130,121,112,72,8,5,1,5,35,47,44,19,58,57,57,34,4,3,2,9,53,60,65,26,90,82,79,49,5,4,2,8,58,78,78,30,106,103,99,61,7,4,3,9,64,72,80,32,115,105,94,63,8,4,2.25,8.5,62.25,75.12,80.38,31.88,111.88,104.88,98.25,62.5,7.25,4.38
Asphalt_0cm_S8,2026-04-02T20:29:05.165875,2,9,71,88,95,37,133,124,116,74,8,5,3,10,73,86,93,38,131,123,118,77,9,5,3,9,73,87,97,37,132,124,111,70,9,5,2,9,71,83,91,36,131,121,113,72,8,5,1,5,34,47,44,19,58,57,57,34,4,2,2,9,53,60,65,26,90,82,79,49,5,4,2,8,58,78,78,30,106,104,99,61,7,5,3,9,64,72,80,32,115,106,94,63,8,4,2.25,8.5,62.12,75.12,80.38,31.88,112.0,105.12,98.38,62.5,7.25,4.38
Asphalt_0cm_S8,2026-04-02T20:29:05.275796,3,9,71,88,95,37,133,124,116,74,9,5,3,10,73,86,93,37,131,123,117,77,9,5,3,9,73,87,97,37,132,124,111,70,9,5,2,9,72,83,91,36,131,121,113,72,8,5,1,6,35,47,44,19,58,57,57,34,4,2,2,9,53,60,65,26,90,82,79,49,5,4,2,8,58,78,78,30,106,104,99,61,7,5,3,9,64,72,80,32,115,106,94,63,8,4,2.38,8.62,62.38,75.12,80.38,31.75,112.0,105.12,98.25,62.5,7.38,4.38
Asphalt_0cm_S8,2026-04-02T20:29:05.375808,3,9,71,88,95,38,133,124,115,74,9,5,3,10,73,86,93,37,131,123,117,77,9,5,3,9,73,87,97,37,132,124,111,70,9,5,2,9,72,83,91,36,131,121,113,72,8,5,1,6,35,47,44,19,58,57,57,34,4,2,2,9,53,60,65,26,90,82,79,49,5,4,3,8,58,78,79,30,105,103,99,61,7,5,2,9,64,73,80,32,115,106,94,63,8,4,2.38,8.62,62.38,75.25,80.5,31.88,111.88,105.0,98.12,62.5,7.38,4.38
Asphalt_0cm_S8,2026-04-02T20:29:05.468035,3,9,71,88,95,38,133,124,115,74,9,5,3,10,73,86,93,37,131,123,118,77,9,5,3,10,73,87,97,37,132,124,111,70,9,5,2,9,72,83,91,36,131,121,113,72,8,5,1,5,35,47,44,19,59,57,57,34,3,2,2,9,53,60,65,26,90,82,79,49,5,4,2,8,58,78,78,30,106,103,99,61,7,4,2,9,64,73,80,32,115,106,94,63,8,4,2.25,8.62,62.38,75.25,80.38,31.88,112.12,105.0,98.25,62.5,7.25,4.25
Asphalt_0cm_S8,2026-04-02T20:29:05.561141,3,9,71,88,95,38,133,124,115,74,9,5,3,10,73,86,93,37,131,123,118,77,9,5,3,9,73,87,97,37,132,124,111,70,9,5,2,9,72,83,91,36,131,121,113,72,8,5,1,5,35,47,44,19,59,57,57,34,3,2,2,9,53,60,65,26,90,82,79,49,5,4,2,8,58,78,78,30,106,103,99,61,7,4,2,9,64,72,81,32,115,106,94,63,8,4,2.25,8.5,62.38,75.12,80.5,31.88,112.12,105.0,98.25,62.5,7.25,4.25
Asphalt_0cm_S8,2026-04-02T20:29:05.656127,3,9,71,88,95,38,133,124,115,74,9,5,3,10,73,86,93,37,131,123,118,77,9,5,3,9,73,87,97,37,132,124,111,70,9,5,2,9,72,83,92,36,131,121,113,72,8,5,2,5,35,47,44,19,59,57,57,34,4,2,2,9,53,59,65,26,90,82,79,49,5,4,2,8,58,78,78,30,106,103,99,61,7,4,3,9,64,72,81,32,115,106,94,63,8,4,2.5,8.5,62.38,75.0,80.62,31.88,112.12,105.0,98.25,62.5,7.38,4.25
Asphalt_0cm_S8,2026-04-02T20:29:05.747437,3,9,71,88,95,38,133,124,115,74,9,5,3,10,73,86,93,37,131,123,118,77,9,5,3,9,73,87,97,37,132,124,111,70,9,5,2,9,72,83,92,36,131,121,113,72,8,5,2,5,35,47,44,19,59,57,57,34,4,2,2,9,53,59,65,26,90,82,79,49,5,4,2,8,58,78,78,30,106,103,99,61,7,4,3,9,64,72,81,32,115,106,94,63,8,4,2.5,8.5,62.38,75.0,80.62,31.88,112.12,105.0,98.25,62.5,7.38,4.25
Asphalt_0cm_S8,2026-04-02T20:29:05.848025,2,9,71,88,95,37,133,124,116,74,9,5,3,10,73,86,93,38,131,123,117,77,9,5,3,9,73,87,97,37,132,124,111,70,9,5,2,9,71,83,91,36,131,121,113,72,8,5,1,5,35,47,44,19,59,57,57,34,4,2,2,8,53,60,65,26,90,82,79,49,5,4,2,8,58,78,78,30,106,104,99,61,7,4,3,9,64,72,81,32,115,106,94,63,8,4,2.25,8.38,62.25,75.12,80.5,31.88,112.12,105.12,98.25,62.5,7.38,4.25
Asphalt_0cm_S8,2026-04-02T20:29:05.940950,3,9,71,88,95,37,133,124,115,74,8,5,3,10,73,86,94,37,131,123,118,77,9,5,2,9,73,87,97,37,132,124,111,70,9,5,2,9,72,83,91,36,131,121,113,72,8,5,1,5,35,47,44,19,59,57,57,34,4,2,2,9,53,59,65,26,90,82,79,49,5,4,2,8,58,78,78,30,106,104,99,61,7,4,3,9,64,72,81,32,115,106,94,63,8,4,2.25,8.5,62.38,75.0,80.62,31.75,112.12,105.12,98.25,62.5,7.25,4.25
Asphalt_0cm_S8,2026-04-02T20:29:06.046108,3,9,71,88,95,37,133,124,115,74,8,5,3,10,73,86,94,37,131,123,118,77,9,5,2,9,73,87,97,37,132,124,111,70,9,5,2,9,72,83,91,36,131,121,113,72,8,5,1,5,35,47,44,19,59,57,57,34,4,2,2,9,53,59,65,26,90,82,79,49,5,4,2,8,58,78,78,30,106,104,99,61,7,4,3,9,64,73,81,32,115,106,94,63,8,4,2.25,8.5,62.38,75.12,80.62,31.75,112.12,105.12,98.25,62.5,7.25,4.25
Asphalt_0cm_S8,2026-04-02T20:29:06.152198,2,9,71,88,95,37,133,124,116,74,8,5,3,10,73,86,93,38,131,123,118,77,9,5,3,9,73,87,97,37,132,124,111,70,9,5,2,9,72,83,92,36,131,121,113,72,8,5,1,5,35,47,44,19,59,57,57,34,4,2,2,9,53,60,65,26,90,82,79,49,5,3,2,8,58,78,78,30,106,103,99,61,7,5,3,9,64,72,80,32,115,106,94,63,8,4,2.25,8.5,62.38,75.12,80.5,31.88,112.12,105.0,98.38,62.5,7.25,4.25
Asphalt_0cm_S8,2026-04-02T20:29:06.265028,2,9,71,88,95,37,133,125,115,74,9,5,3,10,73,86,93,38,131,123,118,77,10,5,3,9,73,87,97,37,132,124,111,70,9,5,2,9,72,83,92,36,131,121,113,72,8,5,1,5,35,47,44,19,59,57,57,34,4,2,2,9,53,60,65,26,90,82,79,49,5,3,2,8,58,78,78,30,106,103,99,61,7,5,3,9,64,72,80,32,115,106,94,63,8,4,2.25,8.5,62.38,75.12,80.5,31.88,112.12,105.12,98.25,62.5,7.5,4.25
Asphalt_0cm_S8,2026-04-02T20:29:06.347509,2,9,71,88,95,37,133,125,115,74,9,5,3,10,73,86,93,38,131,123,118,77,10,5,3,9,73,87,97,37,132,124,111,70,9,5,2,9,72,83,92,36,131,121,113,73,8,5,1,5,35,47,44,19,58,57,57,34,4,2,2,9,53,60,65,26,90,82,79,49,5,4,2,8,58,78,79,30,106,103,99,61,7,4,2,9,64,72,81,32,115,106,94,63,8,4,2.12,8.5,62.38,75.12,80.75,31.88,112.0,105.12,98.25,62.62,7.5,4.25
Asphalt_0cm_S8,2026-04-02T20:29:06.434072,2,9,71,88,95,37,133,125,115,74,9,5,3,10,73,86,93,37,131,123,118,77,9,5,3,10,73,87,97,37,132,124,111,70,9,5,2,9,71,83,92,36,130,121,113,72,8,5,1,5,35,47,44,19,59,57,57,34,3,2,2,9,53,60,65,26,90,82,79,49,5,4,2,8,58,78,79,30,106,103,99,61,7,4,2,9,64,72,81,32,115,106,94,63,8,4,2.12,8.62,62.25,75.12,80.75,31.75,112.0,105.12,98.25,62.5,7.25,4.25
Asphalt_0cm_S8,2026-04-02T20:29:06.543537,2,9,71,88,95,37,133,125,115,74,9,5,3,10,73,86,93,37,131,123,118,77,9,5,3,10,73,87,97,37,132,124,111,70,9,5,2,9,71,83,92,36,130,121,113,72,8,5,1,5,35,47,44,19,59,57,57,34,3,2,2,9,53,60,65,26,90,82,79,49,5,4,3,8,58,78,78,30,106,104,99,61,7,4,2,9,64,72,80,32,115,106,94,63,8,4,2.25,8.62,62.25,75.12,80.5,31.75,112.0,105.25,98.25,62.5,7.25,4.25
Asphalt_0cm_S8,2026-04-02T20:29:06.668404,2,9,71,88,95,37,133,125,115,74,9,5,3,10,73,86,94,38,131,123,118,77,9,5,3,9,73,87,97,37,132,124,111,70,9,5,2,9,72,83,92,36,131,121,113,73,8,5,1,5,34,47,44,19,58,57,57,34,4,2,2,9,53,60,65,26,90,82,79,49,5,4,2,8,58,78,78,30,106,103,99,61,7,4,3,9,64,73,81,32,115,106,94,63,8,4,2.25,8.5,62.25,75.25,80.75,31.88,112.0,105.12,98.25,62.62,7.38,4.25
Asphalt_0cm_S8,2026-04-02T20:29:06.790270,2,9,71,88,95,37,133,124,116,74,8,5,3,10,72,86,94,38,131,123,118,77,9,5,3,9,73,87,97,37,132,124,111,70,9,5,2,9,72,83,92,36,131,121,113,73,8,5,1,5,34,47,44,19,58,57,57,34,4,2,2,9,53,60,65,26,90,82,79,49,5,4,2,8,58,78,78,30,106,103,99,61,7,4,3,9,64,73,81,32,115,106,94,63,8,4,2.25,8.5,62.12,75.25,80.75,31.88,112.0,105.0,98.38,62.62,7.25,4.25
Asphalt_0cm_S8,2026-04-02T20:29:06.878283,3,9,71,88,95,38,134,124,116,74,9,5,3,10,73,86,94,38,132,123,118,77,10,5,3,9,73,87,97,37,132,124,111,70,9,5,2,9,72,83,92,36,131,121,113,72,8,5,1,5,35,47,44,19,58,57,57,34,4,3,2,9,53,60,65,26,90,82,80,49,5,4,2,8,58,78,78,30,106,103,99,61,7,4,2,9,64,72,80,32,115,106,94,63,8,4,2.25,8.5,62.38,75.12,80.62,32.0,112.25,105.0,98.5,62.5,7.5,4.38
Asphalt_0cm_S8,2026-04-02T20:29:06.996987,3,9,71,88,95,38,134,124,116,74,9,5,3,10,73,86,94,38,132,123,118,77,10,5,3,9,73,87,97,37,132,124,111,70,9,5,2,9,72,83,92,36,131,121,113,72,8,5,1,5,35,47,44,19,59,57,57,34,4,2,2,9,53,60,65,26,90,82,79,49,5,4,2,8,58,78,79,30,106,103,99,61,7,4,2,9,64,72,80,32,115,106,94,63,8,4,2.25,8.5,62.38,75.12,80.75,32.0,112.38,105.0,98.38,62.5,7.5,4.25
Asphalt_0cm_S8,2026-04-02T20:29:07.105027,2,9,71,88,96,37,133,125,116,74,8,5,3,10,73,86,94,38,132,123,118,77,10,5,3,10,73,88,97,37,132,124,111,70,9,5,2,9,71,84,92,36,131,121,113,73,8,5,1,5,34,47,44,19,58,57,57,34,4,2,2,9,53,60,65,26,90,82,79,49,5,4,2,8,58,78,79,30,106,103,99,61,7,4,3,9,64,73,80,32,115,106,94,63,8,4,2.25,8.62,62.12,75.5,80.88,31.88,112.12,105.12,98.38,62.62,7.38,4.25
Asphalt_0cm_S8,2026-04-02T20:29:07.222046,2,9,71,88,96,37,133,125,116,74,8,5,3,10,73,86,94,38,132,123,118,77,10,5,3,10,73,88,97,37,132,124,111,70,9,5,2,9,71,84,92,36,131,121,113,73,8,5,1,5,34,47,44,19,58,57,57,34,4,2,2,9,53,60,65,26,90,82,79,49,5,4,2,8,58,78,79,30,106,103,99,61,7,4,3,9,64,73,80,32,115,106,94,63,8,4,2.25,8.62,62.12,75.5,80.88,31.88,112.12,105.12,98.38,62.62,7.38,4.25
Asphalt_0cm_S8,2026-04-02T20:29:07.303890,2,9,71,88,96,37,133,125,116,74,8,5,3,10,73,86,94,38,132,123,118,77,10,5,3,10,73,88,97,37,132,124,111,70,9,5,2,9,72,83,92,36,131,121,113,72,8,5,1,5,34,47,44,19,58,57,57,34,4,2,2,9,53,60,65,26,90,82,79,49,5,4,2,8,58,78,79,30,106,103,99,61,7,4,3,9,64,73,80,32,115,106,94,63,8,4,2.25,8.62,62.25,75.38,80.88,31.88,112.12,105.12,98.38,62.5,7.38,4.25
