label,timestamp,S0_405nm,S0_425nm,S0_450nm,S0_475nm,S0_515nm,S0_550nm,S0_555nm,S0_600nm,S0_640nm,S0_690nm,S0_745nm,S0_855nm,S1_405nm,S1_425nm,S1_450nm,S1_475nm,S1_515nm,S1_550nm,S1_555nm,S1_600nm,S1_640nm,S1_690nm,S1_745nm,S1_855nm,S2_405nm,S2_425nm,S2_450nm,S2_475nm,S2_515nm,S2_550nm,S2_555nm,S2_600nm,S2_640nm,S2_690nm,S2_745nm,S2_855nm,S3_405nm,S3_425nm,S3_450nm,S3_475nm,S3_515nm,S3_550nm,S3_555nm,S3_600nm,S3_640nm,S3_690nm,S3_745nm,S3_855nm,S4_405nm,S4_425nm,S4_450nm,S4_475nm,S4_515nm,S4_550nm,S4_555nm,S4_600nm,S4_640nm,S4_690nm,S4_745nm,S4_855nm,S5_405nm,S5_425nm,S5_450nm,S5_475nm,S5_515nm,S5_550nm,S5_555nm,S5_600nm,S5_640nm,S5_690nm,S5_745nm,S5_855nm,S6_405nm,S6_425nm,S6_450nm,S6_475nm,S6_515nm,S6_550nm,S6_555nm,S6_600nm,S6_640nm,S6_690nm,S6_745nm,S6_855nm,S7_405nm,S7_425nm,S7_450nm,S7_475nm,S7_515nm,S7_550nm,S7_555nm,S7_600nm,S7_640nm,S7_690nm,S7_745nm,S7_855nm,AVG_405nm,AVG_425nm,AVG_450nm,AVG_475nm,AVG_515nm,AVG_550nm,AVG_555nm,AVG_600nm,AVG_640nm,AVG_690nm,AVG_745nm,AVG_855nm
Asphalt_0cm_S1,2026-04-02T16:32:37.797734,15,27,118,139,152,58,206,186,174,134,33,65,15,29,135,153,166,65,220,201,187,137,31,55,14,26,120,141,156,61,211,199,189,135,31,53,13,25,111,139,143,57,195,184,178,132,29,57,4,12,68,81,85,34,116,107,100,65,10,12,6,20,113,131,135,54,184,167,156,99,14,19,6,17,109,137,134,51,178,169,160,102,15,20,9,18,88,110,117,46,156,147,141,102,21,35,10.25,21.75,107.75,128.88,136.0,53.25,183.25,170.0,160.62,113.25,23.0,39.5
Asphalt_0cm_S1,2026-04-02T16:32:37.908966,15,27,118,139,152,58,206,186,174,134,33,65,15,29,135,153,166,65,220,201,187,137,31,55,14,26,120,141,156,61,211,200,189,135,30,53,13,25,111,140,143,57,195,184,178,132,29,57,4,12,68,81,85,34,116,107,100,65,10,12,6,20,113,131,135,54,184,167,156,99,14,19,6,17,109,137,134,51,178,169,160,102,15,20,9,18,88,110,117,46,156,147,141,102,21,35,10.25,21.75,107.75,129.0,136.0,53.25,183.25,170.12,160.62,113.25,22.88,39.5
Asphalt_0cm_S1,2026-04-02T16:32:38.004036,15,27,118,139,152,58,206,186,174,134,33,65,15,29,135,153,166,65,220,201,187,137,31,55,14,26,120,141,156,61,211,200,189,135,30,53,13,25,111,140,143,57,195,184,178,132,29,57,4,12,68,81,85,34,116,107,100,65,10,12,6,20,113,131,135,54,184,167,156,99,14,19,6,17,109,137,134,51,178,169,160,102,15,20,9,18,88,110,117,46,156,147,141,102,21,35,10.25,21.75,107.75,129.0,136.0,53.25,183.25,170.12,160.62,113.25,22.88,39.5
Asphalt_0cm_S1,2026-04-02T16:32:38.086314,15,27,118,139,152,58,206,186,174,133,33,65,15,29,135,153,166,65,220,201,187,137,31,55,14,26,120,141,155,61,211,199,189,135,30,53,13,25,111,139,143,57,195,184,178,132,29,57,4,12,67,80,85,34,116,107,101,65,10,13,6,20,112,131,135,54,184,167,156,99,14,19,6,17,109,137,134,51,178,169,160,102,15,20,9,18,88,111,118,46,155,147,141,102,20,35,10.25,21.75,107.5,128.88,136.0,53.25,183.12,170.0,160.75,113.12,22.75,39.62
Asphalt_0cm_S1,2026-04-02T16:32:38.197092,15,27,118,139,152,58,206,186,174,133,33,65,15,29,135,153,166,65,220,201,187,137,31,55,14,26,120,141,155,61,211,199,189,135,30,53,13,25,111,139,143,57,195,184,178,132,29,57,4,12,67,80,85,34,116,107,101,65,10,13,6,20,112,131,135,54,184,167,156,99,14,19,6,17,109,137,134,51,178,169,160,102,15,20,9,18,88,111,118,46,155,147,141,102,20,35,10.25,21.75,107.5,128.88,136.0,53.25,183.12,170.0,160.75,113.12,22.75,39.62
Asphalt_0cm_S1,2026-04-02T16:32:38.286246,15,27,118,139,152,58,206,186,174,133,33,65,15,29,135,153,166,65,220,201,187,137,31,55,14,26,120,141,155,61,211,199,189,135,30,53,13,25,111,139,143,57,195,184,178,132,29,57,4,12,67,80,85,34,116,107,101,65,10,13,6,20,113,131,135,54,184,166,156,99,14,19,6,17,109,137,134,51,178,169,160,102,15,20,9,18,88,111,118,46,155,147,141,102,20,35,10.25,21.75,107.62,128.88,136.0,53.25,183.12,169.88,160.75,113.12,22.75,39.62
Asphalt_0cm_S1,2026-04-02T16:32:38.369254,15,27,117,139,151,58,206,186,174,134,33,66,15,29,135,153,166,65,220,201,187,138,31,55,14,26,120,141,156,61,211,200,189,135,30,53,13,25,111,139,143,57,195,184,178,132,29,57,4,11,68,80,85,34,116,107,101,65,10,13,6,20,113,131,135,54,184,167,156,99,14,19,6,17,109,137,134,51,178,169,160,102,15,20,9,18,88,111,118,46,155,147,141,102,20,35,10.25,21.62,107.62,128.88,136.0,53.25,183.12,170.12,160.75,113.38,22.75,39.75
Asphalt_0cm_S1,2026-04-02T16:32:38.470178,15,27,117,139,151,58,206,186,174,134,33,66,15,29,135,153,166,65,220,201,187,138,31,55,14,26,120,141,156,61,211,200,189,135,30,53,13,25,111,139,143,57,195,184,178,132,29,57,4,11,68,80,85,34,116,107,101,65,10,13,6,20,113,131,135,54,184,167,156,99,14,19,6,17,109,137,134,51,178,169,160,102,15,20,9,18,88,111,117,46,155,147,141,102,21,35,10.25,21.62,107.62,128.88,135.88,53.25,183.12,170.12,160.75,113.38,22.88,39.75
Asphalt_0cm_S1,2026-04-02T16:32:38.566864,15,27,117,139,151,58,206,186,174,134,33,66,15,29,135,153,166,65,220,201,187,138,31,55,14,26,120,141,156,61,211,200,189,135,30,53,13,25,111,139,143,57,195,184,178,132,29,57,4,11,68,80,85,34,116,107,101,65,10,13,6,20,113,131,135,54,184,167,156,99,14,19,6,17,109,137,134,51,178,169,160,102,15,20,9,18,88,111,117,46,155,147,141,102,21,35,10.25,21.62,107.62,128.88,135.88,53.25,183.12,170.12,160.75,113.38,22.88,39.75
Asphalt_0cm_S1,2026-04-02T16:32:38.656045,15,27,118,139,151,58,205,186,174,133,33,65,14,29,135,152,165,65,220,200,186,137,31,54,14,26,120,141,155,61,211,200,188,134,30,53,13,24,110,139,142,56,194,183,177,131,28,56,4,11,67,80,84,34,116,107,100,65,10,12,6,20,113,131,135,54,184,167,155,99,14,19,6,17,109,137,134,51,178,169,160,102,15,20,9,18,88,111,117,46,156,147,141,102,21,34,10.12,21.5,107.5,128.75,135.38,53.12,183.0,169.88,160.12,112.88,22.75,39.12
Asphalt_0cm_S1,2026-04-02T16:32:38.756899,15,27,118,139,151,58,205,186,174,133,33,65,14,29,135,152,165,65,220,200,186,137,31,54,13,25,119,141,155,61,210,198,188,134,30,51,12,24,110,138,141,56,193,182,176,130,28,54,4,11,67,80,84,34,116,107,100,65,10,12,6,20,113,131,136,54,184,166,156,99,14,19,6,17,109,137,134,51,178,169,160,102,15,20,9,18,88,111,118,46,156,147,141,102,21,35,9.88,21.38,107.38,128.62,135.5,53.12,182.75,169.38,160.12,112.75,22.75,38.75
Asphalt_0cm_S1,2026-04-02T16:32:38.852287,15,27,118,139,151,58,205,186,174,133,32,65,14,29,135,152,165,65,219,200,186,136,31,54,13,25,119,141,155,61,210,199,188,134,30,52,13,24,111,139,142,57,194,183,177,131,28,56,4,11,67,80,84,34,116,107,100,65,10,12,6,20,113,131,136,54,184,166,156,99,14,19,6,17,109,137,134,51,178,169,160,102,15,20,9,18,88,111,118,46,156,147,141,102,21,35,10.0,21.38,107.5,128.75,135.62,53.25,182.75,169.62,160.25,112.75,22.62,39.12
Asphalt_0cm_S1,2026-04-02T16:32:38.936044,15,27,118,139,151,58,205,186,174,133,32,65,14,29,135,152,165,65,219,200,186,136,31,54,13,25,119,141,155,61,210,199,188,134,30,52,13,24,111,139,142,57,194,183,177,131,28,56,4,11,67,80,84,34,116,107,100,65,10,12,6,20,113,131,136,54,184,166,156,99,14,19,6,17,109,137,134,51,178,169,160,102,15,20,9,18,88,111,118,46,156,147,141,102,21,35,10.0,21.38,107.5,128.75,135.62,53.25,182.75,169.62,160.25,112.75,22.62,39.12
Asphalt_0cm_S1,2026-04-02T16:32:39.011519,15,27,118,139,151,58,205,186,174,133,32,65,14,29,135,152,165,65,219,200,186,136,31,54,13,25,119,141,155,61,210,199,188,134,30,52,13,24,111,139,142,57,194,183,177,131,28,56,4,11,67,80,84,34,116,107,100,65,10,12,6,20,113,131,136,54,184,166,156,99,14,19,6,17,109,137,134,51,178,169,160,102,15,20,9,18,88,111,118,46,156,147,141,102,21,35,10.0,21.38,107.5,128.75,135.62,53.25,182.75,169.62,160.25,112.75,22.62,39.12
Asphalt_0cm_S1,2026-04-02T16:32:39.101716,15,27,118,139,152,58,205,186,174,133,32,65,15,29,135,152,165,65,220,200,186,137,31,54,13,26,120,141,155,61,211,199,188,134,30,52,13,25,111,139,143,57,195,183,178,132,29,57,4,12,68,81,85,34,116,107,100,65,10,12,6,20,112,131,135,54,184,167,156,99,14,19,6,17,109,137,134,52,178,169,160,102,15,20,9,18,88,111,118,46,156,147,141,102,21,35,10.12,21.75,107.62,128.88,135.88,53.38,183.12,169.75,160.38,113.0,22.75,39.25
Asphalt_0cm_S1,2026-04-02T16:32:39.196965,15,28,117,139,152,58,206,186,174,133,33,65,15,29,135,152,165,65,220,200,186,137,31,54,14,26,120,141,155,61,211,199,188,134,30,52,13,25,111,139,143,57,195,184,178,132,29,57,4,12,68,80,84,34,116,107,100,65,10,12,6,20,112,131,135,54,184,167,156,99,14,19,6,17,109,137,134,52,178,169,160,102,15,20,9,18,88,111,117,46,155,147,141,102,20,35,10.25,21.88,107.5,128.75,135.62,53.38,183.12,169.88,160.38,113.0,22.75,39.25
Asphalt_0cm_S1,2026-04-02T16:32:39.282415,15,28,117,139,152,58,206,186,174,133,33,65,15,29,135,152,165,65,220,200,186,137,31,54,14,26,120,141,155,61,211,199,188,134,30,52,13,25,111,139,143,57,195,184,178,132,29,57,4,12,68,80,84,34,116,107,100,65,10,12,6,20,112,131,135,54,184,167,156,99,14,19,6,17,109,137,134,51,178,169,160,102,15,20,9,18,88,111,118,46,156,147,141,102,21,34,10.25,21.88,107.5,128.75,135.75,53.25,183.25,169.88,160.38,113.0,22.88,39.12
Asphalt_0cm_S1,2026-04-02T16:32:39.377904,15,28,117,139,152,58,206,186,174,133,33,65,14,29,135,153,166,65,220,201,186,137,31,55,14,26,120,141,155,61,211,199,188,135,30,52,13,25,111,140,143,57,194,184,178,132,29,57,4,12,68,80,85,34,116,107,101,65,10,12,6,20,113,131,136,54,184,167,156,99,14,19,6,17,109,137,134,51,178,169,160,102,15,20,9,18,88,111,118,46,156,147,141,102,21,34,10.12,21.88,107.62,129.0,136.12,53.25,183.12,170.0,160.5,113.12,22.88,39.25
Asphalt_0cm_S1,2026-04-02T16:32:39.478294,15,28,118,139,152,58,206,187,174,134,33,65,14,29,135,152,165,65,220,200,186,137,31,54,14,26,120,141,155,61,210,199,188,134,30,52,13,25,111,140,143,57,194,184,178,132,29,57,4,12,68,80,85,34,116,107,101,65,10,12,6,20,113,131,136,54,184,167,156,99,14,19,6,17,109,137,134,51,178,169,160,102,15,20,9,18,88,111,118,46,156,147,141,102,21,35,10.12,21.88,107.75,128.88,136.0,53.25,183.0,170.0,160.5,113.12,22.88,39.25
Asphalt_0cm_S1,2026-04-02T16:32:39.560426,15,28,118,139,152,58,206,187,174,134,33,65,14,29,135,152,165,65,220,200,186,137,31,54,14,26,120,141,155,61,210,199,188,134,30,52,13,25,111,140,143,57,194,184,178,132,29,57,4,12,68,80,85,34,116,107,101,65,10,12,6,20,113,131,136,54,184,167,156,99,14,19,6,17,109,137,134,51,178,169,160,102,15,20,9,18,88,111,118,46,156,147,141,102,21,35,10.12,21.88,107.75,128.88,136.0,53.25,183.0,170.0,160.5,113.12,22.88,39.25
Asphalt_0cm_S1,2026-04-02T16:32:39.644221,15,28,118,139,152,58,206,187,174,134,33,65,14,29,135,152,165,65,220,200,186,137,31,54,14,26,120,141,155,61,210,199,188,134,30,52,13,25,111,140,143,57,194,184,178,132,29,57,4,12,68,80,85,34,116,107,101,65,10,12,6,20,113,131,136,54,184,167,156,99,14,19,6,17,109,137,134,51,178,169,160,102,15,20,9,18,88,111,118,46,156,147,141,102,21,35,10.12,21.88,107.75,128.88,136.0,53.25,183.0,170.0,160.5,113.12,22.88,39.25
Asphalt_0cm_S1,2026-04-02T16:32:39.733767,15,28,118,139,152,58,206,187,174,134,33,65,14,29,135,152,165,65,220,200,186,137,31,54,14,26,120,141,155,61,210,199,188,134,30,52,13,25,111,139,143,57,194,183,177,132,28,57,4,11,68,81,84,34,116,107,100,65,10,12,6,20,113,131,135,54,184,167,156,99,14,19,6,17,109,137,134,51,178,169,160,102,15,20,9,18,88,111,117,46,156,147,141,102,20,35,10.12,21.75,107.75,128.88,135.62,53.25,183.0,169.88,160.25,113.12,22.62,39.25
Asphalt_0cm_S1,2026-04-02T16:32:39.817319,15,27,118,139,152,58,205,186,174,133,33,65,14,29,135,152,165,65,220,200,186,136,31,54,14,26,120,141,155,61,210,199,188,134,30,52,13,25,111,139,143,57,194,183,177,132,28,57,4,11,68,81,84,34,116,107,100,65,10,12,6,20,113,131,135,54,184,167,156,99,14,19,6,17,109,137,134,51,178,169,160,102,15,20,9,18,88,111,117,46,156,147,141,102,20,35,10.12,21.62,107.75,128.88,135.62,53.25,182.88,169.75,160.25,112.88,22.62,39.25
Asphalt_0cm_S1,2026-04-02T16:32:39.910848,15,27,118,139,152,58,205,186,174,133,33,65,14,29,135,152,165,65,220,200,186,136,31,54,14,26,120,141,155,61,210,199,188,134,30,52,13,24,111,139,142,57,194,183,177,131,28,56,4,11,67,80,84,34,116,107,100,65,10,12,6,20,113,131,136,54,184,167,156,99,14,19,6,17,109,137,134,51,178,169,160,102,15,20,9,18,88,111,117,46,156,147,141,102,20,35,10.12,21.5,107.62,128.75,135.62,53.25,182.88,169.75,160.25,112.75,22.62,39.12
Asphalt_0cm_S1,2026-04-02T16:32:39.998290,15,27,118,139,152,58,205,186,174,133,33,65,14,29,135,152,165,65,220,200,186,136,31,54,14,26,120,141,155,61,210,199,188,134,30,52,13,24,111,139,142,57,194,183,177,131,28,56,4,11,67,80,84,34,116,107,100,65,10,12,6,20,113,131,136,54,184,167,156,99,14,19,6,17,109,137,134,51,178,169,160,102,15,20,9,18,88,111,117,46,156,147,141,102,20,35,10.12,21.5,107.62,128.75,135.62,53.25,182.88,169.75,160.25,112.75,22.62,39.12
Asphalt_0cm_S1,2026-04-02T16:32:40.083043,15,27,118,139,152,58,205,186,174,134,33,65,15,29,135,153,165,65,219,200,186,137,31,54,14,26,120,141,155,61,210,199,188,134,30,52,13,25,111,139,143,57,194,183,177,131,28,56,4,11,68,80,84,34,116,107,100,65,10,12,6,20,113,131,136,54,184,167,155,99,14,19,6,17,109,137,134,51,178,169,160,102,15,20,9,18,88,111,117,46,156,147,141,102,21,35,10.25,21.62,107.75,128.88,135.75,53.25,182.75,169.75,160.12,113.0,22.75,39.12
Asphalt_0cm_S1,2026-04-02T16:32:40.171853,15,27,118,139,152,58,205,186,174,134,33,65,15,29,135,153,165,65,219,200,186,137,31,54,14,26,120,141,155,61,210,199,188,134,30,52,13,25,111,139,143,57,194,183,177,131,28,56,4,11,68,80,84,34,116,107,100,65,10,12,6,20,113,131,136,54,184,167,155,99,14,19,6,17,109,137,134,51,178,169,160,102,15,20,9,18,88,111,117,46,156,147,141,102,21,35,10.25,21.62,107.75,128.88,135.75,53.25,182.75,169.75,160.12,113.0,22.75,39.12
Asphalt_0cm_S1,2026-04-02T16:32:40.256318,15,27,118,139,151,58,205,186,174,133,33,65,15,29,135,153,165,65,219,200,186,137,31,54,13,25,119,141,155,61,210,199,188,134,30,52,13,25,111,139,142,57,194,183,177,131,28,56,4,11,67,80,84,34,116,107,100,65,10,12,6,19,112,131,135,54,184,167,156,99,14,19,6,17,109,137,134,51,178,169,160,102,15,20,9,18,88,111,118,46,156,147,141,102,21,34,10.12,21.38,107.38,128.88,135.5,53.25,182.75,169.75,160.25,112.88,22.75,39.0
Asphalt_0cm_S1,2026-04-02T16:32:40.343527,15,27,117,139,151,58,206,186,174,133,33,65,14,29,134,152,165,65,220,200,186,136,31,54,13,26,120,141,155,61,210,199,188,134,30,51,13,24,111,139,143,57,194,183,177,131,28,56,4,11,67,80,84,34,116,107,100,65,10,12,6,19,112,131,135,54,184,167,156,99,14,19,6,17,109,137,134,51,178,169,160,102,15,20,9,18,88,111,118,46,156,147,141,102,21,34,10.0,21.38,107.25,128.75,135.62,53.25,183.0,169.75,160.25,112.75,22.75,38.88
Asphalt_0cm_S1,2026-04-02T16:32:40.432345,15,27,117,139,151,58,206,186,174,133,33,65,14,29,134,152,165,65,220,200,186,136,31,54,13,26,120,141,155,61,210,199,188,134,30,51,13,24,111,139,143,57,194,183,177,131,28,56,4,12,68,80,84,34,116,106,100,65,10,12,6,20,113,131,135,54,184,167,156,99,14,19,6,17,109,137,134,51,178,169,160,102,15,20,9,18,88,111,117,46,156,147,141,102,20,35,10.0,21.62,107.5,128.75,135.5,53.25,183.0,169.62,160.25,112.75,22.62,39.0
Asphalt_0cm_S1,2026-04-02T16:32:40.526545,15,27,118,139,152,59,206,186,174,133,33,65,14,29,134,153,165,65,219,200,186,136,31,54,13,26,119,141,155,61,210,199,188,134,30,51,13,24,111,139,142,57,194,183,177,131,28,56,4,11,67,80,84,34,116,107,100,65,10,12,6,20,113,131,135,54,184,167,156,99,14,19,6,17,109,137,134,51,178,169,160,102,15,20,9,18,88,111,117,46,156,147,141,102,20,35,10.0,21.5,107.38,128.88,135.5,53.38,182.88,169.75,160.25,112.75,22.62,39.0
Asphalt_0cm_S1,2026-04-02T16:32:40.617706,15,28,118,139,152,58,206,186,174,133,33,65,14,29,134,153,165,65,219,200,186,136,31,54,13,26,119,141,155,61,210,199,188,134,30,51,13,24,111,139,142,57,194,183,177,131,28,56,4,11,67,80,84,34,116,107,100,65,10,12,6,20,113,131,135,54,184,167,156,99,14,19,6,17,109,137,134,51,178,169,160,102,15,20,9,18,88,111,118,46,156,147,141,102,21,35,10.0,21.62,107.38,128.88,135.62,53.25,182.88,169.75,160.25,112.75,22.75,39.0
Asphalt_0cm_S1,2026-04-02T16:32:40.706134,15,28,118,139,152,58,206,186,174,133,33,65,14,29,134,152,165,65,220,200,186,136,31,54,13,26,120,141,155,61,210,199,188,134,30,51,13,24,111,139,142,56,194,183,177,131,28,56,4,11,68,80,85,34,116,107,100,65,10,12,6,19,113,131,136,54,184,167,156,99,14,19,6,17,109,137,134,51,178,169,160,102,15,20,9,18,88,111,118,46,156,147,141,102,21,35,10.0,21.5,107.62,128.75,135.88,53.12,183.0,169.75,160.25,112.75,22.75,39.0
Asphalt_0cm_S1,2026-04-02T16:32:40.811271,15,28,118,139,152,58,206,186,174,134,33,65,14,29,134,152,165,65,220,200,185,136,31,54,13,26,120,141,155,61,210,199,188,134,30,51,13,24,111,139,142,56,194,183,177,131,28,56,4,11,68,80,85,34,116,107,100,65,10,12,6,19,113,131,136,54,184,167,156,99,14,19,6,17,109,137,134,51,178,169,160,102,15,20,9,18,88,111,118,46,156,147,141,102,20,34,10.0,21.5,107.62,128.75,135.88,53.12,183.0,169.75,160.12,112.88,22.62,38.88
Asphalt_0cm_S1,2026-04-02T16:32:40.895873,15,28,118,139,152,58,206,186,174,134,33,65,14,29,134,152,165,65,220,200,185,136,31,54,13,26,120,141,155,61,210,199,188,134,30,51,13,24,111,139,142,57,194,183,177,131,28,56,4,11,68,80,84,34,116,107,100,65,10,12,6,20,113,131,135,54,184,167,156,99,14,19,6,17,109,137,134,51,178,169,160,102,15,20,9,18,88,111,118,46,156,147,141,102,20,34,10.0,21.62,107.62,128.75,135.62,53.25,183.0,169.75,160.12,112.88,22.62,38.88
Asphalt_0cm_S1,2026-04-02T16:32:40.991169,15,28,118,139,152,58,206,186,174,134,33,65,14,29,134,152,165,65,220,200,185,136,31,54,13,26,120,141,155,61,210,199,188,134,30,51,13,24,111,139,142,57,194,183,177,131,28,56,4,11,68,80,84,34,116,107,100,65,10,12,6,20,113,131,135,54,184,167,156,99,14,19,6,17,109,137,134,51,178,169,160,102,15,20,9,18,88,111,118,46,156,147,141,102,20,34,10.0,21.62,107.62,128.75,135.62,53.25,183.0,169.75,160.12,112.88,22.62,38.88
Asphalt_0cm_S1,2026-04-02T16:32:41.069476,15,28,118,139,152,58,206,186,174,134,33,65,14,29,135,152,165,65,220,200,186,136,31,54,13,25,119,141,155,61,210,199,188,134,30,51,13,24,111,139,142,57,194,183,177,131,28,56,4,12,67,81,85,34,116,107,101,66,10,13,6,20,113,131,136,54,184,167,156,99,14,19,6,17,109,137,134,51,178,169,160,102,15,20,9,18,88,111,118,46,156,147,141,102,20,35,10.0,21.62,107.5,128.88,135.88,53.25,183.0,169.75,160.38,113.0,22.62,39.12
Asphalt_0cm_S1,2026-04-02T16:32:41.172086,15,28,118,139,152,59,206,187,175,134,33,65,14,29,135,152,165,65,220,200,186,136,31,54,13,25,119,141,155,61,210,199,188,134,30,51,13,24,111,139,142,57,194,183,177,131,28,56,4,12,67,81,85,34,116,107,101,66,10,13,6,20,113,131,136,54,184,167,156,99,14,19,6,17,109,137,134,51,178,169,160,102,15,20,9,18,88,111,118,46,156,147,141,102,20,35,10.0,21.62,107.5,128.88,135.88,53.38,183.0,169.88,160.5,113.0,22.62,39.12
Asphalt_0cm_S1,2026-04-02T16:32:41.258793,15,28,118,139,152,59,206,187,175,134,33,65,14,29,134,152,165,65,219,200,186,137,31,54,13,25,120,141,155,61,210,199,188,134,30,51,13,25,110,139,142,57,194,183,177,131,28,56,4,12,68,80,85,34,116,107,100,66,10,13,6,20,113,131,135,54,184,167,156,100,14,19,7,17,109,137,134,51,178,169,160,102,15,20,9,18,88,111,118,46,156,147,141,102,21,35,10.12,21.75,107.5,128.75,135.75,53.38,182.88,169.88,160.38,113.25,22.75,39.12
Asphalt_0cm_S1,2026-04-02T16:32:41.364438,15,27,118,139,152,58,206,186,175,134,33,66,14,29,135,152,165,65,220,200,186,137,31,54,13,26,120,141,155,61,211,199,188,134,30,51,13,25,111,139,142,57,194,183,177,131,28,56,4,12,68,80,85,34,116,107,100,66,10,13,6,20,113,131,135,54,184,167,156,100,14,19,7,17,109,137,134,51,178,169,160,102,15,20,9,18,88,111,118,46,156,147,141,102,21,35,10.12,21.75,107.75,128.75,135.75,53.25,183.12,169.75,160.38,113.25,22.75,39.25
Asphalt_0cm_S1,2026-04-02T16:32:41.453513,15,27,118,139,152,58,206,186,175,134,33,66,14,29,135,152,165,65,220,200,186,137,31,54,13,26,120,141,155,61,211,199,188,134,30,51,13,25,111,139,142,57,194,183,177,131,28,56,4,12,68,80,85,34,116,107,100,66,10,13,6,20,113,131,135,54,184,167,156,100,14,19,7,17,109,137,134,51,178,169,160,102,15,20,9,18,88,111,118,46,156,147,141,102,21,35,10.12,21.75,107.75,128.75,135.75,53.25,183.12,169.75,160.38,113.25,22.75,39.25
Asphalt_0cm_S1,2026-04-02T16:32:41.535735,15,27,118,139,152,58,206,187,174,134,33,65,14,29,135,152,165,65,220,200,186,137,31,54,13,26,120,141,155,61,210,199,188,134,30,51,13,25,111,139,143,57,194,183,177,131,28,56,4,12,68,80,85,34,116,108,101,65,10,13,6,20,113,131,136,54,184,167,156,99,14,19,6,17,109,137,134,51,178,169,160,102,15,20,9,18,88,111,118,46,156,147,141,102,20,35,10.0,21.75,107.75,128.75,136.0,53.25,183.0,170.0,160.38,113.0,22.62,39.12
Asphalt_0cm_S1,2026-04-02T16:32:41.624799,15,27,118,139,152,58,206,187,174,134,33,65,14,29,135,152,165,65,220,200,186,137,31,54,13,26,120,141,155,61,210,199,188,134,30,51,13,25,111,139,143,57,194,183,177,131,28,56,4,12,68,80,85,34,116,108,101,65,10,13,6,20,113,131,136,54,184,167,156,99,14,19,6,17,109,137,134,51,178,169,160,102,15,20,9,18,88,111,118,46,156,147,141,102,20,35,10.0,21.75,107.75,128.75,136.0,53.25,183.0,170.0,160.38,113.0,22.62,39.12
Asphalt_0cm_S1,2026-04-02T16:32:41.705566,15,27,118,139,152,58,206,187,174,134,33,65,14,29,135,152,165,65,220,200,186,137,31,54,13,26,120,141,155,61,210,199,188,134,30,51,13,25,111,139,143,57,194,183,177,131,28,56,4,12,68,80,85,34,116,108,101,65,10,13,6,20,113,131,136,54,184,167,156,99,14,19,6,17,109,137,134,51,178,169,160,102,15,20,9,18,88,111,118,46,156,147,141,102,20,35,10.0,21.75,107.75,128.75,136.0,53.25,183.0,170.0,160.38,113.0,22.62,39.12
Asphalt_0cm_S1,2026-04-02T16:32:41.805791,15,27,118,139,152,59,206,186,174,134,33,65,14,29,134,152,165,65,220,200,186,136,31,54,13,25,119,141,155,61,210,199,188,134,30,52,13,25,111,139,142,57,194,183,177,131,28,56,4,12,68,80,85,34,116,107,100,66,10,13,7,20,113,131,136,54,184,167,156,100,14,19,7,17,109,137,134,51,178,169,160,102,15,20,9,18,88,111,118,46,156,147,141,103,21,35,10.25,21.62,107.5,128.75,135.88,53.38,183.0,169.75,160.25,113.25,22.75,39.25
Asphalt_0cm_S1,2026-04-02T16:32:41.903263,15,27,118,139,152,59,206,186,174,134,33,65,14,29,134,152,165,65,220,200,186,136,31,54,13,26,119,141,155,61,210,199,188,134,30,51,13,25,111,139,142,57,194,183,177,131,28,56,4,12,68,80,85,34,116,107,101,66,10,13,7,20,113,131,136,54,184,167,156,100,14,19,7,17,109,137,134,51,178,169,160,102,15,20,9,18,88,111,118,46,156,147,141,103,21,35,10.25,21.75,107.5,128.75,135.88,53.38,183.0,169.75,160.38,113.25,22.75,39.12
Asphalt_0cm_S1,2026-04-02T16:32:41.992107,15,27,118,139,152,59,206,186,174,134,33,65,14,29,134,152,165,65,220,200,186,136,31,54,13,26,119,141,155,61,210,199,188,134,30,51,13,25,111,139,142,57,194,183,177,131,28,56,4,12,68,80,85,34,116,107,101,66,10,13,6,20,113,131,136,54,185,167,156,99,14,19,6,17,109,137,134,51,178,169,160,102,15,20,9,18,88,111,118,46,156,147,142,102,21,35,10.0,21.75,107.5,128.75,135.88,53.38,183.12,169.75,160.5,113.0,22.75,39.12
Asphalt_0cm_S1,2026-04-02T16:32:42.083673,15,27,118,139,152,59,206,186,174,134,33,65,14,29,135,152,165,65,220,200,186,136,31,54,13,25,119,141,155,61,210,199,188,134,30,52,13,24,111,139,142,57,194,183,177,131,28,56,4,12,68,80,85,34,116,107,100,65,10,13,6,20,113,131,136,54,184,167,156,99,14,19,6,17,109,137,134,52,178,169,160,102,15,20,9,18,88,111,118,46,156,147,142,102,21,35,10.0,21.5,107.62,128.75,135.88,53.5,183.0,169.75,160.38,112.88,22.75,39.25
Asphalt_0cm_S1,2026-04-02T16:32:42.175375,15,27,118,139,152,59,206,187,174,134,33,66,14,29,135,152,165,65,220,200,186,136,31,54,13,25,119,141,155,61,210,199,188,134,30,52,13,24,111,139,142,57,194,183,177,131,28,56,4,12,68,80,85,34,116,107,100,65,10,13,6,20,113,131,136,54,184,167,156,99,14,19,6,17,109,137,134,52,178,169,160,102,15,20,9,18,88,111,118,46,156,147,142,102,21,35,10.0,21.5,107.62,128.75,135.88,53.5,183.0,169.88,160.38,112.88,22.75,39.38
Asphalt_0cm_S1,2026-04-02T16:32:42.271822,15,27,118,139,152,59,206,187,174,134,33,66,14,29,134,153,165,65,220,200,186,136,31,54,13,25,120,141,155,61,210,199,188,134,30,51,13,24,111,139,142,57,194,183,177,131,28,56,4,11,68,81,85,34,116,107,100,65,10,13,6,20,113,132,136,54,184,167,156,99,14,19,6,17,109,138,134,51,178,169,160,102,15,20,9,18,88,111,118,46,156,147,141,103,21,35,10.0,21.38,107.62,129.25,135.88,53.38,183.0,169.88,160.25,113.0,22.75,39.25
Asphalt_0cm_S1,2026-04-02T16:32:42.359509,15,28,118,139,152,58,206,187,175,134,33,65,14,29,134,152,165,65,220,200,186,136,31,54,13,25,120,141,155,61,210,199,188,134,30,51,13,24,111,139,142,57,194,183,177,131,28,56,4,12,68,81,85,34,116,107,101,65,10,13,6,20,113,132,136,54,184,167,156,99,14,19,6,17,109,138,134,51,178,169,160,102,15,20,9,18,88,111,118,46,156,147,141,103,21,35,10.0,21.62,107.62,129.12,135.88,53.25,183.0,169.88,160.5,113.0,22.75,39.12
Asphalt_0cm_S1,2026-04-02T16:32:42.447129,15,28,118,139,152,59,206,186,174,134,32,66,14,29,134,152,165,65,220,200,186,136,31,54,13,25,120,141,155,61,210,199,188,134,30,51,13,24,111,139,142,57,194,183,177,131,28,56,4,12,68,81,85,34,116,107,101,65,10,13,6,19,113,131,136,54,184,167,156,99,14,19,6,17,109,137,134,51,178,169,160,102,15,20,9,18,88,111,118,46,156,147,141,102,21,35,10.0,21.5,107.62,128.88,135.88,53.38,183.0,169.75,160.38,112.88,22.62,39.25
Asphalt_0cm_S1,2026-04-02T16:32:42.535470,15,28,118,139,152,59,206,186,174,134,32,66,14,29,135,152,165,65,220,200,186,136,31,54,13,25,119,140,155,61,210,199,188,134,30,51,13,24,111,139,142,57,193,183,177,131,28,56,4,11,68,80,85,34,116,107,101,65,10,13,6,19,113,131,136,54,184,167,156,99,14,19,6,17,109,137,134,51,178,169,160,102,15,20,9,18,88,111,118,46,156,147,141,102,21,35,10.0,21.38,107.62,128.62,135.88,53.38,182.88,169.75,160.38,112.88,22.62,39.25
Asphalt_0cm_S1,2026-04-02T16:32:42.619194,15,28,118,139,152,59,206,186,174,134,32,66,14,29,135,152,165,65,220,200,186,136,31,54,13,25,119,140,155,61,210,199,188,134,30,51,13,24,111,139,142,57,193,183,177,131,28,56,4,11,68,80,85,34,116,107,101,65,10,13,6,19,113,131,136,54,184,167,156,99,14,19,6,17,109,137,134,51,178,169,160,102,15,20,9,18,88,111,118,46,156,147,141,102,21,35,10.0,21.38,107.62,128.62,135.88,53.38,182.88,169.75,160.38,112.88,22.62,39.25
Asphalt_0cm_S1,2026-04-02T16:32:42.710872,15,28,118,139,152,59,206,186,174,134,32,66,14,29,135,152,165,65,220,200,186,136,31,54,13,25,119,140,155,61,210,199,188,134,30,51,13,24,111,139,142,57,193,183,177,131,28,56,4,11,68,80,85,34,116,107,101,65,10,13,6,19,113,131,136,54,184,167,156,99,14,19,6,17,109,137,134,51,178,169,160,102,15,20,9,18,88,111,118,46,156,147,141,102,21,35,10.0,21.38,107.62,128.62,135.88,53.38,182.88,169.75,160.38,112.88,22.62,39.25
Asphalt_0cm_S1,2026-04-02T16:32:42.796001,15,27,118,139,152,58,206,186,174,134,33,66,14,29,134,152,165,65,220,200,186,136,31,54,13,26,120,141,155,61,210,199,188,134,30,51,13,24,111,139,142,57,194,183,177,131,28,56,4,12,67,81,85,33,116,107,100,66,10,13,6,20,113,131,136,54,184,167,156,99,14,19,6,17,109,137,134,51,178,169,160,102,15,20,9,18,88,111,118,46,156,147,141,102,21,34,10.0,21.62,107.5,128.88,135.88,53.12,183.0,169.75,160.25,113.0,22.75,39.12
Asphalt_0cm_S1,2026-04-02T16:32:42.889814,15,27,118,139,152,58,206,186,174,134,33,66,14,29,134,152,165,65,220,200,186,136,31,54,13,25,119,141,155,61,210,199,188,134,30,51,13,24,110,139,142,57,194,183,177,131,28,56,4,12,67,81,85,33,116,107,100,66,10,13,6,20,113,131,136,54,184,167,156,99,14,19,6,17,109,137,134,51,178,169,160,102,15,20,9,18,88,111,118,46,156,147,141,102,21,34,10.0,21.5,107.25,128.88,135.88,53.12,183.0,169.75,160.25,113.0,22.75,39.12
Asphalt_0cm_S1,2026-04-02T16:32:42.973308,15,27,118,139,152,58,206,186,174,134,33,66,14,29,134,152,165,65,220,200,186,136,31,54,13,25,119,141,155,61,210,199,188,134,30,51,13,24,110,139,142,57,194,183,177,131,28,56,4,12,67,81,85,33,116,107,100,66,10,13,6,20,113,131,136,54,184,167,156,99,14,19,6,17,109,137,134,51,178,169,160,102,15,20,9,18,88,111,118,46,156,147,141,102,21,35,10.0,21.5,107.25,128.88,135.88,53.12,183.0,169.75,160.25,113.0,22.75,39.25
Asphalt_0cm_S1,2026-04-02T16:32:43.059237,15,27,118,139,152,58,206,186,174,134,33,66,14,29,134,152,165,65,220,200,186,136,31,54,13,25,119,141,155,61,210,199,188,134,30,51,13,24,110,139,142,57,194,183,177,131,28,56,4,12,67,81,85,33,116,107,100,66,10,13,6,20,113,131,136,54,184,167,156,99,14,19,6,17,109,137,134,51,178,169,160,102,15,20,9,18,88,111,118,46,156,147,141,102,21,35,10.0,21.5,107.25,128.88,135.88,53.12,183.0,169.75,160.25,113.0,22.75,39.25
Asphalt_0cm_S1,2026-04-02T16:32:43.147418,15,27,118,140,152,58,206,187,174,134,33,65,14,29,135,152,165,65,220,200,186,136,31,54,13,25,119,141,155,61,210,199,188,134,30,51,13,24,110,139,142,57,194,183,177,131,28,56,4,12,67,81,85,33,116,107,100,66,10,13,6,20,113,131,136,54,184,167,156,99,14,19,6,17,109,137,134,51,178,169,160,102,15,20,9,18,88,111,118,46,156,147,141,102,21,35,10.0,21.5,107.38,129.0,135.88,53.12,183.0,169.88,160.25,113.0,22.75,39.12
Asphalt_0cm_S1,2026-04-02T16:32:43.244051,15,27,118,140,152,58,206,187,174,134,33,65,14,29,135,152,165,65,220,200,186,136,31,54,13,25,119,141,155,61,210,199,188,134,30,51,13,25,111,139,142,57,194,183,177,131,28,56,4,12,67,81,85,33,116,107,100,66,10,13,6,20,113,131,136,54,184,167,156,99,14,19,6,17,109,137,134,51,178,169,160,102,15,20,9,18,88,111,118,46,156,147,141,102,21,35,10.0,21.62,107.5,129.0,135.88,53.12,183.0,169.88,160.25,113.0,22.75,39.12
Asphalt_0cm_S1,2026-04-02T16:32:43.334499,15,27,118,140,152,58,205,187,174,134,33,65,14,29,134,152,165,65,219,200,186,136,31,54,13,26,119,141,155,61,210,198,188,134,30,51,13,24,111,139,142,56,194,183,177,131,28,56,4,11,67,80,85,34,116,107,101,65,10,13,6,20,113,131,136,54,184,167,156,99,13,19,6,17,109,137,134,52,178,169,160,102,15,20,9,18,88,111,118,46,156,147,141,102,21,35,10.0,21.5,107.38,128.88,135.88,53.25,182.75,169.75,160.38,112.88,22.62,39.12
Asphalt_0cm_S1,2026-04-02T16:32:43.433379,15,27,118,140,152,58,206,187,174,134,33,65,14,29,134,152,165,65,219,200,186,136,31,54,13,26,119,141,155,61,210,198,188,134,30,51,13,24,111,139,142,56,194,183,177,131,28,56,4,11,67,80,85,34,116,107,101,65,10,13,6,20,113,131,136,54,184,167,156,99,14,19,6,17,109,138,134,51,178,169,160,102,15,20,9,18,88,111,118,46,156,147,141,101,20,35,10.0,21.5,107.38,129.0,135.88,53.12,182.88,169.75,160.38,112.75,22.62,39.12
Asphalt_0cm_S1,2026-04-02T16:32:43.536911,15,27,118,140,152,58,206,187,174,134,33,65,14,29,135,152,165,65,220,200,186,136,31,54,13,25,120,141,154,61,210,199,187,134,30,51,13,24,111,139,142,56,194,183,177,131,28,55,4,12,68,80,84,34,116,107,100,65,10,13,6,20,113,132,136,54,184,167,156,99,14,19,6,17,109,138,134,51,178,169,160,102,15,20,9,18,88,111,118,46,156,147,141,101,20,35,10.0,21.5,107.75,129.12,135.62,53.12,183.0,169.88,160.12,112.75,22.62,39.0
Asphalt_0cm_S1,2026-04-02T16:32:43.648049,15,27,118,140,152,58,206,187,174,134,33,65,14,29,135,152,165,65,220,200,186,136,31,54,13,25,120,141,154,61,210,199,187,134,30,51,13,24,111,139,142,56,194,183,177,131,28,55,4,12,68,80,84,34,116,107,100,65,10,13,6,20,113,132,136,54,184,167,156,99,14,19,6,17,109,137,134,51,178,169,160,102,15,20,9,18,88,111,118,46,156,147,141,101,20,35,10.0,21.5,107.75,129.0,135.62,53.12,183.0,169.88,160.12,112.75,22.62,39.0
Asphalt_0cm_S1,2026-04-02T16:32:43.753384,15,27,118,140,152,58,206,187,174,134,33,65,14,29,135,152,165,65,220,200,186,136,31,54,13,25,120,141,154,61,210,199,187,134,30,51,13,24,111,139,142,56,194,183,177,131,28,55,4,12,68,80,84,34,116,107,100,65,10,13,6,20,113,132,136,54,184,167,156,99,14,19,6,17,109,137,134,51,178,169,160,102,15,20,9,18,88,111,118,46,156,147,141,102,21,35,10.0,21.5,107.75,129.0,135.62,53.12,183.0,169.88,160.12,112.88,22.75,39.0
Asphalt_0cm_S1,2026-04-02T16:32:43.851626,15,27,118,139,152,58,206,186,174,134,33,66,14,29,134,152,165,65,220,200,186,136,31,54,13,25,119,141,155,61,210,199,187,133,30,51,13,24,111,139,142,56,194,183,177,131,28,56,4,11,68,80,85,34,116,107,101,65,10,13,6,20,113,131,136,54,184,167,156,99,14,19,7,17,109,137,134,51,178,169,160,102,15,20,9,18,88,111,117,46,156,147,141,103,21,35,10.12,21.38,107.5,128.75,135.75,53.12,183.0,169.75,160.25,112.88,22.75,39.25
Asphalt_0cm_S1,2026-04-02T16:32:43.943801,15,27,118,139,152,59,206,187,174,134,33,66,14,29,134,152,165,65,220,200,186,136,31,54,13,25,119,141,155,61,210,199,187,133,30,51,13,24,111,139,142,56,194,183,177,131,28,56,4,11,68,80,85,34,116,107,101,65,10,13,6,20,113,131,136,54,184,167,156,99,14,19,6,17,109,137,134,52,178,169,160,102,15,20,9,18,88,111,117,46,156,147,141,102,21,35,10.0,21.38,107.5,128.75,135.75,53.38,183.0,169.88,160.25,112.75,22.75,39.25
Asphalt_0cm_S1,2026-04-02T16:32:44.033230,15,27,118,139,152,59,206,187,174,134,33,66,14,29,134,152,165,65,220,200,185,136,31,54,13,25,119,141,155,61,210,198,187,133,30,51,13,24,111,139,142,57,193,183,177,131,28,55,4,12,68,80,85,34,116,107,101,66,10,13,6,20,113,132,136,54,184,167,156,100,14,19,6,17,109,137,134,51,178,169,160,102,15,20,9,18,88,111,117,46,156,147,141,102,21,35,10.0,21.5,107.5,128.88,135.75,53.38,182.88,169.75,160.12,113.0,22.75,39.12
Asphalt_0cm_S1,2026-04-02T16:32:44.126407,15,27,118,139,152,58,206,187,174,134,33,66,14,29,134,152,165,65,220,200,186,136,31,53,13,25,119,141,155,61,210,198,187,133,30,51,13,24,111,139,142,57,193,183,177,131,28,55,4,12,68,80,85,34,116,107,101,66,10,13,6,20,113,132,136,54,184,167,156,100,14,19,6,17,109,137,134,51,178,169,160,102,15,20,9,18,88,111,118,46,156,147,141,103,21,35,10.0,21.5,107.5,128.88,135.88,53.25,182.88,169.75,160.25,113.12,22.75,39.0
Asphalt_0cm_S1,2026-04-02T16:32:44.215305,15,27,118,139,152,58,206,187,174,134,33,66,14,29,134,152,165,65,220,200,186,136,31,53,13,25,119,140,155,61,210,198,187,134,30,51,13,24,110,139,142,56,193,183,177,131,28,55,4,12,68,80,85,34,116,107,101,66,10,13,6,20,113,132,136,54,184,167,156,100,14,19,6,17,109,137,134,51,178,169,160,102,15,20,9,18,88,111,118,46,156,147,141,103,21,35,10.0,21.5,107.38,128.75,135.88,53.12,182.88,169.75,160.25,113.25,22.75,39.0
Asphalt_0cm_S1,2026-04-02T16:32:44.304645,15,27,118,139,152,58,206,186,174,134,33,65,14,29,134,153,165,65,220,200,186,136,31,54,13,25,119,140,155,61,210,198,188,134,30,51,13,24,110,139,142,56,193,183,177,131,28,55,4,12,68,80,85,34,116,107,101,66,10,13,6,20,113,132,136,54,184,167,156,99,14,19,6,17,109,138,134,51,178,169,160,102,15,20,9,18,88,111,118,46,156,147,141,102,21,35,10.0,21.5,107.38,129.0,135.88,53.12,182.88,169.62,160.38,113.0,22.75,39.0
Asphalt_0cm_S1,2026-04-02T16:32:44.392862,15,27,118,139,152,58,206,186,174,134,33,65,14,29,134,153,165,65,220,200,186,136,31,54,13,25,119,140,155,61,210,198,188,134,30,51,13,24,110,139,142,56,194,182,177,130,28,55,4,12,68,80,85,34,116,107,100,66,10,13,6,19,113,131,135,54,184,167,156,99,14,19,6,17,109,137,134,52,178,169,160,102,15,20,9,18,88,111,118,46,156,147,141,103,21,35,10.0,21.38,107.38,128.75,135.75,53.25,183.0,169.5,160.25,113.0,22.75,39.0
Asphalt_0cm_S1,2026-04-02T16:32:44.490247,15,28,118,140,152,59,206,187,174,134,33,65,14,29,134,152,165,65,220,200,186,136,31,54,13,25,119,140,155,61,210,198,188,133,30,51,13,24,110,139,142,57,194,183,177,131,28,55,4,12,68,80,85,34,116,107,100,66,10,13,6,19,113,131,135,54,184,167,156,99,14,19,6,17,109,137,134,52,178,169,160,102,15,20,9,18,88,111,118,46,156,147,141,103,21,35,10.0,21.5,107.38,128.75,135.75,53.5,183.0,169.75,160.25,113.0,22.75,39.0
Asphalt_0cm_S1,2026-04-02T16:32:44.575845,15,28,118,140,152,59,206,187,174,134,33,65,14,29,134,152,165,65,220,200,186,136,31,54,13,25,119,140,155,61,210,198,188,133,30,51,13,24,110,139,142,57,194,183,177,131,28,55,4,12,68,80,84,34,116,107,100,65,10,13,6,20,113,131,136,54,184,167,156,99,14,19,6,17,109,137,134,52,178,169,161,102,15,20,9,18,88,111,118,46,156,147,141,102,20,35,10.0,21.62,107.38,128.75,135.75,53.5,183.0,169.75,160.38,112.75,22.62,39.0
Asphalt_0cm_S1,2026-04-02T16:32:44.662828,15,28,118,140,152,59,206,187,174,134,33,65,14,29,134,152,165,65,220,200,186,136,31,54,13,25,119,140,155,61,210,198,188,133,30,51,13,24,110,139,142,57,194,183,177,131,28,55,4,12,68,80,84,34,116,107,100,65,10,13,6,20,113,131,136,54,184,167,156,99,14,19,6,17,109,137,134,52,178,169,161,102,15,20,9,18,88,111,118,46,156,147,141,102,20,35,10.0,21.62,107.38,128.75,135.75,53.5,183.0,169.75,160.38,112.75,22.62,39.0
Asphalt_0cm_S1,2026-04-02T16:32:44.745712,15,28,118,140,152,59,206,187,174,134,33,65,14,29,134,152,165,65,220,200,186,136,31,54,13,25,119,140,155,61,210,198,188,133,30,51,13,24,110,139,142,57,194,183,177,131,28,55,4,12,68,80,84,34,116,107,100,65,10,13,6,20,113,131,136,54,184,167,156,99,14,19,6,17,109,137,134,52,178,169,161,102,15,20,9,18,88,111,118,46,156,147,141,102,20,35,10.0,21.62,107.38,128.75,135.75,53.5,183.0,169.75,160.38,112.75,22.62,39.0
Asphalt_0cm_S1,2026-04-02T16:32:44.818593,15,28,118,140,152,58,206,186,174,134,33,65,14,29,134,152,165,65,219,200,186,136,31,53,13,25,119,140,154,61,210,199,187,133,30,51,13,24,110,138,142,56,193,182,176,130,28,55,4,11,68,80,85,34,116,108,100,66,10,13,6,20,113,131,136,54,184,167,156,99,14,19,6,17,109,137,134,51,178,169,160,102,15,20,9,18,88,111,118,46,156,147,141,102,21,35,10.0,21.5,107.38,128.62,135.75,53.12,182.75,169.75,160.0,112.75,22.75,38.88
Asphalt_0cm_S1,2026-04-02T16:32:44.928491,15,28,118,140,152,58,206,186,174,134,33,65,14,29,134,152,165,65,219,200,186,136,31,53,13,25,119,140,154,61,210,199,187,133,30,51,13,24,110,138,142,56,193,182,176,130,28,55,4,12,67,81,84,34,116,107,100,65,10,12,6,20,113,131,136,54,185,167,156,100,14,19,6,17,109,137,134,51,178,169,160,102,15,20,9,18,88,111,118,46,156,147,141,102,21,35,10.0,21.62,107.25,128.75,135.62,53.12,182.88,169.62,160.0,112.75,22.75,38.75
Asphalt_0cm_S1,2026-04-02T16:32:45.013364,15,27,118,139,152,58,206,187,174,134,33,65,14,29,135,152,165,65,219,200,185,136,31,54,13,25,119,141,154,61,210,198,187,133,30,51,13,24,110,138,142,56,193,182,176,130,28,55,4,12,67,81,84,34,116,107,100,65,10,12,6,20,113,131,136,54,185,167,156,100,14,19,6,17,109,137,134,51,178,169,160,102,15,20,9,18,88,111,118,46,156,147,141,102,21,35,10.0,21.5,107.38,128.75,135.62,53.12,182.88,169.62,159.88,112.75,22.75,38.88
Asphalt_0cm_S1,2026-04-02T16:32:45.098446,15,27,118,139,152,58,206,187,174,134,33,65,14,29,135,152,165,65,219,200,185,136,31,54,13,25,119,141,154,61,210,198,187,133,30,51,13,24,110,138,142,56,193,182,176,130,28,55,4,12,67,81,84,34,116,107,100,65,10,12,6,20,113,131,136,54,185,167,156,100,14,19,6,17,109,137,134,51,178,169,160,102,15,20,9,18,88,111,118,46,156,147,141,102,21,35,10.0,21.5,107.38,128.75,135.62,53.12,182.88,169.62,159.88,112.75,22.75,38.88
Asphalt_0cm_S1,2026-04-02T16:32:45.172727,15,27,118,139,152,58,206,187,174,134,33,65,14,29,135,152,165,65,219,200,185,136,31,54,13,25,119,141,154,61,210,198,187,133,30,51,13,24,110,138,142,56,193,182,176,130,28,55,4,12,67,81,84,34,116,107,100,65,10,12,6,20,113,131,136,54,185,167,156,100,14,19,6,17,109,137,134,51,178,169,160,102,15,20,9,18,88,111,118,46,156,147,141,102,21,35,10.0,21.5,107.38,128.75,135.62,53.12,182.88,169.62,159.88,112.75,22.75,38.88
Asphalt_0cm_S1,2026-04-02T16:32:45.254021,15,27,118,139,152,58,206,187,174,134,33,65,14,29,135,152,165,65,219,200,185,136,31,54,13,25,119,141,154,61,210,198,187,133,30,51,12,24,110,139,142,56,193,182,176,130,28,55,4,12,68,80,85,34,116,107,101,65,10,12,7,20,113,132,136,54,184,167,156,100,14,19,6,17,109,137,134,51,178,169,160,102,15,20,9,18,88,111,118,46,156,146,141,102,21,35,10.0,21.5,107.5,128.88,135.75,53.12,182.75,169.5,160.0,112.75,22.75,38.88
Asphalt_0cm_S1,2026-04-02T16:32:45.341834,15,28,118,140,152,58,206,187,174,134,33,65,14,29,134,152,165,65,219,200,185,136,31,54,13,25,119,140,155,61,210,198,187,133,29,51,12,24,110,139,142,56,193,182,176,130,28,55,4,12,68,80,84,34,116,107,100,65,10,13,6,20,113,132,136,54,185,167,156,99,14,19,6,17,109,137,134,51,178,169,160,102,15,20,9,18,88,111,118,46,156,147,141,102,20,35,9.88,21.62,107.38,128.88,135.75,53.12,182.88,169.62,159.88,112.62,22.5,39.0
Asphalt_0cm_S1,2026-04-02T16:32:45.425367,15,28,118,140,152,58,206,187,174,134,33,65,14,29,134,152,165,65,219,200,185,136,31,54,13,25,119,140,155,61,210,198,187,133,29,51,12,24,110,139,142,56,193,182,176,130,28,55,4,12,68,80,84,34,116,107,100,65,10,13,7,19,113,132,136,54,184,167,156,99,14,19,6,17,109,137,134,52,178,169,160,102,15,20,9,18,88,111,117,46,155,147,141,102,20,34,10.0,21.5,107.38,128.88,135.62,53.25,182.62,169.62,159.88,112.62,22.5,38.88
Asphalt_0cm_S1,2026-04-02T16:32:45.521997,15,27,118,140,152,58,206,187,175,134,33,65,14,29,134,152,165,65,219,200,184,136,31,53,13,25,119,140,155,61,210,198,187,133,29,51,12,24,110,139,142,56,193,182,176,130,28,55,4,12,68,80,84,34,116,107,100,65,10,13,7,19,113,132,136,54,184,167,156,99,14,19,6,17,109,137,134,52,178,169,160,102,15,20,9,18,88,111,117,46,155,147,141,102,20,34,10.0,21.38,107.38,128.88,135.62,53.25,182.62,169.62,159.88,112.62,22.5,38.75
Asphalt_0cm_S1,2026-04-02T16:32:45.606690,15,27,118,140,152,58,206,187,175,134,33,65,14,29,134,152,165,65,219,200,184,136,31,53,13,25,119,140,155,61,210,198,187,133,29,51,12,24,110,139,142,56,193,182,176,130,28,55,4,12,67,80,84,34,116,107,100,65,10,12,6,20,113,132,136,54,184,167,156,99,14,19,6,17,109,137,134,51,178,169,160,102,15,19,9,18,88,111,117,46,155,147,141,102,20,34,9.88,21.5,107.25,128.88,135.62,53.12,182.62,169.62,159.88,112.62,22.5,38.5
Asphalt_0cm_S1,2026-04-02T16:32:45.692127,15,27,118,140,152,58,206,187,175,134,33,65,14,29,134,152,165,65,219,200,184,136,31,53,13,25,119,140,155,61,210,198,187,133,29,51,12,24,110,139,142,56,193,182,176,130,28,55,4,12,67,80,84,34,116,107,100,65,10,12,6,20,113,132,136,54,184,167,156,99,14,19,6,17,109,137,134,51,178,169,160,102,15,19,9,18,88,111,117,46,155,147,141,102,20,34,9.88,21.5,107.25,128.88,135.62,53.12,182.62,169.62,159.88,112.62,22.5,38.5
Asphalt_0cm_S1,2026-04-02T16:32:45.776053,15,27,118,140,152,58,206,187,175,134,33,65,14,29,134,152,165,65,219,200,184,136,31,53,13,25,119,140,155,61,210,198,187,133,29,51,12,24,110,139,142,56,193,182,176,130,28,55,4,12,67,80,84,34,116,107,100,65,10,12,6,20,113,132,136,54,184,167,156,99,14,19,6,17,109,137,134,51,178,169,160,102,15,19,9,18,88,111,117,46,155,147,141,102,20,34,9.88,21.5,107.25,128.88,135.62,53.12,182.62,169.62,159.88,112.62,22.5,38.5
Asphalt_0cm_S1,2026-04-02T16:32:45.849654,15,27,118,139,152,58,206,186,175,134,32,66,14,29,134,152,165,65,219,200,185,136,31,53,13,25,119,140,154,61,209,198,187,133,29,51,12,24,110,138,141,56,193,182,176,130,28,55,4,12,68,80,85,34,116,107,101,65,10,13,7,20,113,131,136,54,184,167,156,99,14,19,6,17,109,137,134,51,178,169,160,102,15,20,9,18,88,110,117,46,155,146,141,102,20,34,10.0,21.5,107.38,128.38,135.5,53.12,182.5,169.38,160.12,112.62,22.38,38.88
Asphalt_0cm_S1,2026-04-02T16:32:45.968360,15,28,118,139,152,58,206,187,175,134,33,66,14,28,134,152,165,64,219,199,185,135,31,53,13,25,119,140,154,60,209,198,187,133,29,50,12,24,110,138,141,56,193,182,176,130,28,55,4,12,68,80,85,34,116,107,101,65,10,13,7,20,113,131,136,54,184,167,156,99,14,19,7,17,109,137,134,52,178,169,160,102,15,20,9,18,88,110,117,46,155,147,141,102,20,34,10.12,21.5,107.38,128.38,135.5,53.0,182.5,169.5,160.12,112.5,22.5,38.75
Asphalt_0cm_S1,2026-04-02T16:32:46.057241,15,28,118,139,152,58,206,187,175,134,33,66,14,28,134,152,165,64,219,199,185,135,31,53,13,25,119,140,154,60,209,198,187,133,29,50,12,24,110,138,142,56,193,182,176,129,28,55,4,12,68,80,85,33,116,107,100,65,10,13,7,20,113,131,136,54,184,167,156,99,14,19,7,17,109,137,134,52,178,169,160,102,15,20,9,18,88,110,117,46,155,147,141,102,20,34,10.12,21.5,107.38,128.38,135.62,52.88,182.5,169.5,160.0,112.38,22.5,38.75
Asphalt_0cm_S1,2026-04-02T16:32:46.147306,15,28,118,139,152,58,206,187,175,134,33,66,14,28,134,152,165,64,219,199,185,135,31,53,13,25,119,140,154,60,209,198,187,133,29,50,12,24,110,138,142,56,193,182,176,129,28,55,4,12,68,80,85,33,116,107,100,65,10,13,7,20,113,131,136,54,184,167,156,99,14,19,7,17,109,137,134,52,178,169,160,102,15,20,9,18,88,110,117,46,155,147,141,102,20,34,10.12,21.5,107.38,128.38,135.62,52.88,182.5,169.5,160.0,112.38,22.5,38.75
Asphalt_0cm_S1,2026-04-02T16:32:46.229411,15,27,118,139,152,58,206,186,174,134,33,65,14,29,134,152,164,65,219,199,185,135,30,53,13,25,119,140,154,60,209,198,187,132,29,50,12,24,110,139,142,56,193,182,176,130,28,55,4,12,68,81,85,34,116,107,101,65,10,13,6,20,113,131,136,54,184,167,156,99,14,19,6,17,109,137,134,51,178,169,160,102,15,20,9,18,88,110,117,46,155,146,141,102,20,34,9.88,21.5,107.38,128.62,135.5,53.0,182.5,169.25,160.0,112.38,22.38,38.62
Asphalt_0cm_S1,2026-04-02T16:32:46.318378,15,27,117,139,152,58,206,186,174,133,32,65,14,28,134,151,164,64,218,199,185,135,30,53,13,25,119,140,154,60,209,197,186,132,29,50,12,24,110,138,142,56,193,182,176,130,28,55,4,12,68,81,85,34,116,107,101,65,10,13,6,20,113,131,136,54,184,167,156,99,14,19,6,17,109,137,134,51,178,169,160,102,15,20,9,18,88,110,117,46,155,146,141,102,20,34,9.88,21.38,107.25,128.38,135.5,52.88,182.38,169.12,159.88,112.25,22.25,38.62
Asphalt_0cm_S1,2026-04-02T16:32:46.402989,15,27,117,139,152,58,206,186,174,133,32,65,14,28,134,151,164,64,218,199,185,135,30,53,13,25,119,140,154,60,209,197,186,132,29,50,12,24,110,138,142,56,193,182,176,130,28,55,4,12,68,80,85,34,116,107,100,66,10,13,6,20,113,131,136,54,184,167,156,99,14,19,6,17,109,137,134,51,178,169,160,102,15,20,9,18,88,110,117,46,155,146,140,102,20,34,9.88,21.38,107.25,128.25,135.5,52.88,182.38,169.12,159.62,112.38,22.25,38.62
Asphalt_0cm_S1,2026-04-02T16:32:46.504430,15,27,118,139,152,58,205,186,174,134,32,65,14,28,134,152,164,64,219,199,185,135,30,52,13,25,119,140,154,60,209,198,186,132,29,50,12,24,110,138,142,56,193,182,176,130,28,55,4,11,68,80,85,34,116,107,101,66,10,13,6,20,113,131,136,54,184,167,156,99,14,19,6,17,109,137,134,51,178,169,160,102,15,20,9,18,88,110,117,46,155,146,140,102,20,34,9.88,21.25,107.38,128.38,135.5,52.88,182.38,169.25,159.75,112.5,22.25,38.5
Asphalt_0cm_S1,2026-04-02T16:32:46.596467,15,27,118,139,152,58,205,186,174,134,32,65,14,28,134,152,164,64,219,199,185,135,30,52,13,25,119,140,154,60,209,198,186,132,29,50,12,24,110,138,142,56,193,182,176,130,28,55,4,11,68,80,85,34,116,107,101,66,10,13,6,20,113,131,136,54,185,167,156,99,14,19,6,17,109,137,134,51,178,169,160,102,15,20,9,18,87,110,117,46,155,146,140,101,20,34,9.88,21.25,107.25,128.38,135.5,52.88,182.5,169.25,159.75,112.38,22.25,38.5
Asphalt_0cm_S1,2026-04-02T16:32:46.683764,15,27,118,139,152,59,206,186,174,133,32,65,14,28,134,152,164,64,218,199,185,135,30,52,13,25,119,140,154,60,209,198,186,132,29,50,12,24,110,138,142,56,193,182,176,130,28,55,4,11,68,80,85,34,116,107,101,66,10,13,6,20,113,131,136,54,185,167,156,99,14,19,6,17,109,137,134,51,178,169,160,102,15,20,9,18,87,110,117,46,155,146,140,101,20,34,9.88,21.25,107.25,128.38,135.5,53.0,182.5,169.25,159.75,112.25,22.25,38.5
Asphalt_0cm_S1,2026-04-02T16:32:46.769645,15,27,118,139,152,59,206,186,174,133,32,65,14,28,134,152,164,64,218,199,185,135,30,52,13,25,119,140,154,60,209,198,186,132,29,50,12,24,110,138,142,56,193,182,176,130,28,55,4,11,68,80,85,34,116,107,101,66,10,13,6,20,113,131,136,54,185,167,156,99,14,19,6,17,109,137,134,51,178,169,160,102,15,20,9,18,87,110,117,46,155,146,140,101,20,34,9.88,21.25,107.25,128.38,135.5,53.0,182.5,169.25,159.75,112.25,22.25,38.5
Asphalt_0cm_S1,2026-04-02T16:32:46.858644,15,27,118,139,152,58,205,186,174,133,32,65,14,28,134,152,164,64,218,199,184,135,30,52,13,25,119,140,154,60,209,197,186,133,29,50,12,24,110,138,142,56,193,182,176,129,28,54,4,12,68,80,85,34,116,107,101,66,10,13,6,20,113,132,136,54,184,167,156,100,14,19,7,17,109,137,134,51,178,169,160,102,15,20,9,18,87,110,117,46,155,146,140,101,20,34,10.0,21.38,107.25,128.5,135.5,52.88,182.25,169.12,159.62,112.38,22.25,38.38
Asphalt_0cm_S1,2026-04-02T16:32:46.950681,15,27,117,139,152,58,205,186,174,133,32,65,14,28,134,152,164,64,218,199,185,135,30,52,13,25,119,140,154,60,209,197,186,133,29,50,12,24,110,138,142,56,193,182,176,129,28,54,4,12,68,80,85,34,116,107,101,66,10,13,6,20,113,132,136,54,185,167,156,100,14,19,6,17,109,137,134,51,178,169,160,102,15,20,9,18,88,110,117,46,155,146,140,101,20,33,9.88,21.38,107.25,128.5,135.5,52.88,182.38,169.12,159.75,112.38,22.25,38.25
Asphalt_0cm_S1,2026-04-02T16:32:47.049322,15,27,117,139,152,58,205,186,174,133,32,65,14,28,134,152,164,64,218,199,185,135,30,52,13,25,119,140,154,60,209,197,186,132,29,49,12,24,110,138,142,56,193,182,176,130,28,54,4,12,68,80,85,34,116,107,101,66,10,13,6,20,113,131,136,54,184,167,156,99,14,19,6,17,109,137,134,51,178,169,160,102,15,20,9,18,88,110,117,46,155,146,140,101,20,33,9.88,21.38,107.25,128.38,135.5,52.88,182.25,169.12,159.75,112.25,22.25,38.12
Asphalt_0cm_S1,2026-04-02T16:32:47.149661,15,27,117,139,152,58,205,186,174,133,32,65,14,28,134,152,164,64,218,199,185,135,30,52,13,25,119,140,154,60,209,197,186,132,29,49,12,24,110,138,142,56,193,182,176,130,28,54,4,12,68,80,85,34,116,107,101,66,10,13,6,20,113,131,136,54,184,167,156,99,14,19,6,17,109,137,134,51,178,169,160,102,15,20,9,18,88,110,117,46,155,146,140,101,20,33,9.88,21.38,107.25,128.38,135.5,52.88,182.25,169.12,159.75,112.25,22.25,38.12
Asphalt_0cm_S1,2026-04-02T16:32:47.233427,15,27,117,139,151,58,205,186,173,133,32,65,14,28,134,151,164,64,218,199,185,135,30,52,13,25,118,140,153,60,209,198,186,132,29,49,12,24,110,138,141,56,193,182,176,130,28,54,4,12,68,81,85,34,116,108,101,66,10,13,6,20,113,131,136,54,185,167,156,99,14,19,6,17,109,137,134,51,178,169,160,102,15,20,9,18,88,110,117,46,155,146,141,102,20,34,9.88,21.38,107.12,128.38,135.12,52.88,182.38,169.38,159.75,112.38,22.25,38.25
Asphalt_0cm_S1,2026-04-02T16:32:47.331749,14,27,117,139,151,58,205,186,174,133,32,65,14,28,134,152,164,64,219,200,185,135,30,52,13,25,119,140,154,60,209,197,186,132,29,49,12,24,110,138,142,56,192,182,176,130,27,54,4,12,68,81,85,34,116,108,101,66,10,13,6,20,113,131,136,54,185,167,156,99,14,19,6,17,109,137,134,51,178,169,160,102,15,20,9,18,88,110,117,46,155,146,141,102,20,34,9.75,21.38,107.25,128.5,135.38,52.88,182.38,169.38,159.88,112.38,22.12,38.25
Asphalt_0cm_S1,2026-04-02T16:32:47.421011,14,27,117,139,151,58,205,186,174,133,32,64,14,28,134,152,164,64,219,200,185,135,30,52,13,25,119,140,154,60,209,197,186,132,29,49,12,24,110,138,142,56,192,182,176,130,27,54,4,12,68,81,84,33,116,107,100,66,10,13,6,20,113,132,136,54,185,167,156,99,14,19,6,17,109,137,134,52,178,169,160,102,15,20,9,18,88,110,117,46,155,146,140,102,20,34,9.75,21.38,107.25,128.62,135.25,52.88,182.38,169.25,159.62,112.38,22.12,38.12
Asphalt_0cm_S1,2026-04-02T16:32:47.501757,14,27,117,139,151,58,205,186,174,133,32,64,14,28,134,152,164,64,218,199,185,135,30,52,13,25,119,140,154,60,209,198,186,132,29,50,12,24,110,138,141,56,193,182,176,130,28,54,4,12,68,81,84,34,116,107,101,66,10,13,6,20,113,131,136,54,185,167,156,99,14,19,6,17,109,137,134,52,178,169,160,102,15,20,9,18,88,110,117,46,155,146,140,102,20,34,9.75,21.38,107.25,128.5,135.12,53.0,182.38,169.25,159.75,112.38,22.25,38.25
Asphalt_0cm_S1,2026-04-02T16:32:47.596642,14,27,117,139,151,58,205,186,174,133,32,64,14,28,134,152,164,64,218,199,185,135,30,52,13,25,119,140,154,60,209,198,186,132,29,50,12,24,110,138,141,56,193,182,176,130,28,54,4,12,68,81,84,34,116,107,101,66,10,13,6,20,113,131,136,54,185,167,156,99,14,19,6,17,109,137,134,52,178,169,160,102,15,20,9,18,88,110,117,46,155,146,140,102,20,34,9.75,21.38,107.25,128.5,135.12,53.0,182.38,169.25,159.75,112.38,22.25,38.25
Asphalt_0cm_S1,2026-04-02T16:32:47.694076,14,27,117,139,151,58,205,186,173,133,32,64,14,28,134,152,165,64,219,199,185,135,30,53,13,25,119,141,155,60,210,198,187,133,29,51,12,24,110,139,141,56,193,182,176,130,28,55,4,12,68,81,84,34,116,107,101,66,10,13,6,20,113,131,136,54,185,167,156,99,14,19,6,17,109,137,134,51,178,169,160,102,15,20,9,18,88,110,117,46,155,146,141,102,20,34,9.75,21.38,107.25,128.75,135.38,52.88,182.62,169.25,159.88,112.5,22.25,38.62
Asphalt_0cm_S1,2026-04-02T16:32:47.802919,15,27,118,139,151,58,205,186,173,132,32,65,14,29,134,152,165,64,219,200,185,136,30,53,13,25,119,141,155,61,210,198,187,133,30,51,12,24,110,139,141,56,193,182,176,130,28,55,4,12,68,80,85,34,116,107,100,66,10,13,6,20,113,132,136,54,185,167,156,99,14,19,6,17,109,137,134,51,178,169,160,102,15,20,9,18,88,111,117,46,155,147,141,102,21,34,9.88,21.5,107.38,128.88,135.5,53.0,182.62,169.5,159.75,112.5,22.5,38.75
Asphalt_0cm_S1,2026-04-02T16:32:47.902121,15,27,118,139,151,58,205,186,173,132,32,65,14,29,134,152,165,64,219,200,185,136,30,53,13,25,119,141,155,61,210,198,187,133,30,51,13,24,110,139,142,56,193,182,176,130,28,55,4,12,68,80,85,34,116,107,100,66,10,13,6,20,113,132,136,54,185,167,156,99,14,19,6,17,109,137,134,51,178,169,160,102,15,20,9,18,88,110,117,46,155,146,140,102,20,34,10.0,21.5,107.38,128.75,135.62,53.0,182.62,169.38,159.62,112.5,22.38,38.75
Asphalt_0cm_S1,2026-04-02T16:32:47.986109,15,27,118,139,152,58,205,186,173,133,32,64,14,29,134,152,165,65,219,200,186,136,31,53,13,25,119,140,155,61,210,198,187,133,30,51,13,24,110,139,142,56,193,182,177,130,28,55,4,11,68,80,85,34,116,107,100,65,10,13,6,20,113,132,136,54,185,167,156,99,14,19,6,17,109,137,134,51,178,169,160,102,15,20,9,18,88,110,117,46,155,146,140,102,20,34,10.0,21.38,107.38,128.62,135.75,53.12,182.62,169.38,159.88,112.5,22.5,38.62
Asphalt_0cm_S1,2026-04-02T16:32:48.076751,15,27,117,139,151,58,206,186,173,133,32,64,14,29,134,152,165,65,219,200,186,136,31,53,13,25,119,140,155,61,210,198,187,133,30,51,13,24,110,139,142,56,193,182,177,130,28,55,4,11,68,80,85,34,116,107,100,65,10,13,6,20,113,131,136,54,185,167,156,99,14,19,6,17,109,137,134,51,178,169,160,102,15,20,9,18,88,110,117,46,155,146,140,101,20,34,10.0,21.38,107.25,128.5,135.62,53.12,182.75,169.38,159.88,112.38,22.5,38.62
Asphalt_0cm_S1,2026-04-02T16:32:48.173177,15,27,117,139,151,58,206,186,173,133,32,64,14,29,134,152,165,65,219,200,186,136,31,53,13,25,119,141,155,61,210,198,187,133,29,50,13,24,110,139,141,56,193,182,176,130,28,55,4,11,68,80,85,34,116,107,100,65,10,13,6,20,113,131,136,54,185,167,156,99,14,19,6,17,109,137,134,51,178,169,160,102,15,20,9,18,88,110,117,46,155,146,140,101,20,34,10.0,21.38,107.25,128.62,135.5,53.12,182.75,169.38,159.75,112.38,22.38,38.5
Asphalt_0cm_S1,2026-04-02T16:32:48.262035,15,27,117,139,151,58,205,186,173,132,32,64,14,29,134,152,165,65,219,200,185,136,30,53,13,25,119,141,155,61,210,198,187,133,29,50,13,24,110,139,141,56,193,182,176,130,28,55,4,12,68,80,84,34,116,107,101,65,10,13,6,20,113,131,136,54,184,167,156,99,14,19,6,17,109,137,134,51,178,169,160,102,15,20,9,18,87,110,117,46,154,146,140,101,20,33,10.0,21.5,107.12,128.62,135.38,53.12,182.38,169.38,159.75,112.25,22.25,38.38
Asphalt_0cm_S1,2026-04-02T16:32:48.356969,15,27,117,139,151,58,205,186,173,132,32,64,14,29,134,152,165,65,219,200,185,136,30,53,13,25,119,141,155,61,210,199,187,133,30,51,12,24,110,139,141,56,193,182,176,130,28,55,4,12,67,80,84,33,116,107,100,65,10,12,6,20,113,131,136,54,184,167,156,99,14,19,6,17,109,137,134,51,178,169,160,102,15,19,9,18,87,110,117,46,154,146,140,101,20,33,9.88,21.5,107.0,128.62,135.38,53.0,182.38,169.5,159.62,112.25,22.38,38.25
Asphalt_0cm_S1,2026-04-02T16:32:48.459402,14,27,118,139,152,58,206,186,174,133,32,64,14,29,134,152,165,65,219,200,186,136,30,53,13,25,119,140,154,60,210,198,187,133,29,50,12,24,110,139,141,56,193,182,176,130,28,55,4,12,67,80,84,33,116,107,100,65,10,12,6,20,113,131,136,54,184,167,156,99,14,19,6,17,109,137,134,51,178,169,160,102,15,19,9,17,87,110,116,46,154,145,140,101,20,33,9.75,21.38,107.12,128.5,135.25,52.88,182.5,169.25,159.88,112.38,22.25,38.12
Asphalt_0cm_S1,2026-04-02T16:32:48.550492,14,27,118,139,152,58,206,186,174,133,32,64,14,29,134,152,165,65,219,200,186,136,30,53,13,25,119,140,154,60,210,198,187,133,29,50,12,24,110,139,142,56,193,182,176,130,28,55,4,11,67,80,84,33,115,107,100,65,10,12,6,19,113,131,135,54,184,167,156,99,14,19,6,17,109,137,134,51,178,169,160,102,15,20,9,17,88,110,117,46,155,146,140,101,20,33,9.75,21.12,107.25,128.5,135.38,52.88,182.5,169.38,159.88,112.38,22.25,38.25
Asphalt_0cm_S1,2026-04-02T16:32:48.644844,14,27,118,139,152,58,206,186,174,133,32,64,14,29,134,152,165,65,219,200,186,136,30,53,13,25,119,140,154,60,210,198,187,133,29,50,12,24,110,139,142,56,193,182,176,130,28,55,4,11,67,80,84,33,115,107,100,65,10,12,6,19,113,131,135,54,184,167,156,99,14,19,6,17,109,137,134,51,178,169,160,102,15,20,9,17,88,110,117,46,155,146,140,101,20,33,9.75,21.12,107.25,128.5,135.38,52.88,182.5,169.38,159.88,112.38,22.25,38.25
Asphalt_0cm_S1,2026-04-02T16:32:48.724916,15,27,117,139,151,58,205,185,174,133,32,64,14,29,134,152,165,65,220,200,185,136,31,53,13,25,119,139,154,61,210,198,187,133,30,50,13,24,110,139,142,56,193,182,177,130,28,55,4,11,67,80,84,34,115,107,100,65,10,12,6,20,112,131,135,54,184,167,155,99,14,19,6,17,109,137,134,51,178,169,160,102,15,20,9,17,88,110,117,46,155,146,140,101,20,33,10.0,21.25,107.0,128.38,135.25,53.12,182.5,169.25,159.75,112.38,22.5,38.25
Asphalt_0cm_S1,2026-04-02T16:32:48.815216,15,27,117,139,151,58,205,186,173,132,32,64,14,29,134,152,165,65,219,200,185,136,31,53,13,25,119,140,154,60,210,198,187,133,29,50,12,24,110,138,142,56,193,182,176,130,28,55,4,11,67,80,84,33,115,107,100,64,10,12,6,19,112,131,135,54,183,166,155,98,14,18,6,17,109,137,134,51,177,169,160,101,15,19,8,17,87,110,116,45,154,145,139,100,19,32,9.75,21.12,106.88,128.38,135.12,52.75,182.0,169.12,159.38,111.75,22.25,37.88
Asphalt_0cm_S1,2026-04-02T16:32:48.936135,14,27,117,139,151,58,205,185,173,132,32,64,14,29,134,152,165,65,219,200,185,136,31,53,13,25,119,140,154,60,210,198,187,133,29,50,12,24,110,138,142,56,193,182,176,130,28,55,4,11,67,80,84,33,115,107,100,64,10,12,6,19,112,131,135,54,183,166,155,98,14,18,6,17,108,137,133,51,177,168,159,100,14,18,8,17,87,109,116,45,153,145,139,99,19,32,9.62,21.12,106.75,128.25,135.0,52.75,181.88,168.88,159.25,111.5,22.12,37.75
Asphalt_0cm_S1,2026-04-02T16:32:49.042810,14,27,117,139,151,58,205,185,173,132,32,64,14,29,134,152,165,65,219,200,185,136,31,53,13,25,119,140,154,60,210,198,187,133,29,50,13,24,110,138,142,56,193,182,176,130,28,55,4,11,67,80,84,33,115,107,99,64,10,12,6,19,113,131,135,54,184,166,155,98,14,18,6,17,109,137,133,51,177,168,159,100,14,18,8,17,87,110,116,45,154,145,139,100,20,33,9.75,21.12,107.0,128.38,135.0,52.75,182.12,168.88,159.12,111.62,22.25,37.88
Asphalt_0cm_S1,2026-04-02T16:32:49.145536,15,27,117,139,151,58,205,186,174,133,33,65,14,29,134,152,165,65,219,200,186,136,30,53,13,25,119,141,155,61,210,198,187,133,29,50,12,24,110,138,142,56,193,182,176,130,28,55,4,11,67,80,84,33,115,107,99,64,10,12,6,19,113,131,135,54,184,166,155,98,14,18,6,17,109,137,133,51,177,168,159,100,14,18,8,17,87,110,116,45,154,145,139,100,20,33,9.75,21.12,107.0,128.5,135.12,52.88,182.12,169.0,159.38,111.75,22.25,38.0
Asphalt_0cm_S1,2026-04-02T16:32:49.241973,15,27,117,139,151,58,205,186,174,133,33,65,14,29,134,152,165,65,219,200,186,136,30,53,13,25,119,141,155,61,210,198,187,133,29,50,12,24,110,138,142,56,193,182,176,130,28,55,4,11,67,80,84,33,115,107,99,64,10,12,6,19,113,131,135,54,184,166,155,98,14,18,6,17,109,137,133,51,177,168,159,100,14,18,8,17,87,110,116,45,154,145,139,100,20,33,9.75,21.12,107.0,128.5,135.12,52.88,182.12,169.0,159.38,111.75,22.25,38.0
Asphalt_0cm_S1,2026-04-02T16:32:49.338668,15,27,118,139,152,58,206,187,174,134,32,65,14,29,134,152,165,65,219,200,185,136,30,53,13,25,119,141,155,61,209,198,187,133,29,50,13,24,110,138,142,56,193,182,176,130,28,55,4,11,68,80,84,33,116,107,100,65,10,12,6,19,112,131,135,54,183,166,155,98,14,18,6,17,109,137,134,51,178,168,159,101,15,19,9,18,87,110,117,46,155,146,140,101,20,33,10.0,21.25,107.12,128.5,135.5,53.0,182.38,169.25,159.5,112.25,22.25,38.12
Asphalt_0cm_S1,2026-04-02T16:32:49.451463,15,27,118,139,152,58,206,187,174,134,32,65,14,29,134,152,165,65,219,200,185,136,30,53,13,25,119,141,155,61,209,198,187,133,29,50,13,24,110,138,142,56,193,182,176,130,28,55,4,11,68,80,84,33,116,107,100,65,10,12,6,19,112,131,135,54,183,166,155,98,14,18,6,17,109,137,134,51,178,168,159,101,15,19,9,18,88,111,117,46,156,147,141,102,21,34,10.0,21.25,107.25,128.62,135.5,53.0,182.5,169.38,159.62,112.38,22.38,38.25
Asphalt_0cm_S1,2026-04-02T16:32:49.555713,15,27,118,139,152,58,206,186,174,134,33,65,14,29,134,152,165,65,219,200,185,136,30,53,13,25,119,140,154,60,210,198,187,133,29,50,12,24,110,139,142,56,193,182,176,130,28,55,4,12,68,80,85,34,116,107,100,65,10,13,6,20,113,131,136,54,185,167,156,100,14,19,6,17,109,137,134,51,178,168,159,101,15,19,9,18,88,111,117,46,156,147,141,102,21,34,9.88,21.5,107.38,128.62,135.62,53.0,182.88,169.38,159.75,112.62,22.5,38.5
Asphalt_0cm_S1,2026-04-02T16:32:49.653567,15,27,118,139,152,58,206,186,174,134,33,65,14,29,134,152,165,65,219,200,185,136,30,53,13,25,119,140,154,60,210,198,187,133,29,50,12,24,110,139,142,56,193,182,176,130,28,55,4,12,68,80,85,34,116,107,100,65,10,13,6,20,113,131,136,54,185,167,156,100,14,19,6,17,109,137,134,51,178,168,159,101,15,19,9,18,88,111,117,46,156,147,141,102,21,34,9.88,21.5,107.38,128.62,135.62,53.0,182.88,169.38,159.75,112.62,22.5,38.5
Asphalt_0cm_S1,2026-04-02T16:32:49.745766,15,27,118,140,152,58,206,187,174,134,33,65,14,29,134,152,165,64,219,200,186,136,30,53,13,25,119,141,155,60,210,198,187,133,29,50,13,24,110,138,141,56,193,182,176,130,28,55,4,12,68,80,85,33,116,107,101,65,10,13,6,20,113,131,136,54,185,167,156,99,14,19,6,17,109,137,134,52,178,169,160,102,15,20,9,18,88,111,118,46,156,147,141,102,21,35,10.0,21.5,107.38,128.75,135.75,52.88,182.88,169.62,160.12,112.62,22.5,38.75
Asphalt_0cm_S1,2026-04-02T16:32:49.845911,15,27,118,139,152,58,206,186,175,134,33,65,14,28,134,152,165,65,219,200,185,136,31,53,13,25,119,140,154,61,210,198,187,133,29,50,12,24,110,139,141,56,193,182,176,130,28,55,4,11,68,80,85,34,116,107,100,65,10,12,6,20,113,132,136,54,184,167,156,99,14,19,6,17,109,137,134,52,178,169,160,102,15,20,9,18,88,111,118,46,156,147,141,102,21,35,9.88,21.25,107.38,128.75,135.62,53.25,182.75,169.5,160.0,112.62,22.62,38.62
Asphalt_0cm_S1,2026-04-02T16:32:49.951996,15,27,118,140,152,58,206,187,174,134,33,65,14,28,134,152,165,65,219,200,185,136,31,53,13,25,119,140,154,61,210,198,187,133,29,50,12,24,110,139,141,56,193,182,176,130,28,55,4,11,68,80,85,34,116,107,100,65,10,12,6,20,113,132,136,54,184,167,156,99,14,19,6,17,109,137,134,52,178,169,160,102,15,20,9,18,88,111,118,46,156,147,141,103,21,35,9.88,21.25,107.38,128.88,135.62,53.25,182.75,169.62,159.88,112.75,22.62,38.62
Asphalt_0cm_S1,2026-04-02T16:32:50.046305,15,27,118,140,152,58,206,187,174,134,33,65,14,28,134,152,165,65,219,200,185,136,31,53,13,25,119,140,154,61,210,198,187,133,29,50,12,24,110,139,141,56,193,182,176,130,28,55,4,11,68,80,85,34,116,107,100,65,10,12,6,20,113,132,136,54,184,167,156,99,14,19,6,17,109,137,134,52,178,169,160,102,15,20,9,18,88,111,118,46,156,147,141,103,21,35,9.88,21.25,107.38,128.88,135.62,53.25,182.75,169.62,159.88,112.75,22.62,38.62
Asphalt_0cm_S1,2026-04-02T16:32:50.144013,15,27,118,140,152,59,206,187,175,134,33,65,14,29,134,152,165,65,219,200,185,136,30,53,13,25,119,141,155,61,209,198,187,133,30,50,13,24,110,139,141,57,193,182,176,130,28,55,4,11,68,80,85,34,116,107,101,66,10,13,6,20,113,131,136,54,184,167,156,99,14,19,6,17,109,137,134,52,178,169,160,102,15,20,9,18,88,111,118,46,156,147,141,103,21,35,10.0,21.38,107.38,128.88,135.75,53.5,182.62,169.62,160.12,112.88,22.62,38.75
Asphalt_0cm_S1,2026-04-02T16:32:50.246478,15,27,118,139,152,58,206,187,174,134,33,65,14,29,134,152,165,65,219,199,185,136,31,53,13,25,119,141,155,61,209,198,187,133,30,50,13,24,110,139,141,57,193,182,176,130,28,55,4,11,68,80,85,34,116,107,101,66,10,13,6,20,113,131,136,54,184,167,156,100,14,19,6,17,109,137,134,51,178,169,160,102,15,20,9,18,88,111,118,46,156,147,141,102,21,35,10.0,21.38,107.38,128.75,135.75,53.25,182.62,169.5,160.0,112.88,22.75,38.75
Asphalt_0cm_S1,2026-04-02T16:32:50.341948,15,27,118,139,152,58,206,187,174,134,33,65,14,29,134,152,165,65,219,199,185,136,31,53,13,25,119,141,154,61,210,198,187,133,29,50,13,24,110,139,142,56,193,182,177,130,28,55,4,12,68,81,85,33,116,107,101,66,10,12,6,20,113,132,136,54,184,167,156,100,14,19,6,17,109,137,134,51,178,169,160,102,15,20,9,18,88,111,118,46,156,147,141,102,21,35,10.0,21.5,107.38,129.0,135.75,53.0,182.75,169.5,160.12,112.88,22.62,38.62
Asphalt_0cm_S1,2026-04-02T16:32:50.436286,15,28,118,140,152,59,206,187,175,134,33,65,14,29,134,152,165,65,219,199,185,136,31,53,13,25,119,141,154,61,210,198,187,133,29,50,13,24,110,139,142,56,193,182,177,130,28,55,4,12,68,81,85,33,116,107,101,66,10,12,6,20,113,132,136,54,184,167,156,100,14,19,6,17,109,137,134,51,178,169,160,102,15,20,9,18,88,111,118,46,156,147,142,103,21,35,10.0,21.62,107.38,129.12,135.75,53.12,182.75,169.5,160.38,113.0,22.62,38.62
Asphalt_0cm_S1,2026-04-02T16:32:50.536092,15,28,118,140,152,59,206,187,175,134,33,65,14,29,134,152,165,65,219,200,185,136,30,53,13,25,119,140,154,60,210,198,187,133,29,50,12,24,110,139,142,56,193,182,176,130,28,55,4,12,68,80,85,34,116,107,100,65,10,13,6,20,113,132,136,54,185,167,157,100,14,19,6,17,108,137,134,51,178,169,160,102,15,20,9,18,88,111,118,46,156,147,141,102,21,35,9.88,21.62,107.25,128.88,135.75,53.12,182.88,169.62,160.12,112.75,22.5,38.75
Asphalt_0cm_S1,2026-04-02T16:32:50.621406,15,28,118,139,152,58,206,187,175,134,33,65,14,29,134,152,165,65,219,200,185,136,30,53,13,25,119,140,154,60,210,198,187,133,29,50,12,24,110,139,142,56,193,182,176,130,28,55,4,12,68,80,85,34,116,107,100,65,10,13,6,20,113,132,136,54,185,167,157,100,14,19,6,17,108,137,134,51,178,169,160,102,15,20,9,18,88,111,118,46,156,147,141,102,21,35,9.88,21.62,107.25,128.75,135.75,53.0,182.88,169.62,160.12,112.75,22.5,38.75
Asphalt_0cm_S1,2026-04-02T16:32:50.747207,15,27,118,139,152,59,206,187,175,134,33,65,14,29,134,152,165,64,219,200,185,136,30,53,13,25,119,140,154,61,210,198,187,133,29,50,12,24,110,138,141,57,193,182,176,130,28,54,4,11,68,80,84,34,116,107,100,65,10,12,6,20,113,131,136,54,185,167,156,100,14,19,6,17,109,138,134,51,178,169,160,102,15,20,9,18,88,111,118,46,156,147,142,102,21,35,9.88,21.38,107.38,128.62,135.5,53.25,182.88,169.62,160.12,112.75,22.5,38.5
Asphalt_0cm_S1,2026-04-02T16:32:50.852985,15,27,118,139,152,59,206,187,175,134,33,65,14,29,134,152,165,64,219,200,185,136,30,53,13,25,119,140,154,61,210,198,187,133,29,50,12,24,109,138,141,56,192,181,176,129,27,54,4,11,68,80,85,34,116,107,100,65,10,12,6,20,113,132,136,54,185,167,156,99,14,19,6,17,109,137,134,51,178,169,160,102,15,20,9,18,88,111,118,46,156,147,141,103,21,35,9.88,21.38,107.25,128.62,135.62,53.12,182.75,169.5,160.0,112.62,22.38,38.5
Asphalt_0cm_S1,2026-04-02T16:32:50.950075,15,27,118,140,152,59,206,187,174,134,33,65,14,29,134,152,165,65,219,200,185,136,30,53,13,25,119,140,154,60,209,198,187,133,29,50,12,24,110,138,141,56,192,181,176,130,28,54,4,12,68,80,84,34,116,107,100,65,10,12,6,20,113,132,136,54,185,167,156,99,14,19,6,17,109,137,134,51,178,169,160,102,15,20,9,18,88,111,118,46,156,147,141,103,21,35,9.88,21.5,107.38,128.75,135.5,53.12,182.62,169.5,159.88,112.75,22.5,38.5
Asphalt_0cm_S1,2026-04-02T16:32:51.051468,15,27,118,140,152,59,206,187,174,134,33,65,14,29,134,152,165,65,219,200,185,136,30,53,13,25,119,140,154,60,209,198,187,133,29,50,12,24,110,138,141,56,192,181,176,130,28,54,4,12,68,80,84,34,116,107,100,65,10,12,6,20,113,132,136,54,185,167,156,100,14,19,6,17,109,137,134,51,178,169,160,102,15,20,9,18,87,111,118,46,156,147,142,102,21,35,9.88,21.5,107.25,128.75,135.5,53.12,182.62,169.5,160.0,112.75,22.5,38.5
Asphalt_0cm_S1,2026-04-02T16:32:51.143742,15,27,118,139,152,59,206,187,174,134,33,66,14,29,134,152,165,64,219,200,185,136,30,53,13,25,119,141,154,61,209,198,187,133,29,50,12,24,110,138,141,56,193,181,176,130,28,54,4,12,68,80,85,33,116,107,100,65,10,12,6,20,113,132,136,54,185,167,156,100,14,19,6,17,109,137,134,51,178,169,160,102,15,20,9,18,87,111,118,46,156,147,142,102,21,35,9.88,21.5,107.25,128.75,135.62,53.0,182.75,169.5,160.0,112.75,22.5,38.62
Asphalt_0cm_S1,2026-04-02T16:32:51.241611,15,28,118,140,152,59,206,187,175,134,33,65,14,28,134,152,165,64,219,199,185,135,30,53,13,25,119,140,155,61,210,198,187,133,29,50,12,24,110,138,141,56,193,181,176,130,28,54,4,12,68,80,85,33,116,107,100,65,10,12,6,20,113,131,136,54,185,167,156,100,14,19,6,17,109,138,134,52,178,169,161,102,15,20,9,18,88,111,118,46,156,147,141,103,21,35,9.88,21.5,107.38,128.75,135.75,53.12,182.88,169.38,160.12,112.75,22.5,38.5
Asphalt_0cm_S1,2026-04-02T16:32:51.344802,15,28,118,140,152,59,206,187,175,134,33,65,14,28,134,152,165,64,219,199,185,135,30,53,13,25,119,140,155,61,210,198,187,133,29,50,12,24,110,138,141,56,193,182,176,130,28,54,4,11,68,80,84,34,116,107,100,65,10,13,6,19,113,132,136,54,185,167,156,100,14,19,6,17,109,138,134,52,178,169,161,102,15,20,9,18,88,111,118,46,156,147,142,103,21,35,9.88,21.25,107.38,128.88,135.62,53.25,182.88,169.5,160.25,112.75,22.5,38.62
Asphalt_0cm_S1,2026-04-02T16:32:51.439919,15,28,118,140,152,59,206,187,175,134,33,65,14,28,134,152,165,64,219,199,185,135,30,53,13,25,119,140,155,61,210,198,187,133,29,50,12,24,110,138,141,56,193,182,176,130,28,54,4,11,68,80,84,34,116,107,100,65,10,13,6,19,113,132,136,54,185,167,156,100,14,19,6,17,109,138,134,52,178,169,161,102,15,20,9,18,88,111,118,46,156,147,142,103,21,35,9.88,21.25,107.38,128.88,135.62,53.25,182.88,169.5,160.25,112.75,22.5,38.62
Asphalt_0cm_S1,2026-04-02T16:32:51.530924,15,28,118,140,152,59,206,187,175,134,33,65,14,28,134,152,165,64,219,199,185,135,30,53,13,25,119,140,155,61,210,198,187,133,29,50,12,24,110,138,141,56,193,182,176,130,28,54,4,11,68,80,84,34,116,107,100,65,10,13,6,19,113,132,136,54,185,167,156,100,14,19,6,17,109,138,134,52,178,169,161,102,15,20,9,18,88,111,118,46,156,147,142,103,21,35,9.88,21.25,107.38,128.88,135.62,53.25,182.88,169.5,160.25,112.75,22.5,38.62
Asphalt_0cm_S1,2026-04-02T16:32:51.619565,15,28,118,139,152,58,206,187,174,134,33,65,14,29,134,152,165,65,219,200,185,136,30,53,13,25,119,140,154,61,209,198,187,133,29,50,12,24,110,138,141,56,193,182,176,130,28,54,4,11,68,80,84,34,116,107,101,66,10,13,5,20,113,132,136,54,185,167,156,100,14,19,7,17,110,137,134,52,178,169,160,102,15,20,9,18,88,111,118,46,156,147,141,103,21,35,9.88,21.5,107.5,128.62,135.5,53.25,182.75,169.62,160.0,113.0,22.5,38.62
Asphalt_0cm_S1,2026-04-02T16:32:51.721149,15,28,118,139,152,58,206,187,174,134,33,65,14,29,134,152,165,65,219,200,185,136,30,53,13,25,119,140,154,61,209,198,187,133,29,50,12,24,110,138,141,56,193,182,176,130,28,54,4,11,68,80,84,34,116,107,101,66,10,13,5,20,113,132,136,54,185,167,156,100,14,19,7,17,110,137,134,52,178,169,160,102,15,20,9,18,88,111,118,46,156,147,141,103,21,35,9.88,21.5,107.5,128.62,135.5,53.25,182.75,169.62,160.0,113.0,22.5,38.62
Asphalt_0cm_S1,2026-04-02T16:32:51.816008,15,27,118,139,152,59,206,187,174,134,33,65,14,29,134,152,165,65,219,200,185,136,31,53,13,25,119,140,154,61,210,198,187,133,29,50,12,24,110,138,141,56,193,182,176,130,28,54,4,12,68,80,85,34,116,107,100,66,10,13,7,20,113,131,136,54,185,167,156,100,14,19,6,17,109,137,135,52,178,169,161,102,15,20,9,18,88,111,118,46,156,147,141,102,21,35,10.0,21.5,107.38,128.5,135.75,53.38,182.88,169.62,160.0,112.88,22.62,38.62
Asphalt_0cm_S1,2026-04-02T16:32:51.921372,15,28,118,140,152,59,206,187,175,134,33,65,14,29,134,152,165,64,219,200,185,136,30,53,13,25,119,140,154,61,210,198,187,133,29,50,12,24,110,138,141,56,193,182,176,130,28,54,4,12,68,80,85,34,116,107,100,66,10,13,7,20,113,131,136,54,185,167,156,100,14,19,7,17,109,138,134,52,178,169,160,102,15,20,9,18,88,111,118,46,156,147,141,103,21,35,10.12,21.62,107.38,128.75,135.62,53.25,182.88,169.62,160.0,113.0,22.5,38.62
Asphalt_0cm_S1,2026-04-02T16:32:52.022715,15,28,118,140,152,59,206,187,175,134,33,65,14,29,134,152,165,64,219,200,185,136,30,53,13,25,119,140,154,61,209,198,187,133,29,50,12,24,110,138,142,56,193,182,176,130,28,54,4,11,68,80,85,34,116,107,100,65,10,12,6,20,113,132,136,54,184,168,156,99,14,19,6,17,109,138,134,51,178,169,161,102,15,20,9,18,88,111,118,46,156,147,142,103,21,35,9.88,21.5,107.38,128.88,135.75,53.12,182.62,169.75,160.25,112.75,22.5,38.5
Asphalt_0cm_S1,2026-04-02T16:32:52.127250,15,28,118,140,152,58,206,187,175,133,33,65,14,29,134,152,165,65,219,200,186,136,30,53,13,25,119,141,154,61,210,198,187,133,29,50,12,24,110,138,141,56,193,182,176,130,28,54,4,11,68,80,85,34,116,107,100,65,10,12,6,20,113,132,136,54,184,168,156,99,14,19,6,17,109,138,134,51,178,169,161,102,15,20,9,18,88,111,118,46,156,147,142,103,21,35,9.88,21.5,107.38,129.0,135.62,53.12,182.75,169.75,160.38,112.62,22.5,38.5
Asphalt_0cm_S1,2026-04-02T16:32:52.246734,15,28,118,140,152,58,206,187,175,133,33,65,14,29,134,152,165,65,219,200,186,136,30,53,13,25,119,141,154,61,210,198,187,133,29,50,12,24,110,138,141,56,193,182,176,130,28,54,4,12,68,80,85,33,116,107,100,65,10,12,6,20,113,132,136,54,185,167,156,100,14,19,6,17,109,137,134,52,178,169,160,102,15,20,9,18,88,111,118,46,156,147,142,103,21,35,9.88,21.62,107.38,128.88,135.62,53.12,182.88,169.62,160.25,112.75,22.5,38.5
Asphalt_0cm_S1,2026-04-02T16:32:52.345818,15,28,118,140,152,58,206,187,175,134,33,65,14,29,134,152,165,65,219,200,185,136,30,53,13,25,119,141,154,61,210,198,187,133,29,50,12,24,110,138,141,56,193,182,176,130,28,55,4,12,68,81,85,33,116,107,100,65,10,13,6,20,113,132,136,54,185,167,156,100,14,19,7,17,109,138,135,52,178,169,160,102,15,20,9,18,88,111,118,46,156,147,141,103,21,35,10.0,21.62,107.38,129.12,135.75,53.12,182.88,169.62,160.0,112.88,22.5,38.75
Asphalt_0cm_S1,2026-04-02T16:32:52.456743,15,28,118,140,152,58,206,187,175,134,33,65,14,29,134,152,165,65,219,200,185,136,30,53,13,25,119,141,154,61,210,198,187,133,29,50,12,24,110,138,141,56,193,182,176,130,28,55,4,12,68,81,85,33,116,107,100,65,10,13,6,20,113,132,136,54,185,167,156,100,14,19,7,17,109,138,135,52,178,169,160,102,15,20,9,18,88,111,118,46,156,147,141,103,21,35,10.0,21.62,107.38,129.12,135.75,53.12,182.88,169.62,160.0,112.88,22.5,38.75
Asphalt_0cm_S1,2026-04-02T16:32:52.550239,15,28,118,140,152,58,206,187,175,134,33,65,14,29,134,152,165,65,219,200,185,136,30,53,13,25,119,141,154,61,210,198,187,133,29,50,12,24,110,138,141,56,193,182,176,130,28,55,4,12,68,81,85,33,116,107,100,65,10,13,6,20,113,132,136,54,185,167,156,100,14,19,7,17,109,138,135,52,178,169,160,102,15,20,9,18,88,111,118,46,156,147,141,103,21,35,10.0,21.62,107.38,129.12,135.75,53.12,182.88,169.62,160.0,112.88,22.5,38.75
Asphalt_0cm_S1,2026-04-02T16:32:52.642397,15,27,118,140,152,59,206,187,174,134,33,65,14,29,134,152,165,65,220,200,186,136,31,53,13,25,119,140,154,61,210,198,187,133,29,50,13,24,110,138,141,56,193,182,176,130,28,55,4,12,68,81,85,34,116,107,101,65,10,13,6,20,113,132,136,54,185,167,156,100,14,19,6,17,110,138,134,52,178,169,160,102,15,20,9,18,88,111,118,46,156,147,141,103,21,35,10.0,21.5,107.5,129.0,135.62,53.38,183.0,169.62,160.12,112.88,22.62,38.75
Asphalt_0cm_S1,2026-04-02T16:32:52.744765,15,27,118,140,152,59,206,187,174,134,33,65,14,29,134,152,165,65,220,200,186,136,31,53,13,25,119,140,154,61,210,198,187,133,29,50,13,24,110,138,141,56,193,182,176,130,28,55,4,12,68,81,85,34,116,107,101,65,10,13,6,20,113,132,136,54,185,167,156,100,14,19,6,17,110,138,134,52,178,169,160,102,15,20,9,18,88,111,118,46,156,147,141,103,21,35,10.0,21.5,107.5,129.0,135.62,53.38,183.0,169.62,160.12,112.88,22.62,38.75
Asphalt_0cm_S1,2026-04-02T16:32:52.835982,15,27,118,140,152,59,207,187,175,134,33,65,14,28,134,152,165,64,219,200,185,136,30,53,13,25,119,140,155,60,210,198,187,133,29,50,12,24,110,138,142,56,193,182,176,130,28,54,4,11,68,80,85,34,116,107,100,66,10,13,6,20,113,132,136,54,185,168,156,100,14,20,6,17,110,138,134,52,178,169,160,102,15,20,9,18,88,111,118,46,156,147,142,103,21,35,9.88,21.25,107.5,128.88,135.88,53.12,183.0,169.75,160.12,113.0,22.5,38.75
Asphalt_0cm_S1,2026-04-02T16:32:52.942673,15,27,118,140,152,59,207,187,175,134,33,65,14,28,134,152,165,64,219,200,185,136,30,53,13,25,119,140,155,60,210,198,187,133,29,50,12,24,110,138,142,56,193,182,176,130,28,54,4,11,68,80,85,34,116,107,100,66,10,13,6,20,113,132,136,54,185,168,156,100,14,20,6,17,110,138,134,52,178,169,160,102,15,20,9,18,88,111,118,46,156,147,142,103,21,35,9.88,21.25,107.5,128.88,135.88,53.12,183.0,169.75,160.12,113.0,22.5,38.75
Asphalt_0cm_S1,2026-04-02T16:32:53.032922,15,27,118,140,152,59,206,187,175,134,33,65,14,29,134,152,165,65,219,200,186,136,30,53,13,25,119,140,154,61,210,197,187,133,29,50,12,24,110,138,141,56,193,182,176,130,28,54,4,12,68,80,85,34,116,107,100,65,10,13,6,20,113,131,136,54,185,167,156,100,14,19,6,17,110,137,134,51,178,169,160,102,15,20,9,18,88,111,118,46,156,147,141,103,21,35,9.88,21.5,107.5,128.62,135.62,53.25,182.88,169.5,160.12,112.88,22.5,38.62
Asphalt_0cm_S1,2026-04-02T16:32:53.132542,15,27,118,139,152,59,207,187,175,134,33,65,14,29,134,152,165,65,219,200,186,136,30,53,13,25,119,140,154,61,210,197,187,133,29,50,12,24,110,138,141,56,193,182,176,130,28,54,4,12,68,80,85,34,116,107,100,65,10,13,6,20,113,131,136,54,185,167,156,100,14,19,6,17,110,137,134,51,178,169,160,102,15,20,9,18,88,111,118,46,156,147,141,103,21,35,9.88,21.5,107.5,128.5,135.62,53.25,183.0,169.5,160.12,112.88,22.5,38.62
Asphalt_0cm_S1,2026-04-02T16:32:53.225975,15,27,118,139,152,59,207,187,175,134,33,65,14,29,134,152,165,65,220,200,185,136,30,53,13,25,119,140,155,61,209,198,187,133,29,50,12,24,110,138,141,56,193,182,176,129,28,54,4,12,67,80,84,34,116,107,101,66,10,13,6,20,113,132,136,54,185,167,156,100,14,19,6,17,109,138,135,51,178,169,161,102,15,20,9,18,88,111,118,46,156,147,142,102,21,35,9.88,21.5,107.25,128.75,135.75,53.25,183.0,169.62,160.38,112.75,22.5,38.62
Asphalt_0cm_S1,2026-04-02T16:32:53.333676,15,27,118,140,152,59,206,187,175,134,33,65,14,29,134,152,165,64,219,200,185,136,30,53,13,25,119,140,154,61,210,198,187,133,29,50,12,24,110,139,141,56,193,182,176,130,28,54,4,11,67,80,85,33,116,107,100,65,10,12,7,20,113,131,136,54,185,167,156,100,14,19,7,17,110,138,135,52,178,169,161,102,15,20,9,18,88,111,118,46,156,147,142,102,21,35,10.12,21.38,107.38,128.88,135.75,53.12,182.88,169.62,160.25,112.75,22.5,38.5
Asphalt_0cm_S1,2026-04-02T16:32:53.435888,15,27,118,140,152,59,206,187,175,134,33,65,14,29,134,152,165,64,219,200,185,136,30,53,13,25,119,140,154,61,210,198,187,133,29,50,12,24,110,139,141,56,193,182,176,130,28,54,4,11,67,80,85,33,116,107,100,65,10,12,7,20,113,131,136,54,185,167,156,100,14,19,7,17,110,138,135,52,178,169,161,102,15,20,9,18,88,111,118,46,156,147,141,103,21,35,10.12,21.38,107.38,128.88,135.75,53.12,182.88,169.62,160.12,112.88,22.5,38.5
Asphalt_0cm_S1,2026-04-02T16:32:53.553417,15,27,118,140,152,59,206,187,175,134,33,65,14,29,134,152,165,64,219,200,185,136,30,53,13,25,119,140,154,61,210,198,187,133,29,50,12,24,110,139,141,56,193,182,176,130,28,54,4,11,67,80,85,33,116,107,100,65,10,12,7,20,113,131,136,54,185,167,156,100,14,19,7,17,110,138,135,52,178,169,161,102,15,20,9,18,88,111,118,46,156,147,141,103,21,35,10.12,21.38,107.38,128.88,135.75,53.12,182.88,169.62,160.12,112.88,22.5,38.5
Asphalt_0cm_S1,2026-04-02T16:32:53.653555,15,27,118,140,152,59,206,187,175,134,33,65,14,28,134,152,165,65,219,200,185,136,30,53,13,25,119,140,154,60,210,198,187,133,29,50,13,24,110,138,141,56,192,182,176,130,28,54,4,12,68,81,85,34,116,107,100,65,10,13,6,20,113,132,136,54,185,167,156,100,14,19,7,17,109,138,134,51,178,169,161,102,15,20,9,18,88,111,118,46,156,147,142,103,21,35,10.12,21.38,107.38,129.0,135.62,53.12,182.75,169.62,160.25,112.88,22.5,38.62
Asphalt_0cm_S1,2026-04-02T16:32:53.763141,15,27,118,140,152,59,206,187,175,134,33,65,14,28,134,152,165,65,219,200,185,136,30,53,13,25,119,140,154,60,210,198,187,133,29,50,13,24,110,138,141,56,192,182,176,130,28,54,4,12,68,81,85,34,116,107,100,65,10,13,6,20,113,132,136,54,185,167,156,100,14,19,7,17,109,138,134,51,178,169,161,102,15,20,9,18,88,111,118,46,156,147,142,103,21,35,10.12,21.38,107.38,129.0,135.62,53.12,182.75,169.62,160.25,112.88,22.5,38.62
Asphalt_0cm_S1,2026-04-02T16:32:53.862207,15,28,118,140,152,59,206,187,175,134,33,65,14,29,134,152,165,65,219,200,185,135,30,53,13,25,119,140,154,60,209,198,187,133,29,50,12,24,110,138,141,56,193,182,176,130,27,54,4,12,68,81,85,34,116,107,100,65,10,12,6,20,113,132,136,54,185,167,156,100,14,19,7,17,110,138,134,52,179,169,161,102,15,20,9,18,88,111,118,46,156,147,142,103,21,35,10.0,21.62,107.5,129.0,135.62,53.25,182.88,169.62,160.25,112.75,22.38,38.5
Asphalt_0cm_S1,2026-04-02T16:32:53.969195,15,27,118,140,153,59,207,187,175,134,33,65,14,29,134,152,165,64,219,200,185,136,30,53,13,25,119,140,154,60,209,198,187,133,29,50,12,24,110,138,141,56,193,182,176,130,27,54,4,12,68,81,85,34,116,107,100,65,10,12,6,20,113,132,136,54,185,167,156,100,14,19,7,17,110,138,134,52,179,169,161,102,15,20,9,18,88,111,118,46,156,147,142,103,21,35,10.0,21.5,107.5,129.0,135.75,53.12,183.0,169.62,160.25,112.88,22.38,38.5
Asphalt_0cm_S1,2026-04-02T16:32:54.064209,15,27,118,140,153,59,207,187,175,134,33,65,14,29,134,152,165,64,219,200,185,136,30,53,13,25,119,140,154,60,210,198,186,133,29,50,12,24,110,138,141,56,192,181,176,130,28,54,4,12,68,80,85,34,116,107,100,65,10,13,6,19,113,132,136,54,185,167,157,100,14,19,6,17,109,138,134,51,178,169,161,102,15,20,9,18,88,111,118,46,156,147,142,103,21,35,9.88,21.38,107.38,128.88,135.75,53.0,182.88,169.5,160.25,112.88,22.5,38.62
Asphalt_0cm_S1,2026-04-02T16:32:54.161852,15,27,118,140,153,59,207,187,175,134,33,65,14,29,134,152,165,64,219,200,185,136,30,53,13,25,119,140,154,60,210,198,186,133,29,50,12,24,110,138,141,56,192,181,176,130,28,54,4,12,68,80,85,34,116,107,100,65,10,13,6,19,113,132,136,54,185,167,157,100,14,19,6,17,109,138,134,51,178,169,161,102,15,20,9,18,88,111,118,46,156,147,142,103,21,35,9.88,21.38,107.38,128.88,135.75,53.0,182.88,169.5,160.25,112.88,22.5,38.62
Asphalt_0cm_S1,2026-04-02T16:32:54.254235,15,27,118,140,152,58,206,187,175,134,33,65,14,28,134,152,165,65,219,200,185,136,30,53,13,25,119,140,154,61,209,198,186,133,29,50,12,24,110,138,141,56,192,181,176,130,28,54,4,12,68,80,84,34,116,107,100,66,10,13,6,20,113,132,136,54,185,167,157,100,14,19,6,17,110,138,135,52,178,169,161,102,15,20,9,18,88,111,118,46,156,147,141,103,21,35,9.88,21.38,107.5,128.88,135.62,53.25,182.62,169.5,160.12,113.0,22.5,38.62
Asphalt_0cm_S1,2026-04-02T16:32:54.354364,15,27,118,140,152,58,206,187,175,134,33,65,14,28,134,152,165,65,219,200,185,136,30,53,13,25,119,140,155,60,209,198,187,133,29,50,12,24,110,138,141,56,192,182,176,130,28,54,4,12,68,80,85,34,116,107,101,65,10,12,6,20,113,132,136,54,184,168,156,100,14,19,7,17,109,138,134,51,179,169,161,102,15,20,9,18,88,111,118,46,156,147,141,103,21,35,10.0,21.38,107.38,128.88,135.75,53.0,182.62,169.75,160.25,112.88,22.5,38.5
Asphalt_0cm_S1,2026-04-02T16:32:54.448078,15,28,118,140,152,59,206,187,175,134,33,65,14,28,134,152,165,65,219,200,185,136,30,53,13,25,119,140,155,60,209,198,187,133,29,50,12,24,110,138,141,56,192,182,176,130,28,54,4,12,68,80,85,34,116,107,101,65,10,12,6,20,113,132,136,54,184,168,156,100,14,19,7,17,109,138,134,51,179,169,161,102,15,20,9,18,88,111,118,46,156,147,141,103,21,35,10.0,21.5,107.38,128.88,135.75,53.12,182.62,169.75,160.25,112.88,22.5,38.5
Asphalt_0cm_S1,2026-04-02T16:32:54.544843,15,28,118,140,152,59,206,187,175,134,33,65,14,28,134,152,165,65,219,200,185,136,30,53,13,25,119,140,155,60,209,198,187,133,29,50,12,24,110,138,141,56,192,182,176,130,28,54,4,12,68,80,85,34,116,107,101,65,10,12,6,20,113,132,136,54,184,168,156,100,14,19,7,17,109,138,134,51,179,169,161,102,15,20,9,18,88,111,118,46,156,147,141,103,21,35,10.0,21.5,107.38,128.88,135.75,53.12,182.62,169.75,160.25,112.88,22.5,38.5
Asphalt_0cm_S1,2026-04-02T16:32:54.636216,15,27,118,140,152,59,206,187,175,134,32,65,14,28,134,152,164,64,219,199,185,135,30,52,13,25,119,140,154,60,209,197,186,132,29,49,12,24,109,138,141,56,192,181,175,129,27,53,4,11,68,81,85,34,116,107,100,65,10,13,7,20,113,132,136,54,185,167,156,100,14,19,7,17,109,138,134,52,178,169,161,102,15,20,9,18,88,111,118,46,156,147,142,103,21,35,10.12,21.25,107.25,129.0,135.5,53.12,182.62,169.25,160.0,112.5,22.25,38.25
Asphalt_0cm_S1,2026-04-02T16:32:54.747156,15,27,118,140,152,59,206,187,175,134,32,65,14,28,134,152,164,64,219,199,185,135,30,52,13,25,119,140,154,60,209,197,186,132,29,49,12,24,109,138,141,56,192,181,175,129,27,53,4,11,68,81,85,34,116,107,100,65,10,13,7,20,113,132,136,54,185,167,156,100,14,19,7,17,109,138,134,52,178,169,161,102,15,20,9,18,88,111,118,46,156,147,142,103,21,35,10.12,21.25,107.25,129.0,135.5,53.12,182.62,169.25,160.0,112.5,22.25,38.25
Asphalt_0cm_S1,2026-04-02T16:32:54.845882,15,28,118,140,152,58,206,187,175,134,33,65,14,28,134,151,164,64,219,199,185,135,30,52,13,25,119,140,154,60,209,197,186,132,29,49,12,24,110,138,141,56,192,181,175,129,27,54,4,12,68,80,85,33,116,107,100,65,10,13,6,20,113,132,136,54,185,167,156,100,14,19,6,17,109,138,135,52,178,169,161,102,15,20,9,18,88,111,118,46,156,147,142,103,21,35,9.88,21.5,107.38,128.75,135.62,52.88,182.62,169.25,160.0,112.5,22.38,38.38
Asphalt_0cm_S1,2026-04-02T16:32:54.940135,15,28,118,140,152,58,207,187,175,134,33,65,14,28,134,151,164,64,219,199,185,135,30,52,13,25,119,140,154,60,209,197,186,132,29,49,12,24,110,138,141,56,192,181,175,129,27,54,4,12,68,80,85,33,116,107,100,65,10,13,6,20,113,132,136,54,185,167,156,100,14,19,6,17,109,138,135,52,178,169,161,102,15,20,9,18,88,111,118,46,156,147,142,103,21,35,9.88,21.5,107.38,128.75,135.62,52.88,182.75,169.25,160.0,112.5,22.38,38.38
Asphalt_0cm_S1,2026-04-02T16:32:55.040106,15,28,118,140,152,58,207,187,175,134,33,65,14,28,134,152,164,64,219,199,185,135,30,52,13,25,119,140,154,60,209,197,186,132,29,49,12,24,109,138,141,56,192,181,175,129,27,53,4,12,68,80,85,34,116,107,100,65,10,13,6,20,113,131,136,54,184,168,156,100,14,19,6,17,109,138,135,52,178,169,161,102,15,20,9,18,88,111,118,46,156,147,142,103,21,35,9.88,21.5,107.25,128.75,135.62,53.0,182.62,169.38,160.0,112.5,22.38,38.25
Asphalt_0cm_S1,2026-04-02T16:32:55.137920,15,28,118,140,153,59,206,187,175,134,33,66,14,28,134,152,164,64,219,199,185,135,30,52,13,25,119,140,154,60,209,197,186,132,29,49,12,24,109,138,141,56,192,181,175,129,27,53,4,12,68,80,85,34,116,107,100,65,10,13,6,20,113,131,136,54,184,168,156,100,14,19,6,17,109,138,135,52,178,169,161,102,15,20,9,18,88,111,118,46,156,147,142,103,21,35,9.88,21.5,107.25,128.75,135.75,53.12,182.5,169.38,160.0,112.5,22.38,38.38
Asphalt_0cm_S1,2026-04-02T16:32:55.224955,15,28,118,140,153,59,206,187,175,134,33,65,14,29,134,152,165,64,219,200,185,136,30,52,13,25,119,140,154,60,209,198,186,133,29,50,12,24,110,139,142,56,192,182,176,130,28,54,4,12,68,80,85,33,116,107,100,65,10,13,6,20,113,132,136,54,185,167,156,100,14,19,6,17,110,138,135,52,179,169,161,102,15,20,9,18,88,111,118,46,156,147,142,103,21,35,9.88,21.62,107.5,129.0,136.0,53.0,182.75,169.62,160.12,112.88,22.5,38.5
Asphalt_0cm_S1,2026-04-02T16:32:55.348022,15,28,118,140,153,59,206,187,175,134,33,65,14,28,134,152,165,65,219,200,185,136,30,53,13,25,119,140,154,61,209,198,187,133,29,50,12,24,110,138,142,56,193,182,176,130,28,54,4,11,68,80,85,34,116,107,100,65,10,13,6,20,113,132,136,54,185,167,156,100,14,20,6,17,110,138,135,51,178,169,161,102,15,20,9,18,88,111,118,46,156,147,142,103,21,35,9.88,21.38,107.5,128.88,136.0,53.25,182.75,169.62,160.25,112.88,22.5,38.75
Asphalt_0cm_S1,2026-04-02T16:32:55.442260,15,28,118,140,152,58,207,187,175,134,33,66,14,29,134,152,165,65,219,200,186,136,30,53,13,25,119,140,154,61,209,198,187,133,29,50,12,24,110,138,142,56,193,182,176,130,28,54,4,11,68,80,85,34,116,107,100,65,10,13,6,20,113,132,136,54,185,167,156,100,14,20,6,17,110,138,135,51,178,169,161,102,15,20,9,18,88,111,118,46,156,147,142,103,21,35,9.88,21.5,107.5,128.88,135.88,53.12,182.88,169.62,160.38,112.88,22.5,38.88
Asphalt_0cm_S1,2026-04-02T16:32:55.544644,15,28,118,140,152,58,207,187,175,134,33,66,14,29,134,152,165,65,219,200,186,136,30,53,13,25,119,140,154,61,209,198,187,133,29,50,12,24,110,138,142,56,193,182,176,130,28,54,4,11,68,80,85,34,116,107,100,65,10,13,6,20,113,132,136,54,185,167,156,100,14,20,6,17,110,138,135,51,178,169,161,102,15,20,9,18,88,111,118,46,156,147,142,103,21,35,9.88,21.5,107.5,128.88,135.88,53.12,182.88,169.62,160.38,112.88,22.5,38.88
Asphalt_0cm_S1,2026-04-02T16:32:55.634667,15,28,118,140,152,58,207,187,175,134,33,66,14,29,134,152,165,65,219,200,186,136,30,53,13,25,119,140,154,61,209,198,187,133,29,50,12,24,110,138,142,56,193,182,176,130,28,54,4,11,68,80,85,34,116,107,100,65,10,13,6,20,113,132,136,54,185,167,156,100,14,20,6,17,110,138,135,51,178,169,161,102,15,20,9,18,88,111,118,46,156,147,142,103,21,35,9.88,21.5,107.5,128.88,135.88,53.12,182.88,169.62,160.38,112.88,22.5,38.88
Asphalt_0cm_S1,2026-04-02T16:32:55.732040,15,28,118,140,153,58,207,187,175,134,33,66,14,29,135,152,165,64,219,200,186,136,30,53,13,25,119,140,154,61,209,198,187,133,29,50,12,24,110,138,141,56,192,182,176,130,28,54,4,12,68,80,84,34,116,107,100,65,10,13,6,20,113,132,136,54,185,167,156,100,14,20,6,17,110,138,134,52,178,170,160,102,15,20,9,18,88,111,118,46,156,147,142,103,21,35,9.88,21.62,107.62,128.88,135.62,53.12,182.75,169.75,160.25,112.88,22.5,38.88
Asphalt_0cm_S1,2026-04-02T16:32:55.836893,15,28,118,140,152,59,207,187,175,134,33,65,14,29,135,151,165,64,219,200,185,136,30,53,13,25,119,140,154,60,209,198,186,133,29,50,12,24,110,139,141,56,193,182,176,129,28,54,4,11,68,80,84,33,116,107,100,65,10,12,6,20,113,131,136,54,185,167,156,99,14,19,7,17,110,138,135,52,178,169,161,102,15,20,9,18,88,111,118,46,156,147,141,103,21,35,10.0,21.5,107.62,128.75,135.62,53.0,182.88,169.62,160.0,112.62,22.5,38.5
Asphalt_0cm_S1,2026-04-02T16:32:55.933297,15,28,118,140,152,59,207,187,175,134,33,65,14,29,135,151,165,64,219,200,185,136,30,53,13,25,119,140,154,60,209,198,186,133,29,50,12,24,110,139,141,56,193,182,176,129,28,54,4,11,68,80,84,33,116,107,100,65,10,12,6,20,113,131,136,54,185,167,156,99,14,19,6,17,110,138,135,52,178,169,161,102,15,20,9,18,88,111,118,46,156,147,142,103,21,35,9.88,21.5,107.62,128.75,135.62,53.0,182.88,169.62,160.12,112.62,22.5,38.5
Asphalt_0cm_S1,2026-04-02T16:32:56.031447,15,28,118,140,152,59,207,187,175,134,33,65,14,29,135,151,165,64,219,200,185,136,30,53,13,25,119,140,154,60,209,198,186,133,29,50,12,24,110,139,141,56,193,182,176,129,28,54,4,11,68,80,84,33,116,107,100,65,10,12,6,20,113,131,136,54,185,167,156,99,14,19,6,17,110,138,135,52,178,169,161,102,15,20,9,18,88,111,118,46,156,147,142,103,21,35,9.88,21.5,107.62,128.75,135.62,53.0,182.88,169.62,160.12,112.62,22.5,38.5
Asphalt_0cm_S1,2026-04-02T16:32:56.115583,15,27,118,140,152,59,206,187,175,134,33,65,14,28,134,152,165,65,219,200,185,135,30,53,13,25,119,140,154,60,209,198,187,132,29,50,12,24,110,138,141,56,192,181,176,130,28,54,4,12,68,80,84,34,116,107,100,65,10,13,6,20,113,132,136,54,185,167,156,100,14,19,7,17,109,138,135,52,178,169,161,102,15,20,9,18,88,111,118,46,156,147,142,103,21,35,10.0,21.38,107.38,128.88,135.62,53.25,182.62,169.5,160.25,112.62,22.5,38.62
Asphalt_0cm_S1,2026-04-02T16:32:56.225898,15,27,118,140,152,59,206,187,175,134,33,65,14,28,134,152,165,65,219,200,185,135,30,53,13,25,119,140,154,60,209,198,187,132,29,50,12,24,110,138,141,56,192,182,176,129,27,54,4,11,68,80,85,34,116,107,100,65,10,12,6,20,113,132,136,54,185,167,157,100,14,19,6,17,110,138,135,51,178,169,161,102,15,20,9,18,88,111,118,46,156,147,142,103,21,35,9.88,21.25,107.5,128.88,135.75,53.12,182.62,169.62,160.38,112.5,22.38,38.5
Asphalt_0cm_S1,2026-04-02T16:32:56.317435,15,28,118,140,152,58,207,187,175,134,33,65,14,29,134,152,165,65,219,200,185,136,30,53,13,25,119,140,154,60,209,198,186,132,29,50,12,24,110,138,141,56,193,182,176,130,27,54,4,12,67,80,85,34,116,107,100,65,10,12,6,20,113,132,136,54,185,167,156,100,14,19,6,17,110,138,135,51,178,169,161,102,15,20,9,18,88,111,118,46,156,147,142,103,21,35,9.88,21.62,107.38,128.88,135.75,53.0,182.88,169.62,160.12,112.75,22.38,38.5
Asphalt_0cm_S1,2026-04-02T16:32:56.413789,15,28,118,140,152,58,207,187,175,134,33,65,14,29,134,152,165,65,219,200,185,136,30,53,13,25,119,140,154,60,209,198,186,132,29,50,12,24,110,138,141,56,193,182,176,130,27,54,4,12,67,80,85,34,116,107,100,65,10,12,6,20,113,132,136,54,185,167,156,100,14,19,6,17,110,138,134,51,179,169,160,102,15,20,9,18,88,111,118,46,156,147,141,103,21,35,9.88,21.62,107.38,128.88,135.62,53.0,183.0,169.62,159.88,112.75,22.38,38.5
Asphalt_0cm_S1,2026-04-02T16:32:56.507664,15,28,118,140,152,58,207,187,175,134,33,65,14,28,134,152,165,65,219,200,185,136,30,53,13,25,119,140,154,60,209,198,186,133,29,50,12,24,110,138,141,56,193,182,176,130,27,54,4,12,67,80,85,34,116,107,100,65,10,12,6,20,113,132,136,54,185,167,156,100,14,19,6,17,110,138,134,51,179,169,160,102,15,20,9,18,88,111,118,46,156,147,141,103,21,35,9.88,21.5,107.38,128.88,135.62,53.0,183.0,169.62,159.88,112.88,22.38,38.5
Asphalt_0cm_S1,2026-04-02T16:32:56.593894,15,28,118,140,152,58,207,187,175,134,33,65,14,28,134,152,165,65,219,200,185,136,30,53,13,25,119,140,154,60,209,198,186,133,29,50,12,24,110,138,141,56,193,182,176,130,27,54,4,12,67,80,85,34,116,107,100,65,10,12,6,20,113,132,136,54,185,167,156,100,14,19,6,17,110,138,134,51,179,169,160,102,15,20,9,18,88,111,118,46,156,147,141,103,21,35,9.88,21.5,107.38,128.88,135.62,53.0,183.0,169.62,159.88,112.88,22.38,38.5
Asphalt_0cm_S1,2026-04-02T16:32:56.676605,15,27,118,140,152,58,206,187,175,134,33,65,14,28,134,152,165,65,220,200,185,136,30,53,13,25,119,140,154,60,209,198,186,133,29,50,12,24,110,138,141,56,192,182,176,129,27,54,4,12,68,80,84,33,116,107,100,65,10,13,6,19,113,132,136,54,185,168,156,100,14,19,6,17,110,138,135,52,178,169,161,102,15,20,9,18,88,111,118,46,156,147,142,103,21,35,9.88,21.25,107.5,128.88,135.62,53.0,182.75,169.75,160.12,112.75,22.38,38.62
Asphalt_0cm_S1,2026-04-02T16:32:56.761703,15,27,118,140,152,59,206,187,175,134,33,65,14,29,134,152,165,65,219,200,185,136,30,53,13,25,119,140,154,60,209,198,186,133,29,50,12,24,110,138,141,56,192,182,176,129,27,54,4,12,68,80,84,33,116,107,100,65,10,13,6,20,113,132,136,54,185,167,156,100,14,19,6,17,109,138,135,51,178,169,161,102,15,20,9,18,89,111,118,46,156,147,142,103,21,35,9.88,21.5,107.5,128.88,135.62,53.0,182.62,169.62,160.12,112.75,22.38,38.62
Asphalt_0cm_S1,2026-04-02T16:32:56.863777,15,27,118,140,152,59,206,187,175,134,33,65,14,29,134,152,165,65,219,200,185,136,30,53,13,25,119,140,154,60,209,197,186,132,29,50,12,24,110,138,141,56,193,181,176,129,27,54,4,12,68,80,85,34,116,107,101,66,10,13,6,20,113,131,136,54,185,167,156,99,14,19,6,17,109,138,135,51,178,170,161,102,15,20,9,18,88,111,118,46,156,147,142,103,21,35,9.88,21.5,107.38,128.75,135.75,53.12,182.75,169.5,160.25,112.62,22.38,38.62
Asphalt_0cm_S1,2026-04-02T16:32:56.955905,15,28,118,140,152,58,206,187,175,134,33,65,14,28,134,152,165,65,219,200,185,136,30,53,13,25,119,140,154,60,209,198,186,133,29,50,12,24,110,138,141,56,192,182,176,130,27,54,4,12,68,80,85,34,116,107,101,66,10,13,6,20,113,131,136,54,185,167,156,99,14,19,6,17,109,138,135,51,178,170,161,102,15,20,9,18,88,111,118,46,156,147,142,103,21,35,9.88,21.5,107.38,128.75,135.75,53.0,182.62,169.75,160.25,112.88,22.38,38.62
Asphalt_0cm_S1,2026-04-02T16:32:57.046752,15,28,118,140,152,58,206,187,175,134,33,65,14,28,134,152,165,65,219,200,185,136,30,53,13,25,119,140,154,60,209,198,186,133,29,50,12,24,110,138,141,56,192,182,176,130,27,54,4,12,68,80,85,34,116,107,100,65,10,13,6,20,113,132,136,54,185,168,156,100,14,19,6,17,110,138,134,52,178,169,161,102,15,20,9,18,88,111,118,46,156,147,142,103,21,35,9.88,21.5,107.5,128.88,135.62,53.12,182.62,169.75,160.12,112.88,22.38,38.62
Asphalt_0cm_S1,2026-04-02T16:32:57.131638,15,28,118,140,152,58,206,187,175,134,33,65,14,28,134,152,165,65,219,200,185,136,30,53,13,25,119,140,154,60,209,198,186,133,29,50,12,24,110,138,141,56,192,182,176,130,27,54,4,12,68,80,85,34,116,107,100,65,10,13,6,20,113,132,136,54,185,168,156,100,14,19,6,17,110,138,134,52,178,169,161,102,15,20,9,18,88,111,118,46,156,147,142,103,21,35,9.88,21.5,107.5,128.88,135.62,53.12,182.62,169.75,160.12,112.88,22.38,38.62
Asphalt_0cm_S1,2026-04-02T16:32:57.213675,15,28,118,140,152,58,206,187,175,134,33,65,14,28,134,152,165,65,219,200,185,136,30,53,13,25,119,140,154,60,209,198,186,133,29,50,12,24,110,138,141,56,192,182,176,130,27,54,4,12,68,80,85,34,116,107,100,65,10,13,6,20,113,132,136,54,185,168,156,100,14,19,6,17,110,138,134,52,178,169,161,102,15,20,9,18,88,111,118,46,156,147,142,103,21,35,9.88,21.5,107.5,128.88,135.62,53.12,182.62,169.75,160.12,112.88,22.38,38.62
Asphalt_0cm_S1,2026-04-02T16:32:57.298877,15,28,118,140,152,58,206,187,175,134,32,65,14,28,134,152,165,65,219,200,185,136,30,53,13,25,119,140,154,60,209,198,186,133,29,50,12,24,110,138,141,56,192,181,176,129,27,54,4,12,68,81,85,34,116,107,100,65,10,13,6,20,113,132,136,54,185,167,157,100,14,19,6,17,110,138,134,51,179,170,160,102,15,20,9,18,88,111,118,46,156,147,142,103,21,35,9.88,21.5,107.5,129.0,135.62,53.0,182.75,169.62,160.12,112.75,22.25,38.62
Asphalt_0cm_S1,2026-04-02T16:32:57.392589,15,28,118,140,152,58,206,187,175,134,32,65,14,28,134,152,165,65,219,200,185,136,30,53,13,25,119,140,154,60,209,198,186,133,29,50,12,24,110,138,141,56,192,181,176,129,27,54,4,11,68,81,85,34,116,107,101,65,10,13,6,20,113,132,136,54,185,168,156,100,14,19,6,17,110,138,135,52,179,169,161,102,15,20,9,18,88,111,118,46,156,147,141,103,21,35,9.88,21.38,107.5,129.0,135.75,53.12,182.75,169.62,160.12,112.75,22.25,38.62
Asphalt_0cm_S1,2026-04-02T16:32:57.474024,15,28,118,140,152,59,207,187,175,134,33,65,14,28,134,152,165,65,219,200,184,136,30,53,13,25,119,140,154,60,209,198,186,132,29,50,12,24,110,138,141,56,192,181,176,129,28,54,4,11,67,80,85,34,116,107,100,65,10,13,6,20,113,132,136,54,185,168,156,100,14,19,6,17,110,138,135,52,179,169,161,102,15,20,9,18,88,111,118,46,156,147,141,103,21,35,9.88,21.38,107.38,128.88,135.75,53.25,182.88,169.62,159.88,112.62,22.5,38.62
Asphalt_0cm_S1,2026-04-02T16:32:57.580680,15,28,118,140,152,59,207,187,175,134,33,65,14,28,134,152,165,65,219,200,184,136,30,53,13,25,119,140,154,60,209,198,186,132,29,50,12,24,110,138,141,56,192,181,176,129,28,54,4,11,67,80,85,34,116,107,100,65,10,13,6,20,113,132,136,54,185,168,156,100,14,19,6,17,110,138,135,52,179,169,161,102,15,20,9,18,88,111,118,46,156,147,141,103,21,35,9.88,21.38,107.38,128.88,135.75,53.25,182.88,169.62,159.88,112.62,22.5,38.62
Asphalt_0cm_S1,2026-04-02T16:32:57.665224,15,28,118,140,152,59,207,187,175,134,33,65,14,28,134,152,165,65,219,200,184,136,30,53,13,25,119,140,154,60,209,198,186,132,29,50,12,24,110,138,141,56,192,181,176,129,28,54,4,11,67,80,85,34,116,107,100,65,10,13,6,20,113,132,136,54,185,168,156,100,14,19,6,17,110,138,135,52,179,169,161,102,15,20,9,18,88,111,118,46,156,147,141,103,21,35,9.88,21.38,107.38,128.88,135.75,53.25,182.88,169.62,159.88,112.62,22.5,38.62
Asphalt_0cm_S1,2026-04-02T16:32:57.747721,15,27,118,140,152,58,207,187,175,134,33,65,14,28,134,152,165,63,219,200,185,135,30,52,13,25,119,140,154,60,209,198,186,132,29,50,12,24,110,138,141,56,192,181,176,129,27,54,4,12,67,80,85,34,116,107,100,65,10,12,6,20,113,132,136,54,185,167,156,100,14,19,6,17,110,138,135,52,178,170,161,102,15,20,9,18,88,111,118,46,156,147,142,102,21,35,9.88,21.38,107.38,128.88,135.75,52.88,182.75,169.62,160.12,112.38,22.38,38.38
Asphalt_0cm_S1,2026-04-02T16:32:57.836202,15,27,118,140,152,58,207,187,175,134,33,65,14,28,134,152,165,65,219,199,185,135,30,52,13,25,119,140,154,60,209,198,186,132,29,49,12,24,109,138,141,56,192,181,175,129,27,54,4,11,68,80,84,34,116,107,100,65,10,12,6,20,113,132,136,54,185,167,157,99,14,19,7,17,110,138,135,52,179,169,161,102,15,20,9,18,88,111,118,46,156,147,142,102,21,35,10.0,21.25,107.38,128.88,135.62,53.12,182.88,169.38,160.12,112.25,22.38,38.25
Asphalt_0cm_S1,2026-04-02T16:32:57.942271,15,27,118,140,152,59,206,187,175,134,33,65,14,28,134,152,165,65,219,199,185,135,30,53,13,25,119,140,154,60,209,198,186,132,29,50,12,24,109,138,141,56,192,181,175,129,27,54,4,11,68,80,84,34,116,107,100,65,10,12,6,20,113,132,136,54,185,167,157,99,14,19,7,17,110,138,135,52,179,169,161,102,15,20,9,18,88,111,118,46,156,148,142,103,21,35,10.0,21.25,107.38,128.88,135.62,53.25,182.75,169.5,160.12,112.38,22.38,38.5
Asphalt_0cm_S1,2026-04-02T16:32:58.030420,15,27,118,140,152,59,206,187,175,134,33,65,14,28,134,152,165,65,219,199,185,135,30,53,13,25,119,140,154,60,209,198,186,132,29,50,12,24,110,138,141,56,192,181,176,129,27,54,4,11,68,80,85,34,116,107,100,65,10,13,6,20,113,132,136,54,185,167,157,100,14,19,7,17,110,138,134,52,179,170,161,102,15,20,9,18,89,111,118,46,156,147,142,103,21,35,10.0,21.25,107.62,128.88,135.62,53.25,182.75,169.5,160.25,112.5,22.38,38.62
Asphalt_0cm_S1,2026-04-02T16:32:58.130099,15,28,118,140,152,59,207,188,175,134,33,65,14,29,134,152,165,65,219,200,185,135,30,52,13,25,119,140,154,61,209,198,186,133,29,49,12,24,109,138,141,56,192,181,175,129,27,54,4,11,68,80,85,34,116,107,100,65,10,13,6,20,113,132,136,54,185,167,157,100,14,19,7,17,110,138,134,52,179,170,161,102,15,20,9,18,89,111,118,46,156,147,142,103,21,35,10.0,21.5,107.5,128.88,135.62,53.38,182.88,169.75,160.12,112.62,22.38,38.38
Asphalt_0cm_S1,2026-04-02T16:32:58.221000,15,28,118,140,152,59,207,188,175,134,33,65,14,29,134,152,165,65,219,200,185,135,30,52,13,25,119,140,154,61,209,198,186,133,29,49,12,24,109,138,141,56,192,181,175,129,27,54,4,11,68,80,84,34,116,107,100,65,10,13,6,20,113,132,136,54,185,168,156,100,14,19,6,17,110,138,135,52,179,169,161,102,15,20,9,18,89,111,118,46,156,147,142,103,21,35,9.88,21.5,107.5,128.88,135.62,53.38,182.88,169.75,160.0,112.62,22.38,38.38
Asphalt_0cm_S1,2026-04-02T16:32:58.310043,15,27,119,140,152,58,207,187,175,134,33,65,14,29,134,152,165,64,219,199,185,135,30,52,13,25,119,140,154,60,209,198,186,132,29,50,12,24,110,138,141,56,192,181,176,129,27,54,4,12,68,80,85,33,116,107,100,65,10,13,6,20,113,132,136,54,185,168,156,100,14,19,6,17,110,138,135,52,179,169,161,102,15,20,9,18,88,111,118,46,156,147,142,103,21,35,9.88,21.5,107.62,128.88,135.75,52.88,182.88,169.5,160.12,112.5,22.38,38.5
Asphalt_0cm_S1,2026-04-02T16:32:58.398121,15,28,118,140,153,59,207,187,175,134,33,65,14,29,134,152,165,64,219,199,185,135,30,52,13,25,119,140,154,60,209,198,186,132,29,50,12,24,110,138,141,56,192,181,176,129,27,54,4,12,68,80,85,33,116,107,100,65,10,13,7,20,113,132,136,54,185,167,156,100,14,19,6,17,110,138,135,52,179,169,161,102,15,20,9,18,88,111,118,46,156,147,142,103,21,35,10.0,21.62,107.5,128.88,135.88,53.0,182.88,169.38,160.12,112.5,22.38,38.5
Asphalt_0cm_S1,2026-04-02T16:32:58.481392,15,28,118,140,153,59,207,187,175,134,33,65,14,28,134,152,165,65,219,200,185,135,30,52,13,25,119,140,154,60,209,198,186,132,29,50,12,24,110,138,141,56,192,181,176,129,27,54,4,12,68,80,85,33,116,107,100,65,10,13,7,20,113,132,136,54,185,167,156,100,14,19,6,17,110,138,135,52,179,169,161,102,15,20,9,18,88,111,118,46,156,147,142,103,21,35,10.0,21.5,107.5,128.88,135.88,53.12,182.88,169.5,160.12,112.5,22.38,38.5
Asphalt_0cm_S1,2026-04-02T16:32:58.564578,15,28,118,140,153,59,207,187,175,134,33,65,14,28,134,152,165,65,219,200,185,135,30,52,13,25,119,140,154,61,209,198,187,133,29,49,12,24,109,138,141,56,192,181,176,129,27,54,4,12,68,80,85,34,116,107,100,66,10,13,6,20,113,132,136,54,185,167,156,100,14,19,6,17,110,138,135,52,178,169,161,102,15,20,9,18,88,111,118,46,156,147,142,103,21,35,9.88,21.5,107.38,128.88,135.88,53.38,182.75,169.5,160.25,112.75,22.38,38.38
Asphalt_0cm_S1,2026-04-02T16:32:58.656016,15,28,118,140,153,59,207,187,175,134,33,65,14,28,134,152,165,65,219,200,185,135,30,52,13,25,119,140,154,61,209,198,187,133,29,49,12,24,109,138,141,56,192,181,176,129,27,54,4,12,68,80,85,34,116,107,100,66,10,13,6,20,113,132,136,54,185,167,156,100,14,19,6,17,110,138,135,52,178,169,161,102,15,20,9,18,88,111,118,46,156,147,142,103,21,35,9.88,21.5,107.38,128.88,135.88,53.38,182.75,169.5,160.25,112.75,22.38,38.38
Asphalt_0cm_S1,2026-04-02T16:32:58.739023,15,27,118,140,153,59,207,187,175,134,33,65,14,28,134,152,165,64,219,200,185,135,30,52,13,25,119,140,154,61,209,198,187,133,29,49,12,24,109,138,141,56,192,181,176,129,27,54,4,12,68,80,85,34,116,107,100,66,10,13,6,20,113,132,136,54,185,167,156,100,14,19,6,17,110,138,135,52,178,169,161,102,15,20,9,18,88,111,118,46,156,147,141,103,21,35,9.88,21.38,107.38,128.88,135.88,53.25,182.75,169.5,160.12,112.75,22.38,38.38
Asphalt_0cm_S1,2026-04-02T16:32:58.827162,15,27,118,140,153,58,207,187,175,134,33,65,14,28,134,152,165,64,219,200,185,136,30,52,13,25,119,140,154,60,209,198,186,132,29,49,12,24,110,138,141,56,192,181,176,129,27,54,4,12,68,80,85,34,116,107,100,66,10,13,6,20,113,132,136,54,185,168,157,100,14,19,6,17,110,138,135,52,178,169,161,102,15,20,9,18,88,111,118,46,156,147,141,103,21,35,9.88,21.38,107.5,128.88,135.88,53.0,182.75,169.62,160.12,112.75,22.38,38.38
Asphalt_0cm_S1,2026-04-02T16:32:58.917209,15,27,118,140,152,59,207,187,175,134,33,65,14,28,134,152,165,64,219,200,185,136,30,52,13,25,119,140,154,60,209,198,186,132,29,49,12,24,110,138,141,56,192,181,176,129,27,54,4,12,68,80,85,34,116,107,100,66,10,13,6,20,113,132,136,54,185,168,157,100,14,19,7,17,110,138,135,52,178,169,161,102,15,20,9,18,88,111,118,46,157,147,142,103,21,35,10.0,21.38,107.5,128.88,135.75,53.12,182.88,169.62,160.25,112.75,22.38,38.38
Asphalt_0cm_S1,2026-04-02T16:32:59.013779,15,27,118,140,152,59,207,187,175,134,33,65,14,28,134,152,165,64,219,199,185,135,30,52,13,25,119,140,154,60,209,198,186,132,29,49,12,24,110,138,141,56,192,181,176,129,27,54,4,12,68,80,84,34,116,108,101,65,10,13,7,20,113,132,136,54,185,167,156,100,14,20,7,17,109,138,135,52,179,169,161,102,15,20,9,18,88,111,118,46,156,147,142,103,21,35,10.12,21.38,107.38,128.88,135.62,53.12,182.88,169.5,160.25,112.5,22.38,38.5
Asphalt_0cm_S1,2026-04-02T16:32:59.103469,15,28,118,140,153,59,207,187,175,134,32,65,14,28,134,152,165,64,219,200,185,135,30,52,13,25,119,140,154,60,209,198,186,132,29,49,12,24,110,138,141,56,192,181,175,129,27,54,4,12,68,80,84,34,116,108,101,65,10,13,7,20,113,132,136,54,185,167,156,100,14,20,7,17,109,138,135,52,179,169,161,102,15,20,9,18,88,111,118,46,156,147,142,103,21,35,10.12,21.5,107.38,128.88,135.75,53.12,182.88,169.62,160.12,112.5,22.25,38.5
Asphalt_0cm_S1,2026-04-02T16:32:59.194267,15,28,118,140,153,59,207,187,175,134,32,65,14,28,134,152,165,64,219,200,185,135,30,52,13,25,119,140,154,60,209,198,186,132,29,49,12,24,110,138,141,56,192,181,175,129,27,54,4,11,67,80,84,34,116,107,100,65,10,13,6,20,113,132,136,54,185,167,157,100,14,19,7,17,110,138,135,52,179,169,161,103,15,20,9,18,88,111,118,46,157,147,142,103,21,35,10.0,21.38,107.38,128.88,135.75,53.12,183.0,169.5,160.12,112.62,22.25,38.38
Asphalt_0cm_S1,2026-04-02T16:32:59.292289,15,27,118,140,152,59,207,187,175,134,33,65,14,28,134,152,165,64,219,200,185,135,30,52,13,25,119,140,154,60,209,198,186,132,29,49,12,24,109,138,141,56,192,181,176,129,27,54,4,12,68,80,85,34,116,107,101,65,10,13,6,20,113,132,136,54,185,167,157,100,14,19,7,17,110,138,135,52,179,169,161,103,15,20,9,18,88,111,118,46,157,147,142,103,21,35,10.0,21.38,107.38,128.88,135.75,53.12,183.0,169.5,160.38,112.62,22.38,38.38
Asphalt_0cm_S1,2026-04-02T16:32:59.381360,15,27,118,140,152,59,207,187,175,134,33,65,14,28,134,152,165,64,219,200,185,135,30,52,13,25,119,140,154,60,209,198,186,132,29,49,12,24,109,138,141,56,192,181,176,129,27,54,4,12,68,80,85,34,116,107,101,65,10,13,6,20,113,132,136,54,185,168,157,100,14,20,6,17,110,138,135,52,179,169,161,102,15,20,9,18,89,111,118,46,156,148,142,103,21,35,9.88,21.38,107.5,128.88,135.75,53.12,182.88,169.75,160.38,112.5,22.38,38.5
Asphalt_0cm_S1,2026-04-02T16:32:59.477362,15,28,118,140,152,59,206,187,175,134,33,65,14,28,134,152,165,65,219,200,185,135,30,52,13,25,119,140,154,60,209,198,186,132,29,49,12,24,109,138,141,56,192,181,176,129,27,54,4,12,68,80,85,34,116,107,101,65,10,13,6,20,113,132,136,54,185,168,157,100,14,20,6,17,110,138,135,52,179,169,161,102,15,20,9,18,89,111,118,46,156,148,142,103,21,35,9.88,21.5,107.5,128.88,135.75,53.25,182.75,169.75,160.38,112.5,22.38,38.5
Asphalt_0cm_S1,2026-04-02T16:32:59.570249,15,28,118,140,152,59,206,187,175,134,33,65,14,28,134,152,165,65,219,200,185,135,30,52,13,25,119,140,154,60,209,198,186,132,29,49,12,24,110,138,141,56,192,181,175,129,27,53,4,12,68,80,84,34,116,107,101,65,10,13,6,20,113,132,136,54,185,168,157,100,14,19,6,17,109,138,135,52,179,169,161,102,15,20,9,18,89,111,118,46,156,147,142,103,21,35,9.88,21.5,107.5,128.88,135.62,53.25,182.75,169.62,160.25,112.5,22.38,38.25
Asphalt_0cm_S1,2026-04-02T16:32:59.664621,15,28,118,140,152,59,206,187,175,134,33,65,14,28,134,152,165,65,219,200,185,135,30,52,13,25,119,140,154,60,209,198,186,132,29,49,12,24,110,138,141,56,192,181,175,129,27,53,4,12,68,80,84,34,116,107,101,65,10,13,6,20,113,132,136,54,185,168,157,100,14,19,6,17,109,138,135,52,179,169,161,102,15,20,9,18,89,111,118,46,156,147,142,103,21,35,9.88,21.5,107.5,128.88,135.62,53.25,182.75,169.62,160.25,112.5,22.38,38.25
Asphalt_0cm_S1,2026-04-02T16:32:59.740091,15,27,118,140,152,59,207,187,175,134,33,65,14,28,133,152,165,64,219,199,185,135,30,52,13,25,119,140,154,60,209,197,186,132,29,49,12,24,110,138,141,56,192,181,175,129,27,53,4,12,68,81,85,33,116,107,101,65,10,13,6,20,113,132,136,54,185,168,156,100,14,20,6,17,110,138,135,52,179,170,161,103,15,20,9,18,88,111,118,46,156,147,142,103,21,35,9.88,21.38,107.38,129.0,135.75,53.0,182.88,169.5,160.12,112.62,22.38,38.38
Asphalt_0cm_S1,2026-04-02T16:32:59.864963,15,27,118,140,152,59,207,187,175,134,33,65,14,28,134,152,165,64,219,200,185,135,30,52,13,25,119,140,154,60,209,198,186,132,29,49,12,24,110,138,141,56,192,181,175,129,27,53,4,12,68,80,85,34,116,107,100,65,10,13,7,20,113,132,136,54,185,168,157,100,14,19,7,17,110,138,135,52,179,170,161,102,15,20,9,18,88,112,118,46,157,148,142,103,21,35,10.12,21.38,107.5,129.0,135.75,53.12,183.0,169.88,160.12,112.5,22.38,38.25
Asphalt_0cm_S1,2026-04-02T16:32:59.963112,15,28,118,140,152,58,206,187,175,134,32,65,14,28,134,152,165,64,219,199,185,135,30,52,13,25,119,140,154,60,209,198,186,132,29,49,12,24,110,138,141,56,192,181,175,129,27,53,4,12,68,80,85,34,116,107,100,65,10,13,7,20,113,132,136,54,185,168,157,100,14,19,7,17,110,138,135,52,179,170,161,102,15,20,9,18,88,112,118,46,157,148,142,103,21,35,10.12,21.5,107.5,129.0,135.75,53.0,182.88,169.75,160.12,112.5,22.25,38.25
Asphalt_0cm_S1,2026-04-02T16:33:00.057789,15,28,118,140,152,58,206,187,175,134,32,65,14,28,134,152,165,64,219,199,185,135,30,52,13,25,119,140,154,60,209,198,186,132,29,49,12,24,110,138,141,56,192,181,175,129,27,53,4,12,68,80,85,34,116,107,100,65,10,13,7,20,113,132,136,54,185,168,157,100,14,19,7,17,110,138,135,52,179,170,161,102,15,20,9,18,88,112,118,46,157,148,142,103,21,35,10.12,21.5,107.5,129.0,135.75,53.0,182.88,169.75,160.12,112.5,22.25,38.25
Asphalt_0cm_S1,2026-04-02T16:33:00.143628,15,27,118,140,152,59,206,187,174,134,33,65,14,28,134,152,164,64,219,199,185,135,30,52,13,25,119,140,154,60,209,198,186,132,29,49,12,24,110,138,141,56,192,181,176,129,27,54,4,12,68,80,85,34,116,107,100,66,10,13,6,20,113,132,136,54,185,168,157,100,14,20,6,17,110,138,135,52,179,170,161,102,15,20,9,18,89,111,118,46,157,148,142,103,21,35,9.88,21.38,107.62,128.88,135.62,53.12,182.88,169.75,160.12,112.62,22.38,38.5
Asphalt_0cm_S1,2026-04-02T16:33:00.232372,15,27,118,140,152,59,206,187,174,134,33,65,14,28,134,152,164,64,219,199,185,135,30,52,13,25,119,140,154,60,209,198,186,132,29,49,12,24,110,138,141,56,192,181,176,129,27,54,4,12,68,80,85,34,116,107,100,66,10,13,7,20,113,132,136,54,185,168,157,100,14,20,6,17,110,138,135,52,179,170,161,102,15,20,9,18,89,111,118,46,156,147,142,103,21,35,10.0,21.38,107.62,128.88,135.62,53.12,182.75,169.62,160.12,112.62,22.38,38.5
Asphalt_0cm_S1,2026-04-02T16:33:00.323581,15,28,118,140,152,58,207,187,175,134,33,65,14,28,134,152,165,65,219,200,185,135,30,52,13,25,119,140,154,60,209,198,186,132,29,49,12,24,110,138,141,56,192,181,175,129,27,53,4,12,68,80,85,34,116,107,101,66,10,13,7,20,113,132,136,54,185,168,157,100,14,20,6,17,110,138,135,52,179,170,161,102,15,20,9,18,89,111,118,46,156,147,142,103,21,35,10.0,21.5,107.62,128.88,135.75,53.12,182.88,169.75,160.25,112.62,22.38,38.38
Asphalt_0cm_S1,2026-04-02T16:33:00.406110,15,27,118,140,153,58,206,187,175,134,32,65,14,28,134,152,165,65,219,200,185,135,30,52,13,25,119,140,154,60,209,198,186,132,29,49,12,24,110,138,141,56,192,181,175,129,27,53,4,12,68,80,85,34,116,107,101,66,10,13,7,20,113,132,136,54,185,168,157,100,14,20,6,17,110,138,135,52,179,170,161,103,15,20,9,18,89,111,118,46,157,148,142,103,21,35,10.0,21.38,107.62,128.88,135.88,53.12,182.88,169.88,160.25,112.75,22.25,38.38
Asphalt_0cm_S1,2026-04-02T16:33:00.501707,15,27,118,140,153,58,206,187,175,134,32,65,14,28,134,152,165,65,219,200,185,135,30,52,13,25,119,140,154,60,209,198,186,132,29,49,12,24,110,138,141,56,192,181,175,129,27,53,4,12,68,80,85,34,116,107,101,66,10,13,7,20,113,132,136,54,185,168,157,100,14,20,6,17,110,138,135,52,179,170,161,103,15,20,9,18,89,111,118,46,157,148,142,103,21,35,10.0,21.38,107.62,128.88,135.88,53.12,182.88,169.88,160.25,112.75,22.25,38.38
Asphalt_0cm_S1,2026-04-02T16:33:00.588088,15,27,118,140,153,58,206,187,175,134,32,65,14,28,134,152,165,65,219,199,185,135,30,52,13,25,118,140,154,60,209,198,186,132,29,49,12,24,109,138,141,56,192,181,175,129,27,53,4,12,68,80,85,34,116,107,100,66,10,13,7,20,113,132,136,54,185,168,157,100,14,20,6,17,110,138,135,52,179,170,161,103,15,20,9,18,89,111,118,46,157,148,142,103,21,35,10.0,21.38,107.38,128.88,135.88,53.12,182.88,169.75,160.12,112.75,22.25,38.38
Asphalt_0cm_S1,2026-04-02T16:33:00.675055,15,27,118,140,153,58,206,187,175,134,32,65,14,28,134,152,165,65,219,199,185,135,30,52,13,25,118,140,154,60,209,198,186,132,29,49,12,24,109,138,141,56,192,181,175,129,27,53,4,12,68,80,85,34,116,107,100,66,10,13,7,20,113,132,136,54,185,168,157,100,14,20,6,17,110,138,135,52,179,170,161,103,15,20,9,18,89,111,118,46,157,148,142,103,21,35,10.0,21.38,107.38,128.88,135.88,53.12,182.88,169.75,160.12,112.75,22.25,38.38
Asphalt_0cm_S1,2026-04-02T16:33:00.770448,15,27,118,140,152,59,207,187,175,134,33,65,14,28,134,152,165,64,219,199,185,135,30,52,13,25,119,140,154,61,209,198,186,132,29,49,12,24,110,138,141,56,192,181,175,129,27,53,4,12,68,80,85,33,116,107,101,66,10,13,6,20,113,132,136,54,185,168,157,100,14,20,6,17,110,138,135,52,179,170,161,102,15,20,9,18,89,110,118,46,157,147,142,103,21,35,9.88,21.38,107.62,128.75,135.75,53.12,183.0,169.62,160.25,112.62,22.38,38.38
Asphalt_0cm_S1,2026-04-02T16:33:00.880175,15,27,118,140,152,59,207,187,175,134,33,65,14,28,134,152,165,64,219,199,185,135,30,52,13,25,119,140,154,61,209,198,186,132,29,49,12,24,110,138,141,56,192,181,175,129,27,53,4,12,68,81,85,34,116,107,101,66,10,13,6,20,113,132,136,54,185,168,157,100,14,20,7,17,110,138,135,52,179,170,161,102,15,20,9,18,88,111,118,46,157,147,142,103,21,35,10.0,21.38,107.5,129.0,135.75,53.25,183.0,169.62,160.25,112.62,22.38,38.38
Asphalt_0cm_S1,2026-04-02T16:33:00.964557,15,28,118,140,152,59,207,187,175,134,32,65,14,28,134,152,165,64,219,200,185,135,30,52,13,25,119,140,154,60,209,198,186,132,29,49,12,24,110,138,141,56,192,181,176,129,27,53,4,12,68,81,85,34,116,107,101,66,10,13,6,20,113,132,136,54,185,168,157,100,14,20,7,17,110,138,135,52,179,170,161,102,15,20,9,18,88,111,118,46,157,147,142,103,21,35,10.0,21.5,107.5,129.0,135.75,53.12,183.0,169.75,160.38,112.62,22.25,38.38
Asphalt_0cm_S1,2026-04-02T16:33:01.053948,15,28,118,140,152,59,207,187,175,134,32,65,14,28,134,152,165,64,219,200,185,135,30,52,13,25,119,140,154,60,209,198,186,132,29,49,12,24,110,138,141,56,192,181,176,129,27,53,4,12,68,81,85,34,116,107,101,66,10,13,6,20,113,132,136,54,185,168,157,100,14,20,7,17,110,138,135,52,179,170,161,102,15,20,9,18,88,111,118,46,157,147,142,103,21,35,10.0,21.5,107.5,129.0,135.75,53.12,183.0,169.75,160.38,112.62,22.25,38.38
Asphalt_0cm_S1,2026-04-02T16:33:01.136013,15,28,118,140,152,59,207,187,175,134,32,65,14,28,134,152,165,64,219,200,185,135,30,52,13,25,119,140,154,60,209,198,186,132,29,49,12,24,110,138,141,56,192,181,176,129,27,53,4,12,68,81,85,34,116,107,101,66,10,13,6,20,113,132,136,54,185,168,157,100,14,20,7,17,110,138,135,52,179,170,161,102,15,20,9,18,88,111,118,46,157,147,142,103,21,35,10.0,21.5,107.5,129.0,135.75,53.12,183.0,169.75,160.38,112.62,22.25,38.38
Asphalt_0cm_S1,2026-04-02T16:33:01.212406,15,28,118,140,152,59,207,187,175,134,33,65,14,28,134,152,165,64,219,199,185,135,30,52,13,25,119,140,154,60,209,198,186,132,29,49,12,24,110,138,141,56,192,181,175,129,27,53,4,12,68,81,85,34,116,107,101,66,10,13,7,20,113,132,137,54,185,168,157,100,14,20,6,17,110,138,135,52,179,170,161,103,15,20,9,18,88,111,118,46,157,148,142,103,21,35,10.0,21.5,107.5,129.0,135.88,53.12,183.0,169.75,160.25,112.75,22.38,38.38
Asphalt_0cm_S1,2026-04-02T16:33:01.322586,15,27,118,140,152,59,207,187,175,134,33,65,14,28,134,152,165,64,219,199,185,135,30,52,13,25,119,140,154,60,209,197,186,132,29,49,12,24,110,138,141,56,192,181,175,129,27,53,4,12,68,81,85,33,116,107,100,65,10,13,6,20,113,132,136,54,185,168,157,100,14,20,6,18,110,138,135,52,178,169,161,102,15,20,9,18,88,111,118,46,157,148,142,103,21,35,9.88,21.5,107.5,129.0,135.75,53.0,182.88,169.5,160.12,112.5,22.38,38.38
Asphalt_0cm_S1,2026-04-02T16:33:01.428172,15,28,118,140,153,59,207,187,175,134,32,65,14,28,134,152,165,65,219,200,185,135,30,52,13,25,119,140,154,60,209,197,186,132,29,49,12,24,110,138,141,56,192,181,175,129,27,53,4,12,68,81,85,33,116,107,100,65,10,13,6,20,113,132,136,54,185,168,157,100,14,20,6,18,110,138,135,52,178,169,161,102,15,20,9,18,88,111,118,46,157,147,142,103,21,35,9.88,21.62,107.5,129.0,135.88,53.12,182.88,169.5,160.12,112.5,22.25,38.38
Asphalt_0cm_S1,2026-04-02T16:33:01.545688,15,28,118,140,153,59,207,187,175,134,32,65,14,28,134,152,165,65,219,200,185,135,30,52,13,25,119,140,154,60,209,197,186,132,29,49,12,24,110,138,141,56,192,181,175,129,27,53,4,12,68,81,85,33,116,107,100,65,10,13,6,20,113,132,136,54,185,168,157,100,14,20,6,18,110,138,135,52,178,169,161,102,15,20,9,18,88,111,118,46,157,147,142,103,21,35,9.88,21.62,107.5,129.0,135.88,53.12,182.88,169.5,160.12,112.5,22.25,38.38
Asphalt_0cm_S1,2026-04-02T16:33:01.634187,15,27,118,140,152,59,207,187,175,134,33,65,14,28,134,152,165,64,219,199,185,135,30,52,13,25,119,140,154,60,209,198,186,132,29,49,12,24,110,138,141,56,192,181,176,129,27,53,4,12,68,81,85,34,116,107,101,66,10,13,7,20,113,132,137,54,185,168,157,100,14,20,6,17,110,138,135,52,179,170,161,102,15,20,9,18,89,111,118,46,156,147,142,103,21,35,10.0,21.38,107.62,129.0,135.88,53.12,182.88,169.62,160.38,112.62,22.38,38.38
Asphalt_0cm_S1,2026-04-02T16:33:01.719426,15,27,118,140,152,59,207,187,175,134,33,65,14,28,134,152,165,64,219,199,185,135,30,52,13,25,119,140,154,60,209,198,186,132,29,49,12,24,110,138,141,56,192,181,176,129,27,53,4,12,68,81,85,34,116,107,101,66,10,13,7,20,113,132,137,54,185,168,157,100,14,20,7,17,110,138,135,52,179,170,161,103,15,20,9,18,88,111,118,46,156,148,142,103,21,35,10.12,21.38,107.5,129.0,135.88,53.12,182.88,169.75,160.38,112.75,22.38,38.38
Asphalt_0cm_S1,2026-04-02T16:33:01.811362,15,28,118,140,152,59,207,187,175,134,33,65,14,28,134,152,165,65,219,199,185,135,30,52,13,25,119,140,154,60,209,198,187,132,29,49,12,24,110,138,141,56,192,181,176,129,27,53,4,12,68,81,85,34,116,107,101,66,10,13,7,20,114,132,136,54,185,168,157,100,14,20,7,17,110,138,135,52,179,170,161,103,15,20,9,18,88,111,118,46,156,148,142,103,21,35,10.12,21.5,107.62,129.0,135.75,53.25,182.88,169.75,160.5,112.75,22.38,38.38
Asphalt_0cm_S1,2026-04-02T16:33:01.892971,15,27,118,140,153,59,207,187,175,134,32,65,14,28,134,152,165,65,219,199,185,135,30,52,13,25,119,140,154,60,209,198,187,132,29,49,12,24,110,138,141,56,192,181,176,129,27,53,4,12,68,81,85,34,116,107,101,66,10,13,7,20,114,132,136,54,185,168,157,100,14,20,7,17,110,138,135,52,179,170,161,102,15,20,9,18,88,111,118,46,157,147,142,103,21,35,10.12,21.38,107.62,129.0,135.88,53.25,183.0,169.62,160.5,112.62,22.25,38.38
Asphalt_0cm_S1,2026-04-02T16:33:01.975055,15,27,118,140,153,59,207,187,175,134,32,65,14,28,134,152,164,64,219,199,185,135,30,52,13,25,119,140,154,61,209,198,186,132,29,49,12,24,110,138,141,56,192,181,175,129,27,53,4,12,68,80,85,34,116,107,101,66,10,13,6,20,113,132,137,54,185,168,157,100,14,20,7,17,110,138,135,52,179,170,161,102,15,20,9,18,88,111,118,46,157,147,142,103,21,35,10.0,21.38,107.5,128.88,135.88,53.25,183.0,169.62,160.25,112.62,22.25,38.38
Asphalt_0cm_S1,2026-04-02T16:33:02.062371,15,27,118,140,153,59,207,187,175,134,32,65,14,28,134,152,164,64,219,199,185,135,30,52,13,25,119,140,154,61,209,198,186,132,29,49,12,24,110,138,141,56,192,181,175,129,27,53,4,12,68,80,85,34,116,107,101,66,10,13,6,20,113,132,137,54,185,168,157,100,14,20,7,17,110,138,135,52,179,170,161,102,15,20,9,18,88,111,118,46,157,147,142,103,21,35,10.0,21.38,107.5,128.88,135.88,53.25,183.0,169.62,160.25,112.62,22.25,38.38
Asphalt_0cm_S1,2026-04-02T16:33:02.139020,15,28,118,140,152,59,207,187,175,134,33,65,14,28,134,152,164,64,219,199,185,135,30,52,13,25,119,140,154,60,209,198,186,132,29,49,12,24,110,138,141,56,192,181,176,129,27,53,4,12,68,80,85,34,116,107,101,66,10,13,7,20,113,132,136,54,185,168,157,100,14,20,7,17,110,138,135,52,179,170,161,102,15,20,9,18,88,111,118,46,157,148,142,103,21,35,10.12,21.5,107.5,128.88,135.62,53.12,183.0,169.75,160.38,112.62,22.38,38.38
Asphalt_0cm_S1,2026-04-02T16:33:02.222940,15,28,118,140,152,59,207,187,175,134,33,65,14,28,134,152,164,64,219,199,185,135,30,52,13,25,119,140,154,60,209,198,186,132,29,49,12,24,110,138,141,56,192,181,176,129,27,53,4,12,68,80,85,34,116,107,101,66,10,13,7,20,113,132,136,54,185,168,157,100,14,20,6,17,110,138,135,51,179,170,161,103,15,20,9,18,89,111,118,46,157,148,142,103,21,35,10.0,21.5,107.62,128.88,135.62,53.0,183.0,169.75,160.38,112.75,22.38,38.38
Asphalt_0cm_S1,2026-04-02T16:33:02.303922,15,28,118,140,153,59,207,187,175,134,33,65,14,28,134,152,164,64,219,199,185,135,30,52,13,25,119,140,154,60,209,198,186,132,29,49,12,24,110,138,141,56,192,181,175,129,27,53,4,12,68,80,85,34,117,107,101,66,10,13,6,20,113,132,136,54,185,167,157,100,14,20,6,17,110,138,135,51,179,170,161,103,15,20,9,18,89,111,118,46,157,148,142,103,21,35,9.88,21.5,107.62,128.88,135.75,53.0,183.12,169.62,160.25,112.75,22.38,38.38
Asphalt_0cm_S1,2026-04-02T16:33:02.430769,15,27,118,140,153,59,207,187,175,134,32,65,14,28,134,152,164,64,219,199,185,135,30,52,13,25,119,140,154,60,209,198,186,132,29,49,12,24,110,138,141,56,192,181,175,129,27,53,4,12,68,80,85,34,117,107,101,66,10,13,6,20,113,132,136,54,185,167,157,100,14,20,7,17,110,138,135,52,179,170,161,103,15,20,9,18,88,111,118,46,157,148,142,103,21,35,10.0,21.38,107.5,128.88,135.75,53.12,183.12,169.62,160.25,112.75,22.25,38.38
Asphalt_0cm_S1,2026-04-02T16:33:02.521940,15,27,118,140,153,59,207,187,175,134,32,65,14,28,134,152,164,64,219,199,185,135,30,52,13,25,119,140,154,60,209,198,186,132,29,49,12,24,110,138,141,56,192,181,175,129,27,53,4,12,68,80,85,34,117,107,101,66,10,13,6,20,113,132,136,54,185,167,157,100,14,20,7,17,110,138,135,52,179,170,161,103,15,20,9,18,88,111,118,46,157,148,142,103,21,35,10.0,21.38,107.5,128.88,135.75,53.12,183.12,169.62,160.25,112.75,22.25,38.38
Asphalt_0cm_S1,2026-04-02T16:33:02.602255,15,28,118,140,152,59,206,187,175,134,33,65,14,28,134,152,164,64,219,199,185,135,30,52,13,25,119,140,154,60,209,198,187,132,29,49,12,24,110,138,141,56,192,181,175,129,27,53,4,12,68,81,85,34,116,108,101,66,10,13,7,20,114,132,137,54,186,168,157,100,14,20,7,17,110,138,135,52,179,170,161,103,15,20,9,18,88,111,119,46,157,148,142,103,21,35,10.12,21.5,107.62,129.0,135.88,53.12,183.0,169.88,160.38,112.75,22.38,38.38
Asphalt_0cm_S1,2026-04-02T16:33:02.700902,15,28,118,140,152,59,206,187,175,134,33,65,14,28,134,152,164,64,219,199,185,135,30,52,13,25,119,140,154,60,209,198,187,132,29,49,12,24,110,138,141,56,192,181,175,129,27,53,4,12,68,80,85,34,116,107,101,66,10,13,7,20,114,132,137,54,185,168,157,100,14,20,7,17,110,138,135,52,179,170,161,103,15,20,9,18,89,111,119,46,156,147,142,103,21,35,10.12,21.5,107.75,128.88,135.88,53.12,182.75,169.62,160.38,112.75,22.38,38.38
Asphalt_0cm_S1,2026-04-02T16:33:02.806144,15,27,118,140,152,59,207,187,175,134,33,65,14,28,134,152,165,64,219,198,185,135,30,52,13,25,119,140,154,60,209,198,186,132,29,49,12,24,109,138,141,56,192,181,175,129,27,53,4,12,68,80,85,34,116,107,101,66,10,13,7,20,114,132,137,54,185,168,157,100,14,20,7,17,110,138,135,52,179,170,161,103,15,20,9,18,89,111,119,46,156,147,142,103,21,35,10.12,21.38,107.62,128.88,136.0,53.12,182.88,169.5,160.25,112.75,22.38,38.38
Asphalt_0cm_S1,2026-04-02T16:33:02.900698,15,27,118,140,152,58,207,187,175,134,32,65,14,28,134,152,164,65,219,199,185,135,30,52,13,25,119,140,154,60,209,198,186,132,29,49,12,24,109,138,141,56,192,181,175,129,27,53,4,12,68,80,85,33,116,107,101,66,10,13,6,20,114,132,137,54,185,168,157,100,14,20,6,17,110,138,135,52,179,170,161,103,15,20,9,18,89,112,118,46,157,148,142,103,21,35,9.88,21.38,107.62,129.0,135.75,53.0,183.0,169.75,160.25,112.75,22.25,38.38
Asphalt_0cm_S1,2026-04-02T16:33:03.001951,15,27,118,140,152,58,207,187,175,134,32,65,14,28,134,152,164,65,219,199,185,135,30,52,13,25,119,140,154,60,209,198,186,132,29,49,12,24,110,138,141,56,192,181,175,129,27,53,4,12,68,81,85,34,116,107,101,66,10,13,7,20,114,132,136,54,185,168,157,100,14,20,7,17,110,138,135,52,179,170,161,103,15,20,9,18,88,111,118,46,157,147,142,103,21,35,10.12,21.38,107.62,129.0,135.62,53.12,183.0,169.62,160.25,112.75,22.25,38.38
Asphalt_0cm_S1,2026-04-02T16:33:03.097942,15,27,118,140,152,58,207,187,175,134,32,65,14,28,134,152,164,65,219,199,185,135,30,52,13,25,119,140,154,60,209,198,186,132,29,49,12,24,110,138,141,56,192,181,175,129,27,53,4,12,68,81,85,34,116,107,101,66,10,13,7,20,114,132,136,54,185,168,157,100,14,20,7,17,110,138,135,52,179,170,161,103,15,20,9,18,88,111,118,46,157,147,142,103,21,35,10.12,21.38,107.62,129.0,135.62,53.12,183.0,169.62,160.25,112.75,22.25,38.38
Asphalt_0cm_S1,2026-04-02T16:33:03.187965,15,27,118,140,152,58,207,187,175,134,32,65,14,28,134,152,164,65,219,199,185,135,30,52,13,25,119,140,154,60,209,198,186,132,29,49,12,24,110,138,141,56,192,181,175,129,27,53,4,12,68,81,85,34,116,107,101,66,10,13,7,20,114,132,136,54,185,168,157,100,14,20,7,17,110,138,135,52,179,170,161,103,15,20,9,18,88,111,118,46,157,147,142,103,21,35,10.12,21.38,107.62,129.0,135.62,53.12,183.0,169.62,160.25,112.75,22.25,38.38
Asphalt_0cm_S1,2026-04-02T16:33:03.272879,15,28,118,140,153,59,207,187,175,134,33,65,14,28,134,152,164,64,219,199,185,135,30,52,13,25,119,140,154,60,209,198,186,132,29,49,12,24,109,138,140,56,192,181,175,129,27,53,4,12,68,80,85,34,116,107,101,65,10,13,6,20,113,132,136,54,185,168,157,100,14,20,7,17,110,138,135,52,179,170,161,103,15,20,9,18,89,111,118,46,157,148,142,103,21,35,10.0,21.5,107.5,128.88,135.62,53.12,183.0,169.75,160.25,112.62,22.38,38.38
Asphalt_0cm_S1,2026-04-02T16:33:03.365595,15,28,118,140,153,59,206,187,175,134,32,65,14,28,134,152,164,64,219,199,185,135,30,52,13,25,119,140,154,60,209,198,186,132,29,49,12,24,109,138,140,56,192,181,175,129,27,53,4,12,68,80,85,34,116,107,101,65,10,13,7,20,113,132,136,54,185,168,157,100,14,20,7,17,110,138,135,52,179,170,161,102,15,20,9,18,88,112,119,46,156,148,142,103,21,35,10.12,21.5,107.38,129.0,135.75,53.12,182.75,169.75,160.25,112.5,22.25,38.38
Asphalt_0cm_S1,2026-04-02T16:33:03.462397,15,28,118,140,153,59,206,187,175,134,32,65,14,28,134,152,164,64,219,199,185,135,30,52,13,25,119,140,154,60,209,198,186,132,29,49,12,24,109,138,140,56,192,181,175,129,27,53,4,12,68,80,85,34,116,107,101,65,10,13,7,20,113,132,136,54,185,168,157,100,14,20,7,17,110,138,135,52,179,170,161,102,15,20,9,18,88,112,119,46,156,148,142,103,21,35,10.12,21.5,107.38,129.0,135.75,53.12,182.75,169.75,160.25,112.5,22.25,38.38
Asphalt_0cm_S1,2026-04-02T16:33:03.547987,15,28,118,140,153,59,206,187,175,134,32,65,14,28,134,152,164,64,219,199,185,135,30,52,13,25,119,140,154,60,209,198,186,132,29,49,12,24,109,138,140,56,192,181,175,129,27,53,4,12,68,80,85,34,116,107,101,65,10,13,7,20,113,132,136,54,185,168,157,100,14,20,7,17,110,138,135,52,179,170,161,102,15,20,9,18,88,112,119,46,156,148,142,103,21,35,10.12,21.5,107.38,129.0,135.75,53.12,182.75,169.75,160.25,112.5,22.25,38.38
Asphalt_0cm_S1,2026-04-02T16:33:03.618855,15,28,118,140,153,59,207,187,175,134,33,65,14,28,134,152,164,64,219,199,185,135,30,52,13,25,119,140,154,60,209,198,186,132,29,49,12,24,110,138,141,56,192,181,175,129,27,53,4,12,68,81,85,34,116,107,101,65,10,13,6,20,113,132,137,54,185,168,157,100,14,20,7,17,110,138,135,52,179,170,161,103,15,20,9,18,89,111,118,46,157,148,142,103,21,35,10.0,21.5,107.62,129.0,135.88,53.12,183.0,169.75,160.25,112.62,22.38,38.38
Asphalt_0cm_S1,2026-04-02T16:33:03.723100,15,28,118,140,152,59,207,187,175,134,32,65,14,28,134,152,164,64,219,199,185,135,30,52,13,25,119,140,154,60,209,198,186,132,29,49,12,24,110,138,141,56,192,181,175,129,27,53,4,12,68,81,85,34,116,107,101,65,10,13,6,20,113,132,137,54,185,168,157,100,14,20,7,17,110,138,135,52,179,170,161,103,14,20,9,18,89,111,118,46,156,147,142,103,21,35,10.0,21.5,107.62,129.0,135.75,53.12,182.88,169.62,160.25,112.62,22.12,38.38
Asphalt_0cm_S1,2026-04-02T16:33:03.827013,15,28,118,140,152,59,207,187,175,134,32,65,14,28,134,152,165,65,219,199,185,135,30,52,13,25,119,140,154,60,209,197,186,132,29,49,12,24,110,138,141,56,191,181,175,129,27,53,4,12,68,80,85,34,116,107,101,65,10,13,7,20,113,132,136,54,185,168,157,100,14,20,6,17,110,138,135,52,179,170,161,103,15,20,9,18,88,111,118,46,156,147,142,103,21,35,10.0,21.5,107.5,128.88,135.75,53.25,182.75,169.5,160.25,112.62,22.25,38.38
Asphalt_0cm_S1,2026-04-02T16:33:03.921943,15,27,118,140,152,59,206,187,175,134,32,65,14,28,134,152,165,64,219,200,185,135,30,52,13,25,119,140,154,60,209,197,186,132,29,49,12,24,110,138,141,56,191,181,175,129,27,53,4,12,68,80,85,34,116,107,101,65,10,13,7,20,113,132,136,54,185,168,157,100,14,20,6,17,110,138,135,52,179,170,161,103,15,20,9,18,88,111,118,46,156,147,142,103,21,35,10.0,21.38,107.5,128.88,135.75,53.12,182.62,169.62,160.25,112.62,22.25,38.38
Asphalt_0cm_S1,2026-04-02T16:33:04.012900,15,27,118,140,152,59,206,187,175,134,32,65,14,28,134,152,165,64,219,200,185,135,30,52,13,25,119,140,154,60,209,197,186,132,29,49,12,24,110,138,141,56,191,181,175,129,27,53,4,12,68,80,85,34,116,107,101,65,10,13,7,20,113,132,136,54,185,168,157,100,14,20,6,17,110,138,135,52,179,170,161,103,15,20,9,18,88,111,118,46,156,147,142,103,21,35,10.0,21.38,107.5,128.88,135.75,53.12,182.62,169.62,160.25,112.62,22.25,38.38
Asphalt_0cm_S1,2026-04-02T16:33:04.098894,15,27,118,140,152,59,206,187,175,134,32,65,14,28,134,152,165,64,219,200,185,135,30,52,13,25,119,140,154,60,209,198,186,132,29,49,12,24,110,138,141,56,192,181,175,129,27,53,4,12,68,81,85,34,116,108,101,66,10,13,7,20,113,132,136,54,185,168,157,100,14,20,6,17,110,138,135,52,179,170,161,103,15,20,9,18,89,111,118,46,157,147,142,103,21,35,10.0,21.38,107.62,129.0,135.75,53.12,182.88,169.88,160.25,112.75,22.25,38.38
Asphalt_0cm_S1,2026-04-02T16:33:04.190661,15,27,118,140,152,59,206,187,175,134,32,65,14,28,134,152,165,64,219,200,185,135,30,52,13,25,119,140,154,60,209,198,186,132,29,49,12,24,110,138,141,56,192,181,175,129,27,53,4,12,68,81,85,34,116,108,101,66,10,13,7,20,113,132,136,54,185,168,157,100,14,20,6,17,110,138,135,52,179,170,161,103,15,20,9,18,89,111,118,46,157,147,142,103,21,35,10.0,21.38,107.62,129.0,135.75,53.12,182.88,169.88,160.25,112.75,22.25,38.38
Asphalt_0cm_S1,2026-04-02T16:33:04.278746,15,28,118,140,152,59,207,187,175,134,32,65,14,28,134,152,164,64,219,199,185,135,30,52,13,25,119,140,154,60,209,198,186,132,29,49,12,24,109,138,141,56,191,181,175,129,27,53,4,12,68,81,85,34,116,107,101,66,10,13,6,20,113,132,137,54,185,168,157,100,14,20,6,17,110,138,135,52,179,170,161,103,15,20,9,18,89,111,118,46,157,148,142,103,21,35,9.88,21.5,107.5,129.0,135.75,53.12,182.88,169.75,160.25,112.75,22.25,38.38
Asphalt_0cm_S1,2026-04-02T16:33:04.365683,15,27,118,140,152,59,207,187,175,134,32,65,14,28,134,152,164,64,219,199,185,135,30,52,13,25,119,140,154,60,209,198,186,132,29,49,12,24,109,138,141,56,191,181,175,129,27,53,4,12,68,81,85,34,116,107,101,66,10,13,6,20,113,132,136,54,185,168,157,100,14,20,6,17,110,138,135,52,179,169,161,103,15,20,9,18,88,111,118,46,157,148,142,103,21,35,9.88,21.38,107.38,129.0,135.62,53.12,182.88,169.62,160.25,112.75,22.25,38.38
Asphalt_0cm_S1,2026-04-02T16:33:04.454548,15,27,118,140,152,59,207,187,175,134,32,65,14,28,134,152,165,64,219,200,185,135,30,52,13,25,119,140,154,60,209,197,186,132,29,49,12,24,109,138,140,56,192,181,175,129,27,53,4,12,68,81,85,34,116,107,101,66,10,13,6,20,113,132,136,54,185,168,157,100,14,20,6,17,110,138,135,52,179,169,161,103,15,20,9,18,88,111,118,46,157,148,142,103,21,35,9.88,21.38,107.38,129.0,135.62,53.12,183.0,169.62,160.25,112.75,22.25,38.38
Asphalt_0cm_S1,2026-04-02T16:33:04.546317,15,27,118,140,152,59,207,187,175,134,32,65,14,28,134,152,165,64,219,200,185,135,30,52,13,25,119,140,154,60,209,197,186,132,29,49,12,24,109,138,140,56,192,181,175,129,27,53,4,12,68,81,85,34,116,107,101,66,10,13,6,20,113,132,136,54,185,168,157,100,14,20,6,17,110,138,135,52,179,169,161,103,15,20,9,18,88,111,118,46,157,148,142,103,21,35,9.88,21.38,107.38,129.0,135.62,53.12,183.0,169.62,160.25,112.75,22.25,38.38
Asphalt_0cm_S1,2026-04-02T16:33:04.628169,15,27,118,140,152,59,207,187,175,134,32,65,14,28,134,152,165,64,219,200,185,135,30,52,13,25,119,140,154,60,209,197,186,132,29,49,12,24,109,138,140,56,192,181,175,129,27,53,4,12,68,81,85,34,116,107,101,66,10,13,6,20,113,132,136,54,185,168,157,100,14,20,6,17,110,138,135,52,179,169,161,103,15,20,9,18,88,111,118,46,157,148,142,103,21,35,9.88,21.38,107.38,129.0,135.62,53.12,183.0,169.62,160.25,112.75,22.25,38.38
Asphalt_0cm_S1,2026-04-02T16:33:04.713810,15,28,118,140,153,59,207,187,175,134,32,65,14,28,134,152,165,65,219,199,185,135,30,52,13,25,119,140,154,60,209,197,186,132,29,49,12,24,109,138,141,56,191,181,175,128,27,53,4,12,68,80,85,34,116,108,101,66,10,13,7,20,113,132,137,54,185,168,157,100,14,20,7,17,110,138,135,52,179,170,161,103,15,20,9,18,89,111,118,46,157,148,142,103,21,35,10.12,21.5,107.5,128.88,136.0,53.25,182.88,169.75,160.25,112.62,22.25,38.38
Asphalt_0cm_S1,2026-04-02T16:33:04.811699,15,28,118,140,152,59,207,187,175,134,32,65,14,28,134,152,165,64,219,199,185,135,30,52,13,25,119,140,154,61,209,198,186,132,29,49,12,24,109,138,140,56,192,181,175,129,27,53,4,12,68,81,85,34,116,107,101,66,10,13,7,20,113,132,136,54,185,168,157,100,14,20,7,17,110,138,135,52,179,170,161,103,15,20,9,18,88,111,118,46,157,148,142,103,21,35,10.12,21.5,107.38,129.0,135.62,53.25,183.0,169.75,160.25,112.75,22.25,38.38
Asphalt_0cm_S1,2026-04-02T16:33:04.906762,15,27,118,140,152,59,207,187,175,134,32,65,14,28,134,152,164,64,219,199,185,135,30,52,13,25,118,140,154,60,209,198,186,132,29,49,12,24,109,138,140,56,192,181,175,129,27,53,4,12,68,81,85,34,116,107,101,66,10,13,7,20,113,132,136,54,185,168,157,100,14,20,7,17,110,138,135,52,179,170,161,103,15,20,9,18,88,111,118,46,157,148,142,103,21,35,10.12,21.38,107.25,129.0,135.5,53.12,183.0,169.75,160.25,112.75,22.25,38.38
Asphalt_0cm_S1,2026-04-02T16:33:04.994477,15,27,118,140,152,59,207,187,175,134,32,65,14,28,134,152,164,64,219,199,185,135,30,52,13,25,118,140,154,60,209,198,186,132,29,49,12,24,109,138,140,56,192,181,175,129,27,53,4,12,68,81,85,34,116,107,101,66,10,13,7,20,113,132,136,54,185,168,157,100,14,20,7,17,110,138,135,52,179,170,161,103,15,20,9,18,88,111,118,46,157,148,142,103,21,35,10.12,21.38,107.25,129.0,135.5,53.12,183.0,169.75,160.25,112.75,22.25,38.38
Asphalt_0cm_S1,2026-04-02T16:33:05.080961,15,27,118,140,152,59,207,187,175,134,33,65,14,28,134,152,165,65,219,199,185,135,30,52,13,25,118,140,154,60,209,198,186,132,29,49,12,24,110,138,141,56,192,181,175,129,27,53,4,12,68,80,85,34,116,107,101,66,10,13,7,20,114,132,137,54,186,168,157,100,14,20,7,17,110,138,135,52,179,169,161,103,15,20,9,18,89,111,118,46,156,147,142,103,21,35,10.12,21.38,107.62,128.88,135.88,53.25,183.0,169.5,160.25,112.75,22.38,38.38
Asphalt_0cm_S1,2026-04-02T16:33:05.171403,15,27,118,140,152,59,207,187,175,134,33,65,14,28,134,152,165,65,219,199,185,135,30,52,13,25,118,140,154,60,209,198,186,132,29,49,12,24,110,138,141,56,192,181,175,129,27,53,4,12,68,80,85,34,116,107,101,66,10,13,7,20,114,132,137,54,186,168,157,100,14,20,7,17,110,138,135,52,179,169,161,103,15,20,9,18,89,111,118,46,156,147,142,103,21,35,10.12,21.38,107.62,128.88,135.88,53.25,183.0,169.5,160.25,112.75,22.38,38.38
Asphalt_0cm_S1,2026-04-02T16:33:05.257498,15,27,118,140,153,59,207,187,175,134,33,65,14,28,134,152,165,64,219,199,185,135,30,52,13,25,119,140,154,60,209,198,186,132,29,49,12,24,110,138,141,56,192,181,176,128,27,53,4,12,68,80,85,34,116,107,101,66,10,13,7,20,113,132,137,54,185,168,157,100,14,20,7,17,110,138,135,52,179,170,161,103,15,20,9,18,89,111,118,46,157,148,142,103,21,35,10.12,21.38,107.62,128.88,136.0,53.12,183.0,169.75,160.38,112.62,22.38,38.38
Asphalt_0cm_S1,2026-04-02T16:33:05.342087,15,27,118,140,153,59,207,187,175,134,33,65,14,28,134,152,165,64,219,199,185,135,30,52,13,25,119,140,154,60,209,198,186,132,29,49,12,24,110,138,141,56,192,181,176,128,27,53,4,12,68,81,85,34,116,107,101,66,10,13,7,20,113,132,136,54,186,168,157,100,14,20,7,17,110,138,135,52,179,170,161,103,15,20,9,18,89,111,118,46,157,148,142,103,21,35,10.12,21.38,107.62,129.0,135.88,53.12,183.12,169.75,160.38,112.62,22.38,38.38
Asphalt_0cm_S1,2026-04-02T16:33:05.436223,15,27,118,140,152,59,206,187,175,134,32,65,14,28,134,152,165,65,219,199,185,135,30,52,13,25,119,140,154,61,210,198,186,132,29,49,12,24,110,138,141,56,192,181,176,128,27,53,4,12,68,81,85,34,116,107,101,66,10,13,7,20,113,132,136,54,186,168,157,100,14,20,7,17,110,138,135,52,179,170,161,103,15,20,9,18,89,111,118,46,157,148,142,103,21,35,10.12,21.38,107.62,129.0,135.75,53.38,183.12,169.75,160.38,112.62,22.25,38.38
Asphalt_0cm_S1,2026-04-02T16:33:05.527293,15,27,118,140,152,59,206,187,175,134,32,65,14,28,134,152,165,65,219,199,185,135,30,52,13,25,119,140,154,61,210,198,186,132,29,49,12,24,109,138,141,56,191,181,175,129,27,53,4,12,68,81,85,34,116,107,101,66,10,13,6,20,114,132,137,54,185,168,157,100,15,20,7,18,110,138,135,52,179,170,161,102,15,20,9,18,89,111,118,46,157,148,142,103,21,35,10.0,21.5,107.62,129.0,135.88,53.38,182.88,169.75,160.25,112.62,22.38,38.38
Asphalt_0cm_S1,2026-04-02T16:33:05.628296,15,28,118,140,152,59,206,187,175,134,32,65,14,28,134,152,165,65,219,199,185,135,30,52,13,25,119,140,154,60,209,198,187,132,29,49,12,24,110,138,141,56,192,181,175,129,27,53,4,12,68,80,85,33,116,107,101,65,10,13,6,20,113,132,137,54,186,168,157,100,14,20,7,18,110,138,135,52,179,170,161,102,15,20,9,18,88,111,118,46,157,148,142,103,21,35,10.0,21.62,107.5,128.88,135.88,53.12,183.0,169.75,160.38,112.5,22.25,38.38
Asphalt_0cm_S1,2026-04-02T16:33:05.726747,15,28,118,140,152,59,207,187,175,134,32,65,14,28,134,152,164,64,219,200,185,135,30,52,13,25,119,140,154,60,209,198,186,132,29,49,12,24,110,138,141,56,192,181,175,129,27,53,4,12,68,80,85,33,116,107,101,65,10,13,6,20,113,132,137,54,186,168,157,100,14,20,7,17,110,138,135,52,179,170,161,102,15,20,9,18,89,111,118,46,157,148,142,103,21,35,10.0,21.5,107.62,128.88,135.75,53.0,183.12,169.88,160.25,112.5,22.25,38.38
Asphalt_0cm_S1,2026-04-02T16:33:05.823713,15,28,118,140,152,59,207,187,175,134,32,65,14,28,134,152,164,64,219,200,185,135,30,52,13,25,119,140,154,60,209,198,186,132,29,49,12,24,109,138,141,56,191,181,175,129,27,53,4,12,68,80,85,33,116,107,101,66,10,13,6,20,113,132,136,54,185,168,157,100,14,20,7,17,110,138,135,52,179,170,161,103,15,20,9,18,89,112,118,46,157,148,142,103,21,35,10.0,21.5,107.5,129.0,135.62,53.0,182.88,169.88,160.25,112.75,22.25,38.38
Asphalt_0cm_S1,2026-04-02T16:33:05.920487,15,27,118,140,152,59,207,187,175,134,33,65,14,28,134,152,164,64,219,199,185,135,30,52,13,25,119,140,154,60,209,198,186,132,29,49,12,24,109,138,141,56,191,181,175,129,27,53,4,12,68,80,85,33,116,107,101,66,10,13,6,20,113,132,136,54,185,168,157,100,14,20,7,17,110,138,135,52,179,170,161,103,15,20,9,18,89,112,118,46,157,148,142,103,21,35,10.0,21.38,107.5,129.0,135.62,53.0,182.88,169.75,160.25,112.75,22.38,38.38
Asphalt_0cm_S1,2026-04-02T16:33:06.008005,15,27,118,140,152,59,207,187,175,134,33,65,14,28,134,152,164,64,219,199,185,135,30,52,13,25,119,140,154,60,209,198,186,132,29,49,12,24,109,138,141,56,191,181,175,129,27,53,4,12,68,81,85,34,116,107,101,66,10,13,6,20,113,132,136,54,185,168,157,100,14,20,7,17,110,138,135,52,179,170,161,103,15,20,9,18,89,112,118,46,157,148,142,103,21,35,10.0,21.38,107.5,129.12,135.62,53.12,182.88,169.75,160.25,112.75,22.38,38.38
Asphalt_0cm_S1,2026-04-02T16:33:06.098374,15,28,118,140,152,59,206,187,175,134,33,65,14,28,134,152,164,65,219,199,185,135,30,52,13,25,119,140,154,60,209,198,186,132,29,49,12,24,110,138,141,56,192,181,175,129,27,53,4,12,68,80,85,33,116,107,101,65,10,13,6,20,113,132,137,54,185,168,157,100,14,20,7,17,110,138,135,52,179,170,161,102,15,20,9,18,89,111,119,46,157,148,142,103,21,35,10.0,21.5,107.62,128.88,135.88,53.12,182.88,169.75,160.25,112.5,22.38,38.38
Asphalt_0cm_S1,2026-04-02T16:33:06.195606,15,27,118,140,152,59,207,187,175,134,32,65,14,28,134,152,164,65,219,199,185,135,30,52,13,25,119,140,154,60,209,198,186,132,29,49,12,24,110,138,141,56,192,181,175,129,27,53,4,12,68,80,85,33,116,107,101,65,10,13,7,20,113,132,137,54,185,168,157,100,14,20,7,17,110,138,135,52,179,170,161,103,15,20,9,18,88,111,118,46,157,148,142,103,21,35,10.12,21.38,107.5,128.88,135.75,53.12,183.0,169.75,160.25,112.62,22.25,38.38
Asphalt_0cm_S1,2026-04-02T16:33:06.292185,15,27,118,140,152,59,207,187,175,134,32,65,14,28,134,152,165,65,219,199,185,135,30,52,13,25,119,140,154,60,209,197,187,132,29,49,12,24,109,138,141,56,192,181,175,128,27,53,4,12,68,80,85,34,116,108,101,66,10,13,7,20,114,132,136,54,185,168,157,100,14,20,6,17,110,138,135,52,179,170,161,102,15,20,9,18,88,111,118,46,157,148,142,103,21,35,10.0,21.38,107.5,128.88,135.75,53.25,183.0,169.75,160.38,112.5,22.25,38.38
Asphalt_0cm_S1,2026-04-02T16:33:06.386262,15,28,118,140,152,59,207,187,175,134,32,65,14,28,134,151,165,64,219,199,185,135,30,52,13,25,119,140,154,60,209,197,187,132,29,49,12,24,109,138,141,56,192,181,175,128,27,53,4,12,68,80,85,34,116,108,101,66,10,13,7,20,114,132,136,54,185,168,157,100,14,20,6,17,110,138,135,52,179,170,161,102,15,20,9,18,89,111,118,46,157,148,142,103,21,35,10.0,21.5,107.62,128.75,135.75,53.12,183.0,169.75,160.38,112.5,22.25,38.38
Asphalt_0cm_S1,2026-04-02T16:33:06.490373,15,28,118,140,152,59,207,187,175,134,32,65,14,28,134,151,165,64,219,199,185,135,30,52,13,25,119,140,154,60,209,197,186,132,29,49,12,24,109,138,141,56,192,181,175,129,27,53,4,12,68,81,85,34,116,107,101,66,10,13,7,20,114,132,136,54,185,168,157,100,14,20,7,17,110,138,135,52,179,170,161,102,15,20,9,18,89,111,119,46,157,148,142,103,21,35,10.12,21.5,107.62,128.88,135.88,53.12,183.0,169.62,160.25,112.62,22.25,38.38
Asphalt_0cm_S1,2026-04-02T16:33:06.582113,15,28,118,140,152,59,207,187,175,134,32,65,14,28,134,151,165,64,219,199,185,135,30,52,13,25,119,140,154,60,209,197,186,132,29,49,12,24,109,138,141,56,192,181,175,129,27,53,4,12,68,81,85,34,116,107,101,66,10,13,7,20,114,132,136,54,185,168,157,100,14,20,7,17,110,138,135,52,179,170,161,102,15,20,9,18,89,111,119,46,157,148,142,103,21,35,10.12,21.5,107.62,128.88,135.88,53.12,183.0,169.62,160.25,112.62,22.25,38.38
Asphalt_0cm_S1,2026-04-02T16:33:06.672025,15,28,118,140,152,59,207,187,175,134,32,65,14,28,134,151,165,64,219,199,185,135,30,52,13,25,119,140,154,60,209,197,186,132,29,49,12,24,109,138,141,56,192,181,175,129,27,53,4,12,68,81,85,34,116,107,101,66,10,13,7,20,114,132,136,54,185,168,157,100,14,20,7,17,110,138,135,52,179,170,161,102,15,20,9,18,89,111,119,46,157,148,142,103,21,35,10.12,21.5,107.62,128.88,135.88,53.12,183.0,169.62,160.25,112.62,22.25,38.38
Asphalt_0cm_S1,2026-04-02T16:33:06.757723,15,28,118,140,152,59,207,187,175,134,32,65,14,28,134,152,165,65,219,199,185,135,30,52,13,25,119,140,154,60,209,198,187,132,29,49,12,24,109,138,141,56,192,181,175,129,27,53,4,12,68,80,85,34,116,107,101,66,10,13,6,20,113,132,137,54,185,168,157,100,14,20,7,17,110,138,135,52,179,170,161,103,15,20,9,18,89,111,118,46,157,148,142,103,21,35,10.0,21.5,107.5,128.88,135.88,53.25,183.0,169.75,160.38,112.75,22.25,38.38
Asphalt_0cm_S1,2026-04-02T16:33:06.859564,15,27,118,140,152,58,207,187,175,134,32,65,14,28,134,152,165,65,219,199,185,135,30,52,13,25,119,140,154,60,209,198,187,132,29,49,12,24,109,138,141,56,192,181,175,129,27,53,4,12,68,80,85,34,116,107,101,66,10,13,6,20,114,132,137,54,185,168,157,100,14,20,7,17,110,138,135,52,179,170,161,103,15,20,9,18,89,111,118,46,157,148,142,103,21,35,10.0,21.38,107.62,128.88,135.88,53.12,183.0,169.75,160.38,112.75,22.25,38.38
Asphalt_0cm_S1,2026-04-02T16:33:06.953248,15,27,118,140,152,58,207,187,175,134,32,65,14,28,134,152,165,64,219,199,185,135,30,52,13,25,119,140,154,60,209,198,186,132,29,49,12,24,109,138,141,56,191,181,175,128,27,53,4,12,68,80,85,34,116,107,101,66,10,13,6,20,114,132,137,54,185,168,157,100,14,20,7,17,110,138,135,52,179,170,161,103,15,20,9,18,89,111,118,46,157,148,142,103,21,35,10.0,21.38,107.62,128.88,135.88,53.0,182.88,169.75,160.25,112.62,22.25,38.38
Asphalt_0cm_S1,2026-04-02T16:33:07.048413,15,27,118,140,152,58,207,187,175,134,32,65,14,28,134,152,165,64,219,199,185,135,30,52,13,25,119,140,154,60,209,198,186,132,29,49,12,24,109,138,141,56,191,181,175,128,27,53,4,12,68,80,85,34,116,107,101,66,10,13,6,20,114,132,137,54,185,168,157,100,14,20,7,17,110,138,135,52,179,170,161,103,15,20,9,18,89,111,118,46,157,148,142,103,21,35,10.0,21.38,107.62,128.88,135.88,53.0,182.88,169.75,160.25,112.62,22.25,38.38
Asphalt_0cm_S1,2026-04-02T16:33:07.136026,15,27,118,140,152,59,206,187,175,134,32,65,14,28,134,152,165,64,219,199,185,135,30,52,13,25,119,140,154,60,209,198,186,132,29,49,12,24,109,138,141,56,192,181,175,128,27,53,4,12,68,80,85,34,116,107,101,66,10,13,6,20,114,132,136,54,186,168,157,100,14,20,7,18,110,138,135,52,179,170,161,103,15,20,9,18,89,111,118,46,157,148,142,103,21,35,10.0,21.5,107.62,128.88,135.75,53.12,183.0,169.75,160.25,112.62,22.25,38.38
Asphalt_0cm_S1,2026-04-02T16:33:07.272768,15,27,118,140,152,59,206,187,175,134,32,65,14,28,134,152,165,64,219,199,185,135,30,52,13,25,119,140,154,60,209,198,186,132,29,49,12,24,109,138,141,56,192,181,175,128,27,53,4,12,68,80,85,34,116,107,101,66,10,13,6,20,114,132,136,54,186,168,157,100,14,20,7,18,110,138,135,52,179,170,161,103,15,20,9,18,89,111,118,46,157,148,142,103,21,35,10.0,21.5,107.62,128.88,135.75,53.12,183.0,169.75,160.25,112.62,22.25,38.38
Asphalt_0cm_S1,2026-04-02T16:33:07.358386,15,27,118,140,152,59,207,187,175,134,32,65,14,28,134,152,165,64,219,199,185,135,30,52,13,25,119,140,154,60,209,197,186,132,29,49,12,24,109,138,140,56,192,181,175,129,27,53,4,12,68,80,85,34,116,107,101,66,10,13,7,20,113,132,136,54,185,168,157,100,14,20,7,17,110,138,135,52,179,170,161,103,15,20,9,18,89,112,118,46,157,148,142,104,21,35,10.12,21.38,107.5,129.0,135.62,53.12,183.0,169.62,160.25,112.88,22.25,38.38
Asphalt_0cm_S1,2026-04-02T16:33:07.449245,15,27,118,140,152,59,207,187,175,134,32,65,14,28,134,152,165,64,219,199,185,135,30,52,13,25,119,140,154,60,209,197,186,132,29,49,12,24,109,138,140,56,192,181,175,129,27,53,4,12,68,80,85,34,116,107,101,66,10,13,7,20,113,132,136,54,185,168,157,100,14,20,7,17,110,138,135,52,179,170,161,103,15,20,9,18,89,112,118,46,157,148,142,104,21,35,10.12,21.38,107.5,129.0,135.62,53.12,183.0,169.62,160.25,112.88,22.25,38.38
Asphalt_0cm_S1,2026-04-02T16:33:07.534805,15,27,118,140,152,59,207,187,175,134,32,65,14,28,134,152,165,64,219,199,185,135,30,52,13,25,119,140,154,60,209,197,186,132,29,49,12,24,109,138,141,56,191,181,175,128,27,53,4,12,68,80,85,34,116,107,101,66,10,13,7,20,113,132,137,54,186,168,157,100,15,20,6,17,110,138,135,52,179,170,161,102,15,20,9,18,89,111,118,46,157,148,142,103,21,35,10.0,21.38,107.5,128.88,135.88,53.12,183.0,169.62,160.25,112.5,22.38,38.38
Asphalt_0cm_S1,2026-04-02T16:33:07.626211,15,27,118,140,152,59,207,187,175,134,32,65,14,28,134,152,165,64,219,199,185,135,30,52,13,25,119,140,154,60,209,197,186,132,29,49,12,24,109,138,141,56,191,181,175,128,27,53,4,12,68,80,85,34,116,107,101,66,10,13,7,20,113,132,137,54,186,168,157,100,15,20,6,17,110,138,135,52,179,170,161,102,15,20,9,18,89,111,118,46,157,148,142,103,21,35,10.0,21.38,107.5,128.88,135.88,53.12,183.0,169.62,160.25,112.5,22.38,38.38
Asphalt_0cm_S1,2026-04-02T16:33:07.714664,15,27,118,140,152,59,207,187,175,134,32,65,14,28,134,152,165,64,219,199,185,135,30,52,13,25,119,140,154,60,209,197,186,132,29,49,12,24,109,138,141,56,191,181,175,128,27,53,4,12,68,80,85,34,116,107,101,66,10,13,7,20,113,132,137,54,186,168,157,100,15,20,6,17,110,138,135,52,179,170,161,102,15,20,9,18,89,111,118,46,157,148,142,103,21,35,10.0,21.38,107.5,128.88,135.88,53.12,183.0,169.62,160.25,112.5,22.38,38.38
Asphalt_0cm_S1,2026-04-02T16:33:07.813599,15,27,118,140,152,59,207,187,175,134,32,65,14,28,134,152,165,65,219,200,185,135,30,52,13,25,119,140,154,60,209,198,186,132,29,49,12,24,110,138,140,56,192,181,175,129,27,53,4,12,68,81,85,34,116,108,101,66,10,13,7,20,113,132,137,54,185,168,157,100,15,20,7,17,110,138,135,52,179,170,161,103,15,20,9,18,89,111,118,46,157,148,142,103,21,35,10.12,21.38,107.62,129.0,135.75,53.25,183.0,170.0,160.25,112.75,22.38,38.38
Asphalt_0cm_S1,2026-04-02T16:33:07.901202,15,27,118,140,152,59,206,187,175,134,32,65,14,28,134,151,164,64,219,199,185,135,30,52,13,25,119,140,154,60,209,198,186,132,29,49,12,24,110,138,140,56,192,181,175,129,27,53,4,12,68,81,85,34,116,108,101,66,10,13,7,20,113,132,137,54,185,168,157,100,15,20,7,17,110,138,135,52,179,170,161,103,15,20,9,18,89,111,118,46,157,148,142,103,21,35,10.12,21.38,107.62,128.88,135.62,53.12,182.88,169.88,160.25,112.75,22.38,38.38
Asphalt_0cm_S1,2026-04-02T16:33:07.993451,15,27,118,140,152,59,206,187,175,134,32,65,14,28,134,151,164,64,219,199,185,135,30,52,13,25,119,140,154,60,209,198,186,132,29,49,12,24,109,137,141,56,192,181,175,128,27,53,4,12,68,81,85,34,116,108,101,66,10,13,7,20,113,132,137,54,185,168,157,100,15,20,7,17,110,138,135,52,179,170,161,103,15,20,9,18,89,111,118,46,157,148,142,103,21,35,10.12,21.38,107.5,128.75,135.75,53.12,182.88,169.88,160.25,112.62,22.38,38.38
Asphalt_0cm_S1,2026-04-02T16:33:08.080367,15,27,118,140,152,59,206,187,175,134,32,65,14,28,134,151,164,64,219,199,185,135,30,52,13,25,119,140,154,60,209,198,186,132,29,49,12,24,109,137,141,56,192,181,175,128,27,53,4,12,68,81,85,34,116,108,101,66,10,13,7,20,113,132,137,54,185,168,157,100,15,20,7,17,110,138,135,52,179,170,161,103,15,20,9,18,89,111,118,46,157,148,142,103,21,35,10.12,21.38,107.5,128.75,135.75,53.12,182.88,169.88,160.25,112.62,22.38,38.38
Asphalt_0cm_S1,2026-04-02T16:33:08.165628,15,27,118,140,152,59,206,187,175,134,32,65,14,28,134,151,164,64,219,199,185,135,30,52,13,25,119,140,154,60,209,198,186,132,29,49,12,24,109,137,141,56,192,181,175,128,27,53,4,12,68,81,85,34,116,107,101,66,10,13,6,20,113,132,136,54,185,168,157,100,14,20,7,17,110,138,135,52,179,170,161,103,15,20,9,18,89,111,118,46,157,148,142,103,21,35,10.0,21.38,107.5,128.75,135.62,53.12,182.88,169.75,160.25,112.62,22.25,38.38
Asphalt_0cm_S1,2026-04-02T16:33:08.300737,15,27,118,140,152,59,206,187,175,134,33,65,14,28,134,152,165,65,219,199,185,135,30,51,13,25,119,140,154,60,209,198,186,132,29,49,12,24,109,138,141,56,192,181,175,128,27,53,4,12,68,80,85,34,116,108,101,66,10,13,7,20,113,132,137,54,185,168,157,100,14,20,7,18,110,138,135,52,179,170,161,103,15,20,9,18,89,111,119,46,157,148,142,103,21,35,10.12,21.5,107.5,128.88,136.0,53.25,182.88,169.88,160.25,112.62,22.38,38.25
Asphalt_0cm_S1,2026-04-02T16:33:08.432600,15,28,118,140,152,58,206,187,175,134,32,65,14,28,134,152,164,64,219,199,185,135,30,51,13,25,119,140,154,60,209,197,186,132,29,49,12,24,109,138,140,56,192,181,175,128,27,53,4,12,68,80,85,34,116,108,101,66,10,13,7,20,113,132,137,54,185,168,157,100,14,20,7,17,110,138,135,52,179,170,161,103,15,20,9,18,88,111,119,46,157,148,142,103,21,35,10.12,21.5,107.38,128.88,135.75,53.0,182.88,169.75,160.25,112.62,22.25,38.25
Asphalt_0cm_S1,2026-04-02T16:33:08.543446,15,27,118,140,152,59,207,187,175,134,32,65,14,28,134,152,164,64,219,199,185,135,30,51,13,25,119,140,154,60,209,197,186,132,29,49,12,24,109,138,140,56,192,181,175,128,27,53,4,12,68,81,85,34,116,107,101,66,10,13,7,20,113,132,137,54,185,168,157,100,14,20,7,17,110,138,135,52,179,170,161,102,15,20,9,18,89,111,118,46,157,148,142,103,21,35,10.12,21.38,107.5,129.0,135.62,53.12,183.0,169.62,160.25,112.5,22.25,38.25
Asphalt_0cm_S1,2026-04-02T16:33:08.655219,15,27,118,140,152,59,207,187,175,134,32,65,14,28,134,152,164,64,219,199,185,135,30,51,13,25,119,140,154,60,209,198,186,132,29,49,12,24,109,138,141,56,191,181,175,128,27,52,4,12,68,80,85,34,116,107,101,66,10,13,7,20,114,132,137,54,186,168,157,100,15,20,6,17,110,138,135,52,179,170,161,103,15,20,9,18,89,111,119,46,157,148,142,103,21,35,10.0,21.38,107.62,128.88,135.88,53.12,183.0,169.75,160.25,112.62,22.38,38.12
Asphalt_0cm_S1,2026-04-02T16:33:08.750097,15,27,118,140,152,58,206,187,175,134,32,64,14,28,134,152,164,64,219,199,185,135,30,51,13,25,119,140,154,60,209,198,186,132,29,49,12,24,109,138,141,56,191,181,175,128,27,53,4,12,68,80,85,34,116,107,101,66,10,13,7,20,114,132,137,54,186,168,157,100,15,20,6,17,110,138,135,52,179,170,161,103,15,20,9,18,89,111,119,46,157,148,142,103,21,35,10.0,21.38,107.62,128.88,135.88,53.0,182.88,169.75,160.25,112.62,22.38,38.12
Asphalt_0cm_S1,2026-04-02T16:33:08.849103,15,27,118,140,152,58,206,187,175,134,32,64,14,28,134,152,164,64,219,199,185,135,30,51,13,25,119,140,154,60,209,198,186,132,29,49,12,24,109,138,141,56,191,181,175,128,27,53,4,12,68,81,85,34,116,108,101,66,10,13,7,20,114,132,136,54,185,168,157,100,14,20,6,17,110,138,135,52,179,170,161,103,15,20,9,18,88,111,118,46,157,148,142,103,21,35,10.0,21.38,107.5,129.0,135.62,53.0,182.75,169.88,160.25,112.62,22.25,38.12
Asphalt_0cm_S1,2026-04-02T16:33:08.939635,15,27,118,140,152,58,206,187,175,134,32,64,14,28,134,152,164,64,219,199,185,135,30,51,13,25,119,140,154,60,209,198,186,132,29,49,12,24,109,138,141,56,191,181,175,128,27,53,4,12,68,81,85,34,116,108,101,66,10,13,7,20,114,132,136,54,185,168,157,100,14,20,6,17,110,138,135,52,179,170,161,103,15,20,9,18,88,111,118,46,157,148,142,103,21,35,10.0,21.38,107.5,129.0,135.62,53.0,182.75,169.88,160.25,112.62,22.25,38.12
Asphalt_0cm_S1,2026-04-02T16:33:09.019222,15,27,118,140,152,59,206,187,174,134,32,64,14,28,134,152,164,64,219,199,184,135,30,51,13,25,119,140,154,60,209,197,186,132,29,49,12,23,109,138,140,56,191,180,175,128,27,52,4,12,68,80,85,33,115,107,101,66,10,13,7,20,114,132,136,54,185,168,157,100,14,20,6,17,110,138,135,52,179,170,161,103,15,20,9,18,88,111,118,46,157,148,142,103,21,35,10.0,21.25,107.5,128.88,135.5,53.0,182.62,169.5,160.0,112.62,22.25,38.0
Asphalt_0cm_S1,2026-04-02T16:33:09.132694,15,27,118,139,152,58,206,187,175,133,32,64,14,28,134,152,164,64,219,199,184,135,30,51,13,25,119,140,154,60,209,198,186,132,29,49,12,24,109,138,141,56,191,181,175,128,27,52,4,12,68,80,85,34,116,107,101,66,10,13,6,20,114,132,137,54,186,168,157,100,14,20,7,17,110,138,135,52,179,170,161,103,15,20,9,18,88,111,118,46,157,148,142,103,21,35,10.0,21.38,107.5,128.75,135.75,53.0,182.88,169.75,160.12,112.5,22.25,38.0
Asphalt_0cm_S1,2026-04-02T16:33:09.227502,15,28,118,140,152,59,206,187,175,134,32,65,14,28,134,152,164,64,219,199,184,135,30,51,13,25,119,140,154,60,209,198,186,132,29,49,12,24,109,138,141,56,191,181,175,128,27,52,4,12,68,80,85,34,116,107,101,66,10,13,6,20,114,132,137,54,186,168,157,100,14,20,7,17,110,138,135,52,179,170,161,103,15,20,9,18,89,111,118,46,157,148,142,103,21,35,10.0,21.5,107.62,128.88,135.75,53.12,182.88,169.75,160.12,112.62,22.25,38.12
Asphalt_0cm_S1,2026-04-02T16:33:09.323033,15,28,118,140,152,59,206,187,175,134,32,65,14,28,134,152,164,64,219,199,184,135,30,51,13,25,119,140,154,60,209,198,186,132,29,49,12,24,109,138,141,56,191,181,175,128,27,52,4,12,68,80,85,34,116,107,101,66,10,13,7,20,114,132,136,54,185,168,157,100,14,20,6,17,110,138,135,52,179,170,161,103,15,20,9,18,89,111,118,46,157,148,142,103,21,35,10.0,21.5,107.62,128.88,135.62,53.12,182.75,169.75,160.12,112.62,22.25,38.12
Asphalt_0cm_S1,2026-04-02T16:33:09.412301,15,27,118,140,152,58,206,187,175,134,32,64,14,28,134,152,164,64,219,199,185,135,30,51,13,25,119,140,154,60,209,198,186,132,29,49,12,24,109,138,141,56,191,181,175,128,27,52,4,12,68,80,85,34,116,107,101,66,10,13,7,20,114,132,136,54,185,168,157,100,14,20,6,17,110,138,135,52,179,170,161,103,15,20,9,18,89,111,118,46,157,148,142,103,21,35,10.0,21.38,107.62,128.88,135.62,53.0,182.75,169.75,160.25,112.62,22.25,38.0
Asphalt_0cm_S1,2026-04-02T16:33:09.496178,15,27,118,140,152,58,206,187,175,134,32,64,14,28,134,152,164,64,219,199,185,135,30,51,13,25,119,140,154,60,209,198,186,132,29,49,12,24,109,138,141,56,191,181,175,128,27,52,4,12,68,80,85,34,116,107,101,66,10,13,7,20,114,132,136,54,185,168,157,100,14,20,6,17,110,138,135,52,179,170,161,103,15,20,9,18,89,111,118,46,157,148,142,103,21,35,10.0,21.38,107.62,128.88,135.62,53.0,182.75,169.75,160.25,112.62,22.25,38.0
Asphalt_0cm_S1,2026-04-02T16:33:09.580889,15,27,118,140,152,58,206,187,175,134,32,64,14,28,134,152,164,64,219,199,185,135,30,51,13,25,119,140,154,60,209,198,186,132,29,49,12,23,109,138,140,56,191,180,175,128,27,53,4,12,68,81,85,33,116,107,101,66,10,13,7,20,114,132,136,54,185,168,157,100,14,20,6,17,110,138,135,52,179,170,161,103,15,20,9,18,89,111,118,46,157,148,142,103,21,35,10.0,21.25,107.62,129.0,135.5,52.88,182.75,169.62,160.25,112.62,22.25,38.12
Asphalt_0cm_S1,2026-04-02T16:33:09.667929,15,27,118,140,152,58,206,187,175,134,32,64,14,28,134,152,164,64,219,199,185,135,30,51,13,25,119,140,154,60,209,198,186,132,29,49,12,23,109,138,140,56,191,180,175,128,27,53,4,12,68,81,85,34,116,107,101,65,10,13,7,20,114,132,137,54,186,168,157,100,14,20,7,17,110,138,135,52,179,170,161,103,15,20,9,18,89,111,118,46,157,148,142,103,21,35,10.12,21.25,107.62,129.0,135.62,53.0,182.88,169.62,160.25,112.5,22.25,38.12
Asphalt_0cm_S1,2026-04-02T16:33:09.760301,15,27,118,140,152,59,206,187,175,134,32,64,14,28,134,152,164,64,219,199,184,134,30,51,13,25,119,140,154,60,209,197,186,132,29,49,12,23,109,138,140,56,191,180,175,128,27,52,4,12,68,81,85,34,116,107,101,65,10,13,7,20,114,132,137,54,186,168,157,100,14,20,7,17,110,138,135,52,179,170,161,103,15,20,9,18,89,111,118,46,157,148,142,103,21,35,10.12,21.25,107.62,129.0,135.62,53.12,182.88,169.5,160.12,112.38,22.25,38.0
Asphalt_0cm_S1,2026-04-02T16:33:09.857430,15,28,118,140,152,59,206,187,175,133,32,64,14,28,134,152,164,64,219,199,184,134,30,51,13,25,119,140,154,60,209,197,186,132,29,49,12,23,109,138,140,56,191,180,175,128,27,52,4,12,68,81,85,34,116,108,101,66,10,13,7,20,113,132,137,54,185,168,157,100,15,20,7,17,110,138,135,52,179,170,161,103,15,20,9,18,89,111,118,46,157,148,142,103,21,35,10.12,21.38,107.5,129.0,135.62,53.12,182.75,169.62,160.12,112.38,22.38,38.0
Asphalt_0cm_S1,2026-04-02T16:33:09.945992,15,28,118,140,152,59,206,187,175,133,32,64,14,28,134,152,164,64,219,199,184,134,30,51,13,25,119,140,154,60,209,197,186,132,29,49,12,23,109,138,140,56,191,180,175,128,27,52,4,12,68,81,85,34,116,108,101,66,10,13,7,20,113,132,137,54,185,168,157,100,15,20,7,17,110,138,135,52,179,170,161,103,15,20,9,18,89,111,118,46,157,148,142,103,21,35,10.12,21.38,107.5,129.0,135.62,53.12,182.75,169.62,160.12,112.38,22.38,38.0
Asphalt_0cm_S1,2026-04-02T16:33:10.027506,15,28,118,140,152,59,206,187,175,133,32,64,14,28,134,152,164,64,219,199,185,134,30,51,13,25,118,140,154,60,209,197,186,132,29,49,12,24,109,138,140,56,191,180,175,128,27,52,4,12,68,81,85,34,116,108,101,66,10,13,6,20,114,132,136,54,185,168,157,100,14,20,7,18,110,138,135,52,179,170,161,103,15,20,9,18,89,111,118,46,157,148,142,103,21,35,10.0,21.62,107.5,129.0,135.5,53.12,182.75,169.62,160.25,112.38,22.25,38.0
Asphalt_0cm_S1,2026-04-02T16:33:10.119567,15,27,118,140,152,59,207,187,174,134,32,64,14,28,134,152,165,64,219,199,185,135,30,51,13,25,119,140,154,60,209,197,186,132,29,49,12,24,109,138,140,56,191,181,175,128,27,52,4,12,68,80,85,34,116,107,101,66,10,13,6,20,114,132,136,54,185,168,157,100,14,20,7,18,110,138,135,52,179,170,161,102,15,20,9,18,89,111,118,46,157,148,142,103,21,35,10.0,21.5,107.62,128.88,135.62,53.12,182.88,169.62,160.12,112.5,22.25,38.0
Asphalt_0cm_S1,2026-04-02T16:33:10.209060,14,27,118,140,152,59,206,187,175,133,32,64,14,28,134,152,165,64,219,199,185,135,30,51,13,25,119,140,154,60,209,197,186,132,29,49,12,24,109,138,140,56,191,181,175,128,27,52,4,12,68,80,85,34,116,107,101,66,10,13,6,20,114,132,136,54,185,168,157,100,14,20,7,18,110,138,135,52,179,170,161,102,15,20,9,18,89,111,118,46,157,148,142,103,21,35,9.88,21.5,107.62,128.88,135.62,53.12,182.75,169.62,160.25,112.38,22.25,38.0
Asphalt_0cm_S1,2026-04-02T16:33:10.319391,14,27,118,140,152,59,206,187,175,133,32,64,14,28,134,152,164,64,219,199,185,134,30,51,13,25,119,140,154,60,209,198,186,132,29,49,12,24,109,138,141,56,191,181,175,128,27,52,4,12,68,80,85,34,116,107,101,66,10,13,6,20,114,132,136,54,186,168,157,100,14,20,7,18,110,138,135,52,179,170,161,103,15,20,9,18,89,111,118,46,157,148,142,103,21,35,9.88,21.5,107.62,128.88,135.62,53.12,182.88,169.75,160.25,112.38,22.25,38.0
Asphalt_0cm_S1,2026-04-02T16:33:10.426503,15,27,118,140,153,59,206,187,175,134,32,65,14,28,134,152,164,64,219,199,185,135,30,51,13,25,119,140,154,60,209,198,186,132,29,49,12,24,109,138,140,56,191,181,175,128,27,52,4,12,68,81,85,34,117,108,101,66,10,13,6,20,114,132,136,54,186,168,157,100,14,20,7,18,110,138,135,52,179,170,161,103,15,20,9,18,89,111,118,46,157,148,142,103,21,35,10.0,21.5,107.62,129.0,135.62,53.12,183.0,169.88,160.25,112.62,22.25,38.12
Asphalt_0cm_S1,2026-04-02T16:33:10.522000,15,27,118,140,153,59,206,187,175,134,32,65,14,28,134,152,164,64,219,199,185,135,30,51,13,25,119,140,154,60,209,198,186,132,29,49,12,24,109,138,140,56,191,181,175,128,27,52,4,12,68,81,85,34,117,108,101,66,10,13,7,20,114,132,137,54,186,168,157,99,14,20,7,18,110,138,135,52,179,170,161,103,15,20,9,18,89,111,118,46,157,148,142,103,21,35,10.12,21.5,107.62,129.0,135.75,53.12,183.0,169.88,160.25,112.5,22.25,38.12
Asphalt_0cm_S1,2026-04-02T16:33:10.609606,15,27,118,140,152,59,206,187,175,134,32,64,14,28,134,152,164,64,219,199,185,134,30,51,13,25,119,140,154,60,209,197,186,132,29,49,12,24,109,138,141,56,191,181,175,128,27,52,4,12,68,81,85,34,117,108,101,66,10,13,7,20,114,132,137,54,186,168,157,99,14,20,7,18,110,138,135,52,179,170,161,103,15,20,9,18,89,111,119,46,157,148,142,103,21,35,10.12,21.5,107.62,129.0,135.88,53.12,183.0,169.75,160.25,112.38,22.25,38.0
Asphalt_0cm_S1,2026-04-02T16:33:10.701686,14,27,118,140,152,58,206,187,175,133,32,64,14,28,134,152,164,64,219,199,185,134,30,51,13,25,119,140,154,60,209,197,186,132,29,49,12,24,109,138,141,56,191,181,175,128,27,52,4,12,68,81,85,34,116,107,101,66,10,13,6,20,114,132,137,54,186,168,157,100,14,20,7,17,110,138,135,52,179,170,161,103,15,20,9,18,88,112,118,46,157,148,142,103,21,35,9.88,21.38,107.5,129.12,135.75,53.0,182.88,169.62,160.25,112.38,22.25,38.0
Asphalt_0cm_S1,2026-04-02T16:33:10.796624,14,27,118,140,152,58,206,187,175,133,32,64,14,28,134,152,165,64,219,199,185,134,30,51,13,25,119,140,154,60,209,197,186,132,29,49,12,24,109,138,140,56,192,181,175,128,27,52,4,12,68,80,85,34,116,107,101,66,10,13,7,20,113,132,137,54,185,168,157,100,15,20,7,17,110,138,135,52,179,170,161,103,15,20,9,18,88,112,118,46,157,148,142,103,21,35,10.0,21.38,107.38,129.0,135.75,53.0,182.88,169.62,160.25,112.38,22.38,38.0
Asphalt_0cm_S1,2026-04-02T16:33:10.885940,15,27,118,140,153,58,207,187,175,133,32,64,14,28,134,152,164,64,219,199,185,135,30,51,13,25,119,140,154,60,209,197,186,132,29,49,12,24,109,138,140,56,192,181,175,128,27,52,4,12,68,80,85,34,116,107,101,66,10,13,7,20,113,132,137,54,185,168,157,100,15,20,7,18,110,138,135,52,179,170,162,103,15,20,9,18,89,111,119,46,157,148,142,103,21,35,10.12,21.5,107.5,128.88,135.88,53.0,183.0,169.62,160.38,112.5,22.38,38.0
Asphalt_0cm_S1,2026-04-02T16:33:10.979376,15,27,118,140,153,58,207,187,175,133,32,64,14,28,134,152,164,64,219,199,185,135,30,51,13,25,119,140,154,60,209,198,186,132,29,49,12,24,109,138,140,56,192,181,175,128,27,52,4,12,68,80,85,34,116,107,101,66,10,13,7,20,113,132,137,54,185,168,157,100,15,20,7,18,110,138,135,52,179,170,162,103,15,20,9,18,89,111,119,46,157,148,142,103,21,35,10.12,21.5,107.5,128.88,135.88,53.0,183.0,169.75,160.38,112.5,22.38,38.0
Asphalt_0cm_S1,2026-04-02T16:33:11.063549,15,27,118,140,153,58,207,187,175,133,32,64,14,28,134,152,164,64,219,199,185,135,30,51,13,25,119,140,154,60,209,198,186,132,29,49,12,23,109,138,140,56,192,181,175,128,27,53,4,12,68,81,85,34,116,108,101,66,10,13,7,20,113,132,137,54,186,168,157,100,15,20,7,17,110,138,135,52,179,170,161,103,15,20,9,18,89,112,119,46,157,148,142,103,21,35,10.12,21.25,107.5,129.12,135.88,53.0,183.12,169.88,160.25,112.5,22.38,38.12
Asphalt_0cm_S1,2026-04-02T16:33:11.153512,15,27,118,140,152,58,206,187,175,134,32,64,14,28,134,152,164,64,219,199,185,134,30,51,13,25,119,140,154,60,209,198,186,132,29,49,12,24,109,138,140,56,191,181,175,128,27,52,4,12,68,80,85,34,116,107,101,66,10,13,7,20,113,132,137,54,186,168,157,100,14,20,7,18,110,138,135,52,179,170,161,103,15,20,9,18,89,112,119,46,157,147,142,103,21,35,10.12,21.5,107.5,129.0,135.75,53.0,182.88,169.62,160.25,112.5,22.25,38.0
Asphalt_0cm_S1,2026-04-02T16:33:11.243974,15,27,118,140,152,58,206,187,175,133,32,64,14,28,134,152,165,65,219,199,185,135,30,51,13,25,119,140,154,60,209,197,186,132,29,49,12,24,109,138,140,56,191,181,175,128,27,53,4,12,68,80,85,34,116,107,101,66,10,13,7,20,113,132,137,54,186,168,157,100,14,20,7,18,110,138,135,52,179,170,161,103,15,20,9,18,89,112,119,46,157,147,142,103,21,35,10.12,21.5,107.5,129.0,135.88,53.12,182.88,169.5,160.25,112.5,22.25,38.12
Asphalt_0cm_S1,2026-04-02T16:33:11.320855,15,27,118,140,152,58,206,187,175,133,32,64,14,28,134,152,165,65,219,199,185,135,30,51,13,25,119,140,154,60,209,197,186,132,29,49,12,24,109,138,140,56,191,181,175,128,27,53,4,12,68,80,85,34,116,108,101,66,10,13,7,20,114,132,136,54,185,168,157,100,14,20,7,18,110,138,135,52,179,170,161,103,15,20,9,18,89,112,119,46,157,148,142,103,21,35,10.12,21.5,107.62,129.0,135.75,53.12,182.75,169.75,160.25,112.5,22.25,38.12
Asphalt_0cm_S1,2026-04-02T16:33:11.415328,15,27,118,140,152,58,206,187,175,133,32,64,14,28,134,152,164,64,219,199,185,135,30,51,13,25,119,140,154,61,209,198,186,132,29,49,12,24,109,138,140,56,191,181,175,128,27,53,4,12,68,80,85,34,116,108,101,66,10,13,7,20,114,132,136,54,185,168,157,100,14,20,7,18,110,138,135,52,179,170,161,103,15,20,9,18,89,112,119,46,157,148,142,103,21,35,10.12,21.5,107.62,129.0,135.62,53.12,182.75,169.88,160.25,112.5,22.25,38.12
Asphalt_0cm_S1,2026-04-02T16:33:11.510438,15,27,118,140,152,58,206,187,175,133,32,64,14,28,134,152,164,64,219,199,185,135,30,51,13,25,119,140,154,61,209,198,186,132,29,49,12,24,109,138,140,56,191,181,175,128,27,53,4,12,68,80,85,34,116,108,101,66,10,13,7,20,114,132,136,54,185,168,157,100,14,20,7,18,110,138,135,52,179,170,161,103,15,20,9,18,89,112,119,46,157,148,142,103,21,35,10.12,21.5,107.62,129.0,135.62,53.12,182.75,169.88,160.25,112.5,22.25,38.12
Asphalt_0cm_S1,2026-04-02T16:33:11.599700,15,27,118,140,152,58,206,187,175,133,32,64,14,28,134,152,164,64,219,199,185,135,30,51,13,25,119,140,154,61,209,198,186,132,29,49,12,24,109,138,140,56,191,181,175,128,27,53,4,12,68,80,85,34,116,108,101,66,10,13,7,20,114,132,136,54,185,168,157,100,14,20,7,18,110,138,135,52,179,170,161,103,15,20,9,18,89,112,119,46,157,148,142,103,21,35,10.12,21.5,107.62,129.0,135.62,53.12,182.75,169.88,160.25,112.5,22.25,38.12
Asphalt_0cm_S1,2026-04-02T16:33:11.678052,15,27,118,140,152,58,206,187,175,133,32,64,14,28,134,152,164,64,219,199,185,135,30,51,13,25,119,140,154,61,209,198,186,132,29,49,12,24,109,138,140,56,191,181,175,128,27,53,4,12,68,80,85,34,116,107,101,66,10,13,7,20,114,132,137,54,185,168,157,100,14,20,7,17,110,138,135,52,179,170,161,103,15,20,9,18,89,112,119,46,157,148,142,103,21,35,10.12,21.38,107.62,129.0,135.75,53.12,182.75,169.75,160.25,112.5,22.25,38.12
Asphalt_0cm_S1,2026-04-02T16:33:11.759682,15,27,118,140,152,59,206,187,174,133,32,64,14,28,134,152,164,64,219,199,185,135,30,51,13,25,119,140,154,60,209,198,187,132,29,49,12,24,109,138,141,56,192,181,175,129,27,53,4,12,68,81,85,34,116,107,100,66,10,13,7,20,114,132,137,54,185,168,157,100,14,20,7,17,110,138,135,52,179,170,161,103,15,20,9,18,89,111,119,46,157,148,142,103,21,35,10.12,21.38,107.62,129.0,135.88,53.12,182.88,169.75,160.12,112.62,22.25,38.12
Asphalt_0cm_S1,2026-04-02T16:33:11.854271,15,27,118,140,152,59,206,187,174,133,32,64,14,28,134,152,164,64,219,199,185,135,30,51,13,25,119,140,154,60,209,198,187,132,29,49,12,24,109,138,141,56,192,181,175,129,27,53,4,12,68,81,85,34,116,107,100,66,10,13,6,20,114,132,137,54,186,168,157,100,14,20,7,17,110,138,135,52,179,170,161,103,15,20,9,18,89,112,118,46,157,148,142,103,21,35,10.0,21.38,107.62,129.12,135.75,53.12,183.0,169.75,160.12,112.62,22.25,38.12
Asphalt_0cm_S1,2026-04-02T16:33:11.946258,15,27,118,140,152,59,206,186,175,133,32,64,14,28,134,152,164,64,219,199,185,135,30,51,13,25,119,140,154,60,209,198,187,132,29,49,12,24,109,138,141,56,192,181,175,129,27,53,4,12,68,81,85,34,116,107,100,66,10,13,6,20,114,132,137,54,186,168,157,100,14,20,7,17,110,138,135,52,179,170,161,103,15,20,9,18,89,112,118,46,157,148,142,103,21,35,10.0,21.38,107.62,129.12,135.75,53.12,183.0,169.62,160.25,112.62,22.25,38.12
Asphalt_0cm_S1,2026-04-02T16:33:12.028497,15,27,118,140,152,59,206,186,175,133,32,64,14,28,134,152,164,64,219,199,185,135,30,51,13,25,119,140,154,60,209,198,186,132,29,49,12,24,110,138,141,56,191,181,176,129,27,53,4,12,68,81,85,34,116,108,100,66,10,13,7,20,114,132,137,54,186,168,157,101,14,20,6,17,110,138,135,52,179,170,161,103,15,20,9,18,89,111,118,46,157,148,142,103,21,35,10.0,21.38,107.75,129.0,135.75,53.12,182.88,169.75,160.25,112.75,22.25,38.12
Asphalt_0cm_S1,2026-04-02T16:33:12.124838,15,27,118,140,152,59,206,186,175,133,32,64,14,28,134,152,164,64,219,199,185,135,30,51,13,25,119,140,154,60,209,198,186,132,29,49,12,24,110,138,141,56,191,181,176,129,27,53,4,12,68,81,85,34,116,108,100,66,10,13,7,20,114,132,137,54,186,168,157,101,14,20,6,17,110,138,135,52,179,170,161,103,15,20,9,18,89,111,118,46,157,148,142,103,21,35,10.0,21.38,107.75,129.0,135.75,53.12,182.88,169.75,160.25,112.75,22.25,38.12
Asphalt_0cm_S1,2026-04-02T16:33:12.226781,15,27,118,140,152,59,206,186,175,133,32,64,14,28,134,152,164,64,219,199,185,135,30,51,13,25,119,140,154,60,209,198,186,132,29,49,12,24,110,138,141,56,191,181,176,129,27,53,4,12,68,81,85,34,116,108,100,66,10,13,7,20,114,132,137,54,186,168,157,101,14,20,6,17,110,138,135,52,179,170,161,103,15,20,9,18,89,111,118,46,157,148,142,103,21,35,10.0,21.38,107.75,129.0,135.75,53.12,182.88,169.75,160.25,112.75,22.25,38.12
Asphalt_0cm_S1,2026-04-02T16:33:12.317915,15,27,118,139,152,58,206,186,174,133,32,64,14,28,134,152,164,64,219,199,184,135,30,52,13,25,119,140,154,60,209,198,186,132,29,49,12,24,109,138,141,56,192,181,175,128,27,53,4,12,68,80,85,34,116,107,101,66,10,13,7,20,113,132,137,54,185,168,157,100,14,20,7,17,110,138,135,52,179,170,161,103,15,20,9,18,89,111,118,46,157,148,142,103,21,35,10.12,21.38,107.5,128.75,135.75,53.0,182.88,169.62,160.0,112.5,22.25,38.25
Asphalt_0cm_S1,2026-04-02T16:33:12.417351,14,27,118,140,152,59,206,187,174,133,32,64,14,28,134,152,164,64,219,199,185,135,30,51,13,25,119,140,154,60,209,198,187,132,29,49,12,24,109,138,141,56,192,181,175,128,27,53,4,12,68,80,85,34,116,107,101,66,10,13,7,20,113,132,137,54,185,168,157,100,14,20,7,17,110,138,135,52,179,170,161,103,15,20,9,18,89,111,118,46,157,148,142,103,21,35,10.0,21.38,107.5,128.88,135.75,53.12,182.88,169.75,160.25,112.5,22.25,38.12
Asphalt_0cm_S1,2026-04-02T16:33:12.495184,14,27,118,140,152,59,206,187,174,133,32,64,14,28,134,152,164,64,219,199,185,135,30,51,13,25,119,140,154,60,209,198,187,132,29,49,12,24,110,138,141,56,192,181,175,129,27,53,4,12,68,80,85,34,116,107,101,66,10,13,7,20,113,132,137,54,185,168,157,100,14,20,7,17,110,138,135,52,179,170,161,103,15,20,9,18,89,111,118,46,157,148,142,103,21,35,10.0,21.38,107.62,128.88,135.75,53.12,182.88,169.75,160.25,112.62,22.25,38.12
Asphalt_0cm_S1,2026-04-02T16:33:12.584421,14,27,118,140,152,59,206,187,174,133,32,64,14,28,134,152,164,64,219,199,185,135,30,51,13,25,119,140,154,60,209,198,187,132,29,49,12,24,110,138,141,56,192,181,175,129,27,53,4,12,68,80,85,34,116,107,101,66,10,13,7,20,113,132,137,54,185,168,157,100,14,20,7,17,110,138,135,52,179,170,161,103,15,20,9,18,89,111,118,46,157,148,142,103,21,35,10.0,21.38,107.62,128.88,135.75,53.12,182.88,169.75,160.25,112.62,22.25,38.12
Asphalt_0cm_S1,2026-04-02T16:33:12.663548,14,27,118,140,152,58,206,187,175,133,32,64,14,28,134,152,164,64,219,199,185,135,30,51,13,25,119,140,154,60,209,198,186,132,29,49,12,24,109,138,141,56,191,181,175,128,27,53,4,12,68,80,85,34,116,108,101,66,10,13,6,20,114,132,137,54,186,168,157,100,14,20,7,18,110,138,135,52,179,170,161,103,15,20,9,18,89,111,118,46,157,148,142,103,21,35,9.88,21.5,107.62,128.88,135.75,53.0,182.88,169.88,160.25,112.5,22.25,38.12
Asphalt_0cm_S1,2026-04-02T16:33:12.748964,15,27,118,140,152,58,206,186,174,133,32,64,14,28,134,152,164,64,219,199,185,134,30,51,13,25,119,140,154,60,209,198,186,132,29,49,12,24,109,138,140,56,192,180,175,128,27,53,4,12,68,80,85,34,116,108,101,66,10,13,6,20,114,132,137,54,186,168,157,100,14,20,7,18,110,138,135,52,179,170,161,103,15,20,9,18,89,111,118,46,157,148,142,103,21,35,10.0,21.5,107.62,128.88,135.62,53.0,183.0,169.62,160.12,112.38,22.25,38.12
Asphalt_0cm_S1,2026-04-02T16:33:12.836505,15,27,118,140,152,58,206,186,174,133,32,64,14,28,134,152,164,64,219,199,185,134,30,51,13,25,119,140,154,60,209,198,186,132,29,49,12,24,109,138,140,56,192,180,175,128,27,53,4,12,68,81,85,34,116,107,101,66,10,13,7,20,114,132,137,54,185,168,157,100,15,20,7,17,110,138,135,52,179,170,161,103,15,20,9,18,89,111,119,46,157,148,142,103,21,35,10.12,21.38,107.62,129.0,135.75,53.0,182.88,169.5,160.12,112.38,22.38,38.12
Asphalt_0cm_S1,2026-04-02T16:33:12.931643,15,27,118,140,152,58,206,187,174,133,32,64,14,28,134,152,164,64,219,199,184,134,30,51,13,25,119,140,154,60,209,198,186,132,29,49,12,24,109,138,140,56,192,180,175,128,27,53,4,12,68,81,85,34,116,107,101,66,10,13,7,20,114,132,137,54,185,168,157,100,15,20,7,17,110,138,135,52,179,170,161,103,15,20,9,18,89,111,119,46,157,148,142,103,21,35,10.12,21.38,107.62,129.0,135.75,53.0,182.88,169.62,160.0,112.38,22.38,38.12
Asphalt_0cm_S1,2026-04-02T16:33:13.028810,15,27,118,140,152,58,206,187,174,133,32,64,14,28,134,152,164,64,219,199,184,134,30,51,13,25,119,140,154,60,209,198,186,132,29,49,12,24,109,138,140,56,192,180,175,128,27,53,4,12,68,81,85,34,116,107,101,66,10,13,7,20,114,132,137,54,185,168,157,100,15,20,7,17,110,138,135,52,179,170,161,103,15,20,9,18,89,111,119,46,157,148,142,103,21,35,10.12,21.38,107.62,129.0,135.75,53.0,182.88,169.62,160.0,112.38,22.38,38.12
Asphalt_0cm_S1,2026-04-02T16:33:13.113328,15,27,118,140,152,58,206,187,174,133,32,64,14,28,134,152,164,64,219,199,184,134,30,51,13,25,119,140,154,60,209,198,186,132,29,49,12,24,109,138,141,56,191,181,175,129,27,53,4,12,68,81,85,34,116,107,101,66,10,13,7,20,114,132,137,54,185,168,157,101,14,20,7,17,110,138,135,52,179,170,161,103,15,20,9,18,89,111,119,46,157,148,142,103,21,35,10.12,21.38,107.62,129.0,135.88,53.0,182.75,169.75,160.0,112.62,22.25,38.12
Asphalt_0cm_S1,2026-04-02T16:33:13.220448,15,27,118,140,152,59,206,186,174,133,32,64,14,28,134,152,165,64,218,199,185,134,30,51,13,25,119,140,154,60,209,198,186,132,29,49,12,23,109,138,141,56,191,180,175,128,27,53,4,12,68,81,85,34,116,107,101,66,10,13,7,20,114,132,137,54,186,168,157,100,14,20,7,17,110,138,135,52,179,170,161,103,15,20,9,18,89,111,119,46,157,148,142,103,21,35,10.12,21.25,107.62,129.0,136.0,53.12,182.75,169.5,160.12,112.38,22.25,38.12
Asphalt_0cm_S1,2026-04-02T16:33:13.315481,15,27,118,140,152,59,206,186,174,133,32,64,14,28,134,152,165,64,218,199,185,134,30,51,13,25,119,140,154,60,209,198,186,132,29,49,12,24,109,138,140,56,192,181,175,128,27,53,4,12,68,81,85,34,116,107,101,66,10,13,7,20,113,132,137,54,185,168,157,100,15,20,7,18,110,138,135,52,179,170,161,103,15,20,9,18,89,112,119,46,157,148,142,103,21,35,10.12,21.5,107.5,129.12,135.88,53.12,182.75,169.62,160.12,112.38,22.38,38.12
Asphalt_0cm_S1,2026-04-02T16:33:13.397981,15,27,118,139,152,59,206,186,174,133,32,64,14,28,134,152,165,64,218,199,185,134,30,51,13,25,119,140,154,60,209,198,186,132,29,49,12,24,109,138,141,56,191,181,175,128,27,52,4,12,68,81,85,34,116,107,101,66,10,13,7,20,113,132,137,54,185,168,157,100,15,20,7,18,110,138,135,52,179,170,161,103,15,20,9,18,89,112,119,46,157,148,142,103,21,35,10.12,21.5,107.5,129.0,136.0,53.12,182.62,169.62,160.12,112.38,22.38,38.0
Asphalt_0cm_S1,2026-04-02T16:33:13.592842,15,27,118,139,152,59,206,186,174,133,32,64,14,28,134,152,165,64,218,199,185,134,30,51,13,25,119,140,154,60,209,198,186,132,29,49,12,24,109,138,141,56,191,181,175,128,27,52,4,12,68,80,85,34,116,108,101,66,10,13,6,20,114,132,137,54,186,168,157,100,15,20,7,18,110,138,135,52,179,170,161,103,15,20,9,18,89,112,119,46,157,148,142,103,21,35,10.0,21.5,107.62,128.88,136.0,53.12,182.75,169.75,160.12,112.38,22.38,38.0
Asphalt_0cm_S1,2026-04-02T16:33:13.779783,15,27,118,139,152,59,206,187,174,133,32,64,14,28,134,152,164,65,218,199,184,135,30,51,13,25,119,140,154,60,209,198,187,132,29,49,12,24,109,138,140,56,191,181,175,128,27,52,4,12,68,80,85,34,117,108,101,66,10,13,7,20,114,132,137,54,186,168,157,100,15,20,7,17,110,138,135,52,179,170,161,103,15,20,9,18,89,111,118,46,157,148,142,103,21,35,10.12,21.38,107.62,128.75,135.62,53.25,182.88,169.88,160.12,112.5,22.38,38.0
Asphalt_0cm_S1,2026-04-02T16:33:14.103848,14,27,118,140,152,58,206,186,174,133,32,64,14,28,134,152,164,64,219,199,184,134,30,51,13,25,119,140,154,60,209,197,186,132,29,49,12,24,109,138,140,56,191,181,175,128,27,52,4,12,68,80,85,34,117,108,101,66,10,13,7,20,114,133,137,54,186,168,157,101,15,20,7,17,110,138,135,52,179,170,161,103,15,20,9,18,89,111,118,46,157,148,142,103,21,35,10.0,21.38,107.62,129.0,135.62,53.0,183.0,169.62,160.0,112.5,22.38,38.0
Asphalt_0cm_S1,2026-04-02T16:33:14.302132,15,27,118,139,152,58,206,186,174,133,32,64,14,28,134,152,164,64,218,199,184,134,30,51,13,25,119,140,154,60,209,198,186,132,29,49,12,24,109,138,141,56,191,181,175,128,27,52,4,12,68,80,85,34,117,108,101,66,10,13,6,20,114,132,137,54,186,168,157,101,15,20,7,17,110,138,135,52,179,170,161,103,15,20,9,18,89,111,118,46,157,148,142,103,21,35,10.0,21.38,107.62,128.75,135.75,53.0,182.88,169.75,160.0,112.5,22.38,38.0
Asphalt_0cm_S1,2026-04-02T16:33:14.576307,14,27,118,140,152,58,206,186,174,133,32,64,14,28,134,152,164,64,218,199,184,134,30,51,13,25,119,140,154,61,209,198,186,132,29,49,12,24,109,138,140,56,191,181,175,129,27,53,4,12,68,81,85,34,116,108,101,66,10,13,7,20,114,132,137,54,186,169,157,101,15,20,7,18,110,138,135,52,179,170,161,103,15,21,9,18,89,111,118,46,157,148,142,103,21,35,10.0,21.5,107.62,129.0,135.62,53.12,182.75,169.88,160.0,112.62,22.38,38.25
Asphalt_0cm_S1,2026-04-02T16:33:14.741573,15,27,118,139,152,58,206,186,174,133,32,64,14,28,133,152,165,64,219,199,185,135,30,51,13,25,119,140,154,60,209,198,186,132,29,49,12,24,109,138,141,56,191,181,175,128,27,53,4,12,68,80,85,34,116,108,101,66,10,13,7,20,114,132,137,54,186,169,157,101,15,20,7,17,110,138,135,52,179,170,161,103,15,20,9,18,89,112,119,46,157,148,142,103,21,35,10.12,21.38,107.5,128.88,136.0,53.0,182.88,169.88,160.12,112.62,22.38,38.12
Asphalt_0cm_S1,2026-04-02T16:33:14.990145,14,27,118,139,152,59,206,187,175,133,32,64,14,28,134,152,164,64,218,199,184,134,30,51,13,25,119,140,154,61,209,198,187,132,29,49,12,24,109,138,140,56,191,181,175,128,27,53,4,12,68,80,85,34,116,108,101,66,10,13,7,20,114,132,137,54,186,168,157,101,15,20,7,18,110,138,135,52,179,170,161,103,15,20,9,18,89,111,119,46,157,148,142,103,21,35,10.0,21.5,107.62,128.75,135.75,53.25,182.75,169.88,160.25,112.5,22.38,38.12
Asphalt_0cm_S1,2026-04-02T16:33:15.192343,15,27,118,139,152,59,206,186,174,133,32,64,14,28,134,152,164,64,218,199,184,134,30,51,13,25,119,140,154,61,209,198,187,132,29,49,12,24,109,138,140,56,191,181,175,128,27,53,4,12,68,80,85,34,116,108,101,66,10,13,7,20,114,132,137,54,186,168,157,101,15,20,7,17,110,138,135,52,179,170,161,103,15,20,9,18,89,112,119,46,157,148,142,103,21,35,10.12,21.38,107.62,128.88,135.75,53.25,182.75,169.75,160.12,112.5,22.38,38.12
Asphalt_0cm_S1,2026-04-02T16:33:15.354268,14,27,118,140,152,59,206,186,175,133,32,64,14,28,134,152,164,64,219,199,184,135,30,51,13,25,119,140,154,60,209,198,186,132,29,49,12,24,109,138,140,56,191,180,175,128,27,52,4,12,68,81,85,34,117,108,101,66,10,13,7,20,114,132,137,54,186,168,157,100,15,20,7,17,110,138,135,52,179,170,161,103,15,20,9,18,89,111,119,46,157,148,142,103,21,35,10.0,21.38,107.62,129.0,135.75,53.12,183.0,169.62,160.12,112.5,22.38,38.0
Asphalt_0cm_S1,2026-04-02T16:33:15.536281,14,27,118,139,152,58,206,187,174,133,32,64,14,28,134,152,164,64,219,199,184,134,30,51,13,25,119,140,154,61,209,198,186,132,29,49,12,23,109,138,140,56,191,181,175,128,27,52,4,12,68,81,85,34,117,108,101,66,10,13,7,20,114,133,137,54,186,168,157,101,15,20,6,18,110,138,135,52,179,170,161,103,15,21,9,18,89,112,119,46,157,148,142,103,21,35,9.88,21.38,107.62,129.12,135.75,53.12,183.0,169.88,160.0,112.5,22.38,38.12
Asphalt_0cm_S1,2026-04-02T16:33:15.765793,14,27,118,140,152,58,206,186,174,133,32,64,14,28,134,152,164,64,219,199,185,134,30,51,13,25,119,140,154,61,209,198,186,132,29,49,12,23,109,138,140,56,191,181,175,128,27,52,4,12,68,81,85,34,117,108,101,66,10,13,7,20,114,132,137,54,186,168,157,101,14,20,7,18,110,138,135,52,179,170,161,103,15,20,9,18,89,112,119,46,157,148,142,103,21,35,10.0,21.38,107.62,129.12,135.75,53.12,183.0,169.75,160.12,112.5,22.25,38.0
Asphalt_0cm_S1,2026-04-02T16:33:15.892376,14,27,118,140,152,58,206,186,174,133,32,64,14,28,134,152,164,64,219,199,185,134,30,51,13,25,119,140,154,60,209,198,186,132,29,49,12,24,109,138,140,56,191,180,175,128,27,52,4,12,68,81,85,34,117,108,101,66,10,13,7,20,114,133,137,54,186,169,158,101,14,20,7,18,110,138,135,52,179,170,161,103,15,20,9,18,89,112,119,46,157,148,142,103,21,35,10.0,21.5,107.62,129.25,135.75,53.0,183.0,169.75,160.25,112.5,22.25,38.0
Asphalt_0cm_S1,2026-04-02T16:33:15.986372,15,27,118,140,152,58,206,187,174,133,32,64,14,28,134,152,164,64,219,199,185,134,30,51,13,25,119,140,154,60,209,198,186,132,29,49,12,24,109,138,140,56,191,180,175,128,27,52,4,12,68,81,85,34,117,108,101,66,10,13,7,20,114,133,137,54,186,169,158,101,14,20,7,18,110,139,135,52,179,170,162,103,15,21,9,18,89,112,119,46,157,148,143,104,21,35,10.12,21.5,107.62,129.38,135.75,53.0,183.0,169.88,160.5,112.62,22.25,38.12
Asphalt_0cm_S1,2026-04-02T16:33:16.150003,15,27,118,140,152,58,206,187,174,133,32,64,14,28,134,151,165,64,218,199,185,134,30,51,13,25,119,140,154,60,209,198,186,132,29,49,12,24,109,137,140,56,191,180,174,128,27,52,4,12,68,80,85,34,117,108,101,66,10,13,7,20,114,133,137,54,186,169,157,101,15,20,7,18,110,139,135,52,179,170,162,103,15,21,9,18,89,112,119,46,157,148,143,104,21,35,10.12,21.5,107.62,129.0,135.88,53.0,182.88,169.88,160.25,112.62,22.38,38.12
Asphalt_0cm_S1,2026-04-02T16:33:16.245670,15,27,118,140,152,58,206,187,174,133,32,64,14,28,134,151,165,64,218,199,185,134,30,51,13,25,119,140,154,60,209,198,186,132,29,49,12,24,109,137,140,56,191,180,174,128,27,52,4,12,68,80,85,34,117,108,101,66,10,13,7,20,114,133,137,54,186,169,157,101,15,20,7,18,110,139,135,52,179,170,162,103,15,21,9,18,89,112,119,46,157,148,143,104,21,35,10.12,21.5,107.62,129.0,135.88,53.0,182.88,169.88,160.25,112.62,22.38,38.12
Asphalt_0cm_S1,2026-04-02T16:33:16.324845,14,27,118,139,152,58,206,186,175,133,32,64,14,28,134,152,164,64,218,199,185,134,30,51,13,25,119,140,154,60,209,198,186,132,29,49,12,24,109,137,140,56,191,180,175,128,27,53,4,12,68,81,85,34,117,107,101,66,10,13,6,20,114,133,137,54,186,169,158,100,14,20,7,17,110,139,135,52,179,170,161,103,15,20,9,18,89,112,119,46,157,148,142,103,21,35,9.88,21.38,107.62,129.12,135.75,53.0,182.88,169.62,160.38,112.38,22.25,38.12
Asphalt_0cm_S1,2026-04-02T16:33:16.405152,14,27,118,139,152,59,206,186,174,133,32,64,14,28,134,152,164,64,218,199,185,134,30,51,13,25,119,140,154,60,209,198,186,132,29,49,12,24,109,137,140,56,191,180,175,128,27,53,4,12,68,81,85,34,117,107,101,66,10,13,6,20,114,133,137,54,186,169,158,100,14,20,7,17,110,138,135,52,179,170,161,103,15,21,9,18,89,112,119,46,157,148,142,103,21,35,9.88,21.38,107.62,129.0,135.75,53.12,182.88,169.62,160.25,112.38,22.25,38.25
Asphalt_0cm_S1,2026-04-02T16:33:16.500279,14,27,118,139,152,59,206,186,174,133,32,64,14,28,134,152,164,64,218,199,185,134,30,51,13,25,119,140,154,60,209,198,186,132,29,49,12,24,109,137,140,56,191,180,175,128,27,53,4,12,68,81,85,34,117,107,101,66,10,13,6,20,114,133,137,54,186,169,158,100,14,20,7,17,110,138,135,52,179,170,161,103,15,21,9,18,89,112,119,46,157,148,142,103,21,35,9.88,21.38,107.62,129.0,135.75,53.12,182.88,169.62,160.25,112.38,22.25,38.25
Asphalt_0cm_S1,2026-04-02T16:33:16.586824,14,27,118,139,152,59,206,186,174,133,32,64,14,28,134,152,164,64,218,199,184,134,30,51,13,25,119,140,154,60,209,198,186,132,29,49,12,24,109,138,140,56,191,180,174,128,27,52,4,12,68,80,85,34,117,107,101,66,10,13,7,20,114,132,137,54,186,169,158,101,15,20,7,18,110,138,135,52,179,170,161,103,15,20,9,18,89,112,119,46,157,148,142,103,21,35,10.0,21.5,107.62,128.88,135.75,53.12,182.88,169.62,160.0,112.5,22.38,38.0
Asphalt_0cm_S1,2026-04-02T16:33:16.658913,14,27,118,139,152,59,206,186,174,133,32,64,14,28,134,152,164,64,218,199,184,134,30,51,13,25,119,140,154,60,209,198,186,132,29,49,12,24,109,138,140,56,191,180,174,128,27,52,4,12,68,80,85,34,117,107,101,66,10,13,7,20,114,132,137,54,186,169,158,101,15,20,7,18,110,138,135,52,179,170,161,103,15,20,9,18,89,112,119,46,157,148,142,103,21,35,10.0,21.5,107.62,128.88,135.75,53.12,182.88,169.62,160.0,112.5,22.38,38.0
Asphalt_0cm_S1,2026-04-02T16:33:16.752663,14,27,118,140,152,58,206,186,175,133,32,64,14,28,134,151,164,64,218,199,184,134,29,51,13,25,119,140,154,60,209,197,186,132,29,48,12,23,109,137,140,56,190,179,174,127,27,52,4,12,68,80,85,34,116,108,101,66,10,13,7,20,114,133,137,54,186,169,158,101,15,20,7,17,110,139,135,52,179,170,162,103,15,20,9,18,89,111,119,46,157,148,142,103,21,35,10.0,21.25,107.62,128.88,135.75,53.0,182.62,169.5,160.25,112.38,22.25,37.88
Asphalt_0cm_S1,2026-04-02T16:33:16.848814,14,27,118,140,152,58,206,186,175,133,32,64,14,28,134,151,164,64,218,198,184,134,29,51,13,25,118,140,154,61,208,197,186,131,28,48,12,23,108,137,140,56,190,179,174,127,26,51,4,12,68,80,85,34,116,107,101,66,10,13,7,20,114,133,137,54,186,168,157,101,15,20,7,18,110,138,136,52,179,170,162,103,15,20,9,18,89,111,119,46,157,148,142,103,21,35,10.0,21.38,107.38,128.75,135.88,53.12,182.5,169.12,160.12,112.25,22.0,37.75
Asphalt_0cm_S1,2026-04-02T16:33:16.945034,14,27,118,139,152,58,206,186,174,133,32,64,14,28,134,152,164,64,218,198,184,134,29,51,13,25,118,140,154,61,208,197,186,131,28,48,12,23,108,137,140,56,190,179,174,127,26,51,4,12,68,80,85,34,116,107,101,66,10,13,7,20,114,133,137,54,186,168,157,101,15,20,7,18,110,138,136,52,179,170,162,103,15,20,9,18,89,112,119,46,157,148,142,103,21,35,10.0,21.38,107.38,128.88,135.88,53.12,182.5,169.12,160.0,112.25,22.0,37.75
Asphalt_0cm_S1,2026-04-02T16:33:17.040717,14,27,118,139,152,58,206,186,174,133,32,64,14,28,134,152,164,64,218,198,184,134,29,51,13,25,118,140,154,61,208,197,186,131,28,48,12,23,108,137,140,56,190,179,174,127,26,51,4,12,68,80,85,34,116,107,101,66,10,13,7,20,114,133,137,54,186,168,157,101,15,20,7,18,110,138,136,52,179,170,162,103,15,20,9,18,89,112,119,46,157,148,142,103,21,35,10.0,21.38,107.38,128.88,135.88,53.12,182.5,169.12,160.0,112.25,22.0,37.75
Asphalt_0cm_S1,2026-04-02T16:33:17.121271,14,27,118,139,152,58,206,186,174,133,32,64,14,28,134,152,164,64,218,198,184,134,29,51,13,25,118,140,154,61,208,197,186,131,28,48,12,23,108,137,140,56,190,179,174,127,26,51,4,12,68,80,85,34,116,107,101,66,10,13,7,20,114,133,137,54,186,168,157,101,15,20,7,18,110,138,136,52,179,170,162,103,15,20,9,18,89,112,119,46,157,148,142,103,21,35,10.0,21.38,107.38,128.88,135.88,53.12,182.5,169.12,160.0,112.25,22.0,37.75
Asphalt_0cm_S1,2026-04-02T16:33:17.215259,14,27,118,140,152,58,206,186,174,133,32,64,14,28,134,151,164,64,218,198,184,134,29,50,12,25,118,140,154,60,209,197,186,131,28,48,12,23,109,136,139,55,189,179,173,127,26,51,4,12,68,80,85,34,116,107,101,66,10,13,7,20,114,132,137,54,186,168,157,101,14,20,7,17,110,138,135,52,179,170,161,103,15,21,9,18,89,112,119,46,157,148,142,104,21,35,9.88,21.25,107.5,128.62,135.62,52.88,182.5,169.12,159.75,112.38,21.88,37.75
Asphalt_0cm_S1,2026-04-02T16:33:17.305944,14,27,118,139,152,58,206,186,174,133,32,64,14,28,133,151,164,64,218,198,184,133,29,50,12,24,118,139,153,60,208,197,185,131,28,47,11,23,108,136,139,55,189,179,173,126,26,51,4,12,68,80,85,34,116,107,101,66,10,13,7,20,114,132,137,54,186,168,157,101,14,20,7,17,110,138,135,52,179,170,161,103,15,21,9,18,89,112,119,46,157,148,142,104,21,35,9.75,21.12,107.25,128.38,135.5,52.88,182.38,169.12,159.62,112.12,21.88,37.62
Asphalt_0cm_S1,2026-04-02T16:33:17.401243,14,27,118,139,152,58,206,186,174,133,32,64,14,28,133,151,164,64,218,198,184,133,29,50,12,24,118,139,153,60,208,197,185,131,28,47,11,23,108,136,139,55,189,179,173,126,26,51,4,12,68,80,85,33,116,107,101,66,10,13,7,20,114,133,137,54,186,168,158,101,15,20,7,18,110,139,135,52,179,170,162,103,15,21,9,18,89,112,119,47,157,148,142,103,21,35,9.75,21.25,107.25,128.62,135.5,52.88,182.38,169.12,159.88,112.0,22.0,37.62
Asphalt_0cm_S1,2026-04-02T16:33:17.496552,15,27,118,140,152,59,206,186,174,133,32,64,14,28,133,151,164,64,218,198,184,133,29,50,12,24,118,139,153,60,208,197,185,131,28,47,11,23,108,136,139,55,189,179,173,126,26,51,4,12,68,80,85,33,116,107,101,66,10,13,7,20,114,133,137,54,186,168,158,101,15,20,7,18,110,139,135,52,179,170,162,103,15,21,9,18,89,112,119,47,157,148,142,103,21,35,9.88,21.25,107.25,128.75,135.5,53.0,182.38,169.12,159.88,112.0,22.0,37.62
Asphalt_0cm_S1,2026-04-02T16:33:17.585894,15,27,118,140,152,59,206,186,174,133,32,64,14,28,133,151,164,64,218,198,183,132,29,50,12,24,118,139,153,60,208,197,185,131,28,47,11,23,108,136,139,55,189,178,173,126,26,50,4,12,68,80,85,34,116,107,101,66,10,13,7,20,114,133,137,54,186,169,158,100,15,20,7,18,110,139,136,52,179,170,162,103,15,20,9,18,89,112,119,46,157,148,142,103,21,35,9.88,21.25,107.25,128.75,135.62,53.0,182.38,169.12,159.75,111.75,22.0,37.38
Asphalt_0cm_S1,2026-04-02T16:33:17.677126,15,27,118,140,152,59,206,186,174,133,32,64,14,28,133,151,164,64,218,198,183,132,29,50,12,24,118,139,153,60,208,197,185,131,28,47,11,23,108,136,139,55,189,178,173,126,26,50,4,12,68,80,85,34,116,107,101,66,10,13,7,20,114,133,137,54,186,169,158,100,15,20,7,18,110,139,136,52,179,170,162,103,15,20,9,18,89,112,119,46,157,148,142,103,21,35,9.88,21.25,107.25,128.75,135.62,53.0,182.38,169.12,159.75,111.75,22.0,37.38
Asphalt_0cm_S1,2026-04-02T16:33:17.765345,14,27,118,139,152,59,206,186,174,133,32,64,14,28,133,151,164,64,218,198,184,134,29,50,12,24,118,139,153,60,208,197,185,131,28,47,11,23,108,136,139,55,189,178,173,126,26,50,4,12,68,80,85,34,116,108,101,66,10,13,7,20,114,132,137,54,186,168,158,101,15,20,7,18,110,138,135,52,179,170,162,103,15,20,9,18,89,112,119,46,157,148,143,103,21,35,9.75,21.25,107.25,128.38,135.5,53.0,182.38,169.12,160.0,112.12,22.0,37.38
Asphalt_0cm_S1,2026-04-02T16:33:17.851593,14,27,118,139,152,59,206,186,174,133,32,64,14,28,133,151,164,64,218,198,184,133,29,50,13,25,118,140,152,60,208,197,185,131,28,47,11,22,108,136,139,55,189,179,173,126,26,50,4,12,68,80,85,33,116,107,100,66,10,13,7,20,114,132,137,55,186,169,158,101,15,20,7,18,110,138,135,52,180,170,162,103,15,20,9,18,89,112,119,46,157,148,143,103,21,35,9.88,21.25,107.25,128.5,135.38,53.0,182.5,169.25,159.88,112.0,22.0,37.38
Asphalt_0cm_S1,2026-04-02T16:33:17.957291,15,27,118,140,152,58,206,186,174,133,32,63,14,28,133,151,164,64,218,198,184,133,29,50,13,25,118,140,152,60,208,197,185,131,28,47,11,22,108,136,139,55,189,179,173,126,26,50,4,12,68,80,85,33,116,107,100,66,10,13,7,20,114,132,137,55,186,169,158,101,15,20,7,18,110,138,135,52,180,170,162,103,15,20,9,18,89,112,119,46,157,148,142,103,21,35,10.0,21.25,107.25,128.62,135.38,52.88,182.5,169.25,159.75,112.0,22.0,37.25
Asphalt_0cm_S1,2026-04-02T16:33:18.052693,15,27,118,140,152,58,206,186,174,133,32,63,13,28,133,151,164,64,218,198,184,133,29,50,12,24,118,139,153,60,208,196,185,130,28,47,11,22,108,136,139,55,189,179,173,126,26,50,4,12,68,80,85,33,116,107,100,66,10,13,7,20,114,132,137,55,186,169,158,101,15,20,7,18,110,138,135,52,180,170,162,103,15,20,9,18,89,112,119,46,157,148,142,103,21,35,9.75,21.12,107.25,128.5,135.5,52.88,182.5,169.12,159.75,111.88,22.0,37.25
Asphalt_0cm_S1,2026-04-02T16:33:18.137055,15,27,118,140,152,58,206,186,174,133,32,63,13,28,133,151,164,64,218,198,184,133,29,50,12,24,118,139,153,60,208,196,185,130,28,47,11,22,108,136,139,55,189,179,173,126,26,50,4,12,68,80,85,33,116,107,100,66,10,13,7,20,114,132,137,55,186,169,158,101,15,20,7,18,110,138,135,52,180,170,162,103,15,20,9,18,89,112,119,46,157,148,142,103,21,35,9.75,21.12,107.25,128.5,135.5,52.88,182.5,169.12,159.75,111.88,22.0,37.25
Asphalt_0cm_S1,2026-04-02T16:33:18.217193,14,27,118,139,152,58,206,187,174,133,32,63,13,28,133,151,164,64,217,198,184,133,29,50,12,24,118,139,153,60,208,196,185,130,28,47,11,23,108,136,138,55,189,178,172,125,26,50,4,12,68,80,85,34,116,107,101,66,10,13,6,20,114,132,137,54,186,168,158,101,15,20,7,17,110,139,135,52,180,171,161,103,15,20,9,18,89,112,119,46,157,148,143,103,21,35,9.5,21.12,107.25,128.5,135.38,52.88,182.38,169.12,159.75,111.75,22.0,37.25
Asphalt_0cm_S1,2026-04-02T16:33:18.312617,15,27,118,140,152,58,206,186,174,133,32,63,13,28,133,151,164,64,218,198,184,133,29,50,12,24,118,139,153,60,208,197,185,130,28,47,11,23,107,136,138,55,189,178,173,126,26,49,4,12,68,80,85,34,116,107,101,66,10,13,6,20,114,132,137,54,186,168,158,101,15,20,7,17,110,139,135,52,180,171,161,103,15,20,9,18,89,112,119,46,157,148,143,103,21,35,9.62,21.12,107.12,128.62,135.38,52.88,182.5,169.12,159.88,111.88,22.0,37.12
Asphalt_0cm_S1,2026-04-02T16:33:18.408004,15,27,118,140,152,58,206,186,174,133,32,63,13,28,133,151,164,64,218,198,184,133,29,50,12,24,118,139,153,60,208,197,185,130,28,47,11,23,107,136,138,55,189,178,173,126,26,49,4,12,68,80,85,34,116,107,101,66,10,13,7,20,113,132,137,55,186,168,158,101,15,20,7,18,110,138,135,52,180,171,161,103,15,21,9,18,89,112,119,46,157,148,142,103,21,35,9.75,21.25,107.0,128.5,135.38,53.0,182.5,169.12,159.75,111.88,22.0,37.25
Asphalt_0cm_S1,2026-04-02T16:33:18.504134,15,27,118,140,152,58,206,186,174,133,32,63,13,28,133,151,164,64,218,198,184,133,29,50,12,24,118,139,153,60,208,197,185,130,28,47,11,23,107,136,138,55,189,178,173,126,26,49,4,12,68,80,85,34,116,107,101,66,10,13,7,20,113,132,137,55,186,168,158,101,15,20,7,18,110,138,135,52,180,171,161,103,15,21,9,18,89,112,119,46,157,148,142,103,21,35,9.75,21.25,107.0,128.5,135.38,53.0,182.5,169.12,159.75,111.88,22.0,37.25
Asphalt_0cm_S1,2026-04-02T16:33:18.598102,15,27,118,140,152,58,206,186,174,133,32,63,13,28,133,151,164,64,218,198,184,133,29,50,12,24,118,139,153,60,208,197,185,130,28,47,11,23,107,136,138,55,189,178,173,126,26,49,4,12,68,80,85,34,116,107,101,66,10,13,7,20,113,132,137,55,186,168,158,101,15,20,7,18,110,138,135,52,180,171,161,103,15,21,9,18,89,112,119,46,157,148,142,103,21,35,9.75,21.25,107.0,128.5,135.38,53.0,182.5,169.12,159.75,111.88,22.0,37.25
Asphalt_0cm_S1,2026-04-02T16:33:18.685854,15,27,118,140,152,58,206,186,174,133,32,63,13,28,133,151,164,64,218,198,184,133,29,50,12,24,118,139,153,60,208,197,185,130,28,47,11,23,107,136,138,55,189,178,173,126,26,49,4,12,68,80,85,34,116,107,101,66,10,13,7,20,113,132,137,55,186,168,158,101,15,20,7,18,110,138,135,52,180,171,161,103,15,21,9,18,89,112,119,46,157,148,142,103,21,35,9.75,21.25,107.0,128.5,135.38,53.0,182.5,169.12,159.75,111.88,22.0,37.25
Asphalt_0cm_S1,2026-04-02T16:33:18.773667,15,27,118,139,152,59,206,186,174,133,32,63,13,28,134,151,164,64,218,198,183,133,29,50,12,24,118,139,153,60,208,196,185,131,28,47,11,23,108,136,139,55,189,178,173,126,26,49,4,12,68,80,85,33,116,107,101,66,10,13,7,20,114,133,137,54,186,169,158,101,15,20,7,18,110,138,135,52,179,170,161,103,15,20,9,18,89,111,118,46,157,148,142,104,21,35,9.75,21.25,107.38,128.38,135.38,52.88,182.38,169.0,159.62,112.12,22.0,37.12
Asphalt_0cm_S1,2026-04-02T16:33:18.869250,15,27,118,139,152,59,206,186,174,133,32,63,13,28,133,152,164,64,217,198,183,133,29,50,12,24,118,139,153,60,208,196,185,131,28,47,11,23,108,136,139,55,189,178,173,126,26,50,4,12,68,80,85,34,116,107,101,66,10,13,7,20,114,133,137,54,186,169,158,101,15,20,7,18,110,138,135,52,179,170,162,103,15,21,9,18,89,112,119,46,157,148,142,103,21,35,9.75,21.25,107.25,128.62,135.5,53.0,182.25,169.0,159.75,112.0,22.0,37.38
Asphalt_0cm_S1,2026-04-02T16:33:18.973050,15,27,118,140,152,59,206,186,174,133,32,63,13,28,133,152,164,64,217,198,183,133,29,50,12,24,118,139,153,60,208,196,185,131,28,47,11,23,108,136,139,55,189,178,173,126,26,50,4,12,68,80,85,34,116,107,101,66,10,13,7,20,114,133,137,54,186,169,158,101,15,20,7,18,110,138,135,52,179,170,162,103,15,21,9,18,89,112,119,46,157,148,142,103,21,35,9.75,21.25,107.25,128.75,135.5,53.0,182.25,169.0,159.75,112.0,22.0,37.38
Asphalt_0cm_S1,2026-04-02T16:33:19.059209,15,27,118,140,152,59,206,186,174,133,32,63,13,28,133,151,163,64,218,198,183,133,29,50,12,24,118,139,153,60,208,196,185,130,28,47,11,23,108,136,138,55,189,178,172,125,26,49,4,12,68,80,85,34,116,107,101,66,10,13,7,20,114,133,137,54,186,169,158,101,15,20,7,18,110,138,135,52,179,170,162,103,15,21,9,18,89,112,119,46,157,148,142,103,21,35,9.75,21.25,107.25,128.62,135.25,53.0,182.38,169.0,159.62,111.75,22.0,37.25
Asphalt_0cm_S1,2026-04-02T16:33:19.154371,15,27,118,140,152,59,206,186,174,133,32,63,13,28,133,151,163,64,218,198,183,133,29,50,12,24,118,139,153,60,208,196,185,130,28,47,11,23,108,136,138,55,189,178,172,125,26,49,4,12,68,80,85,34,116,107,101,66,10,13,7,20,114,133,137,54,186,169,158,101,15,20,7,18,110,138,135,52,179,170,162,103,15,21,9,18,89,112,119,46,157,148,142,103,21,35,9.75,21.25,107.25,128.62,135.25,53.0,182.38,169.0,159.62,111.75,22.0,37.25
Asphalt_0cm_S1,2026-04-02T16:33:19.250604,14,27,118,140,152,58,206,186,174,133,32,63,13,28,133,151,164,64,218,198,184,133,29,50,12,24,118,139,153,60,208,195,185,130,28,47,11,23,108,136,138,55,189,178,173,125,26,49,4,12,68,80,85,33,116,107,101,66,10,13,7,20,114,133,137,54,186,169,158,101,15,20,7,18,110,139,135,52,179,170,162,103,15,21,9,18,88,112,119,46,157,148,142,103,20,35,9.62,21.25,107.12,128.75,135.38,52.75,182.38,168.88,159.88,111.75,21.88,37.25
Asphalt_0cm_S1,2026-04-02T16:33:19.339941,14,27,118,139,152,58,205,186,174,133,32,64,13,28,134,151,164,64,218,198,184,133,29,50,12,24,118,139,153,60,208,196,185,130,28,47,11,22,108,136,139,55,189,178,173,126,26,49,4,12,68,80,85,34,116,108,101,66,10,13,7,20,114,132,137,54,186,168,157,101,15,20,6,18,110,138,135,52,179,170,161,103,15,20,9,18,89,112,119,46,157,148,142,103,21,35,9.5,21.12,107.38,128.38,135.5,52.88,182.25,169.0,159.62,111.88,22.0,37.25
Asphalt_0cm_S1,2026-04-02T16:33:19.441093,14,27,118,139,152,58,205,186,174,133,32,64,13,28,134,151,164,64,218,198,184,133,29,50,12,24,118,139,153,60,208,196,185,130,28,47,11,22,108,136,139,55,189,178,173,126,26,49,4,12,68,80,85,34,116,108,101,66,10,13,7,20,114,132,137,54,186,168,157,101,15,20,7,18,110,138,135,52,179,170,162,103,15,20,9,18,89,112,118,46,157,148,142,104,21,35,9.62,21.12,107.38,128.38,135.38,52.88,182.25,169.0,159.75,112.0,22.0,37.25
Asphalt_0cm_S1,2026-04-02T16:33:19.545983,14,27,118,139,152,58,205,186,174,133,32,64,13,28,134,151,164,64,218,198,184,133,29,50,12,24,118,139,153,60,208,196,185,130,28,47,11,22,108,136,139,55,189,178,173,126,26,49,4,12,68,80,85,34,116,108,101,66,10,13,7,20,114,132,137,54,186,168,157,101,15,20,7,18,110,138,135,52,179,170,162,103,15,20,9,18,89,112,118,46,157,148,142,104,21,35,9.62,21.12,107.38,128.38,135.38,52.88,182.25,169.0,159.75,112.0,22.0,37.25
Asphalt_0cm_S1,2026-04-02T16:33:19.635950,14,27,118,140,152,58,206,186,174,133,32,63,13,28,133,151,164,64,218,198,184,134,29,50,12,24,118,139,153,60,208,196,185,130,28,47,11,23,108,136,139,55,189,178,173,126,26,50,4,12,68,80,85,33,116,107,101,66,10,13,6,20,114,133,137,55,186,169,158,101,15,20,7,17,110,138,135,52,180,170,162,103,15,21,9,18,89,111,119,46,157,148,142,103,21,35,9.5,21.12,107.25,128.5,135.5,52.88,182.5,169.0,159.88,112.0,22.0,37.38
Asphalt_0cm_S1,2026-04-02T16:33:19.742225,14,27,118,140,152,58,206,186,174,133,32,63,14,28,133,151,163,64,218,198,184,133,29,50,12,24,118,139,153,60,208,196,185,130,28,47,11,23,108,136,138,55,189,178,173,126,26,49,4,12,68,81,85,34,116,108,101,66,10,13,7,20,114,133,137,54,186,168,158,101,15,20,7,17,110,138,135,52,179,170,162,103,15,21,9,18,89,112,118,46,157,148,142,103,21,35,9.75,21.12,107.25,128.75,135.12,52.88,182.38,169.0,159.88,111.88,22.0,37.25
Asphalt_0cm_S1,2026-04-02T16:33:19.847393,14,27,118,140,152,58,206,187,174,132,32,63,13,28,133,151,163,64,218,198,184,134,29,50,12,24,118,139,153,60,208,196,185,130,28,47,11,23,108,136,138,55,189,178,173,126,26,49,4,12,68,80,85,34,116,107,101,66,10,13,7,20,114,133,137,54,186,169,158,101,15,20,7,17,110,138,135,52,179,170,162,103,15,21,9,18,89,112,118,46,157,148,142,103,21,35,9.62,21.12,107.25,128.62,135.12,52.88,182.38,169.12,159.88,111.88,22.0,37.25
Asphalt_0cm_S1,2026-04-02T16:33:19.947955,14,27,118,140,152,58,206,187,174,132,32,63,13,28,133,151,163,64,218,198,184,134,29,50,12,24,118,139,153,60,208,196,185,130,28,47,11,23,108,136,138,55,189,178,173,126,26,49,4,12,68,80,85,34,116,107,101,66,10,13,7,20,114,133,137,54,186,169,158,101,15,20,7,18,110,138,135,52,179,170,162,103,15,20,9,18,89,111,119,46,157,148,142,103,21,35,9.62,21.25,107.25,128.5,135.25,52.88,182.38,169.12,159.88,111.88,22.0,37.12
Asphalt_0cm_S1,2026-04-02T16:33:20.044022,14,27,118,139,152,58,206,186,174,132,32,63,14,28,133,151,164,64,218,198,184,133,29,50,12,24,118,139,153,60,208,196,185,130,28,47,11,23,108,136,139,55,189,178,173,126,26,50,4,12,68,80,85,34,116,107,101,66,10,13,7,20,114,133,137,54,186,169,158,101,15,20,7,18,110,138,135,52,179,170,162,103,15,20,9,18,89,111,119,46,157,148,142,103,21,35,9.75,21.25,107.25,128.38,135.5,52.88,182.38,169.0,159.88,111.75,22.0,37.25
Asphalt_0cm_S1,2026-04-02T16:33:20.145347,14,27,118,139,152,58,206,186,174,132,32,63,14,28,133,151,164,64,218,198,184,133,29,50,12,24,118,139,153,60,208,196,185,130,28,47,11,23,108,136,139,55,189,178,173,126,26,50,4,12,68,80,85,34,116,107,101,66,10,13,7,20,114,133,137,54,186,169,158,101,15,20,7,18,110,138,135,52,179,170,162,103,15,20,9,18,89,111,119,46,157,148,142,103,21,35,9.75,21.25,107.25,128.38,135.5,52.88,182.38,169.0,159.88,111.75,22.0,37.25
Asphalt_0cm_S1,2026-04-02T16:33:20.239077,15,27,118,139,152,59,205,186,174,133,32,63,13,28,134,151,164,64,218,198,184,133,29,50,12,24,118,139,153,60,208,197,185,130,28,47,11,23,108,136,139,55,189,178,173,126,26,49,4,12,68,80,85,34,116,107,101,66,10,13,7,20,114,133,137,54,186,169,158,101,15,20,7,18,110,139,136,52,179,170,162,103,15,21,9,18,89,111,118,46,157,148,142,103,21,35,9.75,21.25,107.38,128.5,135.5,53.0,182.25,169.12,159.88,111.88,22.0,37.25
Asphalt_0cm_S1,2026-04-02T16:33:20.351173,15,27,117,140,152,59,205,186,174,133,32,63,13,28,133,152,164,64,217,198,184,133,29,50,12,24,118,139,153,60,208,197,185,130,28,47,11,23,108,136,139,55,188,178,173,126,26,49,4,12,68,80,85,34,116,107,101,66,10,13,7,20,114,133,137,55,186,169,157,101,15,20,7,18,110,139,135,52,179,171,162,103,15,21,9,18,89,112,119,46,157,148,142,103,21,35,9.75,21.25,107.12,128.88,135.5,53.12,182.0,169.25,159.75,111.88,22.0,37.25
Asphalt_0cm_S1,2026-04-02T16:33:20.453242,15,27,117,140,152,59,205,186,174,133,32,63,13,28,133,152,164,64,217,198,184,133,29,50,12,24,118,139,153,60,208,197,185,130,28,47,11,23,108,136,139,55,188,178,173,126,26,49,4,12,68,80,85,34,116,107,101,66,10,13,7,20,114,133,137,55,186,169,157,101,15,20,7,18,110,139,135,52,179,171,162,103,15,21,9,18,89,112,119,46,157,148,143,103,21,35,9.75,21.25,107.12,128.88,135.5,53.12,182.0,169.25,159.88,111.88,22.0,37.25
Asphalt_0cm_S1,2026-04-02T16:33:20.548598,15,27,117,140,152,59,205,186,174,133,32,63,13,28,133,152,164,64,217,198,184,133,29,50,12,24,118,139,153,60,208,197,185,130,28,47,11,23,108,136,139,55,188,178,173,126,26,49,4,12,68,80,85,34,116,107,101,66,10,13,7,20,114,133,137,55,186,169,157,101,15,20,7,18,110,139,135,52,179,171,162,103,15,21,9,18,89,112,119,46,157,148,143,103,21,35,9.75,21.25,107.12,128.88,135.5,53.12,182.0,169.25,159.88,111.88,22.0,37.25
Asphalt_0cm_S1,2026-04-02T16:33:20.652364,14,27,118,140,151,58,206,186,174,133,32,63,14,28,134,151,164,64,218,198,184,134,29,50,12,24,118,139,153,60,208,196,185,130,28,47,11,23,108,136,138,55,188,178,173,125,26,49,4,12,68,80,85,34,116,107,101,66,10,13,7,20,114,133,137,55,186,169,157,101,15,20,7,18,110,139,135,52,179,171,162,103,15,21,9,18,89,112,119,46,157,148,143,103,21,35,9.75,21.25,107.38,128.75,135.25,53.0,182.25,169.12,159.88,111.88,22.0,37.25
Asphalt_0cm_S1,2026-04-02T16:33:20.745351,14,27,118,140,151,58,206,186,174,133,32,63,14,28,134,151,164,64,218,198,184,134,29,50,12,24,118,139,153,60,208,196,185,130,28,47,11,22,108,136,138,55,189,178,172,125,26,49,4,12,68,80,85,34,117,107,101,66,10,13,7,20,114,133,137,55,186,169,157,101,15,20,7,17,110,138,135,52,179,170,161,103,15,21,9,18,89,112,119,46,157,148,142,103,21,35,9.75,21.0,107.38,128.62,135.25,53.0,182.5,169.0,159.5,111.88,22.0,37.25
Asphalt_0cm_S1,2026-04-02T16:33:20.844525,14,27,118,139,152,58,206,186,174,132,32,63,13,28,133,151,164,64,218,198,184,133,29,50,12,24,118,139,153,60,208,196,184,130,28,47,11,23,108,136,138,55,189,178,172,125,26,49,4,12,68,81,85,34,116,107,101,66,10,13,6,20,114,132,137,54,186,169,158,101,15,20,7,17,110,138,135,52,179,170,161,103,15,21,9,18,89,112,119,46,157,148,142,103,21,35,9.5,21.12,107.25,128.5,135.38,52.88,182.38,169.0,159.5,111.62,22.0,37.25
Asphalt_0cm_S1,2026-04-02T16:33:20.950779,14,27,118,139,152,58,206,186,174,132,32,63,13,28,133,151,164,64,218,198,184,133,29,50,12,24,118,139,153,60,208,196,184,130,28,47,11,23,108,136,138,55,189,178,172,125,26,49,4,12,68,81,85,34,116,107,101,66,10,13,6,20,114,132,137,54,186,169,158,101,15,20,7,18,110,138,135,52,180,170,162,103,15,21,9,18,89,112,119,46,157,148,142,103,21,35,9.5,21.25,107.25,128.5,135.38,52.88,182.5,169.0,159.62,111.62,22.0,37.25
Asphalt_0cm_S1,2026-04-02T16:33:21.056787,14,27,118,139,152,58,206,186,174,132,32,63,13,28,133,151,164,64,218,198,183,133,29,50,12,24,118,139,153,60,208,196,185,130,28,46,11,22,108,136,138,55,188,178,172,125,26,49,4,12,68,81,85,34,116,107,101,66,10,13,6,20,114,133,137,54,186,169,158,101,14,20,7,17,110,138,135,52,180,170,161,103,15,21,9,18,89,112,119,46,157,148,142,103,21,35,9.5,21.0,107.25,128.62,135.38,52.88,182.38,169.0,159.5,111.62,21.88,37.12
Asphalt_0cm_S1,2026-04-02T16:33:21.151893,14,27,118,139,152,58,206,186,174,132,32,63,13,28,133,151,164,64,218,198,183,133,29,50,12,24,118,139,153,60,208,196,185,130,28,46,11,22,108,136,138,55,188,178,172,125,26,49,4,12,68,81,85,34,116,107,101,66,10,13,6,20,114,133,137,54,186,169,158,101,14,20,7,17,110,138,135,52,180,170,161,103,15,21,9,18,89,112,119,46,157,148,142,103,21,35,9.5,21.0,107.25,128.62,135.38,52.88,182.38,169.0,159.5,111.62,21.88,37.12
Asphalt_0cm_S1,2026-04-02T16:33:21.243770,14,27,118,140,152,58,206,186,174,132,32,63,13,28,133,151,164,64,217,198,184,133,29,50,12,24,118,139,153,60,208,196,185,130,28,46,11,23,108,136,138,55,189,178,172,125,26,49,4,11,68,80,85,34,116,107,101,66,10,13,7,20,114,133,137,54,187,169,158,101,15,20,7,17,110,139,135,52,180,171,161,103,15,21,9,18,89,111,118,46,157,148,142,103,21,35,9.62,21.0,107.25,128.62,135.25,52.88,182.5,169.12,159.62,111.62,22.0,37.12
Asphalt_0cm_S1,2026-04-02T16:33:21.348017,14,27,117,139,152,58,206,186,174,132,31,63,13,28,133,151,163,64,217,198,183,133,29,50,12,24,118,139,153,60,208,196,185,130,28,46,11,23,107,136,138,55,188,178,172,125,26,49,4,12,68,80,85,34,116,108,101,66,10,13,7,20,114,132,138,55,186,169,158,101,15,20,7,18,110,139,135,52,179,170,162,103,15,21,9,18,89,111,118,46,157,148,142,103,21,35,9.62,21.25,107.0,128.38,135.25,53.0,182.12,169.12,159.62,111.62,21.88,37.12
Asphalt_0cm_S1,2026-04-02T16:33:21.453000,14,27,118,139,152,58,206,186,174,132,32,63,13,28,133,151,163,64,217,198,184,133,29,50,12,24,118,139,153,60,208,196,185,130,28,46,11,23,107,136,138,55,188,178,172,125,26,49,4,12,68,80,85,34,116,108,101,66,10,13,7,20,114,132,138,55,186,169,158,101,15,20,7,18,110,139,135,52,179,170,162,103,15,21,9,18,89,112,119,46,157,148,142,103,21,35,9.62,21.25,107.12,128.5,135.38,53.0,182.12,169.12,159.75,111.62,22.0,37.12
Asphalt_0cm_S1,2026-04-02T16:33:21.558783,14,27,118,139,152,58,206,186,174,132,32,63,13,28,133,151,163,64,217,198,184,133,29,50,12,24,118,139,153,60,208,196,185,130,28,46,11,23,107,136,138,55,188,178,172,125,26,49,4,12,68,80,85,34,116,108,101,66,10,13,7,20,114,132,138,55,186,169,158,101,15,20,7,18,110,139,135,52,179,170,162,103,15,21,9,18,89,112,119,46,157,148,142,103,21,35,9.62,21.25,107.12,128.5,135.38,53.0,182.12,169.12,159.75,111.62,22.0,37.12
Asphalt_0cm_S1,2026-04-02T16:33:21.650281,14,27,118,139,152,58,205,186,174,132,32,63,13,28,133,151,163,64,217,198,184,133,29,50,12,24,118,139,153,60,208,196,185,130,28,46,11,22,107,136,138,55,188,178,172,125,25,49,4,12,68,80,85,34,117,107,101,66,10,13,7,20,114,133,137,54,186,169,158,101,15,20,6,18,110,138,135,52,180,170,162,103,15,21,9,18,89,111,118,46,157,148,142,103,21,35,9.5,21.12,107.12,128.38,135.12,52.88,182.25,169.0,159.75,111.62,21.88,37.12
Asphalt_0cm_S1,2026-04-02T16:33:21.753243,14,27,118,139,152,58,205,186,174,132,32,63,13,28,133,151,164,64,218,198,184,133,29,50,12,24,118,139,153,60,208,196,185,130,28,46,11,23,107,136,138,55,188,178,172,125,26,49,4,12,68,80,85,34,117,107,101,66,10,13,7,20,114,133,137,54,186,169,158,101,15,20,6,18,110,138,135,52,180,170,162,103,15,21,9,18,89,111,118,46,157,148,142,103,21,35,9.5,21.25,107.12,128.38,135.25,52.88,182.38,169.0,159.75,111.62,22.0,37.12
Asphalt_0cm_S1,2026-04-02T16:33:21.859134,14,27,117,139,152,58,205,186,174,132,32,63,13,28,134,151,164,64,218,198,183,133,29,50,12,24,118,139,153,60,208,196,185,130,28,46,11,22,108,136,138,55,188,178,172,125,25,49,4,12,68,80,85,34,116,107,101,66,10,13,7,20,114,133,137,54,186,169,158,101,14,20,6,18,110,138,135,52,179,171,162,103,15,21,9,18,89,112,119,46,157,148,142,104,21,35,9.5,21.12,107.25,128.5,135.38,52.88,182.12,169.12,159.62,111.75,21.75,37.12
Asphalt_0cm_S1,2026-04-02T16:33:21.952722,14,27,117,139,152,58,205,186,174,132,32,63,13,28,134,151,164,64,218,198,183,133,29,50,12,24,118,139,153,60,208,196,185,130,28,46,11,22,108,136,138,55,188,178,172,125,25,49,4,12,68,80,85,34,116,107,101,66,10,13,7,20,114,133,137,54,186,169,158,101,14,20,6,18,110,138,135,52,179,171,162,103,15,21,9,18,89,112,119,46,157,148,142,103,21,35,9.5,21.12,107.25,128.5,135.38,52.88,182.12,169.12,159.62,111.62,21.75,37.12
Asphalt_0cm_S1,2026-04-02T16:33:22.060670,14,27,117,139,152,58,205,186,174,132,32,63,13,28,134,151,164,64,218,198,183,133,29,50,12,24,118,139,153,60,208,196,185,130,28,46,11,22,108,136,138,55,188,178,172,125,25,49,4,12,68,80,85,34,116,107,101,66,10,13,7,20,114,133,137,54,186,169,158,101,14,20,6,18,110,138,135,52,179,171,162,103,15,21,9,18,89,112,119,46,157,148,142,103,21,35,9.5,21.12,107.25,128.5,135.38,52.88,182.12,169.12,159.62,111.62,21.75,37.12
Asphalt_0cm_S1,2026-04-02T16:33:22.152319,14,27,118,139,152,59,205,186,174,132,32,63,14,28,133,151,163,64,218,198,184,133,29,50,12,24,118,139,153,60,207,196,185,130,28,46,11,22,107,136,138,55,188,178,172,125,25,49,4,12,68,80,85,34,116,107,100,66,10,13,7,20,114,133,137,54,186,168,158,101,15,20,7,18,110,139,135,52,180,171,162,103,15,20,9,18,89,112,119,46,157,148,143,103,21,35,9.75,21.12,107.12,128.62,135.25,53.0,182.12,169.0,159.75,111.62,21.88,37.0
Asphalt_0cm_S1,2026-04-02T16:33:22.253062,14,27,118,139,152,59,205,186,174,132,32,63,14,28,133,151,163,64,218,198,184,133,29,50,12,24,118,139,153,60,207,196,185,130,28,46,11,22,107,136,138,55,188,178,172,125,25,49,4,12,68,80,85,34,116,107,100,66,10,13,7,20,114,133,137,54,186,168,158,101,15,20,7,18,110,139,135,52,180,171,162,103,15,20,9,18,89,112,119,46,157,148,143,103,21,35,9.75,21.12,107.12,128.62,135.25,53.0,182.12,169.0,159.75,111.62,21.88,37.0
Asphalt_0cm_S1,2026-04-02T16:33:22.336104,14,27,118,139,152,58,206,186,174,132,32,63,13,27,133,151,163,64,218,198,183,133,29,50,12,24,118,139,153,60,208,196,185,130,28,46,11,23,108,136,138,55,188,178,172,125,26,49,4,12,68,80,85,34,116,107,101,66,10,13,7,20,114,133,137,54,186,169,158,101,14,20,7,17,110,139,136,52,180,171,162,103,15,20,9,18,89,112,119,46,157,148,142,103,21,35,9.62,21.0,107.25,128.62,135.38,52.88,182.38,169.12,159.62,111.62,21.88,37.0
Asphalt_0cm_S1,2026-04-02T16:33:22.444641,14,27,118,139,152,58,206,186,174,132,32,63,13,27,133,151,163,64,218,198,183,133,29,50,12,24,118,139,153,60,208,196,185,130,28,46,11,23,108,136,138,55,188,178,172,125,26,49,4,12,68,80,85,34,116,107,101,66,10,13,7,20,114,133,137,54,186,169,158,101,14,20,7,18,110,139,136,52,180,170,162,103,15,20,9,18,89,112,119,46,157,148,143,104,21,35,9.62,21.12,107.25,128.62,135.38,52.88,182.38,169.0,159.75,111.75,21.88,37.0
Asphalt_0cm_S1,2026-04-02T16:33:22.542267,14,27,118,139,152,58,206,186,174,132,31,63,13,28,133,151,164,64,218,198,184,133,29,50,12,24,118,139,153,60,208,196,185,130,28,47,11,23,108,136,138,55,188,178,172,125,26,49,4,12,68,80,85,34,116,107,101,66,10,13,7,20,114,133,137,54,186,169,158,101,14,20,7,18,110,139,136,52,180,170,162,103,15,20,9,18,89,112,119,46,157,148,143,104,21,35,9.62,21.25,107.25,128.62,135.5,52.88,182.38,169.0,159.88,111.75,21.75,37.12
Asphalt_0cm_S1,2026-04-02T16:33:22.641996,14,27,118,139,152,58,206,186,174,132,31,63,13,28,133,151,164,64,218,198,184,133,29,50,12,24,118,139,153,60,208,196,185,130,28,47,11,23,108,136,138,55,188,178,172,125,26,49,4,12,68,80,85,34,116,107,101,66,10,13,7,20,114,133,137,54,186,169,158,101,14,20,7,18,110,139,136,52,180,170,162,103,15,20,9,18,89,112,119,46,157,148,143,104,21,35,9.62,21.25,107.25,128.62,135.5,52.88,182.38,169.0,159.88,111.75,21.75,37.12
Asphalt_0cm_S1,2026-04-02T16:33:22.727543,14,27,118,139,152,58,206,186,174,132,31,63,13,28,133,151,164,64,218,198,184,133,29,50,12,24,118,139,153,60,208,196,185,130,28,47,11,23,107,136,138,55,188,178,172,125,25,49,4,12,68,80,85,34,116,107,101,66,10,13,7,20,114,133,138,54,186,169,158,101,15,20,7,18,110,139,136,52,180,170,162,103,15,20,9,18,89,112,119,46,157,148,143,104,21,35,9.62,21.25,107.12,128.62,135.62,52.88,182.38,169.0,159.88,111.75,21.75,37.12
Asphalt_0cm_S1,2026-04-02T16:33:22.815170,14,27,118,139,152,58,206,186,174,132,32,63,13,28,134,151,164,64,218,198,183,133,29,50,12,24,118,139,153,60,208,196,185,130,28,47,11,22,108,136,138,55,188,178,172,125,26,49,4,12,68,80,85,33,116,107,101,65,10,13,7,20,114,133,137,55,187,169,158,101,15,20,7,18,110,139,135,52,179,170,162,103,15,20,9,18,89,112,119,46,157,148,142,104,21,35,9.62,21.12,107.38,128.62,135.38,52.88,182.38,169.0,159.62,111.62,22.0,37.12
Asphalt_0cm_S1,2026-04-02T16:33:22.903177,14,27,118,139,152,58,206,186,174,132,32,63,13,28,134,151,164,64,218,198,183,133,29,50,12,24,118,139,153,60,208,196,185,130,28,47,11,22,108,136,138,55,188,178,172,125,26,49,4,12,68,80,85,33,116,107,101,65,10,13,7,20,114,133,137,54,186,169,158,101,15,20,7,17,110,138,135,52,180,171,162,103,15,20,9,18,89,112,119,46,157,148,142,104,21,35,9.62,21.0,107.38,128.5,135.38,52.75,182.38,169.12,159.62,111.62,22.0,37.12
Asphalt_0cm_S1,2026-04-02T16:33:23.004370,14,27,118,139,152,58,206,186,174,132,32,63,13,28,134,151,164,64,218,198,183,133,29,50,12,24,118,139,153,60,208,196,185,130,28,47,11,22,108,136,138,55,188,178,172,125,26,49,4,12,68,80,85,33,116,107,101,65,10,13,7,20,114,133,137,54,186,169,158,101,15,20,7,17,110,138,135,52,180,171,162,103,15,20,9,18,89,112,119,46,157,148,142,104,21,35,9.62,21.0,107.38,128.5,135.38,52.75,182.38,169.12,159.62,111.62,22.0,37.12
Asphalt_0cm_S1,2026-04-02T16:33:23.096510,14,27,118,139,152,58,205,186,174,132,32,63,13,28,133,151,164,64,218,198,183,133,29,50,12,24,118,139,153,60,208,196,185,130,28,46,11,22,107,136,138,55,188,178,172,125,26,49,4,12,68,80,85,33,116,107,100,66,10,13,6,20,114,133,137,55,187,169,158,101,15,20,6,17,110,139,136,52,179,170,162,103,15,21,9,18,89,112,119,46,157,148,142,104,21,35,9.38,21.0,107.12,128.62,135.5,52.88,182.25,169.0,159.5,111.75,22.0,37.12
Asphalt_0cm_S1,2026-04-02T16:33:23.199269,14,27,118,139,152,58,205,186,174,132,32,63,13,28,133,151,164,64,218,198,183,133,29,50,12,24,118,139,153,60,208,196,185,130,28,46,11,22,107,136,138,55,188,178,172,125,26,49,4,12,68,80,85,33,116,107,100,66,10,13,6,20,114,133,137,55,187,169,158,101,15,20,6,17,110,139,136,52,179,170,162,103,15,21,9,18,89,112,119,46,157,148,142,104,21,35,9.38,21.0,107.12,128.62,135.5,52.88,182.25,169.0,159.5,111.75,22.0,37.12
Asphalt_0cm_S1,2026-04-02T16:33:23.296829,14,27,118,139,152,58,206,186,174,133,32,63,14,28,134,151,164,64,218,198,184,134,29,50,12,24,118,139,153,60,208,197,185,131,28,47,11,23,108,137,138,55,189,179,173,126,26,50,4,12,68,80,85,33,116,108,101,66,10,13,7,20,114,133,137,55,187,169,158,101,15,20,7,18,110,138,136,52,180,170,162,103,15,21,9,18,89,111,119,46,157,148,142,104,21,35,9.75,21.25,107.38,128.5,135.5,52.88,182.62,169.38,159.88,112.25,22.0,37.38
Asphalt_0cm_S1,2026-04-02T16:33:23.396992,14,27,118,139,152,58,206,186,174,133,32,63,14,28,134,151,164,64,218,198,184,134,29,50,13,25,118,140,153,60,209,197,186,131,28,48,12,23,108,137,139,56,190,179,174,127,26,51,4,12,68,81,85,34,116,107,100,66,10,13,7,20,114,133,137,54,186,169,158,101,14,20,7,18,110,139,135,52,180,170,162,103,15,21,9,18,89,111,119,46,157,148,142,104,21,35,10.0,21.38,107.38,128.88,135.5,53.0,182.75,169.25,160.0,112.38,21.88,37.62
Asphalt_0cm_S1,2026-04-02T16:33:23.497242,14,27,118,140,152,58,206,186,175,133,32,63,14,28,134,151,164,64,218,198,184,134,29,50,13,25,118,140,153,60,209,197,186,131,28,48,12,23,108,137,139,56,190,179,174,127,26,51,4,12,68,81,85,34,116,107,100,66,10,13,7,20,114,133,137,54,186,169,158,101,14,20,7,18,110,139,135,52,180,170,162,103,15,21,9,18,89,112,119,46,157,148,142,103,21,35,10.0,21.38,107.38,129.12,135.5,53.0,182.75,169.25,160.12,112.25,21.88,37.62
Asphalt_0cm_S1,2026-04-02T16:33:23.586832,14,27,118,140,152,58,206,186,175,133,32,63,14,28,134,151,164,64,218,198,184,134,29,50,13,25,118,140,153,60,209,197,186,131,28,48,12,23,108,137,139,56,190,179,174,127,26,51,4,12,68,81,85,34,116,107,100,66,10,13,7,20,114,133,137,54,186,169,158,101,14,20,7,18,110,139,135,52,180,170,162,103,15,21,9,18,89,112,119,46,157,148,142,103,21,35,10.0,21.38,107.38,129.12,135.5,53.0,182.75,169.25,160.12,112.25,21.88,37.62
Asphalt_0cm_S1,2026-04-02T16:33:23.697398,14,27,118,139,152,58,206,186,174,133,32,63,14,28,134,152,164,64,218,199,185,134,30,51,13,25,119,140,154,60,209,197,186,132,29,48,12,23,109,137,140,56,191,180,174,127,27,52,4,12,68,80,85,34,116,107,101,66,10,13,7,20,114,133,137,54,187,169,158,101,15,20,7,18,110,139,136,52,180,170,162,103,15,21,9,18,89,112,119,46,157,148,142,104,21,35,10.0,21.38,107.62,129.0,135.88,53.0,183.0,169.5,160.25,112.5,22.38,37.88
Asphalt_0cm_S1,2026-04-02T16:33:23.803858,14,27,118,140,152,58,206,186,174,133,32,64,14,28,134,152,164,64,218,199,184,134,30,51,13,25,119,140,154,61,209,198,186,131,29,48,12,23,109,137,140,56,191,180,174,127,27,52,4,12,68,80,85,34,116,107,101,66,10,13,7,20,114,133,137,54,187,169,158,101,15,20,7,18,110,139,136,52,180,170,162,103,15,21,9,18,89,112,119,46,157,148,142,103,21,35,10.0,21.38,107.62,129.12,135.88,53.12,183.0,169.62,160.12,112.25,22.38,38.0
Asphalt_0cm_S1,2026-04-02T16:33:23.898694,14,27,118,140,152,58,206,186,174,133,32,64,14,28,134,152,164,64,218,199,184,134,30,51,13,25,119,140,154,61,209,198,186,131,29,48,12,23,109,137,140,56,191,180,175,127,26,52,4,12,68,80,85,34,116,108,101,66,10,13,7,20,114,133,137,54,186,169,158,101,14,20,7,18,110,139,135,52,179,170,162,103,15,21,9,18,89,112,119,46,157,148,143,103,21,35,10.0,21.38,107.62,129.12,135.75,53.12,182.75,169.75,160.38,112.25,22.12,38.0
Asphalt_0cm_S1,2026-04-02T16:33:23.986454,14,27,118,140,152,58,206,186,174,133,32,64,14,28,134,152,164,64,218,199,184,134,30,51,13,25,119,140,154,61,209,198,186,131,29,48,12,23,109,137,140,56,191,180,175,127,26,52,4,12,68,80,85,34,116,108,101,66,10,13,7,20,114,133,137,54,186,169,158,101,14,20,7,18,110,139,135,52,179,170,162,103,15,21,9,18,89,112,119,46,157,148,143,103,21,35,10.0,21.38,107.62,129.12,135.75,53.12,182.75,169.75,160.38,112.25,22.12,38.0
Asphalt_0cm_S1,2026-04-02T16:33:24.094499,14,27,118,140,152,58,206,186,174,133,32,64,14,28,134,152,164,64,218,199,184,134,30,51,13,25,119,140,154,61,209,198,186,131,29,48,12,23,109,137,140,56,191,180,175,127,26,52,4,12,68,80,85,34,116,108,101,66,10,13,7,20,114,133,137,54,186,169,158,101,14,20,7,18,110,139,135,52,179,170,162,103,15,21,9,18,89,112,119,46,157,148,143,103,21,35,10.0,21.38,107.62,129.12,135.75,53.12,182.75,169.75,160.38,112.25,22.12,38.0
Asphalt_0cm_S1,2026-04-02T16:33:24.176183,14,27,118,140,152,58,206,187,174,133,32,64,14,28,133,151,164,64,218,198,184,134,29,50,13,25,118,140,154,60,208,197,186,131,29,48,12,23,109,137,140,56,191,180,174,127,26,51,4,12,68,80,85,34,117,108,101,66,10,13,7,20,114,133,137,55,186,169,158,101,15,20,7,18,110,139,136,52,180,170,162,103,15,21,9,18,89,112,119,47,157,148,142,103,21,35,10.0,21.38,107.38,129.0,135.88,53.25,182.88,169.62,160.12,112.25,22.12,37.75
Asphalt_0cm_S1,2026-04-02T16:33:24.285980,14,27,118,140,152,58,206,187,174,133,32,64,14,28,134,151,164,64,218,199,184,134,29,50,13,25,119,140,153,60,209,197,186,131,28,48,12,23,109,138,140,56,191,180,174,128,26,52,4,12,68,80,85,34,117,107,101,66,10,13,7,20,114,133,137,54,186,169,158,101,15,20,7,18,110,139,135,52,179,171,162,103,15,21,9,18,89,112,119,47,157,148,142,103,21,35,10.0,21.38,107.62,129.12,135.62,53.12,182.88,169.75,160.12,112.38,22.0,37.88
Asphalt_0cm_S1,2026-04-02T16:33:24.382479,14,27,118,139,152,58,206,186,174,133,32,64,14,28,134,152,164,64,218,199,185,134,29,50,13,25,119,140,154,60,209,197,186,132,29,48,12,23,109,137,140,56,190,180,174,128,27,52,4,12,68,80,85,34,116,107,101,66,10,13,7,20,114,133,137,55,186,169,158,101,15,20,7,18,110,138,136,52,180,170,162,103,15,21,9,18,89,112,119,46,157,148,142,103,21,35,10.0,21.38,107.62,128.88,135.88,53.12,182.75,169.5,160.25,112.5,22.25,37.88
Asphalt_0cm_S1,2026-04-02T16:33:24.483960,14,27,118,139,152,58,206,186,174,133,32,64,14,28,134,152,164,64,218,199,185,134,29,50,13,25,119,140,154,60,209,197,186,132,29,48,12,23,109,137,140,56,190,180,174,128,27,52,4,12,68,80,85,34,116,107,101,66,10,13,7,20,114,133,137,55,186,169,158,101,15,20,7,18,110,138,136,52,180,170,162,103,15,21,9,18,89,112,119,46,157,148,142,103,21,35,10.0,21.38,107.62,128.88,135.88,53.12,182.75,169.5,160.25,112.5,22.25,37.88
Asphalt_0cm_S1,2026-04-02T16:33:24.572903,14,27,118,140,152,58,206,186,174,133,32,64,14,28,134,151,164,64,218,198,184,134,29,50,13,25,119,140,154,60,209,197,186,131,28,48,12,23,109,138,140,56,191,180,174,127,27,52,4,12,68,80,85,34,116,108,101,66,10,13,7,20,114,133,137,54,186,169,158,101,15,20,7,18,110,139,136,52,179,170,162,103,15,21,9,18,89,112,118,46,157,148,142,103,21,35,10.0,21.38,107.62,129.12,135.75,53.0,182.75,169.5,160.12,112.25,22.12,37.88
Asphalt_0cm_S1,2026-04-02T16:33:24.668201,14,27,118,139,152,58,206,187,174,132,32,63,13,28,133,151,163,64,217,198,183,133,29,49,12,24,118,139,153,60,208,197,185,130,28,47,12,23,109,138,140,56,191,180,174,127,27,52,4,12,68,80,85,34,116,108,101,66,10,13,7,20,114,133,137,54,186,169,158,101,15,20,7,18,110,139,136,52,179,170,162,103,15,21,9,18,89,112,118,46,157,148,142,103,21,35,9.75,21.25,107.38,128.88,135.5,53.0,182.5,169.62,159.88,111.88,22.12,37.5
Asphalt_0cm_S1,2026-04-02T16:33:24.764251,14,27,118,140,152,58,205,186,174,132,32,63,13,28,133,151,163,64,217,198,183,133,29,49,12,24,118,139,153,60,208,197,185,130,28,47,12,23,108,137,139,56,190,179,173,126,26,50,4,12,68,80,85,33,117,108,101,66,10,13,6,20,114,133,137,54,186,169,158,101,14,20,7,18,110,139,136,52,180,170,162,103,15,21,9,18,89,112,119,46,157,148,142,104,21,35,9.62,21.25,107.25,128.88,135.5,52.88,182.5,169.38,159.75,111.88,21.88,37.25
Asphalt_0cm_S1,2026-04-02T16:33:24.875978,14,27,118,140,152,58,205,186,174,132,32,63,13,27,133,151,163,64,218,198,183,133,29,49,12,24,118,139,153,60,208,196,185,130,28,47,11,23,108,137,139,55,189,179,173,126,26,50,4,12,68,80,85,34,116,107,101,66,10,13,7,20,114,133,137,54,186,169,158,101,15,20,7,18,110,139,136,52,180,171,162,103,15,21,9,18,89,112,119,46,157,148,142,104,21,35,9.62,21.12,107.25,128.88,135.5,52.88,182.38,169.25,159.75,111.88,22.0,37.25
Asphalt_0cm_S1,2026-04-02T16:33:24.971365,14,27,118,140,152,58,205,186,174,132,32,63,13,27,133,151,163,64,218,198,183,133,29,49,12,24,118,139,153,60,208,196,185,130,28,47,11,23,108,137,139,55,189,179,173,126,26,50,4,12,68,80,85,34,116,107,101,66,10,13,7,20,114,133,137,54,186,169,158,101,15,20,7,18,110,139,136,52,180,171,162,103,15,21,9,18,89,112,119,46,157,148,142,104,21,35,9.62,21.12,107.25,128.88,135.5,52.88,182.38,169.25,159.75,111.88,22.0,37.25
Asphalt_0cm_S1,2026-04-02T16:33:25.067097,14,27,118,140,152,58,205,186,174,132,32,63,13,27,133,151,163,64,218,198,183,133,29,49,12,24,118,139,153,60,208,196,185,130,28,47,11,23,108,137,139,55,189,179,173,126,26,50,4,12,68,80,85,34,116,107,101,66,10,13,7,20,114,133,137,54,186,169,158,101,15,20,7,18,110,139,136,52,180,171,162,103,15,21,9,18,89,112,119,46,157,148,142,104,21,35,9.62,21.12,107.25,128.88,135.5,52.88,182.38,169.25,159.75,111.88,22.0,37.25
Asphalt_0cm_S1,2026-04-02T16:33:25.147266,14,27,118,140,152,59,206,186,174,132,32,63,13,28,134,151,164,64,218,199,184,134,29,50,13,25,119,140,154,60,208,197,186,131,29,48,12,23,109,137,139,56,191,180,174,128,27,51,4,12,68,80,85,34,116,108,101,66,10,13,7,20,114,133,137,54,186,169,158,101,15,20,7,18,110,139,136,52,180,170,162,103,15,21,9,18,89,112,119,46,157,148,142,103,21,35,9.88,21.38,107.62,129.0,135.75,53.12,182.75,169.62,160.12,112.25,22.25,37.62
Asphalt_0cm_S1,2026-04-02T16:33:25.257372,14,27,118,140,152,59,206,186,174,132,32,63,13,28,134,151,164,64,218,199,184,134,29,50,13,25,119,140,154,60,208,197,186,131,29,48,12,23,109,137,140,56,190,179,174,127,26,51,4,12,68,80,85,33,116,107,101,66,10,13,7,20,114,133,137,54,186,169,158,101,15,20,7,17,110,139,136,52,180,170,162,103,15,21,9,18,89,112,119,46,157,148,143,103,21,35,9.88,21.25,107.62,129.0,135.88,53.0,182.62,169.38,160.25,112.12,22.12,37.62
Asphalt_0cm_S1,2026-04-02T16:33:25.358909,14,27,118,138,152,58,206,186,174,132,32,63,13,28,134,151,164,64,218,198,184,133,29,50,13,24,119,140,154,60,208,197,185,131,28,48,12,23,108,137,139,56,190,179,173,127,26,50,4,12,68,80,85,34,116,107,101,66,10,13,7,20,114,133,138,54,186,169,158,101,15,20,7,18,110,139,135,52,180,171,162,103,15,21,9,18,89,112,119,46,157,148,143,103,21,35,9.88,21.25,107.5,128.75,135.75,53.0,182.62,169.38,160.0,112.0,22.0,37.5
Asphalt_0cm_S1,2026-04-02T16:33:25.461364,14,27,118,138,152,58,206,186,174,132,32,63,13,28,134,151,164,64,218,198,184,133,29,50,13,24,119,140,154,60,208,197,185,131,28,48,12,23,108,137,139,56,190,179,173,127,26,50,4,12,68,80,85,34,116,107,101,66,10,13,7,20,114,133,138,54,186,169,158,101,15,20,7,18,110,139,135,52,180,171,162,103,15,21,9,18,89,112,119,46,157,148,143,104,21,35,9.88,21.25,107.5,128.75,135.75,53.0,182.62,169.38,160.0,112.12,22.0,37.5
Asphalt_0cm_S1,2026-04-02T16:33:25.554044,15,27,118,139,152,58,206,186,174,133,32,63,13,28,133,151,164,64,218,198,184,133,29,50,13,25,118,139,153,60,209,197,185,131,28,47,12,23,108,137,140,56,190,179,174,127,26,51,4,12,68,80,85,34,116,108,101,66,10,13,7,20,114,133,137,54,187,169,158,101,15,20,7,18,110,138,136,52,180,171,162,103,15,21,9,18,89,112,119,46,157,148,142,103,21,35,10.0,21.38,107.25,128.62,135.75,53.0,182.88,169.5,160.0,112.12,22.0,37.5
Asphalt_0cm_S1,2026-04-02T16:33:25.654257,14,27,118,139,152,58,206,186,174,132,32,63,14,28,133,151,164,64,218,199,184,134,29,50,13,25,118,139,153,60,209,197,185,131,28,47,12,23,108,137,140,56,190,179,174,127,26,51,4,12,68,80,85,34,116,108,101,66,10,13,7,20,114,133,137,54,187,169,158,101,15,20,7,18,110,138,136,52,180,171,162,103,15,21,9,18,89,112,119,46,157,148,142,103,21,35,10.0,21.38,107.25,128.62,135.75,53.0,182.88,169.62,160.0,112.12,22.0,37.5
Asphalt_0cm_S1,2026-04-02T16:33:25.760138,14,27,118,139,152,58,206,187,174,132,32,64,14,28,133,151,164,64,218,199,184,134,29,50,13,25,119,140,154,60,209,198,186,131,29,48,12,23,109,137,139,56,190,180,174,127,26,51,4,12,68,80,85,34,116,107,101,66,10,13,7,20,114,133,137,54,187,169,158,101,15,20,7,17,110,139,136,52,180,171,162,103,15,21,9,18,89,111,119,46,157,148,142,103,21,35,10.0,21.25,107.5,128.75,135.75,53.0,182.88,169.88,160.12,112.12,22.12,37.75
Asphalt_0cm_S1,2026-04-02T16:33:25.860412,14,27,118,139,152,58,206,187,174,132,32,64,14,28,134,151,164,64,218,199,184,134,29,50,13,25,119,140,154,60,209,198,186,131,29,48,12,23,109,137,140,55,190,180,174,127,26,51,4,12,68,80,85,34,116,107,101,66,10,13,7,20,114,133,137,54,186,169,158,101,15,20,7,18,110,139,136,52,180,171,162,103,15,21,9,18,89,111,119,46,157,148,142,103,21,35,10.0,21.38,107.62,128.75,135.88,52.88,182.75,169.88,160.12,112.12,22.12,37.75
Asphalt_0cm_S1,2026-04-02T16:33:25.959628,14,27,118,139,152,58,206,186,174,133,32,63,14,28,134,152,164,64,218,199,184,134,29,51,13,25,119,140,154,60,209,198,186,131,29,48,12,23,109,137,140,55,190,180,174,127,26,51,4,12,68,80,85,34,116,107,101,66,10,13,7,20,114,133,137,54,186,169,158,101,15,20,7,18,110,139,136,52,180,171,162,103,15,21,9,18,89,111,119,46,157,148,142,104,21,35,10.0,21.38,107.62,128.88,135.88,52.88,182.75,169.75,160.12,112.38,22.12,37.75
Asphalt_0cm_S1,2026-04-02T16:33:26.065820,14,27,118,139,152,58,206,186,174,133,32,63,14,28,134,152,164,64,218,199,184,134,29,51,13,25,119,140,154,60,209,198,186,131,29,48,12,23,109,137,140,55,190,180,174,127,26,51,4,12,68,80,85,34,116,107,101,66,10,13,7,20,114,133,137,54,186,169,158,101,15,20,7,18,110,139,136,52,180,171,162,103,15,21,9,18,89,111,119,46,157,148,142,104,21,35,10.0,21.38,107.62,128.88,135.88,52.88,182.75,169.75,160.12,112.38,22.12,37.75
Asphalt_0cm_S1,2026-04-02T16:33:26.157601,14,27,118,139,152,58,206,186,174,132,32,63,14,28,134,151,164,64,218,199,184,134,29,51,13,25,119,140,154,60,209,198,186,131,28,48,12,23,109,137,139,55,191,180,174,127,27,52,4,12,68,80,85,34,116,107,101,66,10,13,7,20,114,133,137,54,187,169,158,101,14,20,7,18,110,139,136,52,180,171,162,103,15,21,9,18,89,112,119,46,157,148,142,103,21,35,10.0,21.38,107.62,128.88,135.75,52.88,183.0,169.75,160.12,112.12,22.0,37.88
