label,timestamp,S0_405nm,S0_425nm,S0_450nm,S0_475nm,S0_515nm,S0_550nm,S0_555nm,S0_600nm,S0_640nm,S0_690nm,S0_745nm,S0_855nm,S1_405nm,S1_425nm,S1_450nm,S1_475nm,S1_515nm,S1_550nm,S1_555nm,S1_600nm,S1_640nm,S1_690nm,S1_745nm,S1_855nm,S2_405nm,S2_425nm,S2_450nm,S2_475nm,S2_515nm,S2_550nm,S2_555nm,S2_600nm,S2_640nm,S2_690nm,S2_745nm,S2_855nm,S3_405nm,S3_425nm,S3_450nm,S3_475nm,S3_515nm,S3_550nm,S3_555nm,S3_600nm,S3_640nm,S3_690nm,S3_745nm,S3_855nm,S4_405nm,S4_425nm,S4_450nm,S4_475nm,S4_515nm,S4_550nm,S4_555nm,S4_600nm,S4_640nm,S4_690nm,S4_745nm,S4_855nm,S5_405nm,S5_425nm,S5_450nm,S5_475nm,S5_515nm,S5_550nm,S5_555nm,S5_600nm,S5_640nm,S5_690nm,S5_745nm,S5_855nm,S6_405nm,S6_425nm,S6_450nm,S6_475nm,S6_515nm,S6_550nm,S6_555nm,S6_600nm,S6_640nm,S6_690nm,S6_745nm,S6_855nm,S7_405nm,S7_425nm,S7_450nm,S7_475nm,S7_515nm,S7_550nm,S7_555nm,S7_600nm,S7_640nm,S7_690nm,S7_745nm,S7_855nm,AVG_405nm,AVG_425nm,AVG_450nm,AVG_475nm,AVG_515nm,AVG_550nm,AVG_555nm,AVG_600nm,AVG_640nm,AVG_690nm,AVG_745nm,AVG_855nm
Asphalt_0cm_S7,2026-04-02T20:27:19.282260,2,9,72,87,97,38,135,123,113,74,9,5,3,10,75,86,97,39,142,135,129,86,11,5,3,9,62,78,81,34,113,109,112,70,8,5,3,11,80,103,101,42,140,131,133,85,9,6,2,7,47,59,62,26,85,83,81,52,6,4,2,6,45,62,57,22,76,73,70,45,5,3,2,6,46,66,63,26,88,90,90,58,6,4,3,8,63,78,80,33,114,108,104,68,8,5,2.5,8.25,61.25,77.38,79.75,32.5,111.62,106.5,104.0,67.25,7.75,4.62
Asphalt_0cm_S7,2026-04-02T20:27:19.376064,3,9,72,87,97,38,135,124,113,74,8,5,3,10,75,86,96,39,142,135,129,85,11,5,3,9,62,78,81,34,113,109,112,69,8,5,3,11,80,103,101,42,140,131,134,85,9,6,2,7,47,59,62,26,85,83,81,52,6,3,2,6,45,62,57,23,76,73,70,45,5,3,2,6,46,67,63,25,88,90,90,58,6,4,3,8,62,78,80,33,114,108,104,68,8,5,2.62,8.25,61.12,77.5,79.62,32.5,111.62,106.62,104.12,67.0,7.62,4.5
Asphalt_0cm_S7,2026-04-02T20:27:19.464529,3,9,72,87,97,38,135,124,113,74,8,5,3,10,75,86,96,39,142,135,129,85,11,5,3,9,62,78,81,34,113,109,112,69,8,5,3,11,80,103,101,42,140,131,134,85,9,6,2,7,47,59,62,26,85,83,81,52,6,3,2,6,45,62,57,23,76,73,70,45,5,3,2,6,46,67,63,25,88,90,90,58,6,4,3,8,62,78,80,33,114,108,104,68,8,5,2.62,8.25,61.12,77.5,79.62,32.5,111.62,106.62,104.12,67.0,7.62,4.5
Asphalt_0cm_S7,2026-04-02T20:27:19.556677,2,9,72,88,97,38,135,124,114,74,9,5,3,10,75,86,96,39,142,135,129,86,11,5,3,9,62,78,81,34,113,109,112,70,8,4,3,11,80,103,101,42,140,131,133,85,9,6,2,7,47,59,62,26,85,83,81,52,6,4,2,6,45,62,57,22,76,73,70,45,5,3,2,6,46,67,63,25,88,90,91,58,6,4,3,9,62,78,80,33,114,108,104,68,8,5,2.5,8.38,61.12,77.62,79.62,32.38,111.62,106.62,104.25,67.25,7.75,4.5
Asphalt_0cm_S7,2026-04-02T20:27:19.647394,2,9,72,88,97,38,135,124,114,74,9,5,3,10,75,86,96,39,142,135,129,86,11,5,2,9,62,78,81,34,113,109,112,70,8,5,3,11,80,103,101,42,140,131,133,85,9,6,2,7,47,59,62,26,85,83,81,52,6,4,2,6,45,62,57,22,76,72,70,45,5,3,2,6,46,67,63,25,88,90,91,58,6,4,3,9,62,78,80,33,114,108,104,68,8,5,2.38,8.38,61.12,77.62,79.62,32.38,111.62,106.5,104.25,67.25,7.75,4.62
Asphalt_0cm_S7,2026-04-02T20:27:19.747381,2,9,72,88,98,38,135,124,114,74,9,5,3,10,75,86,97,39,142,135,129,86,11,5,2,9,62,78,81,34,113,109,112,70,8,5,3,11,80,103,101,42,140,131,133,85,9,6,2,7,47,59,62,26,85,83,81,52,6,4,2,6,45,62,57,22,76,72,70,45,5,3,2,6,46,66,63,26,88,90,90,58,7,4,3,8,62,78,80,33,114,108,104,68,8,5,2.38,8.25,61.12,77.5,79.88,32.5,111.62,106.5,104.12,67.25,7.88,4.62
Asphalt_0cm_S7,2026-04-02T20:27:19.866565,2,9,72,88,98,38,135,124,114,74,9,5,3,10,75,86,97,39,142,135,129,86,11,5,3,9,62,78,81,34,113,109,112,70,8,5,3,11,80,103,101,42,140,131,133,85,9,6,2,7,47,59,62,26,85,83,81,52,6,4,2,6,45,62,56,22,76,73,70,45,5,3,2,6,46,66,63,25,88,90,91,58,6,4,3,9,62,78,80,33,114,108,104,68,8,5,2.5,8.38,61.12,77.5,79.75,32.38,111.62,106.62,104.25,67.25,7.75,4.62
Asphalt_0cm_S7,2026-04-02T20:27:20.001504,2,10,72,88,97,38,135,124,114,74,9,5,3,10,75,86,96,39,142,136,129,85,11,5,3,9,62,78,81,34,113,109,112,70,8,5,3,11,80,104,102,42,140,131,134,85,9,6,2,7,47,59,62,26,85,83,81,52,6,4,2,6,45,62,56,22,76,73,70,45,5,3,2,6,46,66,63,25,88,90,91,58,6,4,3,9,62,78,80,33,114,108,104,68,8,5,2.5,8.5,61.12,77.62,79.62,32.38,111.62,106.75,104.38,67.12,7.75,4.62
Asphalt_0cm_S7,2026-04-02T20:27:20.108280,3,10,72,88,98,38,135,124,114,74,9,5,3,10,75,86,97,39,142,136,129,85,11,5,3,9,62,78,81,34,113,109,112,70,8,5,3,11,80,104,102,42,140,131,134,85,9,6,2,7,47,59,62,26,85,83,81,52,6,4,2,6,45,62,56,22,76,73,70,45,5,3,2,7,46,67,63,25,88,90,91,58,6,4,2,9,62,78,80,33,114,108,104,68,8,5,2.5,8.62,61.12,77.75,79.88,32.38,111.62,106.75,104.38,67.12,7.75,4.62
Asphalt_0cm_S7,2026-04-02T20:27:20.213153,3,10,72,88,98,38,135,124,114,74,9,5,3,10,75,86,97,39,142,136,129,85,11,5,3,9,62,78,81,34,113,109,112,70,8,5,3,11,80,104,102,42,141,132,134,85,9,6,2,7,47,59,62,26,85,83,81,52,6,4,2,6,44,62,57,22,76,72,70,45,5,3,2,6,46,66,63,26,88,90,90,58,6,4,2,9,62,78,80,33,114,108,104,68,8,5,2.5,8.5,61.0,77.62,80.0,32.5,111.75,106.75,104.25,67.12,7.75,4.62
Asphalt_0cm_S7,2026-04-02T20:27:20.326462,3,9,72,88,98,38,135,124,114,75,9,5,3,10,75,86,97,39,142,136,129,85,11,5,2,9,62,78,81,34,113,109,112,69,8,5,3,11,80,104,102,42,141,132,134,85,9,6,2,7,47,59,62,26,85,83,81,52,6,4,2,6,44,62,57,22,76,72,70,45,5,3,2,6,46,66,63,26,88,90,90,58,6,4,3,9,63,78,81,33,114,108,104,68,8,5,2.5,8.38,61.12,77.62,80.12,32.5,111.75,106.75,104.25,67.12,7.75,4.62
Asphalt_0cm_S7,2026-04-02T20:27:20.410873,3,9,72,88,98,38,135,124,114,75,9,5,3,10,75,86,97,39,142,136,129,86,11,5,3,9,62,78,81,34,113,109,112,70,8,5,3,11,80,103,102,42,141,132,134,85,9,6,2,7,47,59,62,26,85,83,81,52,6,4,2,6,44,62,56,22,76,72,70,45,5,3,2,6,46,67,63,25,88,90,91,58,6,4,3,9,63,78,81,33,114,108,104,68,8,5,2.62,8.38,61.12,77.62,80.0,32.38,111.75,106.75,104.38,67.38,7.75,4.62
Asphalt_0cm_S7,2026-04-02T20:27:20.506981,3,9,72,88,98,38,135,124,114,75,9,5,3,10,75,86,97,39,142,136,129,86,11,5,3,9,62,78,81,34,113,109,112,70,8,5,3,11,80,104,102,42,141,132,134,85,9,6,2,7,47,59,62,26,85,83,81,52,6,4,2,6,44,62,57,22,76,72,70,45,5,3,2,6,46,67,63,25,89,90,91,58,6,4,3,8,63,78,80,33,114,109,104,68,8,5,2.62,8.25,61.12,77.75,80.0,32.38,111.88,106.88,104.38,67.38,7.75,4.62
Asphalt_0cm_S7,2026-04-02T20:27:20.598674,3,10,72,88,98,38,135,124,114,75,9,5,3,10,75,86,97,39,143,136,129,86,11,5,3,9,62,78,81,34,113,109,112,70,8,5,3,11,80,104,102,42,141,132,134,86,9,6,2,7,47,59,62,26,85,83,81,52,6,4,2,6,44,62,57,22,76,72,70,45,5,3,2,6,46,67,63,25,89,90,91,58,6,4,3,8,63,78,80,33,114,109,104,68,8,5,2.62,8.38,61.12,77.75,80.0,32.38,112.0,106.88,104.38,67.5,7.75,4.62
Asphalt_0cm_S7,2026-04-02T20:27:20.691015,3,10,72,88,98,38,135,124,114,75,9,5,3,10,75,86,97,39,143,136,129,86,11,5,3,9,62,78,81,34,113,109,112,70,8,5,3,11,80,104,102,42,141,132,134,86,9,6,2,7,47,59,62,26,85,83,81,52,6,4,2,6,44,62,56,22,76,72,70,45,5,3,2,6,46,67,63,25,88,90,91,58,7,4,3,8,63,78,80,33,114,109,104,68,8,5,2.62,8.38,61.12,77.75,79.88,32.38,111.88,106.88,104.38,67.5,7.88,4.62
Asphalt_0cm_S7,2026-04-02T20:27:20.787421,3,9,72,88,98,38,135,125,114,75,9,5,3,10,75,87,97,39,143,136,130,86,11,5,3,9,62,78,81,34,113,109,112,70,8,5,3,11,80,104,102,42,141,132,135,86,10,6,2,7,47,59,62,26,85,83,81,52,6,3,2,6,44,62,56,22,76,72,70,45,5,3,2,6,46,67,63,25,88,90,91,58,7,4,3,9,63,79,81,33,114,109,105,68,8,5,2.62,8.38,61.12,78.0,80.0,32.38,111.88,107.0,104.75,67.5,8.0,4.5
Asphalt_0cm_S7,2026-04-02T20:27:20.898098,2,9,73,88,98,38,135,125,114,74,9,5,3,10,75,87,97,39,143,136,130,86,11,5,3,9,62,78,81,34,113,109,112,70,8,5,3,11,80,104,102,42,141,132,135,86,10,6,2,7,47,59,62,26,85,83,81,52,6,3,2,6,44,62,56,22,76,72,70,45,5,3,2,6,46,67,63,25,89,90,91,58,6,4,3,9,63,79,81,33,114,109,105,68,8,5,2.5,8.38,61.25,78.0,80.0,32.38,112.0,107.0,104.75,67.38,7.88,4.5
Asphalt_0cm_S7,2026-04-02T20:27:21.008630,2,9,73,88,98,38,135,125,114,74,9,5,3,10,76,87,97,39,143,136,129,86,11,5,3,9,62,78,81,34,113,109,112,70,8,5,3,11,81,104,102,42,141,132,134,86,10,6,2,7,47,59,62,26,85,83,81,51,6,4,2,6,44,62,56,22,76,72,70,45,5,3,2,6,46,67,63,25,89,90,91,58,6,4,3,9,63,79,81,33,114,109,104,68,8,5,2.5,8.38,61.5,78.0,80.0,32.38,112.0,107.0,104.38,67.25,7.88,4.62
Asphalt_0cm_S7,2026-04-02T20:27:21.115680,3,9,72,88,98,38,135,124,114,75,9,5,3,10,76,87,97,39,143,136,130,86,11,5,3,9,62,78,81,35,113,109,112,70,8,5,3,11,81,104,102,42,142,132,135,86,9,6,2,7,47,59,62,26,85,83,81,52,6,4,2,6,44,62,56,22,76,72,70,45,5,3,2,6,46,67,63,25,89,90,91,58,6,4,3,9,63,79,81,33,114,109,104,68,8,5,2.62,8.38,61.38,78.0,80.0,32.5,112.12,106.88,104.62,67.5,7.75,4.62
Asphalt_0cm_S7,2026-04-02T20:27:21.238895,3,9,72,88,98,38,135,124,114,75,9,5,3,10,76,87,97,39,143,136,130,86,11,5,3,9,62,78,81,35,113,109,112,70,8,5,3,11,81,104,102,42,142,132,135,86,9,6,2,7,47,59,62,26,85,83,81,52,6,4,2,6,44,62,57,22,76,72,70,45,5,3,2,7,46,67,63,26,88,90,91,58,6,4,3,9,63,79,81,33,114,109,105,68,8,5,2.62,8.5,61.38,78.0,80.12,32.62,112.0,106.88,104.75,67.5,7.75,4.62
Asphalt_0cm_S7,2026-04-02T20:27:21.351770,3,9,72,88,98,38,135,124,114,75,9,5,3,10,76,87,97,39,143,136,130,86,11,5,3,9,62,78,81,35,113,109,112,70,8,5,3,11,81,104,102,42,142,132,135,86,9,6,2,7,47,59,62,26,85,83,81,52,6,4,2,6,44,62,57,22,76,72,70,45,5,3,2,7,46,67,63,26,88,90,91,58,6,4,3,9,63,79,81,33,114,109,105,68,8,5,2.62,8.5,61.38,78.0,80.12,32.62,112.0,106.88,104.75,67.5,7.75,4.62
Asphalt_0cm_S7,2026-04-02T20:27:21.439888,3,10,73,89,98,38,136,125,114,75,9,5,3,10,76,87,97,39,143,136,130,86,11,5,3,9,62,78,81,35,113,109,113,70,8,5,3,11,81,104,102,42,142,133,135,86,10,6,2,7,47,59,62,26,85,83,81,52,6,4,2,6,44,62,56,23,76,72,70,45,5,3,2,6,46,67,63,26,88,90,91,58,6,4,3,9,63,79,81,33,114,109,105,68,8,5,2.62,8.5,61.5,78.12,80.0,32.75,112.12,107.12,104.88,67.5,7.88,4.62
Asphalt_0cm_S7,2026-04-02T20:27:21.547537,3,9,73,88,98,38,136,125,115,75,9,5,3,10,76,87,97,39,143,136,130,86,11,5,3,9,62,78,81,35,113,109,113,70,8,5,3,11,81,104,102,42,142,133,135,86,10,6,2,7,47,59,62,26,85,82,81,52,6,4,2,6,44,62,56,22,75,72,70,45,4,3,2,6,46,67,63,26,88,90,91,58,6,4,2,9,63,79,81,33,114,109,105,68,8,5,2.5,8.38,61.5,78.0,80.0,32.62,112.0,107.0,105.0,67.5,7.75,4.62
Asphalt_0cm_S7,2026-04-02T20:27:21.637924,3,9,73,88,98,38,136,125,115,75,9,5,3,10,75,87,97,39,143,136,130,86,11,5,3,9,62,78,81,35,113,109,113,70,8,5,3,11,81,105,103,42,142,133,135,86,9,6,2,7,47,59,62,26,85,82,81,52,6,4,2,6,44,62,56,22,75,72,70,45,4,3,2,6,46,67,63,26,88,90,91,58,6,4,2,9,63,79,81,33,114,109,105,68,8,5,2.5,8.38,61.38,78.12,80.12,32.62,112.0,107.0,105.0,67.5,7.62,4.62
Asphalt_0cm_S7,2026-04-02T20:27:21.739276,3,9,73,88,98,38,136,125,115,75,9,5,3,10,75,87,97,39,143,136,130,86,11,5,3,9,62,78,81,35,113,109,113,70,8,5,3,11,81,105,103,42,142,133,135,86,9,6,2,7,47,59,62,26,85,82,81,52,6,4,2,6,44,62,56,22,75,72,70,45,4,3,2,6,46,67,63,26,88,90,91,58,6,4,2,9,63,79,81,33,114,109,105,68,8,5,2.5,8.38,61.38,78.12,80.12,32.62,112.0,107.0,105.0,67.5,7.62,4.62
Asphalt_0cm_S7,2026-04-02T20:27:21.827948,3,9,73,88,98,38,136,125,115,75,9,5,3,10,75,87,97,39,143,136,130,86,11,5,3,9,62,78,81,35,113,109,113,70,8,5,3,11,81,105,103,42,142,133,135,86,10,6,2,7,47,59,62,26,85,83,81,52,6,4,2,6,44,62,56,22,75,72,70,45,4,3,2,6,46,67,63,26,88,90,91,58,6,4,2,9,63,79,81,33,114,109,105,68,8,5,2.5,8.38,61.38,78.12,80.12,32.62,112.0,107.12,105.0,67.5,7.75,4.62
Asphalt_0cm_S7,2026-04-02T20:27:21.947702,3,10,73,88,98,38,136,125,115,75,9,5,3,10,76,87,97,39,143,136,130,86,11,5,2,9,62,78,81,34,114,110,113,70,8,5,3,11,81,105,103,42,142,133,135,86,10,6,2,7,47,59,62,26,85,83,81,52,6,4,2,6,44,62,56,22,76,72,70,45,5,3,2,6,46,67,63,26,89,90,91,58,6,4,3,9,63,79,81,33,114,109,105,69,8,4,2.5,8.5,61.5,78.12,80.12,32.5,112.38,107.25,105.0,67.62,7.88,4.5
Asphalt_0cm_S7,2026-04-02T20:27:22.056140,2,10,73,89,99,38,136,125,115,75,9,5,3,10,76,87,97,39,143,136,130,86,11,5,2,9,62,78,81,34,114,110,113,70,8,5,3,11,81,105,103,42,142,133,135,86,10,6,2,7,47,59,62,26,85,83,81,51,6,4,2,6,44,62,56,22,76,72,70,45,5,3,2,6,46,67,63,26,88,90,91,58,6,4,3,9,63,79,81,33,115,109,105,69,8,5,2.38,8.5,61.5,78.25,80.25,32.5,112.38,107.25,105.0,67.5,7.88,4.62
Asphalt_0cm_S7,2026-04-02T20:27:22.193893,2,10,73,89,99,38,136,125,115,75,9,5,3,10,76,87,97,39,143,136,130,86,11,5,3,9,62,78,81,35,113,109,113,70,8,4,3,11,81,105,103,42,143,133,135,86,10,6,2,7,47,59,62,26,85,83,81,52,6,3,2,6,44,62,56,22,76,72,70,45,5,3,2,6,46,67,63,26,88,90,91,58,6,4,3,9,63,79,81,33,115,109,105,69,8,5,2.5,8.5,61.5,78.25,80.25,32.62,112.38,107.12,105.0,67.62,7.88,4.38
Asphalt_0cm_S7,2026-04-02T20:27:22.312544,2,10,73,89,99,38,136,125,115,75,9,5,3,10,76,87,97,39,143,136,130,86,11,5,3,9,62,78,81,35,113,109,113,70,8,4,3,11,81,105,103,42,143,133,135,86,10,6,2,7,47,59,62,26,85,83,81,52,6,3,2,6,44,62,56,22,76,72,70,45,5,3,2,6,46,67,63,26,89,90,91,58,6,4,3,9,63,79,81,33,114,109,105,68,8,5,2.5,8.5,61.5,78.25,80.25,32.62,112.38,107.12,105.0,67.5,7.88,4.38
Asphalt_0cm_S7,2026-04-02T20:27:22.402301,2,10,73,89,99,38,136,125,115,75,9,5,3,10,75,87,97,39,143,136,130,86,11,5,3,9,62,78,81,34,114,109,113,70,8,5,3,11,81,105,103,42,142,133,135,86,10,6,2,7,47,59,62,26,85,83,81,52,6,4,2,6,44,62,56,22,76,72,70,45,5,3,2,6,46,67,63,26,89,90,91,58,6,4,3,9,63,79,81,33,115,109,105,69,8,5,2.5,8.5,61.38,78.25,80.25,32.5,112.5,107.12,105.0,67.62,7.88,4.62
Asphalt_0cm_S7,2026-04-02T20:27:22.494900,2,10,73,89,99,38,136,125,115,75,9,5,3,10,75,87,97,39,143,136,130,86,11,5,3,9,62,78,81,35,113,110,113,70,8,5,3,11,81,105,103,43,143,133,135,87,10,6,2,7,47,59,62,26,85,83,81,52,6,3,2,6,44,62,56,22,76,72,70,45,5,3,2,6,46,67,63,26,89,90,91,59,6,4,3,9,63,79,81,33,115,109,105,69,8,5,2.5,8.5,61.38,78.25,80.25,32.75,112.5,107.25,105.0,67.88,7.88,4.5
Asphalt_0cm_S7,2026-04-02T20:27:22.581934,3,10,73,89,98,38,136,125,115,75,9,5,3,10,76,87,97,39,143,137,130,86,11,5,3,9,62,78,81,35,113,109,113,70,8,5,3,11,81,105,103,43,143,133,135,87,10,6,2,7,47,59,62,26,85,83,81,52,6,3,2,6,44,62,56,22,76,72,70,45,5,3,2,6,46,67,63,26,89,90,91,59,6,4,3,9,63,79,81,33,115,109,105,69,8,5,2.62,8.5,61.5,78.25,80.12,32.75,112.5,107.25,105.0,67.88,7.88,4.5
Asphalt_0cm_S7,2026-04-02T20:27:22.668094,3,10,73,89,98,38,136,125,115,75,9,5,3,10,76,87,97,39,143,137,130,86,11,5,3,9,62,78,81,35,113,109,113,70,8,5,3,11,81,105,103,42,143,133,136,86,10,6,2,7,47,59,62,26,85,83,81,52,6,3,2,6,44,61,56,22,76,72,70,45,4,3,2,6,46,67,63,25,89,90,91,58,6,4,3,9,63,79,81,33,115,109,105,69,8,5,2.62,8.5,61.5,78.12,80.12,32.5,112.5,107.25,105.12,67.62,7.75,4.5
Asphalt_0cm_S7,2026-04-02T20:27:22.759092,3,10,73,89,98,38,136,125,115,75,9,5,3,10,76,87,97,39,143,137,130,86,11,5,3,9,62,78,81,35,113,109,113,70,8,5,3,11,81,105,103,42,143,133,136,86,10,6,2,7,47,59,62,26,85,83,81,52,6,3,2,6,44,61,56,22,76,72,70,45,4,3,2,6,46,67,63,25,89,90,91,58,6,4,3,9,63,79,81,33,115,109,105,69,8,5,2.62,8.5,61.5,78.12,80.12,32.5,112.5,107.25,105.12,67.62,7.75,4.5
Asphalt_0cm_S7,2026-04-02T20:27:22.856286,3,10,73,89,99,38,136,125,115,75,9,5,3,10,76,87,97,39,143,136,130,86,11,5,3,9,62,78,81,35,114,109,113,70,8,5,3,11,81,105,103,42,143,133,136,86,10,6,2,7,47,59,62,26,85,83,81,52,6,4,2,6,44,62,56,22,76,72,70,45,5,3,2,7,46,67,63,26,89,90,91,58,6,4,3,9,63,79,81,33,115,110,105,69,8,5,2.62,8.62,61.5,78.25,80.25,32.62,112.62,107.25,105.12,67.62,7.88,4.62
Asphalt_0cm_S7,2026-04-02T20:27:22.950667,2,10,73,89,99,38,136,125,115,75,9,5,3,10,76,87,97,39,143,136,130,86,11,5,3,9,62,78,82,35,114,110,113,70,8,5,3,11,81,105,103,43,143,133,136,86,10,6,2,7,47,59,62,26,85,83,81,52,6,4,2,6,44,62,56,22,76,72,70,45,5,3,2,7,46,67,63,26,89,90,91,58,6,4,3,9,63,79,81,33,115,110,105,69,8,5,2.5,8.62,61.5,78.25,80.38,32.75,112.62,107.38,105.12,67.62,7.88,4.62
Asphalt_0cm_S7,2026-04-02T20:27:23.051614,3,10,73,89,99,38,136,125,115,75,9,5,3,10,76,87,97,39,143,136,130,86,11,5,3,9,62,78,82,35,114,110,113,70,8,5,3,11,81,105,103,43,143,133,136,86,10,6,2,7,47,59,62,26,85,83,81,52,6,4,2,6,44,61,56,22,76,72,70,45,5,3,2,6,46,67,63,26,89,91,91,59,6,4,3,9,63,79,81,33,115,109,105,69,8,5,2.62,8.5,61.5,78.12,80.38,32.75,112.62,107.38,105.12,67.75,7.88,4.62
Asphalt_0cm_S7,2026-04-02T20:27:23.139961,3,10,73,89,99,38,136,125,115,75,9,5,3,10,76,87,97,39,144,137,130,86,11,5,3,9,62,77,82,34,113,110,113,70,8,5,3,11,81,105,103,42,143,134,136,86,10,6,2,7,47,59,62,26,85,82,81,52,6,4,2,6,44,61,56,22,76,72,70,45,5,3,2,6,46,67,63,26,89,91,91,59,6,4,3,9,63,79,81,33,115,109,105,69,8,5,2.62,8.5,61.5,78.0,80.38,32.5,112.62,107.5,105.12,67.75,7.88,4.62
Asphalt_0cm_S7,2026-04-02T20:27:23.253724,3,10,73,89,99,38,136,125,115,75,9,5,3,10,76,87,97,39,144,137,130,86,11,5,3,9,62,77,82,34,113,110,113,70,8,5,3,11,81,105,103,42,143,134,136,86,10,6,2,7,47,59,62,26,85,82,81,52,6,4,2,6,44,61,56,22,76,72,70,45,5,3,2,6,46,67,63,26,89,91,91,58,6,4,3,9,63,79,81,33,115,109,105,69,8,5,2.62,8.5,61.5,78.0,80.38,32.5,112.62,107.5,105.12,67.62,7.88,4.62
Asphalt_0cm_S7,2026-04-02T20:27:23.363081,3,10,73,89,99,38,136,125,116,75,9,5,3,11,76,87,97,39,143,136,130,86,11,5,3,9,62,78,81,35,114,110,113,70,8,5,3,11,81,105,103,43,143,134,136,87,10,6,2,7,47,59,62,26,85,83,81,52,6,3,2,6,44,61,56,22,76,72,70,45,5,2,2,6,46,67,63,26,89,91,91,59,6,4,3,9,63,79,81,33,115,109,105,69,8,5,2.62,8.62,61.5,78.12,80.25,32.75,112.62,107.5,105.25,67.88,7.88,4.38
Asphalt_0cm_S7,2026-04-02T20:27:23.453211,2,10,73,89,99,38,137,125,115,75,9,5,3,10,76,87,97,39,143,136,130,86,11,5,3,9,62,78,81,34,114,110,113,70,8,5,3,11,81,105,104,43,143,134,136,87,10,6,2,7,47,60,62,26,85,83,81,52,6,4,2,6,44,61,56,22,76,72,70,45,5,2,2,6,46,67,63,26,89,91,91,59,6,4,3,9,63,79,81,33,115,109,105,69,8,5,2.5,8.5,61.5,78.25,80.38,32.62,112.75,107.5,105.12,67.88,7.88,4.5
Asphalt_0cm_S7,2026-04-02T20:27:23.547317,2,10,73,89,99,38,137,125,115,75,9,5,3,10,76,87,97,39,143,136,130,86,11,5,3,9,62,78,81,34,114,110,113,70,8,5,3,11,81,105,104,43,143,134,136,87,10,6,2,7,47,60,62,26,85,83,81,52,6,4,2,6,44,61,56,22,75,72,70,45,5,3,2,6,46,67,63,26,89,91,91,58,6,4,3,9,63,79,81,33,115,109,105,69,8,5,2.5,8.5,61.5,78.25,80.38,32.62,112.62,107.5,105.12,67.75,7.88,4.62
Asphalt_0cm_S7,2026-04-02T20:27:23.635073,2,10,73,89,99,38,136,125,115,75,9,5,3,10,76,87,97,39,143,137,130,86,11,5,3,9,62,78,81,35,114,110,113,70,8,5,3,11,82,105,103,43,143,134,136,87,10,6,2,7,47,59,62,26,85,83,81,51,6,4,2,6,44,61,56,22,75,72,70,45,5,3,2,6,46,67,63,26,89,91,91,58,6,4,3,9,63,79,81,33,115,109,105,69,8,5,2.5,8.5,61.62,78.12,80.25,32.75,112.5,107.62,105.12,67.62,7.88,4.62
Asphalt_0cm_S7,2026-04-02T20:27:23.742513,2,10,73,89,99,38,136,125,115,75,9,5,3,10,76,87,97,39,143,137,130,86,11,5,3,9,62,78,81,35,114,110,113,70,8,5,3,11,82,105,103,43,143,134,136,87,10,6,2,7,47,59,62,26,85,83,81,51,6,4,2,6,44,61,56,22,75,72,70,45,5,3,2,6,46,67,63,26,89,91,91,58,6,4,3,9,63,79,81,33,115,109,105,69,8,5,2.5,8.5,61.62,78.12,80.25,32.75,112.5,107.62,105.12,67.62,7.88,4.62
Asphalt_0cm_S7,2026-04-02T20:27:23.828376,3,10,73,89,99,38,137,125,115,75,9,5,3,10,76,87,97,39,144,137,130,86,11,5,2,9,62,78,81,34,113,110,113,70,8,5,3,11,81,105,103,43,143,134,136,87,10,6,2,7,47,59,62,26,85,83,81,52,6,4,2,6,44,61,56,22,76,72,70,45,5,3,2,6,46,67,63,26,89,91,91,59,7,4,2,9,63,79,81,33,115,110,105,69,8,5,2.38,8.5,61.5,78.12,80.25,32.62,112.75,107.75,105.12,67.88,8.0,4.62
Asphalt_0cm_S7,2026-04-02T20:27:23.919781,3,10,73,89,99,38,137,126,115,75,9,5,3,10,76,87,97,39,144,137,130,86,11,5,2,9,62,78,81,34,113,110,113,70,8,5,3,11,81,105,103,43,143,134,136,87,10,6,2,7,47,59,62,26,85,83,81,52,6,4,2,6,44,61,56,22,76,72,70,45,5,3,2,6,46,67,63,26,89,91,91,59,7,4,2,9,63,79,81,33,115,110,105,69,8,5,2.38,8.5,61.5,78.12,80.25,32.62,112.75,107.88,105.12,67.88,8.0,4.62
Asphalt_0cm_S7,2026-04-02T20:27:24.005206,3,10,73,89,99,38,137,126,115,75,9,5,3,10,76,87,97,39,144,137,130,86,11,5,2,9,62,78,81,34,113,110,113,70,8,5,3,11,81,105,103,43,143,134,136,87,10,6,2,7,47,59,62,26,85,83,81,52,6,4,2,6,44,61,56,22,76,72,70,45,5,3,2,6,46,67,63,26,89,91,91,59,7,4,2,9,63,79,81,33,115,110,105,69,8,5,2.38,8.5,61.5,78.12,80.25,32.62,112.75,107.88,105.12,67.88,8.0,4.62
Asphalt_0cm_S7,2026-04-02T20:27:24.136455,2,10,73,89,99,38,137,126,115,75,9,5,3,10,76,87,97,39,143,137,130,86,11,5,3,9,63,78,81,34,113,109,113,70,8,5,3,11,82,105,103,43,143,134,136,87,10,6,2,7,47,59,62,26,85,83,81,52,6,3,2,6,44,61,56,22,76,72,70,45,5,3,2,6,46,67,63,26,89,91,91,58,7,4,2,9,63,79,81,33,115,109,105,69,8,5,2.38,8.5,61.75,78.12,80.25,32.62,112.62,107.62,105.12,67.75,8.0,4.5
Asphalt_0cm_S7,2026-04-02T20:27:24.233151,2,10,73,89,99,38,137,126,115,75,9,5,3,10,76,87,97,39,143,137,130,86,11,5,3,9,63,78,81,34,113,109,113,70,8,5,3,11,82,105,103,43,143,134,136,87,10,6,2,7,47,59,62,26,85,83,81,52,6,3,2,6,44,61,56,22,76,72,70,45,5,3,2,6,46,67,63,26,89,91,91,59,6,4,3,9,63,79,81,33,115,109,105,69,8,5,2.5,8.5,61.75,78.12,80.25,32.62,112.62,107.62,105.12,67.88,7.88,4.5
Asphalt_0cm_S7,2026-04-02T20:27:24.332807,2,10,73,89,99,38,137,126,115,75,9,5,3,10,76,87,97,39,143,137,130,86,11,5,3,9,63,78,81,34,113,109,113,70,8,5,3,11,82,105,103,43,143,134,136,87,10,6,2,7,47,59,62,26,85,83,81,52,6,3,2,6,44,61,56,22,76,72,70,45,5,3,2,6,46,67,63,26,89,91,91,59,6,4,3,9,63,79,81,33,115,109,105,69,8,5,2.5,8.5,61.75,78.12,80.25,32.62,112.62,107.62,105.12,67.88,7.88,4.5
Asphalt_0cm_S7,2026-04-02T20:27:24.423405,2,10,73,89,99,38,137,125,115,75,9,5,3,10,76,87,98,39,143,137,130,86,11,5,3,9,62,78,81,34,113,109,113,70,8,5,3,11,81,105,103,43,143,134,136,87,10,6,2,7,47,59,62,26,85,83,81,52,6,4,2,6,44,61,56,22,76,72,70,45,5,3,2,6,46,67,63,26,89,91,91,59,6,4,3,9,63,79,81,33,115,110,105,69,8,5,2.5,8.5,61.5,78.12,80.38,32.62,112.62,107.62,105.12,67.88,7.88,4.62
Asphalt_0cm_S7,2026-04-02T20:27:24.513416,2,10,73,89,99,38,137,125,115,75,9,5,3,10,76,87,98,39,143,137,130,86,11,5,3,9,62,78,81,34,113,109,113,70,8,5,3,11,81,105,103,42,143,134,136,87,10,6,2,7,47,59,62,26,85,83,81,52,6,4,2,6,44,62,56,22,76,72,70,45,5,3,2,6,46,67,63,26,89,91,91,59,6,4,3,9,63,79,81,33,115,110,105,69,8,5,2.5,8.5,61.5,78.25,80.38,32.5,112.62,107.62,105.12,67.88,7.88,4.62
Asphalt_0cm_S7,2026-04-02T20:27:24.628242,2,10,73,89,99,38,137,125,115,75,9,5,3,10,76,87,98,39,143,137,130,86,11,5,3,9,62,78,81,34,113,109,113,70,8,5,3,11,81,105,103,42,143,134,136,87,10,6,2,7,47,59,62,26,85,83,81,52,6,4,2,6,44,62,56,22,76,72,70,45,5,3,2,6,46,67,63,26,89,91,91,59,6,4,3,9,63,79,81,33,115,110,105,69,8,5,2.5,8.5,61.5,78.25,80.38,32.5,112.62,107.62,105.12,67.88,7.88,4.62
Asphalt_0cm_S7,2026-04-02T20:27:24.742153,3,10,73,89,99,38,137,125,115,75,9,5,3,10,76,87,98,39,143,137,130,86,11,5,3,9,62,78,81,35,113,110,113,70,8,5,3,11,82,105,103,43,143,134,136,87,10,6,2,7,47,59,62,26,85,83,81,52,6,4,2,6,44,62,56,22,76,72,70,45,5,3,2,6,46,67,63,26,89,91,91,59,6,4,3,9,63,79,81,33,115,110,105,69,8,5,2.62,8.5,61.62,78.25,80.38,32.75,112.62,107.75,105.12,67.88,7.88,4.62
Asphalt_0cm_S7,2026-04-02T20:27:24.832314,2,10,73,89,99,38,137,126,115,75,9,5,3,10,76,87,97,39,143,137,130,86,11,5,3,9,62,78,81,34,114,110,113,70,8,5,3,11,81,105,103,43,143,134,136,86,10,6,2,7,47,59,62,26,85,83,81,52,6,4,2,6,44,61,56,22,75,72,70,45,5,3,2,7,46,67,64,26,89,91,91,59,6,4,3,9,63,79,81,33,115,110,105,69,8,5,2.5,8.62,61.5,78.12,80.38,32.62,112.62,107.88,105.12,67.75,7.88,4.62
Asphalt_0cm_S7,2026-04-02T20:27:24.930247,2,10,73,89,99,38,137,125,115,75,9,5,3,10,76,87,97,39,144,137,130,86,11,5,3,9,62,78,81,34,114,110,113,70,8,5,3,11,81,105,103,43,143,134,136,86,10,6,2,7,47,59,62,26,85,83,81,52,6,4,2,6,44,61,56,22,75,72,70,45,5,3,2,7,46,67,64,26,89,91,91,59,6,4,3,9,63,79,81,33,115,109,105,69,8,5,2.5,8.62,61.5,78.12,80.38,32.62,112.75,107.62,105.12,67.75,7.88,4.62
Asphalt_0cm_S7,2026-04-02T20:27:25.019654,2,10,73,89,99,38,137,125,115,75,9,5,3,10,76,87,97,39,144,137,130,86,11,5,3,9,62,78,81,34,114,110,113,70,8,5,3,11,81,105,103,43,143,134,136,86,10,6,2,7,47,59,62,26,85,83,81,52,6,4,2,6,44,61,56,22,75,72,70,45,5,3,2,7,46,67,64,26,89,91,91,59,6,4,3,9,63,79,81,33,115,109,105,69,8,5,2.5,8.62,61.5,78.12,80.38,32.62,112.75,107.62,105.12,67.75,7.88,4.62
Asphalt_0cm_S7,2026-04-02T20:27:25.123204,2,10,73,89,99,38,137,126,116,75,9,5,3,10,76,87,98,39,144,137,130,86,11,5,3,9,62,78,81,34,114,110,113,70,8,5,3,11,81,105,103,43,143,133,136,87,10,6,2,7,47,59,62,26,85,83,81,52,6,4,2,6,44,61,56,22,76,72,69,45,5,3,2,7,46,67,64,26,89,91,91,59,7,4,3,9,63,79,81,33,115,109,105,69,8,5,2.5,8.62,61.5,78.12,80.5,32.62,112.88,107.62,105.12,67.88,8.0,4.62
Asphalt_0cm_S7,2026-04-02T20:27:25.213877,2,10,73,89,99,38,137,126,116,75,9,5,3,10,76,87,98,39,144,137,130,86,11,5,3,9,62,78,81,34,114,110,113,70,8,5,3,11,81,105,103,43,143,133,136,87,10,6,2,7,47,59,62,26,85,83,81,52,6,4,2,6,44,61,56,22,76,72,70,45,5,3,2,6,46,67,63,26,89,91,91,59,6,4,3,9,63,79,81,33,115,109,105,69,8,5,2.5,8.5,61.5,78.12,80.38,32.62,112.88,107.62,105.25,67.88,7.88,4.62
Asphalt_0cm_S7,2026-04-02T20:27:25.309594,2,10,73,89,99,38,137,125,115,75,9,5,3,10,76,87,97,39,143,137,130,86,11,5,3,9,62,78,81,34,114,110,113,70,8,5,3,11,81,105,103,43,143,133,136,87,10,6,2,7,47,59,62,26,85,83,81,52,6,4,2,6,44,61,56,22,76,72,70,45,5,3,2,6,46,67,63,26,89,91,91,59,6,4,3,9,63,79,81,33,115,110,105,69,8,5,2.5,8.5,61.5,78.12,80.25,32.62,112.75,107.62,105.12,67.88,7.88,4.62
Asphalt_0cm_S7,2026-04-02T20:27:25.395717,2,10,73,89,99,38,137,126,115,75,9,5,3,10,76,88,98,39,144,137,130,86,11,5,3,9,62,78,81,34,114,110,113,70,8,5,3,11,81,105,103,42,143,134,136,87,10,6,2,7,47,59,62,26,85,83,81,52,6,4,2,6,44,61,56,22,75,72,70,45,5,3,2,6,46,67,64,26,89,91,91,59,6,4,3,9,63,79,81,33,115,109,105,69,8,5,2.5,8.5,61.5,78.25,80.5,32.5,112.75,107.75,105.12,67.88,7.88,4.62
Asphalt_0cm_S7,2026-04-02T20:27:25.504124,2,10,73,89,99,38,137,126,115,75,9,5,3,10,76,88,98,39,144,137,130,86,11,5,2,9,62,78,82,34,113,110,113,70,8,5,3,11,81,106,103,43,143,134,136,87,9,6,2,7,47,59,62,26,85,83,81,52,6,4,2,6,44,61,56,22,76,72,70,45,5,3,2,6,46,67,64,26,89,91,91,59,7,4,3,9,63,79,81,33,115,110,105,69,8,5,2.38,8.5,61.5,78.38,80.62,32.62,112.75,107.88,105.12,67.88,7.88,4.62
Asphalt_0cm_S7,2026-04-02T20:27:25.593222,2,10,73,89,99,38,137,126,115,75,9,5,3,10,76,88,98,39,144,137,130,86,11,5,2,9,62,78,82,34,113,110,113,70,8,5,3,11,81,106,103,43,143,134,136,87,9,6,2,7,47,59,62,26,85,83,81,52,6,4,2,6,44,61,56,22,76,72,70,45,5,3,2,6,46,67,64,26,89,91,91,59,7,4,3,9,63,79,81,33,115,110,105,69,8,5,2.38,8.5,61.5,78.38,80.62,32.62,112.75,107.88,105.12,67.88,7.88,4.62
Asphalt_0cm_S7,2026-04-02T20:27:25.689519,3,10,73,89,99,38,136,126,115,75,9,5,3,10,76,87,98,39,144,137,130,86,11,5,3,9,62,78,81,35,113,110,113,70,8,5,3,11,82,105,103,43,143,134,136,87,10,6,2,7,47,59,62,26,85,83,81,52,6,4,2,6,44,61,56,22,76,72,70,45,5,3,2,6,46,67,64,26,89,91,92,59,7,4,3,9,63,79,81,33,115,110,105,69,8,5,2.62,8.5,61.62,78.12,80.5,32.75,112.62,107.88,105.25,67.88,8.0,4.62
Asphalt_0cm_S7,2026-04-02T20:27:25.779827,3,10,73,89,99,38,136,126,115,75,9,5,3,10,76,87,98,39,144,137,130,86,11,5,3,9,62,78,81,35,113,110,113,70,8,5,3,11,82,105,103,43,143,134,136,87,10,6,2,7,47,59,62,26,85,83,81,52,6,4,2,6,44,61,56,22,76,72,70,45,5,3,2,6,46,67,64,26,89,91,92,59,7,4,3,9,63,79,81,33,115,110,105,69,8,5,2.62,8.5,61.62,78.12,80.5,32.75,112.62,107.88,105.25,67.88,8.0,4.62
Asphalt_0cm_S7,2026-04-02T20:27:25.881582,3,10,73,89,99,38,137,126,115,75,9,5,3,10,76,87,98,39,144,137,130,86,11,5,3,9,62,78,81,34,113,109,113,70,8,5,3,11,81,105,103,43,143,134,136,87,10,6,2,7,47,59,62,26,85,83,81,52,6,4,2,6,44,61,56,22,76,72,70,45,5,3,2,6,46,67,64,26,89,91,91,59,7,4,3,9,63,79,82,33,115,110,106,69,8,5,2.62,8.5,61.5,78.12,80.62,32.62,112.75,107.75,105.25,67.88,8.0,4.62
Asphalt_0cm_S7,2026-04-02T20:27:25.977865,3,10,73,89,99,38,137,126,115,75,9,5,3,10,76,87,98,39,144,137,130,86,11,5,3,9,62,78,81,34,113,109,113,70,8,5,3,11,81,105,103,43,143,134,136,87,10,6,2,7,47,59,62,26,85,83,81,52,6,4,2,6,44,61,56,22,76,72,70,45,5,3,2,6,46,67,64,26,89,91,91,59,7,4,3,9,63,79,82,33,115,110,106,69,8,5,2.62,8.5,61.5,78.12,80.62,32.62,112.75,107.75,105.25,67.88,8.0,4.62
Asphalt_0cm_S7,2026-04-02T20:27:26.072781,2,10,73,89,99,38,137,126,115,75,9,5,3,10,76,87,98,39,143,137,130,86,11,5,3,9,62,78,81,35,113,110,113,70,8,5,3,11,81,105,103,43,143,134,136,87,10,6,2,7,47,59,62,26,85,83,81,52,6,4,2,6,44,61,56,22,76,72,70,45,5,3,2,6,46,67,64,26,89,91,91,59,7,4,3,9,63,79,82,33,115,110,106,69,8,5,2.5,8.5,61.5,78.12,80.62,32.75,112.62,107.88,105.25,67.88,8.0,4.62
Asphalt_0cm_S7,2026-04-02T20:27:26.166163,2,10,73,89,99,38,137,126,115,75,9,5,3,10,76,87,98,39,143,137,130,86,11,5,3,9,62,78,81,35,113,110,113,70,8,5,3,11,81,105,103,43,143,134,136,87,10,6,2,7,47,59,62,26,85,83,81,52,6,4,2,6,44,61,56,22,76,72,70,45,5,3,2,6,46,67,64,26,89,91,91,59,7,4,3,9,63,79,82,33,115,110,106,69,8,5,2.5,8.5,61.5,78.12,80.62,32.75,112.62,107.88,105.25,67.88,8.0,4.62
Asphalt_0cm_S7,2026-04-02T20:27:26.253782,2,10,73,89,99,38,137,126,115,75,9,5,3,10,76,87,98,39,143,137,130,86,11,5,3,9,62,78,81,35,113,110,113,70,8,5,3,11,81,105,103,43,143,134,136,87,10,6,2,7,47,59,62,26,85,83,81,52,6,4,2,6,44,61,56,22,76,72,70,45,5,3,2,6,46,67,64,26,89,91,91,59,7,4,3,9,63,79,82,33,115,110,106,69,8,5,2.5,8.5,61.5,78.12,80.62,32.75,112.62,107.88,105.25,67.88,8.0,4.62
Asphalt_0cm_S7,2026-04-02T20:27:26.341053,2,10,73,89,99,38,137,126,115,75,9,5,3,10,76,87,98,39,144,137,130,86,11,5,3,9,62,78,82,34,114,110,113,70,8,5,3,11,82,106,104,43,143,134,136,87,10,6,2,7,47,59,62,26,85,83,81,52,6,4,2,6,44,61,56,22,76,72,70,45,5,3,2,6,46,67,64,26,89,91,91,59,7,4,3,9,63,79,82,33,115,110,106,69,8,5,2.5,8.5,61.62,78.25,80.88,32.62,112.88,107.88,105.25,67.88,8.0,4.62
Asphalt_0cm_S7,2026-04-02T20:27:26.433347,3,10,73,89,99,38,137,126,116,75,9,5,3,10,76,88,98,39,144,137,130,87,11,5,3,9,62,78,81,35,114,110,113,70,8,5,3,11,82,106,104,43,144,134,136,87,10,6,2,7,47,59,62,26,85,83,81,52,6,4,2,6,44,61,56,22,76,72,70,45,5,3,2,7,46,68,64,26,89,91,92,59,7,4,3,9,64,80,82,34,116,110,106,69,8,5,2.62,8.62,61.75,78.62,80.75,32.88,113.12,107.88,105.5,68.0,8.0,4.62
Asphalt_0cm_S7,2026-04-02T20:27:26.530679,3,10,73,89,99,38,137,126,116,75,9,5,3,10,76,88,98,39,144,137,130,87,11,5,3,9,62,78,81,35,114,110,113,70,8,5,3,11,82,106,104,43,144,135,137,87,10,6,2,7,47,59,62,26,85,83,81,52,6,4,2,6,44,61,56,22,76,72,70,45,5,3,2,7,46,68,64,26,89,91,92,59,7,4,3,9,64,80,82,34,116,110,106,69,8,5,2.62,8.62,61.75,78.62,80.75,32.88,113.12,108.0,105.62,68.0,8.0,4.62
Asphalt_0cm_S7,2026-04-02T20:27:26.623623,3,10,73,89,99,38,137,126,116,75,9,5,3,10,76,88,98,39,144,137,130,87,11,5,3,9,62,78,81,35,114,110,113,70,8,5,3,11,82,106,104,43,144,135,137,87,10,6,2,7,47,59,62,26,85,83,81,52,6,4,2,6,44,61,56,22,76,72,70,45,5,3,2,7,46,68,64,26,89,91,92,59,7,4,3,9,64,80,82,34,116,110,106,69,8,5,2.62,8.62,61.75,78.62,80.75,32.88,113.12,108.0,105.62,68.0,8.0,4.62
Asphalt_0cm_S7,2026-04-02T20:27:26.706880,3,10,73,89,99,38,137,126,116,75,9,5,3,10,76,88,98,39,144,137,130,87,11,5,3,9,62,78,81,35,114,110,113,70,8,5,3,11,82,106,104,43,144,135,137,87,10,6,2,7,47,59,62,26,85,83,81,52,6,4,2,6,44,61,56,22,76,72,70,45,5,3,2,6,46,67,64,26,89,91,92,59,6,4,3,9,64,80,82,34,116,110,106,69,8,5,2.62,8.5,61.75,78.5,80.75,32.88,113.12,108.0,105.62,68.0,7.88,4.62
Asphalt_0cm_S7,2026-04-02T20:27:26.818994,2,10,73,90,100,38,137,126,116,76,9,5,3,10,76,88,98,39,144,137,130,86,11,5,3,9,62,79,82,35,114,110,113,70,8,5,3,11,82,106,104,43,144,135,137,87,10,6,2,7,47,59,62,26,85,83,81,52,6,3,2,6,44,61,56,22,76,72,70,45,5,3,2,7,47,67,64,26,89,91,92,59,6,4,3,9,64,80,82,34,116,110,106,69,8,5,2.5,8.62,61.88,78.75,81.0,32.88,113.12,108.0,105.62,68.0,7.88,4.5
Asphalt_0cm_S7,2026-04-02T20:27:26.909378,2,10,73,90,100,38,137,126,116,75,9,5,3,11,76,88,98,39,144,137,131,87,11,5,3,9,62,79,82,35,114,110,113,70,8,5,3,11,82,106,104,43,144,135,137,87,10,6,2,7,47,59,62,26,85,83,81,52,6,3,2,6,44,61,56,22,76,72,70,45,5,3,2,7,47,67,64,26,89,91,92,59,6,4,3,9,64,80,82,34,116,110,106,69,8,5,2.5,8.75,61.88,78.75,81.0,32.88,113.12,108.0,105.75,68.0,7.88,4.5
Asphalt_0cm_S7,2026-04-02T20:27:27.002505,2,10,73,90,100,38,137,126,116,75,9,5,3,11,76,88,98,39,144,137,131,87,11,5,3,9,63,79,82,35,114,110,113,70,8,5,3,11,82,106,104,43,144,135,137,87,10,6,2,7,47,59,62,26,85,83,81,52,6,4,2,6,44,61,56,22,76,72,70,45,5,3,2,7,47,67,64,26,89,91,92,59,6,4,3,9,64,80,82,34,116,110,106,69,8,5,2.5,8.75,62.0,78.75,81.0,32.88,113.12,108.0,105.75,68.0,7.88,4.62
Asphalt_0cm_S7,2026-04-02T20:27:27.099752,2,10,74,89,100,39,138,126,116,76,9,5,3,10,76,88,98,39,144,137,131,87,11,5,3,9,62,79,82,35,114,110,114,70,8,5,3,11,82,106,104,43,144,135,137,87,10,6,2,7,47,59,62,26,85,83,81,52,6,4,2,6,44,61,56,22,76,72,70,45,5,3,2,7,46,68,64,26,89,91,92,59,7,4,3,9,64,80,82,34,116,110,106,69,8,5,2.5,8.62,61.88,78.75,81.0,33.0,113.25,108.0,105.88,68.12,8.0,4.62
Asphalt_0cm_S7,2026-04-02T20:27:27.213770,2,10,74,89,100,39,138,126,116,76,9,5,3,10,76,88,98,39,144,137,131,87,11,5,3,9,62,79,82,35,114,110,114,70,8,5,3,11,82,106,104,43,144,135,137,88,10,6,2,7,47,59,62,26,85,83,81,52,6,4,2,6,44,61,56,22,76,72,70,45,5,3,2,7,46,68,64,26,89,91,92,59,7,4,3,9,64,80,82,34,116,110,106,69,8,5,2.5,8.62,61.88,78.75,81.0,33.0,113.25,108.0,105.88,68.25,8.0,4.62
Asphalt_0cm_S7,2026-04-02T20:27:27.319208,2,10,74,89,99,39,138,126,116,76,9,5,3,10,76,88,98,39,144,137,131,87,11,5,3,9,63,79,82,35,114,110,113,70,8,5,3,11,82,106,104,43,144,135,137,88,10,6,2,7,47,59,62,26,85,83,81,52,6,4,2,6,44,61,56,22,76,72,70,45,5,3,2,6,46,68,64,26,89,92,92,59,7,4,3,9,64,80,82,34,116,111,106,69,8,5,2.5,8.5,62.0,78.75,80.88,33.0,113.25,108.25,105.75,68.25,8.0,4.62
Asphalt_0cm_S7,2026-04-02T20:27:27.408516,3,10,74,90,100,39,138,126,116,76,9,5,3,10,76,88,98,39,144,137,131,87,11,5,3,9,63,79,82,35,114,110,113,70,8,5,3,11,82,106,104,43,144,135,137,88,10,6,2,7,47,59,62,26,85,83,81,52,6,4,2,6,44,61,56,22,76,72,70,45,5,3,2,6,46,68,64,26,89,91,92,59,6,4,3,9,64,80,82,34,116,111,106,69,8,5,2.62,8.5,62.0,78.88,81.0,33.0,113.25,108.12,105.75,68.25,7.88,4.62
Asphalt_0cm_S7,2026-04-02T20:27:27.508999,3,10,74,90,100,39,138,126,116,76,9,5,3,10,76,88,98,39,144,137,131,87,11,5,3,9,63,78,82,35,114,110,113,70,8,5,3,11,82,107,105,43,145,135,138,88,10,6,1,7,47,59,62,26,86,83,81,52,6,4,2,6,44,61,56,22,76,72,70,45,5,3,2,6,47,68,64,26,90,91,92,59,6,4,3,9,64,80,82,34,116,111,106,69,8,5,2.5,8.5,62.12,78.88,81.12,33.0,113.62,108.12,105.88,68.25,7.88,4.62
Asphalt_0cm_S7,2026-04-02T20:27:27.609149,2,10,74,90,100,39,138,127,116,76,9,5,3,10,76,88,98,39,145,138,131,87,11,5,3,9,62,79,82,35,114,110,113,70,8,5,3,11,82,107,105,43,145,135,137,88,10,6,1,7,47,59,62,26,86,83,81,52,6,4,2,6,44,61,56,22,76,72,70,45,5,3,2,6,47,68,64,26,90,91,92,59,6,4,3,9,64,80,82,34,116,111,106,69,8,5,2.38,8.5,62.0,79.0,81.12,33.0,113.75,108.38,105.75,68.25,7.88,4.62
Asphalt_0cm_S7,2026-04-02T20:27:27.711217,2,10,74,90,100,39,138,127,116,76,9,5,3,10,76,88,98,39,145,138,131,87,11,5,3,9,62,79,82,35,114,110,113,70,8,5,3,11,82,107,105,43,145,135,137,88,10,6,2,7,47,59,62,26,85,83,81,52,6,4,2,6,44,61,56,22,76,72,70,45,5,3,2,7,47,68,64,26,90,92,92,59,6,4,3,9,64,80,82,34,116,111,106,69,8,5,2.5,8.62,62.0,79.0,81.12,33.0,113.62,108.5,105.75,68.25,7.88,4.62
Asphalt_0cm_S7,2026-04-02T20:27:27.803965,2,10,74,90,100,39,138,127,116,76,9,5,3,10,76,88,98,39,145,138,131,87,11,5,3,9,62,79,82,35,114,110,113,70,8,5,3,11,82,107,105,43,145,135,137,88,10,6,2,7,47,59,62,26,85,83,81,52,6,4,2,6,44,61,56,22,76,72,70,45,5,3,2,7,47,68,64,26,90,92,92,59,6,4,3,9,64,80,82,34,116,111,106,69,8,5,2.5,8.62,62.0,79.0,81.12,33.0,113.62,108.5,105.75,68.25,7.88,4.62
Asphalt_0cm_S7,2026-04-02T20:27:27.892977,2,10,74,90,100,38,138,127,117,76,9,5,3,10,77,88,98,39,145,138,131,87,11,5,3,9,63,79,82,35,114,110,114,70,8,5,3,11,83,107,105,43,145,135,138,88,10,6,2,7,47,59,62,26,85,83,81,52,6,4,2,6,44,61,56,22,76,72,70,45,5,3,2,7,47,68,64,26,90,92,92,59,6,4,3,9,64,80,82,34,116,111,106,69,8,5,2.5,8.62,62.38,79.0,81.12,32.88,113.62,108.5,106.12,68.25,7.88,4.62
Asphalt_0cm_S7,2026-04-02T20:27:27.981830,2,10,74,90,100,39,138,127,117,76,9,5,3,10,77,88,98,40,145,138,131,87,11,5,3,9,62,79,82,35,114,110,113,70,8,5,3,11,83,107,105,43,146,136,138,88,10,6,2,7,47,60,62,26,85,83,81,52,6,4,2,6,44,61,56,22,76,72,70,45,5,3,2,7,47,68,64,26,90,92,92,59,6,4,3,9,64,80,82,34,116,111,106,69,8,5,2.5,8.62,62.25,79.12,81.12,33.12,113.75,108.62,106.0,68.25,7.88,4.62
Asphalt_0cm_S7,2026-04-02T20:27:28.082634,2,10,74,90,100,39,138,127,117,76,9,5,3,10,77,88,99,40,145,138,131,87,11,5,2,9,62,79,82,35,114,110,114,70,8,5,3,11,83,107,105,43,146,136,138,88,10,6,2,7,47,60,62,26,85,83,81,52,6,4,2,6,44,61,56,22,76,72,70,45,5,3,2,7,47,68,64,26,90,92,92,59,6,4,3,9,64,80,82,34,117,111,106,70,8,5,2.38,8.62,62.25,79.12,81.25,33.12,113.88,108.62,106.12,68.38,7.88,4.62
Asphalt_0cm_S7,2026-04-02T20:27:28.191286,2,10,74,90,100,39,138,127,117,76,9,5,3,10,77,88,99,40,145,138,131,87,11,5,2,9,62,79,82,35,114,110,114,70,8,5,3,11,83,107,105,43,146,136,138,88,10,6,2,7,47,59,62,26,85,83,81,52,6,4,2,6,44,61,56,22,76,72,70,45,5,3,2,6,47,68,64,26,90,92,92,59,7,4,3,9,64,80,82,34,117,111,106,70,8,5,2.38,8.5,62.25,79.0,81.25,33.12,113.88,108.62,106.12,68.38,8.0,4.62
Asphalt_0cm_S7,2026-04-02T20:27:28.277421,2,10,74,90,100,39,138,127,117,76,9,5,3,10,77,88,99,40,145,138,131,87,11,5,2,9,62,79,82,35,114,110,114,70,8,5,3,11,83,107,105,43,146,136,138,88,10,6,2,7,47,59,62,26,85,83,81,52,6,4,2,6,44,61,56,22,76,72,70,45,5,3,2,6,47,68,64,26,90,92,92,59,7,4,3,9,64,80,82,34,117,111,106,70,8,5,2.38,8.5,62.25,79.0,81.25,33.12,113.88,108.62,106.12,68.38,8.0,4.62
Asphalt_0cm_S7,2026-04-02T20:27:28.361882,2,10,74,90,100,39,139,127,117,76,9,5,3,10,77,88,99,39,145,138,131,87,11,6,3,9,63,79,82,35,114,110,114,71,8,5,3,11,83,107,105,43,146,136,138,88,10,6,2,7,47,59,62,26,85,83,81,52,6,4,2,6,44,61,56,22,76,72,70,45,5,3,2,6,47,68,64,26,90,92,92,59,7,4,3,9,64,80,82,34,117,111,106,70,8,5,2.5,8.5,62.38,79.0,81.25,33.0,114.0,108.62,106.12,68.5,8.0,4.75
Asphalt_0cm_S7,2026-04-02T20:27:28.458593,2,10,74,90,100,39,139,127,117,76,9,5,3,10,77,88,99,40,145,138,131,87,11,5,3,9,63,79,82,35,114,110,114,71,8,5,3,11,83,108,105,43,146,136,139,88,10,6,2,7,47,60,62,26,85,83,81,52,6,4,2,6,44,61,56,22,76,72,70,45,5,3,2,6,47,68,64,26,90,92,92,59,7,4,3,9,64,80,82,34,117,111,107,70,8,5,2.5,8.5,62.38,79.25,81.25,33.12,114.0,108.62,106.38,68.5,8.0,4.62
Asphalt_0cm_S7,2026-04-02T20:27:28.548258,2,10,74,90,100,39,139,127,117,76,9,5,3,10,77,88,99,40,145,138,131,87,11,5,3,9,63,79,82,35,114,110,114,71,8,5,3,11,83,108,105,43,146,136,139,88,10,6,2,7,47,60,62,26,85,83,81,52,6,4,2,6,44,61,56,22,76,72,70,45,5,3,2,7,47,68,64,26,90,92,92,59,7,4,3,9,64,80,82,34,117,111,106,70,8,5,2.5,8.62,62.38,79.25,81.25,33.12,114.0,108.62,106.25,68.5,8.0,4.62
Asphalt_0cm_S7,2026-04-02T20:27:28.639627,3,10,75,91,101,39,139,127,117,76,9,5,3,11,77,89,99,40,145,138,131,87,11,5,3,9,63,79,82,35,114,110,114,71,8,5,3,11,83,108,106,44,146,137,139,89,10,6,2,7,47,59,62,26,85,83,81,52,6,4,2,6,44,61,56,22,76,72,70,45,5,3,2,6,47,68,64,26,90,92,92,59,7,4,3,9,64,80,82,34,117,111,106,70,8,5,2.62,8.62,62.5,79.38,81.5,33.25,114.0,108.75,106.25,68.62,8.0,4.62
Asphalt_0cm_S7,2026-04-02T20:27:28.731199,2,10,75,91,101,39,139,127,117,76,9,5,3,11,77,89,99,40,145,138,131,87,11,5,3,9,63,79,82,35,114,110,114,71,8,5,3,11,83,108,106,44,146,137,139,89,10,6,2,7,47,59,62,26,85,83,81,52,6,4,2,6,44,61,56,22,76,72,70,45,5,3,2,6,47,68,64,26,90,92,92,59,7,4,3,9,64,80,83,34,117,111,107,70,8,5,2.5,8.62,62.5,79.38,81.62,33.25,114.0,108.75,106.38,68.62,8.0,4.62
Asphalt_0cm_S7,2026-04-02T20:27:28.827284,2,10,75,91,101,39,139,127,117,76,9,5,3,11,77,89,99,40,145,138,132,87,11,5,3,9,63,79,82,35,114,110,114,71,8,5,3,11,83,108,106,44,147,137,139,89,10,6,2,7,47,59,62,26,86,83,81,52,6,4,2,6,44,61,56,22,76,72,70,45,5,3,2,7,47,68,64,26,90,92,93,59,6,4,3,9,64,80,83,34,117,111,107,70,8,5,2.5,8.75,62.5,79.38,81.62,33.25,114.25,108.75,106.62,68.62,7.88,4.62
Asphalt_0cm_S7,2026-04-02T20:27:28.930554,3,10,75,91,101,39,139,128,117,76,8,5,3,11,77,89,99,40,145,138,132,87,11,5,3,9,63,79,82,35,115,110,114,71,8,5,3,11,83,108,106,44,147,137,139,89,10,6,2,7,47,59,62,26,86,83,81,52,6,4,2,6,44,61,56,22,76,72,70,45,5,3,2,7,47,68,64,26,90,92,93,59,6,4,3,9,64,80,83,34,117,112,107,70,8,5,2.62,8.75,62.5,79.38,81.62,33.25,114.38,109.0,106.62,68.62,7.75,4.62
Asphalt_0cm_S7,2026-04-02T20:27:29.044344,3,10,75,91,101,39,139,128,117,76,8,5,3,11,77,89,99,40,145,138,132,87,11,5,3,9,63,79,82,35,115,110,114,71,8,5,3,11,83,108,106,44,147,137,139,89,10,6,2,7,47,59,62,26,86,83,81,52,6,4,2,6,44,61,56,22,76,72,70,45,5,3,2,7,47,68,65,26,90,92,93,59,7,4,3,9,64,80,83,34,117,111,107,70,8,5,2.62,8.75,62.5,79.38,81.75,33.25,114.38,108.88,106.62,68.62,7.88,4.62
Asphalt_0cm_S7,2026-04-02T20:27:29.164500,2,10,75,91,101,39,139,128,117,77,9,5,3,10,77,89,99,40,146,139,132,87,11,5,3,9,63,79,82,35,114,110,114,71,8,5,3,11,83,108,106,44,147,137,140,89,10,6,2,7,47,60,62,26,85,83,81,52,6,4,2,6,44,61,56,22,76,72,70,45,5,3,2,7,47,68,65,26,90,92,93,59,7,4,3,9,64,80,83,34,117,111,107,70,8,5,2.5,8.62,62.5,79.5,81.75,33.25,114.25,109.0,106.75,68.75,8.0,4.62
Asphalt_0cm_S7,2026-04-02T20:27:29.268362,2,10,75,91,101,39,140,128,117,76,9,5,3,10,77,89,99,40,146,139,132,87,11,5,3,9,63,79,82,35,114,110,114,71,8,5,3,11,83,108,106,44,147,137,140,89,10,6,2,7,47,60,62,26,85,83,81,52,6,4,2,6,44,61,56,22,76,72,70,45,5,3,2,6,47,68,64,26,90,92,93,59,7,4,3,9,64,80,83,34,117,112,107,70,8,5,2.5,8.5,62.5,79.5,81.62,33.25,114.38,109.12,106.75,68.62,8.0,4.62
Asphalt_0cm_S7,2026-04-02T20:27:29.359563,2,10,75,91,101,39,140,128,117,76,9,5,3,11,77,89,99,40,146,139,132,87,11,5,3,9,63,79,82,35,115,111,114,71,8,5,3,11,84,108,106,44,147,137,139,89,10,6,2,7,47,60,62,26,85,83,81,52,6,4,2,6,44,61,56,22,76,72,70,45,5,3,2,6,47,68,64,26,90,92,93,59,7,4,3,9,64,80,83,34,117,112,107,70,8,5,2.5,8.62,62.62,79.5,81.62,33.25,114.5,109.25,106.62,68.62,8.0,4.62
Asphalt_0cm_S7,2026-04-02T20:27:29.454644,3,10,75,91,101,39,139,128,117,76,9,5,3,11,77,89,99,40,146,139,131,87,11,5,3,9,63,79,82,35,113,110,114,71,8,5,3,11,84,108,106,44,147,137,140,89,10,6,2,7,47,59,62,26,86,83,81,52,6,4,2,6,44,61,56,22,76,72,70,45,5,3,2,6,47,68,64,26,90,92,93,59,7,4,3,9,64,81,83,34,117,111,107,70,8,5,2.62,8.62,62.62,79.5,81.62,33.25,114.25,109.0,106.62,68.62,8.0,4.62
Asphalt_0cm_S7,2026-04-02T20:27:29.546270,3,10,75,91,101,39,139,128,117,76,9,5,3,11,77,89,99,40,146,139,131,87,11,5,3,9,63,79,82,35,113,110,114,71,8,5,3,11,84,108,106,44,147,137,140,89,10,6,2,7,47,59,62,26,86,83,81,52,6,4,2,6,44,61,56,22,76,72,70,45,5,3,2,7,47,68,65,26,90,92,93,59,7,4,3,9,65,81,83,34,117,112,107,70,8,5,2.62,8.75,62.75,79.5,81.75,33.25,114.25,109.12,106.62,68.62,8.0,4.62
Asphalt_0cm_S7,2026-04-02T20:27:29.637099,2,10,75,91,102,39,140,128,118,77,9,5,3,11,77,89,99,40,146,139,132,87,11,5,3,9,63,79,82,35,115,111,114,71,8,5,3,11,84,108,106,44,147,138,140,89,10,6,2,7,47,59,62,26,85,83,81,52,6,4,2,6,44,61,56,22,76,72,70,45,5,3,2,7,47,68,65,26,90,92,93,59,7,4,3,9,65,81,83,34,117,112,107,70,8,5,2.5,8.75,62.75,79.5,81.88,33.25,114.5,109.38,106.88,68.75,8.0,4.62
Asphalt_0cm_S7,2026-04-02T20:27:29.730179,2,10,75,91,102,39,140,128,118,77,9,5,3,11,77,89,99,40,146,139,132,87,11,5,3,9,63,79,82,35,115,111,114,71,8,5,3,11,84,108,106,44,147,138,140,89,10,6,2,7,47,59,62,26,85,83,81,52,6,4,2,6,44,61,56,22,76,72,70,45,5,3,2,7,47,68,65,26,90,92,93,60,7,4,3,9,64,81,83,34,117,112,107,70,8,5,2.5,8.75,62.62,79.5,81.88,33.25,114.5,109.38,106.88,68.88,8.0,4.62
Asphalt_0cm_S7,2026-04-02T20:27:29.839126,2,10,75,91,101,39,140,128,117,77,9,5,3,11,77,89,99,40,146,138,132,87,11,5,3,9,63,79,82,35,114,110,114,71,8,5,3,11,84,108,107,44,148,138,140,89,10,6,2,7,47,60,62,26,86,83,82,52,6,4,2,6,44,61,56,22,76,72,70,45,5,3,2,6,47,68,64,26,90,92,93,60,7,4,3,9,65,81,83,34,117,112,107,70,8,5,2.5,8.62,62.75,79.62,81.75,33.25,114.62,109.12,106.88,68.88,8.0,4.62
Asphalt_0cm_S7,2026-04-02T20:27:29.957372,2,10,75,91,101,39,140,128,118,76,9,5,3,10,77,88,99,40,146,138,132,87,11,5,3,9,63,79,82,35,115,111,114,71,8,5,3,11,84,108,106,44,148,138,140,89,10,6,2,7,47,60,62,26,86,83,82,52,6,4,2,6,44,61,56,22,76,72,70,45,5,3,2,6,47,68,64,26,90,92,93,60,7,4,3,9,65,81,83,34,117,112,107,70,8,5,2.5,8.5,62.75,79.5,81.62,33.25,114.75,109.25,107.0,68.75,8.0,4.62
Asphalt_0cm_S7,2026-04-02T20:27:30.052244,2,10,75,91,101,39,140,128,118,76,9,5,3,10,77,88,99,40,146,138,132,87,11,5,3,9,63,79,82,35,115,111,114,71,8,5,3,11,84,108,106,44,148,138,140,89,10,6,2,7,47,59,62,26,85,83,81,52,6,4,2,6,44,61,56,22,76,72,70,45,5,3,2,6,47,68,65,26,90,92,93,59,7,4,3,9,65,81,83,34,117,112,107,70,8,5,2.5,8.5,62.75,79.38,81.75,33.25,114.62,109.25,106.88,68.62,8.0,4.62
Asphalt_0cm_S7,2026-04-02T20:27:30.168635,3,10,75,91,101,39,139,128,118,76,9,5,3,11,77,89,99,40,146,138,131,87,11,5,3,9,63,79,82,35,114,110,114,71,8,5,3,11,84,108,107,44,147,138,140,89,10,6,2,7,47,59,62,26,86,83,82,52,6,4,2,6,44,61,56,22,76,72,70,45,5,3,2,7,47,68,64,26,90,92,93,59,7,4,3,9,65,81,83,34,117,112,107,70,8,5,2.62,8.75,62.75,79.5,81.75,33.25,114.38,109.12,106.88,68.62,8.0,4.62
Asphalt_0cm_S7,2026-04-02T20:27:30.284018,3,10,75,91,101,39,140,128,117,76,9,5,3,11,77,89,99,40,146,139,132,87,11,5,3,9,63,79,82,35,114,110,114,71,8,5,3,11,84,108,107,44,147,138,140,89,10,6,2,7,47,59,62,26,86,83,82,52,6,4,2,6,44,61,56,22,76,72,70,45,5,3,2,7,47,68,64,26,90,92,93,59,7,4,3,9,65,81,83,34,117,112,107,70,8,5,2.62,8.75,62.75,79.5,81.75,33.25,114.5,109.25,106.88,68.62,8.0,4.62
Asphalt_0cm_S7,2026-04-02T20:27:30.375841,3,10,75,91,101,39,140,128,117,76,9,5,3,11,77,89,99,40,146,139,132,87,11,5,3,9,63,79,82,35,115,110,114,71,8,5,3,11,84,109,106,44,148,138,140,89,10,6,2,7,47,59,62,26,86,83,82,52,6,4,2,6,44,61,56,22,76,72,70,45,5,3,2,7,47,68,65,26,90,92,93,60,7,4,3,9,64,81,83,34,118,112,107,70,8,5,2.62,8.75,62.62,79.62,81.75,33.25,114.88,109.25,106.88,68.75,8.0,4.62
Asphalt_0cm_S7,2026-04-02T20:27:30.480856,2,10,75,91,101,39,139,128,117,77,9,5,3,10,77,89,99,40,146,138,132,87,11,5,3,9,63,79,82,35,115,111,114,71,8,5,3,11,84,108,107,44,148,138,140,89,10,6,2,7,47,59,62,26,85,83,82,52,6,4,2,6,44,61,56,22,76,72,70,45,5,3,2,7,47,68,65,26,90,92,93,60,7,4,3,9,64,81,83,34,118,112,107,70,8,5,2.5,8.62,62.62,79.5,81.88,33.25,114.62,109.25,106.88,68.88,8.0,4.62
Asphalt_0cm_S7,2026-04-02T20:27:30.572822,3,10,75,91,101,39,140,128,118,76,9,5,3,11,77,89,99,40,146,139,132,87,11,5,3,9,63,79,82,35,115,111,114,71,8,5,3,11,84,108,107,44,148,138,140,89,10,6,2,7,47,59,62,26,85,83,82,52,6,4,2,6,44,61,56,22,76,72,70,45,5,3,2,7,47,68,65,26,90,92,93,60,6,4,3,9,64,80,83,34,117,112,107,70,8,5,2.62,8.75,62.62,79.38,81.88,33.25,114.62,109.38,107.0,68.75,7.88,4.62
Asphalt_0cm_S7,2026-04-02T20:27:30.664830,3,10,75,91,101,39,140,128,118,76,9,5,3,11,77,89,99,40,146,139,132,87,11,5,3,9,63,79,82,35,115,111,114,71,8,5,3,11,84,108,106,44,148,138,140,89,10,6,2,7,47,59,62,26,86,83,81,52,6,4,2,6,44,61,56,22,76,72,70,45,4,3,2,6,47,68,64,26,90,92,92,60,7,4,3,9,64,80,83,34,117,112,107,70,8,5,2.62,8.62,62.62,79.38,81.62,33.25,114.75,109.38,106.75,68.75,7.88,4.62
Asphalt_0cm_S7,2026-04-02T20:27:30.759998,3,10,75,91,101,39,140,128,118,76,9,5,3,11,77,89,99,40,146,139,132,87,11,5,3,9,63,79,82,35,115,111,114,71,8,5,3,11,84,108,106,44,148,138,140,89,10,6,2,7,47,59,62,26,86,83,81,52,6,4,2,6,44,61,56,22,76,72,70,45,4,3,2,6,47,68,64,26,90,92,92,60,7,4,3,9,64,80,83,34,117,112,107,70,8,5,2.62,8.62,62.62,79.38,81.62,33.25,114.75,109.38,106.75,68.75,7.88,4.62
Asphalt_0cm_S7,2026-04-02T20:27:30.850937,2,10,75,91,101,39,139,128,118,76,9,5,3,11,77,89,99,40,145,138,132,87,11,5,3,9,63,79,82,35,115,110,114,71,8,5,3,11,84,108,107,44,147,138,140,89,10,6,2,7,47,59,62,26,86,83,81,52,6,4,2,6,44,61,56,22,76,72,70,45,5,3,2,7,47,68,65,26,90,92,93,60,6,4,3,9,65,81,83,34,117,111,107,70,8,5,2.5,8.75,62.75,79.5,81.88,33.25,114.38,109.0,106.88,68.75,7.88,4.62
Asphalt_0cm_S7,2026-04-02T20:27:30.943190,2,10,75,91,101,39,140,128,118,76,9,5,3,11,77,89,99,40,146,139,132,87,11,5,3,9,63,79,82,35,115,110,114,71,8,5,3,11,84,108,106,44,148,138,140,89,10,6,2,7,47,60,62,26,86,83,81,52,6,4,2,6,44,61,56,22,76,72,70,45,5,3,2,7,47,68,65,26,90,92,93,60,6,4,3,9,65,81,83,34,117,111,107,70,8,5,2.5,8.75,62.75,79.62,81.75,33.25,114.75,109.12,106.88,68.75,7.88,4.62
Asphalt_0cm_S7,2026-04-02T20:27:31.055574,2,10,75,91,101,39,140,128,118,76,9,5,3,11,77,89,99,40,146,139,132,87,11,5,3,9,63,79,82,35,115,110,114,71,8,5,3,11,84,108,106,44,148,138,140,89,10,6,2,7,47,60,62,26,86,83,81,52,6,4,2,6,44,61,56,22,76,72,70,45,5,3,2,7,47,68,65,26,90,92,93,60,7,4,3,9,65,81,83,34,117,112,107,70,8,5,2.5,8.75,62.75,79.62,81.75,33.25,114.75,109.25,106.88,68.75,8.0,4.62
Asphalt_0cm_S7,2026-04-02T20:27:31.179117,2,10,75,91,101,39,140,128,118,77,9,5,3,11,77,89,99,40,146,138,132,87,11,5,3,9,63,79,82,35,115,111,114,71,8,5,3,11,84,108,106,44,148,138,140,89,10,6,2,7,47,60,62,26,86,83,81,52,6,4,2,6,44,61,56,22,76,72,70,45,5,3,2,7,47,68,65,26,90,92,93,60,7,4,3,9,65,81,83,34,117,112,107,70,8,5,2.5,8.75,62.75,79.62,81.75,33.25,114.75,109.25,106.88,68.88,8.0,4.62
Asphalt_0cm_S7,2026-04-02T20:27:31.321775,3,10,75,91,101,39,140,128,118,77,9,5,3,10,77,89,99,40,146,139,132,87,11,6,3,9,63,79,82,35,115,111,114,71,8,5,3,11,84,108,107,44,148,137,140,89,10,6,2,7,47,59,62,26,86,83,81,52,6,4,2,6,44,61,56,22,76,72,70,45,5,3,2,7,47,68,65,26,90,92,93,60,7,4,3,9,65,81,83,34,117,112,107,70,8,5,2.62,8.62,62.75,79.5,81.88,33.25,114.75,109.25,106.88,68.88,8.0,4.75
Asphalt_0cm_S7,2026-04-02T20:27:31.420263,2,10,75,91,102,39,140,128,118,77,9,5,3,11,77,89,99,40,146,139,132,87,11,5,2,9,63,79,82,35,114,111,114,71,8,5,3,11,84,108,107,44,148,137,140,89,10,6,2,7,47,59,62,26,86,83,81,52,6,4,2,5,44,61,56,22,76,72,70,45,5,3,2,7,47,68,65,26,90,92,93,60,7,4,3,9,65,81,83,34,118,112,107,70,8,5,2.38,8.62,62.75,79.5,82.0,33.25,114.75,109.25,106.88,68.88,8.0,4.62
Asphalt_0cm_S7,2026-04-02T20:27:31.509477,2,10,75,91,102,39,140,128,118,77,9,5,3,11,77,89,99,40,146,139,132,87,11,5,2,9,63,79,82,35,114,111,114,71,8,5,3,11,84,108,107,44,148,138,140,89,10,6,2,7,47,60,62,26,86,83,82,52,6,4,2,6,44,61,56,22,76,72,70,45,5,2,2,7,47,69,65,26,91,93,93,60,7,4,3,9,65,81,83,34,118,112,107,70,8,5,2.38,8.75,62.75,79.75,82.0,33.25,114.88,109.5,107.0,68.88,8.0,4.5
Asphalt_0cm_S7,2026-04-02T20:27:31.611356,2,10,75,91,102,39,140,129,118,77,9,5,3,10,77,88,99,40,146,139,132,87,11,5,3,9,63,79,82,35,115,110,114,71,8,5,3,11,84,108,106,44,148,138,140,89,10,6,2,7,47,60,62,26,86,83,82,52,6,4,2,6,44,61,56,22,76,72,70,45,5,2,2,7,47,69,65,26,91,93,93,60,7,4,3,9,65,81,83,34,118,112,107,70,8,5,2.5,8.62,62.75,79.62,81.88,33.25,115.0,109.5,107.0,68.88,8.0,4.5
Asphalt_0cm_S7,2026-04-02T20:27:31.706431,2,10,75,91,102,39,140,129,118,77,9,5,3,10,77,88,99,40,146,139,132,87,11,5,3,9,63,79,82,35,115,110,114,71,8,5,3,11,84,108,106,44,148,138,140,89,10,6,2,7,47,60,62,26,86,83,81,52,6,4,2,6,44,61,56,22,76,72,70,45,5,3,2,7,47,69,65,26,91,93,93,60,7,4,3,9,65,81,83,34,118,112,107,70,8,5,2.5,8.62,62.75,79.62,81.88,33.25,115.0,109.5,106.88,68.88,8.0,4.62
Asphalt_0cm_S7,2026-04-02T20:27:31.797700,3,10,75,91,102,39,140,128,118,77,9,5,3,11,77,89,99,40,146,139,132,87,11,5,3,9,63,79,82,35,115,110,114,71,8,5,3,11,84,109,107,44,148,138,140,89,10,6,2,7,47,59,62,26,86,83,82,52,6,3,2,6,44,61,56,22,76,72,70,45,5,3,2,7,47,69,65,26,91,93,93,60,7,4,3,9,65,81,83,34,118,112,107,70,8,5,2.62,8.75,62.75,79.75,82.0,33.25,115.0,109.38,107.0,68.88,8.0,4.5
Asphalt_0cm_S7,2026-04-02T20:27:31.889345,3,10,75,91,102,39,140,128,118,77,9,5,3,11,77,89,99,40,146,139,132,87,11,5,3,9,63,79,82,35,115,110,114,71,8,5,3,11,84,109,107,44,148,138,140,89,10,6,2,7,47,59,62,26,86,83,82,52,6,3,2,6,43,61,56,22,76,72,70,45,5,3,2,7,47,69,65,26,91,93,93,60,7,4,3,9,65,81,84,34,118,112,108,70,8,5,2.62,8.75,62.62,79.75,82.12,33.25,115.0,109.38,107.12,68.88,8.0,4.5
Asphalt_0cm_S7,2026-04-02T20:27:31.986465,3,10,75,91,102,39,140,128,118,77,9,5,3,11,77,89,99,40,146,139,132,87,11,5,3,9,63,79,82,35,114,110,114,71,8,5,3,11,84,108,107,44,148,138,140,89,10,6,2,7,47,60,62,26,86,83,82,52,6,4,2,6,44,61,56,22,76,72,70,45,5,3,2,7,47,69,65,26,91,93,93,60,7,4,3,9,65,81,84,34,118,112,108,70,8,5,2.62,8.75,62.75,79.75,82.12,33.25,114.88,109.38,107.12,68.88,8.0,4.62
Asphalt_0cm_S7,2026-04-02T20:27:32.080458,2,10,75,91,102,39,140,128,118,77,9,5,3,11,77,89,99,40,146,139,132,87,11,5,3,9,63,79,82,35,114,110,114,71,8,5,3,11,84,108,107,44,148,138,140,89,10,6,2,7,47,60,62,26,86,83,82,52,6,4,2,6,44,61,56,22,76,72,70,45,5,3,2,7,47,69,65,26,91,93,93,60,7,4,3,9,65,81,83,34,118,112,107,70,8,5,2.5,8.75,62.75,79.75,82.0,33.25,114.88,109.38,107.0,68.88,8.0,4.62
Asphalt_0cm_S7,2026-04-02T20:27:32.184285,2,10,75,91,102,39,140,128,118,77,9,5,3,11,77,89,99,40,146,139,132,87,11,5,3,9,63,79,82,35,115,110,114,71,8,5,3,11,84,108,107,44,148,138,140,89,10,6,2,7,46,60,62,26,86,84,82,52,6,4,2,6,44,61,56,22,76,72,70,45,5,3,2,7,47,69,65,26,91,93,93,60,7,4,3,9,65,81,83,34,118,112,107,70,8,5,2.5,8.75,62.62,79.75,82.0,33.25,115.0,109.5,107.0,68.88,8.0,4.62
Asphalt_0cm_S7,2026-04-02T20:27:32.272853,2,10,75,91,102,39,140,128,118,77,9,5,3,11,77,89,99,40,146,139,132,87,11,5,3,9,63,79,82,35,115,110,114,71,8,5,3,11,84,108,107,44,148,138,140,89,10,6,2,7,46,60,62,26,86,84,82,52,6,4,2,6,44,61,56,22,76,72,70,45,5,3,2,7,47,69,65,26,91,93,93,60,7,4,3,9,65,81,83,34,118,112,107,70,8,5,2.5,8.75,62.62,79.75,82.0,33.25,115.0,109.5,107.0,68.88,8.0,4.62
Asphalt_0cm_S7,2026-04-02T20:27:32.356325,2,10,75,91,102,39,140,128,118,77,9,5,3,11,77,89,99,40,146,139,132,87,11,5,3,9,63,79,82,35,115,110,114,71,8,5,3,11,84,108,107,44,148,138,140,89,10,6,2,7,46,60,62,26,86,84,82,52,6,4,2,6,44,61,56,22,76,72,70,45,5,3,2,7,47,69,65,26,91,93,93,60,7,4,3,9,65,81,83,34,118,112,107,70,8,5,2.5,8.75,62.62,79.75,82.0,33.25,115.0,109.5,107.0,68.88,8.0,4.62
Asphalt_0cm_S7,2026-04-02T20:27:32.440645,3,10,76,91,102,39,140,128,118,77,9,5,3,11,77,89,99,40,146,138,132,87,11,5,3,9,63,79,82,35,115,110,114,71,8,5,3,11,84,108,107,44,148,138,140,89,10,6,2,7,46,60,62,26,86,84,82,52,6,4,2,6,44,61,56,22,76,72,70,45,5,3,2,7,47,69,65,26,91,93,93,60,7,4,3,9,65,81,83,34,118,112,107,70,8,5,2.62,8.75,62.75,79.75,82.0,33.25,115.0,109.38,107.0,68.88,8.0,4.62
Asphalt_0cm_S7,2026-04-02T20:27:32.527779,3,10,76,91,102,39,140,128,118,77,9,5,3,11,77,89,99,40,146,138,132,87,11,5,3,9,63,79,82,35,115,110,114,71,8,5,3,11,84,108,106,44,148,138,140,89,10,6,2,7,47,60,62,26,86,84,82,52,6,4,2,6,44,61,56,22,76,72,70,45,5,3,2,7,47,69,65,26,91,93,93,60,6,4,3,9,65,81,84,34,118,113,108,70,8,5,2.62,8.75,62.88,79.75,82.0,33.25,115.0,109.5,107.12,68.88,7.88,4.62
Asphalt_0cm_S7,2026-04-02T20:27:32.617979,3,10,75,91,102,39,140,128,118,77,9,5,3,11,77,89,99,40,146,139,132,87,11,5,3,9,63,79,82,35,115,111,114,71,8,5,3,11,84,109,107,44,147,138,140,89,10,6,2,7,47,60,62,26,86,84,82,52,6,4,2,6,44,61,56,22,76,72,70,45,5,3,2,7,47,69,65,26,91,93,93,60,6,4,3,9,65,81,84,34,118,113,108,70,8,5,2.62,8.75,62.75,79.88,82.12,33.25,114.88,109.75,107.12,68.88,7.88,4.62
Asphalt_0cm_S7,2026-04-02T20:27:32.709276,3,10,75,91,102,39,140,128,118,77,9,5,3,11,77,89,99,40,146,139,132,87,11,5,3,9,63,79,82,35,115,111,114,71,8,5,3,11,84,109,107,44,147,138,140,89,10,6,2,7,47,60,62,26,86,83,82,52,6,4,2,6,43,61,56,22,76,72,70,45,5,3,2,7,47,69,65,26,91,93,93,60,7,4,3,9,65,81,84,34,118,113,108,70,8,5,2.62,8.75,62.62,79.88,82.12,33.25,114.88,109.62,107.12,68.88,8.0,4.62
Asphalt_0cm_S7,2026-04-02T20:27:32.806742,3,10,75,91,102,39,140,128,118,77,9,5,3,11,77,89,99,40,146,139,132,87,11,5,3,9,63,79,82,35,115,111,114,71,8,5,3,11,84,109,107,44,147,138,140,89,10,6,2,7,47,60,62,26,86,83,82,52,6,4,2,6,43,61,56,22,76,72,70,45,5,3,2,7,47,69,65,26,91,93,93,60,7,4,3,9,65,81,84,34,118,113,108,70,8,5,2.62,8.75,62.62,79.88,82.12,33.25,114.88,109.62,107.12,68.88,8.0,4.62
Asphalt_0cm_S7,2026-04-02T20:27:32.894723,2,10,75,91,102,39,140,129,118,77,9,5,3,11,77,89,99,40,146,139,132,88,11,5,3,9,63,79,82,35,115,110,114,71,8,5,3,11,84,108,106,44,147,138,140,89,10,6,2,7,48,60,62,26,86,83,82,52,6,4,2,6,43,61,56,22,76,72,70,45,5,3,2,7,47,69,65,26,91,93,93,60,7,4,3,9,65,81,84,34,118,113,108,70,8,5,2.5,8.75,62.75,79.75,82.0,33.25,114.88,109.62,107.12,69.0,8.0,4.62
Asphalt_0cm_S7,2026-04-02T20:27:33.004673,2,10,75,91,102,39,140,129,118,77,9,5,3,11,77,89,99,40,146,139,132,88,11,5,3,9,63,79,82,35,115,110,114,71,8,5,3,11,84,108,106,44,147,138,140,89,10,6,2,7,48,60,62,26,86,83,82,52,6,4,2,6,43,61,56,22,76,72,70,45,5,3,2,7,47,69,65,26,91,93,93,60,7,4,3,9,65,81,84,34,118,113,108,70,8,5,2.5,8.75,62.75,79.75,82.0,33.25,114.88,109.62,107.12,69.0,8.0,4.62
Asphalt_0cm_S7,2026-04-02T20:27:33.098860,2,10,75,91,102,39,140,128,118,77,9,5,3,11,77,89,99,40,146,139,132,87,11,5,3,9,63,79,82,35,115,111,114,71,8,5,3,11,84,108,106,44,148,138,140,89,10,6,2,7,47,60,62,26,86,83,82,52,6,4,2,6,44,61,56,22,76,72,70,45,5,3,2,7,47,69,65,26,91,93,94,60,7,4,3,9,65,81,84,34,118,113,108,70,8,5,2.5,8.75,62.75,79.75,82.0,33.25,115.0,109.62,107.25,68.88,8.0,4.62
Asphalt_0cm_S7,2026-04-02T20:27:33.210422,2,10,75,91,102,39,140,128,118,77,9,5,3,11,77,89,99,40,146,139,132,87,11,5,3,9,63,79,82,35,115,111,114,71,8,5,3,11,84,108,107,44,147,138,140,89,10,6,2,7,48,60,62,26,86,84,82,52,6,4,2,6,44,61,56,22,76,72,70,45,5,3,2,7,47,69,65,26,91,94,94,60,7,4,3,9,65,81,84,34,118,112,108,71,8,5,2.5,8.75,62.88,79.75,82.12,33.25,114.88,109.75,107.25,69.0,8.0,4.62
Asphalt_0cm_S7,2026-04-02T20:27:33.314416,2,10,75,92,102,39,140,129,118,77,9,5,3,11,77,89,99,40,146,139,132,87,11,5,3,9,63,79,82,35,115,111,114,71,8,5,3,11,84,108,107,44,147,138,140,89,10,6,2,7,48,60,62,26,86,84,82,52,6,4,2,6,44,61,56,22,76,72,70,45,5,3,2,7,47,69,65,26,91,94,94,60,7,4,3,9,65,81,84,34,118,112,108,71,8,5,2.5,8.75,62.88,79.88,82.12,33.25,114.88,109.88,107.25,69.0,8.0,4.62
Asphalt_0cm_S7,2026-04-02T20:27:33.403778,2,10,75,92,102,39,140,129,118,77,9,5,3,11,77,89,99,40,146,139,132,87,11,5,3,9,63,79,82,35,115,111,114,71,8,5,3,11,84,108,107,44,147,138,140,89,10,6,2,7,48,60,62,26,86,84,82,52,6,4,2,6,44,61,56,22,76,72,70,45,5,3,2,7,47,69,65,26,91,94,94,60,7,4,3,9,65,81,84,34,118,112,108,71,8,5,2.5,8.75,62.88,79.88,82.12,33.25,114.88,109.88,107.25,69.0,8.0,4.62
Asphalt_0cm_S7,2026-04-02T20:27:33.504254,2,10,75,92,102,39,140,129,118,77,9,5,3,11,77,89,99,40,146,139,132,87,11,5,3,9,63,79,82,35,115,110,114,71,8,5,3,11,84,108,106,44,147,138,140,89,10,6,2,7,47,60,63,26,86,84,82,52,6,4,2,6,44,61,56,22,76,72,70,45,5,3,2,7,47,69,65,26,91,94,94,60,7,4,3,9,65,81,84,34,118,112,108,71,8,5,2.5,8.75,62.75,79.88,82.12,33.25,114.88,109.75,107.25,69.0,8.0,4.62
Asphalt_0cm_S7,2026-04-02T20:27:33.591555,2,10,75,91,102,39,140,129,118,77,9,5,3,11,77,89,99,40,146,139,132,87,11,5,3,9,63,79,82,35,115,110,114,71,8,5,3,11,84,108,106,44,147,138,140,89,10,6,2,7,47,60,63,26,86,84,82,52,6,4,2,6,44,61,56,22,76,72,70,45,5,3,2,7,48,69,65,26,91,93,94,60,7,4,3,9,65,81,84,34,118,113,107,71,8,5,2.5,8.75,62.88,79.75,82.12,33.25,114.88,109.75,107.12,69.0,8.0,4.62
Asphalt_0cm_S7,2026-04-02T20:27:33.695292,2,10,75,91,102,39,140,129,118,77,9,5,3,11,77,89,99,40,146,139,132,88,11,5,3,9,63,79,82,35,115,111,115,71,8,5,3,11,84,108,106,44,148,138,140,89,10,6,2,7,48,60,62,26,86,84,82,52,6,4,2,6,44,61,56,22,76,72,70,45,5,3,2,7,47,69,66,26,92,94,94,60,7,4,3,9,65,81,84,34,118,113,108,70,8,5,2.5,8.75,62.88,79.75,82.12,33.25,115.12,110.0,107.38,69.0,8.0,4.62
Asphalt_0cm_S7,2026-04-02T20:27:33.789364,2,10,76,91,102,40,141,129,118,77,9,5,3,11,77,89,99,40,146,139,132,88,11,5,3,9,63,79,82,35,115,111,115,71,8,5,3,11,84,108,106,44,148,138,140,89,10,6,2,7,48,60,62,26,86,84,82,52,6,4,2,6,44,61,56,22,76,72,70,45,5,3,2,7,47,69,66,26,92,94,94,60,7,4,3,9,65,81,84,34,118,113,108,70,8,5,2.5,8.75,63.0,79.75,82.12,33.38,115.25,110.0,107.38,69.0,8.0,4.62
Asphalt_0cm_S7,2026-04-02T20:27:33.883668,2,10,76,91,102,40,141,129,118,77,9,5,3,11,77,89,99,40,146,139,132,88,11,5,3,9,63,79,82,35,115,111,114,71,8,5,3,11,84,109,106,44,147,138,140,89,10,6,2,7,48,60,62,26,86,84,82,52,6,4,2,6,44,61,56,22,76,72,70,45,5,3,2,7,47,69,66,26,92,94,94,60,7,4,3,9,65,81,84,34,118,113,108,70,8,5,2.5,8.75,63.0,79.88,82.12,33.38,115.12,110.0,107.25,69.0,8.0,4.62
Asphalt_0cm_S7,2026-04-02T20:27:33.976077,2,10,76,91,102,40,141,129,118,77,9,5,3,11,77,89,99,40,146,139,132,88,11,5,3,9,63,79,82,35,115,111,114,71,8,5,3,11,84,109,106,44,147,138,140,89,10,6,2,7,48,60,62,26,86,84,82,52,6,4,2,6,44,61,56,22,76,72,70,45,5,3,2,7,47,69,66,26,92,94,94,60,7,4,3,9,65,81,84,34,118,113,108,70,8,5,2.5,8.75,63.0,79.88,82.12,33.38,115.12,110.0,107.25,69.0,8.0,4.62
Asphalt_0cm_S7,2026-04-02T20:27:34.064812,2,10,76,92,102,39,141,129,118,77,8,5,3,11,77,89,99,40,146,139,132,87,11,5,3,9,63,79,82,35,115,111,115,71,8,5,3,11,84,108,106,44,148,138,140,89,10,6,2,7,47,60,62,26,86,84,82,52,6,3,2,6,44,61,56,22,76,73,70,45,5,3,2,7,47,69,65,27,91,93,94,60,7,4,3,9,65,81,84,34,119,113,108,70,8,5,2.5,8.75,62.88,79.88,82.0,33.38,115.25,110.0,107.38,68.88,7.88,4.5
Asphalt_0cm_S7,2026-04-02T20:27:34.157981,2,10,76,91,102,39,141,129,118,77,9,5,3,11,77,89,99,40,146,139,132,88,11,5,3,9,63,79,82,35,115,111,115,71,8,5,3,11,84,108,107,44,148,138,140,89,10,6,2,7,48,60,63,26,86,84,82,52,6,4,2,6,44,61,57,22,76,72,70,45,5,3,2,7,47,69,65,27,91,93,94,60,7,4,3,9,65,81,84,34,119,113,108,70,8,5,2.5,8.75,63.0,79.75,82.38,33.38,115.25,109.88,107.38,69.0,8.0,4.62
Asphalt_0cm_S7,2026-04-02T20:27:34.250671,3,10,76,91,102,39,141,128,118,77,9,6,3,11,77,89,99,40,146,139,132,88,11,5,3,9,63,79,82,35,115,111,115,71,8,5,3,11,84,108,107,44,148,138,140,89,10,6,2,7,48,60,63,26,86,84,82,52,6,4,2,6,44,61,57,22,76,72,70,45,5,3,2,7,48,69,66,26,92,94,94,60,7,4,3,9,65,81,84,34,119,113,108,71,8,5,2.62,8.75,63.12,79.75,82.5,33.25,115.38,109.88,107.38,69.12,8.0,4.75
Asphalt_0cm_S7,2026-04-02T20:27:34.341779,3,10,76,91,102,39,141,128,118,77,9,6,3,11,77,89,99,40,146,139,132,88,11,5,3,9,63,79,82,35,115,111,115,71,8,5,3,11,84,108,107,44,148,138,140,89,10,6,2,7,48,60,63,26,86,84,82,52,6,4,2,6,44,61,57,22,76,72,70,45,5,3,2,7,48,69,66,26,92,94,94,60,7,4,3,9,65,81,84,34,119,113,108,71,8,5,2.62,8.75,63.12,79.75,82.5,33.25,115.38,109.88,107.38,69.12,8.0,4.75
Asphalt_0cm_S7,2026-04-02T20:27:34.433954,3,10,76,91,102,39,141,128,118,77,9,6,3,11,77,89,99,40,146,139,132,88,11,5,3,9,63,79,82,35,115,111,115,71,8,5,3,11,84,108,107,44,148,138,140,89,10,6,2,7,48,60,63,26,86,84,82,52,6,4,2,6,44,61,57,22,76,72,70,45,5,3,2,7,48,69,66,26,92,94,94,60,7,4,3,9,65,81,84,34,119,113,108,71,8,5,2.62,8.75,63.12,79.75,82.5,33.25,115.38,109.88,107.38,69.12,8.0,4.75
Asphalt_0cm_S7,2026-04-02T20:27:34.520228,2,10,75,91,102,39,141,129,118,77,9,5,3,11,77,89,99,40,146,139,132,87,11,5,3,9,63,79,82,35,115,111,114,71,8,5,3,11,84,108,107,44,148,138,140,89,10,6,2,7,48,60,63,26,86,84,82,53,6,4,2,6,44,61,56,22,76,72,70,45,5,3,2,7,47,69,66,26,92,94,94,60,7,4,3,9,65,81,84,35,119,113,108,70,8,5,2.5,8.75,62.88,79.75,82.38,33.38,115.38,110.0,107.25,69.0,8.0,4.62
Asphalt_0cm_S7,2026-04-02T20:27:34.630390,3,10,75,91,102,39,141,129,118,77,9,5,3,11,77,89,99,40,146,139,132,87,11,5,3,9,63,79,82,35,115,111,114,71,8,5,3,11,84,108,107,44,148,138,140,89,10,6,2,7,48,60,63,26,86,84,82,53,6,4,2,6,44,61,56,22,76,72,70,45,5,3,2,7,47,69,66,26,92,94,94,60,7,4,3,9,65,82,84,34,119,113,108,71,8,5,2.62,8.75,62.88,79.88,82.38,33.25,115.38,110.0,107.25,69.12,8.0,4.62
Asphalt_0cm_S7,2026-04-02T20:27:34.723494,3,10,75,91,102,39,141,129,118,77,9,5,3,11,77,89,99,40,146,139,132,87,11,5,3,9,63,79,82,35,115,110,114,71,8,5,3,11,84,109,107,44,148,138,140,89,10,6,2,7,48,60,63,26,86,84,82,53,6,4,2,6,43,61,56,22,76,72,70,46,5,3,2,7,48,69,66,26,92,94,94,60,7,4,3,9,65,81,84,34,119,113,108,71,8,5,2.62,8.75,62.88,79.88,82.38,33.25,115.38,109.88,107.25,69.25,8.0,4.62
Asphalt_0cm_S7,2026-04-02T20:27:34.812203,2,10,75,92,102,39,141,129,118,77,9,6,3,11,77,89,99,40,146,139,132,88,11,5,3,9,63,79,82,35,115,111,115,71,8,5,3,11,84,109,107,44,148,138,140,89,10,6,2,7,48,60,63,26,86,84,82,53,6,4,2,6,43,61,56,22,76,72,70,46,5,3,2,7,48,69,66,26,92,94,94,60,7,4,3,9,65,81,84,34,119,113,108,71,8,5,2.5,8.75,62.88,80.0,82.38,33.25,115.38,110.0,107.38,69.38,8.0,4.75
Asphalt_0cm_S7,2026-04-02T20:27:34.897512,2,10,75,92,102,39,141,129,118,77,9,6,3,11,77,89,99,40,146,139,132,88,11,5,3,9,63,79,82,35,115,111,115,71,8,5,3,11,84,108,106,44,148,138,140,89,10,6,2,7,48,60,63,26,86,84,82,52,6,4,2,6,43,61,56,22,76,72,70,46,5,3,2,7,48,69,66,26,92,94,94,60,7,4,3,9,65,81,84,34,119,113,108,71,8,5,2.5,8.75,62.88,79.88,82.25,33.25,115.38,110.0,107.38,69.25,8.0,4.75
Asphalt_0cm_S7,2026-04-02T20:27:35.002780,2,10,75,92,102,39,141,129,118,77,9,6,3,11,77,89,99,40,146,139,132,88,11,5,3,9,63,79,82,35,115,111,115,71,8,5,3,11,84,108,106,44,148,138,140,89,10,6,2,7,48,60,63,26,86,84,82,52,6,4,2,6,43,61,56,22,76,72,70,46,5,3,2,7,48,69,66,26,92,94,94,60,7,4,3,9,65,81,84,34,119,113,108,71,8,5,2.5,8.75,62.88,79.88,82.25,33.25,115.38,110.0,107.38,69.25,8.0,4.75
Asphalt_0cm_S7,2026-04-02T20:27:35.092515,3,10,76,91,102,39,141,129,118,77,9,5,3,11,77,89,99,40,146,139,132,88,11,5,3,9,63,79,82,35,115,111,114,71,8,5,3,11,84,108,106,44,148,138,140,89,10,6,2,7,48,60,63,26,86,84,82,52,6,4,2,6,43,61,56,22,76,72,70,46,5,3,2,7,48,69,66,26,92,94,94,60,7,4,3,9,65,81,84,34,119,113,108,71,8,5,2.62,8.75,63.0,79.75,82.25,33.25,115.38,110.0,107.25,69.25,8.0,4.62
Asphalt_0cm_S7,2026-04-02T20:27:35.197367,2,10,75,92,102,39,141,129,118,77,9,5,3,11,77,89,99,40,145,138,132,87,11,5,3,9,63,79,82,35,115,111,114,71,8,5,3,11,84,108,107,44,148,138,140,89,10,6,2,7,48,60,63,26,86,84,82,52,6,4,2,6,43,60,56,22,76,72,70,45,5,3,2,7,48,69,66,26,91,94,94,60,7,4,3,9,65,81,84,34,118,113,108,71,8,5,2.5,8.75,62.88,79.75,82.38,33.25,115.0,109.88,107.25,69.0,8.0,4.62
Asphalt_0cm_S7,2026-04-02T20:27:35.301587,2,10,76,91,102,39,141,129,118,77,9,5,3,11,77,89,99,40,146,139,132,88,11,5,3,9,63,79,82,35,115,111,114,71,8,5,3,11,84,108,107,44,148,138,140,89,10,6,2,7,48,60,63,26,86,84,82,52,6,4,2,6,43,60,56,22,76,72,70,45,5,3,2,7,48,69,66,26,91,94,94,60,7,4,3,9,65,81,84,34,118,113,108,71,8,5,2.5,8.75,63.0,79.62,82.38,33.25,115.12,110.0,107.25,69.12,8.0,4.62
Asphalt_0cm_S7,2026-04-02T20:27:35.426222,2,10,76,91,102,39,141,129,118,77,9,5,3,11,77,89,99,40,146,139,132,88,11,5,3,9,63,79,82,35,115,111,114,71,8,5,3,11,84,108,107,44,148,138,140,89,10,6,2,7,48,60,63,26,86,84,82,52,6,4,2,6,43,60,56,22,76,72,70,45,5,3,2,7,48,69,66,26,91,94,94,60,7,4,3,9,65,81,84,34,118,113,108,71,8,5,2.5,8.75,63.0,79.62,82.38,33.25,115.12,110.0,107.25,69.12,8.0,4.62
Asphalt_0cm_S7,2026-04-02T20:27:35.515560,2,10,75,91,102,39,141,129,118,77,9,5,3,11,77,89,99,40,146,139,132,88,11,5,3,9,63,79,82,35,115,111,114,71,8,5,3,11,84,109,107,44,148,138,140,89,10,6,2,7,48,60,63,26,86,84,82,52,6,4,2,6,44,61,56,22,76,72,70,45,5,3,2,7,48,69,66,27,92,93,94,60,7,4,3,9,65,81,84,34,119,113,108,71,8,5,2.5,8.75,63.0,79.88,82.38,33.38,115.38,109.88,107.25,69.12,8.0,4.62
Asphalt_0cm_S7,2026-04-02T20:27:35.607949,3,10,76,91,102,40,141,129,118,77,9,5,3,11,77,89,99,40,146,139,132,88,11,5,3,9,63,79,82,35,115,111,114,71,8,5,3,11,84,109,107,44,148,138,140,89,10,6,2,7,48,60,63,26,86,84,82,52,6,4,2,6,44,61,56,22,76,72,70,45,5,3,2,7,48,69,66,27,92,93,94,60,7,4,3,9,65,81,84,34,119,113,108,71,8,5,2.62,8.75,63.12,79.88,82.38,33.5,115.38,109.88,107.25,69.12,8.0,4.62
Asphalt_0cm_S7,2026-04-02T20:27:35.702748,3,10,76,91,102,40,141,129,118,77,9,5,3,10,77,89,99,40,146,139,132,87,11,5,3,9,63,79,82,35,115,111,114,71,8,5,3,11,84,109,107,44,148,138,140,89,10,6,2,7,48,60,63,26,86,84,82,53,6,4,2,6,43,60,56,22,76,72,70,45,5,3,2,7,48,69,66,27,92,94,94,61,7,4,3,9,65,81,84,34,119,113,108,70,8,5,2.62,8.62,63.0,79.75,82.38,33.5,115.38,110.0,107.25,69.12,8.0,4.62
Asphalt_0cm_S7,2026-04-02T20:27:35.791467,2,10,75,91,102,39,141,129,119,77,9,5,3,10,77,89,99,40,146,139,132,87,11,5,3,9,63,79,82,35,115,111,114,71,8,5,3,11,84,109,107,44,148,138,140,89,10,6,2,7,48,60,63,26,86,84,82,53,6,4,2,6,43,60,56,22,76,72,70,45,5,3,2,7,48,69,66,27,92,94,94,61,7,4,3,9,65,81,84,34,119,113,108,70,8,5,2.5,8.62,62.88,79.75,82.38,33.38,115.38,110.0,107.38,69.12,8.0,4.62
Asphalt_0cm_S7,2026-04-02T20:27:35.896667,2,10,75,91,102,39,141,129,119,77,9,5,3,10,77,89,99,40,146,139,132,87,11,5,3,9,63,79,82,35,115,111,114,71,8,5,3,11,84,109,107,44,148,138,140,89,10,6,2,7,48,60,62,26,86,84,82,52,6,4,2,6,43,60,56,22,76,72,70,45,5,3,2,7,48,69,66,27,92,94,94,61,7,4,3,9,65,81,84,34,119,113,108,70,8,5,2.5,8.62,62.88,79.75,82.25,33.38,115.38,110.0,107.38,69.0,8.0,4.62
Asphalt_0cm_S7,2026-04-02T20:27:35.988537,2,10,76,91,102,40,141,129,118,77,9,5,3,10,77,89,99,40,146,139,132,87,11,5,2,9,63,79,82,35,115,111,114,71,8,5,3,11,84,108,107,44,148,138,140,89,10,6,2,7,48,60,63,26,86,84,82,53,6,4,2,6,43,61,56,22,76,72,70,45,5,3,2,7,48,69,66,27,92,94,94,61,7,4,3,9,65,81,84,34,119,113,108,70,8,5,2.38,8.62,63.0,79.75,82.38,33.5,115.38,110.0,107.25,69.12,8.0,4.62
Asphalt_0cm_S7,2026-04-02T20:27:36.080773,2,10,75,91,102,40,141,129,118,77,9,5,3,10,77,89,99,40,146,139,132,87,11,5,2,9,63,79,82,35,115,111,114,71,8,5,3,11,84,108,107,44,148,138,140,89,10,6,2,7,48,60,63,26,86,84,82,53,6,4,2,6,43,61,56,22,76,72,70,45,5,3,2,7,48,70,66,27,92,94,94,60,7,4,3,9,65,81,84,35,119,113,108,71,8,5,2.38,8.62,62.88,79.88,82.38,33.62,115.38,110.0,107.25,69.12,8.0,4.62
Asphalt_0cm_S7,2026-04-02T20:27:36.172817,2,10,75,91,102,40,141,129,118,77,9,5,3,11,77,89,99,39,146,139,132,87,11,5,3,9,63,79,82,35,115,111,114,71,8,5,3,11,84,109,107,44,148,138,140,89,10,6,2,7,47,60,63,26,87,84,83,53,6,4,2,6,43,61,56,22,76,72,70,45,5,3,2,7,48,70,66,27,92,94,94,60,7,4,3,9,65,81,84,35,119,113,108,71,8,5,2.5,8.75,62.75,80.0,82.38,33.5,115.5,110.0,107.38,69.12,8.0,4.62
Asphalt_0cm_S7,2026-04-02T20:27:36.272150,2,10,75,91,102,40,141,129,118,77,9,5,3,11,77,89,99,39,146,139,132,87,11,5,3,9,63,79,82,35,115,111,114,71,8,5,3,11,84,109,107,44,148,138,140,89,10,6,2,7,47,60,63,26,87,84,83,53,6,4,2,6,43,61,56,22,76,72,70,45,5,3,2,7,48,69,66,27,92,94,94,60,7,4,3,9,65,82,84,35,119,113,108,71,8,5,2.5,8.75,62.75,80.0,82.38,33.5,115.5,110.0,107.38,69.12,8.0,4.62
Asphalt_0cm_S7,2026-04-02T20:27:36.362262,2,10,75,91,102,40,141,129,118,77,9,5,3,11,77,89,99,40,146,139,132,87,11,5,3,9,63,80,82,35,115,111,114,71,8,5,3,11,84,109,107,44,148,138,140,89,10,6,2,7,47,60,63,26,87,84,83,53,6,4,2,6,43,61,56,22,76,72,70,45,5,3,2,7,48,69,66,27,92,94,94,60,7,4,3,9,65,82,84,35,119,113,108,71,8,5,2.5,8.75,62.75,80.12,82.38,33.62,115.5,110.0,107.38,69.12,8.0,4.62
Asphalt_0cm_S7,2026-04-02T20:27:36.453752,2,10,75,91,102,40,141,129,118,77,9,5,3,11,77,89,99,40,146,139,132,87,11,5,3,9,63,80,82,35,115,111,114,71,8,5,3,11,84,109,107,44,148,138,140,89,10,6,2,7,47,60,63,26,87,84,83,53,6,4,2,6,43,61,56,22,76,72,70,45,5,3,2,7,48,69,66,27,92,94,94,60,7,4,3,9,65,82,84,35,119,113,108,71,8,5,2.5,8.75,62.75,80.12,82.38,33.62,115.5,110.0,107.38,69.12,8.0,4.62
Asphalt_0cm_S7,2026-04-02T20:27:36.539317,2,10,76,92,102,39,141,129,119,77,9,5,3,11,77,89,99,40,146,139,132,88,11,5,3,9,63,79,82,35,115,111,115,71,8,5,3,11,84,109,107,44,148,138,140,89,10,6,2,7,48,60,63,26,87,84,82,53,6,4,2,6,44,61,56,22,76,72,70,45,5,3,2,7,47,69,66,26,92,94,94,60,7,4,3,9,65,81,84,34,119,113,108,70,8,5,2.5,8.75,63.0,80.0,82.38,33.25,115.5,110.0,107.5,69.12,8.0,4.62
Asphalt_0cm_S7,2026-04-02T20:27:36.650522,3,10,75,91,102,39,141,129,119,77,9,5,3,10,77,89,99,40,146,139,132,88,11,5,3,9,63,79,82,35,115,111,115,71,8,5,3,11,84,109,107,44,148,138,140,89,10,6,2,7,48,60,63,26,87,84,82,53,6,4,2,6,44,61,56,22,76,72,70,45,5,3,2,7,47,69,66,26,92,94,94,60,7,4,3,9,65,82,84,34,119,113,108,71,8,5,2.62,8.62,62.88,80.0,82.38,33.25,115.5,110.0,107.5,69.25,8.0,4.62
Asphalt_0cm_S7,2026-04-02T20:27:36.742524,3,10,75,91,102,39,141,129,119,77,9,5,3,10,77,89,99,40,146,139,132,88,11,5,3,9,63,79,82,35,115,111,114,71,8,5,3,11,84,108,107,44,148,138,140,90,10,6,2,7,48,60,63,26,86,84,83,53,6,4,2,6,43,61,57,22,76,72,70,45,5,3,2,7,48,69,66,27,92,94,94,60,7,4,3,9,65,81,84,35,119,113,108,71,8,5,2.62,8.62,62.88,79.75,82.5,33.5,115.38,110.0,107.5,69.38,8.0,4.62
Asphalt_0cm_S7,2026-04-02T20:27:36.837689,3,10,75,91,102,40,141,129,119,77,9,5,3,10,77,89,99,40,146,139,132,88,11,5,3,9,63,79,82,35,115,110,114,71,8,5,3,11,84,109,107,44,148,138,140,90,10,6,2,7,48,60,63,26,86,84,83,53,6,4,2,6,43,61,57,22,76,72,70,45,5,3,2,7,48,69,66,27,92,94,94,60,7,4,3,9,65,81,84,35,119,113,108,71,8,5,2.62,8.62,62.88,79.88,82.5,33.62,115.38,109.88,107.5,69.38,8.0,4.62
Asphalt_0cm_S7,2026-04-02T20:27:36.934624,3,10,75,91,102,40,141,129,119,77,9,5,3,10,77,89,99,40,146,139,132,88,11,5,3,9,63,79,82,35,115,110,114,71,8,5,3,11,84,109,107,44,148,138,140,90,10,6,2,7,48,60,63,26,87,84,82,52,6,4,2,6,44,61,56,22,76,72,70,45,5,3,2,7,48,70,66,27,92,94,94,60,7,4,3,9,65,81,84,35,119,112,108,71,8,5,2.62,8.62,63.0,80.0,82.38,33.62,115.5,109.75,107.38,69.25,8.0,4.62
Asphalt_0cm_S7,2026-04-02T20:27:37.028061,2,10,75,91,102,39,140,129,119,77,9,5,3,11,77,89,99,40,146,139,132,88,11,5,3,9,63,79,82,35,115,111,115,71,8,5,3,11,84,109,107,44,148,138,140,90,10,6,2,7,48,60,63,26,87,84,83,53,6,4,2,6,43,61,56,22,76,72,70,45,5,3,2,7,48,70,66,27,92,94,94,60,7,4,3,9,65,81,84,35,119,112,108,71,8,5,2.5,8.75,62.88,80.0,82.38,33.5,115.38,109.88,107.62,69.38,8.0,4.62
Asphalt_0cm_S7,2026-04-02T20:27:37.119189,3,10,75,91,102,39,140,129,118,77,9,5,3,11,77,89,99,40,146,139,132,88,11,5,3,9,63,79,82,35,115,111,115,71,8,5,3,11,84,109,107,44,148,138,140,90,10,6,2,7,48,60,63,26,87,84,83,53,6,4,2,6,43,61,56,22,76,72,70,45,5,3,2,7,48,70,66,27,92,94,94,61,7,4,3,9,65,81,84,35,119,113,108,71,8,5,2.62,8.75,62.88,80.0,82.38,33.5,115.38,110.0,107.5,69.5,8.0,4.62
Asphalt_0cm_S7,2026-04-02T20:27:37.209199,3,10,75,91,102,39,140,129,118,77,9,5,3,11,77,89,99,40,146,139,132,87,11,5,3,9,63,79,81,35,115,111,114,71,8,5,3,11,85,109,107,44,149,139,140,89,10,6,2,7,48,60,63,26,87,84,83,52,6,4,2,6,43,61,56,22,76,72,70,45,5,3,2,7,48,70,66,27,92,94,94,60,7,4,3,9,65,81,84,35,119,113,108,71,8,5,2.62,8.75,63.0,80.0,82.25,33.5,115.5,110.12,107.38,69.0,8.0,4.62
Asphalt_0cm_S7,2026-04-02T20:27:37.307586,2,10,76,91,102,39,141,129,118,77,9,5,3,11,77,89,99,40,146,139,132,87,11,5,3,9,63,79,82,35,115,111,115,71,8,5,3,11,85,109,107,44,149,139,140,89,10,6,2,7,48,60,63,26,87,84,83,52,6,4,2,6,43,61,56,22,76,72,70,45,5,3,2,7,48,70,66,27,92,94,94,60,7,4,3,9,65,82,84,34,119,113,108,71,8,5,2.5,8.75,63.12,80.12,82.38,33.38,115.62,110.12,107.5,69.0,8.0,4.62
Asphalt_0cm_S7,2026-04-02T20:27:37.401522,2,10,76,91,102,39,141,129,118,77,9,5,3,11,77,89,99,40,146,139,132,87,11,5,3,9,63,79,82,35,115,111,115,71,8,5,3,11,84,109,107,44,148,138,140,89,10,6,2,7,48,60,63,26,87,84,83,52,6,4,2,6,43,61,56,22,76,72,70,45,5,3,2,7,48,70,66,27,92,94,94,60,7,4,3,9,65,82,84,34,119,113,108,71,8,5,2.5,8.75,63.0,80.12,82.38,33.38,115.5,110.0,107.5,69.0,8.0,4.62
Asphalt_0cm_S7,2026-04-02T20:27:37.496369,2,10,76,91,102,39,141,129,118,77,9,5,3,11,77,89,99,40,146,139,132,87,11,5,3,9,63,79,82,35,115,111,115,71,8,5,3,11,84,109,107,44,148,138,140,89,10,6,2,7,48,60,63,26,87,84,82,53,6,4,2,6,43,61,56,22,76,72,70,45,5,3,2,7,48,70,66,27,92,94,94,60,7,4,3,9,65,82,84,34,119,113,108,71,8,5,2.5,8.75,63.0,80.12,82.38,33.38,115.5,110.0,107.38,69.12,8.0,4.62
Asphalt_0cm_S7,2026-04-02T20:27:37.588130,3,10,75,91,102,39,141,129,118,77,9,5,3,10,77,89,99,40,146,139,132,87,11,5,3,9,63,79,82,35,115,111,114,71,8,5,3,11,85,109,107,44,148,139,140,90,10,6,2,7,48,60,63,26,87,84,83,52,6,4,2,6,43,61,56,22,76,72,70,45,5,3,2,7,48,70,66,27,92,94,94,60,7,4,3,9,65,81,84,34,119,112,108,71,8,5,2.62,8.62,63.0,80.0,82.38,33.38,115.5,110.0,107.38,69.12,8.0,4.62
Asphalt_0cm_S7,2026-04-02T20:27:37.677206,3,10,76,91,102,39,141,129,118,77,9,5,3,11,77,89,99,40,146,139,132,87,11,5,3,9,63,79,82,35,115,111,115,71,8,5,3,11,85,109,107,44,148,139,140,90,10,6,2,7,48,60,63,26,87,84,83,52,6,4,2,6,43,61,56,22,76,72,70,45,5,3,2,7,48,70,66,27,92,94,94,60,7,4,3,9,65,81,84,34,119,112,108,71,8,5,2.62,8.75,63.12,80.0,82.38,33.38,115.5,110.0,107.5,69.12,8.0,4.62
Asphalt_0cm_S7,2026-04-02T20:27:37.771858,3,10,75,91,102,39,141,129,118,77,9,5,3,11,77,89,99,40,146,139,132,87,11,5,3,9,63,79,82,35,115,111,115,71,8,5,3,11,84,109,107,44,148,138,140,90,10,6,2,7,48,60,63,26,87,84,82,53,6,4,2,6,43,61,56,22,76,72,70,45,5,3,2,7,48,69,66,27,92,94,94,60,7,4,3,9,65,81,84,34,119,113,108,70,8,5,2.62,8.75,62.88,79.88,82.38,33.38,115.5,110.0,107.38,69.12,8.0,4.62
Asphalt_0cm_S7,2026-04-02T20:27:37.862097,3,10,75,91,102,39,141,129,118,77,9,5,3,10,77,89,99,40,146,139,132,88,11,5,3,9,63,79,82,35,115,111,115,71,8,5,3,11,84,109,107,44,148,138,140,90,10,6,2,7,48,60,63,26,87,84,82,53,6,4,2,6,43,61,56,22,76,72,70,45,5,3,2,7,48,69,66,27,92,94,94,60,7,4,3,9,65,81,84,34,119,113,108,70,8,5,2.62,8.62,62.88,79.88,82.38,33.38,115.5,110.0,107.38,69.25,8.0,4.62
Asphalt_0cm_S7,2026-04-02T20:27:37.950011,3,10,75,91,102,39,141,129,118,77,9,5,3,10,77,89,99,40,146,139,132,88,11,5,3,9,63,79,82,35,115,111,115,71,8,5,3,11,84,109,107,44,148,138,140,90,10,6,2,7,48,60,63,26,87,84,82,53,6,4,2,6,43,61,56,22,76,72,70,45,5,3,2,7,48,69,66,27,92,94,94,60,7,4,3,9,65,81,84,34,119,113,108,70,8,5,2.62,8.62,62.88,79.88,82.38,33.38,115.5,110.0,107.38,69.25,8.0,4.62
Asphalt_0cm_S7,2026-04-02T20:27:38.032725,3,10,75,91,102,39,141,129,118,77,9,5,3,11,77,89,99,40,146,139,132,88,11,5,3,9,63,79,82,35,115,111,115,71,8,5,3,11,85,109,107,44,148,139,141,90,10,6,2,7,48,60,63,26,86,84,83,53,6,4,2,6,43,60,56,22,76,72,70,45,5,3,2,7,48,69,66,27,92,94,94,60,7,4,3,9,65,81,84,34,119,113,108,70,8,5,2.62,8.75,63.0,79.75,82.38,33.38,115.38,110.12,107.62,69.25,8.0,4.62
Asphalt_0cm_S7,2026-04-02T20:27:38.137268,2,10,75,91,102,39,140,129,118,77,9,5,3,11,77,89,99,40,146,139,132,88,11,5,3,9,63,79,82,35,115,111,115,71,8,5,3,11,85,109,107,44,148,139,141,90,10,6,2,7,48,60,63,26,86,84,83,53,6,4,2,6,43,60,56,22,76,72,70,45,5,3,2,7,48,70,66,27,92,94,94,60,7,4,3,9,65,82,84,34,118,113,108,70,8,5,2.5,8.75,63.0,80.0,82.38,33.38,115.12,110.12,107.62,69.25,8.0,4.62
Asphalt_0cm_S7,2026-04-02T20:27:38.225265,2,10,75,91,102,39,140,129,118,77,9,5,3,11,77,89,99,40,146,139,132,88,11,5,3,9,63,79,82,35,115,111,115,71,8,5,3,11,85,109,107,43,149,139,140,90,10,6,2,7,48,60,63,26,87,84,82,53,6,4,2,6,43,60,56,22,76,72,70,45,4,3,2,7,48,70,66,27,92,94,94,61,7,4,3,9,65,82,84,34,118,113,108,70,8,5,2.5,8.75,63.0,80.0,82.38,33.25,115.38,110.12,107.38,69.38,7.88,4.62
Asphalt_0cm_S7,2026-04-02T20:27:38.327072,2,10,75,91,102,39,140,129,118,77,9,5,3,11,77,89,99,40,146,139,132,87,11,5,3,9,63,80,82,35,115,111,114,71,8,5,3,11,85,109,107,43,149,139,140,90,10,6,2,7,48,60,63,26,87,84,82,53,6,4,2,6,43,60,56,22,76,72,70,45,4,3,2,7,48,70,66,27,92,94,94,61,7,4,3,9,65,81,84,35,119,113,108,71,8,5,2.5,8.75,63.0,80.0,82.38,33.38,115.5,110.12,107.25,69.38,7.88,4.62
Asphalt_0cm_S7,2026-04-02T20:27:38.436433,2,10,75,91,102,39,140,129,118,77,9,5,3,11,77,89,99,40,146,139,132,87,11,5,3,9,63,80,82,35,115,111,114,71,8,5,3,11,84,109,107,44,149,139,140,90,10,6,2,7,48,61,63,26,87,84,82,53,6,4,2,6,43,60,56,22,76,72,70,45,4,3,2,7,48,70,66,27,92,94,94,61,7,4,3,9,65,81,84,35,119,113,108,71,8,5,2.5,8.75,62.88,80.12,82.38,33.5,115.5,110.12,107.25,69.38,7.88,4.62
Asphalt_0cm_S7,2026-04-02T20:27:38.530718,3,10,75,91,102,39,141,129,118,77,9,5,3,11,77,89,99,40,146,139,132,88,11,5,3,9,63,79,82,35,115,111,115,71,8,5,3,11,84,109,107,44,149,139,141,90,10,6,2,7,48,60,63,26,87,84,83,53,6,4,2,6,43,60,56,22,76,72,70,45,5,3,2,7,48,70,66,27,92,94,94,61,7,4,3,9,65,81,84,34,119,113,108,70,8,5,2.62,8.75,62.88,79.88,82.38,33.38,115.62,110.12,107.62,69.38,8.0,4.62
Asphalt_0cm_S7,2026-04-02T20:27:38.631552,3,10,75,91,102,39,141,129,118,77,9,5,3,11,77,89,99,40,146,139,132,88,11,5,3,9,63,79,82,35,115,111,115,71,8,5,3,11,84,109,107,44,149,139,141,90,10,6,2,7,48,60,63,26,87,84,83,53,6,4,2,6,43,60,56,22,76,72,70,45,5,3,2,7,48,70,66,27,92,94,95,60,7,4,3,9,65,81,84,34,119,113,108,70,8,5,2.62,8.75,62.88,79.88,82.38,33.38,115.62,110.12,107.75,69.25,8.0,4.62
Asphalt_0cm_S7,2026-04-02T20:27:38.718341,3,10,75,91,102,39,141,129,118,77,9,5,3,11,77,89,99,40,146,139,132,88,11,5,3,9,63,79,82,35,115,111,115,71,8,5,3,11,84,109,107,44,149,139,141,90,10,6,2,7,48,60,63,26,87,84,83,53,6,4,2,6,43,60,56,22,76,72,70,45,5,3,2,7,48,70,66,27,92,94,95,60,7,4,3,9,65,81,84,34,119,113,108,70,8,5,2.62,8.75,62.88,79.88,82.38,33.38,115.62,110.12,107.75,69.25,8.0,4.62
Asphalt_0cm_S7,2026-04-02T20:27:38.804840,2,10,75,91,102,39,140,129,118,77,9,5,3,11,77,89,99,40,146,139,132,87,11,5,3,9,63,79,82,35,115,111,114,71,8,5,3,11,85,109,108,44,149,139,141,90,10,6,2,7,48,60,63,26,87,84,83,52,6,4,2,6,43,60,56,22,76,72,70,45,5,3,2,7,48,70,66,27,92,94,94,61,7,4,3,9,65,82,84,34,119,113,108,71,8,5,2.5,8.75,63.0,80.0,82.5,33.38,115.5,110.12,107.5,69.25,8.0,4.62
Asphalt_0cm_S7,2026-04-02T20:27:38.895845,2,10,75,91,102,39,140,129,118,77,9,5,3,11,77,89,99,40,146,139,132,87,11,5,3,9,63,79,82,35,115,111,114,71,8,5,3,11,85,109,107,44,149,139,141,90,10,6,2,7,48,60,63,26,87,84,83,53,6,4,2,6,43,60,56,22,76,72,69,45,5,3,2,7,48,70,66,27,92,94,94,61,7,4,3,9,65,82,84,34,119,113,108,71,8,5,2.5,8.75,63.0,80.0,82.38,33.38,115.5,110.12,107.38,69.38,8.0,4.62
Asphalt_0cm_S7,2026-04-02T20:27:38.985959,3,10,75,91,102,39,140,129,118,77,9,5,3,11,77,89,99,40,146,139,132,87,11,5,3,9,63,79,83,35,115,111,115,71,8,5,3,11,85,109,107,44,149,139,141,90,10,6,2,7,48,60,63,26,87,84,83,53,6,4,2,6,43,60,56,22,76,72,69,45,5,3,2,7,48,70,66,27,92,94,95,61,7,4,3,9,65,81,84,34,119,113,108,71,8,5,2.62,8.75,63.0,79.88,82.5,33.38,115.5,110.12,107.62,69.38,8.0,4.62
Asphalt_0cm_S7,2026-04-02T20:27:39.072892,3,10,75,91,102,39,140,129,118,77,9,5,3,11,77,89,99,40,146,139,132,87,11,5,3,9,63,79,83,35,115,111,115,71,8,5,3,11,85,109,107,44,149,139,141,90,10,6,2,7,48,60,63,26,87,84,83,53,6,4,2,6,43,60,56,22,76,72,70,45,5,3,2,7,48,70,66,27,92,94,94,61,7,4,3,9,65,81,84,34,119,113,108,71,8,5,2.62,8.75,63.0,79.88,82.5,33.38,115.5,110.12,107.62,69.38,8.0,4.62
Asphalt_0cm_S7,2026-04-02T20:27:39.158272,2,10,76,91,102,39,140,128,118,77,9,5,3,11,77,89,99,40,146,138,132,87,11,5,3,9,63,79,82,35,115,111,114,71,8,5,3,11,85,109,107,44,149,139,141,90,10,6,2,7,48,60,63,26,87,84,83,53,6,4,2,6,43,60,56,22,76,72,70,45,5,3,2,7,48,70,66,27,92,94,94,61,7,4,3,9,66,81,84,34,119,113,108,71,8,5,2.5,8.75,63.25,79.88,82.38,33.38,115.5,109.88,107.5,69.38,8.0,4.62
Asphalt_0cm_S7,2026-04-02T20:27:39.246121,2,10,76,91,102,39,140,128,118,77,9,5,3,11,77,89,99,40,146,138,132,87,11,5,3,9,63,79,82,35,115,111,114,71,8,5,3,11,85,109,107,44,149,139,141,90,10,6,2,7,48,60,63,26,87,84,83,53,6,3,2,6,43,60,56,22,76,72,70,45,5,3,2,7,48,70,66,27,92,94,95,61,7,4,3,9,66,82,84,34,119,113,108,71,8,5,2.5,8.75,63.25,80.0,82.38,33.38,115.5,109.88,107.62,69.38,8.0,4.5
Asphalt_0cm_S7,2026-04-02T20:27:39.339225,2,10,75,92,102,39,141,129,118,77,9,5,3,10,77,89,99,40,146,139,132,88,11,5,3,9,63,79,82,35,115,111,114,71,8,5,3,11,85,109,107,44,149,139,141,90,10,6,2,7,48,60,63,26,87,84,83,53,6,3,2,6,43,60,56,22,76,72,70,45,5,3,2,7,48,70,66,27,92,94,95,61,7,4,3,9,66,82,84,34,119,113,108,71,8,5,2.5,8.62,63.12,80.12,82.38,33.38,115.62,110.12,107.62,69.5,8.0,4.5
Asphalt_0cm_S7,2026-04-02T20:27:39.448547,2,10,75,92,102,39,141,129,118,77,9,5,3,10,77,89,99,40,146,139,132,88,11,5,3,9,63,79,82,35,115,111,114,71,8,5,3,11,85,110,108,44,149,139,141,90,10,6,2,7,48,60,63,26,87,84,83,53,6,4,2,6,43,60,56,22,76,72,70,45,5,3,2,7,48,70,66,27,92,94,95,61,7,4,3,9,66,82,84,34,119,113,108,71,8,5,2.5,8.62,63.12,80.25,82.5,33.38,115.62,110.12,107.62,69.5,8.0,4.62
Asphalt_0cm_S7,2026-04-02T20:27:39.538002,3,10,75,91,102,39,140,129,118,77,9,5,3,11,77,89,99,40,146,139,132,88,11,5,3,9,63,79,82,35,115,111,115,71,8,5,3,11,85,110,108,44,149,139,141,90,10,6,2,7,48,60,63,26,87,84,83,53,6,4,2,6,43,60,56,22,76,72,70,45,5,2,2,6,48,70,66,27,92,94,95,61,7,4,3,9,65,82,84,35,119,113,108,71,8,5,2.62,8.62,63.0,80.12,82.5,33.5,115.5,110.12,107.75,69.5,8.0,4.5
Asphalt_0cm_S7,2026-04-02T20:27:39.668247,3,10,75,91,102,39,140,129,118,77,9,5,3,11,77,89,99,40,146,139,132,88,11,5,3,9,63,79,82,35,115,111,115,71,8,5,3,11,85,110,108,44,149,139,141,90,10,6,2,7,48,60,63,26,87,84,83,53,6,4,2,6,43,60,56,22,76,72,70,45,5,2,2,7,48,70,66,27,92,94,95,61,7,4,3,9,65,82,84,34,119,113,109,71,8,5,2.62,8.75,63.0,80.12,82.5,33.38,115.5,110.12,107.88,69.5,8.0,4.5
Asphalt_0cm_S7,2026-04-02T20:27:39.765278,3,10,75,91,102,39,141,129,118,77,9,5,3,10,77,89,99,40,146,139,132,87,11,5,3,9,63,80,82,35,115,111,115,71,8,5,3,11,85,109,108,44,149,140,142,90,10,6,2,7,48,60,63,26,87,84,83,53,6,4,2,6,43,60,56,22,76,72,70,45,5,3,2,7,48,70,66,27,92,94,95,61,7,4,3,9,66,82,84,35,119,113,108,71,8,5,2.62,8.62,63.12,80.12,82.5,33.5,115.62,110.25,107.88,69.38,8.0,4.62
Asphalt_0cm_S7,2026-04-02T20:27:39.850987,3,10,75,91,102,39,140,129,118,77,9,5,3,11,77,89,99,40,146,139,132,88,11,5,3,9,63,79,82,35,115,111,114,71,8,5,3,11,85,109,108,44,149,140,142,90,10,6,2,7,48,60,63,26,87,84,83,53,6,4,2,6,43,60,56,22,76,72,70,45,5,3,2,7,48,70,66,27,92,94,95,61,7,4,3,9,66,82,84,35,119,113,108,71,8,5,2.62,8.75,63.12,80.0,82.5,33.5,115.5,110.25,107.75,69.5,8.0,4.62
Asphalt_0cm_S7,2026-04-02T20:27:39.955067,3,10,75,91,102,39,140,129,118,77,9,5,3,11,77,89,99,40,146,139,132,88,11,5,3,9,63,79,82,35,115,111,114,71,8,5,3,11,85,109,108,44,149,140,142,90,10,6,2,7,48,60,63,26,87,84,83,53,6,4,2,6,43,60,56,22,76,72,70,45,5,3,2,7,48,70,66,27,92,94,95,61,7,4,3,9,66,82,84,35,119,113,108,71,8,5,2.62,8.75,63.12,80.0,82.5,33.5,115.5,110.25,107.75,69.5,8.0,4.62
Asphalt_0cm_S7,2026-04-02T20:27:40.043304,2,10,76,91,102,39,141,129,118,77,9,5,3,11,77,89,99,40,146,139,132,88,11,5,3,9,63,79,82,34,115,111,115,71,8,5,3,11,85,110,108,44,150,140,142,90,10,6,2,7,48,60,63,26,87,84,83,53,6,4,2,6,43,60,56,22,76,72,70,45,5,3,2,7,48,70,66,27,92,94,95,61,7,4,3,9,65,82,84,35,119,113,108,71,8,5,2.5,8.75,63.12,80.12,82.5,33.38,115.75,110.25,107.88,69.5,8.0,4.62
Asphalt_0cm_S7,2026-04-02T20:27:40.146993,2,10,76,91,102,39,141,129,118,77,9,5,3,11,77,89,99,40,146,139,132,88,11,5,3,9,63,79,82,34,115,111,115,71,8,5,3,11,85,110,108,44,150,140,142,90,10,6,2,7,48,60,63,26,87,84,83,53,6,4,2,6,43,60,56,22,76,72,70,45,5,3,2,7,48,70,66,27,92,95,95,61,7,4,3,9,66,82,84,35,119,113,108,71,8,5,2.5,8.75,63.25,80.12,82.5,33.38,115.75,110.38,107.88,69.5,8.0,4.62
Asphalt_0cm_S7,2026-04-02T20:27:40.234105,3,10,75,91,102,39,140,129,118,77,9,5,3,11,77,89,99,40,146,139,132,88,11,5,3,9,63,79,82,34,115,111,115,71,8,5,3,11,85,110,108,44,150,140,142,90,10,6,2,7,48,60,63,26,87,84,83,53,6,4,2,6,43,60,56,22,76,72,70,45,5,3,2,7,48,70,66,27,92,95,95,61,7,4,3,9,66,82,84,35,119,113,108,71,8,5,2.62,8.75,63.12,80.12,82.5,33.38,115.62,110.38,107.88,69.5,8.0,4.62
Asphalt_0cm_S7,2026-04-02T20:27:40.328656,2,10,75,91,102,39,141,129,118,77,9,5,3,11,77,89,99,40,146,139,132,88,11,5,3,9,63,79,82,34,115,111,115,71,8,5,3,11,85,110,108,44,150,140,142,90,10,6,2,7,48,60,63,26,87,84,83,53,6,4,2,6,43,60,56,22,76,72,70,45,5,3,2,7,48,70,66,27,92,95,95,61,7,4,3,9,66,82,84,35,119,113,108,71,8,5,2.5,8.75,63.12,80.12,82.5,33.38,115.75,110.38,107.88,69.5,8.0,4.62
Asphalt_0cm_S7,2026-04-02T20:27:40.419108,2,10,75,91,102,39,141,129,118,77,9,5,3,11,77,89,99,40,146,139,132,88,11,5,3,9,63,80,82,35,115,111,115,71,8,5,3,11,85,110,108,44,150,140,142,90,10,6,2,7,48,60,63,26,87,84,83,53,6,4,2,6,43,60,56,22,76,72,70,45,5,3,2,7,48,70,66,27,92,95,95,61,7,4,3,9,66,82,84,35,119,113,108,71,8,5,2.5,8.75,63.12,80.25,82.5,33.5,115.75,110.38,107.88,69.5,8.0,4.62
Asphalt_0cm_S7,2026-04-02T20:27:40.512274,2,10,76,91,102,39,140,129,118,77,9,5,3,10,77,89,99,40,146,139,132,87,11,5,3,9,63,80,82,35,115,111,115,71,8,5,3,11,85,110,108,44,150,140,142,90,10,6,2,7,48,60,63,26,87,84,83,53,6,4,2,6,43,60,56,22,76,72,70,45,5,3,2,7,48,70,66,27,92,95,95,61,7,4,3,9,65,82,84,35,119,113,108,71,8,5,2.5,8.62,63.12,80.25,82.5,33.5,115.62,110.38,107.88,69.38,8.0,4.62
Asphalt_0cm_S7,2026-04-02T20:27:40.603914,2,10,76,91,102,39,140,129,118,77,9,5,3,10,77,89,99,40,146,139,132,87,11,5,3,9,63,79,82,35,115,111,115,71,8,5,3,11,85,110,108,45,150,140,141,90,10,6,2,7,48,60,63,26,87,84,83,53,6,4,2,6,43,60,57,22,76,72,70,45,5,3,2,7,48,70,66,27,93,94,95,61,7,4,3,9,65,82,84,35,119,113,108,71,8,5,2.5,8.62,63.12,80.12,82.62,33.62,115.75,110.25,107.75,69.38,8.0,4.62
Asphalt_0cm_S7,2026-04-02T20:27:40.701909,2,10,76,91,102,39,140,129,118,77,9,5,3,10,77,89,99,40,146,139,132,87,11,5,3,9,63,79,82,35,115,111,115,71,8,5,3,11,85,110,108,45,150,140,141,90,10,6,2,7,48,60,63,26,87,84,83,53,6,4,2,6,43,60,57,22,76,72,70,45,5,3,2,7,48,70,66,27,93,94,95,61,7,4,3,9,65,82,84,35,119,113,108,71,8,5,2.5,8.62,63.12,80.12,82.62,33.62,115.75,110.25,107.75,69.38,8.0,4.62
Asphalt_0cm_S7,2026-04-02T20:27:40.787273,2,10,75,91,102,39,141,129,118,77,9,5,3,11,77,89,99,40,146,139,132,87,11,5,3,9,63,80,82,35,115,111,115,71,8,5,3,11,85,110,108,44,150,140,142,90,10,6,2,7,48,60,63,26,87,84,83,53,6,4,2,6,43,60,56,22,76,72,70,45,5,3,2,7,48,70,66,27,92,95,95,61,7,4,3,9,66,82,84,35,119,113,109,71,8,5,2.5,8.75,63.12,80.25,82.5,33.5,115.75,110.38,108.0,69.38,8.0,4.62
Asphalt_0cm_S7,2026-04-02T20:27:40.890449,2,10,75,91,102,39,141,129,118,77,9,5,3,11,77,89,99,40,146,139,132,87,11,5,3,9,63,80,83,35,115,111,115,71,8,5,3,11,85,110,108,44,150,140,142,90,10,6,2,7,48,60,63,26,87,84,83,53,6,4,2,6,43,60,56,22,76,72,70,45,5,3,2,7,48,70,66,27,92,95,95,61,7,4,3,9,66,82,84,35,119,113,109,71,8,5,2.5,8.75,63.12,80.25,82.62,33.5,115.75,110.38,108.0,69.38,8.0,4.62
Asphalt_0cm_S7,2026-04-02T20:27:40.974364,2,10,75,91,102,39,141,129,118,77,9,5,3,11,77,89,99,40,146,139,132,87,11,5,3,9,63,80,83,35,115,111,115,71,8,5,3,11,85,110,108,44,150,140,142,90,10,6,2,7,48,60,63,26,87,84,83,53,6,4,2,6,43,60,56,22,76,72,70,45,5,3,2,7,48,70,66,27,92,95,95,61,7,4,3,9,66,82,84,35,119,113,109,71,8,5,2.5,8.75,63.12,80.25,82.62,33.5,115.75,110.38,108.0,69.38,8.0,4.62
Asphalt_0cm_S7,2026-04-02T20:27:41.083925,2,10,75,91,102,39,141,129,118,77,9,5,3,11,77,89,99,40,146,139,132,87,11,5,3,9,63,80,83,35,115,111,115,71,8,5,3,11,85,110,108,45,150,140,142,90,10,7,2,7,48,60,63,26,87,84,83,53,6,4,2,6,43,60,56,22,76,72,70,45,5,3,2,7,48,70,66,27,92,95,95,61,7,4,3,9,66,82,84,35,119,113,109,71,8,5,2.5,8.75,63.12,80.25,82.62,33.62,115.75,110.38,108.0,69.38,8.0,4.75
Asphalt_0cm_S7,2026-04-02T20:27:41.202712,2,10,75,91,102,39,141,129,118,77,9,5,3,11,77,89,99,40,146,139,132,87,11,5,3,9,63,80,83,35,115,111,115,71,8,5,3,11,85,110,108,45,150,140,142,90,10,7,2,7,48,60,63,26,87,84,83,53,6,4,2,6,43,60,56,22,76,72,70,45,5,3,2,7,48,70,66,27,92,95,95,61,7,4,3,9,65,82,84,35,119,113,108,71,8,5,2.5,8.75,63.0,80.25,82.62,33.62,115.75,110.38,107.88,69.38,8.0,4.75
Asphalt_0cm_S7,2026-04-02T20:27:41.290482,2,10,75,91,102,39,141,129,118,77,9,5,3,11,77,89,99,40,146,139,132,87,11,5,3,9,63,79,82,35,115,111,115,71,8,5,3,11,85,110,108,44,150,140,142,90,10,6,2,7,48,60,63,26,87,84,83,53,6,4,2,6,43,60,56,22,76,72,70,45,5,3,2,7,48,70,66,27,92,94,95,61,7,4,3,9,65,82,84,35,119,113,108,71,8,5,2.5,8.75,63.0,80.12,82.5,33.5,115.75,110.25,107.88,69.38,8.0,4.62
Asphalt_0cm_S7,2026-04-02T20:27:41.396381,2,10,76,92,102,39,141,129,119,77,9,5,3,10,77,88,99,40,146,139,132,87,11,5,3,9,63,79,82,35,115,111,115,71,8,5,3,11,85,110,108,44,150,140,142,90,10,7,2,7,48,60,63,26,87,84,83,53,6,4,2,6,43,60,56,22,76,72,70,45,5,3,2,7,48,70,66,27,92,94,95,61,7,4,3,9,65,82,84,35,119,113,108,71,8,5,2.5,8.62,63.12,80.12,82.5,33.5,115.75,110.25,108.0,69.38,8.0,4.75
Asphalt_0cm_S7,2026-04-02T20:27:41.485895,2,10,76,92,102,39,141,129,119,77,9,5,3,10,77,88,99,40,146,139,132,87,11,5,3,9,63,79,82,35,115,111,115,71,8,5,3,11,85,110,108,44,150,140,142,90,10,7,2,7,48,60,63,26,87,84,83,53,6,4,2,6,43,60,56,22,76,72,70,45,5,3,2,7,48,70,66,27,92,95,95,61,7,4,3,9,66,82,84,35,119,113,108,71,8,5,2.5,8.62,63.25,80.12,82.5,33.5,115.75,110.38,108.0,69.38,8.0,4.75
Asphalt_0cm_S7,2026-04-02T20:27:41.597839,3,10,76,91,102,39,141,129,118,77,9,5,3,10,77,89,99,40,146,139,132,87,11,5,3,9,63,79,82,35,115,111,115,71,8,5,3,11,85,110,108,44,150,140,142,90,10,6,2,7,48,60,63,26,87,84,83,52,6,4,2,6,43,60,56,22,76,72,70,45,5,3,2,7,48,70,66,27,93,95,95,61,7,4,3,9,66,82,84,35,119,113,108,71,8,5,2.62,8.62,63.25,80.12,82.5,33.5,115.88,110.38,107.88,69.25,8.0,4.62
Asphalt_0cm_S7,2026-04-02T20:27:41.697653,3,10,76,91,102,39,141,129,118,77,9,5,3,10,77,89,99,40,146,139,132,87,11,5,3,9,63,79,82,35,115,111,115,71,8,5,3,11,85,110,108,44,150,140,142,90,10,6,2,7,48,60,63,26,87,84,83,52,6,4,2,6,43,60,56,22,76,72,70,45,5,3,2,7,48,70,66,27,93,95,95,61,7,4,3,9,65,82,84,35,119,113,108,71,8,5,2.62,8.62,63.12,80.12,82.5,33.5,115.88,110.38,107.88,69.25,8.0,4.62
Asphalt_0cm_S7,2026-04-02T20:27:41.786058,3,10,76,92,102,40,141,129,119,77,9,5,3,10,77,89,99,40,146,139,132,87,11,5,3,9,63,79,82,35,115,111,115,71,8,5,3,11,85,110,108,43,150,140,142,90,10,6,2,7,48,60,63,26,87,85,83,53,6,4,2,6,43,60,56,22,76,72,70,45,4,3,2,7,48,70,66,27,93,95,95,61,7,4,3,9,65,82,84,35,119,113,108,71,8,5,2.62,8.62,63.12,80.25,82.5,33.5,115.88,110.5,108.0,69.38,7.88,4.62
Asphalt_0cm_S7,2026-04-02T20:27:41.887338,2,10,75,91,102,39,141,129,118,77,9,5,3,11,77,89,99,40,146,139,132,88,11,5,3,9,63,79,82,35,115,111,114,71,8,5,3,11,85,110,108,44,150,140,142,90,10,6,2,7,48,61,63,26,87,84,83,53,6,4,2,6,43,60,56,22,76,72,70,45,4,3,2,7,48,70,66,27,93,95,95,61,7,4,3,9,65,82,84,35,119,113,108,71,8,5,2.5,8.75,63.0,80.25,82.5,33.5,115.88,110.38,107.75,69.5,7.88,4.62
Asphalt_0cm_S7,2026-04-02T20:27:41.973924,2,10,75,91,102,39,141,129,118,77,9,5,3,11,77,89,99,40,146,139,132,88,11,5,3,9,63,79,82,35,115,111,114,71,8,5,3,11,85,110,108,44,150,140,142,90,10,6,2,7,48,61,63,26,87,84,83,53,6,4,2,6,43,60,56,22,76,72,70,45,5,3,2,7,48,70,66,27,92,95,95,61,7,4,3,9,65,82,84,34,119,113,109,71,8,5,2.5,8.75,63.0,80.25,82.5,33.38,115.75,110.38,107.88,69.5,8.0,4.62
Asphalt_0cm_S7,2026-04-02T20:27:42.085021,2,10,76,91,102,40,141,129,118,77,9,5,3,10,77,89,99,40,146,139,132,87,11,5,3,9,63,80,83,35,115,111,115,71,8,5,3,11,85,110,108,45,150,140,142,90,10,6,2,7,48,61,63,26,87,84,83,53,6,4,2,6,43,60,56,22,76,72,70,45,5,3,2,7,48,70,66,27,92,95,95,61,7,4,3,9,65,82,84,34,119,113,109,71,8,5,2.5,8.62,63.12,80.38,82.62,33.62,115.75,110.38,108.0,69.38,8.0,4.62
Asphalt_0cm_S7,2026-04-02T20:27:42.175976,3,10,75,91,102,39,141,129,118,77,9,5,3,10,77,89,99,40,146,139,132,87,11,5,3,9,63,80,83,35,115,111,115,71,8,5,3,11,85,110,108,45,150,140,142,90,10,6,2,7,48,61,63,26,87,84,83,53,6,4,2,6,43,60,56,22,76,72,70,45,5,3,2,7,48,70,66,27,93,95,95,61,7,4,3,9,65,82,84,34,119,113,108,71,8,5,2.62,8.62,63.0,80.38,82.62,33.5,115.88,110.38,107.88,69.38,8.0,4.62
Asphalt_0cm_S7,2026-04-02T20:27:42.271697,3,10,75,91,102,39,141,129,118,77,9,5,3,10,77,89,99,40,146,139,132,88,11,5,3,9,63,80,82,35,115,111,115,71,8,5,3,11,85,110,108,44,150,140,142,91,10,6,2,7,48,60,63,26,87,84,83,53,6,4,2,6,43,60,56,22,76,72,70,45,5,3,2,7,48,71,66,27,93,95,95,61,7,4,3,9,65,82,84,35,119,113,109,71,8,5,2.62,8.62,63.0,80.38,82.5,33.5,115.88,110.38,108.0,69.62,8.0,4.62
Asphalt_0cm_S7,2026-04-02T20:27:42.361771,3,10,75,91,102,39,141,129,118,77,9,5,3,11,77,89,99,40,146,139,132,87,11,5,3,9,63,79,82,35,115,111,115,71,8,5,3,11,85,110,108,45,150,140,142,91,10,6,2,7,48,60,63,26,87,84,83,53,6,4,2,6,43,60,56,22,76,72,70,45,5,3,2,7,48,71,66,27,93,95,95,61,7,4,3,9,65,82,84,35,119,113,109,71,8,5,2.62,8.75,63.0,80.25,82.5,33.62,115.88,110.38,108.0,69.5,8.0,4.62
Asphalt_0cm_S7,2026-04-02T20:27:42.461355,3,10,75,91,102,39,141,129,118,77,9,5,3,11,77,89,99,40,146,139,132,87,11,5,3,9,63,79,82,35,115,111,115,71,8,5,3,11,85,110,108,45,150,140,142,91,10,6,2,7,48,61,63,26,87,84,83,53,6,4,2,6,43,60,56,22,76,72,70,45,5,3,2,7,48,70,66,27,93,95,95,61,7,4,3,9,66,82,84,35,119,113,109,71,8,5,2.62,8.75,63.12,80.25,82.5,33.62,115.88,110.38,108.0,69.5,8.0,4.62
Asphalt_0cm_S7,2026-04-02T20:27:42.561039,3,10,75,91,102,39,141,129,118,77,9,5,3,11,77,89,99,40,146,139,132,88,11,5,3,9,63,79,82,35,115,111,115,71,8,5,3,11,86,110,108,44,150,140,142,90,10,6,2,7,48,60,63,26,87,84,83,53,6,4,2,6,43,60,56,22,76,72,70,45,5,3,2,7,48,70,66,27,93,95,95,61,7,4,3,9,66,82,84,35,119,113,109,71,8,5,2.62,8.75,63.25,80.12,82.5,33.5,115.88,110.38,108.0,69.5,8.0,4.62
Asphalt_0cm_S7,2026-04-02T20:27:42.644500,3,10,75,91,102,39,141,129,118,77,9,5,3,11,77,89,99,40,146,139,132,88,11,5,3,9,63,79,82,35,115,111,115,71,8,5,3,11,86,110,108,44,150,140,142,90,10,6,2,7,48,60,63,26,87,84,83,53,6,4,2,6,43,60,56,22,76,72,70,45,5,3,2,7,48,71,67,27,93,95,95,61,7,4,3,9,66,82,84,35,119,114,109,71,8,5,2.62,8.75,63.25,80.25,82.62,33.5,115.88,110.5,108.0,69.5,8.0,4.62
Asphalt_0cm_S7,2026-04-02T20:27:42.728570,2,10,75,91,102,39,141,129,118,77,9,5,3,11,77,89,99,40,146,139,132,88,11,5,3,9,63,79,82,35,115,111,115,71,8,5,3,11,86,110,108,44,150,140,142,90,10,6,2,7,48,60,63,26,87,84,83,53,6,4,2,6,43,60,56,22,76,72,70,45,5,3,2,7,48,71,67,27,93,95,95,61,7,4,3,9,66,82,84,35,119,114,109,71,8,5,2.5,8.75,63.25,80.25,82.62,33.5,115.88,110.5,108.0,69.5,8.0,4.62
Asphalt_0cm_S7,2026-04-02T20:27:42.837963,2,10,75,91,102,39,141,129,118,77,9,5,3,11,77,89,99,40,146,139,132,88,11,5,3,9,63,79,82,35,115,111,115,71,8,5,3,11,85,110,108,44,150,140,142,91,10,6,2,7,48,61,63,26,87,84,83,53,6,4,2,6,43,60,56,22,76,72,70,45,5,3,2,7,48,71,67,27,93,95,95,61,7,4,3,9,66,82,84,35,119,113,109,71,8,5,2.5,8.75,63.12,80.38,82.62,33.5,115.88,110.38,108.0,69.62,8.0,4.62
Asphalt_0cm_S7,2026-04-02T20:27:42.934836,3,10,75,91,102,39,141,129,118,77,9,5,3,10,77,89,99,40,146,139,132,87,11,5,3,9,63,79,82,35,115,111,114,71,8,5,3,11,85,110,108,44,150,140,142,91,10,6,2,7,48,61,63,26,87,84,83,53,6,4,2,6,43,60,56,22,76,72,70,45,5,3,2,7,48,71,67,27,93,95,95,61,7,4,3,9,66,82,84,35,119,113,109,71,8,5,2.62,8.62,63.12,80.38,82.62,33.5,115.88,110.38,107.88,69.5,8.0,4.62
Asphalt_0cm_S7,2026-04-02T20:27:43.020022,2,10,76,92,102,39,141,129,119,77,9,5,3,10,77,89,99,40,146,139,132,87,11,5,3,9,63,79,82,35,115,111,114,71,8,5,3,11,85,110,108,44,150,140,142,91,10,6,2,7,48,61,63,26,87,84,83,53,6,4,2,6,43,60,56,22,76,72,70,45,5,3,2,7,48,71,67,27,93,95,95,61,7,4,3,9,66,82,84,35,119,113,109,71,8,5,2.5,8.62,63.25,80.5,82.62,33.5,115.88,110.38,108.0,69.5,8.0,4.62
Asphalt_0cm_S7,2026-04-02T20:27:43.107552,2,10,76,92,102,39,141,129,119,77,9,5,3,11,77,89,99,40,146,139,132,88,11,5,3,9,63,80,82,35,115,111,115,71,8,5,3,11,86,110,108,45,150,140,142,91,10,6,2,7,48,61,63,26,87,85,83,53,6,4,2,6,43,60,56,22,76,72,70,45,5,3,2,7,48,71,67,27,93,95,95,61,7,4,3,9,66,82,84,35,119,113,109,71,8,5,2.5,8.75,63.38,80.62,82.62,33.62,115.88,110.5,108.12,69.62,8.0,4.62
Asphalt_0cm_S7,2026-04-02T20:27:43.218199,2,10,75,92,102,39,140,129,119,77,9,5,3,11,77,89,99,40,146,139,132,88,11,5,3,9,63,80,82,35,115,111,115,71,8,5,3,11,86,110,108,45,150,140,142,91,10,6,2,7,48,61,63,26,87,85,83,53,6,4,2,6,43,60,56,22,76,72,70,45,5,3,2,7,48,71,67,27,93,95,95,61,7,4,3,9,66,82,84,35,119,113,109,71,8,5,2.5,8.75,63.25,80.62,82.62,33.62,115.75,110.5,108.12,69.62,8.0,4.62
Asphalt_0cm_S7,2026-04-02T20:27:43.337366,2,10,75,92,102,39,140,129,119,77,9,5,3,11,77,89,99,40,146,139,132,88,11,5,3,9,63,79,82,35,115,111,115,71,8,5,3,11,85,110,108,44,150,140,142,91,10,6,2,7,48,61,63,26,87,85,83,53,6,4,2,6,43,60,56,22,76,72,70,45,5,3,2,7,48,71,67,27,93,95,96,61,7,4,3,9,66,82,85,35,120,114,109,71,8,5,2.5,8.75,63.12,80.5,82.75,33.5,115.88,110.62,108.25,69.62,8.0,4.62
Asphalt_0cm_S7,2026-04-02T20:27:43.432016,3,10,75,91,102,39,141,129,119,77,9,5,3,11,77,89,99,40,146,139,132,87,11,5,3,9,63,79,82,35,115,111,115,71,8,5,3,11,85,110,108,44,150,140,142,91,10,6,2,7,48,61,63,26,87,85,83,53,6,4,2,6,43,60,56,22,76,72,70,45,5,3,2,7,48,71,67,27,93,95,96,61,7,4,3,9,66,82,85,35,120,114,109,71,8,5,2.62,8.75,63.12,80.38,82.75,33.5,116.0,110.62,108.25,69.5,8.0,4.62
Asphalt_0cm_S7,2026-04-02T20:27:43.521257,3,10,75,91,102,39,141,129,119,77,9,5,3,11,77,89,99,40,146,139,132,87,11,5,3,9,63,79,82,35,115,111,115,71,8,5,3,11,85,110,108,44,150,140,142,91,10,6,2,7,48,61,63,26,87,85,83,53,6,4,2,6,43,60,56,22,76,72,70,45,5,3,2,7,48,71,67,27,93,95,96,61,7,4,3,9,66,82,84,35,120,114,109,71,8,5,2.62,8.75,63.12,80.38,82.62,33.5,116.0,110.62,108.25,69.5,8.0,4.62
Asphalt_0cm_S7,2026-04-02T20:27:43.609768,3,10,76,91,102,39,141,129,118,77,9,5,3,11,78,89,99,40,146,139,132,88,11,5,3,9,63,79,82,35,115,111,115,71,8,5,3,11,85,110,108,44,150,140,142,91,10,7,2,7,48,60,63,26,87,84,83,53,6,4,2,6,43,60,56,22,76,72,70,45,5,3,2,7,48,71,67,27,93,95,96,61,7,4,3,9,66,82,84,35,120,114,109,71,8,5,2.62,8.75,63.38,80.25,82.62,33.5,116.0,110.5,108.12,69.62,8.0,4.75
Asphalt_0cm_S7,2026-04-02T20:27:43.708141,3,10,75,92,102,39,141,129,118,77,9,5,3,11,77,89,99,40,146,139,132,87,11,5,3,9,63,78,82,35,115,111,115,71,8,5,3,11,85,110,108,44,150,140,142,91,10,7,2,7,48,60,63,26,87,84,83,53,6,4,2,6,43,60,56,22,76,72,70,45,5,3,2,7,48,71,67,27,93,95,96,61,7,4,3,9,66,82,84,35,120,114,109,71,8,5,2.62,8.75,63.12,80.25,82.62,33.5,116.0,110.5,108.12,69.5,8.0,4.75
Asphalt_0cm_S7,2026-04-02T20:27:43.795180,3,10,75,92,102,39,141,129,118,77,9,5,3,11,77,89,99,40,146,139,132,87,11,5,3,9,63,78,82,35,115,111,115,71,8,5,3,11,86,110,109,45,150,140,142,91,10,6,2,7,48,61,63,26,87,85,83,53,6,4,2,6,43,60,56,22,75,72,70,45,5,3,2,7,48,71,67,27,93,95,96,61,7,4,3,9,66,82,84,35,120,114,109,71,8,5,2.62,8.75,63.25,80.38,82.75,33.62,115.88,110.62,108.12,69.5,8.0,4.62
Asphalt_0cm_S7,2026-04-02T20:27:43.902255,3,10,76,91,102,39,141,129,118,77,9,5,3,11,77,89,99,40,146,139,132,88,11,6,3,9,63,80,82,35,115,111,115,71,8,5,3,11,86,110,108,45,150,140,142,91,10,6,2,7,48,61,63,26,87,85,83,53,6,4,2,6,43,60,56,22,75,72,70,45,5,3,2,7,48,71,67,27,93,95,96,61,7,4,3,9,66,82,85,35,120,114,109,71,8,5,2.62,8.75,63.38,80.5,82.75,33.62,115.88,110.62,108.12,69.62,8.0,4.75
Asphalt_0cm_S7,2026-04-02T20:27:43.986141,3,10,76,91,102,39,141,129,118,77,9,5,3,11,77,89,99,40,146,139,132,88,11,6,3,9,63,80,82,35,115,111,115,71,8,5,3,11,86,110,108,45,150,140,142,91,10,6,2,7,48,60,63,27,87,85,83,53,6,4,2,6,43,60,56,22,76,72,70,45,5,3,2,7,48,71,67,27,93,95,96,61,7,4,3,9,66,82,84,35,120,114,109,71,8,5,2.62,8.75,63.38,80.38,82.62,33.75,116.0,110.62,108.12,69.62,8.0,4.75
Asphalt_0cm_S7,2026-04-02T20:27:44.099316,3,10,76,91,102,39,141,129,118,77,9,5,3,11,77,89,99,40,146,139,132,88,11,5,3,9,63,80,82,35,115,111,115,71,8,5,3,11,86,110,108,45,151,140,142,91,10,6,2,7,48,61,63,26,87,85,83,53,6,4,2,6,43,60,56,22,76,72,70,45,5,3,2,7,48,71,67,27,93,95,96,61,7,4,3,9,66,82,84,35,120,114,109,71,8,5,2.62,8.75,63.38,80.5,82.62,33.62,116.12,110.62,108.12,69.62,8.0,4.62
Asphalt_0cm_S7,2026-04-02T20:27:44.195333,2,10,76,91,102,39,141,129,119,77,9,5,3,11,77,89,99,40,146,139,132,88,11,5,3,9,63,80,82,35,115,111,115,71,8,5,3,11,86,110,108,45,151,140,142,91,10,6,2,7,48,61,63,26,87,85,83,53,6,4,2,6,43,60,56,22,76,72,70,45,5,3,2,7,49,71,67,27,93,95,96,61,7,4,3,9,66,82,85,35,120,114,109,71,8,5,2.5,8.75,63.5,80.5,82.75,33.62,116.12,110.62,108.25,69.62,8.0,4.62
Asphalt_0cm_S7,2026-04-02T20:27:44.281255,2,10,76,91,102,39,141,129,119,77,9,5,3,11,77,89,99,40,146,139,132,88,11,5,3,9,63,79,82,35,115,111,115,71,8,5,3,11,86,110,108,44,150,140,142,91,10,6,2,7,48,61,63,26,87,85,83,53,6,4,2,6,43,60,56,22,75,72,70,45,5,3,2,7,48,71,67,27,93,95,96,61,7,4,3,9,66,82,85,35,120,114,109,71,8,5,2.5,8.75,63.38,80.38,82.75,33.5,115.88,110.62,108.25,69.62,8.0,4.62
Asphalt_0cm_S7,2026-04-02T20:27:44.383412,3,10,76,91,102,39,141,129,118,77,9,5,3,11,77,89,99,40,146,139,132,88,11,5,3,9,63,79,82,35,115,111,115,71,8,5,3,11,86,110,108,44,150,140,142,91,10,6,2,7,48,61,63,26,87,85,83,53,6,4,2,6,43,60,56,22,75,72,70,45,5,3,2,7,48,71,67,27,93,95,96,61,7,4,3,9,66,82,84,35,120,114,109,71,8,5,2.62,8.75,63.38,80.38,82.62,33.5,115.88,110.62,108.12,69.62,8.0,4.62
Asphalt_0cm_S7,2026-04-02T20:27:44.472086,3,10,76,91,102,39,141,129,118,77,9,5,3,11,77,89,99,40,146,139,132,88,11,5,3,9,63,79,82,35,115,111,115,71,8,5,3,11,86,110,109,45,150,140,142,91,10,6,2,7,48,61,63,27,87,85,83,53,6,4,2,6,43,60,56,22,76,72,70,45,5,3,2,7,48,71,67,27,93,95,96,61,7,4,3,9,66,82,84,35,120,114,109,71,8,5,2.62,8.75,63.38,80.38,82.75,33.75,116.0,110.62,108.12,69.62,8.0,4.62
Asphalt_0cm_S7,2026-04-02T20:27:44.557198,2,10,76,91,102,40,141,129,118,78,9,5,3,11,77,89,99,40,146,139,132,88,11,5,3,9,63,79,82,35,115,111,115,71,8,5,3,11,86,110,108,45,150,140,142,91,10,6,2,7,48,61,63,27,87,85,83,53,6,4,2,6,43,60,56,22,76,72,70,45,5,3,2,7,48,71,67,27,93,95,96,61,7,4,3,9,66,82,84,35,120,114,109,71,8,5,2.5,8.75,63.38,80.38,82.62,33.88,116.0,110.62,108.12,69.75,8.0,4.62
Asphalt_0cm_S7,2026-04-02T20:27:44.664011,2,10,76,91,102,40,141,129,118,78,9,5,3,11,77,89,99,40,146,139,132,88,11,5,3,9,63,79,82,35,115,111,115,71,8,5,3,11,86,110,108,45,150,140,142,91,10,6,2,7,48,61,63,26,87,84,83,53,6,4,2,6,43,60,56,22,76,72,70,45,5,3,2,7,48,71,67,27,93,95,96,61,7,4,3,9,66,82,84,35,120,113,109,71,8,5,2.5,8.75,63.38,80.38,82.62,33.75,116.0,110.38,108.12,69.75,8.0,4.62
Asphalt_0cm_S7,2026-04-02T20:27:44.747967,3,10,75,92,102,39,141,129,118,77,9,5,3,10,77,89,99,40,146,139,132,88,11,5,3,9,63,79,82,35,115,111,115,71,8,5,3,11,86,110,108,45,150,140,142,91,10,6,2,7,48,61,63,26,87,84,83,53,6,4,2,6,43,60,56,22,76,72,70,45,5,3,2,7,48,71,67,27,93,95,96,61,7,4,3,9,66,82,84,35,120,113,109,71,8,5,2.62,8.62,63.25,80.5,82.62,33.62,116.0,110.38,108.12,69.62,8.0,4.62
Asphalt_0cm_S7,2026-04-02T20:27:44.851022,3,10,75,92,102,39,141,129,118,77,9,5,3,10,77,89,99,40,146,139,132,88,11,5,3,9,63,80,82,35,115,111,115,71,8,5,3,11,86,110,108,45,150,140,142,91,10,6,2,7,48,60,63,26,87,85,83,53,6,4,2,6,43,60,56,22,76,72,70,45,5,2,2,7,48,71,67,27,93,95,96,61,7,4,3,9,66,82,85,35,120,114,109,71,8,5,2.62,8.62,63.25,80.5,82.75,33.62,116.0,110.62,108.12,69.62,8.0,4.5
Asphalt_0cm_S7,2026-04-02T20:27:44.936133,3,10,75,91,102,39,141,129,118,77,9,5,3,10,77,89,99,40,146,139,132,87,11,5,3,9,63,79,82,35,115,111,115,71,8,5,3,11,86,110,109,45,151,141,142,91,10,6,2,7,48,60,63,26,87,85,83,53,6,4,2,6,43,60,56,22,75,72,70,45,5,3,2,7,48,71,67,27,93,95,96,61,7,4,3,9,66,82,85,35,120,114,109,71,8,5,2.62,8.62,63.25,80.25,82.88,33.62,116.0,110.75,108.12,69.5,8.0,4.62
Asphalt_0cm_S7,2026-04-02T20:27:45.028243,3,10,75,91,102,39,141,129,118,77,9,5,3,10,77,89,99,40,146,139,132,87,11,5,3,9,63,79,82,35,115,111,115,71,8,5,3,11,86,110,109,45,151,141,142,91,10,6,2,7,48,60,63,26,87,85,83,53,6,4,2,6,43,60,56,22,75,72,70,45,5,3,2,7,48,71,67,27,93,95,96,61,7,4,3,9,66,82,84,35,120,114,109,71,8,5,2.62,8.62,63.25,80.25,82.75,33.62,116.0,110.75,108.12,69.5,8.0,4.62
Asphalt_0cm_S7,2026-04-02T20:27:45.112477,3,10,76,91,102,40,141,129,119,77,9,6,3,10,77,89,99,40,146,139,132,88,11,5,3,9,63,80,82,35,115,111,115,71,8,5,3,11,86,111,109,45,151,141,143,91,10,6,2,7,48,60,63,26,87,84,83,53,6,4,2,6,43,60,56,22,75,72,70,45,5,3,2,7,48,71,67,27,93,95,96,61,7,4,3,9,66,82,84,35,120,114,109,71,8,5,2.62,8.62,63.38,80.5,82.75,33.75,116.0,110.62,108.38,69.62,8.0,4.75
Asphalt_0cm_S7,2026-04-02T20:27:45.233697,3,10,76,91,102,40,141,129,119,77,9,6,3,10,77,89,99,40,146,139,132,88,11,5,3,9,63,80,82,35,115,111,115,71,8,5,3,11,86,111,109,45,151,141,143,91,10,6,2,7,48,60,63,26,87,84,83,53,6,4,2,6,43,60,56,22,75,71,70,45,5,3,2,7,48,71,67,27,93,95,96,61,7,4,3,9,66,82,85,35,120,114,109,71,8,5,2.62,8.62,63.38,80.5,82.88,33.75,116.0,110.5,108.38,69.62,8.0,4.75
Asphalt_0cm_S7,2026-04-02T20:27:45.319951,3,10,75,91,102,39,141,129,119,77,9,5,3,11,77,89,99,40,146,139,132,88,11,5,3,9,63,80,82,35,115,111,115,71,8,5,3,12,86,111,109,45,151,141,143,91,10,6,2,7,48,61,63,27,87,84,83,53,6,4,2,6,43,60,56,22,75,71,70,45,5,3,2,7,49,71,67,27,93,95,95,61,7,4,3,9,66,82,84,35,120,114,109,71,8,5,2.62,8.88,63.38,80.62,82.75,33.75,116.0,110.5,108.25,69.62,8.0,4.62
Asphalt_0cm_S7,2026-04-02T20:27:45.408655,3,10,76,91,102,40,141,129,118,77,9,5,3,11,77,89,99,40,146,139,132,88,11,5,3,9,63,80,83,35,115,111,115,71,8,5,3,11,86,111,108,45,151,141,143,91,10,6,2,7,48,61,63,27,87,84,83,53,6,4,2,6,43,60,56,22,75,71,70,45,5,3,2,7,49,71,67,27,93,95,95,61,7,4,3,9,66,82,84,35,120,114,109,71,8,5,2.62,8.75,63.5,80.62,82.75,33.88,116.0,110.5,108.12,69.62,8.0,4.62
Asphalt_0cm_S7,2026-04-02T20:27:45.492462,3,10,76,91,102,40,141,129,118,77,9,5,3,11,77,89,99,40,146,139,132,88,11,5,3,9,63,80,83,35,115,111,115,71,8,5,3,11,86,111,108,45,151,141,143,91,10,6,2,7,48,61,63,26,87,84,83,53,6,4,2,6,43,60,56,22,75,72,69,45,5,3,2,7,48,71,67,27,93,95,96,61,7,4,3,9,66,82,85,35,120,114,109,71,8,5,2.62,8.75,63.38,80.62,82.88,33.75,116.0,110.62,108.12,69.62,8.0,4.62
Asphalt_0cm_S7,2026-04-02T20:27:45.592625,3,10,76,91,102,39,141,129,118,77,9,5,3,10,77,89,99,40,146,139,132,88,11,5,3,9,63,79,82,35,115,111,115,71,8,5,3,11,86,111,109,45,151,141,142,91,10,6,2,7,48,60,63,26,87,84,83,53,6,4,2,6,43,60,56,22,75,72,69,45,5,3,2,7,48,71,67,27,93,95,96,61,7,4,3,9,66,82,85,35,120,114,109,71,8,5,2.62,8.62,63.38,80.38,82.88,33.62,116.0,110.62,108.0,69.62,8.0,4.62
Asphalt_0cm_S7,2026-04-02T20:27:45.675983,3,10,76,91,102,39,141,129,118,77,9,5,3,10,77,89,99,40,146,139,132,88,11,5,3,9,63,79,82,35,115,111,115,71,8,5,3,11,86,111,109,45,151,141,142,91,10,6,2,7,48,60,63,26,87,84,83,53,6,4,2,5,43,60,56,22,75,71,69,45,5,3,2,7,48,71,67,27,93,95,96,61,7,4,3,9,66,82,85,35,120,114,109,71,8,5,2.62,8.5,63.38,80.38,82.88,33.62,116.0,110.5,108.0,69.62,8.0,4.62
Asphalt_0cm_S7,2026-04-02T20:27:45.757946,3,10,76,91,102,40,141,129,118,77,9,5,3,11,78,89,99,40,146,139,132,88,11,5,3,9,63,79,82,35,115,111,115,71,8,5,3,11,86,111,109,45,151,141,142,91,10,6,2,7,48,60,63,26,87,84,83,53,6,4,2,5,43,60,56,22,75,71,69,45,5,3,2,7,48,71,67,27,93,95,96,61,7,4,3,9,66,82,85,35,120,114,109,71,8,5,2.62,8.62,63.5,80.38,82.88,33.75,116.0,110.5,108.0,69.62,8.0,4.62
Asphalt_0cm_S7,2026-04-02T20:27:45.848853,3,10,76,91,102,40,141,129,118,77,9,5,3,11,78,89,99,40,146,139,132,88,11,5,3,9,63,79,82,35,115,111,115,71,8,5,3,11,86,111,109,45,151,141,143,91,10,6,2,7,48,61,63,26,87,85,83,53,6,4,2,6,43,60,56,22,75,71,70,45,5,3,2,7,48,71,67,27,93,95,95,61,7,4,3,9,66,82,84,35,119,114,109,71,8,5,2.62,8.75,63.5,80.5,82.75,33.75,115.88,110.62,108.12,69.62,8.0,4.62
Asphalt_0cm_S7,2026-04-02T20:27:45.934517,3,10,75,91,102,39,141,129,118,77,9,5,3,11,77,89,99,40,146,139,132,88,11,5,3,9,63,80,82,35,115,111,115,71,8,5,3,11,86,111,109,45,151,141,143,91,10,6,2,7,48,61,63,26,87,84,83,53,6,4,2,6,43,60,56,22,75,71,70,45,5,3,2,7,48,71,67,27,93,95,95,61,7,4,3,9,66,82,84,35,119,114,109,71,8,5,2.62,8.75,63.25,80.62,82.75,33.62,115.88,110.5,108.12,69.62,8.0,4.62
Asphalt_0cm_S7,2026-04-02T20:27:46.057283,3,10,76,91,102,39,141,129,118,77,9,5,3,11,77,89,99,40,146,139,132,88,11,5,3,9,63,80,82,35,115,111,115,71,8,5,3,11,86,111,109,45,151,141,143,91,10,6,2,7,48,61,63,26,87,84,83,53,6,4,2,6,43,60,56,22,75,71,69,45,5,3,2,7,48,71,67,27,93,95,95,61,7,4,3,9,66,82,84,34,119,113,108,71,8,5,2.62,8.75,63.38,80.62,82.75,33.5,115.88,110.38,107.88,69.62,8.0,4.62
Asphalt_0cm_S7,2026-04-02T20:27:46.180445,3,10,76,91,102,39,141,129,118,77,9,5,3,10,78,89,99,40,146,139,132,88,11,6,3,9,63,80,82,35,115,111,115,71,8,5,3,11,86,111,109,45,151,141,143,91,10,6,2,7,48,60,63,26,87,85,83,53,6,4,2,6,43,60,56,22,75,71,69,45,5,3,2,7,48,71,67,27,93,95,95,61,7,4,3,9,66,82,84,35,120,113,108,71,8,5,2.62,8.62,63.5,80.5,82.75,33.62,116.0,110.5,107.88,69.62,8.0,4.75
Asphalt_0cm_S7,2026-04-02T20:27:46.295548,3,10,75,91,102,39,141,129,118,77,9,5,3,10,77,89,99,40,146,139,132,88,11,5,3,9,63,80,82,35,115,111,115,71,8,5,3,11,86,111,109,45,151,141,143,91,10,6,2,7,48,60,63,26,87,85,83,53,6,4,2,6,43,60,56,22,75,71,69,45,5,3,2,7,48,71,67,27,93,95,95,61,7,4,3,9,66,82,84,35,120,113,108,71,8,5,2.62,8.62,63.25,80.5,82.75,33.62,116.0,110.5,107.88,69.62,8.0,4.62
Asphalt_0cm_S7,2026-04-02T20:27:46.394289,3,10,75,92,103,40,141,129,119,77,9,5,3,10,77,89,99,40,146,139,132,88,11,5,3,9,63,80,82,35,115,111,115,71,8,5,3,11,86,110,109,45,151,141,143,91,10,6,2,7,48,60,63,26,87,85,83,53,6,4,2,6,43,60,56,22,75,71,69,45,5,3,2,7,48,71,67,27,93,95,95,61,7,4,3,9,66,82,84,35,119,114,109,71,8,5,2.62,8.62,63.25,80.5,82.88,33.75,115.88,110.62,108.12,69.62,8.0,4.62
Asphalt_0cm_S7,2026-04-02T20:27:46.484039,3,10,75,92,103,40,141,129,119,77,9,5,3,11,78,89,99,40,146,139,132,88,11,5,3,9,63,79,82,35,115,111,115,71,8,5,3,12,86,111,109,45,151,141,143,91,10,6,2,7,48,60,63,27,87,85,83,53,6,4,2,6,43,60,56,22,75,71,69,45,5,3,2,7,48,71,67,27,93,95,96,61,7,4,3,9,66,82,84,35,119,114,109,71,8,5,2.62,8.88,63.38,80.5,82.88,33.88,115.88,110.62,108.25,69.62,8.0,4.62
Asphalt_0cm_S7,2026-04-02T20:27:46.582215,3,10,76,92,103,39,141,129,119,77,9,5,3,11,78,89,99,40,146,139,132,88,11,5,3,9,63,79,82,35,115,111,115,71,8,5,3,12,86,111,109,45,151,141,143,91,10,6,2,7,48,60,63,27,87,85,83,53,6,4,2,6,43,60,56,22,75,71,69,45,5,3,2,7,48,71,67,27,93,95,96,61,7,4,3,9,66,82,84,35,119,114,109,71,8,5,2.62,8.88,63.5,80.5,82.88,33.75,115.88,110.62,108.25,69.62,8.0,4.62
Asphalt_0cm_S7,2026-04-02T20:27:46.671581,3,10,76,92,103,39,141,129,119,77,9,5,3,11,78,89,99,40,146,139,132,88,11,5,3,9,63,79,82,35,115,111,115,71,8,5,3,11,86,110,109,45,151,141,143,92,10,7,2,7,48,60,63,26,87,84,83,53,6,4,2,6,43,60,56,22,75,71,69,45,4,3,2,7,48,71,67,27,93,95,96,61,7,4,3,9,66,82,84,35,120,113,109,71,8,5,2.62,8.75,63.5,80.38,82.88,33.62,116.0,110.38,108.25,69.75,7.88,4.75
Asphalt_0cm_S7,2026-04-02T20:27:46.757556,2,10,76,91,102,39,141,129,118,77,9,5,3,11,77,89,99,40,147,139,132,88,11,6,3,9,63,79,82,35,115,111,115,71,8,5,3,11,86,110,109,45,151,141,143,92,10,7,2,7,48,60,63,26,87,84,83,53,6,4,2,6,43,60,56,22,75,71,69,45,4,3,2,7,48,71,67,27,93,95,96,61,7,4,3,9,66,82,84,35,120,113,109,71,8,5,2.5,8.75,63.38,80.25,82.75,33.62,116.12,110.38,108.12,69.75,7.88,4.88
Asphalt_0cm_S7,2026-04-02T20:27:46.860416,2,10,76,91,102,39,141,129,118,77,9,5,3,11,77,89,99,40,147,139,132,88,11,6,3,9,63,79,82,35,115,111,115,71,8,5,3,11,86,111,109,45,151,141,143,91,10,6,2,7,48,61,63,26,87,85,83,53,6,4,2,6,42,60,56,22,75,71,69,45,4,3,2,7,48,71,67,27,93,95,96,61,7,4,3,9,66,82,84,35,120,114,109,71,8,5,2.5,8.75,63.25,80.5,82.75,33.62,116.12,110.62,108.12,69.62,7.88,4.75
Asphalt_0cm_S7,2026-04-02T20:27:46.945098,3,10,76,91,102,40,141,129,118,77,9,5,3,11,77,89,99,40,146,139,133,88,11,5,3,9,63,79,82,35,115,111,115,71,9,5,3,11,86,111,109,45,151,141,143,91,10,6,2,7,48,61,63,26,87,85,83,53,6,4,2,6,42,60,56,22,75,71,69,45,4,3,2,7,48,71,67,27,93,95,96,61,7,4,3,9,66,82,84,35,120,114,109,71,8,5,2.62,8.75,63.25,80.5,82.75,33.75,116.0,110.62,108.25,69.62,8.0,4.62
Asphalt_0cm_S7,2026-04-02T20:27:47.050528,2,10,75,92,102,39,141,129,118,77,9,5,3,11,77,89,99,40,146,139,133,88,11,5,3,9,63,79,82,35,115,111,115,71,9,5,3,11,86,111,109,45,151,141,143,91,10,6,2,7,48,61,63,26,87,85,83,53,6,4,2,6,43,60,56,22,75,71,69,45,5,3,2,7,48,71,67,27,93,95,95,61,7,4,3,9,66,82,84,35,119,113,109,71,8,5,2.5,8.75,63.25,80.62,82.75,33.62,115.88,110.5,108.12,69.62,8.12,4.62
Asphalt_0cm_S7,2026-04-02T20:27:47.137612,2,10,75,92,102,39,141,129,118,77,9,5,3,10,78,89,99,40,146,139,132,88,11,5,3,9,63,79,82,35,115,111,115,71,8,5,3,11,86,111,109,45,151,141,143,91,10,6,2,7,48,60,63,26,87,84,83,53,6,4,2,6,42,59,56,22,75,71,69,45,5,3,2,7,48,71,67,27,93,95,95,61,7,4,3,9,66,82,84,35,119,113,109,71,8,5,2.5,8.62,63.25,80.38,82.75,33.62,115.88,110.38,108.0,69.62,8.0,4.62
Asphalt_0cm_S7,2026-04-02T20:27:47.247424,2,10,76,92,102,39,141,129,118,77,9,5,3,11,78,89,99,40,146,139,133,88,11,5,3,9,63,79,82,35,115,111,115,71,8,5,3,11,86,111,109,45,151,141,143,91,10,6,2,7,48,60,63,26,87,84,83,53,6,4,2,6,42,59,56,22,75,71,69,45,5,3,2,7,48,71,67,27,93,95,95,61,7,4,3,9,66,82,84,35,119,114,109,71,8,5,2.5,8.75,63.38,80.38,82.75,33.62,115.88,110.5,108.12,69.62,8.0,4.62
Asphalt_0cm_S7,2026-04-02T20:27:47.350768,2,10,76,92,102,39,141,129,118,77,9,5,3,11,78,89,99,40,146,139,133,88,11,5,3,9,63,79,82,35,115,111,114,71,8,5,3,11,86,111,109,45,151,141,143,91,10,6,2,7,48,60,63,26,87,84,83,53,6,4,2,6,42,59,55,22,75,71,69,45,5,2,2,7,48,71,67,27,92,95,95,61,7,4,3,9,66,82,84,35,119,114,109,71,8,5,2.5,8.75,63.38,80.38,82.62,33.62,115.75,110.5,108.0,69.62,8.0,4.5
Asphalt_0cm_S7,2026-04-02T20:27:47.440470,2,10,76,91,102,40,141,129,118,77,9,5,3,11,78,89,99,40,147,139,133,88,11,5,3,9,63,79,82,35,115,111,115,71,8,5,3,11,86,111,109,45,151,141,143,91,10,6,2,7,48,60,63,26,87,84,83,53,6,4,2,6,42,59,55,22,75,71,69,45,5,2,2,7,48,71,67,27,92,95,95,61,7,4,3,9,66,82,84,35,120,114,108,71,8,5,2.5,8.75,63.38,80.25,82.62,33.75,116.0,110.5,108.0,69.62,8.0,4.5
Asphalt_0cm_S7,2026-04-02T20:27:47.548090,2,10,76,91,102,39,141,129,118,77,9,5,3,11,78,89,99,40,147,139,133,88,11,5,3,9,63,79,82,35,115,111,115,71,8,5,3,11,86,111,109,45,151,141,143,91,10,6,2,7,48,60,63,26,87,85,83,53,6,4,2,6,42,59,56,22,75,71,69,45,5,3,2,7,48,71,67,27,93,95,95,61,7,4,3,9,66,82,84,35,120,113,108,71,8,5,2.5,8.75,63.38,80.25,82.75,33.62,116.12,110.5,108.0,69.62,8.0,4.62
Asphalt_0cm_S7,2026-04-02T20:27:47.650915,2,10,76,91,102,39,141,129,118,77,9,5,3,11,77,89,100,40,147,139,133,88,11,5,3,9,63,79,82,35,115,111,115,71,8,5,3,11,86,111,109,45,151,141,143,91,10,6,2,7,48,61,63,26,87,84,83,53,6,4,2,6,42,60,56,22,75,71,69,45,5,3,2,7,48,71,67,27,93,95,95,61,7,4,3,9,66,82,84,35,120,113,108,71,8,5,2.5,8.75,63.25,80.5,82.88,33.62,116.12,110.38,108.0,69.62,8.0,4.62
Asphalt_0cm_S7,2026-04-02T20:27:47.734446,3,10,76,91,102,39,141,129,118,77,9,5,3,11,77,89,100,40,147,139,133,88,11,5,3,9,63,79,82,35,115,111,115,71,8,5,3,11,86,111,109,45,151,141,143,91,10,6,2,7,48,61,63,26,87,84,83,53,6,4,2,6,42,60,56,22,75,71,69,45,5,3,2,7,48,71,67,27,93,95,95,61,7,4,3,9,66,82,84,35,119,113,108,71,8,5,2.62,8.75,63.25,80.5,82.88,33.62,116.0,110.38,108.0,69.62,8.0,4.62
Asphalt_0cm_S7,2026-04-02T20:27:47.820751,3,10,76,91,102,39,141,129,118,77,9,5,3,11,78,89,99,40,146,139,132,88,11,5,3,9,63,79,82,35,115,111,115,71,8,5,3,11,86,111,109,45,151,141,143,91,10,6,2,7,48,61,63,26,87,84,83,53,6,4,2,6,42,60,56,22,75,71,69,45,5,3,2,7,48,71,67,27,93,95,95,61,7,4,3,9,66,82,84,35,119,113,108,71,8,5,2.62,8.75,63.38,80.5,82.75,33.62,115.88,110.38,107.88,69.62,8.0,4.62
Asphalt_0cm_S7,2026-04-02T20:27:47.928402,3,10,76,91,102,40,141,129,118,77,9,5,3,11,78,89,99,40,146,139,132,88,11,5,3,9,63,79,82,35,115,111,115,71,8,5,3,11,86,111,109,45,151,141,143,91,10,6,2,7,48,60,63,26,87,84,83,53,6,4,2,5,42,60,56,22,75,71,69,45,5,3,2,7,48,71,67,27,93,95,95,61,7,4,3,9,66,82,84,35,119,113,109,71,8,5,2.62,8.62,63.38,80.38,82.75,33.75,115.88,110.38,108.0,69.62,8.0,4.62
Asphalt_0cm_S7,2026-04-02T20:27:48.015501,3,10,76,91,102,40,141,129,118,77,9,5,3,11,78,89,99,40,146,139,132,88,11,5,3,9,63,79,82,35,115,111,115,71,8,5,3,11,86,111,109,45,151,141,143,91,10,6,2,7,48,60,63,26,87,84,83,53,6,4,2,5,42,59,56,22,75,71,69,45,5,3,2,7,48,71,67,27,93,95,95,61,7,4,3,9,66,82,84,35,119,113,109,71,8,5,2.62,8.62,63.38,80.25,82.75,33.75,115.88,110.38,108.0,69.62,8.0,4.62
Asphalt_0cm_S7,2026-04-02T20:27:48.118750,3,10,76,92,102,40,141,129,119,77,9,5,3,11,78,89,99,40,147,139,133,88,11,5,3,9,63,80,82,35,115,111,115,71,8,5,3,11,86,111,109,45,151,141,143,91,10,6,2,7,48,60,63,26,87,85,83,53,6,4,2,5,42,59,56,22,75,71,69,45,5,3,2,7,48,71,67,27,93,95,95,61,7,4,3,9,66,82,84,35,119,114,109,71,8,5,2.62,8.62,63.38,80.5,82.75,33.75,116.0,110.62,108.25,69.62,8.0,4.62
Asphalt_0cm_S7,2026-04-02T20:27:48.213710,2,10,76,91,103,39,141,129,119,77,9,5,3,11,78,89,99,40,147,139,133,88,11,5,3,9,63,80,82,35,115,111,115,71,8,5,3,11,86,111,109,45,151,141,143,91,10,6,2,7,48,60,63,26,87,85,83,53,6,4,2,6,42,59,56,22,75,71,69,45,5,3,2,7,48,71,67,27,93,95,95,61,7,4,3,9,66,82,84,35,119,113,109,71,8,5,2.5,8.75,63.38,80.38,82.88,33.62,116.0,110.5,108.25,69.62,8.0,4.62
Asphalt_0cm_S7,2026-04-02T20:27:48.315739,2,10,76,91,103,39,141,129,119,77,9,5,3,11,78,89,100,40,146,139,133,88,11,5,3,9,63,79,82,35,115,111,115,71,8,5,3,11,86,111,109,45,151,141,143,91,10,6,2,7,48,60,63,26,87,85,83,53,6,4,2,6,42,59,56,22,75,71,69,45,5,3,2,7,48,71,67,27,93,95,95,61,7,4,3,9,66,82,84,35,119,113,109,71,8,5,2.5,8.75,63.38,80.25,83.0,33.62,115.88,110.5,108.25,69.62,8.0,4.62
Asphalt_0cm_S7,2026-04-02T20:27:48.439601,2,10,76,91,102,40,141,129,119,77,9,5,3,11,78,89,99,40,147,139,133,88,11,6,3,9,63,79,82,35,115,111,115,71,8,5,3,11,86,111,109,45,151,141,143,91,10,7,2,7,48,60,63,26,87,85,83,53,6,4,2,6,42,59,55,22,75,71,69,45,4,3,2,7,48,71,67,27,93,95,95,61,7,4,3,9,66,82,84,35,120,113,109,71,8,5,2.5,8.75,63.38,80.25,82.62,33.75,116.12,110.5,108.25,69.62,7.88,4.88
Asphalt_0cm_S7,2026-04-02T20:27:48.549257,2,10,76,91,102,40,141,129,119,77,9,5,3,11,78,89,99,40,147,139,133,88,11,6,3,9,63,79,82,35,115,111,115,71,8,5,3,11,86,111,109,45,151,141,143,91,10,7,2,7,48,60,63,26,87,84,83,53,6,4,2,5,42,59,56,22,75,71,69,45,5,3,2,7,48,70,67,27,93,95,95,61,7,4,3,9,66,82,84,35,120,114,109,71,8,5,2.5,8.62,63.38,80.12,82.75,33.75,116.12,110.5,108.25,69.62,8.0,4.88
Asphalt_0cm_S7,2026-04-02T20:27:48.664247,2,10,75,92,103,39,141,129,119,77,9,5,3,11,78,89,100,40,147,140,133,88,11,5,3,9,63,79,82,35,115,111,115,71,8,5,3,12,86,111,109,45,151,141,143,91,10,6,2,7,48,61,63,26,87,84,83,53,6,4,2,6,42,59,55,22,75,71,69,45,5,3,2,7,48,70,67,27,93,95,95,61,7,4,3,9,66,82,84,35,120,114,109,71,8,5,2.5,8.88,63.25,80.38,82.88,33.62,116.12,110.62,108.25,69.62,8.0,4.62
Asphalt_0cm_S7,2026-04-02T20:27:48.745033,2,10,76,91,102,39,141,129,119,77,9,5,3,11,78,89,100,40,147,140,133,88,11,5,3,9,63,80,82,35,115,111,115,71,8,5,3,12,86,111,109,45,151,141,143,91,10,6,2,7,48,61,63,26,87,84,83,53,6,4,2,6,42,59,55,22,75,71,69,45,5,3,2,7,48,71,67,27,93,95,95,61,7,4,3,9,66,82,84,35,119,114,108,71,8,5,2.5,8.88,63.38,80.5,82.75,33.62,116.0,110.62,108.12,69.62,8.0,4.62
Asphalt_0cm_S7,2026-04-02T20:27:48.831709,2,10,76,91,102,39,141,129,119,77,9,5,3,11,78,89,100,40,147,140,133,88,11,5,3,9,63,80,82,35,115,111,115,71,8,5,3,11,86,111,109,45,151,141,143,91,10,6,2,7,48,61,63,26,87,84,83,53,6,4,2,6,42,59,55,22,75,71,69,45,5,3,2,7,48,71,67,27,93,95,95,61,7,4,3,9,66,82,84,35,119,114,108,71,8,5,2.5,8.75,63.38,80.5,82.75,33.62,116.0,110.62,108.12,69.62,8.0,4.62
Asphalt_0cm_S7,2026-04-02T20:27:48.944084,3,10,76,92,102,39,141,129,119,77,9,5,3,10,78,89,100,40,147,139,133,88,11,5,3,9,63,79,82,35,115,111,115,71,8,5,3,11,86,111,109,45,151,141,143,91,10,6,2,7,48,61,63,26,87,84,83,53,6,4,2,6,42,59,55,22,75,71,69,45,5,3,2,7,48,71,67,27,93,95,95,61,7,4,3,9,66,82,84,35,119,114,108,71,8,5,2.62,8.62,63.38,80.5,82.75,33.62,116.0,110.5,108.12,69.62,8.0,4.62
Asphalt_0cm_S7,2026-04-02T20:27:49.049604,3,10,76,92,102,39,141,129,119,77,9,5,3,10,78,89,100,40,147,139,133,88,11,5,3,9,63,79,82,35,115,111,115,71,8,5,3,11,86,111,109,45,151,141,143,91,10,6,2,7,48,60,63,26,87,84,83,53,6,4,2,6,42,59,56,22,75,71,69,45,5,3,2,7,48,71,67,27,93,95,95,61,7,4,3,9,66,82,84,35,119,113,108,71,8,5,2.62,8.62,63.38,80.38,82.88,33.62,116.0,110.38,108.12,69.62,8.0,4.62
Asphalt_0cm_S7,2026-04-02T20:27:49.135124,2,10,76,92,102,39,141,129,119,77,9,5,3,11,78,89,100,40,147,140,133,88,11,5,3,9,63,79,82,35,115,111,115,71,8,5,3,12,86,111,109,45,151,141,143,91,10,6,2,7,48,60,63,26,87,85,83,53,6,4,2,6,42,59,56,22,75,71,69,45,5,3,2,7,48,71,67,27,93,95,95,61,7,4,3,9,66,82,84,35,119,113,108,71,8,5,2.5,8.88,63.38,80.38,82.88,33.62,116.0,110.62,108.12,69.62,8.0,4.62
Asphalt_0cm_S7,2026-04-02T20:27:49.250836,3,10,76,92,102,40,141,129,119,78,9,6,3,11,78,89,100,40,147,140,133,88,11,5,3,9,63,79,82,35,115,111,115,71,8,5,3,12,86,111,109,45,151,141,143,91,10,6,2,7,48,60,63,26,87,85,83,53,6,4,2,6,42,59,55,22,75,71,69,45,5,3,2,7,48,71,67,27,93,95,95,61,7,4,3,9,66,82,84,35,119,113,109,71,8,5,2.62,8.88,63.38,80.38,82.75,33.75,116.0,110.62,108.25,69.75,8.0,4.75
Asphalt_0cm_S7,2026-04-02T20:27:49.332497,3,10,76,92,102,40,141,129,119,78,9,6,3,11,78,89,100,40,147,140,133,88,11,5,3,9,63,80,82,35,115,111,115,71,8,5,3,11,86,111,109,45,151,141,143,91,10,6,2,7,48,60,63,26,87,85,83,53,6,4,2,6,42,59,55,22,75,71,69,45,5,3,2,7,48,71,67,27,93,95,95,61,7,4,3,9,66,82,84,35,119,113,109,71,8,5,2.62,8.75,63.38,80.5,82.75,33.75,116.0,110.62,108.25,69.75,8.0,4.75
Asphalt_0cm_S7,2026-04-02T20:27:49.458296,3,10,76,91,102,39,141,130,119,78,9,5,3,10,78,89,99,40,147,140,133,88,11,5,3,9,63,80,82,35,115,111,115,71,8,5,3,11,86,111,109,45,151,141,143,91,10,6,2,7,48,60,63,26,87,84,83,53,6,4,2,6,42,59,55,22,74,71,69,45,4,3,2,7,48,71,67,27,93,95,95,61,7,4,3,9,66,82,84,35,119,113,108,71,8,5,2.62,8.62,63.38,80.38,82.62,33.62,115.88,110.62,108.12,69.75,7.88,4.62
Asphalt_0cm_S7,2026-04-02T20:27:49.551107,3,10,76,91,102,39,141,130,119,78,9,5,3,10,78,89,99,40,147,140,133,88,11,5,3,9,63,80,82,35,115,111,115,71,8,5,3,11,86,111,109,45,151,141,143,91,10,6,2,7,48,60,63,26,87,85,83,53,6,4,2,6,42,59,55,22,74,71,69,45,5,3,2,7,48,71,67,27,93,95,96,61,7,4,3,9,66,82,84,35,119,113,108,71,8,5,2.62,8.62,63.38,80.38,82.62,33.62,115.88,110.75,108.25,69.75,8.0,4.62
Asphalt_0cm_S7,2026-04-02T20:27:49.635105,3,10,76,92,102,40,141,129,119,77,9,5,3,11,78,90,100,40,147,140,133,88,11,5,3,9,63,80,82,35,115,111,115,71,8,5,3,11,86,111,109,45,151,141,143,91,10,6,2,7,48,60,63,27,87,84,83,53,6,4,2,6,42,59,55,22,75,71,69,45,5,3,2,7,48,71,67,27,93,95,96,61,7,4,3,9,66,82,84,35,119,113,108,71,8,5,2.62,8.75,63.38,80.62,82.75,33.88,116.0,110.5,108.25,69.62,8.0,4.62
Asphalt_0cm_S7,2026-04-02T20:27:49.733569,3,10,76,91,103,39,141,129,119,77,9,5,3,11,78,90,100,40,147,140,133,88,11,5,3,9,63,80,82,35,115,111,115,71,8,5,3,11,86,111,109,45,151,141,143,91,10,6,2,7,48,60,63,27,87,84,83,53,6,4,2,6,42,59,55,22,75,71,69,45,5,3,2,7,48,71,66,27,93,95,95,61,7,4,3,9,66,82,84,35,119,113,108,71,8,5,2.62,8.75,63.38,80.5,82.75,33.75,116.0,110.5,108.12,69.62,8.0,4.62
Asphalt_0cm_S7,2026-04-02T20:27:49.817132,3,10,76,91,103,39,141,129,119,77,9,5,3,10,78,89,100,40,147,140,133,88,11,5,3,9,63,79,82,35,115,111,115,71,8,5,3,11,86,111,109,45,151,141,143,91,10,6,2,7,48,60,63,26,87,84,83,53,6,4,2,6,42,59,55,22,75,71,69,45,5,3,2,7,48,71,66,27,93,95,95,61,7,4,3,9,66,82,84,35,119,113,108,71,8,5,2.62,8.62,63.38,80.25,82.75,33.62,116.0,110.5,108.12,69.62,8.0,4.62
Asphalt_0cm_S7,2026-04-02T20:27:49.922894,2,10,76,92,103,40,142,130,119,78,9,5,3,11,78,90,100,40,147,140,133,88,11,5,3,9,63,79,82,35,115,111,115,71,8,5,3,11,86,111,109,45,151,141,143,91,10,6,2,7,48,60,63,26,87,84,83,53,6,4,2,6,42,59,55,22,74,71,69,45,5,2,2,7,48,71,67,27,93,95,95,61,7,4,3,9,66,82,84,35,119,113,108,71,8,5,2.5,8.75,63.38,80.5,82.88,33.75,116.0,110.62,108.12,69.75,8.0,4.5
Asphalt_0cm_S7,2026-04-02T20:27:50.023911,2,10,76,92,103,40,142,130,119,78,9,5,3,11,78,90,100,40,147,140,133,88,11,5,3,9,63,80,82,35,115,111,115,72,8,5,3,11,86,111,109,45,151,141,143,91,10,6,2,7,48,60,63,26,87,85,83,53,6,4,2,6,42,59,55,22,74,70,69,45,5,3,2,7,48,71,67,27,93,95,95,61,7,4,3,9,66,82,84,35,119,113,108,71,8,5,2.5,8.75,63.38,80.62,82.88,33.75,116.0,110.62,108.12,69.88,8.0,4.62
Asphalt_0cm_S7,2026-04-02T20:27:50.110506,2,10,76,92,103,40,142,130,119,78,9,5,3,11,78,90,100,40,147,140,133,88,11,5,3,9,63,80,82,35,115,111,115,72,8,5,3,11,86,111,109,45,151,141,143,91,10,6,2,7,48,60,63,26,87,85,83,53,6,4,2,6,42,59,55,22,74,70,69,45,5,3,2,7,48,71,67,27,93,95,95,61,7,4,3,9,65,82,84,35,119,114,109,71,8,5,2.5,8.75,63.25,80.62,82.88,33.75,116.0,110.75,108.25,69.88,8.0,4.62
Asphalt_0cm_S7,2026-04-02T20:27:50.197601,3,10,76,92,102,40,141,129,119,78,9,5,3,11,78,90,100,40,147,140,133,88,11,5,3,9,63,80,82,35,115,111,115,71,8,5,3,11,86,111,109,45,151,141,143,91,10,6,2,7,48,61,63,26,87,85,83,53,6,4,2,6,42,59,55,22,75,71,69,45,5,3,2,7,48,71,67,27,93,95,96,61,7,4,3,9,66,82,84,35,119,114,109,71,8,5,2.62,8.75,63.38,80.75,82.75,33.75,116.0,110.75,108.38,69.75,8.0,4.62
Asphalt_0cm_S7,2026-04-02T20:27:50.302435,3,10,76,92,102,39,141,129,119,77,9,5,3,11,78,90,100,40,147,140,133,88,11,5,3,9,63,79,82,35,115,111,115,72,8,5,3,11,86,111,109,45,151,141,143,91,10,7,2,7,48,61,63,26,87,84,83,53,6,4,2,6,42,59,55,22,75,71,69,45,5,3,2,7,48,71,67,27,93,95,96,61,7,4,3,9,66,82,84,35,119,114,109,71,8,5,2.62,8.75,63.38,80.62,82.75,33.62,116.0,110.62,108.38,69.75,8.0,4.75
Asphalt_0cm_S7,2026-04-02T20:27:50.388273,3,10,76,92,102,39,141,129,119,77,9,5,3,11,78,90,100,40,147,140,133,88,11,5,3,9,63,79,82,35,115,111,115,72,8,5,3,11,86,111,109,45,151,141,143,91,10,7,2,7,48,61,63,26,87,84,83,53,6,4,2,6,42,59,55,22,74,71,69,45,5,3,2,7,48,71,67,27,93,95,95,61,7,4,3,9,66,82,84,35,120,114,109,71,8,5,2.62,8.75,63.38,80.62,82.75,33.62,116.0,110.62,108.25,69.75,8.0,4.75
Asphalt_0cm_S7,2026-04-02T20:27:50.497126,3,10,76,91,103,39,141,129,119,77,9,5,3,11,78,90,100,40,147,140,133,88,11,5,3,9,62,80,83,35,115,111,115,72,8,5,3,11,86,111,109,45,152,141,144,91,10,6,2,7,48,61,63,27,87,84,83,53,6,4,2,6,42,59,55,22,75,71,69,45,5,3,2,7,48,71,67,27,93,95,95,61,7,4,3,9,66,82,84,35,120,114,109,71,8,5,2.62,8.75,63.25,80.62,83.0,33.75,116.25,110.62,108.38,69.75,8.0,4.62
Asphalt_0cm_S7,2026-04-02T20:27:50.637243,3,10,76,91,103,39,141,129,119,77,9,5,3,11,78,90,100,40,147,140,133,88,11,5,3,9,62,80,83,35,115,111,115,72,8,5,3,11,86,111,109,45,152,141,144,91,10,6,2,7,48,61,63,27,87,84,83,53,6,4,2,6,42,59,55,22,75,71,69,45,5,3,2,7,48,71,67,27,93,95,96,61,7,4,3,9,66,82,84,35,120,114,109,71,8,5,2.62,8.75,63.25,80.62,83.0,33.75,116.25,110.62,108.5,69.75,8.0,4.62
Asphalt_0cm_S7,2026-04-02T20:27:50.747599,2,10,76,92,102,40,141,130,119,78,9,5,3,11,78,90,100,40,147,140,133,88,11,5,3,9,63,80,83,35,115,111,115,72,8,5,3,11,86,111,109,45,152,142,143,91,10,6,2,7,48,60,63,26,87,83,83,53,6,4,2,5,42,59,55,22,74,71,69,45,5,3,2,7,48,71,67,27,93,95,96,61,7,4,3,9,66,82,84,35,120,114,109,71,8,5,2.5,8.62,63.38,80.62,82.88,33.75,116.12,110.75,108.38,69.88,8.0,4.62
Asphalt_0cm_S7,2026-04-02T20:27:50.836748,2,10,76,92,102,40,141,130,119,78,9,5,3,11,78,90,100,40,147,140,133,88,11,5,3,9,63,80,83,35,115,111,115,72,8,5,3,12,86,111,109,45,152,142,143,91,10,6,2,7,48,60,63,26,87,85,83,53,6,4,2,6,42,59,55,22,74,71,69,45,5,3,2,7,48,71,67,27,93,95,96,61,7,4,3,9,66,82,84,35,120,114,109,71,8,5,2.5,8.88,63.38,80.62,82.88,33.75,116.12,111.0,108.38,69.88,8.0,4.62
Asphalt_0cm_S7,2026-04-02T20:27:50.936123,3,10,76,92,102,39,141,130,119,77,9,5,3,11,78,90,100,40,148,140,134,88,11,5,3,9,63,80,83,35,116,111,115,72,8,5,3,12,86,111,109,45,152,142,143,91,10,6,2,7,48,60,63,26,87,85,83,53,6,4,2,6,42,59,55,22,74,71,69,45,5,3,2,7,48,71,67,27,93,95,96,61,7,4,3,9,66,82,84,35,120,114,109,71,8,5,2.62,8.88,63.38,80.62,82.88,33.62,116.38,111.0,108.5,69.75,8.0,4.62
Asphalt_0cm_S7,2026-04-02T20:27:51.036611,3,10,76,92,102,39,141,130,119,77,9,5,3,11,78,90,100,40,148,140,134,88,11,5,3,9,63,80,83,35,116,111,115,72,8,5,3,11,86,112,110,45,152,142,144,92,10,6,2,7,48,61,63,26,87,84,83,53,6,4,2,5,42,59,55,22,74,71,69,45,5,3,2,7,48,71,67,27,93,95,96,61,7,4,3,9,66,82,84,35,120,114,109,71,8,5,2.62,8.62,63.38,80.88,83.0,33.62,116.38,110.88,108.62,69.88,8.0,4.62
Asphalt_0cm_S7,2026-04-02T20:27:51.126484,3,10,76,92,102,39,141,130,119,77,9,5,3,11,78,90,100,40,148,140,134,88,11,5,3,9,63,80,83,35,116,111,115,72,8,5,3,11,86,112,110,45,152,142,144,92,10,6,2,7,48,61,63,26,87,84,83,53,6,4,2,5,42,59,55,22,74,71,69,45,5,3,2,7,48,71,67,27,93,95,96,61,7,4,3,9,66,82,84,35,120,114,109,71,8,5,2.62,8.62,63.38,80.88,83.0,33.62,116.38,110.88,108.62,69.88,8.0,4.62
Asphalt_0cm_S7,2026-04-02T20:27:51.223984,3,10,76,92,102,39,141,130,119,77,9,5,3,11,78,90,100,40,148,140,134,88,11,5,3,9,63,80,83,35,116,111,115,72,8,5,3,11,86,112,110,45,152,142,144,92,10,6,2,7,48,61,63,26,87,84,83,53,6,4,2,5,42,59,55,22,74,71,69,45,5,3,2,7,48,71,67,27,93,95,96,61,7,4,3,9,66,82,84,35,120,114,109,71,8,5,2.62,8.62,63.38,80.88,83.0,33.62,116.38,110.88,108.62,69.88,8.0,4.62
Asphalt_0cm_S7,2026-04-02T20:27:51.319204,2,10,76,92,103,40,142,130,119,77,9,5,3,11,78,90,100,40,148,140,134,88,11,5,3,9,63,80,83,35,115,111,115,72,8,5,3,12,86,111,110,45,152,142,144,92,10,6,2,7,48,61,63,26,87,84,83,53,6,4,2,5,42,59,55,22,74,71,69,45,5,3,2,7,48,71,67,27,93,95,96,61,7,4,3,9,66,82,84,35,120,114,109,71,8,5,2.5,8.75,63.38,80.75,83.12,33.75,116.38,110.88,108.62,69.88,8.0,4.62
Asphalt_0cm_S7,2026-04-02T20:27:51.410011,2,10,76,92,103,40,142,130,119,77,9,5,3,11,78,90,100,40,148,140,134,88,11,5,3,9,63,80,83,35,115,112,115,72,8,5,3,12,86,111,110,45,152,142,144,92,10,6,2,7,48,60,63,26,87,85,83,53,6,4,2,6,42,59,55,22,75,71,69,45,5,3,2,7,48,71,67,27,93,95,96,61,7,4,3,9,66,82,85,35,120,114,109,71,8,5,2.5,8.88,63.38,80.62,83.25,33.75,116.5,111.12,108.62,69.88,8.0,4.62
Asphalt_0cm_S7,2026-04-02T20:27:51.507304,3,10,76,92,103,40,142,130,119,78,9,5,3,11,78,90,100,40,148,141,134,88,11,5,3,9,63,80,83,35,115,112,115,72,8,5,3,11,86,111,110,45,152,142,144,92,10,6,2,7,48,61,63,26,87,84,83,53,6,4,2,6,42,59,55,22,75,71,69,45,5,3,2,7,48,71,67,27,93,95,96,61,7,4,3,9,66,82,85,35,120,114,109,71,8,5,2.62,8.75,63.38,80.75,83.25,33.75,116.5,111.12,108.62,70.0,8.0,4.62
Asphalt_0cm_S7,2026-04-02T20:27:51.596533,3,10,76,92,103,40,142,130,119,78,9,5,3,11,78,90,100,40,148,141,134,88,11,5,3,9,63,80,83,35,115,112,115,72,8,5,3,11,86,111,110,45,152,142,144,92,10,6,2,7,48,61,63,26,87,84,83,53,6,4,2,6,42,59,55,22,75,71,69,45,5,3,2,7,48,71,67,27,93,95,96,61,7,4,3,9,66,82,85,35,120,114,109,71,8,5,2.62,8.75,63.38,80.75,83.25,33.75,116.5,111.12,108.62,70.0,8.0,4.62
Asphalt_0cm_S7,2026-04-02T20:27:51.682011,3,10,76,92,103,40,142,130,119,78,9,5,3,11,78,90,101,41,148,141,134,88,11,6,3,9,63,80,83,35,115,111,115,72,8,5,3,12,86,112,110,45,152,142,144,92,10,6,2,7,48,61,63,26,87,84,83,53,6,4,2,6,42,59,55,22,74,70,69,45,5,3,2,7,48,71,67,27,93,95,96,61,7,4,3,9,66,82,85,35,120,114,109,71,8,5,2.62,8.88,63.38,80.88,83.38,33.88,116.38,110.88,108.62,70.0,8.0,4.75
Asphalt_0cm_S7,2026-04-02T20:27:51.777988,2,10,76,92,103,40,142,130,119,78,9,5,3,11,79,90,101,40,148,141,134,88,11,5,3,9,63,80,83,35,116,112,115,72,8,5,3,12,86,112,110,45,152,142,144,92,10,6,2,7,48,61,63,26,87,84,83,53,6,4,2,6,42,59,55,22,74,70,69,45,5,3,2,7,48,71,67,27,93,95,96,61,7,4,3,9,66,82,85,35,120,114,109,71,8,5,2.5,8.88,63.5,80.88,83.38,33.75,116.5,111.0,108.62,70.0,8.0,4.62
Asphalt_0cm_S7,2026-04-02T20:27:51.876066,2,10,76,92,103,40,142,130,119,78,9,5,3,11,79,90,101,40,148,141,134,88,11,5,3,9,63,80,83,35,116,112,115,72,8,5,3,11,87,111,110,45,153,142,144,92,10,7,2,7,48,61,63,26,87,84,83,53,6,4,2,6,42,59,55,22,74,71,69,45,5,3,2,7,48,71,67,27,93,95,96,61,7,4,3,9,66,82,85,35,120,114,109,71,8,5,2.5,8.75,63.62,80.75,83.38,33.75,116.62,111.12,108.62,70.0,8.0,4.75
Asphalt_0cm_S7,2026-04-02T20:27:51.983823,2,10,76,92,103,40,142,130,119,78,9,5,3,11,79,90,101,40,148,141,134,88,11,5,3,9,63,80,83,35,116,112,115,72,8,5,3,11,87,111,110,45,153,142,144,92,10,7,2,7,48,61,63,26,87,84,83,53,6,4,2,6,42,59,55,22,74,71,69,45,5,3,2,7,48,71,67,27,93,95,96,61,7,4,3,9,66,82,85,35,120,114,109,71,8,5,2.5,8.75,63.62,80.75,83.38,33.75,116.62,111.12,108.62,70.0,8.0,4.75
Asphalt_0cm_S7,2026-04-02T20:27:52.068792,3,10,76,92,103,40,141,130,119,78,9,5,3,11,78,90,101,40,148,141,134,89,11,5,3,9,63,80,83,35,116,112,115,72,8,5,3,11,87,111,110,45,153,142,144,92,10,7,2,7,48,61,63,26,87,84,83,53,6,4,2,6,42,59,55,22,74,71,69,45,5,3,2,7,48,71,67,27,93,95,96,61,7,4,3,9,66,82,85,35,120,114,109,71,8,5,2.62,8.75,63.5,80.75,83.38,33.75,116.5,111.12,108.62,70.12,8.0,4.75
Asphalt_0cm_S7,2026-04-02T20:27:52.159741,2,10,76,92,103,40,142,130,119,78,9,5,3,11,78,90,101,40,148,141,134,89,11,5,3,9,63,80,83,35,116,111,115,72,8,5,3,10,87,112,110,45,153,142,144,92,10,7,2,7,48,61,63,26,87,85,83,53,6,4,2,5,42,59,55,22,74,71,69,45,5,3,2,7,49,71,67,27,93,95,96,61,7,4,3,9,66,82,85,35,120,114,109,71,8,5,2.5,8.5,63.62,80.88,83.38,33.75,116.62,111.12,108.62,70.12,8.0,4.75
Asphalt_0cm_S7,2026-04-02T20:27:52.251493,2,10,76,92,103,40,142,130,119,78,9,5,3,11,78,90,101,40,148,141,134,89,11,5,3,9,63,80,83,35,116,111,115,72,8,5,3,10,87,112,110,45,153,142,144,92,10,7,2,7,48,61,63,26,87,85,83,53,6,4,2,5,42,59,55,22,74,71,69,45,5,3,2,7,49,71,67,27,93,95,96,61,7,4,3,9,66,82,85,35,120,114,109,71,8,5,2.5,8.5,63.62,80.88,83.38,33.75,116.62,111.12,108.62,70.12,8.0,4.75
Asphalt_0cm_S7,2026-04-02T20:27:52.335867,2,10,76,92,103,40,142,130,119,78,9,5,3,11,78,91,101,40,148,141,134,89,11,5,3,9,63,80,83,35,116,111,115,72,8,5,3,10,87,112,110,45,153,142,144,92,10,7,2,7,48,61,63,26,87,85,83,53,6,4,2,5,42,59,55,22,74,71,69,45,5,3,2,7,49,71,67,27,93,95,96,61,7,4,3,9,66,82,85,35,120,114,109,71,8,5,2.5,8.5,63.62,81.0,83.38,33.75,116.62,111.12,108.62,70.12,8.0,4.75
Asphalt_0cm_S7,2026-04-02T20:27:52.441100,3,10,76,92,103,40,142,130,119,78,9,5,3,11,79,90,101,41,148,141,134,89,11,5,3,9,64,80,83,35,116,112,115,72,8,5,3,12,87,112,110,45,153,142,144,92,10,7,2,7,48,61,63,26,87,84,83,53,6,4,2,6,42,59,55,22,74,71,69,45,5,3,2,7,48,71,67,27,93,95,96,61,7,4,3,9,66,82,85,35,120,114,109,71,8,5,2.62,8.88,63.75,80.88,83.38,33.88,116.62,111.12,108.62,70.12,8.0,4.75
Asphalt_0cm_S7,2026-04-02T20:27:52.530593,3,10,76,92,103,40,142,130,119,78,9,5,3,11,79,90,101,41,148,141,134,89,11,5,3,9,64,80,83,35,116,112,115,72,8,5,3,12,87,112,110,45,153,143,144,92,10,7,2,7,48,61,63,26,87,84,83,53,6,4,2,6,42,59,55,22,74,71,69,45,5,3,2,7,48,71,67,27,93,95,96,61,7,4,3,9,66,82,85,35,120,114,109,71,8,5,2.62,8.88,63.75,80.88,83.38,33.88,116.62,111.25,108.62,70.12,8.0,4.75
Asphalt_0cm_S7,2026-04-02T20:27:52.632149,3,10,76,92,103,40,142,130,119,78,9,5,3,11,79,90,101,41,148,141,134,89,11,5,3,9,64,80,83,35,116,112,115,72,8,5,3,12,87,112,110,45,153,143,144,92,10,7,2,7,48,61,63,26,87,84,83,53,6,4,2,6,42,59,55,22,74,71,69,45,5,3,2,7,48,71,67,27,93,95,96,61,7,4,3,9,66,82,85,35,120,114,109,71,8,5,2.62,8.88,63.75,80.88,83.38,33.88,116.62,111.25,108.62,70.12,8.0,4.75
Asphalt_0cm_S7,2026-04-02T20:27:52.717314,3,10,76,92,103,40,142,130,119,78,9,5,3,11,79,90,101,40,148,141,134,89,11,6,3,9,63,80,83,35,115,112,116,72,8,5,3,11,87,112,110,45,153,143,144,92,10,7,2,7,48,60,63,26,87,84,83,53,6,4,2,6,42,59,55,22,75,71,69,45,5,3,2,7,49,71,67,27,93,96,96,61,7,4,3,9,66,83,85,35,120,114,109,71,8,5,2.62,8.75,63.75,80.88,83.38,33.75,116.62,111.38,108.75,70.12,8.0,4.88
Asphalt_0cm_S7,2026-04-02T20:27:52.808805,3,10,76,92,103,39,142,130,119,78,9,5,3,11,78,91,101,41,148,141,134,89,11,5,3,9,63,80,83,35,116,111,116,72,8,5,3,12,87,112,110,45,153,142,144,92,10,7,2,7,48,60,63,26,87,84,83,53,6,4,2,6,42,59,55,22,75,71,69,45,5,3,2,7,49,71,67,27,93,96,96,61,7,4,3,9,66,83,85,35,120,114,109,71,8,5,2.62,8.88,63.62,81.0,83.38,33.75,116.75,111.12,108.75,70.12,8.0,4.75
Asphalt_0cm_S7,2026-04-02T20:27:52.898906,3,10,76,92,103,39,142,130,119,78,9,5,3,11,78,91,101,41,148,141,134,89,11,5,3,9,63,80,83,35,116,111,116,72,8,5,3,12,87,112,110,45,153,142,144,92,10,7,2,7,48,60,63,26,87,84,83,53,6,4,2,6,42,59,55,22,75,71,69,45,5,3,2,7,49,71,67,27,93,96,96,61,7,4,3,9,66,83,85,35,120,114,109,71,8,5,2.62,8.88,63.62,81.0,83.38,33.75,116.75,111.12,108.75,70.12,8.0,4.75
Asphalt_0cm_S7,2026-04-02T20:27:53.010990,3,10,76,92,103,39,142,130,119,78,9,5,3,11,78,91,101,41,148,141,134,89,11,5,3,9,63,80,83,35,116,111,116,72,8,5,3,12,87,112,110,45,153,142,144,92,10,7,2,7,48,60,63,26,87,84,83,53,6,4,2,6,42,59,55,22,75,71,69,45,5,3,2,7,49,71,67,27,93,96,96,61,7,4,3,9,66,83,85,35,120,114,109,71,8,5,2.62,8.88,63.62,81.0,83.38,33.75,116.75,111.12,108.75,70.12,8.0,4.75
Asphalt_0cm_S7,2026-04-02T20:27:53.097647,3,10,76,92,103,39,142,130,119,78,9,5,3,11,78,91,101,41,148,141,134,89,11,5,3,9,63,80,83,35,116,111,116,72,8,5,3,12,87,112,110,45,153,142,144,92,10,7,2,7,48,60,63,26,87,84,83,53,6,4,2,6,42,59,55,22,75,71,69,45,5,3,2,7,49,71,67,27,93,96,96,61,7,4,3,9,66,83,85,35,120,114,109,71,8,5,2.62,8.88,63.62,81.0,83.38,33.75,116.75,111.12,108.75,70.12,8.0,4.75
Asphalt_0cm_S7,2026-04-02T20:27:53.184738,3,10,76,92,103,40,142,130,119,78,9,5,3,11,78,90,101,41,148,141,134,89,11,5,3,9,63,80,83,35,115,112,115,72,8,5,3,12,87,112,110,45,153,142,144,92,10,6,2,7,48,61,63,27,87,84,83,53,6,4,2,6,42,59,55,22,75,71,69,45,5,3,2,7,49,71,67,27,93,95,96,61,7,4,3,9,66,83,85,35,121,114,110,72,8,5,2.62,8.88,63.62,81.0,83.38,34.0,116.75,111.12,108.75,70.25,8.0,4.62
Asphalt_0cm_S7,2026-04-02T20:27:53.275738,3,10,76,92,103,40,142,130,119,78,9,5,3,11,78,90,101,41,148,141,134,89,11,5,3,9,63,80,83,35,115,112,115,72,8,5,3,12,87,112,110,45,153,142,144,92,10,6,2,7,48,61,63,27,87,84,83,53,6,4,2,6,42,59,55,22,75,71,69,45,5,3,2,7,49,71,67,27,93,95,96,61,7,4,3,9,66,83,85,35,121,114,110,72,8,5,2.62,8.88,63.62,81.0,83.38,34.0,116.75,111.12,108.75,70.25,8.0,4.62
Asphalt_0cm_S7,2026-04-02T20:27:53.375319,2,10,76,92,103,40,142,130,119,78,9,5,3,11,79,90,101,40,148,141,134,88,11,6,3,9,63,80,83,35,115,111,116,72,8,5,3,12,87,112,110,45,153,143,145,92,10,6,2,7,48,61,63,26,87,85,83,53,6,4,2,6,42,59,55,22,75,71,69,45,5,3,2,7,48,71,67,27,94,96,96,61,7,4,3,9,67,83,85,35,121,114,110,71,8,5,2.5,8.88,63.75,81.0,83.38,33.75,116.88,111.38,109.0,70.0,8.0,4.75
Asphalt_0cm_S7,2026-04-02T20:27:53.471861,2,10,76,92,103,40,142,130,119,78,9,5,3,11,79,90,101,41,148,141,134,89,11,5,3,9,63,80,83,35,116,112,115,72,8,5,3,12,87,112,110,45,153,143,145,92,10,6,2,7,48,61,63,26,87,84,83,53,6,4,2,6,42,59,55,22,75,71,69,45,5,3,2,7,48,71,67,27,93,96,96,62,7,4,3,9,67,83,85,35,121,115,109,72,8,5,2.5,8.88,63.75,81.0,83.38,33.88,116.88,111.5,108.75,70.38,8.0,4.62
Asphalt_0cm_S7,2026-04-02T20:27:53.588716,2,10,76,92,103,40,142,130,119,78,9,5,3,11,79,90,101,41,148,141,134,89,11,5,3,9,63,80,83,35,116,112,115,72,8,5,3,12,87,112,110,45,153,143,145,92,10,6,2,7,48,61,63,26,87,84,83,53,6,4,2,6,42,59,55,22,75,71,69,45,5,3,2,7,49,71,67,27,93,95,96,61,7,4,3,9,66,83,85,35,121,115,109,71,8,5,2.5,8.88,63.75,81.0,83.38,33.88,116.88,111.38,108.75,70.12,8.0,4.62
Asphalt_0cm_S7,2026-04-02T20:27:53.695188,2,10,76,92,103,40,142,130,119,78,9,5,3,11,79,90,101,41,148,141,134,89,11,5,3,9,63,80,83,35,116,112,115,72,8,5,3,12,87,112,110,45,153,143,145,92,10,6,2,7,48,61,63,26,87,84,83,53,6,4,2,6,42,59,55,22,75,71,69,45,5,3,2,7,49,71,67,27,93,95,96,61,7,4,3,9,66,83,85,35,121,115,109,71,8,5,2.5,8.88,63.75,81.0,83.38,33.88,116.88,111.38,108.75,70.12,8.0,4.62
Asphalt_0cm_S7,2026-04-02T20:27:53.777413,2,10,76,92,103,40,142,130,119,78,9,5,3,11,79,91,101,41,148,141,134,89,11,5,2,9,64,80,83,35,116,112,116,72,8,5,3,11,87,112,110,45,153,143,145,92,10,7,2,7,48,61,63,26,87,84,83,53,6,4,2,6,42,59,55,22,75,71,69,45,5,3,2,7,49,71,67,27,93,95,96,61,7,4,3,9,66,83,85,35,121,115,109,71,8,5,2.38,8.75,63.88,81.12,83.38,33.88,116.88,111.38,108.88,70.12,8.0,4.75
Asphalt_0cm_S7,2026-04-02T20:27:53.877754,2,10,76,92,103,40,142,130,119,78,9,5,3,11,79,91,101,41,148,141,134,89,11,5,2,9,64,80,83,35,116,112,116,72,8,5,3,11,87,112,110,45,153,143,145,92,10,7,2,7,48,61,63,26,87,84,83,53,6,4,2,6,42,59,55,22,75,71,69,45,5,3,2,7,49,71,67,27,93,95,96,61,7,4,3,9,66,83,85,35,121,115,109,71,8,5,2.38,8.75,63.88,81.12,83.38,33.88,116.88,111.38,108.88,70.12,8.0,4.75
Asphalt_0cm_S7,2026-04-02T20:27:53.962066,3,10,76,92,103,40,142,130,119,78,9,6,3,11,79,91,101,41,149,141,134,89,11,6,3,9,63,80,83,35,116,112,116,72,8,5,3,11,87,112,110,45,153,143,145,92,10,7,2,7,48,61,63,26,87,84,83,53,6,4,2,6,42,59,55,22,75,71,69,45,5,3,2,7,49,71,67,27,93,95,96,61,7,4,3,9,66,83,85,35,121,115,109,71,8,5,2.62,8.75,63.75,81.12,83.38,33.88,117.0,111.38,108.88,70.12,8.0,5.0
Asphalt_0cm_S7,2026-04-02T20:27:54.060249,3,10,76,92,103,40,142,130,119,78,9,6,3,11,79,91,101,41,149,141,134,89,11,6,3,9,63,80,83,35,116,112,116,72,8,5,3,11,87,112,110,45,153,143,145,92,10,7,2,7,48,61,63,26,87,84,83,53,6,4,2,6,42,59,55,22,75,71,69,45,5,3,2,7,49,71,67,27,93,95,96,61,7,4,3,9,66,83,85,35,121,115,109,71,8,5,2.62,8.75,63.75,81.12,83.38,33.88,117.0,111.38,108.88,70.12,8.0,5.0
Asphalt_0cm_S7,2026-04-02T20:27:54.147941,3,10,76,92,103,40,142,130,119,78,9,6,3,11,79,91,101,41,148,141,134,89,11,5,3,9,63,80,83,35,116,112,116,72,8,5,3,12,87,112,110,45,153,143,145,92,10,7,2,7,48,61,63,26,87,84,83,53,6,4,2,6,42,59,55,22,75,71,69,45,5,3,2,7,49,71,67,27,93,95,96,61,7,4,3,9,66,83,85,35,121,115,109,71,8,5,2.62,8.88,63.75,81.12,83.38,33.88,116.88,111.38,108.88,70.12,8.0,4.88
Asphalt_0cm_S7,2026-04-02T20:27:54.237880,3,10,76,92,103,40,142,130,119,78,9,6,3,11,79,91,101,41,148,141,134,89,11,5,3,9,63,80,83,35,116,112,116,72,8,5,3,12,87,112,110,45,153,143,145,92,10,7,2,7,48,61,63,26,87,84,83,53,6,4,2,6,42,59,55,22,75,71,69,45,5,3,2,7,49,71,67,27,93,95,96,61,7,4,3,9,66,83,85,35,121,115,109,71,8,5,2.62,8.88,63.75,81.12,83.38,33.88,116.88,111.38,108.88,70.12,8.0,4.88
Asphalt_0cm_S7,2026-04-02T20:27:54.321818,3,10,76,92,103,40,142,130,119,78,9,6,3,11,79,91,101,41,148,141,134,89,11,5,3,9,63,80,83,35,116,112,116,72,8,5,3,12,87,112,110,45,153,143,145,92,10,7,2,7,48,61,63,26,87,84,83,53,6,4,2,6,42,59,55,22,75,71,69,45,5,3,2,7,49,71,67,27,93,95,96,61,7,4,3,9,66,83,85,35,121,115,109,71,8,5,2.62,8.88,63.75,81.12,83.38,33.88,116.88,111.38,108.88,70.12,8.0,4.88
Asphalt_0cm_S7,2026-04-02T20:27:54.411815,2,10,76,92,103,40,142,130,120,78,9,5,3,11,79,91,101,41,148,141,134,89,11,5,3,9,64,80,83,35,116,112,116,72,8,5,3,12,87,112,111,45,153,143,145,92,10,6,2,7,48,61,63,26,87,84,83,53,6,4,2,6,43,59,55,22,75,71,69,45,5,3,2,7,48,71,67,27,93,96,96,62,7,4,3,9,67,83,85,35,121,115,110,72,8,5,2.5,8.88,64.0,81.12,83.5,33.88,116.88,111.5,109.12,70.38,8.0,4.62
Asphalt_0cm_S7,2026-04-02T20:27:54.499295,3,10,77,92,103,40,142,130,119,78,9,5,3,11,79,91,101,41,148,141,134,89,11,5,3,9,63,80,83,35,116,112,116,72,8,5,3,12,87,112,110,45,153,143,145,92,10,6,2,7,48,61,63,26,87,84,83,53,6,4,2,6,42,59,55,22,75,71,69,45,5,3,2,7,48,71,67,27,93,96,96,62,7,4,3,9,67,83,85,35,121,115,110,72,8,5,2.62,8.88,63.88,81.12,83.38,33.88,116.88,111.5,109.0,70.38,8.0,4.62
Asphalt_0cm_S7,2026-04-02T20:27:54.613599,3,10,77,92,103,40,142,130,119,78,9,5,3,11,79,91,101,41,148,141,134,89,11,5,3,9,63,80,83,35,116,112,116,72,8,5,3,12,87,112,110,45,153,143,145,92,10,6,2,7,48,61,63,26,87,84,83,53,6,4,2,6,42,59,55,22,75,71,69,45,5,3,2,7,48,71,67,27,93,96,96,61,7,4,3,9,67,83,85,35,121,115,110,72,8,5,2.62,8.88,63.88,81.12,83.38,33.88,116.88,111.5,109.0,70.25,8.0,4.62
Asphalt_0cm_S7,2026-04-02T20:27:54.709411,3,10,77,92,103,40,142,130,120,78,9,5,3,11,79,91,101,41,149,141,134,89,11,6,3,9,63,80,83,35,116,112,116,72,8,5,3,12,87,112,111,45,153,143,145,92,10,7,2,7,48,61,63,26,87,84,83,53,6,4,2,6,42,59,56,22,75,71,69,45,5,2,2,7,48,71,67,27,94,96,96,62,7,4,3,9,67,83,86,35,121,115,110,72,8,5,2.62,8.88,63.88,81.12,83.75,33.88,117.12,111.5,109.12,70.38,8.0,4.75
Asphalt_0cm_S7,2026-04-02T20:27:54.830960,3,10,77,92,103,40,142,130,119,78,9,5,3,11,79,91,101,41,149,141,134,89,11,6,3,9,64,80,83,35,116,112,116,72,8,5,3,12,87,113,111,45,154,143,145,92,10,7,2,7,48,61,63,26,87,84,83,53,6,4,2,6,42,59,56,22,75,71,69,45,5,2,2,7,48,71,67,27,94,96,96,62,7,4,3,9,67,83,86,35,121,115,110,72,8,5,2.62,8.88,64.0,81.25,83.75,33.88,117.25,111.5,109.0,70.38,8.0,4.75
Asphalt_0cm_S7,2026-04-02T20:27:54.958263,2,10,76,92,103,40,142,130,119,78,9,5,3,11,79,91,101,41,149,141,134,89,11,6,3,9,64,80,83,35,116,112,116,72,8,5,3,12,87,113,111,45,154,143,145,92,10,7,2,7,48,60,63,26,87,84,83,53,6,4,2,6,42,59,55,22,74,71,69,45,5,3,2,7,48,71,67,27,94,96,96,62,7,4,3,9,67,83,86,35,121,115,110,72,8,5,2.5,8.88,63.88,81.12,83.62,33.88,117.12,111.5,109.0,70.38,8.0,4.88
Asphalt_0cm_S7,2026-04-02T20:27:55.080668,2,10,76,92,103,40,142,130,119,78,9,5,3,11,79,91,101,41,149,141,134,89,11,6,3,9,63,80,83,35,116,112,116,72,8,5,3,12,87,112,111,45,153,143,145,92,10,6,2,7,48,61,63,26,87,84,83,53,6,4,2,6,42,59,55,22,75,71,69,45,5,3,2,7,49,71,67,27,93,96,96,62,7,4,3,9,67,83,86,35,121,115,110,72,8,5,2.5,8.88,63.88,81.12,83.62,33.88,117.0,111.5,109.0,70.38,8.0,4.75
Asphalt_0cm_S7,2026-04-02T20:27:55.194556,3,10,77,92,103,40,142,131,119,78,9,5,3,11,79,91,101,41,149,141,134,89,11,6,3,9,63,80,83,35,116,112,116,72,8,5,3,12,87,112,111,45,153,143,145,92,10,6,2,7,48,61,63,26,87,84,83,53,6,4,2,6,42,59,55,22,75,71,69,45,5,3,2,7,49,71,67,27,93,96,96,62,7,4,3,9,67,83,86,35,121,115,110,72,8,5,2.62,8.88,64.0,81.12,83.62,33.88,117.0,111.62,109.0,70.38,8.0,4.75
Asphalt_0cm_S7,2026-04-02T20:27:55.280693,3,10,77,92,103,40,142,131,119,78,9,5,3,11,79,91,101,41,149,141,134,89,11,6,3,9,63,80,83,35,116,112,116,72,8,5,3,12,87,112,111,45,153,143,145,92,10,6,2,7,48,61,63,26,87,84,83,53,6,4,2,6,42,59,55,22,75,71,69,45,5,3,2,7,49,71,67,27,93,96,96,62,7,4,3,9,67,83,86,35,121,115,110,72,8,5,2.62,8.88,64.0,81.12,83.62,33.88,117.0,111.62,109.0,70.38,8.0,4.75
Asphalt_0cm_S7,2026-04-02T20:27:55.380676,3,10,77,92,103,40,142,131,119,78,9,5,3,11,79,91,101,41,149,141,134,89,11,6,3,9,63,80,83,35,116,112,116,72,8,5,3,12,87,112,111,45,153,143,145,92,10,6,2,7,48,61,63,26,87,85,83,53,6,4,2,6,42,59,55,22,74,71,69,45,5,3,2,7,49,71,67,27,93,96,96,62,7,4,3,9,67,83,86,35,121,115,110,72,8,5,2.62,8.88,64.0,81.12,83.62,33.88,116.88,111.75,109.0,70.38,8.0,4.75
Asphalt_0cm_S7,2026-04-02T20:27:55.472375,3,10,77,92,103,40,143,130,120,78,9,5,3,11,79,91,101,41,149,141,134,89,11,5,3,9,63,80,83,35,116,112,116,72,8,5,3,12,87,112,111,45,153,143,145,92,10,6,2,7,48,61,63,26,87,85,83,53,6,4,2,6,42,59,55,22,74,71,69,45,5,3,2,7,49,71,67,27,94,96,96,62,7,4,3,9,67,84,86,35,122,115,110,72,8,5,2.62,8.88,64.0,81.25,83.62,33.88,117.25,111.62,109.12,70.38,8.0,4.62
Asphalt_0cm_S7,2026-04-02T20:27:55.582005,3,10,77,92,103,40,143,130,120,78,9,5,3,11,79,91,101,41,149,141,134,89,11,5,3,9,63,80,83,35,116,112,116,72,8,5,3,12,87,112,111,46,154,143,145,93,10,6,2,7,48,60,63,26,87,85,83,53,6,4,2,6,42,59,55,22,75,71,69,45,5,3,2,7,49,71,67,27,94,96,96,62,7,4,3,9,67,83,86,35,121,115,110,72,8,5,2.62,8.88,64.0,81.0,83.62,34.0,117.38,111.62,109.12,70.5,8.0,4.62
Asphalt_0cm_S7,2026-04-02T20:27:55.684825,3,10,77,92,103,40,143,130,120,78,9,5,3,11,79,91,101,41,149,141,134,89,11,5,3,9,63,80,83,35,116,112,116,72,8,5,3,12,87,112,111,46,154,143,145,93,10,6,2,7,48,60,63,26,87,85,83,53,6,4,2,6,42,59,55,22,75,71,69,45,5,3,2,7,49,71,67,27,94,96,96,62,7,4,3,9,67,83,86,35,121,115,110,72,8,5,2.62,8.88,64.0,81.0,83.62,34.0,117.38,111.62,109.12,70.5,8.0,4.62
Asphalt_0cm_S7,2026-04-02T20:27:55.775031,3,10,77,92,103,40,142,131,120,78,9,5,3,11,79,91,101,41,149,141,134,89,11,5,3,9,63,80,83,35,116,112,116,72,8,5,3,12,87,112,111,46,154,143,145,93,10,6,2,7,48,60,63,26,87,85,83,53,6,4,2,6,42,59,55,22,75,71,69,45,5,3,2,7,49,71,67,27,94,96,96,62,7,4,3,9,67,83,86,35,121,115,110,72,8,5,2.62,8.88,64.0,81.0,83.62,34.0,117.25,111.75,109.12,70.5,8.0,4.62
Asphalt_0cm_S7,2026-04-02T20:27:55.894560,3,10,77,92,103,40,142,131,120,78,9,5,3,11,79,91,101,41,149,141,134,89,11,5,3,9,63,80,83,35,116,112,116,72,8,5,3,12,87,112,111,46,154,143,145,93,10,6,2,7,48,60,63,26,87,85,83,53,6,4,2,6,42,59,55,22,75,71,69,45,5,3,2,7,49,71,67,27,94,96,96,62,7,4,3,9,67,83,86,35,121,115,110,72,8,5,2.62,8.88,64.0,81.0,83.62,34.0,117.25,111.75,109.12,70.5,8.0,4.62
Asphalt_0cm_S7,2026-04-02T20:27:56.006454,2,10,77,92,103,40,142,130,120,78,9,5,3,11,79,91,101,41,149,141,134,89,11,6,3,9,64,80,83,35,116,112,116,72,9,5,3,12,88,113,111,46,154,143,145,93,10,6,2,7,48,60,63,27,87,85,83,53,6,3,2,6,42,59,55,22,75,71,69,45,5,3,2,7,49,71,67,27,94,96,96,62,7,4,3,9,67,84,86,35,122,116,110,72,8,5,2.5,8.88,64.25,81.25,83.62,34.12,117.38,111.75,109.12,70.5,8.12,4.62
Asphalt_0cm_S7,2026-04-02T20:27:56.111623,3,10,77,92,103,40,142,130,120,78,9,5,3,11,79,91,101,41,149,141,134,89,11,6,3,9,64,80,83,35,116,112,116,72,9,5,3,12,88,113,111,46,154,143,145,93,10,6,2,7,48,60,63,27,87,85,83,53,6,3,2,6,42,59,55,22,75,71,69,45,5,3,2,7,49,71,67,27,94,96,96,62,7,4,3,9,67,84,86,35,122,115,110,72,8,5,2.62,8.88,64.25,81.25,83.62,34.12,117.38,111.62,109.12,70.5,8.12,4.62
Asphalt_0cm_S7,2026-04-02T20:27:56.202206,3,10,77,92,103,40,142,130,120,78,9,5,3,11,78,91,101,41,149,141,134,89,11,5,3,9,64,80,83,35,116,112,116,72,8,5,3,12,88,113,111,46,154,143,145,93,10,7,2,7,48,60,63,27,87,85,83,53,6,3,2,6,42,59,55,22,75,71,69,45,5,3,2,7,49,71,67,27,94,96,96,62,7,4,3,9,67,84,86,35,122,115,110,72,8,5,2.62,8.88,64.12,81.25,83.62,34.12,117.38,111.62,109.12,70.5,8.0,4.62
Asphalt_0cm_S7,2026-04-02T20:27:56.290981,3,10,77,92,103,40,142,130,120,78,9,5,3,11,78,91,101,41,149,141,134,89,11,5,3,9,64,80,83,35,116,112,116,72,8,5,3,12,88,113,111,46,154,143,145,93,10,7,2,7,48,60,63,27,87,85,83,53,6,3,2,6,42,59,55,22,75,71,69,45,5,3,2,7,49,71,67,27,94,96,96,62,7,4,3,9,67,84,86,35,122,115,110,72,8,5,2.62,8.88,64.12,81.25,83.62,34.12,117.38,111.62,109.12,70.5,8.0,4.62
Asphalt_0cm_S7,2026-04-02T20:27:56.377526,3,10,77,92,103,40,142,130,120,78,9,5,3,11,78,91,101,41,149,141,134,89,11,5,3,9,64,80,83,35,116,112,116,72,8,5,3,12,88,113,111,46,154,143,145,93,10,7,2,7,48,60,63,27,87,85,83,53,6,3,2,6,42,59,55,22,75,71,69,45,5,2,2,7,49,71,67,27,94,96,96,62,7,4,3,9,67,84,86,35,122,116,110,72,8,5,2.62,8.88,64.12,81.25,83.62,34.12,117.38,111.75,109.12,70.5,8.0,4.5
Asphalt_0cm_S7,2026-04-02T20:27:56.460467,3,10,77,92,103,40,142,130,120,78,9,5,3,11,78,91,101,41,149,141,134,89,11,5,3,9,64,80,83,35,116,112,116,72,8,5,3,12,88,113,111,46,154,143,145,93,10,7,2,7,48,60,63,27,87,85,83,53,6,3,2,6,42,59,55,22,75,71,69,45,5,2,2,7,49,71,67,27,94,96,96,62,7,4,3,9,67,84,86,35,122,116,110,72,8,5,2.62,8.88,64.12,81.25,83.62,34.12,117.38,111.75,109.12,70.5,8.0,4.5
Asphalt_0cm_S7,2026-04-02T20:27:56.572628,3,10,77,92,103,40,142,130,120,78,9,5,3,11,78,91,101,41,149,141,134,89,11,5,3,9,64,80,83,35,116,112,116,72,8,5,3,12,88,113,111,46,154,143,145,93,10,7,2,7,48,60,63,27,87,85,83,53,6,3,2,6,42,59,55,22,75,71,69,45,5,2,2,7,49,71,67,27,94,96,96,62,7,4,3,9,67,84,86,35,122,116,110,72,8,5,2.62,8.88,64.12,81.25,83.62,34.12,117.38,111.75,109.12,70.5,8.0,4.5
Asphalt_0cm_S7,2026-04-02T20:27:56.659104,3,10,77,92,104,40,143,131,120,78,9,5,3,11,79,91,101,41,149,141,134,89,11,6,3,9,64,80,83,35,116,112,116,72,8,5,3,12,88,113,111,46,154,143,145,93,10,7,2,7,48,60,63,27,87,85,83,53,6,3,2,6,42,59,55,22,75,71,69,45,5,2,2,7,49,71,67,27,94,96,96,62,7,4,3,9,67,84,86,35,122,115,110,72,8,5,2.62,8.88,64.25,81.25,83.75,34.12,117.5,111.75,109.12,70.5,8.0,4.62
Asphalt_0cm_S7,2026-04-02T20:27:56.753248,3,10,77,92,104,40,143,131,120,78,9,5,3,11,79,91,101,41,149,141,134,89,11,6,3,9,64,80,83,35,116,112,116,72,8,5,3,12,88,113,111,46,154,143,145,93,10,7,2,7,48,60,63,27,87,85,83,53,6,3,2,6,42,59,55,22,75,71,69,45,5,2,2,7,49,71,67,27,94,96,96,62,7,4,3,9,67,84,86,35,122,115,110,72,8,5,2.62,8.88,64.25,81.25,83.75,34.12,117.5,111.75,109.12,70.5,8.0,4.62
Asphalt_0cm_S7,2026-04-02T20:27:56.836975,3,10,77,92,104,40,143,131,120,78,9,5,3,11,79,91,101,41,149,141,135,89,11,6,3,9,63,80,83,35,116,112,116,72,8,5,3,12,88,113,111,46,155,144,145,93,10,6,2,7,48,60,63,27,87,85,83,53,6,3,2,6,42,59,55,22,75,71,69,45,5,2,2,7,49,71,67,27,94,96,96,62,7,4,3,9,67,84,86,35,122,115,110,72,8,5,2.62,8.88,64.12,81.25,83.75,34.12,117.62,111.88,109.25,70.5,8.0,4.5
Asphalt_0cm_S7,2026-04-02T20:27:56.936910,3,10,77,92,104,40,143,131,120,78,9,5,3,11,79,91,101,41,149,141,135,89,11,6,3,9,63,80,83,35,116,112,116,72,8,5,3,12,88,113,111,46,155,144,145,93,10,6,2,7,48,60,63,27,87,85,83,53,6,3,2,6,42,59,55,22,75,71,69,45,5,2,2,7,49,71,67,27,94,96,96,62,7,4,3,9,67,84,86,35,122,115,110,72,8,5,2.62,8.88,64.12,81.25,83.75,34.12,117.62,111.88,109.25,70.5,8.0,4.5
Asphalt_0cm_S7,2026-04-02T20:27:57.031265,3,10,77,92,104,40,143,131,120,78,9,5,3,11,79,91,101,41,149,141,135,89,11,6,3,9,64,80,83,35,116,112,116,72,8,5,3,12,88,113,111,46,155,144,145,93,10,6,2,7,48,60,63,27,87,85,83,53,6,3,2,6,42,59,55,22,75,71,69,45,5,2,2,7,49,71,67,27,94,96,96,62,7,4,3,9,67,84,86,35,122,115,110,72,8,5,2.62,8.88,64.25,81.25,83.75,34.12,117.62,111.88,109.25,70.5,8.0,4.5
Asphalt_0cm_S7,2026-04-02T20:27:57.126785,3,10,77,92,104,40,143,131,120,78,9,5,3,11,79,91,101,41,149,141,135,89,11,6,3,9,64,80,83,35,116,112,116,72,8,5,3,12,88,113,111,46,155,144,145,93,10,6,2,7,48,60,63,27,87,85,83,53,6,3,2,6,42,59,55,22,75,71,69,45,5,2,2,7,49,71,67,27,94,96,96,62,7,4,3,9,67,84,86,35,122,115,110,72,8,5,2.62,8.88,64.25,81.25,83.75,34.12,117.62,111.88,109.25,70.5,8.0,4.5
Asphalt_0cm_S7,2026-04-02T20:27:57.211873,3,10,77,92,104,40,143,131,120,78,9,5,3,11,79,91,101,41,149,141,135,89,11,6,3,9,64,80,83,35,116,112,116,72,8,5,3,12,88,113,111,46,155,144,145,93,10,6,2,7,48,60,63,26,87,84,83,53,6,4,2,6,42,59,55,22,75,71,69,45,5,3,2,7,49,71,67,27,94,96,96,62,7,4,3,9,67,84,86,35,122,115,110,72,8,5,2.62,8.88,64.25,81.25,83.75,34.0,117.62,111.75,109.25,70.5,8.0,4.75
Asphalt_0cm_S7,2026-04-02T20:27:57.319729,3,10,77,92,104,40,143,131,120,78,9,5,3,11,79,91,101,41,149,141,135,89,11,6,3,9,64,80,83,35,116,112,116,72,8,5,3,12,88,113,111,46,155,144,145,93,10,6,2,7,48,60,63,26,87,84,83,53,6,4,2,6,42,59,55,22,75,71,69,45,5,3,2,7,49,71,67,27,94,96,96,62,7,4,3,9,67,84,86,35,122,115,110,72,8,5,2.62,8.88,64.25,81.25,83.75,34.0,117.62,111.75,109.25,70.5,8.0,4.75
Asphalt_0cm_S7,2026-04-02T20:27:57.433890,3,10,77,92,104,40,143,131,120,78,9,5,3,11,79,91,101,41,149,141,135,89,11,6,3,9,64,80,83,35,116,112,116,72,8,5,3,12,88,113,111,46,155,144,145,93,10,6,2,7,48,60,63,26,87,84,83,53,6,4,2,6,42,59,55,22,75,71,69,45,5,3,2,7,49,71,67,27,94,96,96,62,7,4,3,9,67,84,86,35,122,115,110,72,8,5,2.62,8.88,64.25,81.25,83.75,34.0,117.62,111.75,109.25,70.5,8.0,4.75
Asphalt_0cm_S7,2026-04-02T20:27:57.531077,2,10,77,93,103,40,143,131,120,78,9,5,3,11,79,91,101,41,149,141,135,89,11,5,3,9,64,80,83,35,116,112,116,72,8,5,3,12,88,113,112,46,155,144,146,93,10,7,2,7,48,61,63,27,87,85,83,53,6,4,2,6,42,59,55,22,75,71,69,45,5,3,2,7,49,71,68,27,94,96,96,62,7,4,3,9,67,84,86,36,122,116,110,72,8,5,2.5,8.88,64.25,81.5,83.88,34.25,117.62,112.0,109.38,70.5,8.0,4.75
Asphalt_0cm_S7,2026-04-02T20:27:57.649854,2,10,77,93,104,40,143,131,120,78,9,6,3,11,79,91,101,41,149,141,134,89,11,6,3,9,64,80,83,35,116,112,116,72,8,5,3,12,88,114,112,46,155,144,146,93,10,7,2,7,48,61,63,27,87,85,83,53,6,4,2,6,42,59,55,22,75,71,69,45,5,3,2,7,49,71,68,27,94,96,96,62,7,4,3,9,67,84,86,36,122,116,110,72,8,5,2.5,8.88,64.25,81.62,84.0,34.25,117.62,112.0,109.25,70.5,8.0,5.0
Asphalt_0cm_S7,2026-04-02T20:27:57.744448,2,10,77,93,104,40,143,131,120,78,9,6,3,11,79,91,101,41,149,141,134,89,11,6,3,9,64,80,83,35,116,112,116,72,8,5,3,12,88,114,112,46,155,144,146,93,10,7,2,7,48,61,63,27,87,85,83,53,6,4,2,6,42,59,55,22,75,71,69,45,5,3,2,7,49,71,68,27,94,96,96,62,7,4,3,9,67,84,86,36,122,116,110,72,8,5,2.5,8.88,64.25,81.62,84.0,34.25,117.62,112.0,109.25,70.5,8.0,5.0
Asphalt_0cm_S7,2026-04-02T20:27:57.824572,2,10,77,93,104,40,143,131,120,78,9,6,3,11,79,91,102,41,149,141,135,89,11,5,3,9,64,81,83,35,116,112,116,72,8,5,3,12,88,113,112,46,155,144,146,94,11,7,2,7,48,61,63,27,87,85,83,53,6,4,2,6,42,59,55,22,75,71,69,45,5,3,2,7,49,71,68,27,94,96,96,62,7,4,3,9,67,84,86,36,122,116,110,72,8,5,2.5,8.88,64.25,81.62,84.12,34.25,117.62,112.0,109.38,70.62,8.12,4.88
Asphalt_0cm_S7,2026-04-02T20:27:57.912143,2,10,77,93,104,40,143,131,120,78,9,6,3,11,79,91,102,41,149,141,135,89,11,5,3,9,64,81,83,35,116,112,116,72,8,5,3,12,88,113,112,46,155,144,146,94,11,7,2,7,48,61,63,27,87,85,83,53,6,4,2,6,42,59,55,22,75,71,69,45,5,3,2,7,49,71,68,27,94,96,96,62,7,4,3,9,67,84,86,36,122,116,110,72,8,5,2.5,8.88,64.25,81.62,84.12,34.25,117.62,112.0,109.38,70.62,8.12,4.88
Asphalt_0cm_S7,2026-04-02T20:27:57.994632,2,10,77,93,104,40,143,131,120,78,9,6,3,11,79,91,102,41,149,141,135,89,11,5,3,9,64,81,83,35,116,112,116,72,8,5,3,12,88,113,112,46,155,144,146,93,11,7,2,7,48,61,63,27,87,85,83,53,6,4,2,6,42,59,55,22,75,71,69,45,5,3,2,7,49,71,68,27,94,96,96,62,7,4,3,9,67,84,86,36,122,116,110,72,8,5,2.5,8.88,64.25,81.62,84.12,34.25,117.62,112.0,109.38,70.5,8.12,4.88
Asphalt_0cm_S7,2026-04-02T20:27:58.089858,3,10,77,93,104,40,144,131,120,79,9,5,3,11,79,91,101,41,149,141,135,89,11,5,3,9,64,80,83,35,116,112,116,73,8,5,3,12,88,114,112,46,155,145,146,94,10,7,2,7,48,60,63,26,87,85,83,53,6,4,2,6,42,59,56,22,75,71,69,45,5,3,2,7,49,72,68,27,94,96,97,62,7,4,3,9,67,84,87,36,122,116,111,72,8,5,2.62,8.88,64.25,81.62,84.25,34.12,117.75,112.12,109.62,70.88,8.0,4.75
Asphalt_0cm_S7,2026-04-02T20:27:58.190445,3,10,77,93,104,40,144,131,120,78,9,5,3,11,79,91,101,41,149,142,135,89,11,6,3,9,64,81,83,35,116,112,116,72,8,5,3,12,88,114,112,46,155,145,146,94,10,7,2,7,48,60,63,26,87,85,83,53,6,4,2,6,42,59,56,22,75,71,69,45,5,3,2,7,49,72,68,27,94,96,97,62,7,4,3,9,67,84,87,36,122,116,111,72,8,5,2.62,8.88,64.25,81.75,84.25,34.12,117.75,112.25,109.62,70.62,8.0,4.88
Asphalt_0cm_S7,2026-04-02T20:27:58.276854,3,10,77,93,104,40,143,131,120,78,9,5,3,11,79,91,101,41,149,142,135,89,11,6,3,9,64,81,83,35,116,112,116,72,8,5,3,12,88,114,112,46,155,145,147,94,11,7,2,7,48,60,63,26,87,85,83,53,6,4,2,6,42,59,55,22,75,71,69,45,5,3,2,7,49,72,68,27,94,96,97,62,7,4,3,9,67,84,87,36,122,116,111,73,8,5,2.62,8.88,64.25,81.75,84.12,34.12,117.62,112.25,109.75,70.75,8.12,4.88
Asphalt_0cm_S7,2026-04-02T20:27:58.377292,3,10,77,93,104,40,143,131,120,78,9,5,3,11,79,91,102,41,149,142,135,89,11,6,3,9,64,80,83,35,116,112,116,72,8,5,3,12,89,114,112,46,156,145,147,94,10,7,2,7,48,61,63,27,87,85,83,53,6,4,2,6,42,59,55,22,75,71,69,45,5,3,2,7,49,72,68,27,94,96,97,62,7,4,3,9,67,84,87,36,122,116,111,73,8,5,2.62,8.88,64.38,81.75,84.25,34.25,117.75,112.25,109.75,70.75,8.0,4.88
Asphalt_0cm_S7,2026-04-02T20:27:58.469555,2,11,77,93,104,40,144,132,120,79,9,5,3,11,79,91,102,41,149,142,135,89,11,6,3,9,64,80,83,35,116,112,116,73,9,5,3,12,89,114,112,46,156,145,147,94,10,7,2,7,48,61,63,27,87,85,83,53,6,4,2,5,42,59,55,22,75,71,69,45,5,3,2,7,49,72,68,27,94,97,97,62,7,4,3,9,67,84,86,36,123,116,111,72,8,5,2.5,8.88,64.38,81.75,84.12,34.25,118.0,112.5,109.75,70.88,8.12,4.88
Asphalt_0cm_S7,2026-04-02T20:27:58.564649,2,11,77,93,104,40,144,132,120,79,9,5,3,11,79,91,102,41,149,142,135,89,11,6,3,9,64,80,83,35,116,112,116,73,9,5,3,12,89,114,112,46,155,145,147,94,10,6,2,7,48,60,63,27,87,85,83,53,6,4,2,5,42,59,55,22,75,71,69,45,5,3,2,7,49,72,68,27,94,97,97,62,7,4,3,9,67,84,86,36,123,116,111,72,8,5,2.5,8.88,64.38,81.62,84.12,34.25,117.88,112.5,109.75,70.88,8.12,4.75
Asphalt_0cm_S7,2026-04-02T20:27:58.666358,2,11,77,93,104,40,144,132,120,79,9,5,3,11,79,91,102,41,149,142,135,89,11,6,3,9,64,80,83,35,116,112,116,73,9,5,3,12,89,114,112,46,155,145,147,94,10,6,2,7,48,60,63,27,87,85,83,53,6,4,2,6,43,60,55,22,75,71,69,45,5,3,2,7,49,72,68,27,94,97,97,62,7,4,3,9,68,84,86,36,123,116,111,72,8,5,2.5,9.0,64.62,81.75,84.12,34.25,117.88,112.5,109.75,70.88,8.12,4.75
Asphalt_0cm_S7,2026-04-02T20:27:58.756296,2,11,77,93,104,40,144,132,120,79,9,5,3,11,79,91,102,41,149,142,135,89,11,6,3,9,64,81,83,36,116,112,117,73,9,5,3,12,88,114,112,46,156,145,146,94,11,7,2,7,48,61,63,26,87,85,83,53,6,4,2,6,42,59,55,22,75,71,69,45,4,3,2,7,49,72,68,27,94,97,97,62,7,4,3,9,68,84,87,36,123,117,110,72,8,5,2.5,9.0,64.38,81.88,84.25,34.25,118.0,112.62,109.62,70.88,8.12,4.88
Asphalt_0cm_S7,2026-04-02T20:27:58.852456,3,10,77,93,104,40,144,132,121,79,9,5,3,11,79,91,102,41,149,142,135,89,11,6,3,9,64,80,83,35,116,113,116,72,8,5,3,12,89,114,112,46,155,145,147,94,10,7,2,7,48,61,63,26,87,85,83,53,6,4,2,6,42,59,55,22,75,71,69,45,4,3,2,7,49,72,68,27,94,97,97,62,7,4,3,9,68,84,87,36,123,117,110,72,8,5,2.62,8.88,64.5,81.75,84.25,34.12,117.88,112.75,109.75,70.75,7.88,4.88
Asphalt_0cm_S7,2026-04-02T20:27:58.943855,3,10,77,93,104,40,144,132,121,79,9,5,3,11,79,91,102,41,149,142,135,89,11,6,3,9,64,80,83,35,116,113,116,72,8,5,3,12,89,114,112,46,155,145,147,94,10,7,2,7,48,61,63,26,87,85,83,53,6,4,2,6,42,59,55,22,75,71,69,45,4,3,2,7,49,72,68,27,94,97,97,62,7,4,3,9,68,84,87,36,123,117,110,72,8,5,2.62,8.88,64.5,81.75,84.25,34.12,117.88,112.75,109.75,70.75,7.88,4.88
Asphalt_0cm_S7,2026-04-02T20:27:59.029218,3,10,77,93,104,40,144,132,121,79,9,5,3,11,79,91,102,41,149,142,135,89,11,6,3,10,64,80,84,35,117,112,116,72,8,5,3,12,89,114,112,46,156,145,147,94,11,7,2,7,48,61,63,26,87,85,83,53,6,4,2,6,42,60,55,22,75,71,69,45,5,3,2,7,49,72,68,27,94,97,97,62,7,4,3,9,68,84,86,36,123,117,111,73,9,5,2.62,9.0,64.5,81.88,84.25,34.12,118.12,112.62,109.88,70.88,8.25,4.88
Asphalt_0cm_S7,2026-04-02T20:27:59.123817,3,10,77,93,104,40,144,131,121,79,9,5,3,11,79,91,102,41,149,142,135,89,11,6,3,10,64,80,84,35,117,112,116,72,8,5,3,12,89,114,112,46,156,145,147,94,11,7,2,7,48,61,63,26,87,85,83,53,6,4,2,6,42,60,55,22,75,71,69,45,5,3,2,7,49,72,68,27,94,97,97,62,7,4,3,9,68,84,87,36,122,117,111,72,8,5,2.62,9.0,64.5,81.88,84.38,34.12,118.0,112.5,109.88,70.75,8.12,4.88
Asphalt_0cm_S7,2026-04-02T20:27:59.211275,3,10,77,93,104,40,144,131,121,79,9,5,3,11,79,91,102,41,149,142,135,89,11,6,3,10,64,80,84,35,117,112,116,72,8,5,3,12,89,114,112,46,156,145,147,94,11,7,2,7,48,61,63,26,87,85,83,53,6,4,2,6,42,60,55,22,75,71,69,45,5,3,2,7,49,72,68,27,94,97,97,62,7,4,3,9,68,84,87,36,122,117,111,72,8,5,2.62,9.0,64.5,81.88,84.38,34.12,118.0,112.5,109.88,70.75,8.12,4.88
Asphalt_0cm_S7,2026-04-02T20:27:59.320701,3,10,77,93,104,40,144,131,120,78,9,5,3,11,79,91,101,41,150,142,135,89,11,6,2,9,64,80,84,35,116,113,116,73,8,5,3,12,88,114,112,46,156,145,147,94,11,7,2,7,48,61,63,26,87,84,83,53,6,4,2,6,42,59,56,22,75,71,69,45,5,3,2,7,49,72,68,27,94,97,97,62,7,4,3,9,68,84,87,36,123,117,111,72,8,5,2.5,8.88,64.38,81.75,84.38,34.12,118.12,112.5,109.75,70.75,8.12,4.88
Asphalt_0cm_S7,2026-04-02T20:27:59.414985,3,10,77,93,104,40,144,131,120,78,9,5,3,11,79,91,101,41,150,142,135,89,11,6,3,9,64,81,84,36,116,112,117,73,9,5,3,12,89,114,112,46,155,145,147,94,11,7,2,7,48,61,63,26,87,85,83,53,6,4,2,6,42,59,56,22,75,71,69,45,5,3,2,7,49,72,68,27,94,97,97,62,7,4,3,9,68,84,87,36,123,117,111,72,8,5,2.62,8.88,64.5,81.88,84.38,34.25,118.0,112.5,109.88,70.75,8.25,4.88
Asphalt_0cm_S7,2026-04-02T20:27:59.503526,3,10,77,93,104,40,144,131,120,78,9,5,3,11,80,91,101,41,149,142,135,89,11,5,3,9,64,80,83,35,116,112,116,72,8,5,3,12,89,114,112,46,156,145,147,94,10,7,2,7,48,61,63,26,87,85,83,53,6,4,2,6,43,59,56,22,75,71,69,45,5,3,2,7,49,72,68,27,94,97,97,62,7,4,3,9,68,84,87,36,123,117,111,72,8,5,2.62,8.88,64.75,81.75,84.25,34.12,118.0,112.5,109.75,70.62,8.0,4.75
Asphalt_0cm_S7,2026-04-02T20:27:59.598306,3,10,77,93,104,40,144,131,120,78,9,5,3,11,80,91,101,41,149,142,135,89,11,5,3,9,64,80,83,35,116,112,116,72,8,5,3,12,89,114,112,46,156,145,147,94,10,7,2,7,48,60,63,27,87,85,83,53,6,4,2,5,42,59,55,22,75,71,69,45,5,3,2,7,49,72,68,27,94,97,97,62,7,4,3,9,68,84,86,36,123,117,111,72,9,5,2.62,8.75,64.62,81.62,84.0,34.25,118.0,112.5,109.75,70.62,8.12,4.75
Asphalt_0cm_S7,2026-04-02T20:27:59.687159,3,10,77,93,104,40,144,131,121,78,9,5,3,11,79,91,102,41,149,142,135,89,11,5,3,9,64,80,83,35,116,112,116,72,8,5,3,12,89,114,112,46,156,145,147,94,10,7,2,7,48,60,63,27,87,85,83,53,6,4,2,5,42,59,55,22,75,71,69,45,5,3,2,7,49,72,68,27,94,97,97,62,7,4,3,9,68,84,86,36,123,117,111,72,9,5,2.62,8.75,64.5,81.62,84.12,34.25,118.0,112.5,109.88,70.62,8.12,4.75
Asphalt_0cm_S7,2026-04-02T20:27:59.802951,2,10,77,93,104,40,144,131,121,79,9,5,3,11,79,91,102,41,149,142,135,89,11,5,3,9,64,80,83,35,116,112,116,72,8,5,3,12,89,114,112,46,156,145,147,94,11,7,2,7,48,61,63,26,87,85,83,53,6,4,2,6,43,59,55,22,75,71,69,45,5,3,2,7,49,72,68,27,95,97,97,62,7,4,3,9,68,84,87,35,123,117,111,72,8,5,2.5,8.88,64.62,81.75,84.25,34.0,118.12,112.5,109.88,70.75,8.12,4.75
Asphalt_0cm_S7,2026-04-02T20:27:59.898242,2,10,77,93,104,40,144,131,121,79,9,5,3,11,79,91,102,41,150,142,135,89,11,5,3,9,64,80,83,35,116,112,116,73,8,5,3,12,89,114,112,46,156,145,147,94,11,7,2,7,48,60,63,26,87,85,83,53,6,4,2,6,42,59,55,22,74,71,69,45,5,2,2,7,49,72,68,27,95,97,97,62,7,4,3,9,68,84,87,35,123,117,111,72,8,5,2.5,8.88,64.5,81.62,84.25,34.0,118.12,112.5,109.88,70.88,8.12,4.62
Asphalt_0cm_S7,2026-04-02T20:28:00.003253,2,10,77,93,104,40,144,131,121,79,9,5,3,11,79,91,102,41,150,142,135,89,11,5,3,9,64,80,83,35,116,112,116,73,8,5,3,12,89,114,112,46,156,145,147,94,11,7,2,7,48,60,63,26,87,85,83,53,6,4,2,6,42,59,55,22,74,71,69,45,5,2,2,7,49,72,68,27,95,97,97,62,7,4,3,9,68,84,87,35,123,117,111,72,8,5,2.5,8.88,64.5,81.62,84.25,34.0,118.12,112.5,109.88,70.88,8.12,4.62
Asphalt_0cm_S7,2026-04-02T20:28:00.118491,3,10,77,93,104,40,144,131,120,79,9,5,3,11,79,91,102,41,150,142,135,89,11,6,3,9,64,81,83,35,116,112,116,72,8,5,3,12,89,114,112,46,156,145,147,94,10,7,2,7,48,61,63,26,87,85,83,53,6,4,2,6,42,59,55,22,75,71,69,45,5,3,2,7,49,72,68,27,94,96,97,62,7,4,3,9,68,84,87,36,123,117,111,72,8,5,2.62,8.88,64.5,81.88,84.25,34.12,118.12,112.38,109.75,70.75,8.0,4.88
Asphalt_0cm_S7,2026-04-02T20:28:00.209275,3,10,77,93,104,40,144,131,120,79,9,5,3,11,79,91,102,41,150,142,135,89,11,6,3,9,64,81,83,35,116,112,116,72,8,5,3,12,89,114,112,46,156,145,147,94,10,7,2,7,48,61,63,26,87,85,83,53,6,4,2,6,42,59,55,22,75,71,69,45,5,3,2,7,49,72,68,27,94,96,97,62,7,4,3,9,68,84,87,36,123,117,111,72,8,5,2.62,8.88,64.5,81.88,84.25,34.12,118.12,112.38,109.75,70.75,8.0,4.88
Asphalt_0cm_S7,2026-04-02T20:28:00.302991,3,10,78,93,104,40,144,131,120,79,9,5,3,11,79,91,102,41,150,142,135,89,11,5,2,9,64,80,83,36,116,112,116,73,9,5,3,12,89,114,112,46,156,145,147,94,10,7,2,7,48,61,63,26,87,85,83,53,6,4,2,6,42,59,55,22,75,71,69,45,5,3,2,7,49,72,68,27,94,96,97,62,7,4,3,9,68,84,87,36,123,117,111,72,8,5,2.5,8.88,64.62,81.75,84.25,34.25,118.12,112.38,109.75,70.88,8.12,4.75
Asphalt_0cm_S7,2026-04-02T20:28:00.393615,3,10,78,93,104,40,144,131,120,79,9,5,3,11,79,91,102,41,150,142,135,89,11,5,3,9,64,81,83,35,116,112,116,73,8,5,3,12,89,114,112,46,156,145,147,93,10,7,2,7,48,61,63,26,87,85,83,53,6,4,2,5,42,59,55,22,75,71,69,45,5,3,2,7,49,72,68,28,95,97,97,62,7,4,3,9,68,84,87,36,123,117,111,72,8,5,2.62,8.75,64.62,81.88,84.25,34.25,118.25,112.5,109.75,70.75,8.0,4.75
Asphalt_0cm_S7,2026-04-02T20:28:00.495428,3,10,77,93,104,40,144,131,120,79,9,6,3,11,79,90,102,41,150,142,135,89,11,6,3,9,64,81,83,35,116,112,116,73,8,5,3,12,89,114,112,46,156,145,147,93,10,7,2,7,48,61,63,26,87,85,83,53,6,4,2,5,42,59,55,22,75,71,69,45,5,3,2,7,49,72,68,28,95,97,97,62,7,4,3,9,68,85,87,36,123,116,111,73,9,5,2.62,8.75,64.5,81.88,84.25,34.25,118.25,112.38,109.75,70.88,8.12,5.0
Asphalt_0cm_S7,2026-04-02T20:28:00.588499,3,10,77,93,104,40,144,131,120,79,9,6,3,11,79,90,102,41,150,142,135,89,11,6,3,9,64,81,83,35,116,112,116,73,8,5,3,12,89,114,112,46,156,145,147,93,10,7,2,7,48,61,63,26,87,85,83,53,6,4,2,5,42,59,55,22,75,71,69,45,5,3,2,7,49,72,68,28,95,97,97,62,7,4,3,9,68,85,87,36,123,116,111,73,9,5,2.62,8.75,64.5,81.88,84.25,34.25,118.25,112.38,109.75,70.88,8.12,5.0
Asphalt_0cm_S7,2026-04-02T20:28:00.688884,3,10,77,93,104,40,144,131,120,79,9,6,3,11,79,90,102,41,150,142,135,89,11,6,3,9,64,81,83,35,116,112,116,73,8,5,3,12,89,114,112,46,156,145,147,93,10,7,2,7,48,61,63,26,87,85,83,53,6,4,2,5,42,59,55,22,75,71,69,45,5,3,2,7,49,72,68,28,95,97,97,62,7,4,3,9,68,85,87,36,123,116,111,73,9,5,2.62,8.75,64.5,81.88,84.25,34.25,118.25,112.38,109.75,70.88,8.12,5.0
Asphalt_0cm_S7,2026-04-02T20:28:00.773702,3,10,77,93,104,40,144,131,120,79,9,6,3,11,79,90,102,41,150,142,135,89,11,6,3,9,64,81,83,35,116,112,116,73,8,5,3,12,89,114,112,46,156,145,147,93,10,7,2,7,48,61,63,26,87,85,83,53,6,4,2,5,42,59,55,22,75,71,69,45,5,3,2,7,49,72,68,28,95,97,97,62,7,4,3,9,68,85,87,36,123,116,111,73,9,5,2.62,8.75,64.5,81.88,84.25,34.25,118.25,112.38,109.75,70.88,8.12,5.0
Asphalt_0cm_S7,2026-04-02T20:28:00.878162,3,11,77,93,104,40,144,131,120,78,9,6,3,11,79,91,102,41,150,142,135,89,11,6,3,9,64,80,83,36,116,112,116,73,9,5,3,12,89,114,112,46,156,145,147,94,10,7,2,7,48,61,63,26,87,85,83,53,6,4,2,6,42,59,55,22,75,71,69,45,5,3,2,7,49,72,68,28,94,97,97,62,7,4,3,9,68,85,87,36,123,117,111,73,8,5,2.62,9.0,64.5,81.88,84.25,34.38,118.12,112.5,109.75,70.88,8.12,5.0
Asphalt_0cm_S7,2026-04-02T20:28:00.970473,3,11,77,93,104,40,144,131,120,78,9,6,3,11,79,91,102,41,150,142,135,89,11,6,3,9,64,80,83,36,116,112,116,73,9,5,3,12,89,114,112,46,156,145,147,94,10,7,2,7,48,61,63,26,87,85,83,53,6,4,2,6,42,59,55,22,75,71,69,45,5,3,2,7,49,72,68,28,94,97,97,62,7,4,3,9,68,85,87,36,123,117,111,73,8,5,2.62,9.0,64.5,81.88,84.25,34.38,118.12,112.5,109.75,70.88,8.12,5.0
Asphalt_0cm_S7,2026-04-02T20:28:01.067125,3,11,77,93,104,40,144,131,120,78,9,6,3,11,79,91,102,41,150,142,135,89,11,6,3,9,64,80,83,36,116,112,116,73,9,5,3,12,89,114,112,46,156,145,147,94,10,7,2,7,48,61,63,26,87,85,83,53,6,4,2,6,42,59,55,22,75,71,69,45,5,3,2,7,49,72,68,28,94,97,97,62,7,4,3,9,68,85,87,36,123,117,111,73,8,5,2.62,9.0,64.5,81.88,84.25,34.38,118.12,112.5,109.75,70.88,8.12,5.0
Asphalt_0cm_S7,2026-04-02T20:28:01.166702,3,10,77,93,104,40,144,131,121,79,9,5,3,11,79,91,102,41,150,142,135,89,11,6,3,9,64,81,83,35,116,112,116,72,8,5,3,12,89,114,112,46,156,145,147,94,10,7,2,7,48,61,63,26,87,85,83,53,6,4,2,6,42,59,55,22,75,71,69,45,5,3,2,7,49,72,68,28,94,97,97,62,7,4,3,9,68,85,87,36,123,117,111,73,8,5,2.62,8.88,64.5,82.0,84.25,34.25,118.12,112.5,109.88,70.88,8.0,4.88
Asphalt_0cm_S7,2026-04-02T20:28:01.254111,3,10,77,93,104,40,144,131,121,79,9,5,3,11,79,91,102,41,150,142,135,89,11,6,3,9,64,81,83,35,116,112,116,72,8,5,3,12,89,114,112,46,156,145,147,94,10,7,2,7,48,61,63,26,87,85,83,53,6,4,2,6,42,59,55,22,75,71,69,45,5,3,2,7,49,72,68,28,94,97,97,62,7,4,3,9,68,85,87,36,123,117,111,73,8,5,2.62,8.88,64.5,82.0,84.25,34.25,118.12,112.5,109.88,70.88,8.0,4.88
Asphalt_0cm_S7,2026-04-02T20:28:01.340742,3,10,78,93,105,40,144,131,120,79,9,5,3,11,80,91,102,41,150,142,135,89,11,6,3,9,64,81,84,35,116,112,116,72,9,5,3,12,89,114,112,46,155,145,147,94,11,7,2,7,48,61,63,27,87,85,83,53,6,4,2,6,42,59,55,22,75,71,69,45,5,3,2,7,49,72,68,27,95,97,97,62,7,4,3,9,68,85,87,36,123,117,111,73,8,5,2.62,8.88,64.75,82.0,84.5,34.25,118.12,112.5,109.75,70.88,8.25,4.88
Asphalt_0cm_S7,2026-04-02T20:28:01.448600,3,10,78,93,105,40,144,131,120,79,9,5,3,11,80,91,102,41,150,142,135,89,11,6,3,9,64,81,84,35,116,112,116,72,9,5,3,12,89,114,112,46,155,145,147,94,11,7,2,7,48,61,63,26,86,85,83,53,6,4,2,6,42,59,55,22,75,71,69,45,4,3,2,7,49,72,68,28,95,97,97,62,7,4,3,9,68,85,87,36,123,117,111,73,8,5,2.62,8.88,64.75,82.0,84.5,34.25,118.0,112.5,109.75,70.88,8.12,4.88
Asphalt_0cm_S7,2026-04-02T20:28:01.538579,2,10,77,93,105,40,144,131,121,78,9,5,3,11,79,91,102,41,150,142,135,89,11,5,3,9,64,80,83,35,116,112,117,73,8,5,3,12,89,114,112,46,156,145,147,94,10,7,2,7,48,61,63,26,86,85,83,53,6,4,2,6,42,59,55,22,75,71,69,45,4,3,2,7,49,72,68,28,95,97,97,62,7,4,3,9,68,85,87,36,123,117,111,73,8,5,2.5,8.88,64.5,81.88,84.38,34.25,118.12,112.5,110.0,70.88,7.88,4.75
Asphalt_0cm_S7,2026-04-02T20:28:01.644262,2,10,77,93,105,40,144,131,121,78,9,5,3,11,79,91,102,41,150,142,135,89,11,5,3,9,64,80,83,35,116,112,117,73,8,5,3,12,89,114,112,46,156,145,147,94,10,7,2,7,48,61,63,26,86,85,83,53,6,4,2,6,42,59,55,22,75,71,69,45,4,3,2,7,49,72,68,28,95,97,97,62,7,4,3,9,68,85,87,36,123,117,111,73,8,5,2.5,8.88,64.5,81.88,84.38,34.25,118.12,112.5,110.0,70.88,7.88,4.75
Asphalt_0cm_S7,2026-04-02T20:28:01.752051,3,10,77,93,104,40,144,132,121,79,9,5,3,11,80,91,102,41,150,142,135,90,11,6,3,9,64,81,84,35,116,112,117,73,8,5,3,12,89,114,112,46,156,145,147,94,11,7,2,7,48,61,63,26,87,85,83,53,6,4,2,6,42,59,55,22,75,71,69,45,5,3,2,7,49,72,68,28,95,97,98,63,7,4,3,9,68,85,87,36,123,117,111,73,8,5,2.62,8.88,64.62,82.0,84.38,34.25,118.25,112.62,110.12,71.25,8.12,4.88
Asphalt_0cm_S7,2026-04-02T20:28:01.847686,3,11,77,93,104,40,144,132,121,79,9,5,3,11,79,91,102,41,150,142,135,90,11,6,3,9,64,81,83,35,116,112,116,73,8,5,3,12,89,114,112,46,156,145,147,94,11,7,2,7,48,61,63,26,87,85,83,53,6,4,2,6,42,59,55,22,75,71,69,45,5,3,2,7,49,72,68,28,95,97,97,63,7,4,3,9,68,85,87,36,123,117,112,73,8,5,2.62,9.0,64.5,82.0,84.25,34.25,118.25,112.62,110.0,71.25,8.12,4.88
Asphalt_0cm_S7,2026-04-02T20:28:01.959617,3,11,77,93,104,40,144,132,121,79,9,5,3,11,79,91,102,41,150,142,135,90,11,6,3,9,64,81,83,35,116,112,116,73,8,5,3,12,89,114,112,46,156,145,147,94,11,7,2,7,48,60,63,26,87,85,83,53,6,4,2,6,43,59,56,22,75,71,69,45,4,3,2,7,49,72,68,28,95,97,98,63,7,4,3,9,68,85,87,36,123,117,111,73,8,5,2.62,9.0,64.62,81.88,84.38,34.25,118.25,112.62,110.0,71.25,8.0,4.88
Asphalt_0cm_S7,2026-04-02T20:28:02.066314,2,10,78,93,105,40,144,132,121,79,9,5,3,11,80,91,102,41,150,142,135,89,11,6,3,9,64,80,83,35,116,112,116,73,8,5,3,12,89,114,112,46,156,145,147,94,10,7,2,7,48,61,63,27,87,85,83,53,6,4,2,6,42,59,56,22,75,71,69,45,5,3,2,7,49,72,68,28,95,97,98,63,7,4,3,9,68,85,87,36,123,117,111,73,8,5,2.5,8.88,64.75,81.88,84.5,34.38,118.25,112.62,110.0,71.12,8.0,4.88
Asphalt_0cm_S7,2026-04-02T20:28:02.166258,3,10,77,93,104,40,144,132,121,79,9,5,3,11,80,91,102,41,150,142,135,89,11,5,3,9,64,80,83,35,116,112,116,73,8,5,3,12,89,114,112,46,156,145,147,94,10,7,2,7,48,61,63,27,87,85,83,53,6,4,2,6,42,59,56,22,75,71,69,45,5,3,2,7,49,72,68,28,95,97,98,63,7,4,3,9,68,85,87,36,123,117,112,73,8,5,2.62,8.88,64.62,81.88,84.38,34.38,118.25,112.62,110.12,71.12,8.0,4.75
Asphalt_0cm_S7,2026-04-02T20:28:02.257149,3,10,77,93,104,40,144,132,121,79,9,5,3,11,80,91,102,41,150,142,135,89,11,5,3,9,64,80,83,35,116,112,116,73,8,5,3,12,89,114,112,46,156,145,147,94,10,7,2,7,48,61,63,27,87,85,83,53,6,4,2,6,42,59,56,22,75,71,69,45,5,3,2,7,49,72,68,28,95,97,98,63,7,4,3,9,68,85,87,36,123,117,112,73,8,5,2.62,8.88,64.62,81.88,84.38,34.38,118.25,112.62,110.12,71.12,8.0,4.75
Asphalt_0cm_S7,2026-04-02T20:28:02.347723,3,10,77,93,105,40,144,132,121,79,9,5,3,11,80,91,102,41,150,142,135,90,11,6,3,9,64,80,83,35,116,112,116,72,8,5,3,12,89,114,112,46,156,145,147,94,11,7,2,7,48,61,63,26,87,85,83,53,6,4,2,6,42,59,55,22,75,71,69,45,5,3,2,7,49,72,68,28,95,97,98,63,7,4,3,9,68,85,87,36,123,117,112,73,9,5,2.62,8.88,64.62,81.88,84.38,34.25,118.25,112.62,110.12,71.12,8.25,4.88
Asphalt_0cm_S7,2026-04-02T20:28:02.439334,3,10,77,93,105,40,144,132,121,79,9,5,3,11,80,91,102,41,150,142,135,90,11,6,3,9,64,80,83,35,116,112,116,72,8,5,3,12,89,114,112,46,156,145,147,94,11,7,2,7,48,61,63,27,87,85,83,53,6,4,2,6,42,59,56,22,75,71,69,45,5,3,2,7,49,72,68,28,95,97,98,63,7,4,3,9,68,85,87,36,123,117,112,73,8,5,2.62,8.88,64.62,81.88,84.5,34.38,118.25,112.62,110.12,71.12,8.12,4.88
Asphalt_0cm_S7,2026-04-02T20:28:02.529718,3,10,77,93,104,40,144,131,121,79,9,5,3,11,80,91,102,41,150,142,135,90,11,6,3,9,64,80,83,36,116,112,116,73,9,5,3,12,89,114,112,46,156,145,147,94,10,7,2,7,48,61,63,27,87,85,83,53,6,4,2,6,42,59,56,22,75,71,69,45,5,3,2,7,49,72,68,28,95,97,98,63,7,4,3,9,68,85,87,36,123,117,112,73,8,5,2.62,8.88,64.62,81.88,84.38,34.5,118.25,112.5,110.12,71.25,8.12,4.88
Asphalt_0cm_S7,2026-04-02T20:28:02.622481,3,10,77,93,104,40,144,131,121,79,9,5,3,11,80,91,102,41,150,142,135,90,11,6,3,9,64,80,83,36,116,112,116,73,9,5,3,12,89,114,112,46,156,145,147,94,10,7,2,7,48,61,63,27,87,85,83,53,6,4,2,6,42,59,56,22,75,71,69,45,5,3,2,7,49,72,68,28,95,97,98,63,7,4,3,9,68,85,87,36,123,117,112,73,8,5,2.62,8.88,64.62,81.88,84.38,34.5,118.25,112.5,110.12,71.25,8.12,4.88
Asphalt_0cm_S7,2026-04-02T20:28:02.732467,3,10,78,93,105,40,144,132,121,79,9,5,3,11,80,92,102,41,150,142,135,89,11,6,3,9,64,80,83,35,116,112,116,73,8,5,3,12,89,114,112,46,156,145,147,94,11,7,2,7,48,61,63,26,87,85,83,53,6,4,2,6,43,59,55,22,75,71,69,45,5,3,2,7,49,72,68,28,95,97,97,62,7,4,3,9,68,85,87,36,123,117,112,73,8,5,2.62,8.88,64.88,82.0,84.38,34.25,118.25,112.62,110.0,71.0,8.12,4.88
Asphalt_0cm_S7,2026-04-02T20:28:02.824748,3,10,77,93,104,40,144,132,121,79,9,5,3,11,79,91,102,41,150,142,135,89,11,5,3,9,64,81,83,35,116,112,117,73,8,5,3,12,89,114,112,46,156,145,147,94,11,7,2,7,48,61,63,26,87,85,83,53,6,4,2,6,43,59,55,22,75,71,69,45,5,3,2,7,49,72,68,28,95,97,98,62,7,4,3,9,68,85,87,36,124,117,112,73,8,5,2.62,8.88,64.62,82.0,84.25,34.25,118.38,112.62,110.25,71.0,8.12,4.75
Asphalt_0cm_S7,2026-04-02T20:28:02.921028,3,10,77,93,104,40,144,132,121,79,9,5,3,11,79,91,102,41,150,142,135,89,11,5,3,9,64,81,83,35,116,112,117,73,8,5,3,12,88,114,112,46,156,145,147,94,10,6,2,7,48,61,63,26,87,85,83,53,6,4,2,5,42,59,55,22,74,71,69,45,4,2,2,7,49,72,69,28,95,97,98,63,7,4,3,9,68,85,87,36,124,117,112,73,8,5,2.62,8.75,64.38,82.0,84.38,34.25,118.25,112.62,110.25,71.12,7.88,4.5
Asphalt_0cm_S7,2026-04-02T20:28:03.024048,3,10,78,93,104,40,144,132,121,79,9,5,3,11,80,91,102,41,150,142,135,89,11,6,3,9,64,80,83,35,116,112,116,73,8,5,3,12,88,114,112,46,156,145,147,94,10,6,2,7,48,61,63,26,87,85,83,53,6,4,2,5,42,59,55,22,74,71,69,45,4,2,2,7,49,72,69,28,95,97,98,63,7,4,3,9,68,85,87,36,124,117,112,73,8,5,2.62,8.75,64.62,81.88,84.38,34.25,118.25,112.62,110.12,71.12,7.88,4.62
Asphalt_0cm_S7,2026-04-02T20:28:03.128662,3,10,78,93,104,40,144,132,121,79,9,5,3,11,80,91,102,41,150,142,135,89,11,6,3,9,64,80,83,35,116,112,116,73,8,5,3,12,88,114,112,46,156,145,147,94,10,6,2,7,48,61,63,26,87,85,83,53,6,4,2,5,42,59,55,22,74,71,69,45,4,2,2,7,49,72,69,28,95,97,98,63,7,4,3,9,68,85,87,36,124,117,112,73,8,5,2.62,8.75,64.62,81.88,84.38,34.25,118.25,112.62,110.12,71.12,7.88,4.62
Asphalt_0cm_S7,2026-04-02T20:28:03.219966,3,10,78,93,104,40,144,132,121,79,9,5,3,11,80,92,102,41,150,142,135,89,11,6,3,9,64,81,83,35,116,112,117,73,8,5,3,12,89,114,112,46,156,145,147,94,11,7,2,7,48,61,63,26,87,85,83,53,6,4,2,6,43,59,56,22,75,71,69,45,5,3,2,7,50,72,69,28,96,98,98,63,7,4,3,9,68,85,87,36,124,117,112,73,8,5,2.62,8.88,65.0,82.12,84.5,34.25,118.5,112.75,110.25,71.12,8.12,4.88
Asphalt_0cm_S7,2026-04-02T20:28:03.320442,3,10,78,94,105,40,145,132,121,79,9,5,3,11,80,92,102,41,150,142,135,89,11,6,3,9,64,81,83,35,116,112,117,73,8,5,3,12,89,114,112,46,156,145,147,94,11,7,2,7,48,61,63,27,87,85,83,53,6,4,2,6,43,59,56,22,75,71,69,45,5,3,2,7,50,73,69,28,95,98,98,63,7,4,3,9,68,85,87,36,124,117,111,73,8,5,2.62,8.88,65.0,82.38,84.62,34.38,118.5,112.75,110.12,71.12,8.12,4.88
Asphalt_0cm_S7,2026-04-02T20:28:03.416013,3,10,78,94,105,40,145,132,121,79,9,5,3,11,79,92,102,41,150,142,135,89,11,5,3,9,64,81,83,35,116,112,117,73,8,5,3,12,89,114,112,46,156,145,147,94,10,7,2,7,48,61,63,27,87,85,84,53,6,4,2,6,43,60,56,22,75,71,69,45,4,3,2,7,50,73,69,28,96,98,98,63,7,4,3,9,68,85,87,36,124,117,111,73,8,5,2.62,8.88,64.88,82.5,84.62,34.38,118.62,112.75,110.25,71.12,7.88,4.75
Asphalt_0cm_S7,2026-04-02T20:28:03.511856,3,10,78,93,105,40,144,132,121,79,9,5,3,11,80,92,102,41,150,143,135,90,11,6,3,10,64,80,83,35,116,112,117,73,8,5,3,12,89,114,112,46,156,145,147,94,10,7,2,7,48,61,63,27,87,85,84,53,6,4,2,6,43,60,56,22,75,71,69,45,4,3,2,7,50,73,69,28,96,98,98,63,7,4,3,9,68,85,87,36,124,118,112,73,8,5,2.62,9.0,65.0,82.25,84.62,34.38,118.5,113.0,110.38,71.25,7.88,4.88
Asphalt_0cm_S7,2026-04-02T20:28:03.621384,3,10,78,93,105,40,144,132,121,79,9,5,3,11,80,92,102,41,150,143,135,90,11,6,3,10,64,80,83,35,116,112,117,73,8,5,3,12,89,114,113,46,156,145,147,94,10,7,2,7,48,61,63,27,87,85,84,53,6,4,2,6,43,60,56,22,75,71,69,45,5,3,2,7,50,73,69,28,96,98,98,63,7,4,3,9,68,85,87,36,124,117,112,73,8,5,2.62,9.0,65.0,82.25,84.75,34.38,118.5,112.88,110.38,71.25,8.0,4.88
Asphalt_0cm_S7,2026-04-02T20:28:03.733367,3,10,78,93,105,40,145,132,121,79,9,5,3,11,80,92,102,41,150,143,135,90,11,6,3,9,64,81,83,35,117,112,116,73,9,5,3,12,89,114,112,46,156,145,147,94,11,7,2,7,48,61,64,27,88,85,84,53,6,4,2,6,43,60,56,22,75,71,69,45,5,3,2,7,50,73,69,28,96,98,98,63,7,4,3,9,68,85,87,36,124,117,112,73,8,5,2.62,8.88,65.0,82.38,84.75,34.38,118.88,112.88,110.25,71.25,8.25,4.88
Asphalt_0cm_S7,2026-04-02T20:28:03.836509,3,10,78,93,105,40,145,132,121,79,9,5,3,11,80,92,102,41,150,143,135,90,11,6,3,9,64,81,83,35,117,112,116,73,9,5,3,12,89,114,112,46,156,145,147,94,11,7,2,7,48,61,64,27,88,85,84,53,6,4,2,6,43,59,56,22,75,71,69,45,5,3,2,7,50,73,69,28,96,98,98,63,7,4,3,9,68,85,88,36,124,118,111,73,8,5,2.62,8.88,65.0,82.25,84.88,34.38,118.88,113.0,110.12,71.25,8.25,4.88
Asphalt_0cm_S7,2026-04-02T20:28:03.940144,3,10,78,93,105,40,145,132,121,79,9,5,3,11,80,92,102,41,150,143,135,90,11,6,3,9,64,81,83,35,116,112,116,73,8,5,3,12,89,114,112,46,156,145,147,94,10,7,2,7,48,61,63,26,88,85,84,53,6,4,2,6,43,60,56,22,75,71,69,45,5,3,2,7,50,73,69,28,96,98,98,63,7,4,3,9,68,85,88,36,124,118,112,73,8,5,2.62,8.88,65.0,82.38,84.75,34.25,118.75,113.0,110.25,71.25,8.0,4.88
Asphalt_0cm_S7,2026-04-02T20:28:04.049723,3,10,78,94,105,40,145,132,121,79,9,6,3,11,80,92,102,41,150,143,135,90,11,5,3,9,64,81,83,35,116,112,117,73,9,5,3,12,89,114,113,46,156,145,147,94,10,7,2,7,48,61,63,26,88,85,84,53,6,4,2,6,43,60,56,22,75,71,69,45,5,3,2,7,50,73,69,28,96,98,98,63,7,4,3,9,68,85,88,36,124,118,112,73,8,5,2.62,8.88,65.0,82.5,84.88,34.25,118.75,113.0,110.38,71.25,8.12,4.88
Asphalt_0cm_S7,2026-04-02T20:28:04.150301,3,11,78,94,105,40,145,132,121,79,9,5,3,11,80,92,102,41,150,143,135,90,11,5,3,9,64,81,83,35,116,112,117,73,9,5,3,12,89,114,113,46,156,145,147,94,10,7,2,7,48,61,63,27,88,85,84,53,6,4,2,6,43,60,56,22,75,71,69,45,5,3,2,7,50,73,69,28,96,98,98,63,7,4,3,9,68,85,88,36,124,118,112,73,8,5,2.62,9.0,65.0,82.5,84.88,34.38,118.75,113.0,110.38,71.25,8.12,4.75
Asphalt_0cm_S7,2026-04-02T20:28:04.257652,3,11,78,94,105,40,145,132,121,79,9,5,3,11,80,92,102,41,150,142,136,89,11,5,3,9,64,80,83,35,116,112,117,73,8,5,3,12,89,114,113,46,156,145,147,94,11,7,2,7,48,61,63,27,87,85,84,53,6,3,2,6,43,60,56,22,75,71,69,45,5,3,2,7,50,73,69,28,96,98,98,63,7,4,3,9,69,85,88,36,124,118,112,73,9,5,2.62,9.0,65.12,82.38,84.88,34.38,118.62,112.88,110.5,71.12,8.25,4.62
Asphalt_0cm_S7,2026-04-02T20:28:04.351442,3,10,78,93,105,40,145,132,121,79,9,5,3,11,80,92,102,41,150,142,136,90,11,6,3,9,64,80,84,35,116,112,116,73,9,5,3,12,89,114,112,46,156,146,147,94,11,7,2,7,48,61,63,27,87,85,84,53,6,3,2,6,43,60,56,22,75,71,69,45,5,3,2,7,50,73,69,28,96,98,98,63,7,4,3,9,69,85,88,36,124,118,112,73,9,5,2.62,8.88,65.12,82.25,84.88,34.38,118.62,113.0,110.38,71.25,8.38,4.75
Asphalt_0cm_S7,2026-04-02T20:28:04.463309,3,10,78,93,105,40,145,132,121,79,9,5,3,11,80,92,102,41,150,142,136,90,11,6,3,9,64,80,84,35,116,112,116,73,9,5,3,12,89,114,112,46,156,146,147,94,11,7,2,7,48,61,64,27,88,85,84,53,6,4,2,5,43,59,56,22,75,71,69,45,5,3,2,7,50,73,69,28,96,98,98,63,7,4,3,9,69,85,88,36,124,118,112,73,9,5,2.62,8.75,65.12,82.12,85.0,34.38,118.75,113.0,110.38,71.25,8.38,4.88
Asphalt_0cm_S7,2026-04-02T20:28:04.563663,3,10,78,93,105,40,145,132,121,79,9,5,3,11,80,92,102,41,150,143,135,90,11,6,3,9,64,81,83,35,116,112,116,73,9,5,3,12,89,114,113,46,156,146,147,94,11,7,2,7,48,61,63,27,88,85,84,53,6,4,2,6,43,60,56,22,75,71,69,45,5,3,2,7,50,73,69,28,96,98,98,63,7,4,3,9,68,85,88,36,124,118,112,73,8,5,2.62,8.88,65.0,82.38,84.88,34.38,118.75,113.12,110.25,71.25,8.25,4.88
Asphalt_0cm_S7,2026-04-02T20:28:04.652957,3,10,78,93,105,40,145,132,121,79,9,5,3,11,80,92,102,41,150,143,135,90,11,6,3,9,64,81,83,35,116,112,116,73,9,5,3,12,89,114,113,46,156,146,147,94,11,7,2,7,48,61,63,27,88,85,84,53,6,4,2,6,43,60,56,22,75,71,69,45,5,3,2,7,50,73,69,28,96,98,98,63,7,4,3,9,69,85,88,36,124,118,112,73,8,5,2.62,8.88,65.12,82.38,84.88,34.38,118.75,113.12,110.25,71.25,8.25,4.88
Asphalt_0cm_S7,2026-04-02T20:28:04.756874,3,10,78,93,105,40,145,132,121,79,9,5,3,11,80,92,102,41,150,143,136,90,11,5,2,9,64,81,83,36,116,112,117,73,9,5,3,12,89,115,113,46,157,146,147,94,10,7,2,7,49,61,63,27,88,85,83,53,6,4,2,6,43,60,56,22,75,71,69,45,5,3,2,7,50,73,69,28,96,98,98,63,7,4,3,9,69,85,88,36,124,118,112,73,8,5,2.5,8.88,65.25,82.5,84.88,34.5,118.88,113.12,110.38,71.25,8.12,4.75
Asphalt_0cm_S7,2026-04-02T20:28:04.866998,3,11,78,93,105,40,145,132,121,79,9,5,3,11,80,92,102,41,150,143,136,90,11,6,2,9,64,81,83,36,116,112,117,73,9,5,3,12,89,115,113,46,157,146,147,94,10,7,2,7,49,61,63,27,88,85,83,53,6,4,2,6,43,60,56,22,75,71,69,45,5,3,2,7,49,73,69,28,96,98,98,63,7,4,3,9,69,85,88,36,124,118,112,73,9,5,2.5,9.0,65.12,82.5,84.88,34.5,118.88,113.12,110.38,71.25,8.25,4.88
Asphalt_0cm_S7,2026-04-02T20:28:04.955272,3,11,78,93,105,40,145,132,121,79,9,5,3,11,80,92,102,41,150,143,136,90,11,6,3,9,64,81,83,35,116,112,116,73,9,5,3,12,89,114,113,46,156,146,147,94,11,7,2,7,48,61,63,27,88,85,83,53,6,4,2,6,43,59,56,22,75,71,69,45,5,3,2,7,50,73,69,28,96,98,98,63,7,4,3,9,69,86,88,36,124,118,113,73,8,5,2.62,9.0,65.12,82.38,84.88,34.38,118.75,113.12,110.38,71.25,8.25,4.88
Asphalt_0cm_S7,2026-04-02T20:28:05.045377,3,10,78,93,105,41,145,132,121,79,9,6,3,11,80,92,102,41,151,143,136,90,11,6,3,10,64,81,84,35,116,113,116,73,8,5,3,12,89,115,113,46,156,146,148,94,11,7,2,7,48,61,63,27,88,85,83,53,6,4,2,6,43,59,56,22,75,71,69,45,5,3,2,7,50,73,69,28,96,98,98,63,7,4,3,9,69,86,88,36,124,118,113,73,8,5,2.62,9.0,65.12,82.5,85.0,34.5,118.88,113.25,110.5,71.25,8.12,5.0
Asphalt_0cm_S7,2026-04-02T20:28:05.140601,3,10,78,93,105,41,145,132,121,79,9,6,3,11,80,92,102,41,151,143,136,90,11,6,3,10,64,81,84,35,116,113,116,73,8,5,3,12,89,115,113,46,156,146,148,94,11,7,2,7,48,61,63,26,87,85,83,53,6,4,2,6,43,60,56,22,75,71,69,45,5,3,2,7,50,73,69,28,96,98,98,63,7,4,3,9,69,85,88,36,124,118,112,73,9,5,2.62,9.0,65.12,82.5,85.0,34.38,118.75,113.25,110.38,71.25,8.25,5.0
Asphalt_0cm_S7,2026-04-02T20:28:05.262723,3,11,78,93,105,40,145,132,122,79,9,5,3,11,80,92,102,41,150,143,136,90,11,5,3,9,64,81,83,35,116,112,117,73,8,5,3,12,89,115,113,47,156,146,148,94,11,7,2,7,48,61,63,26,88,85,84,53,6,4,2,6,43,59,55,22,75,71,69,45,5,3,2,7,50,73,69,28,96,98,98,63,7,4,3,9,69,85,88,36,124,118,112,73,9,5,2.62,9.0,65.12,82.38,84.75,34.38,118.75,113.12,110.75,71.25,8.25,4.75
Asphalt_0cm_S7,2026-04-02T20:28:05.367386,3,10,78,93,105,40,145,132,121,79,9,5,3,11,80,92,102,41,150,143,136,90,11,5,3,9,64,81,83,35,116,112,117,73,8,5,3,12,89,115,113,47,156,146,148,94,11,7,2,7,48,61,63,26,88,85,84,53,6,4,2,6,43,59,55,22,75,71,69,45,5,3,2,7,50,73,69,28,96,98,98,63,7,4,3,9,69,85,88,36,124,118,113,73,8,5,2.62,8.88,65.12,82.38,84.75,34.38,118.75,113.12,110.75,71.25,8.12,4.75
Asphalt_0cm_S7,2026-04-02T20:28:05.466891,3,10,78,93,105,40,145,132,121,79,9,5,3,11,80,92,102,41,151,143,136,90,11,6,3,9,64,80,83,35,117,112,116,73,8,5,3,12,89,115,113,46,157,146,148,94,11,7,2,7,48,61,63,27,88,85,83,53,6,4,2,6,42,60,56,22,75,71,69,45,5,3,2,7,50,73,69,28,96,98,98,63,7,4,3,9,68,85,88,36,125,118,113,74,8,5,2.62,8.88,64.88,82.38,84.88,34.38,119.25,113.12,110.5,71.38,8.12,4.88
Asphalt_0cm_S7,2026-04-02T20:28:05.564123,3,10,78,93,105,40,145,132,121,79,9,5,3,11,80,92,102,41,151,143,136,90,11,6,3,9,64,80,83,35,117,112,116,73,8,5,3,12,89,115,113,46,157,146,148,94,11,7,2,7,48,61,63,27,88,85,83,53,6,4,2,6,42,60,56,22,75,71,69,45,5,3,2,7,50,73,69,28,96,98,98,63,7,4,3,9,68,85,88,36,125,118,113,74,8,5,2.62,8.88,64.88,82.38,84.88,34.38,119.25,113.12,110.5,71.38,8.12,4.88
Asphalt_0cm_S7,2026-04-02T20:28:05.650665,2,10,78,93,105,40,145,132,121,79,9,5,3,11,80,92,102,41,150,143,135,90,11,5,3,10,64,81,83,35,116,113,117,73,8,5,3,12,89,115,113,46,157,146,148,94,11,7,2,7,48,61,63,27,88,85,83,53,6,4,2,6,43,59,55,22,75,71,69,45,5,3,2,7,50,73,69,28,96,98,98,63,7,4,3,9,69,85,88,36,124,118,112,73,8,5,2.5,9.0,65.12,82.38,84.75,34.38,118.88,113.25,110.38,71.25,8.12,4.75
Asphalt_0cm_S7,2026-04-02T20:28:05.754712,2,10,78,93,105,40,145,132,121,79,9,5,3,11,80,92,102,41,150,143,136,90,11,5,3,9,64,81,83,35,116,112,117,73,9,5,3,12,89,115,113,46,157,146,148,94,10,7,2,7,48,61,63,27,88,85,83,53,6,4,2,6,43,59,55,22,75,71,69,45,5,3,2,7,50,73,69,28,96,98,98,63,7,4,3,9,69,85,88,36,124,118,112,73,8,5,2.5,8.88,65.12,82.38,84.75,34.38,118.88,113.12,110.5,71.25,8.12,4.75
Asphalt_0cm_S7,2026-04-02T20:28:05.843529,3,10,78,94,105,40,145,132,121,79,9,6,3,11,80,92,102,41,150,143,136,90,11,5,3,9,64,81,83,35,116,112,117,73,9,5,3,12,89,115,113,46,157,146,148,94,10,7,2,7,48,61,63,27,88,85,83,53,6,4,2,6,43,59,56,22,75,71,68,45,5,3,2,7,50,73,69,28,96,98,98,63,7,4,3,9,69,85,88,36,124,118,112,73,8,5,2.62,8.88,65.12,82.5,84.88,34.38,118.88,113.12,110.38,71.25,8.12,4.88
Asphalt_0cm_S7,2026-04-02T20:28:05.950112,3,10,78,94,105,40,145,132,121,79,9,6,3,11,80,92,102,41,150,143,136,90,11,6,3,9,64,81,83,35,116,112,117,73,8,5,3,12,89,115,113,46,157,146,148,94,11,7,2,7,48,61,63,27,88,85,84,53,6,4,2,6,43,59,56,22,75,71,69,45,5,3,2,7,50,73,69,28,96,98,98,63,7,4,3,9,69,85,88,36,124,118,112,73,8,5,2.62,8.88,65.12,82.5,84.88,34.38,118.88,113.12,110.62,71.25,8.12,5.0
Asphalt_0cm_S7,2026-04-02T20:28:06.061256,2,10,78,93,105,40,145,132,121,79,9,5,3,11,80,92,102,41,150,143,136,90,11,6,3,9,64,81,83,35,116,112,117,73,8,5,3,12,89,115,113,46,157,146,148,94,11,7,2,7,48,61,63,27,88,85,84,53,6,4,2,6,43,59,56,22,75,71,69,45,5,3,2,7,50,73,69,28,96,98,98,63,7,4,3,9,69,85,88,36,124,118,112,73,8,5,2.5,8.88,65.12,82.38,84.88,34.38,118.88,113.12,110.62,71.25,8.12,4.88
Asphalt_0cm_S7,2026-04-02T20:28:06.147519,2,10,78,93,105,40,145,132,121,79,9,5,3,11,80,92,102,41,150,143,136,90,11,6,3,9,64,81,83,35,116,112,117,73,8,5,3,12,89,115,113,46,157,146,148,94,11,7,2,7,48,61,63,27,88,85,84,53,6,4,2,6,43,59,55,22,75,71,69,45,5,3,2,7,50,73,69,28,96,98,98,63,7,4,3,9,69,85,88,36,124,118,112,74,8,5,2.5,8.88,65.12,82.38,84.75,34.38,118.88,113.12,110.62,71.38,8.12,4.88
Asphalt_0cm_S7,2026-04-02T20:28:06.263122,3,10,78,93,105,40,145,132,121,79,9,5,3,11,80,92,102,41,150,143,136,90,11,5,3,9,64,81,84,36,116,112,117,73,9,5,3,12,89,115,113,46,157,146,148,94,11,7,2,7,48,61,63,27,88,85,84,53,6,4,2,6,43,59,55,22,75,71,69,45,5,3,2,7,50,73,69,28,96,98,98,63,7,4,3,9,69,85,88,36,124,118,112,74,8,5,2.62,8.88,65.12,82.38,84.88,34.5,118.88,113.12,110.62,71.38,8.25,4.75
Asphalt_0cm_S7,2026-04-02T20:28:06.404432,3,10,78,94,105,40,145,132,122,79,9,6,3,11,80,92,102,41,150,143,136,90,11,6,3,9,64,81,84,36,116,112,117,73,9,5,3,12,89,115,113,46,157,146,148,94,11,7,2,7,48,61,63,27,88,85,84,53,6,4,2,5,43,59,56,22,75,71,69,45,5,3,2,7,50,73,69,28,96,98,98,63,7,4,3,9,69,85,88,36,124,118,112,73,8,5,2.62,8.75,65.12,82.5,85.0,34.5,118.88,113.12,110.75,71.25,8.25,5.0
Asphalt_0cm_S7,2026-04-02T20:28:06.505642,3,10,78,94,105,40,145,132,122,79,9,6,3,11,80,92,102,41,150,143,136,90,11,6,3,9,64,81,84,35,116,113,117,73,9,5,3,12,89,115,113,46,157,146,147,94,10,6,2,7,48,61,63,27,88,85,83,53,6,4,2,6,42,59,56,22,75,71,69,45,5,3,2,7,50,72,69,28,96,98,98,63,7,4,3,9,69,85,88,36,124,118,112,74,9,5,2.62,8.88,65.0,82.38,85.0,34.38,118.88,113.25,110.5,71.38,8.25,4.88
Asphalt_0cm_S7,2026-04-02T20:28:06.598741,3,10,78,93,105,40,145,132,121,79,9,5,3,11,80,92,102,41,150,143,136,90,11,6,3,9,64,81,83,35,117,112,117,73,8,5,3,12,89,114,113,46,156,146,148,94,11,7,2,7,48,61,63,27,88,85,83,53,6,4,2,6,42,59,56,22,75,71,69,45,5,3,2,7,50,72,69,28,96,98,98,63,7,4,3,9,69,85,88,36,124,118,112,74,9,5,2.62,8.88,65.0,82.12,84.88,34.38,118.88,113.12,110.5,71.38,8.25,4.88
Asphalt_0cm_S7,2026-04-02T20:28:06.701890,3,11,78,94,105,41,145,133,121,79,9,5,3,11,80,92,102,41,150,143,136,90,11,6,3,9,64,81,83,35,117,112,117,73,8,5,3,12,89,114,113,46,156,146,148,94,11,7,2,7,48,61,63,27,87,85,83,53,6,4,2,6,43,59,56,22,75,71,69,45,5,3,2,7,50,73,69,28,96,98,98,63,7,4,3,9,69,86,88,36,124,118,112,73,8,5,2.62,9.0,65.12,82.5,84.88,34.5,118.75,113.25,110.5,71.25,8.12,4.88
Asphalt_0cm_S7,2026-04-02T20:28:06.829885,3,11,78,94,105,41,145,133,121,79,9,5,3,11,80,92,102,41,150,143,136,90,11,6,3,9,64,81,84,36,117,112,117,73,9,5,3,12,89,115,113,46,156,146,148,94,11,7,2,7,48,61,64,27,87,85,84,53,6,4,2,6,43,59,55,22,75,71,69,45,5,3,2,7,50,73,69,28,96,98,98,63,7,4,3,9,69,85,88,36,124,118,112,73,8,5,2.62,9.0,65.12,82.5,85.0,34.62,118.75,113.25,110.62,71.25,8.25,4.88
Asphalt_0cm_S7,2026-04-02T20:28:06.957714,3,10,78,93,105,40,145,132,121,79,9,6,3,11,80,92,102,41,151,143,136,90,11,6,3,9,64,80,83,35,116,113,117,73,8,5,3,12,89,115,113,46,157,146,148,94,11,7,2,7,48,61,63,26,88,85,83,53,6,4,2,5,42,59,56,22,75,71,69,45,5,3,2,7,50,73,69,28,96,98,98,63,7,4,3,9,69,85,88,36,124,118,112,73,8,5,2.62,8.75,65.0,82.25,84.88,34.25,119.0,113.25,110.5,71.25,8.12,5.0
Asphalt_0cm_S7,2026-04-02T20:28:07.062715,3,11,78,94,105,40,145,132,122,79,9,5,3,11,80,92,102,41,150,143,136,90,11,5,3,9,64,81,83,35,116,112,116,73,9,5,3,12,89,115,113,46,157,146,148,94,10,7,2,7,48,61,63,26,88,85,83,53,6,4,2,5,42,59,56,22,75,71,69,45,5,3,2,7,50,73,69,28,96,98,98,63,7,4,3,9,68,85,88,36,124,118,112,73,9,5,2.62,8.88,64.88,82.5,84.88,34.25,118.88,113.12,110.5,71.25,8.25,4.75
Asphalt_0cm_S7,2026-04-02T20:28:07.154113,3,11,78,94,105,40,145,132,122,79,9,5,3,11,80,92,102,41,150,143,136,90,11,5,3,9,64,81,83,35,116,112,116,73,9,5,3,12,89,115,113,46,157,146,148,94,10,7,2,7,48,61,63,27,87,85,84,53,6,3,2,6,42,59,55,22,75,71,69,45,5,3,2,7,50,73,69,28,96,98,98,63,7,4,3,9,69,85,88,36,124,118,113,73,8,5,2.62,9.0,65.0,82.5,84.75,34.38,118.75,113.12,110.75,71.25,8.12,4.62
Asphalt_0cm_S7,2026-04-02T20:28:07.252726,3,10,78,93,105,41,145,133,121,79,9,6,3,11,80,92,102,41,150,143,135,90,11,6,3,10,64,80,84,36,116,113,117,73,8,5,3,12,89,114,113,46,156,146,148,94,11,7,2,7,48,61,64,27,88,85,84,53,6,4,2,6,42,59,55,22,74,71,69,45,5,3,2,7,50,73,69,28,96,98,98,63,7,4,3,9,69,85,88,36,124,118,113,73,8,5,2.62,9.0,65.0,82.12,85.0,34.62,118.62,113.38,110.62,71.25,8.12,5.0
Asphalt_0cm_S7,2026-04-02T20:28:07.347718,3,10,78,93,105,40,145,132,121,79,9,5,3,11,80,92,102,41,150,143,136,90,11,6,3,10,64,80,84,36,116,113,117,73,8,5,3,12,89,114,113,46,156,146,148,94,11,7,2,7,48,61,64,27,88,85,84,53,6,4,2,6,42,59,55,22,74,71,69,45,5,3,2,7,50,73,69,28,96,98,98,63,7,4,3,9,69,85,88,36,124,118,112,73,9,5,2.62,9.0,65.0,82.12,85.0,34.5,118.62,113.25,110.62,71.25,8.25,4.88
Asphalt_0cm_S7,2026-04-02T20:28:07.440739,3,10,78,93,105,40,145,132,121,79,9,5,3,11,80,92,102,41,150,143,136,90,11,6,3,9,64,80,83,36,117,112,117,73,8,5,3,12,89,115,113,46,157,146,148,94,11,7,2,7,48,61,63,27,88,85,83,53,6,4,2,6,43,59,55,21,75,71,69,45,5,3,2,7,50,73,69,28,96,98,98,63,7,4,3,9,69,85,88,36,124,118,112,73,9,5,2.62,8.88,65.12,82.25,84.75,34.38,119.0,113.12,110.5,71.25,8.25,4.88
Asphalt_0cm_S7,2026-04-02T20:28:07.535944,3,10,78,93,105,40,145,132,121,79,9,5,3,11,80,92,102,41,150,143,136,90,11,6,3,9,64,80,83,36,117,112,117,73,8,5,3,12,89,115,113,46,157,146,148,94,11,7,2,7,48,61,63,27,88,85,83,53,6,4,2,6,43,59,55,21,75,71,69,45,5,3,2,7,50,73,69,28,96,98,98,63,7,4,3,9,69,85,88,36,124,118,112,73,8,5,2.62,8.88,65.12,82.25,84.75,34.38,119.0,113.12,110.5,71.25,8.12,4.88
Asphalt_0cm_S7,2026-04-02T20:28:07.641318,2,11,78,93,105,40,145,132,121,79,9,6,3,11,80,92,102,41,150,143,136,90,11,6,3,9,64,81,84,35,116,112,117,73,8,5,3,12,89,115,113,46,157,146,147,94,10,7,2,7,48,61,63,27,88,85,84,53,6,4,2,5,42,59,55,22,75,71,69,45,5,3,2,7,50,73,69,28,96,98,98,63,7,4,3,9,69,85,88,36,124,118,112,73,8,5,2.5,8.88,65.0,82.38,84.88,34.38,118.88,113.12,110.5,71.25,8.0,5.0
Asphalt_0cm_S7,2026-04-02T20:28:07.741033,3,10,78,93,105,40,145,132,121,79,9,5,3,11,80,92,102,41,150,143,136,90,11,6,3,9,64,81,83,36,116,112,117,73,8,5,3,12,89,115,113,46,157,146,147,94,11,7,2,7,48,61,63,26,88,85,84,53,6,4,2,5,42,59,55,22,75,71,69,45,5,3,2,7,50,73,69,28,96,98,98,63,7,4,3,9,69,85,88,36,124,118,112,73,8,5,2.62,8.75,65.0,82.38,84.75,34.38,118.88,113.12,110.5,71.25,8.12,4.88
Asphalt_0cm_S7,2026-04-02T20:28:07.830944,3,10,78,93,105,40,145,132,121,79,9,5,3,11,80,92,102,41,150,143,136,90,11,6,3,9,64,81,83,36,116,112,117,73,8,5,3,12,89,115,113,46,157,146,147,94,11,7,2,7,48,61,63,26,88,85,84,53,6,4,2,6,42,59,55,22,74,71,69,45,5,3,2,7,50,73,69,28,96,98,98,63,7,4,3,9,69,85,88,36,124,118,112,73,8,5,2.62,8.88,65.0,82.38,84.75,34.38,118.75,113.12,110.5,71.25,8.12,4.88
Asphalt_0cm_S7,2026-04-02T20:28:07.925581,3,10,78,93,105,40,145,132,121,79,9,5,3,11,80,92,102,41,150,143,136,90,11,6,3,9,64,81,84,35,117,112,117,73,9,5,3,12,89,115,113,46,157,146,148,94,11,7,2,7,48,61,63,27,88,85,83,53,6,4,2,6,42,59,55,22,74,71,69,44,4,3,2,7,50,73,69,28,96,98,98,63,7,4,3,9,69,85,88,36,124,118,112,73,8,5,2.62,8.88,65.0,82.38,84.88,34.38,118.88,113.12,110.5,71.12,8.12,4.88
Asphalt_0cm_S7,2026-04-02T20:28:08.019429,3,10,78,93,105,40,145,132,121,79,9,5,3,11,80,92,102,41,150,143,136,90,11,6,3,9,64,81,84,35,117,112,117,73,9,5,3,12,89,115,113,46,157,146,148,94,11,7,2,7,48,61,63,27,88,85,83,53,6,4,2,6,42,59,55,22,74,71,69,44,4,3,2,7,50,73,69,28,96,98,98,63,7,4,3,9,69,85,88,36,124,118,112,73,8,5,2.62,8.88,65.0,82.38,84.88,34.38,118.88,113.12,110.5,71.12,8.12,4.88
