label,timestamp,S0_405nm,S0_425nm,S0_450nm,S0_475nm,S0_515nm,S0_550nm,S0_555nm,S0_600nm,S0_640nm,S0_690nm,S0_745nm,S0_855nm,S1_405nm,S1_425nm,S1_450nm,S1_475nm,S1_515nm,S1_550nm,S1_555nm,S1_600nm,S1_640nm,S1_690nm,S1_745nm,S1_855nm,S2_405nm,S2_425nm,S2_450nm,S2_475nm,S2_515nm,S2_550nm,S2_555nm,S2_600nm,S2_640nm,S2_690nm,S2_745nm,S2_855nm,S3_405nm,S3_425nm,S3_450nm,S3_475nm,S3_515nm,S3_550nm,S3_555nm,S3_600nm,S3_640nm,S3_690nm,S3_745nm,S3_855nm,S4_405nm,S4_425nm,S4_450nm,S4_475nm,S4_515nm,S4_550nm,S4_555nm,S4_600nm,S4_640nm,S4_690nm,S4_745nm,S4_855nm,S5_405nm,S5_425nm,S5_450nm,S5_475nm,S5_515nm,S5_550nm,S5_555nm,S5_600nm,S5_640nm,S5_690nm,S5_745nm,S5_855nm,S6_405nm,S6_425nm,S6_450nm,S6_475nm,S6_515nm,S6_550nm,S6_555nm,S6_600nm,S6_640nm,S6_690nm,S6_745nm,S6_855nm,S7_405nm,S7_425nm,S7_450nm,S7_475nm,S7_515nm,S7_550nm,S7_555nm,S7_600nm,S7_640nm,S7_690nm,S7_745nm,S7_855nm,AVG_405nm,AVG_425nm,AVG_450nm,AVG_475nm,AVG_515nm,AVG_550nm,AVG_555nm,AVG_600nm,AVG_640nm,AVG_690nm,AVG_745nm,AVG_855nm
Asphalt_0cm_S10,2026-04-02T20:31:04.638658,3,9,74,91,100,39,144,136,127,84,10,6,4,15,106,118,133,54,187,174,161,103,12,7,3,10,78,100,103,41,140,133,128,80,10,5,3,12,89,108,115,45,164,156,151,98,11,7,2,9,59,72,78,31,109,104,100,66,8,5,2,6,38,53,51,21,71,71,72,46,5,3,3,10,73,90,92,36,129,123,118,72,8,5,3,10,71,87,94,38,131,126,119,78,10,6,2.88,10.12,73.5,89.88,95.75,38.12,134.38,127.88,122.0,78.38,9.25,5.5
Asphalt_0cm_S10,2026-04-02T20:31:04.733453,3,10,74,91,100,40,144,136,126,84,10,6,4,15,106,118,133,54,187,174,161,103,12,7,3,10,78,100,103,41,140,133,128,80,10,5,3,12,89,108,115,45,164,156,151,98,11,7,2,9,59,72,78,31,109,104,100,66,8,5,2,6,38,53,51,21,72,71,72,46,5,3,3,10,73,90,92,36,129,122,118,72,8,5,3,10,71,87,94,38,131,126,119,77,9,6,2.88,10.25,73.5,89.88,95.75,38.25,134.5,127.75,121.88,78.25,9.12,5.5
Asphalt_0cm_S10,2026-04-02T20:31:04.825588,3,10,74,91,100,40,144,136,126,84,10,6,4,16,106,118,132,54,186,174,162,103,12,7,3,10,78,100,103,41,140,134,128,80,10,5,3,12,89,108,115,46,164,156,151,98,11,7,2,9,59,72,78,31,109,104,100,66,8,5,2,6,38,53,51,21,72,71,72,46,5,3,3,10,73,90,92,36,129,122,118,72,8,5,3,10,71,87,94,38,131,126,119,77,9,6,2.88,10.38,73.5,89.88,95.62,38.38,134.38,127.88,122.0,78.25,9.12,5.5
Asphalt_0cm_S10,2026-04-02T20:31:04.918798,3,10,74,91,100,40,144,136,126,84,10,6,4,16,106,118,132,54,186,174,162,103,12,7,3,10,78,100,103,41,140,134,128,80,10,5,3,12,89,108,115,46,164,156,151,98,11,7,2,9,59,72,78,31,109,104,100,66,8,5,2,6,38,53,51,21,72,71,72,46,5,3,3,10,73,90,92,36,129,122,118,72,8,5,3,10,71,87,94,38,131,126,119,77,9,6,2.88,10.38,73.5,89.88,95.62,38.38,134.38,127.88,122.0,78.25,9.12,5.5
Asphalt_0cm_S10,2026-04-02T20:31:05.024627,3,10,74,91,100,40,143,136,127,84,10,6,4,16,106,118,132,54,186,174,162,103,12,7,3,10,78,100,103,41,140,134,128,80,10,5,3,12,89,108,115,46,164,156,151,98,11,7,2,9,59,72,78,31,109,104,101,66,8,5,2,6,38,53,51,21,72,71,72,46,5,3,3,10,73,90,92,36,129,122,118,72,8,5,3,10,71,87,94,38,131,126,119,78,9,6,2.88,10.38,73.5,89.88,95.62,38.38,134.25,127.88,122.25,78.38,9.12,5.5
Asphalt_0cm_S10,2026-04-02T20:31:05.117207,3,9,73,91,100,39,143,136,127,84,10,6,4,16,106,118,133,54,187,175,161,103,13,7,3,10,78,100,103,41,140,133,128,80,10,5,3,12,89,108,115,46,164,156,151,98,11,7,2,9,59,72,78,31,109,104,101,66,8,5,2,6,38,53,51,21,72,71,72,46,5,3,3,10,73,90,92,36,129,122,119,72,8,5,3,10,71,87,94,38,131,126,119,78,9,6,2.88,10.25,73.38,89.88,95.75,38.25,134.38,127.88,122.25,78.38,9.25,5.5
Asphalt_0cm_S10,2026-04-02T20:31:05.224521,3,9,73,91,100,39,143,136,127,84,10,6,4,16,106,118,133,54,187,175,161,103,13,7,3,10,78,100,103,41,140,133,128,80,10,5,3,12,89,108,115,46,164,156,151,98,11,7,2,9,59,72,78,31,109,104,101,66,8,5,2,6,38,53,51,21,72,71,72,46,5,3,3,10,73,90,92,36,129,122,119,72,8,5,3,10,71,87,94,38,131,126,119,78,9,6,2.88,10.25,73.38,89.88,95.75,38.25,134.38,127.88,122.25,78.38,9.25,5.5
Asphalt_0cm_S10,2026-04-02T20:31:05.336638,3,10,73,91,100,40,143,136,127,85,10,5,4,15,106,118,132,54,186,174,161,103,12,7,3,10,78,100,103,41,141,134,128,80,10,5,3,12,89,108,115,46,164,156,151,98,11,7,2,9,59,72,78,31,109,104,100,66,8,5,2,6,38,53,51,21,72,71,72,46,5,3,3,10,73,90,92,36,129,122,119,72,8,5,3,10,71,87,94,38,131,126,119,78,9,6,2.88,10.25,73.38,89.88,95.62,38.38,134.38,127.88,122.12,78.5,9.12,5.38
Asphalt_0cm_S10,2026-04-02T20:31:05.424605,3,10,73,91,100,39,144,136,127,85,10,6,4,15,106,118,132,54,186,174,161,103,12,7,3,10,78,100,103,41,141,134,128,80,10,5,3,12,89,108,115,46,164,156,151,98,11,7,2,9,59,72,78,31,109,104,100,66,8,5,2,6,38,53,51,21,72,71,72,46,5,3,3,10,73,90,92,36,129,122,118,72,8,5,3,10,71,87,94,38,131,126,119,78,9,6,2.88,10.25,73.38,89.88,95.62,38.25,134.5,127.88,122.0,78.5,9.12,5.5
Asphalt_0cm_S10,2026-04-02T20:31:05.518860,3,10,73,91,100,39,144,136,127,85,10,6,4,15,106,118,132,54,186,174,161,103,12,7,3,10,78,100,103,41,141,134,128,80,10,5,3,12,89,108,115,46,164,156,151,98,11,7,2,9,59,72,78,31,109,104,100,66,8,5,2,6,38,53,51,21,72,71,72,46,5,3,3,10,73,90,92,36,129,122,118,72,8,5,3,10,71,87,94,38,131,126,119,78,9,6,2.88,10.25,73.38,89.88,95.62,38.25,134.5,127.88,122.0,78.5,9.12,5.5
Asphalt_0cm_S10,2026-04-02T20:31:05.607794,3,10,74,91,100,39,143,136,127,84,10,6,4,15,106,118,132,54,187,175,161,103,12,7,3,10,78,100,104,41,140,134,128,80,10,5,3,12,89,108,115,46,165,156,151,98,11,7,2,9,59,72,78,31,109,104,100,66,8,5,2,6,38,53,51,21,72,71,72,46,5,3,3,10,73,90,92,36,129,122,119,73,8,5,3,10,71,87,94,38,131,126,119,78,10,6,2.88,10.25,73.5,89.88,95.75,38.25,134.5,128.0,122.12,78.5,9.25,5.5
Asphalt_0cm_S10,2026-04-02T20:31:05.699474,3,10,74,91,100,39,143,136,127,84,10,6,4,15,106,118,132,54,187,175,161,103,12,7,3,10,78,100,104,41,140,134,128,80,10,5,3,12,89,108,115,46,164,156,151,98,11,7,2,9,59,72,78,31,109,104,100,66,8,5,2,6,38,53,51,21,72,70,72,46,5,3,3,10,73,90,92,36,129,123,119,72,8,5,3,10,71,87,94,38,131,126,119,78,9,6,2.88,10.25,73.5,89.88,95.75,38.25,134.38,128.0,122.12,78.38,9.12,5.5
Asphalt_0cm_S10,2026-04-02T20:31:05.790774,3,9,74,91,100,40,143,136,127,84,10,6,4,15,106,118,132,54,187,174,161,103,12,7,3,10,78,100,103,41,140,134,128,80,10,5,3,12,89,108,115,45,164,156,150,98,11,7,2,9,59,72,78,31,109,105,100,66,8,5,2,6,38,53,51,21,72,70,72,46,5,3,3,10,73,90,92,36,129,123,119,72,8,5,3,10,71,87,94,38,131,126,119,78,9,6,2.88,10.12,73.5,89.88,95.62,38.25,134.38,128.0,122.0,78.38,9.12,5.5
Asphalt_0cm_S10,2026-04-02T20:31:05.894514,3,9,74,91,100,40,143,136,127,84,10,6,4,15,106,118,132,54,187,174,161,103,12,7,3,10,78,100,103,41,140,134,128,80,10,5,3,12,89,108,115,45,164,156,150,98,11,7,2,9,59,72,78,31,109,105,100,66,8,5,2,6,38,53,51,21,72,70,72,46,5,3,3,10,73,90,92,36,129,123,118,72,8,5,3,10,71,87,94,38,131,127,119,78,9,6,2.88,10.12,73.5,89.88,95.62,38.25,134.38,128.12,121.88,78.38,9.12,5.5
Asphalt_0cm_S10,2026-04-02T20:31:05.983158,3,9,74,91,100,40,143,136,127,84,10,6,4,15,106,118,132,54,187,174,161,103,12,7,3,10,78,100,103,41,140,134,128,80,10,5,3,12,89,108,115,45,164,156,150,98,11,7,2,9,59,72,78,31,109,105,100,66,8,5,2,6,38,53,51,21,72,70,72,46,5,3,3,10,73,90,92,36,129,123,118,72,8,5,3,10,71,87,94,38,131,127,119,78,9,6,2.88,10.12,73.5,89.88,95.62,38.25,134.38,128.12,121.88,78.38,9.12,5.5
Asphalt_0cm_S10,2026-04-02T20:31:06.071858,3,9,74,91,100,39,143,136,127,84,10,6,4,15,106,118,133,54,187,174,161,103,12,7,3,10,78,100,103,41,140,134,128,80,10,5,3,12,89,108,115,46,165,156,151,98,11,7,2,9,59,72,78,31,109,105,100,66,8,5,2,6,38,53,51,21,72,70,72,46,5,3,3,10,73,90,92,36,129,123,118,72,8,5,3,10,71,87,94,38,131,127,119,78,9,6,2.88,10.12,73.5,89.88,95.75,38.25,134.5,128.12,122.0,78.38,9.12,5.5
Asphalt_0cm_S10,2026-04-02T20:31:06.166304,3,9,74,91,100,39,143,136,127,84,10,6,4,15,106,118,132,54,186,174,161,103,13,7,3,10,78,100,104,41,141,134,128,80,10,5,3,12,89,108,115,46,164,156,151,98,11,7,2,9,59,72,77,32,109,105,100,66,8,5,2,6,38,53,51,21,72,70,72,46,5,3,3,10,73,90,92,36,130,122,118,73,8,5,3,10,71,87,94,38,131,127,119,78,9,6,2.88,10.12,73.5,89.88,95.62,38.38,134.5,128.0,122.0,78.5,9.25,5.5
Asphalt_0cm_S10,2026-04-02T20:31:06.270986,3,10,73,91,100,40,143,136,127,85,10,6,4,15,106,118,132,54,187,174,162,103,12,7,3,10,78,100,103,41,141,134,128,80,10,5,3,12,89,108,115,46,164,156,151,98,11,7,2,9,59,72,77,32,109,105,100,66,8,5,2,6,38,53,51,21,72,70,72,46,5,3,3,10,73,90,92,36,130,122,118,73,8,5,3,10,71,87,94,38,131,126,119,78,9,6,2.88,10.25,73.38,89.88,95.5,38.5,134.62,127.88,122.12,78.62,9.12,5.5
Asphalt_0cm_S10,2026-04-02T20:31:06.359786,3,10,73,91,100,40,143,136,127,85,10,6,4,15,106,118,132,54,187,174,162,103,12,7,3,10,78,100,103,41,141,134,128,80,10,5,3,12,89,108,115,45,164,156,151,98,11,7,2,9,59,72,78,31,109,104,100,66,8,5,2,6,38,53,51,21,72,71,72,46,5,3,3,10,73,91,92,36,130,122,119,72,8,5,3,10,71,87,94,38,131,126,119,78,9,6,2.88,10.25,73.38,90.0,95.62,38.25,134.62,127.88,122.25,78.5,9.12,5.5
Asphalt_0cm_S10,2026-04-02T20:31:06.455321,3,9,74,91,100,39,143,136,126,85,10,5,4,15,106,118,133,54,187,174,161,102,12,7,3,10,78,100,103,41,140,134,128,80,10,5,3,12,89,108,115,45,164,156,151,98,11,7,2,9,59,72,78,31,109,104,100,66,8,5,2,6,38,53,51,21,72,71,72,46,5,3,3,10,73,91,92,36,130,122,119,72,8,5,3,10,71,87,94,38,131,126,119,78,9,6,2.88,10.12,73.5,90.0,95.75,38.12,134.5,127.88,122.0,78.38,9.12,5.38
Asphalt_0cm_S10,2026-04-02T20:31:06.557713,3,9,74,91,100,39,143,136,126,85,10,5,4,15,106,118,133,54,187,174,161,102,12,7,3,10,78,100,103,41,140,134,128,80,10,5,3,12,89,108,115,45,164,156,151,98,11,7,2,9,59,72,78,31,109,104,100,66,8,5,2,6,38,53,51,21,72,71,72,46,5,3,3,10,73,91,92,36,130,122,119,72,8,5,3,10,71,87,94,38,131,126,119,78,9,6,2.88,10.12,73.5,90.0,95.75,38.12,134.5,127.88,122.0,78.38,9.12,5.38
Asphalt_0cm_S10,2026-04-02T20:31:06.645380,3,10,73,91,100,40,143,136,127,84,10,6,4,15,106,118,132,54,186,174,162,103,12,7,3,10,78,100,103,41,140,134,128,80,10,5,3,12,89,108,115,46,164,156,151,98,11,7,2,9,59,72,78,31,109,104,100,66,8,5,2,6,38,53,51,21,72,71,72,46,5,3,3,10,73,90,92,36,130,122,119,72,8,5,3,10,71,87,94,38,131,127,119,78,9,6,2.88,10.25,73.38,89.88,95.62,38.38,134.38,128.0,122.25,78.38,9.12,5.5
Asphalt_0cm_S10,2026-04-02T20:31:06.731058,3,9,73,91,100,39,143,136,127,84,10,6,4,15,106,118,132,54,186,174,162,103,12,7,3,10,78,100,103,41,140,134,128,80,10,5,3,12,89,108,115,46,164,156,151,98,11,7,2,9,59,72,78,31,109,104,100,66,8,5,2,6,38,53,51,21,72,71,72,46,5,3,3,10,73,90,92,36,130,123,119,72,8,5,3,10,71,87,94,38,131,127,119,78,10,6,2.88,10.12,73.38,89.88,95.62,38.25,134.38,128.12,122.25,78.38,9.25,5.5
Asphalt_0cm_S10,2026-04-02T20:31:06.838388,3,9,73,91,100,39,143,136,127,84,10,6,4,15,106,118,133,54,186,175,162,103,13,7,3,10,78,100,102,41,140,133,128,80,10,5,3,12,89,108,115,45,165,156,151,98,11,7,2,9,59,72,78,32,109,104,100,66,8,5,2,6,38,53,51,21,72,70,72,46,5,3,3,10,73,90,92,36,130,123,119,72,8,5,3,10,71,87,94,38,131,127,119,78,10,6,2.88,10.12,73.38,89.88,95.62,38.25,134.5,128.0,122.25,78.38,9.38,5.5
Asphalt_0cm_S10,2026-04-02T20:31:06.931384,3,9,74,91,100,40,144,136,127,85,10,6,4,15,106,118,132,54,187,174,162,103,12,7,3,10,78,100,102,41,140,133,128,80,10,5,3,12,89,108,115,45,165,156,151,98,11,7,2,9,59,72,78,32,109,104,100,66,8,5,2,6,38,53,51,21,72,70,72,46,5,3,3,10,73,90,92,36,130,123,119,72,8,5,3,10,71,87,94,38,132,126,119,78,9,6,2.88,10.12,73.5,89.88,95.5,38.38,134.88,127.75,122.25,78.5,9.12,5.5
Asphalt_0cm_S10,2026-04-02T20:31:07.027384,3,9,74,91,100,40,144,136,127,85,10,6,4,15,106,118,132,54,187,174,162,103,12,7,3,10,78,100,102,41,140,133,128,80,10,5,3,12,89,108,115,45,165,156,151,98,11,7,2,9,59,72,78,32,109,104,100,66,8,5,2,6,38,53,51,21,72,70,72,46,5,3,3,10,73,90,92,36,130,123,119,72,8,5,3,10,71,87,94,38,132,126,119,78,9,6,2.88,10.12,73.5,89.88,95.5,38.38,134.88,127.75,122.25,78.5,9.12,5.5
Asphalt_0cm_S10,2026-04-02T20:31:07.111429,3,9,74,91,100,40,144,136,127,85,10,6,4,15,106,118,132,54,187,174,162,103,12,7,3,10,78,100,103,41,140,134,128,80,10,5,3,12,89,108,115,46,164,156,151,98,11,7,2,9,59,72,78,31,109,105,101,66,8,5,2,6,38,53,51,21,72,71,72,46,5,3,3,10,73,90,92,36,130,123,119,72,8,5,3,10,71,87,94,38,132,126,119,78,9,6,2.88,10.12,73.5,89.88,95.62,38.38,134.75,128.12,122.38,78.5,9.12,5.5
Asphalt_0cm_S10,2026-04-02T20:31:07.217738,3,9,74,91,100,40,144,136,127,85,10,6,4,15,106,118,132,54,187,174,162,103,12,7,3,10,78,100,103,41,140,134,128,80,10,5,3,12,89,108,115,46,164,156,151,98,11,7,2,9,59,72,78,31,109,105,101,66,8,5,2,6,38,53,51,21,72,71,72,46,5,3,3,10,73,90,92,36,130,123,119,72,8,5,3,10,71,87,94,38,132,126,119,78,9,6,2.88,10.12,73.5,89.88,95.62,38.38,134.75,128.12,122.38,78.5,9.12,5.5
Asphalt_0cm_S10,2026-04-02T20:31:07.302713,3,10,73,91,100,39,143,136,127,84,10,6,4,15,106,118,133,54,186,174,162,103,12,7,3,10,78,100,103,41,140,133,128,80,10,5,3,12,89,108,115,46,165,156,151,98,11,7,2,9,59,72,78,31,109,104,100,66,8,5,2,6,38,53,51,21,71,71,72,46,5,3,3,10,73,90,92,36,130,123,118,72,8,5,3,10,71,87,94,38,132,127,119,78,10,6,2.88,10.25,73.38,89.88,95.75,38.25,134.5,128.0,122.12,78.38,9.25,5.5
Asphalt_0cm_S10,2026-04-02T20:31:07.410034,3,10,74,91,100,40,144,136,127,84,10,6,4,15,106,118,133,54,187,174,161,103,12,7,3,10,78,100,103,41,140,133,128,80,10,5,3,12,89,108,115,46,165,156,151,98,11,7,2,9,59,72,78,31,109,104,100,66,8,5,2,6,38,53,51,21,72,71,72,46,5,3,3,10,73,90,92,36,129,122,119,72,8,5,3,10,71,87,94,38,132,127,119,78,10,6,2.88,10.25,73.5,89.88,95.75,38.38,134.75,127.88,122.12,78.38,9.25,5.5
Asphalt_0cm_S10,2026-04-02T20:31:07.525328,3,10,74,91,100,40,144,136,127,84,10,6,4,15,106,118,133,54,187,174,161,103,12,7,3,10,78,100,103,41,140,133,128,80,10,5,3,12,89,108,115,46,165,156,151,98,11,7,2,9,59,72,78,31,109,104,100,66,8,5,2,6,38,53,51,21,72,71,72,46,5,3,3,10,73,90,92,36,129,122,119,72,8,5,3,10,71,87,94,38,132,127,119,78,10,6,2.88,10.25,73.5,89.88,95.75,38.38,134.75,127.88,122.12,78.38,9.25,5.5
Asphalt_0cm_S10,2026-04-02T20:31:07.608304,3,10,74,91,100,40,144,136,127,84,10,6,4,15,106,118,133,54,187,174,161,103,12,7,3,10,78,100,103,41,140,133,128,80,10,5,3,12,89,108,115,46,165,156,151,98,11,7,2,9,59,72,78,31,109,104,100,66,8,5,2,6,38,53,51,21,72,71,72,46,5,3,3,10,73,90,92,36,129,122,119,72,8,5,3,10,71,87,94,38,132,127,119,78,10,6,2.88,10.25,73.5,89.88,95.75,38.38,134.75,127.88,122.12,78.38,9.25,5.5
Asphalt_0cm_S10,2026-04-02T20:31:07.699465,3,10,74,91,100,40,144,136,127,84,10,6,4,15,106,118,133,54,187,174,161,103,12,7,3,10,78,100,103,41,140,133,128,80,10,5,3,12,89,108,115,46,165,156,151,98,11,7,2,9,59,72,78,31,109,104,101,66,8,5,2,6,38,53,51,21,72,71,72,46,5,3,3,10,73,90,92,36,130,123,119,72,8,5,3,10,71,87,94,38,132,127,119,78,10,6,2.88,10.25,73.5,89.88,95.75,38.38,134.88,128.0,122.25,78.38,9.25,5.5
Asphalt_0cm_S10,2026-04-02T20:31:07.790051,3,10,74,91,100,40,144,136,127,84,10,6,4,15,106,118,133,54,187,174,161,103,12,7,3,10,78,100,103,41,140,133,128,80,10,5,3,12,89,108,115,46,165,156,151,98,11,7,2,9,59,72,78,31,109,104,101,66,8,5,2,6,38,53,51,21,72,71,72,46,5,3,3,10,73,90,92,36,130,123,119,72,8,5,3,10,71,87,94,38,132,127,119,78,10,6,2.88,10.25,73.5,89.88,95.75,38.38,134.88,128.0,122.25,78.38,9.25,5.5
Asphalt_0cm_S10,2026-04-02T20:31:07.877794,3,10,73,91,100,40,144,136,127,84,10,6,4,15,106,118,133,54,187,174,162,103,12,7,3,10,78,100,103,41,140,133,128,80,10,5,3,12,90,108,115,46,164,156,151,98,11,7,2,9,59,72,78,31,109,104,101,66,8,5,2,6,38,53,51,21,72,71,72,46,5,3,3,10,73,90,92,36,130,122,119,72,8,5,3,10,71,87,94,38,132,127,119,78,10,6,2.88,10.25,73.5,89.88,95.75,38.38,134.75,127.88,122.38,78.38,9.25,5.5
Asphalt_0cm_S10,2026-04-02T20:31:07.967605,3,9,74,91,100,40,143,136,127,84,10,6,4,15,106,118,133,54,187,175,162,103,12,7,3,10,78,100,103,41,140,133,128,80,10,5,3,12,90,108,115,46,164,156,151,98,11,7,2,9,59,72,78,31,109,104,101,66,8,5,2,6,38,53,51,21,72,71,72,46,5,3,3,10,73,90,92,36,130,122,119,72,8,5,3,10,71,87,94,38,132,127,119,78,10,6,2.88,10.12,73.62,89.88,95.75,38.38,134.62,128.0,122.38,78.38,9.25,5.5
Asphalt_0cm_S10,2026-04-02T20:31:08.053015,3,9,74,91,100,40,143,136,127,84,10,6,4,15,106,118,133,54,187,175,162,103,12,7,3,10,78,100,103,41,140,133,128,80,10,5,3,12,90,108,115,46,164,156,151,98,11,7,2,9,59,72,78,31,109,104,101,66,8,5,2,6,38,53,51,21,72,71,72,46,5,3,3,10,73,90,92,36,130,122,119,72,8,5,3,10,71,87,94,38,132,127,119,78,10,6,2.88,10.12,73.62,89.88,95.75,38.38,134.62,128.0,122.38,78.38,9.25,5.5
Asphalt_0cm_S10,2026-04-02T20:31:08.154957,3,9,74,91,100,40,143,136,127,84,10,6,4,15,106,118,133,54,187,175,162,103,12,7,3,10,78,100,103,41,140,133,128,80,10,5,3,12,90,108,115,46,165,156,151,98,11,7,2,9,59,72,78,31,109,104,101,66,8,5,2,6,38,53,51,21,72,71,72,46,5,3,3,10,73,90,92,36,130,122,119,72,8,5,3,10,71,87,94,38,132,127,119,78,10,6,2.88,10.12,73.62,89.88,95.75,38.38,134.75,128.0,122.38,78.38,9.25,5.5
Asphalt_0cm_S10,2026-04-02T20:31:08.245486,3,9,74,91,100,40,143,136,127,84,10,6,4,15,106,118,133,54,187,175,162,103,12,7,3,10,78,100,103,41,140,133,128,80,10,5,3,12,90,108,115,46,165,156,151,98,11,7,2,9,59,72,78,31,109,104,101,66,8,5,2,6,38,53,51,21,72,71,72,46,5,3,3,10,73,90,92,36,130,122,119,72,8,5,3,10,71,87,94,38,132,127,119,78,10,6,2.88,10.12,73.62,89.88,95.75,38.38,134.75,128.0,122.38,78.38,9.25,5.5
Asphalt_0cm_S10,2026-04-02T20:31:08.356143,3,9,73,91,100,39,144,136,127,84,10,5,4,15,106,118,133,54,187,175,162,103,12,7,3,10,78,100,103,41,140,133,128,80,10,5,3,12,89,108,115,46,165,156,151,98,11,7,2,9,59,72,78,31,109,105,100,66,8,5,2,6,38,53,51,21,72,71,72,46,5,3,3,10,73,90,92,36,130,123,119,73,8,5,3,10,71,87,94,38,132,127,119,78,10,6,2.88,10.12,73.38,89.88,95.75,38.25,134.88,128.25,122.25,78.5,9.25,5.38
Asphalt_0cm_S10,2026-04-02T20:31:08.479449,3,10,74,91,100,40,144,136,127,85,10,6,4,15,106,118,133,54,187,175,161,103,12,7,3,10,78,100,103,41,140,133,128,80,10,5,3,12,89,108,115,46,165,156,151,98,11,7,2,9,59,72,78,31,109,105,100,66,8,5,2,6,38,53,51,21,72,71,72,46,5,3,3,10,73,90,92,36,130,123,119,73,8,5,3,10,71,87,94,38,132,127,119,78,10,6,2.88,10.25,73.5,89.88,95.75,38.38,134.88,128.25,122.12,78.62,9.25,5.5
Asphalt_0cm_S10,2026-04-02T20:31:08.574143,3,10,74,91,100,40,144,136,127,85,10,6,4,15,106,118,133,54,187,175,161,103,12,7,3,10,78,100,103,41,140,134,128,79,10,5,3,12,89,108,115,46,165,156,151,98,11,7,2,9,59,72,78,31,109,104,101,66,8,5,2,6,38,53,51,21,72,71,72,46,5,3,3,10,73,90,92,36,130,123,119,73,8,5,3,10,71,87,94,38,132,127,119,78,10,6,2.88,10.25,73.5,89.88,95.75,38.38,134.88,128.25,122.25,78.5,9.25,5.5
Asphalt_0cm_S10,2026-04-02T20:31:08.677442,3,10,74,91,100,40,144,136,127,85,10,6,4,15,106,118,133,54,187,175,161,103,13,7,3,10,78,100,103,41,140,133,128,80,10,5,3,12,89,108,115,46,164,156,151,98,11,7,2,9,59,72,78,31,109,104,100,66,8,5,2,6,38,53,51,21,72,71,72,46,5,3,3,10,73,91,92,36,130,123,119,73,8,5,3,10,71,87,94,38,132,127,120,78,9,6,2.88,10.25,73.5,90.0,95.75,38.38,134.75,128.12,122.25,78.62,9.25,5.5
Asphalt_0cm_S10,2026-04-02T20:31:08.779508,3,10,74,91,100,40,144,136,127,85,10,6,4,15,106,118,133,54,187,175,162,103,12,7,3,10,78,100,103,41,140,133,128,80,10,5,3,12,89,108,115,46,164,156,151,98,11,7,2,9,59,72,78,31,109,104,100,66,8,5,2,6,38,53,51,21,72,71,72,46,5,3,3,10,73,91,92,36,130,123,119,73,8,5,3,10,71,87,94,38,132,127,120,78,10,6,2.88,10.25,73.5,90.0,95.75,38.38,134.75,128.12,122.38,78.62,9.25,5.5
Asphalt_0cm_S10,2026-04-02T20:31:08.870040,3,10,74,91,100,40,144,136,127,85,10,6,4,15,106,118,133,54,187,175,162,103,12,7,3,10,78,100,103,41,140,134,128,80,10,5,3,12,89,108,115,46,164,156,151,98,11,7,2,9,59,72,78,31,108,104,100,66,8,5,2,6,38,53,51,21,72,71,72,46,5,3,3,10,73,90,92,36,130,123,119,72,8,5,3,10,71,87,94,38,132,127,120,78,10,6,2.88,10.25,73.5,89.88,95.75,38.38,134.62,128.25,122.38,78.5,9.25,5.5
Asphalt_0cm_S10,2026-04-02T20:31:08.995934,3,10,74,91,100,40,144,136,127,85,10,6,4,15,106,118,132,54,187,174,162,103,13,7,3,10,78,100,103,41,140,134,128,80,10,5,2,12,89,108,115,45,165,157,151,98,11,7,2,9,59,72,78,31,109,104,100,66,8,5,2,6,38,53,51,21,72,71,72,46,5,3,3,10,73,90,92,36,130,123,119,72,8,5,3,10,71,87,94,38,132,127,120,78,10,6,2.75,10.25,73.5,89.88,95.62,38.25,134.88,128.25,122.38,78.5,9.38,5.5
Asphalt_0cm_S10,2026-04-02T20:31:09.107550,3,9,74,91,101,39,143,136,127,84,10,6,4,15,106,118,133,54,187,175,162,103,12,7,3,10,78,100,103,41,140,134,128,80,10,5,2,12,89,108,115,45,165,157,151,98,11,7,2,9,59,72,78,31,109,104,100,66,8,5,2,6,38,53,51,21,72,71,72,46,5,3,3,10,73,90,92,36,130,123,119,72,8,5,3,10,72,88,95,38,132,127,120,78,10,6,2.75,10.12,73.62,90.0,96.0,38.12,134.75,128.38,122.38,78.38,9.25,5.5
Asphalt_0cm_S10,2026-04-02T20:31:09.206738,3,9,74,91,101,39,143,136,127,84,10,6,4,15,106,118,133,54,187,175,162,103,12,7,3,10,78,100,103,41,140,134,128,80,10,5,2,12,89,108,115,45,165,157,151,98,11,7,2,9,59,72,78,31,109,104,100,66,8,5,2,6,38,53,51,21,72,71,72,46,5,3,3,10,73,90,92,36,130,123,119,72,8,5,3,10,72,88,95,38,132,127,120,78,10,6,2.75,10.12,73.62,90.0,96.0,38.12,134.75,128.38,122.38,78.38,9.25,5.5
Asphalt_0cm_S10,2026-04-02T20:31:09.296073,3,9,74,91,101,39,143,136,127,84,10,6,4,15,106,118,133,54,187,175,162,103,12,7,3,10,78,100,103,41,140,134,128,80,10,5,3,12,89,108,115,46,164,156,151,98,11,7,2,9,59,72,78,31,109,104,100,66,8,5,2,6,38,53,51,21,72,71,72,46,5,3,3,10,73,90,92,36,130,123,119,72,8,5,3,10,72,88,95,38,132,127,120,78,10,6,2.88,10.12,73.62,90.0,96.0,38.25,134.62,128.25,122.38,78.38,9.25,5.5
Asphalt_0cm_S10,2026-04-02T20:31:09.383699,3,9,73,91,100,40,143,136,127,85,10,6,4,15,106,118,133,54,187,175,162,103,12,7,3,10,78,100,103,41,141,134,128,80,10,5,3,12,89,108,115,46,165,156,151,98,11,7,2,9,59,72,78,31,109,104,100,66,8,5,2,6,38,53,51,21,72,71,72,46,5,3,3,10,73,90,92,36,130,123,119,72,8,5,3,10,72,88,95,38,132,127,120,78,10,6,2.88,10.12,73.5,90.0,95.88,38.38,134.88,128.25,122.38,78.5,9.25,5.5
Asphalt_0cm_S10,2026-04-02T20:31:09.483360,3,9,74,91,100,40,143,136,127,85,10,6,4,15,106,118,133,54,187,175,162,103,12,7,3,10,78,100,103,41,140,134,128,80,10,5,3,12,90,108,115,46,165,156,151,98,11,7,2,9,59,72,78,31,109,104,100,66,8,5,2,6,38,53,51,21,72,71,72,46,5,3,3,10,73,90,92,36,130,123,119,72,8,5,3,10,72,88,95,38,132,127,120,78,10,6,2.88,10.12,73.75,90.0,95.88,38.38,134.75,128.25,122.38,78.5,9.25,5.5
Asphalt_0cm_S10,2026-04-02T20:31:09.596186,3,9,74,91,100,39,143,136,127,84,10,6,4,15,106,118,133,54,187,175,162,103,12,7,3,10,78,100,103,41,140,134,128,80,10,5,3,12,90,108,115,46,165,156,151,98,11,7,2,9,59,72,78,31,109,104,100,66,8,5,2,6,38,53,51,21,72,71,72,46,5,3,3,10,73,91,92,36,130,123,119,73,8,5,3,10,72,88,95,38,132,127,120,78,10,6,2.88,10.12,73.75,90.12,95.88,38.25,134.75,128.25,122.38,78.5,9.25,5.5
Asphalt_0cm_S10,2026-04-02T20:31:09.697985,3,9,74,91,100,39,143,136,127,84,10,6,4,15,106,119,133,54,187,175,162,103,12,7,3,10,78,100,103,41,140,134,128,80,10,5,3,12,89,108,115,46,165,156,151,98,11,7,2,9,59,72,78,31,109,104,100,66,8,5,2,6,38,53,51,21,72,71,72,46,5,3,3,10,73,90,92,36,130,123,119,73,8,5,3,10,72,88,95,38,132,127,120,78,10,6,2.88,10.12,73.62,90.12,95.88,38.25,134.75,128.25,122.38,78.5,9.25,5.5
Asphalt_0cm_S10,2026-04-02T20:31:09.805724,3,10,73,91,100,39,143,136,127,84,10,6,4,16,106,118,133,54,187,175,162,103,12,7,3,10,78,100,103,41,140,134,128,80,10,5,3,12,89,108,115,46,165,156,151,98,11,7,2,9,59,72,78,31,109,104,100,66,8,5,2,6,38,53,51,21,72,71,72,46,5,3,3,10,73,90,92,36,130,123,119,73,8,5,3,10,72,88,95,38,133,127,120,78,10,6,2.88,10.38,73.5,90.0,95.88,38.25,134.88,128.25,122.38,78.5,9.25,5.5
Asphalt_0cm_S10,2026-04-02T20:31:09.915103,3,9,73,91,100,40,143,136,127,85,10,6,4,16,106,118,133,54,187,175,162,103,12,7,3,10,78,100,104,41,141,134,128,80,10,5,3,12,89,108,115,46,165,156,151,98,11,7,2,9,59,72,78,31,109,104,100,66,8,5,2,6,38,53,51,21,72,71,72,46,5,3,3,10,73,90,92,36,130,123,119,73,8,5,3,10,72,88,95,38,133,128,120,78,10,6,2.88,10.25,73.5,90.0,96.0,38.38,135.0,128.38,122.38,78.62,9.25,5.5
Asphalt_0cm_S10,2026-04-02T20:31:10.009244,3,9,73,91,100,40,143,136,127,85,10,6,4,16,106,119,133,54,187,175,162,103,12,7,3,10,78,100,104,42,140,134,128,80,10,5,3,12,89,108,115,46,165,156,151,98,11,7,2,9,59,72,78,31,109,104,99,66,8,5,2,6,38,53,51,21,72,71,72,46,5,3,3,10,73,91,92,36,130,123,119,73,8,5,3,10,72,88,95,38,133,128,120,78,10,6,2.88,10.25,73.5,90.25,96.0,38.5,134.88,128.38,122.25,78.62,9.25,5.5
Asphalt_0cm_S10,2026-04-02T20:31:10.101262,3,9,73,91,100,40,144,136,127,85,10,6,4,15,106,119,133,54,187,175,162,103,12,7,3,10,78,100,104,41,141,134,128,80,10,6,3,12,89,108,115,46,165,156,151,98,11,7,2,9,59,72,78,31,109,104,99,66,8,5,2,6,38,53,51,21,72,71,72,46,5,3,3,10,73,91,92,36,130,123,119,73,8,5,3,10,72,88,95,38,133,128,120,78,10,6,2.88,10.12,73.5,90.25,96.0,38.38,135.12,128.38,122.25,78.62,9.25,5.62
Asphalt_0cm_S10,2026-04-02T20:31:10.202933,3,9,73,91,100,40,144,136,127,85,10,6,4,15,106,119,133,54,187,175,162,103,12,7,3,10,78,100,104,41,141,134,128,80,10,6,3,12,89,108,115,46,165,156,151,98,11,7,2,9,59,72,78,31,109,104,99,66,8,5,2,6,38,53,51,21,72,71,72,46,5,3,3,10,73,91,92,36,130,123,119,73,8,5,3,10,72,88,95,38,133,128,120,78,10,6,2.88,10.12,73.5,90.25,96.0,38.38,135.12,128.38,122.25,78.62,9.25,5.62
Asphalt_0cm_S10,2026-04-02T20:31:10.306561,3,9,74,91,100,39,144,136,127,85,10,6,4,15,106,119,133,54,187,175,162,103,12,7,3,10,78,100,104,41,141,134,128,80,10,5,3,12,90,108,115,46,165,156,151,98,11,7,2,9,59,72,77,31,109,104,100,66,8,5,2,6,38,53,51,21,72,71,72,46,5,3,3,10,73,91,92,36,130,123,119,73,8,5,3,10,72,88,95,38,133,128,120,78,10,6,2.88,10.12,73.75,90.25,95.88,38.25,135.12,128.38,122.38,78.62,9.25,5.5
Asphalt_0cm_S10,2026-04-02T20:31:10.396119,3,9,74,91,100,40,143,136,127,85,10,6,4,15,106,119,133,54,187,175,162,103,12,7,3,10,78,100,104,41,141,134,128,80,10,5,3,12,89,108,115,46,165,157,151,98,11,7,2,9,59,72,78,31,109,105,101,66,8,5,2,6,38,53,51,21,72,71,72,46,5,3,3,10,73,90,92,36,130,123,119,73,8,5,3,10,72,88,95,38,133,128,120,78,10,6,2.88,10.12,73.62,90.12,96.0,38.38,135.0,128.62,122.5,78.62,9.25,5.5
Asphalt_0cm_S10,2026-04-02T20:31:10.502714,3,9,74,91,100,40,143,136,127,85,10,6,4,15,106,119,133,54,187,175,162,103,12,7,3,10,78,101,104,41,141,134,128,80,10,5,3,12,89,108,115,46,165,157,151,98,11,7,2,9,59,72,78,31,109,105,101,66,8,5,2,6,38,53,51,21,72,71,72,46,5,3,3,10,73,90,92,36,130,123,119,73,8,5,3,10,72,88,95,38,133,128,120,78,10,6,2.88,10.12,73.62,90.25,96.0,38.38,135.0,128.62,122.5,78.62,9.25,5.5
Asphalt_0cm_S10,2026-04-02T20:31:10.611802,3,9,74,91,100,40,144,136,127,85,10,6,4,16,106,119,133,54,187,175,161,103,12,7,3,10,78,101,104,41,141,134,128,80,10,5,3,12,89,108,115,46,165,157,151,98,11,7,2,9,59,72,78,31,109,105,101,66,8,5,2,6,38,53,51,21,72,71,72,46,5,3,3,10,73,90,92,36,130,123,119,73,8,5,3,10,72,88,95,38,133,128,120,78,10,6,2.88,10.25,73.62,90.25,96.0,38.38,135.12,128.62,122.38,78.62,9.25,5.5
Asphalt_0cm_S10,2026-04-02T20:31:10.705866,3,9,74,91,100,40,144,136,127,85,10,6,4,16,106,119,133,54,187,175,161,103,12,7,3,10,78,101,104,42,141,134,128,80,10,5,3,12,90,108,115,46,165,156,151,98,12,7,2,9,59,72,78,31,109,105,101,66,8,5,2,6,38,53,51,21,72,71,72,46,5,3,3,10,73,90,92,36,130,123,119,73,8,5,3,10,72,88,95,38,133,128,120,78,10,6,2.88,10.25,73.75,90.25,96.0,38.5,135.12,128.5,122.38,78.62,9.38,5.5
Asphalt_0cm_S10,2026-04-02T20:31:10.799927,3,10,73,90,100,40,144,136,127,85,10,6,4,15,106,119,133,54,187,175,162,103,12,7,3,10,78,101,104,41,141,134,128,80,10,5,3,12,90,108,115,46,165,156,151,98,12,7,2,9,59,72,78,31,109,104,101,66,8,5,2,6,38,53,51,21,72,71,72,46,5,3,3,10,73,91,92,36,130,123,119,73,8,5,3,11,72,88,95,38,133,128,121,78,9,6,2.88,10.38,73.62,90.25,96.0,38.38,135.12,128.38,122.62,78.62,9.25,5.5
Asphalt_0cm_S10,2026-04-02T20:31:10.892671,3,10,73,90,100,40,144,136,127,85,10,6,4,15,106,119,133,54,187,175,162,103,12,7,3,10,78,101,104,41,141,134,128,80,10,5,3,12,90,108,115,46,165,156,151,98,12,7,2,9,59,72,78,31,109,104,101,66,8,5,2,6,38,53,51,21,72,71,72,46,5,3,3,10,73,90,92,36,130,123,119,73,8,5,3,10,72,88,95,38,133,128,120,79,10,6,2.88,10.25,73.62,90.12,96.0,38.38,135.12,128.38,122.5,78.75,9.38,5.5
Asphalt_0cm_S10,2026-04-02T20:31:11.010676,3,9,74,91,100,40,144,136,127,85,10,6,4,15,106,119,133,54,187,175,162,103,12,7,3,10,78,100,104,42,141,134,128,80,10,5,3,12,89,108,115,46,165,156,151,98,11,7,2,9,59,72,77,31,109,105,100,66,8,5,2,6,38,53,51,21,72,71,72,46,5,3,3,10,73,90,92,36,130,123,119,73,8,5,3,10,72,88,95,38,133,128,120,79,10,6,2.88,10.12,73.62,90.12,95.88,38.5,135.12,128.5,122.38,78.75,9.25,5.5
Asphalt_0cm_S10,2026-04-02T20:31:11.102528,3,9,74,91,100,40,143,136,127,85,10,6,4,15,106,118,133,54,187,175,162,103,13,7,3,10,78,100,104,42,141,134,128,80,10,5,3,12,89,108,115,46,165,156,151,98,11,7,2,9,59,72,77,31,109,105,100,66,8,5,2,6,38,53,51,21,72,71,72,46,5,3,3,10,73,90,92,36,130,123,119,73,8,5,3,10,72,88,95,38,133,128,121,78,10,6,2.88,10.12,73.62,90.0,95.88,38.5,135.0,128.5,122.5,78.62,9.38,5.5
Asphalt_0cm_S10,2026-04-02T20:31:11.210490,3,9,74,91,100,40,143,136,127,85,10,6,4,15,106,118,133,54,187,175,162,103,13,7,3,10,78,100,104,42,141,134,128,80,10,5,3,12,90,108,115,46,165,157,151,98,11,7,2,9,59,72,78,31,109,105,101,66,8,5,2,6,38,53,51,21,72,71,72,46,5,3,3,10,73,90,92,36,130,123,119,73,8,5,3,10,72,88,95,38,133,128,121,78,10,6,2.88,10.12,73.75,90.0,96.0,38.5,135.0,128.62,122.62,78.62,9.38,5.5
Asphalt_0cm_S10,2026-04-02T20:31:11.314145,3,10,73,91,100,39,144,136,127,85,10,6,4,16,106,119,133,54,187,175,162,103,12,7,3,10,78,101,104,42,141,134,128,80,10,5,3,12,90,108,115,46,165,157,151,98,11,7,2,9,59,72,78,31,109,104,101,66,8,5,2,6,38,53,51,21,72,71,72,46,5,3,3,10,73,91,92,36,130,123,119,73,8,5,3,10,72,88,95,38,133,128,121,79,10,6,2.88,10.38,73.62,90.38,96.0,38.38,135.12,128.5,122.62,78.75,9.25,5.5
Asphalt_0cm_S10,2026-04-02T20:31:11.407545,3,10,73,91,100,39,144,136,127,84,10,6,4,15,106,119,133,54,187,175,162,103,12,7,3,10,78,101,104,42,141,134,128,80,10,5,3,12,90,108,115,46,165,157,151,98,11,7,2,9,59,72,78,31,109,104,101,66,8,5,2,6,38,53,51,21,72,71,72,46,5,3,3,10,73,91,92,36,130,123,119,73,8,6,3,10,72,88,95,39,133,128,120,79,10,6,2.88,10.25,73.62,90.38,96.0,38.5,135.12,128.5,122.5,78.62,9.25,5.62
Asphalt_0cm_S10,2026-04-02T20:31:11.501918,3,10,73,91,100,39,144,136,127,84,10,6,4,15,106,119,133,54,187,175,162,103,12,7,3,10,78,101,104,42,141,134,128,80,10,5,3,12,90,108,115,46,165,157,151,98,11,7,2,9,59,72,78,31,109,104,100,66,8,5,2,6,38,53,51,21,72,71,72,46,5,3,3,10,73,91,92,36,130,123,119,73,8,6,3,10,72,88,95,39,133,128,120,79,10,6,2.88,10.25,73.62,90.38,96.0,38.5,135.12,128.5,122.38,78.62,9.25,5.62
Asphalt_0cm_S10,2026-04-02T20:31:11.603839,3,10,73,91,100,40,144,136,127,85,10,6,4,15,106,118,133,54,187,175,162,103,12,7,3,10,78,101,104,42,141,134,128,80,10,5,3,12,90,108,115,46,165,157,151,98,11,7,2,9,59,72,78,31,109,104,100,66,8,5,2,6,38,53,51,21,72,71,72,46,5,3,2,10,73,91,92,36,130,123,119,73,8,5,3,10,72,88,95,39,133,128,120,79,10,6,2.75,10.25,73.62,90.25,96.0,38.62,135.12,128.5,122.38,78.75,9.25,5.5
Asphalt_0cm_S10,2026-04-02T20:31:11.699414,3,10,73,91,100,40,144,136,127,85,10,6,4,15,106,118,133,54,187,175,162,103,12,7,3,10,78,101,104,42,141,134,128,80,10,5,3,12,90,108,115,46,165,157,151,98,11,7,2,9,59,72,78,31,109,105,101,66,8,5,2,6,38,53,51,21,72,71,72,46,5,3,3,10,73,90,92,36,130,123,119,73,8,5,3,10,72,88,95,38,133,128,121,79,10,6,2.88,10.25,73.62,90.12,96.0,38.5,135.12,128.62,122.62,78.75,9.25,5.5
Asphalt_0cm_S10,2026-04-02T20:31:11.787918,3,9,74,91,100,40,144,136,127,85,10,6,4,15,106,119,133,54,187,175,162,103,13,7,3,10,78,101,104,42,141,134,128,80,10,5,3,12,89,108,115,46,165,157,151,98,11,7,2,9,59,72,78,31,109,104,100,66,8,5,2,6,38,53,51,21,72,71,72,46,5,3,3,10,73,90,92,36,130,123,119,73,8,5,3,10,72,88,95,38,133,128,121,79,10,6,2.88,10.12,73.62,90.25,96.0,38.5,135.12,128.5,122.5,78.75,9.38,5.5
Asphalt_0cm_S10,2026-04-02T20:31:11.880011,3,9,74,91,100,39,143,136,127,85,10,6,4,15,106,119,133,54,187,175,162,103,13,7,3,10,78,101,104,42,141,134,128,80,10,5,3,12,89,108,115,46,165,157,151,98,11,7,2,9,59,72,78,31,109,104,100,66,8,5,2,6,38,53,51,21,72,71,72,46,5,3,3,10,73,91,92,36,130,123,119,73,8,5,3,10,72,88,95,39,133,128,121,78,9,6,2.88,10.12,73.62,90.38,96.0,38.5,135.0,128.5,122.5,78.62,9.25,5.5
Asphalt_0cm_S10,2026-04-02T20:31:11.971611,3,9,74,91,100,39,143,136,127,85,10,6,4,16,106,119,133,54,187,175,162,103,12,7,3,10,78,101,104,41,141,134,128,80,10,5,3,11,89,108,115,45,165,157,151,98,11,7,2,9,59,72,78,31,109,104,100,66,8,5,2,6,38,53,52,21,72,71,72,46,5,3,3,10,73,91,92,36,130,123,119,73,8,5,3,10,72,88,95,39,133,128,121,78,9,6,2.88,10.12,73.62,90.38,96.12,38.25,135.0,128.5,122.5,78.62,9.12,5.5
Asphalt_0cm_S10,2026-04-02T20:31:12.065278,3,9,74,91,100,40,143,136,127,85,10,6,4,16,106,119,133,54,188,175,162,103,13,7,3,10,78,101,104,41,141,134,128,80,10,5,3,11,89,108,115,45,165,157,151,98,11,7,2,9,59,72,78,31,109,104,100,66,8,5,2,6,38,53,52,21,72,71,72,46,5,3,3,10,73,90,92,36,130,123,119,73,8,5,3,10,72,88,95,39,133,128,121,78,9,6,2.88,10.12,73.62,90.25,96.12,38.38,135.12,128.5,122.5,78.62,9.25,5.5
Asphalt_0cm_S10,2026-04-02T20:31:12.158622,3,9,74,91,100,40,143,136,127,85,10,6,4,16,106,119,133,54,188,175,162,103,13,7,3,10,78,101,104,42,141,134,128,80,10,5,3,12,90,108,115,46,165,156,151,98,11,7,2,9,59,72,78,31,109,104,100,66,8,5,2,6,38,53,52,21,72,71,72,46,5,3,3,10,73,90,92,36,130,123,119,73,8,5,3,10,72,88,95,39,133,128,121,78,9,6,2.88,10.25,73.75,90.25,96.12,38.62,135.12,128.38,122.5,78.62,9.25,5.5
Asphalt_0cm_S10,2026-04-02T20:31:12.285760,3,10,73,91,100,40,144,136,127,85,10,6,4,16,106,119,133,54,188,175,162,103,13,7,3,10,78,101,104,41,141,134,129,80,10,5,3,12,90,108,115,46,165,156,151,98,11,7,2,9,59,72,78,31,109,104,100,66,8,5,2,6,38,53,51,21,72,71,72,46,5,3,3,10,73,91,92,36,130,123,119,73,8,5,3,10,72,88,95,39,133,128,120,79,10,6,2.88,10.38,73.62,90.38,96.0,38.5,135.25,128.38,122.5,78.75,9.38,5.5
Asphalt_0cm_S10,2026-04-02T20:31:12.386846,3,9,73,91,100,40,144,136,127,85,10,5,4,16,106,119,133,54,188,175,162,103,13,7,3,10,78,101,104,41,141,134,129,80,10,5,3,12,90,108,115,46,165,156,151,98,11,7,2,9,59,72,78,31,109,105,100,66,8,5,2,6,38,53,51,21,72,71,72,46,5,3,3,10,73,91,92,36,130,123,119,73,8,5,3,10,72,88,95,39,133,128,121,79,10,6,2.88,10.25,73.62,90.38,96.0,38.5,135.25,128.5,122.62,78.75,9.38,5.38
Asphalt_0cm_S10,2026-04-02T20:31:12.472050,3,9,73,91,100,40,144,136,127,85,10,5,4,16,106,119,133,54,188,175,162,103,12,7,3,10,78,101,104,41,141,134,128,80,10,5,3,12,89,108,115,46,165,156,151,98,11,7,2,9,59,72,78,31,109,104,101,66,8,5,2,6,38,53,52,21,72,71,72,46,5,3,3,10,73,91,92,36,130,123,119,73,8,5,3,10,72,88,95,39,133,128,121,79,10,6,2.88,10.25,73.5,90.38,96.12,38.5,135.25,128.38,122.62,78.75,9.25,5.38
Asphalt_0cm_S10,2026-04-02T20:31:12.583416,3,9,74,91,100,40,143,136,127,85,10,6,4,16,106,119,133,54,188,175,162,103,12,7,3,10,78,101,104,41,141,134,128,80,10,5,3,12,89,108,115,46,165,156,151,98,11,7,2,9,59,72,78,31,109,104,101,66,8,5,2,6,38,53,52,21,72,71,72,46,5,3,3,10,73,90,92,36,130,123,119,73,8,5,3,10,72,88,95,38,133,128,121,79,10,6,2.88,10.25,73.62,90.25,96.12,38.38,135.12,128.38,122.62,78.75,9.25,5.5
Asphalt_0cm_S10,2026-04-02T20:31:12.702076,3,9,74,91,100,40,143,136,127,85,10,6,4,16,106,119,133,54,188,175,162,103,12,7,3,10,78,101,104,42,141,134,129,80,10,5,3,12,89,108,115,46,164,156,151,98,11,7,2,9,59,72,78,31,109,105,101,66,8,5,2,6,38,53,51,21,72,71,72,46,5,3,3,10,73,91,92,36,130,123,119,73,8,5,3,10,72,88,95,39,133,128,121,79,10,6,2.88,10.25,73.62,90.38,96.0,38.62,135.0,128.5,122.75,78.75,9.25,5.5
Asphalt_0cm_S10,2026-04-02T20:31:12.803889,3,9,74,91,100,40,144,136,127,85,10,6,4,16,106,119,133,54,188,175,162,103,13,7,3,10,78,101,104,42,141,134,128,80,10,5,3,12,89,108,115,46,165,156,151,98,11,7,2,9,59,72,78,31,109,105,101,66,8,5,2,6,38,53,51,21,72,71,72,46,5,3,3,10,73,91,92,36,130,123,119,73,8,5,3,10,72,88,95,39,133,128,121,79,10,6,2.88,10.25,73.62,90.38,96.0,38.62,135.25,128.5,122.62,78.75,9.38,5.5
Asphalt_0cm_S10,2026-04-02T20:31:12.901081,3,9,74,91,100,40,144,136,127,85,10,6,4,16,107,119,133,54,188,175,162,103,13,7,3,10,78,101,104,42,141,134,128,80,10,5,3,12,89,108,115,46,165,156,151,98,11,7,2,9,59,72,78,31,109,105,101,66,8,5,2,6,38,53,51,21,72,71,72,46,5,3,3,10,73,91,92,36,130,123,119,73,8,5,3,10,72,88,95,39,134,128,121,79,9,6,2.88,10.25,73.75,90.38,96.0,38.62,135.38,128.5,122.62,78.75,9.25,5.5
Asphalt_0cm_S10,2026-04-02T20:31:13.010941,3,9,74,91,100,40,144,136,127,85,10,6,4,16,107,119,133,54,188,175,162,103,13,7,3,10,78,101,104,42,141,134,129,80,10,5,3,12,89,108,115,46,164,156,151,98,11,7,2,9,59,72,78,32,109,105,101,66,8,5,2,6,38,53,51,21,72,71,72,46,5,3,3,10,73,91,92,36,130,123,119,73,8,5,3,10,72,88,95,39,133,129,121,79,10,6,2.88,10.25,73.75,90.38,96.0,38.75,135.12,128.62,122.75,78.75,9.38,5.5
Asphalt_0cm_S10,2026-04-02T20:31:13.106680,3,10,73,91,100,40,143,136,127,85,10,6,4,16,106,119,134,54,188,175,162,103,13,7,3,10,78,101,104,42,141,135,129,80,10,5,3,12,89,108,115,46,164,156,151,98,11,7,2,9,59,72,78,32,109,105,101,66,8,5,2,6,38,53,51,21,72,71,72,46,5,3,3,10,73,91,92,36,130,123,119,73,8,5,3,10,72,88,95,39,133,129,121,79,10,6,2.88,10.38,73.5,90.38,96.12,38.75,135.0,128.75,122.75,78.75,9.38,5.5
Asphalt_0cm_S10,2026-04-02T20:31:13.213567,3,10,74,91,100,39,144,136,127,85,10,6,4,16,106,119,134,54,188,175,162,103,13,7,3,10,78,101,104,42,141,135,129,80,10,5,3,12,89,108,115,46,164,156,151,98,11,7,2,9,59,72,78,31,109,105,101,66,8,5,2,6,38,53,52,21,72,71,72,46,5,3,3,10,73,91,92,36,130,123,119,73,8,5,3,10,72,88,95,38,134,128,121,79,10,6,2.88,10.38,73.62,90.38,96.25,38.38,135.25,128.62,122.75,78.75,9.38,5.5
Asphalt_0cm_S10,2026-04-02T20:31:13.307504,3,10,74,91,100,39,144,136,127,85,10,6,4,16,106,119,133,54,188,176,162,103,12,7,3,10,78,101,104,42,141,135,129,80,10,5,3,12,89,108,115,45,165,156,151,98,11,7,2,9,59,72,78,31,109,104,101,66,8,5,2,6,38,53,52,21,72,71,72,46,5,3,3,10,73,91,93,36,130,123,120,73,8,5,3,10,72,88,95,38,134,128,121,79,10,6,2.88,10.38,73.62,90.38,96.25,38.25,135.38,128.62,122.88,78.75,9.25,5.5
Asphalt_0cm_S10,2026-04-02T20:31:13.399162,3,10,74,91,100,40,143,136,127,85,10,6,4,16,106,119,133,54,188,175,162,103,13,7,3,10,78,101,104,42,141,135,129,80,10,5,3,12,89,108,115,45,165,156,151,98,11,7,2,9,59,72,78,31,109,104,101,66,8,5,2,6,38,53,52,21,72,71,72,46,5,3,3,10,73,91,93,36,130,123,120,73,8,5,3,10,72,88,95,39,134,129,121,79,10,6,2.88,10.38,73.62,90.38,96.25,38.5,135.25,128.62,122.88,78.75,9.38,5.5
Asphalt_0cm_S10,2026-04-02T20:31:13.491193,3,10,74,91,100,40,143,136,127,85,10,6,4,16,106,119,133,54,188,175,162,103,13,7,3,10,79,101,104,42,141,135,129,80,10,5,3,12,89,108,114,46,164,156,151,98,11,7,2,9,59,72,78,32,109,104,101,66,8,5,2,6,38,53,51,21,72,71,72,46,5,3,3,10,73,91,92,36,131,124,119,73,8,5,3,10,72,88,95,39,134,128,121,79,10,6,2.88,10.38,73.75,90.38,95.88,38.75,135.25,128.62,122.75,78.75,9.38,5.5
Asphalt_0cm_S10,2026-04-02T20:31:13.586485,3,10,74,91,100,40,143,136,127,85,10,6,4,15,106,119,133,54,187,175,162,103,12,7,3,10,79,101,104,41,142,135,129,80,10,6,3,12,89,108,114,46,164,156,151,98,11,7,2,9,59,72,78,32,109,104,101,66,8,5,2,6,38,53,51,21,72,71,72,46,5,3,3,10,73,91,92,36,131,124,119,73,8,5,3,10,72,88,95,39,134,128,121,79,10,6,2.88,10.25,73.75,90.38,95.88,38.62,135.25,128.62,122.75,78.75,9.25,5.62
Asphalt_0cm_S10,2026-04-02T20:31:13.687022,3,10,74,91,100,40,143,136,127,85,10,6,4,15,106,119,133,54,187,175,162,103,12,7,3,10,79,101,104,41,142,135,129,80,10,6,3,12,89,108,115,45,165,156,151,98,11,7,2,9,59,72,78,31,109,105,101,66,8,5,2,6,38,53,51,21,72,71,72,47,5,3,3,10,73,91,92,36,130,123,119,73,8,5,3,10,73,89,95,39,134,129,121,79,10,6,2.88,10.25,73.88,90.5,96.0,38.38,135.25,128.75,122.75,78.88,9.25,5.62
Asphalt_0cm_S10,2026-04-02T20:31:13.778450,3,9,74,92,100,40,143,136,127,85,10,6,4,16,106,119,133,54,187,175,162,103,12,7,3,10,79,101,104,42,141,135,129,80,10,5,3,12,89,108,115,46,165,156,151,98,11,7,2,9,59,72,78,31,109,105,101,66,8,5,2,6,38,53,51,21,72,71,72,47,5,3,3,10,73,91,92,36,130,123,119,73,8,5,3,10,73,89,95,39,134,129,121,79,10,6,2.88,10.25,73.88,90.62,96.0,38.62,135.12,128.75,122.75,78.88,9.25,5.5
Asphalt_0cm_S10,2026-04-02T20:31:13.867773,3,9,74,92,100,40,143,136,127,85,10,6,4,16,106,119,133,54,187,175,162,103,12,7,3,10,79,101,104,42,141,135,129,80,10,5,3,12,89,108,115,46,165,156,151,98,11,7,2,9,59,72,78,31,109,105,101,66,8,5,2,6,38,53,51,21,72,71,72,46,5,3,3,10,73,91,93,36,131,123,119,73,8,5,3,11,73,89,96,39,134,129,121,79,10,6,2.88,10.38,73.88,90.62,96.25,38.62,135.25,128.75,122.75,78.75,9.25,5.5
Asphalt_0cm_S10,2026-04-02T20:31:13.960820,3,10,74,91,100,40,144,136,127,85,10,6,4,15,106,118,133,54,187,175,162,103,12,7,3,10,78,101,104,42,142,135,129,80,10,5,3,12,89,108,115,46,165,156,151,98,11,7,2,9,59,72,78,32,109,105,101,66,8,5,2,6,38,53,51,21,72,71,72,46,5,3,3,10,73,91,93,36,131,123,119,73,8,5,3,11,73,89,96,39,134,129,121,79,10,6,2.88,10.38,73.75,90.38,96.25,38.75,135.5,128.75,122.75,78.75,9.25,5.5
Asphalt_0cm_S10,2026-04-02T20:31:14.054646,3,10,74,91,100,40,144,136,127,85,10,6,4,16,106,119,133,54,187,175,162,103,12,7,3,10,78,101,104,42,142,135,129,80,10,5,3,12,89,108,115,46,165,156,151,98,11,7,2,9,59,72,78,32,109,105,101,66,8,5,2,6,38,53,52,21,72,71,72,47,5,3,3,10,73,91,92,36,131,123,119,73,8,5,3,10,72,89,96,39,134,129,121,79,10,6,2.88,10.38,73.62,90.5,96.25,38.75,135.5,128.75,122.75,78.88,9.25,5.5
Asphalt_0cm_S10,2026-04-02T20:31:14.143844,3,10,74,91,100,40,144,136,127,85,10,6,4,16,106,119,133,54,187,175,162,103,12,7,3,10,79,101,104,42,142,135,129,80,10,5,3,12,89,108,115,46,164,156,151,98,11,7,2,9,59,72,78,31,109,105,101,66,8,5,2,6,38,53,52,21,72,71,72,47,5,3,3,10,73,91,92,36,131,123,119,73,8,5,3,10,72,89,96,39,134,129,121,79,10,6,2.88,10.38,73.75,90.5,96.25,38.62,135.38,128.75,122.75,78.88,9.25,5.5
Asphalt_0cm_S10,2026-04-02T20:31:14.236426,3,10,73,91,100,40,144,136,127,85,10,6,4,15,106,118,133,54,187,175,162,103,12,7,3,10,79,101,104,42,142,135,129,80,10,5,3,12,89,108,115,46,164,156,151,98,11,7,2,9,59,72,78,31,109,105,101,66,8,5,2,6,38,53,52,21,72,71,72,47,5,3,3,10,73,91,93,36,131,123,120,73,8,5,3,10,72,89,96,39,134,129,121,79,10,6,2.88,10.25,73.62,90.38,96.38,38.62,135.38,128.75,122.88,78.88,9.25,5.5
Asphalt_0cm_S10,2026-04-02T20:31:14.334838,3,10,73,91,100,40,144,136,127,85,10,6,4,15,106,118,133,54,187,175,162,103,12,7,3,10,79,101,104,42,142,135,129,80,10,5,3,12,90,108,115,46,165,156,151,98,11,7,2,9,59,72,78,31,109,105,101,66,8,5,2,6,38,53,52,21,72,71,72,46,5,3,3,10,73,91,93,36,131,123,120,73,8,5,3,10,73,89,96,39,134,129,121,79,10,6,2.88,10.25,73.88,90.38,96.38,38.62,135.5,128.75,122.88,78.75,9.25,5.5
Asphalt_0cm_S10,2026-04-02T20:31:14.432365,3,9,74,91,100,40,144,136,127,85,10,6,4,15,106,119,133,54,187,175,161,103,12,7,3,10,79,101,104,42,142,135,129,80,10,5,3,12,90,108,115,46,165,156,151,98,11,7,2,9,59,72,78,31,109,105,101,66,8,5,2,6,38,53,52,21,72,71,72,46,5,3,3,10,73,91,93,36,131,123,120,73,8,5,3,10,73,89,96,39,134,129,121,79,10,6,2.88,10.12,74.0,90.5,96.38,38.62,135.5,128.75,122.75,78.75,9.25,5.5
Asphalt_0cm_S10,2026-04-02T20:31:14.519850,3,9,74,91,100,40,144,136,127,85,10,6,4,15,106,119,133,54,187,175,161,103,12,7,3,10,79,101,104,42,142,135,129,80,10,5,3,12,90,108,115,46,165,156,151,98,11,7,2,9,59,72,78,31,109,105,101,66,8,5,2,6,38,53,52,21,72,71,72,46,5,3,3,10,73,91,93,36,131,123,120,73,8,5,3,10,73,89,96,39,134,129,121,79,10,6,2.88,10.12,74.0,90.5,96.38,38.62,135.5,128.75,122.75,78.75,9.25,5.5
Asphalt_0cm_S10,2026-04-02T20:31:14.605869,3,10,74,91,100,40,144,136,127,85,10,6,4,15,106,119,133,54,187,174,161,103,12,7,3,10,78,101,104,42,142,135,129,80,10,5,3,12,88,108,115,46,164,156,150,98,11,7,2,9,59,72,78,31,109,105,101,66,8,5,2,6,38,53,52,21,72,71,72,47,5,3,3,10,73,91,93,37,130,124,119,73,8,5,3,10,73,89,96,39,134,129,122,79,10,6,2.88,10.25,73.62,90.5,96.38,38.75,135.25,128.75,122.62,78.88,9.25,5.5
Asphalt_0cm_S10,2026-04-02T20:31:14.703711,3,10,74,91,100,40,144,136,127,85,10,6,4,15,106,119,133,54,187,174,161,103,12,7,3,10,78,101,104,42,142,135,129,80,10,5,3,12,88,108,115,46,164,156,150,98,11,7,2,9,59,72,78,32,109,105,101,66,8,5,2,6,38,53,52,21,72,71,72,46,5,3,3,10,73,91,92,36,131,124,119,73,8,5,3,10,73,89,96,39,134,129,122,79,10,6,2.88,10.25,73.62,90.5,96.25,38.75,135.38,128.75,122.62,78.75,9.25,5.5
Asphalt_0cm_S10,2026-04-02T20:31:14.787898,3,9,74,92,100,39,144,136,127,84,10,6,4,15,106,118,133,54,187,175,161,103,12,7,3,10,79,101,104,42,142,135,129,80,10,5,3,12,89,108,115,45,164,156,150,98,11,7,2,9,59,72,78,31,109,105,101,66,8,5,2,6,38,53,52,21,72,71,72,46,5,3,3,10,73,91,92,36,131,124,119,73,8,5,3,10,73,89,96,39,134,129,122,79,10,6,2.88,10.12,73.88,90.5,96.25,38.38,135.38,128.88,122.62,78.62,9.25,5.5
Asphalt_0cm_S10,2026-04-02T20:31:14.882025,3,9,74,92,100,39,144,136,127,84,10,6,4,15,106,118,133,54,187,175,161,103,12,7,3,10,79,101,104,42,142,135,129,80,10,5,3,12,89,108,115,45,164,156,150,98,11,7,2,9,59,72,78,31,109,105,101,66,8,5,2,6,38,53,52,21,72,71,72,46,5,3,3,10,73,91,93,36,131,124,119,73,8,6,3,10,73,89,96,39,134,129,122,79,10,6,2.88,10.12,73.88,90.5,96.38,38.38,135.38,128.88,122.62,78.62,9.25,5.62
Asphalt_0cm_S10,2026-04-02T20:31:14.966076,3,9,74,92,100,39,144,136,127,84,10,6,4,15,106,118,133,54,187,175,161,103,12,7,3,10,79,101,104,42,142,135,129,80,10,5,3,12,89,108,115,45,164,156,150,98,11,7,2,9,59,72,78,31,109,105,101,66,8,5,2,6,38,53,52,21,72,71,72,46,5,3,3,10,73,91,93,36,131,124,119,73,8,6,3,10,73,89,96,39,134,129,122,79,10,6,2.88,10.12,73.88,90.5,96.38,38.38,135.38,128.88,122.62,78.62,9.25,5.62
Asphalt_0cm_S10,2026-04-02T20:31:15.080811,3,10,74,92,100,40,144,136,127,85,10,6,4,15,106,119,133,54,187,175,162,103,12,7,3,10,79,101,104,42,142,135,129,80,10,5,3,12,89,108,115,45,164,156,150,98,11,7,2,9,59,72,78,31,109,105,101,66,8,5,2,6,38,53,52,21,72,71,72,46,5,3,3,10,73,91,93,36,131,124,119,73,8,6,3,10,72,89,96,39,134,129,122,79,10,6,2.88,10.25,73.75,90.62,96.38,38.5,135.38,128.88,122.75,78.75,9.25,5.62
Asphalt_0cm_S10,2026-04-02T20:31:15.169897,3,10,74,92,100,40,144,136,127,85,10,6,4,15,106,119,133,54,187,175,162,103,12,7,3,10,79,102,105,42,142,135,129,80,10,5,3,12,89,108,115,45,164,156,150,98,11,7,2,9,59,72,78,32,109,105,101,66,8,5,2,6,38,53,52,21,72,71,72,47,5,3,3,10,73,91,92,36,131,123,119,73,8,5,3,10,73,89,96,39,134,129,122,79,10,6,2.88,10.25,73.88,90.75,96.38,38.62,135.38,128.75,122.75,78.88,9.25,5.5
Asphalt_0cm_S10,2026-04-02T20:31:15.263681,3,10,73,91,100,40,144,136,127,85,10,6,4,15,106,118,133,54,187,175,161,102,12,7,3,10,79,101,104,42,142,135,129,81,10,6,3,12,89,108,115,46,164,156,151,98,11,7,2,9,59,72,78,32,109,105,101,66,8,5,2,6,38,53,52,21,72,71,72,47,5,3,3,10,73,91,92,36,131,123,119,73,8,5,3,10,73,89,96,39,134,129,122,79,10,6,2.88,10.25,73.75,90.38,96.25,38.75,135.38,128.75,122.75,78.88,9.25,5.62
Asphalt_0cm_S10,2026-04-02T20:31:15.357144,3,10,73,91,100,40,144,136,127,85,10,6,4,15,106,118,133,54,187,175,161,102,12,7,3,10,79,101,104,42,142,135,129,81,10,6,3,12,89,108,115,46,164,156,151,98,11,7,2,9,59,72,78,31,109,105,101,66,8,5,2,6,38,53,52,21,72,71,72,47,5,3,3,10,73,91,92,36,131,123,119,73,8,5,3,10,73,89,96,39,134,129,122,79,10,6,2.88,10.25,73.75,90.38,96.25,38.62,135.38,128.75,122.75,78.88,9.25,5.62
Asphalt_0cm_S10,2026-04-02T20:31:15.461760,3,9,74,91,100,40,144,136,127,85,10,6,4,16,106,119,133,54,187,175,161,103,12,7,3,10,79,101,104,42,142,135,129,80,10,5,3,12,89,108,115,46,164,156,151,98,11,7,2,9,59,72,78,32,109,105,101,66,8,5,2,6,38,53,52,21,72,71,72,47,5,3,3,10,73,91,93,36,131,124,120,73,8,5,3,10,73,89,96,39,134,129,122,79,10,6,2.88,10.25,73.88,90.5,96.38,38.75,135.38,128.88,122.88,78.88,9.25,5.5
Asphalt_0cm_S10,2026-04-02T20:31:15.547146,3,9,74,91,100,40,144,136,127,85,10,6,4,16,106,119,133,54,187,175,161,103,12,7,3,10,79,101,104,42,142,135,129,80,10,5,3,12,89,108,115,46,164,156,151,98,11,7,2,9,59,72,78,32,109,105,101,66,8,5,2,6,38,53,52,21,72,71,72,47,5,3,3,10,73,91,93,37,131,124,120,73,8,5,3,10,73,89,96,39,134,129,122,79,10,6,2.88,10.25,73.88,90.5,96.38,38.88,135.38,128.88,122.88,78.88,9.25,5.5
Asphalt_0cm_S10,2026-04-02T20:31:15.646140,3,9,74,91,100,40,144,136,127,85,10,6,4,15,106,119,133,54,187,175,162,103,12,7,3,10,79,102,104,42,142,135,129,80,10,5,3,12,89,108,115,46,164,156,151,98,11,7,2,9,59,72,78,31,109,105,101,66,8,5,2,6,38,53,52,21,72,71,72,47,5,3,3,10,73,91,93,37,131,124,120,73,8,5,3,10,73,89,96,39,134,129,122,79,10,6,2.88,10.12,73.88,90.62,96.38,38.75,135.38,128.88,123.0,78.88,9.25,5.5
Asphalt_0cm_S10,2026-04-02T20:31:15.741529,3,10,74,91,101,40,144,136,127,85,10,6,4,16,106,119,133,54,187,175,162,103,12,7,3,10,79,102,104,42,142,135,129,80,10,5,3,12,89,108,115,46,164,156,151,98,11,7,2,9,59,72,78,31,109,105,101,66,8,5,2,6,38,53,52,21,72,71,72,47,5,3,3,10,73,91,93,36,131,124,120,73,8,5,3,10,73,89,96,39,135,129,122,79,10,6,2.88,10.38,73.88,90.62,96.5,38.62,135.5,128.88,123.0,78.88,9.25,5.5
Asphalt_0cm_S10,2026-04-02T20:31:15.833646,3,10,74,91,101,40,144,136,127,85,10,6,4,16,106,119,133,54,187,175,162,103,12,7,3,10,79,102,104,42,142,135,129,80,10,5,3,12,89,108,115,46,164,156,150,97,11,7,2,9,59,72,78,32,109,105,101,66,8,5,2,6,38,53,52,21,72,71,72,47,5,3,3,10,73,91,93,36,131,124,120,73,8,5,3,10,73,89,96,39,135,129,122,79,10,6,2.88,10.38,73.88,90.62,96.5,38.75,135.5,128.88,122.88,78.75,9.25,5.5
Asphalt_0cm_S10,2026-04-02T20:31:15.921773,3,10,74,91,101,40,144,136,127,85,10,6,4,16,106,119,133,54,187,175,162,103,12,7,3,10,79,102,104,42,142,135,129,80,10,5,3,12,89,108,115,46,164,156,150,97,11,7,2,9,59,72,78,32,109,105,101,66,8,5,2,6,38,53,52,21,72,71,72,47,5,3,3,10,73,91,93,36,131,124,120,73,8,5,3,11,73,89,96,39,135,130,122,79,10,6,2.88,10.5,73.88,90.62,96.5,38.75,135.5,129.0,122.88,78.75,9.25,5.5
Asphalt_0cm_S10,2026-04-02T20:31:16.012009,3,10,74,91,101,40,144,136,127,85,10,6,4,16,106,119,133,54,187,175,162,103,12,7,3,10,79,102,104,42,142,135,129,80,10,5,3,12,89,108,115,46,164,156,150,97,11,7,2,9,59,72,78,32,109,105,101,66,8,5,2,6,38,53,52,21,72,71,72,47,5,3,3,10,73,91,93,36,131,124,120,73,8,5,3,11,73,89,96,39,135,130,122,79,10,6,2.88,10.5,73.88,90.62,96.5,38.75,135.5,129.0,122.88,78.75,9.25,5.5
Asphalt_0cm_S10,2026-04-02T20:31:16.096614,3,10,74,91,101,40,144,136,127,85,10,6,4,15,106,119,133,54,187,175,162,103,12,7,3,10,79,101,105,42,141,135,129,80,10,5,3,12,89,108,115,46,164,156,151,98,11,7,2,9,59,72,78,32,109,105,101,66,8,5,2,6,38,53,52,21,72,71,72,47,5,3,3,10,73,91,93,36,131,124,120,73,8,5,3,11,73,89,96,39,135,130,122,79,10,6,2.88,10.38,73.88,90.5,96.62,38.75,135.38,129.0,123.0,78.88,9.25,5.5
Asphalt_0cm_S10,2026-04-02T20:31:16.185877,3,10,74,91,101,40,144,136,127,85,10,6,4,15,106,119,133,54,187,175,162,103,12,7,3,10,79,101,105,42,141,135,129,80,10,5,3,12,89,108,115,46,164,156,151,98,11,7,2,9,59,72,78,31,109,105,101,66,8,5,2,6,38,53,52,21,72,71,72,47,5,3,3,10,74,91,92,36,131,124,119,73,8,5,3,11,73,89,96,39,135,129,122,80,10,6,2.88,10.38,74.0,90.5,96.5,38.62,135.38,128.88,122.88,79.0,9.25,5.5
Asphalt_0cm_S10,2026-04-02T20:31:16.276618,3,10,74,91,101,40,144,136,127,85,10,6,4,16,106,119,133,54,187,175,162,103,12,7,3,11,79,102,105,42,142,135,129,80,10,5,3,12,89,108,115,45,164,156,151,98,11,7,2,9,59,72,78,31,109,105,101,66,8,5,2,6,38,53,52,21,72,71,72,47,5,3,3,10,74,91,92,36,131,124,119,73,8,5,3,11,73,89,96,39,135,129,122,80,10,6,2.88,10.62,74.0,90.62,96.5,38.5,135.5,128.88,122.88,79.0,9.25,5.5
Asphalt_0cm_S10,2026-04-02T20:31:16.366561,3,10,74,91,101,40,144,136,127,85,10,6,4,16,106,119,133,54,187,175,162,103,12,7,3,11,79,102,105,42,142,135,129,80,10,5,3,12,89,108,115,45,164,156,151,98,11,7,2,9,59,72,78,31,109,105,101,66,8,5,2,6,38,53,52,21,72,71,73,47,5,3,3,10,74,91,93,36,131,124,120,73,8,6,3,10,73,89,96,39,135,130,122,80,10,6,2.88,10.5,74.0,90.62,96.62,38.5,135.5,129.0,123.12,79.0,9.25,5.62
Asphalt_0cm_S10,2026-04-02T20:31:16.467775,3,9,74,92,100,40,144,136,128,85,10,6,4,15,106,118,133,54,187,175,161,102,12,7,3,10,79,102,105,42,142,135,129,81,10,5,3,12,89,108,115,46,164,156,150,98,11,7,2,9,59,72,78,31,109,105,101,66,8,5,2,6,38,53,52,21,72,71,73,47,5,3,3,10,74,91,93,36,131,124,120,73,8,6,3,10,73,89,96,39,135,130,122,80,10,6,2.88,10.12,74.0,90.62,96.5,38.62,135.5,129.0,123.0,79.0,9.25,5.62
Asphalt_0cm_S10,2026-04-02T20:31:16.577285,3,9,74,92,100,40,144,136,128,85,10,6,4,15,106,118,133,54,187,175,161,102,12,7,3,10,79,102,105,42,142,135,129,81,10,5,3,12,89,108,115,46,164,156,150,98,11,7,2,9,59,72,78,31,109,105,101,66,8,5,2,6,38,53,52,21,72,71,73,47,5,3,3,10,74,91,93,36,131,124,120,73,8,6,3,10,73,89,96,39,135,130,122,80,10,6,2.88,10.12,74.0,90.62,96.5,38.62,135.5,129.0,123.0,79.0,9.25,5.62
Asphalt_0cm_S10,2026-04-02T20:31:16.714031,3,9,74,91,101,40,144,136,127,85,10,6,4,15,106,119,133,54,187,174,162,102,12,7,3,10,79,101,105,42,142,135,129,81,10,5,3,12,89,108,115,46,164,156,150,98,11,7,2,9,59,72,78,31,109,105,101,66,8,5,2,6,38,53,52,21,72,71,73,47,5,3,3,10,74,91,93,36,131,124,120,73,8,5,3,11,73,89,97,39,135,130,122,80,10,6,2.88,10.25,74.0,90.5,96.75,38.62,135.5,128.88,123.0,79.0,9.25,5.5
Asphalt_0cm_S10,2026-04-02T20:31:16.800002,3,10,74,91,100,40,144,136,127,85,10,6,4,15,106,118,133,54,187,175,161,102,12,7,3,10,79,101,105,42,142,135,129,81,10,5,3,12,89,108,115,45,164,156,150,98,11,7,2,9,59,72,78,32,109,105,101,66,8,5,2,6,38,53,52,21,72,71,72,47,5,3,3,10,74,91,93,36,131,124,120,73,8,5,3,11,73,89,97,39,135,130,122,80,10,6,2.88,10.38,74.0,90.38,96.62,38.62,135.5,129.0,122.75,79.0,9.25,5.5
Asphalt_0cm_S10,2026-04-02T20:31:16.890936,3,10,74,92,101,39,144,136,128,85,10,6,4,15,106,118,133,54,187,175,161,102,12,7,3,10,79,101,105,42,142,135,129,81,10,5,3,12,89,108,115,45,164,156,150,98,11,7,2,9,59,72,78,32,109,105,101,66,8,5,2,6,38,53,52,21,72,71,72,47,5,3,3,10,74,91,93,36,131,124,120,73,8,5,3,11,73,89,97,39,135,130,122,80,10,6,2.88,10.38,74.0,90.5,96.75,38.5,135.5,129.0,122.88,79.0,9.25,5.5
Asphalt_0cm_S10,2026-04-02T20:31:16.976067,3,10,74,92,101,39,144,136,128,85,10,6,4,15,106,118,133,54,187,175,161,102,12,7,3,10,79,101,105,42,142,135,129,81,10,5,3,12,89,108,115,45,164,156,150,98,11,7,2,9,59,72,78,32,109,105,101,66,8,5,2,6,38,53,52,21,72,71,72,47,5,3,3,10,74,91,93,36,131,124,120,73,8,5,3,11,73,89,97,39,135,130,122,80,10,6,2.88,10.38,74.0,90.5,96.75,38.5,135.5,129.0,122.88,79.0,9.25,5.5
Asphalt_0cm_S10,2026-04-02T20:31:17.063111,3,10,74,92,101,39,144,136,128,85,10,6,4,15,106,118,133,54,187,175,161,102,12,7,3,10,79,101,105,42,142,135,129,81,10,5,3,12,89,108,115,45,164,156,150,98,11,7,2,9,59,72,78,32,109,105,101,66,8,5,2,6,38,53,52,21,72,71,72,47,5,3,3,10,74,91,93,36,131,124,120,73,8,5,3,11,73,89,97,39,135,130,122,80,10,6,2.88,10.38,74.0,90.5,96.75,38.5,135.5,129.0,122.88,79.0,9.25,5.5
Asphalt_0cm_S10,2026-04-02T20:31:17.165213,3,10,74,92,101,39,144,136,128,85,10,6,4,15,106,119,133,54,187,175,161,103,12,7,3,10,79,102,105,42,142,135,129,81,10,5,3,12,89,108,115,46,164,156,151,98,11,7,2,9,60,72,78,31,109,105,101,66,8,5,2,6,38,53,52,21,72,71,72,47,5,3,3,10,74,91,93,36,131,124,120,73,8,5,3,10,73,89,96,39,135,130,122,80,10,6,2.88,10.25,74.12,90.75,96.62,38.5,135.5,129.0,123.0,79.12,9.25,5.5
Asphalt_0cm_S10,2026-04-02T20:31:17.251606,3,9,74,91,101,40,144,136,127,85,10,6,4,16,106,119,133,54,187,174,161,102,12,7,3,10,79,101,105,42,142,136,129,81,10,5,3,12,89,108,115,46,164,156,151,98,11,7,2,9,60,72,78,31,109,105,101,66,8,5,2,6,38,53,52,21,72,71,72,47,5,3,3,10,74,91,93,36,131,124,120,73,8,5,3,10,73,89,96,39,135,130,122,80,10,6,2.88,10.25,74.12,90.5,96.62,38.62,135.5,129.0,122.88,79.0,9.25,5.5
Asphalt_0cm_S10,2026-04-02T20:31:17.354915,3,9,74,91,101,40,144,136,127,85,10,6,4,16,106,119,133,54,187,174,161,102,12,7,3,10,79,101,105,42,142,136,129,81,10,5,3,12,89,108,114,46,164,156,150,98,11,7,2,9,59,72,78,31,109,105,101,66,8,5,2,6,38,53,52,21,72,71,72,47,5,3,2,10,74,91,93,37,131,124,119,73,8,5,3,10,73,89,96,39,135,130,122,79,10,6,2.75,10.25,74.0,90.5,96.5,38.75,135.5,129.0,122.62,78.88,9.25,5.5
Asphalt_0cm_S10,2026-04-02T20:31:17.447423,3,10,74,92,100,40,144,136,127,85,10,5,4,15,106,118,133,54,187,175,161,103,12,7,3,10,79,101,105,42,142,136,129,81,10,5,3,12,89,108,114,46,164,156,150,98,11,7,2,9,59,72,78,31,109,105,101,66,8,5,2,6,38,53,52,21,72,71,72,47,5,3,2,10,74,91,93,37,131,124,119,73,8,5,3,10,73,89,96,39,135,130,122,79,10,6,2.75,10.25,74.0,90.5,96.38,38.75,135.5,129.12,122.62,79.0,9.25,5.38
Asphalt_0cm_S10,2026-04-02T20:31:17.547986,3,10,74,92,100,40,144,136,127,85,10,5,4,15,106,118,133,54,187,175,161,103,12,7,3,10,79,102,105,42,142,135,129,80,10,5,3,12,89,108,115,46,164,156,151,98,11,7,2,9,59,73,78,32,109,105,101,66,8,5,2,6,38,53,52,21,72,71,72,47,5,3,2,10,74,91,93,37,131,124,119,73,8,5,3,10,73,89,96,39,135,130,122,79,10,6,2.75,10.25,74.0,90.75,96.5,38.88,135.5,129.0,122.75,78.88,9.25,5.38
Asphalt_0cm_S10,2026-04-02T20:31:17.632926,3,10,74,92,100,40,144,136,127,85,10,5,4,15,106,118,133,54,187,175,161,103,12,7,3,10,79,102,105,42,142,135,129,80,10,5,3,12,89,108,115,46,164,156,151,98,11,7,2,9,59,73,78,32,109,105,101,66,8,5,2,6,38,53,52,21,72,71,72,47,5,3,2,10,74,91,93,37,131,124,119,73,8,5,3,10,73,89,96,39,135,130,122,79,10,6,2.75,10.25,74.0,90.75,96.5,38.88,135.5,129.0,122.75,78.88,9.25,5.38
Asphalt_0cm_S10,2026-04-02T20:31:17.735048,3,9,74,91,101,40,144,136,127,85,10,6,4,15,106,118,133,54,187,175,161,102,12,7,3,10,79,102,105,42,142,135,129,81,10,5,3,12,89,108,115,46,164,156,151,98,11,7,2,9,59,72,78,31,109,105,101,66,8,5,2,6,38,53,52,21,72,71,73,47,5,3,3,10,74,91,93,36,131,123,120,73,8,5,3,11,73,89,96,39,135,130,122,79,10,6,2.88,10.25,74.0,90.5,96.62,38.62,135.5,128.88,123.0,78.88,9.25,5.5
Asphalt_0cm_S10,2026-04-02T20:31:17.823715,3,9,74,91,101,40,144,136,127,85,10,6,4,15,106,118,133,54,187,175,161,102,12,7,3,10,79,101,105,42,142,135,129,81,10,5,3,12,89,108,115,46,164,156,150,98,11,7,2,9,59,72,78,31,109,105,101,66,8,5,2,6,38,53,52,21,72,71,72,47,5,3,3,10,74,91,93,36,131,124,120,73,8,5,3,11,73,89,96,39,135,130,122,80,10,6,2.88,10.25,74.0,90.38,96.62,38.62,135.5,129.0,122.75,79.0,9.25,5.5
Asphalt_0cm_S10,2026-04-02T20:31:17.928600,3,9,74,91,100,40,144,136,127,85,10,6,4,15,106,119,133,54,187,174,161,102,12,7,3,10,79,101,105,42,142,135,129,81,10,5,3,12,89,108,115,46,164,156,150,98,11,7,2,9,59,72,78,31,109,105,101,66,8,5,2,6,38,53,52,21,72,71,72,47,5,3,3,10,74,91,93,36,131,124,120,73,8,5,3,11,73,89,96,39,135,130,122,80,10,6,2.88,10.25,74.0,90.5,96.5,38.62,135.5,128.88,122.75,79.0,9.25,5.5
Asphalt_0cm_S10,2026-04-02T20:31:18.015040,3,9,74,91,100,40,144,136,127,85,10,6,4,15,106,119,133,54,187,174,161,102,12,7,3,10,79,101,105,42,142,135,129,81,10,5,3,12,89,108,115,46,164,156,150,98,11,7,2,9,59,72,78,31,109,105,101,66,8,5,2,6,38,53,52,21,72,71,72,47,5,3,3,10,74,91,93,36,131,124,120,73,8,5,3,11,73,89,96,39,135,130,122,80,10,6,2.88,10.25,74.0,90.5,96.5,38.62,135.5,128.88,122.75,79.0,9.25,5.5
Asphalt_0cm_S10,2026-04-02T20:31:18.115392,3,9,74,91,100,40,144,136,127,85,10,6,4,15,106,119,133,54,187,174,161,102,12,7,3,10,79,102,105,42,142,135,129,81,10,5,3,12,89,108,115,46,164,156,150,98,11,7,2,9,59,72,78,31,109,105,101,66,8,5,2,6,38,53,52,21,72,71,72,47,4,3,3,10,73,91,93,36,131,124,120,73,8,5,3,10,73,89,96,39,135,130,122,79,10,6,2.88,10.12,73.88,90.62,96.5,38.62,135.5,128.88,122.75,78.88,9.12,5.5
Asphalt_0cm_S10,2026-04-02T20:31:18.216292,3,9,74,91,101,40,144,136,128,85,10,6,4,15,106,119,133,54,187,174,161,102,12,7,3,10,79,102,105,42,142,135,129,81,10,5,3,12,89,108,115,46,164,156,150,98,11,7,2,9,59,72,78,31,109,105,101,66,8,5,2,6,38,53,52,21,72,71,72,47,5,3,3,10,73,91,93,36,131,124,120,73,8,5,3,10,73,89,96,39,135,130,122,79,10,6,2.88,10.12,73.88,90.62,96.62,38.62,135.5,128.88,122.88,78.88,9.25,5.5
Asphalt_0cm_S10,2026-04-02T20:31:18.303054,3,9,74,91,101,40,144,136,128,85,10,6,4,15,106,118,132,54,187,175,161,102,12,7,3,10,79,101,105,42,142,135,129,81,10,5,3,12,89,108,115,46,164,156,150,98,11,7,2,9,59,72,78,31,109,105,101,66,8,5,2,6,38,53,52,21,72,71,72,47,5,3,3,10,73,91,93,36,131,124,120,73,8,5,3,10,73,89,96,39,135,130,122,79,10,6,2.88,10.12,73.88,90.38,96.5,38.62,135.5,129.0,122.88,78.88,9.25,5.5
Asphalt_0cm_S10,2026-04-02T20:31:18.384829,3,9,74,91,101,40,144,136,128,85,10,6,4,15,106,118,132,54,187,175,161,102,12,7,3,10,79,101,105,42,142,135,129,81,10,5,3,12,89,108,115,46,164,156,150,98,11,7,2,9,59,72,78,31,109,105,101,66,8,5,2,6,38,53,52,21,72,71,72,47,5,3,3,10,73,91,93,36,131,124,120,73,8,5,3,10,73,89,96,39,135,130,122,79,10,6,2.88,10.12,73.88,90.38,96.5,38.62,135.5,129.0,122.88,78.88,9.25,5.5
Asphalt_0cm_S10,2026-04-02T20:31:18.487134,3,9,74,91,101,40,144,136,128,85,10,6,4,15,106,118,132,54,187,175,161,102,12,7,3,10,79,101,105,42,142,135,129,81,10,5,3,12,89,108,115,46,164,156,150,98,11,7,2,9,59,72,78,31,109,105,101,66,8,5,2,6,38,53,52,21,72,71,72,47,5,3,3,10,73,91,93,36,131,124,120,73,8,5,3,10,73,89,96,39,135,130,122,79,10,6,2.88,10.12,73.88,90.38,96.5,38.62,135.5,129.0,122.88,78.88,9.25,5.5
Asphalt_0cm_S10,2026-04-02T20:31:18.577322,3,9,74,91,100,40,144,136,127,85,10,6,4,15,106,118,133,54,187,174,161,102,12,7,3,10,79,101,105,42,142,135,129,81,10,5,3,12,89,108,115,46,164,156,151,98,11,7,2,9,59,72,78,31,109,105,101,66,8,5,2,6,38,53,52,21,72,71,72,46,5,3,3,10,73,91,93,36,131,124,120,73,8,5,3,11,73,89,96,39,135,130,122,80,10,6,2.88,10.25,73.88,90.38,96.5,38.62,135.5,128.88,122.88,78.88,9.25,5.5
Asphalt_0cm_S10,2026-04-02T20:31:18.667779,3,9,74,91,100,40,144,136,127,85,10,6,4,15,106,118,133,54,187,174,161,102,12,7,3,10,79,101,105,42,142,135,129,81,10,5,3,12,89,108,115,45,164,156,151,98,11,7,2,9,59,72,78,31,109,105,101,66,8,5,2,6,38,53,52,21,72,71,72,47,5,3,3,10,73,91,93,36,131,124,120,73,8,5,3,11,73,89,96,39,135,130,122,80,10,6,2.88,10.25,73.88,90.38,96.5,38.5,135.5,128.88,122.88,79.0,9.25,5.5
Asphalt_0cm_S10,2026-04-02T20:31:18.768387,3,10,74,92,101,40,144,136,127,85,10,6,4,15,106,118,132,54,187,174,161,102,12,7,3,10,79,102,105,42,142,135,129,80,10,6,3,12,89,108,115,46,164,156,150,98,11,7,2,9,59,72,78,31,109,105,101,66,8,5,2,6,38,53,52,21,72,71,72,47,5,3,3,10,74,91,93,36,131,124,120,73,8,5,3,10,73,89,96,39,135,130,122,80,10,6,2.88,10.25,74.0,90.62,96.5,38.62,135.5,128.88,122.75,78.88,9.25,5.62
Asphalt_0cm_S10,2026-04-02T20:31:18.856381,3,10,74,92,101,40,144,136,127,85,10,6,4,15,106,118,132,54,187,174,161,102,12,7,3,10,79,102,105,42,142,135,129,80,10,6,3,12,89,108,115,46,164,156,150,98,11,7,2,9,59,72,78,32,109,105,101,66,8,5,2,6,38,53,52,21,72,71,72,47,5,3,3,10,73,91,93,37,131,123,120,73,8,5,3,11,73,89,96,39,135,130,122,80,10,6,2.88,10.38,73.88,90.62,96.5,38.88,135.5,128.75,122.75,78.88,9.25,5.62
Asphalt_0cm_S10,2026-04-02T20:31:18.942070,3,10,74,92,101,40,144,136,127,85,10,6,4,15,106,118,132,54,187,174,161,102,12,7,3,10,79,102,105,42,142,135,129,80,10,6,3,12,89,108,115,46,164,156,150,98,11,7,2,9,59,72,78,32,109,105,101,66,8,5,2,6,38,53,52,21,72,71,72,47,5,3,3,10,73,91,93,37,131,123,120,73,8,5,3,11,73,89,96,39,135,130,122,80,10,6,2.88,10.38,73.88,90.62,96.5,38.88,135.5,128.75,122.75,78.88,9.25,5.62
Asphalt_0cm_S10,2026-04-02T20:31:19.051430,3,10,74,92,101,40,144,136,127,85,10,6,4,15,106,118,132,54,187,174,161,102,12,7,3,10,79,102,105,42,142,135,129,80,10,6,3,12,89,108,115,46,164,156,150,98,11,7,2,9,59,72,78,32,109,105,101,66,8,5,2,6,38,53,52,21,72,71,72,47,5,3,3,10,73,91,93,36,131,124,120,73,8,5,3,11,73,89,96,39,135,130,122,80,10,6,2.88,10.38,73.88,90.62,96.5,38.75,135.5,128.88,122.75,78.88,9.25,5.62
Asphalt_0cm_S10,2026-04-02T20:31:19.137159,3,9,74,91,100,40,144,136,127,85,10,6,4,16,106,119,133,54,187,174,161,102,12,7,3,10,79,102,105,42,142,135,129,80,10,5,3,12,89,108,115,45,164,156,151,98,11,7,2,9,59,72,78,32,109,105,101,66,8,5,2,6,38,53,52,21,72,71,72,47,5,3,3,10,73,91,93,36,131,124,120,73,8,5,3,11,73,89,96,39,135,130,122,80,10,6,2.88,10.38,73.88,90.62,96.5,38.62,135.5,128.88,122.88,78.88,9.25,5.5
Asphalt_0cm_S10,2026-04-02T20:31:19.239840,3,9,74,92,101,40,144,136,127,85,10,6,4,15,106,118,133,54,187,174,161,102,12,7,3,10,79,102,105,42,142,135,129,80,10,5,3,12,89,108,115,45,164,156,151,98,11,7,2,9,59,72,78,32,109,105,101,66,8,5,2,6,38,53,52,21,72,71,72,47,5,3,3,10,74,91,93,36,131,124,120,73,8,5,3,11,73,89,96,39,135,130,122,80,10,6,2.88,10.25,74.0,90.62,96.62,38.62,135.5,128.88,122.88,78.88,9.25,5.5
Asphalt_0cm_S10,2026-04-02T20:31:19.329304,3,9,74,92,101,40,144,136,127,85,10,6,4,15,106,118,133,54,187,174,161,102,12,7,3,10,79,102,105,42,142,135,130,81,10,5,3,12,89,108,115,46,164,155,151,98,11,7,2,9,59,72,78,32,109,105,101,66,8,5,2,6,38,53,52,21,72,71,73,47,5,3,3,10,74,91,92,36,131,124,120,73,8,5,3,11,73,89,96,39,135,130,122,80,10,6,2.88,10.25,74.0,90.62,96.5,38.75,135.5,128.75,123.12,79.0,9.25,5.5
Asphalt_0cm_S10,2026-04-02T20:31:19.419216,3,9,74,92,101,40,144,136,127,85,10,6,4,15,106,118,132,54,187,174,161,102,12,7,3,10,79,102,105,42,142,135,129,81,10,5,3,12,89,108,115,46,164,155,151,98,11,7,2,9,59,72,78,32,109,105,101,66,8,5,2,6,38,53,52,21,72,71,73,47,5,3,3,10,74,91,92,36,131,124,120,73,8,5,3,11,73,89,97,39,135,130,122,80,10,6,2.88,10.25,74.0,90.62,96.5,38.75,135.5,128.75,123.0,79.0,9.25,5.5
Asphalt_0cm_S10,2026-04-02T20:31:19.509980,3,9,74,92,101,40,144,136,127,85,10,6,4,15,106,118,132,54,187,174,161,102,12,7,3,10,79,102,105,42,142,135,129,81,10,5,3,12,89,108,115,45,164,156,151,98,11,7,2,9,59,72,78,31,109,105,101,66,8,5,2,6,38,53,52,21,72,71,72,47,5,3,3,10,73,91,93,36,131,124,120,73,8,6,3,11,73,89,97,39,135,130,122,80,10,6,2.88,10.25,73.88,90.62,96.62,38.5,135.5,128.88,122.88,79.0,9.25,5.62
Asphalt_0cm_S10,2026-04-02T20:31:19.594750,3,10,74,91,100,40,144,136,127,85,10,6,4,15,106,118,133,54,187,174,161,102,12,7,3,10,79,102,105,42,142,135,130,81,10,5,3,12,89,108,115,45,164,156,151,98,11,7,2,9,59,72,78,31,109,105,101,66,8,5,2,6,38,53,52,21,72,71,72,47,5,3,3,10,73,91,93,36,131,124,120,73,8,6,3,11,73,89,96,39,135,130,122,80,10,6,2.88,10.38,73.88,90.5,96.5,38.5,135.5,128.88,123.0,79.0,9.25,5.62
Asphalt_0cm_S10,2026-04-02T20:31:19.684067,3,10,74,91,100,40,144,136,127,85,10,6,4,15,106,118,133,54,187,174,161,102,12,7,3,10,79,102,105,42,142,135,130,81,10,5,3,12,89,108,115,45,164,156,151,98,11,7,2,9,59,72,78,31,109,105,101,66,8,5,2,6,38,53,52,21,72,71,72,47,5,3,3,10,73,91,93,36,131,124,120,73,8,5,3,10,73,89,96,39,135,130,122,80,10,6,2.88,10.25,73.88,90.5,96.5,38.5,135.5,128.88,123.0,79.0,9.25,5.5
Asphalt_0cm_S10,2026-04-02T20:31:19.790046,3,10,74,91,101,40,144,137,127,85,10,6,4,15,106,118,133,54,186,174,161,102,12,7,3,11,79,101,105,42,142,135,129,81,10,5,3,12,89,108,115,46,164,156,150,98,11,7,2,9,59,72,78,31,109,105,101,66,8,5,2,6,38,53,52,21,72,71,72,47,5,3,3,10,73,91,93,36,131,124,120,73,8,5,3,10,73,89,96,39,135,130,122,80,10,6,2.88,10.38,73.88,90.38,96.62,38.62,135.38,129.0,122.75,79.0,9.25,5.5
Asphalt_0cm_S10,2026-04-02T20:31:19.879301,3,10,74,91,101,40,144,137,127,85,10,6,4,15,106,118,133,54,186,174,161,102,12,7,3,11,79,101,105,42,142,135,129,81,10,5,3,12,89,108,115,46,164,156,150,98,11,7,2,9,60,72,78,32,109,105,101,66,8,5,2,6,38,53,52,21,72,71,72,46,5,3,3,10,74,91,93,37,131,124,120,73,8,5,3,11,73,89,97,39,135,130,123,80,10,6,2.88,10.5,74.12,90.38,96.75,38.88,135.38,129.0,122.88,78.88,9.25,5.5
Asphalt_0cm_S10,2026-04-02T20:31:19.966467,3,9,74,91,101,40,144,136,127,85,10,6,4,15,106,118,133,54,187,174,161,102,12,7,3,10,79,102,105,42,142,135,129,80,10,5,3,12,89,108,115,46,164,156,151,98,11,7,2,9,60,72,78,32,109,105,101,66,8,5,2,6,38,53,52,21,72,71,72,46,5,3,3,10,74,91,93,37,131,124,120,73,8,5,3,11,73,89,97,39,135,130,123,80,10,6,2.88,10.25,74.12,90.5,96.75,38.88,135.5,128.88,123.0,78.75,9.25,5.5
Asphalt_0cm_S10,2026-04-02T20:31:20.073236,3,10,74,91,100,40,144,136,127,85,10,6,4,15,106,118,132,54,186,174,161,102,12,7,3,10,79,102,105,42,142,135,129,80,10,5,3,12,89,108,115,46,164,156,151,98,11,7,2,9,60,72,78,31,109,105,101,66,8,5,2,6,38,53,52,21,72,71,72,47,5,3,3,10,74,91,93,37,131,124,120,73,8,5,3,11,73,89,97,39,135,130,123,80,10,6,2.88,10.38,74.12,90.5,96.5,38.75,135.38,128.88,123.0,78.88,9.25,5.5
Asphalt_0cm_S10,2026-04-02T20:31:20.159598,3,10,74,91,100,40,144,136,127,85,10,6,4,15,106,118,132,54,186,174,161,102,12,7,3,10,79,101,105,42,142,135,130,81,10,5,3,12,89,108,115,45,164,156,150,98,11,7,2,9,59,72,78,31,109,105,101,66,8,5,2,6,38,53,52,21,72,71,72,47,5,3,3,10,73,91,93,37,131,124,120,73,8,5,3,11,73,89,97,39,135,130,122,80,10,6,2.88,10.38,73.88,90.38,96.5,38.62,135.38,128.88,122.88,79.0,9.25,5.5
Asphalt_0cm_S10,2026-04-02T20:31:20.242642,3,10,74,91,101,40,144,136,128,85,10,6,4,15,106,118,132,53,186,174,161,102,12,7,3,10,79,102,105,42,142,135,130,81,10,5,3,12,89,108,115,45,164,156,150,98,11,7,2,9,59,72,78,31,109,105,101,66,8,5,2,6,38,53,52,21,72,71,72,47,5,3,3,10,73,91,93,37,131,124,120,73,8,5,3,11,73,89,97,39,135,130,122,80,10,6,2.88,10.38,73.88,90.5,96.62,38.5,135.38,128.88,123.0,79.0,9.25,5.5
Asphalt_0cm_S10,2026-04-02T20:31:20.323192,3,10,74,91,101,40,144,136,128,85,10,6,4,15,106,118,132,53,186,174,161,102,12,7,3,10,79,102,105,42,142,135,130,81,10,5,3,12,89,108,115,46,164,156,151,98,11,7,2,9,59,72,78,31,109,105,101,66,8,5,2,6,38,53,52,21,72,71,73,47,5,3,3,10,73,91,93,36,131,124,120,73,8,5,3,10,73,90,96,39,135,130,122,80,10,6,2.88,10.25,73.88,90.62,96.5,38.5,135.38,128.88,123.25,79.0,9.25,5.5
Asphalt_0cm_S10,2026-04-02T20:31:20.406965,3,10,74,91,101,40,144,136,128,85,10,6,4,15,106,118,132,53,186,174,161,102,12,7,3,10,79,102,105,42,142,135,130,81,10,5,3,12,89,108,115,46,164,156,151,98,11,7,2,9,59,72,78,31,109,105,101,66,8,5,2,6,38,53,52,21,72,71,73,47,5,3,3,10,73,91,93,36,131,124,120,73,8,5,3,10,73,90,96,39,135,130,122,80,10,6,2.88,10.25,73.88,90.62,96.5,38.5,135.38,128.88,123.25,79.0,9.25,5.5
Asphalt_0cm_S10,2026-04-02T20:31:20.507309,3,10,74,91,101,40,144,136,128,85,10,6,4,15,106,118,132,53,186,174,161,102,12,7,3,10,79,102,105,42,142,135,130,81,10,5,3,12,89,108,115,46,164,156,151,98,11,7,2,9,59,72,78,31,109,105,101,66,8,5,2,6,38,53,52,21,72,71,73,47,5,3,3,10,73,91,93,36,131,124,120,73,8,5,3,10,73,90,96,39,135,130,122,80,10,6,2.88,10.25,73.88,90.62,96.5,38.5,135.38,128.88,123.25,79.0,9.25,5.5
Asphalt_0cm_S10,2026-04-02T20:31:20.586208,3,10,74,91,100,40,144,136,127,85,10,6,4,15,106,119,133,54,187,174,161,102,12,7,3,10,79,102,105,42,142,135,130,81,10,5,3,12,89,108,115,46,164,156,150,98,11,7,2,9,59,72,78,31,109,105,101,66,8,5,2,6,38,53,52,21,72,71,72,46,5,3,3,10,74,91,93,36,131,124,120,73,8,5,3,11,73,89,97,39,135,130,122,80,10,6,2.88,10.38,74.0,90.62,96.62,38.62,135.5,128.88,122.88,78.88,9.25,5.5
Asphalt_0cm_S10,2026-04-02T20:31:20.683593,3,10,74,91,100,40,144,136,127,85,10,6,4,15,106,119,133,54,187,174,161,102,12,7,3,10,79,102,105,42,142,135,130,81,10,5,3,12,89,108,115,46,164,156,151,97,11,7,2,9,59,73,78,32,109,105,101,66,8,5,2,6,38,53,52,21,72,71,73,47,5,3,3,10,74,91,93,36,131,124,120,73,8,5,3,10,73,89,96,39,135,130,122,80,10,6,2.88,10.25,74.0,90.75,96.5,38.75,135.5,128.88,123.12,78.88,9.25,5.5
Asphalt_0cm_S10,2026-04-02T20:31:20.796575,3,10,74,92,101,40,144,136,127,85,10,6,4,15,106,118,133,54,186,174,161,102,12,7,3,10,79,102,105,42,142,135,129,81,10,6,3,12,89,108,115,46,164,156,151,98,11,7,2,9,59,73,78,32,109,105,101,66,8,5,2,6,38,53,52,21,72,71,73,47,5,3,3,10,74,91,93,36,131,124,120,73,8,5,3,10,73,89,96,39,135,130,122,80,10,6,2.88,10.25,74.0,90.75,96.62,38.75,135.38,128.88,123.0,79.0,9.25,5.62
Asphalt_0cm_S10,2026-04-02T20:31:20.897262,3,10,74,92,101,40,144,136,127,85,10,6,4,15,106,118,133,54,186,174,161,102,12,7,3,10,79,102,105,42,142,135,129,81,10,6,3,12,89,108,115,46,164,156,151,98,11,7,2,9,59,72,78,32,109,105,101,66,8,5,2,6,38,53,52,21,72,71,72,46,5,3,3,10,74,91,93,37,131,123,120,73,8,5,3,11,73,89,97,39,135,130,122,80,10,6,2.88,10.38,74.0,90.62,96.75,38.88,135.38,128.75,122.88,78.88,9.25,5.62
Asphalt_0cm_S10,2026-04-02T20:31:21.015887,3,10,74,92,101,40,144,137,128,85,10,6,4,15,106,118,133,54,186,174,161,102,12,7,3,10,79,101,105,42,142,135,130,81,10,6,3,12,89,108,115,46,164,156,151,98,11,7,2,9,59,72,78,31,109,105,101,66,8,5,2,6,38,53,52,21,72,71,72,46,5,3,3,10,74,91,93,37,131,123,120,73,8,5,3,11,73,89,97,39,135,130,122,80,10,6,2.88,10.38,74.0,90.5,96.75,38.75,135.38,128.88,123.12,78.88,9.25,5.62
Asphalt_0cm_S10,2026-04-02T20:31:21.163340,3,10,74,91,101,40,144,136,128,85,10,6,4,15,106,118,133,54,187,174,161,102,12,7,3,10,79,102,105,42,142,135,129,81,10,5,3,12,89,108,115,46,164,156,151,98,11,7,2,9,59,72,78,31,109,105,101,66,8,5,2,6,38,53,52,21,72,71,72,47,5,3,3,10,74,91,93,36,131,124,119,73,8,5,3,11,73,89,96,39,135,130,122,79,10,6,2.88,10.38,74.0,90.5,96.62,38.62,135.5,128.88,122.88,78.88,9.25,5.5
Asphalt_0cm_S10,2026-04-02T20:31:21.269435,3,10,74,91,101,40,144,137,127,85,10,6,4,15,106,118,132,54,187,174,161,102,12,7,3,10,79,102,105,42,142,135,129,81,10,5,3,12,89,108,115,46,164,156,151,98,11,7,2,9,59,72,78,31,109,105,101,66,8,5,2,6,38,53,52,21,72,71,72,47,5,3,3,10,73,91,93,37,131,124,120,73,8,5,3,10,73,89,96,39,135,130,122,80,10,6,2.88,10.25,73.88,90.5,96.5,38.75,135.5,129.0,122.88,79.0,9.25,5.5
Asphalt_0cm_S10,2026-04-02T20:31:21.350276,3,10,74,91,101,40,144,137,127,85,10,6,4,15,106,118,132,54,187,174,161,102,12,7,3,10,79,102,105,42,142,135,129,81,10,5,3,12,89,108,115,46,164,156,150,98,11,7,2,9,59,72,78,31,109,105,101,66,8,5,2,6,38,53,52,21,72,71,72,46,5,3,3,10,73,91,93,36,131,124,120,73,8,5,3,11,73,89,96,39,135,130,122,80,10,6,2.88,10.38,73.88,90.5,96.5,38.62,135.5,129.0,122.75,78.88,9.25,5.5
Asphalt_0cm_S10,2026-04-02T20:31:21.432364,3,10,74,91,101,40,144,137,127,85,10,6,4,15,106,118,132,54,187,174,161,102,12,7,3,10,79,102,105,42,142,135,129,81,10,5,3,12,89,108,115,46,164,156,150,98,11,7,2,9,59,72,78,31,109,105,101,66,8,5,2,6,38,53,52,21,72,71,72,46,5,3,3,10,73,91,93,36,131,124,120,73,8,5,3,11,73,89,96,39,135,130,122,80,10,6,2.88,10.38,73.88,90.5,96.5,38.62,135.5,129.0,122.75,78.88,9.25,5.5
Asphalt_0cm_S10,2026-04-02T20:31:21.512004,3,10,74,91,101,40,144,137,127,85,10,6,4,15,106,118,132,54,187,174,161,102,12,7,3,10,79,102,105,42,142,135,129,81,10,5,3,12,89,108,115,46,164,156,150,98,11,7,2,9,59,72,78,31,109,105,101,66,8,5,2,6,38,53,52,21,72,71,72,46,5,3,3,10,73,91,93,36,131,124,120,73,8,5,3,11,73,89,96,39,135,130,122,80,10,6,2.88,10.38,73.88,90.5,96.5,38.62,135.5,129.0,122.75,78.88,9.25,5.5
Asphalt_0cm_S10,2026-04-02T20:31:21.591010,3,10,74,91,101,40,144,136,127,84,10,6,4,15,106,118,133,54,186,174,161,102,12,7,3,10,79,101,105,42,142,135,129,81,10,5,3,12,89,108,115,46,164,156,151,98,11,7,2,9,60,72,78,31,109,105,101,66,8,5,2,6,38,53,52,21,72,71,73,47,5,3,3,10,74,91,93,36,131,124,120,73,8,5,3,10,73,89,96,39,135,130,122,80,10,6,2.88,10.25,74.12,90.38,96.62,38.62,135.38,128.88,123.0,78.88,9.25,5.5
Asphalt_0cm_S10,2026-04-02T20:31:21.680852,3,10,74,91,101,40,144,136,127,84,10,6,4,15,106,118,133,54,186,174,161,102,12,7,3,10,79,101,105,42,142,135,129,81,10,5,3,12,89,108,115,46,164,156,151,98,11,7,2,9,60,72,78,32,109,105,101,66,8,5,2,6,38,53,52,21,72,71,73,47,5,3,3,10,73,91,93,36,131,124,120,73,8,5,3,10,73,89,96,39,135,130,122,79,10,6,2.88,10.25,74.0,90.38,96.62,38.75,135.38,128.88,123.0,78.75,9.25,5.5
Asphalt_0cm_S10,2026-04-02T20:31:21.767550,3,10,74,91,101,40,145,136,127,85,10,6,4,15,106,118,133,54,186,174,161,102,12,7,3,10,79,101,105,42,142,135,129,81,10,5,3,12,89,108,115,46,164,156,151,98,11,7,2,9,60,72,78,32,109,105,101,66,8,5,2,6,38,53,52,21,72,71,73,47,5,3,3,10,73,91,93,36,131,124,120,73,8,5,3,10,73,89,96,39,135,130,122,79,10,6,2.88,10.25,74.0,90.38,96.62,38.75,135.5,128.88,123.0,78.88,9.25,5.5
Asphalt_0cm_S10,2026-04-02T20:31:21.870904,3,10,74,91,101,40,145,136,127,85,10,6,4,15,106,118,133,54,186,174,161,102,12,7,3,10,79,102,104,42,142,135,129,81,10,5,3,12,89,108,115,46,164,156,151,98,11,7,2,9,60,72,78,31,109,105,101,66,8,5,2,6,38,53,52,21,72,71,72,47,5,3,3,10,73,91,93,37,131,124,120,73,8,5,3,10,73,90,96,39,135,130,122,80,10,6,2.88,10.25,74.0,90.62,96.5,38.75,135.5,128.88,122.88,79.0,9.25,5.5
Asphalt_0cm_S10,2026-04-02T20:31:21.952784,3,10,74,91,101,40,145,136,127,85,10,6,4,15,106,118,133,54,186,174,161,102,12,7,3,10,79,102,104,42,142,135,129,81,10,5,3,12,89,108,115,46,164,156,151,98,11,7,2,9,60,72,78,31,109,105,101,66,8,5,2,6,38,53,52,21,72,71,72,47,5,3,3,10,73,91,93,37,131,124,120,73,8,5,3,10,73,90,96,39,135,130,122,80,10,6,2.88,10.25,74.0,90.62,96.5,38.75,135.5,128.88,122.88,79.0,9.25,5.5
Asphalt_0cm_S10,2026-04-02T20:31:22.059913,3,9,74,91,101,40,144,137,128,85,10,6,4,15,106,118,133,54,186,174,161,102,12,7,3,10,79,101,105,42,142,135,129,81,10,5,3,12,89,108,115,46,164,156,151,98,11,7,2,9,59,72,78,32,109,105,101,66,8,5,2,6,38,53,52,21,72,71,72,47,5,3,3,10,73,91,93,37,131,124,120,73,8,5,3,10,73,90,96,39,135,130,122,80,10,6,2.88,10.12,73.88,90.5,96.62,38.88,135.38,129.0,123.0,79.0,9.25,5.5
Asphalt_0cm_S10,2026-04-02T20:31:22.141063,3,9,74,91,101,40,144,137,128,85,10,6,4,15,106,118,133,54,186,174,161,102,12,7,3,10,79,101,105,42,142,135,129,80,10,5,3,12,89,108,115,46,164,156,151,98,11,7,2,9,60,72,78,31,109,105,101,66,8,5,2,6,38,53,52,21,72,71,73,47,5,3,3,10,73,91,93,37,131,124,120,73,8,5,3,11,73,89,96,39,135,130,123,80,10,6,2.88,10.25,74.0,90.38,96.62,38.75,135.38,129.0,123.25,78.88,9.25,5.5
Asphalt_0cm_S10,2026-04-02T20:31:22.250644,3,10,74,91,101,40,144,136,128,85,10,6,4,16,106,118,133,54,186,174,161,102,12,7,3,10,79,101,105,42,142,135,129,81,10,5,3,12,89,108,115,46,164,156,151,98,11,7,2,9,60,72,78,31,109,105,101,66,8,5,2,6,38,53,52,21,72,71,73,47,5,3,3,10,73,91,93,36,131,124,120,73,8,6,3,11,73,90,97,39,135,130,122,80,10,6,2.88,10.5,74.0,90.5,96.75,38.62,135.38,128.88,123.12,79.0,9.25,5.62
Asphalt_0cm_S10,2026-04-02T20:31:22.332515,3,10,74,91,101,40,144,136,128,85,10,6,4,16,106,118,133,54,186,174,161,102,12,7,3,10,79,101,105,42,142,135,129,81,10,5,3,12,89,108,115,46,164,156,150,98,11,7,2,9,59,72,78,32,109,105,101,66,8,5,2,6,38,53,52,21,72,71,72,47,5,3,3,10,74,91,93,37,131,124,120,73,8,5,3,10,73,89,97,39,135,130,123,80,10,6,2.88,10.38,74.0,90.38,96.75,38.88,135.38,128.88,123.0,79.0,9.25,5.5
Asphalt_0cm_S10,2026-04-02T20:31:22.440640,3,10,74,92,101,40,144,137,128,85,10,6,4,15,106,118,133,53,187,174,161,102,12,7,3,10,79,101,105,42,142,135,129,81,10,5,3,12,89,108,115,46,164,156,150,98,11,7,2,9,59,72,78,32,109,105,101,66,8,5,2,6,38,53,52,21,72,71,72,47,5,3,3,10,74,91,93,37,131,124,120,73,8,5,3,10,73,89,97,39,135,130,123,80,10,6,2.88,10.25,74.0,90.5,96.75,38.75,135.5,129.0,123.0,79.0,9.25,5.5
Asphalt_0cm_S10,2026-04-02T20:31:22.523368,3,10,74,92,101,40,144,137,128,85,10,6,4,15,106,118,133,53,187,174,161,102,12,7,3,10,79,101,105,42,142,135,129,81,10,5,3,12,89,108,115,46,164,156,150,98,11,7,2,9,59,72,78,32,109,105,101,66,8,5,2,6,38,53,52,21,72,71,72,47,5,3,3,10,74,91,93,37,131,124,120,73,8,5,3,10,73,89,97,39,135,130,123,80,10,6,2.88,10.25,74.0,90.5,96.75,38.75,135.5,129.0,123.0,79.0,9.25,5.5
Asphalt_0cm_S10,2026-04-02T20:31:22.630802,3,10,74,91,101,40,144,137,128,85,10,6,4,15,106,118,133,54,187,174,161,102,12,7,3,10,79,101,105,42,142,135,129,80,10,5,3,12,89,108,115,46,164,156,151,98,11,7,2,9,59,72,78,32,110,105,101,66,8,5,2,6,38,53,52,21,72,71,72,47,5,3,2,10,73,91,93,37,131,124,120,73,8,5,3,11,73,89,97,39,135,130,122,80,10,6,2.75,10.38,73.88,90.38,96.75,38.88,135.62,129.0,123.0,78.88,9.25,5.5
Asphalt_0cm_S10,2026-04-02T20:31:22.721754,3,10,74,91,101,40,144,137,128,85,10,6,4,15,106,118,133,54,187,174,161,102,12,7,3,10,79,101,105,42,142,135,129,80,10,5,3,12,89,108,115,46,164,156,151,98,11,7,2,9,59,72,78,32,110,105,101,66,8,5,2,6,38,53,52,21,72,71,72,47,5,3,3,10,74,91,93,36,131,124,120,73,8,5,3,11,73,89,97,39,135,130,122,80,10,6,2.88,10.38,74.0,90.38,96.75,38.75,135.62,129.0,123.0,78.88,9.25,5.5
Asphalt_0cm_S10,2026-04-02T20:31:22.822877,3,9,74,91,101,40,144,136,127,85,10,6,4,15,106,118,133,54,187,174,161,102,12,7,3,10,79,101,105,42,142,135,129,80,10,6,3,12,89,108,115,46,164,156,151,98,11,7,2,9,60,72,78,32,109,105,101,66,8,5,2,6,38,53,52,21,72,71,73,47,5,3,3,10,74,91,93,36,131,124,120,73,8,5,3,11,73,89,97,39,135,130,122,80,10,6,2.88,10.25,74.12,90.38,96.75,38.75,135.5,128.88,123.0,78.88,9.25,5.62
Asphalt_0cm_S10,2026-04-02T20:31:22.902356,3,9,74,91,101,40,144,136,127,85,10,6,4,15,106,118,133,54,187,174,161,102,12,7,3,10,79,101,105,42,142,135,129,80,10,6,3,12,89,108,115,46,164,156,151,98,11,7,2,9,60,72,78,32,109,105,101,66,8,5,2,6,38,53,52,21,72,71,73,47,5,3,3,10,74,91,93,36,131,124,120,73,8,5,3,11,73,90,97,39,135,130,123,80,10,6,2.88,10.25,74.12,90.5,96.75,38.75,135.5,128.88,123.12,78.88,9.25,5.62
Asphalt_0cm_S10,2026-04-02T20:31:22.982647,3,9,74,91,101,40,144,136,127,85,10,6,4,15,106,118,133,54,187,174,161,102,12,7,3,10,79,101,105,42,142,135,129,80,10,6,3,12,89,108,115,46,164,156,151,98,11,7,2,9,60,72,78,32,109,105,101,66,8,5,2,6,38,53,52,21,72,71,73,47,5,3,3,10,74,91,93,36,131,124,120,73,8,5,3,11,73,90,97,39,135,130,123,80,10,6,2.88,10.25,74.12,90.5,96.75,38.75,135.5,128.88,123.12,78.88,9.25,5.62
Asphalt_0cm_S10,2026-04-02T20:31:23.078511,3,9,74,91,100,40,144,136,127,85,10,6,4,15,106,118,132,54,187,174,161,102,12,7,3,10,79,102,105,42,142,135,129,81,10,5,3,12,89,108,115,46,164,156,151,98,11,7,2,9,60,72,78,31,110,105,101,66,8,5,2,6,38,53,52,21,72,71,72,47,5,3,3,10,74,91,93,36,131,124,120,73,8,5,3,11,73,90,97,39,135,130,123,80,10,6,2.88,10.25,74.12,90.62,96.5,38.62,135.62,128.88,123.0,79.0,9.25,5.5
Asphalt_0cm_S10,2026-04-02T20:31:23.163884,3,9,74,91,101,40,144,136,127,85,10,6,4,15,106,118,133,54,187,174,161,102,12,7,3,10,79,102,105,42,142,135,129,81,10,5,3,12,89,108,115,46,164,156,151,98,11,7,2,9,59,72,78,32,109,105,101,66,8,5,2,6,38,53,52,21,72,71,72,47,5,3,3,10,74,91,93,36,131,124,120,73,8,5,3,11,73,90,97,39,135,130,123,80,10,6,2.88,10.25,74.0,90.62,96.75,38.75,135.5,128.88,123.0,79.0,9.25,5.5
Asphalt_0cm_S10,2026-04-02T20:31:23.264852,3,9,74,91,101,40,144,136,127,85,10,6,4,15,106,118,133,54,187,174,161,102,12,7,3,10,79,102,105,42,142,135,129,81,10,5,3,12,89,108,115,46,164,156,151,98,11,7,2,9,59,72,78,32,109,105,101,66,8,5,2,6,38,53,52,21,72,71,72,47,5,3,3,10,74,91,93,36,131,124,120,73,8,5,3,11,73,90,97,39,136,130,123,80,10,6,2.88,10.25,74.0,90.62,96.75,38.75,135.62,128.88,123.0,79.0,9.25,5.5
Asphalt_0cm_S10,2026-04-02T20:31:23.350062,3,9,74,91,101,40,144,137,128,85,10,6,4,15,106,118,133,54,187,174,161,102,12,7,3,10,79,101,105,42,142,135,129,81,10,5,3,12,89,108,115,46,164,156,151,98,11,7,2,9,60,72,78,32,110,105,101,66,8,5,2,6,38,53,52,21,72,71,72,47,5,3,3,10,73,91,93,37,131,124,120,73,8,5,3,11,73,89,97,39,136,130,123,80,10,6,2.88,10.25,74.0,90.38,96.75,38.88,135.75,129.0,123.12,79.0,9.25,5.5
Asphalt_0cm_S10,2026-04-02T20:31:23.454644,3,10,74,91,101,40,144,137,128,85,10,6,4,15,106,118,133,54,187,174,161,102,12,7,3,10,79,102,105,42,142,135,129,81,10,5,3,12,89,108,115,46,164,156,151,98,11,7,2,9,60,72,78,32,110,105,101,66,8,5,2,6,38,53,52,21,72,71,72,47,5,3,3,10,73,91,93,37,131,124,120,73,8,5,3,11,73,89,97,39,136,130,123,80,10,6,2.88,10.38,74.0,90.5,96.75,38.88,135.75,129.0,123.12,79.0,9.25,5.5
Asphalt_0cm_S10,2026-04-02T20:31:23.537982,3,10,74,91,101,40,144,137,128,85,10,6,4,15,106,118,133,54,187,174,161,102,12,7,3,10,79,102,105,42,142,135,129,81,10,5,3,12,89,108,115,46,164,156,151,98,11,7,2,9,60,72,78,32,110,105,101,66,8,5,2,6,38,53,52,21,72,71,72,47,5,3,3,10,73,91,93,37,131,124,120,73,8,5,3,11,73,89,97,39,136,130,123,80,10,6,2.88,10.38,74.0,90.5,96.75,38.88,135.75,129.0,123.12,79.0,9.25,5.5
Asphalt_0cm_S10,2026-04-02T20:31:23.649425,3,9,74,91,100,40,144,137,127,85,10,6,4,15,106,118,133,54,187,174,161,102,12,7,3,10,79,101,105,42,142,135,129,81,10,5,3,12,89,108,115,46,164,156,151,98,11,7,2,9,60,73,78,32,109,105,101,66,8,5,2,6,38,53,52,21,72,71,73,47,5,3,3,10,74,91,93,37,131,124,120,73,8,5,3,11,73,90,97,39,136,130,123,80,10,6,2.88,10.25,74.12,90.62,96.62,38.88,135.62,129.0,123.12,79.0,9.25,5.5
Asphalt_0cm_S10,2026-04-02T20:31:23.739900,3,9,74,91,100,40,144,137,127,85,10,6,4,15,106,118,133,54,187,174,161,102,12,7,3,10,79,101,105,42,142,135,129,81,10,5,3,12,89,108,115,46,164,156,151,98,11,7,2,9,60,73,78,32,109,105,101,66,8,5,2,6,38,53,52,21,72,71,72,47,5,3,3,10,74,91,93,37,131,124,120,73,8,5,3,11,73,89,97,39,136,130,123,80,10,6,2.88,10.25,74.12,90.5,96.62,38.88,135.62,129.0,123.0,79.0,9.25,5.5
Asphalt_0cm_S10,2026-04-02T20:31:23.825269,3,10,74,91,101,40,144,137,128,85,10,6,4,16,106,118,133,54,187,174,161,102,12,7,3,10,79,102,105,42,142,135,129,81,10,5,3,12,89,108,115,46,164,156,151,98,11,7,2,9,60,73,78,32,110,105,101,66,8,5,2,6,38,54,52,21,72,71,73,47,5,3,3,10,74,91,93,37,131,124,120,73,8,5,3,11,73,89,97,39,136,130,123,80,10,6,2.88,10.5,74.12,90.75,96.75,38.88,135.75,129.0,123.25,79.0,9.25,5.5
Asphalt_0cm_S10,2026-04-02T20:31:23.910588,3,10,74,91,101,40,144,137,128,85,10,6,4,16,106,118,133,54,187,174,161,102,12,7,3,10,79,102,105,42,142,135,129,81,10,5,3,12,89,108,115,46,164,156,151,98,11,7,2,9,60,73,78,32,110,105,101,66,8,5,2,6,38,54,52,21,72,71,73,47,5,3,3,10,74,91,93,37,131,124,120,73,8,5,3,10,73,90,97,39,136,130,123,80,10,6,2.88,10.38,74.12,90.88,96.75,38.88,135.75,129.0,123.25,79.0,9.25,5.5
Asphalt_0cm_S10,2026-04-02T20:31:23.996192,3,10,74,91,101,40,144,137,128,85,10,6,4,16,106,118,133,54,187,174,161,102,12,7,3,10,79,102,105,42,142,135,129,81,10,5,3,12,89,108,115,46,164,156,151,98,11,7,2,9,60,73,78,32,110,105,101,66,8,5,2,6,38,54,52,21,72,71,73,47,5,3,3,10,74,91,93,37,131,124,120,73,8,5,3,10,73,90,97,39,136,130,123,80,10,6,2.88,10.38,74.12,90.88,96.75,38.88,135.75,129.0,123.25,79.0,9.25,5.5
Asphalt_0cm_S10,2026-04-02T20:31:24.090038,3,10,74,91,101,40,145,137,128,85,10,6,4,15,106,118,133,54,187,174,161,102,12,7,3,10,79,102,105,42,142,135,129,81,10,5,3,12,89,108,115,46,164,156,151,98,11,7,2,9,60,73,78,32,110,105,101,66,8,5,2,6,38,54,52,21,72,71,73,47,5,3,3,10,74,91,93,37,131,124,120,73,8,5,3,10,73,90,97,39,136,130,123,80,10,6,2.88,10.25,74.12,90.88,96.75,38.88,135.88,129.0,123.25,79.0,9.25,5.5
Asphalt_0cm_S10,2026-04-02T20:31:24.182433,3,9,74,91,101,40,145,137,127,85,10,6,4,16,106,118,133,54,186,174,161,102,12,7,3,10,79,101,105,42,142,135,129,81,10,5,3,12,89,108,115,46,164,157,151,98,11,7,2,9,60,73,78,32,109,105,101,66,8,5,2,6,38,54,52,21,72,71,73,47,5,3,3,10,74,91,93,37,131,124,120,73,8,5,3,10,73,90,97,39,136,130,123,80,10,6,2.88,10.25,74.12,90.75,96.75,38.88,135.62,129.12,123.12,79.0,9.25,5.5
Asphalt_0cm_S10,2026-04-02T20:31:24.292211,3,10,74,91,101,40,144,137,127,85,10,6,4,15,106,119,133,54,187,175,161,102,12,7,3,11,79,102,105,42,142,135,129,81,10,5,3,12,89,108,115,46,164,157,151,98,11,7,2,9,60,73,78,32,109,105,101,66,8,5,2,6,38,54,52,21,72,71,73,47,5,3,3,10,74,91,93,37,131,124,120,73,8,5,3,11,73,90,97,39,136,131,123,80,10,6,2.88,10.5,74.12,91.0,96.75,38.88,135.62,129.38,123.12,79.0,9.25,5.5
Asphalt_0cm_S10,2026-04-02T20:31:24.403548,3,10,74,91,101,40,144,137,127,85,10,6,4,15,106,119,133,54,187,175,161,102,12,7,3,11,79,102,105,42,142,135,129,81,10,5,3,12,89,108,115,46,164,157,151,98,11,7,2,9,60,73,78,32,109,105,101,66,8,5,2,6,38,54,52,21,72,71,73,47,5,3,3,10,74,91,93,37,131,124,120,73,8,5,3,11,73,90,97,39,136,131,123,80,10,6,2.88,10.5,74.12,91.0,96.75,38.88,135.62,129.38,123.12,79.0,9.25,5.5
Asphalt_0cm_S10,2026-04-02T20:31:24.487800,3,10,74,91,101,40,144,137,127,85,10,6,4,15,106,119,133,54,187,175,161,102,12,7,3,11,79,102,105,42,142,135,129,81,10,5,3,12,89,108,115,45,164,156,151,98,11,7,2,9,60,73,78,32,109,105,101,66,8,5,2,6,38,54,52,21,73,71,73,47,5,3,3,10,74,91,93,37,131,124,120,73,8,5,3,11,73,90,97,39,136,131,123,80,10,6,2.88,10.5,74.12,91.0,96.75,38.75,135.75,129.25,123.12,79.0,9.25,5.5
Asphalt_0cm_S10,2026-04-02T20:31:24.599003,3,10,74,91,101,40,144,137,127,85,10,6,4,15,106,119,133,54,187,175,161,102,12,7,3,11,79,102,105,42,142,135,129,81,10,5,3,12,89,108,115,45,164,156,151,98,11,7,2,9,60,73,78,32,109,105,101,66,8,5,2,6,38,54,52,21,73,71,73,47,5,3,3,10,74,91,93,37,131,124,120,73,8,5,3,11,73,90,97,39,136,131,123,80,10,6,2.88,10.5,74.12,91.0,96.75,38.75,135.75,129.25,123.12,79.0,9.25,5.5
Asphalt_0cm_S10,2026-04-02T20:31:24.685236,3,10,74,92,101,40,144,137,128,85,10,6,4,15,107,118,133,54,187,175,161,102,12,7,3,10,79,101,105,42,142,135,130,81,10,5,3,12,89,108,115,46,164,156,151,98,11,7,2,9,60,73,78,32,110,105,101,66,8,5,2,6,38,53,52,21,72,71,73,47,5,3,3,10,74,91,93,36,131,124,120,73,8,5,3,11,74,90,97,39,136,130,123,80,10,6,2.88,10.38,74.38,90.75,96.75,38.75,135.75,129.12,123.38,79.0,9.25,5.5
Asphalt_0cm_S10,2026-04-02T20:31:24.782055,3,10,74,92,101,40,145,137,128,85,10,6,4,15,107,119,133,54,186,174,161,102,12,7,3,10,79,101,105,42,142,135,130,81,10,5,3,12,89,108,115,46,164,156,151,98,11,7,2,9,60,73,78,32,110,105,101,66,8,5,2,6,38,53,52,21,72,71,73,47,5,3,3,10,74,91,93,37,131,124,120,73,8,5,3,11,74,90,97,39,136,131,123,80,10,6,2.88,10.38,74.38,90.88,96.75,38.88,135.75,129.12,123.38,79.0,9.25,5.5
Asphalt_0cm_S10,2026-04-02T20:31:24.883265,3,10,74,92,101,40,145,137,128,85,10,6,4,15,107,119,133,54,186,174,161,102,12,7,3,10,79,101,105,42,142,135,129,81,10,6,3,12,89,108,115,46,164,156,151,98,11,7,2,9,60,73,78,32,110,105,101,66,8,5,2,6,38,54,52,21,73,71,73,47,5,3,3,10,74,91,93,37,131,124,120,73,8,5,3,11,74,90,97,39,136,131,123,80,10,6,2.88,10.38,74.38,91.0,96.75,38.88,135.88,129.12,123.25,79.0,9.25,5.62
Asphalt_0cm_S10,2026-04-02T20:31:24.966596,3,10,74,92,101,40,145,137,128,85,10,6,4,15,107,119,133,54,186,174,161,102,12,7,3,10,79,101,105,42,142,135,129,81,10,6,3,12,89,108,115,46,164,156,151,98,11,7,2,9,60,73,78,32,110,105,101,66,8,5,2,6,38,54,52,21,73,71,73,47,5,3,3,10,74,91,93,37,131,124,120,73,8,5,3,11,74,90,97,39,136,130,123,80,10,6,2.88,10.38,74.38,91.0,96.75,38.88,135.88,129.0,123.25,79.0,9.25,5.62
Asphalt_0cm_S10,2026-04-02T20:31:25.049682,3,10,74,92,101,40,145,137,128,85,10,6,4,15,107,119,133,54,186,174,161,102,12,7,3,10,79,101,105,42,142,135,129,81,10,6,3,12,89,108,115,46,164,156,151,98,11,7,2,9,60,73,78,32,110,105,101,66,8,5,2,6,38,54,52,21,73,71,73,47,5,3,3,10,74,91,93,37,131,124,120,73,8,5,3,11,74,90,97,39,136,130,123,80,10,6,2.88,10.38,74.38,91.0,96.75,38.88,135.88,129.0,123.25,79.0,9.25,5.62
Asphalt_0cm_S10,2026-04-02T20:31:25.148585,3,10,74,92,101,40,144,137,128,85,10,6,4,16,106,119,133,54,187,174,161,102,12,7,3,10,79,102,105,42,142,135,129,81,10,5,3,12,89,108,115,46,164,156,151,98,11,7,2,9,60,73,78,32,110,105,101,66,8,5,2,6,38,54,52,21,73,71,73,47,5,3,3,10,74,91,93,37,131,124,120,73,8,5,3,11,74,90,97,39,136,130,123,80,10,6,2.88,10.5,74.25,91.12,96.75,38.88,135.88,129.0,123.25,79.0,9.25,5.5
Asphalt_0cm_S10,2026-04-02T20:31:25.229253,3,10,74,92,101,40,144,137,128,85,10,6,4,16,106,119,133,54,187,174,161,102,12,7,3,10,79,102,105,42,142,135,129,81,10,5,3,12,89,108,115,46,164,156,151,98,11,7,2,9,60,73,78,32,110,105,101,66,8,5,2,6,38,54,52,21,72,71,73,47,5,3,3,10,74,91,93,37,131,124,120,73,8,6,3,11,74,90,97,39,136,130,123,80,10,6,2.88,10.5,74.25,91.12,96.75,38.88,135.75,129.0,123.25,79.0,9.25,5.62
Asphalt_0cm_S10,2026-04-02T20:31:25.314722,3,10,74,92,101,40,145,137,128,85,10,6,4,16,106,119,133,54,187,175,161,102,12,7,3,10,79,102,105,42,142,135,129,81,10,5,3,12,89,108,115,46,164,156,151,98,11,7,2,9,60,73,78,32,110,105,101,66,8,5,2,6,38,54,52,21,72,71,73,47,5,3,3,10,74,91,93,37,131,124,120,73,8,6,3,11,74,90,97,39,136,130,123,80,10,6,2.88,10.5,74.25,91.12,96.75,38.88,135.88,129.12,123.25,79.0,9.25,5.62
Asphalt_0cm_S10,2026-04-02T20:31:25.442565,3,10,74,92,101,40,145,137,128,85,10,6,4,16,106,119,133,54,187,175,161,102,12,7,3,10,79,102,105,42,142,135,129,81,10,5,3,12,89,108,115,46,164,156,151,98,11,7,2,9,60,73,78,32,110,105,101,66,8,5,2,6,38,53,52,21,73,71,73,47,5,3,3,10,74,91,93,37,131,124,120,73,8,5,3,11,74,90,97,39,136,131,123,80,10,6,2.88,10.5,74.25,91.0,96.75,38.88,136.0,129.25,123.25,79.0,9.25,5.5
Asphalt_0cm_S10,2026-04-02T20:31:25.531857,3,10,74,92,101,40,145,137,128,85,10,6,4,15,107,118,133,54,187,175,161,102,12,7,3,10,79,102,105,42,142,135,130,81,10,5,3,12,89,108,115,46,164,156,151,98,11,7,2,9,60,73,78,32,110,105,101,66,8,5,2,6,38,53,52,21,73,71,73,47,5,3,3,10,74,91,93,37,131,124,120,73,8,5,3,11,74,90,97,39,136,131,123,80,10,6,2.88,10.38,74.38,90.88,96.75,38.88,136.0,129.25,123.38,79.0,9.25,5.5
Asphalt_0cm_S10,2026-04-02T20:31:25.620355,3,10,74,91,101,40,144,137,127,85,10,6,4,15,107,118,133,54,187,175,161,102,12,7,3,10,79,102,105,42,142,135,130,81,10,5,3,12,89,108,115,46,164,157,151,98,11,7,2,9,60,73,78,32,110,105,101,66,8,5,2,6,38,54,52,21,72,71,73,47,5,3,3,10,74,91,93,37,131,124,120,73,8,5,3,11,74,90,97,39,136,131,123,80,10,6,2.88,10.38,74.38,90.88,96.75,38.88,135.75,129.38,123.25,79.0,9.25,5.5
Asphalt_0cm_S10,2026-04-02T20:31:25.728499,3,10,74,91,101,40,144,137,127,85,10,6,4,15,107,119,133,54,187,174,161,102,13,7,3,10,79,102,105,42,142,135,130,81,10,5,3,12,89,108,115,46,164,156,151,98,11,7,2,9,60,73,78,32,110,105,101,66,8,5,2,6,38,54,52,21,73,71,73,47,5,3,3,10,74,91,93,37,131,124,120,73,8,5,3,11,74,90,97,39,136,131,123,80,10,6,2.88,10.38,74.38,91.0,96.75,38.88,135.88,129.12,123.25,79.0,9.38,5.5
Asphalt_0cm_S10,2026-04-02T20:31:25.825514,3,9,74,91,101,40,145,137,128,85,10,6,4,16,106,118,133,54,187,174,161,102,12,7,3,10,79,102,105,42,143,136,130,81,10,6,3,12,89,108,115,46,164,156,151,98,11,7,2,9,60,73,78,32,110,105,101,66,8,5,2,6,38,54,52,21,73,71,73,47,5,3,3,10,74,91,93,37,131,124,120,73,8,5,3,10,74,90,97,39,136,131,122,80,10,6,2.88,10.25,74.25,90.88,96.75,38.88,136.12,129.25,123.25,79.0,9.25,5.62
Asphalt_0cm_S10,2026-04-02T20:31:25.915280,3,9,74,91,101,40,145,137,128,85,10,6,4,16,106,118,133,54,187,174,161,102,12,7,3,10,79,102,105,42,143,136,130,81,10,6,3,12,89,108,115,46,165,157,151,98,11,7,2,9,60,73,78,31,110,105,101,66,8,5,2,6,38,54,52,21,72,71,73,47,5,3,3,10,74,91,93,37,131,124,120,73,8,5,3,10,74,90,97,39,136,131,122,80,10,6,2.88,10.25,74.25,90.88,96.75,38.75,136.12,129.38,123.25,79.0,9.25,5.62
Asphalt_0cm_S10,2026-04-02T20:31:26.003626,3,9,74,91,101,40,145,137,128,85,10,6,4,16,106,118,133,54,187,174,161,102,12,7,3,10,79,102,105,42,143,136,130,81,10,6,3,12,89,108,115,46,165,157,151,98,11,7,2,9,60,73,78,31,110,105,101,66,8,5,2,6,38,54,52,21,72,71,73,47,5,3,3,10,74,91,93,37,131,124,120,73,8,5,3,10,74,90,97,39,136,131,122,80,10,6,2.88,10.25,74.25,90.88,96.75,38.75,136.12,129.38,123.25,79.0,9.25,5.62
Asphalt_0cm_S10,2026-04-02T20:31:26.092368,3,10,74,91,101,40,144,137,127,85,10,6,4,16,106,118,133,54,187,174,161,102,12,7,3,10,79,102,105,42,143,136,130,81,10,6,3,12,89,108,115,46,165,157,151,98,11,7,2,9,60,73,78,31,110,105,101,66,8,5,2,6,38,54,52,21,72,71,73,47,5,3,3,10,74,91,93,37,131,124,120,73,8,5,3,11,74,90,97,39,136,131,123,80,10,6,2.88,10.5,74.25,90.88,96.75,38.75,136.0,129.38,123.25,79.0,9.25,5.62
Asphalt_0cm_S10,2026-04-02T20:31:26.179522,3,10,74,92,101,40,145,137,128,85,10,6,4,15,107,119,133,54,187,175,161,103,12,7,3,11,79,102,105,42,143,136,130,81,10,5,3,12,89,108,115,46,165,156,151,98,11,7,2,9,60,73,79,32,110,106,101,66,8,5,2,6,38,54,52,21,72,71,73,47,5,3,3,10,74,91,93,37,131,124,120,73,8,5,3,11,74,90,97,39,136,131,123,80,10,6,2.88,10.5,74.38,91.12,96.88,38.88,136.12,129.5,123.38,79.12,9.25,5.5
Asphalt_0cm_S10,2026-04-02T20:31:26.287128,3,10,74,92,101,40,145,137,128,85,10,6,4,15,107,119,133,54,187,175,161,103,12,7,3,11,79,102,105,42,143,136,130,81,10,5,3,12,89,108,115,46,165,156,151,98,11,7,2,9,60,73,79,32,110,106,101,66,8,5,2,6,38,53,52,21,73,71,73,47,5,3,3,10,74,91,93,36,131,124,120,73,8,5,3,11,74,90,97,39,136,131,124,80,10,6,2.88,10.5,74.38,91.0,96.88,38.75,136.25,129.5,123.5,79.12,9.25,5.5
Asphalt_0cm_S10,2026-04-02T20:31:26.379651,3,9,74,92,101,40,145,137,128,85,10,6,4,15,106,119,133,54,188,175,162,102,12,7,3,11,79,102,105,42,143,136,130,81,10,5,3,12,89,108,115,46,165,156,151,98,11,7,2,9,60,73,79,32,110,106,101,66,8,5,2,6,38,53,52,21,73,71,73,47,5,3,3,10,74,91,93,36,131,124,120,73,8,5,3,11,74,90,97,39,136,131,124,80,10,6,2.88,10.38,74.25,91.0,96.88,38.75,136.38,129.5,123.62,79.0,9.25,5.5
Asphalt_0cm_S10,2026-04-02T20:31:26.472425,3,9,74,92,101,40,145,137,128,85,10,6,4,15,106,119,133,54,188,175,162,102,12,7,3,11,79,102,105,42,143,136,130,81,10,5,3,12,89,108,115,46,165,156,151,98,11,7,2,9,60,73,79,32,110,106,101,66,8,5,2,6,38,53,52,21,73,71,73,47,5,3,3,10,74,91,93,36,131,124,120,73,8,5,3,11,74,90,97,39,136,131,124,80,10,6,2.88,10.38,74.25,91.0,96.88,38.75,136.38,129.5,123.62,79.0,9.25,5.5
Asphalt_0cm_S10,2026-04-02T20:31:26.568335,3,9,74,92,101,40,145,137,128,85,10,6,4,15,106,119,133,54,188,175,162,102,12,7,3,10,79,102,105,42,143,136,130,81,10,5,3,12,89,108,115,46,165,156,151,98,11,7,2,9,60,73,78,32,110,105,101,66,8,5,2,6,38,53,52,21,73,71,73,47,5,3,3,10,74,91,93,36,131,124,120,73,8,5,3,11,74,90,97,39,136,131,124,80,10,6,2.88,10.25,74.25,91.0,96.75,38.75,136.38,129.38,123.62,79.0,9.25,5.5
Asphalt_0cm_S10,2026-04-02T20:31:26.659969,3,9,74,92,101,40,145,137,128,85,10,6,4,15,106,119,133,54,188,175,162,102,12,7,3,10,79,102,105,42,143,136,130,81,10,5,3,12,89,108,115,46,165,156,151,98,11,7,2,9,60,73,78,32,110,105,101,66,8,5,2,6,38,53,52,21,73,71,73,47,5,3,3,10,74,91,93,36,131,124,120,73,8,5,3,11,74,90,97,39,136,131,124,80,10,6,2.88,10.25,74.25,91.0,96.75,38.75,136.38,129.38,123.62,79.0,9.25,5.5
Asphalt_0cm_S10,2026-04-02T20:31:26.745069,3,10,74,92,101,40,145,137,128,85,10,6,4,16,107,119,133,54,187,175,162,102,12,7,3,10,79,102,105,42,143,136,130,81,10,6,3,12,89,108,115,46,165,156,151,98,11,7,2,9,60,73,78,32,110,106,101,66,8,5,2,6,38,54,52,22,73,72,73,47,5,3,3,10,74,91,93,37,132,124,120,73,8,5,3,11,74,90,97,40,137,131,124,81,10,6,2.88,10.5,74.38,91.12,96.75,39.12,136.5,129.62,123.62,79.12,9.25,5.62
Asphalt_0cm_S10,2026-04-02T20:31:26.859560,3,10,74,92,101,40,145,137,128,85,10,6,4,15,107,119,133,54,187,175,162,102,12,7,3,10,79,102,105,42,143,136,130,81,10,5,3,12,89,108,115,46,165,157,151,98,11,7,2,9,60,73,79,32,110,105,101,67,8,5,2,6,38,54,52,22,73,72,73,47,5,3,3,10,74,91,93,37,132,124,120,73,8,5,3,11,74,90,97,40,137,131,124,81,10,6,2.88,10.38,74.38,91.12,96.88,39.12,136.5,129.62,123.62,79.25,9.25,5.5
Asphalt_0cm_S10,2026-04-02T20:31:26.963889,3,10,74,92,101,40,145,137,128,85,10,6,4,15,107,119,133,54,187,175,162,102,12,7,3,10,79,102,105,42,143,136,130,81,10,5,3,12,89,108,115,46,165,157,151,98,11,7,2,9,60,73,79,32,110,105,101,67,8,5,2,6,38,53,52,21,73,71,73,47,5,3,3,10,74,92,94,37,131,124,120,73,8,5,3,11,74,90,97,40,137,131,124,80,10,6,2.88,10.38,74.38,91.12,97.0,39.0,136.38,129.5,123.62,79.12,9.25,5.5
Asphalt_0cm_S10,2026-04-02T20:31:27.064735,3,10,74,92,101,40,145,137,128,85,10,6,4,15,107,119,133,54,187,175,162,102,12,7,3,10,79,102,105,42,143,136,130,81,10,5,3,12,89,108,115,46,165,157,151,98,11,7,2,9,60,73,79,32,110,105,101,67,8,5,2,6,38,53,52,21,73,71,73,47,5,3,3,10,74,92,94,37,131,124,120,73,8,5,3,11,74,90,97,40,137,131,124,80,10,6,2.88,10.38,74.38,91.12,97.0,39.0,136.38,129.5,123.62,79.12,9.25,5.5
Asphalt_0cm_S10,2026-04-02T20:31:27.150355,3,10,74,92,101,40,145,137,128,85,10,6,4,16,107,119,133,54,187,175,162,102,12,7,3,10,79,102,105,42,143,136,130,81,10,5,3,12,90,108,115,46,165,157,151,98,11,7,2,9,60,73,78,32,110,106,101,66,8,5,2,6,38,54,52,21,73,71,73,47,5,3,3,10,74,91,93,37,131,124,120,73,8,5,3,11,74,90,97,39,136,131,124,80,10,6,2.88,10.5,74.5,91.12,96.75,38.88,136.25,129.62,123.62,79.0,9.25,5.5
Asphalt_0cm_S10,2026-04-02T20:31:27.252689,3,10,74,92,101,40,145,137,128,85,10,6,4,16,107,119,133,54,187,175,162,102,12,7,3,10,79,102,105,42,143,136,130,81,10,5,3,12,89,108,115,46,164,157,151,98,11,7,2,9,60,73,79,32,110,106,102,67,8,5,2,6,38,54,52,21,73,71,73,47,5,3,3,10,74,92,93,37,131,125,120,73,8,5,3,11,74,90,97,40,137,131,124,80,10,6,2.88,10.5,74.38,91.25,96.88,39.0,136.25,129.75,123.75,79.12,9.25,5.5
Asphalt_0cm_S10,2026-04-02T20:31:27.344162,3,10,74,92,101,40,145,137,128,85,10,6,4,15,107,119,133,54,187,175,161,102,12,7,3,10,79,102,105,42,143,136,130,81,10,5,3,12,89,108,115,46,164,156,151,98,11,7,2,9,60,73,79,32,110,106,102,67,8,5,2,6,38,54,52,21,73,71,73,47,5,3,3,10,74,92,93,37,131,125,120,73,8,5,3,11,74,90,97,40,137,131,124,80,10,6,2.88,10.38,74.38,91.25,96.88,39.0,136.25,129.62,123.62,79.12,9.25,5.5
Asphalt_0cm_S10,2026-04-02T20:31:27.433596,3,10,74,92,101,40,145,137,128,85,10,6,4,15,107,119,133,54,187,175,161,102,12,7,3,10,79,102,105,42,143,136,130,81,10,5,3,12,89,108,115,46,164,156,151,98,11,7,2,9,60,73,79,32,110,106,102,67,8,5,2,6,38,54,52,21,73,71,73,47,5,3,3,10,74,92,93,37,131,125,120,73,8,5,3,11,74,90,97,40,137,131,124,80,10,6,2.88,10.38,74.38,91.25,96.88,39.0,136.25,129.62,123.62,79.12,9.25,5.5
Asphalt_0cm_S10,2026-04-02T20:31:27.569273,3,10,74,92,101,40,145,137,128,85,10,6,4,15,107,119,133,54,187,175,161,102,12,7,3,10,79,102,105,42,143,136,130,81,10,5,3,12,89,108,115,46,164,156,151,98,11,7,2,9,60,73,78,32,110,106,101,67,8,5,2,6,38,54,52,21,73,71,73,47,5,3,3,10,74,92,93,37,132,124,120,73,8,5,3,11,74,90,97,40,137,131,124,80,10,6,2.88,10.38,74.38,91.25,96.75,39.0,136.38,129.5,123.5,79.12,9.25,5.5
Asphalt_0cm_S10,2026-04-02T20:31:27.681378,3,10,74,92,101,40,144,137,128,85,10,6,4,15,107,119,133,54,188,175,162,103,12,7,3,10,79,102,105,42,143,136,130,81,10,5,3,12,89,108,115,46,164,156,151,98,11,7,2,9,60,73,78,32,110,106,101,67,8,5,2,6,38,54,52,21,73,71,73,47,5,3,3,10,74,92,93,37,132,124,120,73,8,5,3,11,74,90,98,40,137,131,124,81,10,6,2.88,10.38,74.38,91.25,96.88,39.0,136.38,129.5,123.62,79.38,9.25,5.5
Asphalt_0cm_S10,2026-04-02T20:31:27.787474,3,10,74,92,101,40,144,137,128,85,10,6,4,15,107,119,133,54,188,175,162,103,12,7,3,10,79,102,105,42,143,136,130,81,10,5,3,12,90,108,115,46,165,157,151,98,11,7,2,9,60,73,78,32,110,106,102,66,8,5,2,6,38,54,52,21,73,72,73,47,5,3,3,10,74,92,93,37,132,124,121,73,8,5,3,11,74,90,98,40,137,132,124,80,10,6,2.88,10.38,74.5,91.25,96.88,39.0,136.5,129.88,123.88,79.12,9.25,5.5
Asphalt_0cm_S10,2026-04-02T20:31:27.909901,3,10,74,92,101,40,144,137,128,85,10,6,4,15,107,119,133,54,188,175,162,103,12,7,3,10,79,102,105,42,143,136,130,81,10,5,3,12,90,108,115,46,165,157,151,98,11,7,2,9,60,73,78,32,110,106,102,66,8,5,2,6,38,54,52,21,73,72,73,47,5,3,3,10,74,92,93,37,132,124,121,73,8,5,3,11,74,90,98,40,137,132,124,80,10,6,2.88,10.38,74.5,91.25,96.88,39.0,136.5,129.88,123.88,79.12,9.25,5.5
Asphalt_0cm_S10,2026-04-02T20:31:27.995100,3,10,74,92,101,40,144,137,128,85,10,6,4,16,107,119,133,54,187,175,161,102,12,7,3,10,79,102,105,42,143,136,130,81,10,5,3,12,90,108,115,46,165,157,151,98,11,7,2,9,60,73,78,32,110,106,102,66,8,5,2,6,38,54,52,21,73,72,73,47,5,3,3,10,74,92,93,37,132,124,121,73,8,5,3,11,74,90,98,40,137,132,124,80,10,6,2.88,10.5,74.5,91.25,96.88,39.0,136.38,129.88,123.75,79.0,9.25,5.5
Asphalt_0cm_S10,2026-04-02T20:31:28.088657,3,9,74,92,100,40,145,137,128,85,10,6,4,15,107,119,133,54,188,175,162,102,12,7,3,10,79,102,105,42,143,136,130,81,10,6,3,12,90,108,115,46,165,157,151,98,11,7,2,9,60,73,79,32,110,106,101,67,8,5,2,6,38,54,52,21,73,72,73,47,5,3,3,10,74,92,93,37,132,125,120,73,8,6,3,11,74,90,98,40,137,132,124,80,10,6,2.88,10.25,74.5,91.25,96.88,39.0,136.62,130.0,123.62,79.12,9.25,5.75
Asphalt_0cm_S10,2026-04-02T20:31:28.199621,3,10,74,92,101,40,145,137,128,85,10,6,4,15,107,119,133,54,187,175,162,103,12,7,3,10,79,102,105,42,143,136,130,81,10,6,3,12,89,108,115,46,165,157,151,98,11,7,2,9,60,73,78,32,110,106,102,66,8,5,2,6,38,54,52,21,73,72,73,47,5,3,3,10,74,92,93,37,132,125,120,73,8,6,3,11,74,90,97,40,137,131,124,80,10,6,2.88,10.38,74.38,91.25,96.75,39.0,136.5,129.88,123.75,79.12,9.25,5.75
Asphalt_0cm_S10,2026-04-02T20:31:28.291864,3,10,74,91,101,40,145,137,128,85,10,6,4,15,107,119,133,54,187,175,162,103,12,7,3,10,79,102,105,42,143,136,130,81,10,6,3,12,89,108,115,46,165,157,151,98,11,7,2,9,60,73,78,32,110,106,102,66,8,5,2,6,38,54,52,21,73,72,73,47,5,3,3,10,74,92,93,37,132,124,120,73,8,6,3,11,74,90,98,39,137,132,124,81,10,6,2.88,10.38,74.38,91.12,96.88,38.88,136.5,129.88,123.75,79.25,9.25,5.75
Asphalt_0cm_S10,2026-04-02T20:31:28.378992,3,10,74,91,101,40,145,137,128,85,10,6,4,15,107,119,133,54,188,175,161,103,12,7,3,10,79,102,105,42,143,136,130,81,10,5,3,12,89,108,115,46,165,157,151,98,11,7,2,9,60,73,78,32,110,106,102,66,8,5,2,6,38,54,52,21,73,72,73,47,5,3,3,10,74,92,93,37,132,124,120,73,8,6,3,11,74,90,98,39,137,132,124,81,10,6,2.88,10.38,74.38,91.12,96.88,38.88,136.62,129.88,123.62,79.25,9.25,5.62
Asphalt_0cm_S10,2026-04-02T20:31:28.481973,3,10,74,91,101,40,145,137,128,85,10,6,4,15,107,119,133,54,188,175,161,103,12,7,3,10,79,102,105,42,143,136,130,81,10,5,3,12,89,108,115,46,165,157,151,98,11,7,2,9,60,73,78,32,110,106,102,66,8,5,2,6,38,54,52,21,73,72,73,47,5,3,3,10,74,92,93,37,132,124,120,73,8,6,3,11,74,90,98,39,137,132,124,81,10,6,2.88,10.38,74.38,91.12,96.88,38.88,136.62,129.88,123.62,79.25,9.25,5.62
Asphalt_0cm_S10,2026-04-02T20:31:28.571839,3,10,74,91,101,40,145,137,128,85,10,6,4,15,107,119,133,54,188,175,161,103,12,7,3,10,79,102,105,42,143,136,130,81,10,5,3,12,89,108,115,46,165,157,151,98,11,7,2,9,60,73,79,32,110,106,102,66,8,5,2,6,38,53,52,21,73,71,73,47,5,3,3,10,74,91,93,37,132,124,120,73,8,5,3,11,74,90,98,39,137,132,124,80,10,6,2.88,10.38,74.38,90.88,97.0,38.88,136.62,129.75,123.62,79.12,9.25,5.5
Asphalt_0cm_S10,2026-04-02T20:31:28.671848,3,9,74,92,101,40,145,137,128,85,10,6,4,15,107,119,133,54,187,175,161,103,12,7,3,10,79,102,105,42,143,136,130,81,10,5,3,12,90,108,116,46,165,157,151,98,11,7,2,9,60,73,79,32,110,106,102,66,8,5,2,6,38,53,52,21,73,71,73,47,5,3,3,10,74,92,93,37,132,124,120,73,8,5,3,11,74,90,98,40,137,131,124,80,10,6,2.88,10.25,74.5,91.12,97.12,39.0,136.5,129.62,123.62,79.12,9.25,5.5
Asphalt_0cm_S10,2026-04-02T20:31:28.765708,3,9,74,92,101,40,145,137,128,85,10,6,4,15,107,119,133,54,187,175,161,103,12,7,3,10,79,102,105,42,143,136,130,81,10,5,3,12,90,108,116,46,165,157,151,98,11,7,2,9,60,73,79,32,110,106,101,66,8,5,2,6,38,54,52,21,73,72,73,47,5,3,3,10,74,92,93,37,132,125,120,74,8,5,3,11,74,90,98,40,137,131,124,80,10,6,2.88,10.25,74.5,91.25,97.12,39.0,136.5,129.88,123.5,79.25,9.25,5.5
Asphalt_0cm_S10,2026-04-02T20:31:28.853139,3,10,74,91,101,40,145,137,128,85,10,6,4,15,107,119,133,54,188,175,161,102,12,7,3,10,79,102,105,42,143,136,130,81,10,5,3,12,90,108,116,46,165,157,151,98,11,7,2,9,60,73,79,32,110,106,101,66,8,5,2,6,38,54,52,21,73,72,73,47,5,3,3,10,74,92,93,37,132,125,120,74,8,5,3,11,74,90,98,40,137,131,124,80,10,6,2.88,10.38,74.5,91.12,97.12,39.0,136.62,129.88,123.5,79.12,9.25,5.5
Asphalt_0cm_S10,2026-04-02T20:31:28.943027,3,10,74,91,101,40,145,137,128,85,10,6,4,15,107,119,133,54,188,175,161,102,12,7,3,10,79,102,105,42,143,136,130,81,10,5,3,12,90,108,116,46,165,157,151,98,11,7,2,9,60,73,79,32,110,106,101,66,8,5,2,6,38,54,52,21,73,72,73,47,5,3,3,10,74,92,93,37,132,125,120,74,8,5,3,11,74,90,98,40,137,131,124,80,10,6,2.88,10.38,74.5,91.12,97.12,39.0,136.62,129.88,123.5,79.12,9.25,5.5
Asphalt_0cm_S10,2026-04-02T20:31:29.051300,3,10,74,91,101,40,145,137,128,85,10,6,4,15,107,119,133,54,188,175,161,102,12,7,3,11,79,102,105,42,143,136,130,81,10,6,3,12,90,108,115,46,165,157,151,98,11,7,2,9,60,73,79,32,110,106,101,66,8,5,2,6,38,54,52,21,73,72,73,47,5,3,3,10,74,92,93,37,132,125,120,74,8,5,3,11,74,90,98,40,137,131,124,80,10,6,2.88,10.5,74.5,91.12,97.0,39.0,136.62,129.88,123.5,79.12,9.25,5.62
Asphalt_0cm_S10,2026-04-02T20:31:29.144309,3,10,74,92,101,40,144,137,128,85,10,6,4,15,107,119,133,54,187,175,162,102,12,7,3,11,79,102,105,42,143,136,130,81,10,6,3,12,89,108,115,46,164,157,151,98,11,7,2,9,60,73,79,32,110,105,102,66,8,5,2,6,38,54,52,21,73,71,73,47,5,3,3,10,74,92,93,37,132,125,120,73,8,6,3,11,74,91,98,40,137,132,124,81,10,6,2.88,10.5,74.38,91.38,97.0,39.0,136.25,129.75,123.75,79.12,9.25,5.75
Asphalt_0cm_S10,2026-04-02T20:31:29.235862,3,10,74,92,101,40,144,137,128,85,10,6,4,15,107,119,133,54,187,175,162,102,12,7,3,11,79,102,105,42,143,136,130,81,10,5,3,12,90,108,115,46,165,157,151,98,11,7,2,9,60,73,78,32,110,105,101,66,8,5,2,6,38,54,52,21,73,72,73,47,5,3,3,10,74,92,94,37,132,125,121,73,8,5,3,11,75,91,98,39,137,132,124,81,10,6,2.88,10.5,74.62,91.38,97.0,38.88,136.38,129.88,123.75,79.12,9.25,5.5
Asphalt_0cm_S10,2026-04-02T20:31:29.328475,3,9,74,91,101,40,144,137,128,85,10,6,4,15,107,119,133,54,187,175,162,102,12,7,3,10,80,102,105,42,143,136,130,81,10,5,3,12,90,108,115,46,165,157,151,98,11,7,2,9,60,73,78,32,110,105,101,66,8,5,2,6,38,54,52,21,73,72,73,47,5,3,3,10,74,92,94,37,132,125,121,73,8,5,3,11,75,91,98,39,137,132,124,81,10,6,2.88,10.25,74.75,91.25,97.0,38.88,136.38,129.88,123.75,79.12,9.25,5.5
Asphalt_0cm_S10,2026-04-02T20:31:29.431861,3,9,74,91,101,40,144,137,128,85,10,6,4,15,107,119,133,54,187,175,162,102,12,7,3,10,80,102,105,42,143,136,130,81,10,5,3,12,89,108,115,46,165,157,151,98,11,7,2,9,60,73,78,32,110,106,102,67,8,5,2,6,38,54,52,22,73,71,73,47,5,3,3,10,74,92,93,37,131,124,120,73,8,5,3,11,75,91,98,39,137,132,124,81,10,6,2.88,10.25,74.62,91.25,96.88,39.0,136.25,129.75,123.75,79.25,9.25,5.5
Asphalt_0cm_S10,2026-04-02T20:31:29.537628,3,9,74,91,101,40,144,137,128,85,10,6,4,15,107,119,133,54,187,175,162,102,12,7,3,10,80,102,105,42,143,136,130,81,10,5,3,12,89,108,115,46,165,157,151,98,11,7,2,9,60,73,78,32,110,106,102,67,8,5,2,6,38,54,52,22,73,71,73,47,5,3,3,10,74,92,93,37,131,124,120,73,8,5,3,11,75,91,98,39,137,132,124,81,10,6,2.88,10.25,74.62,91.25,96.88,39.0,136.25,129.75,123.75,79.25,9.25,5.5
Asphalt_0cm_S10,2026-04-02T20:31:29.651240,3,9,74,92,100,40,144,137,127,85,10,6,4,15,107,119,133,54,187,174,161,103,12,7,3,11,79,102,105,42,143,136,130,81,10,6,3,12,90,108,115,46,165,157,151,98,11,7,2,9,60,73,79,32,110,105,102,66,8,5,2,6,38,54,52,22,73,72,73,47,5,3,3,10,74,92,93,37,131,124,120,73,8,5,3,11,74,90,98,40,137,131,124,81,10,6,2.88,10.38,74.5,91.25,96.88,39.12,136.25,129.5,123.5,79.25,9.25,5.62
Asphalt_0cm_S10,2026-04-02T20:31:29.759063,3,9,74,92,100,40,144,137,127,85,10,6,4,15,107,119,133,54,187,174,161,103,12,7,3,11,79,102,105,42,143,136,130,81,10,5,3,12,89,108,115,46,165,157,151,98,11,7,2,9,60,73,79,32,110,106,102,67,8,5,2,6,38,54,52,21,73,72,73,47,5,3,3,10,74,92,93,37,132,124,120,73,8,5,3,11,74,91,98,39,137,131,124,80,10,6,2.88,10.38,74.38,91.38,96.88,38.88,136.38,129.62,123.5,79.25,9.25,5.5
Asphalt_0cm_S10,2026-04-02T20:31:29.875780,3,10,74,92,101,40,145,137,128,85,10,6,4,15,107,119,133,54,187,175,161,102,12,7,3,10,79,102,105,42,142,136,130,81,10,5,3,12,89,108,115,46,165,157,151,98,11,7,2,9,60,73,78,32,110,106,102,66,8,5,2,6,38,54,52,21,73,72,73,47,5,3,3,10,74,92,93,37,132,124,120,73,8,5,3,11,74,91,98,39,137,131,124,80,10,6,2.88,10.38,74.38,91.38,96.88,38.88,136.38,129.75,123.62,79.0,9.25,5.5
Asphalt_0cm_S10,2026-04-02T20:31:29.967531,3,10,74,92,101,40,145,137,128,85,10,6,4,15,107,119,133,54,187,175,161,102,12,7,3,10,79,102,105,42,142,136,130,81,10,5,3,12,89,108,115,46,165,157,151,98,11,7,2,9,60,73,78,32,110,106,102,66,8,5,2,6,38,54,52,22,73,72,73,47,5,3,3,10,74,92,93,37,132,124,120,73,8,5,3,11,74,91,98,39,137,131,124,80,10,6,2.88,10.38,74.38,91.38,96.88,39.0,136.38,129.75,123.62,79.0,9.25,5.5
Asphalt_0cm_S10,2026-04-02T20:31:30.061022,3,9,74,92,101,40,144,136,127,85,10,6,4,15,107,119,133,54,187,175,161,102,12,7,3,10,79,102,105,42,142,136,130,81,10,5,3,12,89,108,115,46,165,157,151,98,11,7,2,9,60,73,78,32,110,106,102,66,8,5,2,6,38,54,52,22,73,72,73,47,5,3,3,10,74,92,93,37,132,125,120,73,8,5,3,11,74,90,98,39,137,132,124,81,10,6,2.88,10.25,74.38,91.25,96.88,39.0,136.25,129.88,123.5,79.12,9.25,5.5
Asphalt_0cm_S10,2026-04-02T20:31:30.155421,3,9,74,92,101,40,144,136,127,85,10,6,4,15,107,119,133,54,187,175,161,102,12,7,3,10,79,102,105,42,143,136,130,81,10,5,3,12,90,108,115,46,165,157,151,98,11,7,2,8,60,73,79,32,110,106,102,67,8,5,2,6,38,54,52,22,73,72,73,47,5,3,3,10,74,92,93,37,132,125,120,73,8,5,3,11,74,90,98,39,137,132,124,81,10,6,2.88,10.12,74.5,91.25,97.0,39.0,136.38,129.88,123.5,79.25,9.25,5.5
Asphalt_0cm_S10,2026-04-02T20:31:30.247470,3,10,74,91,101,40,145,137,128,85,10,6,4,15,107,119,133,54,187,175,161,102,12,7,3,10,79,102,105,42,143,136,130,81,10,5,3,12,89,108,115,46,165,157,151,98,11,7,2,9,60,73,79,32,110,106,102,67,8,5,2,6,38,54,52,21,73,72,73,47,5,3,3,10,74,92,93,37,132,124,120,73,8,6,3,11,74,90,98,40,137,132,124,81,10,6,2.88,10.38,74.38,91.12,97.0,39.0,136.5,129.88,123.62,79.25,9.25,5.62
Asphalt_0cm_S10,2026-04-02T20:31:30.341595,3,10,74,91,101,40,145,137,128,85,10,6,4,16,107,119,133,54,187,175,161,102,12,7,3,11,79,102,105,42,143,136,130,81,10,5,3,12,90,108,115,46,165,157,151,98,11,7,2,9,60,73,79,32,110,106,102,67,8,5,2,6,38,54,52,21,73,72,73,47,5,3,3,10,74,92,93,37,132,124,120,73,8,6,3,11,74,90,98,40,137,132,124,81,10,6,2.88,10.62,74.5,91.12,97.0,39.0,136.5,129.88,123.62,79.25,9.25,5.62
Asphalt_0cm_S10,2026-04-02T20:31:30.443092,3,10,74,91,101,40,145,137,128,85,10,6,4,16,107,119,133,54,187,175,161,102,12,7,3,11,79,102,105,42,143,136,130,81,10,5,3,12,90,108,115,46,165,157,151,98,11,7,2,9,60,73,79,32,110,106,102,67,8,5,2,6,38,54,52,21,73,72,73,47,5,3,3,10,74,92,93,37,132,125,120,73,8,5,3,11,74,90,98,40,137,132,124,81,10,6,2.88,10.62,74.5,91.12,97.0,39.0,136.5,130.0,123.62,79.25,9.25,5.5
Asphalt_0cm_S10,2026-04-02T20:31:30.534635,3,10,74,91,101,40,145,137,128,85,10,6,4,16,107,119,133,54,187,175,161,102,12,7,3,11,79,102,105,42,143,136,130,81,10,5,3,12,90,108,115,46,165,157,151,98,11,7,2,9,60,73,79,32,110,106,102,67,8,5,2,6,38,54,52,21,73,72,73,47,5,3,3,10,74,92,93,37,132,125,120,73,8,5,3,11,74,90,98,40,137,132,124,81,10,6,2.88,10.62,74.5,91.12,97.0,39.0,136.5,130.0,123.62,79.25,9.25,5.5
Asphalt_0cm_S10,2026-04-02T20:31:30.648631,3,10,74,92,101,40,145,137,128,85,10,6,4,16,107,119,133,54,187,175,161,103,12,7,3,10,79,102,105,42,143,136,130,81,10,6,3,12,90,108,115,46,165,157,151,98,11,7,2,9,60,73,79,32,110,106,102,67,8,5,2,6,38,54,52,21,73,72,73,47,5,3,3,10,74,92,93,37,132,125,120,73,8,5,3,11,74,91,98,40,137,131,124,81,10,6,2.88,10.5,74.5,91.38,97.0,39.0,136.5,129.88,123.62,79.38,9.25,5.62
Asphalt_0cm_S10,2026-04-02T20:31:30.769750,3,10,74,92,101,40,145,137,128,85,10,6,4,16,107,119,133,54,188,175,162,103,12,7,3,11,79,102,105,42,143,136,130,81,10,6,3,12,89,109,115,46,165,157,151,98,11,7,2,9,60,73,79,32,110,106,102,67,8,5,2,6,38,54,52,21,73,72,73,47,5,3,3,10,74,92,94,37,132,125,120,73,8,5,3,11,74,91,98,40,137,132,124,81,10,6,2.88,10.62,74.38,91.5,97.12,39.0,136.62,130.0,123.75,79.38,9.25,5.62
Asphalt_0cm_S10,2026-04-02T20:31:30.909811,3,10,74,91,101,40,145,137,128,85,10,6,4,15,107,118,133,54,188,175,162,103,12,7,3,11,79,102,105,42,143,136,130,81,10,5,3,12,90,108,115,46,165,157,151,98,11,7,2,9,60,73,79,32,110,106,102,67,8,5,2,6,38,54,52,21,73,72,73,47,5,3,3,10,74,92,94,37,132,125,120,73,8,5,3,11,74,91,98,40,137,132,124,81,10,6,2.88,10.5,74.5,91.12,97.12,39.0,136.62,130.0,123.75,79.38,9.25,5.5
Asphalt_0cm_S10,2026-04-02T20:31:30.998398,3,10,74,91,101,40,145,137,128,85,10,6,4,15,107,118,133,54,188,175,162,103,12,7,3,11,79,102,105,42,143,136,130,81,10,5,3,12,90,108,115,46,165,157,151,98,11,7,2,9,60,73,79,32,110,106,102,67,8,5,2,6,38,54,52,22,73,72,73,47,5,3,3,10,74,92,93,37,132,125,121,73,8,5,3,11,74,91,98,40,137,132,124,81,10,6,2.88,10.5,74.5,91.12,97.0,39.12,136.62,130.0,123.88,79.38,9.25,5.5
Asphalt_0cm_S10,2026-04-02T20:31:31.085972,3,10,74,92,101,40,145,137,128,85,10,6,4,15,107,119,133,54,187,175,162,103,12,7,3,11,79,102,105,42,143,136,130,81,10,5,3,12,90,108,115,46,165,157,151,98,11,7,2,9,60,73,79,32,110,106,102,67,8,5,2,6,38,54,52,22,73,72,73,47,5,3,3,10,74,92,93,37,132,125,121,73,8,5,3,11,74,91,98,40,137,132,124,81,10,6,2.88,10.5,74.5,91.38,97.0,39.12,136.5,130.0,123.88,79.38,9.25,5.5
Asphalt_0cm_S10,2026-04-02T20:31:31.190529,3,10,74,91,101,40,144,137,128,85,10,6,4,15,107,119,133,54,187,175,162,103,12,7,3,11,79,102,105,42,143,136,130,81,10,5,3,12,90,108,115,46,165,157,151,98,11,7,2,9,60,73,79,32,110,106,102,67,8,5,2,6,38,54,52,21,73,72,73,47,5,3,3,10,74,92,93,37,132,125,120,73,8,5,3,11,74,91,98,40,137,132,124,81,10,6,2.88,10.5,74.5,91.25,97.0,39.0,136.38,130.0,123.75,79.38,9.25,5.5
Asphalt_0cm_S10,2026-04-02T20:31:31.280335,3,10,74,91,101,40,144,137,128,85,10,6,4,15,107,119,133,54,187,175,162,103,12,7,3,10,79,102,105,42,143,136,130,81,10,5,3,12,90,108,115,46,165,157,151,98,11,7,2,9,60,73,79,32,110,106,102,67,8,5,2,6,38,54,52,21,73,72,73,47,5,3,3,10,74,92,93,37,132,124,120,73,8,5,3,11,74,91,98,39,137,132,124,81,10,6,2.88,10.38,74.5,91.25,97.0,38.88,136.38,129.88,123.75,79.38,9.25,5.5
Asphalt_0cm_S10,2026-04-02T20:31:31.376660,3,10,74,92,101,40,144,137,128,85,10,6,4,15,107,119,133,54,187,175,161,104,12,7,3,11,79,102,106,42,143,136,131,81,10,6,3,12,90,109,115,46,165,157,151,98,11,7,2,9,60,73,79,32,110,106,102,67,8,5,2,6,38,54,52,21,73,72,73,47,5,3,3,10,74,92,93,37,132,124,120,73,8,5,3,11,74,91,98,39,137,132,124,81,10,6,2.88,10.5,74.5,91.5,97.12,38.88,136.38,129.88,123.75,79.5,9.25,5.62
Asphalt_0cm_S10,2026-04-02T20:31:31.465703,3,10,74,92,101,40,144,137,128,85,10,6,4,15,107,119,133,54,187,175,161,104,12,7,3,11,79,102,106,42,143,136,131,81,10,6,3,12,90,109,115,46,165,157,151,98,11,7,2,9,60,73,79,32,110,106,102,67,8,5,2,6,38,54,52,21,73,72,73,47,5,3,3,10,74,92,94,37,132,124,120,74,8,5,3,11,75,92,98,40,137,132,124,81,10,6,2.88,10.5,74.62,91.62,97.25,39.0,136.38,129.88,123.75,79.62,9.25,5.62
Asphalt_0cm_S10,2026-04-02T20:31:31.566986,3,10,74,92,101,40,145,137,128,85,10,6,4,15,107,119,133,54,187,175,162,103,12,7,3,10,79,102,106,42,143,136,131,81,10,6,3,12,90,108,115,46,165,157,151,98,11,7,2,9,60,73,79,32,110,106,102,67,8,5,2,6,38,54,52,21,73,72,73,47,5,3,3,10,74,92,94,37,132,124,120,74,8,5,3,11,75,92,98,40,137,132,124,81,10,6,2.88,10.38,74.62,91.5,97.25,39.0,136.5,129.88,123.88,79.5,9.25,5.62
Asphalt_0cm_S10,2026-04-02T20:31:31.661747,3,10,74,91,101,40,145,137,128,86,10,6,4,15,107,119,133,54,188,175,162,102,12,7,3,10,79,102,106,42,143,136,131,81,10,6,3,12,90,108,115,46,165,157,151,98,11,7,2,9,60,73,79,32,110,106,102,66,8,5,2,6,38,54,52,21,73,71,73,47,5,3,3,10,74,92,93,37,132,125,121,74,8,5,3,11,74,90,98,40,137,132,124,81,10,6,2.88,10.38,74.5,91.12,97.12,39.0,136.62,129.88,124.0,79.38,9.25,5.62
Asphalt_0cm_S10,2026-04-02T20:31:31.755467,3,10,74,91,101,40,145,137,128,86,10,6,4,15,107,119,133,54,188,175,162,102,12,7,3,10,80,102,105,42,143,136,130,81,10,5,3,12,90,108,115,46,165,157,151,99,11,7,2,9,60,73,79,32,110,106,102,67,8,5,2,6,38,54,52,21,73,72,73,47,5,3,3,10,74,92,93,37,132,125,121,73,8,5,3,11,74,91,98,40,137,132,124,81,10,6,2.88,10.38,74.62,91.25,97.0,39.0,136.62,130.0,123.88,79.5,9.25,5.5
Asphalt_0cm_S10,2026-04-02T20:31:31.844796,3,10,74,92,101,40,145,137,128,85,10,6,4,16,107,119,133,54,187,175,162,103,12,7,3,10,79,102,105,42,143,136,130,81,10,5,3,12,89,108,115,46,165,157,151,98,11,7,2,9,60,73,79,32,110,106,102,67,8,5,2,6,38,54,52,21,73,72,73,47,5,3,3,10,74,92,93,37,132,125,121,73,8,5,3,11,74,91,98,40,137,132,124,81,10,6,2.88,10.5,74.38,91.38,97.0,39.0,136.5,130.0,123.88,79.38,9.25,5.5
Asphalt_0cm_S10,2026-04-02T20:31:31.934405,3,10,74,92,101,40,145,137,128,85,10,6,4,16,107,119,133,54,187,175,162,103,12,7,3,10,79,102,105,42,143,136,130,81,10,5,3,12,89,108,115,46,165,157,151,98,11,7,2,9,60,73,79,32,110,106,102,67,8,5,2,6,38,54,52,21,73,71,73,47,5,3,3,10,74,92,94,37,132,125,121,74,8,6,3,11,74,91,98,40,137,132,124,81,10,6,2.88,10.5,74.38,91.38,97.12,39.0,136.5,129.88,123.88,79.5,9.25,5.62
Asphalt_0cm_S10,2026-04-02T20:31:32.023489,3,10,74,92,101,40,145,137,128,85,10,6,4,16,107,119,133,54,188,175,162,103,12,7,3,10,79,102,105,42,143,136,130,81,10,5,3,12,90,108,115,46,165,157,151,98,11,7,2,9,60,73,79,32,110,106,102,67,8,5,2,6,38,54,52,21,73,71,73,47,5,3,3,10,74,92,94,37,132,125,121,74,8,6,3,11,74,91,98,40,137,132,124,81,10,6,2.88,10.5,74.5,91.38,97.12,39.0,136.62,129.88,123.88,79.5,9.25,5.62
Asphalt_0cm_S10,2026-04-02T20:31:32.121567,3,10,74,92,101,40,145,137,128,85,10,6,4,16,107,119,133,54,188,175,162,103,12,7,3,10,79,102,105,42,143,136,130,81,10,5,3,12,90,108,115,46,165,157,151,98,11,7,2,9,60,73,79,32,110,106,102,67,8,5,2,6,38,54,52,21,73,71,73,47,5,3,3,10,74,92,94,37,132,125,121,74,8,6,3,11,74,91,98,40,137,132,124,81,10,6,2.88,10.5,74.5,91.38,97.12,39.0,136.62,129.88,123.88,79.5,9.25,5.62
Asphalt_0cm_S10,2026-04-02T20:31:32.204711,3,9,74,92,101,40,144,137,128,85,10,6,4,15,107,119,133,54,187,175,161,103,12,7,3,10,79,103,106,42,143,136,131,81,10,5,3,12,90,108,115,46,165,157,151,98,11,7,2,9,60,73,79,32,110,106,102,67,8,5,2,6,38,54,52,21,73,71,73,47,5,3,3,10,74,92,93,37,132,124,121,74,8,5,3,11,74,91,98,40,137,132,124,81,10,6,2.88,10.25,74.5,91.5,97.12,39.0,136.38,129.75,123.88,79.5,9.25,5.5
Asphalt_0cm_S10,2026-04-02T20:31:32.311591,3,10,74,92,101,40,145,137,128,85,10,6,4,15,107,119,133,54,187,175,162,102,12,7,3,10,79,103,106,42,143,136,131,81,10,5,3,12,90,108,115,46,165,157,151,98,11,7,2,9,60,73,79,32,110,106,102,67,8,5,2,6,38,54,52,22,73,71,73,47,5,3,3,10,74,92,94,37,132,125,121,73,8,5,3,11,75,91,98,40,137,132,124,81,10,6,2.88,10.38,74.62,91.5,97.25,39.12,136.5,129.88,124.0,79.25,9.25,5.5
Asphalt_0cm_S10,2026-04-02T20:31:32.402125,3,10,74,92,101,40,145,137,128,85,10,6,4,15,107,119,133,54,187,175,162,102,12,7,3,11,79,102,105,42,143,136,130,81,10,6,3,12,90,109,115,46,165,157,151,98,11,7,2,9,60,73,79,32,110,106,102,67,8,5,2,6,38,54,52,21,73,72,73,47,5,3,3,10,74,92,94,37,132,125,121,73,8,5,3,11,75,91,98,40,137,132,124,81,10,6,2.88,10.5,74.62,91.5,97.12,39.0,136.5,130.0,123.88,79.25,9.25,5.62
Asphalt_0cm_S10,2026-04-02T20:31:32.502978,3,10,74,92,101,40,145,137,128,85,10,6,4,15,107,119,133,54,187,175,162,102,12,7,3,10,79,102,106,42,143,136,130,81,10,5,3,12,90,109,115,46,165,157,151,98,11,7,2,9,60,73,79,32,110,106,102,67,8,5,2,6,38,54,52,21,73,72,73,47,5,3,3,10,74,92,93,37,132,125,121,73,8,5,3,11,74,91,98,40,137,132,124,81,10,6,2.88,10.38,74.5,91.5,97.12,39.0,136.5,130.0,123.88,79.25,9.25,5.5
Asphalt_0cm_S10,2026-04-02T20:31:32.593913,3,10,74,92,101,40,145,137,128,85,10,6,4,15,107,119,133,54,187,175,162,102,12,7,3,10,79,102,106,42,143,136,130,81,10,5,3,12,89,108,115,46,165,157,151,98,11,7,2,9,60,73,79,32,110,106,102,67,8,5,2,6,38,54,52,21,73,72,73,47,5,3,3,10,74,92,93,37,132,125,121,73,8,5,3,11,74,91,98,40,137,132,124,81,10,6,2.88,10.38,74.38,91.38,97.12,39.0,136.5,130.0,123.88,79.25,9.25,5.5
Asphalt_0cm_S10,2026-04-02T20:31:32.692226,3,9,74,91,101,40,145,137,128,85,10,6,4,15,107,118,133,54,187,175,161,102,12,7,3,10,79,102,105,42,143,136,130,81,10,5,3,12,90,108,115,46,165,157,151,98,11,7,2,9,60,73,79,32,110,106,102,67,8,5,2,6,38,54,52,21,73,72,73,47,5,3,3,10,74,92,93,37,132,125,121,73,8,6,3,11,74,91,98,40,137,132,124,81,10,6,2.88,10.25,74.5,91.12,97.0,39.0,136.5,130.0,123.75,79.25,9.25,5.62
Asphalt_0cm_S10,2026-04-02T20:31:32.780560,3,9,74,91,101,40,145,137,128,85,10,6,4,15,107,118,133,54,187,175,161,102,12,7,3,10,79,102,105,42,143,136,130,81,10,5,3,12,90,108,115,46,165,157,151,98,11,7,2,9,60,73,79,32,110,106,102,67,8,5,2,6,38,54,52,21,73,72,73,47,5,3,3,10,74,92,93,37,132,125,121,73,8,6,3,11,75,91,98,40,137,132,125,81,10,6,2.88,10.25,74.62,91.12,97.0,39.0,136.5,130.0,123.88,79.25,9.25,5.62
Asphalt_0cm_S10,2026-04-02T20:31:32.869142,3,9,74,92,101,40,145,137,128,85,10,6,4,16,107,119,133,54,187,175,162,103,12,7,3,11,79,102,105,42,143,136,130,81,10,5,3,12,90,109,115,46,165,157,151,98,11,7,2,9,60,73,79,32,110,106,102,66,8,5,2,6,38,54,52,21,73,72,73,47,5,3,3,10,74,92,93,37,132,125,121,73,8,6,3,11,75,91,98,40,137,132,125,81,10,6,2.88,10.5,74.62,91.5,97.0,39.0,136.5,130.0,124.0,79.25,9.25,5.62
Asphalt_0cm_S10,2026-04-02T20:31:32.959399,3,10,74,91,101,40,145,137,128,85,10,6,4,16,107,119,133,54,187,175,162,103,12,7,3,11,79,102,105,42,143,136,130,81,10,5,3,12,90,109,115,46,165,157,151,98,11,7,2,9,60,73,79,32,110,106,102,66,8,5,2,6,38,54,52,21,73,72,73,47,5,3,3,10,74,92,93,37,132,125,120,74,8,5,3,11,74,91,98,40,137,132,124,81,10,6,2.88,10.62,74.5,91.38,97.0,39.0,136.5,130.0,123.75,79.38,9.25,5.5
Asphalt_0cm_S10,2026-04-02T20:31:33.070779,3,10,74,91,101,40,145,137,128,85,10,6,4,15,107,119,133,54,188,175,161,103,12,7,3,11,79,102,105,42,143,136,130,81,10,6,3,12,90,109,115,46,165,157,151,98,11,7,2,9,60,73,79,32,110,106,102,67,8,5,2,6,38,54,52,21,73,71,73,47,5,3,3,10,74,92,93,37,132,125,120,74,8,5,3,11,74,91,98,40,137,132,124,81,10,6,2.88,10.5,74.5,91.38,97.0,39.0,136.62,129.88,123.62,79.5,9.25,5.62
Asphalt_0cm_S10,2026-04-02T20:31:33.159132,3,10,74,91,101,40,145,137,128,85,10,6,4,15,107,119,133,54,188,175,161,103,12,7,3,11,79,102,105,42,143,136,130,81,10,6,3,12,90,109,115,46,165,157,151,98,11,7,2,9,60,73,79,32,110,106,102,67,8,5,2,6,38,54,52,21,73,71,73,47,5,3,3,10,74,92,93,37,132,125,120,74,8,5,3,11,74,91,98,40,137,132,124,81,10,6,2.88,10.5,74.5,91.38,97.0,39.0,136.62,129.88,123.62,79.5,9.25,5.62
Asphalt_0cm_S10,2026-04-02T20:31:33.259178,3,10,74,92,101,40,145,137,128,85,10,6,4,15,107,119,133,54,187,175,161,102,12,7,3,11,79,102,105,42,143,136,130,81,10,5,3,12,90,109,115,46,165,157,151,98,11,7,2,9,60,73,79,32,110,106,102,67,8,5,2,6,38,53,52,21,73,72,73,47,5,3,3,10,74,92,93,37,132,125,121,74,8,5,3,11,74,91,98,40,137,132,124,81,10,6,2.88,10.5,74.5,91.38,97.0,39.0,136.5,130.0,123.75,79.38,9.25,5.5
Asphalt_0cm_S10,2026-04-02T20:31:33.361477,3,10,74,92,101,40,145,137,128,85,10,6,4,16,107,119,133,54,187,175,161,102,12,7,3,11,79,102,105,42,143,136,130,81,10,5,3,12,90,109,115,46,165,157,151,98,11,7,2,9,60,73,79,32,110,106,102,67,8,5,2,6,38,53,52,21,73,72,73,47,5,3,3,10,74,92,93,37,132,125,121,74,8,5,3,11,74,91,98,40,137,132,124,81,10,6,2.88,10.62,74.5,91.38,97.0,39.0,136.5,130.0,123.75,79.38,9.25,5.5
Asphalt_0cm_S10,2026-04-02T20:31:33.452819,3,10,74,92,101,40,145,137,128,85,10,6,4,16,107,119,133,54,187,175,161,102,12,7,3,11,79,102,105,42,143,136,130,81,10,5,3,12,90,109,115,46,165,157,151,98,11,7,2,9,60,73,79,32,110,106,102,67,8,5,2,6,38,54,52,21,73,72,73,47,5,3,3,10,74,92,94,37,132,125,120,73,8,5,3,11,75,91,98,40,137,132,124,81,10,6,2.88,10.62,74.62,91.5,97.12,39.0,136.5,130.0,123.62,79.25,9.25,5.5
Asphalt_0cm_S10,2026-04-02T20:31:33.540182,3,10,74,92,101,40,145,137,128,85,10,6,4,15,107,119,133,54,188,175,162,103,12,7,3,10,79,102,105,42,143,136,130,81,10,5,3,12,90,109,115,46,165,157,151,98,11,7,2,9,60,73,79,32,111,106,102,67,8,5,2,6,38,54,52,21,73,72,73,47,5,3,3,10,74,92,94,37,132,125,120,73,8,5,3,11,75,91,98,40,137,132,124,81,10,6,2.88,10.38,74.62,91.5,97.12,39.0,136.75,130.0,123.75,79.38,9.25,5.5
Asphalt_0cm_S10,2026-04-02T20:31:33.639441,3,10,74,92,101,40,145,137,128,85,10,6,4,15,107,119,133,54,188,175,162,103,12,7,3,10,79,102,105,42,143,136,130,81,10,5,3,12,90,109,115,46,165,157,151,98,11,7,2,9,60,73,79,32,111,106,102,67,8,5,2,6,38,54,52,21,73,72,73,47,5,3,3,10,74,92,93,37,132,124,121,74,8,5,3,11,74,91,98,40,137,132,124,81,10,6,2.88,10.38,74.5,91.5,97.0,39.0,136.75,129.88,123.88,79.5,9.25,5.5
Asphalt_0cm_S10,2026-04-02T20:31:33.725460,3,10,74,92,101,40,145,137,128,85,10,6,4,16,107,119,133,54,187,175,162,103,12,7,3,11,79,102,105,42,143,136,130,81,10,5,3,12,89,108,115,46,165,157,152,98,11,7,2,9,60,73,79,32,111,106,102,67,8,5,2,6,38,54,52,21,73,72,73,47,5,3,3,10,74,92,93,37,132,124,121,74,8,5,3,11,74,91,98,40,137,132,124,81,10,6,2.88,10.62,74.38,91.38,97.0,39.0,136.62,129.88,124.0,79.5,9.25,5.5
Asphalt_0cm_S10,2026-04-02T20:31:33.828637,3,10,74,92,101,40,145,137,128,85,10,6,4,16,107,119,133,54,188,175,162,102,12,7,3,11,79,102,105,42,143,136,130,81,10,5,3,12,89,108,115,46,165,157,152,98,11,7,2,9,60,73,79,32,111,106,102,67,8,5,2,6,38,54,52,21,73,72,73,47,5,3,3,10,74,91,94,37,132,125,121,73,8,5,3,11,74,91,98,40,137,132,124,81,10,6,2.88,10.62,74.38,91.25,97.12,39.0,136.75,130.0,124.0,79.25,9.25,5.5
Asphalt_0cm_S10,2026-04-02T20:31:33.914744,3,10,74,92,101,40,145,137,128,85,10,6,4,16,107,119,133,54,188,175,162,102,12,7,3,11,79,102,105,42,143,136,130,81,10,5,3,12,90,109,115,46,165,157,151,98,11,7,2,9,60,73,79,32,110,106,102,67,8,5,2,6,38,54,52,21,73,72,73,47,5,3,3,10,74,91,94,37,132,125,121,73,8,5,3,11,74,91,98,40,137,132,124,81,10,6,2.88,10.62,74.5,91.38,97.12,39.0,136.62,130.0,123.88,79.25,9.25,5.5
Asphalt_0cm_S10,2026-04-02T20:31:34.061463,3,10,74,92,101,40,145,137,128,84,10,6,4,15,107,119,133,54,187,175,161,103,12,7,3,11,79,102,105,42,143,136,129,81,10,6,3,12,90,109,115,46,165,157,151,98,11,7,2,9,60,73,79,32,110,106,102,67,8,5,2,6,38,54,52,21,73,72,73,47,5,3,3,10,74,92,93,37,132,125,121,73,8,5,3,11,74,91,98,40,137,132,124,81,10,6,2.88,10.5,74.5,91.5,97.0,39.0,136.5,130.0,123.62,79.25,9.25,5.62
Asphalt_0cm_S10,2026-04-02T20:31:34.174505,3,10,74,92,101,40,145,137,128,84,10,6,4,15,107,119,133,54,187,175,161,103,12,7,3,11,79,102,105,42,143,136,129,81,10,6,3,12,90,108,115,46,165,157,151,98,11,7,2,9,60,73,79,32,110,106,102,67,8,5,2,6,38,54,52,21,73,72,73,47,5,3,3,10,74,92,94,37,132,125,121,73,8,5,3,11,74,91,98,40,137,132,124,81,10,6,2.88,10.5,74.5,91.38,97.12,39.0,136.5,130.0,123.62,79.25,9.25,5.62
Asphalt_0cm_S10,2026-04-02T20:31:34.271256,3,10,74,91,101,40,145,137,128,85,10,6,4,15,107,119,133,54,187,175,161,103,12,7,3,10,79,102,105,42,143,136,130,81,10,5,3,12,90,109,115,46,165,157,151,98,11,7,2,9,60,73,79,32,110,106,102,67,8,5,2,6,38,54,52,21,73,72,73,47,5,3,3,10,74,92,94,37,132,125,121,73,8,5,3,11,75,91,98,40,137,132,124,81,10,6,2.88,10.38,74.62,91.38,97.12,39.0,136.5,130.0,123.75,79.38,9.25,5.5
Asphalt_0cm_S10,2026-04-02T20:31:34.361963,3,9,74,92,101,40,145,137,128,85,10,6,4,15,107,119,133,54,187,175,162,103,12,7,3,11,79,102,105,42,143,136,130,81,10,5,3,12,90,108,115,46,165,157,151,98,11,7,2,9,60,73,79,32,111,106,102,67,8,5,2,6,38,54,52,21,73,72,73,47,5,3,3,10,74,92,94,37,132,125,121,73,8,5,3,11,75,91,98,40,137,132,124,81,10,6,2.88,10.38,74.62,91.38,97.12,39.0,136.62,130.0,123.88,79.38,9.25,5.5
Asphalt_0cm_S10,2026-04-02T20:31:34.466290,3,9,74,92,101,40,145,137,128,85,10,6,4,15,107,119,133,54,187,175,162,103,12,7,3,11,79,102,105,42,143,136,130,81,10,5,3,12,90,108,115,46,165,157,151,98,11,7,2,9,60,73,79,32,111,106,102,67,8,5,2,6,38,54,52,22,73,72,73,47,5,3,3,10,74,92,94,37,132,125,120,74,8,5,3,11,75,91,98,40,137,132,124,81,10,6,2.88,10.38,74.62,91.38,97.12,39.12,136.62,130.0,123.75,79.5,9.25,5.5
Asphalt_0cm_S10,2026-04-02T20:31:34.565909,3,9,74,92,101,40,145,137,128,85,10,6,4,15,107,119,133,54,188,175,162,102,12,7,3,10,79,102,105,42,143,136,130,81,10,6,3,12,90,109,115,46,165,157,151,98,11,7,2,9,60,73,79,32,110,106,102,67,8,5,2,6,38,54,52,22,73,72,73,47,5,3,3,10,74,92,94,37,132,125,120,74,8,5,3,11,75,91,98,40,137,132,124,81,10,6,2.88,10.25,74.62,91.5,97.12,39.12,136.62,130.0,123.75,79.38,9.25,5.62
Asphalt_0cm_S10,2026-04-02T20:31:34.654834,3,9,74,92,101,40,145,137,128,85,10,6,4,15,107,119,133,54,188,175,162,102,12,7,3,10,79,102,105,42,143,136,130,81,10,6,3,12,90,109,115,46,165,157,151,98,11,7,2,9,60,73,79,32,110,106,102,67,8,5,2,6,38,54,52,22,73,72,73,47,5,3,3,10,74,92,94,37,132,125,120,74,8,5,3,11,75,91,98,40,137,132,124,81,10,6,2.88,10.25,74.62,91.5,97.12,39.12,136.62,130.0,123.75,79.38,9.25,5.62
Asphalt_0cm_S10,2026-04-02T20:31:34.773920,3,10,74,92,101,40,145,137,128,85,10,6,4,16,107,119,133,54,188,175,162,103,12,7,3,11,79,102,105,42,143,136,130,81,10,5,3,12,90,109,115,46,165,157,151,98,11,7,2,9,60,73,79,32,110,106,102,67,8,5,2,6,38,54,52,21,73,71,73,47,5,3,3,10,74,92,93,37,132,125,121,74,8,5,3,11,75,91,98,40,138,132,124,81,10,6,2.88,10.62,74.62,91.5,97.0,39.0,136.75,129.88,123.88,79.5,9.25,5.5
Asphalt_0cm_S10,2026-04-02T20:31:34.865948,3,10,74,91,101,40,145,137,128,85,10,6,4,16,107,119,133,54,188,175,162,103,12,7,3,11,79,102,105,42,143,136,130,81,10,5,3,12,89,109,115,46,165,157,151,98,11,7,2,9,60,73,79,32,110,106,102,67,8,5,2,6,38,54,52,21,73,71,73,47,5,3,3,10,74,92,93,37,132,125,121,74,8,5,3,11,75,91,98,40,138,132,124,81,10,6,2.88,10.62,74.5,91.38,97.0,39.0,136.75,129.88,123.88,79.5,9.25,5.5
Asphalt_0cm_S10,2026-04-02T20:31:34.954998,3,10,74,91,101,40,145,137,128,85,10,6,4,16,107,119,133,54,188,175,162,103,12,7,3,11,79,102,105,42,143,136,130,81,10,5,3,12,89,109,115,46,165,157,151,98,11,7,2,9,60,73,79,32,110,106,102,67,8,5,2,6,38,54,52,22,73,71,73,47,5,3,3,10,74,92,94,37,132,125,120,73,8,5,3,11,75,91,98,40,137,132,124,81,10,6,2.88,10.62,74.5,91.38,97.12,39.12,136.62,129.88,123.75,79.38,9.25,5.5
Asphalt_0cm_S10,2026-04-02T20:31:35.055899,3,9,74,92,101,40,145,137,128,85,10,6,4,16,107,119,133,54,188,175,162,102,12,7,3,10,79,102,105,42,143,136,130,81,10,6,3,12,90,109,115,46,165,157,151,98,11,7,2,9,60,73,79,32,110,106,102,67,8,5,2,6,38,54,52,22,73,71,73,47,5,3,3,10,74,92,94,37,132,125,120,73,8,5,3,11,75,91,98,40,137,132,124,81,10,6,2.88,10.38,74.62,91.5,97.12,39.12,136.62,129.88,123.75,79.25,9.25,5.62
Asphalt_0cm_S10,2026-04-02T20:31:35.142868,3,9,74,92,101,40,145,137,128,85,10,6,4,16,107,119,133,54,188,175,162,102,12,7,3,10,79,102,105,42,143,136,130,81,10,6,3,12,90,109,115,46,165,157,151,98,11,7,2,9,60,73,79,32,110,106,102,67,8,5,2,6,38,54,52,21,73,71,73,47,5,3,3,10,74,92,94,37,132,125,120,73,8,5,3,11,75,91,98,40,137,132,124,81,10,6,2.88,10.38,74.62,91.5,97.12,39.0,136.62,129.88,123.75,79.25,9.25,5.62
Asphalt_0cm_S10,2026-04-02T20:31:35.230832,3,10,74,91,101,40,144,137,128,85,10,6,4,16,107,119,133,54,188,175,162,102,12,7,3,10,79,102,105,42,143,136,130,81,10,6,3,12,90,109,115,46,165,157,151,98,11,7,2,9,60,73,79,32,110,106,102,67,8,5,2,6,38,54,52,21,73,72,73,47,5,3,3,10,74,92,93,37,132,125,120,74,8,5,3,11,75,91,98,40,137,132,124,81,10,6,2.88,10.5,74.62,91.38,97.0,39.0,136.5,130.0,123.75,79.38,9.25,5.62
Asphalt_0cm_S10,2026-04-02T20:31:35.333035,3,10,74,91,101,40,145,137,128,85,10,6,4,15,107,119,133,54,188,175,162,103,12,7,3,10,79,102,105,42,143,136,130,81,10,6,3,12,90,109,115,46,165,157,151,98,11,7,2,9,60,73,79,32,110,106,102,67,8,5,2,6,38,54,52,21,73,72,73,47,5,3,3,10,74,92,93,37,132,125,120,74,8,5,3,11,75,91,98,40,137,132,124,81,10,6,2.88,10.38,74.62,91.38,97.0,39.0,136.62,130.0,123.75,79.5,9.25,5.62
Asphalt_0cm_S10,2026-04-02T20:31:35.419158,3,10,74,91,101,40,145,137,128,85,10,6,4,15,107,119,133,54,188,175,162,103,12,7,3,10,79,102,105,42,143,136,130,81,10,6,3,12,90,109,115,46,165,157,151,98,11,7,2,9,60,73,79,32,110,106,102,67,8,5,2,6,38,54,52,21,73,72,73,47,5,3,3,10,74,92,93,37,132,125,121,74,8,6,3,11,74,91,98,40,137,132,124,81,10,6,2.88,10.38,74.5,91.38,97.0,39.0,136.62,130.0,123.88,79.5,9.25,5.75
Asphalt_0cm_S10,2026-04-02T20:31:35.521670,3,10,74,92,101,40,145,137,128,85,10,6,4,15,107,119,133,54,187,175,162,103,12,7,3,10,79,102,105,42,143,136,130,81,10,5,3,12,90,108,115,46,165,157,151,98,11,7,2,9,60,73,79,32,110,106,102,67,8,5,2,6,38,54,52,21,73,72,73,47,5,3,3,10,74,92,93,37,132,125,121,74,8,6,3,11,74,91,98,40,137,132,124,81,10,6,2.88,10.38,74.5,91.38,97.0,39.0,136.5,130.0,123.88,79.5,9.25,5.62
Asphalt_0cm_S10,2026-04-02T20:31:35.615110,3,10,74,92,101,40,145,137,128,85,10,6,4,15,107,119,133,54,187,175,162,103,12,7,3,10,79,102,105,42,143,136,130,81,10,5,3,12,90,108,115,46,165,157,151,98,11,7,2,9,60,73,79,32,111,106,102,67,8,5,2,6,38,54,52,22,73,72,73,47,5,3,3,10,74,92,94,37,132,125,120,73,8,5,3,11,74,91,98,40,137,132,124,81,10,6,2.88,10.38,74.5,91.38,97.12,39.12,136.62,130.0,123.75,79.38,9.25,5.5
Asphalt_0cm_S10,2026-04-02T20:31:35.702995,3,10,74,92,101,40,145,137,128,85,10,6,4,15,107,119,133,54,187,175,162,103,12,7,3,10,79,102,105,42,143,136,130,81,10,5,3,12,90,108,115,46,165,157,151,98,11,7,2,9,60,73,79,32,111,106,102,67,8,5,2,6,38,54,52,22,73,72,73,47,5,3,3,10,74,92,94,37,132,125,120,73,8,5,3,11,74,91,98,40,137,132,124,81,10,6,2.88,10.38,74.5,91.38,97.12,39.12,136.62,130.0,123.75,79.38,9.25,5.5
Asphalt_0cm_S10,2026-04-02T20:31:35.788382,3,10,74,92,101,40,145,137,128,85,10,6,4,15,107,119,133,54,187,175,161,103,12,7,3,10,79,102,105,42,143,136,130,81,10,5,3,12,90,109,115,46,165,157,152,98,11,7,2,9,60,73,79,32,111,106,102,67,8,5,2,6,38,54,52,21,73,72,73,47,5,3,3,10,74,92,94,37,132,125,121,73,8,5,3,11,74,91,98,40,137,132,124,81,10,6,2.88,10.38,74.5,91.5,97.12,39.0,136.62,130.0,123.88,79.38,9.25,5.5
Asphalt_0cm_S10,2026-04-02T20:31:35.887437,3,10,74,91,101,40,145,137,128,85,10,6,4,15,107,119,133,54,187,175,161,103,12,7,3,10,79,102,105,42,143,136,130,81,10,5,3,12,90,109,115,46,165,157,151,98,11,7,2,9,60,73,79,32,110,106,102,67,8,5,2,6,38,54,52,21,73,72,73,47,5,3,3,10,74,92,94,37,132,125,121,73,8,5,3,11,74,91,98,40,137,132,124,81,10,6,2.88,10.38,74.5,91.38,97.12,39.0,136.5,130.0,123.75,79.38,9.25,5.5
Asphalt_0cm_S10,2026-04-02T20:31:35.977631,3,10,74,91,101,40,145,137,128,85,10,6,4,15,107,119,133,54,187,175,161,103,12,7,3,10,79,102,105,42,143,136,130,81,10,5,3,12,90,109,115,46,165,157,151,98,11,7,2,9,60,73,79,32,110,106,102,67,8,5,2,6,38,54,52,21,73,72,73,47,5,3,3,10,74,92,93,37,132,125,121,74,8,5,3,11,75,91,98,40,137,132,124,81,10,6,2.88,10.38,74.62,91.38,97.0,39.0,136.5,130.0,123.75,79.5,9.25,5.5
Asphalt_0cm_S10,2026-04-02T20:31:36.078716,3,10,74,92,101,40,145,137,128,85,10,6,4,15,107,119,133,54,188,175,162,103,12,7,3,11,79,102,105,42,143,136,131,81,10,5,3,12,90,109,115,46,165,157,151,98,11,7,2,9,60,73,79,32,111,106,102,67,8,5,2,6,38,54,52,21,73,72,73,47,5,3,2,10,74,92,94,37,132,125,120,74,8,5,3,11,74,91,98,40,137,132,124,81,10,6,2.75,10.5,74.5,91.5,97.12,39.0,136.75,130.0,123.88,79.5,9.25,5.5
Asphalt_0cm_S10,2026-04-02T20:31:36.180553,3,10,74,92,101,40,145,137,128,85,10,6,4,15,107,119,133,54,188,175,162,103,12,7,3,11,79,102,105,42,143,136,131,81,10,5,3,12,90,109,115,46,165,157,151,98,11,7,2,9,60,73,79,32,111,106,102,67,8,5,2,6,38,54,52,21,73,72,73,47,5,3,2,10,74,92,94,37,132,125,120,74,8,5,3,11,74,91,98,40,137,132,124,81,10,6,2.75,10.5,74.5,91.5,97.12,39.0,136.75,130.0,123.88,79.5,9.25,5.5
Asphalt_0cm_S10,2026-04-02T20:31:36.271284,3,10,74,92,101,40,145,137,128,85,10,6,4,15,107,119,133,54,188,175,162,103,12,7,3,11,79,102,105,42,143,136,131,81,10,6,3,12,90,109,115,46,165,157,151,98,11,7,2,9,60,73,79,32,111,106,102,67,8,5,2,6,38,54,52,21,73,72,73,47,5,3,3,10,74,92,94,37,132,124,121,73,8,5,3,11,74,91,98,40,137,132,124,81,10,6,2.88,10.5,74.5,91.5,97.12,39.0,136.75,129.88,124.0,79.38,9.25,5.62
Asphalt_0cm_S10,2026-04-02T20:31:36.354360,3,10,74,92,101,40,145,137,128,85,10,6,4,16,107,119,133,54,188,175,162,103,12,7,3,10,79,102,105,42,142,136,131,81,10,5,3,12,90,109,115,46,165,157,151,98,11,7,2,9,60,73,79,32,111,106,102,67,8,5,2,6,38,54,52,21,73,72,73,47,5,3,3,10,74,92,94,37,132,124,121,73,8,5,3,11,75,91,98,40,137,132,124,81,10,6,2.88,10.5,74.62,91.5,97.12,39.0,136.62,129.88,124.0,79.38,9.25,5.5
Asphalt_0cm_S10,2026-04-02T20:31:36.458957,3,10,74,92,101,40,145,137,128,85,10,6,4,16,107,119,133,54,188,175,162,103,12,7,3,10,79,102,105,42,142,136,131,81,10,5,3,12,90,108,115,46,165,157,151,98,11,7,2,9,60,73,79,32,111,106,102,67,8,5,2,6,38,54,52,21,73,72,73,47,5,3,3,10,74,92,94,37,132,125,120,74,7,5,3,11,75,91,98,40,137,132,124,81,10,6,2.88,10.5,74.62,91.38,97.12,39.0,136.62,130.0,123.88,79.5,9.12,5.5
Asphalt_0cm_S10,2026-04-02T20:31:36.545412,3,10,74,91,101,40,145,137,128,85,10,6,4,16,107,119,133,54,188,175,162,103,12,7,3,11,79,103,105,42,143,136,131,81,10,5,3,12,90,109,115,46,165,157,151,98,11,7,2,9,60,73,79,32,111,106,102,67,8,5,2,6,38,54,52,21,73,72,73,47,5,3,3,10,74,92,94,37,132,125,120,74,7,5,3,11,75,91,98,40,137,132,124,81,10,6,2.88,10.62,74.62,91.5,97.12,39.0,136.75,130.0,123.88,79.5,9.12,5.5
Asphalt_0cm_S10,2026-04-02T20:31:36.659401,3,10,74,91,101,40,145,137,128,85,10,6,4,16,107,119,133,54,188,175,162,103,12,7,3,11,79,103,105,42,143,136,131,81,10,5,3,12,90,109,115,46,165,157,151,98,11,7,2,9,60,73,79,32,111,106,102,67,8,5,2,6,38,54,52,21,73,72,73,47,5,3,3,10,74,92,94,37,132,125,120,74,7,5,3,11,75,91,98,40,137,132,124,81,10,6,2.88,10.62,74.62,91.5,97.12,39.0,136.75,130.0,123.88,79.5,9.12,5.5
Asphalt_0cm_S10,2026-04-02T20:31:36.777687,3,10,74,91,101,40,145,137,128,85,10,6,4,16,107,119,133,54,188,175,162,103,12,7,3,11,79,103,105,42,143,136,131,81,10,5,3,12,90,109,115,46,165,157,151,98,11,7,2,9,60,73,79,32,111,106,102,67,8,5,2,6,38,54,52,21,73,72,73,47,5,3,3,10,74,92,94,37,132,125,120,74,7,5,3,11,75,91,98,40,137,132,124,81,10,6,2.88,10.62,74.62,91.5,97.12,39.0,136.75,130.0,123.88,79.5,9.12,5.5
Asphalt_0cm_S10,2026-04-02T20:31:36.890390,3,10,74,92,101,40,145,137,128,85,10,6,4,16,107,119,133,54,188,175,162,102,12,7,3,11,79,103,105,42,143,136,131,81,10,6,3,12,90,109,116,46,165,157,152,98,11,7,2,9,60,73,79,32,111,106,102,67,8,5,2,6,38,54,52,21,73,72,73,47,5,3,3,10,74,92,94,37,132,125,120,74,7,5,3,11,75,91,98,40,138,132,124,81,10,6,2.88,10.62,74.62,91.62,97.25,39.0,136.88,130.0,124.0,79.38,9.12,5.62
Asphalt_0cm_S10,2026-04-02T20:31:36.982353,3,10,74,92,101,40,145,137,128,85,10,6,4,16,107,119,133,54,188,175,162,102,12,7,3,11,79,103,105,42,143,136,131,81,10,6,3,12,90,109,116,46,165,157,152,98,11,7,2,9,60,73,79,32,111,106,102,67,8,5,2,6,38,54,52,21,73,72,73,47,5,3,3,10,74,92,93,37,132,125,121,74,8,5,3,11,74,91,98,40,138,132,124,81,10,6,2.88,10.62,74.5,91.62,97.12,39.0,136.88,130.0,124.12,79.38,9.25,5.62
Asphalt_0cm_S10,2026-04-02T20:31:37.077601,3,9,74,92,101,40,144,137,128,85,10,6,4,15,107,119,133,54,188,175,162,103,12,7,3,10,79,102,105,42,143,136,130,81,10,5,3,12,90,109,116,46,165,157,152,98,11,7,2,9,60,73,79,32,111,106,102,67,8,5,2,6,38,54,52,22,73,72,73,47,5,3,3,10,74,92,94,37,132,125,121,72,8,5,3,11,74,91,98,40,138,132,124,81,10,6,2.88,10.25,74.5,91.5,97.25,39.12,136.75,130.0,124.0,79.25,9.25,5.5
Asphalt_0cm_S10,2026-04-02T20:31:37.164558,3,9,74,91,101,40,145,137,128,85,10,6,4,15,107,119,133,54,188,175,162,103,12,7,3,10,79,102,105,42,143,136,130,81,10,5,3,12,90,109,116,46,165,157,152,98,11,7,2,9,60,73,79,32,111,106,102,67,8,5,2,6,38,54,52,22,73,72,73,47,5,3,3,10,74,92,94,37,132,125,121,72,8,5,3,11,75,91,98,40,137,132,124,81,10,6,2.88,10.25,74.62,91.38,97.25,39.12,136.75,130.0,124.0,79.25,9.25,5.5
Asphalt_0cm_S10,2026-04-02T20:31:37.267961,3,9,74,91,101,40,145,137,128,85,10,6,4,15,107,119,133,54,188,175,162,103,12,7,3,10,79,102,105,42,143,136,130,81,10,5,3,12,90,109,116,46,165,157,152,98,11,7,2,9,60,73,79,32,111,106,102,67,8,5,2,6,38,54,52,22,73,72,73,47,5,3,3,10,74,92,94,37,132,125,121,72,8,5,3,11,75,91,98,40,137,132,124,81,10,6,2.88,10.25,74.62,91.38,97.25,39.12,136.75,130.0,124.0,79.25,9.25,5.5
Asphalt_0cm_S10,2026-04-02T20:31:37.352017,3,10,74,92,101,40,145,137,128,85,10,6,4,16,107,119,133,54,188,175,162,103,12,7,3,11,79,102,105,42,143,136,131,81,10,6,3,12,90,109,115,46,165,157,151,98,11,7,2,9,60,73,79,32,111,106,102,67,8,5,2,6,38,54,52,22,73,72,73,47,5,3,3,10,74,92,94,37,132,125,121,74,8,5,3,11,75,91,98,40,137,132,124,81,10,6,2.88,10.62,74.62,91.5,97.12,39.12,136.75,130.0,124.0,79.5,9.25,5.62
Asphalt_0cm_S10,2026-04-02T20:31:37.457343,3,10,74,92,101,40,145,137,128,85,10,6,4,16,107,119,133,54,188,175,162,103,12,7,3,11,79,102,105,42,143,136,131,81,10,6,3,12,90,109,115,46,165,157,151,98,11,7,2,9,60,73,79,32,111,107,102,67,8,5,2,6,38,54,52,22,73,72,73,47,5,3,3,10,74,92,93,37,132,125,121,73,8,6,3,11,75,91,98,40,138,132,125,81,10,6,2.88,10.62,74.62,91.5,97.0,39.12,136.88,130.12,124.12,79.38,9.25,5.75
Asphalt_0cm_S10,2026-04-02T20:31:37.548215,3,10,74,92,101,40,145,137,128,85,10,6,4,16,107,119,133,54,188,175,162,103,12,7,3,11,79,102,105,42,143,136,131,81,10,6,3,12,90,109,115,46,165,157,151,98,11,7,2,9,60,73,79,32,111,107,102,67,8,5,2,6,38,54,52,22,73,72,73,47,5,3,3,10,74,92,93,37,132,125,121,73,8,6,3,11,75,91,98,40,138,132,125,81,10,6,2.88,10.62,74.62,91.5,97.0,39.12,136.88,130.12,124.12,79.38,9.25,5.75
Asphalt_0cm_S10,2026-04-02T20:31:37.648320,3,10,74,92,101,40,145,137,128,85,10,6,4,15,107,119,133,54,188,175,162,103,12,7,3,11,79,102,105,42,143,136,131,81,10,6,3,12,90,109,115,46,165,157,151,98,11,7,2,9,60,73,79,32,111,106,102,67,8,5,2,6,38,54,52,22,73,72,73,47,5,3,3,10,74,92,93,37,132,125,121,73,8,6,3,11,75,91,98,40,138,132,125,81,10,6,2.88,10.5,74.62,91.5,97.0,39.12,136.88,130.0,124.12,79.38,9.25,5.75
Asphalt_0cm_S10,2026-04-02T20:31:37.727820,3,10,74,92,101,40,145,137,128,85,10,6,4,15,107,119,133,54,188,175,162,103,12,7,3,11,79,102,105,42,143,136,131,81,10,6,3,12,90,109,115,46,165,157,151,98,11,7,2,9,60,73,79,32,111,106,102,67,8,5,2,6,38,54,52,22,73,72,73,47,5,3,3,10,74,92,93,37,132,125,121,73,8,6,3,11,75,91,98,40,138,132,125,81,10,6,2.88,10.5,74.62,91.5,97.0,39.12,136.88,130.0,124.12,79.38,9.25,5.75
Asphalt_0cm_S10,2026-04-02T20:31:37.817688,3,10,74,92,101,40,145,137,128,85,10,6,4,15,107,119,133,54,187,175,161,103,12,7,3,11,79,102,105,42,143,136,131,81,10,6,3,12,90,109,115,46,165,157,151,98,11,7,2,9,60,73,79,32,111,106,102,67,8,5,2,6,38,54,52,22,73,72,73,47,5,3,3,10,74,92,94,37,132,125,121,74,8,6,3,11,74,91,98,40,137,132,124,81,10,6,2.88,10.5,74.5,91.5,97.12,39.12,136.62,130.0,123.88,79.5,9.25,5.75
Asphalt_0cm_S10,2026-04-02T20:31:37.904005,3,10,74,92,101,40,145,137,128,85,10,6,4,15,107,119,133,54,187,175,161,103,12,7,3,10,80,103,105,42,143,136,130,81,10,6,3,12,90,109,115,46,165,157,152,98,11,7,2,9,60,73,79,32,111,106,103,67,8,5,2,6,38,54,52,21,73,72,73,47,5,3,3,10,74,92,94,37,132,125,121,74,8,6,3,11,74,91,98,40,137,132,124,81,10,6,2.88,10.38,74.62,91.62,97.12,39.0,136.62,130.0,124.0,79.5,9.25,5.75
Asphalt_0cm_S10,2026-04-02T20:31:38.031199,3,10,74,92,101,40,145,137,128,85,10,6,4,15,107,119,133,54,187,175,161,103,12,7,3,10,80,103,105,42,143,136,130,81,10,6,3,12,90,109,115,46,165,157,152,98,11,7,2,9,60,73,79,32,111,106,103,67,8,5,2,6,38,54,52,21,73,72,73,47,5,3,3,10,74,92,94,37,132,125,121,74,8,6,3,11,75,91,98,40,138,132,124,81,10,6,2.88,10.38,74.75,91.62,97.12,39.0,136.75,130.0,124.0,79.5,9.25,5.75
Asphalt_0cm_S10,2026-04-02T20:31:38.131291,3,10,74,92,101,40,145,137,128,85,10,6,4,15,107,119,133,54,187,175,161,103,12,7,3,10,80,103,105,42,143,136,130,81,10,6,3,12,90,109,115,46,165,157,152,98,11,7,2,9,60,73,79,32,111,106,103,67,8,5,2,6,38,54,52,21,73,72,73,47,5,3,3,10,74,92,94,37,132,125,121,74,8,6,3,11,75,91,98,40,138,132,124,81,10,6,2.88,10.38,74.75,91.62,97.12,39.0,136.75,130.0,124.0,79.5,9.25,5.75
Asphalt_0cm_S10,2026-04-02T20:31:38.242899,3,10,74,92,101,40,145,137,128,85,10,6,4,15,107,119,133,54,188,175,162,103,12,7,3,11,79,102,105,42,143,136,131,81,10,5,3,12,90,109,115,46,165,157,151,98,11,7,2,9,60,73,79,32,111,107,102,67,8,5,2,6,38,54,52,21,73,72,73,47,5,3,3,10,74,92,94,37,132,125,121,74,8,6,3,11,75,91,98,40,138,132,124,81,10,6,2.88,10.5,74.62,91.5,97.12,39.0,136.88,130.12,124.0,79.5,9.25,5.62
Asphalt_0cm_S10,2026-04-02T20:31:38.329600,3,9,74,92,101,40,145,137,128,85,10,6,4,15,107,119,133,54,188,175,162,103,12,7,3,11,79,102,105,42,143,136,131,81,10,5,3,12,90,109,115,46,165,157,151,99,11,7,2,9,60,73,79,32,111,106,102,67,8,5,2,6,38,54,52,21,73,72,73,47,5,3,3,10,74,92,93,37,132,125,120,74,8,5,3,11,75,91,98,40,138,132,124,81,10,6,2.88,10.38,74.62,91.5,97.0,39.0,136.88,130.0,123.88,79.62,9.25,5.5
Asphalt_0cm_S10,2026-04-02T20:31:38.414527,3,9,74,92,101,40,145,137,128,85,10,6,4,15,107,119,133,54,188,175,162,103,12,7,3,10,79,102,106,42,143,136,131,81,10,6,3,12,89,109,115,46,165,157,151,98,11,7,2,9,60,73,79,32,111,107,102,67,8,5,2,6,38,54,52,21,73,72,73,47,5,3,3,10,74,92,94,37,132,125,121,73,8,6,3,11,75,91,98,40,138,132,124,81,10,6,2.88,10.25,74.5,91.5,97.25,39.0,136.88,130.12,124.0,79.38,9.25,5.75
Asphalt_0cm_S10,2026-04-02T20:31:38.520775,3,10,74,92,101,40,145,137,128,86,10,6,4,15,107,119,133,54,189,175,161,103,13,7,3,10,79,102,106,42,143,136,131,81,10,6,3,12,89,109,115,46,165,157,151,98,11,7,2,9,60,73,79,32,111,107,102,67,8,5,2,6,38,54,52,21,73,72,73,47,5,3,3,10,74,92,94,37,132,125,121,73,8,6,3,11,75,91,98,40,138,132,125,81,10,6,2.88,10.38,74.5,91.5,97.25,39.0,137.0,130.12,124.0,79.5,9.38,5.75
Asphalt_0cm_S10,2026-04-02T20:31:38.613229,3,10,74,92,101,40,145,137,128,86,10,6,4,15,107,119,133,54,189,175,161,103,13,7,3,11,79,102,105,42,143,136,131,81,10,5,3,12,90,109,115,46,165,157,151,98,11,7,2,9,60,73,79,32,111,107,103,67,8,5,2,6,38,54,52,22,73,72,73,47,5,3,3,10,74,92,94,37,132,125,121,73,8,6,3,11,75,91,98,40,138,132,125,81,10,6,2.88,10.5,74.62,91.5,97.12,39.12,137.0,130.12,124.12,79.5,9.38,5.62
Asphalt_0cm_S10,2026-04-02T20:31:38.702663,3,10,74,92,101,40,145,137,128,86,10,6,4,15,107,119,133,54,189,175,161,103,13,7,3,11,79,102,105,42,143,136,131,81,10,5,3,12,90,109,115,46,165,157,151,98,11,7,2,9,60,73,79,32,111,107,103,67,8,5,2,6,38,54,52,22,73,72,73,47,5,3,3,10,74,92,94,37,132,125,121,73,8,6,3,11,75,91,98,40,138,132,125,81,10,6,2.88,10.5,74.62,91.5,97.12,39.12,137.0,130.12,124.12,79.5,9.38,5.62
Asphalt_0cm_S10,2026-04-02T20:31:38.781783,3,10,74,92,101,40,145,137,128,86,10,6,4,15,107,119,133,54,189,175,161,103,13,7,3,11,79,102,105,42,143,136,131,81,10,5,3,12,90,109,115,46,165,157,151,98,11,7,2,9,60,73,79,32,111,107,103,67,8,5,2,6,38,54,52,22,73,72,73,47,5,3,3,10,74,92,94,37,132,125,121,73,8,6,3,11,75,91,98,40,138,132,125,81,10,6,2.88,10.5,74.62,91.5,97.12,39.12,137.0,130.12,124.12,79.5,9.38,5.62
Asphalt_0cm_S10,2026-04-02T20:31:38.866715,3,10,74,91,101,40,145,137,128,85,10,6,4,15,107,119,133,54,188,175,162,102,12,7,3,10,79,103,105,42,143,136,131,81,10,6,3,12,90,109,115,46,165,157,151,98,11,7,2,9,60,73,79,32,111,107,103,67,8,5,2,6,38,54,52,22,73,72,73,47,5,3,3,10,74,92,94,37,132,125,121,73,8,6,3,11,75,91,98,40,138,132,124,81,10,6,2.88,10.38,74.62,91.5,97.12,39.12,136.88,130.12,124.12,79.25,9.25,5.75
Asphalt_0cm_S10,2026-04-02T20:31:38.953064,3,10,74,91,101,40,145,137,128,85,10,6,4,15,107,119,133,54,188,175,162,102,12,7,3,10,79,103,105,42,143,136,131,81,10,6,3,12,90,108,116,46,165,157,152,98,11,7,2,9,60,73,79,32,111,107,102,67,8,5,2,6,38,54,52,21,73,72,73,47,5,3,3,10,74,92,94,37,132,125,121,74,8,5,3,11,75,91,98,40,138,132,124,81,10,6,2.88,10.38,74.62,91.38,97.25,39.0,136.88,130.12,124.12,79.38,9.25,5.62
Asphalt_0cm_S10,2026-04-02T20:31:39.047576,3,10,74,92,101,40,145,137,128,85,10,6,4,15,107,119,134,54,187,175,162,103,12,7,3,10,79,103,105,42,143,136,131,81,10,5,3,12,90,108,116,46,165,157,152,98,11,7,2,9,60,73,79,32,111,107,102,67,8,5,2,6,38,54,52,21,73,72,73,47,5,3,3,10,74,92,94,37,132,125,121,74,8,5,3,11,75,91,98,40,138,132,124,81,10,6,2.88,10.38,74.62,91.5,97.38,39.0,136.75,130.12,124.12,79.5,9.25,5.5
Asphalt_0cm_S10,2026-04-02T20:31:39.136627,3,10,74,92,101,40,145,137,128,85,10,6,4,15,107,119,134,54,187,175,162,103,12,7,3,10,79,103,105,42,143,136,131,81,10,5,3,12,90,108,116,46,165,157,152,98,11,7,2,9,60,73,79,32,111,107,102,67,8,5,2,6,38,54,52,21,73,72,73,47,5,3,3,10,74,92,94,37,132,125,121,74,8,5,3,11,75,91,98,40,138,132,124,81,10,6,2.88,10.38,74.62,91.5,97.38,39.0,136.75,130.12,124.12,79.5,9.25,5.5
Asphalt_0cm_S10,2026-04-02T20:31:39.216442,3,10,74,92,101,40,145,137,128,85,10,6,4,15,107,119,134,54,187,175,162,103,12,7,3,10,79,103,105,42,143,136,131,81,10,5,3,12,90,109,115,46,165,157,151,99,11,7,2,9,60,73,79,32,111,106,102,67,8,5,2,6,38,54,52,22,73,72,73,47,5,3,3,10,74,92,94,37,132,125,121,74,8,6,3,11,75,91,98,40,138,132,124,81,10,6,2.88,10.38,74.62,91.62,97.25,39.12,136.75,130.0,124.0,79.62,9.25,5.62
Asphalt_0cm_S10,2026-04-02T20:31:39.302741,3,10,74,92,101,40,145,137,128,85,10,6,4,15,107,119,134,54,187,175,162,103,12,7,3,10,79,103,105,42,143,136,131,81,10,5,3,12,90,109,115,46,165,157,151,99,11,7,2,9,60,73,79,32,111,106,102,67,8,5,2,6,38,54,52,22,73,72,73,47,5,3,3,10,74,92,94,37,132,125,121,74,8,6,3,11,75,91,98,40,138,132,124,81,10,6,2.88,10.38,74.62,91.62,97.25,39.12,136.75,130.0,124.0,79.62,9.25,5.62
Asphalt_0cm_S10,2026-04-02T20:31:39.387013,3,10,74,92,101,40,145,137,128,85,10,6,4,16,107,119,133,54,188,175,162,103,12,7,3,10,79,103,105,42,143,136,131,81,10,6,3,12,90,109,116,46,165,157,151,98,11,7,2,9,60,73,79,32,111,107,103,67,8,5,2,6,38,54,52,21,73,72,73,47,5,3,3,10,74,92,94,37,132,125,121,74,8,6,3,11,75,91,98,40,138,132,124,81,10,6,2.88,10.5,74.62,91.62,97.25,39.0,136.88,130.12,124.12,79.5,9.25,5.75
Asphalt_0cm_S10,2026-04-02T20:31:39.474171,3,10,74,92,101,40,145,137,128,85,10,6,4,16,107,119,133,54,188,175,162,103,12,7,3,10,79,103,105,42,143,136,131,81,10,6,3,12,90,109,116,46,165,157,151,98,11,7,2,9,60,73,79,32,111,107,103,67,8,5,2,6,38,54,52,21,73,72,73,47,5,3,3,10,74,92,94,37,132,125,121,74,8,5,3,11,75,91,98,40,138,132,125,81,10,6,2.88,10.5,74.62,91.62,97.25,39.0,136.88,130.12,124.25,79.5,9.25,5.62
Asphalt_0cm_S10,2026-04-02T20:31:39.578079,3,10,74,92,101,40,145,137,128,85,10,6,4,16,107,119,133,54,188,175,162,103,12,7,3,10,79,103,105,42,143,136,131,81,10,6,3,12,90,109,116,46,165,157,151,98,11,7,2,9,60,73,79,32,111,107,103,67,8,5,2,6,38,54,52,21,73,72,73,47,5,3,3,10,74,92,94,37,132,125,121,74,8,5,3,11,75,91,98,40,138,132,125,81,10,6,2.88,10.5,74.62,91.62,97.25,39.0,136.88,130.12,124.25,79.5,9.25,5.62
Asphalt_0cm_S10,2026-04-02T20:31:39.657072,3,10,74,92,101,40,145,137,128,85,10,6,4,16,107,119,133,54,188,175,162,103,12,7,3,11,79,102,105,42,143,136,131,81,10,5,3,12,90,109,116,46,165,157,151,98,11,7,2,9,61,73,79,32,111,107,103,67,8,5,2,6,38,54,52,21,73,72,73,47,5,3,3,10,74,92,94,37,132,125,121,74,8,5,3,11,75,91,98,40,138,132,125,81,10,6,2.88,10.62,74.75,91.5,97.25,39.0,136.88,130.12,124.25,79.5,9.25,5.5
Asphalt_0cm_S10,2026-04-02T20:31:39.746444,3,10,74,92,101,40,145,137,128,85,10,6,4,16,107,119,133,54,188,175,162,103,12,7,3,11,79,102,105,42,143,136,131,81,10,5,3,12,90,109,116,46,165,157,151,98,11,7,2,9,61,73,79,32,111,107,103,67,8,5,2,6,38,54,52,21,73,72,73,47,5,3,3,10,74,92,94,37,132,125,121,74,8,5,3,11,75,91,98,40,138,132,125,81,10,6,2.88,10.62,74.75,91.5,97.25,39.0,136.88,130.12,124.25,79.5,9.25,5.5
Asphalt_0cm_S10,2026-04-02T20:31:39.832010,3,10,74,92,101,40,145,137,128,85,10,6,4,16,107,119,134,54,188,175,162,103,12,7,3,10,79,102,105,42,143,136,130,81,10,6,3,12,90,109,116,46,165,157,151,98,11,7,2,9,61,73,79,32,111,107,103,67,8,5,2,6,38,54,52,21,73,72,73,47,5,3,3,10,74,92,94,37,132,125,121,74,8,5,3,11,75,91,98,40,138,132,125,81,10,6,2.88,10.5,74.75,91.5,97.38,39.0,136.88,130.12,124.12,79.5,9.25,5.62
Asphalt_0cm_S10,2026-04-02T20:31:39.912773,3,10,74,92,101,40,145,137,128,85,10,6,4,16,107,119,133,54,188,175,162,103,12,7,3,10,79,102,105,42,143,136,131,81,10,5,3,12,90,109,116,46,165,157,151,98,11,7,2,9,61,74,79,32,111,107,103,67,8,5,2,6,38,54,52,22,73,72,73,47,5,3,3,10,74,93,94,37,132,125,121,74,8,5,3,11,75,91,98,40,138,132,125,81,10,6,2.88,10.5,74.75,91.75,97.25,39.12,136.88,130.12,124.25,79.5,9.25,5.5
Asphalt_0cm_S10,2026-04-02T20:31:39.995349,3,10,74,92,101,40,145,137,128,85,10,6,4,16,107,119,133,54,188,175,162,103,12,7,3,10,79,102,105,42,143,136,131,81,10,5,3,12,90,109,116,46,165,157,151,98,11,7,2,9,61,74,79,32,111,107,103,67,8,5,2,6,38,54,52,22,73,72,73,47,5,3,3,10,74,93,94,37,132,125,121,74,8,5,3,11,75,91,98,40,138,132,125,81,10,6,2.88,10.5,74.75,91.75,97.25,39.12,136.88,130.12,124.25,79.5,9.25,5.5
Asphalt_0cm_S10,2026-04-02T20:31:40.087581,3,10,74,92,101,40,145,137,128,85,10,6,4,15,107,119,133,54,188,175,162,103,12,7,3,10,79,102,105,42,143,136,131,81,10,5,3,12,90,109,116,46,165,157,151,98,11,7,2,9,61,74,79,32,111,107,103,67,8,5,2,6,38,54,52,22,73,72,73,47,5,3,3,10,74,93,94,37,132,125,121,74,8,5,3,11,75,91,98,40,138,132,125,81,10,6,2.88,10.38,74.75,91.75,97.25,39.12,136.88,130.12,124.25,79.5,9.25,5.5
Asphalt_0cm_S10,2026-04-02T20:31:40.167203,3,10,74,92,101,40,145,137,128,85,10,6,4,15,107,119,133,54,188,175,162,103,12,7,3,10,79,102,105,42,143,136,131,81,10,5,3,12,90,109,116,46,165,157,151,98,11,7,2,9,61,74,79,32,111,107,103,67,8,5,2,6,38,54,52,22,73,72,73,47,5,3,3,10,74,93,94,37,132,125,121,74,8,5,3,11,75,91,98,40,138,132,125,81,10,6,2.88,10.38,74.75,91.75,97.25,39.12,136.88,130.12,124.25,79.5,9.25,5.5
Asphalt_0cm_S10,2026-04-02T20:31:40.260878,3,10,74,92,101,40,145,137,128,85,10,6,4,15,107,119,133,54,188,175,162,103,12,7,3,10,79,102,105,42,143,136,131,81,10,5,3,12,90,109,115,46,165,157,151,99,11,7,2,9,61,74,79,32,111,107,103,67,8,5,2,6,38,54,52,22,73,72,73,47,5,3,3,10,74,92,94,37,132,125,121,74,8,5,3,11,75,91,98,40,138,132,125,81,10,6,2.88,10.38,74.75,91.62,97.12,39.12,136.88,130.12,124.25,79.62,9.25,5.5
Asphalt_0cm_S10,2026-04-02T20:31:40.346848,3,9,75,92,101,40,145,137,128,85,10,6,4,15,107,119,133,54,188,175,162,103,12,7,3,10,79,102,105,42,143,136,131,81,10,5,3,12,90,109,115,46,165,157,151,99,11,7,2,9,61,74,79,32,111,107,103,67,8,5,2,6,38,54,52,22,73,72,73,47,5,3,3,10,74,92,94,37,132,125,121,74,8,5,3,11,75,91,98,40,138,133,125,81,10,6,2.88,10.25,74.88,91.62,97.12,39.12,136.88,130.25,124.25,79.62,9.25,5.5
Asphalt_0cm_S10,2026-04-02T20:31:40.451070,3,9,75,92,101,40,145,137,128,85,10,6,4,15,107,119,133,54,188,175,162,103,12,7,3,10,79,102,105,42,143,136,130,81,10,5,3,12,90,109,115,46,165,157,151,98,11,7,2,9,61,74,80,32,111,107,103,67,8,5,2,6,38,54,52,22,73,72,73,47,5,3,3,10,74,92,94,37,132,125,121,74,8,5,3,11,75,91,99,40,138,133,125,81,10,6,2.88,10.25,74.88,91.62,97.38,39.12,136.88,130.25,124.12,79.5,9.25,5.5
Asphalt_0cm_S10,2026-04-02T20:31:40.534816,3,10,75,92,101,40,145,137,128,85,10,6,4,16,107,119,133,54,188,175,162,103,12,7,3,10,79,103,105,42,143,136,131,81,10,5,3,12,90,109,115,46,165,157,151,98,11,7,2,9,61,74,80,32,111,107,103,67,8,5,2,6,38,54,52,22,73,72,73,47,5,3,3,10,74,92,94,37,132,125,121,74,8,5,3,11,75,91,99,40,138,133,125,81,10,6,2.88,10.5,74.88,91.75,97.38,39.12,136.88,130.25,124.25,79.5,9.25,5.5
Asphalt_0cm_S10,2026-04-02T20:31:40.640938,3,10,75,92,101,40,145,137,128,85,10,6,4,16,107,119,133,54,188,175,162,103,12,7,3,10,79,103,105,42,143,136,131,81,10,5,3,12,90,109,115,46,165,157,151,98,11,7,2,9,61,74,79,32,111,107,103,67,8,5,2,6,38,54,52,21,73,72,73,47,5,3,3,10,74,92,94,37,132,125,121,74,8,5,3,11,75,91,98,40,138,132,125,81,10,6,2.88,10.5,74.88,91.75,97.12,39.0,136.88,130.12,124.25,79.5,9.25,5.5
Asphalt_0cm_S10,2026-04-02T20:31:40.736227,3,10,75,92,101,40,145,137,128,85,10,6,4,16,107,119,133,54,188,175,162,103,12,7,3,10,79,103,105,42,143,136,131,81,10,5,3,12,90,109,115,46,165,157,151,98,11,7,2,9,61,74,79,32,111,107,103,67,8,5,2,6,38,54,52,21,73,72,73,47,5,3,3,10,74,92,94,37,132,125,121,74,8,5,3,11,75,91,98,40,138,132,125,81,10,6,2.88,10.5,74.88,91.75,97.12,39.0,136.88,130.12,124.25,79.5,9.25,5.5
Asphalt_0cm_S10,2026-04-02T20:31:40.832970,3,10,75,92,101,40,145,137,128,85,10,6,4,16,107,119,133,54,188,175,162,103,12,7,3,10,79,103,105,42,143,136,131,81,10,5,3,12,90,109,115,46,165,157,151,98,11,7,2,9,61,74,79,32,111,107,103,67,8,5,2,6,38,54,52,21,73,72,73,47,5,3,3,10,74,92,94,37,132,125,121,74,8,5,3,11,75,91,98,40,138,132,125,81,10,6,2.88,10.5,74.88,91.75,97.12,39.0,136.88,130.12,124.25,79.5,9.25,5.5
Asphalt_0cm_S10,2026-04-02T20:31:40.919407,3,10,74,92,101,40,145,137,128,85,10,6,4,16,107,119,133,54,188,175,162,103,12,7,3,10,79,103,105,42,143,136,131,81,10,6,3,12,90,109,116,46,165,157,152,98,11,7,2,9,61,74,79,32,111,107,102,67,8,5,2,6,38,54,52,21,73,72,73,47,5,3,3,10,75,92,94,37,133,125,121,74,8,6,3,11,75,91,98,40,138,133,125,81,10,6,2.88,10.5,74.88,91.75,97.25,39.0,137.0,130.25,124.25,79.5,9.25,5.75
Asphalt_0cm_S10,2026-04-02T20:31:41.021867,3,10,74,92,101,40,145,137,128,86,10,6,4,15,107,119,133,54,187,175,162,102,12,7,3,10,79,102,105,42,143,136,131,81,10,5,3,12,90,109,116,46,165,157,152,98,11,7,2,9,61,74,79,32,111,107,102,67,8,5,2,6,38,54,52,21,73,72,73,47,5,3,3,10,75,92,94,37,133,125,121,74,8,6,3,11,75,91,98,40,138,133,125,81,10,6,2.88,10.38,74.88,91.62,97.25,39.0,136.88,130.25,124.25,79.5,9.25,5.62
Asphalt_0cm_S10,2026-04-02T20:31:41.112052,3,10,74,92,101,40,145,137,128,86,10,6,4,15,107,119,133,54,187,175,162,102,12,7,3,10,79,102,105,42,143,136,131,81,10,5,3,12,90,109,116,46,165,157,152,98,11,7,2,9,61,74,79,32,111,107,102,67,8,5,2,6,38,54,52,21,73,72,73,47,5,3,3,10,75,92,94,37,133,125,121,74,8,6,3,11,75,91,98,40,138,133,125,81,10,6,2.88,10.38,74.88,91.62,97.25,39.0,136.88,130.25,124.25,79.5,9.25,5.62
Asphalt_0cm_S10,2026-04-02T20:31:41.199294,3,10,74,92,101,40,145,137,128,86,10,6,4,15,107,119,133,54,187,175,162,102,12,7,3,10,79,102,105,42,143,136,131,81,10,5,3,12,90,109,116,46,165,157,152,98,11,7,2,9,61,74,79,32,111,107,102,67,8,5,2,6,38,54,52,21,73,72,73,47,5,3,3,10,75,92,94,37,133,125,121,74,8,6,3,11,75,91,98,40,138,133,125,81,10,6,2.88,10.38,74.88,91.62,97.25,39.0,136.88,130.25,124.25,79.5,9.25,5.62
Asphalt_0cm_S10,2026-04-02T20:31:41.289476,3,10,74,92,101,40,145,137,128,85,10,6,4,15,107,119,133,54,188,175,162,103,12,7,3,11,79,103,105,42,143,136,131,81,10,5,3,12,90,109,115,46,166,157,151,98,11,7,2,9,61,73,79,32,111,107,103,67,8,5,2,6,38,54,52,22,73,72,73,47,5,3,3,10,74,92,94,37,132,125,121,74,8,5,3,11,75,91,99,40,138,132,125,81,10,6,2.88,10.5,74.75,91.62,97.25,39.12,137.0,130.12,124.25,79.5,9.25,5.5
Asphalt_0cm_S10,2026-04-02T20:31:41.390701,3,9,74,92,101,40,145,137,128,85,10,6,4,15,107,119,132,54,188,175,162,103,12,7,3,11,79,102,105,42,143,136,130,81,10,6,3,12,90,109,116,46,165,157,152,98,11,7,2,9,60,73,80,32,111,107,103,67,8,5,2,6,38,54,52,22,73,72,73,47,5,3,3,10,74,92,94,37,132,125,121,74,8,5,3,11,75,91,99,40,138,132,125,81,10,6,2.88,10.38,74.62,91.5,97.38,39.12,136.88,130.12,124.25,79.5,9.25,5.62
Asphalt_0cm_S10,2026-04-02T20:31:41.482990,3,10,74,92,101,40,145,137,128,85,10,6,4,15,107,119,132,54,188,175,162,103,12,7,3,11,79,102,105,42,143,136,130,81,10,6,3,12,90,109,116,46,165,157,152,98,11,7,2,9,60,73,80,32,111,107,103,67,8,5,2,6,38,54,52,22,73,72,73,47,5,3,3,10,74,92,94,37,132,125,121,74,8,6,3,11,75,91,98,40,138,132,125,81,10,6,2.88,10.5,74.62,91.5,97.25,39.12,136.88,130.12,124.25,79.5,9.25,5.75
Asphalt_0cm_S10,2026-04-02T20:31:41.578489,3,10,74,92,101,40,145,137,128,85,10,6,4,15,107,119,133,54,188,175,162,103,13,7,3,11,79,102,105,42,143,136,131,81,10,6,3,12,90,109,116,46,165,157,151,98,11,7,2,9,60,73,80,32,111,107,103,67,8,5,2,6,38,54,52,22,73,72,73,47,5,3,3,10,74,92,94,37,132,125,121,74,8,6,3,11,75,91,98,40,138,132,125,81,10,6,2.88,10.5,74.62,91.5,97.38,39.12,136.88,130.12,124.25,79.5,9.38,5.75
Asphalt_0cm_S10,2026-04-02T20:31:41.669557,3,10,74,92,101,40,145,137,128,85,10,6,4,15,107,119,133,54,188,175,162,103,13,7,3,11,79,102,105,42,143,136,131,81,10,6,3,12,90,109,116,46,165,157,151,98,11,7,2,9,60,74,79,32,111,107,102,67,8,5,2,6,38,54,52,22,73,72,73,47,5,3,3,10,74,92,94,37,132,125,121,74,8,6,3,11,75,91,98,40,138,132,125,81,10,6,2.88,10.5,74.62,91.62,97.25,39.12,136.88,130.12,124.12,79.5,9.38,5.75
Asphalt_0cm_S10,2026-04-02T20:31:41.773204,3,10,74,92,101,40,145,137,128,85,10,6,4,15,107,119,133,54,188,175,162,103,13,7,3,11,79,102,105,42,143,136,131,81,10,6,3,12,90,109,116,46,165,157,151,98,11,7,2,9,60,74,79,32,111,107,102,67,8,5,2,6,38,54,52,22,73,72,73,47,5,3,3,10,74,92,94,37,132,125,121,74,8,6,3,11,75,91,98,40,138,132,125,81,10,6,2.88,10.5,74.62,91.62,97.25,39.12,136.88,130.12,124.12,79.5,9.38,5.75
Asphalt_0cm_S10,2026-04-02T20:31:41.858293,3,10,74,92,101,40,145,137,128,85,10,6,4,15,107,119,133,54,188,175,162,103,13,7,3,11,79,102,105,42,143,136,131,81,10,6,3,12,90,109,116,46,165,157,151,98,11,7,2,9,60,74,79,32,111,107,102,67,8,5,2,6,38,54,52,22,73,72,73,47,5,3,3,10,74,92,94,37,132,125,121,74,8,6,3,11,75,91,98,40,138,132,125,81,10,6,2.88,10.5,74.62,91.62,97.25,39.12,136.88,130.12,124.12,79.5,9.38,5.75
Asphalt_0cm_S10,2026-04-02T20:31:41.957383,3,10,74,91,101,40,145,137,128,85,10,6,4,15,107,119,134,54,188,175,162,103,12,7,3,10,79,102,105,42,143,136,131,81,10,5,3,12,90,109,115,46,165,157,152,98,11,7,2,9,61,74,79,32,111,107,103,67,8,5,2,6,38,54,52,22,73,72,73,47,5,3,3,10,74,92,94,37,132,125,121,74,8,5,3,11,75,91,99,40,138,132,125,81,10,6,2.88,10.38,74.75,91.5,97.38,39.12,136.88,130.12,124.38,79.5,9.25,5.5
Asphalt_0cm_S10,2026-04-02T20:31:42.046615,3,9,74,92,101,40,145,137,128,85,10,6,4,15,107,119,134,54,188,175,162,103,12,7,3,10,79,102,105,42,143,136,131,81,10,5,3,12,90,109,115,46,165,157,152,98,11,7,2,9,61,74,79,32,111,107,103,67,8,5,2,6,38,54,52,22,73,72,73,47,5,3,3,10,74,92,94,37,132,125,121,74,8,5,3,11,75,91,99,40,138,132,125,81,10,6,2.88,10.25,74.75,91.62,97.38,39.12,136.88,130.12,124.38,79.5,9.25,5.5
Asphalt_0cm_S10,2026-04-02T20:31:42.165808,3,9,74,92,101,40,145,137,128,85,10,6,4,15,107,119,134,54,188,175,162,103,12,7,3,10,79,102,105,42,143,136,130,81,10,5,3,12,90,109,115,46,166,157,151,99,11,7,2,9,61,74,80,32,111,107,103,67,8,5,2,6,38,54,52,22,73,72,73,47,5,3,3,10,74,92,94,37,132,125,121,74,8,5,3,11,75,91,99,40,138,132,125,81,10,6,2.88,10.25,74.75,91.62,97.5,39.12,137.0,130.12,124.12,79.62,9.25,5.5
Asphalt_0cm_S10,2026-04-02T20:31:42.259348,3,9,74,92,101,40,145,137,128,85,10,6,4,15,107,119,134,54,188,175,162,103,12,7,3,10,79,102,105,42,143,136,130,81,10,5,3,12,90,109,115,46,166,157,151,99,11,7,2,9,61,74,80,32,111,107,103,67,8,5,2,6,38,54,52,22,73,72,73,47,5,3,3,10,74,92,94,37,132,125,121,74,8,5,3,11,75,91,99,40,138,132,125,81,10,6,2.88,10.25,74.75,91.62,97.5,39.12,137.0,130.12,124.12,79.62,9.25,5.5
Asphalt_0cm_S10,2026-04-02T20:31:42.342625,3,9,74,92,101,40,145,137,128,85,10,6,4,15,107,119,134,54,188,175,162,103,12,7,3,10,79,102,105,42,143,136,130,81,10,5,3,12,90,109,115,46,166,157,151,99,11,7,2,9,61,74,80,32,111,107,103,67,8,5,2,6,38,54,52,22,73,72,73,47,5,3,3,10,74,92,94,37,132,125,121,74,8,5,3,11,75,91,98,40,138,132,125,81,10,6,2.88,10.25,74.75,91.62,97.38,39.12,137.0,130.12,124.12,79.62,9.25,5.5
Asphalt_0cm_S10,2026-04-02T20:31:42.451740,3,10,74,91,101,40,145,137,128,85,10,6,4,16,107,119,133,54,188,175,162,103,12,7,3,10,79,102,105,42,143,136,131,81,10,6,3,12,90,109,116,46,165,157,152,98,11,7,2,9,61,74,79,32,111,107,103,67,8,5,2,6,38,54,52,21,73,72,73,47,5,3,3,10,74,92,94,37,132,125,121,74,8,5,3,11,75,91,98,40,138,133,125,81,10,6,2.88,10.5,74.75,91.5,97.25,39.0,136.88,130.25,124.38,79.5,9.25,5.62
Asphalt_0cm_S10,2026-04-02T20:31:42.535578,3,10,74,91,101,40,145,137,128,85,10,6,4,16,107,119,133,54,188,175,162,103,12,7,3,10,79,102,105,42,143,136,131,81,10,6,3,12,90,109,116,46,165,157,152,98,11,7,2,9,61,74,79,32,111,107,103,67,8,5,2,6,38,54,52,21,73,72,73,47,5,3,3,10,74,92,94,37,132,125,121,74,8,5,3,11,75,91,98,40,138,133,125,81,10,6,2.88,10.5,74.75,91.5,97.25,39.0,136.88,130.25,124.38,79.5,9.25,5.62
Asphalt_0cm_S10,2026-04-02T20:31:42.643550,3,10,74,91,101,40,145,137,128,85,10,6,4,16,107,119,133,54,188,175,162,103,12,7,3,10,79,102,105,42,143,136,131,81,10,6,3,12,90,109,116,46,165,157,152,98,11,7,2,9,61,74,79,32,111,107,103,67,8,5,2,6,38,54,52,21,73,72,73,47,5,3,3,10,74,92,94,37,132,125,121,74,8,5,3,11,75,91,98,40,138,133,125,81,10,6,2.88,10.5,74.75,91.5,97.25,39.0,136.88,130.25,124.38,79.5,9.25,5.62
Asphalt_0cm_S10,2026-04-02T20:31:42.730815,3,10,74,92,101,40,145,137,128,85,10,6,4,16,107,119,133,54,188,175,162,103,12,7,3,10,79,102,105,42,143,137,131,81,10,6,3,12,90,109,115,46,165,157,151,98,11,7,2,9,61,73,80,32,111,107,103,67,8,5,2,6,38,54,52,22,73,72,73,47,5,3,3,10,74,92,94,37,132,125,121,74,8,6,3,11,75,91,98,40,138,132,125,81,10,6,2.88,10.5,74.75,91.5,97.25,39.12,136.88,130.25,124.25,79.5,9.25,5.75
Asphalt_0cm_S10,2026-04-02T20:31:42.830407,3,10,74,92,101,40,145,137,128,85,10,6,4,16,107,119,133,54,188,175,162,103,12,7,3,10,79,102,105,42,143,137,131,81,10,6,3,12,90,109,115,46,165,157,151,98,11,7,2,9,61,73,80,32,111,107,103,67,8,5,2,6,38,54,52,22,73,72,73,47,5,3,3,10,74,92,94,37,132,125,121,74,8,6,3,11,75,91,98,40,138,132,125,81,10,6,2.88,10.5,74.75,91.5,97.25,39.12,136.88,130.25,124.25,79.5,9.25,5.75
Asphalt_0cm_S10,2026-04-02T20:31:42.917384,3,10,74,91,101,40,145,137,128,86,10,6,4,15,107,119,133,54,188,175,162,103,12,7,3,10,79,102,106,42,143,136,131,81,10,6,3,12,90,109,116,46,165,157,152,99,11,7,2,9,61,74,79,32,111,107,103,67,8,5,2,6,38,54,52,22,73,72,73,47,5,3,3,10,74,92,94,37,132,125,121,74,8,6,3,11,75,91,98,40,138,133,125,81,10,6,2.88,10.38,74.75,91.5,97.38,39.12,136.88,130.25,124.38,79.75,9.25,5.75
Asphalt_0cm_S10,2026-04-02T20:31:43.024713,3,10,74,92,101,40,145,137,128,85,10,6,4,16,107,119,133,54,188,175,162,103,12,7,3,10,79,102,106,42,143,136,131,81,10,6,3,12,90,109,116,46,165,157,152,99,11,7,2,9,61,74,80,32,111,107,103,67,8,5,2,6,38,54,52,22,73,72,73,47,5,3,3,10,74,92,94,37,132,125,121,74,8,5,3,11,75,91,99,40,138,133,125,81,10,6,2.88,10.5,74.75,91.62,97.62,39.12,136.88,130.25,124.38,79.62,9.25,5.62
Asphalt_0cm_S10,2026-04-02T20:31:43.129939,3,10,74,92,101,40,145,137,128,85,10,6,4,16,107,119,133,54,188,175,162,103,12,7,3,10,79,102,105,42,143,136,131,81,10,6,3,12,90,109,116,46,165,157,152,98,11,7,2,9,61,74,79,32,111,107,103,67,8,5,2,6,38,54,52,22,73,72,73,47,5,3,3,10,74,92,94,37,132,125,121,74,8,5,3,11,75,91,99,40,138,133,125,81,10,6,2.88,10.5,74.75,91.62,97.38,39.12,136.88,130.25,124.38,79.5,9.25,5.62
Asphalt_0cm_S10,2026-04-02T20:31:43.213441,3,10,74,92,101,40,145,137,128,85,10,6,4,16,107,119,133,54,188,175,162,103,12,7,3,10,79,102,105,42,143,136,131,81,10,6,3,12,90,109,116,46,165,157,152,98,11,7,2,9,61,74,79,32,111,107,103,67,8,5,2,6,38,54,52,22,73,72,73,47,5,3,3,10,74,92,94,37,132,125,121,74,8,5,3,11,75,91,99,40,138,133,125,81,10,6,2.88,10.5,74.75,91.62,97.38,39.12,136.88,130.25,124.38,79.5,9.25,5.62
Asphalt_0cm_S10,2026-04-02T20:31:43.299296,3,10,74,92,101,40,145,137,128,85,10,6,4,16,107,119,133,54,188,175,162,103,12,7,3,10,79,102,105,42,143,136,131,81,10,6,3,12,90,109,116,46,165,157,152,98,11,7,2,9,61,74,79,32,111,107,103,67,8,5,2,6,38,54,52,22,73,72,73,47,5,3,3,10,74,92,94,37,132,125,121,74,8,5,3,11,75,91,99,40,138,133,125,81,10,6,2.88,10.5,74.75,91.62,97.38,39.12,136.88,130.25,124.38,79.5,9.25,5.62
Asphalt_0cm_S10,2026-04-02T20:31:43.388600,3,10,74,91,101,40,145,137,128,85,10,6,4,15,107,119,134,54,188,175,162,103,12,7,3,10,79,102,105,42,143,136,130,81,10,6,3,12,90,109,115,46,165,157,151,99,12,7,2,9,60,74,80,32,111,107,103,67,8,5,2,6,38,54,52,22,73,72,73,47,5,3,3,10,74,92,94,37,132,125,121,74,8,6,3,11,75,91,98,40,138,132,125,81,10,6,2.88,10.38,74.62,91.5,97.38,39.12,136.88,130.12,124.12,79.62,9.38,5.75
Asphalt_0cm_S10,2026-04-02T20:31:43.470807,3,10,74,91,101,40,145,137,128,86,10,6,4,16,107,119,133,54,188,175,162,103,12,7,3,11,79,102,105,42,143,136,131,81,10,5,3,12,90,109,115,46,165,157,151,97,11,7,2,9,60,74,80,32,111,107,103,67,8,5,2,6,38,54,52,21,73,72,73,47,5,3,3,10,74,92,94,37,132,125,121,74,8,5,3,11,75,91,99,40,138,133,125,81,10,6,2.88,10.62,74.62,91.5,97.38,39.0,136.88,130.25,124.25,79.5,9.25,5.5
Asphalt_0cm_S10,2026-04-02T20:31:43.581211,3,10,74,92,101,40,145,137,128,85,10,6,4,15,107,119,133,54,188,175,162,103,12,7,3,10,79,102,105,42,143,136,131,81,10,6,3,12,90,109,115,46,165,157,151,97,11,7,2,9,60,74,80,32,111,107,103,67,8,5,2,6,38,54,52,21,73,72,73,47,5,3,3,10,74,92,94,37,132,125,121,74,8,5,3,11,75,91,99,40,138,133,125,81,10,6,2.88,10.38,74.62,91.62,97.38,39.0,136.88,130.25,124.25,79.38,9.25,5.62
Asphalt_0cm_S10,2026-04-02T20:31:43.665782,3,10,74,92,101,40,145,137,128,85,10,6,4,15,107,119,133,54,188,175,162,103,12,7,3,10,79,102,105,42,143,136,131,81,10,6,3,12,90,109,115,46,165,157,151,97,11,7,2,9,60,74,80,32,111,107,103,67,8,5,2,6,38,54,52,21,73,72,73,47,5,3,3,10,74,92,94,37,132,125,121,74,8,5,3,11,75,91,99,40,138,133,125,81,10,6,2.88,10.38,74.62,91.62,97.38,39.0,136.88,130.25,124.25,79.38,9.25,5.62
Asphalt_0cm_S10,2026-04-02T20:31:43.770059,3,10,74,92,101,40,145,137,128,85,10,6,4,15,107,119,133,54,188,175,162,103,12,7,3,10,79,102,105,42,143,136,131,81,10,6,3,12,90,109,115,46,165,157,152,98,11,7,2,9,60,74,80,32,111,107,103,67,8,5,2,6,38,54,52,22,73,72,73,47,5,3,3,10,74,92,94,37,132,125,121,74,8,5,3,11,75,91,99,40,138,133,125,81,10,6,2.88,10.38,74.62,91.62,97.38,39.12,136.88,130.25,124.38,79.5,9.25,5.62
Asphalt_0cm_S10,2026-04-02T20:31:43.855504,3,9,74,92,101,40,145,137,128,85,10,6,4,15,107,119,133,54,188,175,162,103,12,7,3,10,79,102,105,42,143,136,131,81,10,6,3,12,90,109,115,46,165,157,152,98,11,7,2,9,60,74,80,32,111,107,103,67,8,5,2,6,38,54,52,22,73,72,73,47,5,3,3,10,74,92,94,37,132,125,121,74,8,5,3,11,75,91,99,40,138,132,125,81,10,6,2.88,10.25,74.62,91.62,97.38,39.12,136.88,130.12,124.38,79.5,9.25,5.62
Asphalt_0cm_S10,2026-04-02T20:31:43.971616,3,9,74,92,101,40,145,137,128,85,10,6,4,16,107,119,133,54,188,175,162,103,12,7,3,10,79,102,105,42,143,136,131,81,10,6,3,12,90,109,116,46,165,157,152,98,11,7,2,9,61,74,80,32,111,107,103,67,8,5,2,6,39,54,52,22,73,72,73,47,5,3,3,10,74,92,94,37,132,125,121,74,8,5,3,11,75,91,98,40,138,132,125,81,10,6,2.88,10.38,74.88,91.62,97.38,39.12,136.88,130.12,124.38,79.5,9.25,5.62
Asphalt_0cm_S10,2026-04-02T20:31:44.090610,3,10,75,92,101,40,145,137,128,85,10,6,4,15,107,119,134,54,188,175,162,103,12,7,3,10,79,102,105,42,143,136,130,81,10,6,3,12,90,109,116,46,165,158,152,98,11,7,2,9,61,74,80,32,111,107,103,67,8,5,2,6,39,54,52,22,73,72,73,47,5,3,3,10,74,92,94,37,132,125,121,74,8,5,3,11,75,91,98,40,138,132,125,81,10,6,2.88,10.38,75.0,91.62,97.5,39.12,136.88,130.25,124.25,79.5,9.25,5.62
Asphalt_0cm_S10,2026-04-02T20:31:44.198131,3,10,75,92,101,40,145,137,128,85,10,6,4,15,107,119,134,54,188,175,162,103,12,7,3,10,79,102,105,42,143,136,130,81,10,6,3,12,90,109,116,46,165,158,152,98,11,7,2,9,61,74,80,32,111,107,103,67,8,5,2,6,39,54,52,22,73,72,73,47,5,3,3,10,74,92,94,37,132,125,121,74,8,5,3,11,75,91,98,40,138,132,125,81,10,6,2.88,10.38,75.0,91.62,97.5,39.12,136.88,130.25,124.25,79.5,9.25,5.62
Asphalt_0cm_S10,2026-04-02T20:31:44.274851,3,10,74,92,101,40,145,137,128,85,10,6,4,16,107,119,133,54,188,175,162,103,12,7,3,10,79,103,105,42,143,136,131,81,10,5,3,12,90,109,116,46,165,157,152,98,11,7,2,9,61,74,80,32,112,107,103,67,8,5,2,6,38,54,53,21,73,72,73,47,5,3,3,10,74,92,94,37,132,125,121,74,8,5,3,11,75,91,98,40,138,132,125,81,10,6,2.88,10.5,74.75,91.75,97.5,39.0,137.0,130.12,124.38,79.5,9.25,5.5
Asphalt_0cm_S10,2026-04-02T20:31:44.363338,3,10,74,92,101,40,145,137,128,85,10,6,4,16,107,119,133,54,188,175,162,103,12,7,3,10,79,103,105,42,143,136,131,81,10,5,3,12,90,109,116,46,165,157,152,98,11,7,2,9,61,74,80,32,112,107,103,67,8,5,2,6,38,54,53,21,73,72,73,47,5,3,3,10,74,92,94,37,132,125,121,74,8,5,3,11,75,91,98,40,138,132,125,81,10,6,2.88,10.5,74.75,91.75,97.5,39.0,137.0,130.12,124.38,79.5,9.25,5.5
Asphalt_0cm_S10,2026-04-02T20:31:44.454197,3,10,74,92,101,40,145,137,128,85,10,6,4,15,107,119,133,54,188,175,162,103,12,7,3,10,79,102,105,42,143,136,130,81,10,6,3,12,90,109,116,46,165,157,151,98,11,7,2,9,61,74,80,32,112,107,103,67,8,5,2,6,39,54,52,21,73,72,73,47,5,3,3,10,74,92,94,37,132,125,121,74,8,5,3,11,75,91,98,40,138,133,125,81,10,6,2.88,10.38,74.88,91.62,97.38,39.0,137.0,130.25,124.12,79.5,9.25,5.62
Asphalt_0cm_S10,2026-04-02T20:31:44.535963,3,10,74,92,101,40,145,137,128,85,10,6,4,15,107,119,133,54,188,175,162,103,12,7,3,10,79,102,105,42,143,136,131,81,10,6,3,12,90,109,116,46,165,157,151,98,11,7,2,9,61,74,80,32,112,107,103,67,8,5,2,6,39,54,52,21,73,72,73,47,5,3,3,10,74,92,94,37,132,125,121,74,8,5,3,11,75,91,98,40,138,133,125,81,10,6,2.88,10.38,74.88,91.62,97.38,39.0,137.0,130.25,124.25,79.5,9.25,5.62
Asphalt_0cm_S10,2026-04-02T20:31:44.642558,3,10,74,92,101,40,145,137,128,85,10,6,4,15,107,119,133,54,188,175,162,103,12,7,3,10,79,102,105,42,143,136,131,81,10,6,3,12,90,109,116,46,165,157,152,99,11,7,2,9,61,74,80,32,112,107,103,67,8,5,2,6,39,54,52,22,73,72,73,47,5,3,3,10,74,92,94,37,132,125,121,74,8,5,3,11,75,91,98,40,138,133,125,81,10,6,2.88,10.38,74.88,91.62,97.38,39.12,137.0,130.25,124.38,79.62,9.25,5.62
Asphalt_0cm_S10,2026-04-02T20:31:44.744691,3,10,74,92,101,40,145,137,128,85,10,6,4,16,107,119,133,54,188,175,162,103,12,7,3,10,79,102,105,42,143,136,130,81,10,5,3,12,90,109,116,46,165,157,152,99,11,7,2,9,61,74,80,32,112,107,103,67,8,5,2,6,39,54,52,22,73,72,73,47,5,3,3,10,74,92,94,37,132,125,121,74,8,5,3,11,75,91,98,40,138,133,125,81,10,6,2.88,10.5,74.88,91.62,97.38,39.12,137.0,130.25,124.25,79.62,9.25,5.5
Asphalt_0cm_S10,2026-04-02T20:31:44.827862,3,10,74,92,101,40,145,137,128,85,10,6,4,16,107,119,133,54,188,175,162,103,12,7,3,10,79,102,105,42,143,136,130,81,10,5,3,12,90,109,116,46,165,158,151,98,11,7,2,9,61,74,80,32,111,107,103,67,8,5,2,6,38,54,52,22,73,72,73,47,5,3,3,10,74,92,94,37,132,125,121,74,8,5,3,11,75,91,99,40,138,132,125,81,10,6,2.88,10.5,74.75,91.62,97.5,39.12,136.88,130.25,124.12,79.5,9.25,5.5
Asphalt_0cm_S10,2026-04-02T20:31:44.909884,3,10,74,92,101,40,145,137,128,85,10,6,4,16,107,119,133,54,188,175,162,103,12,7,3,10,79,102,105,42,143,136,130,81,10,5,3,12,90,109,116,46,165,158,151,98,11,7,2,9,61,74,80,32,111,107,103,67,8,5,2,6,38,54,52,22,73,72,73,47,5,3,3,10,74,92,94,37,132,125,121,74,8,5,3,11,75,91,99,40,138,132,125,81,10,6,2.88,10.5,74.75,91.62,97.5,39.12,136.88,130.25,124.12,79.5,9.25,5.5
Asphalt_0cm_S10,2026-04-02T20:31:44.985942,3,10,74,92,101,40,145,137,128,85,10,6,4,15,107,119,133,54,188,175,162,103,12,7,3,10,79,102,105,42,142,136,130,81,10,5,3,12,90,109,116,46,165,157,151,99,12,7,2,9,61,74,80,32,111,107,103,67,8,5,2,6,38,54,52,22,73,72,73,47,5,3,3,10,74,92,94,37,132,125,121,74,8,5,3,11,75,91,99,40,138,133,125,81,10,6,2.88,10.38,74.75,91.62,97.5,39.12,136.75,130.25,124.12,79.62,9.38,5.5
Asphalt_0cm_S10,2026-04-02T20:31:45.093552,3,10,74,92,101,40,145,137,128,85,10,6,4,16,107,119,134,54,188,175,162,103,12,7,3,10,79,102,105,42,143,136,131,81,10,6,3,12,90,109,115,46,165,157,152,98,11,7,2,9,61,74,80,32,111,107,103,67,8,5,2,6,38,54,52,22,73,72,73,47,5,3,3,10,74,92,94,37,132,125,121,74,8,5,3,11,75,91,99,40,138,133,125,81,10,6,2.88,10.5,74.75,91.62,97.5,39.12,136.88,130.25,124.38,79.5,9.25,5.62
Asphalt_0cm_S10,2026-04-02T20:31:45.201519,3,10,74,92,101,40,145,137,128,85,10,6,4,16,107,119,134,54,188,175,162,103,12,7,3,10,79,102,105,42,143,136,131,81,10,6,3,12,90,109,115,46,165,157,152,98,11,7,2,9,61,74,80,32,111,107,103,67,8,5,2,6,38,54,52,22,73,72,73,47,5,3,3,10,74,92,94,37,131,125,121,74,8,5,3,11,74,91,99,40,138,133,125,81,10,6,2.88,10.5,74.62,91.62,97.5,39.12,136.75,130.25,124.38,79.5,9.25,5.62
Asphalt_0cm_S10,2026-04-02T20:31:45.285979,3,10,74,92,101,40,145,137,128,85,10,6,4,15,107,119,133,54,188,175,162,103,12,7,3,10,79,103,105,42,143,136,131,81,10,5,3,12,90,109,115,46,165,157,151,98,11,7,2,9,61,74,80,32,111,107,103,67,8,5,2,6,39,54,52,22,73,72,73,47,5,3,3,10,74,92,94,37,132,125,121,74,8,5,3,11,74,91,99,40,138,133,125,81,10,6,2.88,10.38,74.75,91.75,97.38,39.12,136.88,130.25,124.25,79.5,9.25,5.5
Asphalt_0cm_S10,2026-04-02T20:31:45.393083,3,10,74,92,101,40,145,137,128,85,10,6,4,16,107,119,133,54,188,175,162,103,12,7,3,10,79,103,105,42,143,136,131,81,10,5,3,12,90,109,115,46,165,157,151,98,11,7,2,9,61,74,80,32,111,107,103,67,8,5,2,6,39,54,52,22,73,72,73,47,5,3,3,10,74,92,94,37,132,125,121,74,8,5,3,11,75,91,99,40,138,133,125,81,10,6,2.88,10.5,74.88,91.75,97.38,39.12,136.88,130.25,124.25,79.5,9.25,5.5
Asphalt_0cm_S10,2026-04-02T20:31:45.483077,3,10,74,92,101,40,145,137,128,85,10,6,4,16,107,119,133,54,188,175,162,103,12,7,3,10,79,102,105,42,143,136,131,81,10,6,3,12,90,109,116,46,165,157,151,98,11,7,2,9,61,74,80,32,111,107,103,67,8,5,2,6,38,54,52,22,73,72,73,47,5,3,3,10,75,92,94,37,133,126,121,74,8,6,3,11,75,91,99,40,138,133,125,81,10,6,2.88,10.5,74.88,91.62,97.5,39.12,137.0,130.38,124.25,79.5,9.25,5.75
Asphalt_0cm_S10,2026-04-02T20:31:45.578220,3,10,74,92,101,40,145,137,128,85,10,6,4,15,107,119,133,54,188,175,162,103,12,7,3,10,79,102,105,42,143,136,130,81,10,6,3,12,90,109,116,46,165,157,151,98,11,7,2,9,61,74,80,32,111,107,103,67,8,5,2,6,38,54,52,22,73,72,73,47,5,3,3,10,75,92,94,37,133,126,121,74,8,6,3,11,75,91,99,40,138,133,125,81,10,6,2.88,10.38,74.88,91.62,97.5,39.12,137.0,130.38,124.12,79.5,9.25,5.75
Asphalt_0cm_S10,2026-04-02T20:31:45.662571,3,10,74,92,101,40,145,137,128,85,10,6,4,15,107,119,133,54,188,175,162,103,12,7,3,10,79,102,105,42,143,136,130,81,10,6,3,12,90,109,116,46,165,157,151,98,11,7,2,9,61,74,80,32,111,107,103,67,8,5,2,6,38,54,52,22,73,72,73,47,5,3,3,10,75,92,94,37,133,126,121,74,8,6,3,11,75,91,99,40,138,133,125,81,10,6,2.88,10.38,74.88,91.62,97.5,39.12,137.0,130.38,124.12,79.5,9.25,5.75
Asphalt_0cm_S10,2026-04-02T20:31:45.773200,3,10,74,92,101,40,145,137,128,85,10,6,4,15,107,119,133,54,188,175,162,103,12,7,3,10,79,102,105,42,143,136,131,81,10,5,3,12,90,109,116,46,165,157,151,98,11,7,2,9,61,74,80,32,111,107,103,67,8,5,2,6,38,54,52,21,73,72,73,47,5,3,3,10,75,93,94,37,132,125,121,74,8,5,3,11,75,91,99,40,138,133,125,81,10,6,2.88,10.38,74.88,91.75,97.5,39.0,136.88,130.25,124.25,79.5,9.25,5.5
Asphalt_0cm_S10,2026-04-02T20:31:45.861512,3,9,74,92,101,40,145,137,128,85,10,6,4,15,107,119,133,54,188,175,162,103,12,7,3,10,79,102,105,42,143,136,131,81,10,5,3,12,90,109,116,46,165,157,151,98,11,7,2,9,61,74,80,32,111,107,103,67,8,5,2,6,38,54,52,21,73,72,73,47,5,3,3,10,74,92,94,37,132,125,121,74,8,5,3,11,75,91,99,40,138,132,125,81,10,6,2.88,10.25,74.75,91.62,97.5,39.0,136.88,130.12,124.25,79.5,9.25,5.5
Asphalt_0cm_S10,2026-04-02T20:31:45.961260,3,9,74,92,101,40,145,137,128,85,10,6,4,16,107,119,134,54,188,175,162,103,12,7,3,11,79,102,105,42,143,136,131,81,10,6,3,12,90,109,116,46,165,157,151,99,11,7,2,9,61,74,80,32,112,107,103,67,8,5,2,6,38,54,52,22,73,72,73,47,5,3,3,10,74,92,94,37,132,125,121,74,8,5,3,11,75,91,99,40,138,132,125,81,10,6,2.88,10.5,74.75,91.62,97.62,39.12,137.0,130.12,124.25,79.62,9.25,5.62
Asphalt_0cm_S10,2026-04-02T20:31:46.078492,3,9,74,92,101,40,145,137,128,85,10,6,4,16,107,119,134,54,188,175,162,103,12,7,3,11,79,102,105,42,143,136,131,81,10,6,3,12,90,109,116,46,165,157,151,99,11,7,2,9,61,74,80,32,112,107,103,67,8,5,2,6,38,54,52,22,73,72,73,47,5,3,3,10,74,92,94,37,132,125,121,74,8,5,3,11,75,91,99,40,138,132,125,81,10,6,2.88,10.5,74.75,91.62,97.62,39.12,137.0,130.12,124.25,79.62,9.25,5.62
Asphalt_0cm_S10,2026-04-02T20:31:46.181014,3,10,74,92,101,40,145,137,128,85,10,6,4,16,107,119,133,54,188,175,162,103,12,7,3,11,79,102,105,42,143,136,131,81,10,5,3,12,90,109,116,46,165,157,152,98,11,7,2,9,61,74,80,32,112,107,103,67,8,5,2,6,38,54,52,22,73,72,73,47,5,3,3,10,74,92,94,37,132,125,121,74,8,5,3,11,75,91,98,40,138,133,125,81,10,6,2.88,10.62,74.75,91.62,97.38,39.12,137.0,130.25,124.38,79.5,9.25,5.5
Asphalt_0cm_S10,2026-04-02T20:31:46.273727,3,10,74,92,101,40,145,137,128,85,10,6,4,16,107,119,133,54,188,175,162,103,12,7,3,11,79,102,105,42,143,136,131,81,10,5,3,12,90,109,116,46,165,157,152,98,11,7,2,9,61,74,80,32,112,107,103,67,8,5,2,6,38,54,52,22,73,72,73,47,5,3,3,10,74,92,94,37,132,125,121,74,8,5,3,11,75,91,98,40,138,133,125,81,10,6,2.88,10.62,74.75,91.62,97.38,39.12,137.0,130.25,124.38,79.5,9.25,5.5
Asphalt_0cm_S10,2026-04-02T20:31:46.359092,3,10,74,92,101,40,145,137,128,85,10,6,4,16,107,119,133,54,188,175,162,103,12,7,3,10,79,102,105,42,143,136,131,81,10,6,3,12,90,109,116,46,165,157,152,98,11,7,2,9,61,74,80,32,111,107,103,67,8,5,2,6,38,54,52,21,73,72,73,47,5,3,3,10,74,92,94,37,132,125,121,74,8,5,3,11,75,91,99,40,138,133,125,81,10,6,2.88,10.5,74.75,91.62,97.5,39.0,136.88,130.25,124.38,79.5,9.25,5.62
Asphalt_0cm_S10,2026-04-02T20:31:46.450637,3,10,74,92,101,40,145,137,128,85,10,6,4,16,107,119,133,54,188,175,162,103,12,7,3,11,79,102,105,42,143,136,131,81,10,6,3,12,90,109,116,46,165,157,152,98,11,7,2,9,61,74,80,32,112,107,103,67,8,5,2,6,38,54,52,21,73,72,73,47,5,3,3,10,74,92,94,37,133,125,121,74,8,5,3,11,75,91,99,40,138,133,125,81,10,6,2.88,10.62,74.75,91.62,97.5,39.0,137.12,130.25,124.38,79.5,9.25,5.62
Asphalt_0cm_S10,2026-04-02T20:31:46.556104,3,10,74,92,101,40,145,137,128,85,10,6,4,15,107,119,133,54,188,175,162,103,12,7,3,11,79,102,105,42,143,136,131,81,10,6,3,12,90,109,116,46,165,157,152,98,11,7,2,9,61,74,80,32,112,107,103,67,8,5,2,6,38,54,52,21,73,72,73,47,5,3,3,10,74,92,94,37,133,125,121,74,8,5,3,11,75,91,99,40,138,133,125,81,10,6,2.88,10.5,74.75,91.62,97.5,39.0,137.12,130.25,124.38,79.5,9.25,5.62
Asphalt_0cm_S10,2026-04-02T20:31:46.640222,3,10,74,92,101,40,145,137,128,85,10,6,4,15,107,119,133,54,188,175,162,103,12,7,3,10,79,102,105,42,143,136,131,81,10,6,3,12,90,109,116,46,165,157,152,99,11,7,2,9,61,74,80,32,112,107,103,67,8,5,2,6,38,54,52,21,73,72,73,47,5,3,3,10,74,92,94,37,133,125,121,74,8,5,3,11,75,91,99,40,138,133,125,81,10,6,2.88,10.38,74.75,91.62,97.5,39.0,137.12,130.25,124.38,79.62,9.25,5.62
Asphalt_0cm_S10,2026-04-02T20:31:46.762482,3,10,74,92,101,40,145,137,128,85,10,6,4,15,107,119,133,54,188,175,162,103,12,7,3,10,79,102,105,42,143,136,131,81,10,6,3,12,90,109,116,46,165,157,152,99,11,7,2,9,61,74,80,32,112,107,103,67,8,5,2,6,38,54,52,21,73,72,73,47,5,3,3,10,74,92,94,37,133,125,121,74,8,5,3,11,75,91,99,40,138,133,125,81,10,6,2.88,10.38,74.75,91.62,97.5,39.0,137.12,130.25,124.38,79.62,9.25,5.62
Asphalt_0cm_S10,2026-04-02T20:31:46.859893,3,9,74,91,101,40,145,137,128,85,10,6,4,15,107,119,133,54,188,175,162,103,12,7,3,10,79,102,105,42,143,136,131,81,10,6,3,12,90,109,116,46,166,157,152,99,11,7,2,9,61,74,80,32,112,107,103,67,8,5,2,6,38,54,52,22,73,72,73,47,5,3,3,10,75,92,94,37,133,125,121,74,8,6,3,11,75,91,98,40,138,133,125,81,10,6,2.88,10.25,74.88,91.5,97.38,39.12,137.25,130.25,124.38,79.62,9.25,5.75
Asphalt_0cm_S10,2026-04-02T20:31:46.957805,3,9,74,91,101,40,145,137,128,85,10,6,4,15,107,119,133,54,188,175,162,103,12,7,3,11,79,102,105,42,143,136,131,81,10,6,3,12,90,109,116,46,166,157,152,98,11,7,2,9,61,74,80,32,112,107,103,67,8,5,2,6,38,54,52,22,73,72,73,47,5,3,3,10,75,92,94,37,133,125,121,74,8,6,3,11,75,91,98,40,138,133,125,81,10,6,2.88,10.38,74.88,91.5,97.38,39.12,137.25,130.25,124.38,79.5,9.25,5.75
Asphalt_0cm_S10,2026-04-02T20:31:47.040690,3,9,74,91,101,40,145,137,128,85,10,6,4,15,107,119,133,54,188,175,162,103,12,7,3,11,79,102,105,42,143,136,131,81,10,6,3,12,90,109,116,46,166,157,152,98,11,7,2,9,61,74,80,32,112,107,103,67,8,5,2,6,38,54,53,21,73,72,73,47,5,3,3,10,74,92,94,37,133,125,121,74,8,5,3,11,75,91,98,40,138,133,125,81,10,6,2.88,10.38,74.75,91.5,97.5,39.0,137.25,130.25,124.38,79.5,9.25,5.62
Asphalt_0cm_S10,2026-04-02T20:31:47.148968,3,9,74,91,101,40,145,137,128,85,10,6,4,15,107,119,133,54,188,175,162,103,12,7,3,11,79,102,105,42,143,136,131,81,10,6,3,12,90,109,116,46,166,157,152,98,11,7,2,9,61,74,80,32,112,107,103,67,8,5,2,6,38,54,53,21,73,72,73,47,5,3,3,10,74,92,94,37,133,125,121,74,8,5,3,11,75,91,98,40,138,133,125,81,10,6,2.88,10.38,74.75,91.5,97.5,39.0,137.25,130.25,124.38,79.5,9.25,5.62
Asphalt_0cm_S10,2026-04-02T20:31:47.228175,3,10,74,91,101,40,145,137,128,86,10,6,4,15,107,119,134,54,188,175,162,103,12,7,3,11,79,102,105,42,143,136,131,81,10,5,3,12,90,109,116,46,165,157,152,99,12,7,2,9,61,74,80,32,112,107,103,67,8,5,2,6,38,54,52,22,73,72,73,47,5,3,3,10,75,92,94,37,133,125,121,74,8,6,3,11,75,91,99,40,138,133,125,81,10,6,2.88,10.5,74.88,91.5,97.62,39.12,137.12,130.25,124.38,79.75,9.38,5.62
Asphalt_0cm_S10,2026-04-02T20:31:47.324436,3,10,74,91,101,40,145,137,128,86,10,6,4,15,107,119,134,54,188,175,162,103,12,7,3,11,79,102,105,42,143,136,131,81,10,5,3,12,90,109,116,46,165,157,152,99,12,7,2,9,61,74,80,32,112,107,103,67,8,5,2,6,39,54,53,21,73,72,73,47,5,3,3,10,75,92,94,37,132,125,121,74,8,5,3,11,75,91,99,40,139,133,125,81,10,6,2.88,10.5,75.0,91.5,97.75,39.0,137.12,130.25,124.38,79.75,9.38,5.5
Asphalt_0cm_S10,2026-04-02T20:31:47.412253,3,10,74,92,101,40,145,137,128,85,10,6,4,15,107,119,134,54,188,176,162,103,12,7,3,11,79,102,105,42,143,136,131,81,10,5,3,12,90,109,116,46,165,157,152,99,12,7,2,9,61,74,80,32,112,107,103,67,8,5,2,6,39,54,53,21,73,72,73,47,5,3,3,10,75,92,94,37,132,125,121,74,8,5,3,11,75,91,99,40,139,133,125,81,10,6,2.88,10.5,75.0,91.62,97.75,39.0,137.12,130.38,124.38,79.62,9.38,5.5
Asphalt_0cm_S10,2026-04-02T20:31:47.514538,3,10,74,92,101,40,145,137,128,85,10,6,4,15,107,119,134,54,188,176,162,103,12,7,3,11,79,102,105,42,143,136,131,81,10,5,3,12,90,109,116,46,165,157,152,99,12,7,2,9,61,74,80,32,112,107,103,67,8,5,2,6,39,54,53,21,73,72,73,47,5,3,3,10,75,92,94,37,132,125,121,74,8,5,3,11,75,91,99,40,139,133,125,81,10,6,2.88,10.5,75.0,91.62,97.75,39.0,137.12,130.38,124.38,79.62,9.38,5.5
Asphalt_0cm_S10,2026-04-02T20:31:47.602388,3,10,74,92,101,40,145,137,128,85,10,6,4,15,107,119,134,54,188,176,162,103,12,7,3,11,79,102,105,42,143,136,131,81,10,5,3,12,90,109,116,46,165,157,152,99,12,7,2,9,61,74,80,32,112,107,103,67,8,5,2,6,39,54,53,21,73,72,73,47,5,3,3,10,75,92,94,37,132,125,121,74,8,5,3,11,75,91,99,40,139,133,125,81,10,6,2.88,10.5,75.0,91.62,97.75,39.0,137.12,130.38,124.38,79.62,9.38,5.5
Asphalt_0cm_S10,2026-04-02T20:31:47.703223,3,10,74,92,101,40,145,137,128,85,10,6,4,15,107,119,134,54,188,176,162,103,12,7,3,11,79,102,105,42,143,136,131,81,10,5,3,12,90,109,116,46,166,157,152,99,11,7,2,9,61,74,80,32,112,107,103,67,8,5,2,6,38,54,52,22,73,72,73,47,5,3,3,10,74,92,94,37,132,125,121,74,8,5,3,11,75,91,99,40,138,133,125,81,10,6,2.88,10.5,74.75,91.62,97.62,39.12,137.12,130.38,124.38,79.62,9.25,5.5
Asphalt_0cm_S10,2026-04-02T20:31:47.803377,3,10,75,92,101,40,145,137,128,85,10,6,4,16,107,119,134,54,188,175,162,103,12,7,3,10,79,102,105,41,143,137,131,81,10,5,3,12,90,109,116,46,166,157,152,99,11,7,2,9,61,74,80,32,112,107,103,67,8,5,2,6,38,54,53,22,73,72,73,47,5,3,3,10,74,92,94,37,133,125,121,74,8,5,3,11,75,91,99,40,138,133,125,81,10,6,2.88,10.5,74.88,91.62,97.75,39.0,137.25,130.38,124.38,79.62,9.25,5.5
Asphalt_0cm_S10,2026-04-02T20:31:47.893396,3,10,74,92,101,40,145,137,128,85,10,6,4,16,107,119,134,54,188,175,162,103,12,7,3,10,79,103,105,42,143,136,131,81,10,5,3,12,90,109,116,46,166,158,152,99,11,7,2,9,61,74,80,32,112,107,103,67,8,5,2,6,38,54,53,22,73,72,73,47,5,3,3,10,74,92,94,37,133,125,121,74,8,5,3,11,75,91,99,40,138,133,125,81,10,6,2.88,10.5,74.75,91.75,97.75,39.12,137.25,130.38,124.38,79.62,9.25,5.5
Asphalt_0cm_S10,2026-04-02T20:31:47.976889,3,10,74,92,101,40,145,137,128,85,10,6,4,16,107,119,134,54,188,175,162,103,12,7,3,10,79,103,105,42,143,136,131,81,10,5,3,12,90,109,116,46,166,158,152,99,11,7,2,9,61,74,80,32,112,107,103,67,8,5,2,6,38,54,52,21,73,72,73,47,5,3,3,10,75,92,94,37,132,125,121,74,8,6,3,11,75,91,99,40,138,133,125,81,10,6,2.88,10.5,74.88,91.75,97.62,39.0,137.12,130.38,124.38,79.62,9.25,5.62
Asphalt_0cm_S10,2026-04-02T20:31:48.084479,3,10,74,92,101,40,145,137,128,85,10,6,4,16,107,119,134,54,188,175,162,103,12,7,3,10,79,103,105,42,143,136,131,81,10,5,3,12,90,109,116,46,166,158,152,99,11,7,2,9,61,74,80,32,112,107,103,67,8,5,2,6,38,54,52,21,73,72,73,47,5,3,3,10,75,92,94,37,132,125,121,74,8,6,3,11,75,91,99,40,138,133,125,81,10,6,2.88,10.5,74.88,91.75,97.62,39.0,137.12,130.38,124.38,79.62,9.25,5.62
Asphalt_0cm_S10,2026-04-02T20:31:48.188543,3,10,74,92,101,40,145,137,128,85,10,6,4,16,107,119,134,54,188,175,162,103,12,7,3,10,79,103,105,42,143,136,131,81,10,5,3,12,90,109,116,46,166,158,152,99,11,7,2,9,61,74,80,32,112,107,103,67,8,5,2,6,38,54,52,21,73,72,73,47,5,3,3,10,75,92,94,37,132,125,121,74,8,6,3,11,75,91,99,40,138,133,125,81,10,6,2.88,10.5,74.88,91.75,97.62,39.0,137.12,130.38,124.38,79.62,9.25,5.62
Asphalt_0cm_S10,2026-04-02T20:31:48.277651,3,10,75,92,101,40,145,137,128,85,10,6,4,16,107,119,134,54,188,176,162,103,12,7,3,10,79,103,106,42,143,137,131,81,10,5,3,12,90,109,116,46,165,157,152,99,11,7,2,9,61,74,80,32,112,107,103,68,8,5,2,6,38,54,53,22,73,72,73,47,5,3,3,10,75,92,94,37,133,125,121,74,8,5,3,11,75,91,99,40,139,133,125,81,10,6,2.88,10.5,75.0,91.75,97.88,39.12,137.25,130.5,124.38,79.75,9.25,5.5
Asphalt_0cm_S10,2026-04-02T20:31:48.389462,3,10,74,92,101,40,145,137,128,85,10,6,4,16,107,119,134,54,188,175,162,103,12,7,3,11,79,103,106,42,143,137,131,81,10,6,3,12,90,109,116,46,165,157,152,99,11,7,2,9,61,74,80,32,112,107,103,68,8,5,2,6,38,54,53,22,73,72,73,47,5,3,3,10,75,92,94,37,133,125,121,74,8,5,3,11,75,91,99,40,139,133,125,81,10,6,2.88,10.62,74.88,91.75,97.88,39.12,137.25,130.38,124.38,79.75,9.25,5.62
Asphalt_0cm_S10,2026-04-02T20:31:48.474012,3,10,74,92,101,40,145,137,128,85,10,6,4,16,107,119,134,54,188,175,162,103,12,7,3,11,79,103,106,42,143,137,131,81,10,6,3,12,90,109,116,46,165,158,152,99,11,7,2,9,61,74,80,32,112,107,103,67,8,5,2,6,38,54,53,22,73,72,73,47,5,3,3,10,75,92,94,37,133,125,121,74,8,5,3,11,75,91,99,40,139,133,125,81,10,6,2.88,10.62,74.88,91.75,97.88,39.12,137.25,130.5,124.38,79.62,9.25,5.62
Asphalt_0cm_S10,2026-04-02T20:31:48.576596,3,10,74,92,101,40,145,137,128,85,10,6,4,16,107,119,134,54,188,175,162,103,12,7,3,11,79,103,106,42,143,137,131,81,10,6,3,12,90,109,116,46,165,158,152,99,11,7,2,9,61,74,80,32,112,107,103,67,8,5,2,6,38,54,53,22,73,72,73,47,5,3,3,10,75,92,94,37,133,125,121,74,8,5,3,11,75,91,99,40,139,133,125,81,10,6,2.88,10.62,74.88,91.75,97.88,39.12,137.25,130.5,124.38,79.62,9.25,5.62
Asphalt_0cm_S10,2026-04-02T20:31:48.657156,3,10,74,92,101,40,145,137,128,85,10,6,4,16,107,119,134,54,188,175,162,103,12,7,3,11,79,103,106,42,143,137,131,81,10,6,3,12,90,109,116,46,165,158,152,99,11,7,2,9,61,74,80,32,112,107,103,67,8,5,2,6,38,54,53,22,73,72,73,47,5,3,3,10,75,92,94,37,133,125,121,74,8,5,3,11,75,91,99,40,139,133,125,81,10,6,2.88,10.62,74.88,91.75,97.88,39.12,137.25,130.5,124.38,79.62,9.25,5.62
Asphalt_0cm_S10,2026-04-02T20:31:48.740449,3,10,75,92,101,40,145,137,128,86,10,6,4,16,107,119,134,54,188,176,162,103,12,7,3,10,79,103,105,42,143,137,131,81,10,6,3,12,90,109,116,46,166,158,152,99,11,7,2,9,61,74,80,32,112,107,103,67,8,5,2,6,38,54,53,22,73,72,73,47,5,3,3,10,75,92,94,37,133,125,121,74,8,5,3,11,75,91,99,40,138,133,125,81,10,6,2.88,10.5,75.0,91.75,97.75,39.12,137.25,130.62,124.38,79.75,9.25,5.62
Asphalt_0cm_S10,2026-04-02T20:31:48.834676,3,10,75,92,101,40,145,137,128,85,10,6,4,16,107,119,134,54,188,176,162,103,12,7,3,10,79,103,105,42,143,137,131,81,10,6,3,12,90,109,116,46,166,158,152,99,11,7,2,9,61,74,80,32,112,107,103,67,8,5,2,6,39,54,53,22,73,72,73,47,5,3,3,10,75,93,94,37,133,126,121,74,8,5,3,11,75,91,99,40,138,133,125,81,10,6,2.88,10.5,75.12,91.88,97.75,39.12,137.25,130.75,124.38,79.62,9.25,5.62
Asphalt_0cm_S10,2026-04-02T20:31:48.917227,3,10,75,92,101,40,145,137,128,85,10,6,4,16,107,119,134,54,188,176,162,103,12,7,3,11,79,103,105,42,143,137,131,81,10,6,3,12,90,109,116,46,166,158,152,99,11,7,2,9,61,74,80,32,112,107,103,68,8,5,2,6,39,54,53,22,73,72,73,47,5,3,3,10,75,93,94,37,133,126,121,74,8,5,3,11,75,91,99,40,138,133,125,81,10,6,2.88,10.62,75.12,91.88,97.75,39.12,137.25,130.75,124.38,79.75,9.25,5.62
Asphalt_0cm_S10,2026-04-02T20:31:49.022753,3,10,75,92,101,40,145,137,128,85,10,6,4,16,107,119,134,54,188,176,162,103,12,7,3,11,79,103,105,42,143,137,131,81,10,6,3,12,90,109,116,46,166,158,152,99,11,7,2,9,61,74,80,32,112,107,103,68,8,5,2,6,39,54,52,22,73,72,73,47,5,3,3,10,75,93,94,37,133,126,121,74,8,5,3,11,75,91,99,40,138,133,125,81,10,6,2.88,10.62,75.12,91.88,97.62,39.12,137.25,130.75,124.38,79.75,9.25,5.62
Asphalt_0cm_S10,2026-04-02T20:31:49.104693,3,10,75,92,101,40,145,137,128,85,10,6,4,16,107,119,134,54,188,176,162,103,12,7,3,11,79,103,105,42,143,137,131,81,10,6,3,12,90,109,116,46,166,158,152,99,11,7,2,9,61,74,80,32,112,107,103,68,8,5,2,6,39,54,52,22,73,72,73,47,5,3,3,10,75,92,94,37,133,125,121,74,8,6,3,11,75,91,99,40,138,133,125,81,10,6,2.88,10.62,75.12,91.75,97.62,39.12,137.25,130.62,124.38,79.75,9.25,5.75
Asphalt_0cm_S10,2026-04-02T20:31:49.189297,3,10,75,92,101,40,145,137,128,85,10,6,4,16,107,119,134,54,188,176,162,103,12,7,3,11,79,103,105,42,143,137,131,81,10,6,3,12,90,109,116,46,166,158,152,99,11,7,2,9,61,74,80,32,112,107,103,68,8,5,2,6,39,54,52,22,73,72,73,47,5,3,3,10,75,92,94,37,133,125,121,74,8,6,3,11,75,91,99,40,138,133,125,81,10,6,2.88,10.62,75.12,91.75,97.62,39.12,137.25,130.62,124.38,79.75,9.25,5.75
Asphalt_0cm_S10,2026-04-02T20:31:49.280536,3,10,74,92,101,40,145,137,128,85,10,6,4,16,107,119,134,54,188,176,162,103,13,7,3,11,79,103,106,42,143,137,131,81,10,6,3,12,90,109,116,46,166,158,152,99,11,7,2,9,61,74,80,32,112,107,103,67,8,5,2,6,38,54,52,22,73,72,73,47,5,3,3,10,75,92,94,37,133,126,121,74,8,6,3,11,75,91,99,40,138,133,125,81,10,6,2.88,10.62,74.88,91.75,97.75,39.12,137.25,130.75,124.38,79.62,9.38,5.75
Asphalt_0cm_S10,2026-04-02T20:31:49.367072,3,10,74,92,101,40,145,137,128,85,10,6,4,16,107,119,134,54,188,176,162,103,13,7,3,10,80,103,105,42,143,137,131,81,10,6,3,12,90,109,116,46,166,158,152,99,11,7,2,9,61,74,80,32,112,107,103,67,8,5,2,6,38,54,52,22,73,72,73,47,5,3,3,10,75,92,94,37,133,126,121,74,8,6,3,11,75,91,99,40,139,133,125,81,10,6,2.88,10.5,75.0,91.75,97.62,39.12,137.38,130.75,124.38,79.62,9.38,5.75
Asphalt_0cm_S10,2026-04-02T20:31:49.468081,3,10,74,92,101,40,145,137,128,85,10,6,4,16,107,119,134,54,188,176,162,103,13,7,3,10,80,103,105,42,143,137,131,81,10,6,3,12,90,109,116,46,166,158,152,99,11,7,2,9,61,74,80,32,112,107,103,67,8,5,2,6,38,54,52,22,73,72,73,47,5,3,3,10,74,92,94,37,133,125,121,74,8,6,3,11,75,91,99,40,138,133,125,81,10,6,2.88,10.5,74.88,91.75,97.62,39.12,137.25,130.62,124.38,79.62,9.38,5.75
Asphalt_0cm_S10,2026-04-02T20:31:49.552654,3,10,74,92,101,40,145,137,128,85,10,6,4,16,107,119,134,54,188,176,162,103,13,7,3,10,80,103,105,42,143,137,131,81,10,6,3,12,90,109,116,46,166,158,152,99,11,7,2,9,61,74,80,32,112,107,103,67,8,5,2,6,38,54,52,22,73,72,73,47,5,3,3,10,74,92,94,37,133,125,121,74,8,6,3,11,75,91,99,40,138,133,125,81,10,6,2.88,10.5,74.88,91.75,97.62,39.12,137.25,130.62,124.38,79.62,9.38,5.75
Asphalt_0cm_S10,2026-04-02T20:31:49.661332,3,10,74,92,101,40,145,137,128,85,10,6,4,16,107,119,134,54,188,176,162,103,13,7,3,10,80,103,105,42,143,137,131,81,10,6,3,12,90,109,116,46,166,158,152,99,11,7,2,9,61,74,80,32,112,107,103,67,8,5,2,6,38,54,52,22,73,72,73,47,5,3,3,10,74,92,94,37,133,125,121,74,8,6,3,11,75,91,99,40,138,133,125,81,10,6,2.88,10.5,74.88,91.75,97.62,39.12,137.25,130.62,124.38,79.62,9.38,5.75
Asphalt_0cm_S10,2026-04-02T20:31:49.743330,3,10,74,92,101,40,145,137,128,85,10,6,4,16,107,119,134,54,188,176,162,103,13,7,3,10,80,103,105,42,143,137,131,81,10,6,3,12,90,109,116,46,166,158,152,99,11,7,2,9,61,74,80,32,112,107,103,67,8,5,2,6,38,54,52,22,73,72,73,47,5,3,3,10,74,92,94,37,133,125,121,74,8,6,3,11,75,91,99,40,138,133,125,81,10,6,2.88,10.5,74.88,91.75,97.62,39.12,137.25,130.62,124.38,79.62,9.38,5.75
Asphalt_0cm_S10,2026-04-02T20:31:49.849634,3,10,75,92,101,40,145,137,128,85,10,6,4,15,108,119,134,54,188,176,162,103,12,7,3,10,79,103,105,42,143,136,131,81,10,5,3,12,90,109,116,46,166,158,152,99,11,7,2,9,61,74,80,32,112,107,103,67,8,5,2,6,38,54,52,22,73,72,73,47,5,3,3,10,75,93,94,37,133,126,121,74,8,6,3,11,75,92,99,40,138,133,125,82,10,6,2.88,10.38,75.12,92.0,97.62,39.12,137.25,130.62,124.38,79.75,9.25,5.62
Asphalt_0cm_S10,2026-04-02T20:31:49.935222,3,10,75,92,101,40,145,137,128,85,10,6,4,16,107,119,134,54,188,176,162,103,12,7,3,11,80,103,106,42,143,137,131,81,10,6,3,12,90,109,116,46,166,158,152,99,11,7,2,9,61,74,80,32,112,107,103,67,8,5,2,6,38,54,52,22,73,72,73,47,5,3,3,10,75,93,94,37,133,126,121,74,8,6,3,11,75,92,99,40,138,133,125,82,10,6,2.88,10.62,75.12,92.0,97.75,39.12,137.25,130.75,124.38,79.75,9.25,5.75
Asphalt_0cm_S10,2026-04-02T20:31:50.049753,3,10,75,92,101,40,145,137,128,85,10,6,4,16,107,119,134,54,188,176,162,103,12,7,3,11,80,103,106,42,143,137,131,81,10,6,3,12,90,109,116,46,166,158,152,99,11,7,2,9,61,74,80,32,112,107,103,67,8,5,2,6,38,54,52,22,73,72,73,47,5,3,3,10,75,93,94,37,133,126,121,74,8,6,3,11,75,92,99,40,138,133,125,82,10,6,2.88,10.62,75.12,92.0,97.75,39.12,137.25,130.75,124.38,79.75,9.25,5.75
Asphalt_0cm_S10,2026-04-02T20:31:50.169357,3,10,75,92,101,40,145,137,128,85,10,6,4,16,107,119,134,54,188,176,162,103,12,7,3,11,80,103,106,42,143,137,131,81,10,6,3,12,90,109,116,46,166,158,152,99,11,7,2,9,61,74,80,32,112,107,103,67,8,5,2,6,38,54,52,21,73,72,73,47,5,3,3,10,75,93,94,37,133,126,121,74,8,6,3,11,75,92,99,40,138,133,125,82,10,6,2.88,10.62,75.12,92.0,97.75,39.0,137.25,130.75,124.38,79.75,9.25,5.75
Asphalt_0cm_S10,2026-04-02T20:31:50.261663,3,10,74,92,101,40,145,137,128,85,10,6,4,16,107,119,134,54,188,176,162,103,12,7,3,11,80,103,106,42,143,137,131,81,10,6,3,12,90,109,116,46,166,158,152,99,11,7,2,9,61,74,80,32,112,107,103,67,8,5,2,6,39,54,52,22,73,72,73,47,5,3,3,10,75,93,94,37,133,125,121,74,8,5,3,11,75,91,99,40,138,133,125,81,10,6,2.88,10.62,75.12,91.88,97.75,39.12,137.25,130.62,124.38,79.62,9.25,5.62
Asphalt_0cm_S10,2026-04-02T20:31:50.354880,3,10,74,92,101,40,145,137,128,85,10,6,4,16,107,119,134,54,188,176,162,103,12,7,3,10,79,103,105,42,143,137,131,81,10,5,3,12,90,109,116,46,166,158,152,99,11,7,2,9,61,74,80,32,112,107,103,67,8,5,2,6,39,54,53,21,73,72,73,47,5,3,3,10,74,93,94,37,133,125,121,74,8,5,3,11,75,91,99,40,138,133,125,81,10,6,2.88,10.5,74.88,91.88,97.75,39.0,137.25,130.62,124.38,79.62,9.25,5.5
Asphalt_0cm_S10,2026-04-02T20:31:50.440483,3,10,74,92,101,40,145,137,128,85,10,6,4,16,107,119,134,54,188,176,162,103,12,7,3,10,79,103,105,42,143,137,131,81,10,5,3,12,90,109,116,46,166,158,152,99,11,7,2,9,61,74,80,32,112,108,103,67,8,5,2,6,39,54,52,21,73,72,73,47,5,3,3,10,74,92,94,37,133,125,121,74,8,5,3,11,75,91,99,40,138,133,125,81,10,6,2.88,10.5,74.88,91.75,97.62,39.0,137.25,130.75,124.38,79.62,9.25,5.5
Asphalt_0cm_S10,2026-04-02T20:31:50.548312,3,10,74,92,101,40,145,137,128,86,10,6,4,15,107,119,134,54,188,176,162,103,12,7,3,10,79,103,105,42,143,137,131,81,10,5,3,12,90,109,116,46,166,158,152,99,11,7,2,9,61,74,80,32,112,108,103,67,8,5,2,6,39,54,52,21,73,72,73,47,5,3,3,10,74,92,94,37,133,125,121,74,8,5,3,11,75,91,99,40,138,133,125,81,10,6,2.88,10.38,74.88,91.75,97.62,39.0,137.25,130.75,124.38,79.75,9.25,5.5
Asphalt_0cm_S10,2026-04-02T20:31:50.629993,3,10,74,92,101,40,145,137,128,86,10,6,4,15,107,119,134,54,188,176,162,103,12,7,3,10,79,103,105,42,143,137,131,81,10,5,3,12,90,109,116,46,166,158,152,99,11,7,2,9,61,74,80,32,112,108,103,67,8,5,2,6,39,54,52,21,73,72,73,47,5,3,3,10,74,92,94,37,133,125,121,74,8,5,3,11,75,91,99,40,138,133,125,81,10,6,2.88,10.38,74.88,91.75,97.62,39.0,137.25,130.75,124.38,79.75,9.25,5.5
Asphalt_0cm_S10,2026-04-02T20:31:50.739332,3,10,74,92,101,40,145,137,128,86,10,6,4,15,107,119,134,54,188,176,162,103,12,7,3,11,79,103,106,42,143,137,131,81,10,6,3,12,90,109,116,46,166,158,152,99,11,7,2,9,61,74,80,32,112,108,103,67,8,5,2,6,39,54,52,21,73,72,73,47,5,3,3,10,74,92,94,37,133,125,121,74,8,5,3,11,75,91,99,40,138,133,125,81,10,6,2.88,10.5,74.88,91.75,97.75,39.0,137.25,130.75,124.38,79.75,9.25,5.62
Asphalt_0cm_S10,2026-04-02T20:31:50.832279,3,10,74,92,101,40,145,137,128,86,10,6,4,15,107,119,134,54,188,176,162,103,12,7,3,11,79,103,106,42,143,137,131,81,10,6,3,12,90,109,116,46,166,158,152,99,11,7,2,9,61,74,80,32,112,108,103,67,8,5,2,6,39,54,52,21,73,72,73,47,5,3,3,10,74,92,94,37,133,125,121,74,8,5,3,11,75,91,99,40,138,133,125,81,10,6,2.88,10.5,74.88,91.75,97.75,39.0,137.25,130.75,124.38,79.75,9.25,5.62
Asphalt_0cm_S10,2026-04-02T20:31:50.929537,3,10,74,92,101,40,145,137,128,85,10,6,4,16,107,119,134,54,188,176,162,103,13,7,3,10,79,103,105,42,143,137,131,81,10,5,3,12,90,109,116,46,166,158,152,99,11,7,3,9,61,74,80,32,112,108,103,68,8,5,2,6,38,54,52,22,73,72,73,47,5,3,3,10,75,92,93,37,133,125,121,74,8,6,3,11,75,91,99,40,138,133,125,81,10,6,3.0,10.5,74.88,91.75,97.5,39.12,137.25,130.75,124.38,79.75,9.38,5.62
Asphalt_0cm_S10,2026-04-02T20:31:51.011587,3,10,74,92,101,40,145,137,128,85,10,6,4,16,107,119,134,54,188,176,162,103,13,7,3,10,79,103,105,42,143,137,131,81,10,5,3,12,90,109,116,46,166,158,152,99,11,7,3,9,61,74,80,32,112,108,103,68,8,5,2,6,38,54,52,22,73,72,73,47,5,3,3,10,75,92,94,37,133,126,121,74,8,6,3,11,75,91,99,40,138,133,125,81,10,6,3.0,10.5,74.88,91.75,97.62,39.12,137.25,130.88,124.38,79.75,9.38,5.62
Asphalt_0cm_S10,2026-04-02T20:31:51.118492,3,10,74,92,101,40,145,137,128,85,10,6,4,16,107,119,134,54,188,175,162,103,12,7,3,10,79,103,105,42,143,137,131,81,10,5,3,12,90,109,116,46,166,158,152,99,11,7,3,9,61,74,80,32,112,108,103,68,8,5,2,6,38,54,52,22,73,72,73,47,5,3,3,10,75,92,94,37,133,126,121,74,8,6,3,11,75,91,99,40,138,132,125,81,10,6,3.0,10.5,74.88,91.75,97.62,39.12,137.25,130.62,124.38,79.75,9.25,5.62
Asphalt_0cm_S10,2026-04-02T20:31:51.198516,3,10,74,92,101,40,145,137,128,85,10,6,4,16,107,119,134,54,188,175,162,103,12,7,3,10,79,103,105,42,143,137,131,81,10,5,3,12,90,109,116,46,166,158,152,99,11,7,3,9,61,74,80,32,112,108,103,68,8,5,2,6,38,54,52,22,73,72,73,47,5,3,3,10,75,92,94,37,133,126,121,74,8,6,3,11,75,91,99,40,138,132,125,81,10,6,3.0,10.5,74.88,91.75,97.62,39.12,137.25,130.62,124.38,79.75,9.25,5.62
Asphalt_0cm_S10,2026-04-02T20:31:51.303759,3,10,74,92,101,40,145,137,128,86,10,6,4,16,107,119,134,54,188,176,162,103,12,7,3,11,79,103,106,42,143,136,131,81,10,5,3,12,90,109,116,46,166,158,152,99,11,7,3,9,61,74,80,32,112,107,103,67,8,5,2,6,39,54,52,22,73,72,73,47,5,3,3,10,75,93,94,37,133,126,122,74,8,6,3,11,75,92,99,40,139,133,125,81,10,6,3.0,10.62,75.0,92.0,97.75,39.12,137.38,130.62,124.5,79.75,9.25,5.62
Asphalt_0cm_S10,2026-04-02T20:31:51.389509,3,9,75,92,101,40,145,137,128,86,10,6,4,15,107,119,134,54,188,176,162,103,12,7,3,10,79,103,105,42,143,137,131,81,10,6,3,12,90,109,116,46,166,158,152,99,11,7,3,9,61,74,80,32,112,107,103,67,8,5,2,6,39,54,52,22,73,72,73,47,5,3,3,10,75,93,94,37,133,126,122,74,8,6,3,11,75,92,99,40,139,133,125,81,10,6,3.0,10.25,75.12,92.0,97.62,39.12,137.38,130.75,124.5,79.75,9.25,5.75
Asphalt_0cm_S10,2026-04-02T20:31:51.479502,3,9,75,92,101,40,145,137,128,86,10,6,4,15,107,119,134,54,188,176,162,103,12,7,3,10,79,103,105,42,143,137,131,81,10,6,3,12,90,109,116,46,166,158,152,99,11,7,3,9,61,74,80,32,112,107,103,67,8,5,2,6,39,54,52,22,73,72,73,47,5,3,3,10,75,93,94,37,133,126,122,74,8,6,3,11,75,92,99,40,139,133,125,81,10,6,3.0,10.25,75.12,92.0,97.62,39.12,137.38,130.75,124.5,79.75,9.25,5.75
Asphalt_0cm_S10,2026-04-02T20:31:51.562151,3,9,75,92,101,40,145,137,128,86,10,6,4,15,107,119,134,54,188,176,162,103,12,7,3,10,79,103,105,42,143,137,131,81,10,6,3,12,90,109,116,46,166,158,152,99,11,7,2,9,61,74,80,32,112,107,103,67,8,5,2,6,38,54,53,22,73,72,73,47,5,3,3,10,75,93,94,37,133,126,121,74,8,6,3,11,75,92,99,40,139,133,125,81,10,6,2.88,10.25,75.0,92.0,97.75,39.12,137.38,130.75,124.38,79.75,9.25,5.75
Asphalt_0cm_S10,2026-04-02T20:31:51.672222,3,9,75,92,101,40,145,137,128,86,10,6,4,15,107,119,134,54,188,176,162,103,12,7,3,10,79,103,105,42,143,137,131,81,10,6,3,12,90,109,116,46,166,158,152,99,11,7,2,9,61,74,80,32,112,107,103,67,8,5,2,6,38,54,53,22,73,72,73,47,5,3,3,10,75,93,94,37,133,126,121,74,8,6,3,11,75,92,99,40,139,133,125,81,10,6,2.88,10.25,75.0,92.0,97.75,39.12,137.38,130.75,124.38,79.75,9.25,5.75
Asphalt_0cm_S10,2026-04-02T20:31:51.749667,3,9,74,92,101,40,145,138,128,86,10,6,4,16,107,119,134,54,188,176,162,103,13,7,3,11,79,103,105,42,143,136,131,81,10,6,3,12,90,109,115,46,166,158,152,99,11,7,2,9,61,74,80,32,112,107,103,67,8,5,2,6,38,54,53,21,73,72,73,47,5,3,3,10,75,92,94,37,133,126,121,74,8,6,3,11,75,92,99,40,139,133,125,81,10,6,2.88,10.5,74.88,91.88,97.62,39.0,137.38,130.75,124.38,79.75,9.38,5.75
Asphalt_0cm_S10,2026-04-02T20:31:51.835837,3,10,75,92,101,40,145,137,128,85,10,6,4,16,107,119,134,54,188,176,162,103,13,7,3,11,79,103,106,42,143,137,131,81,10,5,3,12,90,109,116,46,166,157,152,99,11,7,2,9,61,74,80,32,112,107,103,68,8,5,2,6,39,54,52,22,73,72,73,47,5,3,3,10,75,92,94,37,133,126,121,74,8,6,3,11,75,91,99,40,139,133,125,81,10,6,2.88,10.62,75.12,91.75,97.75,39.12,137.38,130.62,124.38,79.75,9.38,5.62
Asphalt_0cm_S10,2026-04-02T20:31:51.925047,3,10,75,92,101,40,145,137,128,85,10,6,4,16,107,119,134,54,188,176,162,103,13,7,3,10,79,103,105,42,143,136,131,81,10,5,3,12,90,109,116,46,166,158,152,99,11,7,2,9,61,74,80,32,112,108,103,68,8,5,2,6,39,54,52,22,73,72,73,47,5,3,3,10,75,92,94,37,133,126,121,74,8,6,3,11,75,91,99,40,139,133,125,81,10,6,2.88,10.5,75.12,91.75,97.62,39.12,137.38,130.75,124.38,79.75,9.38,5.62
Asphalt_0cm_S10,2026-04-02T20:31:52.005638,3,10,75,92,101,40,145,137,128,85,10,6,4,16,107,119,134,54,188,176,162,103,13,7,3,10,79,103,105,42,143,136,131,81,10,5,3,12,90,109,116,46,166,158,152,99,11,7,2,9,61,74,80,32,112,108,103,68,8,5,2,6,39,54,52,22,73,72,73,47,5,3,3,10,75,93,94,37,133,126,121,74,8,6,3,11,75,91,99,40,139,133,125,81,10,6,2.88,10.5,75.12,91.88,97.62,39.12,137.38,130.75,124.38,79.75,9.38,5.62
Asphalt_0cm_S10,2026-04-02T20:31:52.119265,3,10,74,92,101,40,145,138,128,86,10,6,4,16,107,119,134,54,188,176,162,103,13,7,3,10,79,103,106,42,143,137,131,81,10,5,3,12,90,109,116,46,166,158,152,99,11,7,2,9,61,74,80,32,112,108,103,68,8,5,2,6,39,54,52,22,73,72,73,47,5,3,3,10,75,93,94,37,133,126,121,74,8,6,3,11,75,91,99,40,139,133,125,81,10,6,2.88,10.5,75.0,91.88,97.75,39.12,137.38,131.0,124.38,79.88,9.38,5.62
Asphalt_0cm_S10,2026-04-02T20:31:52.203854,3,10,74,92,101,40,145,138,128,86,10,6,4,16,107,119,134,54,188,176,162,103,13,7,3,10,79,103,106,42,143,137,131,81,10,5,3,12,90,109,116,46,166,158,152,99,11,7,2,9,61,74,80,32,112,108,103,68,8,5,2,6,39,54,52,22,73,72,73,47,5,3,3,10,75,93,94,37,133,126,121,74,8,6,3,11,75,91,99,40,139,133,125,81,10,6,2.88,10.5,75.0,91.88,97.75,39.12,137.38,131.0,124.38,79.88,9.38,5.62
Asphalt_0cm_S10,2026-04-02T20:31:52.304697,3,10,75,92,101,40,145,137,128,85,10,6,4,16,107,119,134,54,188,176,162,103,12,7,3,10,79,103,105,42,143,137,131,81,10,6,3,12,90,109,116,46,166,158,152,99,11,7,2,9,61,74,80,32,112,108,103,68,8,5,2,6,39,54,53,21,73,72,73,47,5,3,3,10,75,92,94,37,133,126,122,74,8,5,3,11,75,91,99,40,139,133,125,82,10,6,2.88,10.5,75.12,91.75,97.75,39.0,137.38,130.88,124.5,79.88,9.25,5.62
Asphalt_0cm_S10,2026-04-02T20:31:52.388893,3,10,75,92,101,40,145,137,129,86,10,6,4,16,108,119,134,54,189,176,162,103,12,7,3,11,79,103,105,42,143,137,131,81,10,6,3,12,90,109,116,46,166,158,152,99,12,7,2,9,61,74,80,32,112,108,103,68,8,5,2,6,39,54,53,21,73,72,73,47,5,3,3,10,75,92,94,37,133,126,122,74,8,5,3,11,75,91,99,40,139,133,125,82,10,6,2.88,10.62,75.25,91.75,97.75,39.0,137.5,130.88,124.62,80.0,9.38,5.62
