label,timestamp,S0_405nm,S0_425nm,S0_450nm,S0_475nm,S0_515nm,S0_550nm,S0_555nm,S0_600nm,S0_640nm,S0_690nm,S0_745nm,S0_855nm,S1_405nm,S1_425nm,S1_450nm,S1_475nm,S1_515nm,S1_550nm,S1_555nm,S1_600nm,S1_640nm,S1_690nm,S1_745nm,S1_855nm,S2_405nm,S2_425nm,S2_450nm,S2_475nm,S2_515nm,S2_550nm,S2_555nm,S2_600nm,S2_640nm,S2_690nm,S2_745nm,S2_855nm,S3_405nm,S3_425nm,S3_450nm,S3_475nm,S3_515nm,S3_550nm,S3_555nm,S3_600nm,S3_640nm,S3_690nm,S3_745nm,S3_855nm,S4_405nm,S4_425nm,S4_450nm,S4_475nm,S4_515nm,S4_550nm,S4_555nm,S4_600nm,S4_640nm,S4_690nm,S4_745nm,S4_855nm,S5_405nm,S5_425nm,S5_450nm,S5_475nm,S5_515nm,S5_550nm,S5_555nm,S5_600nm,S5_640nm,S5_690nm,S5_745nm,S5_855nm,S6_405nm,S6_425nm,S6_450nm,S6_475nm,S6_515nm,S6_550nm,S6_555nm,S6_600nm,S6_640nm,S6_690nm,S6_745nm,S6_855nm,S7_405nm,S7_425nm,S7_450nm,S7_475nm,S7_515nm,S7_550nm,S7_555nm,S7_600nm,S7_640nm,S7_690nm,S7_745nm,S7_855nm,AVG_405nm,AVG_425nm,AVG_450nm,AVG_475nm,AVG_515nm,AVG_550nm,AVG_555nm,AVG_600nm,AVG_640nm,AVG_690nm,AVG_745nm,AVG_855nm
Asphalt_0cm_S12,2026-04-25T10:01:36.437102,1,3,22,26,29,10,40,37,34,22,2,1,1,4,26,41,35,14,42,42,42,26,3,2,2,6,37,47,48,19,64,61,59,37,5,3,2,6,45,62,56,22,75,72,70,44,5,3,2,6,39,51,52,22,74,72,75,49,6,3,1,5,34,46,42,17,59,57,59,38,4,2,2,7,54,78,69,26,89,86,83,50,6,4,1,4,29,32,37,14,52,48,44,27,3,2,1.5,5.12,35.75,47.88,46.0,18.0,61.88,59.38,58.25,36.62,4.25,2.5
Asphalt_0cm_S12,2026-04-25T10:01:36.548012,1,3,22,25,29,11,40,37,32,22,3,2,1,4,26,40,35,14,42,42,42,26,3,2,2,6,37,47,48,19,64,62,59,37,5,3,2,6,45,62,56,22,75,72,70,44,5,3,2,6,39,51,52,22,74,72,75,49,6,3,1,5,33,46,42,17,59,58,59,38,4,2,2,7,54,78,69,26,89,86,83,50,6,4,1,4,29,32,37,14,52,48,44,27,3,2,1.5,5.12,35.62,47.62,46.0,18.12,61.88,59.62,58.0,36.62,4.38,2.62
Asphalt_0cm_S12,2026-04-25T10:01:36.624653,1,3,22,26,29,11,40,36,33,22,3,1,1,4,26,40,35,14,42,42,42,26,3,2,2,6,37,47,48,19,64,62,59,37,5,3,2,6,45,62,56,22,75,72,70,44,5,3,2,6,39,51,52,22,74,72,75,49,6,3,1,5,33,46,42,17,59,58,59,38,4,2,2,7,54,78,69,26,89,86,83,50,5,4,1,4,29,32,37,15,52,48,44,27,3,2,1.5,5.12,35.62,47.75,46.0,18.25,61.88,59.5,58.12,36.62,4.25,2.5
Asphalt_0cm_S12,2026-04-25T10:01:36.730089,1,3,22,26,29,11,40,36,33,22,3,1,1,4,26,41,35,14,42,42,42,26,3,2,2,6,37,47,48,19,64,61,59,37,5,2,2,6,45,62,56,22,75,72,70,44,5,3,2,6,39,51,52,22,74,72,75,49,6,3,1,5,34,46,42,17,59,58,59,38,4,2,2,7,54,78,69,26,89,86,83,50,5,4,1,4,29,32,37,14,52,48,44,27,3,2,1.5,5.12,35.75,47.88,46.0,18.12,61.88,59.38,58.12,36.62,4.25,2.38
Asphalt_0cm_S12,2026-04-25T10:01:36.804947,1,3,22,26,29,10,40,37,33,22,3,1,1,4,26,41,35,14,42,42,42,26,3,2,2,6,37,47,48,19,64,61,59,37,5,2,2,6,45,62,56,22,75,72,70,44,5,3,2,6,39,51,52,22,74,72,75,49,6,3,1,5,34,46,42,17,59,58,59,38,4,2,2,7,54,78,69,26,89,86,83,50,5,4,1,4,29,32,37,14,52,48,44,27,3,2,1.5,5.12,35.75,47.88,46.0,18.0,61.88,59.5,58.12,36.62,4.25,2.38
Asphalt_0cm_S12,2026-04-25T10:01:36.878876,1,3,22,26,29,10,40,37,33,22,3,1,1,4,26,41,35,14,42,42,42,26,3,2,2,6,37,47,48,19,64,62,59,37,5,3,2,6,45,62,56,22,75,72,70,44,5,3,2,6,39,51,52,22,74,72,75,49,6,3,1,5,34,46,42,17,59,58,59,38,4,2,2,7,54,78,69,26,89,86,83,50,5,4,1,4,29,32,37,14,52,48,44,27,3,2,1.5,5.12,35.75,47.88,46.0,18.0,61.88,59.62,58.12,36.62,4.25,2.5
Asphalt_0cm_S12,2026-04-25T10:01:36.983255,1,3,22,25,29,10,40,36,33,22,3,1,1,4,26,40,35,14,42,42,42,26,3,2,2,6,37,47,48,19,64,62,59,37,5,3,2,6,45,62,56,22,75,72,70,44,5,3,2,6,39,51,52,22,74,72,75,49,6,3,1,5,34,46,42,17,59,58,59,38,4,2,2,7,54,78,69,26,89,86,83,50,5,4,1,4,29,32,37,14,52,48,44,27,3,2,1.5,5.12,35.75,47.62,46.0,18.0,61.88,59.5,58.12,36.62,4.25,2.5
Asphalt_0cm_S12,2026-04-25T10:01:37.060319,1,3,22,25,29,10,40,36,33,22,3,1,1,4,26,40,35,14,42,42,42,26,3,2,2,6,37,47,48,19,64,62,59,37,5,3,2,6,45,62,56,22,75,72,70,45,5,3,2,6,39,51,52,22,74,72,75,49,6,3,2,5,33,46,42,17,59,58,59,38,4,2,2,7,54,78,69,26,89,86,83,50,5,4,1,4,29,32,37,14,52,48,44,27,3,2,1.62,5.12,35.62,47.62,46.0,18.0,61.88,59.5,58.12,36.75,4.25,2.5
Asphalt_0cm_S12,2026-04-25T10:01:37.134454,1,3,22,25,29,11,40,37,33,22,3,2,1,4,26,40,35,14,42,42,42,26,3,2,2,6,37,47,48,19,64,62,59,37,5,3,2,6,45,62,56,22,75,72,70,45,5,3,2,6,39,51,52,22,74,72,75,49,6,3,2,5,33,46,42,17,59,58,59,38,4,2,2,7,54,78,69,26,89,85,83,50,5,3,1,4,29,32,37,14,52,48,44,27,3,2,1.62,5.12,35.62,47.62,46.0,18.12,61.88,59.5,58.12,36.75,4.25,2.5
Asphalt_0cm_S12,2026-04-25T10:01:37.235346,1,3,22,25,29,11,40,37,33,22,3,2,1,4,26,41,35,14,42,42,42,26,3,2,2,6,37,47,47,19,64,61,59,37,5,2,2,6,45,62,56,22,75,72,70,44,5,3,2,6,39,51,52,22,74,72,75,49,6,3,1,5,34,46,42,17,59,58,59,38,4,2,2,7,54,78,68,26,89,86,83,50,5,4,1,4,29,32,37,14,52,48,44,27,3,2,1.5,5.12,35.75,47.75,45.75,18.12,61.88,59.5,58.12,36.62,4.25,2.5
Asphalt_0cm_S12,2026-04-25T10:01:37.311884,1,3,22,25,29,11,40,37,33,22,3,1,1,4,26,41,35,14,42,42,42,26,3,2,2,6,37,47,47,19,64,61,59,37,5,2,2,6,45,62,56,22,75,72,70,44,5,3,2,6,39,51,52,22,74,72,75,49,6,3,1,5,34,46,42,17,59,58,59,38,4,2,2,7,54,78,68,26,89,86,83,50,5,4,1,4,29,32,37,14,52,48,44,27,3,2,1.5,5.12,35.75,47.75,45.75,18.12,61.88,59.5,58.12,36.62,4.25,2.38
Asphalt_0cm_S12,2026-04-25T10:01:37.386475,1,3,22,25,29,11,40,37,33,22,3,1,1,4,26,41,35,14,42,42,42,26,3,2,2,5,37,47,48,19,64,62,59,37,5,2,2,6,45,62,56,22,75,72,70,44,5,3,2,6,39,51,52,22,74,72,75,49,6,3,1,5,34,46,42,17,59,58,59,38,4,2,2,7,54,78,69,26,89,86,83,50,5,4,1,4,29,32,37,14,52,48,44,27,3,2,1.5,5.0,35.75,47.75,46.0,18.12,61.88,59.62,58.12,36.62,4.25,2.38
Asphalt_0cm_S12,2026-04-25T10:01:37.489385,1,3,22,25,29,10,40,36,33,21,3,2,1,4,26,40,35,14,42,42,42,26,3,2,1,5,37,47,48,19,64,62,59,37,5,3,2,6,45,62,56,22,75,72,70,44,5,3,2,6,39,51,52,22,74,72,75,49,6,3,1,5,34,46,42,17,59,58,59,38,4,2,2,7,54,78,69,26,89,86,83,50,5,4,1,4,29,32,37,14,52,48,44,27,3,2,1.38,5.0,35.75,47.62,46.0,18.0,61.88,59.5,58.12,36.5,4.25,2.62
Asphalt_0cm_S12,2026-04-25T10:01:37.564047,1,3,22,25,29,10,40,36,33,21,3,2,1,4,26,40,35,14,42,42,42,26,3,2,1,5,37,47,48,19,64,62,59,37,5,3,2,6,45,62,56,22,75,72,70,44,5,3,2,6,39,51,52,22,74,72,75,49,6,3,1,5,34,45,42,17,59,58,59,38,4,2,2,7,54,78,68,26,89,86,83,50,5,4,1,4,29,32,37,14,52,48,44,27,3,2,1.38,5.0,35.75,47.5,45.88,18.0,61.88,59.5,58.12,36.5,4.25,2.62
Asphalt_0cm_S12,2026-04-25T10:01:37.635784,1,3,22,26,29,11,40,36,33,22,3,1,1,4,26,40,35,14,42,42,42,26,3,2,1,5,37,47,48,19,64,62,59,37,5,3,2,6,45,62,56,22,75,72,70,44,5,3,2,6,39,51,52,22,74,72,75,49,6,3,1,5,34,45,42,17,59,58,59,38,4,2,2,7,54,78,68,26,89,86,83,50,5,4,1,4,29,32,37,14,52,48,44,27,3,2,1.38,5.0,35.75,47.62,45.88,18.12,61.88,59.5,58.12,36.62,4.25,2.5
Asphalt_0cm_S12,2026-04-25T10:01:37.744480,1,3,22,26,29,11,40,36,33,22,3,1,1,4,26,40,35,14,42,42,42,26,3,2,2,5,37,47,48,19,64,61,59,37,5,3,2,6,45,62,56,22,75,72,70,44,5,3,2,6,39,51,52,22,74,72,75,49,5,3,1,5,33,46,42,17,59,58,59,38,4,2,2,7,54,78,68,26,89,86,83,49,5,4,1,4,29,32,37,14,52,48,44,27,3,2,1.5,5.0,35.62,47.75,45.88,18.12,61.88,59.38,58.12,36.5,4.12,2.5
Asphalt_0cm_S12,2026-04-25T10:01:37.855101,1,3,22,25,29,10,40,37,33,22,2,1,1,4,26,41,35,14,42,42,42,26,3,2,2,6,37,47,48,19,64,61,59,37,5,3,2,6,45,62,56,22,75,72,70,44,5,3,2,6,39,51,52,22,74,72,75,49,5,3,1,5,33,46,42,17,59,58,59,38,4,2,2,7,54,78,68,26,89,86,83,49,5,4,1,4,29,32,37,14,52,48,44,27,3,2,1.5,5.12,35.62,47.75,45.88,18.0,61.88,59.5,58.12,36.5,4.0,2.5
Asphalt_0cm_S12,2026-04-25T10:01:37.932073,1,3,22,25,29,10,40,37,33,22,2,1,1,4,26,41,35,14,42,42,42,26,3,2,2,6,37,47,48,19,64,61,59,37,5,3,2,6,45,62,56,22,76,72,70,44,5,3,2,6,39,51,52,22,74,72,75,49,6,3,1,5,34,46,42,17,59,57,59,38,4,2,2,7,54,78,68,26,89,86,83,50,5,4,1,4,29,32,37,14,52,48,44,27,3,2,1.5,5.12,35.75,47.75,45.88,18.0,62.0,59.38,58.12,36.62,4.12,2.5
Asphalt_0cm_S12,2026-04-25T10:01:38.007192,1,3,22,26,29,11,40,37,33,22,3,1,1,4,26,40,35,14,42,42,42,26,3,2,2,6,37,47,48,19,64,61,59,37,5,2,2,6,45,62,56,22,75,72,70,44,5,3,2,6,39,51,52,22,74,72,75,49,6,3,1,5,34,46,42,17,59,57,59,38,4,2,2,7,54,78,68,26,89,86,83,50,5,4,1,4,29,32,37,14,52,48,44,27,3,2,1.5,5.12,35.75,47.75,45.88,18.12,61.88,59.38,58.12,36.62,4.25,2.38
Asphalt_0cm_S12,2026-04-25T10:01:38.081814,1,3,22,26,29,11,40,37,33,22,3,1,1,4,26,40,35,14,42,42,42,26,3,2,2,6,37,47,48,19,64,61,59,37,5,2,2,6,45,62,56,22,75,72,70,44,5,3,2,6,39,51,52,22,74,72,75,49,6,3,1,5,33,46,42,17,59,58,59,38,4,2,2,7,54,78,68,26,89,85,83,49,5,4,1,4,29,32,37,14,52,48,44,27,3,2,1.5,5.12,35.62,47.75,45.88,18.12,61.88,59.38,58.12,36.5,4.25,2.38
Asphalt_0cm_S12,2026-04-25T10:01:38.186185,1,3,22,25,29,11,40,37,33,22,3,2,1,4,26,40,35,14,42,42,42,26,3,2,2,5,37,47,48,19,64,61,59,37,5,2,2,6,45,62,56,22,75,72,70,44,5,3,2,6,39,51,52,22,74,72,75,49,6,3,1,5,33,46,42,17,59,58,59,38,4,2,2,7,54,78,68,26,89,85,83,49,5,4,1,4,29,32,37,14,52,48,44,27,3,2,1.5,5.0,35.62,47.62,45.88,18.12,61.88,59.38,58.12,36.5,4.25,2.5
Asphalt_0cm_S12,2026-04-25T10:01:38.258046,1,3,22,25,29,11,40,37,33,22,3,2,1,4,26,40,35,14,42,42,42,26,3,2,2,5,37,47,48,19,64,61,59,37,5,2,2,6,45,62,56,22,75,72,70,44,5,3,2,6,39,51,52,22,74,72,75,49,6,3,1,5,34,46,42,17,59,58,59,38,4,2,2,7,54,78,69,26,89,86,83,49,5,4,1,4,29,32,37,14,52,48,44,27,3,2,1.5,5.0,35.75,47.62,46.0,18.12,61.88,59.5,58.12,36.5,4.25,2.5
Asphalt_0cm_S12,2026-04-25T10:01:38.330353,1,3,22,26,29,10,40,37,33,22,3,1,1,4,26,40,35,14,42,42,42,26,3,2,2,6,37,47,48,19,64,61,59,37,5,2,2,6,45,62,56,22,75,72,70,44,5,3,2,6,39,51,52,22,74,72,75,49,6,3,1,5,34,46,42,17,59,58,59,38,4,2,2,7,54,78,69,26,89,86,83,49,5,4,1,4,29,32,37,14,52,48,44,27,3,2,1.5,5.12,35.75,47.75,46.0,18.0,61.88,59.5,58.12,36.5,4.25,2.38
Asphalt_0cm_S12,2026-04-25T10:01:38.404657,1,3,22,26,29,10,40,37,33,22,3,1,1,4,26,40,35,14,42,42,42,26,3,2,2,6,37,47,48,19,64,61,59,37,5,2,2,6,45,62,56,22,75,72,70,44,5,3,2,6,39,51,52,22,74,72,75,49,6,3,1,5,33,46,42,17,59,58,59,38,4,2,2,7,54,78,68,26,89,86,83,49,5,4,1,4,29,32,37,14,52,48,44,27,3,2,1.5,5.12,35.62,47.75,45.88,18.0,61.88,59.5,58.12,36.5,4.25,2.38
Asphalt_0cm_S12,2026-04-25T10:01:38.488781,1,3,22,26,29,10,40,37,33,22,3,1,1,4,26,39,35,14,42,42,42,26,3,2,2,5,37,47,48,19,64,61,59,37,5,3,1,6,45,62,56,22,75,72,70,44,5,3,2,6,39,51,52,22,74,72,75,49,6,3,1,5,33,46,42,17,59,58,59,38,4,2,2,7,54,78,68,26,89,86,83,49,5,4,1,4,29,32,37,14,52,48,44,27,3,2,1.38,5.0,35.62,47.62,45.88,18.0,61.88,59.5,58.12,36.5,4.25,2.5
Asphalt_0cm_S12,2026-04-25T10:01:38.566211,1,3,22,26,29,10,40,37,33,22,3,1,1,4,26,39,35,14,42,42,42,26,3,2,2,5,37,47,48,19,64,61,59,37,5,3,1,6,45,62,56,22,75,72,70,44,5,3,2,6,39,51,52,22,74,72,75,49,6,3,1,5,34,46,42,17,59,58,59,38,4,2,2,7,54,78,68,26,89,86,82,50,5,4,1,4,29,32,37,15,52,48,44,27,3,2,1.38,5.0,35.75,47.62,45.88,18.12,61.88,59.5,58.0,36.62,4.25,2.5
Asphalt_0cm_S12,2026-04-25T10:01:38.638762,1,3,22,26,29,10,40,37,33,22,2,1,1,4,26,41,35,14,42,42,42,26,3,2,2,5,37,47,48,19,64,61,59,37,5,3,1,6,45,62,56,22,75,72,70,44,5,3,2,6,39,51,52,22,74,72,75,49,6,3,1,5,34,46,42,17,59,58,59,38,4,2,2,7,54,78,68,26,89,86,82,50,5,4,1,4,29,32,37,15,52,48,44,27,3,2,1.38,5.0,35.75,47.88,45.88,18.12,61.88,59.5,58.0,36.62,4.12,2.5
Asphalt_0cm_S12,2026-04-25T10:01:38.745094,1,3,22,26,29,10,40,37,33,22,2,1,1,4,26,41,35,14,42,42,42,26,3,2,2,6,37,47,48,19,64,62,59,37,5,3,2,6,45,62,56,22,75,72,69,44,5,3,2,6,39,51,52,22,74,72,75,49,6,3,2,5,34,46,42,17,59,57,59,38,4,2,2,7,54,78,68,26,89,86,83,50,5,4,1,4,29,32,37,14,52,48,44,27,3,2,1.62,5.12,35.75,47.88,45.88,18.0,61.88,59.5,58.0,36.62,4.12,2.5
Asphalt_0cm_S12,2026-04-25T10:01:38.817040,1,3,22,26,29,11,40,36,33,22,3,2,1,4,26,40,35,14,42,42,42,26,3,2,2,5,37,47,48,19,64,61,59,37,5,3,2,6,45,62,56,22,75,72,69,44,5,3,2,6,39,51,52,22,74,72,75,49,6,3,2,5,34,46,42,17,59,57,59,38,4,2,2,7,54,78,68,26,89,86,83,50,5,4,1,4,29,32,37,14,52,48,44,27,3,2,1.62,5.0,35.75,47.75,45.88,18.12,61.88,59.25,58.0,36.62,4.25,2.62
Asphalt_0cm_S12,2026-04-25T10:01:38.887277,1,3,22,26,29,11,40,36,33,22,3,2,1,4,26,40,35,14,42,42,42,26,3,2,2,5,37,47,48,19,64,61,59,37,5,3,2,6,45,62,56,22,75,72,70,44,5,3,2,6,39,51,52,22,74,72,75,49,6,3,2,5,34,46,42,17,59,58,59,38,4,2,2,7,54,78,68,26,89,86,83,49,5,4,1,5,29,32,37,14,52,48,44,27,3,2,1.62,5.12,35.75,47.75,45.88,18.12,61.88,59.38,58.12,36.5,4.25,2.62
Asphalt_0cm_S12,2026-04-25T10:01:38.992923,1,3,22,26,29,11,40,37,33,22,3,1,1,4,26,40,35,14,42,42,42,26,3,2,2,6,37,47,48,19,64,62,59,37,5,3,2,6,45,62,56,22,75,72,70,44,5,3,2,6,39,51,52,22,74,72,75,49,6,3,2,5,34,46,42,17,59,58,59,38,4,2,2,7,54,78,68,26,89,86,83,49,5,4,1,5,29,32,37,14,52,48,44,27,3,2,1.62,5.25,35.75,47.75,45.88,18.12,61.88,59.62,58.12,36.5,4.25,2.5
Asphalt_0cm_S12,2026-04-25T10:01:39.066542,1,3,22,26,29,11,40,37,33,22,3,1,1,4,26,40,35,14,42,42,42,26,3,2,2,6,37,47,48,19,64,62,59,37,5,3,2,6,45,62,56,22,75,72,70,44,5,3,2,6,39,51,52,22,74,72,75,49,6,3,1,5,33,46,42,17,59,58,59,38,4,2,2,7,54,78,69,26,89,85,83,50,5,4,1,4,29,32,37,15,52,48,44,27,3,2,1.5,5.12,35.62,47.75,46.0,18.25,61.88,59.5,58.12,36.62,4.25,2.5
Asphalt_0cm_S12,2026-04-25T10:01:39.137603,1,3,22,26,29,11,40,37,33,22,3,1,1,4,26,41,35,14,42,42,42,26,3,2,2,6,37,47,48,19,64,62,59,37,5,3,2,6,45,62,56,22,75,72,70,44,5,3,2,6,39,51,52,22,74,72,75,49,6,3,1,5,33,46,42,17,59,58,59,38,4,2,2,7,54,78,69,26,89,85,83,50,5,4,1,4,29,32,37,15,52,48,44,27,3,2,1.5,5.12,35.62,47.88,46.0,18.25,61.88,59.5,58.12,36.62,4.25,2.5
Asphalt_0cm_S12,2026-04-25T10:01:39.209254,1,3,22,26,29,11,40,37,33,22,3,1,1,4,26,41,35,14,42,42,42,26,3,2,2,6,37,47,48,19,64,61,59,37,5,2,2,6,45,62,56,22,75,72,70,44,5,3,2,6,39,51,52,22,74,72,75,49,6,3,1,5,33,46,42,17,59,58,59,38,4,2,2,7,54,78,68,26,89,86,83,49,5,4,1,4,29,32,37,15,52,48,44,27,3,2,1.5,5.12,35.62,47.88,45.88,18.25,61.88,59.5,58.12,36.5,4.25,2.38
Asphalt_0cm_S12,2026-04-25T10:01:39.312605,1,3,22,26,29,11,40,37,34,22,3,1,1,4,26,40,35,14,42,42,42,26,3,2,2,6,37,47,48,19,64,61,59,37,5,3,2,6,45,62,56,22,75,72,70,44,5,3,2,6,39,51,52,22,74,72,75,49,6,3,1,5,33,46,42,17,59,58,59,38,4,2,2,7,54,78,68,26,89,86,83,49,5,4,1,4,29,32,37,15,52,48,44,27,3,2,1.5,5.12,35.62,47.75,45.88,18.25,61.88,59.5,58.25,36.5,4.25,2.5
Asphalt_0cm_S12,2026-04-25T10:01:39.388712,1,3,22,26,29,11,40,37,34,22,3,1,1,4,26,40,35,14,42,42,42,26,3,2,2,6,37,47,48,19,64,61,59,37,5,3,2,6,45,62,56,22,75,72,70,44,5,3,2,6,39,51,52,22,74,72,75,49,6,3,2,5,34,46,42,17,59,58,59,38,4,2,2,7,54,78,68,26,89,86,83,50,5,3,1,4,29,32,37,14,52,48,44,27,3,2,1.62,5.12,35.75,47.75,45.88,18.12,61.88,59.5,58.25,36.62,4.25,2.38
Asphalt_0cm_S12,2026-04-25T10:01:39.463857,1,3,22,25,29,11,40,37,33,22,3,2,1,4,26,40,35,14,42,42,42,26,3,2,2,6,37,47,48,19,64,61,59,37,5,3,2,6,45,62,56,22,75,72,70,44,5,3,2,6,39,51,52,22,74,72,75,49,6,3,2,5,34,46,42,17,59,58,59,38,4,2,2,7,54,78,68,26,89,86,83,50,5,3,1,4,29,32,37,14,52,48,44,27,3,2,1.62,5.12,35.75,47.62,45.88,18.12,61.88,59.5,58.12,36.62,4.25,2.5
Asphalt_0cm_S12,2026-04-25T10:01:39.547028,1,3,22,25,29,11,40,37,33,22,3,2,1,4,26,40,35,14,42,42,42,26,3,2,2,5,37,47,47,19,64,61,59,37,5,3,2,6,45,62,56,22,76,72,70,44,5,3,2,6,39,52,52,22,74,72,75,49,6,3,1,5,34,46,42,17,59,57,59,38,4,2,2,7,54,78,68,26,89,86,83,50,5,4,1,4,29,32,37,14,52,48,44,27,3,2,1.5,5.0,35.75,47.75,45.75,18.12,62.0,59.38,58.12,36.62,4.25,2.62
Asphalt_0cm_S12,2026-04-25T10:01:39.619276,1,3,22,25,29,11,40,37,33,22,3,1,1,4,26,40,35,14,42,42,42,26,3,2,2,5,37,47,47,19,64,61,59,37,5,3,2,6,45,62,56,22,76,72,70,44,5,3,2,6,39,52,52,22,74,72,75,49,6,3,1,5,34,46,42,17,59,57,59,38,4,2,2,7,54,78,68,26,89,86,83,50,5,4,1,4,29,32,37,14,52,48,44,27,3,2,1.5,5.0,35.75,47.75,45.75,18.12,62.0,59.38,58.12,36.62,4.25,2.5
Asphalt_0cm_S12,2026-04-25T10:01:39.692269,1,3,22,25,29,11,40,37,33,22,3,1,1,4,26,40,35,14,42,42,42,26,3,2,2,5,37,47,48,19,64,62,59,37,5,3,2,6,45,62,56,22,76,72,70,44,5,3,2,6,39,51,52,22,74,72,75,49,6,3,1,5,33,46,42,17,59,57,59,38,4,2,2,7,54,78,68,26,89,86,83,50,5,4,1,4,29,32,37,14,52,48,44,27,3,2,1.5,5.0,35.62,47.62,45.88,18.12,62.0,59.5,58.12,36.62,4.25,2.5
Asphalt_0cm_S12,2026-04-25T10:01:39.778672,1,3,22,25,29,11,40,37,33,22,3,1,1,4,26,40,35,14,42,42,42,26,3,2,2,5,37,47,48,19,64,62,59,37,5,3,2,6,45,62,56,22,76,72,70,44,5,3,2,6,39,51,52,22,74,72,75,49,6,3,1,5,33,46,42,17,59,57,59,38,4,2,2,7,54,78,68,26,89,86,83,50,5,4,1,4,29,32,37,15,52,48,44,27,3,2,1.5,5.0,35.62,47.62,45.88,18.25,62.0,59.5,58.12,36.62,4.25,2.5
Asphalt_0cm_S12,2026-04-25T10:01:39.865810,1,3,22,26,29,11,40,37,34,22,3,1,1,4,26,40,35,14,42,42,42,26,3,2,2,6,37,47,48,19,64,61,59,37,5,3,2,6,45,62,56,22,75,72,70,44,5,3,2,6,39,51,52,22,74,72,75,49,6,3,2,5,34,46,42,17,59,58,59,38,4,2,2,7,54,78,69,26,89,85,83,50,5,4,1,4,29,32,37,15,52,48,44,27,3,2,1.62,5.12,35.75,47.75,46.0,18.25,61.88,59.38,58.25,36.62,4.25,2.5
Asphalt_0cm_S12,2026-04-25T10:01:39.937567,1,3,22,26,29,10,40,37,34,22,3,2,1,4,26,40,35,14,42,42,42,26,3,2,2,6,37,47,48,19,64,61,59,37,5,3,2,6,45,62,56,22,75,72,70,44,5,3,2,6,39,51,52,22,74,72,75,49,6,3,2,5,34,46,42,17,59,58,59,38,4,2,2,7,54,78,69,26,89,85,83,50,5,4,1,4,29,32,37,14,52,48,44,27,3,2,1.62,5.12,35.75,47.75,46.0,18.0,61.88,59.38,58.25,36.62,4.25,2.62
Asphalt_0cm_S12,2026-04-25T10:01:40.012794,1,3,22,26,29,10,40,37,34,22,3,2,1,4,26,40,35,14,42,42,42,26,3,2,2,6,37,47,48,19,64,61,59,37,5,3,2,6,45,62,56,22,75,72,70,44,5,3,2,6,39,51,52,22,74,72,75,49,6,3,2,5,34,46,42,17,59,58,59,38,4,2,2,7,54,78,69,26,89,85,83,50,5,4,1,4,29,32,37,14,52,48,44,27,3,2,1.62,5.12,35.75,47.75,46.0,18.0,61.88,59.38,58.25,36.62,4.25,2.62
Asphalt_0cm_S12,2026-04-25T10:01:40.116496,1,3,22,26,29,10,40,37,34,22,3,1,1,4,26,41,35,14,42,42,42,26,3,2,2,6,37,47,48,19,64,61,59,37,5,3,2,6,45,62,56,22,75,72,70,44,5,3,2,6,39,51,52,22,74,72,75,49,6,3,1,5,33,46,42,17,59,58,59,38,4,2,2,7,54,78,69,26,89,85,83,50,5,4,1,4,29,32,37,14,52,48,44,27,3,2,1.5,5.12,35.62,47.88,46.0,18.0,61.88,59.38,58.25,36.62,4.25,2.5
Asphalt_0cm_S12,2026-04-25T10:01:40.188379,1,3,22,26,29,10,40,37,34,22,3,1,1,4,26,41,35,14,42,42,42,26,3,2,2,5,37,47,48,19,64,62,59,37,5,3,1,6,45,62,56,22,75,72,70,44,5,3,2,6,39,51,52,22,74,72,75,49,6,3,1,5,34,46,42,17,59,58,59,38,4,2,2,7,54,78,68,26,89,86,82,49,5,4,1,4,29,32,37,14,52,48,44,27,3,2,1.38,5.0,35.75,47.88,45.88,18.0,61.88,59.62,58.12,36.5,4.25,2.5
Asphalt_0cm_S12,2026-04-25T10:01:40.263774,1,3,22,26,29,11,40,37,33,22,3,2,1,4,26,41,35,14,42,42,42,26,3,2,2,5,37,47,48,19,64,62,59,37,5,3,1,6,45,62,56,22,75,72,70,44,5,3,2,6,39,51,52,22,74,72,75,49,6,3,1,5,34,46,42,17,59,58,59,38,4,2,2,7,54,78,68,26,89,86,82,49,5,4,1,4,29,32,37,14,52,48,44,27,3,2,1.38,5.0,35.75,47.88,45.88,18.12,61.88,59.62,58.0,36.5,4.25,2.62
Asphalt_0cm_S12,2026-04-25T10:01:40.341544,1,3,22,26,29,11,40,37,33,22,3,2,1,4,26,40,35,14,42,42,42,26,3,2,2,6,37,47,48,19,64,61,59,37,5,3,2,6,45,62,56,22,75,72,70,44,5,3,2,6,39,51,52,22,74,72,75,49,6,3,1,5,34,46,42,17,59,58,59,38,4,2,2,7,54,78,68,26,89,86,82,49,5,4,1,4,29,32,37,14,52,48,44,27,3,2,1.5,5.12,35.75,47.75,45.88,18.12,61.88,59.5,58.0,36.5,4.25,2.62
Asphalt_0cm_S12,2026-04-25T10:01:40.436087,1,3,22,26,29,11,40,37,33,22,3,2,1,4,26,40,35,14,42,42,42,26,3,2,2,6,37,47,48,19,64,61,59,37,5,3,2,6,45,62,56,22,75,72,70,44,5,3,2,6,39,51,52,22,74,72,75,49,6,3,1,5,33,46,42,17,59,58,59,38,4,2,2,7,54,78,68,26,89,86,83,49,5,4,1,4,29,32,37,14,52,48,44,27,3,2,1.5,5.12,35.62,47.75,45.88,18.12,61.88,59.5,58.12,36.5,4.25,2.62
Asphalt_0cm_S12,2026-04-25T10:01:40.509839,1,3,22,26,29,11,40,37,33,22,3,2,1,4,26,40,35,14,42,42,42,26,3,2,2,5,37,47,48,19,64,61,59,37,5,3,1,6,45,62,56,22,76,72,70,44,5,3,2,6,39,50,52,22,74,72,75,49,6,3,1,5,34,46,42,17,59,57,59,38,4,2,2,7,54,78,68,26,89,86,83,49,5,4,1,4,29,32,37,14,52,48,44,27,3,2,1.38,5.0,35.75,47.62,45.88,18.12,62.0,59.38,58.12,36.5,4.25,2.62
Asphalt_0cm_S12,2026-04-25T10:01:40.610667,1,3,22,26,29,10,40,36,33,22,3,1,1,4,26,41,35,14,42,42,42,26,3,2,2,6,37,47,48,19,64,61,59,37,5,3,1,6,45,62,56,22,76,72,70,44,5,3,2,6,39,50,52,22,74,72,75,49,6,3,1,5,34,46,42,17,59,57,59,38,4,2,2,7,54,78,68,26,89,86,83,50,5,4,1,4,29,32,37,14,52,48,44,27,3,2,1.38,5.12,35.75,47.75,45.88,18.0,62.0,59.25,58.12,36.62,4.25,2.5
Asphalt_0cm_S12,2026-04-25T10:01:40.681159,1,3,22,26,29,10,40,36,33,22,3,1,1,4,26,41,35,14,42,42,42,26,3,2,2,6,37,47,48,19,64,61,59,37,5,3,2,6,45,62,56,22,75,72,70,44,5,3,2,6,39,51,52,22,74,72,75,49,6,3,1,5,33,46,42,17,59,58,59,38,4,2,2,7,54,78,69,26,89,86,83,49,5,3,1,4,29,32,37,14,52,48,44,27,3,2,1.5,5.12,35.62,47.88,46.0,18.0,61.88,59.38,58.12,36.5,4.25,2.38
Asphalt_0cm_S12,2026-04-25T10:01:40.754969,1,3,22,26,29,11,40,37,33,22,3,2,1,4,26,41,35,14,42,42,42,26,3,2,2,6,37,47,48,19,64,61,59,37,5,3,2,6,45,62,56,22,75,72,70,44,5,3,2,6,39,51,52,22,74,72,75,49,6,3,1,5,33,46,42,17,59,58,59,38,4,2,2,7,54,78,69,26,89,86,83,49,5,3,1,4,29,32,37,14,52,48,44,27,3,2,1.5,5.12,35.62,47.88,46.0,18.12,61.88,59.5,58.12,36.5,4.25,2.5
Asphalt_0cm_S12,2026-04-25T10:01:40.825370,1,3,22,26,29,11,40,37,33,22,3,2,1,4,26,40,35,14,42,42,42,26,3,2,2,6,37,47,48,19,64,61,59,37,5,3,2,6,45,62,56,22,75,72,70,44,5,3,2,6,39,51,52,22,74,72,75,49,6,3,1,5,33,46,42,17,59,58,59,38,4,2,2,7,54,78,69,26,89,86,83,49,5,3,1,4,29,32,37,14,52,48,44,27,3,2,1.5,5.12,35.62,47.75,46.0,18.12,61.88,59.5,58.12,36.5,4.25,2.5
Asphalt_0cm_S12,2026-04-25T10:01:40.945888,1,3,22,26,29,10,40,37,34,22,3,1,1,4,26,40,35,14,42,42,42,26,3,2,2,6,37,47,48,19,64,61,59,37,5,3,2,6,45,62,56,22,75,72,70,44,5,3,2,6,39,51,52,22,74,72,75,49,6,3,1,5,33,46,42,17,59,58,59,38,4,2,2,7,54,78,69,26,89,86,83,49,5,4,1,4,29,31,37,14,52,48,44,27,3,2,1.5,5.12,35.62,47.62,46.0,18.0,61.88,59.5,58.25,36.5,4.25,2.5
Asphalt_0cm_S12,2026-04-25T10:01:41.056988,1,3,22,26,29,10,40,37,34,22,3,1,1,4,26,40,35,14,42,42,42,26,3,2,2,6,37,47,48,19,64,61,59,37,5,3,2,6,45,62,56,22,75,72,70,44,5,3,2,6,39,51,52,22,74,72,75,49,6,3,1,5,34,46,42,17,59,58,59,38,4,2,2,7,54,78,69,26,89,86,83,50,5,4,1,4,29,32,37,14,52,48,44,27,3,2,1.5,5.12,35.75,47.75,46.0,18.0,61.88,59.5,58.25,36.62,4.25,2.5
Asphalt_0cm_S12,2026-04-25T10:01:41.128091,1,3,22,26,29,10,40,37,34,22,3,1,1,4,26,40,35,14,42,42,42,26,3,2,2,6,37,47,48,19,64,61,59,37,5,3,2,6,45,62,56,22,75,72,70,44,5,3,2,6,39,51,52,22,74,72,75,49,6,3,1,5,34,46,42,17,59,58,59,38,4,2,2,7,54,78,69,26,89,86,83,50,5,4,1,4,29,32,37,14,52,48,44,27,3,2,1.5,5.12,35.75,47.75,46.0,18.0,61.88,59.5,58.25,36.62,4.25,2.5
Asphalt_0cm_S12,2026-04-25T10:01:41.197392,1,3,22,26,29,10,40,37,34,22,3,1,1,4,26,40,35,14,42,42,42,26,3,2,2,6,37,47,48,19,64,61,59,37,5,3,2,6,45,62,56,22,75,72,70,44,5,3,2,6,39,51,52,22,74,72,75,50,6,3,1,5,34,46,42,17,59,58,59,38,4,2,2,7,54,78,68,26,89,86,83,50,5,4,1,4,29,32,37,14,52,48,44,27,3,2,1.5,5.12,35.75,47.75,45.88,18.0,61.88,59.5,58.25,36.75,4.25,2.5
Asphalt_0cm_S12,2026-04-25T10:01:41.268899,1,3,22,26,29,11,40,37,33,22,3,2,1,4,26,40,35,14,42,42,42,26,3,2,2,5,37,47,48,19,64,61,59,37,5,2,2,6,45,62,56,22,75,72,70,44,5,3,2,6,39,51,52,22,74,72,75,50,6,3,1,5,34,46,42,17,59,58,59,38,4,2,2,7,54,78,68,26,89,86,83,50,5,4,1,4,29,32,37,14,52,48,44,27,3,2,1.5,5.0,35.75,47.75,45.88,18.12,61.88,59.5,58.12,36.75,4.25,2.5
Asphalt_0cm_S12,2026-04-25T10:01:41.372049,1,3,22,26,29,11,40,37,33,22,3,2,1,4,26,40,35,14,42,42,42,26,3,2,2,5,37,47,48,19,64,61,59,37,5,2,2,6,45,62,56,22,75,72,70,44,5,3,2,6,39,51,52,22,74,72,75,49,6,3,1,5,33,46,42,17,59,57,59,38,4,2,2,7,54,78,68,26,89,86,83,49,5,4,1,4,29,32,37,15,52,48,44,27,3,2,1.5,5.0,35.62,47.75,45.88,18.25,61.88,59.38,58.12,36.5,4.25,2.5
Asphalt_0cm_S12,2026-04-25T10:01:41.447182,1,3,22,26,29,11,40,36,34,22,3,1,1,4,26,40,34,14,42,42,42,26,3,2,2,5,37,47,47,19,64,62,59,37,5,3,2,6,45,62,56,22,75,72,70,44,5,3,2,6,39,51,52,22,74,72,75,49,6,3,1,5,33,46,42,17,59,57,59,38,4,2,2,7,54,78,68,26,89,86,83,49,5,4,1,4,29,32,37,15,52,48,44,27,3,2,1.5,5.0,35.62,47.75,45.62,18.25,61.88,59.38,58.25,36.5,4.25,2.5
Asphalt_0cm_S12,2026-04-25T10:01:41.519388,1,3,22,26,29,11,40,36,34,22,3,1,1,4,26,40,34,14,42,42,42,26,3,2,2,5,37,47,47,19,64,62,59,37,5,3,2,6,45,62,56,22,75,72,70,44,5,3,2,6,39,51,52,22,74,72,75,50,6,3,1,5,34,46,42,17,59,58,59,38,4,2,2,7,54,78,69,26,89,86,83,50,5,4,1,4,29,32,37,14,52,48,44,27,3,2,1.5,5.0,35.75,47.75,45.75,18.12,61.88,59.5,58.25,36.75,4.25,2.5
Asphalt_0cm_S12,2026-04-25T10:01:41.611458,1,3,22,26,29,10,40,37,33,22,3,2,1,4,26,40,35,14,42,42,42,26,3,2,2,6,37,47,48,19,64,62,59,37,5,3,2,6,45,62,56,22,75,72,70,44,5,3,2,6,39,51,52,22,74,72,75,50,6,3,1,5,34,46,42,17,59,58,59,38,4,2,2,7,54,78,69,26,89,86,83,50,5,4,1,4,29,32,37,14,52,48,44,27,3,2,1.5,5.12,35.75,47.75,46.0,18.0,61.88,59.62,58.12,36.75,4.25,2.62
Asphalt_0cm_S12,2026-04-25T10:01:41.681058,1,3,22,26,29,10,40,37,33,22,3,2,1,4,26,40,35,14,42,42,42,26,3,2,2,6,37,47,48,19,64,62,59,37,5,3,2,6,45,62,56,22,75,72,70,44,5,3,2,6,39,51,52,22,74,72,75,49,6,3,1,5,33,46,42,17,59,58,59,38,4,2,2,7,54,78,69,26,89,86,83,49,5,4,1,4,29,32,37,14,52,48,44,27,3,2,1.5,5.12,35.62,47.75,46.0,18.0,61.88,59.62,58.12,36.5,4.25,2.62
Asphalt_0cm_S12,2026-04-25T10:01:41.755640,1,3,22,26,29,11,40,37,33,22,3,1,1,4,26,40,34,14,42,42,42,26,3,2,2,6,37,47,48,19,64,62,59,37,5,3,2,6,45,62,56,22,75,72,70,44,5,3,2,6,39,51,52,22,74,72,75,49,6,3,1,5,33,46,42,17,59,58,59,38,4,2,2,7,54,78,69,26,89,86,83,49,5,4,1,4,29,32,37,14,52,48,44,27,3,2,1.5,5.12,35.62,47.75,45.88,18.12,61.88,59.62,58.12,36.5,4.25,2.5
Asphalt_0cm_S12,2026-04-25T10:01:41.826314,1,3,22,26,29,11,40,37,33,22,3,1,1,4,26,40,34,14,42,42,42,26,3,2,2,6,37,47,48,19,64,61,59,37,5,2,2,6,45,62,56,22,75,72,70,45,5,3,2,6,39,51,52,22,74,72,75,49,6,3,1,5,34,46,42,17,59,58,59,38,4,2,2,7,54,78,69,26,89,86,83,50,5,4,1,4,29,32,37,14,52,48,44,27,3,2,1.5,5.12,35.75,47.75,45.88,18.12,61.88,59.5,58.12,36.75,4.25,2.38
Asphalt_0cm_S12,2026-04-25T10:01:41.949819,1,3,22,25,29,10,40,37,33,22,3,1,1,4,26,40,35,14,42,42,42,26,3,2,2,6,37,47,48,19,64,61,59,37,5,2,2,6,45,62,56,22,75,72,70,45,5,3,2,6,39,51,52,22,74,72,75,49,6,3,1,5,34,46,42,17,59,58,59,38,4,2,2,7,54,78,69,26,89,86,83,50,5,4,1,5,29,32,37,14,52,48,44,27,3,2,1.5,5.25,35.75,47.62,46.0,18.0,61.88,59.5,58.12,36.75,4.25,2.38
Asphalt_0cm_S12,2026-04-25T10:01:42.058016,1,3,22,25,29,10,40,37,33,22,3,1,1,4,26,40,35,14,42,42,42,26,3,2,2,5,37,47,48,19,64,61,59,37,5,2,2,6,45,62,56,22,75,72,70,44,5,3,2,6,39,51,52,22,74,72,75,49,6,3,1,5,33,46,42,17,59,58,59,38,4,2,2,7,54,78,68,26,89,86,83,49,5,4,1,4,29,32,37,14,52,48,44,27,3,2,1.5,5.0,35.62,47.62,45.88,18.0,61.88,59.5,58.12,36.5,4.25,2.38
Asphalt_0cm_S12,2026-04-25T10:01:42.130329,1,3,22,25,29,10,40,37,33,22,3,1,1,4,26,40,35,14,42,42,42,26,3,2,2,6,37,47,48,19,64,61,59,37,5,3,1,6,45,62,56,22,75,72,70,44,5,3,2,6,39,51,52,22,74,72,75,50,6,3,1,5,33,46,42,17,59,58,59,38,4,2,2,7,54,78,68,26,89,86,83,49,5,4,1,4,29,32,37,14,52,48,44,27,3,2,1.38,5.12,35.62,47.62,45.88,18.0,61.88,59.5,58.12,36.62,4.25,2.5
Asphalt_0cm_S12,2026-04-25T10:01:42.203477,1,3,22,25,29,10,40,37,33,22,3,1,1,4,26,40,35,14,42,42,42,26,3,2,2,6,37,47,48,19,64,61,59,37,5,3,1,6,45,62,56,22,75,72,70,44,5,3,2,6,39,51,52,22,74,72,75,50,6,3,2,5,33,45,42,17,59,57,59,38,4,2,2,7,54,78,68,26,89,86,83,49,5,4,1,4,29,32,37,14,52,48,44,27,3,2,1.5,5.12,35.62,47.5,45.88,18.0,61.88,59.38,58.12,36.62,4.25,2.5
Asphalt_0cm_S12,2026-04-25T10:01:42.316012,1,3,22,26,29,11,40,37,33,22,3,1,1,4,26,41,35,14,42,42,42,26,3,2,2,6,37,47,48,19,64,61,59,37,5,3,2,6,45,62,56,22,75,72,70,44,5,3,2,6,39,51,52,22,74,72,75,49,6,3,2,5,33,45,42,17,59,57,59,38,4,2,2,7,54,78,68,26,89,86,83,49,5,4,1,4,29,32,37,14,52,48,44,27,3,2,1.62,5.12,35.62,47.75,45.88,18.12,61.88,59.38,58.12,36.5,4.25,2.5
Asphalt_0cm_S12,2026-04-25T10:01:42.391784,1,3,22,26,29,11,40,36,34,22,3,1,1,4,26,41,35,14,42,42,42,26,3,2,2,6,37,47,48,19,64,61,59,37,5,3,2,6,45,62,56,22,75,72,70,44,5,3,2,6,39,51,52,22,74,72,75,49,6,3,1,5,34,46,42,17,59,57,59,38,4,2,2,7,54,78,69,26,89,86,83,50,5,3,1,4,29,32,37,14,52,48,44,27,3,2,1.5,5.12,35.75,47.88,46.0,18.12,61.88,59.25,58.25,36.62,4.25,2.38
Asphalt_0cm_S12,2026-04-25T10:01:42.468591,1,3,22,26,29,11,40,36,34,22,3,1,1,4,26,40,35,14,42,42,42,26,3,2,2,6,37,47,48,19,64,61,59,37,5,3,2,6,45,62,56,22,75,72,70,44,5,3,2,6,39,51,52,22,74,72,75,49,6,3,1,5,34,46,42,17,59,57,59,38,4,2,2,7,54,78,69,26,89,86,83,50,5,3,1,4,29,32,37,14,52,48,44,27,3,2,1.5,5.12,35.75,47.75,46.0,18.12,61.88,59.25,58.25,36.62,4.25,2.38
Asphalt_0cm_S12,2026-04-25T10:01:42.564532,1,3,22,26,29,11,40,36,33,22,3,1,1,4,26,40,35,14,42,42,42,26,3,2,2,6,37,47,48,19,64,61,59,37,5,3,2,6,45,62,56,22,75,72,70,44,5,3,2,6,39,51,52,22,74,72,75,49,6,3,2,5,34,46,42,17,59,58,59,38,4,2,2,7,54,78,69,26,89,86,83,49,5,4,1,4,29,32,37,14,52,48,44,27,3,2,1.62,5.12,35.75,47.75,46.0,18.12,61.88,59.38,58.12,36.5,4.25,2.5
Asphalt_0cm_S12,2026-04-25T10:01:42.639948,1,3,22,26,29,11,40,36,33,22,3,1,1,4,26,41,35,14,42,42,42,26,3,2,2,6,37,47,48,19,64,62,59,37,5,3,1,6,45,62,56,22,75,72,70,44,5,3,2,6,39,51,52,22,74,72,75,49,6,3,2,5,34,46,42,17,59,58,59,38,4,2,2,7,54,78,69,26,89,86,83,49,5,4,1,4,29,32,37,14,52,48,44,27,3,2,1.5,5.12,35.75,47.88,46.0,18.12,61.88,59.5,58.12,36.5,4.25,2.5
Asphalt_0cm_S12,2026-04-25T10:01:42.740576,1,3,22,26,29,10,40,36,33,22,3,1,1,4,26,41,35,14,42,42,42,26,3,2,2,6,37,47,48,19,64,62,59,37,5,3,1,6,45,62,56,22,75,72,70,44,5,3,2,6,39,51,52,22,74,72,75,49,6,3,1,5,34,46,42,17,59,58,59,38,4,2,2,7,54,78,69,26,89,86,83,49,5,4,1,4,29,32,37,15,52,48,44,27,3,2,1.38,5.12,35.75,47.88,46.0,18.12,61.88,59.5,58.12,36.5,4.25,2.5
Asphalt_0cm_S12,2026-04-25T10:01:42.824242,1,3,22,26,29,10,40,36,33,22,3,1,1,4,26,41,35,14,42,42,42,26,3,2,2,6,37,47,48,19,64,61,59,36,5,3,2,6,45,62,56,22,76,72,70,44,5,3,2,6,39,51,52,22,74,73,75,49,6,3,1,5,33,46,42,17,59,57,59,38,4,2,2,7,54,78,69,26,89,86,83,49,5,4,1,4,29,32,37,15,52,48,44,27,3,2,1.5,5.12,35.62,47.88,46.0,18.12,62.0,59.38,58.12,36.38,4.25,2.5
Asphalt_0cm_S12,2026-04-25T10:01:42.933922,1,3,22,26,29,10,40,36,33,22,2,1,1,4,26,40,35,14,42,42,42,26,3,2,2,6,37,47,48,19,64,62,59,37,5,3,2,6,45,62,56,22,76,72,70,44,5,3,2,6,39,51,52,22,74,73,75,49,6,3,1,5,33,46,42,17,59,57,59,38,4,2,2,7,54,78,69,26,89,86,83,49,5,4,1,4,29,32,37,14,52,48,44,27,3,2,1.5,5.12,35.62,47.75,46.0,18.0,62.0,59.5,58.12,36.5,4.12,2.5
Asphalt_0cm_S12,2026-04-25T10:01:43.010591,1,3,22,26,29,10,40,36,33,22,2,1,1,4,26,40,35,14,42,42,42,26,3,2,2,6,37,47,48,19,64,62,59,37,5,3,2,6,45,62,56,22,75,72,70,45,5,3,2,6,39,51,52,22,74,72,75,49,6,3,2,5,34,46,42,17,59,58,59,38,4,2,2,7,54,78,68,26,89,86,83,50,5,4,1,4,29,32,37,14,52,48,44,27,3,2,1.62,5.12,35.75,47.75,45.88,18.0,61.88,59.5,58.12,36.75,4.12,2.5
Asphalt_0cm_S12,2026-04-25T10:01:43.083553,1,3,22,25,29,11,40,37,33,22,3,1,1,4,26,41,35,14,42,42,42,26,3,2,2,6,37,47,48,19,64,62,59,37,5,3,2,6,45,62,56,22,75,72,70,45,5,3,2,6,39,51,52,22,74,72,75,49,6,3,2,5,34,46,42,17,59,58,59,38,4,2,2,7,54,78,68,26,89,86,83,50,5,4,1,4,29,32,37,14,52,48,44,27,3,2,1.62,5.12,35.75,47.75,45.88,18.12,61.88,59.62,58.12,36.75,4.25,2.5
Asphalt_0cm_S12,2026-04-25T10:01:43.179704,1,3,22,25,29,11,40,37,33,22,3,1,1,4,26,41,35,14,42,42,42,26,3,2,2,6,37,47,48,19,64,62,59,37,5,3,1,6,45,62,56,22,76,72,70,44,5,3,2,6,39,51,52,22,74,72,75,49,6,3,1,5,33,46,42,17,59,57,59,38,4,2,2,7,54,78,69,26,89,86,83,50,5,4,1,4,29,32,37,14,52,48,44,27,3,2,1.38,5.12,35.62,47.75,46.0,18.12,62.0,59.5,58.12,36.62,4.25,2.5
Asphalt_0cm_S12,2026-04-25T10:01:43.256857,1,3,22,25,29,11,40,36,33,22,3,1,1,4,26,40,35,14,42,42,42,26,3,2,1,6,37,47,48,19,64,62,59,37,5,3,2,6,45,62,56,22,75,72,70,44,5,3,2,6,39,51,52,22,74,72,75,49,6,3,1,5,33,46,42,17,59,57,59,38,4,2,2,7,54,78,69,26,89,86,83,50,5,4,1,4,29,32,37,14,52,48,44,27,3,2,1.38,5.12,35.62,47.62,46.0,18.12,61.88,59.38,58.12,36.62,4.25,2.5
Asphalt_0cm_S12,2026-04-25T10:01:43.329843,1,3,22,25,29,11,40,36,33,22,3,1,1,4,26,40,35,14,42,42,42,26,3,2,1,6,37,47,48,19,64,62,59,37,5,3,2,6,45,62,56,22,75,72,70,44,5,3,2,6,39,51,52,22,74,72,75,49,6,3,1,5,34,46,42,17,59,58,59,38,4,2,2,7,54,78,69,26,89,86,83,50,5,3,1,4,29,32,37,14,52,48,44,27,3,2,1.38,5.12,35.75,47.62,46.0,18.12,61.88,59.5,58.12,36.62,4.25,2.38
Asphalt_0cm_S12,2026-04-25T10:01:43.434378,1,3,22,26,29,10,40,36,33,22,3,1,1,4,26,40,35,14,42,42,42,26,3,2,2,6,37,47,48,19,64,61,59,37,5,3,2,6,45,62,56,22,75,72,70,44,5,3,2,6,39,51,52,22,74,72,75,49,6,3,1,5,34,46,42,17,59,58,59,38,4,2,2,7,54,78,69,26,89,86,83,50,5,3,1,4,29,32,37,14,52,48,44,27,3,2,1.5,5.12,35.75,47.75,46.0,18.0,61.88,59.38,58.12,36.62,4.25,2.38
Asphalt_0cm_S12,2026-04-25T10:01:43.506561,1,3,22,26,29,10,40,36,33,22,3,1,1,4,26,40,35,14,42,42,42,26,3,2,2,6,37,47,48,19,64,61,59,37,5,3,2,6,45,62,56,22,75,72,70,44,5,3,2,6,39,51,52,22,74,72,75,50,6,3,1,5,34,46,42,17,59,58,59,38,4,2,2,7,54,78,69,26,89,86,83,50,5,4,1,4,29,32,37,14,52,48,44,27,3,2,1.5,5.12,35.75,47.75,46.0,18.0,61.88,59.38,58.12,36.75,4.25,2.5
Asphalt_0cm_S12,2026-04-25T10:01:43.577991,1,3,22,26,29,10,40,36,33,22,3,1,1,4,26,41,35,14,42,42,42,26,3,2,2,6,37,47,48,19,64,61,59,37,5,3,2,6,45,62,56,22,75,72,70,44,5,3,2,6,39,51,52,22,74,72,75,50,6,3,1,5,34,46,42,17,59,58,59,38,4,2,2,7,54,78,69,26,89,86,83,50,5,4,1,4,29,32,37,14,52,48,44,27,3,2,1.5,5.12,35.75,47.88,46.0,18.0,61.88,59.38,58.12,36.75,4.25,2.5
Asphalt_0cm_S12,2026-04-25T10:01:43.649478,1,3,22,26,29,10,40,36,33,22,3,1,1,4,26,41,35,14,42,42,42,26,3,2,2,6,37,47,48,19,64,61,59,37,5,3,2,6,45,62,56,22,75,72,70,44,5,3,2,6,39,51,52,22,74,72,75,49,6,3,2,5,33,46,42,17,59,58,59,38,4,2,2,7,54,78,69,26,89,86,83,50,5,4,1,4,29,32,37,14,52,48,44,27,3,2,1.62,5.12,35.62,47.88,46.0,18.0,61.88,59.38,58.12,36.62,4.25,2.5
Asphalt_0cm_S12,2026-04-25T10:01:43.749843,1,3,22,26,29,10,40,36,34,22,2,1,1,4,26,40,35,14,42,42,42,26,3,2,2,6,37,47,48,19,64,62,59,37,5,3,2,6,45,62,56,22,75,72,70,44,5,3,2,6,39,51,52,22,74,72,75,49,6,3,2,5,33,46,42,17,59,58,59,38,4,2,2,7,54,78,69,26,89,86,83,50,5,4,1,4,29,32,37,14,52,48,44,27,3,2,1.62,5.12,35.62,47.75,46.0,18.0,61.88,59.5,58.25,36.62,4.12,2.5
Asphalt_0cm_S12,2026-04-25T10:01:43.821705,1,3,22,26,29,10,40,36,34,22,2,1,1,4,26,40,35,14,42,42,42,26,3,2,2,6,37,47,48,19,64,62,59,37,5,3,2,6,45,62,56,22,75,72,70,44,5,3,2,6,39,51,52,22,74,72,75,49,6,3,1,5,34,46,42,17,59,57,59,38,4,2,2,7,54,78,69,26,89,86,83,50,5,3,1,4,29,32,37,14,52,48,44,27,3,2,1.5,5.12,35.75,47.75,46.0,18.0,61.88,59.38,58.25,36.62,4.12,2.38
Asphalt_0cm_S12,2026-04-25T10:01:43.927249,1,3,22,25,29,10,40,37,33,22,3,1,1,4,26,41,35,14,42,42,42,26,3,2,2,6,37,47,48,19,64,61,59,37,5,3,2,6,45,62,56,22,75,72,70,44,5,3,2,6,39,51,52,22,74,72,75,49,6,3,1,5,34,46,42,17,59,57,59,38,4,2,2,7,54,78,69,26,89,86,83,50,5,3,1,4,29,32,37,15,52,48,44,27,3,2,1.5,5.12,35.75,47.75,46.0,18.12,61.88,59.38,58.12,36.62,4.25,2.38
Asphalt_0cm_S12,2026-04-25T10:01:44.004398,1,3,22,25,29,10,40,37,33,22,3,1,1,4,26,41,35,14,42,42,42,26,3,2,2,6,37,47,48,19,64,61,59,37,5,3,2,6,45,62,56,22,75,72,70,44,5,3,2,6,39,51,52,22,74,72,75,49,6,3,2,5,33,46,42,17,59,58,59,39,4,2,2,7,54,78,69,26,89,86,83,50,5,4,1,4,29,32,37,15,52,48,44,27,3,2,1.62,5.12,35.62,47.75,46.0,18.12,61.88,59.5,58.12,36.75,4.25,2.5
Asphalt_0cm_S12,2026-04-25T10:01:44.078494,1,3,22,25,29,11,40,36,33,22,2,1,1,4,26,41,35,14,42,42,42,26,3,2,2,6,37,47,48,19,64,61,59,37,5,3,2,6,45,62,56,22,75,72,70,44,5,3,2,6,39,51,52,22,74,72,75,49,6,3,2,5,33,46,42,17,59,58,59,39,4,2,2,7,54,78,69,26,89,86,83,50,5,4,1,4,29,32,37,15,52,48,44,27,3,2,1.62,5.12,35.62,47.75,46.0,18.25,61.88,59.38,58.12,36.75,4.12,2.5
Asphalt_0cm_S12,2026-04-25T10:01:44.179556,1,3,22,25,29,11,40,36,33,22,2,1,1,4,26,41,35,14,42,42,42,26,3,2,2,5,37,47,48,19,64,61,59,37,5,3,2,6,45,62,56,22,76,72,70,44,5,3,2,6,39,51,52,22,74,72,75,49,6,3,1,5,33,45,42,17,59,58,59,38,4,2,2,7,54,78,69,26,89,86,83,50,5,3,1,4,29,32,37,15,52,48,44,27,3,2,1.5,5.0,35.62,47.62,46.0,18.25,62.0,59.38,58.12,36.62,4.12,2.38
Asphalt_0cm_S12,2026-04-25T10:01:44.254140,1,3,22,25,29,11,40,37,33,22,3,2,1,4,26,41,35,14,42,42,42,26,3,2,2,6,37,47,48,19,64,61,59,37,5,3,2,6,45,62,56,22,75,72,70,44,5,3,2,6,39,51,52,22,74,72,75,49,6,3,1,5,33,45,42,17,59,58,59,38,4,2,2,7,54,78,69,26,89,86,83,50,5,3,1,4,29,32,37,15,52,48,44,27,3,2,1.5,5.12,35.62,47.62,46.0,18.25,61.88,59.5,58.12,36.62,4.25,2.5
Asphalt_0cm_S12,2026-04-25T10:01:44.327714,1,3,22,25,29,11,40,37,33,22,3,2,1,4,26,41,35,14,42,42,42,26,3,2,2,6,37,47,48,19,64,61,59,37,5,3,2,6,45,62,56,22,75,72,70,44,5,3,2,6,39,51,52,22,74,72,75,50,6,3,1,5,33,46,42,17,59,58,59,38,4,2,2,7,54,78,69,26,89,86,83,50,5,4,1,4,29,32,37,14,52,48,44,27,3,2,1.5,5.12,35.62,47.75,46.0,18.12,61.88,59.5,58.12,36.75,4.25,2.62
Asphalt_0cm_S12,2026-04-25T10:01:44.432169,1,3,22,26,29,10,40,37,34,22,3,2,1,4,26,41,35,14,42,42,42,26,3,2,2,6,37,47,48,19,64,62,59,37,5,3,2,6,45,62,56,22,76,72,70,44,5,3,2,6,39,51,52,22,74,72,75,50,6,3,1,5,33,46,42,17,59,58,59,38,4,2,2,7,54,78,69,26,89,86,83,50,5,4,1,4,29,32,37,14,52,48,44,27,3,2,1.5,5.12,35.62,47.88,46.0,18.0,62.0,59.62,58.25,36.75,4.25,2.62
Asphalt_0cm_S12,2026-04-25T10:01:44.514581,1,3,22,26,29,10,40,37,34,22,3,2,1,4,26,41,35,14,42,42,42,26,3,2,2,6,37,47,48,19,64,62,59,37,5,3,2,6,45,62,56,22,76,72,70,44,5,3,2,6,39,51,52,22,74,72,75,50,6,3,1,5,34,46,42,17,59,58,59,38,4,2,2,7,54,78,69,26,89,86,83,49,5,3,1,4,29,32,37,14,52,48,44,27,3,2,1.5,5.12,35.75,47.88,46.0,18.0,62.0,59.62,58.25,36.62,4.25,2.5
Asphalt_0cm_S12,2026-04-25T10:01:44.585949,1,3,22,25,29,11,40,36,33,22,3,1,1,4,26,40,35,14,42,42,42,26,3,2,2,5,37,47,47,19,64,62,59,37,5,3,2,6,45,62,56,22,75,72,70,44,5,3,2,6,39,51,52,22,74,72,75,50,6,3,1,5,34,46,42,17,59,58,59,38,4,2,2,7,54,78,69,26,89,86,83,49,5,3,1,4,29,32,37,14,52,48,44,27,3,2,1.5,5.0,35.75,47.62,45.88,18.12,61.88,59.5,58.12,36.62,4.25,2.38
Asphalt_0cm_S12,2026-04-25T10:01:44.685615,1,3,22,25,29,11,40,36,33,22,3,1,1,4,26,40,35,14,42,42,42,26,3,2,2,5,37,47,47,19,64,62,59,37,5,3,2,6,45,62,56,22,75,72,70,44,5,3,2,6,39,52,52,22,74,72,75,49,6,3,2,5,33,46,42,17,59,58,59,38,4,2,2,7,54,78,69,26,89,86,83,50,5,4,1,4,29,32,37,14,52,48,44,27,3,2,1.62,5.0,35.62,47.75,45.88,18.12,61.88,59.5,58.12,36.62,4.25,2.5
Asphalt_0cm_S12,2026-04-25T10:01:44.757069,1,3,22,26,29,10,40,36,33,22,2,1,1,4,26,41,35,14,42,42,42,26,3,2,2,6,37,47,48,19,64,61,59,37,5,2,2,6,45,62,56,22,76,72,70,44,5,3,2,6,39,52,52,22,74,72,75,49,6,3,2,5,33,46,42,17,59,58,59,38,4,2,2,7,54,78,69,26,89,86,83,50,5,4,1,4,29,32,37,14,52,48,44,27,3,2,1.62,5.12,35.62,48.0,46.0,18.0,62.0,59.38,58.12,36.62,4.12,2.38
Asphalt_0cm_S12,2026-04-25T10:01:44.828035,1,3,22,26,29,10,40,36,33,22,2,1,1,4,26,41,35,14,42,42,42,26,3,2,2,6,37,47,48,19,64,61,59,37,5,2,2,6,45,62,56,22,76,72,70,44,5,3,2,6,39,51,52,22,74,72,75,49,6,3,1,5,33,46,42,17,59,58,59,38,4,2,2,7,54,78,69,26,89,86,83,50,5,4,1,4,29,32,37,15,52,48,44,27,3,2,1.5,5.12,35.62,47.88,46.0,18.12,62.0,59.38,58.12,36.62,4.12,2.38
Asphalt_0cm_S12,2026-04-25T10:01:44.928426,1,3,22,25,29,11,40,37,33,22,3,1,1,4,26,41,35,14,42,42,42,26,3,2,2,5,37,47,48,19,64,61,59,37,5,3,2,6,45,62,56,22,75,72,70,44,5,3,2,6,39,51,52,22,74,72,75,49,6,3,1,5,33,46,42,17,59,58,59,38,4,2,2,7,54,78,69,26,89,86,83,50,5,4,1,4,29,32,37,15,52,48,44,27,3,2,1.5,5.0,35.62,47.75,46.0,18.25,61.88,59.5,58.12,36.62,4.25,2.5
Asphalt_0cm_S12,2026-04-25T10:01:45.003015,1,3,22,25,29,11,40,37,33,22,3,1,1,4,26,41,35,14,42,42,42,26,3,2,2,5,37,47,48,19,64,61,59,37,5,3,2,6,45,62,56,22,75,72,70,44,5,3,2,6,39,51,52,22,74,72,75,49,6,3,2,5,33,46,42,17,59,58,59,38,4,2,2,7,54,78,69,26,89,86,83,50,5,4,1,4,29,32,37,14,52,48,44,27,3,2,1.62,5.0,35.62,47.75,46.0,18.12,61.88,59.5,58.12,36.62,4.25,2.5
Asphalt_0cm_S12,2026-04-25T10:01:45.076797,1,3,22,26,29,10,40,37,33,22,3,1,1,4,26,41,35,14,42,42,42,26,3,2,2,6,37,47,48,19,64,62,59,37,5,3,2,6,45,62,56,22,75,72,70,44,5,3,2,6,39,51,52,22,74,72,75,49,6,3,2,5,33,46,42,17,59,58,59,38,4,2,2,7,54,78,69,26,89,86,83,50,5,4,1,4,29,32,37,14,52,48,44,27,3,2,1.62,5.12,35.62,47.88,46.0,18.0,61.88,59.62,58.12,36.62,4.25,2.5
Asphalt_0cm_S12,2026-04-25T10:01:45.183692,1,3,22,26,29,10,40,37,33,22,3,1,1,4,26,41,35,14,42,42,42,26,3,2,2,6,37,47,48,19,64,62,59,37,5,3,1,6,45,62,56,22,76,72,70,44,5,3,2,6,39,51,52,22,74,72,75,50,6,3,1,5,33,46,42,17,59,57,59,38,4,2,2,7,54,78,69,26,89,86,83,49,5,4,1,4,29,32,37,14,52,48,44,27,3,2,1.38,5.12,35.62,47.88,46.0,18.0,62.0,59.5,58.12,36.62,4.25,2.5
Asphalt_0cm_S12,2026-04-25T10:01:45.259354,1,3,22,26,29,10,40,37,34,22,3,1,1,4,26,41,35,14,42,42,42,26,3,2,2,6,37,47,48,19,64,62,59,37,5,3,2,6,45,62,56,22,75,72,70,44,5,3,2,6,39,51,52,22,74,72,75,50,6,3,1,5,33,46,42,17,59,57,59,38,4,2,2,7,54,78,69,26,89,86,83,49,5,4,1,4,29,32,37,14,52,48,44,27,3,2,1.5,5.12,35.62,47.88,46.0,18.0,61.88,59.5,58.25,36.62,4.25,2.5
Asphalt_0cm_S12,2026-04-25T10:01:45.334064,1,3,22,26,29,10,40,37,34,22,3,1,1,4,26,41,35,14,42,42,42,26,3,2,2,6,37,47,48,19,64,62,59,37,5,3,2,6,45,62,56,22,75,72,70,44,5,3,2,6,39,51,52,22,74,72,75,49,6,3,1,5,34,46,42,17,59,58,59,38,4,2,2,7,54,78,69,26,89,86,83,50,5,4,1,4,29,32,37,14,52,48,44,27,3,2,1.5,5.12,35.75,47.88,46.0,18.0,61.88,59.62,58.25,36.62,4.25,2.5
Asphalt_0cm_S12,2026-04-25T10:01:45.432524,1,3,22,26,29,11,40,37,33,22,3,1,1,4,26,40,35,14,42,42,42,26,3,2,2,6,37,47,48,19,64,61,59,37,5,3,2,6,45,62,56,22,75,72,70,44,5,3,2,6,39,51,52,22,74,72,75,50,6,3,1,5,34,46,42,17,59,58,59,38,4,2,2,7,54,78,69,26,89,86,83,50,5,4,1,4,29,32,37,14,52,48,44,27,3,2,1.5,5.12,35.75,47.75,46.0,18.12,61.88,59.5,58.12,36.75,4.25,2.5
Asphalt_0cm_S12,2026-04-25T10:01:45.504768,1,3,22,26,29,11,40,37,33,22,3,1,1,4,26,40,35,14,42,42,42,26,3,2,2,6,37,47,48,19,64,61,59,37,5,3,2,6,45,62,56,22,75,72,70,44,5,3,2,6,39,51,52,22,74,72,75,50,6,3,1,5,33,46,42,17,59,58,59,39,4,2,2,7,54,78,69,26,89,86,83,50,5,4,1,4,29,32,37,15,52,48,44,27,3,2,1.5,5.12,35.62,47.75,46.0,18.25,61.88,59.5,58.12,36.88,4.25,2.5
Asphalt_0cm_S12,2026-04-25T10:01:45.578447,1,3,22,26,29,11,40,37,34,22,2,1,1,4,26,40,35,14,42,42,42,26,3,2,2,6,37,47,48,19,64,61,59,37,5,3,2,6,45,62,56,22,75,72,70,44,5,3,2,6,39,51,52,22,74,72,75,50,6,3,1,5,33,46,42,17,59,58,59,39,4,2,2,7,54,78,69,26,89,86,83,50,5,4,1,4,29,32,37,15,52,48,44,27,3,2,1.5,5.12,35.62,47.75,46.0,18.25,61.88,59.5,58.25,36.88,4.12,2.5
Asphalt_0cm_S12,2026-04-25T10:01:45.648120,1,3,22,26,29,11,40,37,34,22,2,1,1,4,26,40,35,14,42,42,42,26,3,2,2,6,37,47,48,19,64,61,59,37,5,3,2,6,45,62,56,22,75,72,70,44,5,3,2,6,39,51,52,22,74,73,75,49,6,3,1,5,34,46,42,17,59,58,59,38,4,2,2,7,54,78,69,26,89,86,83,50,5,4,1,4,29,32,37,14,52,48,44,27,3,2,1.5,5.12,35.75,47.75,46.0,18.12,61.88,59.62,58.25,36.62,4.12,2.5
Asphalt_0cm_S12,2026-04-25T10:01:45.750785,1,3,22,25,29,10,40,37,33,22,3,2,1,4,26,40,35,14,42,42,42,26,3,2,2,6,37,47,48,19,64,62,59,37,5,3,2,6,45,62,56,22,75,72,70,44,5,3,2,6,39,51,52,22,74,73,75,49,6,3,1,5,34,46,42,17,59,58,59,38,4,2,2,7,54,78,69,26,89,86,83,50,5,4,1,4,29,32,37,14,52,48,44,27,3,2,1.5,5.12,35.75,47.62,46.0,18.0,61.88,59.75,58.12,36.62,4.25,2.62
Asphalt_0cm_S12,2026-04-25T10:01:45.838063,1,3,22,25,29,10,40,37,33,22,3,2,1,4,26,40,35,14,42,42,42,26,3,2,2,6,37,47,48,19,64,62,59,37,5,3,2,6,45,62,56,22,75,72,70,44,5,3,2,6,39,51,52,22,74,72,75,49,6,3,2,5,33,46,42,17,59,58,59,38,4,2,2,7,54,78,69,26,89,86,83,50,5,4,1,4,29,32,37,14,52,48,44,27,3,2,1.62,5.12,35.62,47.62,46.0,18.0,61.88,59.62,58.12,36.62,4.25,2.62
Asphalt_0cm_S12,2026-04-25T10:01:45.940640,1,3,22,26,29,11,40,37,33,22,3,1,1,4,26,40,35,14,42,42,42,26,3,2,2,6,37,47,48,19,64,62,59,37,5,3,2,6,45,62,56,22,75,72,70,44,5,3,2,6,39,51,53,22,74,72,75,49,6,3,2,5,33,45,42,17,59,58,59,38,4,2,2,7,54,78,69,26,89,86,83,50,5,4,1,4,29,32,37,14,52,48,44,27,3,2,1.62,5.12,35.62,47.62,46.12,18.12,61.88,59.62,58.12,36.62,4.25,2.5
Asphalt_0cm_S12,2026-04-25T10:01:46.023506,1,3,22,26,29,10,40,37,34,22,2,1,1,4,26,40,35,14,42,42,42,26,3,2,2,6,37,47,48,19,64,62,59,37,5,3,2,6,45,62,56,22,75,72,70,44,5,3,2,6,39,51,53,22,74,72,75,49,6,3,2,5,33,45,42,17,59,58,59,38,4,2,2,7,54,78,68,26,89,86,83,50,5,4,1,4,29,32,37,14,52,48,44,27,3,2,1.62,5.12,35.62,47.62,46.0,18.0,61.88,59.62,58.25,36.62,4.12,2.5
Asphalt_0cm_S12,2026-04-25T10:01:46.130844,1,3,22,26,29,10,40,37,34,22,2,1,1,4,26,41,35,14,42,42,42,26,3,2,2,6,37,47,48,19,64,61,59,37,5,3,2,6,45,62,56,22,76,72,70,44,5,3,2,6,39,51,52,22,74,72,75,49,6,3,1,5,33,46,42,17,59,58,59,38,4,2,2,7,54,78,69,26,89,86,83,49,5,4,1,4,29,32,37,15,52,48,44,27,3,2,1.5,5.12,35.62,47.88,46.0,18.12,62.0,59.5,58.25,36.5,4.12,2.5
Asphalt_0cm_S12,2026-04-25T10:01:46.204133,1,3,22,26,29,11,40,37,34,22,3,1,1,4,26,40,35,14,42,42,42,26,3,2,2,6,37,47,48,19,64,61,59,37,5,3,2,6,45,62,56,22,76,72,70,44,5,3,2,6,39,51,52,22,74,72,75,49,6,3,1,5,33,46,42,17,59,58,59,38,4,2,2,7,54,78,69,26,89,86,83,49,5,4,1,4,29,32,37,15,52,48,44,27,3,2,1.5,5.12,35.62,47.75,46.0,18.25,62.0,59.5,58.25,36.5,4.25,2.5
Asphalt_0cm_S12,2026-04-25T10:01:46.275196,1,3,22,26,29,11,40,37,34,22,3,1,1,4,26,40,35,14,42,42,42,26,3,2,2,5,37,47,48,19,64,61,59,37,5,3,2,6,45,62,56,22,75,72,70,44,5,3,2,6,39,51,52,22,74,72,75,49,6,3,1,5,33,46,42,17,59,57,59,38,4,2,2,7,54,78,69,26,89,86,83,50,5,4,1,4,29,32,37,15,52,48,44,27,3,2,1.5,5.0,35.62,47.75,46.0,18.25,61.88,59.38,58.25,36.62,4.25,2.5
Asphalt_0cm_S12,2026-04-25T10:01:46.348503,1,3,22,26,29,11,40,37,34,22,3,1,1,4,26,40,35,14,42,42,42,26,3,2,2,5,37,47,48,19,64,61,59,37,5,3,2,6,45,62,56,22,75,72,70,44,5,3,2,6,39,51,52,22,74,72,75,49,6,3,1,5,33,46,42,17,59,57,59,38,4,2,2,7,54,78,69,26,89,86,83,50,5,4,1,4,29,32,37,14,52,48,44,27,3,2,1.5,5.0,35.62,47.75,46.0,18.12,61.88,59.38,58.25,36.62,4.25,2.5
Asphalt_0cm_S12,2026-04-25T10:01:46.468260,1,3,22,26,29,11,40,37,33,22,3,1,1,4,26,41,35,14,42,42,42,26,3,2,2,5,37,47,48,19,64,61,59,37,5,3,1,6,45,62,56,22,76,72,70,44,5,3,2,6,39,52,52,22,74,72,75,50,6,3,1,5,33,46,42,17,59,57,59,38,4,2,2,7,54,78,69,26,89,86,83,50,5,4,1,4,29,32,37,14,52,48,44,27,3,2,1.38,5.0,35.62,48.0,46.0,18.12,62.0,59.38,58.12,36.75,4.25,2.5
Asphalt_0cm_S12,2026-04-25T10:01:46.575915,1,3,22,25,29,10,40,37,33,22,3,1,1,4,26,40,35,14,42,42,42,26,3,2,2,6,37,47,48,19,64,62,59,37,5,3,2,6,45,62,56,22,75,72,70,44,5,3,2,6,39,51,52,22,74,72,75,49,6,3,1,5,33,46,42,17,59,57,59,38,4,2,2,7,54,78,69,26,89,86,83,50,5,4,1,4,29,32,37,14,52,48,44,27,3,2,1.5,5.12,35.62,47.62,46.0,18.0,61.88,59.5,58.12,36.62,4.25,2.5
Asphalt_0cm_S12,2026-04-25T10:01:46.662468,1,3,22,25,29,10,40,37,33,22,3,1,1,4,26,40,35,14,42,42,42,26,3,2,2,6,37,47,48,19,64,62,59,37,5,3,2,6,45,62,56,22,75,72,70,44,5,3,2,6,39,51,52,22,74,72,75,49,6,3,1,5,33,46,42,17,59,58,59,38,4,2,2,7,54,78,69,26,89,86,83,50,5,4,1,4,29,32,37,14,52,48,44,27,3,2,1.5,5.12,35.62,47.62,46.0,18.0,61.88,59.62,58.12,36.62,4.25,2.5
Asphalt_0cm_S12,2026-04-25T10:01:46.766160,1,3,22,25,29,10,40,37,33,22,2,1,1,4,26,40,35,14,42,42,42,26,3,2,2,6,37,47,48,19,64,61,59,37,5,3,2,6,45,62,56,22,76,72,70,44,5,3,2,6,39,51,52,22,74,72,74,49,6,3,1,5,33,46,42,17,59,58,59,38,4,2,2,7,54,78,69,26,89,86,83,50,5,4,1,4,29,32,37,14,52,48,44,27,3,2,1.5,5.12,35.62,47.62,46.0,18.0,62.0,59.5,58.0,36.62,4.12,2.5
Asphalt_0cm_S12,2026-04-25T10:01:46.850667,1,3,22,26,29,11,40,37,33,22,2,1,1,4,26,40,35,14,42,42,42,26,3,2,2,6,37,47,48,19,64,61,59,37,5,3,2,6,45,62,56,22,76,72,70,44,5,3,2,6,39,51,52,22,74,72,74,49,6,3,1,5,33,46,42,17,59,58,59,38,4,2,2,7,54,78,69,26,89,86,83,50,5,4,1,4,29,32,37,14,52,48,44,27,3,2,1.5,5.12,35.62,47.75,46.0,18.12,62.0,59.5,58.0,36.62,4.12,2.5
Asphalt_0cm_S12,2026-04-25T10:01:46.937630,1,3,22,26,29,11,40,37,33,22,2,1,1,4,26,40,35,14,42,42,42,26,3,2,2,6,37,47,48,19,64,61,59,37,5,3,2,6,45,62,56,22,75,72,70,44,5,3,2,6,39,51,52,22,74,72,75,49,6,3,2,5,34,46,42,17,59,58,59,38,4,2,2,7,54,78,68,26,89,86,83,49,5,4,1,4,29,32,37,14,52,48,44,27,3,2,1.62,5.12,35.75,47.75,45.88,18.12,61.88,59.5,58.12,36.5,4.12,2.5
Asphalt_0cm_S12,2026-04-25T10:01:47.014195,1,3,22,26,29,10,40,37,33,22,3,2,1,4,26,40,35,14,42,42,42,26,3,2,2,6,37,47,48,19,64,61,59,37,5,3,2,6,45,62,56,22,75,72,70,44,5,3,2,6,39,51,52,22,74,72,75,49,6,3,2,5,34,46,42,17,59,58,59,38,4,2,2,7,54,78,68,26,89,86,83,49,5,4,1,4,29,32,37,14,52,48,44,27,3,2,1.62,5.12,35.75,47.75,45.88,18.0,61.88,59.5,58.12,36.5,4.25,2.62
Asphalt_0cm_S12,2026-04-25T10:01:47.085326,1,3,22,26,29,10,40,37,33,22,3,2,1,4,26,40,35,14,42,42,42,26,3,2,2,5,37,47,48,19,64,62,59,37,5,3,2,6,45,62,56,22,75,72,70,44,5,3,2,6,39,51,52,22,74,72,75,49,6,3,1,5,33,46,42,17,59,58,59,38,4,2,2,7,54,78,68,26,89,86,83,49,5,4,1,4,29,32,37,14,52,48,44,27,3,2,1.5,5.0,35.62,47.75,45.88,18.0,61.88,59.62,58.12,36.5,4.25,2.62
Asphalt_0cm_S12,2026-04-25T10:01:47.158196,1,3,22,26,29,10,40,37,33,22,3,2,1,4,26,40,35,14,42,42,42,26,3,2,2,5,37,47,48,19,64,62,59,37,5,3,2,6,45,62,56,22,75,72,70,44,5,3,2,6,39,51,52,22,74,72,75,49,6,3,1,5,33,46,42,17,59,58,59,38,4,2,2,7,54,78,69,26,89,86,83,49,5,4,1,4,29,32,37,14,52,48,44,27,3,2,1.5,5.0,35.62,47.75,46.0,18.0,61.88,59.62,58.12,36.5,4.25,2.62
Asphalt_0cm_S12,2026-04-25T10:01:47.257661,1,3,22,26,29,11,40,37,33,21,3,2,1,4,26,40,34,14,42,42,42,26,3,2,2,6,37,47,48,19,64,62,59,37,5,3,2,6,45,62,56,22,76,72,70,44,5,3,2,6,39,51,52,22,74,72,75,49,6,3,1,5,34,46,42,17,59,58,59,38,4,2,2,7,54,78,69,26,89,86,83,49,5,4,1,4,29,32,37,14,52,48,44,27,3,2,1.5,5.12,35.75,47.75,45.88,18.12,62.0,59.62,58.12,36.38,4.25,2.62
Asphalt_0cm_S12,2026-04-25T10:01:47.329644,1,3,22,25,29,11,40,36,33,22,3,1,1,4,26,40,34,14,42,42,42,26,3,2,2,6,37,47,48,19,64,62,59,37,5,3,2,6,45,62,56,22,76,72,70,44,5,3,2,6,39,51,52,22,74,72,75,49,6,3,1,5,34,46,42,17,59,58,59,38,4,2,2,7,54,78,69,26,89,86,83,49,5,4,1,4,29,32,37,15,52,48,44,27,3,2,1.5,5.12,35.75,47.62,45.88,18.25,62.0,59.5,58.12,36.5,4.25,2.5
Asphalt_0cm_S12,2026-04-25T10:01:47.401999,1,3,22,25,29,11,40,36,33,22,3,1,1,4,26,41,35,14,42,42,42,26,3,2,2,6,37,47,47,19,64,61,59,37,5,3,2,6,45,62,56,22,75,72,70,44,5,3,2,6,39,51,52,22,74,72,75,49,6,3,1,5,34,46,42,17,59,58,59,38,4,2,2,7,54,78,69,26,89,86,83,49,5,4,1,4,29,32,37,15,52,48,44,27,3,2,1.5,5.12,35.75,47.75,45.88,18.25,61.88,59.38,58.12,36.5,4.25,2.5
Asphalt_0cm_S12,2026-04-25T10:01:47.473952,1,3,22,25,29,11,40,36,33,22,3,1,1,4,26,41,35,14,42,42,42,26,3,2,2,6,37,47,47,19,64,61,59,37,5,3,2,6,45,62,56,22,75,72,70,44,5,3,2,6,39,51,52,22,74,72,75,49,6,3,1,5,34,46,42,17,59,58,59,38,4,2,2,7,54,78,69,26,89,86,83,50,5,4,1,4,29,32,37,14,52,48,44,27,3,2,1.5,5.12,35.75,47.75,45.88,18.12,61.88,59.38,58.12,36.62,4.25,2.5
Asphalt_0cm_S12,2026-04-25T10:01:47.576821,1,3,22,26,29,11,40,37,33,22,3,1,1,4,26,41,35,14,42,42,42,26,3,2,2,6,37,47,48,19,64,62,59,37,5,3,2,6,46,62,56,22,75,72,70,44,5,3,2,6,39,51,52,22,74,72,75,49,6,3,1,5,34,46,42,17,59,58,59,38,4,2,2,7,54,78,69,26,89,86,83,50,5,4,1,4,29,32,37,14,52,48,44,27,3,2,1.5,5.12,35.88,47.88,46.0,18.12,61.88,59.62,58.12,36.62,4.25,2.5
Asphalt_0cm_S12,2026-04-25T10:01:47.659488,1,3,22,26,29,11,40,37,33,22,3,1,1,4,26,41,35,14,42,42,42,26,3,2,2,6,37,47,48,19,64,62,59,37,5,3,2,6,46,62,56,22,75,72,70,44,5,3,2,6,39,51,52,22,74,72,75,49,6,3,1,5,33,46,42,17,59,58,59,38,4,2,2,7,54,78,68,26,89,86,83,49,5,4,1,4,29,32,37,14,52,48,44,27,3,2,1.5,5.12,35.75,47.88,45.88,18.12,61.88,59.62,58.12,36.5,4.25,2.5
Asphalt_0cm_S12,2026-04-25T10:01:47.766875,1,3,22,26,29,11,40,36,33,22,2,1,1,4,26,40,35,14,42,42,42,26,3,2,2,6,37,47,48,19,64,62,59,37,5,3,2,6,45,62,56,22,76,72,70,44,5,3,2,6,39,51,52,22,74,73,75,49,6,3,1,5,34,46,42,17,59,58,59,38,4,2,2,7,54,78,68,26,89,86,83,49,5,4,1,4,29,32,37,14,52,48,44,27,3,2,1.5,5.12,35.75,47.75,45.88,18.12,62.0,59.62,58.12,36.5,4.12,2.5
Asphalt_0cm_S12,2026-04-25T10:01:47.841969,1,3,22,26,29,11,40,36,33,22,3,1,1,4,26,40,35,14,42,42,42,26,3,2,2,6,37,47,48,19,64,62,59,37,5,3,2,6,45,62,56,22,76,72,70,44,5,3,2,6,39,51,52,22,74,73,75,49,6,3,1,5,34,46,42,17,59,58,59,38,4,2,2,7,54,78,68,26,89,86,83,49,5,4,1,4,29,32,37,15,52,48,44,27,3,2,1.5,5.12,35.75,47.75,45.88,18.25,62.0,59.62,58.12,36.5,4.25,2.5
Asphalt_0cm_S12,2026-04-25T10:01:47.933084,1,3,22,26,29,11,40,36,33,22,3,1,1,4,26,41,35,14,42,42,42,26,3,2,2,6,37,47,48,19,64,61,59,37,5,3,2,6,45,62,56,22,75,72,70,44,5,3,2,6,39,51,52,22,74,73,75,50,6,3,1,5,34,46,42,17,59,58,59,38,4,2,2,7,54,78,68,26,89,86,83,49,5,4,1,4,29,32,37,15,52,48,44,27,3,2,1.5,5.12,35.75,47.88,45.88,18.25,61.88,59.5,58.12,36.62,4.25,2.5
Asphalt_0cm_S12,2026-04-25T10:01:48.009429,1,3,22,26,29,10,40,36,33,21,3,1,1,4,26,41,35,14,42,42,42,26,3,2,2,6,37,47,48,19,64,61,59,37,5,3,2,6,45,62,56,22,75,72,70,44,5,3,2,6,39,51,52,22,74,73,75,50,6,3,1,5,34,46,42,17,59,58,59,38,4,2,2,7,54,78,68,26,89,86,83,49,5,4,1,4,29,32,37,15,52,48,44,27,3,2,1.5,5.12,35.75,47.88,45.88,18.12,61.88,59.5,58.12,36.5,4.25,2.5
Asphalt_0cm_S12,2026-04-25T10:01:48.078279,1,3,22,26,29,10,40,36,33,21,3,1,1,4,26,41,35,14,42,42,42,26,3,2,2,6,37,47,48,19,64,62,59,37,5,2,2,6,45,62,56,22,75,72,70,44,5,3,2,6,39,51,52,22,74,72,75,49,6,3,1,5,33,46,42,17,59,58,59,38,4,2,2,7,54,78,68,26,89,86,83,49,5,4,1,4,29,32,37,15,52,48,44,27,3,2,1.5,5.12,35.62,47.88,45.88,18.12,61.88,59.5,58.12,36.38,4.25,2.38
Asphalt_0cm_S12,2026-04-25T10:01:48.153525,1,3,22,26,29,10,40,36,33,21,3,1,1,4,26,41,35,14,42,42,42,26,3,2,2,6,37,47,48,19,64,62,59,37,5,2,2,6,45,62,56,22,75,72,70,44,5,3,2,6,39,51,52,22,74,72,75,49,6,3,1,5,33,46,42,17,59,58,59,38,4,2,2,7,54,78,68,26,89,86,83,50,5,4,1,4,29,32,37,14,52,48,44,27,3,2,1.5,5.12,35.62,47.88,45.88,18.0,61.88,59.5,58.12,36.5,4.25,2.38
Asphalt_0cm_S12,2026-04-25T10:01:48.254815,1,3,22,26,29,11,40,37,34,22,3,2,1,4,26,40,35,14,42,42,42,26,3,2,2,5,37,47,48,19,64,62,59,37,5,3,2,6,45,62,56,22,75,72,70,44,5,3,2,6,39,51,52,22,74,72,75,49,6,3,2,5,34,46,42,17,59,58,59,38,4,2,2,7,54,78,68,26,89,86,83,50,5,4,1,4,29,32,37,14,52,48,44,27,3,2,1.62,5.0,35.75,47.75,45.88,18.12,61.88,59.62,58.25,36.62,4.25,2.62
Asphalt_0cm_S12,2026-04-25T10:01:48.328202,1,3,22,26,29,10,40,37,33,22,2,1,1,4,26,40,35,14,42,42,42,26,3,2,2,5,37,47,48,19,64,62,59,37,5,3,2,6,45,62,56,22,75,72,70,44,5,3,2,6,39,51,52,22,74,72,75,49,6,3,2,5,34,46,42,17,59,58,59,38,4,2,2,7,54,78,69,26,89,86,83,50,5,4,1,4,29,32,37,15,52,48,44,27,3,2,1.62,5.0,35.75,47.75,46.0,18.12,61.88,59.62,58.12,36.62,4.12,2.5
Asphalt_0cm_S12,2026-04-25T10:01:48.402441,1,3,22,26,29,10,40,37,33,22,2,1,1,4,26,40,35,14,42,42,42,26,3,2,2,6,37,47,48,19,64,61,59,37,5,3,2,6,45,62,56,22,76,72,70,44,5,3,2,6,39,51,52,22,74,73,75,50,6,3,2,5,34,46,42,17,59,58,59,38,4,2,2,7,54,78,69,26,89,86,83,50,5,4,1,4,29,32,37,15,52,48,44,27,3,2,1.62,5.12,35.75,47.75,46.0,18.12,62.0,59.62,58.12,36.75,4.12,2.5
Asphalt_0cm_S12,2026-04-25T10:01:48.511862,1,3,22,26,29,11,40,36,33,22,3,1,1,4,26,40,35,14,42,42,42,26,3,2,2,6,37,47,48,19,64,61,59,37,5,3,2,6,45,62,56,22,76,72,70,44,5,3,2,6,39,51,52,22,74,73,75,50,6,3,1,5,33,46,42,17,59,58,59,38,4,2,2,7,54,78,68,26,89,86,83,50,5,4,1,4,29,32,37,14,52,48,44,27,3,2,1.5,5.12,35.62,47.75,45.88,18.12,62.0,59.5,58.12,36.75,4.25,2.5
Asphalt_0cm_S12,2026-04-25T10:01:48.586030,1,3,22,26,29,11,40,36,33,22,3,1,1,4,26,40,35,14,42,42,42,26,3,2,2,6,37,47,48,19,64,61,59,37,5,2,2,6,45,62,56,22,75,72,70,44,5,3,2,6,39,51,52,22,74,72,75,49,6,3,1,5,33,46,42,17,59,58,59,38,4,2,2,7,54,78,68,26,89,86,83,50,5,4,1,4,29,32,37,14,52,48,44,27,3,2,1.5,5.12,35.62,47.75,45.88,18.12,61.88,59.38,58.12,36.62,4.25,2.38
Asphalt_0cm_S12,2026-04-25T10:01:48.658314,1,3,22,25,29,10,40,36,33,22,3,2,1,4,26,40,35,14,42,42,42,26,3,2,2,6,37,47,48,19,64,61,59,37,5,2,2,6,45,62,56,22,75,72,70,44,5,3,2,6,39,51,52,22,74,72,75,49,6,3,1,5,33,46,42,17,59,58,59,38,4,2,2,7,54,78,68,26,89,86,83,50,5,4,1,4,29,32,37,15,52,48,44,27,3,2,1.5,5.12,35.62,47.62,45.88,18.12,61.88,59.38,58.12,36.62,4.25,2.5
Asphalt_0cm_S12,2026-04-25T10:01:48.763110,1,3,22,25,29,10,40,36,33,22,3,2,1,4,26,41,35,14,42,42,42,26,3,2,2,6,37,47,48,19,64,62,59,37,5,3,2,6,45,62,56,22,75,72,70,44,5,3,2,6,39,51,52,22,74,72,75,49,6,3,1,5,34,46,42,17,59,58,59,38,4,2,2,7,54,78,68,26,89,86,83,50,5,4,1,4,29,32,37,15,52,48,44,27,3,2,1.5,5.12,35.75,47.75,45.88,18.12,61.88,59.5,58.12,36.62,4.25,2.62
Asphalt_0cm_S12,2026-04-25T10:01:48.835235,1,3,22,26,29,10,40,36,33,22,3,2,1,4,26,41,35,14,42,42,42,26,3,2,2,6,37,47,48,19,64,62,59,37,5,3,2,6,45,62,56,22,75,72,70,44,5,3,2,6,39,51,52,22,74,72,75,49,6,3,1,5,34,46,42,17,59,58,59,38,4,2,2,7,54,78,69,26,89,86,83,50,5,4,1,4,29,32,37,14,52,48,44,27,3,2,1.5,5.12,35.75,47.88,46.0,18.0,61.88,59.5,58.12,36.62,4.25,2.62
Asphalt_0cm_S12,2026-04-25T10:01:48.906873,1,3,22,26,29,10,40,36,33,22,3,2,1,4,26,41,35,14,42,42,42,26,3,2,2,5,37,47,48,19,64,61,59,37,5,3,2,6,45,62,56,22,76,72,70,44,5,3,2,6,39,51,52,22,74,72,75,49,6,3,1,5,34,46,42,17,59,57,59,38,4,2,2,7,54,78,69,26,89,86,83,50,5,4,1,4,29,32,37,14,52,48,44,27,3,2,1.5,5.0,35.75,47.88,46.0,18.0,62.0,59.25,58.12,36.62,4.25,2.62
Asphalt_0cm_S12,2026-04-25T10:01:48.985603,1,3,22,26,29,10,40,36,33,22,3,2,1,4,26,41,35,14,42,42,42,26,3,2,2,5,37,47,48,19,64,61,59,37,5,3,2,6,45,62,56,22,76,72,70,44,5,3,2,6,39,51,52,22,74,72,75,49,6,3,1,5,34,46,42,17,59,57,59,38,4,2,2,7,54,78,69,26,89,86,83,50,5,4,1,4,29,32,37,14,52,48,44,27,3,2,1.5,5.0,35.75,47.88,46.0,18.0,62.0,59.25,58.12,36.62,4.25,2.62
Asphalt_0cm_S12,2026-04-25T10:01:49.080031,1,3,22,25,29,11,40,37,34,22,3,1,1,4,26,40,35,14,42,42,42,26,3,2,2,6,37,47,48,19,64,62,59,37,5,3,2,6,45,62,56,22,75,72,70,44,5,3,2,6,39,51,52,22,74,72,75,49,6,3,1,5,33,46,42,17,59,58,59,38,4,2,2,7,54,78,69,26,89,86,83,50,5,4,1,4,29,32,37,14,52,48,44,27,3,2,1.5,5.12,35.62,47.62,46.0,18.12,61.88,59.62,58.25,36.62,4.25,2.5
Asphalt_0cm_S12,2026-04-25T10:01:49.163242,1,3,22,25,29,11,40,36,33,22,2,1,1,4,26,40,35,14,42,42,42,26,3,2,2,6,37,47,48,19,64,62,59,37,5,3,2,6,45,62,56,22,75,72,70,44,5,3,2,6,39,51,52,22,74,72,75,49,6,3,1,5,33,46,42,17,59,58,59,38,4,2,2,7,54,78,69,26,89,86,83,50,5,4,1,4,29,32,37,14,52,48,44,27,3,2,1.5,5.12,35.62,47.62,46.0,18.12,61.88,59.5,58.12,36.62,4.12,2.5
Asphalt_0cm_S12,2026-04-25T10:01:49.251753,1,3,22,25,29,11,40,36,33,22,2,1,1,4,26,41,35,14,42,42,42,26,3,2,2,6,37,47,48,19,64,61,59,37,5,3,2,6,45,62,56,22,75,71,70,44,5,3,2,6,39,51,52,22,74,72,75,50,6,3,1,5,33,46,42,17,59,57,59,38,4,2,2,7,54,78,69,26,89,86,83,50,5,4,1,4,29,32,37,14,52,48,44,27,3,2,1.5,5.12,35.62,47.75,46.0,18.12,61.88,59.12,58.12,36.75,4.12,2.5
Asphalt_0cm_S12,2026-04-25T10:01:49.327475,1,3,22,25,29,11,40,36,33,22,2,1,1,4,26,41,35,14,42,42,42,26,3,2,2,6,37,47,48,19,64,61,59,37,5,3,2,6,45,62,56,22,75,71,70,44,5,3,2,6,39,51,52,22,74,72,75,50,6,3,1,5,33,46,42,17,59,57,59,38,4,2,2,7,54,78,69,26,89,86,83,49,5,4,1,4,29,32,37,14,52,48,44,27,3,2,1.5,5.12,35.62,47.75,46.0,18.12,61.88,59.12,58.12,36.62,4.12,2.5
Asphalt_0cm_S12,2026-04-25T10:01:49.398311,1,3,22,25,29,11,40,36,33,22,2,1,1,4,26,40,35,14,42,42,42,26,3,2,2,6,37,47,48,19,64,62,59,37,5,3,2,6,45,62,56,22,75,72,70,44,5,3,2,6,39,51,52,22,74,72,75,49,6,3,1,5,33,46,42,17,59,57,59,38,4,2,2,7,54,78,69,26,89,86,83,49,5,4,1,4,29,32,37,14,52,48,44,27,3,2,1.5,5.12,35.62,47.62,46.0,18.12,61.88,59.38,58.12,36.5,4.12,2.5
Asphalt_0cm_S12,2026-04-25T10:01:49.469686,1,3,22,25,29,11,40,36,33,22,2,1,1,4,26,40,35,14,42,42,42,26,3,2,2,6,37,47,48,19,64,62,59,37,5,3,2,6,45,62,56,22,75,72,70,44,5,3,2,6,39,51,52,22,74,72,75,49,6,3,2,5,34,46,42,17,59,58,59,38,4,2,2,7,54,78,69,26,89,86,83,50,5,4,1,4,29,32,37,14,52,48,44,27,3,2,1.62,5.12,35.75,47.62,46.0,18.12,61.88,59.5,58.12,36.62,4.12,2.5
Asphalt_0cm_S12,2026-04-25T10:01:49.574190,1,3,22,26,29,11,40,36,33,21,3,2,1,4,26,40,35,14,42,42,42,26,3,2,2,6,37,47,48,19,64,62,59,37,5,2,1,6,45,62,56,22,76,72,70,44,5,3,2,6,39,51,52,22,74,72,75,49,6,3,2,5,34,46,42,17,59,58,59,38,4,2,2,7,54,78,69,26,89,86,83,50,5,4,1,4,29,32,37,14,52,48,44,27,3,2,1.5,5.12,35.75,47.75,46.0,18.12,62.0,59.5,58.12,36.5,4.25,2.5
Asphalt_0cm_S12,2026-04-25T10:01:49.649314,1,3,22,26,29,11,40,36,33,21,3,2,1,4,26,40,35,14,42,42,42,26,3,2,2,6,37,47,48,19,64,62,59,37,5,2,1,6,45,62,56,22,76,72,70,44,5,3,2,6,39,51,52,22,74,72,75,49,6,3,2,5,34,46,42,17,59,58,59,38,4,2,2,7,54,78,68,26,89,86,83,49,5,4,1,4,29,32,37,14,52,48,44,27,3,2,1.5,5.12,35.75,47.75,45.88,18.12,62.0,59.5,58.12,36.38,4.25,2.5
Asphalt_0cm_S12,2026-04-25T10:01:49.722407,1,3,22,25,29,10,40,36,33,21,3,2,1,4,26,41,35,14,42,42,42,26,3,2,2,6,37,47,48,19,64,61,59,37,5,3,2,6,45,62,56,22,76,72,70,44,5,3,2,6,39,51,52,22,74,72,75,49,6,3,2,5,34,46,42,17,59,58,59,38,4,2,2,7,54,78,68,26,89,86,83,49,5,4,1,4,29,32,37,14,52,48,44,27,3,2,1.62,5.12,35.75,47.75,45.88,18.0,62.0,59.38,58.12,36.38,4.25,2.62
Asphalt_0cm_S12,2026-04-25T10:01:49.827697,1,3,22,26,29,11,40,36,33,22,3,1,1,4,26,41,35,14,42,42,42,26,3,2,2,6,37,47,48,19,64,61,59,37,5,3,2,6,45,62,56,22,76,72,70,44,5,3,2,6,39,51,52,22,74,72,75,49,6,3,1,5,33,46,42,17,59,57,59,38,4,2,2,7,54,78,69,26,89,86,82,50,5,4,1,4,29,32,37,14,52,48,44,27,3,2,1.5,5.12,35.62,47.88,46.0,18.12,62.0,59.25,58.0,36.62,4.25,2.5
Asphalt_0cm_S12,2026-04-25T10:01:49.899228,1,3,22,26,29,11,40,36,33,22,3,1,1,4,26,41,35,14,42,42,42,26,3,2,2,6,37,47,48,19,64,61,59,37,5,3,2,6,45,62,56,22,76,72,70,44,5,3,2,6,39,51,52,22,74,72,75,49,6,3,2,5,33,46,42,17,59,58,59,38,4,2,2,7,54,78,69,26,89,86,82,50,5,4,1,4,29,32,37,14,52,48,44,27,3,2,1.62,5.12,35.62,47.88,46.0,18.12,62.0,59.38,58.0,36.62,4.25,2.5
Asphalt_0cm_S12,2026-04-25T10:01:49.971715,1,3,22,26,29,11,40,36,33,22,3,1,1,4,26,41,35,14,42,42,42,26,3,2,2,6,37,47,48,19,64,61,59,37,5,3,2,6,45,62,56,22,76,72,70,44,5,3,2,6,39,51,52,22,74,72,75,49,6,3,2,5,33,46,42,17,59,58,59,38,4,2,2,7,54,78,69,26,89,86,83,50,5,4,1,4,29,32,37,14,52,48,44,27,3,2,1.62,5.12,35.62,47.88,46.0,18.12,62.0,59.38,58.12,36.62,4.25,2.5
Asphalt_0cm_S12,2026-04-25T10:01:50.079904,1,3,22,26,29,11,40,36,33,22,3,1,1,4,26,41,35,14,42,42,42,26,3,2,2,6,37,47,48,19,64,62,59,37,5,3,2,6,45,62,56,22,76,72,70,44,5,3,2,6,39,51,52,22,74,72,75,49,6,3,2,5,34,46,42,17,59,57,59,38,4,2,2,7,54,78,69,26,89,86,83,50,5,4,1,4,29,32,37,14,52,48,44,27,3,2,1.62,5.12,35.75,47.88,46.0,18.12,62.0,59.38,58.12,36.62,4.25,2.5
Asphalt_0cm_S12,2026-04-25T10:01:50.152430,1,3,22,26,29,11,40,37,33,22,3,1,1,4,26,41,35,14,42,42,42,26,3,2,2,6,37,47,48,19,64,62,59,37,5,3,2,6,45,62,56,22,76,72,70,44,5,3,2,6,39,51,52,22,74,72,75,49,6,3,2,5,34,46,42,17,59,57,59,38,4,2,2,7,54,78,68,26,89,86,83,50,5,4,1,4,29,32,37,14,52,48,44,27,3,2,1.62,5.12,35.75,47.88,45.88,18.12,62.0,59.5,58.12,36.62,4.25,2.5
Asphalt_0cm_S12,2026-04-25T10:01:50.225872,1,3,22,26,29,11,40,37,33,22,3,1,1,4,26,41,35,14,42,42,42,26,3,2,2,6,37,47,48,19,64,61,59,37,5,3,2,6,45,62,56,22,76,72,70,44,5,3,2,6,39,51,52,22,74,72,75,49,6,3,2,5,34,46,42,17,59,57,59,38,4,2,2,7,54,78,68,26,89,86,83,50,5,4,1,4,29,32,37,14,52,48,44,27,3,2,1.62,5.12,35.75,47.88,45.88,18.12,62.0,59.38,58.12,36.62,4.25,2.5
Asphalt_0cm_S12,2026-04-25T10:01:50.335575,1,3,22,26,29,11,40,36,33,22,3,1,1,4,26,41,35,14,42,42,42,26,3,2,2,6,37,47,48,19,64,61,59,37,5,3,2,6,45,62,56,22,76,72,70,44,5,3,2,6,39,51,52,22,74,72,75,49,6,3,1,5,34,46,42,17,59,58,59,38,4,2,2,7,54,78,69,26,89,86,83,49,5,4,1,4,29,32,37,14,52,48,44,27,3,2,1.5,5.12,35.75,47.88,46.0,18.12,62.0,59.38,58.12,36.5,4.25,2.5
Asphalt_0cm_S12,2026-04-25T10:01:50.407693,1,3,22,26,29,11,40,36,33,22,3,1,1,4,26,40,35,14,42,42,42,26,3,2,2,6,37,47,48,19,64,61,59,37,5,2,2,6,46,62,56,22,76,72,70,44,5,3,2,6,39,51,52,22,74,72,75,49,6,3,1,5,34,46,42,17,59,58,59,38,4,2,2,7,54,78,69,26,89,86,83,49,5,4,1,4,29,32,37,14,52,48,44,27,3,2,1.5,5.12,35.88,47.75,46.0,18.12,62.0,59.38,58.12,36.5,4.25,2.38
Asphalt_0cm_S12,2026-04-25T10:01:50.510246,1,3,22,26,29,10,40,37,33,22,3,2,1,4,26,40,35,14,42,42,42,26,3,2,2,6,37,47,48,19,64,61,59,37,5,2,2,6,46,62,56,22,76,72,70,44,5,3,2,6,39,51,52,22,74,72,75,49,6,3,1,5,34,46,42,17,59,58,59,38,4,2,2,7,54,78,69,26,89,86,83,50,5,4,1,4,29,32,37,15,52,48,44,27,3,2,1.5,5.12,35.88,47.75,46.0,18.12,62.0,59.5,58.12,36.62,4.25,2.5
Asphalt_0cm_S12,2026-04-25T10:01:50.582763,1,3,22,26,29,10,40,37,33,22,3,2,1,4,26,40,35,14,42,42,42,26,3,2,2,6,37,47,48,19,64,62,59,37,5,3,2,6,45,62,56,22,75,72,70,45,5,3,2,6,39,51,52,22,74,73,75,49,6,3,1,5,34,46,42,17,59,58,59,38,4,2,2,7,54,78,68,26,89,86,83,50,5,4,1,4,29,32,37,15,52,48,44,27,3,2,1.5,5.12,35.75,47.75,45.88,18.12,61.88,59.75,58.12,36.75,4.25,2.62
Asphalt_0cm_S12,2026-04-25T10:01:50.656849,1,3,22,26,29,10,40,37,33,22,2,1,1,4,26,40,35,14,42,42,42,26,3,2,2,6,37,47,48,19,64,62,59,37,5,3,2,6,45,62,56,22,75,72,70,45,5,3,2,6,39,51,52,22,74,73,75,49,6,3,1,5,34,46,42,17,59,58,59,38,4,2,2,7,54,78,68,26,89,86,83,50,5,4,1,4,29,32,37,15,52,48,44,27,3,2,1.5,5.12,35.75,47.75,45.88,18.12,61.88,59.75,58.12,36.75,4.12,2.5
Asphalt_0cm_S12,2026-04-25T10:01:50.725621,1,3,22,26,29,10,40,37,33,22,2,1,1,4,26,40,35,14,42,42,42,26,3,2,2,6,37,47,48,19,64,62,59,37,5,3,2,6,45,62,56,22,75,72,70,44,5,3,2,6,39,51,52,22,74,72,75,49,6,3,2,5,33,46,42,17,59,58,59,38,4,2,2,7,54,78,68,26,89,86,83,50,5,4,1,4,29,32,37,15,52,48,44,27,3,2,1.62,5.12,35.62,47.75,45.88,18.12,61.88,59.62,58.12,36.62,4.12,2.5
Asphalt_0cm_S12,2026-04-25T10:01:50.797578,1,3,22,26,29,10,40,37,33,22,2,1,1,4,26,40,35,14,42,42,42,26,3,2,2,6,37,47,48,19,64,62,59,37,5,3,2,6,45,62,56,22,75,72,70,44,5,3,2,6,39,51,52,22,74,72,75,49,6,3,2,5,33,46,42,17,59,58,59,38,4,2,2,7,54,78,68,26,89,86,83,50,5,4,1,4,29,32,37,14,52,48,44,27,3,2,1.62,5.12,35.62,47.75,45.88,18.0,61.88,59.62,58.12,36.62,4.12,2.5
Asphalt_0cm_S12,2026-04-25T10:01:50.905856,1,3,22,26,29,10,40,37,33,22,3,1,1,4,26,41,35,14,42,42,42,26,3,2,2,6,37,47,48,19,64,61,59,37,5,3,2,6,45,62,56,22,76,72,70,44,5,3,2,6,39,51,52,22,74,72,75,49,6,3,1,5,34,46,42,17,59,58,59,38,4,2,2,7,54,78,68,26,89,86,83,49,5,4,1,4,29,32,37,14,52,48,44,27,3,2,1.5,5.12,35.75,47.88,45.88,18.0,62.0,59.5,58.12,36.5,4.25,2.5
Asphalt_0cm_S12,2026-04-25T10:01:50.977854,1,3,22,26,29,10,40,37,34,22,3,1,1,4,26,41,35,14,42,42,42,26,3,2,2,6,37,47,48,19,64,61,59,37,5,3,2,6,45,62,56,22,76,72,70,44,5,3,2,6,39,51,52,22,74,72,75,49,6,3,1,5,34,46,42,17,59,58,59,38,4,2,2,7,54,78,68,26,89,86,83,49,5,4,1,4,29,32,37,14,52,48,44,27,3,2,1.5,5.12,35.75,47.88,45.88,18.0,62.0,59.5,58.25,36.5,4.25,2.5
Asphalt_0cm_S12,2026-04-25T10:01:51.050872,1,3,22,26,29,10,40,37,34,22,3,1,1,4,26,40,35,14,42,42,42,26,3,2,2,6,37,47,47,19,64,61,59,37,5,3,2,6,45,62,56,22,76,72,70,44,5,3,2,6,39,51,52,22,74,72,75,49,6,3,1,5,34,46,42,17,59,58,59,38,4,2,2,7,54,78,68,26,89,86,83,49,5,4,1,4,29,32,37,14,52,48,44,27,3,2,1.5,5.12,35.75,47.75,45.75,18.0,62.0,59.5,58.25,36.5,4.25,2.5
Asphalt_0cm_S12,2026-04-25T10:01:51.160480,1,3,22,26,29,10,40,37,34,22,3,2,1,4,26,41,35,14,42,42,42,26,3,2,2,6,37,47,47,19,64,61,59,37,5,3,2,6,45,62,56,22,76,72,70,44,5,3,2,6,39,51,52,22,74,72,75,49,6,3,2,5,34,46,42,17,59,58,59,38,4,2,2,7,54,78,69,26,89,86,83,50,5,4,1,4,29,32,37,14,52,48,44,27,3,2,1.62,5.12,35.75,47.88,45.88,18.0,62.0,59.5,58.25,36.62,4.25,2.62
Asphalt_0cm_S12,2026-04-25T10:01:51.232901,1,3,22,26,29,10,40,37,34,22,3,2,1,4,26,41,35,14,42,42,42,26,3,2,2,6,37,47,48,19,64,61,59,37,5,3,2,6,45,62,56,22,76,72,70,44,5,3,2,6,39,51,52,22,74,72,75,49,6,3,1,5,34,46,42,17,59,58,59,38,4,2,2,7,54,78,68,26,89,86,83,50,5,4,1,4,29,32,37,14,52,48,44,27,3,2,1.5,5.12,35.75,47.88,45.88,18.0,62.0,59.5,58.25,36.62,4.25,2.62
Asphalt_0cm_S12,2026-04-25T10:01:51.305613,1,3,22,25,29,10,40,37,33,22,3,2,1,4,26,41,35,14,42,42,42,26,3,2,2,6,37,47,48,19,64,61,59,37,5,3,2,6,45,62,56,22,76,72,70,44,5,3,2,6,39,51,52,22,74,72,75,49,6,3,1,5,34,46,42,17,59,58,59,38,4,2,2,7,54,78,68,26,89,86,83,50,5,4,1,5,29,32,37,14,52,48,44,27,3,2,1.5,5.25,35.75,47.75,45.88,18.0,62.0,59.5,58.12,36.62,4.25,2.62
Asphalt_0cm_S12,2026-04-25T10:01:51.412854,1,3,22,25,29,10,40,37,33,22,3,2,1,4,26,41,35,14,42,42,42,26,3,2,2,6,37,47,48,19,64,61,59,37,5,3,2,6,45,62,56,22,75,72,70,44,5,3,2,6,39,51,52,22,74,72,75,49,6,3,1,5,33,46,42,17,59,57,59,38,4,2,2,7,54,78,69,26,89,86,83,50,5,4,1,4,29,32,37,15,52,48,44,27,3,2,1.5,5.12,35.62,47.75,46.0,18.12,61.88,59.38,58.12,36.62,4.25,2.62
Asphalt_0cm_S12,2026-04-25T10:01:51.486064,1,3,22,26,29,10,40,37,33,22,3,1,1,4,26,41,35,14,42,42,42,26,3,2,2,6,37,47,48,19,64,61,59,37,5,3,2,6,45,62,56,22,75,72,70,44,5,3,2,6,39,51,52,22,74,72,75,49,6,3,1,5,33,46,42,17,59,57,59,38,4,2,2,7,54,78,69,26,89,86,83,50,5,4,1,4,29,32,37,15,52,48,44,27,3,2,1.5,5.12,35.62,47.88,46.0,18.12,61.88,59.38,58.12,36.62,4.25,2.5
Asphalt_0cm_S12,2026-04-25T10:01:51.556397,1,3,22,26,29,10,40,37,33,22,3,1,1,4,26,41,35,14,42,42,42,26,3,2,2,5,37,47,48,19,64,61,59,37,5,3,1,6,45,62,56,22,75,72,70,44,5,3,2,6,39,51,52,22,74,72,75,49,6,3,1,5,33,46,42,17,59,57,59,38,4,2,2,7,54,78,69,26,89,86,83,50,5,4,1,4,29,32,37,15,52,48,44,27,3,2,1.38,5.0,35.62,47.88,46.0,18.12,61.88,59.38,58.12,36.62,4.25,2.5
Asphalt_0cm_S12,2026-04-25T10:01:51.626014,1,3,22,25,29,11,40,37,33,22,3,1,1,4,26,41,35,14,42,42,42,26,3,2,2,5,37,47,48,19,64,61,59,37,5,3,1,6,45,62,56,22,75,72,70,44,5,3,2,6,39,51,52,22,74,72,75,49,6,3,1,5,33,46,42,17,59,57,59,38,4,2,2,7,54,78,69,26,89,86,83,50,5,4,1,4,29,32,37,14,52,48,44,27,3,2,1.38,5.0,35.62,47.75,46.0,18.12,61.88,59.38,58.12,36.62,4.25,2.5
Asphalt_0cm_S12,2026-04-25T10:01:51.730002,1,3,22,25,29,11,40,37,33,22,3,1,1,4,26,40,35,14,42,42,42,26,3,2,2,5,37,47,48,19,64,62,59,37,5,3,1,6,45,62,56,22,76,72,70,44,5,3,2,6,39,51,52,22,74,72,75,49,6,3,1,5,34,46,42,17,59,58,59,38,4,2,2,7,54,78,69,26,89,86,83,50,5,4,1,4,29,32,37,14,52,48,44,27,3,2,1.38,5.0,35.75,47.62,46.0,18.12,62.0,59.62,58.12,36.62,4.25,2.5
Asphalt_0cm_S12,2026-04-25T10:01:51.801914,1,3,22,26,29,11,40,37,33,22,3,2,1,4,26,40,35,14,42,42,42,26,3,2,2,5,37,47,48,19,64,62,59,37,5,3,1,6,45,62,56,22,76,72,70,44,5,3,2,6,39,51,52,22,74,72,75,49,6,3,1,5,34,46,42,17,59,58,59,38,4,2,2,7,54,78,69,26,89,86,83,50,5,4,1,4,29,32,37,14,52,48,44,27,3,2,1.38,5.0,35.75,47.75,46.0,18.12,62.0,59.62,58.12,36.62,4.25,2.62
Asphalt_0cm_S12,2026-04-25T10:01:51.871878,1,3,22,26,29,11,40,37,33,22,3,2,1,4,26,40,35,14,42,42,42,26,3,2,2,6,37,47,48,19,64,61,59,37,5,3,1,6,45,62,56,22,76,72,70,44,5,3,2,6,39,51,52,22,74,72,75,49,6,3,1,5,34,46,42,17,59,58,59,38,4,2,2,7,54,78,69,26,89,86,83,50,5,4,1,4,29,32,37,14,52,48,44,27,3,2,1.38,5.12,35.75,47.75,46.0,18.12,62.0,59.5,58.12,36.62,4.25,2.62
Asphalt_0cm_S12,2026-04-25T10:01:51.947240,1,3,22,26,29,11,40,37,33,22,3,2,1,4,26,40,35,14,42,42,42,26,3,2,2,6,37,47,48,19,64,61,59,37,5,3,1,6,45,62,56,22,76,72,70,44,5,3,2,6,39,51,52,22,74,72,75,49,6,3,1,5,34,46,42,17,59,58,59,38,4,2,2,7,54,78,68,26,89,86,83,49,5,4,1,4,29,32,37,14,52,48,44,27,3,2,1.38,5.12,35.75,47.75,45.88,18.12,62.0,59.5,58.12,36.5,4.25,2.62
Asphalt_0cm_S12,2026-04-25T10:01:52.042994,1,3,22,26,29,11,40,37,33,22,3,1,1,4,26,40,35,14,42,42,42,26,3,2,2,6,37,47,48,19,64,61,59,37,5,3,2,6,45,62,56,22,75,72,70,45,5,3,2,6,39,52,52,22,74,72,75,49,6,3,1,5,34,46,42,17,59,58,59,38,4,2,2,7,54,78,68,26,89,86,83,49,5,4,1,4,29,32,37,14,52,48,44,27,3,2,1.5,5.12,35.75,47.88,45.88,18.12,61.88,59.5,58.12,36.62,4.25,2.5
Asphalt_0cm_S12,2026-04-25T10:01:52.112582,1,3,22,26,29,11,40,37,34,22,3,1,1,4,26,40,35,14,42,42,42,26,3,2,2,6,37,47,48,19,64,61,59,37,5,3,2,6,45,62,56,22,75,72,70,45,5,3,2,6,39,52,52,22,74,72,75,49,6,3,1,5,34,46,42,17,59,58,59,38,4,2,2,7,54,78,69,26,89,86,83,50,5,4,1,4,29,32,37,14,52,48,44,27,3,2,1.5,5.12,35.75,47.88,46.0,18.12,61.88,59.5,58.25,36.75,4.25,2.5
Asphalt_0cm_S12,2026-04-25T10:01:52.185015,1,3,22,26,29,11,40,37,34,22,3,1,1,4,26,40,35,14,42,42,42,26,3,2,2,6,37,47,48,19,64,62,59,37,5,3,2,6,45,62,56,22,76,72,70,44,5,3,2,6,39,52,52,22,74,72,75,49,6,3,1,5,34,46,42,17,59,58,59,38,4,2,2,7,54,78,69,26,89,86,83,50,5,4,1,4,29,32,37,14,52,48,44,27,3,2,1.5,5.12,35.75,47.88,46.0,18.12,62.0,59.62,58.25,36.62,4.25,2.5
Asphalt_0cm_S12,2026-04-25T10:01:52.270308,1,3,22,26,29,11,40,37,34,22,3,1,1,4,26,40,35,14,42,42,42,26,3,2,2,6,37,47,48,19,64,62,59,37,5,3,2,6,45,62,56,22,76,72,70,44,5,3,2,6,39,51,52,22,74,72,75,49,6,3,1,5,34,46,42,17,59,58,59,38,4,2,2,7,54,78,68,26,89,86,83,50,6,4,1,4,29,32,37,14,52,48,44,27,3,2,1.5,5.12,35.75,47.75,45.88,18.12,62.0,59.62,58.25,36.62,4.38,2.5
Asphalt_0cm_S12,2026-04-25T10:01:52.347624,1,3,22,26,29,11,40,37,34,22,3,1,1,4,26,40,35,14,42,42,42,26,3,2,2,6,37,47,48,19,64,62,59,37,5,3,2,6,45,62,56,22,75,72,70,44,5,3,2,6,39,51,52,22,74,72,75,49,6,3,1,5,34,46,42,17,59,58,59,38,4,2,2,7,54,78,68,26,89,86,83,50,6,4,1,4,29,32,37,14,52,48,44,27,3,2,1.5,5.12,35.75,47.75,45.88,18.12,61.88,59.62,58.25,36.62,4.38,2.5
Asphalt_0cm_S12,2026-04-25T10:01:52.418133,1,3,22,26,29,11,40,37,34,22,3,1,1,4,26,40,35,14,42,42,42,26,3,2,2,6,37,47,48,19,64,62,59,37,5,3,2,6,45,62,56,22,75,72,70,44,5,3,2,6,39,52,52,22,74,72,75,49,6,3,1,5,34,45,42,17,59,58,59,38,4,2,2,7,54,78,69,26,89,86,83,49,5,4,1,4,29,32,37,14,52,48,44,27,3,2,1.5,5.12,35.75,47.75,46.0,18.12,61.88,59.62,58.25,36.5,4.25,2.5
Asphalt_0cm_S12,2026-04-25T10:01:52.487356,1,3,22,26,29,11,40,37,33,22,3,1,1,4,26,41,35,14,42,42,42,26,3,2,2,5,37,47,48,19,64,62,59,37,5,3,2,6,45,62,56,22,75,72,70,44,5,3,2,6,39,52,52,22,74,72,75,49,6,3,1,5,34,45,42,17,59,58,59,38,4,2,2,7,54,78,69,26,89,86,83,49,5,4,1,4,29,32,37,14,52,48,44,27,3,2,1.5,5.0,35.75,47.88,46.0,18.12,61.88,59.62,58.12,36.5,4.25,2.5
Asphalt_0cm_S12,2026-04-25T10:01:52.557932,1,3,22,26,29,11,40,37,33,22,3,1,1,4,26,41,35,14,42,42,42,26,3,2,2,5,37,47,48,19,64,62,59,37,5,3,1,6,45,62,56,22,75,72,70,44,5,3,2,6,39,51,52,22,74,72,75,49,6,3,2,5,34,46,42,17,59,58,59,38,4,2,2,7,54,78,69,26,89,86,83,49,5,4,1,4,29,32,37,14,52,48,44,27,3,2,1.5,5.0,35.75,47.88,46.0,18.12,61.88,59.62,58.12,36.5,4.25,2.5
Asphalt_0cm_S12,2026-04-25T10:01:52.665305,1,3,22,25,29,10,40,37,33,22,3,1,1,4,26,40,35,14,42,42,42,26,3,2,1,6,37,47,48,19,64,62,59,37,5,3,2,6,45,62,56,22,75,72,70,44,5,3,2,6,39,51,52,22,74,72,75,49,6,3,2,5,34,46,42,17,59,58,59,38,4,2,2,7,54,78,69,26,89,86,83,49,5,4,1,4,29,32,37,15,52,48,44,27,3,2,1.5,5.12,35.75,47.62,46.0,18.12,61.88,59.62,58.12,36.5,4.25,2.5
Asphalt_0cm_S12,2026-04-25T10:01:52.742173,1,3,22,25,29,10,40,37,33,22,3,1,1,4,26,40,35,14,42,42,42,26,3,2,1,6,37,47,48,19,64,62,59,37,5,3,2,6,45,62,56,22,75,72,70,44,5,3,2,6,39,51,52,22,74,72,75,50,6,3,1,5,33,46,42,17,59,58,59,38,4,2,2,7,54,78,69,26,89,86,83,50,5,4,1,4,29,32,37,14,52,48,44,27,3,2,1.38,5.12,35.62,47.62,46.0,18.0,61.88,59.62,58.12,36.75,4.25,2.5
Asphalt_0cm_S12,2026-04-25T10:01:52.815469,1,3,22,26,29,11,40,37,34,22,3,1,1,4,26,41,35,14,42,42,42,26,3,2,1,6,37,47,48,19,64,62,59,37,5,3,2,6,45,62,56,22,75,72,70,44,5,3,2,6,39,51,52,22,74,72,75,50,6,3,1,5,33,46,42,17,59,58,59,38,4,2,2,7,54,78,69,26,89,86,83,50,5,4,1,4,29,32,37,14,52,48,44,27,3,2,1.38,5.12,35.62,47.88,46.0,18.12,61.88,59.62,58.25,36.75,4.25,2.5
Asphalt_0cm_S12,2026-04-25T10:01:52.920793,1,3,22,26,29,11,40,37,34,22,3,1,1,4,26,41,35,14,42,42,42,26,3,2,2,6,37,47,48,19,64,61,59,37,5,2,2,6,45,62,56,22,75,72,70,44,5,3,2,6,39,51,52,22,74,72,75,49,6,3,1,5,34,46,42,17,59,58,59,38,4,2,2,7,54,78,69,26,89,86,83,50,5,4,1,4,29,32,37,14,52,48,44,27,3,2,1.5,5.12,35.75,47.88,46.0,18.12,61.88,59.5,58.25,36.62,4.25,2.38
Asphalt_0cm_S12,2026-04-25T10:01:52.991674,1,3,22,26,29,11,40,37,33,22,3,2,1,4,26,40,35,14,42,42,42,26,3,2,2,5,37,47,48,19,64,61,59,37,5,3,2,6,45,62,56,22,75,72,70,44,5,3,2,6,39,51,52,22,74,72,75,49,6,3,1,5,34,46,42,17,59,58,59,38,4,2,2,7,54,78,69,26,89,86,83,50,5,4,1,4,29,32,37,14,52,48,44,27,3,2,1.5,5.0,35.75,47.75,46.0,18.12,61.88,59.5,58.12,36.62,4.25,2.62
Asphalt_0cm_S12,2026-04-25T10:01:53.064935,1,3,22,26,29,11,40,37,33,22,3,2,1,4,26,40,35,14,42,42,42,26,3,2,2,5,37,47,48,19,64,61,59,37,5,3,2,6,45,62,56,22,76,72,70,44,5,3,2,6,39,51,52,22,74,72,75,49,6,3,1,5,34,46,42,17,59,57,59,38,4,2,2,7,54,78,69,26,89,86,83,50,5,4,1,4,29,32,37,14,52,48,44,27,3,2,1.5,5.0,35.75,47.75,46.0,18.12,62.0,59.38,58.12,36.62,4.25,2.62
Asphalt_0cm_S12,2026-04-25T10:01:53.140829,1,3,22,26,29,11,40,37,33,22,3,1,1,4,26,41,35,14,42,42,42,26,3,2,2,5,37,47,48,19,64,61,59,37,5,3,2,6,45,62,56,22,76,72,70,44,5,3,2,6,39,51,52,22,74,72,75,49,6,3,1,5,34,46,42,17,59,57,59,38,4,2,2,7,54,78,69,26,89,86,83,50,5,4,1,4,29,32,37,14,52,48,44,27,3,2,1.5,5.0,35.75,47.88,46.0,18.12,62.0,59.38,58.12,36.62,4.25,2.5
Asphalt_0cm_S12,2026-04-25T10:01:53.243639,1,3,22,26,29,11,40,37,33,22,3,1,1,4,26,41,35,14,42,42,42,26,3,2,2,6,37,47,48,19,64,61,59,37,5,3,2,6,45,62,56,22,75,72,70,44,5,3,2,6,39,51,52,22,74,72,75,49,6,3,1,5,33,46,42,17,59,57,59,38,4,2,2,7,54,78,69,26,89,86,83,50,5,4,1,4,29,32,37,14,52,48,44,27,3,2,1.5,5.12,35.62,47.88,46.0,18.12,61.88,59.38,58.12,36.62,4.25,2.5
Asphalt_0cm_S12,2026-04-25T10:01:53.320073,1,3,22,25,29,11,40,36,33,22,3,2,1,4,26,41,35,14,42,42,42,26,3,2,2,5,37,47,48,19,64,61,59,37,5,3,2,6,45,62,56,22,75,72,70,44,5,3,2,6,39,51,52,22,74,72,75,49,6,3,1,5,33,46,42,17,59,57,59,38,4,2,2,7,54,78,69,26,89,86,83,50,5,4,1,4,29,32,37,14,52,48,44,27,3,2,1.5,5.0,35.62,47.75,46.0,18.12,61.88,59.25,58.12,36.62,4.25,2.62
Asphalt_0cm_S12,2026-04-25T10:01:53.430546,1,3,22,25,29,11,40,36,33,22,3,2,1,4,26,41,35,14,42,42,42,26,3,2,2,5,37,47,48,19,64,61,59,37,5,3,2,6,45,62,56,22,75,72,70,44,5,3,2,6,39,51,52,22,74,72,75,49,6,3,1,5,34,46,42,17,59,58,59,38,4,2,2,7,54,78,69,26,89,86,83,49,5,4,1,4,29,32,37,14,52,48,44,27,3,2,1.5,5.0,35.75,47.75,46.0,18.12,61.88,59.38,58.12,36.5,4.25,2.62
Asphalt_0cm_S12,2026-04-25T10:01:53.501371,1,3,22,26,29,11,40,37,33,22,3,1,1,4,26,40,34,14,42,42,42,26,3,2,2,6,37,47,48,19,64,62,59,37,5,3,2,6,45,62,56,22,75,72,70,44,5,3,2,6,39,51,52,22,74,72,75,49,6,3,1,5,34,46,42,17,59,58,59,38,4,2,2,7,54,78,69,26,89,86,83,49,5,4,1,4,29,32,37,14,52,48,44,27,3,2,1.5,5.12,35.75,47.75,45.88,18.12,61.88,59.62,58.12,36.5,4.25,2.5
Asphalt_0cm_S12,2026-04-25T10:01:53.572557,1,3,22,26,29,11,40,37,33,22,3,1,1,4,26,40,34,14,42,42,42,26,3,2,2,6,37,47,48,19,64,62,59,37,5,3,2,6,45,62,56,22,75,72,70,44,5,3,2,6,39,51,52,22,74,72,75,49,6,3,1,5,34,46,42,17,59,58,59,38,4,2,2,7,54,78,69,26,89,86,83,50,6,4,1,4,29,32,37,15,52,48,44,27,3,2,1.5,5.12,35.75,47.75,45.88,18.25,61.88,59.62,58.12,36.62,4.38,2.5
Asphalt_0cm_S12,2026-04-25T10:01:53.645719,1,3,22,26,29,11,40,37,34,22,3,1,1,4,26,40,35,14,42,42,42,26,3,2,2,6,37,47,48,19,64,62,59,37,5,3,2,6,45,62,56,22,75,72,70,44,5,3,2,6,39,51,52,22,74,72,75,49,6,3,1,5,34,46,42,17,59,58,59,38,4,2,2,7,54,78,69,26,89,86,83,50,6,4,1,4,29,32,37,15,52,48,44,27,3,2,1.5,5.12,35.75,47.75,46.0,18.25,61.88,59.62,58.25,36.62,4.38,2.5
Asphalt_0cm_S12,2026-04-25T10:01:53.744138,1,3,22,26,29,11,40,37,34,22,3,1,1,4,26,40,35,14,42,42,42,26,3,2,2,6,37,47,48,19,64,62,59,37,5,3,2,6,45,62,56,22,75,72,70,44,5,3,2,6,39,51,52,22,74,72,75,49,6,3,2,5,33,46,42,17,59,58,59,38,4,2,2,7,54,78,69,26,89,86,83,50,5,4,1,4,29,32,37,14,52,48,44,27,3,2,1.62,5.12,35.62,47.75,46.0,18.12,61.88,59.62,58.25,36.62,4.25,2.5
Asphalt_0cm_S12,2026-04-25T10:01:53.819270,1,3,22,25,29,10,40,37,33,22,3,1,1,4,26,41,35,14,42,42,42,26,3,2,2,6,37,47,48,19,64,61,59,37,5,3,2,6,45,62,56,22,75,72,70,44,5,3,2,6,39,51,52,22,74,72,75,49,6,3,2,5,33,46,42,17,59,58,59,38,4,2,2,7,54,78,69,26,89,86,83,50,5,4,1,4,29,32,37,14,52,48,44,27,3,2,1.62,5.12,35.62,47.75,46.0,18.0,61.88,59.5,58.12,36.62,4.25,2.5
Asphalt_0cm_S12,2026-04-25T10:01:53.891086,1,3,22,25,29,10,40,37,33,22,3,1,1,4,26,41,35,14,42,42,42,26,3,2,2,6,37,47,48,19,64,61,59,37,5,3,2,6,45,62,56,22,76,72,70,44,5,3,2,6,39,51,52,22,74,72,75,49,6,3,1,5,33,46,42,17,59,58,59,38,4,2,2,7,54,78,69,26,89,86,83,50,5,4,1,4,29,32,37,14,52,48,44,27,3,2,1.5,5.12,35.62,47.75,46.0,18.0,62.0,59.5,58.12,36.62,4.25,2.5
Asphalt_0cm_S12,2026-04-25T10:01:53.999290,1,3,22,26,29,10,40,37,34,22,3,1,1,4,26,40,35,14,42,42,42,26,3,2,2,6,37,47,48,19,64,62,59,37,5,3,2,6,45,62,56,22,76,72,70,44,5,3,2,6,39,51,52,22,74,72,75,49,6,3,1,5,33,46,42,17,59,58,59,38,4,2,2,7,54,78,69,26,89,86,83,50,5,4,1,4,29,32,37,14,52,48,44,27,3,2,1.5,5.12,35.62,47.75,46.0,18.0,62.0,59.62,58.25,36.62,4.25,2.5
Asphalt_0cm_S12,2026-04-25T10:01:54.084886,1,3,22,26,29,10,40,37,34,22,3,1,1,4,26,40,35,14,42,42,42,26,3,2,2,6,37,47,48,19,64,62,59,37,5,3,2,6,45,62,56,22,76,72,70,44,5,3,2,6,39,51,52,22,74,72,75,49,6,3,1,5,33,46,42,17,59,57,59,38,4,2,2,7,54,78,69,26,89,86,83,50,5,4,1,4,29,32,37,15,52,48,44,27,3,2,1.5,5.12,35.62,47.75,46.0,18.12,62.0,59.5,58.25,36.62,4.25,2.5
Asphalt_0cm_S12,2026-04-25T10:01:54.186769,1,3,22,26,29,11,40,37,33,22,2,1,1,4,26,40,35,14,42,42,42,26,3,2,1,6,37,47,48,19,64,62,59,37,5,3,2,6,45,62,56,22,76,72,70,44,5,3,2,6,39,51,52,22,74,72,75,49,6,3,1,5,33,46,42,17,59,57,59,38,4,2,2,7,54,78,69,26,89,86,83,50,5,4,1,4,29,32,37,15,52,48,44,27,3,2,1.38,5.12,35.62,47.75,46.0,18.25,62.0,59.5,58.12,36.62,4.12,2.5
Asphalt_0cm_S12,2026-04-25T10:01:54.274453,1,3,22,26,29,11,40,37,33,22,2,1,1,4,26,40,35,14,42,42,42,26,3,2,1,6,37,47,48,19,64,62,59,37,5,3,2,6,45,62,56,22,76,72,70,44,5,3,2,6,39,51,52,22,74,72,75,49,6,3,1,5,33,46,42,17,59,58,59,38,4,2,2,7,54,78,69,26,89,86,83,49,5,4,1,4,29,32,37,14,52,48,44,27,3,2,1.38,5.12,35.62,47.75,46.0,18.12,62.0,59.62,58.12,36.5,4.12,2.5
Asphalt_0cm_S12,2026-04-25T10:01:54.388635,1,3,22,26,29,11,40,37,34,22,3,1,1,4,26,41,35,14,42,42,42,26,3,2,2,6,37,47,48,19,64,61,59,37,5,3,2,6,45,62,56,22,75,72,70,45,5,3,2,6,39,51,52,22,74,72,75,49,6,3,1,5,33,46,42,17,59,58,59,38,4,2,2,7,54,78,69,26,89,86,83,49,5,4,1,4,29,32,37,14,52,48,44,27,3,2,1.5,5.12,35.62,47.88,46.0,18.12,61.88,59.5,58.25,36.62,4.25,2.5
Asphalt_0cm_S12,2026-04-25T10:01:54.490830,1,3,22,26,29,11,40,36,33,21,2,1,1,4,26,40,35,14,42,42,42,26,3,2,2,5,37,47,48,19,64,62,59,37,5,2,2,6,45,62,56,22,75,72,70,44,5,3,2,6,39,51,52,22,74,72,75,49,6,3,1,5,33,46,42,17,59,58,59,38,4,2,2,7,54,78,68,26,89,86,83,50,5,4,1,4,29,32,37,14,53,48,44,27,3,2,1.5,5.0,35.62,47.75,45.88,18.12,62.0,59.5,58.12,36.5,4.12,2.38
Asphalt_0cm_S12,2026-04-25T10:01:54.565646,1,3,22,26,29,11,40,36,33,21,2,1,1,4,26,40,35,14,42,42,42,26,3,2,2,5,37,47,48,19,64,62,59,37,5,2,2,6,45,62,56,22,75,72,70,44,5,3,2,6,39,51,52,22,74,72,75,49,6,3,2,5,34,46,42,17,59,58,59,38,4,2,2,7,54,78,69,26,89,86,83,50,5,4,1,4,29,32,37,14,52,48,44,27,3,2,1.62,5.0,35.75,47.75,46.0,18.12,61.88,59.5,58.12,36.5,4.12,2.38
Asphalt_0cm_S12,2026-04-25T10:01:54.641045,1,3,22,26,29,11,40,36,33,21,2,1,1,4,26,41,35,14,42,42,42,26,3,2,2,6,37,47,48,19,64,62,59,37,5,3,2,6,45,62,56,22,75,72,70,44,5,3,2,6,39,51,52,22,74,72,75,49,6,3,2,5,34,46,42,17,59,58,59,38,4,2,2,7,54,78,69,26,89,86,83,50,5,4,1,4,29,32,37,14,52,48,44,27,3,2,1.62,5.12,35.75,47.88,46.0,18.12,61.88,59.5,58.12,36.5,4.12,2.5
Asphalt_0cm_S12,2026-04-25T10:01:54.743675,1,3,22,26,29,11,40,36,33,21,2,1,1,4,26,41,35,14,42,42,42,26,3,2,2,6,37,47,48,19,64,62,59,37,5,3,1,6,45,62,56,22,76,72,70,44,5,3,2,6,39,51,52,22,74,72,75,49,6,3,1,5,33,45,42,17,59,57,59,38,4,2,2,7,54,78,69,26,89,86,83,50,5,4,1,4,29,32,37,14,52,48,44,27,3,2,1.38,5.12,35.62,47.75,46.0,18.12,62.0,59.38,58.12,36.5,4.12,2.5
Asphalt_0cm_S12,2026-04-25T10:01:54.816080,1,3,22,26,29,10,40,37,33,22,3,1,1,4,26,40,34,14,42,42,42,26,3,2,2,6,37,47,48,19,64,62,59,37,5,3,1,6,45,62,56,22,76,72,70,44,5,3,2,6,39,51,52,22,74,72,75,49,6,3,1,5,33,45,42,17,59,57,59,38,4,2,2,7,54,78,69,26,89,86,83,50,5,4,1,4,29,32,37,14,52,48,44,27,3,2,1.38,5.12,35.62,47.62,45.88,18.0,62.0,59.5,58.12,36.62,4.25,2.5
Asphalt_0cm_S12,2026-04-25T10:01:54.885962,1,3,22,26,29,10,40,37,33,22,3,1,1,4,26,40,34,14,42,42,42,26,3,2,2,6,37,47,48,19,64,62,59,37,5,3,2,6,45,62,56,22,75,72,70,44,5,3,2,6,39,51,52,22,74,72,75,49,6,3,1,5,33,45,42,17,59,57,59,38,4,2,2,7,54,78,69,26,89,86,83,50,5,4,1,4,29,32,37,14,52,48,44,27,3,2,1.5,5.12,35.62,47.62,45.88,18.0,61.88,59.5,58.12,36.62,4.25,2.5
Asphalt_0cm_S12,2026-04-25T10:01:54.959010,1,3,22,26,29,10,40,37,33,22,3,1,1,4,26,40,34,14,42,42,42,26,3,2,2,6,37,47,48,19,64,62,59,37,5,3,2,6,45,62,56,22,75,72,70,44,5,3,2,6,39,51,52,22,74,72,75,49,6,3,1,5,33,46,42,17,59,58,59,38,4,2,2,7,54,78,69,26,89,86,83,50,5,4,1,4,29,32,37,15,52,48,44,27,3,2,1.5,5.12,35.62,47.75,45.88,18.12,61.88,59.62,58.12,36.62,4.25,2.5
Asphalt_0cm_S12,2026-04-25T10:01:55.056665,1,3,22,26,29,10,40,37,34,22,3,2,1,4,26,40,35,14,42,42,42,26,3,2,2,5,37,47,48,19,64,62,59,37,5,3,1,6,45,62,56,22,75,72,70,44,5,3,2,6,39,51,52,22,74,72,75,49,6,3,1,5,34,46,42,17,59,58,59,38,4,2,2,7,54,78,69,26,89,86,83,49,5,3,1,4,29,32,37,15,52,48,44,27,3,2,1.38,5.0,35.75,47.75,46.0,18.12,61.88,59.62,58.25,36.5,4.25,2.5
Asphalt_0cm_S12,2026-04-25T10:01:55.132613,1,3,22,26,29,10,40,37,33,21,3,2,1,4,26,41,35,14,42,42,42,26,3,2,2,5,37,47,48,19,64,62,59,37,5,3,1,6,45,62,56,22,75,72,70,44,5,3,2,6,39,51,52,22,74,72,75,49,6,3,1,5,34,46,42,17,59,58,59,38,4,2,2,7,54,78,69,26,89,86,83,49,5,3,1,4,29,32,37,14,52,48,44,27,3,2,1.38,5.0,35.75,47.88,46.0,18.0,61.88,59.62,58.12,36.38,4.25,2.5
Asphalt_0cm_S12,2026-04-25T10:01:55.204741,1,3,22,26,29,10,40,37,33,21,3,2,1,4,26,41,35,14,42,42,42,26,3,2,2,6,37,47,48,19,64,61,59,37,5,3,2,6,45,62,56,22,76,72,70,44,5,3,2,6,39,51,52,22,74,72,75,49,6,3,1,5,34,46,42,17,59,58,59,38,4,2,2,7,54,78,69,26,89,86,83,49,5,3,1,4,29,32,37,14,52,48,44,27,3,2,1.5,5.12,35.75,47.88,46.0,18.0,62.0,59.5,58.12,36.38,4.25,2.5
Asphalt_0cm_S12,2026-04-25T10:01:55.310149,1,3,21,25,29,10,40,36,33,22,3,1,1,4,26,41,35,14,42,42,42,26,3,2,2,6,37,47,48,19,64,61,59,37,5,3,2,6,45,62,56,22,76,72,70,44,5,3,2,6,39,51,52,22,74,72,75,49,6,3,1,5,33,46,42,17,59,58,59,38,4,2,2,7,54,78,69,26,89,86,83,50,6,4,1,4,29,32,37,14,52,48,44,27,3,2,1.5,5.12,35.5,47.75,46.0,18.0,62.0,59.38,58.12,36.62,4.38,2.5
Asphalt_0cm_S12,2026-04-25T10:01:55.382527,1,3,21,25,29,10,40,36,33,22,3,1,1,4,26,40,35,14,42,42,42,26,3,2,2,6,37,47,48,19,64,62,59,37,5,3,2,6,45,62,56,22,76,72,70,44,5,3,2,6,39,51,52,22,74,72,75,49,6,3,1,5,33,46,42,17,59,58,59,38,4,2,2,7,54,78,69,26,89,86,83,50,6,4,1,4,29,32,37,14,52,48,44,27,3,2,1.5,5.12,35.5,47.62,46.0,18.0,62.0,59.5,58.12,36.62,4.38,2.5
Asphalt_0cm_S12,2026-04-25T10:01:55.456571,1,3,21,25,29,10,40,36,33,22,3,1,1,4,26,40,35,14,42,42,42,26,3,2,2,6,37,47,48,19,64,62,59,37,5,3,2,6,45,62,56,22,76,72,70,44,5,3,2,6,39,51,52,22,74,72,75,49,6,3,1,5,33,46,42,17,59,57,59,38,4,2,2,7,54,78,69,26,89,86,83,50,5,4,1,4,29,32,37,14,52,48,44,27,3,2,1.5,5.12,35.5,47.62,46.0,18.0,62.0,59.38,58.12,36.62,4.25,2.5
Asphalt_0cm_S12,2026-04-25T10:01:55.530473,1,3,22,26,29,11,40,37,34,22,3,1,1,4,26,40,35,14,42,42,42,26,3,2,2,6,37,47,48,19,64,61,59,37,5,3,2,6,45,62,56,22,75,72,70,44,5,3,2,6,39,51,52,22,74,72,75,49,6,3,1,5,33,46,42,17,59,57,59,38,4,2,2,7,54,78,69,26,89,86,83,50,5,4,1,4,29,32,37,14,52,48,44,27,3,2,1.5,5.12,35.62,47.75,46.0,18.12,61.88,59.38,58.25,36.62,4.25,2.5
Asphalt_0cm_S12,2026-04-25T10:01:55.611469,1,3,22,26,29,11,40,37,34,22,3,1,1,4,26,40,35,14,42,42,42,26,3,2,2,6,37,47,48,19,64,61,59,37,5,3,2,6,45,62,56,22,75,72,70,44,5,3,2,6,39,51,52,22,74,72,75,49,6,3,1,5,33,46,42,17,59,58,59,38,4,2,2,7,54,78,68,26,89,86,83,50,5,4,1,4,29,32,37,14,52,48,44,27,3,2,1.5,5.12,35.62,47.75,45.88,18.12,61.88,59.5,58.25,36.62,4.25,2.5
Asphalt_0cm_S12,2026-04-25T10:01:55.683949,1,3,22,26,29,11,40,37,33,22,3,2,1,4,26,40,35,14,42,42,42,26,3,2,2,6,37,47,48,19,64,62,59,37,5,3,1,6,45,62,56,22,75,72,70,44,5,3,2,6,39,51,52,22,74,72,75,49,6,3,1,5,33,46,42,17,59,58,59,38,4,2,2,7,54,78,68,26,89,86,83,50,5,4,1,4,29,32,37,14,52,48,44,27,3,2,1.38,5.12,35.62,47.75,45.88,18.12,61.88,59.62,58.12,36.62,4.25,2.62
Asphalt_0cm_S12,2026-04-25T10:01:55.754240,1,3,22,26,29,11,40,37,33,22,3,2,1,4,26,40,35,14,42,42,42,26,3,2,2,6,37,47,48,19,64,62,59,37,5,3,1,6,45,62,56,22,75,72,70,44,5,3,2,6,39,51,52,22,74,72,75,50,6,3,1,5,33,46,42,17,59,57,59,38,4,2,2,7,54,78,69,26,89,86,83,49,5,4,1,4,29,32,37,15,52,48,44,27,3,2,1.38,5.12,35.62,47.75,46.0,18.25,61.88,59.5,58.12,36.62,4.25,2.62
Asphalt_0cm_S12,2026-04-25T10:01:55.827801,1,3,22,26,29,11,40,37,34,22,3,1,1,4,26,40,35,14,42,42,42,26,3,2,2,6,37,47,48,19,64,62,59,37,5,3,1,6,45,62,56,22,75,72,70,44,5,3,2,6,39,51,52,22,74,72,75,50,6,3,1,5,33,46,42,17,59,57,59,38,4,2,2,7,54,78,69,26,89,86,83,49,5,4,1,4,29,32,37,15,52,48,44,27,3,2,1.38,5.12,35.62,47.75,46.0,18.25,61.88,59.5,58.25,36.62,4.25,2.5
Asphalt_0cm_S12,2026-04-25T10:01:55.940031,1,3,22,26,29,11,40,37,34,22,3,1,1,4,26,40,35,14,42,42,42,26,3,2,2,6,37,47,48,19,64,62,59,37,5,3,2,6,45,62,56,22,76,72,70,44,5,3,2,6,39,51,52,22,74,72,75,50,6,3,1,5,33,46,42,17,59,57,59,38,4,2,2,7,54,78,69,26,89,86,83,50,5,4,1,4,29,32,37,14,52,48,44,27,3,2,1.5,5.12,35.62,47.75,46.0,18.12,62.0,59.5,58.25,36.75,4.25,2.5
Asphalt_0cm_S12,2026-04-25T10:01:56.011111,1,3,22,26,29,10,40,37,33,21,3,1,1,4,26,40,35,14,42,42,42,26,3,2,2,6,37,47,48,19,64,62,59,37,5,3,2,6,45,62,56,22,76,72,70,44,5,3,2,6,39,51,52,22,74,72,75,50,6,3,1,5,33,46,42,17,59,57,59,38,4,2,2,7,54,78,69,26,89,86,83,50,5,4,1,4,29,32,37,14,52,48,44,27,3,2,1.5,5.12,35.62,47.75,46.0,18.0,62.0,59.5,58.12,36.62,4.25,2.5
Asphalt_0cm_S12,2026-04-25T10:01:56.093550,1,3,22,26,29,10,40,37,33,21,3,1,1,4,26,40,35,14,42,42,42,26,3,2,2,6,37,47,48,19,64,62,59,37,5,3,1,6,45,62,56,22,76,72,70,44,5,3,2,6,39,51,52,22,74,72,75,49,6,3,2,5,34,45,42,17,59,58,59,38,4,2,2,7,54,78,69,26,89,86,83,50,5,4,1,4,29,32,37,14,52,48,44,27,3,2,1.5,5.12,35.75,47.62,46.0,18.0,62.0,59.62,58.12,36.5,4.25,2.5
Asphalt_0cm_S12,2026-04-25T10:01:56.186198,1,3,22,26,29,10,40,37,33,21,3,1,1,4,26,41,35,14,42,42,42,26,3,2,2,5,37,47,48,19,64,61,59,37,5,3,1,6,45,62,56,22,75,72,70,44,5,3,2,6,39,51,52,22,74,72,75,49,6,3,2,5,34,45,42,17,59,58,59,38,4,2,2,7,54,78,69,26,89,86,83,50,5,4,1,4,29,32,37,14,52,48,44,27,3,2,1.5,5.0,35.75,47.75,46.0,18.0,61.88,59.5,58.12,36.5,4.25,2.5
Asphalt_0cm_S12,2026-04-25T10:01:56.261396,1,3,22,26,29,10,40,37,33,21,3,1,1,4,26,41,35,14,42,42,42,26,3,2,2,5,37,47,48,19,64,61,59,37,5,3,1,6,45,62,56,22,75,72,70,44,5,3,2,6,39,51,52,22,74,72,75,50,6,3,2,5,33,46,42,17,59,58,59,38,4,2,2,7,54,77,68,26,89,86,83,50,5,4,1,5,29,32,37,15,52,48,44,27,3,2,1.5,5.12,35.62,47.75,45.88,18.12,61.88,59.5,58.12,36.62,4.25,2.5
Asphalt_0cm_S12,2026-04-25T10:01:56.335425,1,3,22,26,29,11,40,37,33,22,3,2,1,4,26,40,35,14,42,42,42,26,3,2,2,6,37,47,48,19,64,61,59,37,5,3,2,6,45,62,56,22,76,72,70,44,5,3,2,6,39,51,52,22,74,72,75,50,6,3,2,5,33,46,42,17,59,58,59,38,4,2,2,7,54,77,68,26,89,86,83,50,5,4,1,5,29,32,37,15,52,48,44,27,3,2,1.62,5.25,35.62,47.62,45.88,18.25,62.0,59.5,58.12,36.75,4.25,2.62
Asphalt_0cm_S12,2026-04-25T10:01:56.437522,1,3,22,26,29,11,40,37,33,22,3,2,1,4,26,40,35,14,42,42,42,26,3,2,2,6,37,47,48,19,64,61,59,37,5,3,2,6,45,62,56,22,76,72,70,44,5,3,2,6,39,51,52,22,74,72,75,49,6,3,1,5,33,46,42,17,59,58,59,38,4,2,2,7,54,78,69,26,89,86,83,50,5,4,1,4,29,32,37,14,52,48,44,27,3,2,1.5,5.12,35.62,47.75,46.0,18.12,62.0,59.5,58.12,36.62,4.25,2.62
Asphalt_0cm_S12,2026-04-25T10:01:56.510281,1,3,22,26,29,10,40,37,33,22,3,2,1,4,26,40,35,14,42,42,42,26,3,2,2,6,37,47,48,19,64,62,59,37,5,3,2,6,45,62,56,22,75,72,70,44,5,3,2,6,39,51,52,22,74,72,75,49,6,3,1,5,33,46,42,17,59,58,59,38,4,2,2,7,54,78,69,26,89,86,83,50,5,4,1,4,29,32,37,14,52,48,44,27,3,2,1.5,5.12,35.62,47.75,46.0,18.0,61.88,59.62,58.12,36.62,4.25,2.62
Asphalt_0cm_S12,2026-04-25T10:01:56.611039,1,3,22,26,29,10,40,37,33,22,3,2,1,4,26,40,35,14,42,42,42,26,3,2,2,6,37,47,48,19,64,62,59,37,5,3,2,6,45,62,56,22,75,72,70,44,5,3,2,6,39,51,52,22,74,72,75,49,6,3,1,5,34,46,42,17,59,58,59,38,4,2,2,7,54,78,69,26,89,86,83,50,5,4,1,4,29,32,37,15,52,48,44,27,3,2,1.5,5.12,35.75,47.75,46.0,18.12,61.88,59.62,58.12,36.62,4.25,2.62
Asphalt_0cm_S12,2026-04-25T10:01:56.686750,1,3,22,25,29,10,40,36,33,22,3,1,1,4,26,41,35,14,42,42,42,26,3,2,2,6,37,47,48,19,64,61,59,37,5,3,2,6,45,62,57,22,75,72,70,44,5,3,2,6,39,51,52,22,74,72,75,49,6,3,1,5,34,46,42,17,59,58,59,38,4,2,2,7,54,78,69,26,89,86,83,50,5,4,1,4,29,32,37,15,52,48,44,27,3,2,1.5,5.12,35.75,47.75,46.12,18.12,61.88,59.38,58.12,36.62,4.25,2.5
Asphalt_0cm_S12,2026-04-25T10:01:56.758864,1,3,22,25,29,10,40,36,33,22,3,1,1,4,26,41,35,14,42,42,42,26,3,2,2,6,37,47,48,19,64,61,59,37,5,3,2,6,45,62,57,22,75,72,70,44,5,3,2,6,39,51,52,22,74,72,75,49,6,3,1,5,34,46,42,17,59,58,59,38,4,2,2,7,54,78,69,26,89,86,83,50,5,4,1,4,29,32,37,14,52,48,44,27,3,2,1.5,5.12,35.75,47.75,46.12,18.0,61.88,59.38,58.12,36.62,4.25,2.5
Asphalt_0cm_S12,2026-04-25T10:01:56.868421,1,3,22,26,29,10,40,36,33,22,3,1,1,4,26,40,35,14,42,42,42,26,3,2,2,6,37,47,48,19,64,61,59,37,5,2,1,6,45,62,56,22,75,72,70,44,5,3,2,6,39,51,52,22,74,72,75,49,6,3,2,5,33,46,42,17,59,57,59,38,4,2,2,7,54,78,69,26,89,86,83,50,5,4,1,4,29,32,37,14,52,48,44,27,3,2,1.5,5.12,35.62,47.75,46.0,18.0,61.88,59.25,58.12,36.62,4.25,2.38
Asphalt_0cm_S12,2026-04-25T10:01:56.944799,1,3,22,26,29,10,40,36,33,22,3,1,1,4,26,40,35,14,42,42,42,26,3,2,2,6,37,47,48,19,64,61,59,37,5,2,1,6,45,62,56,22,75,72,70,44,5,3,2,6,39,51,52,22,74,72,75,49,6,3,2,5,33,46,42,17,59,57,59,38,4,2,2,7,54,78,69,26,89,86,83,50,5,4,1,4,29,32,37,14,52,48,44,27,3,2,1.5,5.12,35.62,47.75,46.0,18.0,61.88,59.25,58.12,36.62,4.25,2.38
Asphalt_0cm_S12,2026-04-25T10:01:57.014611,1,3,22,26,29,10,40,37,33,22,3,1,1,4,26,40,35,14,42,42,42,26,3,2,1,6,37,47,48,19,64,62,59,37,5,3,2,6,45,62,56,22,76,72,70,44,5,3,2,6,39,51,52,22,74,72,75,49,6,3,2,5,33,46,42,17,59,57,59,38,4,2,2,7,54,78,69,26,89,86,83,50,5,4,1,4,29,32,37,14,52,48,44,27,3,2,1.5,5.12,35.62,47.75,46.0,18.0,62.0,59.5,58.12,36.62,4.25,2.5
Asphalt_0cm_S12,2026-04-25T10:01:57.115821,1,3,22,26,29,10,40,36,34,21,3,1,1,4,26,40,35,14,42,42,42,26,3,2,1,6,37,47,48,19,64,62,59,37,5,3,2,6,45,62,56,22,76,72,70,44,5,3,2,6,39,51,52,22,74,72,75,49,6,3,2,5,34,46,42,17,59,58,59,38,4,2,2,7,54,78,69,26,89,86,83,50,5,4,1,4,29,32,37,15,52,48,44,27,3,2,1.5,5.12,35.75,47.75,46.0,18.12,62.0,59.5,58.25,36.5,4.25,2.5
Asphalt_0cm_S12,2026-04-25T10:01:57.187505,1,3,22,26,29,10,40,36,34,21,3,1,1,4,26,40,35,14,42,42,42,26,3,2,2,6,37,47,48,19,64,61,59,37,5,3,1,6,45,62,56,22,75,72,70,44,5,3,2,6,39,51,52,22,74,72,75,50,6,3,2,5,34,46,42,17,59,58,59,38,4,2,2,7,54,78,69,26,89,86,83,50,5,4,1,4,29,32,37,15,52,48,44,27,3,2,1.5,5.12,35.75,47.75,46.0,18.12,61.88,59.38,58.25,36.62,4.25,2.5
Asphalt_0cm_S12,2026-04-25T10:01:57.257540,1,3,22,26,29,10,40,36,34,21,3,1,1,4,26,40,35,14,42,42,42,26,3,2,2,6,37,47,48,19,64,61,59,37,5,3,1,6,45,62,56,22,75,72,70,44,5,3,2,6,39,51,52,22,74,72,75,50,6,3,2,5,33,46,42,17,59,58,59,38,4,2,2,7,54,78,69,26,89,86,83,49,5,4,1,4,29,32,37,15,52,48,44,27,3,2,1.5,5.12,35.62,47.75,46.0,18.12,61.88,59.38,58.25,36.5,4.25,2.5
Asphalt_0cm_S12,2026-04-25T10:01:57.332634,1,3,22,25,29,11,40,37,33,22,3,1,1,4,26,40,35,14,42,42,42,26,3,2,2,5,37,47,48,19,64,61,59,37,5,3,1,6,45,62,56,22,76,72,70,44,5,3,2,6,39,51,52,22,74,72,75,50,6,3,2,5,33,46,42,17,59,58,59,38,4,2,2,7,54,78,69,26,89,86,83,49,5,4,1,4,29,32,37,15,52,48,44,27,3,2,1.5,5.0,35.62,47.62,46.0,18.25,62.0,59.5,58.12,36.62,4.25,2.5
Asphalt_0cm_S12,2026-04-25T10:01:57.436401,1,3,22,26,29,11,40,36,33,22,3,1,1,4,26,40,35,14,42,42,42,26,3,2,2,5,37,47,48,19,64,61,59,37,5,3,1,6,45,62,56,22,76,72,70,44,5,3,2,6,39,51,52,22,74,72,75,49,6,3,1,5,34,46,42,17,59,58,59,38,4,2,2,7,54,78,69,26,89,86,83,50,5,4,1,4,29,32,37,14,52,48,44,27,3,2,1.38,5.0,35.75,47.75,46.0,18.12,62.0,59.38,58.12,36.62,4.25,2.5
Asphalt_0cm_S12,2026-04-25T10:01:57.510228,1,3,22,26,29,11,40,36,33,22,3,1,1,4,26,40,35,14,42,42,42,26,3,2,2,6,37,47,48,19,64,61,59,37,5,3,2,6,45,62,56,22,75,72,70,44,5,3,2,6,39,51,52,22,74,72,75,49,6,3,1,5,34,46,42,17,59,58,59,38,4,2,2,7,54,78,69,26,89,86,83,50,5,4,1,4,29,32,37,14,52,48,44,27,3,2,1.5,5.12,35.75,47.75,46.0,18.12,61.88,59.38,58.12,36.62,4.25,2.5
Asphalt_0cm_S12,2026-04-25T10:01:57.583703,1,3,22,26,29,11,40,36,33,22,3,1,1,4,26,40,35,14,42,42,42,26,3,2,2,6,37,47,48,19,64,61,59,37,5,3,2,6,45,62,56,22,75,72,70,44,5,3,2,6,39,51,52,22,74,72,75,50,6,3,2,5,34,46,42,17,59,58,59,38,4,2,2,7,54,78,69,26,89,86,83,49,5,4,1,4,29,32,37,14,52,48,44,27,3,2,1.62,5.12,35.75,47.75,46.0,18.12,61.88,59.38,58.12,36.62,4.25,2.5
Asphalt_0cm_S12,2026-04-25T10:01:57.684749,1,3,22,26,29,11,40,36,33,22,3,1,1,4,26,40,35,14,42,42,42,26,3,2,2,6,37,47,48,19,64,62,59,37,5,3,2,6,45,62,56,22,76,72,70,44,5,3,2,6,39,51,52,22,74,72,75,49,6,3,1,5,34,46,42,17,59,58,59,38,4,2,2,7,54,78,69,26,89,86,83,49,5,4,1,4,29,32,37,14,52,48,44,27,3,2,1.5,5.12,35.75,47.75,46.0,18.12,62.0,59.5,58.12,36.5,4.25,2.5
Asphalt_0cm_S12,2026-04-25T10:01:57.758673,1,3,22,26,29,11,40,36,33,22,3,1,1,4,26,40,35,14,42,42,42,26,3,2,2,6,37,47,48,19,64,62,59,37,5,3,2,6,45,62,56,22,76,72,70,44,5,3,2,6,39,51,52,22,74,72,75,49,6,3,1,5,34,46,42,17,59,58,59,38,4,2,2,7,54,78,69,26,89,86,83,50,5,4,1,4,29,32,37,14,52,48,44,27,3,2,1.5,5.12,35.75,47.75,46.0,18.12,62.0,59.5,58.12,36.62,4.25,2.5
Asphalt_0cm_S12,2026-04-25T10:01:57.829730,1,3,22,26,29,10,40,36,33,22,3,1,1,4,26,41,35,14,42,42,42,26,3,2,2,6,37,47,48,19,64,61,59,37,5,3,2,6,45,62,56,22,76,72,70,44,5,3,2,6,39,51,52,22,74,72,75,49,6,3,1,5,34,46,42,17,59,58,59,38,4,2,2,7,54,78,69,26,89,86,83,50,5,4,1,4,29,32,37,14,52,48,44,27,3,2,1.5,5.12,35.75,47.88,46.0,18.0,62.0,59.38,58.12,36.62,4.25,2.5
Asphalt_0cm_S12,2026-04-25T10:01:57.899565,1,3,22,26,29,10,40,36,33,22,3,1,1,4,26,41,35,14,42,42,42,26,3,2,2,6,37,47,48,19,64,61,59,37,5,3,2,6,45,62,56,22,76,72,70,44,5,3,2,6,39,51,52,22,74,72,75,50,6,3,1,5,34,46,42,17,59,58,59,38,4,2,2,7,54,78,68,26,89,86,83,50,5,4,1,4,29,32,37,14,52,48,44,27,3,2,1.5,5.12,35.75,47.88,45.88,18.0,62.0,59.38,58.12,36.75,4.25,2.5
Asphalt_0cm_S12,2026-04-25T10:01:57.982759,1,3,22,26,29,10,40,37,33,22,3,1,1,4,26,40,35,14,42,42,42,26,3,2,2,6,37,47,48,19,64,62,59,37,5,3,2,6,45,62,56,22,76,72,70,44,5,3,2,6,39,51,52,22,74,72,75,50,6,3,1,5,34,46,42,17,59,58,59,38,4,2,2,7,54,78,68,26,89,86,83,50,5,4,1,4,29,32,37,14,52,48,44,27,3,2,1.5,5.12,35.75,47.75,45.88,18.0,62.0,59.62,58.12,36.75,4.25,2.5
Asphalt_0cm_S12,2026-04-25T10:01:58.054691,1,3,22,26,29,10,40,37,33,22,3,1,1,4,26,40,35,14,42,42,42,26,3,2,2,6,37,47,48,19,64,62,59,37,5,3,1,6,45,62,56,22,75,72,70,44,5,3,2,6,39,51,52,22,74,72,75,49,6,3,1,5,34,46,42,17,59,57,59,38,4,2,2,7,54,78,69,26,89,86,83,50,5,4,1,4,29,32,37,14,52,48,44,27,3,2,1.38,5.12,35.75,47.75,46.0,18.0,61.88,59.5,58.12,36.62,4.25,2.5
Asphalt_0cm_S12,2026-04-25T10:01:58.127307,1,3,22,26,29,11,40,36,34,22,3,1,1,4,26,40,35,14,42,42,42,26,3,2,2,6,37,47,48,19,64,62,59,37,5,3,1,6,45,62,56,22,75,72,70,44,5,3,2,6,39,51,52,22,74,72,75,49,6,3,1,5,34,46,42,17,59,57,59,38,4,2,2,7,54,78,69,26,89,86,83,50,5,4,1,4,29,32,37,14,52,48,44,27,3,2,1.38,5.12,35.75,47.75,46.0,18.12,61.88,59.38,58.25,36.62,4.25,2.5
Asphalt_0cm_S12,2026-04-25T10:01:58.198527,1,3,22,26,29,11,40,36,34,22,3,1,1,4,26,40,35,14,42,42,42,26,3,2,2,6,37,47,48,19,64,61,59,37,5,2,2,6,45,62,56,22,76,72,70,44,5,3,2,6,39,51,52,22,74,73,75,49,6,3,1,5,34,46,42,17,59,58,59,38,4,2,2,7,54,78,69,26,89,86,83,50,5,4,1,4,29,32,37,14,52,48,44,27,3,2,1.5,5.12,35.75,47.75,46.0,18.12,62.0,59.5,58.25,36.62,4.25,2.38
Asphalt_0cm_S12,2026-04-25T10:01:58.298318,1,3,22,26,29,10,40,36,33,22,2,1,1,4,26,41,35,14,42,42,42,26,3,2,2,6,37,47,48,19,64,62,59,37,5,3,2,6,45,62,56,22,76,72,70,44,5,3,2,6,39,51,52,22,74,73,75,49,6,3,1,5,34,46,42,17,59,58,59,38,4,2,2,7,54,78,68,26,89,86,83,50,5,4,1,4,29,32,37,14,52,48,44,27,3,2,1.5,5.12,35.75,47.88,45.88,18.0,62.0,59.62,58.12,36.62,4.12,2.5
Asphalt_0cm_S12,2026-04-25T10:01:58.371793,1,3,22,26,29,10,40,36,33,22,2,1,1,4,26,41,35,14,42,42,42,26,3,2,2,6,37,47,48,19,64,62,59,37,5,3,2,6,45,62,56,22,75,72,70,44,5,3,2,6,39,51,52,22,74,72,75,49,6,3,1,5,34,46,42,17,59,58,59,38,4,2,2,7,54,78,68,26,89,86,83,50,5,4,1,4,29,32,37,14,52,48,44,27,3,2,1.5,5.12,35.75,47.88,45.88,18.0,61.88,59.5,58.12,36.62,4.12,2.5
Asphalt_0cm_S12,2026-04-25T10:01:58.444611,1,3,22,26,29,11,40,37,33,22,3,1,1,4,26,40,35,14,42,42,42,26,3,2,2,6,37,47,48,19,64,62,59,37,5,3,2,6,45,62,56,22,75,72,70,44,5,3,2,6,39,51,52,22,74,72,75,49,6,3,1,5,34,46,42,17,59,58,59,38,4,2,2,7,54,78,68,26,89,86,83,50,5,4,1,4,29,32,37,14,52,48,44,27,3,2,1.5,5.12,35.75,47.75,45.88,18.12,61.88,59.62,58.12,36.62,4.25,2.5
Asphalt_0cm_S12,2026-04-25T10:01:58.514478,1,3,22,26,29,11,40,37,33,22,3,1,1,4,26,40,35,14,42,42,42,26,3,2,2,6,37,47,48,19,64,62,59,37,5,3,2,6,45,62,56,22,76,72,70,44,5,3,2,6,39,51,52,22,74,72,75,49,6,3,1,5,34,46,42,17,59,58,59,38,4,2,2,7,54,78,68,26,89,86,83,50,5,4,1,4,29,32,37,14,52,48,44,27,3,2,1.5,5.12,35.75,47.75,45.88,18.12,62.0,59.62,58.12,36.62,4.25,2.5
Asphalt_0cm_S12,2026-04-25T10:01:58.642920,1,3,22,25,29,11,40,37,33,21,3,1,1,4,26,40,35,14,42,42,42,26,3,2,2,6,37,47,48,19,64,62,59,37,5,3,2,6,45,62,56,22,76,72,70,44,5,3,2,6,39,51,52,22,74,72,75,49,6,3,2,5,33,46,42,17,59,58,59,38,4,2,2,7,54,78,69,26,89,86,83,49,5,4,1,4,29,32,37,14,52,48,44,27,3,2,1.62,5.12,35.62,47.62,46.0,18.12,62.0,59.62,58.12,36.38,4.25,2.5
Asphalt_0cm_S12,2026-04-25T10:01:58.743176,1,3,22,25,29,11,40,37,33,21,3,1,1,4,26,40,35,14,42,42,42,26,3,2,2,6,37,47,48,19,63,61,59,37,5,2,2,6,45,62,56,22,75,72,70,45,5,3,2,6,39,51,52,22,74,72,75,49,6,3,2,5,34,46,42,17,59,58,59,38,4,2,2,7,54,78,69,26,89,86,83,50,5,4,1,4,29,32,37,14,52,48,44,27,3,2,1.62,5.12,35.75,47.62,46.0,18.12,61.75,59.5,58.12,36.62,4.25,2.38
Asphalt_0cm_S12,2026-04-25T10:01:58.816046,1,3,22,26,29,10,40,37,33,22,3,1,1,4,26,41,35,14,42,42,42,26,3,2,2,6,37,47,48,19,64,61,59,37,5,3,1,6,45,62,56,22,76,72,70,44,5,3,2,6,39,51,52,22,74,72,75,49,6,3,2,5,34,46,42,17,59,58,59,38,4,2,2,7,54,78,69,26,89,86,83,50,5,4,1,4,29,32,37,14,52,48,44,27,3,2,1.5,5.12,35.75,47.88,46.0,18.0,62.0,59.5,58.12,36.62,4.25,2.5
Asphalt_0cm_S12,2026-04-25T10:01:58.888260,1,3,22,26,29,10,40,37,33,22,3,1,1,4,26,41,35,14,42,42,42,26,3,2,2,6,37,47,48,19,64,61,59,37,5,3,1,6,45,62,56,22,76,72,70,44,5,3,2,6,39,51,52,22,74,72,75,49,6,3,1,5,33,46,42,17,59,57,59,38,4,2,2,7,54,78,69,26,89,86,83,50,5,4,1,4,29,32,37,14,52,48,44,27,3,2,1.38,5.12,35.62,47.88,46.0,18.0,62.0,59.38,58.12,36.62,4.25,2.5
Asphalt_0cm_S12,2026-04-25T10:01:58.961352,1,3,22,26,29,11,40,37,33,22,3,1,1,4,26,40,35,14,42,42,42,26,3,2,2,6,37,47,48,19,64,61,59,37,5,3,1,6,45,62,56,22,76,72,70,44,5,3,2,6,39,51,52,22,74,72,75,49,6,3,1,5,33,46,42,17,59,57,59,38,4,2,2,7,54,78,69,26,89,86,83,50,5,4,1,4,29,32,37,14,52,48,44,27,3,2,1.38,5.12,35.62,47.75,46.0,18.12,62.0,59.38,58.12,36.62,4.25,2.5
Asphalt_0cm_S12,2026-04-25T10:01:59.056217,1,3,22,26,29,11,40,37,33,22,3,1,1,4,26,40,35,14,42,42,42,26,3,2,2,6,37,47,48,19,64,61,59,37,5,3,2,6,45,62,56,22,75,72,70,44,5,3,2,6,39,51,52,22,74,72,75,49,6,3,1,5,34,46,42,17,59,58,59,38,4,2,2,7,54,78,69,26,89,86,83,49,5,4,1,4,29,32,37,14,52,48,44,27,3,2,1.5,5.12,35.75,47.75,46.0,18.12,61.88,59.5,58.12,36.5,4.25,2.5
Asphalt_0cm_S12,2026-04-25T10:01:59.131052,1,3,22,26,29,11,40,37,33,22,2,1,1,4,26,41,35,14,42,42,42,26,3,2,2,6,37,47,48,19,64,61,59,37,5,3,2,6,45,62,56,22,75,72,70,44,5,3,2,6,39,51,52,22,74,72,75,49,6,3,1,5,34,46,42,17,59,58,59,38,4,2,2,7,54,78,69,26,89,86,83,49,5,4,1,4,29,32,37,14,52,48,44,27,3,2,1.5,5.12,35.75,47.88,46.0,18.12,61.88,59.5,58.12,36.5,4.12,2.5
Asphalt_0cm_S12,2026-04-25T10:01:59.204889,1,3,22,26,29,11,40,37,33,22,2,1,1,4,26,41,35,14,42,42,42,26,3,2,2,6,37,47,48,19,64,61,59,37,5,3,1,6,45,62,56,22,75,72,70,44,5,3,2,6,39,51,52,22,74,72,75,49,6,3,1,5,34,46,42,17,59,58,59,38,4,2,2,7,54,78,69,26,89,86,83,50,5,4,1,4,29,32,37,14,52,48,44,27,3,2,1.38,5.12,35.75,47.88,46.0,18.12,61.88,59.5,58.12,36.62,4.12,2.5
Asphalt_0cm_S12,2026-04-25T10:01:59.277092,1,3,22,26,29,11,40,36,33,22,3,1,1,4,26,41,35,14,42,42,42,26,3,2,2,6,37,47,48,19,64,61,59,37,5,3,1,6,45,62,56,22,75,72,70,44,5,3,2,6,39,51,52,22,74,72,75,49,6,3,1,5,34,46,42,17,59,58,59,38,4,2,2,7,54,78,69,26,89,86,83,50,5,4,1,4,29,32,37,14,52,48,44,27,3,2,1.38,5.12,35.75,47.88,46.0,18.12,61.88,59.38,58.12,36.62,4.25,2.5
Asphalt_0cm_S12,2026-04-25T10:01:59.382449,1,3,22,26,29,11,40,36,33,22,3,1,1,4,26,41,35,14,42,42,42,26,3,2,2,6,37,47,48,19,64,62,59,37,5,3,2,6,45,62,56,22,75,72,70,44,5,3,2,6,39,51,52,22,74,72,75,49,6,3,1,5,34,46,42,17,59,58,59,38,4,2,2,7,54,78,69,26,89,86,83,50,6,4,1,4,29,32,37,14,52,48,44,27,3,2,1.5,5.12,35.75,47.88,46.0,18.12,61.88,59.5,58.12,36.62,4.38,2.5
Asphalt_0cm_S12,2026-04-25T10:01:59.484624,1,3,22,26,29,10,40,36,33,22,3,1,1,4,26,40,35,14,42,42,42,26,3,2,2,5,37,47,48,19,64,61,59,37,5,3,1,6,45,62,56,22,75,72,70,44,5,3,2,6,39,51,52,22,74,72,75,49,6,3,1,5,34,46,42,17,59,58,59,38,4,2,2,7,54,78,69,26,89,86,83,50,6,4,1,4,29,32,37,14,52,48,44,27,3,2,1.38,5.0,35.75,47.75,46.0,18.0,61.88,59.38,58.12,36.62,4.38,2.5
Asphalt_0cm_S12,2026-04-25T10:01:59.557932,1,3,22,26,29,10,40,36,33,22,3,1,1,4,26,40,35,14,42,42,42,26,3,2,2,5,37,47,48,19,64,61,59,37,5,3,1,6,45,62,56,22,75,72,70,44,5,3,2,6,39,51,52,22,74,72,75,49,6,3,1,5,33,46,42,17,59,58,59,38,4,2,2,7,54,78,69,26,89,86,83,49,5,4,1,4,29,32,37,14,52,48,44,27,3,2,1.38,5.0,35.62,47.75,46.0,18.0,61.88,59.38,58.12,36.5,4.25,2.5
Asphalt_0cm_S12,2026-04-25T10:01:59.628615,1,3,22,26,29,11,40,37,33,21,3,2,1,4,26,40,35,14,42,42,42,26,3,2,2,5,37,47,48,19,64,61,59,37,5,2,1,6,45,62,56,22,75,72,70,44,5,3,2,6,39,51,52,22,74,72,75,49,6,3,1,5,33,46,42,17,59,58,59,38,4,2,2,7,54,78,69,26,89,86,83,49,5,4,1,4,29,32,37,14,52,48,44,27,3,2,1.38,5.0,35.62,47.75,46.0,18.12,61.88,59.5,58.12,36.38,4.25,2.5
Asphalt_0cm_S12,2026-04-25T10:01:59.699624,1,3,22,26,29,11,40,37,33,21,3,2,1,4,26,40,35,14,42,42,42,26,3,2,2,5,37,47,48,19,64,61,59,37,5,2,2,6,45,62,56,22,76,72,70,44,5,3,2,6,39,51,52,22,74,72,75,49,6,3,1,5,33,46,42,17,59,57,59,38,4,2,2,7,54,78,69,26,89,86,83,50,5,3,1,4,29,32,37,14,52,48,44,27,3,2,1.5,5.0,35.62,47.75,46.0,18.12,62.0,59.38,58.12,36.5,4.25,2.38
Asphalt_0cm_S12,2026-04-25T10:01:59.802749,1,3,22,26,29,11,40,36,33,22,2,1,1,4,26,40,35,14,42,42,42,26,3,2,2,5,37,47,48,19,64,61,59,37,5,3,2,6,45,62,56,22,76,72,70,44,5,3,2,6,39,51,52,22,74,72,75,49,6,3,1,5,33,46,42,17,59,57,59,38,4,2,2,7,54,78,69,26,89,86,83,50,5,3,1,5,29,32,37,14,52,48,44,27,3,2,1.5,5.12,35.62,47.75,46.0,18.12,62.0,59.25,58.12,36.62,4.12,2.38
Asphalt_0cm_S12,2026-04-25T10:01:59.874390,1,3,22,26,29,11,40,36,33,22,2,1,1,4,26,40,35,14,42,42,42,26,3,2,2,5,37,47,48,19,64,61,59,37,5,3,2,6,45,62,56,22,75,72,70,44,5,3,2,6,39,51,52,22,74,72,75,49,6,3,1,5,34,45,42,17,59,57,59,38,4,2,2,7,54,78,69,26,89,86,83,50,5,4,1,4,29,32,37,15,52,48,44,27,3,2,1.5,5.0,35.75,47.62,46.0,18.25,61.88,59.25,58.12,36.62,4.12,2.5
Asphalt_0cm_S12,2026-04-25T10:01:59.944908,1,3,22,26,29,11,40,37,33,22,3,2,1,4,26,40,35,14,42,42,42,26,3,2,2,5,37,47,48,19,64,61,59,37,5,3,2,6,45,62,56,22,75,72,70,44,5,3,2,6,39,51,52,22,74,72,75,49,6,3,1,5,34,45,42,17,59,57,59,38,4,2,2,7,54,78,69,26,89,86,83,50,5,4,1,4,29,32,37,15,52,48,44,27,3,2,1.5,5.0,35.75,47.62,46.0,18.25,61.88,59.38,58.12,36.62,4.25,2.62
Asphalt_0cm_S12,2026-04-25T10:02:00.015794,1,3,22,26,29,11,40,37,33,22,3,2,1,4,26,40,35,14,42,42,42,26,3,2,2,6,37,47,48,19,64,61,59,37,5,3,2,6,45,62,56,22,75,72,70,44,5,3,2,6,39,51,52,22,74,72,75,49,6,3,1,5,34,46,42,17,59,58,59,38,4,2,2,7,54,78,68,26,89,86,83,50,5,4,1,4,29,32,37,15,52,48,44,27,3,2,1.5,5.12,35.75,47.75,45.88,18.25,61.88,59.5,58.12,36.62,4.25,2.62
Asphalt_0cm_S12,2026-04-25T10:02:00.117449,1,3,22,26,29,11,40,37,33,22,2,1,1,4,26,41,35,14,42,42,42,26,3,2,2,6,37,47,48,19,64,61,59,37,5,3,2,6,45,62,56,22,75,72,70,44,5,3,2,6,39,51,52,22,74,72,75,49,6,3,1,5,34,46,42,17,59,58,59,38,4,2,2,7,54,78,68,26,89,86,83,50,5,4,1,4,29,32,37,14,52,48,44,27,3,2,1.5,5.12,35.75,47.88,45.88,18.12,61.88,59.5,58.12,36.62,4.12,2.5
Asphalt_0cm_S12,2026-04-25T10:02:00.190768,1,3,22,26,29,11,40,37,33,22,2,1,1,4,26,41,35,14,42,42,42,26,3,2,2,6,37,47,48,19,64,62,59,37,5,3,2,6,45,62,56,22,76,72,70,44,5,3,2,6,39,51,52,22,74,73,75,49,5,3,1,5,34,46,42,17,59,58,59,38,4,2,2,7,54,78,69,26,89,86,83,50,5,4,1,4,29,32,37,14,52,48,44,27,3,2,1.5,5.12,35.75,47.88,46.0,18.12,62.0,59.75,58.12,36.62,4.0,2.5
Asphalt_0cm_S12,2026-04-25T10:02:00.261600,1,3,22,26,29,10,40,37,34,22,3,1,1,4,26,41,35,14,42,42,42,26,3,2,2,6,37,47,48,19,64,62,59,37,5,3,2,6,45,62,56,22,76,72,70,44,5,3,2,6,39,51,52,22,74,73,75,49,5,3,1,5,34,46,42,17,59,58,59,38,4,2,2,7,54,78,69,26,89,86,83,50,5,4,1,4,29,32,37,14,52,48,44,27,3,2,1.5,5.12,35.75,47.88,46.0,18.0,62.0,59.75,58.25,36.62,4.12,2.5
Asphalt_0cm_S12,2026-04-25T10:02:00.330297,1,3,22,26,29,10,40,37,34,22,3,1,1,4,26,41,35,14,42,42,42,26,3,2,2,6,37,47,48,19,64,61,59,37,5,3,2,6,45,62,56,22,76,72,70,44,5,3,2,6,39,51,52,22,74,72,75,49,6,3,1,5,34,46,42,17,59,58,59,38,4,2,2,7,54,78,69,26,89,86,83,50,5,4,1,4,29,32,37,14,52,48,44,27,3,2,1.5,5.12,35.75,47.88,46.0,18.0,62.0,59.5,58.25,36.62,4.25,2.5
Asphalt_0cm_S12,2026-04-25T10:02:00.430857,1,3,22,26,29,11,40,37,33,22,3,1,1,4,26,40,35,14,42,42,42,26,3,2,2,6,37,47,48,19,64,61,59,37,5,3,2,6,45,62,56,22,76,72,70,44,5,3,2,6,39,51,52,22,74,72,75,49,6,3,2,5,34,46,42,17,59,58,59,38,4,2,2,7,54,78,69,26,89,86,83,50,5,3,1,4,29,32,37,14,52,48,44,27,3,2,1.62,5.12,35.75,47.75,46.0,18.12,62.0,59.5,58.12,36.62,4.25,2.38
Asphalt_0cm_S12,2026-04-25T10:02:00.502145,1,3,22,26,29,11,40,37,33,22,3,1,1,4,26,40,35,14,42,42,42,26,3,2,2,6,37,47,48,19,64,61,59,37,5,3,2,6,45,62,56,22,76,72,70,44,5,3,2,6,39,51,52,22,74,73,75,49,6,3,1,5,34,46,42,17,59,58,59,38,4,2,2,7,54,78,69,26,89,86,83,50,5,3,1,4,29,32,37,14,52,48,44,27,3,2,1.5,5.12,35.75,47.75,46.0,18.12,62.0,59.62,58.12,36.62,4.25,2.38
Asphalt_0cm_S12,2026-04-25T10:02:00.573362,1,3,22,26,29,10,40,37,33,22,3,1,1,4,26,40,35,14,42,42,42,26,3,2,2,6,37,47,48,19,64,61,59,37,5,3,2,6,45,62,56,22,76,72,70,44,5,3,2,6,39,51,52,22,74,73,75,49,6,3,1,5,34,46,42,17,59,58,59,38,4,2,2,7,54,78,68,26,89,86,83,49,5,4,1,4,29,32,37,14,52,48,44,27,3,2,1.5,5.12,35.75,47.75,45.88,18.0,62.0,59.62,58.12,36.5,4.25,2.5
Asphalt_0cm_S12,2026-04-25T10:02:00.643507,1,3,22,26,29,10,40,37,33,22,3,1,1,4,26,40,34,14,42,42,42,26,3,2,1,5,37,47,48,19,64,61,59,37,5,3,2,6,45,62,56,22,75,72,70,45,5,3,2,6,39,51,52,22,74,73,75,49,6,3,1,5,34,46,42,17,59,58,59,38,4,2,2,7,54,78,68,26,89,86,83,49,5,4,1,4,29,32,37,14,52,48,44,27,3,2,1.38,5.0,35.75,47.75,45.75,18.0,61.88,59.62,58.12,36.62,4.25,2.5
Asphalt_0cm_S12,2026-04-25T10:02:00.745116,1,3,22,26,29,11,40,37,34,22,3,1,1,4,26,40,34,14,42,42,42,26,3,2,1,5,37,47,48,19,64,61,59,37,5,3,2,6,45,62,56,22,75,72,70,45,5,3,2,6,39,51,52,22,74,73,75,49,6,3,2,5,34,46,42,17,59,57,59,38,4,2,2,7,54,78,69,26,89,86,83,50,6,4,1,4,29,32,37,14,52,48,44,27,3,2,1.5,5.0,35.75,47.75,45.88,18.12,61.88,59.5,58.25,36.75,4.38,2.5
Asphalt_0cm_S12,2026-04-25T10:02:00.817649,1,3,22,26,29,11,40,37,34,22,3,1,1,4,26,41,35,14,42,42,42,26,3,2,2,6,37,47,48,19,64,61,59,37,5,2,2,6,45,62,56,22,76,72,70,44,5,3,2,6,39,51,52,22,74,72,75,50,6,3,1,5,34,46,42,17,59,58,59,38,4,2,2,7,54,78,69,26,89,86,83,50,6,4,1,4,29,32,37,14,52,48,44,27,3,2,1.5,5.12,35.75,47.88,46.0,18.12,62.0,59.5,58.25,36.75,4.38,2.38
Asphalt_0cm_S12,2026-04-25T10:02:00.890799,1,3,22,26,29,11,40,37,34,22,3,1,1,4,26,41,35,14,42,42,42,26,3,2,2,6,37,47,48,19,64,61,59,37,5,2,2,6,45,62,56,22,76,72,70,44,5,3,2,6,39,51,52,22,74,72,75,50,6,3,1,5,34,46,42,17,59,58,59,38,4,2,2,7,54,78,69,26,89,86,83,50,5,4,1,4,29,32,37,14,52,48,44,27,3,2,1.5,5.12,35.75,47.88,46.0,18.12,62.0,59.5,58.25,36.75,4.25,2.38
Asphalt_0cm_S12,2026-04-25T10:02:00.959526,1,3,22,26,29,10,40,37,34,22,3,1,1,4,26,41,35,14,42,42,42,26,3,2,2,6,37,47,48,19,64,61,59,37,5,3,2,6,45,62,56,22,76,72,70,44,5,3,2,6,39,51,52,22,74,72,75,50,6,3,1,5,34,46,42,17,59,58,59,38,4,2,2,7,54,78,69,26,89,86,83,50,5,4,1,4,29,32,37,14,52,48,44,27,3,2,1.5,5.12,35.75,47.88,46.0,18.0,62.0,59.5,58.25,36.75,4.25,2.5
Asphalt_0cm_S12,2026-04-25T10:02:01.063070,1,3,22,26,29,10,40,37,34,22,3,1,1,4,26,41,35,14,42,42,42,26,3,2,2,6,37,47,48,19,64,61,59,37,5,3,2,6,45,62,56,22,76,72,70,44,5,3,2,6,39,51,52,22,74,72,75,49,6,3,1,5,34,46,42,17,59,58,59,38,4,2,2,7,54,78,69,26,89,86,83,50,5,4,1,4,29,32,37,14,52,48,44,27,3,2,1.5,5.12,35.75,47.88,46.0,18.0,62.0,59.5,58.25,36.62,4.25,2.5
Asphalt_0cm_S12,2026-04-25T10:02:01.132726,1,3,22,26,29,11,40,37,34,22,3,2,1,4,26,40,35,14,42,42,42,26,3,2,2,6,37,46,48,19,64,61,59,37,5,2,2,6,45,62,56,22,75,72,70,44,5,3,2,6,39,51,52,22,74,72,75,49,6,3,1,5,34,46,42,17,59,58,59,38,4,2,2,7,54,78,69,26,89,86,83,50,5,4,1,4,29,32,37,14,52,48,44,27,3,2,1.5,5.12,35.75,47.62,46.0,18.12,61.88,59.5,58.25,36.62,4.25,2.5
Asphalt_0cm_S12,2026-04-25T10:02:01.241850,1,3,22,26,29,11,40,37,33,22,3,1,1,4,26,40,35,14,42,42,42,26,3,2,2,6,37,46,48,19,64,61,59,37,5,2,2,6,45,62,56,22,75,72,70,44,5,3,2,6,39,51,52,22,74,72,75,49,6,3,2,5,34,46,42,17,59,58,59,38,4,2,2,7,54,78,69,26,89,86,83,50,5,4,1,4,29,32,37,14,53,48,44,27,3,2,1.62,5.12,35.75,47.62,46.0,18.12,62.0,59.5,58.12,36.62,4.25,2.38
Asphalt_0cm_S12,2026-04-25T10:02:01.325264,1,3,22,26,29,11,40,37,33,22,3,1,1,4,26,41,35,14,42,42,42,26,3,2,2,6,37,47,48,19,64,61,59,37,5,3,2,6,45,62,56,22,75,72,70,44,5,3,2,6,39,51,52,22,74,73,75,49,6,3,2,5,34,46,42,17,59,58,59,38,4,2,2,7,54,78,69,26,89,86,83,50,5,4,1,4,29,32,37,14,53,48,44,27,3,2,1.62,5.12,35.75,47.88,46.0,18.12,62.0,59.62,58.12,36.62,4.25,2.5
Asphalt_0cm_S12,2026-04-25T10:02:01.427516,1,3,22,25,29,10,40,37,33,22,3,1,1,4,26,40,35,14,42,42,42,26,3,2,2,6,37,47,48,19,64,61,59,37,5,3,2,6,45,62,56,22,75,72,70,44,5,3,2,6,39,51,52,22,74,73,75,49,6,3,1,5,34,46,42,17,59,58,59,38,4,2,2,7,54,78,69,26,89,86,83,50,5,4,1,4,29,32,37,14,52,48,44,27,3,2,1.5,5.12,35.75,47.62,46.0,18.0,61.88,59.62,58.12,36.62,4.25,2.5
Asphalt_0cm_S12,2026-04-25T10:02:01.501222,1,3,22,25,29,10,40,37,33,22,3,1,1,4,26,40,35,14,42,42,42,26,3,2,2,6,37,47,48,19,64,61,59,37,5,3,1,6,45,62,56,22,75,72,70,44,5,3,2,6,39,51,52,22,74,73,75,49,6,3,1,5,34,46,42,17,59,58,59,38,4,2,2,7,54,78,69,26,89,86,83,50,5,4,1,4,29,32,37,14,52,48,44,27,3,2,1.38,5.12,35.75,47.62,46.0,18.0,61.88,59.62,58.12,36.62,4.25,2.5
Asphalt_0cm_S12,2026-04-25T10:02:01.572586,1,3,22,26,29,10,40,36,33,22,3,1,1,4,26,40,35,14,42,42,42,26,3,2,2,6,37,47,48,19,64,61,59,37,5,3,1,6,45,62,56,22,75,72,70,44,5,3,2,6,39,51,52,22,74,73,75,49,6,3,1,5,34,46,42,17,59,58,59,38,4,2,2,7,54,78,68,26,89,86,83,50,6,4,1,4,29,32,37,15,52,48,44,27,3,2,1.38,5.12,35.75,47.75,45.88,18.12,61.88,59.5,58.12,36.62,4.38,2.5
Asphalt_0cm_S12,2026-04-25T10:02:01.677524,1,3,22,26,29,10,40,36,33,22,3,1,1,4,26,41,35,14,42,42,42,26,3,2,2,6,37,47,48,19,64,61,59,37,5,3,2,6,45,62,56,22,76,72,70,44,5,3,2,6,39,52,52,22,74,72,75,49,6,3,1,5,33,46,42,17,59,58,59,38,4,2,2,7,54,78,69,26,89,86,83,50,5,4,1,4,29,32,37,15,52,48,44,27,3,2,1.5,5.12,35.62,48.0,46.0,18.12,62.0,59.38,58.12,36.62,4.25,2.5
Asphalt_0cm_S12,2026-04-25T10:02:01.749990,1,3,22,26,29,10,40,37,33,22,3,1,1,4,26,41,35,14,42,42,42,26,3,2,2,6,37,47,48,19,64,61,59,37,5,3,2,6,45,62,56,22,76,72,70,44,5,3,2,6,39,52,52,22,74,72,75,49,6,3,1,5,33,46,42,17,59,58,59,38,4,2,2,7,54,78,69,26,89,86,83,50,5,4,1,4,29,32,37,14,52,48,44,27,3,2,1.5,5.12,35.62,48.0,46.0,18.0,62.0,59.5,58.12,36.62,4.25,2.5
Asphalt_0cm_S12,2026-04-25T10:02:01.821078,1,3,22,26,29,10,40,37,33,22,3,1,1,4,26,41,35,14,42,42,42,26,3,2,1,6,37,47,48,19,64,61,59,37,5,3,1,6,45,62,56,22,76,72,70,44,5,3,2,6,39,51,52,22,74,72,75,50,6,3,1,5,33,46,42,17,59,58,59,38,4,2,2,7,54,78,69,26,89,86,83,50,5,4,1,4,29,32,37,14,52,48,44,27,3,2,1.25,5.12,35.62,47.88,46.0,18.0,62.0,59.5,58.12,36.75,4.25,2.5
Asphalt_0cm_S12,2026-04-25T10:02:01.907863,1,3,22,26,29,10,40,37,33,22,3,1,1,4,26,41,35,14,42,42,42,26,3,2,1,6,37,47,48,19,64,61,59,37,5,3,1,6,45,62,56,22,76,72,70,44,5,3,2,6,39,51,52,22,74,72,75,50,6,3,1,5,33,46,42,17,59,58,59,38,4,2,2,7,54,78,68,26,89,86,83,50,5,4,1,4,29,32,37,14,52,48,44,27,3,2,1.25,5.12,35.62,47.88,45.88,18.0,62.0,59.5,58.12,36.75,4.25,2.5
Asphalt_0cm_S12,2026-04-25T10:02:01.993285,1,3,22,26,29,10,40,37,33,22,3,1,1,4,26,40,35,14,42,42,42,26,3,2,2,6,37,47,48,19,64,62,59,37,5,3,2,6,45,62,56,22,75,72,70,44,5,3,2,6,39,51,52,22,74,73,75,49,6,3,1,5,33,46,42,17,59,58,59,38,4,2,2,7,54,78,68,26,89,86,83,50,5,4,1,4,29,32,37,14,52,48,44,27,3,2,1.5,5.12,35.62,47.75,45.88,18.0,61.88,59.75,58.12,36.62,4.25,2.5
Asphalt_0cm_S12,2026-04-25T10:02:02.065048,1,3,22,26,29,10,40,37,33,22,3,1,1,4,26,40,35,14,42,42,42,26,3,2,2,6,37,47,48,19,64,62,59,37,5,3,2,6,45,62,56,22,75,72,70,44,5,3,2,6,39,51,52,22,74,73,75,49,6,3,1,5,34,46,42,17,59,58,59,38,4,2,2,7,54,78,69,26,89,85,83,49,5,4,1,4,29,32,37,14,52,48,44,27,3,2,1.5,5.12,35.75,47.75,46.0,18.0,61.88,59.62,58.12,36.5,4.25,2.5
Asphalt_0cm_S12,2026-04-25T10:02:02.135006,1,3,22,25,29,11,40,37,33,22,3,1,1,4,26,40,35,14,42,42,42,26,3,2,2,6,37,47,48,19,64,61,59,37,5,3,2,6,45,62,56,22,75,72,70,44,5,3,2,6,39,51,52,22,74,73,75,49,6,3,1,5,34,46,42,17,59,58,59,38,4,2,2,7,54,78,69,26,89,85,83,49,5,4,1,4,29,32,37,14,52,48,44,27,3,2,1.5,5.12,35.75,47.62,46.0,18.12,61.88,59.5,58.12,36.5,4.25,2.5
Asphalt_0cm_S12,2026-04-25T10:02:02.228991,1,3,22,25,29,11,40,37,33,22,3,1,1,4,26,40,35,14,42,42,42,26,3,2,2,6,37,47,48,19,64,61,59,37,5,3,2,6,45,62,56,22,75,72,70,44,5,3,2,6,39,51,52,22,74,72,75,49,6,3,2,5,33,46,42,17,59,58,59,38,4,2,2,7,54,78,69,26,89,86,83,50,5,4,1,4,29,32,37,14,52,48,44,27,3,2,1.62,5.12,35.62,47.62,46.0,18.12,61.88,59.5,58.12,36.62,4.25,2.5
Asphalt_0cm_S12,2026-04-25T10:02:02.299974,1,3,22,26,29,11,40,37,33,22,3,1,1,4,26,41,35,14,42,42,42,26,3,2,2,6,37,47,48,19,64,61,59,37,5,3,2,6,45,62,56,22,76,72,70,44,5,3,2,6,39,51,52,22,74,72,75,49,6,3,2,5,33,46,42,17,59,58,59,38,4,2,2,7,54,78,69,26,89,86,83,50,5,4,1,4,29,32,37,14,52,48,44,27,3,2,1.62,5.12,35.62,47.88,46.0,18.12,62.0,59.5,58.12,36.62,4.25,2.5
Asphalt_0cm_S12,2026-04-25T10:02:02.374279,1,3,22,26,29,11,40,37,33,22,3,1,1,4,26,41,35,14,42,42,42,26,3,2,2,6,37,47,48,19,64,61,59,37,5,3,2,6,45,62,56,22,76,72,70,44,5,3,2,6,39,51,52,22,74,72,75,49,6,3,1,5,34,46,42,17,59,58,59,39,4,2,2,7,54,78,69,26,89,86,83,50,5,4,1,4,29,32,37,14,52,48,44,27,3,2,1.5,5.12,35.75,47.88,46.0,18.12,62.0,59.5,58.12,36.75,4.25,2.5
Asphalt_0cm_S12,2026-04-25T10:02:02.443460,1,3,22,26,29,11,40,37,34,22,3,1,1,4,26,41,35,14,42,42,42,26,3,2,2,5,37,47,48,19,64,61,59,37,5,3,2,6,45,62,56,22,76,72,70,44,5,3,2,6,39,51,52,22,74,72,75,49,6,3,1,5,34,46,42,17,59,58,59,39,4,2,2,7,54,78,69,26,89,86,83,50,5,4,1,4,29,32,37,14,52,48,44,27,3,2,1.5,5.0,35.75,47.88,46.0,18.12,62.0,59.5,58.25,36.75,4.25,2.5
Asphalt_0cm_S12,2026-04-25T10:02:02.516961,1,3,22,26,29,11,40,37,34,22,3,1,1,4,26,41,35,14,42,42,42,26,3,2,2,5,37,47,48,19,64,61,59,37,5,3,2,6,45,62,56,22,76,72,70,44,5,3,2,6,39,51,52,22,74,72,75,49,6,3,1,5,34,46,42,17,59,58,59,38,4,2,2,7,54,78,68,26,89,86,83,50,5,4,1,4,29,32,37,15,52,48,44,27,3,2,1.5,5.0,35.75,47.88,45.88,18.25,62.0,59.5,58.25,36.62,4.25,2.5
Asphalt_0cm_S12,2026-04-25T10:02:02.590649,1,3,22,26,29,11,40,37,34,22,3,1,1,4,26,40,35,14,42,42,42,26,3,2,2,5,37,47,48,19,64,61,59,37,5,3,2,6,45,62,56,22,76,72,70,44,5,3,2,6,39,51,52,22,74,72,75,49,6,3,1,5,34,46,42,17,59,58,59,38,4,2,2,7,54,78,68,26,89,86,83,50,5,4,1,4,29,32,37,15,52,48,44,27,3,2,1.5,5.0,35.75,47.75,45.88,18.25,62.0,59.5,58.25,36.62,4.25,2.5
Asphalt_0cm_S12,2026-04-25T10:02:02.688203,1,3,22,26,29,11,40,37,34,22,3,1,1,4,26,40,35,14,42,42,42,26,3,2,2,6,37,47,48,19,64,62,59,37,5,3,2,6,45,62,56,22,76,72,70,44,5,3,2,6,39,51,52,22,74,72,75,49,6,3,1,5,33,46,42,17,59,58,59,38,4,2,2,7,54,78,69,26,89,86,83,49,5,4,1,4,29,32,37,14,52,48,44,27,3,2,1.5,5.12,35.62,47.75,46.0,18.12,62.0,59.62,58.25,36.5,4.25,2.5
Asphalt_0cm_S12,2026-04-25T10:02:02.761111,1,3,22,26,29,11,40,37,34,22,3,1,1,4,26,41,35,14,42,42,42,26,3,2,2,6,37,47,48,19,64,61,59,37,5,3,2,6,45,62,56,22,76,72,70,44,5,3,2,6,39,51,52,22,74,72,75,49,6,3,1,5,33,46,42,17,59,58,59,38,4,2,2,7,54,78,69,26,89,86,83,49,5,4,1,4,29,32,37,14,52,48,44,27,3,2,1.5,5.12,35.62,47.88,46.0,18.12,62.0,59.5,58.25,36.5,4.25,2.5
Asphalt_0cm_S12,2026-04-25T10:02:02.830838,1,3,22,26,29,11,40,37,34,22,3,1,1,4,26,41,35,14,42,42,42,26,3,2,2,6,37,47,48,19,64,61,59,37,5,3,1,6,45,62,56,22,75,72,70,44,5,3,2,6,39,51,52,22,74,72,75,49,6,3,1,5,34,46,42,17,59,58,59,38,4,2,2,7,54,78,69,26,89,86,83,50,5,4,1,4,29,32,37,14,52,48,44,27,3,2,1.38,5.12,35.75,47.88,46.0,18.12,61.88,59.5,58.25,36.62,4.25,2.5
Asphalt_0cm_S12,2026-04-25T10:02:02.904031,1,3,22,26,29,10,40,37,33,22,3,1,1,4,26,41,35,14,42,42,42,26,3,2,2,6,37,47,48,19,64,61,59,37,5,3,1,6,45,62,56,22,75,72,70,44,5,3,2,6,39,51,52,22,74,72,75,49,6,3,1,5,34,46,42,17,59,58,59,38,4,2,2,7,54,78,69,26,89,86,83,50,5,4,1,4,29,32,37,14,52,48,44,27,3,2,1.38,5.12,35.75,47.88,46.0,18.0,61.88,59.5,58.12,36.62,4.25,2.5
Asphalt_0cm_S12,2026-04-25T10:02:03.009993,1,3,22,26,29,10,40,37,33,22,3,1,1,4,26,40,35,14,42,42,42,26,3,2,2,6,37,47,48,19,64,61,59,37,5,3,1,6,45,62,56,22,76,72,70,44,5,3,2,6,39,51,52,22,74,72,76,49,6,3,1,5,34,46,42,17,59,58,59,38,4,2,2,7,54,78,69,26,89,86,83,49,5,4,1,4,29,32,37,15,52,48,44,27,3,2,1.38,5.12,35.75,47.75,46.0,18.12,62.0,59.5,58.25,36.5,4.25,2.5
Asphalt_0cm_S12,2026-04-25T10:02:03.083784,1,3,22,26,29,11,40,37,34,22,3,1,1,4,26,40,35,14,42,42,42,26,3,2,2,6,37,47,48,19,64,61,59,37,5,3,1,6,45,62,56,22,76,72,70,44,5,3,2,6,39,51,52,22,74,72,76,49,6,3,1,5,34,46,42,17,59,58,59,38,4,2,2,7,54,78,69,26,89,86,83,49,5,4,1,4,29,32,37,15,52,48,44,27,3,2,1.38,5.12,35.75,47.75,46.0,18.25,62.0,59.5,58.38,36.5,4.25,2.5
Asphalt_0cm_S12,2026-04-25T10:02:03.166324,1,3,22,26,29,11,40,37,34,22,3,1,1,4,26,40,35,14,42,42,42,26,3,2,2,6,37,47,48,19,64,61,59,37,5,3,2,6,45,62,56,22,75,72,70,45,5,3,2,6,39,51,52,22,74,72,75,49,6,3,1,5,34,46,42,17,59,58,59,38,4,2,2,7,54,78,69,26,89,86,83,50,5,4,1,4,29,32,37,15,52,48,44,27,3,2,1.5,5.12,35.75,47.75,46.0,18.25,61.88,59.5,58.25,36.75,4.25,2.5
Asphalt_0cm_S12,2026-04-25T10:02:03.259546,1,3,22,26,29,11,40,37,33,22,3,2,1,4,26,40,35,14,42,42,42,26,3,2,2,6,37,47,48,19,64,61,59,37,5,3,2,6,45,62,56,22,75,72,70,45,5,3,2,6,39,51,52,22,74,72,75,49,6,3,1,5,34,46,42,17,59,58,59,38,4,2,2,7,54,78,69,26,89,86,83,50,5,4,1,4,29,32,37,14,52,48,44,27,3,2,1.5,5.12,35.75,47.75,46.0,18.12,61.88,59.5,58.12,36.75,4.25,2.62
Asphalt_0cm_S12,2026-04-25T10:02:03.331015,1,3,22,26,29,11,40,37,33,22,3,2,1,4,26,40,35,14,42,42,42,26,3,2,2,6,37,47,48,19,64,61,59,37,5,2,2,6,45,62,56,22,75,72,70,44,5,3,2,6,39,51,52,22,74,72,75,49,5,3,1,5,34,46,42,17,59,58,59,38,4,2,2,7,54,78,68,26,89,86,83,50,5,4,1,4,29,32,37,14,52,48,44,27,3,2,1.5,5.12,35.75,47.75,45.88,18.12,61.88,59.5,58.12,36.62,4.12,2.5
Asphalt_0cm_S12,2026-04-25T10:02:03.404372,1,3,22,26,29,11,40,37,34,22,2,1,1,4,26,40,35,14,42,42,42,26,3,2,2,6,37,47,48,19,64,61,59,37,5,2,2,6,45,62,56,22,75,72,70,44,5,3,2,6,39,51,52,22,74,72,75,49,5,3,1,5,34,46,42,17,59,58,59,38,4,2,2,7,54,78,68,26,89,86,83,50,5,4,1,4,29,32,37,15,52,48,44,27,3,2,1.5,5.12,35.75,47.75,45.88,18.25,61.88,59.5,58.25,36.62,4.0,2.38
Asphalt_0cm_S12,2026-04-25T10:02:03.477805,1,3,22,26,29,11,40,37,34,22,2,1,1,4,26,40,35,14,42,42,42,26,3,2,2,5,37,47,48,19,64,61,59,37,5,2,2,6,45,62,56,22,76,72,70,44,5,3,2,6,39,51,52,22,74,72,75,49,6,3,1,5,34,46,42,17,59,58,59,38,4,2,2,7,54,78,68,26,89,86,83,50,5,4,1,4,29,32,37,15,52,48,44,27,3,2,1.5,5.0,35.75,47.75,45.88,18.25,62.0,59.5,58.25,36.62,4.12,2.38
Asphalt_0cm_S12,2026-04-25T10:02:03.573992,1,3,22,26,29,11,40,37,33,22,3,1,1,4,26,40,35,14,42,42,42,26,3,2,2,5,37,47,48,19,64,61,59,37,5,2,2,6,45,62,56,22,76,72,70,44,5,3,2,6,39,51,52,22,74,72,75,49,6,3,1,5,34,46,42,17,59,57,59,38,4,2,2,7,54,78,69,26,89,86,83,50,5,4,1,4,29,32,37,14,52,48,44,27,3,2,1.5,5.0,35.75,47.75,46.0,18.12,62.0,59.38,58.12,36.62,4.25,2.38
Asphalt_0cm_S12,2026-04-25T10:02:03.645093,1,3,22,26,29,11,40,37,33,22,3,1,1,4,26,40,35,14,42,42,42,26,3,2,2,5,37,47,48,19,64,62,59,37,5,3,1,6,45,62,56,22,76,72,70,44,5,3,2,6,39,51,52,22,74,72,75,49,6,3,1,5,33,46,42,17,59,58,59,38,4,2,2,7,54,78,69,26,89,86,83,50,5,4,1,4,29,32,37,14,52,48,44,27,3,2,1.38,5.0,35.62,47.75,46.0,18.12,62.0,59.62,58.12,36.62,4.25,2.5
Asphalt_0cm_S12,2026-04-25T10:02:03.716025,1,3,22,26,29,11,40,37,33,22,3,1,1,4,26,40,35,14,42,42,42,26,3,2,2,5,37,47,48,19,64,62,59,37,5,3,1,6,45,62,56,22,76,72,70,44,5,3,2,6,39,51,52,22,74,72,75,49,6,3,1,5,33,46,42,17,59,58,59,38,4,2,2,7,54,78,69,26,89,86,83,50,5,4,1,4,29,32,37,15,53,48,44,27,3,2,1.38,5.0,35.62,47.75,46.0,18.25,62.12,59.62,58.12,36.62,4.25,2.5
Asphalt_0cm_S12,2026-04-25T10:02:03.786549,1,3,22,25,29,11,40,37,33,22,3,1,1,4,26,40,35,14,42,42,42,26,3,2,2,6,37,47,48,19,64,62,59,37,5,3,1,6,45,62,56,22,75,72,70,44,5,3,2,6,39,51,52,22,74,72,75,49,6,3,1,5,33,46,42,17,59,58,59,38,4,2,2,7,54,78,69,26,89,86,83,50,5,4,1,4,29,32,37,15,53,48,44,27,3,2,1.38,5.12,35.62,47.62,46.0,18.25,62.0,59.62,58.12,36.62,4.25,2.5
Asphalt_0cm_S12,2026-04-25T10:02:03.893365,1,3,22,26,29,10,40,37,33,22,3,1,1,4,26,40,35,14,42,42,42,26,3,2,2,6,37,47,48,19,64,62,59,37,5,3,1,6,45,62,56,22,75,72,70,44,5,3,2,6,39,51,52,22,74,72,75,50,6,3,1,5,34,46,42,17,59,58,59,38,4,2,2,7,54,78,69,26,89,86,83,49,5,4,1,4,29,32,37,15,52,48,44,27,3,2,1.38,5.12,35.75,47.75,46.0,18.12,61.88,59.62,58.12,36.62,4.25,2.5
Asphalt_0cm_S12,2026-04-25T10:02:03.970918,1,3,22,26,29,10,40,37,33,22,3,1,1,4,26,40,35,14,42,42,42,26,3,2,1,6,37,47,48,19,64,61,59,37,5,2,2,6,45,62,56,22,76,72,70,44,5,3,2,6,39,51,52,22,74,73,75,49,6,3,1,5,34,46,42,17,59,58,59,38,4,2,2,7,54,78,69,26,89,86,83,49,5,4,1,4,29,32,37,15,52,48,44,27,3,2,1.38,5.12,35.75,47.75,46.0,18.12,62.0,59.62,58.12,36.5,4.25,2.38
Asphalt_0cm_S12,2026-04-25T10:02:04.062866,1,3,22,26,29,11,40,37,33,22,2,1,1,4,26,40,35,14,42,42,42,26,3,2,1,6,37,47,48,19,64,61,59,37,5,2,2,6,45,62,56,22,76,72,70,44,5,3,2,6,39,51,52,22,74,73,75,49,6,3,1,5,33,45,42,17,59,58,59,38,4,2,2,7,54,78,68,26,89,86,83,50,5,4,1,4,29,32,37,14,52,48,44,27,3,2,1.38,5.12,35.62,47.62,45.88,18.12,62.0,59.62,58.12,36.62,4.12,2.38
Asphalt_0cm_S12,2026-04-25T10:02:04.136066,1,3,22,26,29,11,40,37,33,22,2,1,1,4,26,40,35,14,42,42,42,26,3,2,2,5,37,47,48,19,64,62,59,37,5,3,2,6,45,62,56,22,75,72,70,44,5,3,2,6,39,51,52,22,74,72,75,49,6,3,1,5,34,46,42,17,59,58,59,38,4,2,2,7,54,78,68,26,89,86,83,50,5,4,1,4,29,32,37,14,52,48,44,27,3,2,1.5,5.0,35.75,47.75,45.88,18.12,61.88,59.62,58.12,36.62,4.12,2.5
Asphalt_0cm_S12,2026-04-25T10:02:04.208026,1,3,22,26,29,11,40,37,33,22,3,1,1,4,26,40,35,14,42,42,42,26,3,2,2,5,37,47,48,19,64,62,59,37,5,3,2,6,45,62,56,22,75,72,70,44,5,3,2,6,39,51,52,22,74,72,75,49,6,3,1,5,34,46,42,17,59,58,59,38,4,2,2,7,54,78,69,26,89,86,83,50,5,4,1,4,29,32,37,14,52,48,44,27,3,2,1.5,5.0,35.75,47.75,46.0,18.12,61.88,59.62,58.12,36.62,4.25,2.5
Asphalt_0cm_S12,2026-04-25T10:02:04.278303,1,3,22,26,29,11,40,37,33,22,3,1,1,4,26,41,35,14,42,42,42,26,3,2,2,5,37,47,48,19,64,62,59,37,5,3,2,6,45,62,56,22,75,72,70,44,5,3,2,6,39,51,52,22,74,72,75,49,6,3,1,5,34,46,42,17,59,58,59,38,4,2,2,7,54,78,69,26,89,86,83,50,5,4,1,4,29,32,37,14,52,48,44,27,3,2,1.5,5.0,35.75,47.88,46.0,18.12,61.88,59.62,58.12,36.62,4.25,2.5
Asphalt_0cm_S12,2026-04-25T10:02:04.381578,1,3,22,26,29,11,40,37,33,22,3,1,1,4,26,41,35,14,42,42,42,26,3,2,2,5,37,47,48,19,64,62,59,37,5,3,2,6,45,62,56,22,75,72,70,44,5,3,2,6,39,51,52,22,74,72,75,49,5,3,2,5,34,46,42,17,59,58,59,38,4,2,2,7,54,78,69,26,89,86,83,50,5,4,1,4,29,32,37,14,52,48,44,27,3,2,1.62,5.0,35.75,47.88,46.0,18.12,61.88,59.62,58.12,36.62,4.12,2.5
Asphalt_0cm_S12,2026-04-25T10:02:04.450450,1,3,22,26,29,11,40,37,33,22,3,2,1,4,26,41,35,14,42,42,42,26,3,2,2,6,37,47,48,19,64,61,59,37,5,2,2,6,45,62,56,22,75,71,70,44,5,3,2,6,39,51,52,22,74,72,75,49,6,3,2,5,34,46,42,17,59,58,59,38,4,2,2,7,54,78,69,26,89,86,83,50,5,4,1,4,29,32,37,14,52,48,44,27,3,2,1.62,5.12,35.75,47.88,46.0,18.12,61.88,59.38,58.12,36.62,4.25,2.5
Asphalt_0cm_S12,2026-04-25T10:02:04.523578,1,3,22,26,29,11,40,37,33,22,3,2,1,4,26,41,35,14,42,42,42,26,3,2,2,6,37,47,48,19,64,61,59,37,5,2,2,6,45,62,56,22,75,71,70,44,5,3,2,6,39,51,52,22,74,72,75,49,6,3,2,5,33,46,42,17,59,58,59,38,4,2,2,7,54,78,69,26,89,86,83,50,5,3,1,4,29,32,37,14,53,48,44,27,3,2,1.62,5.12,35.62,47.88,46.0,18.12,62.0,59.38,58.12,36.62,4.25,2.38
Asphalt_0cm_S12,2026-04-25T10:02:04.597226,1,3,22,26,29,11,40,37,34,22,3,1,1,4,26,40,35,14,42,42,42,26,3,2,2,6,37,47,48,19,64,62,59,37,5,3,2,6,45,62,56,22,76,72,70,44,5,3,2,6,39,51,52,22,74,72,75,49,6,3,2,5,33,46,42,17,59,58,59,38,4,2,2,7,54,78,69,26,89,86,83,50,5,3,1,4,29,32,37,14,53,48,44,27,3,2,1.62,5.12,35.62,47.75,46.0,18.12,62.12,59.62,58.25,36.62,4.25,2.38
Asphalt_0cm_S12,2026-04-25T10:02:04.694909,1,3,22,26,29,11,40,37,34,22,3,1,1,4,26,40,35,14,42,42,42,26,3,2,2,6,37,47,48,19,64,62,59,37,5,3,2,6,45,62,56,22,76,72,70,44,5,3,2,6,39,51,52,22,74,72,75,49,6,3,1,5,34,46,42,17,59,58,59,38,4,2,2,7,54,78,69,26,89,86,83,50,6,4,1,4,29,32,37,15,52,48,44,27,3,2,1.5,5.12,35.75,47.75,46.0,18.25,62.0,59.62,58.25,36.62,4.38,2.5
Asphalt_0cm_S12,2026-04-25T10:02:04.765039,1,3,23,26,29,11,40,37,34,22,3,2,1,4,26,41,35,14,42,42,42,26,3,2,1,6,37,47,48,19,64,62,59,37,5,3,2,6,45,62,56,22,75,72,70,44,5,3,2,6,39,51,52,22,74,72,75,49,6,3,1,5,34,46,42,17,59,58,59,38,4,2,2,7,54,78,69,26,89,86,83,50,6,4,1,4,29,32,37,15,52,48,44,27,3,2,1.38,5.12,35.88,47.88,46.0,18.25,61.88,59.62,58.25,36.62,4.38,2.62
Asphalt_0cm_S12,2026-04-25T10:02:04.837150,1,3,23,26,29,11,40,37,34,22,3,2,1,4,26,41,35,14,42,42,42,26,3,2,1,6,37,47,48,19,64,62,59,37,5,3,2,6,45,62,56,22,75,72,70,44,5,3,2,6,39,51,52,22,74,72,75,49,6,3,2,5,34,46,42,17,59,58,59,38,4,2,2,7,54,78,69,26,89,86,83,50,5,4,1,4,29,32,37,14,52,48,44,27,3,2,1.5,5.12,35.88,47.88,46.0,18.12,61.88,59.62,58.25,36.62,4.25,2.62
Asphalt_0cm_S12,2026-04-25T10:02:04.911242,1,3,22,26,29,11,40,36,34,22,3,1,1,4,26,40,34,14,42,42,42,26,3,2,1,6,37,47,48,19,64,62,59,37,5,3,2,6,45,62,56,22,75,72,70,44,5,3,2,6,39,51,52,22,74,72,75,49,6,3,2,5,34,46,42,17,59,58,59,38,4,2,2,7,54,78,69,26,89,86,83,50,5,4,1,4,29,32,37,14,52,48,44,27,3,2,1.5,5.12,35.75,47.75,45.88,18.12,61.88,59.5,58.25,36.62,4.25,2.5
Asphalt_0cm_S12,2026-04-25T10:02:05.015346,1,3,22,26,29,11,40,36,34,22,3,1,1,4,26,40,34,14,42,42,42,26,3,2,2,6,37,47,48,19,64,61,59,37,5,3,2,6,45,62,56,22,76,72,70,44,5,3,2,6,39,51,52,22,74,72,75,49,6,3,1,5,34,46,42,17,59,58,59,38,4,2,2,7,54,78,69,26,89,86,83,50,5,4,1,4,29,32,37,14,52,48,44,27,3,2,1.5,5.12,35.75,47.75,45.88,18.12,62.0,59.38,58.25,36.62,4.25,2.5
Asphalt_0cm_S12,2026-04-25T10:02:05.086353,1,3,22,26,29,11,40,37,33,22,3,1,1,4,26,41,35,14,42,42,42,26,3,2,2,6,37,47,48,19,64,62,59,37,5,3,2,6,45,62,56,22,76,72,70,44,5,3,2,6,39,51,52,22,74,72,75,49,6,3,1,5,34,46,42,17,59,58,59,38,4,2,2,7,54,78,69,26,89,86,83,50,5,4,1,4,29,32,37,14,52,48,44,27,3,2,1.5,5.12,35.75,47.88,46.0,18.12,62.0,59.62,58.12,36.62,4.25,2.5
Asphalt_0cm_S12,2026-04-25T10:02:05.157259,1,3,22,26,29,11,40,37,33,22,3,1,1,4,26,41,35,14,42,42,42,26,3,2,2,6,37,47,48,19,64,62,59,37,5,3,2,6,45,62,56,22,75,72,70,45,5,3,2,6,39,51,52,22,74,72,75,49,6,3,1,5,34,46,42,17,59,58,59,38,4,2,2,7,54,78,69,26,89,86,83,50,5,4,1,4,29,32,37,14,52,48,44,27,3,2,1.5,5.12,35.75,47.88,46.0,18.12,61.88,59.62,58.12,36.75,4.25,2.5
Asphalt_0cm_S12,2026-04-25T10:02:05.227767,1,3,22,26,29,11,40,37,33,22,3,1,1,4,26,41,34,14,42,42,42,26,3,2,2,6,37,47,48,19,64,62,59,37,5,3,2,6,45,62,56,22,75,72,70,45,5,3,2,6,39,51,52,22,74,72,75,49,6,3,1,5,34,46,42,17,59,58,59,38,4,2,2,7,54,78,69,26,89,86,83,50,5,4,1,4,29,32,37,14,52,48,44,27,3,2,1.5,5.12,35.75,47.88,45.88,18.12,61.88,59.62,58.12,36.75,4.25,2.5
Asphalt_0cm_S12,2026-04-25T10:02:05.328621,1,3,22,26,29,11,40,37,33,22,3,1,1,4,26,41,34,14,42,42,42,26,3,2,2,6,37,47,48,19,64,61,59,37,5,3,2,6,45,62,56,22,76,72,70,44,5,3,2,6,39,51,52,22,74,72,75,49,6,3,1,5,34,46,42,17,59,58,59,38,4,2,2,7,54,78,69,26,89,86,83,50,5,4,1,4,29,32,37,15,52,48,44,27,3,2,1.5,5.12,35.75,47.88,45.88,18.25,62.0,59.5,58.12,36.62,4.25,2.5
Asphalt_0cm_S12,2026-04-25T10:02:05.400966,1,3,22,26,29,11,40,37,34,22,3,1,1,4,26,40,35,14,42,42,42,26,3,2,2,6,37,47,48,19,64,61,59,37,5,3,2,6,45,62,56,22,76,72,70,44,5,3,2,6,39,51,52,22,74,72,75,49,6,3,1,5,34,46,42,17,59,58,59,38,4,2,2,7,54,78,69,26,89,86,83,50,5,4,1,4,29,32,37,15,52,48,44,27,3,2,1.5,5.12,35.75,47.75,46.0,18.25,62.0,59.5,58.25,36.62,4.25,2.5
Asphalt_0cm_S12,2026-04-25T10:02:05.511597,1,3,22,26,29,11,40,37,34,22,3,1,1,4,26,40,35,14,42,42,42,26,3,2,2,6,37,47,48,19,64,62,59,37,5,3,1,6,45,62,56,22,75,72,70,44,5,3,2,6,39,51,52,22,74,73,75,50,6,3,2,5,33,46,42,17,59,58,59,38,4,2,2,7,54,78,69,26,89,86,83,50,5,4,1,4,29,32,37,14,52,48,44,27,3,2,1.5,5.12,35.62,47.75,46.0,18.12,61.88,59.75,58.25,36.75,4.25,2.5
Asphalt_0cm_S12,2026-04-25T10:02:05.583927,1,3,22,26,29,11,40,37,33,22,3,1,1,4,26,41,35,14,42,42,42,26,3,2,2,6,37,47,48,19,64,62,59,37,5,3,2,6,45,62,56,22,76,72,70,44,5,3,2,6,39,51,52,22,74,73,75,50,6,3,2,5,33,46,42,17,59,58,59,38,4,2,2,7,54,78,69,26,89,86,83,50,5,4,1,4,29,32,37,14,52,48,44,27,3,2,1.62,5.12,35.62,47.88,46.0,18.12,62.0,59.75,58.12,36.75,4.25,2.5
Asphalt_0cm_S12,2026-04-25T10:02:05.655721,1,3,22,26,29,11,40,37,33,22,3,1,1,4,26,41,35,14,42,42,42,26,3,2,2,6,37,47,48,19,64,62,59,37,5,3,2,6,45,62,56,22,76,72,70,44,5,3,2,6,39,51,52,22,74,72,75,49,6,3,2,5,34,46,42,17,59,58,59,38,4,2,2,7,54,78,69,26,89,86,83,50,5,4,1,4,29,32,37,14,52,48,44,27,3,2,1.62,5.12,35.75,47.88,46.0,18.12,62.0,59.62,58.12,36.62,4.25,2.5
Asphalt_0cm_S12,2026-04-25T10:02:05.754462,1,3,22,26,29,10,40,37,33,22,3,1,1,4,26,40,35,14,42,42,42,26,3,2,2,6,37,47,48,19,64,62,59,37,5,3,2,6,45,62,56,22,75,72,70,44,5,3,2,6,39,51,52,22,74,72,75,49,6,3,2,5,34,46,42,17,59,58,59,38,4,2,2,7,54,78,69,26,89,86,83,50,5,4,1,4,29,32,37,14,52,48,44,27,3,2,1.62,5.12,35.75,47.75,46.0,18.0,61.88,59.62,58.12,36.62,4.25,2.5
Asphalt_0cm_S12,2026-04-25T10:02:05.826410,1,3,22,26,29,10,40,37,33,22,3,1,1,4,26,40,35,14,42,42,42,26,3,2,2,6,37,47,48,19,64,62,59,37,5,3,2,6,45,62,56,22,75,72,70,44,5,3,2,6,39,51,52,22,74,72,75,49,6,3,1,5,33,46,42,17,59,58,59,38,4,2,2,7,54,78,69,26,89,86,83,50,5,4,1,4,29,32,37,14,52,48,44,27,3,2,1.5,5.12,35.62,47.75,46.0,18.0,61.88,59.62,58.12,36.62,4.25,2.5
Asphalt_0cm_S12,2026-04-25T10:02:05.898364,1,3,22,26,29,11,40,37,33,22,3,1,1,4,26,41,34,14,42,42,42,26,3,2,2,6,37,47,48,19,64,62,59,37,5,3,2,6,45,62,56,22,75,72,70,44,5,3,2,6,39,51,52,22,74,72,75,49,6,3,1,5,33,46,42,17,59,58,59,38,4,2,2,7,54,78,69,26,89,86,83,50,5,4,1,4,29,32,37,14,52,48,44,27,3,2,1.5,5.12,35.62,47.88,45.88,18.12,61.88,59.62,58.12,36.62,4.25,2.5
Asphalt_0cm_S12,2026-04-25T10:02:05.969249,1,3,22,26,29,11,40,37,33,22,3,1,1,4,26,41,34,14,42,42,42,26,3,2,1,6,37,47,48,19,64,61,59,37,5,3,2,6,45,62,56,22,76,72,70,44,5,3,2,6,39,51,52,22,74,72,75,49,6,3,1,5,33,46,42,17,59,58,59,38,4,2,2,7,54,78,69,26,89,86,83,50,5,4,1,4,29,32,37,14,52,48,44,27,3,2,1.38,5.12,35.62,47.88,45.88,18.12,62.0,59.5,58.12,36.62,4.25,2.5
Asphalt_0cm_S12,2026-04-25T10:02:06.096224,1,3,22,26,29,11,40,37,33,22,3,1,1,4,26,40,35,14,42,42,42,26,3,2,2,6,37,47,48,19,64,62,59,37,5,3,2,6,45,62,56,22,76,72,70,44,5,3,2,6,39,51,52,22,74,72,75,49,6,3,1,5,33,46,42,17,59,58,59,38,4,2,2,7,54,78,69,26,89,86,83,50,5,4,1,4,29,32,37,15,52,48,44,27,3,2,1.5,5.12,35.62,47.75,46.0,18.25,62.0,59.62,58.12,36.62,4.25,2.5
Asphalt_0cm_S12,2026-04-25T10:02:06.199928,1,3,22,26,29,11,40,37,33,22,3,1,1,4,26,40,35,14,42,42,42,26,3,2,2,6,37,47,48,19,64,62,59,37,5,3,2,6,45,62,56,22,76,72,70,44,5,3,2,6,39,51,52,22,74,72,76,49,6,3,2,5,34,46,42,17,59,58,59,38,4,2,2,7,54,78,69,26,89,86,83,50,5,4,1,4,29,32,37,14,52,48,44,27,3,2,1.62,5.12,35.75,47.75,46.0,18.12,62.0,59.62,58.25,36.62,4.25,2.5
Asphalt_0cm_S12,2026-04-25T10:02:06.274186,1,3,22,26,29,11,40,37,33,22,3,1,1,4,26,40,35,14,42,42,42,26,3,2,2,6,37,47,48,19,64,61,59,37,5,3,2,6,45,62,56,22,76,72,70,45,5,3,2,6,38,51,52,22,74,72,75,49,6,3,2,5,34,46,42,17,59,58,59,38,4,2,2,7,54,78,69,26,89,86,83,50,5,4,1,4,29,32,37,14,52,48,44,27,3,2,1.62,5.12,35.62,47.75,46.0,18.12,62.0,59.5,58.12,36.75,4.25,2.5
Asphalt_0cm_S12,2026-04-25T10:02:06.349040,1,3,22,26,29,11,40,37,33,22,3,1,1,4,26,40,35,14,42,42,42,26,3,2,2,6,37,47,48,19,64,61,59,37,5,3,2,6,45,62,56,22,76,72,70,45,5,3,2,6,38,51,52,22,74,72,75,49,6,3,1,5,34,46,42,17,59,57,59,38,4,2,2,7,54,78,69,26,89,86,83,50,5,4,1,4,29,32,37,14,52,48,44,27,3,2,1.5,5.12,35.62,47.75,46.0,18.12,62.0,59.38,58.12,36.75,4.25,2.5
Asphalt_0cm_S12,2026-04-25T10:02:06.448098,1,3,22,26,29,11,40,37,33,22,3,1,1,4,26,40,35,14,42,42,42,26,3,2,2,6,37,47,48,19,64,61,59,37,5,2,1,6,45,62,56,22,76,72,70,44,5,3,2,6,39,51,52,22,74,72,75,49,6,3,1,5,34,46,42,17,59,58,59,38,4,2,2,7,54,78,69,26,89,86,83,50,5,4,1,4,29,32,37,14,52,48,44,27,3,2,1.38,5.12,35.75,47.75,46.0,18.12,62.0,59.5,58.12,36.62,4.25,2.38
Asphalt_0cm_S12,2026-04-25T10:02:06.520847,1,3,22,26,29,11,40,37,33,22,3,2,1,4,26,40,35,14,42,42,42,26,3,2,2,6,37,47,48,19,64,61,59,37,5,2,1,6,45,62,56,22,76,72,70,44,5,3,2,6,39,51,52,22,74,72,75,49,6,3,1,5,34,46,42,17,59,58,59,38,4,2,2,7,54,78,69,26,89,86,83,49,5,4,1,4,29,32,37,14,52,48,44,27,3,2,1.38,5.12,35.75,47.75,46.0,18.12,62.0,59.5,58.12,36.5,4.25,2.5
Asphalt_0cm_S12,2026-04-25T10:02:06.596116,1,3,22,26,29,11,40,37,33,22,3,2,1,4,26,40,35,14,42,42,42,26,3,2,2,6,37,47,48,19,64,62,59,37,5,3,2,6,45,62,56,22,76,72,70,44,5,3,2,6,39,51,52,22,74,72,75,49,6,3,1,5,34,46,42,17,59,58,59,38,4,2,2,7,54,78,69,26,89,86,83,49,5,4,1,4,29,32,37,14,52,48,44,27,3,2,1.5,5.12,35.75,47.75,46.0,18.12,62.0,59.62,58.12,36.5,4.25,2.62
Asphalt_0cm_S12,2026-04-25T10:02:06.668670,1,3,22,26,29,11,40,37,33,22,3,2,1,4,26,40,35,14,42,42,42,26,3,2,2,6,37,47,48,19,64,62,59,37,5,3,2,6,45,62,56,22,76,72,70,44,5,3,2,6,39,51,52,22,74,72,75,49,6,3,1,5,34,46,42,17,59,58,59,38,4,2,2,7,54,78,69,26,89,86,83,50,5,4,1,4,29,32,37,14,52,48,44,27,3,2,1.5,5.12,35.75,47.75,46.0,18.12,62.0,59.62,58.12,36.62,4.25,2.62
Asphalt_0cm_S12,2026-04-25T10:02:06.748920,1,3,22,26,29,11,40,37,33,22,3,1,1,4,26,41,35,14,42,42,42,26,3,2,2,6,37,47,48,19,64,62,59,37,5,3,1,6,45,62,56,22,76,72,70,44,5,3,2,6,39,51,52,21,74,72,75,49,6,3,1,5,34,46,42,17,59,58,59,38,4,2,2,7,54,78,69,26,89,86,83,50,5,4,1,4,29,32,37,14,52,48,44,27,3,2,1.38,5.12,35.75,47.88,46.0,18.0,62.0,59.62,58.12,36.62,4.25,2.5
Asphalt_0cm_S12,2026-04-25T10:02:06.819564,1,3,22,26,29,11,40,37,33,22,3,1,1,4,26,41,35,14,42,42,42,26,3,2,2,6,37,47,48,19,64,62,59,37,5,3,1,6,45,62,56,22,76,72,70,44,5,3,2,6,39,51,52,21,74,72,75,49,6,3,1,5,34,46,41,17,59,58,59,38,4,2,2,7,54,78,68,26,89,86,83,50,5,4,1,4,29,32,37,14,52,48,44,27,3,2,1.38,5.12,35.75,47.88,45.75,18.0,62.0,59.62,58.12,36.62,4.25,2.5
Asphalt_0cm_S12,2026-04-25T10:02:06.904042,1,3,22,26,29,11,40,37,33,22,3,1,1,4,26,40,35,14,42,42,42,26,3,2,2,6,37,47,48,19,64,61,59,37,5,2,1,6,45,62,56,22,76,72,70,44,5,3,2,6,39,51,52,21,74,72,75,49,6,3,1,5,34,46,41,17,59,58,59,38,4,2,2,7,54,78,68,26,89,86,83,50,5,4,1,4,29,32,37,14,52,48,44,27,3,2,1.38,5.12,35.75,47.75,45.75,18.0,62.0,59.5,58.12,36.62,4.25,2.38
Asphalt_0cm_S12,2026-04-25T10:02:07.006298,1,3,22,26,29,11,40,37,33,22,3,1,1,4,26,40,35,14,42,42,42,26,3,2,2,6,37,47,48,19,64,61,59,37,5,2,2,6,45,62,56,22,75,72,70,44,5,3,2,6,39,51,52,22,74,72,74,49,6,3,1,5,34,46,42,17,59,58,59,38,4,2,2,7,54,78,69,26,89,86,83,50,5,4,1,4,29,32,37,14,52,48,44,27,3,2,1.5,5.12,35.75,47.75,46.0,18.12,61.88,59.5,58.0,36.62,4.25,2.38
Asphalt_0cm_S12,2026-04-25T10:02:07.077323,1,3,22,26,29,11,40,37,33,22,3,1,1,4,26,40,35,14,42,42,42,26,3,2,2,6,37,47,48,19,64,61,59,37,5,3,2,6,45,62,56,22,76,72,70,45,5,3,2,6,39,51,52,22,74,72,75,49,6,3,1,5,34,46,42,17,59,58,59,38,4,2,2,7,54,78,69,26,89,86,83,50,5,4,1,4,29,32,37,14,52,48,44,27,3,2,1.5,5.12,35.75,47.75,46.0,18.12,62.0,59.5,58.12,36.75,4.25,2.5
Asphalt_0cm_S12,2026-04-25T10:02:07.150216,1,3,22,26,29,11,40,37,33,22,3,1,1,4,26,40,35,14,42,42,42,26,3,2,2,6,37,47,48,19,64,61,59,37,5,3,2,6,45,62,56,22,76,72,70,45,5,3,2,6,39,51,52,22,74,72,75,49,6,3,1,5,34,46,42,17,59,58,59,38,4,2,2,7,54,78,69,26,89,86,83,49,5,4,1,4,29,32,37,14,52,48,44,27,3,2,1.5,5.12,35.75,47.75,46.0,18.12,62.0,59.5,58.12,36.62,4.25,2.5
Asphalt_0cm_S12,2026-04-25T10:02:07.256569,1,3,22,26,29,11,40,37,33,22,3,2,1,4,26,41,35,14,42,42,42,26,3,2,2,6,37,47,48,19,64,62,59,37,5,3,1,6,45,62,56,22,75,72,70,44,5,3,2,6,39,51,52,22,74,72,75,49,6,3,1,5,34,46,42,17,59,58,59,38,4,2,2,7,54,78,69,26,89,86,83,49,5,4,1,4,29,32,37,14,52,48,44,27,3,2,1.38,5.12,35.75,47.88,46.0,18.12,61.88,59.62,58.12,36.5,4.25,2.62
Asphalt_0cm_S12,2026-04-25T10:02:07.327636,1,3,22,26,29,11,40,37,33,22,3,2,1,4,26,41,35,14,42,42,42,26,3,2,2,6,37,47,48,19,64,62,59,37,5,3,1,6,45,62,56,22,75,72,70,44,5,3,2,6,39,51,52,22,74,72,75,49,6,3,1,5,33,46,42,17,59,58,59,38,4,2,2,7,54,78,69,26,89,86,83,49,5,4,1,5,29,32,37,14,52,48,44,27,3,2,1.38,5.25,35.62,47.88,46.0,18.12,61.88,59.62,58.12,36.5,4.25,2.62
Asphalt_0cm_S12,2026-04-25T10:02:07.400819,1,3,22,26,29,11,40,37,33,22,3,1,1,4,26,40,35,14,42,42,42,26,3,2,2,5,37,47,48,19,64,62,59,37,5,3,2,6,45,62,56,22,75,72,70,44,5,3,2,6,39,51,52,22,74,72,75,49,6,3,1,5,33,46,42,17,59,58,59,38,4,2,2,7,54,78,69,26,89,86,83,49,5,4,1,5,29,32,37,14,52,48,44,27,3,2,1.5,5.12,35.62,47.75,46.0,18.12,61.88,59.62,58.12,36.5,4.25,2.5
Asphalt_0cm_S12,2026-04-25T10:02:07.472324,1,3,22,26,29,11,40,37,33,22,3,1,1,4,26,40,35,14,42,42,42,26,3,2,2,5,37,47,48,19,64,62,59,37,5,3,2,6,45,62,56,22,75,72,70,44,5,3,2,6,39,51,52,22,74,72,75,49,6,3,1,5,33,46,42,17,59,58,59,38,4,2,2,7,54,78,69,26,89,86,83,50,5,4,1,4,29,32,37,14,52,48,44,27,3,2,1.5,5.0,35.62,47.75,46.0,18.12,61.88,59.62,58.12,36.62,4.25,2.5
Asphalt_0cm_S12,2026-04-25T10:02:07.581121,1,3,22,26,29,10,40,36,33,22,2,1,1,4,26,41,35,14,42,42,42,26,3,2,2,6,37,47,48,19,64,62,59,37,5,3,1,6,45,62,56,22,76,72,70,44,5,3,2,6,39,51,52,22,74,72,75,49,6,3,1,5,33,46,42,17,59,58,59,38,4,2,2,7,54,78,69,26,89,86,83,50,5,4,1,4,29,32,37,14,52,48,44,27,3,2,1.38,5.12,35.62,47.88,46.0,18.0,62.0,59.5,58.12,36.62,4.12,2.5
Asphalt_0cm_S12,2026-04-25T10:02:07.679608,1,3,22,26,29,10,40,36,33,22,2,1,1,4,26,41,35,14,42,42,42,26,3,2,2,6,37,47,48,19,64,62,59,37,5,3,1,6,45,62,56,22,76,72,70,44,5,3,2,6,39,52,52,22,74,72,75,49,6,3,1,5,33,46,42,17,59,58,59,38,4,2,2,7,54,78,69,26,89,86,83,50,5,3,1,4,29,32,37,14,52,48,44,27,3,2,1.38,5.12,35.62,48.0,46.0,18.0,62.0,59.5,58.12,36.62,4.12,2.38
Asphalt_0cm_S12,2026-04-25T10:02:07.773548,1,3,22,26,29,10,40,37,33,22,2,1,1,4,26,41,35,14,42,42,42,26,3,2,2,6,37,47,48,19,64,62,59,37,5,3,2,6,45,62,56,22,76,72,70,44,5,3,2,6,39,51,52,22,74,72,75,49,6,3,1,5,33,46,42,17,59,58,59,38,4,2,2,7,54,78,69,26,89,86,83,50,5,3,1,4,29,32,37,14,52,48,44,27,3,2,1.5,5.12,35.62,47.88,46.0,18.0,62.0,59.62,58.12,36.62,4.12,2.38
Asphalt_0cm_S12,2026-04-25T10:02:07.876384,1,3,22,26,29,10,40,37,34,22,3,1,1,4,26,41,35,14,42,42,42,26,3,2,2,6,37,47,48,19,64,62,59,37,5,3,2,6,45,62,56,22,76,72,70,44,5,3,2,6,39,51,52,22,74,72,75,49,6,3,2,5,34,45,42,17,59,58,59,38,4,2,2,7,54,78,69,26,89,86,83,49,5,4,1,4,29,32,37,14,52,48,44,27,3,2,1.62,5.12,35.75,47.75,46.0,18.0,62.0,59.62,58.25,36.5,4.25,2.5
Asphalt_0cm_S12,2026-04-25T10:02:07.953804,1,3,22,26,29,10,40,37,34,22,3,1,1,4,26,41,35,14,42,42,42,26,3,2,2,6,37,47,48,19,64,61,59,37,5,3,2,6,45,62,56,22,76,72,70,44,5,3,2,6,39,51,52,22,74,72,75,49,6,3,1,5,34,46,42,17,59,58,59,38,4,2,2,7,54,78,69,26,89,86,83,50,5,4,1,4,29,32,37,14,52,48,44,27,3,2,1.5,5.12,35.75,47.88,46.0,18.0,62.0,59.5,58.25,36.62,4.25,2.5
Asphalt_0cm_S12,2026-04-25T10:02:08.028096,1,3,22,26,29,11,40,37,33,22,3,1,1,4,26,41,35,14,42,42,42,26,3,2,2,6,37,47,48,19,64,61,59,37,5,3,2,6,45,62,56,22,76,72,70,44,5,3,2,6,39,51,52,22,74,72,75,49,6,3,1,5,34,46,42,17,59,58,59,38,4,2,2,7,54,78,69,26,89,86,83,50,5,4,1,4,29,32,37,14,52,48,44,27,3,2,1.5,5.12,35.75,47.88,46.0,18.12,62.0,59.5,58.12,36.62,4.25,2.5
Asphalt_0cm_S12,2026-04-25T10:02:08.104235,1,3,22,26,29,11,40,37,33,22,3,1,1,4,26,41,35,14,42,42,42,26,3,2,2,6,37,47,48,19,64,61,59,37,5,3,2,6,45,62,56,22,75,72,70,44,5,3,2,6,39,51,52,22,74,72,75,49,6,3,1,5,34,46,42,17,59,58,59,38,4,2,2,7,54,78,69,26,89,86,83,50,5,4,1,4,29,32,37,14,52,48,44,27,3,2,1.5,5.12,35.75,47.88,46.0,18.12,61.88,59.5,58.12,36.62,4.25,2.5
Asphalt_0cm_S12,2026-04-25T10:02:08.204677,1,3,22,26,29,11,40,37,34,22,3,1,1,4,26,40,35,14,42,42,42,26,3,2,2,6,37,47,48,19,64,61,59,37,5,3,2,6,45,62,56,22,75,72,70,44,5,3,2,6,39,51,52,22,74,72,75,49,6,3,1,5,34,46,42,17,59,58,59,38,4,2,2,7,54,78,69,26,89,86,83,50,5,4,1,4,29,32,37,14,52,48,43,27,3,2,1.5,5.12,35.75,47.75,46.0,18.12,61.88,59.5,58.12,36.62,4.25,2.5
Asphalt_0cm_S12,2026-04-25T10:02:08.290457,1,3,22,26,29,11,40,37,34,22,3,1,1,4,26,40,35,14,42,42,42,26,3,2,2,6,37,47,48,19,64,61,59,37,5,3,1,6,45,62,56,22,76,73,70,44,5,3,2,6,39,51,52,22,74,72,75,49,6,3,2,5,33,46,42,17,59,58,59,38,4,2,2,7,54,78,69,26,89,86,83,50,5,4,1,4,29,32,37,14,52,48,43,27,3,2,1.5,5.12,35.62,47.75,46.0,18.12,62.0,59.62,58.12,36.62,4.25,2.5
Asphalt_0cm_S12,2026-04-25T10:02:08.403685,1,3,22,25,29,11,40,37,33,22,3,2,1,4,26,40,35,14,42,42,42,26,3,2,2,6,37,47,48,19,64,62,59,37,5,3,1,6,45,62,56,22,76,72,70,44,5,3,2,6,39,51,52,22,74,72,75,49,6,3,2,5,33,46,42,17,59,58,59,38,4,2,2,7,54,78,69,26,89,86,83,50,5,4,1,4,29,32,37,14,52,48,43,27,3,2,1.5,5.12,35.62,47.62,46.0,18.12,62.0,59.62,58.0,36.62,4.25,2.62
Asphalt_0cm_S12,2026-04-25T10:02:08.477913,1,3,22,25,29,11,40,37,33,22,3,2,1,4,26,40,35,14,42,42,42,26,3,2,2,6,37,47,48,19,64,62,59,37,5,3,1,6,45,62,56,22,76,72,70,44,5,3,2,6,39,51,52,22,74,72,75,49,6,3,1,5,34,46,42,17,59,58,59,39,4,2,2,7,54,78,69,26,89,86,83,50,5,4,1,4,29,32,37,15,52,48,43,26,3,2,1.38,5.12,35.75,47.62,46.0,18.25,62.0,59.62,58.0,36.62,4.25,2.62
Asphalt_0cm_S12,2026-04-25T10:02:08.584696,1,3,22,26,29,10,40,36,33,22,3,1,1,4,26,40,35,14,42,42,42,26,3,2,2,5,37,47,48,19,64,61,59,37,5,3,2,6,45,62,56,22,76,72,70,44,5,3,2,6,39,51,52,22,74,72,75,49,6,3,1,5,34,46,42,17,59,58,59,38,4,2,2,7,54,78,69,26,89,86,83,50,5,4,1,4,29,32,37,15,52,48,43,26,3,2,1.5,5.0,35.75,47.75,46.0,18.12,62.0,59.38,58.0,36.5,4.25,2.5
Asphalt_0cm_S12,2026-04-25T10:02:08.680593,1,3,22,26,29,11,40,36,33,22,2,1,1,4,26,40,35,14,42,42,42,26,3,2,2,5,37,47,48,19,64,61,59,37,5,3,2,6,45,62,56,22,76,72,70,44,5,3,2,6,39,51,52,22,74,72,75,49,6,3,1,5,34,46,42,17,59,58,59,38,4,2,2,7,54,78,69,26,89,86,83,49,5,4,1,4,29,32,37,14,52,48,43,27,3,2,1.5,5.0,35.75,47.75,46.0,18.12,62.0,59.38,58.0,36.5,4.12,2.5
Asphalt_0cm_S12,2026-04-25T10:02:08.773243,1,3,22,26,29,11,40,36,33,22,2,1,1,4,26,40,35,14,42,42,42,26,3,2,2,6,37,47,48,19,64,61,59,37,5,3,2,6,45,62,56,22,75,72,70,44,5,3,2,6,39,51,52,22,74,72,75,49,5,3,1,5,33,46,42,17,59,58,59,38,4,2,2,7,54,78,68,26,89,86,83,50,5,4,1,4,29,32,37,14,52,48,43,27,3,2,1.5,5.12,35.62,47.75,45.88,18.12,61.88,59.38,58.0,36.62,4.0,2.5
Asphalt_0cm_S12,2026-04-25T10:02:08.863561,1,3,22,25,29,11,40,36,33,22,3,1,1,4,26,41,35,14,42,41,42,26,3,2,2,6,37,47,48,19,64,61,59,37,5,3,2,6,45,62,56,22,75,72,70,44,5,3,2,6,39,51,52,22,74,72,75,49,5,3,1,5,33,46,42,17,59,58,59,38,4,2,2,7,54,78,68,26,89,86,83,50,5,4,1,4,29,32,37,14,52,48,43,27,3,2,1.5,5.12,35.62,47.75,45.88,18.12,61.88,59.25,58.0,36.62,4.12,2.5
Asphalt_0cm_S12,2026-04-25T10:02:08.986258,1,3,22,25,29,11,40,36,33,22,3,1,1,4,26,41,35,14,42,41,42,26,3,2,2,6,37,47,48,19,64,62,59,37,5,3,2,6,45,62,56,22,75,72,70,45,5,3,2,6,39,51,52,22,74,72,75,49,6,3,2,5,34,46,42,17,59,57,59,38,4,2,2,7,54,78,69,26,89,86,83,50,5,4,1,4,29,32,37,14,52,48,43,27,3,2,1.62,5.12,35.75,47.75,46.0,18.12,61.88,59.25,58.0,36.75,4.25,2.5
Asphalt_0cm_S12,2026-04-25T10:02:09.101535,1,3,22,26,29,11,40,36,33,22,2,1,1,4,26,41,35,14,42,41,42,26,3,2,2,6,37,47,48,19,64,62,59,37,5,3,2,6,45,62,56,22,75,72,70,44,5,3,2,6,39,51,52,22,74,72,75,49,6,3,1,5,33,46,42,17,59,58,59,38,4,2,2,7,54,78,69,26,89,86,83,50,5,4,1,4,29,32,37,14,52,48,43,27,3,2,1.5,5.12,35.62,47.88,46.0,18.12,61.88,59.38,58.0,36.62,4.12,2.5
Asphalt_0cm_S12,2026-04-25T10:02:09.228624,1,3,22,26,29,10,40,36,33,21,3,1,1,4,26,41,35,14,42,42,42,26,3,2,2,6,37,47,47,19,64,62,59,37,5,3,2,6,45,62,56,22,75,72,70,44,5,3,2,6,39,51,52,22,74,72,75,49,6,3,1,5,33,46,42,17,59,58,59,38,4,2,2,7,54,78,68,26,89,86,83,50,5,4,1,4,29,32,37,14,52,47,43,27,3,2,1.5,5.12,35.62,47.88,45.75,18.0,61.88,59.38,58.0,36.5,4.25,2.5
Asphalt_0cm_S12,2026-04-25T10:02:09.344481,1,3,22,26,29,11,40,36,33,22,3,2,1,4,26,40,35,14,42,42,42,26,3,2,2,6,37,47,47,19,64,62,59,37,5,3,2,6,45,62,56,22,75,72,70,44,5,3,2,6,39,51,52,22,74,72,75,49,6,3,1,5,33,46,42,17,59,58,59,38,4,2,2,7,54,78,69,26,89,86,83,50,5,4,1,4,29,32,37,14,51,47,43,26,3,2,1.5,5.12,35.62,47.75,45.88,18.12,61.75,59.38,58.0,36.5,4.25,2.62
Asphalt_0cm_S12,2026-04-25T10:02:09.443030,1,3,22,26,29,11,40,36,33,22,3,2,1,4,26,40,35,14,42,42,42,26,3,2,2,6,37,47,48,19,64,61,59,37,5,3,2,6,45,62,56,22,75,72,70,45,5,3,2,6,39,51,52,22,74,72,75,49,6,3,1,5,33,46,42,17,59,58,59,38,4,2,2,7,54,78,68,26,89,86,83,50,5,4,1,4,29,32,37,14,51,47,43,26,3,2,1.5,5.12,35.62,47.75,45.88,18.12,61.75,59.25,58.0,36.62,4.25,2.62
Asphalt_0cm_S12,2026-04-25T10:02:09.521028,1,3,22,25,29,10,40,36,33,21,3,1,1,4,26,40,34,14,42,42,42,26,3,2,2,5,37,47,48,19,64,61,59,37,5,3,2,6,45,62,56,22,75,72,70,45,5,3,2,6,39,51,52,22,74,72,75,49,6,3,1,5,33,46,42,17,59,58,59,38,4,2,2,7,54,78,68,26,89,86,83,50,5,4,1,5,29,32,37,14,52,47,43,27,3,2,1.5,5.12,35.62,47.62,45.75,18.0,61.88,59.25,58.0,36.62,4.25,2.5
Asphalt_0cm_S12,2026-04-25T10:02:09.601164,1,3,22,25,29,10,40,36,33,21,3,1,1,4,26,40,34,14,42,42,42,26,3,2,2,5,37,47,48,19,64,61,59,37,5,3,1,6,45,62,56,22,75,72,70,44,5,3,2,6,39,51,52,22,74,72,75,49,6,3,1,5,33,45,42,17,59,57,59,38,4,2,2,7,54,78,69,26,89,86,83,50,5,4,1,5,29,32,37,14,52,47,43,27,3,2,1.38,5.12,35.62,47.5,45.88,18.0,61.88,59.12,58.0,36.5,4.25,2.5
Asphalt_0cm_S12,2026-04-25T10:02:09.718307,1,3,22,26,29,10,40,36,33,21,3,1,1,4,26,40,35,14,42,42,42,26,3,2,2,6,37,47,48,19,64,62,59,37,5,3,2,6,45,62,56,22,76,72,70,44,5,3,2,6,39,51,52,22,74,72,75,49,6,3,1,5,33,45,42,17,59,57,59,38,4,2,2,7,54,78,69,26,89,86,83,50,5,4,1,4,29,32,37,14,52,48,43,26,3,2,1.5,5.12,35.62,47.62,46.0,18.0,62.0,59.38,58.0,36.38,4.25,2.5
Asphalt_0cm_S12,2026-04-25T10:02:09.792370,1,3,22,26,29,10,40,36,33,21,3,1,1,4,26,40,35,14,42,42,42,26,3,2,2,6,37,47,48,19,64,62,59,37,5,3,2,6,45,62,56,22,76,72,70,44,5,3,2,6,39,51,52,22,74,72,75,49,6,3,2,5,34,46,42,17,59,57,59,38,4,2,2,7,54,78,68,26,89,86,83,50,5,4,1,4,29,32,37,14,52,48,43,26,3,2,1.62,5.12,35.75,47.75,45.88,18.0,62.0,59.38,58.0,36.38,4.25,2.5
Asphalt_0cm_S12,2026-04-25T10:02:09.897347,1,3,22,26,29,10,40,36,33,21,2,1,1,4,26,40,35,14,42,42,42,26,3,2,2,6,37,47,48,19,64,61,59,37,5,3,2,6,45,62,56,22,75,72,70,44,5,3,2,6,39,51,52,22,74,72,75,49,6,3,2,5,34,46,42,17,59,57,59,38,4,2,2,7,54,78,68,26,89,86,83,50,5,4,1,4,29,32,37,14,52,48,43,26,3,2,1.62,5.12,35.75,47.75,45.88,18.0,61.88,59.25,58.0,36.38,4.12,2.5
Asphalt_0cm_S12,2026-04-25T10:02:09.996095,1,3,22,26,29,10,40,36,33,21,2,1,1,4,26,40,35,14,42,42,42,26,3,2,2,6,37,47,48,19,64,61,59,37,5,3,2,6,45,62,56,22,75,72,70,44,5,3,2,6,39,51,52,22,74,72,75,49,6,3,1,5,34,46,42,17,59,58,59,38,4,2,2,7,54,78,68,26,89,86,83,50,5,4,1,4,29,32,37,14,52,48,43,26,3,2,1.5,5.12,35.75,47.75,45.88,18.0,61.88,59.38,58.0,36.38,4.12,2.5
Asphalt_0cm_S12,2026-04-25T10:02:10.112235,1,3,22,26,29,11,40,37,33,22,3,2,1,4,26,40,35,14,42,42,42,26,3,2,2,6,37,47,48,19,64,62,59,37,5,3,1,6,45,62,56,22,75,72,70,44,5,3,2,6,39,51,52,22,74,72,75,49,6,3,1,5,33,45,41,17,59,57,59,38,4,2,2,7,54,78,69,26,89,86,83,50,6,4,1,4,29,32,37,14,52,48,43,26,3,2,1.38,5.12,35.62,47.62,45.88,18.12,61.88,59.5,58.0,36.5,4.38,2.62
Asphalt_0cm_S12,2026-04-25T10:02:10.219154,1,3,22,26,29,11,40,36,33,21,3,1,1,4,26,41,35,14,42,42,42,26,3,2,2,5,37,47,48,19,64,61,59,37,5,2,2,6,45,62,56,22,75,72,70,44,5,3,2,6,39,51,52,22,74,72,75,49,6,3,1,5,33,45,41,17,59,57,59,38,4,2,2,7,54,78,69,26,89,86,83,50,6,4,1,4,29,32,37,14,52,48,44,27,3,2,1.5,5.0,35.62,47.75,45.88,18.12,61.88,59.25,58.12,36.5,4.38,2.38
Asphalt_0cm_S12,2026-04-25T10:02:10.310612,1,3,22,26,29,11,40,36,33,21,3,1,1,4,26,41,35,14,42,42,42,26,3,2,2,5,37,47,48,19,64,61,59,37,5,2,2,6,45,62,56,22,75,72,70,44,5,3,2,6,39,51,52,22,74,72,75,49,6,3,1,5,33,46,42,17,59,57,59,38,4,2,2,7,54,78,69,26,89,86,83,50,5,4,1,4,29,32,37,14,52,48,43,27,3,2,1.5,5.0,35.62,47.88,46.0,18.12,61.88,59.25,58.0,36.5,4.25,2.38
Asphalt_0cm_S12,2026-04-25T10:02:10.413405,1,3,22,25,29,11,40,36,33,22,3,1,1,4,26,41,35,14,42,42,42,26,3,2,2,6,37,47,48,19,64,61,59,37,5,3,2,6,45,62,56,22,76,72,70,44,5,3,2,6,39,51,52,22,74,72,75,49,6,3,2,5,34,46,42,17,59,58,59,38,4,2,2,7,54,78,69,26,89,86,83,50,5,4,1,4,29,32,37,14,52,48,43,27,3,2,1.62,5.12,35.75,47.75,46.0,18.12,62.0,59.38,58.0,36.62,4.25,2.5
Asphalt_0cm_S12,2026-04-25T10:02:10.488215,1,3,22,25,29,11,40,36,33,22,3,1,1,4,26,41,35,14,42,42,42,26,3,2,2,6,37,47,48,19,64,61,59,37,5,3,2,6,45,62,56,22,76,72,70,44,5,3,2,6,39,51,52,22,74,72,75,49,6,3,2,5,34,46,42,17,59,58,59,38,4,2,2,7,54,78,68,26,89,86,83,50,5,4,1,4,29,32,37,14,52,47,44,27,3,2,1.62,5.12,35.75,47.75,45.88,18.12,62.0,59.25,58.12,36.62,4.25,2.5
Asphalt_0cm_S12,2026-04-25T10:02:10.626003,1,3,22,26,29,11,40,36,33,22,3,1,1,4,26,41,35,14,42,42,42,26,3,2,2,6,37,47,48,19,64,62,59,37,5,3,1,6,45,62,56,22,75,72,70,44,5,3,2,6,39,51,52,22,74,72,75,49,6,3,1,5,34,46,42,17,59,58,59,38,4,2,2,7,54,78,69,26,89,86,83,50,5,4,1,4,29,32,37,14,52,47,44,27,3,2,1.38,5.12,35.75,47.88,46.0,18.12,61.88,59.38,58.12,36.62,4.25,2.5
Asphalt_0cm_S12,2026-04-25T10:02:10.702782,1,3,22,26,29,11,40,37,33,22,3,2,1,4,26,40,35,14,42,42,42,26,3,2,2,6,37,47,48,19,64,61,59,37,5,2,2,6,45,62,57,22,75,72,70,44,5,3,2,6,39,51,52,22,74,72,75,49,6,3,1,5,34,46,42,17,59,58,59,38,4,2,2,7,54,78,69,26,89,86,83,50,5,4,1,4,29,32,37,14,52,48,43,27,3,2,1.5,5.12,35.75,47.75,46.12,18.12,61.88,59.5,58.0,36.62,4.25,2.5
Asphalt_0cm_S12,2026-04-25T10:02:10.791682,1,3,22,26,29,11,40,37,33,22,3,2,1,4,26,40,35,14,42,42,42,26,3,2,2,6,37,47,48,19,64,61,59,37,5,2,2,6,45,62,57,22,75,72,70,44,5,3,2,6,39,51,52,22,74,72,75,49,6,3,1,5,33,46,42,17,59,57,59,38,4,2,2,7,54,78,68,26,89,86,83,50,5,4,1,4,29,32,37,14,52,48,43,26,3,2,1.5,5.12,35.62,47.75,46.0,18.12,61.88,59.38,58.0,36.5,4.25,2.5
Asphalt_0cm_S12,2026-04-25T10:02:10.896249,1,3,22,25,29,11,40,36,33,22,3,1,1,4,26,40,35,14,42,42,42,26,3,2,2,6,37,47,48,19,64,61,59,37,5,2,1,6,45,62,56,22,76,72,70,44,5,3,2,6,39,51,52,22,74,72,75,49,6,3,1,5,34,46,42,17,59,58,59,38,4,2,2,7,54,78,68,26,89,86,83,50,5,4,1,4,29,32,37,14,52,48,43,26,3,2,1.38,5.12,35.75,47.62,45.88,18.12,62.0,59.38,58.0,36.5,4.25,2.38
Asphalt_0cm_S12,2026-04-25T10:02:10.980769,1,3,22,25,29,10,40,36,33,21,3,2,1,4,26,40,35,14,42,42,42,26,3,2,2,6,37,47,48,19,64,61,59,37,5,2,1,6,45,62,56,22,76,72,70,44,5,3,2,6,39,51,52,22,74,72,75,49,6,3,1,5,34,46,42,17,59,58,59,38,4,2,2,7,54,78,69,26,89,86,83,50,5,4,1,4,29,32,37,14,52,47,43,27,3,2,1.38,5.12,35.75,47.62,46.0,18.0,62.0,59.25,58.0,36.5,4.25,2.5
Asphalt_0cm_S12,2026-04-25T10:02:11.094486,1,3,22,25,29,10,40,36,33,21,3,2,1,4,26,40,35,14,42,42,42,26,3,2,2,6,37,47,48,19,64,62,59,37,5,3,2,6,45,62,56,22,76,72,70,44,5,3,2,6,39,51,52,22,74,72,75,49,6,3,1,5,34,46,42,17,59,58,59,38,4,2,2,7,54,78,68,26,89,86,83,50,5,4,1,4,29,32,37,14,52,47,43,27,3,2,1.5,5.12,35.75,47.62,45.88,18.0,62.0,59.38,58.0,36.5,4.25,2.62
Asphalt_0cm_S12,2026-04-25T10:02:11.171273,1,3,22,25,29,10,40,36,33,21,3,1,1,4,26,41,35,14,42,42,42,26,3,2,2,6,37,47,48,19,64,61,59,37,5,2,2,6,45,62,56,22,76,72,70,44,5,3,2,6,39,51,52,22,74,72,75,49,6,3,1,5,34,46,42,17,59,58,59,38,4,2,2,7,54,78,68,26,89,86,83,50,5,4,1,4,29,32,37,14,52,47,43,26,3,2,1.5,5.12,35.75,47.75,45.88,18.0,62.0,59.25,58.0,36.38,4.25,2.38
Asphalt_0cm_S12,2026-04-25T10:02:11.275990,1,3,22,25,29,10,40,36,33,21,3,1,1,4,26,41,35,14,42,42,42,26,3,2,2,6,37,47,48,19,64,61,59,37,5,2,2,6,45,62,56,22,75,72,70,44,5,3,2,6,39,51,52,22,74,72,75,49,6,3,1,5,33,46,42,17,59,58,59,38,4,2,2,7,54,78,69,26,89,86,83,50,5,4,1,4,29,32,37,14,52,47,43,26,3,2,1.5,5.12,35.62,47.75,46.0,18.0,61.88,59.25,58.0,36.38,4.25,2.38
Asphalt_0cm_S12,2026-04-25T10:02:11.350529,1,3,22,25,28,10,40,36,33,22,3,1,1,4,26,40,35,14,42,42,42,26,3,2,2,6,37,47,48,19,64,61,59,37,5,2,2,6,45,62,56,22,75,72,70,44,5,3,2,6,39,51,52,22,74,72,75,49,6,3,1,5,33,46,42,17,59,58,59,38,4,2,2,7,54,78,69,26,89,86,83,50,5,4,1,4,29,32,37,14,52,47,43,26,3,2,1.5,5.12,35.62,47.62,45.88,18.0,61.88,59.25,58.0,36.5,4.25,2.38
Asphalt_0cm_S12,2026-04-25T10:02:11.427252,1,3,22,25,28,10,40,36,33,22,3,1,1,4,26,40,35,14,42,42,42,26,3,2,2,5,37,47,48,19,64,62,59,37,5,3,1,6,45,62,56,22,75,72,70,44,5,3,2,6,39,51,52,22,74,72,75,49,6,3,2,5,33,46,42,17,59,58,59,38,4,2,2,7,54,78,69,26,89,86,83,50,5,4,1,4,29,32,37,14,52,48,43,26,3,2,1.5,5.0,35.62,47.62,45.88,18.0,61.88,59.5,58.0,36.5,4.25,2.5
Asphalt_0cm_S12,2026-04-25T10:02:11.538053,1,3,22,26,29,10,40,36,33,22,3,1,1,4,26,40,35,14,42,42,42,26,3,2,1,6,37,47,48,19,64,61,59,37,5,3,1,6,45,62,56,22,75,72,70,44,5,3,2,6,39,51,52,22,74,72,75,49,6,3,2,5,33,46,42,17,59,58,59,38,4,2,2,7,54,78,69,26,89,86,83,50,5,4,1,4,29,32,37,14,52,48,43,26,3,2,1.38,5.12,35.62,47.75,46.0,18.0,61.88,59.38,58.0,36.5,4.25,2.5
Asphalt_0cm_S12,2026-04-25T10:02:11.666242,1,3,22,26,29,10,40,36,33,21,2,1,1,4,26,40,35,14,42,42,42,26,3,2,1,6,37,47,48,19,64,61,59,37,5,3,2,6,45,62,56,22,76,72,70,44,5,3,2,6,39,51,52,22,74,72,75,49,6,3,2,5,34,46,42,17,59,58,59,38,4,2,2,7,54,78,69,26,89,86,83,50,5,4,1,4,29,32,37,13,52,47,43,26,3,2,1.5,5.12,35.75,47.75,46.0,17.88,62.0,59.25,58.0,36.38,4.12,2.5
Asphalt_0cm_S12,2026-04-25T10:02:11.800421,1,3,22,26,29,10,40,36,33,21,2,1,1,4,26,40,35,14,42,42,42,26,3,2,2,5,37,47,48,19,64,61,59,37,5,3,2,6,45,62,56,22,76,72,70,44,5,3,2,6,39,51,52,22,74,72,75,49,6,3,1,5,33,46,42,17,59,57,59,38,4,2,2,7,54,78,68,26,89,86,83,49,5,4,1,4,29,32,37,14,52,47,43,26,3,2,1.5,5.0,35.62,47.75,45.88,18.0,62.0,59.12,58.0,36.25,4.12,2.5
Asphalt_0cm_S12,2026-04-25T10:02:11.917983,1,3,22,25,29,10,40,36,33,21,3,1,1,4,26,41,35,14,42,42,42,26,3,2,2,6,37,47,48,19,64,61,59,37,5,3,2,6,45,62,56,22,75,72,70,44,5,3,2,6,39,51,52,22,74,72,75,49,6,3,1,5,33,46,42,17,59,58,59,38,4,2,2,7,53,78,68,26,89,86,83,49,5,4,1,4,29,32,37,14,52,47,43,26,3,2,1.5,5.12,35.5,47.75,45.88,18.0,61.88,59.25,58.0,36.25,4.25,2.5
Asphalt_0cm_S12,2026-04-25T10:02:12.015584,1,3,22,26,29,10,40,36,33,21,3,1,1,4,26,40,35,14,42,42,42,26,3,2,2,6,37,47,48,19,64,61,59,37,5,3,2,6,45,62,56,22,75,72,70,44,5,3,2,6,39,51,52,22,74,72,75,49,6,3,1,5,33,46,42,17,59,58,59,38,4,2,2,7,53,78,68,26,89,86,83,49,5,4,1,4,29,32,37,14,52,47,43,26,3,2,1.5,5.12,35.5,47.75,45.88,18.0,61.88,59.25,58.0,36.25,4.25,2.5
Asphalt_0cm_S12,2026-04-25T10:02:12.086364,1,3,22,26,29,10,40,36,33,21,3,1,1,4,26,40,35,14,42,42,42,26,3,2,2,6,37,47,48,19,64,61,59,37,5,3,1,6,45,62,56,22,75,72,70,44,5,3,2,6,39,51,52,22,74,72,75,49,6,3,1,5,34,46,42,17,59,58,59,38,4,2,2,7,54,78,69,26,89,86,83,50,5,4,1,4,29,32,37,14,51,47,43,26,3,2,1.38,5.12,35.75,47.75,46.0,18.0,61.75,59.25,58.0,36.38,4.25,2.5
Asphalt_0cm_S12,2026-04-25T10:02:12.158824,1,3,22,25,28,10,40,36,32,21,3,1,1,4,26,41,35,14,42,42,42,26,3,2,2,5,37,47,48,19,64,61,59,37,5,3,1,6,45,62,56,22,75,72,70,44,5,3,2,6,39,51,52,22,74,72,75,49,6,3,1,5,34,46,42,17,59,58,59,38,4,2,2,7,54,78,69,26,89,86,83,50,5,4,1,4,29,32,37,14,51,47,43,26,3,2,1.38,5.0,35.75,47.75,45.88,18.0,61.75,59.25,57.88,36.38,4.25,2.5
Asphalt_0cm_S12,2026-04-25T10:02:12.229325,1,3,22,25,28,10,40,36,32,21,3,1,1,4,26,41,35,14,42,42,42,26,3,2,2,5,37,47,48,19,64,61,59,37,5,3,1,6,45,62,56,22,75,72,70,44,5,3,2,6,39,51,52,22,74,72,75,49,6,3,1,5,33,46,42,17,59,58,59,38,4,2,2,7,54,78,69,26,89,86,83,49,5,3,1,4,29,32,37,14,51,47,43,26,3,2,1.38,5.0,35.62,47.75,45.88,18.0,61.75,59.25,57.88,36.25,4.25,2.38
Asphalt_0cm_S12,2026-04-25T10:02:12.335790,1,3,22,25,28,10,39,36,33,21,3,1,1,4,26,39,35,14,42,42,42,26,3,2,2,6,37,47,48,19,64,61,59,37,5,3,1,6,45,62,56,22,75,72,70,44,5,3,2,6,39,51,52,22,74,72,75,49,6,3,1,5,33,46,42,17,59,58,59,38,4,2,2,7,54,78,69,26,89,86,83,49,5,3,1,4,29,32,37,14,51,47,43,26,3,2,1.38,5.12,35.62,47.5,45.88,18.0,61.62,59.25,58.0,36.25,4.25,2.38
Asphalt_0cm_S12,2026-04-25T10:02:12.408673,1,3,22,25,28,10,39,36,33,21,3,1,1,4,26,39,35,14,42,42,42,26,3,2,2,6,37,47,48,19,64,61,59,37,5,3,2,6,45,62,56,22,76,72,70,44,5,3,2,6,39,51,52,22,74,72,75,49,6,3,1,5,34,46,42,17,59,58,59,38,4,2,2,7,54,78,69,26,89,86,83,50,5,4,1,4,29,32,37,14,51,47,43,26,3,2,1.5,5.12,35.75,47.5,45.88,18.0,61.75,59.25,58.0,36.38,4.25,2.5
Asphalt_0cm_S12,2026-04-25T10:02:12.481222,1,3,22,26,28,10,39,36,33,21,3,1,1,4,26,39,35,14,42,42,42,26,3,2,2,6,37,47,48,19,64,61,59,37,5,3,2,6,45,62,56,22,76,72,70,44,5,3,2,6,39,51,52,22,74,72,75,49,6,3,1,5,34,46,42,17,59,58,59,38,4,2,2,7,54,78,69,26,89,86,83,50,5,4,1,4,29,32,37,14,51,47,43,26,3,2,1.5,5.12,35.75,47.62,45.88,18.0,61.75,59.25,58.0,36.38,4.25,2.5
Asphalt_0cm_S12,2026-04-25T10:02:12.589227,1,3,22,26,28,10,39,36,33,21,3,1,1,4,26,39,35,14,42,42,42,26,3,2,2,6,37,47,48,19,64,62,59,37,5,3,2,6,45,62,56,22,75,72,70,45,5,3,2,6,39,51,52,22,74,72,75,49,6,3,1,5,33,46,42,17,59,58,59,38,4,2,2,7,54,78,69,26,89,86,83,50,5,4,1,4,28,32,36,14,51,47,43,26,3,2,1.5,5.12,35.5,47.62,45.75,18.0,61.62,59.38,58.0,36.5,4.25,2.5
Asphalt_0cm_S12,2026-04-25T10:02:12.666651,1,3,22,25,28,10,39,35,32,21,3,1,1,4,26,40,35,14,42,42,42,26,3,2,2,6,36,47,48,19,64,61,59,37,5,2,2,6,45,62,56,22,75,72,70,45,5,3,2,6,39,51,52,22,74,72,75,49,6,3,1,5,33,46,42,17,59,58,59,38,4,2,2,7,54,78,69,26,89,86,83,50,5,4,1,4,28,32,36,14,51,47,43,26,3,2,1.5,5.12,35.38,47.62,45.75,18.0,61.62,59.12,57.88,36.5,4.25,2.38
Asphalt_0cm_S12,2026-04-25T10:02:12.737850,1,3,22,25,28,10,39,35,32,21,3,1,1,4,26,40,35,14,42,42,42,26,3,2,2,6,36,47,48,19,64,61,59,37,5,2,2,6,45,62,56,22,76,72,70,44,5,3,2,6,39,52,52,22,74,72,75,49,6,3,1,5,34,46,42,17,59,58,59,38,4,2,2,7,54,78,69,26,89,86,83,50,5,4,1,4,28,32,36,14,51,47,43,26,3,2,1.5,5.12,35.5,47.75,45.75,18.0,61.75,59.12,57.88,36.38,4.25,2.38
Asphalt_0cm_S12,2026-04-25T10:02:12.841685,1,3,22,25,28,10,39,35,32,21,2,1,1,4,26,41,35,14,42,42,42,26,3,2,1,6,37,47,48,19,64,61,59,37,5,3,2,6,45,62,56,22,76,72,70,44,5,3,2,6,39,52,52,22,74,72,75,49,6,3,1,5,34,46,42,17,59,58,59,38,4,2,2,7,54,78,69,26,89,86,83,50,5,4,1,4,29,32,37,14,51,47,43,26,3,2,1.38,5.12,35.75,47.88,45.88,18.0,61.75,59.12,57.88,36.38,4.12,2.5
Asphalt_0cm_S12,2026-04-25T10:02:12.914836,1,3,22,25,28,10,39,35,32,21,2,1,1,4,26,41,35,14,42,42,42,26,3,2,1,6,37,47,48,19,64,61,59,37,5,3,2,6,45,62,56,22,75,72,70,44,5,3,2,7,39,51,52,22,74,72,75,49,6,3,2,5,34,46,42,17,59,58,59,38,4,2,2,7,54,78,69,26,89,86,83,50,5,4,1,4,29,32,37,14,51,47,43,26,3,2,1.5,5.25,35.75,47.75,45.88,18.0,61.62,59.12,57.88,36.38,4.12,2.5
Asphalt_0cm_S12,2026-04-25T10:02:12.999454,1,3,22,25,28,10,39,36,32,21,2,1,1,4,26,41,35,14,42,42,42,26,3,2,1,6,37,47,48,19,64,61,59,37,5,3,2,6,45,62,56,22,75,72,70,44,5,3,2,7,39,51,52,22,74,72,75,49,6,3,2,5,34,46,42,17,59,58,59,38,4,2,2,7,54,78,69,26,89,86,83,50,5,4,1,4,29,32,37,14,51,47,43,26,3,2,1.5,5.25,35.75,47.75,45.88,18.0,61.62,59.25,57.88,36.38,4.12,2.5
Asphalt_0cm_S12,2026-04-25T10:02:13.093548,1,3,22,25,28,10,39,36,32,21,2,1,1,4,26,41,35,14,42,42,42,26,3,2,2,6,37,47,48,19,64,62,59,37,5,3,1,6,45,62,56,22,75,72,70,44,5,3,2,6,39,51,52,22,74,72,75,49,6,3,1,5,33,46,42,17,59,58,59,38,4,2,2,7,54,78,69,26,89,86,83,50,5,4,1,4,29,32,37,14,51,47,43,26,3,2,1.38,5.12,35.62,47.75,45.88,18.0,61.62,59.38,57.88,36.38,4.12,2.5
Asphalt_0cm_S12,2026-04-25T10:02:13.169123,1,3,22,25,28,10,39,36,32,21,3,1,1,4,26,40,34,14,42,42,42,26,3,2,2,6,37,47,48,19,64,61,59,37,5,3,1,6,45,62,56,22,75,72,70,44,5,3,2,6,39,51,52,22,74,72,75,49,6,3,1,5,33,46,42,17,59,58,59,38,4,2,2,7,54,78,69,26,89,86,83,50,5,4,1,4,29,32,37,14,51,47,43,26,3,2,1.38,5.12,35.62,47.62,45.75,18.0,61.62,59.25,57.88,36.38,4.25,2.5
Asphalt_0cm_S12,2026-04-25T10:02:13.241649,1,3,22,25,28,10,39,36,32,21,3,1,1,4,26,40,34,14,42,42,42,26,3,2,2,6,37,47,48,19,64,61,59,37,5,3,2,6,45,62,56,22,76,72,70,44,5,3,2,6,39,51,52,22,74,72,75,49,6,3,1,5,33,46,42,17,59,58,59,38,4,2,2,7,54,78,69,26,89,86,83,49,5,4,1,4,29,32,36,14,51,47,43,26,3,2,1.5,5.12,35.62,47.62,45.62,18.0,61.75,59.25,57.88,36.25,4.25,2.5
Asphalt_0cm_S12,2026-04-25T10:02:13.330886,1,3,22,25,28,10,39,35,32,21,3,1,1,4,26,41,35,14,42,42,42,26,3,2,2,6,37,47,48,19,64,61,59,37,5,3,2,6,45,62,56,22,75,72,70,44,5,3,2,6,39,51,52,22,74,72,75,49,6,3,1,5,33,46,42,17,59,58,59,38,4,2,2,7,54,78,69,26,89,86,83,49,5,4,1,4,29,32,36,14,51,47,43,26,3,2,1.5,5.12,35.62,47.75,45.75,18.0,61.62,59.12,57.88,36.25,4.25,2.5
Asphalt_0cm_S12,2026-04-25T10:02:13.402876,1,3,22,25,28,10,39,35,32,21,3,1,1,4,26,41,35,14,42,42,42,26,3,2,2,6,37,47,48,19,64,61,59,37,5,3,2,6,45,62,56,22,75,72,70,44,5,3,2,6,39,51,52,22,74,72,75,49,6,3,1,5,33,46,42,17,59,58,59,38,4,2,2,7,54,78,69,26,89,86,83,50,5,3,1,4,28,32,36,14,51,47,42,26,3,2,1.5,5.12,35.5,47.75,45.75,18.0,61.62,59.12,57.75,36.38,4.25,2.38
Asphalt_0cm_S12,2026-04-25T10:02:13.477250,1,3,22,25,28,10,39,35,32,21,2,1,1,4,26,41,35,14,42,42,42,26,3,2,2,6,37,47,48,19,64,61,59,37,5,3,2,6,45,62,56,22,75,72,70,44,5,3,2,6,39,51,52,22,74,72,75,49,6,3,1,5,33,46,42,17,59,58,59,38,4,2,2,7,54,78,69,26,89,86,83,50,5,3,1,4,28,32,36,14,51,47,42,26,3,2,1.5,5.12,35.5,47.75,45.75,18.0,61.62,59.12,57.75,36.38,4.12,2.38
Asphalt_0cm_S12,2026-04-25T10:02:13.583481,1,3,22,25,28,10,39,35,32,21,2,1,1,4,26,41,35,14,42,42,42,26,3,2,2,6,37,47,48,19,64,62,59,37,5,3,2,6,45,62,56,22,76,72,70,44,5,3,2,6,39,51,52,22,74,72,75,49,6,3,2,5,34,46,42,17,59,58,59,38,4,2,2,7,54,78,69,26,89,86,83,50,5,4,1,4,28,32,36,14,51,46,42,26,3,2,1.62,5.12,35.62,47.75,45.75,18.0,61.75,59.12,57.75,36.38,4.12,2.5
Asphalt_0cm_S12,2026-04-25T10:02:13.655305,1,3,22,25,28,10,39,36,32,21,2,1,1,4,26,40,35,14,42,42,42,26,3,2,2,6,37,47,48,19,64,61,59,37,5,2,2,6,45,62,56,22,76,72,70,44,5,3,2,6,39,51,52,22,74,72,75,49,6,3,2,5,34,46,42,17,59,58,59,38,4,2,2,7,54,78,69,26,89,86,83,50,5,4,1,4,28,32,36,14,51,46,42,26,3,2,1.62,5.12,35.62,47.62,45.75,18.0,61.75,59.12,57.75,36.38,4.12,2.38
Asphalt_0cm_S12,2026-04-25T10:02:13.727796,1,3,22,25,28,10,39,36,32,21,2,1,1,4,26,40,35,14,42,42,42,26,3,2,2,6,37,47,48,19,64,61,59,37,5,2,2,6,45,62,56,22,76,72,70,44,5,3,2,6,39,51,52,22,74,72,75,49,6,3,2,5,33,46,42,17,59,58,59,38,4,2,2,7,54,78,69,26,89,86,83,50,5,4,1,4,28,31,36,14,51,46,42,26,3,2,1.62,5.12,35.5,47.5,45.75,18.0,61.75,59.12,57.75,36.38,4.12,2.38
Asphalt_0cm_S12,2026-04-25T10:02:13.799187,1,3,22,26,28,10,39,35,32,21,2,1,1,4,26,40,35,14,42,42,42,26,3,2,2,6,37,47,48,19,64,61,59,37,5,2,2,6,45,62,56,22,76,72,70,44,5,3,2,6,39,51,52,22,74,72,75,49,6,3,2,5,33,46,42,17,59,58,59,38,4,2,2,7,54,78,69,26,89,86,83,50,5,4,1,4,28,31,36,14,51,46,42,26,3,2,1.62,5.12,35.5,47.62,45.75,18.0,61.75,59.0,57.75,36.38,4.12,2.38
Asphalt_0cm_S12,2026-04-25T10:02:13.898557,1,3,22,26,28,10,39,35,32,21,2,1,1,4,26,40,35,14,42,42,42,26,3,2,2,6,37,47,48,19,64,61,59,37,5,3,2,6,46,62,56,22,76,72,70,44,5,3,2,6,39,51,52,22,74,72,75,49,6,3,2,5,34,46,42,17,59,58,59,38,4,2,2,7,54,78,69,26,89,86,83,49,5,4,1,4,28,31,36,14,51,46,42,26,3,2,1.62,5.12,35.75,47.62,45.75,18.0,61.75,59.0,57.75,36.25,4.12,2.5
Asphalt_0cm_S12,2026-04-25T10:02:13.972849,1,3,22,25,28,11,39,36,33,21,2,1,1,4,26,40,35,14,42,42,42,26,3,2,2,6,37,47,48,19,64,61,60,37,5,3,2,6,46,62,56,22,76,72,70,44,5,3,2,6,39,51,52,22,74,72,75,49,6,3,2,5,34,46,42,17,59,58,59,38,4,2,2,7,54,78,69,26,89,86,83,49,5,4,1,4,28,31,36,14,51,46,42,26,3,2,1.62,5.12,35.75,47.5,45.75,18.12,61.75,59.12,58.0,36.25,4.12,2.5
Asphalt_0cm_S12,2026-04-25T10:02:14.046863,1,3,22,25,28,11,39,36,33,21,2,1,1,4,26,40,35,14,42,42,42,26,3,2,2,6,37,47,48,19,64,61,60,37,5,3,2,6,45,62,56,22,76,72,70,44,5,3,2,6,39,51,52,22,74,72,75,49,6,3,2,5,34,46,42,17,59,57,59,38,4,2,2,7,54,78,69,26,89,86,83,50,5,4,1,4,28,31,36,14,51,46,42,26,3,2,1.62,5.12,35.62,47.5,45.75,18.12,61.75,59.0,58.0,36.38,4.12,2.5
Asphalt_0cm_S12,2026-04-25T10:02:14.151429,1,3,22,25,28,10,39,36,32,21,2,1,1,4,26,40,35,14,42,42,42,26,3,2,2,5,37,47,48,19,64,61,59,37,5,3,2,6,45,62,56,22,76,72,70,44,5,3,2,6,39,51,52,22,74,72,75,49,6,3,2,5,34,46,42,17,59,57,59,38,4,2,2,7,54,78,69,26,89,86,83,50,5,4,1,4,28,32,36,14,51,46,42,26,3,2,1.62,5.0,35.62,47.62,45.75,18.0,61.75,59.0,57.75,36.38,4.12,2.5
Asphalt_0cm_S12,2026-04-25T10:02:14.222748,1,3,22,25,28,10,39,36,32,21,2,1,1,4,26,40,35,14,42,42,42,26,3,2,2,5,37,47,48,19,64,61,59,37,5,3,1,6,45,62,57,22,75,72,70,44,5,3,2,6,39,51,52,22,74,72,75,49,6,3,2,5,34,46,42,17,59,58,59,38,4,2,2,7,54,78,69,26,89,86,83,50,5,3,1,4,28,31,36,14,51,46,42,26,3,2,1.5,5.0,35.62,47.5,45.88,18.0,61.62,59.12,57.75,36.38,4.12,2.38
Asphalt_0cm_S12,2026-04-25T10:02:14.298350,1,3,22,25,28,10,39,36,33,21,2,1,1,4,26,40,35,14,42,42,42,26,3,2,2,5,37,47,48,19,64,61,59,37,5,3,1,6,45,62,57,22,75,72,70,44,5,3,2,6,39,51,52,22,74,72,75,49,6,3,2,5,34,46,42,17,59,58,59,38,4,2,2,7,54,78,69,26,89,86,83,50,5,3,1,4,28,31,36,14,51,46,42,26,3,2,1.5,5.0,35.62,47.5,45.88,18.0,61.62,59.12,57.88,36.38,4.12,2.38
Asphalt_0cm_S12,2026-04-25T10:02:14.403667,1,3,22,25,28,10,39,36,33,21,2,1,1,4,26,40,35,14,42,42,42,26,3,2,2,6,37,47,48,19,64,62,59,37,5,3,1,6,45,62,56,22,76,72,70,44,5,3,2,6,39,51,52,22,74,72,75,49,6,3,1,5,33,46,42,17,59,57,59,38,4,2,2,7,54,78,69,26,89,86,83,50,5,4,1,4,28,31,36,14,51,46,42,26,3,2,1.38,5.12,35.5,47.5,45.75,18.0,61.75,59.12,57.88,36.38,4.12,2.5
Asphalt_0cm_S12,2026-04-25T10:02:14.477119,1,3,22,25,28,10,39,36,33,21,2,1,1,4,26,41,35,14,42,42,42,26,3,2,2,6,37,47,48,19,64,61,59,37,5,3,1,6,45,62,56,22,76,72,70,44,5,3,2,6,39,51,52,22,74,72,75,49,6,3,1,5,33,46,42,17,59,57,59,38,4,2,2,7,54,78,69,26,89,86,83,50,5,4,1,4,28,31,36,14,51,46,42,26,3,2,1.38,5.12,35.5,47.62,45.75,18.0,61.75,59.0,57.88,36.38,4.12,2.5
Asphalt_0cm_S12,2026-04-25T10:02:14.552962,1,3,22,25,28,10,39,36,33,21,2,1,1,4,26,41,35,14,42,42,42,26,3,2,2,6,37,47,48,19,64,61,59,37,5,3,2,6,45,62,56,22,75,72,70,44,5,3,2,6,39,51,52,22,74,72,75,49,6,3,1,5,34,46,42,17,59,58,59,38,4,2,2,7,54,78,69,26,89,86,83,50,5,4,1,4,28,31,36,14,51,46,42,26,3,2,1.5,5.12,35.62,47.62,45.75,18.0,61.62,59.12,57.88,36.38,4.12,2.5
Asphalt_0cm_S12,2026-04-25T10:02:14.655036,1,3,22,25,28,11,40,36,32,21,2,2,1,4,26,40,35,14,42,42,42,26,3,2,2,6,37,47,48,19,64,62,59,37,5,3,2,6,45,62,56,22,76,72,70,44,5,3,2,6,39,51,52,22,74,72,75,49,6,3,1,5,34,46,42,17,59,58,59,38,4,2,2,7,54,78,69,26,89,86,83,50,5,4,1,4,28,31,36,14,51,46,42,26,3,2,1.5,5.12,35.62,47.5,45.75,18.12,61.88,59.25,57.75,36.38,4.12,2.62
Asphalt_0cm_S12,2026-04-25T10:02:14.748461,1,3,22,25,28,11,40,36,32,21,2,2,1,4,26,40,35,14,42,42,42,26,3,2,2,6,37,47,48,19,64,62,59,37,5,3,2,6,45,62,56,22,76,72,70,44,5,3,2,6,39,51,52,22,74,72,75,49,6,3,2,5,33,46,42,17,59,58,59,38,4,2,2,7,54,78,69,26,89,86,83,50,5,4,1,4,28,32,36,14,51,46,42,26,3,2,1.62,5.12,35.5,47.62,45.75,18.12,61.88,59.25,57.75,36.38,4.12,2.62
Asphalt_0cm_S12,2026-04-25T10:02:14.846286,1,3,22,25,28,10,39,36,33,21,3,1,1,4,26,40,35,14,42,42,42,26,3,2,2,5,37,47,48,19,64,61,59,37,5,3,2,6,45,62,56,22,76,72,70,44,5,3,2,6,39,51,52,22,74,72,75,49,6,3,2,5,34,46,42,17,59,58,59,38,4,2,2,7,54,78,69,26,89,86,83,50,5,4,1,4,28,32,36,14,51,46,42,26,3,2,1.62,5.0,35.62,47.62,45.75,18.0,61.75,59.12,57.88,36.38,4.25,2.5
Asphalt_0cm_S12,2026-04-25T10:02:14.915983,1,3,22,25,28,10,39,36,33,21,3,1,1,4,26,40,35,14,42,42,42,26,3,2,2,5,37,47,48,19,64,61,59,37,5,3,2,6,45,62,56,22,76,72,70,44,5,3,2,6,39,51,52,22,74,72,75,49,6,3,2,5,34,46,42,17,59,58,59,38,4,2,2,7,54,78,69,26,89,86,83,50,5,4,1,4,28,32,36,14,51,46,42,26,3,2,1.62,5.0,35.62,47.62,45.75,18.0,61.75,59.12,57.88,36.38,4.25,2.5
Asphalt_0cm_S12,2026-04-25T10:02:14.986472,1,3,22,25,28,10,39,36,32,21,2,1,1,4,26,40,35,14,42,42,42,26,3,2,2,5,37,47,48,19,64,62,59,37,5,2,2,6,45,62,56,22,75,72,70,44,5,3,2,6,39,51,52,22,74,72,75,49,6,3,2,5,34,46,42,17,59,58,59,38,4,2,2,7,54,78,69,26,89,86,83,50,5,4,1,4,28,32,36,14,51,46,42,26,3,2,1.62,5.0,35.62,47.62,45.75,18.0,61.62,59.25,57.75,36.38,4.12,2.38
Asphalt_0cm_S12,2026-04-25T10:02:15.058015,1,3,22,25,28,10,39,36,32,21,2,1,1,4,26,40,35,14,42,42,42,26,3,2,2,5,37,47,48,19,64,62,59,37,5,2,2,6,45,62,56,22,75,72,70,44,5,3,2,6,39,51,52,22,74,72,75,49,6,3,2,5,33,46,42,17,59,58,59,38,4,2,2,7,54,78,69,26,89,86,83,50,5,4,1,4,28,31,36,14,50,46,42,26,3,2,1.62,5.0,35.5,47.5,45.75,18.0,61.5,59.25,57.75,36.38,4.12,2.38
Asphalt_0cm_S12,2026-04-25T10:02:15.164005,1,3,22,25,28,10,39,36,32,21,2,1,1,4,26,40,35,14,42,42,42,26,3,2,2,6,37,47,48,19,64,61,59,37,5,3,2,6,45,62,56,22,76,72,70,45,5,3,2,6,39,51,52,22,74,72,75,49,6,3,2,5,33,46,42,17,59,58,59,38,4,2,2,7,54,78,69,26,89,86,83,50,5,4,1,4,28,31,36,14,50,46,42,26,3,2,1.62,5.12,35.5,47.5,45.75,18.0,61.62,59.12,57.75,36.5,4.12,2.5
Asphalt_0cm_S12,2026-04-25T10:02:15.237154,1,3,22,25,28,10,39,36,32,21,2,1,1,4,26,40,35,14,42,42,42,26,3,2,2,6,37,47,48,19,64,61,59,37,5,3,2,6,45,62,56,22,76,72,70,45,5,3,2,6,39,51,52,22,74,72,75,49,6,3,1,5,34,46,42,17,59,58,59,38,4,2,2,7,54,78,68,26,89,86,83,50,5,4,1,4,28,31,36,14,50,46,42,26,3,2,1.5,5.12,35.62,47.5,45.62,18.0,61.62,59.12,57.75,36.5,4.12,2.5
Asphalt_0cm_S12,2026-04-25T10:02:15.341167,1,3,22,26,28,11,39,36,33,21,3,1,1,4,26,40,35,14,42,42,42,26,3,2,2,6,37,47,48,19,64,62,59,37,5,3,2,6,45,62,56,22,76,72,70,44,5,3,2,6,39,51,52,22,74,72,75,49,6,3,1,5,34,46,42,17,59,58,59,38,4,2,2,7,54,78,68,26,89,86,83,50,5,4,1,4,28,31,36,14,50,46,42,26,3,2,1.5,5.12,35.62,47.62,45.62,18.12,61.62,59.25,57.88,36.38,4.25,2.5
Asphalt_0cm_S12,2026-04-25T10:02:15.434833,1,3,22,26,28,11,39,36,33,21,3,1,1,4,26,40,35,14,42,42,42,26,3,2,2,6,37,47,48,19,64,62,59,37,5,3,2,6,45,62,56,22,76,72,70,44,5,3,2,6,39,51,52,22,74,72,75,49,6,3,1,5,34,46,42,17,59,58,59,38,4,2,2,7,54,78,69,26,89,86,83,50,5,4,1,4,28,32,36,14,51,46,42,26,3,2,1.5,5.12,35.62,47.75,45.75,18.12,61.75,59.25,57.88,36.38,4.25,2.5
Asphalt_0cm_S12,2026-04-25T10:02:15.566235,1,3,22,25,28,10,39,35,32,21,2,1,1,4,26,40,35,14,42,42,42,26,3,2,2,6,37,47,48,19,64,62,59,37,5,3,2,6,45,62,56,22,75,72,70,44,5,3,2,6,39,51,52,22,74,72,75,49,6,3,1,5,34,46,42,17,59,58,59,38,4,2,2,7,54,78,69,26,89,86,83,50,5,4,1,4,28,32,36,14,51,46,42,26,3,2,1.5,5.12,35.62,47.62,45.75,18.0,61.62,59.12,57.75,36.38,4.12,2.5
Asphalt_0cm_S12,2026-04-25T10:02:15.682394,1,3,22,25,28,10,39,36,33,21,2,1,1,4,26,41,35,14,42,42,42,26,3,2,2,6,37,47,48,19,64,62,59,37,5,3,2,6,45,62,56,22,75,72,70,44,5,3,2,6,39,51,52,22,74,72,75,49,5,3,1,5,34,46,42,17,59,58,59,38,4,2,2,7,54,78,69,26,89,86,83,50,5,4,1,4,28,32,36,14,51,46,42,26,3,2,1.5,5.12,35.62,47.75,45.75,18.0,61.62,59.25,57.88,36.38,4.0,2.5
Asphalt_0cm_S12,2026-04-25T10:02:15.795434,1,3,22,25,28,10,39,36,32,21,2,1,1,4,26,40,35,14,42,42,42,26,3,2,2,6,37,46,48,19,64,61,59,37,5,3,2,6,45,62,56,22,75,72,70,44,5,3,2,6,39,51,52,22,74,72,75,49,5,3,2,5,34,46,42,17,59,57,59,38,4,2,2,7,54,78,69,26,89,86,83,50,5,4,1,4,28,32,36,14,51,46,42,26,3,2,1.62,5.12,35.62,47.5,45.75,18.0,61.62,59.0,57.75,36.38,4.0,2.5
Asphalt_0cm_S12,2026-04-25T10:02:15.879691,1,3,22,25,28,10,39,36,32,21,2,1,1,4,26,40,35,14,42,42,42,26,3,2,2,6,37,46,48,19,64,61,59,37,5,3,2,6,45,62,56,22,76,72,70,44,5,3,2,6,39,51,52,22,74,72,75,49,6,3,1,5,34,46,42,17,59,58,59,38,4,2,2,7,54,78,69,26,89,86,83,50,5,4,1,4,28,32,36,14,51,46,42,26,3,2,1.5,5.12,35.62,47.5,45.75,18.0,61.75,59.12,57.75,36.38,4.12,2.5
Asphalt_0cm_S12,2026-04-25T10:02:15.983757,1,3,22,25,28,10,39,35,32,21,3,1,1,4,26,40,35,14,42,42,42,26,3,2,2,6,37,47,48,19,64,61,59,37,5,3,2,6,45,62,56,22,75,72,70,44,5,3,2,6,39,51,52,22,74,72,75,49,6,3,1,5,34,46,42,17,59,58,59,38,4,2,2,7,54,78,69,26,89,86,83,50,5,4,1,4,29,32,36,14,51,46,42,26,3,2,1.5,5.12,35.75,47.62,45.75,18.0,61.62,59.0,57.75,36.38,4.25,2.5
Asphalt_0cm_S12,2026-04-25T10:02:16.056597,1,3,22,25,28,10,39,35,32,21,3,1,1,4,26,40,35,14,42,42,42,26,3,2,2,6,37,47,48,19,64,61,59,37,5,3,2,6,45,62,56,22,75,72,70,44,5,3,2,6,39,51,52,22,74,72,75,49,6,3,1,5,33,46,42,17,59,58,59,38,4,2,2,7,54,78,69,26,89,86,83,50,5,4,1,4,28,31,36,14,51,46,42,26,3,2,1.5,5.12,35.5,47.5,45.75,18.0,61.62,59.0,57.75,36.38,4.25,2.5
Asphalt_0cm_S12,2026-04-25T10:02:16.131404,1,3,22,25,28,10,39,36,33,21,3,1,1,4,26,40,35,14,42,42,42,26,3,2,2,5,37,47,48,19,64,62,59,37,5,2,2,6,45,62,56,22,75,72,70,44,5,3,2,6,39,51,52,22,74,72,75,49,6,3,1,5,33,46,42,17,59,58,59,38,4,2,2,7,54,78,69,26,89,86,83,50,5,4,1,4,28,31,36,14,51,46,42,26,3,2,1.5,5.0,35.5,47.5,45.75,18.0,61.62,59.25,57.88,36.38,4.25,2.38
Asphalt_0cm_S12,2026-04-25T10:02:16.239351,1,3,22,25,28,10,39,36,33,21,3,1,1,4,26,40,35,14,42,42,42,26,3,2,2,5,37,47,48,19,64,62,59,37,5,2,2,6,45,62,56,22,75,72,70,44,5,3,2,6,39,51,52,22,74,72,75,49,5,3,1,5,34,46,42,17,59,58,59,38,4,2,2,7,54,78,68,26,89,86,83,50,5,4,1,4,28,32,36,14,51,46,42,26,3,2,1.5,5.0,35.62,47.62,45.62,18.0,61.62,59.25,57.88,36.38,4.12,2.38
Asphalt_0cm_S12,2026-04-25T10:02:16.312735,1,3,22,25,28,10,39,35,33,21,2,2,1,4,26,40,35,14,42,42,42,26,3,2,2,5,37,47,48,19,64,62,59,37,5,3,2,6,45,62,56,22,75,72,70,44,5,3,2,6,39,51,52,22,74,72,75,49,6,3,1,5,34,46,42,17,59,58,59,38,4,2,2,7,54,78,68,26,89,86,83,50,5,4,1,4,28,32,36,14,51,46,42,26,3,2,1.5,5.0,35.62,47.62,45.62,18.0,61.62,59.12,57.88,36.38,4.12,2.62
Asphalt_0cm_S12,2026-04-25T10:02:16.383314,1,3,22,25,28,10,39,35,33,21,2,2,1,4,26,40,35,14,42,42,42,26,3,2,2,5,37,47,48,19,64,62,59,37,5,3,2,6,45,62,56,22,75,72,70,44,5,3,2,6,39,51,52,22,74,72,75,49,6,3,1,5,34,46,42,17,59,58,59,38,4,2,2,7,54,78,69,26,89,86,83,50,5,4,1,4,28,32,36,14,51,46,42,26,3,2,1.5,5.0,35.62,47.62,45.75,18.0,61.62,59.12,57.88,36.38,4.12,2.62
Asphalt_0cm_S12,2026-04-25T10:02:16.488806,1,3,22,25,28,10,39,35,32,21,2,1,1,4,26,41,35,14,42,42,42,26,3,2,2,6,37,47,48,19,64,61,59,37,5,3,1,6,45,62,56,22,76,72,70,44,5,3,2,6,39,51,52,22,74,72,75,49,6,3,1,5,34,46,42,17,59,58,59,38,4,2,2,7,54,78,69,26,89,86,83,50,5,4,1,4,28,32,36,14,51,46,42,26,3,2,1.38,5.12,35.62,47.75,45.75,18.0,61.75,59.0,57.75,36.38,4.12,2.5
Asphalt_0cm_S12,2026-04-25T10:02:16.566594,1,3,22,25,28,10,39,35,32,21,2,1,1,4,26,41,35,14,42,42,42,26,3,2,2,6,37,47,48,19,64,61,59,37,5,3,1,6,45,62,56,22,76,72,70,44,5,3,2,6,39,51,52,22,74,72,75,49,6,3,1,5,34,46,42,17,59,58,59,38,4,2,2,7,54,78,68,26,89,86,83,50,5,4,1,4,28,32,36,14,51,46,42,26,3,2,1.38,5.12,35.62,47.75,45.62,18.0,61.75,59.0,57.75,36.38,4.12,2.5
Asphalt_0cm_S12,2026-04-25T10:02:16.637548,1,3,22,25,28,10,39,36,33,21,2,1,1,4,26,40,35,14,42,42,42,26,3,2,2,6,37,47,48,19,64,62,59,37,5,3,2,6,45,62,56,22,75,72,70,44,5,3,2,6,39,51,52,22,74,72,75,49,6,3,1,5,34,46,42,17,59,58,59,38,4,2,2,7,54,78,68,26,89,86,83,50,5,4,1,4,28,32,36,14,51,46,42,26,3,2,1.5,5.12,35.62,47.62,45.62,18.0,61.62,59.25,57.88,36.38,4.12,2.5
Asphalt_0cm_S12,2026-04-25T10:02:16.743598,1,3,22,25,28,10,39,36,33,21,2,1,1,4,26,40,35,14,42,42,42,26,3,2,2,6,37,47,48,19,64,62,59,37,5,3,2,6,45,62,56,22,75,72,70,44,5,3,2,6,39,51,52,22,74,72,75,49,6,3,1,5,34,46,42,17,59,58,59,38,4,2,2,7,54,78,69,26,89,86,83,49,5,4,1,4,29,32,36,14,51,47,43,26,3,2,1.5,5.12,35.75,47.62,45.75,18.0,61.62,59.38,58.0,36.25,4.12,2.5
Asphalt_0cm_S12,2026-04-25T10:02:16.817168,1,3,22,26,28,10,39,36,33,21,2,1,1,4,26,40,35,14,42,42,42,26,3,2,2,5,37,47,48,19,64,62,59,37,5,3,2,6,45,62,56,22,75,72,70,44,5,3,2,6,39,51,52,22,74,72,75,49,6,3,1,5,34,46,42,17,59,58,59,38,4,2,2,7,54,78,69,26,89,86,83,49,5,4,1,4,29,32,36,14,51,47,43,26,3,2,1.5,5.0,35.75,47.75,45.75,18.0,61.62,59.38,58.0,36.25,4.12,2.5
Asphalt_0cm_S12,2026-04-25T10:02:16.892859,1,3,22,26,28,10,39,36,33,21,2,1,1,4,26,40,35,14,42,42,42,26,3,2,2,5,37,47,48,19,64,62,59,37,5,3,2,6,45,62,56,22,75,72,70,44,5,3,2,6,39,51,52,22,74,72,75,49,6,3,1,5,34,46,42,17,59,57,59,39,4,2,2,7,54,78,69,26,89,86,83,50,5,4,1,4,29,32,36,14,51,47,42,26,3,2,1.5,5.0,35.75,47.75,45.75,18.0,61.62,59.25,57.88,36.5,4.12,2.5
Asphalt_0cm_S12,2026-04-25T10:02:16.995093,1,3,22,25,28,10,39,36,32,21,3,1,1,4,26,40,35,14,42,42,42,26,3,2,2,5,37,47,48,19,64,61,59,37,5,3,2,6,45,62,56,22,75,72,70,44,5,3,2,6,39,51,52,22,74,72,75,49,6,3,2,5,34,46,42,17,59,58,59,38,4,2,2,7,54,78,69,26,89,86,83,50,5,4,1,4,29,32,36,14,51,47,42,26,3,2,1.62,5.0,35.75,47.62,45.75,18.0,61.62,59.25,57.75,36.38,4.25,2.5
Asphalt_0cm_S12,2026-04-25T10:02:17.068316,1,3,22,25,28,10,39,36,32,21,3,1,1,4,26,40,35,14,42,42,42,26,3,2,2,5,37,47,48,19,64,61,59,37,5,3,2,6,45,62,56,22,75,72,70,44,5,3,2,6,39,51,52,22,74,72,75,49,6,3,2,5,34,46,42,17,59,58,59,38,4,2,2,7,54,78,69,26,89,86,83,50,5,4,1,4,28,32,36,14,51,46,42,26,3,2,1.62,5.0,35.62,47.62,45.75,18.0,61.62,59.12,57.75,36.38,4.25,2.5
Asphalt_0cm_S12,2026-04-25T10:02:17.161996,1,3,22,25,28,10,39,36,32,21,2,1,1,4,26,41,35,14,42,42,42,26,3,2,2,6,37,47,48,19,64,62,59,37,5,3,2,6,45,62,57,22,76,72,70,44,5,3,2,6,39,51,52,22,74,72,75,49,6,3,2,5,34,46,42,17,59,58,59,38,4,2,2,7,54,78,69,26,89,86,83,50,5,4,1,4,28,32,36,14,51,46,42,26,3,2,1.62,5.12,35.62,47.75,45.88,18.0,61.75,59.25,57.75,36.38,4.12,2.5
Asphalt_0cm_S12,2026-04-25T10:02:17.269702,1,3,22,25,28,10,39,36,32,21,2,1,1,4,26,41,35,14,42,42,42,26,3,2,2,6,37,47,48,19,64,62,59,37,5,3,2,6,45,62,57,22,76,72,70,44,5,3,2,6,39,51,52,22,74,72,75,49,6,3,1,5,34,46,42,17,59,58,59,37,4,2,2,7,54,78,69,26,89,86,83,50,5,3,1,4,28,30,36,14,51,46,42,26,3,2,1.5,5.12,35.62,47.5,45.88,18.0,61.75,59.25,57.75,36.25,4.12,2.38
Asphalt_0cm_S12,2026-04-25T10:02:17.376860,1,3,22,25,28,10,39,36,32,21,2,1,1,4,26,40,34,14,42,42,42,26,3,2,2,6,37,47,48,19,64,61,59,37,5,2,2,6,45,62,57,22,76,72,70,44,5,3,2,6,39,51,52,22,74,72,75,49,6,3,1,5,34,46,42,17,59,58,59,38,4,2,2,7,54,78,69,26,89,86,83,50,5,4,1,4,29,32,36,14,51,47,42,26,3,2,1.5,5.12,35.75,47.62,45.75,18.0,61.75,59.25,57.75,36.38,4.12,2.38
Asphalt_0cm_S12,2026-04-25T10:02:17.451983,1,3,22,25,28,10,39,36,33,21,2,1,1,4,26,40,35,14,42,42,42,26,3,2,2,6,37,47,48,19,64,62,59,37,5,2,2,6,45,62,57,22,76,72,70,44,5,3,2,6,39,51,52,22,74,72,75,49,6,3,1,5,34,46,42,17,59,58,59,38,4,2,2,7,54,78,69,26,89,86,83,50,5,4,1,4,29,32,36,14,51,47,42,26,3,2,1.5,5.12,35.75,47.62,45.88,18.0,61.75,59.38,57.88,36.38,4.12,2.38
Asphalt_0cm_S12,2026-04-25T10:02:17.548995,1,3,22,25,28,10,39,36,33,21,2,1,1,4,26,40,35,14,42,42,42,26,3,2,2,6,37,47,48,19,64,62,59,37,5,2,1,6,45,62,56,22,75,72,70,44,5,3,2,6,39,51,52,22,74,72,75,49,6,3,1,5,34,46,42,17,59,58,59,38,4,2,2,7,54,78,69,26,89,86,83,50,5,4,1,4,28,32,36,14,51,46,42,26,3,2,1.38,5.12,35.62,47.62,45.75,18.0,61.62,59.25,57.88,36.38,4.12,2.38
Asphalt_0cm_S12,2026-04-25T10:02:17.618660,1,3,22,25,28,11,40,36,33,21,2,1,1,4,26,40,35,14,42,42,42,26,3,2,2,6,37,47,48,19,64,62,59,37,5,3,1,6,45,62,56,22,75,72,70,44,5,3,2,6,39,51,52,22,74,72,75,49,6,3,1,5,34,46,42,17,59,58,59,38,4,2,2,7,54,78,69,26,89,86,83,50,5,4,1,4,28,32,36,14,51,46,42,26,3,2,1.38,5.12,35.62,47.62,45.75,18.12,61.75,59.25,57.88,36.38,4.12,2.5
Asphalt_0cm_S12,2026-04-25T10:02:17.688559,1,3,22,25,28,11,40,36,33,21,2,1,1,4,26,40,35,14,42,42,42,26,3,2,2,6,37,47,48,19,64,62,59,37,5,3,2,6,45,62,56,22,75,72,70,44,5,3,2,6,39,51,52,22,74,72,75,49,6,3,1,5,34,45,42,17,59,58,59,38,4,2,2,7,54,78,69,26,89,86,83,50,5,4,1,4,29,32,36,14,51,46,42,26,3,2,1.5,5.12,35.75,47.5,45.75,18.12,61.75,59.25,57.88,36.38,4.12,2.5
Asphalt_0cm_S12,2026-04-25T10:02:17.765394,1,3,22,25,28,11,39,36,33,21,3,1,1,4,26,40,35,14,42,42,42,26,3,2,2,6,37,47,48,19,64,62,59,37,5,3,2,6,45,62,56,22,75,72,70,44,5,3,2,6,39,51,52,22,74,72,75,49,6,3,1,5,34,45,42,17,59,58,59,38,4,2,2,7,54,78,69,26,89,86,83,50,5,4,1,4,29,32,36,14,51,46,42,26,3,2,1.5,5.12,35.75,47.5,45.75,18.12,61.62,59.25,57.88,36.38,4.25,2.5
Asphalt_0cm_S12,2026-04-25T10:02:17.867030,1,3,22,25,28,11,39,36,33,21,3,1,1,4,26,40,35,14,42,42,42,26,3,2,2,6,37,47,48,19,64,61,59,37,5,2,2,6,45,62,56,22,75,72,70,44,5,3,2,6,39,51,52,22,74,72,75,49,6,3,1,5,34,46,42,17,59,58,59,38,4,2,2,7,54,78,68,26,89,86,83,50,5,4,1,4,29,32,36,14,51,46,42,26,3,2,1.5,5.12,35.75,47.62,45.62,18.12,61.62,59.12,57.88,36.38,4.25,2.38
Asphalt_0cm_S12,2026-04-25T10:02:17.937223,1,3,22,25,28,10,40,36,33,21,3,1,1,4,26,40,34,14,42,42,42,26,3,2,2,5,37,47,48,19,64,62,59,37,5,3,2,6,45,62,56,22,75,72,70,44,5,3,2,6,39,51,52,22,74,72,75,49,6,3,1,5,34,46,42,17,59,58,59,38,4,2,2,7,54,78,68,26,89,86,83,50,5,4,1,4,29,32,36,14,51,46,42,26,3,2,1.5,5.0,35.75,47.62,45.5,18.0,61.75,59.25,57.88,36.38,4.25,2.5
Asphalt_0cm_S12,2026-04-25T10:02:18.007333,1,3,22,25,28,10,40,36,33,21,3,1,1,4,26,40,34,14,42,42,42,26,3,2,2,5,37,47,48,19,64,62,59,37,5,3,2,6,45,62,56,22,76,72,70,44,5,3,2,6,39,51,52,22,74,72,75,49,6,3,1,5,34,46,42,17,59,58,59,38,4,2,2,7,54,78,68,26,89,86,83,50,5,4,1,4,29,32,36,14,51,46,42,26,3,2,1.5,5.0,35.75,47.62,45.5,18.0,61.88,59.25,57.88,36.38,4.25,2.5
Asphalt_0cm_S12,2026-04-25T10:02:18.080477,1,3,22,26,28,10,40,36,33,21,2,2,1,4,26,40,35,14,42,42,42,26,3,2,2,5,37,47,48,19,64,62,59,37,5,3,2,6,45,62,56,22,76,72,70,44,5,3,2,6,39,51,52,22,74,72,75,49,6,3,1,5,34,46,42,17,59,58,59,38,4,2,2,7,54,78,69,26,89,86,83,50,5,4,1,4,29,32,37,14,52,47,43,26,3,2,1.5,5.0,35.75,47.75,45.88,18.0,62.0,59.38,58.0,36.38,4.12,2.62
Asphalt_0cm_S12,2026-04-25T10:02:18.181693,1,3,22,26,28,10,40,36,33,21,2,2,1,4,26,40,35,14,42,42,42,26,3,2,2,6,37,47,48,19,64,62,59,37,5,3,1,6,45,62,56,22,75,72,70,44,5,3,2,6,39,51,52,21,74,72,75,49,6,3,2,5,34,46,42,17,59,58,59,39,4,2,2,7,54,78,69,26,89,86,83,50,5,4,1,4,29,32,37,14,52,47,43,26,3,2,1.5,5.12,35.75,47.75,45.88,17.88,61.88,59.38,58.0,36.5,4.12,2.62
Asphalt_0cm_S12,2026-04-25T10:02:18.257189,1,3,22,26,29,11,40,36,33,21,3,1,1,4,26,40,35,14,42,42,42,26,3,2,2,6,37,47,48,19,64,62,59,37,5,3,1,6,45,62,56,22,75,72,70,44,5,3,2,6,39,51,52,21,74,72,75,49,6,3,2,5,34,46,42,17,59,58,59,39,4,2,2,7,54,78,69,26,89,86,83,50,5,4,1,4,29,32,37,14,52,47,43,26,3,2,1.5,5.12,35.75,47.75,46.0,18.0,61.88,59.38,58.0,36.5,4.25,2.5
Asphalt_0cm_S12,2026-04-25T10:02:18.327873,1,3,22,26,29,11,40,36,33,21,3,1,1,4,26,40,35,14,42,42,42,26,3,2,2,6,37,47,48,19,64,62,59,37,5,3,2,6,45,62,56,22,76,72,70,44,5,3,2,6,39,51,52,22,74,72,75,49,6,3,1,5,33,46,42,17,59,58,59,38,4,2,2,7,54,78,69,26,89,86,83,50,6,4,1,4,29,32,37,14,52,47,43,26,3,2,1.5,5.12,35.62,47.75,46.0,18.12,62.0,59.38,58.0,36.38,4.38,2.5
Asphalt_0cm_S12,2026-04-25T10:02:18.397685,1,3,22,25,29,10,40,36,33,21,2,2,1,4,26,40,35,14,42,42,42,26,3,2,2,6,37,47,48,19,64,62,59,37,5,3,2,6,45,62,56,22,76,72,70,44,5,3,2,6,39,51,52,22,74,72,75,49,6,3,1,5,33,46,42,17,59,58,59,38,4,2,2,7,54,78,69,26,89,86,83,50,6,4,1,4,29,32,37,14,52,48,43,26,3,2,1.5,5.12,35.62,47.62,46.0,18.0,62.0,59.5,58.0,36.38,4.25,2.62
Asphalt_0cm_S12,2026-04-25T10:02:18.500429,1,3,22,25,29,10,40,36,33,21,2,2,1,4,26,41,35,14,42,42,42,26,3,2,2,6,37,47,48,19,64,62,59,37,5,3,2,6,45,62,56,22,75,72,70,45,5,3,2,6,39,51,52,22,74,72,75,49,6,3,2,5,33,46,42,17,59,58,59,38,4,2,2,7,54,78,69,25,89,86,83,50,5,4,1,4,29,32,37,14,52,48,43,26,3,2,1.62,5.12,35.62,47.75,46.0,17.88,61.88,59.5,58.0,36.5,4.12,2.62
Asphalt_0cm_S12,2026-04-25T10:02:18.573005,1,3,22,26,29,10,40,36,33,21,2,1,1,4,26,40,35,14,42,42,42,26,3,2,2,6,37,47,48,19,64,62,59,37,5,3,2,6,45,62,56,22,75,72,70,45,5,3,2,6,39,51,52,22,74,72,75,49,6,3,2,5,33,46,42,17,59,58,59,38,4,2,2,7,54,78,69,25,89,86,83,50,5,4,1,4,29,32,37,14,51,47,43,26,3,2,1.62,5.12,35.62,47.75,46.0,17.88,61.75,59.38,58.0,36.5,4.12,2.5
Asphalt_0cm_S12,2026-04-25T10:02:18.643876,1,3,22,26,29,10,40,36,33,21,2,1,1,4,26,40,35,14,42,42,42,26,3,2,2,5,37,47,48,19,64,61,59,37,5,3,2,6,45,62,56,22,75,72,70,44,5,3,2,6,39,51,52,22,74,72,75,49,6,3,1,5,34,46,42,17,59,58,59,38,4,2,2,7,54,78,69,25,89,86,83,50,5,4,1,4,29,32,37,14,51,47,43,26,3,2,1.5,5.0,35.75,47.75,46.0,17.88,61.75,59.25,58.0,36.38,4.12,2.5
