label,timestamp,S0_405nm,S0_425nm,S0_450nm,S0_475nm,S0_515nm,S0_550nm,S0_555nm,S0_600nm,S0_640nm,S0_690nm,S0_745nm,S0_855nm,S1_405nm,S1_425nm,S1_450nm,S1_475nm,S1_515nm,S1_550nm,S1_555nm,S1_600nm,S1_640nm,S1_690nm,S1_745nm,S1_855nm,S2_405nm,S2_425nm,S2_450nm,S2_475nm,S2_515nm,S2_550nm,S2_555nm,S2_600nm,S2_640nm,S2_690nm,S2_745nm,S2_855nm,S3_405nm,S3_425nm,S3_450nm,S3_475nm,S3_515nm,S3_550nm,S3_555nm,S3_600nm,S3_640nm,S3_690nm,S3_745nm,S3_855nm,S4_405nm,S4_425nm,S4_450nm,S4_475nm,S4_515nm,S4_550nm,S4_555nm,S4_600nm,S4_640nm,S4_690nm,S4_745nm,S4_855nm,S5_405nm,S5_425nm,S5_450nm,S5_475nm,S5_515nm,S5_550nm,S5_555nm,S5_600nm,S5_640nm,S5_690nm,S5_745nm,S5_855nm,S6_405nm,S6_425nm,S6_450nm,S6_475nm,S6_515nm,S6_550nm,S6_555nm,S6_600nm,S6_640nm,S6_690nm,S6_745nm,S6_855nm,S7_405nm,S7_425nm,S7_450nm,S7_475nm,S7_515nm,S7_550nm,S7_555nm,S7_600nm,S7_640nm,S7_690nm,S7_745nm,S7_855nm,AVG_405nm,AVG_425nm,AVG_450nm,AVG_475nm,AVG_515nm,AVG_550nm,AVG_555nm,AVG_600nm,AVG_640nm,AVG_690nm,AVG_745nm,AVG_855nm
Brick_0cm_S1,2026-04-02T16:36:17.922505,11,24,122,152,168,74,264,268,269,186,30,35,13,26,132,160,174,78,265,270,275,183,32,36,10,20,107,133,144,64,227,238,246,160,26,27,13,28,126,158,169,77,265,276,284,193,35,37,5,16,91,112,121,53,185,196,202,132,17,14,3,9,52,65,67,29,106,108,114,75,9,6,4,11,69,93,94,39,146,153,156,103,12,8,5,13,78,100,106,47,166,172,183,120,16,14,8.0,18.38,97.12,121.62,130.38,57.62,203.0,210.12,216.12,144.0,22.12,22.12
Brick_0cm_S1,2026-04-02T16:36:18.050956,11,24,122,152,168,74,264,268,269,186,30,35,13,26,132,160,174,78,265,270,275,183,32,36,10,20,106,133,144,64,226,239,246,160,26,27,13,28,126,158,170,77,264,276,284,193,35,37,5,16,90,112,121,53,185,196,202,132,17,14,3,9,52,65,67,29,106,108,114,75,9,6,4,11,69,93,94,39,146,153,156,102,12,8,5,13,78,100,106,47,166,172,183,120,16,14,8.0,18.38,96.88,121.62,130.5,57.62,202.75,210.25,216.12,143.88,22.12,22.12
Brick_0cm_S1,2026-04-02T16:36:18.154448,11,24,122,151,167,74,264,268,269,186,30,35,13,26,132,160,174,78,264,270,274,183,32,35,10,20,106,133,144,64,227,238,246,160,26,27,13,28,126,158,169,77,265,276,283,193,35,38,6,16,91,112,121,53,185,196,202,132,18,14,3,9,52,65,67,29,106,108,113,75,8,6,4,11,69,93,94,39,146,153,156,102,12,8,5,13,78,100,106,47,166,172,183,120,16,14,8.12,18.38,97.0,121.5,130.25,57.62,202.88,210.12,215.75,143.88,22.12,22.12
Brick_0cm_S1,2026-04-02T16:36:18.286262,11,24,121,151,167,74,264,267,269,185,30,34,13,26,132,160,174,78,264,270,274,183,32,35,9,20,106,133,144,64,227,239,246,160,26,27,13,28,126,158,169,77,265,276,283,193,35,38,6,16,91,112,121,53,185,196,202,132,18,14,3,9,52,65,67,29,106,108,113,75,8,6,4,11,69,94,94,39,146,153,156,102,12,8,5,13,78,100,106,47,166,172,183,120,16,14,8.0,18.38,96.88,121.62,130.25,57.62,202.88,210.12,215.75,143.75,22.12,22.0
Brick_0cm_S1,2026-04-02T16:36:18.407220,11,24,121,151,167,74,264,267,269,185,30,34,13,26,132,160,174,78,264,270,274,183,32,35,9,20,106,133,144,64,227,239,246,160,26,27,13,28,125,158,169,77,265,276,283,193,35,38,6,16,91,112,121,53,185,196,202,132,17,14,3,9,52,65,67,29,106,108,113,75,8,6,4,11,69,93,94,39,146,153,156,103,12,8,5,13,78,101,106,47,166,172,183,120,16,14,8.0,18.38,96.75,121.62,130.25,57.62,202.88,210.12,215.75,143.88,22.0,22.0
Brick_0cm_S1,2026-04-02T16:36:18.519511,11,24,122,152,167,74,264,268,269,186,30,35,13,26,132,160,174,78,265,270,274,183,32,35,10,20,107,133,144,64,227,239,246,160,26,27,13,28,125,158,169,77,264,276,283,193,35,37,5,16,90,112,121,53,185,196,202,132,17,14,3,9,52,65,67,29,106,108,113,75,8,6,4,11,69,93,94,39,146,153,156,103,12,8,5,13,78,101,106,47,166,172,183,120,16,14,8.0,18.38,96.88,121.75,130.25,57.62,202.88,210.25,215.75,144.0,22.0,22.0
Brick_0cm_S1,2026-04-02T16:36:18.641698,11,24,122,152,167,74,264,268,269,186,30,35,13,26,132,160,174,78,265,270,274,183,32,35,10,20,107,133,144,64,227,239,246,160,26,27,13,28,125,158,169,77,264,276,283,193,35,37,5,16,90,112,121,53,185,196,202,132,17,14,3,9,52,65,67,29,106,108,113,75,8,6,4,11,69,93,94,39,146,153,156,103,12,8,5,13,78,100,106,47,166,172,183,120,16,14,8.0,18.38,96.88,121.62,130.25,57.62,202.88,210.25,215.75,144.0,22.0,22.0
Brick_0cm_S1,2026-04-02T16:36:18.736103,11,24,122,152,167,74,264,268,269,186,30,35,13,26,132,160,174,78,265,270,274,183,32,35,10,20,107,133,144,64,227,239,246,160,26,27,13,28,125,158,169,77,264,276,283,193,35,37,5,16,91,112,121,53,185,196,202,132,17,14,3,9,52,65,67,29,106,108,114,75,9,6,4,11,69,93,94,39,146,153,156,103,12,8,5,13,78,100,106,47,166,172,183,120,16,14,8.0,18.38,97.0,121.62,130.25,57.62,202.88,210.25,215.88,144.0,22.12,22.0
Brick_0cm_S1,2026-04-02T16:36:18.852407,12,24,122,152,168,74,264,269,270,187,31,36,13,26,132,160,174,78,265,270,275,184,33,36,10,20,106,133,144,64,227,238,246,160,26,28,13,28,125,158,169,77,264,275,283,192,35,37,5,16,91,112,121,53,185,196,202,132,17,14,3,9,52,65,67,29,106,108,114,75,9,6,4,11,69,93,94,39,146,153,156,103,12,8,5,13,78,101,107,47,167,172,183,121,16,14,8.12,18.38,96.88,121.75,130.5,57.62,203.0,210.12,216.12,144.25,22.38,22.38
Brick_0cm_S1,2026-04-02T16:36:18.962404,12,25,122,152,168,74,265,269,270,187,31,37,13,26,132,160,174,78,265,270,275,184,33,36,10,20,106,133,144,64,227,238,246,160,26,28,13,28,125,158,169,77,264,275,283,192,35,37,5,16,91,112,121,53,185,196,202,132,17,14,3,9,52,65,67,29,106,108,114,75,9,6,4,11,69,93,94,39,146,153,156,103,12,8,5,13,78,100,106,47,166,172,183,121,16,14,8.12,18.5,96.88,121.62,130.38,57.62,203.0,210.12,216.12,144.25,22.38,22.5
Brick_0cm_S1,2026-04-02T16:36:19.057203,12,25,122,152,168,74,265,269,270,187,31,37,13,27,132,160,174,78,265,270,275,184,33,36,9,20,106,133,144,64,227,239,246,160,26,27,13,28,125,158,169,77,264,275,283,192,35,37,5,16,91,112,121,53,185,196,202,132,17,14,3,9,52,65,67,29,106,108,114,75,9,6,4,11,69,93,94,39,146,153,156,103,12,8,5,13,78,100,106,47,166,172,183,121,16,14,8.0,18.62,96.88,121.62,130.38,57.62,203.0,210.25,216.12,144.25,22.38,22.38
Brick_0cm_S1,2026-04-02T16:36:19.152818,12,25,122,152,168,74,265,269,270,188,31,36,13,27,132,160,174,78,265,270,275,184,33,36,9,20,106,133,144,64,227,238,246,160,26,27,13,28,125,158,169,77,264,276,283,193,35,37,5,16,91,112,121,53,185,196,202,132,17,14,3,9,52,65,67,29,106,108,114,75,9,6,4,11,69,93,94,39,146,153,156,103,12,8,5,13,78,100,106,47,166,172,183,121,16,14,8.0,18.62,96.88,121.62,130.38,57.62,203.0,210.25,216.12,144.5,22.38,22.25
Brick_0cm_S1,2026-04-02T16:36:19.277650,12,25,122,152,168,75,264,269,270,188,31,37,13,27,131,160,174,78,265,270,275,184,33,36,10,20,106,133,144,64,227,238,246,160,26,27,13,28,125,158,169,77,264,276,283,193,35,37,5,16,91,112,121,53,185,196,202,132,17,14,3,9,52,65,67,29,106,108,114,75,9,6,4,11,69,94,94,39,146,153,156,102,12,8,5,13,78,100,106,47,166,172,184,121,16,14,8.12,18.62,96.75,121.75,130.38,57.75,202.88,210.25,216.25,144.38,22.38,22.38
Brick_0cm_S1,2026-04-02T16:36:19.404259,11,25,123,152,168,74,265,269,271,188,31,36,13,27,131,160,174,78,265,270,275,184,33,36,10,20,106,133,144,64,227,238,246,160,26,27,13,28,125,158,169,77,264,276,283,193,35,37,5,16,91,112,121,53,185,196,202,132,18,14,3,9,52,65,67,29,106,108,114,75,9,6,4,11,69,93,94,39,146,153,156,102,12,8,5,13,78,101,106,47,166,172,184,121,16,14,8.0,18.62,96.88,121.75,130.38,57.62,203.0,210.25,216.38,144.38,22.5,22.25
Brick_0cm_S1,2026-04-02T16:36:19.510606,11,25,123,152,168,74,265,269,271,188,31,36,13,27,132,160,175,79,265,271,275,184,33,36,9,20,106,133,144,64,227,238,246,160,26,27,13,28,125,158,169,77,264,275,283,193,35,37,5,16,91,112,121,53,185,196,202,132,17,14,3,9,52,65,67,29,106,108,114,75,9,6,4,11,69,94,94,39,146,153,156,102,12,8,5,13,78,101,106,47,167,172,184,120,16,14,7.88,18.62,97.0,121.88,130.5,57.75,203.12,210.25,216.38,144.25,22.38,22.25
Brick_0cm_S1,2026-04-02T16:36:19.626629,12,25,122,152,168,74,265,269,270,187,31,37,13,27,132,160,174,78,265,270,275,184,33,36,10,20,107,133,144,64,227,238,246,160,26,27,13,28,125,158,169,77,264,275,283,192,35,37,5,16,91,112,121,53,185,196,202,132,16,14,3,9,52,65,67,29,106,108,114,75,9,6,4,11,69,94,94,39,146,153,156,102,12,8,5,13,78,101,106,47,167,172,184,120,16,14,8.12,18.62,97.0,121.88,130.38,57.62,203.12,210.12,216.25,144.0,22.25,22.38
Brick_0cm_S1,2026-04-02T16:36:19.747667,12,25,123,153,168,75,265,269,270,188,31,37,13,27,132,160,174,78,265,270,275,184,33,36,10,20,107,133,144,64,227,238,246,160,26,27,13,28,125,158,169,77,264,275,283,192,35,37,5,16,91,112,121,53,185,196,202,132,16,14,3,9,52,65,67,29,106,108,113,75,9,6,4,11,69,93,94,39,146,153,156,102,12,8,5,13,78,101,106,47,166,172,184,121,16,14,8.12,18.62,97.12,121.88,130.38,57.75,203.0,210.12,216.12,144.25,22.25,22.38
Brick_0cm_S1,2026-04-02T16:36:19.859109,12,25,123,153,168,75,265,269,270,188,31,37,13,26,132,160,174,78,265,270,275,184,33,36,9,20,106,133,144,64,226,239,246,160,26,27,13,28,125,158,169,76,264,276,283,193,35,37,5,16,91,112,121,53,185,196,202,132,16,14,3,9,52,65,67,29,106,108,114,75,9,6,4,11,69,93,94,39,146,153,156,102,12,8,5,13,78,100,107,47,167,173,183,121,16,14,8.0,18.5,97.0,121.75,130.5,57.62,203.0,210.5,216.12,144.38,22.25,22.38
Brick_0cm_S1,2026-04-02T16:36:19.959113,12,25,122,153,168,74,265,269,271,188,31,37,13,26,132,160,174,78,265,270,275,184,33,36,9,20,107,133,144,64,226,238,246,160,26,27,13,28,125,158,169,77,264,276,283,193,35,37,5,16,91,112,121,53,185,196,202,132,17,14,3,9,52,65,67,29,106,108,114,75,9,6,4,11,69,93,94,39,146,153,156,102,12,8,5,13,78,100,107,47,167,173,183,121,16,14,8.0,18.5,97.0,121.75,130.5,57.62,203.0,210.38,216.25,144.38,22.38,22.38
Brick_0cm_S1,2026-04-02T16:36:20.069123,12,25,123,153,168,74,265,269,271,188,31,37,13,26,132,160,174,79,265,270,275,184,33,36,9,20,106,133,144,64,226,238,246,160,26,27,13,28,125,158,169,77,264,276,283,193,35,37,5,16,91,112,121,53,185,196,202,132,17,14,3,9,52,65,67,29,106,108,113,75,9,6,4,11,69,94,94,39,146,153,156,102,12,8,5,13,78,100,107,47,167,173,183,121,16,14,8.0,18.5,97.0,121.88,130.5,57.75,203.0,210.38,216.12,144.38,22.38,22.38
Brick_0cm_S1,2026-04-02T16:36:20.180717,12,25,123,153,168,74,265,269,271,188,31,37,13,26,132,160,174,79,265,270,275,184,33,36,9,20,106,133,144,64,226,238,246,160,26,27,13,28,125,158,169,77,264,276,283,193,35,37,5,16,91,112,121,53,185,196,202,132,17,14,3,9,52,65,67,29,107,108,114,75,9,6,4,11,69,94,94,39,146,153,156,102,12,8,5,13,77,101,106,47,166,172,184,121,16,14,8.0,18.5,96.88,122.0,130.38,57.75,203.0,210.25,216.38,144.38,22.38,22.38
Brick_0cm_S1,2026-04-02T16:36:20.302051,12,25,123,153,168,74,265,270,271,188,31,37,13,26,132,160,174,79,264,270,275,184,33,36,9,20,106,133,144,64,226,238,246,160,26,27,13,28,125,158,169,77,264,276,283,193,35,37,5,16,91,112,121,53,185,196,202,132,17,14,3,9,52,65,67,29,107,108,114,75,9,6,4,11,69,94,94,39,146,153,156,102,12,8,5,13,77,101,106,47,166,172,184,121,16,14,8.0,18.5,96.88,122.0,130.38,57.75,202.88,210.38,216.38,144.38,22.38,22.38
Brick_0cm_S1,2026-04-02T16:36:20.403327,12,25,122,153,168,74,265,270,271,188,31,37,13,26,132,160,174,78,265,270,275,184,32,36,9,20,106,133,144,64,226,238,246,160,26,28,13,28,125,158,169,77,264,276,283,193,35,37,5,16,91,112,121,53,185,196,202,132,17,14,3,9,52,65,67,29,106,108,114,75,9,6,4,11,69,93,94,39,146,153,156,102,12,8,5,13,78,101,106,47,167,173,183,121,16,15,8.0,18.5,96.88,121.88,130.38,57.62,203.0,210.5,216.25,144.38,22.25,22.62
Brick_0cm_S1,2026-04-02T16:36:20.530100,12,25,122,153,168,74,265,270,271,188,31,37,13,26,132,160,174,78,265,270,275,184,32,36,10,20,106,133,144,64,226,238,246,160,26,27,13,28,125,158,169,77,264,276,283,193,35,37,5,16,91,112,121,53,185,196,202,132,17,14,3,9,52,65,67,29,106,108,114,75,8,6,4,11,69,93,94,39,146,153,156,103,12,8,5,13,78,101,107,47,167,172,184,121,16,14,8.12,18.5,96.88,121.88,130.5,57.62,203.0,210.38,216.38,144.5,22.12,22.38
Brick_0cm_S1,2026-04-02T16:36:20.625617,12,25,122,152,168,75,265,269,271,188,31,37,13,27,132,160,174,78,265,270,275,183,32,36,9,20,106,133,144,64,226,239,246,160,26,27,13,28,125,158,169,77,264,275,283,193,35,37,5,16,91,112,121,53,185,196,202,132,17,14,3,9,52,65,67,29,106,108,114,75,9,6,4,11,69,93,94,39,146,153,156,103,12,8,5,13,78,101,107,47,167,172,184,121,16,14,8.0,18.62,96.88,121.75,130.5,57.75,203.0,210.25,216.38,144.38,22.25,22.38
Brick_0cm_S1,2026-04-02T16:36:20.736103,12,25,122,152,168,75,265,269,271,188,31,37,13,27,132,160,174,78,265,270,275,183,32,36,9,20,106,133,144,64,226,239,246,160,26,27,13,28,125,158,169,77,264,275,283,193,35,37,5,16,91,112,121,53,185,196,202,132,17,14,3,9,52,65,67,29,106,108,114,75,9,6,4,11,69,94,94,39,146,153,156,102,12,8,5,13,78,101,106,47,166,172,183,121,16,14,8.0,18.62,96.88,121.88,130.38,57.75,202.88,210.25,216.25,144.25,22.25,22.38
Brick_0cm_S1,2026-04-02T16:36:20.831525,12,25,122,152,168,75,265,269,271,188,31,37,13,26,132,160,174,78,264,270,275,184,33,36,9,20,107,133,144,64,226,238,246,160,26,27,13,28,125,158,169,77,264,276,283,193,35,37,5,16,91,112,121,53,185,196,202,132,17,14,3,9,52,65,67,29,106,108,114,75,9,6,4,11,69,94,94,39,146,153,156,102,12,8,5,13,78,101,106,47,166,172,183,121,16,14,8.0,18.5,97.0,121.88,130.38,57.75,202.75,210.25,216.25,144.38,22.38,22.38
Brick_0cm_S1,2026-04-02T16:36:20.926322,12,25,122,152,168,75,265,269,271,188,31,37,13,26,132,160,174,78,265,270,274,183,33,36,10,20,106,133,144,64,227,238,245,160,26,27,13,28,125,158,169,77,264,276,283,193,35,37,5,16,91,112,121,53,185,196,202,132,17,14,3,9,52,65,67,29,106,108,114,75,9,6,4,11,69,93,94,39,146,153,156,102,12,8,5,13,78,101,106,47,167,172,184,121,16,14,8.12,18.5,96.88,121.75,130.38,57.75,203.12,210.25,216.12,144.25,22.38,22.38
Brick_0cm_S1,2026-04-02T16:36:21.021312,12,25,122,152,168,75,265,269,271,188,31,37,13,26,132,160,174,78,265,270,274,183,33,36,10,20,106,133,144,64,227,238,245,160,26,27,13,28,125,158,169,76,264,275,283,193,35,37,5,16,91,112,121,53,185,196,202,132,17,14,3,9,52,65,67,29,106,108,113,75,9,6,4,11,69,93,94,39,146,153,156,103,12,8,5,13,78,101,107,47,166,172,184,121,16,14,8.12,18.5,96.88,121.75,130.5,57.62,203.0,210.12,216.0,144.38,22.38,22.38
Brick_0cm_S1,2026-04-02T16:36:21.136148,12,25,122,152,168,74,265,269,271,188,31,37,13,26,131,160,174,78,265,270,275,183,33,36,10,20,106,133,144,64,226,238,246,159,26,27,13,28,125,158,169,76,264,276,283,192,35,37,5,16,91,112,121,53,185,196,202,132,17,14,3,9,52,65,67,29,106,108,113,75,9,6,4,11,69,93,94,39,146,153,156,103,12,8,5,13,78,101,107,47,166,172,184,121,16,14,8.12,18.5,96.75,121.75,130.5,57.5,202.88,210.25,216.25,144.12,22.38,22.38
Brick_0cm_S1,2026-04-02T16:36:21.227941,12,25,122,152,168,74,265,269,270,187,31,36,13,26,131,160,174,78,265,270,275,183,33,36,10,20,106,133,144,64,226,238,246,159,26,27,13,28,125,158,169,76,264,276,283,192,35,37,5,16,91,112,121,53,185,196,202,132,17,14,3,9,52,65,67,29,106,108,114,75,8,6,4,11,69,94,94,39,146,153,156,102,12,8,5,13,78,101,107,47,167,172,184,121,16,15,8.12,18.5,96.75,121.88,130.5,57.5,203.0,210.25,216.25,143.88,22.25,22.38
Brick_0cm_S1,2026-04-02T16:36:21.323105,12,25,122,152,168,74,265,269,270,187,31,36,13,26,131,160,174,78,265,270,275,183,33,36,9,20,106,133,144,64,226,238,246,160,26,27,13,28,125,158,168,77,264,275,283,193,35,37,5,16,92,112,121,53,185,196,202,132,17,14,3,9,52,65,67,29,106,108,114,75,8,6,4,11,69,94,94,39,146,153,156,102,12,8,5,13,78,101,107,47,167,172,184,121,16,15,8.0,18.5,96.88,121.88,130.38,57.62,203.0,210.12,216.25,144.12,22.25,22.38
Brick_0cm_S1,2026-04-02T16:36:21.417904,11,25,122,152,168,74,264,268,270,187,31,36,13,26,131,160,174,78,264,270,274,183,32,35,9,20,106,133,144,64,226,238,246,160,26,27,13,28,125,158,168,77,264,275,283,193,35,37,5,16,92,112,121,53,185,196,202,132,17,14,3,9,52,65,67,29,106,108,114,75,8,6,4,11,69,94,94,39,146,153,156,103,12,8,5,13,78,101,107,47,167,172,184,121,16,15,7.88,18.5,96.88,121.88,130.38,57.62,202.75,210.0,216.12,144.25,22.12,22.25
Brick_0cm_S1,2026-04-02T16:36:21.513334,11,25,122,152,168,74,264,268,270,187,31,36,13,26,131,160,174,78,264,270,274,183,32,35,9,20,106,133,144,64,226,238,245,160,26,27,13,28,125,158,169,77,264,276,283,192,35,37,6,16,91,112,121,53,185,196,202,132,18,14,3,9,52,65,67,29,106,108,113,75,9,6,4,11,69,93,94,39,146,153,156,102,12,8,5,13,78,101,106,47,166,172,184,121,16,14,8.0,18.5,96.75,121.75,130.38,57.62,202.62,210.12,215.88,144.0,22.38,22.12
Brick_0cm_S1,2026-04-02T16:36:21.608162,12,24,122,152,168,74,264,269,270,187,31,36,13,26,131,160,174,78,264,270,274,183,32,35,9,20,106,133,144,64,226,238,245,159,26,27,13,28,125,158,169,77,264,276,283,192,35,37,6,16,91,112,121,53,185,196,202,132,18,14,3,9,52,65,67,29,106,108,113,75,9,6,4,11,69,93,94,39,146,153,156,102,12,8,5,13,78,101,106,47,166,172,184,121,16,14,8.12,18.38,96.75,121.75,130.38,57.62,202.62,210.25,215.88,143.88,22.38,22.12
Brick_0cm_S1,2026-04-02T16:36:21.703828,12,24,122,152,168,74,264,269,270,187,31,36,13,26,131,160,174,78,264,270,274,183,32,35,9,20,106,133,144,64,226,238,245,159,26,27,13,28,125,158,168,77,264,275,283,192,35,37,5,16,90,112,121,53,185,196,202,132,18,13,3,9,52,65,67,29,107,108,114,75,9,6,4,11,69,94,94,39,146,153,156,102,12,8,5,13,78,101,107,47,166,172,183,120,16,14,8.0,18.38,96.62,121.88,130.38,57.62,202.75,210.12,215.88,143.75,22.38,22.0
Brick_0cm_S1,2026-04-02T16:36:21.786227,11,25,122,151,168,74,264,268,270,187,31,36,13,26,132,160,174,78,264,269,274,183,32,35,9,20,106,133,144,64,226,238,245,159,26,27,13,28,125,158,169,77,264,275,283,192,35,37,5,16,90,112,121,53,185,196,202,132,18,13,3,9,52,65,67,29,107,108,114,75,9,6,4,11,69,94,94,39,146,153,156,102,12,8,5,13,78,101,107,47,166,172,183,120,16,14,7.88,18.5,96.75,121.75,130.5,57.62,202.75,209.88,215.88,143.75,22.38,22.0
Brick_0cm_S1,2026-04-02T16:36:21.886162,11,25,122,151,168,74,264,268,270,187,31,36,13,26,132,160,174,78,264,269,274,183,32,35,9,20,106,133,144,64,226,238,245,159,26,27,13,28,125,158,169,77,264,275,283,192,35,37,5,16,91,112,121,53,185,196,202,132,17,14,3,9,52,65,67,29,106,108,113,75,8,6,4,11,69,94,94,39,146,153,156,102,12,8,5,13,78,101,107,47,166,172,183,121,16,14,7.88,18.5,96.88,121.75,130.5,57.62,202.62,209.88,215.75,143.88,22.12,22.12
Brick_0cm_S1,2026-04-02T16:36:21.972533,11,25,122,152,168,75,264,269,270,187,31,36,13,26,131,160,174,78,264,270,274,183,32,35,9,20,106,133,144,64,226,238,245,159,26,27,13,28,125,158,168,76,264,275,283,192,35,37,5,16,91,112,121,53,185,196,202,132,17,14,3,9,52,65,67,29,106,108,113,75,8,6,4,11,69,94,94,39,146,153,156,102,12,8,5,13,78,101,107,47,166,172,183,121,16,14,7.88,18.5,96.75,121.88,130.38,57.62,202.62,210.12,215.75,143.88,22.12,22.12
Brick_0cm_S1,2026-04-02T16:36:22.067874,11,24,122,152,167,74,264,268,269,187,30,36,13,26,131,160,174,78,264,270,274,183,32,35,9,20,106,133,144,64,226,238,245,159,26,27,13,28,125,158,168,76,264,275,283,192,35,37,5,16,91,112,121,53,185,196,202,132,17,14,3,9,52,65,67,29,106,108,113,75,8,6,4,11,69,93,94,39,146,153,156,103,12,8,5,13,78,101,107,47,166,173,184,121,16,14,7.88,18.38,96.75,121.75,130.25,57.5,202.62,210.12,215.75,144.0,22.0,22.12
Brick_0cm_S1,2026-04-02T16:36:22.162757,11,24,122,152,167,74,264,268,269,187,30,36,13,26,132,160,174,78,264,269,274,183,32,35,9,20,106,133,144,64,226,238,245,159,26,27,13,28,125,158,169,76,264,276,283,193,35,37,5,16,91,112,121,53,185,196,202,132,17,14,3,9,52,65,67,29,106,108,113,75,8,6,4,11,69,93,94,39,146,153,156,103,12,8,5,13,78,101,107,47,166,173,184,121,16,14,7.88,18.38,96.88,121.75,130.38,57.5,202.62,210.12,215.75,144.12,22.0,22.12
Brick_0cm_S1,2026-04-02T16:36:22.257096,12,24,122,152,168,74,264,268,269,187,31,36,13,26,131,160,174,78,264,269,274,183,32,35,9,20,106,133,144,64,226,239,245,159,26,27,13,28,125,158,169,76,264,276,283,193,35,37,5,16,91,112,121,53,185,196,202,132,17,14,3,9,52,65,67,29,106,108,113,75,8,6,4,11,69,93,94,39,146,153,156,102,12,9,5,13,78,100,106,47,167,172,183,121,16,14,8.0,18.38,96.75,121.62,130.38,57.5,202.75,210.12,215.62,144.0,22.12,22.25
Brick_0cm_S1,2026-04-02T16:36:22.357560,12,24,122,152,168,74,264,268,269,187,31,36,13,26,131,160,174,78,264,269,274,183,32,35,9,20,106,133,144,64,226,239,245,159,26,27,13,28,125,157,169,77,263,275,283,192,35,37,6,16,91,112,121,53,185,196,202,132,17,14,3,9,52,65,67,29,106,108,114,75,8,6,4,11,69,94,94,39,146,153,156,102,12,8,5,13,78,100,107,47,167,172,183,121,16,14,8.12,18.38,96.75,121.62,130.5,57.62,202.62,210.0,215.75,143.88,22.12,22.12
Brick_0cm_S1,2026-04-02T16:36:22.462927,11,24,122,152,168,74,264,268,269,187,30,35,13,26,131,160,174,78,264,269,274,183,32,35,9,20,106,133,144,64,226,238,245,159,26,27,13,28,125,158,168,76,264,275,282,192,35,37,5,16,91,112,121,53,185,196,202,132,17,14,3,9,52,65,67,29,106,108,114,75,8,6,4,11,69,94,94,39,146,153,156,102,12,8,5,13,78,100,107,47,167,172,183,121,16,14,7.88,18.38,96.75,121.75,130.38,57.5,202.75,209.88,215.62,143.88,22.0,22.0
Brick_0cm_S1,2026-04-02T16:36:22.557930,11,24,122,152,168,74,264,268,269,187,30,35,13,26,131,160,174,78,264,269,274,183,32,35,9,20,106,133,144,64,226,238,245,159,26,27,13,28,125,158,168,76,264,275,282,192,35,37,5,16,91,112,121,53,185,196,202,132,17,14,3,9,52,65,67,29,106,108,114,75,8,6,4,11,69,93,94,39,146,152,156,103,12,8,5,13,78,101,106,47,167,172,183,121,16,14,7.88,18.38,96.75,121.75,130.25,57.5,202.75,209.75,215.62,144.0,22.0,22.0
Brick_0cm_S1,2026-04-02T16:36:22.658071,11,24,122,152,168,74,264,268,269,187,30,35,13,26,131,160,174,78,264,269,274,183,32,35,9,20,106,133,144,64,226,238,245,159,26,27,13,28,125,158,168,76,264,275,282,192,35,37,5,16,91,112,121,53,185,196,202,132,17,14,3,9,52,65,67,29,106,108,114,75,8,6,4,11,69,93,94,39,146,152,156,103,12,8,5,13,78,101,106,47,167,172,183,121,16,14,7.88,18.38,96.75,121.75,130.25,57.5,202.75,209.75,215.62,144.0,22.0,22.0
Brick_0cm_S1,2026-04-02T16:36:22.748224,11,24,122,152,167,74,264,268,270,186,30,35,13,26,131,160,174,78,264,269,274,183,32,35,9,20,106,133,144,64,226,238,245,159,26,27,13,28,125,158,168,76,264,275,282,192,35,37,5,16,91,112,121,53,185,196,202,132,17,14,3,9,52,65,67,29,106,108,114,75,8,6,4,11,69,93,94,39,146,152,156,103,12,8,5,13,78,101,106,47,167,172,183,121,16,14,7.88,18.38,96.75,121.75,130.12,57.5,202.75,209.75,215.75,143.88,22.0,22.0
Brick_0cm_S1,2026-04-02T16:36:22.843495,11,24,122,152,167,74,264,268,270,186,30,35,13,26,131,160,174,78,264,269,274,183,32,35,9,20,106,133,144,64,226,238,245,159,26,27,13,28,125,158,168,76,264,275,283,192,35,37,5,16,91,112,121,53,185,196,202,132,17,14,3,9,52,65,67,29,106,108,114,75,9,6,4,11,69,94,94,39,146,153,156,102,12,8,5,13,78,101,106,47,167,173,183,121,16,14,7.88,18.38,96.75,121.88,130.12,57.5,202.75,210.0,215.88,143.75,22.12,22.0
Brick_0cm_S1,2026-04-02T16:36:22.939482,11,24,122,152,168,74,265,268,270,187,30,35,13,26,131,160,173,78,264,270,274,183,32,35,9,20,106,133,144,64,226,238,245,159,26,27,13,28,125,158,168,76,264,275,283,192,35,37,5,16,91,112,121,53,185,196,202,132,17,14,3,9,52,65,67,29,106,108,114,75,9,6,4,11,69,94,94,39,146,153,156,102,12,8,5,13,78,101,106,47,167,173,183,121,16,14,7.88,18.38,96.75,121.88,130.12,57.5,202.88,210.12,215.88,143.88,22.12,22.0
Brick_0cm_S1,2026-04-02T16:36:23.034024,11,24,122,152,168,74,265,268,270,187,30,35,13,26,131,160,173,78,264,270,274,183,32,35,9,20,106,133,144,64,226,238,245,159,26,27,13,28,125,158,169,76,264,275,283,192,35,37,6,16,91,112,121,53,185,196,202,132,17,14,3,9,52,65,67,29,106,108,114,75,9,6,4,11,69,94,94,39,146,153,156,103,12,8,5,13,78,101,107,47,167,172,184,121,16,14,8.0,18.38,96.75,121.88,130.38,57.5,202.88,210.0,216.0,144.0,22.12,22.0
Brick_0cm_S1,2026-04-02T16:36:23.135988,11,25,122,152,168,74,264,268,270,186,30,35,13,26,131,160,174,78,264,269,274,183,32,35,10,20,106,133,144,64,226,238,245,159,26,27,13,28,125,158,169,76,264,275,283,192,35,37,6,16,91,112,121,53,185,196,202,132,17,14,3,9,52,65,67,29,106,108,114,75,9,6,4,11,69,94,94,39,146,153,156,103,12,8,5,13,78,101,107,47,167,172,184,121,16,14,8.12,18.5,96.75,121.88,130.5,57.5,202.75,209.88,216.0,143.88,22.12,22.0
Brick_0cm_S1,2026-04-02T16:36:23.239818,11,25,122,152,168,74,264,268,270,186,30,35,13,26,131,160,174,78,264,269,274,183,32,35,10,20,106,133,144,64,226,238,245,159,26,27,13,28,125,158,169,76,264,275,283,192,35,37,6,16,91,112,121,53,185,196,202,132,17,14,3,9,52,65,67,29,106,108,114,75,9,6,4,11,69,94,94,39,146,153,156,103,12,8,5,13,78,101,107,47,167,172,184,121,16,14,8.12,18.5,96.75,121.88,130.5,57.5,202.75,209.88,216.0,143.88,22.12,22.0
Brick_0cm_S1,2026-04-02T16:36:23.335999,11,25,122,152,168,74,264,268,270,186,30,35,13,26,131,160,174,78,264,269,274,183,32,35,10,20,106,133,144,64,226,238,245,159,26,27,13,28,125,157,168,76,263,275,282,192,35,37,5,15,91,112,121,53,185,196,202,132,17,14,3,9,52,65,67,29,106,108,113,75,9,6,4,11,69,93,93,39,146,153,156,102,12,8,5,13,78,101,107,47,167,172,184,121,16,14,8.0,18.38,96.75,121.62,130.25,57.5,202.62,209.88,215.75,143.75,22.12,22.0
Brick_0cm_S1,2026-04-02T16:36:23.435685,11,24,122,152,167,74,263,268,269,186,30,35,13,26,131,160,174,77,264,269,274,183,32,35,9,20,106,133,144,64,226,238,245,159,26,27,13,28,125,158,169,76,263,275,282,192,35,37,6,16,91,112,121,53,185,196,201,132,17,14,3,9,52,65,67,29,106,108,113,75,9,6,4,11,69,93,94,39,146,153,156,102,12,8,5,13,78,101,106,47,166,172,184,121,16,14,8.0,18.38,96.75,121.75,130.25,57.38,202.38,209.88,215.5,143.75,22.12,22.0
Brick_0cm_S1,2026-04-02T16:36:23.540820,11,24,122,152,167,74,263,268,269,186,30,35,13,26,131,160,174,77,264,269,274,183,32,35,9,20,106,133,144,64,226,238,245,159,26,27,13,28,125,158,168,76,264,275,282,192,35,37,5,16,91,112,121,53,185,196,202,132,17,14,3,9,52,65,67,29,107,108,113,75,9,6,4,11,69,93,94,39,146,153,156,103,12,8,5,13,78,100,106,47,166,172,184,120,16,14,7.88,18.38,96.75,121.62,130.12,57.38,202.62,209.88,215.62,143.75,22.12,22.0
Brick_0cm_S1,2026-04-02T16:36:23.636790,11,24,122,152,167,74,263,268,269,186,30,35,13,26,131,160,174,77,264,269,274,183,32,35,9,20,106,133,144,64,226,238,245,159,26,27,13,28,125,158,168,76,264,275,282,192,35,37,5,16,91,112,121,53,185,196,202,132,17,14,3,9,52,65,67,29,107,108,113,75,9,6,4,11,69,93,94,39,146,153,156,103,12,8,5,13,78,100,106,47,166,172,184,120,16,14,7.88,18.38,96.75,121.62,130.12,57.38,202.62,209.88,215.62,143.75,22.12,22.0
Brick_0cm_S1,2026-04-02T16:36:23.731162,11,25,122,152,167,74,264,268,269,186,30,35,13,26,131,160,173,78,264,269,274,183,32,35,9,20,106,133,143,64,226,238,245,159,26,27,13,28,125,158,168,76,264,275,282,192,35,37,5,16,91,112,121,53,185,196,202,132,17,14,3,9,52,65,67,29,107,108,113,75,9,6,4,11,69,93,94,39,146,153,156,103,12,8,5,13,78,100,106,47,166,172,184,120,16,14,7.88,18.5,96.75,121.62,129.88,57.5,202.75,209.88,215.62,143.75,22.12,22.0
Brick_0cm_S1,2026-04-02T16:36:23.815220,11,25,122,152,167,74,264,268,269,186,30,35,13,26,131,160,173,78,264,269,274,183,32,35,9,20,106,133,143,64,226,238,245,159,26,27,13,28,125,158,168,76,264,275,282,192,35,37,5,16,91,112,121,53,185,196,202,132,17,14,3,9,52,65,67,29,107,108,113,75,9,6,4,11,69,93,94,39,146,153,156,103,12,8,5,13,78,100,106,47,166,172,184,120,16,14,7.88,18.5,96.75,121.62,129.88,57.5,202.75,209.88,215.62,143.75,22.12,22.0
Brick_0cm_S1,2026-04-02T16:36:23.921806,11,24,122,152,167,74,264,268,269,186,30,35,13,26,131,160,174,78,264,269,274,183,32,35,9,20,106,133,144,64,226,237,245,159,26,27,13,28,125,158,168,76,263,275,282,192,35,37,5,15,91,112,121,52,185,196,202,132,17,14,3,9,52,65,67,29,106,108,114,75,9,6,4,11,69,93,94,39,146,153,156,103,12,8,5,13,78,101,107,47,167,172,184,121,16,14,7.88,18.25,96.75,121.75,130.25,57.38,202.62,209.75,215.75,143.88,22.12,22.0
Brick_0cm_S1,2026-04-02T16:36:24.036040,11,24,122,152,167,74,264,268,269,186,30,35,13,26,131,159,174,78,264,269,274,183,32,35,9,20,106,133,144,64,226,238,245,159,26,27,13,28,125,158,168,76,264,275,282,192,35,37,5,16,91,112,121,53,185,196,202,132,17,14,3,9,52,65,67,29,106,108,114,75,9,6,4,11,69,94,94,39,146,153,156,102,12,8,5,13,78,101,107,47,166,172,184,121,16,14,7.88,18.38,96.75,121.75,130.25,57.5,202.62,209.88,215.75,143.75,22.12,22.0
Brick_0cm_S1,2026-04-02T16:36:24.153755,11,25,122,152,168,74,263,268,269,187,30,35,13,26,131,160,173,78,264,269,273,183,32,35,9,20,106,133,142,64,226,238,245,159,26,27,13,28,125,158,168,76,263,274,282,192,35,37,5,16,91,112,121,53,185,196,202,132,17,14,3,9,52,65,67,29,106,108,114,75,9,6,4,11,69,94,94,39,146,153,156,102,12,8,5,13,78,101,107,47,166,172,184,121,16,14,7.88,18.5,96.75,121.88,130.0,57.5,202.38,209.75,215.62,143.88,22.12,22.0
Brick_0cm_S1,2026-04-02T16:36:24.259964,11,25,122,152,168,74,263,268,269,187,30,35,13,26,131,160,173,78,264,269,273,183,32,35,9,20,106,133,142,64,226,238,245,159,26,27,13,28,125,158,168,76,263,274,282,192,35,37,5,16,91,112,121,53,185,196,202,132,17,14,3,9,52,65,67,29,106,108,114,75,9,6,4,11,69,94,94,39,146,153,156,102,12,8,5,13,78,101,107,47,166,172,184,121,16,14,7.88,18.5,96.75,121.88,130.0,57.5,202.38,209.75,215.62,143.88,22.12,22.0
Brick_0cm_S1,2026-04-02T16:36:24.360588,11,24,122,152,167,74,264,268,269,186,30,35,13,26,132,160,173,78,264,269,274,183,32,35,9,20,106,133,143,64,226,237,245,159,26,27,13,28,125,158,168,76,263,275,282,192,35,37,5,16,91,112,121,53,185,196,202,132,17,14,3,9,52,65,67,29,106,108,114,75,9,6,4,11,69,93,94,39,146,153,156,102,12,8,5,13,78,101,106,47,167,172,183,121,16,14,7.88,18.38,96.88,121.75,129.88,57.5,202.62,209.75,215.62,143.75,22.12,22.0
Brick_0cm_S1,2026-04-02T16:36:24.461771,11,24,122,152,168,74,264,268,270,186,29,35,13,26,131,159,174,78,264,269,274,183,32,35,9,20,106,133,144,64,226,238,245,159,26,27,13,28,125,158,168,76,264,275,282,192,35,37,5,16,91,112,121,53,185,196,202,132,17,14,3,9,52,65,67,29,106,108,114,75,9,6,4,11,69,93,94,39,146,153,156,102,12,8,5,13,78,100,107,47,167,173,184,121,16,14,7.88,18.38,96.75,121.5,130.38,57.5,202.75,210.0,215.88,143.75,22.0,22.0
Brick_0cm_S1,2026-04-02T16:36:24.572548,11,24,122,152,167,74,264,268,270,187,30,35,13,26,131,159,174,78,264,269,274,183,32,35,9,20,106,133,144,64,226,238,245,159,26,27,13,28,125,158,168,76,264,275,282,192,35,37,5,16,91,112,121,53,185,196,202,132,17,14,3,9,52,65,67,29,106,108,114,75,8,6,4,11,69,93,94,39,146,153,156,103,12,8,5,13,78,101,106,47,166,172,184,120,16,14,7.88,18.38,96.75,121.62,130.12,57.5,202.62,209.88,215.88,143.88,22.0,22.0
Brick_0cm_S1,2026-04-02T16:36:24.667180,11,24,122,152,167,74,264,268,270,187,30,35,13,26,131,160,173,78,264,269,274,182,32,35,9,20,106,133,144,64,226,238,245,159,26,27,13,28,125,157,168,76,263,274,282,192,35,37,5,16,91,112,121,53,185,196,202,132,17,14,3,9,52,65,67,29,106,108,114,75,8,6,4,11,69,93,94,39,146,153,156,103,12,8,5,13,78,101,106,47,166,172,184,120,16,14,7.88,18.38,96.75,121.62,130.0,57.5,202.5,209.75,215.88,143.75,22.0,22.0
Brick_0cm_S1,2026-04-02T16:36:24.762252,11,24,122,152,167,74,264,268,270,187,30,35,13,26,131,160,173,78,264,269,274,182,32,35,9,20,106,133,144,64,226,238,245,159,26,27,13,28,125,157,168,76,263,274,282,192,35,37,5,16,91,112,121,53,185,196,202,132,17,14,3,9,52,65,67,29,106,108,114,75,8,6,4,11,69,93,94,39,146,153,156,103,12,8,5,13,78,101,106,47,166,172,184,120,16,14,7.88,18.38,96.75,121.62,130.0,57.5,202.5,209.75,215.88,143.75,22.0,22.0
Brick_0cm_S1,2026-04-02T16:36:24.857334,11,24,122,152,167,74,264,268,270,187,30,35,13,26,131,160,173,78,264,269,274,182,32,35,9,20,106,133,144,64,226,238,245,159,26,27,13,28,125,157,168,76,263,274,282,192,35,37,5,16,91,112,121,53,185,196,202,132,17,14,3,9,52,65,67,29,106,108,114,75,8,6,4,11,69,93,94,39,146,153,156,103,12,8,5,13,78,101,106,47,166,172,184,120,16,14,7.88,18.38,96.75,121.62,130.0,57.5,202.5,209.75,215.88,143.75,22.0,22.0
Brick_0cm_S1,2026-04-02T16:36:24.946917,11,24,122,152,167,74,264,268,270,187,30,35,13,26,131,160,173,78,264,269,274,182,32,35,9,20,106,133,144,64,226,238,245,159,26,27,13,28,125,157,168,76,263,274,282,192,35,37,5,16,91,112,121,53,185,196,202,132,17,14,3,9,52,65,67,29,106,108,114,75,8,6,4,11,69,93,94,39,146,153,156,103,12,8,5,13,78,101,106,47,166,172,184,120,16,14,7.88,18.38,96.75,121.62,130.0,57.5,202.5,209.75,215.88,143.75,22.0,22.0
Brick_0cm_S1,2026-04-02T16:36:25.036149,11,24,122,152,167,74,264,268,270,187,30,35,13,26,131,160,173,78,264,269,274,182,32,35,9,20,106,133,144,64,226,238,245,159,26,27,13,28,125,157,168,76,263,274,282,192,35,37,5,16,91,112,121,53,185,196,202,132,17,14,3,9,52,65,67,29,106,108,114,75,8,6,4,11,69,93,94,39,146,153,156,103,12,8,5,13,78,101,106,47,166,172,184,120,16,14,7.88,18.38,96.75,121.62,130.0,57.5,202.5,209.75,215.88,143.75,22.0,22.0
Brick_0cm_S1,2026-04-02T16:36:25.142022,11,24,122,152,167,74,264,268,270,187,30,35,13,26,131,160,173,78,264,269,274,182,32,35,9,20,106,133,144,64,226,238,245,159,26,27,13,28,125,157,168,76,263,274,282,192,35,37,5,16,91,112,121,53,185,196,202,132,17,14,3,9,52,65,67,29,106,108,114,75,8,6,4,11,69,93,94,39,146,153,156,103,12,8,5,13,78,101,106,47,166,172,184,120,16,14,7.88,18.38,96.75,121.62,130.0,57.5,202.5,209.75,215.88,143.75,22.0,22.0
Brick_0cm_S1,2026-04-02T16:36:25.238281,11,24,122,152,167,74,264,268,270,187,30,35,13,26,131,160,173,78,264,269,274,182,32,35,9,20,106,133,144,64,226,238,245,159,26,27,13,28,125,157,168,76,263,274,282,192,35,37,5,16,91,112,121,53,185,196,202,132,17,14,3,9,52,65,67,29,106,108,114,75,8,6,4,11,69,93,94,39,146,153,156,103,12,8,5,13,78,101,106,47,166,172,184,120,16,14,7.88,18.38,96.75,121.62,130.0,57.5,202.5,209.75,215.88,143.75,22.0,22.0
Brick_0cm_S1,2026-04-02T16:36:25.336219,11,25,122,152,167,74,264,268,270,186,30,35,13,26,131,160,173,78,264,269,274,182,32,35,9,20,106,133,144,64,226,238,245,160,26,27,13,28,125,158,168,76,263,274,282,192,35,37,5,16,91,112,121,53,185,196,202,132,17,14,3,9,52,65,67,29,107,108,114,75,9,6,4,11,69,94,94,39,146,153,156,102,12,8,5,13,78,101,107,47,166,172,183,121,16,14,7.88,18.5,96.75,121.88,130.12,57.5,202.62,209.75,215.75,143.75,22.12,22.0
Brick_0cm_S1,2026-04-02T16:36:25.443902,11,24,122,152,167,74,263,268,269,186,30,35,13,26,131,160,173,78,264,269,274,182,32,35,9,20,106,133,144,64,226,238,245,160,26,27,13,28,125,158,168,76,263,274,282,192,35,37,5,16,91,112,121,53,185,196,202,132,17,14,3,9,52,65,67,29,107,108,114,75,9,6,4,11,69,94,94,39,146,153,156,102,12,8,5,13,78,101,107,47,166,172,184,120,16,14,7.88,18.38,96.75,121.88,130.12,57.5,202.5,209.75,215.75,143.62,22.12,22.0
Brick_0cm_S1,2026-04-02T16:36:25.539005,11,24,122,152,167,74,263,268,269,186,30,35,13,26,131,160,173,78,264,269,274,182,32,35,9,20,106,133,144,64,226,238,245,160,26,27,13,28,125,158,168,76,263,274,282,192,35,37,5,16,91,112,121,53,185,196,202,132,17,14,3,9,52,65,67,29,107,108,114,75,9,6,4,11,69,94,94,39,146,153,156,102,12,8,5,13,78,101,107,47,166,172,184,120,16,14,7.88,18.38,96.75,121.88,130.12,57.5,202.5,209.75,215.75,143.62,22.12,22.0
Brick_0cm_S1,2026-04-02T16:36:25.633394,11,24,122,152,167,74,263,268,269,186,30,35,13,26,131,160,173,78,264,269,274,183,32,35,9,20,106,133,144,64,226,238,245,159,26,27,13,28,125,157,168,76,263,274,282,192,35,37,5,16,91,112,121,53,185,196,202,132,17,14,3,9,52,65,67,29,107,108,114,75,9,6,4,11,69,94,94,39,146,153,156,102,12,8,5,13,78,101,107,47,166,172,184,120,16,14,7.88,18.38,96.75,121.75,130.12,57.5,202.5,209.75,215.75,143.62,22.12,22.0
Brick_0cm_S1,2026-04-02T16:36:25.735875,11,24,122,152,167,74,263,268,269,186,30,35,13,26,131,160,173,78,264,269,274,183,32,35,9,20,106,133,144,64,226,238,245,159,26,27,13,28,125,157,168,76,263,274,282,192,35,37,5,16,91,112,121,53,185,196,202,132,17,14,3,9,52,65,67,29,107,108,114,75,9,6,4,11,69,94,94,39,146,153,156,102,12,8,5,13,78,101,107,47,166,172,184,120,16,14,7.88,18.38,96.75,121.75,130.12,57.5,202.5,209.75,215.75,143.62,22.12,22.0
Brick_0cm_S1,2026-04-02T16:36:25.823689,11,24,122,152,167,74,263,267,269,186,30,34,13,26,131,160,174,78,264,269,274,183,32,34,9,20,106,133,143,63,226,237,245,159,26,27,13,28,125,157,168,76,263,274,281,191,35,37,5,16,91,112,121,53,185,196,202,132,17,14,3,9,52,65,67,29,106,108,114,75,9,6,4,11,69,94,94,39,146,153,156,102,12,8,5,13,78,101,107,47,166,172,184,120,16,14,7.88,18.38,96.75,121.75,130.12,57.38,202.38,209.5,215.62,143.5,22.12,21.75
Brick_0cm_S1,2026-04-02T16:36:25.936365,11,24,121,152,167,74,263,267,269,186,30,34,13,26,131,160,173,78,264,269,274,182,32,34,9,20,106,133,143,63,226,237,245,159,26,27,13,28,125,157,168,76,263,274,281,191,35,37,5,16,90,112,121,53,185,196,202,132,17,14,3,9,52,65,67,29,107,108,114,75,9,6,4,11,69,93,94,39,146,153,156,102,12,8,5,13,78,101,106,47,167,172,183,121,16,14,7.88,18.38,96.5,121.62,129.88,57.38,202.62,209.5,215.5,143.5,22.12,21.75
Brick_0cm_S1,2026-04-02T16:36:26.036324,11,24,121,152,167,74,263,267,269,186,30,34,13,26,131,160,173,78,264,269,274,182,32,34,9,20,105,133,143,64,225,237,245,159,26,27,13,28,124,158,168,76,263,274,282,191,34,37,5,16,90,112,121,53,185,196,202,132,17,14,3,9,52,65,67,29,107,108,114,75,9,6,4,11,69,93,94,39,146,153,156,102,12,8,5,13,78,101,106,47,167,172,183,121,16,14,7.88,18.38,96.25,121.75,129.88,57.5,202.5,209.5,215.62,143.5,22.0,21.75
Brick_0cm_S1,2026-04-02T16:36:26.125593,11,24,121,152,167,74,263,267,269,186,30,34,13,26,131,160,173,78,264,269,274,182,32,34,9,20,105,133,143,64,225,237,245,159,26,27,13,28,124,158,168,76,263,274,282,191,34,37,5,16,90,112,121,53,185,196,202,132,17,14,3,9,52,65,67,29,107,108,114,75,9,6,4,11,69,93,94,39,146,153,156,102,12,8,5,13,78,101,106,47,167,172,183,121,16,14,7.88,18.38,96.25,121.75,129.88,57.5,202.5,209.5,215.62,143.5,22.0,21.75
Brick_0cm_S1,2026-04-02T16:36:26.220317,11,24,121,152,167,74,263,267,268,186,30,34,13,26,131,160,173,78,264,269,274,182,32,34,9,20,105,133,143,64,225,237,245,159,26,27,13,28,124,158,168,76,263,274,282,191,34,37,5,16,91,112,121,53,185,196,202,132,17,14,3,9,52,65,67,29,106,108,114,75,8,6,4,11,69,93,94,39,146,153,156,102,12,8,5,13,78,101,106,47,166,173,183,121,17,14,7.88,18.38,96.38,121.75,129.88,57.5,202.25,209.62,215.5,143.5,22.0,21.75
Brick_0cm_S1,2026-04-02T16:36:26.331142,11,24,122,152,167,74,263,267,268,186,30,35,13,26,131,160,173,78,263,269,273,183,32,34,9,20,106,133,143,64,226,237,245,159,26,27,13,28,124,157,168,76,263,274,282,191,35,36,5,16,91,112,121,53,185,196,202,132,17,14,3,9,52,65,67,29,106,108,114,75,8,6,4,11,69,93,94,39,146,153,156,102,12,8,5,13,78,101,106,47,166,173,184,121,16,14,7.88,18.38,96.62,121.62,129.88,57.5,202.25,209.62,215.5,143.62,22.0,21.75
Brick_0cm_S1,2026-04-02T16:36:26.435870,11,24,121,152,167,74,263,267,269,186,30,34,13,26,131,160,173,78,264,269,274,182,32,35,9,20,106,133,143,64,225,237,245,159,26,27,13,28,124,157,168,76,263,274,282,191,35,36,5,16,91,112,121,53,185,196,202,132,17,14,3,9,52,65,67,29,106,108,114,75,8,6,4,11,69,93,94,39,146,153,156,102,12,8,5,13,78,101,106,47,166,172,183,121,16,14,7.88,18.38,96.5,121.62,129.88,57.5,202.25,209.5,215.62,143.5,22.0,21.75
Brick_0cm_S1,2026-04-02T16:36:26.538896,11,24,121,152,167,74,263,267,269,186,30,34,13,26,131,160,173,78,264,269,274,182,32,35,9,20,106,133,143,64,225,237,245,159,26,27,13,28,125,157,168,76,263,273,282,192,35,36,5,16,91,112,121,53,185,196,202,132,17,14,3,9,52,65,67,29,106,108,114,75,8,6,4,11,69,94,94,39,146,153,156,103,12,8,5,13,78,101,106,47,166,172,183,121,16,14,7.88,18.38,96.62,121.75,129.88,57.5,202.25,209.38,215.62,143.75,22.0,21.75
Brick_0cm_S1,2026-04-02T16:36:26.637178,11,24,121,152,167,74,263,267,269,186,30,34,13,26,131,160,173,78,264,269,274,182,32,35,9,20,106,133,143,64,225,237,245,159,26,27,13,28,125,157,168,76,263,273,282,192,35,36,5,16,91,112,121,53,185,196,202,132,17,14,3,9,52,65,67,29,106,108,114,75,8,6,4,11,69,94,94,39,146,153,156,103,12,8,5,13,78,101,107,47,166,172,184,120,16,14,7.88,18.38,96.62,121.75,130.0,57.5,202.25,209.38,215.75,143.62,22.0,21.75
Brick_0cm_S1,2026-04-02T16:36:26.729417,11,24,121,152,167,74,263,267,269,186,30,34,13,26,131,160,173,78,264,269,274,182,32,35,9,20,106,133,143,64,225,237,245,159,26,27,13,28,125,157,168,76,263,273,282,192,35,36,5,16,91,112,121,53,185,196,202,132,17,14,3,9,52,65,67,29,106,108,114,75,8,6,4,11,69,94,94,39,146,153,156,103,12,8,5,13,78,101,107,47,166,172,184,120,16,14,7.88,18.38,96.62,121.75,130.0,57.5,202.25,209.38,215.75,143.62,22.0,21.75
Brick_0cm_S1,2026-04-02T16:36:26.824325,11,24,121,152,167,74,263,267,269,186,30,34,13,26,131,160,173,78,264,269,274,182,32,35,9,20,106,133,143,64,225,237,245,159,26,27,13,28,125,157,168,76,263,273,282,192,35,36,5,16,91,112,121,53,185,196,202,132,17,14,3,9,52,65,67,29,106,108,114,75,8,6,4,11,69,94,94,39,146,153,156,103,12,8,5,13,78,101,107,47,166,172,184,120,16,14,7.88,18.38,96.62,121.75,130.0,57.5,202.25,209.38,215.75,143.62,22.0,21.75
Brick_0cm_S1,2026-04-02T16:36:26.903438,11,24,121,152,167,74,263,267,269,186,30,34,13,26,131,160,173,78,264,269,274,182,32,35,9,20,106,133,143,64,225,237,245,159,26,27,13,28,125,157,168,76,263,273,282,192,35,36,5,16,91,112,121,53,185,196,202,132,17,14,3,9,52,65,67,29,106,108,114,75,8,6,4,11,69,94,94,39,146,153,156,103,12,8,5,13,78,101,107,47,166,172,184,120,16,14,7.88,18.38,96.62,121.75,130.0,57.5,202.25,209.38,215.75,143.62,22.0,21.75
Brick_0cm_S1,2026-04-02T16:36:27.009243,11,24,121,152,167,74,263,267,269,186,30,34,13,26,131,160,173,78,264,269,274,182,32,35,9,20,106,133,143,64,225,237,245,159,26,27,13,28,125,157,168,76,263,273,282,192,35,36,5,16,90,112,121,53,185,196,202,132,17,14,3,9,52,65,67,29,107,108,114,75,8,6,4,11,69,94,94,39,146,153,156,102,12,8,5,13,78,101,107,47,167,172,184,121,16,14,7.88,18.38,96.5,121.75,130.0,57.5,202.5,209.38,215.75,143.62,22.0,21.75
Brick_0cm_S1,2026-04-02T16:36:27.104285,11,24,121,152,167,74,263,267,269,186,30,34,13,26,131,160,173,78,264,269,274,182,32,35,9,20,106,133,143,64,225,237,245,159,26,27,13,28,125,157,168,76,263,273,282,192,35,36,5,16,90,112,121,53,185,196,202,132,17,14,3,9,52,65,67,29,107,108,114,75,8,6,4,11,69,94,94,39,146,153,156,102,12,8,5,13,78,101,107,47,167,172,184,121,16,14,7.88,18.38,96.5,121.75,130.0,57.5,202.5,209.38,215.75,143.62,22.0,21.75
Brick_0cm_S1,2026-04-02T16:36:27.199289,11,24,121,152,167,74,263,267,269,186,30,34,13,26,131,160,173,78,264,269,274,182,32,35,9,20,106,133,143,64,225,237,245,159,26,27,13,28,125,157,168,76,263,273,282,192,35,36,5,16,90,112,121,53,185,196,202,132,17,14,3,9,52,65,67,29,107,108,114,75,8,6,4,11,69,94,94,39,146,153,156,102,12,8,5,13,78,101,107,47,167,172,184,121,16,14,7.88,18.38,96.5,121.75,130.0,57.5,202.5,209.38,215.75,143.62,22.0,21.75
Brick_0cm_S1,2026-04-02T16:36:27.285900,11,24,121,152,167,74,263,267,269,185,30,34,13,26,131,159,173,78,263,268,273,182,32,34,9,20,106,133,143,64,225,238,245,159,25,26,13,28,125,157,168,76,263,273,282,192,35,36,5,16,90,112,121,53,185,196,202,132,17,14,3,9,52,65,67,29,107,108,114,75,8,6,4,11,69,94,94,39,146,153,156,102,12,8,5,13,78,101,106,47,167,173,183,121,16,14,7.88,18.38,96.5,121.62,129.88,57.5,202.38,209.5,215.5,143.5,21.88,21.5
Brick_0cm_S1,2026-04-02T16:36:27.386114,11,24,121,152,167,74,263,267,269,185,30,34,13,26,131,159,173,78,263,268,273,182,32,34,9,20,106,133,143,64,225,238,245,159,25,26,13,28,125,157,168,76,263,273,282,192,35,36,5,16,90,112,121,53,185,196,202,132,17,14,3,9,52,65,67,29,107,108,114,75,8,6,4,11,69,94,94,39,146,153,156,102,12,8,5,13,78,101,106,47,167,173,183,121,16,14,7.88,18.38,96.5,121.62,129.88,57.5,202.38,209.5,215.5,143.5,21.88,21.5
Brick_0cm_S1,2026-04-02T16:36:27.490276,11,24,121,152,167,74,263,267,269,185,30,34,13,26,131,160,173,78,263,268,273,182,32,34,9,20,106,133,143,64,225,238,244,159,26,27,13,28,125,157,168,76,263,273,282,192,35,36,5,16,90,112,121,53,185,196,202,132,17,14,3,9,52,65,67,29,107,108,114,75,8,6,4,11,69,94,94,39,146,153,156,102,12,8,5,13,78,101,106,47,167,173,183,121,16,14,7.88,18.38,96.5,121.75,129.88,57.5,202.38,209.5,215.38,143.5,22.0,21.62
Brick_0cm_S1,2026-04-02T16:36:27.586258,11,24,121,152,167,74,263,267,269,185,30,34,13,26,131,160,173,78,263,268,273,182,32,34,9,20,106,133,143,64,225,238,244,159,26,27,13,28,125,157,168,76,263,273,282,192,35,36,5,16,90,112,121,53,185,196,202,132,17,14,3,9,52,65,67,29,107,108,114,75,8,6,4,11,69,94,94,39,146,153,156,102,12,8,5,13,78,101,106,47,167,173,183,121,16,14,7.88,18.38,96.5,121.75,129.88,57.5,202.38,209.5,215.38,143.5,22.0,21.62
Brick_0cm_S1,2026-04-02T16:36:27.666117,11,24,121,152,167,74,263,267,269,185,30,34,13,26,131,159,173,78,263,269,273,182,32,34,9,20,106,133,143,64,225,238,244,159,26,27,13,28,125,157,168,76,263,273,282,192,35,36,5,16,90,112,121,53,185,196,202,132,17,14,3,9,52,65,67,29,107,108,114,75,8,6,4,11,69,94,94,39,146,153,156,102,12,8,5,13,78,101,106,47,167,173,183,121,16,14,7.88,18.38,96.5,121.62,129.88,57.5,202.38,209.62,215.38,143.5,22.0,21.62
Brick_0cm_S1,2026-04-02T16:36:27.766075,11,24,121,152,167,74,263,267,269,185,30,34,13,26,131,159,173,78,263,269,273,182,32,34,9,20,106,133,143,64,225,238,244,159,26,27,13,28,124,157,168,76,263,274,282,191,35,36,6,16,90,112,121,53,185,196,202,132,17,14,3,9,52,65,67,29,107,108,114,75,8,6,4,11,69,94,94,39,146,153,156,102,12,8,5,13,78,101,106,47,167,173,183,121,16,14,8.0,18.38,96.38,121.62,129.88,57.5,202.38,209.75,215.38,143.38,22.0,21.62
Brick_0cm_S1,2026-04-02T16:36:27.871226,11,24,121,152,167,74,263,267,269,185,30,34,13,26,131,159,173,78,263,269,273,182,32,34,9,20,105,133,143,64,225,237,245,159,26,26,13,28,125,157,168,76,263,274,282,191,35,36,5,16,91,112,121,53,185,196,202,132,17,14,3,9,52,65,67,29,107,108,114,75,9,6,4,11,69,94,94,39,146,153,156,102,12,8,5,13,78,101,106,47,166,173,184,120,16,14,7.88,18.38,96.5,121.62,129.88,57.5,202.25,209.62,215.62,143.25,22.12,21.5
Brick_0cm_S1,2026-04-02T16:36:27.966489,11,24,121,152,167,74,263,267,269,185,30,34,13,26,131,159,173,78,263,269,273,182,32,34,9,20,105,133,143,64,225,237,245,159,26,26,13,28,125,157,168,76,263,274,282,191,35,36,5,16,91,112,121,53,185,196,202,132,17,14,3,9,52,65,67,29,107,108,114,75,9,6,4,11,69,94,94,39,146,153,156,102,12,8,5,13,78,101,106,47,166,173,184,120,16,14,7.88,18.38,96.5,121.62,129.88,57.5,202.25,209.62,215.62,143.25,22.12,21.5
Brick_0cm_S1,2026-04-02T16:36:28.066893,11,24,122,152,167,74,263,267,269,185,30,34,13,26,131,159,173,78,263,268,273,182,32,34,9,20,105,133,143,64,225,237,244,159,26,27,13,28,125,157,168,76,263,274,281,191,35,36,5,16,91,112,121,53,185,196,202,132,17,14,3,9,52,65,67,29,106,108,114,75,8,6,4,11,69,93,94,39,146,153,156,103,12,8,5,13,78,101,106,47,166,173,184,120,16,14,7.88,18.38,96.62,121.5,129.88,57.5,202.12,209.5,215.38,143.38,22.0,21.62
Brick_0cm_S1,2026-04-02T16:36:28.156493,11,24,122,152,167,74,263,267,269,185,30,34,13,26,131,159,173,78,263,268,273,182,32,34,9,20,105,133,143,64,225,237,244,159,26,27,13,28,125,157,168,76,263,274,281,191,35,36,5,16,91,112,121,53,185,196,202,132,17,14,3,9,52,65,67,29,106,108,114,75,8,6,4,11,69,93,94,39,146,153,156,103,12,8,5,13,78,101,106,47,166,173,184,120,16,14,7.88,18.38,96.62,121.5,129.88,57.5,202.12,209.5,215.38,143.38,22.0,21.62
Brick_0cm_S1,2026-04-02T16:36:28.252065,11,24,121,152,166,74,263,267,268,185,30,34,13,26,131,159,173,78,263,268,273,182,32,34,9,20,106,133,143,64,225,237,244,158,26,26,13,28,124,157,168,76,262,274,282,191,35,36,5,16,91,112,121,53,185,196,202,132,17,14,3,9,52,65,67,29,107,109,114,75,8,6,4,11,69,93,94,39,146,153,156,103,12,8,5,13,78,100,106,47,166,172,183,121,16,14,7.88,18.38,96.5,121.38,129.75,57.5,202.12,209.5,215.25,143.38,22.0,21.5
Brick_0cm_S1,2026-04-02T16:36:28.346362,11,24,121,152,167,74,263,267,268,185,30,34,13,26,131,159,173,78,263,268,273,182,32,34,9,20,106,133,143,64,225,237,244,159,26,26,13,28,124,157,168,76,263,274,281,191,34,36,5,16,91,112,121,53,185,196,202,132,18,14,3,9,52,65,67,29,106,108,114,75,9,6,4,11,69,94,94,39,146,152,156,103,12,8,5,13,78,100,106,47,166,172,183,121,16,14,7.88,18.38,96.5,121.5,129.88,57.5,202.12,209.25,215.12,143.5,22.12,21.5
Brick_0cm_S1,2026-04-02T16:36:28.457573,11,24,121,151,167,74,263,267,268,185,30,34,12,26,131,159,173,78,263,268,273,181,32,34,9,20,106,133,143,64,225,237,244,159,26,26,13,28,124,157,168,76,263,274,281,191,34,36,5,16,91,112,121,53,185,196,202,132,18,14,3,9,52,65,67,29,106,108,114,75,9,6,4,11,69,94,94,39,146,152,156,103,12,8,5,13,78,100,106,47,167,172,183,121,16,14,7.75,18.38,96.5,121.38,129.88,57.5,202.25,209.25,215.12,143.38,22.12,21.5
Brick_0cm_S1,2026-04-02T16:36:28.552033,11,24,121,151,167,74,263,267,268,185,30,34,12,26,131,159,173,78,263,268,273,181,32,34,9,20,106,133,143,64,225,237,244,159,26,26,13,28,124,157,168,76,263,274,281,191,34,36,5,16,91,112,121,53,185,196,202,132,18,14,3,9,52,65,67,29,106,108,114,75,9,6,4,11,69,94,94,39,146,152,156,103,12,8,5,13,78,100,106,47,167,172,183,121,16,14,7.75,18.38,96.5,121.38,129.88,57.5,202.25,209.25,215.12,143.38,22.12,21.5
Brick_0cm_S1,2026-04-02T16:36:28.636156,11,24,121,151,167,74,263,267,268,185,30,34,12,26,131,159,173,78,263,268,273,181,32,34,9,20,105,133,143,64,225,237,244,158,26,26,13,27,125,157,168,76,263,274,282,191,34,36,5,16,91,112,121,53,185,196,202,132,17,14,3,9,52,65,67,29,106,108,113,75,9,6,4,11,69,94,94,39,146,153,156,103,12,8,5,13,78,100,106,47,167,172,183,121,16,14,7.75,18.25,96.5,121.38,129.88,57.5,202.25,209.38,215.12,143.25,22.0,21.5
Brick_0cm_S1,2026-04-02T16:36:28.735898,11,24,121,151,167,74,263,267,268,185,30,34,12,26,131,159,173,78,263,268,273,181,32,34,9,20,105,133,143,64,225,237,244,158,26,26,13,27,125,157,168,76,263,274,282,191,34,36,5,16,91,112,121,53,185,196,202,132,17,14,3,9,52,65,67,29,106,108,113,75,9,6,4,11,69,94,94,39,146,153,156,103,12,8,5,13,78,100,106,47,167,172,183,121,16,14,7.75,18.25,96.5,121.38,129.88,57.5,202.25,209.38,215.12,143.25,22.0,21.5
Brick_0cm_S1,2026-04-02T16:36:28.821671,11,24,121,151,167,74,263,267,268,185,30,34,12,26,131,159,173,78,263,268,273,181,32,34,9,20,105,133,143,64,225,237,244,158,26,26,13,27,125,157,168,76,263,274,282,191,34,36,5,16,91,112,121,53,185,196,202,132,17,14,3,9,52,65,67,29,106,108,113,75,9,6,4,11,69,94,94,39,146,153,156,103,12,8,5,13,78,100,106,47,167,172,183,121,16,14,7.75,18.25,96.5,121.38,129.88,57.5,202.25,209.38,215.12,143.25,22.0,21.5
Brick_0cm_S1,2026-04-02T16:36:28.917575,11,24,121,151,167,74,263,267,268,185,30,34,12,26,131,159,173,78,263,268,273,181,32,34,9,20,105,133,143,64,225,237,244,158,26,26,13,27,125,157,168,76,263,274,282,191,34,36,5,16,91,112,121,53,185,196,202,132,17,14,3,9,52,65,67,29,106,108,114,75,8,6,4,11,69,94,94,39,146,153,156,103,12,8,5,13,78,100,106,47,167,172,183,121,16,14,7.75,18.25,96.5,121.38,129.88,57.5,202.25,209.38,215.25,143.25,21.88,21.5
Brick_0cm_S1,2026-04-02T16:36:29.011880,11,24,121,151,167,74,263,267,268,185,30,34,12,26,131,159,173,78,263,268,273,181,32,34,9,20,105,133,143,64,225,237,244,158,26,26,13,27,125,157,168,76,263,274,282,191,34,36,5,16,91,112,121,53,185,196,202,132,17,14,3,9,52,65,67,29,106,108,114,75,8,6,4,11,69,94,94,39,146,153,156,103,12,8,5,13,78,100,106,47,167,172,183,121,16,14,7.75,18.25,96.5,121.38,129.88,57.5,202.25,209.38,215.25,143.25,21.88,21.5
Brick_0cm_S1,2026-04-02T16:36:29.106461,11,24,121,152,167,74,263,267,269,185,30,34,13,26,131,159,173,78,263,268,273,182,32,34,9,20,106,133,143,64,225,237,244,159,26,26,13,27,124,157,168,76,262,274,281,191,34,36,6,16,91,112,121,53,185,196,202,132,17,13,3,9,52,65,67,29,106,108,114,75,9,6,4,11,69,94,94,39,146,153,156,103,12,8,5,13,78,101,107,47,167,172,184,120,16,14,8.0,18.25,96.5,121.62,130.0,57.5,202.12,209.38,215.38,143.38,22.0,21.38
Brick_0cm_S1,2026-04-02T16:36:29.201487,11,24,121,152,167,74,263,267,269,185,30,34,13,26,131,159,173,78,263,268,273,182,32,34,9,20,106,133,143,64,225,237,244,159,26,26,13,27,124,157,168,76,262,274,281,191,34,36,6,16,91,112,121,53,185,196,202,132,17,13,3,9,52,65,67,29,106,108,114,75,9,6,4,11,69,94,94,39,146,153,156,103,12,8,5,13,78,101,107,47,167,172,184,120,16,14,8.0,18.25,96.5,121.62,130.0,57.5,202.12,209.38,215.38,143.38,22.0,21.38
Brick_0cm_S1,2026-04-02T16:36:29.298455,11,24,121,152,167,74,263,267,269,185,30,34,13,26,131,159,173,78,263,268,273,182,32,34,9,20,106,133,143,64,225,237,244,159,26,26,13,28,124,157,168,76,262,274,281,191,35,36,5,16,91,112,121,53,185,196,202,132,17,14,3,9,52,65,67,29,106,108,114,75,9,6,4,11,69,94,94,39,146,153,156,102,12,8,5,13,78,101,107,47,167,172,184,121,16,14,7.88,18.38,96.5,121.62,130.0,57.5,202.12,209.38,215.38,143.38,22.12,21.5
Brick_0cm_S1,2026-04-02T16:36:29.385851,11,24,122,152,167,74,264,267,269,186,30,35,13,26,131,160,173,78,263,268,273,182,32,34,9,20,105,133,143,64,225,237,245,159,26,27,13,27,125,157,168,76,262,274,281,191,35,36,5,16,91,112,121,53,185,196,202,132,17,14,3,9,52,65,67,29,106,108,114,75,9,6,4,11,69,94,94,39,146,153,156,102,12,8,5,13,78,101,107,47,167,172,184,121,16,14,7.88,18.25,96.62,121.75,130.0,57.5,202.25,209.38,215.5,143.5,22.12,21.75
Brick_0cm_S1,2026-04-02T16:36:29.471727,11,25,122,152,168,74,264,268,270,187,31,36,13,26,131,159,173,78,263,268,273,182,32,35,9,20,105,133,143,64,225,237,245,159,26,27,13,27,125,157,168,76,262,274,281,191,35,36,5,16,91,112,121,53,185,196,202,132,17,14,3,9,52,65,67,29,107,108,114,75,9,6,4,11,69,93,94,39,146,153,156,102,12,8,5,13,78,101,107,47,167,172,184,121,16,14,7.88,18.38,96.62,121.5,130.12,57.5,202.38,209.5,215.62,143.62,22.25,22.0
Brick_0cm_S1,2026-04-02T16:36:29.569165,11,25,122,152,168,74,264,268,270,187,31,36,13,26,131,159,173,78,263,268,273,182,32,35,9,20,105,133,143,64,225,237,245,159,26,27,13,27,125,157,168,76,262,274,281,191,35,36,5,16,91,112,121,53,185,196,202,132,17,14,3,9,52,65,67,29,107,108,114,75,9,6,4,11,69,93,94,39,146,153,156,102,12,8,5,13,78,101,107,47,167,172,184,121,16,14,7.88,18.38,96.62,121.5,130.12,57.5,202.38,209.5,215.62,143.62,22.25,22.0
Brick_0cm_S1,2026-04-02T16:36:29.657295,11,25,122,152,168,74,264,268,270,187,31,36,13,26,131,159,173,78,263,268,273,182,32,35,9,20,105,133,143,64,225,237,245,159,26,27,13,28,125,157,167,76,263,274,281,192,35,37,5,16,91,112,121,53,185,196,202,132,17,14,3,9,52,65,67,29,106,108,114,75,9,6,4,11,69,94,94,39,146,153,156,102,12,8,5,13,78,101,107,47,167,173,184,121,16,14,7.88,18.5,96.62,121.62,130.0,57.5,202.38,209.62,215.62,143.75,22.25,22.12
Brick_0cm_S1,2026-04-02T16:36:29.752561,11,25,122,152,168,74,264,268,270,187,31,36,13,26,131,159,173,78,263,268,273,182,32,35,9,20,105,133,143,64,225,237,245,159,26,27,13,28,125,157,167,76,263,274,281,192,35,37,5,16,91,112,121,53,185,196,202,132,17,14,3,9,52,65,67,29,106,108,114,75,9,6,4,11,69,94,94,39,146,153,156,102,12,8,5,13,78,101,107,47,167,173,184,121,16,14,7.88,18.5,96.62,121.62,130.0,57.5,202.38,209.62,215.62,143.75,22.25,22.12
Brick_0cm_S1,2026-04-02T16:36:29.838392,11,25,122,152,168,74,264,268,270,187,31,36,13,26,131,159,173,78,263,268,273,182,32,35,9,20,105,133,143,64,225,237,245,159,26,27,13,28,125,157,167,76,263,274,281,192,35,37,5,16,91,112,121,53,185,196,202,132,17,14,3,9,52,65,67,29,106,108,114,75,9,6,4,11,69,94,94,39,146,153,156,102,12,8,5,13,78,101,107,47,167,173,184,121,16,14,7.88,18.5,96.62,121.62,130.0,57.5,202.38,209.62,215.62,143.75,22.25,22.12
Brick_0cm_S1,2026-04-02T16:36:29.917603,11,25,122,152,168,74,264,268,270,187,31,36,13,26,131,159,173,78,263,268,273,182,32,35,9,20,105,133,143,64,225,237,245,159,26,27,13,28,125,157,167,76,263,274,281,192,35,37,5,16,91,112,121,53,185,196,202,132,17,14,3,9,52,65,67,29,106,108,114,75,9,6,4,11,69,94,94,39,146,153,157,102,12,8,5,13,78,101,107,47,167,173,184,121,16,14,7.88,18.5,96.62,121.62,130.0,57.5,202.38,209.62,215.75,143.75,22.25,22.12
Brick_0cm_S1,2026-04-02T16:36:30.013329,11,25,122,152,168,74,264,268,270,187,31,36,13,26,131,159,173,78,263,268,273,182,32,35,9,20,105,133,143,64,225,237,245,159,26,27,13,28,125,157,167,76,263,274,281,192,35,37,5,16,91,112,121,53,185,196,202,132,17,14,3,9,52,65,67,29,106,108,114,75,9,6,4,11,69,94,94,39,146,153,157,102,12,8,5,13,78,101,107,47,167,173,184,121,16,14,7.88,18.5,96.62,121.62,130.0,57.5,202.38,209.62,215.75,143.75,22.25,22.12
Brick_0cm_S1,2026-04-02T16:36:30.108587,12,26,123,154,169,75,266,271,273,190,32,39,13,26,131,159,173,78,263,268,273,182,32,35,9,20,105,133,143,64,225,237,245,159,26,27,13,28,125,157,167,76,263,274,281,192,35,37,5,16,91,112,121,53,185,196,202,132,17,14,3,9,52,65,67,29,106,108,114,75,9,6,4,11,69,94,94,39,146,153,157,102,12,8,5,13,78,101,107,47,167,173,184,121,16,14,8.0,18.62,96.75,121.88,130.12,57.62,202.62,210.0,216.12,144.12,22.38,22.5
Brick_0cm_S1,2026-04-02T16:36:30.219359,13,26,124,155,170,76,267,272,274,192,33,42,13,27,132,160,174,78,264,270,275,184,33,36,10,20,106,133,144,64,225,238,245,160,26,28,13,28,125,158,168,76,263,274,282,192,35,38,6,16,91,112,121,53,185,196,202,132,17,14,3,9,52,65,67,29,107,108,114,75,9,6,4,11,69,94,94,39,146,153,156,103,12,8,5,13,78,101,107,47,167,173,184,121,16,14,8.38,18.75,97.12,122.25,130.62,57.75,203.0,210.5,216.5,144.88,22.62,23.25
Brick_0cm_S1,2026-04-02T16:36:30.314597,13,26,124,155,171,76,268,272,274,192,33,42,13,27,132,160,174,78,264,270,274,184,33,37,9,20,106,133,144,64,226,238,245,159,26,28,13,28,125,158,168,76,263,274,282,192,35,37,5,16,91,112,121,53,185,196,202,132,17,14,3,9,52,65,67,29,106,108,114,75,8,6,4,11,69,94,94,39,146,153,156,103,12,8,5,13,79,101,107,47,167,173,184,121,17,15,8.12,18.75,97.25,122.25,130.75,57.75,203.12,210.5,216.38,144.75,22.62,23.38
Brick_0cm_S1,2026-04-02T16:36:30.426575,13,26,124,155,171,76,268,272,274,192,33,42,13,27,132,160,174,78,264,270,274,184,33,37,9,20,106,133,144,64,226,238,245,159,26,28,13,28,125,158,168,76,263,274,282,192,35,37,5,16,91,112,121,53,185,196,202,132,17,14,3,9,52,65,67,29,106,108,114,75,8,6,4,11,69,94,94,39,146,153,156,103,12,8,5,13,79,101,107,47,167,173,184,121,17,15,8.12,18.75,97.25,122.25,130.75,57.75,203.12,210.5,216.38,144.75,22.62,23.38
Brick_0cm_S1,2026-04-02T16:36:30.521406,13,26,124,155,171,76,268,272,275,193,33,42,13,27,132,160,174,79,264,270,274,184,33,36,9,20,106,133,144,64,226,238,245,159,26,28,13,28,125,158,168,76,263,274,282,192,35,37,5,16,91,112,121,53,185,196,202,132,17,14,3,9,52,65,67,29,106,108,114,75,8,6,4,11,69,94,94,39,146,153,156,103,12,8,5,13,79,101,107,47,167,173,184,121,17,15,8.12,18.75,97.25,122.25,130.75,57.88,203.12,210.5,216.5,144.88,22.62,23.25
Brick_0cm_S1,2026-04-02T16:36:30.617256,13,26,124,155,171,76,268,272,275,193,33,42,13,27,132,160,174,79,264,270,274,184,33,36,9,20,106,133,144,64,226,238,245,159,26,28,13,28,125,158,168,76,263,274,282,192,35,37,5,16,91,112,121,53,185,196,202,132,17,14,3,9,52,65,67,29,106,108,114,75,8,6,4,11,69,94,94,39,146,153,156,103,12,8,5,13,79,101,107,47,167,173,184,121,17,15,8.12,18.75,97.25,122.25,130.75,57.88,203.12,210.5,216.5,144.88,22.62,23.25
Brick_0cm_S1,2026-04-02T16:36:30.712183,13,26,124,155,171,76,268,272,275,193,33,42,13,27,132,160,174,79,264,270,274,184,33,36,9,20,106,133,144,64,226,238,245,159,26,28,13,28,125,158,168,76,263,274,282,192,35,37,5,16,91,112,121,53,185,196,202,132,17,14,3,9,52,65,67,29,107,108,114,75,8,6,4,11,69,94,94,39,146,153,156,103,12,8,5,13,79,101,107,47,167,173,184,121,17,15,8.12,18.75,97.25,122.25,130.75,57.88,203.25,210.5,216.5,144.88,22.62,23.25
Brick_0cm_S1,2026-04-02T16:36:30.807511,13,26,124,155,170,76,268,272,275,193,33,42,13,26,131,160,174,78,264,269,274,184,33,36,9,20,106,133,144,64,226,238,245,159,26,28,13,28,125,157,168,76,263,274,282,192,35,38,5,16,91,112,121,53,185,196,202,132,17,14,3,9,52,65,67,29,107,108,114,75,8,6,4,11,69,94,94,39,146,153,156,102,12,8,5,14,79,101,107,47,167,173,185,122,17,15,8.12,18.75,97.12,122.12,130.62,57.75,203.25,210.38,216.62,144.88,22.62,23.38
Brick_0cm_S1,2026-04-02T16:36:30.918484,13,26,124,155,170,76,268,272,275,193,33,42,13,26,131,160,174,78,264,269,274,184,33,36,9,20,106,133,144,64,226,238,245,159,26,28,13,28,125,157,168,76,263,274,282,192,35,38,5,16,91,112,121,53,185,196,202,132,17,14,3,9,52,65,67,29,106,108,114,75,9,6,4,11,69,94,94,39,146,153,156,103,12,8,5,13,78,101,107,47,167,173,184,122,17,15,8.12,18.62,97.0,122.12,130.62,57.75,203.12,210.38,216.5,145.0,22.75,23.38
Brick_0cm_S1,2026-04-02T16:36:31.014000,13,26,124,155,170,76,268,272,275,193,33,42,13,26,131,160,174,78,264,269,274,184,33,36,9,20,106,133,144,64,226,238,245,159,26,28,13,28,125,157,168,76,263,274,282,192,35,38,5,16,91,112,121,53,185,196,202,132,17,14,3,9,52,65,67,29,106,108,114,75,9,6,4,11,69,94,94,39,146,153,156,103,12,8,5,13,78,101,107,47,167,173,184,122,17,15,8.12,18.62,97.0,122.12,130.62,57.75,203.12,210.38,216.5,145.0,22.75,23.38
Brick_0cm_S1,2026-04-02T16:36:31.108961,13,26,124,155,170,76,268,273,275,193,33,42,13,27,132,160,174,79,264,269,274,183,32,36,9,20,106,133,144,64,225,238,245,159,26,28,13,28,125,157,168,76,263,274,282,192,35,38,5,16,91,112,121,53,185,196,202,132,17,14,3,9,52,65,67,29,106,108,114,75,9,6,4,11,69,94,94,39,146,153,156,103,12,8,5,13,78,101,107,47,167,173,184,122,17,15,8.12,18.75,97.12,122.12,130.62,57.88,203.0,210.5,216.5,144.88,22.62,23.38
Brick_0cm_S1,2026-04-02T16:36:31.203918,13,26,124,155,170,76,268,273,275,193,33,42,13,27,132,160,174,79,264,269,274,183,32,36,9,20,106,133,144,64,225,238,245,159,26,28,13,28,125,157,168,76,263,274,282,192,35,38,5,16,91,112,121,53,185,196,202,132,17,14,3,9,52,65,67,29,106,108,114,75,9,6,4,11,69,94,94,39,146,153,156,103,12,8,5,13,78,101,107,47,167,173,184,122,17,15,8.12,18.75,97.12,122.12,130.62,57.88,203.0,210.5,216.5,144.88,22.62,23.38
Brick_0cm_S1,2026-04-02T16:36:31.315568,12,26,124,155,170,76,267,272,274,192,33,42,13,26,132,160,174,78,264,269,275,183,33,36,10,20,106,133,144,64,226,238,245,160,26,28,13,28,124,157,168,76,263,274,282,192,35,37,5,16,91,112,121,53,185,196,202,132,17,14,3,9,52,65,67,29,107,108,114,75,9,6,4,11,69,94,94,39,146,153,156,102,12,8,5,13,78,101,107,47,167,173,184,122,16,15,8.12,18.62,97.0,122.12,130.62,57.75,203.12,210.38,216.5,144.75,22.62,23.25
Brick_0cm_S1,2026-04-02T16:36:31.435869,12,26,124,155,170,76,267,272,274,192,33,42,13,26,132,160,174,78,264,269,275,183,33,36,10,20,106,133,144,64,226,238,245,160,26,28,13,28,124,157,168,76,263,274,282,192,35,37,5,16,91,112,121,53,185,196,202,132,17,14,3,9,52,65,67,29,107,108,114,75,9,6,4,11,69,94,94,39,146,153,156,102,12,8,5,13,78,101,107,47,167,173,184,122,17,15,8.12,18.62,97.0,122.12,130.62,57.75,203.12,210.38,216.5,144.75,22.75,23.25
Brick_0cm_S1,2026-04-02T16:36:31.520716,12,26,124,155,170,76,267,271,274,191,33,41,13,26,132,160,174,78,264,269,275,183,33,36,10,20,106,133,144,64,226,238,245,160,26,28,13,28,124,157,168,76,263,274,282,192,35,37,5,16,91,112,121,53,185,196,202,132,17,14,3,9,52,65,67,29,107,108,114,75,9,6,4,11,69,94,94,39,146,153,156,102,12,8,5,13,78,101,107,47,167,173,184,122,17,15,8.12,18.62,97.0,122.12,130.62,57.75,203.12,210.25,216.5,144.62,22.75,23.12
Brick_0cm_S1,2026-04-02T16:36:31.636221,12,26,124,155,170,76,267,271,274,191,33,41,13,26,132,160,174,78,264,269,275,183,33,36,10,20,106,133,144,64,226,238,245,160,26,28,13,28,124,157,168,76,263,274,282,192,35,37,5,16,91,112,121,53,185,196,202,132,17,14,3,9,52,65,67,29,107,108,114,75,9,6,4,11,69,94,94,39,146,153,156,102,12,8,5,13,78,101,107,47,167,173,184,122,17,15,8.12,18.62,97.0,122.12,130.62,57.75,203.12,210.25,216.5,144.62,22.75,23.12
Brick_0cm_S1,2026-04-02T16:36:31.726643,12,26,124,155,170,76,267,271,274,191,33,41,13,26,132,160,174,78,264,269,275,183,33,36,10,20,106,133,144,64,226,238,245,160,26,28,13,28,124,157,168,76,263,274,282,192,35,37,5,16,91,112,121,53,185,196,202,132,17,14,3,9,52,65,67,29,107,108,114,75,9,6,4,11,69,94,94,39,146,153,156,102,12,8,5,13,78,101,107,47,167,173,184,122,17,15,8.12,18.62,97.0,122.12,130.62,57.75,203.12,210.25,216.5,144.62,22.75,23.12
Brick_0cm_S1,2026-04-02T16:36:31.821415,12,25,123,154,169,75,266,270,273,190,32,39,13,26,131,160,174,78,264,269,274,183,32,36,9,20,106,133,144,64,225,237,245,159,26,27,13,27,124,157,167,76,262,274,281,191,34,37,5,16,91,112,121,53,185,196,202,132,17,14,3,9,52,65,67,29,106,108,114,75,9,6,4,11,69,94,94,39,146,153,156,102,12,8,5,13,78,101,107,47,167,173,184,121,17,15,8.0,18.38,96.75,122.0,130.38,57.62,202.62,210.0,216.12,144.12,22.38,22.75
Brick_0cm_S1,2026-04-02T16:36:31.932087,12,25,123,154,169,75,266,270,273,190,32,39,13,26,131,160,174,78,264,269,274,183,32,36,9,20,106,133,144,64,225,237,245,159,26,27,13,27,124,157,167,76,262,274,281,191,34,37,5,16,91,112,121,53,185,196,202,132,17,14,3,9,52,65,67,29,106,108,114,75,9,6,4,11,69,94,94,39,146,153,156,103,12,8,5,13,78,101,107,47,167,173,184,121,17,15,8.0,18.38,96.75,122.0,130.38,57.62,202.62,210.0,216.12,144.25,22.38,22.75
Brick_0cm_S1,2026-04-02T16:36:32.026802,12,25,123,154,169,75,266,270,273,190,32,39,13,26,131,160,174,78,264,269,274,183,32,36,9,20,106,133,144,64,225,237,245,159,26,27,13,27,124,157,167,76,262,274,281,191,34,37,5,16,91,112,121,53,185,196,202,132,17,14,3,9,52,65,67,29,106,108,114,75,9,6,4,11,69,94,94,39,146,153,156,103,12,8,5,13,78,101,107,47,167,173,184,121,17,15,8.0,18.38,96.75,122.0,130.38,57.62,202.62,210.0,216.12,144.25,22.38,22.75
Brick_0cm_S1,2026-04-02T16:36:32.121536,12,25,123,154,169,75,266,270,273,190,32,39,13,26,131,160,174,78,264,269,274,183,32,36,9,20,106,133,144,64,225,237,245,159,26,27,13,27,124,157,167,76,262,274,281,191,34,37,5,16,91,112,121,53,185,196,202,132,17,14,3,9,52,65,67,29,106,108,114,75,9,6,4,11,69,94,94,39,146,153,156,103,12,8,5,13,78,101,107,47,167,173,184,121,17,15,8.0,18.38,96.75,122.0,130.38,57.62,202.62,210.0,216.12,144.25,22.38,22.75
Brick_0cm_S1,2026-04-02T16:36:32.216393,12,25,123,154,169,75,266,270,273,190,32,39,13,26,131,160,174,78,264,269,274,183,32,36,9,20,106,133,144,64,225,237,245,159,26,27,13,27,124,157,167,76,262,274,281,191,34,37,5,16,91,112,121,53,185,196,202,132,17,14,3,9,52,65,67,29,106,108,114,75,9,6,4,11,69,94,94,39,146,153,156,103,12,8,5,13,78,101,107,47,167,173,184,121,17,15,8.0,18.38,96.75,122.0,130.38,57.62,202.62,210.0,216.12,144.25,22.38,22.75
Brick_0cm_S1,2026-04-02T16:36:32.311325,12,25,123,153,169,75,265,270,272,189,32,38,13,26,131,160,173,78,264,269,274,182,32,35,9,20,105,133,143,64,225,237,244,159,26,27,13,27,124,157,167,76,262,273,281,191,34,37,5,16,91,112,121,53,185,196,202,132,17,14,3,9,52,65,67,29,107,108,114,75,9,6,4,11,69,94,94,39,146,153,156,102,12,8,5,13,78,101,107,47,167,173,184,121,16,15,8.0,18.38,96.62,121.88,130.12,57.62,202.62,209.88,215.88,143.88,22.25,22.5
Brick_0cm_S1,2026-04-02T16:36:32.422045,12,25,123,153,169,75,266,270,271,189,31,38,13,26,131,160,173,78,263,269,274,183,32,35,9,20,105,133,143,64,225,237,244,159,26,27,13,28,124,157,167,76,262,274,281,191,35,36,5,16,91,112,121,53,185,196,202,132,17,14,3,9,52,65,67,29,106,108,114,75,9,6,4,11,69,94,94,39,146,153,157,103,12,8,5,13,78,101,107,47,167,173,184,121,16,15,8.0,18.5,96.62,121.88,130.12,57.62,202.5,210.0,215.88,144.12,22.25,22.38
Brick_0cm_S1,2026-04-02T16:36:32.517531,12,25,123,153,169,75,266,270,271,189,31,38,13,26,131,160,173,78,263,269,274,183,32,35,9,20,105,133,143,64,224,237,244,159,26,27,13,28,124,157,168,76,262,274,281,191,35,37,6,16,91,112,121,53,185,196,202,132,17,14,3,9,52,65,67,29,107,109,114,75,9,6,4,11,69,94,94,39,146,153,157,103,12,8,5,13,78,101,107,47,167,173,184,121,16,15,8.12,18.5,96.62,121.88,130.25,57.62,202.5,210.12,215.88,144.12,22.25,22.5
Brick_0cm_S1,2026-04-02T16:36:32.612950,12,25,123,153,169,75,266,270,271,189,31,38,13,26,131,160,173,78,263,269,274,183,32,35,9,20,105,133,143,64,224,237,244,159,26,27,13,28,124,157,168,76,262,274,281,191,35,37,6,16,91,112,121,53,185,196,202,132,17,14,3,9,52,65,67,29,107,109,114,75,9,6,4,11,69,94,94,39,146,153,157,103,12,8,5,13,78,101,107,47,167,173,184,121,16,15,8.12,18.5,96.62,121.88,130.25,57.62,202.5,210.12,215.88,144.12,22.25,22.5
Brick_0cm_S1,2026-04-02T16:36:32.708137,12,25,123,153,169,75,266,270,271,189,31,38,13,26,131,160,173,78,263,269,274,183,32,35,9,20,105,133,143,64,224,237,244,159,26,27,13,28,124,157,168,76,262,274,281,191,35,37,6,16,91,112,121,53,185,196,202,132,17,14,3,9,52,65,67,29,107,109,114,75,9,6,4,11,69,94,94,39,146,153,157,103,12,8,5,13,78,101,107,47,167,173,184,121,16,15,8.12,18.5,96.62,121.88,130.25,57.62,202.5,210.12,215.88,144.12,22.25,22.5
Brick_0cm_S1,2026-04-02T16:36:32.803483,12,25,123,153,169,75,265,270,272,188,31,38,13,26,131,160,173,78,263,268,274,183,32,35,9,20,106,133,143,64,225,237,245,159,26,27,13,28,124,157,167,76,262,273,281,191,34,36,5,16,91,112,121,53,185,196,202,132,17,13,3,9,52,65,67,29,107,109,114,75,9,6,4,11,69,94,94,39,146,153,156,103,12,8,5,13,78,101,107,47,167,173,184,121,17,15,8.0,18.5,96.75,121.88,130.12,57.62,202.5,209.88,216.0,144.0,22.25,22.25
Brick_0cm_S1,2026-04-02T16:36:32.899022,12,25,123,153,169,75,265,270,272,188,31,38,13,26,131,160,173,78,263,268,274,183,32,35,9,20,106,133,143,64,225,237,245,159,26,27,13,28,124,157,167,76,262,273,281,191,34,36,5,16,91,112,121,53,185,196,202,132,17,13,3,9,52,65,67,29,106,108,114,75,8,6,4,11,69,94,94,39,146,153,156,103,12,8,5,13,78,101,107,47,167,173,184,121,16,15,8.0,18.5,96.75,121.88,130.12,57.62,202.38,209.75,216.0,144.0,22.0,22.25
Brick_0cm_S1,2026-04-02T16:36:32.994286,12,25,123,153,168,75,265,270,272,189,31,38,13,26,131,159,173,78,263,269,274,183,32,35,9,20,105,133,143,64,225,237,244,159,26,27,13,28,124,157,168,76,262,274,281,191,35,36,5,16,91,112,121,53,185,196,202,132,17,13,3,9,52,65,67,29,106,108,114,75,8,6,4,11,69,94,94,39,146,153,156,103,12,8,5,13,78,101,107,47,167,173,184,121,16,15,8.0,18.5,96.62,121.75,130.12,57.62,202.38,210.0,215.88,144.12,22.12,22.25
Brick_0cm_S1,2026-04-02T16:36:33.106017,12,25,123,153,168,75,265,270,272,189,31,38,13,26,131,159,173,78,263,269,274,183,32,35,9,20,105,133,143,64,225,237,244,159,26,27,13,28,124,157,168,76,262,274,281,191,35,36,5,16,91,112,121,53,185,196,202,132,17,13,3,9,52,65,67,29,106,108,114,75,8,6,4,11,69,94,94,39,146,153,156,103,12,8,5,13,78,101,107,47,167,173,184,121,16,15,8.0,18.5,96.62,121.75,130.12,57.62,202.38,210.0,215.88,144.12,22.12,22.25
Brick_0cm_S1,2026-04-02T16:36:33.186296,12,25,123,153,168,75,265,270,272,189,31,38,13,26,131,159,173,78,263,269,274,183,32,35,9,20,105,133,143,64,225,237,244,159,26,27,13,28,124,157,168,76,262,274,281,191,35,36,5,16,91,112,121,53,185,196,202,132,17,13,3,9,52,65,67,29,106,108,114,75,8,6,4,11,69,94,94,39,146,153,156,103,12,8,5,13,78,101,107,47,167,173,184,121,16,15,8.0,18.5,96.62,121.75,130.12,57.62,202.38,210.0,215.88,144.12,22.12,22.25
Brick_0cm_S1,2026-04-02T16:36:33.286327,12,26,123,153,169,75,265,270,272,189,32,38,13,26,131,160,174,78,263,269,274,183,32,35,9,20,105,133,143,64,225,237,244,159,26,27,13,28,124,157,168,76,262,274,281,191,35,36,5,16,91,112,121,53,185,196,202,132,17,14,3,9,52,65,67,29,106,108,114,75,9,6,4,11,69,94,94,39,146,153,156,103,12,8,5,13,78,101,107,47,167,173,184,121,17,15,8.0,18.62,96.62,121.88,130.38,57.62,202.38,210.0,215.88,144.12,22.5,22.38
Brick_0cm_S1,2026-04-02T16:36:33.386188,12,26,123,153,169,75,265,270,272,189,32,38,13,26,131,160,174,78,263,269,274,183,32,35,9,20,105,133,143,64,225,237,244,159,26,27,13,27,124,157,167,76,262,273,281,191,35,36,5,16,91,112,121,53,185,196,202,132,17,14,3,9,52,65,67,29,107,109,114,75,9,6,4,11,69,94,94,39,146,153,156,103,12,8,5,13,78,101,107,47,167,173,184,121,17,15,8.0,18.5,96.62,121.88,130.25,57.62,202.5,210.0,215.88,144.12,22.5,22.38
Brick_0cm_S1,2026-04-02T16:36:33.476911,12,25,123,153,169,75,265,270,272,189,32,38,13,26,131,160,173,78,264,268,274,182,32,35,9,20,105,131,143,64,225,237,244,159,26,27,13,28,124,157,167,76,262,273,281,191,34,36,5,16,91,112,121,53,185,196,202,132,17,13,3,9,52,65,67,29,107,108,114,75,9,6,4,11,69,94,94,39,146,153,156,103,12,8,5,13,78,101,107,47,167,173,184,121,17,15,8.0,18.5,96.62,121.62,130.12,57.62,202.62,209.75,215.88,144.0,22.38,22.25
Brick_0cm_S1,2026-04-02T16:36:33.576972,12,25,123,153,169,75,265,270,272,189,32,38,13,26,131,160,173,78,264,268,274,182,32,35,9,20,105,131,143,64,225,237,244,159,26,27,13,28,124,157,167,76,262,273,281,191,34,36,5,16,91,112,121,53,185,196,202,132,17,13,3,9,52,65,67,29,107,108,114,75,9,6,4,11,69,94,94,39,146,153,156,102,12,8,5,13,78,101,107,47,167,172,184,121,16,15,8.0,18.5,96.62,121.62,130.12,57.62,202.62,209.62,215.88,143.88,22.25,22.25
Brick_0cm_S1,2026-04-02T16:36:33.662368,12,25,123,153,169,75,265,270,272,189,32,38,13,26,131,160,173,78,264,268,274,182,32,35,9,20,105,131,143,64,225,237,244,159,26,27,13,28,124,157,167,76,262,273,281,191,34,36,5,16,91,112,121,53,185,196,202,132,17,13,3,9,52,65,67,29,107,108,114,75,9,6,4,11,69,94,94,39,146,153,156,102,12,8,5,13,78,101,107,47,167,172,184,121,16,15,8.0,18.5,96.62,121.62,130.12,57.62,202.62,209.62,215.88,143.88,22.25,22.25
Brick_0cm_S1,2026-04-02T16:36:33.757403,12,25,123,154,169,75,266,270,272,189,32,38,13,26,131,159,173,78,263,268,274,183,32,35,9,20,105,131,143,64,225,237,244,159,26,27,13,28,124,157,167,76,262,273,281,191,34,36,5,16,91,112,121,53,185,196,202,132,17,13,3,9,52,65,67,29,107,108,114,75,9,6,4,11,69,94,94,39,146,153,156,102,12,8,5,13,78,101,107,47,167,172,184,121,16,15,8.0,18.5,96.62,121.62,130.12,57.62,202.62,209.62,215.88,144.0,22.25,22.25
Brick_0cm_S1,2026-04-02T16:36:33.852876,12,25,123,154,169,75,266,270,272,189,32,38,13,26,131,159,173,78,263,268,274,183,32,35,9,20,105,133,143,64,225,237,244,159,26,27,13,28,124,157,167,76,262,273,281,191,34,36,5,16,91,112,121,53,185,196,202,132,17,14,3,9,52,65,67,29,107,108,114,75,8,6,4,11,69,94,94,39,146,153,156,103,12,8,5,13,78,101,107,47,167,173,184,121,16,15,8.0,18.5,96.62,121.88,130.12,57.62,202.62,209.75,215.88,144.12,22.12,22.38
Brick_0cm_S1,2026-04-02T16:36:33.948069,12,25,123,153,169,75,265,270,272,190,32,38,13,26,131,160,173,78,264,267,274,183,32,35,9,20,105,133,143,64,224,237,244,159,26,27,13,28,124,157,167,76,262,273,281,191,34,36,5,16,91,112,121,53,185,196,202,132,17,14,3,9,52,65,67,29,107,108,114,75,8,6,4,11,69,94,94,39,146,153,156,103,12,8,5,13,78,101,107,47,167,173,184,121,16,15,8.0,18.5,96.62,121.88,130.12,57.62,202.5,209.62,215.88,144.25,22.12,22.38
Brick_0cm_S1,2026-04-02T16:36:34.043324,12,25,123,153,169,75,265,270,272,190,32,38,13,26,131,160,173,78,264,267,274,183,32,35,9,20,105,133,143,64,224,237,244,159,26,27,13,28,124,157,167,76,262,273,281,191,35,36,5,16,91,112,121,53,185,196,202,132,17,14,3,9,52,65,67,29,107,108,114,75,8,6,4,11,69,94,94,39,146,153,156,103,12,8,5,13,78,101,107,47,167,173,184,121,16,15,8.0,18.5,96.62,121.88,130.12,57.62,202.5,209.62,215.88,144.25,22.25,22.38
Brick_0cm_S1,2026-04-02T16:36:34.139903,12,25,123,153,169,75,265,270,272,190,32,38,13,26,131,160,173,78,264,267,274,183,32,35,9,20,105,133,143,64,224,237,244,159,26,27,13,28,124,157,167,76,262,273,281,191,35,36,5,16,91,112,121,53,185,196,202,132,17,14,3,9,52,65,67,29,107,108,114,75,8,6,4,11,69,94,94,39,146,153,156,103,12,8,5,13,78,101,107,47,167,173,184,121,16,15,8.0,18.5,96.62,121.88,130.12,57.62,202.5,209.62,215.88,144.25,22.25,22.38
Brick_0cm_S1,2026-04-02T16:36:34.235993,12,25,123,153,169,75,265,270,272,190,32,38,13,26,131,160,173,78,264,267,274,183,32,35,9,20,105,133,143,64,224,237,244,159,26,27,13,28,124,157,167,76,262,273,281,191,35,36,5,16,91,112,121,53,185,196,202,132,17,14,3,9,52,65,67,29,107,108,114,75,8,6,4,11,69,94,94,39,146,153,156,103,12,8,5,13,78,101,107,47,167,173,184,121,16,15,8.0,18.5,96.62,121.88,130.12,57.62,202.5,209.62,215.88,144.25,22.25,22.38
Brick_0cm_S1,2026-04-02T16:36:34.335997,12,25,123,154,169,75,265,270,272,189,32,38,13,26,131,160,173,78,263,268,273,182,32,35,9,20,105,133,143,64,224,237,244,158,26,27,13,27,124,157,167,76,262,273,281,191,34,36,5,16,91,112,121,53,185,196,202,132,17,14,3,9,52,65,67,29,107,108,114,75,8,6,4,11,69,94,94,39,146,153,156,103,12,8,5,13,78,101,107,47,167,173,184,121,16,15,8.0,18.38,96.62,122.0,130.12,57.62,202.38,209.75,215.75,143.88,22.12,22.38
Brick_0cm_S1,2026-04-02T16:36:34.424132,12,25,123,154,169,75,265,270,272,189,32,38,13,26,131,160,173,78,263,268,273,182,32,35,9,20,105,133,143,64,224,237,244,158,26,27,13,27,124,157,167,76,262,273,281,191,34,36,5,16,91,112,121,53,185,196,202,132,17,14,3,9,52,65,67,29,107,108,114,75,8,6,4,11,69,94,94,39,146,153,156,103,12,8,5,13,78,101,107,47,167,173,184,121,16,15,8.0,18.38,96.62,122.0,130.12,57.62,202.38,209.75,215.75,143.88,22.12,22.38
Brick_0cm_S1,2026-04-02T16:36:34.519268,12,25,123,154,169,75,265,270,272,189,32,38,13,26,131,160,173,78,263,268,273,182,32,35,9,20,105,133,143,64,224,237,244,158,26,27,13,27,124,157,167,76,262,273,281,191,34,36,5,16,91,112,121,53,185,196,202,132,17,14,3,9,52,65,67,29,107,108,114,75,8,6,4,11,69,94,94,39,146,153,156,103,12,8,5,13,78,101,107,47,167,173,184,121,16,15,8.0,18.38,96.62,122.0,130.12,57.62,202.38,209.75,215.75,143.88,22.12,22.38
Brick_0cm_S1,2026-04-02T16:36:34.614318,12,25,123,154,169,75,265,270,272,189,32,38,13,26,131,160,173,78,263,268,273,182,32,35,9,20,105,133,143,64,224,237,243,159,26,27,13,27,124,157,167,76,262,273,281,191,34,36,5,16,91,112,121,53,185,196,202,132,17,14,3,9,52,65,67,29,107,108,114,75,8,6,4,11,69,94,94,39,146,153,156,103,12,8,5,13,78,101,107,47,167,173,184,121,16,15,8.0,18.38,96.62,122.0,130.12,57.62,202.38,209.75,215.62,144.0,22.12,22.38
Brick_0cm_S1,2026-04-02T16:36:34.709732,12,25,123,154,169,75,265,270,272,189,32,38,13,26,131,160,173,78,263,268,273,182,32,35,9,20,105,133,143,64,224,237,243,159,26,27,13,27,124,157,167,76,262,273,281,191,34,36,5,16,91,112,121,53,185,196,202,132,17,14,3,9,52,65,67,29,107,108,114,75,8,6,4,11,69,94,94,39,146,153,156,103,12,8,5,13,78,101,107,47,167,173,184,121,16,15,8.0,18.38,96.62,122.0,130.12,57.62,202.38,209.75,215.62,144.0,22.12,22.38
Brick_0cm_S1,2026-04-02T16:36:34.804957,12,25,122,153,169,75,266,270,272,189,32,38,13,26,131,160,173,78,263,269,273,182,32,35,9,20,105,132,143,64,225,237,244,159,26,27,13,27,124,157,167,76,262,273,281,191,35,36,5,16,91,112,121,53,185,196,202,132,17,14,3,9,52,65,67,29,106,108,114,75,8,6,4,11,69,94,94,39,146,153,156,102,12,8,5,13,78,101,107,47,167,173,184,121,17,15,8.0,18.38,96.5,121.75,130.12,57.62,202.5,209.88,215.75,143.88,22.38,22.38
Brick_0cm_S1,2026-04-02T16:36:34.900222,12,25,123,153,169,75,265,270,272,189,31,38,13,26,131,160,173,78,263,269,273,182,32,35,9,20,105,132,143,64,225,237,244,159,26,27,13,27,124,157,167,76,262,273,281,191,35,36,6,16,91,112,121,53,185,196,202,132,17,14,3,9,52,65,67,29,106,108,114,75,8,6,4,11,69,94,94,39,146,153,156,102,12,8,5,13,78,101,107,47,167,173,184,121,16,15,8.12,18.38,96.62,121.75,130.12,57.62,202.38,209.88,215.75,143.88,22.12,22.38
Brick_0cm_S1,2026-04-02T16:36:34.986171,12,25,123,153,169,75,265,270,272,189,31,38,13,26,131,160,173,78,263,268,273,183,32,35,9,20,105,133,142,64,225,237,244,158,26,27,13,27,124,157,167,76,262,273,281,191,35,36,6,16,91,112,121,53,185,196,202,132,17,14,3,9,52,65,67,29,106,108,114,75,8,6,4,11,69,94,94,39,146,153,156,102,12,8,5,13,78,101,107,47,167,173,184,121,16,15,8.12,18.38,96.62,121.88,130.0,57.62,202.38,209.75,215.75,143.88,22.12,22.38
Brick_0cm_S1,2026-04-02T16:36:35.079901,12,25,123,153,169,75,265,270,272,189,31,38,13,26,131,160,173,78,263,268,273,183,32,35,9,20,105,133,142,64,225,237,244,158,26,27,13,27,124,157,167,76,262,273,280,190,34,36,5,16,91,112,121,53,185,196,202,132,17,14,3,9,52,65,67,29,106,108,114,75,8,6,4,11,69,94,94,39,146,153,156,102,12,8,5,13,78,101,107,47,167,173,184,121,16,15,8.0,18.38,96.62,121.88,130.0,57.62,202.38,209.75,215.62,143.75,22.0,22.38
Brick_0cm_S1,2026-04-02T16:36:35.169311,12,25,123,153,169,75,265,270,272,189,31,38,13,26,131,160,173,78,263,268,273,183,32,35,9,20,105,133,142,64,225,237,244,158,26,27,13,27,124,157,167,76,262,273,280,190,34,36,5,16,91,112,121,53,185,196,202,132,17,14,3,9,52,65,67,29,106,108,114,75,8,6,4,11,69,94,94,39,146,153,156,102,12,8,5,13,78,101,107,47,167,173,184,121,16,15,8.0,18.38,96.62,121.88,130.0,57.62,202.38,209.75,215.62,143.75,22.0,22.38
Brick_0cm_S1,2026-04-02T16:36:35.264860,12,25,123,154,169,75,265,270,272,189,31,38,13,26,131,160,173,78,263,268,273,182,32,35,9,20,105,132,143,64,224,237,244,159,26,27,13,27,124,157,167,76,262,273,280,191,34,36,5,16,91,112,121,53,185,196,202,132,17,13,3,9,52,65,67,29,107,108,114,75,9,6,4,11,69,94,94,39,146,153,156,102,12,8,5,13,78,101,107,47,167,173,184,121,16,15,8.0,18.38,96.62,121.88,130.12,57.62,202.38,209.75,215.62,143.88,22.12,22.25
Brick_0cm_S1,2026-04-02T16:36:35.354439,12,25,123,154,169,75,266,270,272,189,32,38,13,26,131,160,173,78,263,269,273,182,32,35,9,20,105,132,143,64,224,237,244,158,26,27,13,27,124,157,167,76,261,273,280,191,34,36,5,16,91,112,121,53,185,196,202,132,17,13,3,9,52,65,67,29,107,108,114,75,8,6,4,11,69,94,94,39,146,153,156,103,12,8,5,13,78,101,107,47,167,173,184,121,16,15,8.0,18.38,96.62,121.88,130.12,57.62,202.38,209.88,215.62,143.88,22.12,22.25
Brick_0cm_S1,2026-04-02T16:36:35.449151,12,25,123,154,169,75,266,270,272,189,31,38,13,26,131,160,173,78,263,269,273,182,32,35,9,20,105,132,143,64,224,237,244,158,26,27,13,27,124,157,167,76,261,273,280,191,34,36,5,16,91,112,121,53,185,196,202,132,17,13,3,9,52,65,67,29,107,108,114,75,8,6,4,11,69,94,94,39,146,153,156,103,12,8,5,13,78,101,107,47,167,173,184,121,16,15,8.0,18.38,96.62,121.88,130.12,57.62,202.38,209.88,215.62,143.88,22.0,22.25
Brick_0cm_S1,2026-04-02T16:36:35.536603,12,25,123,154,169,75,266,270,272,189,31,38,13,26,131,160,173,78,263,269,273,182,32,35,9,20,105,132,143,64,224,237,244,158,26,27,13,27,124,157,167,76,261,273,280,191,34,36,5,16,91,112,121,53,185,196,202,132,17,13,3,9,52,65,67,29,107,108,114,75,8,6,4,11,69,94,94,39,146,153,156,103,12,8,5,13,78,101,107,47,167,173,184,121,16,15,8.0,18.38,96.62,121.88,130.12,57.62,202.38,209.88,215.62,143.88,22.0,22.25
Brick_0cm_S1,2026-04-02T16:36:35.613718,12,25,123,154,169,75,266,270,272,189,31,38,13,26,131,160,173,78,263,269,273,182,32,35,9,20,105,132,143,64,224,237,244,158,26,27,13,27,124,157,167,76,261,273,280,191,34,36,5,16,91,112,121,53,185,196,202,132,17,13,3,9,52,65,67,29,107,108,114,75,8,6,4,11,69,94,94,39,146,153,156,103,12,8,5,13,78,101,107,47,167,173,184,121,16,15,8.0,18.38,96.62,121.88,130.12,57.62,202.38,209.88,215.62,143.88,22.0,22.25
Brick_0cm_S1,2026-04-02T16:36:35.708899,12,25,123,154,169,75,266,270,272,189,31,38,13,26,131,160,173,78,263,269,273,182,32,35,9,20,105,132,143,64,224,237,244,158,26,27,13,27,124,157,167,76,261,273,280,191,34,36,5,16,91,112,121,53,185,196,202,132,17,13,3,9,52,65,67,29,107,108,114,75,8,6,4,11,69,94,94,39,146,153,156,103,12,8,5,13,78,101,107,47,167,173,184,121,16,15,8.0,18.38,96.62,121.88,130.12,57.62,202.38,209.88,215.62,143.88,22.0,22.25
Brick_0cm_S1,2026-04-02T16:36:35.803761,12,25,123,153,168,75,265,269,272,189,31,38,13,26,131,160,173,78,263,268,273,182,32,35,9,20,105,132,143,64,224,236,244,159,26,27,13,28,124,157,167,76,262,273,280,191,35,36,5,16,91,112,121,53,185,196,202,132,17,13,3,9,52,65,67,29,106,108,114,75,8,6,4,11,69,94,94,39,146,153,157,102,12,8,5,13,78,101,107,47,167,173,183,121,16,15,8.0,18.5,96.62,121.75,130.0,57.62,202.25,209.5,215.62,143.88,22.12,22.25
Brick_0cm_S1,2026-04-02T16:36:35.890061,12,25,123,153,168,75,265,269,272,189,31,38,13,26,131,160,173,78,263,268,273,182,32,35,9,20,105,132,143,64,224,236,244,159,26,27,13,28,124,157,167,76,262,273,280,191,35,36,5,16,91,112,121,53,185,196,202,132,17,13,3,9,52,65,67,29,106,108,114,75,9,6,4,11,69,94,94,39,146,153,156,103,12,8,5,13,78,101,107,47,167,173,184,121,16,15,8.0,18.5,96.62,121.75,130.0,57.62,202.25,209.5,215.62,144.0,22.25,22.25
Brick_0cm_S1,2026-04-02T16:36:35.994765,12,25,122,154,169,75,265,270,272,189,32,38,13,26,131,160,173,78,263,268,273,182,32,35,9,20,105,132,143,64,224,237,244,159,26,27,13,28,124,157,167,76,262,273,280,191,35,36,5,16,91,112,121,53,185,196,202,132,17,13,3,9,52,65,67,29,106,108,114,75,9,6,4,11,69,94,94,39,146,153,156,103,12,8,5,13,78,101,107,47,167,173,184,121,16,15,8.0,18.5,96.5,121.88,130.12,57.62,202.25,209.75,215.62,144.0,22.38,22.25
Brick_0cm_S1,2026-04-02T16:36:36.085959,12,25,122,154,169,75,265,270,272,189,32,38,13,26,131,160,173,78,263,268,273,182,32,35,9,20,105,132,143,64,224,237,244,159,26,27,13,27,124,157,167,76,261,273,280,191,35,36,5,15,91,112,121,53,185,196,202,132,17,13,3,9,52,65,67,29,107,108,114,75,8,6,4,11,69,94,94,39,146,153,156,102,12,8,5,13,78,101,107,47,167,173,184,121,16,15,8.0,18.25,96.5,121.88,130.12,57.62,202.25,209.75,215.62,143.88,22.25,22.25
Brick_0cm_S1,2026-04-02T16:36:36.169100,12,25,122,154,169,75,265,270,272,189,32,38,13,26,131,160,173,78,263,268,273,182,32,35,9,20,105,132,143,64,224,237,244,159,26,27,13,27,124,157,167,76,261,273,280,191,35,36,5,15,91,112,121,53,185,196,202,132,17,13,3,9,52,65,67,29,107,108,114,75,8,6,4,11,69,94,94,39,146,153,156,102,12,8,5,13,78,101,107,47,167,173,184,121,16,15,8.0,18.25,96.5,121.88,130.12,57.62,202.25,209.75,215.62,143.88,22.25,22.25
Brick_0cm_S1,2026-04-02T16:36:36.265071,12,25,123,153,168,75,265,270,271,189,32,37,13,26,131,160,173,78,263,268,273,182,32,35,9,20,105,133,143,63,225,237,244,158,26,27,13,28,124,157,167,76,261,273,280,191,34,36,5,16,91,112,121,53,185,196,202,132,18,14,3,9,52,65,67,29,107,108,114,75,8,6,4,11,69,94,94,39,146,153,156,102,12,8,5,13,78,101,107,47,167,173,184,121,17,15,8.0,18.5,96.62,121.88,130.0,57.5,202.38,209.75,215.5,143.75,22.38,22.25
Brick_0cm_S1,2026-04-02T16:36:36.360303,12,25,123,153,168,75,265,270,271,189,32,37,13,26,131,160,173,78,263,268,273,182,32,35,9,20,105,132,142,64,224,237,244,158,26,27,13,27,124,157,167,76,261,273,280,190,34,36,5,16,91,112,121,53,185,196,202,132,17,14,3,9,52,65,67,29,107,109,114,75,8,6,4,11,69,94,94,39,146,153,156,102,12,8,5,13,78,101,107,47,167,172,184,121,16,14,8.0,18.38,96.62,121.75,129.88,57.62,202.25,209.75,215.5,143.62,22.12,22.12
Brick_0cm_S1,2026-04-02T16:36:36.455354,12,25,122,153,168,75,265,269,271,188,31,37,13,26,131,159,173,78,263,268,273,182,32,35,9,20,105,132,143,64,225,237,244,158,26,27,13,27,124,157,167,76,261,273,280,191,34,36,5,16,91,112,121,53,185,196,202,132,17,14,3,9,52,65,67,29,107,109,114,75,8,6,4,11,69,94,94,39,146,153,156,102,12,8,5,13,78,101,107,47,167,172,184,121,16,14,8.0,18.38,96.5,121.62,130.0,57.62,202.38,209.62,215.5,143.62,22.0,22.12
Brick_0cm_S1,2026-04-02T16:36:36.550982,12,25,122,153,168,75,265,269,271,188,31,37,13,26,131,159,173,78,263,268,273,182,32,35,9,20,105,132,143,64,225,237,244,158,26,27,13,27,124,157,167,76,261,273,280,191,34,36,5,16,91,112,121,53,185,196,202,132,17,14,3,9,52,65,67,29,107,109,114,75,8,6,4,11,69,94,94,39,146,153,156,102,12,8,5,13,78,101,107,47,167,172,184,121,16,14,8.0,18.38,96.5,121.62,130.0,57.62,202.38,209.62,215.5,143.62,22.0,22.12
Brick_0cm_S1,2026-04-02T16:36:36.636036,12,25,122,153,168,75,265,269,271,188,31,37,13,26,131,159,173,78,263,268,273,182,32,35,9,20,105,132,143,64,225,237,244,158,26,27,13,27,124,157,167,76,261,273,280,191,34,36,5,16,91,112,121,53,185,196,202,132,17,14,3,9,52,65,67,29,107,109,114,75,8,6,4,11,69,94,94,39,146,153,156,102,12,8,5,13,78,101,107,47,167,172,184,121,16,14,8.0,18.38,96.5,121.62,130.0,57.62,202.38,209.62,215.5,143.62,22.0,22.12
Brick_0cm_S1,2026-04-02T16:36:36.725126,12,25,122,153,168,75,265,269,271,188,31,37,13,26,131,159,173,78,263,268,273,182,32,35,9,20,105,132,143,64,225,237,244,158,26,27,13,27,124,157,167,76,261,273,280,191,34,36,5,16,91,112,121,53,185,196,202,132,17,14,3,9,52,65,67,29,107,109,114,75,8,6,4,11,69,94,94,39,146,153,156,102,12,8,5,13,78,101,107,47,167,172,184,121,16,14,8.0,18.38,96.5,121.62,130.0,57.62,202.38,209.62,215.5,143.62,22.0,22.12
Brick_0cm_S1,2026-04-02T16:36:36.804248,12,25,123,153,168,75,265,269,271,189,31,37,13,26,131,160,173,78,263,268,273,182,32,35,9,20,105,132,143,64,224,237,244,158,26,27,13,27,124,157,167,76,261,273,280,191,34,36,5,16,91,112,121,53,185,196,202,132,17,14,3,9,52,65,67,29,106,108,114,75,8,6,4,11,69,94,94,39,146,153,157,103,12,8,5,13,78,101,107,47,167,173,184,121,16,15,8.0,18.38,96.62,121.75,130.0,57.62,202.12,209.62,215.62,143.88,22.0,22.25
Brick_0cm_S1,2026-04-02T16:36:36.910523,12,25,123,153,169,75,265,269,272,189,31,37,13,26,131,160,173,78,263,268,273,182,32,35,9,20,105,132,143,64,224,237,244,158,26,27,13,27,124,157,167,76,261,273,280,191,34,36,5,16,91,112,121,53,185,196,202,132,17,14,3,9,52,65,67,29,107,109,114,75,8,6,4,11,69,94,94,39,146,153,157,103,12,8,5,13,78,101,107,47,167,173,184,121,16,15,8.0,18.38,96.62,121.75,130.12,57.62,202.25,209.75,215.75,143.88,22.0,22.25
Brick_0cm_S1,2026-04-02T16:36:37.005063,12,25,123,153,169,75,265,269,272,189,31,37,13,26,131,159,173,78,263,268,273,182,32,35,9,20,105,132,143,64,225,237,244,159,26,27,13,28,124,157,167,76,260,273,281,191,34,36,5,16,91,112,121,53,186,196,202,132,17,14,3,9,52,65,67,29,107,109,114,75,8,6,4,11,69,94,94,39,146,153,157,103,12,8,5,13,78,101,107,47,167,173,184,121,16,15,8.0,18.5,96.62,121.62,130.12,57.62,202.38,209.75,215.88,144.0,22.0,22.25
Brick_0cm_S1,2026-04-02T16:36:37.089546,12,25,123,153,169,75,265,269,272,189,31,37,13,26,131,159,173,78,263,268,273,182,32,35,9,20,105,132,143,64,225,237,244,159,26,27,13,28,124,157,167,76,260,273,281,191,34,36,5,16,91,112,121,53,186,196,202,132,17,14,3,9,52,65,67,29,107,109,114,75,8,6,4,11,69,94,94,39,146,153,156,102,12,8,5,13,78,101,107,47,167,172,184,121,16,15,8.0,18.5,96.62,121.62,130.12,57.62,202.38,209.62,215.75,143.88,22.0,22.25
Brick_0cm_S1,2026-04-02T16:36:37.185944,12,25,123,153,169,75,265,269,272,189,31,37,13,26,131,159,173,78,263,268,273,182,32,35,9,20,105,132,143,64,225,237,244,159,26,27,13,28,124,157,167,76,260,273,281,191,34,36,5,16,91,112,121,53,186,196,202,132,17,14,3,9,52,65,67,29,107,109,114,75,8,6,4,11,69,94,94,39,146,153,156,102,12,8,5,13,78,101,107,47,167,172,184,121,16,15,8.0,18.5,96.62,121.62,130.12,57.62,202.38,209.62,215.75,143.88,22.0,22.25
Brick_0cm_S1,2026-04-02T16:36:37.279818,12,25,123,153,169,75,265,270,272,189,31,38,13,26,131,160,173,78,263,267,273,182,32,35,9,20,105,132,143,64,225,237,243,159,26,27,13,28,124,157,167,76,262,273,281,191,35,36,5,16,91,112,121,53,186,196,202,132,17,14,3,9,52,65,67,29,107,109,114,75,8,6,4,11,69,94,94,39,146,153,156,102,12,8,5,13,78,101,107,47,167,172,184,121,16,15,8.0,18.5,96.62,121.75,130.12,57.62,202.62,209.62,215.62,143.88,22.12,22.38
Brick_0cm_S1,2026-04-02T16:36:37.358786,12,25,123,153,168,75,265,270,272,189,31,38,13,26,131,160,173,78,263,268,273,182,32,35,9,20,105,132,143,64,224,237,244,158,26,27,13,28,124,157,167,76,262,273,280,191,35,36,5,16,91,112,121,53,185,196,202,132,17,14,3,9,52,65,67,29,106,108,114,75,9,6,4,11,69,94,94,39,146,153,156,103,12,8,5,13,78,101,107,47,167,173,184,121,16,15,8.0,18.5,96.62,121.75,130.0,57.62,202.25,209.75,215.62,143.88,22.25,22.38
Brick_0cm_S1,2026-04-02T16:36:37.469795,12,25,122,154,169,75,265,269,272,189,30,38,13,26,131,160,173,78,263,268,273,182,32,35,9,20,105,132,143,64,224,237,244,158,26,27,13,28,125,157,167,76,262,273,280,191,34,36,5,16,91,112,121,53,185,196,202,132,17,14,3,9,52,65,67,29,106,108,114,75,9,6,4,11,69,94,94,39,146,153,156,103,12,8,5,13,78,101,107,47,167,173,184,121,16,15,8.0,18.5,96.62,121.88,130.12,57.62,202.25,209.62,215.62,143.88,22.0,22.38
Brick_0cm_S1,2026-04-02T16:36:37.559291,12,25,122,154,169,75,265,269,272,189,30,38,13,26,131,160,173,78,263,268,273,182,32,35,9,20,105,132,143,64,224,237,244,158,26,27,13,28,125,157,167,76,262,273,280,191,34,36,5,16,91,112,121,53,185,196,202,132,17,14,3,9,52,65,67,29,107,108,114,75,8,6,4,11,69,94,94,39,146,153,156,103,12,8,5,13,78,101,107,47,167,173,184,121,16,15,8.0,18.5,96.62,121.88,130.12,57.62,202.38,209.62,215.62,143.88,21.88,22.38
Brick_0cm_S1,2026-04-02T16:36:37.644682,12,25,122,154,169,75,265,269,272,189,30,38,13,26,131,160,173,78,263,268,273,182,32,35,9,20,105,132,143,64,224,237,244,158,26,27,13,28,125,157,167,76,262,273,280,191,34,36,5,16,91,112,121,53,185,196,202,132,17,14,3,9,52,65,67,29,107,108,114,75,8,6,4,11,69,94,94,39,146,153,156,103,12,8,5,13,78,101,107,47,167,173,184,121,16,15,8.0,18.5,96.62,121.88,130.12,57.62,202.38,209.62,215.62,143.88,21.88,22.38
Brick_0cm_S1,2026-04-02T16:36:37.739611,12,25,123,153,169,75,266,270,272,189,32,38,13,26,131,160,173,78,263,268,273,182,32,35,9,20,105,132,143,64,224,237,244,158,26,27,13,28,125,157,167,76,262,273,280,191,34,36,5,16,91,112,121,53,185,196,202,132,17,14,3,9,52,65,67,29,107,108,114,75,8,6,4,11,69,94,94,39,146,153,156,103,12,8,5,13,78,101,107,47,167,173,184,121,16,15,8.0,18.5,96.75,121.75,130.12,57.62,202.5,209.75,215.62,143.88,22.12,22.38
Brick_0cm_S1,2026-04-02T16:36:37.819014,12,25,123,153,169,75,266,270,272,189,32,38,13,26,131,160,173,78,263,268,273,182,32,35,9,20,105,132,143,64,224,237,244,158,26,27,13,28,125,157,167,76,262,273,280,191,34,36,5,16,91,112,121,53,185,196,202,132,17,14,3,9,52,65,67,29,107,108,114,75,8,6,4,11,69,94,94,39,146,153,156,103,12,8,5,13,78,101,107,47,167,173,184,121,16,15,8.0,18.5,96.75,121.75,130.12,57.62,202.5,209.75,215.62,143.88,22.12,22.38
Brick_0cm_S1,2026-04-02T16:36:37.914269,12,25,123,154,169,75,265,270,272,189,32,39,13,26,131,159,173,78,263,268,273,182,32,35,9,20,105,132,143,64,224,237,244,159,26,27,13,27,124,157,167,76,261,273,280,191,35,36,5,16,91,112,121,53,185,196,202,132,17,14,3,9,52,65,67,29,107,109,114,75,8,6,4,11,69,94,94,39,146,153,156,103,12,8,5,13,78,101,107,47,167,173,184,121,17,15,8.0,18.38,96.62,121.75,130.12,57.62,202.25,209.88,215.62,144.0,22.38,22.5
Brick_0cm_S1,2026-04-02T16:36:38.009312,12,26,123,154,169,75,266,270,273,190,32,39,13,26,131,160,173,78,263,268,273,182,32,35,9,20,105,133,143,64,225,237,244,159,26,27,13,28,124,157,167,76,261,273,281,191,35,37,5,16,91,112,121,53,185,196,203,132,17,14,3,9,52,65,67,29,107,109,114,75,8,6,4,11,69,94,94,39,146,153,156,103,12,8,5,13,78,101,107,47,167,173,184,121,17,15,8.0,18.62,96.62,122.0,130.12,57.62,202.5,209.88,216.0,144.12,22.38,22.62
Brick_0cm_S1,2026-04-02T16:36:38.104040,12,26,123,154,169,75,266,270,273,190,32,39,13,26,131,160,173,78,263,268,273,182,32,35,9,20,105,133,143,64,225,237,244,159,26,27,13,28,124,157,167,76,261,273,281,191,35,37,5,16,91,112,121,53,185,196,203,132,17,14,3,9,52,65,67,29,107,108,114,75,9,6,4,11,69,94,94,39,146,153,156,102,12,8,5,14,78,101,107,47,167,173,184,121,17,15,8.0,18.75,96.62,122.0,130.12,57.62,202.5,209.75,216.0,144.0,22.5,22.62
Brick_0cm_S1,2026-04-02T16:36:38.199173,12,26,123,154,169,75,266,270,273,190,32,39,13,26,131,160,173,78,263,268,273,182,32,35,9,20,105,133,143,64,225,237,244,159,26,27,13,28,124,157,167,76,261,273,281,191,35,37,5,16,91,112,121,53,185,196,203,132,17,14,3,9,52,65,67,29,107,108,114,75,9,6,4,11,69,94,94,39,146,153,156,102,12,8,5,14,78,101,107,47,167,173,184,121,17,15,8.0,18.75,96.62,122.0,130.12,57.62,202.5,209.75,216.0,144.0,22.5,22.62
Brick_0cm_S1,2026-04-02T16:36:38.294355,12,26,123,154,169,75,266,270,273,190,32,39,13,26,131,160,173,78,263,268,273,182,32,35,9,20,105,133,143,64,225,237,244,159,26,27,13,28,124,157,167,76,261,273,281,191,35,37,5,16,91,112,121,53,185,196,202,132,17,14,3,9,52,65,67,29,107,108,114,75,8,6,4,11,69,94,94,39,146,153,156,103,12,8,5,13,78,101,107,47,167,173,184,121,16,15,8.0,18.62,96.62,122.0,130.12,57.62,202.5,209.75,215.88,144.12,22.25,22.62
Brick_0cm_S1,2026-04-02T16:36:38.400166,12,26,124,155,170,76,267,271,274,192,33,41,13,26,131,160,173,78,263,268,273,182,32,35,10,20,105,133,143,64,225,237,245,159,26,28,13,28,124,157,168,76,262,273,281,191,35,37,5,16,91,112,121,53,185,196,202,132,17,13,3,9,52,65,67,29,107,108,114,75,9,6,4,11,69,94,94,39,146,153,156,103,12,8,5,13,78,101,107,47,167,173,184,121,17,15,8.12,18.62,96.75,122.12,130.38,57.75,202.75,209.88,216.12,144.38,22.62,22.88
Brick_0cm_S1,2026-04-02T16:36:38.500824,13,26,124,155,170,76,267,272,274,191,33,41,13,26,131,159,173,78,263,268,273,182,32,35,9,20,105,133,143,64,225,237,244,159,26,28,13,28,124,157,167,76,262,273,281,191,35,37,5,16,91,112,121,53,185,196,202,132,17,14,3,9,52,65,67,29,107,108,114,75,9,6,4,11,69,94,94,39,146,153,156,103,12,8,5,13,78,101,107,47,167,173,184,121,17,15,8.12,18.62,96.75,122.0,130.25,57.75,202.75,210.0,216.0,144.25,22.62,23.0
Brick_0cm_S1,2026-04-02T16:36:38.611620,13,26,124,155,170,76,267,272,274,191,33,41,13,26,131,159,173,78,263,268,273,182,32,35,9,20,105,133,143,64,225,237,244,159,26,28,13,28,124,157,167,76,262,273,281,191,35,37,5,16,91,112,121,53,185,196,202,132,17,14,3,9,52,65,67,29,107,108,114,75,9,6,4,11,69,94,94,39,146,153,156,103,12,8,5,13,78,101,107,47,167,173,184,121,17,15,8.12,18.62,96.75,122.0,130.25,57.75,202.75,210.0,216.0,144.25,22.62,23.0
Brick_0cm_S1,2026-04-02T16:36:38.701146,13,26,124,155,170,76,267,272,274,191,33,41,13,26,131,159,173,78,263,268,273,182,32,35,9,20,105,133,143,64,225,237,244,159,26,28,13,28,124,157,167,76,262,273,281,191,35,37,5,16,91,112,121,53,185,196,202,132,17,14,3,9,52,65,67,29,107,108,114,75,9,6,4,11,69,94,94,39,146,153,156,103,12,8,5,13,78,101,107,47,167,173,184,121,17,15,8.12,18.62,96.75,122.0,130.25,57.75,202.75,210.0,216.0,144.25,22.62,23.0
Brick_0cm_S1,2026-04-02T16:36:38.786442,12,26,123,154,170,75,267,271,274,191,32,40,13,26,131,159,173,78,263,268,273,182,32,35,9,20,105,133,143,64,225,237,244,159,26,27,13,28,124,157,167,76,261,273,281,191,35,37,5,16,91,112,121,53,185,196,202,132,17,14,3,9,52,65,67,29,107,108,114,75,9,6,4,11,69,94,94,39,146,153,156,103,12,8,5,13,78,101,107,47,167,173,184,121,17,15,8.0,18.62,96.62,121.88,130.25,57.62,202.62,209.88,216.0,144.25,22.5,22.75
Brick_0cm_S1,2026-04-02T16:36:38.885817,12,26,123,154,170,75,267,271,274,191,32,40,13,26,131,159,173,78,263,268,273,182,32,35,9,20,105,133,143,64,225,237,244,159,26,27,13,28,124,157,167,76,261,273,281,191,35,37,5,16,91,112,121,53,185,196,202,132,17,14,3,9,52,65,67,29,106,109,114,75,9,6,4,11,69,93,94,39,146,153,156,103,12,8,5,13,78,101,107,47,167,173,184,121,16,15,8.0,18.62,96.62,121.75,130.25,57.62,202.5,210.0,216.0,144.25,22.38,22.75
Brick_0cm_S1,2026-04-02T16:36:38.976722,12,26,123,155,170,75,266,271,273,191,32,40,13,26,131,160,173,78,263,268,273,182,32,35,9,20,105,133,143,64,225,237,244,159,26,27,13,28,124,157,167,76,262,273,280,191,34,37,5,16,91,112,121,53,185,196,202,132,17,14,3,9,52,65,67,29,106,109,114,75,9,6,4,11,69,93,94,39,146,153,156,103,12,8,5,13,78,101,107,47,167,173,184,121,16,15,8.0,18.62,96.62,122.0,130.25,57.62,202.5,210.0,215.75,144.25,22.25,22.75
Brick_0cm_S1,2026-04-02T16:36:39.071645,12,25,123,154,169,75,266,270,273,190,32,39,13,26,131,160,173,78,263,268,273,182,32,35,9,20,105,133,143,64,225,237,244,159,26,27,13,28,124,157,167,76,262,273,280,191,34,37,5,16,91,112,121,53,185,196,202,132,17,14,3,9,52,65,67,29,107,108,114,75,9,6,4,11,69,94,94,39,146,153,156,103,12,8,5,13,78,101,107,47,167,173,184,121,16,15,8.0,18.5,96.62,122.0,130.12,57.62,202.62,209.75,215.75,144.12,22.25,22.62
Brick_0cm_S1,2026-04-02T16:36:39.166862,12,25,123,154,169,75,266,270,273,190,32,39,13,26,131,160,173,78,263,268,273,182,32,35,9,20,105,133,143,64,225,237,244,159,26,27,13,28,124,157,167,76,262,273,280,191,34,37,5,16,91,112,121,53,185,196,202,132,17,14,3,9,52,65,67,29,107,108,114,75,9,6,4,11,69,94,94,39,146,153,156,103,12,8,5,13,78,101,107,47,167,173,184,121,16,15,8.0,18.5,96.62,122.0,130.12,57.62,202.62,209.75,215.75,144.12,22.25,22.62
Brick_0cm_S1,2026-04-02T16:36:39.261748,12,25,123,154,169,75,266,270,273,190,32,39,13,26,131,160,173,78,263,268,273,182,32,35,9,20,105,133,143,64,225,237,244,159,26,27,13,28,124,157,167,76,262,273,280,191,34,37,5,16,91,112,121,53,185,196,202,132,17,14,3,9,52,65,67,29,107,108,114,75,9,6,4,11,69,94,94,39,146,153,156,103,12,8,5,13,78,101,107,47,167,173,184,121,16,15,8.0,18.5,96.62,122.0,130.12,57.62,202.62,209.75,215.75,144.12,22.25,22.62
Brick_0cm_S1,2026-04-02T16:36:39.357332,12,25,123,153,169,75,265,270,272,189,31,38,13,26,131,159,173,78,263,268,273,182,32,35,9,20,105,132,143,64,224,236,244,158,25,26,13,27,124,157,167,75,261,272,280,190,34,36,5,16,91,112,121,53,185,196,202,132,17,14,3,9,52,65,67,29,107,108,114,75,8,6,4,11,69,94,94,39,146,153,156,102,12,8,5,13,78,101,107,47,167,173,184,121,16,14,8.0,18.38,96.62,121.62,130.12,57.5,202.25,209.5,215.62,143.62,21.88,22.12
Brick_0cm_S1,2026-04-02T16:36:39.467898,12,25,122,153,169,75,265,269,272,189,31,38,13,26,131,159,173,78,263,268,273,182,32,35,9,20,105,132,142,63,224,237,244,158,25,26,13,27,124,157,167,75,261,272,280,190,34,36,5,16,91,113,121,53,185,196,202,132,17,13,3,9,52,65,67,29,107,108,114,75,8,6,4,11,69,94,94,39,146,153,156,102,12,8,5,13,78,101,107,47,167,173,184,121,16,14,8.0,18.38,96.5,121.75,130.0,57.38,202.25,209.5,215.62,143.62,21.88,22.0
Brick_0cm_S1,2026-04-02T16:36:39.563909,12,25,122,153,169,75,265,269,272,189,31,38,13,26,131,159,173,78,263,268,273,182,32,35,9,20,105,132,142,63,224,237,244,158,25,26,13,27,124,157,167,75,261,272,280,190,34,36,5,16,91,113,121,53,185,196,202,132,17,13,3,9,52,65,67,29,107,107,114,75,8,6,4,11,69,94,94,39,146,153,156,103,12,8,5,13,78,101,107,47,167,173,184,121,16,15,8.0,18.38,96.5,121.75,130.0,57.38,202.25,209.38,215.62,143.75,21.88,22.12
Brick_0cm_S1,2026-04-02T16:36:39.658530,12,25,122,153,169,75,265,269,272,189,31,38,13,26,131,159,173,78,263,268,273,182,32,35,9,20,105,132,142,63,224,237,244,158,25,26,13,27,124,157,167,75,261,272,280,190,34,36,5,16,91,113,121,53,185,196,202,132,17,13,3,9,52,65,67,29,107,107,114,75,8,6,4,11,69,94,94,39,146,153,156,103,12,8,5,13,78,101,107,47,167,173,184,121,16,15,8.0,18.38,96.5,121.75,130.0,57.38,202.25,209.38,215.62,143.75,21.88,22.12
Brick_0cm_S1,2026-04-02T16:36:39.753775,12,25,123,153,168,75,265,270,271,189,31,38,13,26,131,159,173,78,263,268,273,182,32,35,9,20,105,132,142,63,224,237,244,158,25,26,13,27,124,157,167,76,261,272,280,190,34,36,5,16,91,112,121,53,185,196,202,132,17,13,3,9,52,65,67,29,107,108,114,75,9,6,4,11,69,94,94,39,146,153,156,103,12,8,5,13,78,101,107,47,167,173,184,121,16,15,8.0,18.38,96.62,121.62,129.88,57.5,202.25,209.62,215.5,143.75,22.0,22.12
Brick_0cm_S1,2026-04-02T16:36:39.849258,12,25,123,154,169,75,265,269,271,189,31,38,13,26,131,160,173,78,263,268,273,182,32,35,9,20,105,132,143,64,224,236,243,158,26,27,13,27,124,157,167,76,261,272,280,190,34,36,5,16,91,112,121,53,185,196,202,132,17,14,3,9,52,65,67,29,106,109,114,75,8,6,4,11,69,94,94,39,146,153,156,102,12,8,5,13,78,101,107,47,167,173,184,121,16,15,8.0,18.38,96.62,121.88,130.12,57.62,202.12,209.5,215.38,143.62,22.0,22.38
Brick_0cm_S1,2026-04-02T16:36:39.944514,12,25,123,154,168,75,265,269,271,189,31,38,13,26,131,160,173,78,263,268,273,182,32,35,9,20,105,132,143,64,224,236,244,158,25,27,13,27,124,157,167,76,261,272,280,190,34,36,5,16,91,112,121,53,185,196,202,132,17,14,3,9,52,65,67,29,106,109,114,75,8,6,4,11,69,94,94,39,146,153,156,102,12,8,5,13,78,101,107,47,167,173,184,121,16,15,8.0,18.38,96.62,121.88,130.0,57.62,202.12,209.5,215.5,143.62,21.88,22.38
Brick_0cm_S1,2026-04-02T16:36:40.039211,12,25,123,154,168,75,265,269,271,189,31,38,13,26,131,160,173,78,263,268,273,182,32,35,9,20,105,132,143,64,224,236,244,158,25,27,13,27,124,157,167,76,261,272,280,190,34,36,5,16,91,112,121,53,185,196,202,132,17,13,3,9,52,65,67,29,106,108,114,75,8,6,4,11,69,94,94,39,146,153,157,102,12,8,5,13,78,101,107,47,167,173,184,121,17,15,8.0,18.38,96.62,121.88,130.0,57.62,202.12,209.38,215.62,143.62,22.0,22.25
Brick_0cm_S1,2026-04-02T16:36:40.136550,12,25,122,153,168,75,265,270,272,189,31,38,13,26,131,160,173,78,263,268,273,182,32,35,9,20,105,132,143,64,224,237,244,158,25,27,13,27,124,157,167,76,261,272,280,190,34,36,5,16,91,112,121,53,185,196,202,132,17,13,3,9,52,65,67,29,106,108,114,75,8,6,4,11,69,94,94,39,146,153,157,102,12,8,5,13,78,101,107,47,167,173,184,121,17,15,8.0,18.38,96.5,121.75,130.0,57.62,202.12,209.62,215.75,143.62,22.0,22.25
Brick_0cm_S1,2026-04-02T16:36:40.235963,12,25,122,153,168,75,265,270,272,189,31,38,13,26,131,160,173,78,263,268,273,182,32,35,9,20,105,132,143,64,224,237,244,158,25,27,13,27,124,157,167,76,261,272,280,190,34,36,5,16,91,112,121,53,185,196,202,132,17,13,3,9,52,65,67,29,106,108,114,75,8,6,4,11,69,94,94,39,146,153,157,102,12,8,5,13,78,101,107,47,167,173,184,121,17,15,8.0,18.38,96.5,121.75,130.0,57.62,202.12,209.62,215.75,143.62,22.0,22.25
Brick_0cm_S1,2026-04-02T16:36:40.323328,12,25,123,154,169,75,265,269,272,189,32,38,13,26,131,160,173,78,263,268,273,182,32,35,9,20,105,132,143,64,224,236,244,158,25,27,13,27,124,156,167,75,261,272,280,190,34,36,5,16,91,112,121,53,185,196,202,132,17,13,3,9,52,65,67,29,106,108,114,75,8,6,4,11,69,94,94,39,146,153,156,103,12,8,5,13,78,101,107,47,167,173,184,121,17,15,8.0,18.38,96.62,121.75,130.12,57.5,202.12,209.38,215.62,143.75,22.12,22.25
Brick_0cm_S1,2026-04-02T16:36:40.417509,12,25,123,154,169,75,265,269,272,189,32,38,13,26,131,160,173,78,263,268,273,182,32,35,9,20,105,132,143,64,224,236,244,158,25,27,13,27,124,156,167,75,261,272,280,190,34,36,5,16,91,112,121,53,185,196,202,132,17,13,3,9,52,65,67,29,106,108,114,75,8,6,4,11,69,94,94,39,146,153,156,103,12,8,5,13,78,101,107,47,167,173,184,121,16,15,8.0,18.38,96.62,121.75,130.12,57.5,202.12,209.38,215.62,143.75,22.0,22.25
Brick_0cm_S1,2026-04-02T16:36:40.512921,12,25,123,154,169,75,265,269,272,189,32,38,13,26,131,160,173,78,263,268,273,182,32,35,9,20,105,132,143,64,224,236,244,158,26,27,13,27,124,156,167,76,261,272,280,190,34,36,5,16,91,112,121,53,185,196,202,132,17,13,3,9,52,65,67,29,107,108,114,75,9,6,4,11,69,94,94,39,146,153,156,102,12,8,5,13,78,101,107,47,167,173,184,121,16,15,8.0,18.38,96.62,121.75,130.12,57.62,202.25,209.38,215.62,143.62,22.25,22.25
Brick_0cm_S1,2026-04-02T16:36:40.607592,12,25,123,154,169,75,265,269,272,189,32,38,13,26,131,160,173,78,263,268,273,182,32,35,9,20,105,132,143,64,224,236,244,158,26,27,13,27,124,156,167,76,261,272,280,190,34,36,5,16,91,112,121,53,185,196,202,132,17,13,3,9,52,65,67,29,107,108,114,75,9,6,4,11,69,94,94,39,146,153,156,102,12,8,5,13,78,101,107,47,167,173,184,121,16,15,8.0,18.38,96.62,121.75,130.12,57.62,202.25,209.38,215.62,143.62,22.25,22.25
Brick_0cm_S1,2026-04-02T16:36:40.699405,12,25,123,154,169,75,265,269,272,189,32,38,13,26,131,160,173,78,263,268,273,182,32,35,9,20,105,132,143,64,224,236,244,158,26,27,13,27,124,156,167,76,261,272,280,190,34,36,5,16,91,112,121,53,185,196,202,132,17,13,3,9,52,65,67,29,107,108,114,75,9,6,4,11,69,94,94,39,146,153,156,102,12,8,5,13,78,101,107,47,167,173,184,121,16,15,8.0,18.38,96.62,121.75,130.12,57.62,202.25,209.38,215.62,143.62,22.25,22.25
Brick_0cm_S1,2026-04-02T16:36:40.789580,12,26,123,154,169,75,266,270,273,190,32,39,13,26,131,159,173,78,263,268,273,182,32,35,9,20,105,132,143,64,224,237,244,158,26,27,13,27,124,157,167,76,261,272,280,190,34,36,5,16,91,112,121,53,185,196,202,132,17,13,3,9,52,65,67,29,107,109,114,75,8,6,4,11,69,94,94,39,146,153,156,102,12,8,5,13,78,101,107,47,167,173,184,121,17,15,8.0,18.5,96.62,121.75,130.12,57.62,202.38,209.75,215.75,143.75,22.25,22.38
Brick_0cm_S1,2026-04-02T16:36:40.886126,12,26,123,154,169,75,266,270,273,190,32,39,13,26,131,159,173,78,263,268,273,182,32,35,9,20,105,132,143,64,224,237,244,158,26,27,13,27,124,157,167,76,261,273,280,191,34,36,5,16,91,112,121,53,185,196,202,132,17,14,3,9,52,65,67,29,107,109,114,75,8,6,4,11,69,94,94,39,146,153,156,103,12,8,5,13,78,101,107,47,167,173,184,121,17,15,8.0,18.5,96.62,121.75,130.12,57.62,202.38,209.88,215.75,144.0,22.25,22.5
Brick_0cm_S1,2026-04-02T16:36:40.973595,12,26,123,154,170,75,266,270,273,190,32,40,13,26,131,160,173,78,263,268,273,182,32,35,9,20,105,132,143,64,224,237,244,159,26,27,13,27,124,157,167,76,261,272,280,190,34,36,5,16,91,112,121,53,185,196,202,132,17,13,3,9,52,65,67,29,107,109,114,75,8,6,4,11,69,94,94,39,146,153,156,103,12,8,5,13,78,101,107,47,167,173,184,121,17,15,8.0,18.5,96.62,121.88,130.25,57.62,202.38,209.75,215.75,144.0,22.25,22.5
Brick_0cm_S1,2026-04-02T16:36:41.069817,12,26,123,154,169,75,266,271,273,190,32,40,13,26,131,160,173,78,263,268,273,182,32,35,9,20,105,132,143,64,224,237,244,159,26,27,13,27,124,157,167,76,261,272,280,190,34,36,5,16,91,112,121,53,185,196,202,132,17,13,3,9,52,65,67,29,107,108,114,75,8,6,4,11,69,94,94,39,146,153,156,103,12,8,5,13,78,101,107,47,167,173,184,121,16,15,8.0,18.5,96.62,121.88,130.12,57.62,202.38,209.75,215.75,144.0,22.12,22.5
Brick_0cm_S1,2026-04-02T16:36:41.164236,12,26,123,154,169,75,266,271,273,190,32,40,13,26,131,160,173,78,263,268,273,182,32,35,9,20,105,132,143,64,224,237,244,159,26,27,13,27,124,156,167,76,261,273,280,190,34,36,5,16,91,112,121,53,185,196,202,132,17,13,3,9,52,65,67,29,107,108,114,75,8,6,4,11,69,94,94,39,146,153,156,103,12,8,5,13,78,101,107,47,167,173,184,121,16,15,8.0,18.5,96.62,121.75,130.12,57.62,202.38,209.88,215.75,144.0,22.12,22.5
Brick_0cm_S1,2026-04-02T16:36:41.251045,12,26,123,154,169,75,266,271,273,190,32,40,13,26,131,160,173,78,263,268,273,182,32,35,9,20,105,132,143,64,224,237,244,159,26,27,13,27,124,156,167,76,261,273,280,190,34,36,5,16,91,112,121,53,185,196,202,132,17,13,3,9,52,65,67,29,107,108,114,75,8,6,4,11,69,94,94,39,146,153,156,103,12,8,5,13,78,101,107,47,167,173,184,121,16,15,8.0,18.5,96.62,121.75,130.12,57.62,202.38,209.88,215.75,144.0,22.12,22.5
Brick_0cm_S1,2026-04-02T16:36:41.335903,12,26,123,154,169,75,267,271,273,190,32,40,13,26,131,160,173,78,263,268,273,182,32,35,9,20,105,132,143,64,224,237,244,158,26,27,13,27,124,157,167,76,261,272,280,190,34,36,5,16,91,112,121,53,185,196,202,132,17,13,3,9,52,65,67,29,107,109,114,75,9,6,4,11,69,94,94,39,146,153,156,103,12,8,5,13,78,101,107,47,167,173,184,121,17,15,8.0,18.5,96.62,121.88,130.12,57.62,202.5,209.88,215.75,143.88,22.38,22.5
Brick_0cm_S1,2026-04-02T16:36:41.417142,12,26,123,154,170,75,266,271,273,191,32,40,13,26,131,160,173,78,263,268,273,182,32,35,9,20,105,132,143,64,224,237,244,158,26,27,13,27,124,157,167,76,261,272,280,190,34,36,5,16,91,112,121,53,185,196,202,132,17,13,3,9,52,65,67,29,107,109,114,75,9,6,4,11,69,94,94,39,146,153,156,103,12,8,5,13,78,101,107,47,167,173,184,121,17,15,8.0,18.5,96.62,121.88,130.25,57.62,202.38,209.88,215.75,144.0,22.38,22.5
Brick_0cm_S1,2026-04-02T16:36:41.512119,12,26,123,154,170,75,266,271,273,191,32,40,13,26,131,160,173,78,263,268,273,182,32,35,9,20,105,132,143,64,224,237,244,158,26,27,13,27,124,157,167,76,261,272,280,190,34,36,5,16,91,112,121,53,185,196,202,132,17,13,3,9,52,65,67,29,106,108,114,75,9,6,4,11,69,94,94,39,146,153,156,103,12,8,5,13,78,101,107,47,167,173,184,121,17,15,8.0,18.5,96.62,121.88,130.25,57.62,202.25,209.75,215.75,144.0,22.38,22.5
Brick_0cm_S1,2026-04-02T16:36:41.592049,12,26,123,154,170,75,266,271,273,191,32,40,13,26,131,160,173,78,263,268,273,182,32,35,9,20,105,132,143,64,224,237,244,158,26,27,13,27,124,157,167,76,261,272,280,190,34,36,5,16,91,112,121,53,185,196,202,132,17,13,3,9,52,65,67,29,106,108,114,75,9,6,4,11,69,94,94,39,146,153,156,103,12,8,5,13,79,101,107,47,167,173,184,121,16,15,8.0,18.5,96.75,121.88,130.25,57.62,202.25,209.75,215.75,144.0,22.25,22.5
Brick_0cm_S1,2026-04-02T16:36:41.684620,12,26,123,154,170,75,266,271,273,191,32,40,13,26,131,160,173,78,263,268,273,182,32,35,9,20,105,132,143,64,224,237,244,158,26,27,13,27,124,157,167,76,261,272,280,190,34,36,5,16,91,112,121,53,185,196,202,132,17,13,3,9,52,65,67,29,106,108,114,75,9,6,4,11,69,94,94,39,146,153,156,103,12,8,5,13,79,101,107,47,167,173,184,121,16,15,8.0,18.5,96.75,121.88,130.25,57.62,202.25,209.75,215.75,144.0,22.25,22.5
Brick_0cm_S1,2026-04-02T16:36:41.769317,12,26,123,154,169,75,266,271,273,190,32,40,13,26,131,159,173,78,263,268,272,182,32,35,9,20,105,132,143,64,224,237,244,158,26,27,13,27,124,157,167,76,261,272,280,190,34,36,5,16,91,112,121,53,185,196,202,132,17,13,3,9,52,65,67,29,106,108,114,75,9,6,4,11,69,94,94,39,146,153,156,103,12,8,5,13,79,101,107,47,167,173,184,121,16,15,8.0,18.5,96.75,121.75,130.12,57.62,202.25,209.75,215.62,143.88,22.25,22.5
Brick_0cm_S1,2026-04-02T16:36:41.862001,12,26,123,154,169,75,266,271,273,190,32,40,13,26,131,159,173,78,263,268,272,182,32,35,9,20,105,132,143,64,224,237,244,158,26,27,13,27,124,157,167,76,261,272,280,190,34,36,5,16,91,112,121,53,185,196,202,132,17,13,3,9,52,65,67,29,106,108,114,75,9,6,4,11,69,94,94,39,146,153,156,103,12,8,5,13,79,101,107,47,167,173,184,121,16,15,8.0,18.5,96.75,121.75,130.12,57.62,202.25,209.75,215.62,143.88,22.25,22.5
Brick_0cm_S1,2026-04-02T16:36:41.957860,12,26,123,155,170,75,267,271,273,191,32,40,13,26,131,159,173,78,263,268,273,182,32,35,9,20,105,132,143,64,224,236,244,158,26,27,13,27,124,157,167,75,261,273,280,190,34,36,6,16,91,112,121,53,185,196,202,132,17,13,3,9,52,65,67,29,107,108,114,75,8,6,4,11,69,94,94,39,146,153,156,103,12,8,5,13,78,101,107,47,167,173,184,121,17,15,8.12,18.5,96.62,121.88,130.25,57.5,202.5,209.75,215.75,144.0,22.25,22.5
Brick_0cm_S1,2026-04-02T16:36:42.052702,12,26,123,155,170,75,267,271,273,191,32,40,13,26,131,159,173,78,263,268,273,182,32,35,9,20,105,132,143,64,224,236,244,158,26,27,13,27,124,157,167,75,261,273,280,190,34,36,6,16,91,112,121,53,185,196,202,132,17,13,3,9,52,65,67,29,107,109,114,75,9,6,4,11,69,94,94,39,146,153,156,103,12,8,5,13,78,101,107,47,167,173,184,121,17,15,8.12,18.5,96.62,121.88,130.25,57.5,202.5,209.88,215.75,144.0,22.38,22.5
Brick_0cm_S1,2026-04-02T16:36:42.137969,12,26,123,155,170,75,267,271,273,191,32,40,13,26,131,159,173,78,263,268,273,182,32,35,9,20,105,132,143,64,224,236,244,158,26,27,13,27,124,157,167,75,261,273,280,190,34,36,6,16,91,112,121,53,185,196,202,132,17,13,3,9,52,65,67,29,107,109,114,75,9,6,4,11,69,94,94,39,146,153,156,102,12,8,5,13,78,101,107,47,167,173,184,121,17,15,8.12,18.5,96.62,121.88,130.25,57.5,202.5,209.88,215.75,143.88,22.38,22.5
Brick_0cm_S1,2026-04-02T16:36:42.228316,12,26,123,155,170,75,267,271,273,191,32,40,13,26,131,159,173,78,263,268,273,182,32,35,9,20,105,132,143,64,224,236,244,158,26,27,13,27,124,157,167,75,261,273,280,190,34,36,6,16,91,112,121,53,185,196,202,132,17,13,3,9,52,65,67,29,107,109,114,75,9,6,4,11,69,94,94,39,146,153,156,102,12,8,5,13,78,101,107,47,167,173,184,121,17,15,8.12,18.5,96.62,121.88,130.25,57.5,202.5,209.88,215.75,143.88,22.38,22.5
Brick_0cm_S1,2026-04-02T16:36:42.317956,12,26,123,155,170,75,267,271,273,191,32,40,13,26,131,159,173,78,263,268,273,182,32,35,9,20,105,132,143,64,224,236,244,158,26,27,13,27,124,157,167,75,261,273,280,190,34,36,6,16,91,112,121,53,185,196,202,132,17,13,3,9,52,65,67,29,107,109,114,75,9,6,4,11,69,94,94,39,146,153,156,103,12,8,5,13,78,101,107,47,167,173,184,121,17,15,8.12,18.5,96.62,121.88,130.25,57.5,202.5,209.88,215.75,144.0,22.38,22.5
Brick_0cm_S1,2026-04-02T16:36:42.401482,12,26,123,154,169,75,266,271,273,190,32,40,13,26,131,160,173,78,263,268,273,182,32,35,9,20,105,132,143,63,224,237,244,158,25,27,13,27,124,157,167,75,261,272,280,190,34,36,5,15,91,112,121,53,185,196,202,132,17,14,3,9,52,65,67,29,107,109,114,75,9,6,4,11,69,94,94,39,146,153,156,103,12,8,5,13,79,101,107,47,167,173,184,121,17,15,8.0,18.38,96.75,121.88,130.12,57.38,202.38,209.88,215.75,143.88,22.25,22.62
Brick_0cm_S1,2026-04-02T16:36:42.497315,12,26,123,154,169,75,266,271,273,190,32,40,13,26,131,160,173,78,263,268,273,182,32,35,9,20,105,132,143,64,224,237,244,158,26,27,13,27,124,157,167,75,261,272,280,190,34,36,5,16,91,112,121,53,185,195,202,132,17,13,3,9,52,65,67,29,107,109,114,75,8,6,4,11,69,94,94,39,146,153,156,102,12,8,5,13,79,101,107,47,167,173,184,121,17,15,8.0,18.5,96.75,121.88,130.12,57.5,202.38,209.75,215.75,143.75,22.25,22.5
Brick_0cm_S1,2026-04-02T16:36:42.587453,12,26,123,154,169,75,266,271,273,190,32,40,13,26,131,160,173,78,263,268,273,182,32,35,9,20,105,132,143,64,224,237,244,158,26,27,13,27,124,157,167,75,261,272,280,190,34,36,5,16,91,112,121,53,185,195,202,132,17,13,3,9,52,65,67,29,107,109,114,75,8,6,4,11,69,94,94,39,146,153,156,102,12,8,5,14,78,101,107,47,167,173,184,121,16,15,8.0,18.62,96.62,121.88,130.12,57.5,202.38,209.75,215.75,143.75,22.12,22.5
Brick_0cm_S1,2026-04-02T16:36:42.672655,12,26,123,154,169,75,266,271,273,190,32,40,13,26,131,160,173,78,263,268,273,182,32,35,9,20,105,132,143,64,224,237,244,158,26,27,13,27,124,157,167,75,261,272,280,190,34,36,5,16,91,112,121,53,185,195,202,132,17,13,3,9,52,65,67,29,107,109,114,75,8,6,4,11,69,94,94,39,146,153,156,102,12,8,5,14,78,101,107,47,167,173,184,121,16,15,8.0,18.62,96.62,121.88,130.12,57.5,202.38,209.75,215.75,143.75,22.12,22.5
Brick_0cm_S1,2026-04-02T16:36:42.764908,12,26,123,154,170,75,266,271,274,190,32,40,13,26,131,159,173,78,263,268,273,182,32,35,9,20,105,132,143,64,224,236,244,158,26,27,13,27,124,157,167,75,261,272,280,190,34,36,5,16,91,112,121,53,185,195,202,132,17,13,3,9,52,65,67,29,107,109,114,75,8,6,4,11,69,94,94,39,146,153,156,102,12,8,5,14,78,101,107,47,167,173,184,121,16,15,8.0,18.62,96.62,121.75,130.25,57.5,202.38,209.62,215.88,143.75,22.12,22.5
Brick_0cm_S1,2026-04-02T16:36:42.860726,12,26,123,154,170,75,266,271,274,190,32,40,13,26,131,159,173,78,263,268,273,182,32,35,9,20,105,132,143,64,224,236,244,158,26,27,13,27,124,157,167,75,261,272,280,190,34,36,5,16,91,112,121,53,185,195,202,132,17,13,3,9,52,65,67,29,107,109,114,75,8,6,4,11,69,94,94,39,146,153,156,102,12,8,5,14,78,101,107,47,167,173,184,121,16,15,8.0,18.62,96.62,121.75,130.25,57.5,202.38,209.62,215.88,143.75,22.12,22.5
Brick_0cm_S1,2026-04-02T16:36:42.956106,12,26,123,154,170,75,266,271,274,190,32,40,13,26,131,159,173,78,263,268,273,182,32,35,9,20,105,132,143,64,224,236,244,158,26,27,13,27,124,157,167,75,261,272,280,190,34,36,5,16,91,112,121,53,185,195,202,132,17,13,3,9,52,65,67,29,107,109,114,75,8,6,4,11,69,94,94,39,146,153,156,102,12,8,5,14,78,101,107,47,167,173,184,121,16,15,8.0,18.62,96.62,121.75,130.25,57.5,202.38,209.62,215.88,143.75,22.12,22.5
Brick_0cm_S1,2026-04-02T16:36:43.047115,12,26,123,154,170,75,266,271,274,190,32,40,13,26,131,159,173,78,263,268,273,182,32,35,9,20,105,132,143,64,224,236,244,158,26,27,13,27,124,156,167,75,261,272,280,190,34,36,5,16,91,112,121,53,185,195,202,132,17,13,3,9,52,65,67,29,107,109,114,75,8,6,4,11,69,94,94,39,146,153,156,102,12,8,5,14,78,101,107,47,167,173,184,121,16,15,8.0,18.62,96.62,121.62,130.25,57.5,202.38,209.62,215.88,143.75,22.12,22.5
Brick_0cm_S1,2026-04-02T16:36:43.131420,12,26,123,154,170,75,266,271,274,190,32,40,13,26,131,159,173,78,263,268,273,182,32,35,9,20,105,132,143,64,224,236,244,158,26,27,13,27,124,156,167,75,261,272,280,190,34,36,5,16,91,112,121,53,185,195,202,132,17,13,3,9,52,65,67,29,107,109,114,75,8,6,4,11,69,94,94,39,146,153,156,102,12,8,5,14,78,101,107,47,167,173,184,121,16,15,8.0,18.62,96.62,121.62,130.25,57.5,202.38,209.62,215.88,143.75,22.12,22.5
Brick_0cm_S1,2026-04-02T16:36:43.226692,12,26,123,154,169,75,267,271,274,191,32,40,13,26,131,160,173,78,262,267,273,182,32,35,9,20,105,132,143,63,224,237,244,158,26,27,13,27,124,157,167,76,261,272,280,191,34,36,5,16,91,112,121,53,185,196,202,132,17,13,3,9,52,65,67,29,107,109,114,75,8,6,4,11,69,94,94,39,146,153,157,103,12,8,5,13,78,101,107,47,167,173,184,121,16,15,8.0,18.5,96.62,121.88,130.12,57.5,202.38,209.75,216.0,144.12,22.12,22.5
Brick_0cm_S1,2026-04-02T16:36:43.327405,12,26,123,154,169,75,267,271,274,191,32,40,13,26,131,159,173,78,263,268,273,182,32,35,9,20,105,132,143,63,224,236,244,158,25,27,13,27,124,156,166,75,261,272,280,190,34,36,5,16,91,112,121,53,185,196,202,132,17,13,3,9,52,65,67,29,107,109,114,75,8,6,4,11,69,94,94,39,146,153,157,103,12,8,5,13,78,101,107,47,167,173,184,121,16,15,8.0,18.5,96.62,121.62,130.0,57.38,202.5,209.75,216.0,144.0,22.0,22.5
Brick_0cm_S1,2026-04-02T16:36:43.414479,12,26,123,154,169,75,267,271,274,191,32,40,13,26,131,159,173,78,263,268,273,182,32,35,9,20,105,132,143,63,224,236,244,158,25,27,13,27,124,156,166,75,261,272,280,190,34,36,5,16,91,112,121,53,185,196,202,132,17,13,3,9,52,65,67,29,107,109,114,75,8,6,4,11,69,94,94,39,146,153,157,103,12,8,5,13,78,101,107,47,167,173,184,121,16,15,8.0,18.5,96.62,121.62,130.0,57.38,202.5,209.75,216.0,144.0,22.0,22.5
Brick_0cm_S1,2026-04-02T16:36:43.503173,13,26,123,154,169,76,267,271,274,191,32,40,13,26,131,160,173,78,263,268,273,182,32,35,9,20,105,132,143,64,224,236,244,158,26,27,13,27,124,157,167,76,261,272,280,190,34,36,5,16,91,112,121,53,185,196,202,132,17,14,3,9,52,65,67,29,107,109,114,75,9,6,4,11,69,94,94,39,146,153,157,103,12,8,5,13,78,101,107,47,167,173,184,121,16,15,8.12,18.5,96.62,121.88,130.12,57.75,202.5,209.75,216.0,144.0,22.25,22.62
Brick_0cm_S1,2026-04-02T16:36:43.599739,12,26,123,154,170,75,266,271,274,191,32,40,13,26,131,159,173,78,263,268,273,182,32,35,9,20,105,132,143,64,224,236,244,158,26,27,13,27,124,157,167,76,261,272,280,190,34,36,5,16,91,112,121,53,185,196,202,132,17,14,3,9,52,65,67,29,107,109,114,75,9,6,4,11,69,94,94,39,146,153,156,103,12,8,5,13,79,101,107,47,167,173,184,121,17,15,8.0,18.5,96.75,121.75,130.25,57.62,202.38,209.75,215.88,144.0,22.38,22.62
Brick_0cm_S1,2026-04-02T16:36:43.700801,12,26,123,154,170,75,266,271,274,191,32,40,13,26,131,159,173,78,263,268,273,182,32,35,9,20,105,132,143,64,224,236,244,158,26,27,13,27,124,157,167,76,261,272,280,190,34,36,5,16,91,112,121,53,185,196,202,132,17,14,3,9,52,65,67,29,107,109,114,75,9,6,4,11,69,94,94,39,146,153,156,103,12,8,5,13,79,101,107,47,167,173,184,121,17,15,8.0,18.5,96.75,121.75,130.25,57.62,202.38,209.75,215.88,144.0,22.38,22.62
Brick_0cm_S1,2026-04-02T16:36:43.785898,12,26,123,154,170,75,266,271,274,191,32,40,13,26,131,159,173,78,263,268,273,182,32,35,9,20,105,132,143,64,224,236,244,158,26,27,13,27,124,156,167,75,260,272,280,190,34,36,5,16,91,112,121,53,185,196,202,132,17,14,3,9,52,65,67,29,107,109,114,75,9,6,4,11,69,94,94,39,146,153,156,103,12,8,5,13,79,101,107,47,167,173,184,121,17,15,8.0,18.5,96.75,121.62,130.25,57.5,202.25,209.75,215.88,144.0,22.38,22.62
Brick_0cm_S1,2026-04-02T16:36:43.858301,12,26,123,154,170,75,266,271,274,191,32,40,13,26,131,159,173,78,263,268,273,182,32,35,9,20,105,132,143,64,224,236,244,158,26,27,13,27,124,156,167,75,260,272,280,190,34,36,5,16,91,112,121,53,185,196,202,132,17,14,3,9,52,65,67,29,107,109,114,75,9,6,4,11,69,94,94,39,146,153,156,103,12,8,5,13,79,101,107,47,167,173,184,121,17,15,8.0,18.5,96.75,121.62,130.25,57.5,202.25,209.75,215.88,144.0,22.38,22.62
Brick_0cm_S1,2026-04-02T16:36:43.948742,12,26,123,154,170,75,266,271,274,191,32,40,13,26,131,159,173,78,263,268,273,182,32,35,9,20,105,132,143,64,224,236,244,158,26,27,13,27,124,156,167,75,260,272,280,190,34,36,5,16,91,112,121,53,185,196,202,132,17,14,3,9,52,65,67,29,107,109,114,75,9,6,4,11,69,94,94,39,146,153,156,103,12,8,5,13,79,101,107,47,167,173,184,121,17,15,8.0,18.5,96.75,121.62,130.25,57.5,202.25,209.75,215.88,144.0,22.38,22.62
Brick_0cm_S1,2026-04-02T16:36:44.033713,12,26,123,154,170,75,266,271,274,191,32,40,13,26,131,159,173,78,263,268,273,182,32,35,9,20,105,132,143,64,224,236,244,158,26,27,13,27,124,156,167,75,260,272,280,190,34,36,5,16,91,112,121,53,185,196,202,132,17,13,3,9,52,65,67,29,107,108,114,75,9,6,4,11,69,94,94,39,146,153,156,103,12,8,5,13,79,101,107,47,167,173,184,121,17,15,8.0,18.5,96.75,121.62,130.25,57.5,202.25,209.62,215.88,144.0,22.38,22.5
Brick_0cm_S1,2026-04-02T16:36:44.123395,12,26,123,154,170,75,266,271,274,191,32,40,13,26,131,159,173,78,263,268,273,182,32,35,9,20,105,132,143,64,224,236,244,158,26,27,13,27,124,156,167,75,260,272,280,190,34,36,5,16,91,112,121,53,185,196,202,132,17,13,3,9,52,65,67,29,107,108,114,75,9,6,4,11,69,94,94,39,146,153,156,103,12,8,5,13,79,101,107,47,167,173,184,121,17,15,8.0,18.5,96.75,121.62,130.25,57.5,202.25,209.62,215.88,144.0,22.38,22.5
Brick_0cm_S1,2026-04-02T16:36:44.215462,12,26,124,155,170,76,267,271,274,191,33,41,13,26,131,159,173,78,263,268,273,182,32,35,9,20,105,132,143,63,224,236,244,158,25,27,13,27,124,156,167,75,261,272,280,190,34,36,5,16,91,112,121,53,185,196,202,132,17,13,3,9,52,65,67,29,107,108,114,75,9,6,4,11,69,94,94,39,146,153,156,102,12,8,5,13,78,101,107,47,167,173,184,121,17,15,8.0,18.5,96.75,121.75,130.25,57.5,202.5,209.62,215.88,143.88,22.38,22.62
Brick_0cm_S1,2026-04-02T16:36:44.312110,12,26,124,155,170,76,267,271,274,191,33,41,13,26,131,159,173,78,263,268,273,182,32,35,9,20,105,132,143,63,224,237,244,158,26,27,13,27,124,156,167,75,261,272,280,190,34,36,5,16,91,112,121,53,185,196,202,132,17,13,3,9,52,65,67,29,107,108,114,75,8,6,4,11,69,94,94,39,146,153,156,103,12,8,5,13,78,101,107,47,167,173,184,122,16,15,8.0,18.5,96.75,121.75,130.25,57.5,202.5,209.75,215.88,144.12,22.25,22.62
Brick_0cm_S1,2026-04-02T16:36:44.405214,13,26,123,154,170,75,266,271,274,191,33,41,13,26,131,159,173,78,263,268,273,182,32,35,9,20,105,132,143,63,224,237,244,158,26,27,13,27,124,156,167,75,261,272,280,190,34,36,5,16,91,112,121,53,185,196,202,132,17,13,3,9,52,65,67,29,107,108,114,75,8,6,4,11,69,94,94,39,146,153,156,103,12,8,5,13,79,101,107,47,167,173,184,122,17,15,8.12,18.5,96.75,121.62,130.25,57.38,202.38,209.75,215.88,144.12,22.38,22.62
Brick_0cm_S1,2026-04-02T16:36:44.502917,13,26,123,154,170,75,266,271,274,191,33,41,13,26,131,159,173,78,263,268,273,182,32,35,9,20,105,132,143,63,224,237,244,158,26,27,13,27,124,156,167,75,261,272,280,190,34,36,5,16,91,112,121,53,185,196,202,132,17,13,3,9,52,65,67,29,107,108,114,75,8,6,4,11,69,94,94,39,146,153,156,103,12,8,5,13,79,101,107,47,167,173,184,122,17,15,8.12,18.5,96.75,121.62,130.25,57.38,202.38,209.75,215.88,144.12,22.38,22.62
Brick_0cm_S1,2026-04-02T16:36:44.580579,13,26,123,154,170,75,266,271,274,191,33,41,13,26,131,159,173,78,263,268,273,182,32,35,9,20,105,132,143,63,224,237,244,158,26,27,13,27,124,156,167,75,261,272,280,190,34,36,5,16,91,112,121,53,185,196,202,132,17,13,3,9,52,65,67,29,107,108,114,75,8,6,4,11,69,94,94,39,146,153,156,103,12,8,5,13,79,101,107,47,167,173,184,122,17,15,8.12,18.5,96.75,121.62,130.25,57.38,202.38,209.75,215.88,144.12,22.38,22.62
Brick_0cm_S1,2026-04-02T16:36:44.668063,13,26,123,154,170,75,266,271,274,191,33,41,13,26,131,159,173,78,263,268,273,182,32,35,9,20,105,132,143,64,224,236,244,158,26,27,13,27,124,157,167,75,261,272,280,190,34,36,5,16,91,113,121,53,185,196,202,132,17,14,3,9,52,65,67,29,107,108,114,75,8,6,4,11,69,94,94,39,146,153,156,103,12,8,5,13,79,101,107,47,167,173,184,122,17,15,8.12,18.5,96.75,121.88,130.25,57.5,202.38,209.62,215.88,144.12,22.38,22.75
Brick_0cm_S1,2026-04-02T16:36:44.747136,13,26,123,154,170,75,266,271,274,191,33,41,13,26,131,159,173,78,263,268,273,182,32,35,9,20,105,132,143,64,224,236,244,158,26,27,13,27,124,157,167,75,261,272,280,190,34,36,5,16,91,113,121,53,185,196,202,132,17,14,3,9,52,65,67,29,107,108,114,75,8,6,4,11,69,94,94,39,146,153,156,103,12,8,5,13,79,101,107,47,167,173,184,122,17,15,8.12,18.5,96.75,121.88,130.25,57.5,202.38,209.62,215.88,144.12,22.38,22.75
Brick_0cm_S1,2026-04-02T16:36:44.826556,13,26,123,154,170,75,266,271,274,191,33,41,13,26,131,159,173,78,263,268,273,182,32,35,9,20,105,132,143,64,224,236,244,158,26,27,13,27,124,156,167,75,260,272,280,191,34,36,5,16,91,113,121,53,185,196,202,132,17,14,3,9,52,65,67,29,107,108,114,75,8,6,4,11,69,94,94,39,146,153,156,103,12,8,5,13,79,101,107,47,167,173,184,122,17,15,8.12,18.5,96.75,121.75,130.25,57.5,202.25,209.62,215.88,144.25,22.38,22.75
Brick_0cm_S1,2026-04-02T16:36:44.905368,13,26,123,154,170,75,266,271,274,191,33,41,13,26,131,159,173,78,263,268,273,182,32,35,9,20,105,132,143,64,224,236,244,158,26,27,13,27,124,156,167,75,260,272,280,191,34,36,5,16,91,113,121,53,185,196,202,132,17,14,3,9,52,65,67,29,107,108,114,75,8,6,4,11,69,94,94,39,146,153,156,103,12,8,5,13,79,101,107,47,167,173,184,122,17,15,8.12,18.5,96.75,121.75,130.25,57.5,202.25,209.62,215.88,144.25,22.38,22.75
Brick_0cm_S1,2026-04-02T16:36:44.968591,13,26,123,154,170,75,266,271,274,191,33,41,13,26,131,159,173,78,263,268,273,182,32,35,9,20,105,132,143,64,224,236,244,158,26,27,13,27,124,156,167,75,260,272,280,191,34,36,5,16,91,113,121,53,185,196,202,132,17,14,3,9,52,65,67,29,107,108,114,75,8,6,4,11,69,94,94,39,146,153,156,103,12,8,5,13,79,101,107,47,167,173,184,122,17,15,8.12,18.5,96.75,121.75,130.25,57.5,202.25,209.62,215.88,144.25,22.38,22.75
Brick_0cm_S1,2026-04-02T16:36:45.048247,13,26,123,154,170,75,266,271,274,191,33,41,13,26,131,159,173,78,263,268,273,182,32,35,9,20,105,132,143,64,224,236,244,158,26,27,13,27,124,156,167,75,260,272,280,191,34,36,5,16,91,113,121,53,185,196,202,132,17,14,3,9,52,65,67,29,107,108,114,75,8,6,4,11,69,94,94,39,146,153,156,103,12,8,5,13,79,101,107,47,167,173,184,122,17,15,8.12,18.5,96.75,121.75,130.25,57.5,202.25,209.62,215.88,144.25,22.38,22.75
Brick_0cm_S1,2026-04-02T16:36:45.112605,13,26,123,154,170,75,266,271,274,191,33,41,13,26,131,159,173,78,263,268,273,182,32,35,9,20,105,132,143,64,224,236,244,158,26,27,13,27,124,156,167,75,260,272,280,191,34,36,5,16,91,113,121,53,185,196,202,132,17,14,3,9,52,65,67,29,107,108,114,75,8,6,4,11,69,94,94,39,146,153,156,103,12,8,5,13,79,101,107,47,167,173,184,122,17,15,8.12,18.5,96.75,121.75,130.25,57.5,202.25,209.62,215.88,144.25,22.38,22.75
Brick_0cm_S1,2026-04-02T16:36:45.193474,13,26,123,154,170,75,266,271,274,191,33,41,13,26,131,159,173,78,263,268,273,182,32,35,9,20,105,132,143,64,224,236,244,158,26,27,13,27,124,156,167,75,260,272,280,191,34,36,5,16,91,113,121,53,185,196,202,132,17,14,3,9,52,65,67,29,107,108,114,75,8,6,4,11,69,94,94,39,146,153,156,103,12,8,5,13,79,101,107,47,167,173,184,122,17,15,8.12,18.5,96.75,121.75,130.25,57.5,202.25,209.62,215.88,144.25,22.38,22.75
Brick_0cm_S1,2026-04-02T16:36:45.277500,12,26,123,155,170,76,267,272,274,191,33,41,12,26,131,159,172,78,263,268,273,182,32,35,9,20,105,132,143,64,224,236,244,158,26,27,13,27,124,156,166,75,261,272,280,190,34,36,5,16,91,112,121,53,185,196,202,132,17,14,3,9,52,65,67,29,106,108,114,75,9,6,4,11,69,94,94,39,146,153,156,103,12,8,5,13,78,101,107,47,167,173,184,121,17,15,7.88,18.5,96.62,121.75,130.0,57.62,202.38,209.75,215.88,144.0,22.5,22.75
Brick_0cm_S1,2026-04-02T16:36:45.351677,12,26,123,155,170,76,267,272,274,191,33,41,12,26,131,159,172,78,263,268,273,182,32,35,9,20,105,132,143,64,224,236,244,158,26,27,13,27,124,156,167,75,261,272,280,190,34,36,5,16,91,112,121,53,185,196,202,132,17,13,3,9,52,65,67,29,107,108,114,75,8,6,4,11,69,94,94,39,146,153,156,103,12,8,5,13,78,101,107,47,167,173,184,121,17,15,7.88,18.5,96.62,121.75,130.12,57.62,202.5,209.75,215.88,144.0,22.38,22.62
Brick_0cm_S1,2026-04-02T16:36:45.437950,12,26,123,154,170,76,267,271,274,191,33,41,13,26,131,159,172,78,262,267,272,182,32,35,9,20,105,132,143,64,224,236,244,158,26,27,13,27,124,156,167,75,261,272,280,190,34,36,5,16,91,112,121,53,185,196,202,132,17,13,3,9,52,65,67,29,107,108,114,75,8,6,4,11,69,94,94,39,146,153,156,103,12,8,5,13,78,101,107,47,167,173,184,121,17,15,8.0,18.5,96.62,121.62,130.12,57.62,202.38,209.5,215.75,144.0,22.38,22.62
Brick_0cm_S1,2026-04-02T16:36:45.511061,12,26,123,154,170,76,267,271,274,191,33,41,13,26,131,159,172,78,262,267,272,182,32,35,9,20,105,132,143,63,224,236,244,158,25,27,13,27,124,156,167,75,260,272,280,190,34,36,5,16,91,112,121,53,185,196,202,132,17,14,3,9,52,65,67,29,107,109,114,75,8,6,4,11,69,94,94,39,146,153,156,103,12,8,5,13,78,101,107,47,167,173,184,122,17,15,8.0,18.5,96.62,121.62,130.12,57.5,202.25,209.62,215.75,144.12,22.25,22.75
Brick_0cm_S1,2026-04-02T16:36:45.606309,12,26,123,154,170,76,267,271,274,191,33,41,13,26,131,159,172,78,262,267,272,182,32,35,9,20,105,132,143,63,224,236,244,158,25,27,13,27,124,156,167,75,260,272,280,190,34,36,5,16,91,112,121,53,185,196,202,132,17,14,3,9,52,65,67,29,107,109,114,75,8,6,4,11,69,94,94,39,146,153,156,103,12,8,5,13,78,101,107,47,167,173,184,122,17,15,8.0,18.5,96.62,121.62,130.12,57.5,202.25,209.62,215.75,144.12,22.25,22.75
Brick_0cm_S1,2026-04-02T16:36:45.686854,12,26,124,155,170,75,266,271,274,191,32,41,13,26,131,159,172,78,262,267,272,182,32,35,9,20,105,132,143,63,224,236,244,158,25,27,13,27,124,156,167,75,260,272,280,190,34,36,5,16,91,112,121,53,185,196,202,132,17,14,3,9,52,65,67,29,107,109,114,75,8,6,4,11,69,94,94,39,146,153,156,103,12,8,5,13,78,101,107,47,167,173,184,122,17,15,8.0,18.5,96.75,121.75,130.12,57.38,202.12,209.62,215.75,144.12,22.12,22.75
Brick_0cm_S1,2026-04-02T16:36:45.767297,12,26,124,155,170,75,266,271,274,191,32,41,13,26,131,159,172,78,262,267,272,182,32,35,9,20,105,132,143,63,224,236,244,158,25,27,13,27,124,156,167,75,260,272,280,190,34,36,6,16,91,112,121,53,185,196,202,132,17,13,3,9,52,65,67,29,107,109,114,75,8,6,4,11,69,94,94,39,146,153,156,103,12,8,5,13,78,101,107,47,167,173,184,122,17,15,8.12,18.5,96.75,121.75,130.12,57.38,202.12,209.62,215.75,144.12,22.12,22.62
Brick_0cm_S1,2026-04-02T16:36:45.859969,12,26,123,154,169,75,266,271,273,191,32,40,13,26,131,160,173,78,262,267,273,182,32,35,9,20,104,132,143,63,224,237,244,158,26,27,13,27,124,156,166,75,261,272,279,190,34,36,5,16,91,112,121,53,185,196,202,132,17,14,3,9,52,65,67,29,107,109,114,75,8,6,4,11,69,94,94,39,146,153,156,103,12,8,5,13,78,101,107,47,167,173,184,121,17,15,8.0,18.5,96.5,121.75,130.0,57.38,202.25,209.75,215.62,144.0,22.25,22.62
Brick_0cm_S1,2026-04-02T16:36:45.949586,12,26,123,155,170,76,266,271,274,191,33,40,13,26,131,159,173,78,263,268,273,182,32,35,9,20,105,132,142,63,224,236,243,158,25,27,13,27,124,156,166,75,261,272,279,190,34,36,5,16,91,112,121,53,185,196,202,132,17,14,3,9,52,65,67,29,107,109,114,75,8,6,4,11,69,94,94,39,146,153,156,103,12,8,5,13,78,101,107,47,167,173,184,121,17,15,8.0,18.5,96.62,121.75,130.0,57.5,202.38,209.75,215.62,144.0,22.25,22.62
Brick_0cm_S1,2026-04-02T16:36:46.036020,12,26,123,155,170,76,266,271,274,191,33,40,13,26,131,159,173,78,263,268,273,182,32,35,9,20,105,132,142,63,224,236,243,158,25,27,13,27,123,156,167,75,260,272,280,190,34,35,5,16,91,112,121,53,185,196,202,132,17,14,3,9,52,65,67,29,107,109,114,75,8,6,4,11,69,94,94,39,146,153,156,103,12,8,5,13,78,101,107,47,167,173,184,121,17,15,8.0,18.5,96.5,121.75,130.12,57.5,202.25,209.75,215.75,144.0,22.25,22.5
Brick_0cm_S1,2026-04-02T16:36:46.116194,12,26,123,155,170,76,266,271,274,191,33,40,13,26,131,159,173,78,263,268,273,182,32,35,9,20,105,132,142,63,224,236,243,158,25,27,13,27,123,156,167,75,260,272,280,190,34,35,5,16,91,112,121,53,185,196,202,132,17,14,3,9,52,65,67,29,107,109,114,75,8,6,4,11,69,94,94,39,146,153,156,103,12,8,5,13,78,101,107,47,167,173,184,121,17,15,8.0,18.5,96.5,121.75,130.12,57.5,202.25,209.75,215.75,144.0,22.25,22.5
Brick_0cm_S1,2026-04-02T16:36:46.194885,12,26,123,155,170,75,267,271,273,191,32,40,13,26,131,159,173,78,263,268,273,182,32,35,9,20,105,132,142,63,224,236,243,158,25,27,13,27,123,156,167,75,260,272,280,190,34,35,5,16,91,112,121,53,185,196,202,132,17,14,3,9,52,65,67,29,107,109,114,75,8,6,4,11,69,94,94,39,146,153,156,103,12,8,5,13,78,101,107,47,167,173,184,121,17,15,8.0,18.5,96.5,121.75,130.12,57.38,202.38,209.75,215.62,144.0,22.12,22.5
Brick_0cm_S1,2026-04-02T16:36:46.285904,12,26,123,155,170,75,266,271,274,191,32,40,13,26,131,160,173,78,263,267,272,182,32,35,9,20,105,132,142,63,224,237,243,158,26,27,13,27,123,156,166,75,260,272,279,189,34,35,5,16,91,112,121,53,185,196,202,132,17,13,3,9,52,65,67,29,107,109,114,75,8,6,4,11,69,94,94,39,146,153,156,103,12,8,5,13,78,101,107,47,167,173,184,121,17,15,8.0,18.5,96.5,121.88,130.0,57.38,202.25,209.75,215.5,143.88,22.25,22.38
Brick_0cm_S1,2026-04-02T16:36:46.368989,12,26,123,155,170,75,266,271,274,191,32,40,13,26,131,160,173,78,263,267,272,182,32,35,9,20,105,132,142,63,224,237,243,158,26,27,13,27,123,156,166,75,260,272,279,189,34,35,5,16,91,112,121,53,185,196,202,132,17,13,3,9,52,65,67,29,107,108,114,75,8,6,4,11,69,94,94,39,146,153,156,103,12,8,5,13,78,101,107,47,167,173,184,121,16,15,8.0,18.5,96.5,121.88,130.0,57.38,202.25,209.62,215.5,143.88,22.12,22.38
Brick_0cm_S1,2026-04-02T16:36:46.457831,12,26,123,154,169,76,266,271,273,191,32,40,13,26,131,159,172,78,263,268,273,182,32,35,9,20,105,132,143,63,224,236,243,158,25,27,13,27,124,156,166,75,260,272,279,190,34,35,5,16,91,112,121,53,185,196,202,132,17,13,3,9,52,65,67,29,107,108,114,75,8,6,4,11,69,94,94,39,146,153,156,103,12,8,5,13,78,101,107,47,167,173,184,121,16,15,8.0,18.5,96.62,121.62,129.88,57.5,202.25,209.62,215.5,144.0,22.0,22.38
Brick_0cm_S1,2026-04-02T16:36:46.543138,12,26,123,154,169,76,266,271,273,191,32,40,13,26,131,159,172,78,263,268,273,182,32,35,9,20,105,132,143,63,224,236,243,158,25,27,13,27,124,156,166,75,260,272,279,190,34,35,5,16,91,112,121,53,185,196,203,132,17,13,3,9,52,65,67,29,106,108,114,75,8,6,4,11,69,94,94,39,146,153,156,103,12,8,5,13,79,101,107,47,167,173,184,121,17,15,8.0,18.5,96.75,121.62,129.88,57.5,202.12,209.62,215.62,144.0,22.12,22.38
Brick_0cm_S1,2026-04-02T16:36:46.623665,12,26,123,154,169,76,266,271,273,191,32,40,13,26,131,159,172,78,263,268,273,182,32,35,9,20,105,132,143,63,224,236,243,158,25,27,13,27,124,156,166,75,260,272,279,190,34,35,5,16,91,112,121,53,185,196,203,132,17,13,3,9,52,65,67,29,106,108,114,75,8,6,4,11,69,94,94,39,146,153,156,103,12,8,5,13,79,101,107,47,167,173,184,121,17,15,8.0,18.5,96.75,121.62,129.88,57.5,202.12,209.62,215.62,144.0,22.12,22.38
Brick_0cm_S1,2026-04-02T16:36:46.702097,12,26,123,155,169,75,267,271,273,190,32,40,13,26,131,159,172,78,263,268,273,182,32,35,9,20,105,132,143,63,224,236,243,158,25,27,13,27,124,156,166,75,260,272,279,190,34,35,5,16,91,112,121,53,185,196,203,132,17,13,3,9,52,65,67,29,106,108,114,75,8,6,4,11,69,94,94,39,146,153,156,103,12,8,5,13,79,101,107,47,167,173,184,121,17,15,8.0,18.5,96.75,121.75,129.88,57.38,202.25,209.62,215.62,143.88,22.12,22.38
Brick_0cm_S1,2026-04-02T16:36:46.802124,12,26,123,155,169,75,267,271,273,190,32,40,13,26,131,159,172,78,263,268,273,182,32,35,9,20,105,132,143,63,224,236,243,158,25,27,13,27,124,156,166,75,260,272,279,190,34,35,5,16,91,112,121,53,185,196,203,132,17,13,3,9,52,65,67,29,106,108,114,75,8,6,4,11,69,94,94,39,146,153,156,103,12,8,5,13,79,101,107,47,167,173,184,121,17,15,8.0,18.5,96.75,121.75,129.88,57.38,202.25,209.62,215.62,143.88,22.12,22.38
Brick_0cm_S1,2026-04-02T16:36:46.888817,12,26,123,154,169,76,266,271,273,191,32,40,13,26,131,159,173,78,262,267,273,181,32,35,9,20,105,132,143,63,224,236,243,158,25,27,13,27,123,156,166,75,260,271,279,190,34,35,5,16,91,112,121,53,185,196,202,132,17,14,3,9,52,65,67,29,107,108,114,75,9,6,4,11,69,94,94,39,146,153,157,103,12,8,5,13,78,101,107,47,167,173,184,121,17,15,8.0,18.5,96.5,121.62,130.0,57.5,202.12,209.38,215.62,143.88,22.25,22.5
Brick_0cm_S1,2026-04-02T16:36:46.985957,12,26,123,155,170,75,266,270,274,191,32,40,13,26,131,159,172,78,263,267,273,182,32,35,9,20,105,132,142,63,224,236,243,158,25,27,13,27,124,156,166,75,260,272,279,190,34,35,5,16,91,112,121,53,185,196,202,132,17,14,3,9,52,65,67,29,107,108,114,75,9,6,4,11,69,94,94,39,146,153,157,103,12,8,5,13,79,101,107,47,167,173,184,121,17,15,8.0,18.5,96.75,121.75,129.88,57.38,202.25,209.38,215.75,144.0,22.25,22.5
Brick_0cm_S1,2026-04-02T16:36:47.067756,12,26,123,155,170,75,266,270,274,191,32,40,13,26,131,159,172,78,263,267,273,182,32,35,9,20,105,132,142,63,224,236,243,158,25,27,13,27,124,156,166,75,260,272,279,190,34,35,6,16,91,112,121,53,185,196,202,132,17,13,3,9,52,65,67,29,107,108,114,75,9,6,4,11,69,94,94,39,146,153,156,103,12,8,5,13,78,101,107,47,167,173,184,121,17,15,8.12,18.5,96.62,121.75,129.88,57.38,202.25,209.38,215.62,144.0,22.25,22.38
Brick_0cm_S1,2026-04-02T16:36:47.162623,12,26,123,155,170,75,266,270,274,191,32,40,13,26,131,159,172,78,263,267,273,182,32,35,9,20,105,132,142,63,224,236,243,158,25,27,13,27,124,156,166,75,260,272,279,190,34,35,6,16,91,112,121,53,185,196,202,132,17,13,3,9,52,65,67,29,107,108,114,75,9,6,4,11,69,94,94,39,146,153,156,103,12,8,5,13,78,101,107,47,167,173,184,121,17,15,8.12,18.5,96.62,121.75,129.88,57.38,202.25,209.38,215.62,144.0,22.25,22.38
Brick_0cm_S1,2026-04-02T16:36:47.242404,12,26,123,155,170,75,267,271,273,190,32,40,13,26,131,159,173,78,263,268,273,182,32,35,9,20,105,132,143,63,224,236,243,158,25,27,13,27,123,156,166,75,260,272,279,190,34,35,5,16,91,112,121,53,185,196,202,132,17,14,3,9,52,65,67,29,107,109,114,75,9,6,4,11,69,94,94,39,146,153,156,103,12,8,5,13,78,101,107,47,167,173,184,121,16,15,8.0,18.5,96.5,121.75,130.12,57.38,202.38,209.75,215.5,143.88,22.12,22.5
Brick_0cm_S1,2026-04-02T16:36:47.338492,12,26,123,155,170,75,267,271,273,190,32,40,13,26,131,159,173,78,263,268,273,182,32,35,9,20,105,132,143,63,224,236,244,158,25,27,13,27,123,156,166,75,260,271,279,190,34,35,5,16,91,112,121,53,185,196,202,132,17,14,3,9,52,65,67,29,107,109,114,75,9,6,4,11,69,94,94,39,146,153,156,103,12,8,5,13,78,101,107,47,167,173,184,121,16,15,8.0,18.5,96.5,121.75,130.12,57.38,202.38,209.62,215.62,143.88,22.12,22.5
Brick_0cm_S1,2026-04-02T16:36:47.434094,12,26,123,155,170,75,267,271,273,190,32,40,13,26,131,159,173,78,263,268,273,182,32,35,9,20,105,132,143,63,224,236,244,158,25,27,13,27,123,156,166,75,260,271,279,190,34,35,5,16,91,112,121,53,185,196,202,132,17,14,3,9,52,65,67,29,107,109,114,75,9,6,4,11,69,94,94,39,146,153,156,103,12,8,5,13,78,101,107,47,167,173,184,121,16,15,8.0,18.5,96.5,121.75,130.12,57.38,202.38,209.62,215.62,143.88,22.12,22.5
Brick_0cm_S1,2026-04-02T16:36:47.513834,12,26,123,154,169,76,266,270,273,190,32,40,13,26,131,159,173,78,263,268,273,182,32,35,9,20,105,132,143,63,224,236,244,158,25,27,12,27,124,156,166,75,260,272,279,190,34,35,6,16,91,112,121,53,185,196,202,132,17,14,3,9,52,65,67,29,107,109,114,75,9,6,4,11,69,94,94,39,146,153,156,103,12,8,5,13,78,101,107,47,167,173,184,121,16,15,8.0,18.5,96.62,121.62,130.0,57.5,202.25,209.62,215.62,143.88,22.12,22.5
Brick_0cm_S1,2026-04-02T16:36:47.596785,12,26,123,154,169,76,266,270,273,190,32,40,13,26,131,159,173,78,263,268,273,182,32,35,9,20,105,132,143,63,224,236,244,158,25,27,12,27,124,156,166,75,260,272,279,190,34,35,6,16,91,112,121,53,185,196,202,132,17,14,3,9,52,65,67,29,107,109,114,75,9,6,4,11,69,94,94,39,146,153,156,103,12,8,5,13,78,101,107,47,167,173,184,121,16,15,8.0,18.5,96.62,121.62,130.0,57.5,202.25,209.62,215.62,143.88,22.12,22.5
Brick_0cm_S1,2026-04-02T16:36:47.673261,12,26,123,155,170,76,266,270,273,191,32,40,13,26,131,159,172,78,262,268,272,181,32,35,9,20,105,132,143,63,224,236,244,158,25,27,12,27,124,156,166,75,260,272,279,190,34,35,6,16,91,112,121,53,185,196,202,132,17,14,3,9,52,65,67,29,107,109,114,75,9,6,4,11,69,94,94,39,146,153,156,103,12,8,5,13,78,101,107,47,167,173,184,121,16,15,8.0,18.5,96.62,121.75,130.0,57.5,202.12,209.62,215.5,143.88,22.12,22.5
Brick_0cm_S1,2026-04-02T16:36:47.753263,12,26,123,155,170,76,266,270,273,191,32,40,13,26,131,159,172,78,262,268,272,181,32,35,9,20,105,132,143,63,224,236,244,158,25,27,12,27,124,156,166,75,260,272,279,190,34,35,6,16,91,112,121,53,185,196,202,132,17,14,3,9,52,65,67,29,107,109,114,75,9,6,4,11,69,94,94,39,146,153,156,103,12,8,5,13,78,101,107,47,167,173,184,121,16,15,8.0,18.5,96.62,121.75,130.0,57.5,202.12,209.62,215.5,143.88,22.12,22.5
Brick_0cm_S1,2026-04-02T16:36:47.852684,12,26,123,155,170,76,266,270,273,191,32,40,13,26,131,159,172,78,262,268,272,181,32,35,9,20,105,132,143,63,224,236,244,158,25,27,12,27,124,156,166,75,260,272,279,190,34,35,6,16,91,112,121,53,185,196,202,132,17,14,3,9,52,65,67,29,107,109,114,75,9,6,4,11,69,94,94,39,146,153,156,103,12,8,5,13,78,101,107,47,167,173,184,121,16,15,8.0,18.5,96.62,121.75,130.0,57.5,202.12,209.62,215.5,143.88,22.12,22.5
Brick_0cm_S1,2026-04-02T16:36:47.944471,12,26,123,155,170,76,266,270,273,191,32,40,13,26,131,159,172,78,262,268,272,181,32,35,9,20,105,132,143,63,224,236,244,158,25,27,12,27,124,156,166,75,260,272,279,190,34,35,6,16,91,112,121,53,185,196,202,132,17,14,3,9,52,65,67,29,107,109,114,75,9,6,4,11,69,94,94,39,146,153,156,103,12,8,5,13,78,101,107,47,167,173,184,121,16,15,8.0,18.5,96.62,121.75,130.0,57.5,202.12,209.62,215.5,143.88,22.12,22.5
Brick_0cm_S1,2026-04-02T16:36:48.024135,12,26,123,155,170,76,266,270,273,191,32,40,13,26,131,159,172,78,262,268,272,181,32,35,9,20,105,132,143,63,224,236,244,158,25,27,12,27,124,156,166,75,260,272,279,190,34,35,6,16,91,112,121,53,185,196,202,132,17,14,3,9,52,65,67,29,107,109,114,75,9,6,4,11,69,94,94,39,146,153,156,103,12,8,5,13,78,101,107,47,167,173,184,121,16,15,8.0,18.5,96.62,121.75,130.0,57.5,202.12,209.62,215.5,143.88,22.12,22.5
Brick_0cm_S1,2026-04-02T16:36:48.103824,13,26,123,155,170,75,266,271,273,191,32,40,13,26,131,159,172,77,263,267,272,182,32,35,9,20,105,132,143,64,224,236,244,158,25,26,12,27,124,156,166,75,260,272,279,190,34,35,6,16,91,112,121,53,185,196,202,132,17,14,3,9,52,65,67,29,107,109,114,75,9,6,4,11,69,94,94,39,146,153,156,103,12,8,5,13,78,101,107,47,167,173,184,121,16,15,8.12,18.5,96.62,121.75,130.0,57.38,202.25,209.62,215.5,144.0,22.12,22.38
Brick_0cm_S1,2026-04-02T16:36:48.199235,13,26,123,155,170,75,266,271,273,191,32,40,13,26,131,159,172,77,263,267,272,182,32,35,9,20,105,132,143,64,224,236,244,158,25,26,12,27,124,156,166,75,260,272,279,190,34,35,6,16,91,112,121,53,185,196,202,132,17,14,3,9,52,65,67,29,107,109,114,75,9,6,4,11,69,94,94,39,146,153,156,103,12,8,5,13,78,101,107,47,167,173,184,121,16,15,8.12,18.5,96.62,121.75,130.0,57.38,202.25,209.62,215.5,144.0,22.12,22.38
Brick_0cm_S1,2026-04-02T16:36:48.285991,13,26,123,155,170,75,266,271,273,191,32,40,13,26,131,159,172,77,263,267,272,182,32,35,9,20,105,132,143,64,224,236,244,158,25,26,12,27,124,156,166,75,260,272,279,190,34,35,6,16,91,112,121,53,185,196,202,132,17,14,3,9,52,65,67,29,107,109,114,75,9,6,4,11,69,94,94,39,146,153,156,103,12,8,5,13,78,101,107,47,167,173,184,121,16,15,8.12,18.5,96.62,121.75,130.0,57.38,202.25,209.62,215.5,144.0,22.12,22.38
Brick_0cm_S1,2026-04-02T16:36:48.362144,13,26,123,155,170,75,266,271,273,191,32,40,13,26,131,159,172,77,263,267,272,182,32,35,9,20,105,132,142,63,224,236,243,158,25,27,12,27,124,156,166,75,260,272,279,190,34,35,6,16,91,112,121,53,185,196,202,132,17,14,3,9,52,65,67,29,107,109,114,75,9,6,4,11,69,94,94,39,146,153,156,103,12,8,5,13,78,101,107,47,167,173,184,121,16,15,8.12,18.5,96.62,121.75,129.88,57.25,202.25,209.62,215.38,144.0,22.12,22.5
Brick_0cm_S1,2026-04-02T16:36:48.459737,13,26,123,155,170,75,266,271,273,191,32,40,13,26,131,159,172,77,263,267,272,182,32,35,9,20,105,132,142,63,224,236,243,158,25,27,12,27,124,156,166,75,260,272,279,190,34,35,6,16,91,112,121,53,185,196,202,132,17,14,3,9,52,65,67,29,107,109,114,75,9,6,4,11,69,94,94,39,146,153,156,103,12,8,5,13,78,101,107,47,167,173,184,121,16,15,8.12,18.5,96.62,121.75,129.88,57.25,202.25,209.62,215.38,144.0,22.12,22.5
Brick_0cm_S1,2026-04-02T16:36:48.536154,13,26,123,155,170,75,266,271,273,191,32,40,13,26,131,159,172,77,263,267,272,182,32,35,9,20,105,132,142,63,224,236,243,158,25,27,12,27,124,156,166,75,260,272,279,190,34,35,6,16,91,112,121,53,185,196,202,132,17,14,3,9,52,65,67,29,107,109,114,75,9,6,4,11,69,94,94,39,146,153,156,103,12,8,5,13,78,101,107,47,167,173,184,121,16,15,8.12,18.5,96.62,121.75,129.88,57.25,202.25,209.62,215.38,144.0,22.12,22.5
Brick_0cm_S1,2026-04-02T16:36:48.612559,13,26,123,155,170,75,266,271,273,191,32,40,13,26,131,159,172,77,263,267,272,182,32,35,9,20,105,132,142,63,224,236,243,158,25,27,12,27,124,156,166,75,260,272,279,190,34,35,6,16,91,112,121,53,185,196,202,132,17,14,3,9,52,65,67,29,107,109,114,75,9,6,4,11,69,94,94,39,146,153,156,103,12,8,5,13,78,101,107,47,167,173,184,121,16,15,8.12,18.5,96.62,121.75,129.88,57.25,202.25,209.62,215.38,144.0,22.12,22.5
Brick_0cm_S1,2026-04-02T16:36:48.698444,12,26,123,154,170,76,267,271,274,191,32,41,13,26,131,159,172,77,263,267,272,182,32,35,9,20,105,132,142,63,224,236,243,158,25,27,12,27,124,156,166,75,260,272,279,190,34,35,6,16,91,112,121,53,185,196,202,132,17,14,3,9,52,65,67,29,107,109,114,75,9,6,4,11,69,94,94,39,146,153,156,103,12,8,5,13,79,101,107,47,167,173,184,121,17,15,8.0,18.5,96.75,121.62,129.88,57.38,202.38,209.62,215.5,144.0,22.25,22.62
Brick_0cm_S1,2026-04-02T16:36:48.787811,12,26,123,154,170,76,267,271,274,191,32,41,13,26,131,159,172,77,263,267,272,182,32,35,9,20,105,132,142,63,224,236,243,158,25,27,12,27,124,156,166,75,260,272,279,190,34,35,6,16,91,112,121,53,185,196,202,132,17,14,3,9,52,65,67,29,107,109,114,75,9,6,4,11,69,94,94,39,146,153,156,103,12,8,5,13,79,101,107,47,167,173,184,121,17,15,8.0,18.5,96.75,121.62,129.88,57.38,202.38,209.62,215.5,144.0,22.25,22.62
Brick_0cm_S1,2026-04-02T16:36:48.870305,12,26,123,154,170,76,267,271,274,191,32,41,13,26,131,159,172,77,263,267,272,182,32,35,9,20,105,132,142,63,224,236,243,158,25,27,12,27,124,156,166,75,260,272,279,190,34,35,6,16,91,112,121,53,185,196,202,132,17,14,3,9,52,65,67,29,107,109,114,75,9,6,4,11,69,94,94,39,146,153,156,103,12,8,5,13,79,101,107,47,167,173,184,121,17,15,8.0,18.5,96.75,121.62,129.88,57.38,202.38,209.62,215.5,144.0,22.25,22.62
Brick_0cm_S1,2026-04-02T16:36:48.956722,12,26,123,154,170,76,267,271,274,191,33,41,13,26,131,159,172,77,263,267,272,182,32,35,9,20,105,132,142,63,224,236,243,158,25,27,12,27,124,156,166,75,260,272,279,190,34,35,6,16,91,112,121,53,185,196,202,132,17,14,3,9,52,65,67,29,107,109,114,75,9,6,4,11,69,94,94,39,146,153,156,103,12,8,5,13,79,101,107,47,167,173,184,121,17,15,8.0,18.5,96.75,121.62,129.88,57.38,202.38,209.62,215.5,144.0,22.38,22.62
Brick_0cm_S1,2026-04-02T16:36:49.042442,12,26,123,154,170,76,267,271,274,191,33,41,13,26,131,159,172,77,263,267,272,182,32,35,9,20,105,132,142,63,224,236,243,158,25,27,12,27,124,156,166,75,260,272,279,190,34,35,6,16,91,112,121,53,185,196,202,132,17,14,3,9,52,65,67,29,107,109,114,75,9,6,4,11,69,94,94,39,146,153,156,103,12,8,5,13,79,101,107,47,167,173,184,121,17,15,8.0,18.5,96.75,121.62,129.88,57.38,202.38,209.62,215.5,144.0,22.38,22.62
Brick_0cm_S1,2026-04-02T16:36:49.121544,12,26,123,154,170,76,267,271,274,191,33,41,13,26,131,159,172,77,263,267,272,182,32,35,9,20,105,132,142,63,224,236,243,158,25,27,12,27,124,156,166,75,260,272,279,190,34,35,6,16,91,112,121,53,185,196,202,132,17,14,3,9,52,65,67,29,107,109,114,75,9,6,4,11,69,94,94,39,146,153,156,103,12,8,5,13,79,101,107,47,167,173,184,121,17,15,8.0,18.5,96.75,121.62,129.88,57.38,202.38,209.62,215.5,144.0,22.38,22.62
Brick_0cm_S1,2026-04-02T16:36:49.201042,12,26,123,154,170,76,267,271,274,191,33,41,13,26,131,159,172,77,263,267,272,182,32,35,9,20,105,132,142,63,224,236,243,158,25,27,12,27,124,156,166,75,260,272,279,190,34,35,6,16,91,112,121,53,185,196,202,132,17,14,3,9,52,65,67,29,107,109,114,75,9,6,4,11,69,94,94,39,146,153,156,103,12,8,5,13,79,101,107,47,167,173,184,121,17,15,8.0,18.5,96.75,121.62,129.88,57.38,202.38,209.62,215.5,144.0,22.38,22.62
Brick_0cm_S1,2026-04-02T16:36:49.298913,12,26,123,154,170,76,267,271,274,191,33,41,13,26,131,159,172,77,263,267,272,182,32,35,9,20,105,132,142,63,224,236,243,158,25,27,12,27,124,156,166,75,260,272,279,190,34,35,6,16,91,112,121,53,185,196,202,132,17,14,3,9,52,65,67,29,107,109,114,75,9,6,4,11,69,94,94,39,146,153,156,103,12,8,5,13,79,101,107,47,167,173,184,121,17,15,8.0,18.5,96.75,121.62,129.88,57.38,202.38,209.62,215.5,144.0,22.38,22.62
Brick_0cm_S1,2026-04-02T16:36:49.378985,12,26,123,154,170,76,267,271,274,191,33,41,13,26,131,159,172,77,263,267,272,182,32,35,9,20,105,132,142,63,224,236,243,158,25,27,13,27,124,156,166,75,260,272,279,190,34,36,6,16,91,112,121,53,185,196,202,132,17,14,3,9,52,65,67,29,107,109,114,75,9,6,4,11,69,94,94,39,146,153,156,103,12,8,5,13,79,101,107,47,167,173,184,121,17,15,8.12,18.5,96.75,121.62,129.88,57.38,202.38,209.62,215.5,144.0,22.38,22.75
Brick_0cm_S1,2026-04-02T16:36:49.475997,12,26,123,154,170,76,267,271,274,191,33,41,13,26,131,159,172,77,263,267,272,182,32,35,9,20,105,132,142,63,224,236,243,158,25,27,13,27,124,156,166,75,260,272,279,190,34,36,6,16,91,112,121,53,185,196,202,132,17,14,3,9,52,65,67,29,106,108,114,75,8,6,4,11,69,93,94,39,146,153,156,103,12,8,5,13,79,101,107,47,167,173,184,121,17,15,8.12,18.5,96.75,121.5,129.88,57.38,202.25,209.5,215.5,144.0,22.25,22.75
Brick_0cm_S1,2026-04-02T16:36:49.569972,12,26,124,155,170,75,266,271,274,191,32,40,13,26,131,159,172,78,262,267,272,181,32,34,9,20,105,132,143,63,223,236,243,158,25,26,13,27,123,156,166,75,260,271,279,189,34,35,5,16,91,112,121,53,185,196,202,132,17,14,3,9,52,65,67,29,106,108,114,75,9,6,4,11,69,94,94,39,146,153,157,102,12,8,5,13,78,101,107,47,167,173,184,121,17,15,8.0,18.5,96.62,121.75,130.0,57.38,201.88,209.38,215.62,143.62,22.25,22.25
Brick_0cm_S1,2026-04-02T16:36:49.671211,12,26,124,155,170,75,266,271,274,191,32,40,13,26,131,159,172,78,262,267,272,181,32,34,9,20,105,132,143,63,223,236,243,158,25,26,13,27,123,156,166,75,260,271,279,189,34,35,5,16,91,112,121,53,185,196,202,132,17,14,3,9,52,65,67,29,106,108,114,75,9,6,4,11,69,94,94,39,146,153,157,102,12,8,5,13,78,101,107,47,167,173,184,121,17,15,8.0,18.5,96.62,121.75,130.0,57.38,201.88,209.38,215.62,143.62,22.25,22.25
Brick_0cm_S1,2026-04-02T16:36:49.773928,12,26,123,154,170,75,266,271,274,191,32,40,13,26,131,159,172,78,262,267,272,181,32,34,9,20,105,132,143,63,223,236,243,158,25,26,13,27,123,156,166,75,260,271,279,189,34,35,5,16,91,112,121,53,185,196,202,132,17,14,3,9,52,65,67,29,106,108,114,75,9,6,4,11,69,94,94,39,146,153,157,102,12,8,5,13,78,101,107,47,167,173,184,121,17,15,8.0,18.5,96.5,121.62,130.0,57.38,201.88,209.38,215.62,143.62,22.25,22.25
Brick_0cm_S1,2026-04-02T16:36:49.853256,12,26,123,154,170,75,266,271,274,191,32,40,13,26,131,159,172,78,262,267,272,181,32,34,9,20,105,132,143,63,223,236,243,158,25,26,13,27,123,156,166,75,260,271,279,189,34,35,5,16,91,112,121,53,185,196,202,132,17,14,3,9,52,65,67,29,106,108,114,75,9,6,4,11,69,94,94,39,146,153,157,102,12,8,5,13,78,101,107,47,167,173,184,121,17,15,8.0,18.5,96.5,121.62,130.0,57.38,201.88,209.38,215.62,143.62,22.25,22.25
Brick_0cm_S1,2026-04-02T16:36:49.949570,12,26,123,154,169,75,266,271,273,191,32,40,13,26,131,159,172,78,262,267,272,181,32,34,9,20,105,132,143,63,223,236,243,158,25,26,13,27,123,156,166,75,260,271,279,189,34,35,5,16,91,112,121,53,185,196,202,132,17,14,3,9,52,65,67,29,106,108,114,75,9,6,4,11,69,94,94,39,146,153,157,102,12,8,5,13,78,101,107,47,167,173,184,121,17,15,8.0,18.5,96.5,121.62,129.88,57.38,201.88,209.38,215.5,143.62,22.25,22.25
Brick_0cm_S1,2026-04-02T16:36:50.044490,12,26,123,154,169,75,266,271,273,191,32,40,13,26,131,159,172,78,262,267,272,181,32,34,9,20,105,132,143,63,223,236,243,158,25,26,13,27,123,156,166,75,260,271,279,189,34,35,5,16,91,112,121,53,185,196,202,132,17,14,3,9,52,65,67,29,106,108,114,75,9,6,4,11,69,94,94,39,146,153,157,102,12,8,5,13,78,101,107,47,167,173,184,121,17,15,8.0,18.5,96.5,121.62,129.88,57.38,201.88,209.38,215.5,143.62,22.25,22.25
Brick_0cm_S1,2026-04-02T16:36:50.130165,12,26,123,154,169,75,266,271,273,191,32,40,13,26,131,159,172,78,262,267,272,181,32,34,9,20,105,132,143,63,223,236,243,158,25,26,13,27,123,156,166,75,260,271,279,189,34,35,5,16,91,112,121,53,185,196,202,132,17,14,3,9,52,65,67,29,106,108,114,75,9,6,4,11,69,94,94,39,146,153,157,102,12,8,5,13,78,101,107,47,167,173,184,121,17,15,8.0,18.5,96.5,121.62,129.88,57.38,201.88,209.38,215.5,143.62,22.25,22.25
Brick_0cm_S1,2026-04-02T16:36:50.225308,12,26,123,154,169,75,266,271,273,191,32,40,13,26,131,159,172,78,262,267,272,181,32,34,9,20,105,132,142,63,224,236,243,158,25,26,13,27,123,156,166,75,260,271,279,189,34,35,5,16,91,113,121,53,185,196,202,132,17,13,3,9,52,65,67,29,107,109,114,75,9,6,4,11,69,94,94,39,146,153,157,103,12,8,5,13,78,101,107,47,167,173,184,121,16,15,8.0,18.5,96.5,121.75,129.75,57.38,202.12,209.5,215.5,143.75,22.12,22.12
Brick_0cm_S1,2026-04-02T16:36:50.314753,12,26,123,155,169,75,266,271,273,190,32,39,13,26,131,159,172,78,262,267,272,181,32,34,9,20,105,131,142,63,223,236,243,158,25,27,12,27,123,156,166,75,260,271,278,189,34,35,5,16,91,112,121,53,185,196,202,132,17,14,3,9,52,65,67,29,107,109,114,75,9,6,4,11,69,94,94,39,146,153,157,103,12,8,5,13,78,101,107,47,167,173,184,121,16,15,7.88,18.5,96.5,121.62,129.75,57.38,202.0,209.5,215.38,143.62,22.12,22.25
Brick_0cm_S1,2026-04-02T16:36:50.410125,12,26,123,155,169,75,266,271,273,190,32,39,13,26,131,159,172,78,262,267,272,181,32,34,9,20,105,131,142,63,223,236,243,158,25,27,12,27,123,156,166,75,260,271,278,189,34,35,5,16,91,112,121,53,185,196,202,132,17,14,3,9,52,65,67,29,107,109,114,75,9,6,4,11,69,94,94,39,146,153,157,103,12,8,5,13,78,101,107,47,167,173,184,121,16,15,7.88,18.5,96.5,121.62,129.75,57.38,202.0,209.5,215.38,143.62,22.12,22.25
Brick_0cm_S1,2026-04-02T16:36:50.500633,12,26,123,155,169,75,266,271,273,190,32,39,13,26,131,159,172,77,262,267,272,181,32,34,9,20,105,132,142,63,224,236,243,158,25,26,13,27,124,156,166,75,260,272,279,189,34,35,5,16,91,112,121,53,185,196,202,132,17,14,3,9,52,65,67,29,107,108,114,75,9,6,4,11,69,94,94,39,146,153,156,103,12,8,5,13,78,101,107,47,167,173,184,121,17,15,8.0,18.5,96.62,121.75,129.75,57.25,202.12,209.5,215.38,143.62,22.25,22.12
Brick_0cm_S1,2026-04-02T16:36:50.598423,12,26,123,154,170,75,266,270,273,190,32,39,13,26,131,159,172,77,262,267,272,181,32,34,9,20,105,132,142,63,224,236,243,158,25,26,13,27,124,156,166,75,260,272,279,189,34,35,5,16,91,112,121,53,185,196,202,132,17,14,3,9,52,65,67,29,107,108,114,75,9,6,4,11,69,94,94,39,146,153,156,103,12,8,5,14,78,101,107,47,167,173,183,121,17,15,8.0,18.62,96.62,121.62,129.88,57.25,202.12,209.38,215.25,143.62,22.25,22.12
Brick_0cm_S1,2026-04-02T16:36:50.701060,12,26,123,154,170,75,266,270,273,190,32,39,13,26,131,159,172,77,262,267,272,181,32,34,9,20,105,132,142,63,224,236,243,158,25,26,13,27,123,156,166,75,260,271,279,189,34,35,5,16,91,112,121,53,185,196,202,132,17,13,3,9,52,65,67,29,107,108,114,75,9,6,4,11,69,94,94,39,146,153,156,103,12,8,5,14,78,101,107,47,167,173,183,121,17,15,8.0,18.62,96.5,121.62,129.88,57.25,202.12,209.25,215.25,143.62,22.25,22.0
Brick_0cm_S1,2026-04-02T16:36:50.800987,12,26,123,154,169,75,266,270,273,190,32,39,12,26,131,159,172,77,262,267,272,181,32,34,9,20,105,132,143,63,223,236,243,158,25,26,13,27,123,156,166,75,260,271,279,189,34,35,5,16,91,112,121,53,185,196,202,132,17,13,3,9,52,65,67,29,106,109,114,75,8,6,4,11,69,94,94,39,146,153,157,103,12,8,5,13,78,101,107,47,167,173,184,121,17,15,7.88,18.5,96.5,121.62,129.88,57.25,201.88,209.38,215.5,143.62,22.12,22.0
Brick_0cm_S1,2026-04-02T16:36:50.903613,12,26,123,154,169,75,266,270,273,190,32,39,12,26,131,159,172,77,262,267,272,181,32,34,9,20,105,132,143,63,223,236,243,158,25,26,13,27,123,156,166,75,260,271,279,189,34,35,5,16,91,112,121,53,185,196,202,132,17,14,3,9,52,65,67,29,107,109,114,75,9,6,4,11,69,94,94,39,147,153,156,103,12,8,5,13,78,101,107,47,167,173,184,121,17,15,7.88,18.5,96.5,121.62,129.88,57.25,202.12,209.38,215.38,143.62,22.25,22.12
Brick_0cm_S1,2026-04-02T16:36:50.989212,12,26,122,154,169,75,267,271,273,190,32,39,13,26,131,159,172,78,262,267,272,182,32,34,9,20,105,132,143,63,223,236,243,158,25,26,13,27,123,156,166,75,260,271,279,189,34,35,5,16,91,112,121,53,185,196,202,132,17,14,3,9,52,65,67,29,107,109,114,75,9,6,4,11,69,94,94,39,147,153,156,103,12,8,5,13,78,101,107,47,167,173,184,121,17,15,8.0,18.5,96.38,121.62,129.88,57.38,202.25,209.5,215.38,143.75,22.25,22.12
Brick_0cm_S1,2026-04-02T16:36:51.095890,12,25,123,155,169,75,266,270,273,190,32,40,12,26,131,159,172,78,262,267,272,181,32,34,9,20,105,132,143,63,223,236,243,158,25,26,12,27,123,156,166,75,259,271,279,189,34,35,5,16,91,112,121,53,185,196,202,132,18,14,3,9,52,65,67,29,106,108,114,75,9,6,4,11,69,94,94,39,146,153,156,102,12,8,5,13,78,101,107,47,166,173,184,121,16,15,7.75,18.38,96.5,121.75,129.88,57.38,201.62,209.25,215.38,143.5,22.25,22.25
Brick_0cm_S1,2026-04-02T16:36:51.204790,12,25,123,155,169,75,266,270,273,190,32,40,12,26,131,159,172,78,262,267,272,181,32,34,9,20,105,132,142,63,224,236,243,158,25,26,12,27,123,156,166,75,259,271,279,189,34,35,5,16,91,112,121,53,185,196,202,132,17,13,3,9,52,65,67,29,106,109,114,75,8,6,4,11,69,94,94,39,146,153,157,103,12,8,5,13,78,101,107,47,167,173,184,121,17,15,7.75,18.38,96.5,121.75,129.75,57.38,201.88,209.38,215.5,143.62,22.12,22.12
Brick_0cm_S1,2026-04-02T16:36:51.315832,12,26,123,155,170,75,266,271,273,190,32,39,13,26,130,159,172,78,262,267,272,181,32,34,9,20,105,132,142,63,223,236,243,158,25,26,13,27,123,156,166,75,260,271,279,189,33,35,5,16,91,112,121,53,185,196,202,132,17,14,3,9,52,65,67,29,106,109,114,75,8,6,4,11,69,94,94,39,146,153,157,103,12,8,5,13,78,101,107,47,167,173,184,121,17,15,8.0,18.5,96.38,121.75,129.88,57.38,201.88,209.5,215.5,143.62,22.0,22.12
Brick_0cm_S1,2026-04-02T16:36:51.426272,12,26,123,155,170,75,266,271,273,190,32,39,13,26,130,159,172,78,262,267,272,181,32,34,9,20,105,132,142,63,223,236,243,158,25,26,13,27,123,156,166,75,260,271,279,189,33,35,5,16,91,112,121,53,185,196,202,132,17,14,3,9,52,65,67,29,107,109,114,75,8,6,4,11,69,94,94,39,146,153,157,103,12,8,5,13,78,101,107,47,167,173,184,121,17,15,8.0,18.5,96.38,121.75,129.88,57.38,202.0,209.5,215.5,143.62,22.0,22.12
Brick_0cm_S1,2026-04-02T16:36:51.519428,12,26,123,155,170,75,266,271,273,190,32,39,13,26,130,159,172,78,262,267,272,181,32,34,9,20,105,132,142,63,223,236,243,158,25,26,13,27,123,156,166,75,260,271,279,189,33,35,5,16,91,112,121,53,185,196,202,132,17,14,3,9,52,65,67,29,107,109,114,75,8,6,4,11,69,94,94,39,146,153,157,103,12,8,5,13,78,101,107,47,167,173,184,121,17,15,8.0,18.5,96.38,121.75,129.88,57.38,202.0,209.5,215.5,143.62,22.0,22.12
Brick_0cm_S1,2026-04-02T16:36:51.608899,12,26,123,155,170,75,266,271,273,190,32,39,13,26,130,159,172,78,262,267,272,181,32,34,9,20,105,132,142,63,223,236,243,158,25,26,13,27,123,156,166,75,260,271,279,189,33,35,5,16,91,112,121,53,185,196,202,132,17,14,3,9,52,65,67,29,107,109,114,75,8,6,4,11,69,94,94,39,146,153,157,103,12,8,5,13,78,101,107,47,167,173,184,121,17,15,8.0,18.5,96.38,121.75,129.88,57.38,202.0,209.5,215.5,143.62,22.0,22.12
Brick_0cm_S1,2026-04-02T16:36:51.703797,12,26,123,155,169,75,267,271,273,191,32,40,13,26,130,159,172,78,262,267,272,181,32,34,9,20,105,132,142,63,223,236,243,158,25,26,13,27,124,156,166,75,260,272,279,190,34,35,6,16,91,112,121,53,185,196,202,132,17,14,3,9,52,65,67,29,107,108,114,75,9,6,4,11,69,94,94,39,146,153,156,103,12,8,5,13,78,101,107,47,167,173,184,121,17,15,8.12,18.5,96.5,121.75,129.75,57.38,202.12,209.5,215.38,143.88,22.25,22.25
Brick_0cm_S1,2026-04-02T16:36:51.806039,13,26,123,155,169,75,266,271,273,191,32,40,13,26,131,159,172,78,262,267,272,181,32,34,9,20,104,132,142,64,223,236,243,158,25,26,13,27,123,156,166,75,260,271,279,189,34,36,5,16,91,112,121,53,185,196,202,132,17,13,3,9,52,65,67,29,107,108,114,75,9,6,4,11,69,94,94,39,146,153,156,103,12,8,5,13,78,101,107,47,167,173,184,121,17,15,8.12,18.5,96.38,121.75,129.75,57.5,202.0,209.38,215.38,143.75,22.25,22.25
Brick_0cm_S1,2026-04-02T16:36:51.907173,13,26,123,155,169,75,266,271,273,191,32,40,13,26,131,159,172,78,262,267,272,181,32,34,9,20,104,132,142,64,223,236,243,158,25,26,13,27,123,156,166,75,260,271,279,189,34,36,5,16,91,112,121,53,185,196,202,132,17,13,3,9,52,65,67,29,107,108,114,75,8,6,4,11,69,94,94,39,146,152,156,102,12,8,5,13,78,101,107,47,167,173,184,121,17,15,8.12,18.5,96.38,121.75,129.75,57.5,202.0,209.25,215.38,143.62,22.12,22.25
Brick_0cm_S1,2026-04-02T16:36:52.000947,13,26,123,155,169,75,266,271,273,191,32,40,13,26,131,159,172,78,262,267,272,181,32,34,9,20,104,132,142,64,223,236,243,158,25,26,13,27,123,156,166,75,260,271,279,189,34,36,5,16,91,112,121,53,185,196,202,132,17,13,3,9,52,65,67,29,107,108,114,75,8,6,4,11,69,94,94,39,146,152,156,102,12,8,5,13,78,101,107,47,167,173,184,121,17,15,8.12,18.5,96.38,121.75,129.75,57.5,202.0,209.25,215.38,143.62,22.12,22.25
Brick_0cm_S1,2026-04-02T16:36:52.090391,13,26,123,155,169,75,266,271,273,191,32,40,13,26,131,159,172,78,262,267,272,181,32,34,9,20,104,132,142,64,223,236,243,158,25,26,13,27,123,156,166,75,260,271,279,189,34,36,5,16,91,112,121,53,185,196,202,132,17,13,3,9,52,65,67,29,107,108,114,75,8,6,4,11,69,94,94,39,146,152,156,102,12,8,5,13,78,101,107,47,167,173,184,121,17,15,8.12,18.5,96.38,121.75,129.75,57.5,202.0,209.25,215.38,143.62,22.12,22.25
Brick_0cm_S1,2026-04-02T16:36:52.186793,13,26,123,155,169,75,266,271,273,191,32,40,13,26,131,159,172,78,262,267,272,181,32,34,9,20,104,132,142,64,223,236,243,158,25,26,13,27,123,156,166,75,260,271,279,189,34,36,5,16,91,112,121,53,185,196,202,132,17,13,3,9,52,65,67,29,107,109,114,75,9,6,4,11,69,94,94,39,146,153,156,103,12,8,5,13,79,101,107,47,167,173,184,121,16,15,8.12,18.5,96.5,121.75,129.75,57.5,202.0,209.5,215.38,143.75,22.12,22.25
Brick_0cm_S1,2026-04-02T16:36:52.286369,12,26,123,155,170,75,266,271,273,191,32,40,12,26,131,159,172,78,262,267,272,181,32,34,9,20,104,132,142,63,223,235,243,158,25,26,13,27,123,156,166,75,260,271,279,190,34,36,5,16,91,112,121,53,185,196,202,132,17,13,3,9,52,65,67,29,107,109,114,75,8,6,4,11,69,94,94,39,146,153,156,103,12,8,5,13,78,101,107,47,167,173,184,121,17,15,7.88,18.5,96.38,121.75,129.88,57.38,202.0,209.38,215.38,143.88,22.12,22.25
Brick_0cm_S1,2026-04-02T16:36:52.360666,12,26,123,155,170,75,266,271,273,191,32,40,12,26,131,159,172,78,262,267,272,181,32,34,9,20,104,132,142,63,223,235,243,158,25,26,13,27,123,156,166,75,260,271,279,189,34,35,5,16,91,112,121,53,185,196,202,132,17,13,3,9,52,65,67,29,107,109,114,75,8,6,4,11,69,94,94,39,146,153,156,103,12,8,5,13,78,101,107,47,167,173,184,121,17,15,7.88,18.5,96.38,121.75,129.88,57.38,202.0,209.38,215.38,143.75,22.12,22.12
Brick_0cm_S1,2026-04-02T16:36:52.466017,12,26,123,154,170,75,266,271,273,190,32,40,12,26,131,159,172,78,262,267,272,181,32,34,9,19,104,132,142,63,223,236,243,158,25,26,13,27,123,156,166,75,260,272,279,190,34,35,5,16,91,112,121,53,185,196,202,132,17,13,3,9,52,65,67,29,107,109,114,75,8,6,4,11,69,94,94,39,146,153,156,103,12,8,5,13,78,101,107,47,167,173,184,121,17,15,7.88,18.38,96.38,121.62,129.88,57.38,202.0,209.62,215.38,143.75,22.12,22.12
Brick_0cm_S1,2026-04-02T16:36:52.551235,12,26,123,154,170,75,266,271,273,190,32,40,12,26,131,159,172,78,262,267,272,181,32,34,9,19,104,132,142,63,223,236,243,158,25,26,13,27,123,156,166,75,260,272,279,190,34,35,5,16,91,112,121,53,185,196,202,132,17,13,3,9,52,65,67,29,107,109,114,75,8,6,4,11,69,94,94,39,146,153,156,103,12,8,5,13,78,101,107,47,167,173,184,121,17,15,7.88,18.38,96.38,121.62,129.88,57.38,202.0,209.62,215.38,143.75,22.12,22.12
Brick_0cm_S1,2026-04-02T16:36:52.646774,12,26,123,154,170,75,266,271,273,190,32,40,12,26,131,159,172,78,262,267,272,181,32,34,9,19,104,132,142,63,223,236,243,158,25,26,13,27,123,156,166,75,260,272,279,190,34,35,5,16,91,112,121,53,185,196,202,132,17,13,3,9,52,65,67,29,107,109,114,75,8,6,4,11,69,94,94,39,146,153,156,103,12,8,5,13,78,101,107,47,167,173,184,121,17,15,7.88,18.38,96.38,121.62,129.88,57.38,202.0,209.62,215.38,143.75,22.12,22.12
Brick_0cm_S1,2026-04-02T16:36:52.734254,12,26,123,154,170,75,266,271,273,190,32,40,12,26,131,159,172,78,262,267,272,181,32,34,9,19,104,132,142,63,223,236,243,158,25,26,13,27,123,156,166,75,260,272,279,190,34,35,5,16,91,112,121,53,185,196,202,132,17,13,3,9,52,65,67,29,107,109,114,75,8,6,4,11,69,94,94,39,146,153,156,103,12,8,5,13,78,101,107,47,167,173,184,121,17,15,7.88,18.38,96.38,121.62,129.88,57.38,202.0,209.62,215.38,143.75,22.12,22.12
Brick_0cm_S1,2026-04-02T16:36:52.821446,12,26,123,155,169,76,266,271,273,190,32,40,12,26,131,159,172,78,262,267,272,181,32,34,9,20,105,132,142,63,223,236,243,158,25,26,13,27,123,156,166,75,259,271,279,189,34,35,5,16,91,112,121,53,185,196,202,132,17,13,3,9,52,65,67,29,107,108,114,75,9,6,4,11,69,94,94,39,146,153,157,103,12,8,5,13,79,101,107,47,167,173,185,121,17,15,7.88,18.5,96.62,121.75,129.75,57.5,201.88,209.38,215.62,143.62,22.25,22.12
Brick_0cm_S1,2026-04-02T16:36:52.916732,12,26,123,155,170,75,266,271,274,190,32,40,12,26,131,159,172,78,262,267,272,181,32,34,9,20,105,132,142,63,223,236,243,158,25,26,13,27,123,156,166,75,259,271,279,189,34,35,5,16,91,112,121,53,185,196,202,132,17,13,3,9,52,65,67,29,107,108,114,75,8,6,4,11,69,94,94,39,146,153,156,103,12,8,5,13,79,101,107,47,167,173,184,121,17,15,7.88,18.5,96.62,121.75,129.88,57.38,201.88,209.38,215.5,143.62,22.12,22.12
Brick_0cm_S1,2026-04-02T16:36:53.011997,12,26,123,155,170,75,266,271,274,190,32,40,12,26,130,159,172,78,262,267,272,181,32,34,9,20,105,132,142,63,224,236,243,157,25,26,13,27,123,156,166,75,260,271,279,189,34,35,5,16,91,112,121,53,185,196,202,132,17,14,3,9,52,65,67,29,107,108,114,75,8,6,4,11,69,94,94,39,146,153,156,103,12,8,5,13,79,101,107,47,167,173,184,121,17,15,7.88,18.5,96.5,121.75,129.88,57.38,202.12,209.38,215.5,143.5,22.12,22.25
Brick_0cm_S1,2026-04-02T16:36:53.092296,12,26,123,155,170,75,266,271,274,190,32,40,12,26,130,159,172,78,262,267,272,181,32,34,9,20,105,132,142,63,224,236,243,157,25,26,13,27,123,156,166,75,260,271,279,189,34,35,5,16,91,112,121,53,185,196,202,132,17,14,3,9,52,65,67,29,107,108,114,75,8,6,4,11,69,94,94,39,146,153,156,103,12,8,5,13,79,101,107,47,167,173,184,121,17,15,7.88,18.5,96.5,121.75,129.88,57.38,202.12,209.38,215.5,143.5,22.12,22.25
Brick_0cm_S1,2026-04-02T16:36:53.171750,12,26,123,155,170,75,266,271,274,190,32,40,12,26,130,159,172,78,262,267,272,181,32,34,9,20,105,132,142,63,224,236,243,157,25,26,13,27,123,156,166,75,260,271,279,189,34,35,5,16,91,112,121,53,185,196,202,132,17,14,3,9,52,65,67,29,107,108,114,75,8,6,4,11,69,94,94,39,146,153,156,103,12,8,5,13,79,101,107,47,167,173,184,121,17,15,7.88,18.5,96.5,121.75,129.88,57.38,202.12,209.38,215.5,143.5,22.12,22.25
Brick_0cm_S1,2026-04-02T16:36:53.268318,13,26,123,155,169,75,266,271,273,190,32,40,13,26,131,159,172,78,262,267,272,181,32,34,9,20,105,132,142,64,223,236,243,158,25,26,13,27,123,156,166,75,260,271,279,190,34,35,5,16,91,112,121,53,185,196,202,132,17,13,3,9,52,65,67,29,107,109,114,75,8,6,4,11,69,94,94,39,146,153,156,102,12,8,5,14,78,101,107,47,167,173,184,121,17,15,8.12,18.62,96.5,121.75,129.75,57.5,202.0,209.5,215.38,143.62,22.12,22.12
Brick_0cm_S1,2026-04-02T16:36:53.361503,13,26,123,155,170,75,266,271,273,190,32,40,13,26,130,159,172,78,262,266,272,181,32,34,9,20,105,132,142,63,223,236,243,158,25,26,12,27,123,156,166,75,259,271,279,189,34,35,5,16,91,112,121,53,185,196,202,132,17,14,3,9,52,65,67,29,107,109,114,75,9,6,4,11,69,94,94,39,146,153,157,103,12,8,5,13,78,101,107,47,167,173,184,121,16,15,8.0,18.5,96.38,121.75,129.88,57.38,201.88,209.38,215.5,143.62,22.12,22.25
Brick_0cm_S1,2026-04-02T16:36:53.473370,13,26,123,155,170,75,266,271,273,190,32,40,13,26,130,159,172,78,262,266,272,181,32,34,9,20,105,132,142,63,223,236,243,158,25,26,12,27,123,156,166,75,259,271,279,189,34,35,5,16,91,112,121,53,185,196,202,132,17,14,3,9,52,65,67,29,107,109,114,75,9,6,4,11,69,94,94,39,146,153,157,103,12,8,5,13,78,101,107,47,167,173,184,121,16,15,8.0,18.5,96.38,121.75,129.88,57.38,201.88,209.38,215.5,143.62,22.12,22.25
Brick_0cm_S1,2026-04-02T16:36:53.552051,13,26,123,155,170,75,266,271,273,190,32,40,13,26,130,159,172,78,262,266,272,181,32,34,9,20,105,132,142,63,223,236,243,158,25,26,12,27,123,156,166,75,259,271,279,189,34,35,5,16,91,112,121,53,185,196,202,132,17,14,3,9,52,65,67,29,107,109,114,75,9,6,4,11,69,94,94,39,146,153,157,103,12,8,5,13,78,101,107,47,167,173,184,121,16,15,8.0,18.5,96.38,121.75,129.88,57.38,201.88,209.38,215.5,143.62,22.12,22.25
Brick_0cm_S1,2026-04-02T16:36:53.634911,12,26,123,154,169,75,266,271,273,190,32,39,13,26,131,159,172,77,262,267,272,181,32,34,9,20,104,132,142,63,223,236,243,158,25,26,12,27,123,156,166,75,259,271,278,189,34,35,5,16,91,113,121,53,185,196,203,132,17,14,3,9,52,65,67,29,107,109,114,75,9,6,4,11,69,94,94,39,146,153,157,103,12,8,5,13,78,101,107,47,167,173,184,121,16,15,7.88,18.5,96.38,121.75,129.75,57.25,201.88,209.5,215.5,143.62,22.12,22.12
Brick_0cm_S1,2026-04-02T16:36:53.711411,12,26,123,154,169,75,266,271,273,190,32,39,13,26,131,159,172,77,262,267,272,181,32,34,9,20,104,132,142,63,223,236,243,158,25,26,12,27,123,156,166,75,259,271,278,189,34,35,5,16,91,113,121,53,185,196,203,132,17,14,3,9,52,65,67,29,107,109,114,75,9,6,4,11,69,94,94,39,146,153,157,103,12,8,5,13,78,101,107,47,167,173,184,121,16,15,7.88,18.5,96.38,121.75,129.75,57.25,201.88,209.5,215.5,143.62,22.12,22.12
Brick_0cm_S1,2026-04-02T16:36:53.806460,12,26,123,154,169,75,266,271,273,190,32,39,13,26,131,159,172,77,262,267,272,181,32,34,9,20,104,132,142,63,223,236,243,158,25,26,13,27,123,156,166,75,260,271,279,189,34,35,5,16,91,113,121,53,185,196,203,132,17,14,3,9,52,65,67,29,107,109,114,75,9,6,4,11,69,94,94,39,146,153,157,103,12,8,5,13,78,101,107,47,167,173,184,121,16,15,8.0,18.5,96.38,121.75,129.75,57.25,202.0,209.5,215.62,143.62,22.12,22.12
Brick_0cm_S1,2026-04-02T16:36:53.904825,12,26,123,155,169,75,266,270,273,190,32,39,12,26,130,159,172,77,262,267,271,181,31,34,9,20,104,132,142,63,223,236,243,158,25,26,13,27,123,156,166,75,260,271,279,189,34,35,5,16,91,112,121,53,185,196,202,132,17,14,3,9,52,65,67,29,106,109,114,75,9,6,4,11,69,94,94,39,146,153,156,103,12,8,5,14,78,101,107,47,167,173,184,121,17,15,7.88,18.62,96.25,121.75,129.75,57.25,201.88,209.38,215.25,143.62,22.12,22.12
Brick_0cm_S1,2026-04-02T16:36:54.007608,12,26,123,154,169,75,266,271,273,190,32,39,12,26,130,159,172,78,262,266,272,181,31,34,9,20,104,132,142,63,223,236,243,158,25,26,12,27,123,156,166,75,260,271,279,189,34,35,5,16,91,112,121,53,185,196,202,132,17,14,3,9,52,65,67,29,106,109,114,75,9,6,4,11,69,94,94,39,146,153,156,103,12,8,5,14,78,101,107,47,167,173,184,121,17,15,7.75,18.62,96.25,121.62,129.75,57.38,201.88,209.38,215.38,143.62,22.12,22.12
Brick_0cm_S1,2026-04-02T16:36:54.102908,12,26,123,154,169,75,266,271,273,190,32,39,12,26,130,159,172,78,262,266,272,181,31,34,9,20,104,132,142,63,223,236,243,158,25,26,12,27,123,156,166,75,260,271,279,189,34,35,5,16,91,112,121,53,185,196,202,132,17,14,3,9,52,65,67,29,106,109,114,75,9,6,4,11,69,94,94,39,146,153,156,103,12,8,5,14,78,101,107,47,167,173,184,121,17,15,7.75,18.62,96.25,121.62,129.75,57.38,201.88,209.38,215.38,143.62,22.12,22.12
Brick_0cm_S1,2026-04-02T16:36:54.188275,12,26,123,154,169,75,266,271,273,190,32,39,12,26,130,159,172,78,262,266,272,181,31,34,9,20,104,132,142,63,223,236,243,158,25,26,12,27,123,156,166,75,260,271,279,189,34,35,5,16,91,112,121,53,185,196,202,132,17,14,3,9,52,65,67,29,106,109,114,75,9,6,4,11,69,94,94,39,146,153,156,103,12,8,5,14,78,101,107,47,167,173,184,121,17,15,7.75,18.62,96.25,121.62,129.75,57.38,201.88,209.38,215.38,143.62,22.12,22.12
Brick_0cm_S1,2026-04-02T16:36:54.268309,12,26,123,154,169,75,266,271,273,190,32,39,12,26,130,159,172,78,262,266,272,181,31,34,9,20,104,132,142,63,223,236,243,158,25,26,12,27,123,156,166,75,260,271,279,189,34,35,5,16,91,112,121,53,185,196,202,132,17,14,3,9,52,65,67,29,106,109,114,75,9,6,4,11,69,94,94,39,146,153,156,103,12,8,5,13,78,101,107,47,167,173,184,121,16,15,7.75,18.5,96.25,121.62,129.75,57.38,201.88,209.38,215.38,143.62,22.0,22.12
Brick_0cm_S1,2026-04-02T16:36:54.361607,12,26,123,154,169,75,266,271,273,190,32,39,12,26,130,159,172,78,262,267,272,181,31,34,9,20,105,132,142,63,223,236,243,158,25,26,12,27,123,156,166,75,259,271,279,189,34,35,5,16,91,112,121,53,185,196,202,132,17,13,3,9,52,65,67,29,107,109,114,75,9,6,4,11,69,94,94,39,146,153,156,103,12,8,5,13,78,101,107,47,167,173,184,121,16,15,7.75,18.5,96.38,121.62,129.75,57.38,201.88,209.5,215.38,143.62,22.0,22.0
Brick_0cm_S1,2026-04-02T16:36:54.483395,12,26,123,154,169,75,266,270,273,190,32,39,13,26,131,159,172,77,262,267,272,181,31,34,9,20,104,132,142,63,223,236,243,158,25,26,12,27,123,156,166,75,259,271,279,189,34,35,5,16,91,112,121,53,185,196,202,132,17,13,3,9,52,65,67,29,107,109,114,75,9,6,4,11,69,94,94,39,147,153,157,103,12,8,5,13,78,101,107,47,167,173,184,121,17,15,7.88,18.5,96.38,121.62,129.75,57.25,202.0,209.38,215.5,143.62,22.12,22.0
Brick_0cm_S1,2026-04-02T16:36:54.567286,12,26,123,154,169,75,266,270,273,190,32,39,13,26,131,159,172,77,262,267,272,181,31,34,9,20,104,132,142,63,223,236,243,158,25,26,13,27,123,156,166,75,260,271,279,189,34,35,5,16,91,113,121,53,185,196,202,132,17,14,3,9,52,65,67,29,107,109,114,75,9,6,4,11,69,94,94,39,146,153,157,103,12,8,5,13,78,101,107,47,167,173,184,121,17,15,8.0,18.5,96.38,121.75,129.75,57.25,202.0,209.38,215.5,143.62,22.12,22.12
Brick_0cm_S1,2026-04-02T16:36:54.664208,12,26,123,154,169,75,266,270,273,190,32,40,13,26,131,159,172,77,262,267,272,181,31,34,9,20,104,132,142,63,223,236,243,158,25,26,13,27,123,156,166,75,260,271,279,189,34,35,5,16,91,113,121,53,185,196,202,132,17,14,3,9,52,65,67,29,107,109,114,75,9,6,4,11,69,94,94,39,146,153,157,103,12,8,5,13,78,101,107,47,167,173,184,121,17,15,8.0,18.5,96.38,121.75,129.75,57.25,202.0,209.38,215.5,143.62,22.12,22.25
Brick_0cm_S1,2026-04-02T16:36:54.751572,12,26,123,154,169,75,266,270,273,190,32,40,13,26,131,159,172,77,262,267,272,181,31,34,9,20,104,132,142,63,223,236,243,158,25,26,13,27,123,156,166,75,260,271,279,189,34,35,5,16,91,113,121,53,185,196,202,132,17,14,3,9,52,65,67,29,107,109,114,75,9,6,4,11,69,94,94,39,146,153,157,103,12,8,5,13,78,101,107,47,167,173,184,121,17,15,8.0,18.5,96.38,121.75,129.75,57.25,202.0,209.38,215.5,143.62,22.12,22.25
Brick_0cm_S1,2026-04-02T16:36:54.841954,12,26,123,154,169,75,266,270,273,190,32,40,13,26,131,159,172,77,262,267,272,181,31,34,9,20,104,132,142,63,223,236,243,158,25,26,13,27,123,156,166,75,260,271,279,189,34,35,5,16,91,113,121,53,185,196,202,132,17,14,3,9,52,65,67,29,107,109,114,75,9,6,4,11,69,94,94,39,146,153,157,103,12,8,5,13,78,101,107,47,167,173,184,121,17,15,8.0,18.5,96.38,121.75,129.75,57.25,202.0,209.38,215.5,143.62,22.12,22.25
Brick_0cm_S1,2026-04-02T16:36:54.933920,12,26,123,154,169,75,266,270,273,190,32,40,13,26,131,159,172,77,262,267,272,181,31,34,9,20,104,132,142,63,223,236,243,158,25,26,13,27,123,156,166,75,260,271,279,189,34,35,5,16,91,113,121,53,185,196,202,132,17,14,3,9,52,65,67,29,107,109,114,75,9,6,4,11,69,94,94,39,146,153,157,103,12,8,5,13,78,101,107,47,167,173,184,121,17,15,8.0,18.5,96.38,121.75,129.75,57.25,202.0,209.38,215.5,143.62,22.12,22.25
Brick_0cm_S1,2026-04-02T16:36:55.020369,12,26,123,155,169,75,266,271,273,190,32,40,13,26,131,159,172,77,262,267,271,181,31,34,9,20,104,132,142,63,223,236,243,158,25,26,12,27,123,156,166,75,259,271,279,189,34,35,6,16,91,112,121,53,185,196,202,132,17,14,3,9,52,65,67,29,107,109,114,75,8,6,4,11,69,94,94,39,147,153,157,103,12,8,5,13,78,101,107,47,167,173,184,121,17,15,8.0,18.5,96.38,121.75,129.75,57.25,202.0,209.5,215.38,143.62,22.0,22.25
Brick_0cm_S1,2026-04-02T16:36:55.108820,12,26,123,155,169,75,266,271,273,190,32,40,13,26,131,159,172,77,262,267,271,181,31,34,9,20,104,132,142,63,223,236,243,158,25,26,12,27,123,156,166,75,259,271,279,189,34,35,6,16,91,112,121,53,185,196,202,132,17,14,3,9,52,65,67,29,107,109,114,75,8,6,4,11,69,94,94,39,146,153,157,103,12,8,5,13,78,101,107,47,167,173,184,121,16,15,8.0,18.5,96.38,121.75,129.75,57.25,201.88,209.5,215.38,143.62,21.88,22.25
Brick_0cm_S1,2026-04-02T16:36:55.206486,12,26,123,155,169,75,266,271,273,190,32,40,13,26,131,159,172,77,262,267,271,181,31,34,9,20,104,132,142,63,223,236,243,158,25,26,12,27,123,156,166,75,259,271,279,189,34,35,6,16,91,112,121,53,185,196,202,132,17,14,3,9,52,65,67,29,107,109,114,75,8,6,4,11,69,94,94,39,146,153,157,103,12,8,5,13,78,101,107,47,167,173,184,121,16,15,8.0,18.5,96.38,121.75,129.75,57.25,201.88,209.5,215.38,143.62,21.88,22.25
Brick_0cm_S1,2026-04-02T16:36:55.298881,12,26,123,155,169,75,266,270,274,190,32,40,12,26,130,159,172,78,262,267,272,181,32,34,9,20,104,132,142,63,223,236,243,158,25,26,13,27,123,156,166,75,259,271,279,189,34,35,5,16,91,112,121,53,185,196,203,132,17,13,3,9,52,65,67,29,107,109,114,75,8,6,4,11,69,94,94,39,146,153,157,103,12,8,5,13,78,101,107,47,167,173,184,121,16,15,7.88,18.5,96.25,121.75,129.75,57.38,201.88,209.38,215.75,143.62,22.0,22.12
Brick_0cm_S1,2026-04-02T16:36:55.403868,12,26,123,154,169,75,266,270,274,190,32,40,12,26,130,159,172,78,262,267,271,181,31,34,9,20,104,132,142,63,223,236,243,158,25,26,12,27,123,156,166,75,260,271,279,189,34,35,6,16,91,112,121,53,185,196,202,132,18,14,3,9,52,65,67,29,107,108,114,75,8,6,4,11,69,94,94,39,146,153,157,103,12,8,5,14,78,101,107,47,167,173,184,121,17,15,7.88,18.62,96.25,121.62,129.75,57.38,202.0,209.25,215.5,143.62,22.12,22.25
Brick_0cm_S1,2026-04-02T16:36:55.501997,12,26,123,154,169,75,266,270,274,190,32,40,12,26,130,159,172,78,262,267,271,181,31,34,9,20,104,132,142,63,223,236,243,158,25,26,12,27,123,156,166,75,260,271,279,189,34,35,6,16,91,112,121,53,185,196,202,132,18,14,3,9,52,65,67,29,107,109,114,75,9,6,4,11,69,94,94,39,146,153,157,103,12,8,5,14,78,101,107,47,167,173,184,121,17,15,7.88,18.62,96.25,121.62,129.75,57.38,202.0,209.38,215.5,143.62,22.25,22.25
Brick_0cm_S1,2026-04-02T16:36:55.587427,12,26,123,154,169,75,266,270,274,190,32,40,12,26,130,159,172,78,262,267,271,181,31,34,9,20,104,132,142,63,223,235,243,157,25,26,13,27,123,156,166,75,259,271,279,189,34,35,5,16,91,112,121,53,185,196,202,132,17,14,3,9,52,65,67,29,107,109,114,75,8,6,4,11,69,94,94,39,146,153,157,103,12,8,5,13,78,101,107,47,167,173,184,121,17,15,7.88,18.5,96.25,121.62,129.75,57.38,201.88,209.25,215.5,143.5,22.0,22.25
Brick_0cm_S1,2026-04-02T16:36:55.676794,12,26,123,155,169,75,266,271,273,191,32,40,12,26,131,159,172,78,262,267,272,181,32,34,9,20,104,132,142,63,223,236,243,158,25,26,13,27,123,156,166,75,260,271,279,189,34,35,5,16,91,112,121,53,185,196,202,132,17,14,3,9,52,65,67,29,107,109,114,75,8,6,4,11,69,94,94,39,146,153,157,103,12,8,5,13,78,101,107,47,167,173,184,121,17,15,7.88,18.5,96.38,121.75,129.75,57.38,202.0,209.5,215.5,143.75,22.12,22.25
Brick_0cm_S1,2026-04-02T16:36:55.776604,13,26,124,154,169,75,266,270,274,191,32,40,12,26,131,159,172,78,262,267,272,181,32,34,9,20,104,132,142,63,223,236,243,158,25,26,13,27,123,156,166,75,260,271,279,189,34,35,5,16,91,112,121,53,185,196,202,132,17,14,3,9,52,65,67,29,107,109,114,75,8,6,4,11,69,94,94,39,146,153,156,103,12,8,5,13,78,101,107,47,167,173,184,121,17,15,8.0,18.5,96.5,121.62,129.75,57.38,202.0,209.38,215.5,143.75,22.12,22.25
Brick_0cm_S1,2026-04-02T16:36:55.864928,13,26,124,154,169,75,266,270,274,191,32,40,13,26,130,159,172,77,262,267,272,181,31,34,9,20,104,132,142,63,223,236,243,158,25,26,12,27,123,156,166,75,260,271,279,190,34,35,5,16,91,112,121,53,185,196,202,132,17,13,3,9,52,65,67,29,107,109,114,75,8,6,4,11,69,94,94,39,146,153,157,103,12,8,5,13,78,101,107,47,167,173,184,121,17,15,8.0,18.5,96.38,121.62,129.75,57.25,202.0,209.38,215.62,143.88,22.0,22.12
Brick_0cm_S1,2026-04-02T16:36:55.951910,13,26,124,154,169,75,266,270,274,191,32,40,13,26,130,159,172,77,262,267,272,181,31,34,9,20,104,132,142,63,223,236,243,158,25,26,12,27,123,156,166,75,260,271,279,190,34,35,5,16,91,112,121,53,185,196,202,132,17,13,3,9,52,65,67,29,107,109,114,75,8,6,4,11,69,94,94,39,146,153,157,103,12,8,5,13,78,101,107,47,167,173,184,121,17,15,8.0,18.5,96.38,121.62,129.75,57.25,202.0,209.38,215.62,143.88,22.0,22.12
Brick_0cm_S1,2026-04-02T16:36:56.052019,12,26,123,155,170,75,266,271,274,191,32,40,13,26,130,159,172,77,262,267,272,181,31,34,9,20,104,132,142,63,223,236,243,157,25,26,13,27,123,156,166,75,260,271,279,189,34,35,6,16,91,112,121,53,185,196,202,132,17,13,3,9,52,65,67,29,107,108,114,75,9,6,4,11,69,93,93,39,146,153,156,103,12,8,5,13,79,101,107,47,167,173,184,121,17,15,8.12,18.5,96.38,121.62,129.75,57.25,202.0,209.38,215.5,143.62,22.12,22.12
Brick_0cm_S1,2026-04-02T16:36:56.142077,12,26,123,155,169,75,266,271,273,190,32,40,13,26,130,159,172,77,262,266,272,181,32,34,9,20,104,132,142,63,223,236,243,157,25,26,13,27,123,156,166,75,260,271,278,190,34,35,6,16,91,112,121,53,185,196,202,132,17,13,3,9,52,65,67,29,107,108,114,75,9,6,4,11,69,93,93,39,146,153,156,103,12,8,5,13,79,101,107,47,167,173,184,121,17,15,8.12,18.5,96.38,121.62,129.62,57.25,202.0,209.25,215.25,143.62,22.25,22.12
Brick_0cm_S1,2026-04-02T16:36:56.245641,12,26,123,155,169,75,266,271,273,190,32,40,13,26,130,159,172,77,262,266,272,181,32,34,9,20,104,132,142,63,223,236,243,157,25,26,13,27,123,156,166,75,260,271,278,190,34,35,5,16,91,112,121,53,185,196,202,132,17,14,3,9,52,65,67,29,107,109,114,75,8,6,4,11,69,94,94,39,146,153,157,103,12,8,5,13,78,101,107,47,167,173,184,121,16,15,8.0,18.5,96.25,121.75,129.75,57.25,202.0,209.38,215.38,143.62,22.0,22.25
Brick_0cm_S1,2026-04-02T16:36:56.335768,12,26,123,154,170,75,266,271,273,191,32,40,13,26,130,159,172,78,262,267,272,181,31,34,9,20,105,132,142,63,223,235,243,158,25,26,13,27,123,156,166,75,259,271,279,189,34,35,6,16,91,112,121,53,185,196,202,132,17,14,3,9,52,65,67,29,107,109,114,75,8,6,4,11,69,94,94,39,146,153,157,103,12,8,5,13,78,101,107,47,167,173,184,121,16,15,8.12,18.5,96.38,121.62,129.88,57.38,201.88,209.38,215.5,143.75,21.88,22.25
Brick_0cm_S1,2026-04-02T16:36:56.440044,12,26,123,154,169,75,266,270,273,190,32,40,13,26,130,159,172,78,262,267,272,181,31,34,9,20,105,132,142,63,223,235,243,158,25,26,13,27,123,156,166,75,259,271,279,189,34,35,6,16,91,112,121,53,185,196,202,132,17,14,3,9,52,65,67,29,107,109,114,75,8,6,4,11,69,94,94,39,146,153,157,103,12,8,5,13,78,101,107,47,167,173,185,121,17,15,8.12,18.5,96.38,121.62,129.75,57.38,201.88,209.25,215.62,143.62,22.0,22.25
Brick_0cm_S1,2026-04-02T16:36:56.537746,12,26,123,154,169,75,266,270,273,190,32,40,12,26,131,159,172,78,262,266,272,181,32,34,9,20,105,132,142,63,223,236,243,156,25,26,13,27,123,156,166,75,260,271,279,189,34,35,6,16,91,112,121,53,185,196,202,132,17,14,3,9,52,65,67,29,107,109,114,75,8,6,4,11,69,94,94,39,146,153,157,103,12,8,5,13,78,101,107,47,167,173,185,121,17,15,8.0,18.5,96.5,121.62,129.75,57.38,202.0,209.25,215.62,143.38,22.12,22.25
Brick_0cm_S1,2026-04-02T16:36:56.628665,12,26,123,154,169,75,266,270,273,190,32,40,12,26,131,159,172,78,262,266,272,181,32,34,9,20,105,132,142,63,223,236,243,156,25,26,13,27,123,156,166,75,260,271,279,189,34,35,6,16,91,112,121,53,185,196,202,132,17,14,3,9,52,65,67,29,107,109,114,75,8,6,4,11,69,94,94,39,146,153,157,103,12,8,5,13,78,101,107,47,167,173,185,121,17,15,8.0,18.5,96.5,121.62,129.75,57.38,202.0,209.25,215.62,143.38,22.12,22.25
Brick_0cm_S1,2026-04-02T16:36:56.713447,12,26,123,155,170,76,266,270,273,190,32,40,12,26,131,159,172,78,262,267,272,181,31,34,9,20,105,132,142,63,223,236,243,156,25,26,13,27,123,156,166,75,260,271,279,189,34,35,5,16,91,112,121,53,185,196,202,132,17,14,3,9,52,65,67,29,107,109,114,75,9,6,4,11,69,94,94,39,146,153,157,103,12,8,5,13,78,101,107,47,167,173,184,121,17,15,7.88,18.5,96.5,121.75,129.88,57.5,202.0,209.38,215.5,143.38,22.12,22.25
Brick_0cm_S1,2026-04-02T16:36:56.809559,12,26,123,155,169,75,266,270,273,191,32,40,13,26,130,159,172,78,262,266,271,181,32,34,9,20,104,132,142,63,223,236,243,157,25,26,13,27,123,156,166,75,260,271,279,189,34,35,5,16,91,112,121,53,185,196,202,132,17,14,3,9,52,65,67,29,107,109,114,75,9,6,4,11,69,94,94,39,146,153,157,102,12,8,5,13,78,101,107,47,167,173,184,121,17,15,8.0,18.5,96.25,121.75,129.75,57.38,202.0,209.25,215.38,143.5,22.25,22.25
Brick_0cm_S1,2026-04-02T16:36:56.908226,12,26,123,155,169,75,266,270,273,191,32,40,13,26,130,159,172,78,262,266,271,181,32,34,9,20,104,132,142,63,223,236,243,157,25,26,12,27,123,156,166,75,259,271,279,189,34,35,6,16,91,112,121,53,185,196,202,132,17,14,3,9,52,65,67,29,107,109,114,75,9,6,4,11,69,94,94,39,147,153,157,103,12,8,5,13,78,101,107,47,167,173,184,121,17,15,8.0,18.5,96.25,121.75,129.75,57.38,202.0,209.25,215.38,143.62,22.25,22.25
Brick_0cm_S1,2026-04-02T16:36:56.985912,12,26,123,155,169,75,266,270,273,191,32,40,13,26,130,159,172,78,262,266,271,181,32,34,9,20,104,132,142,63,223,236,243,157,25,26,12,27,123,156,166,75,259,271,279,189,34,35,6,16,91,112,121,53,185,196,202,132,17,14,3,9,52,65,67,29,107,109,114,75,9,6,4,11,69,94,94,39,147,153,157,103,12,8,5,13,78,101,107,47,167,173,184,121,17,15,8.0,18.5,96.25,121.75,129.75,57.38,202.0,209.25,215.38,143.62,22.25,22.25
Brick_0cm_S1,2026-04-02T16:36:57.069072,12,26,123,155,169,75,266,270,273,191,32,40,13,26,130,159,172,78,262,266,271,181,32,34,9,20,104,132,142,63,223,236,243,157,25,26,12,27,123,156,166,75,259,271,279,189,34,35,6,16,91,112,121,53,185,196,202,132,17,14,3,9,52,65,67,29,107,109,114,75,9,6,4,11,69,94,94,39,147,153,157,103,12,8,5,13,78,101,107,47,167,173,184,121,17,15,8.0,18.5,96.25,121.75,129.75,57.38,202.0,209.25,215.38,143.62,22.25,22.25
Brick_0cm_S1,2026-04-02T16:36:57.157357,12,26,123,154,169,75,266,271,273,190,32,39,12,26,131,159,172,77,262,267,271,181,31,34,9,20,104,132,142,63,223,236,243,158,25,26,12,27,123,156,166,75,259,271,278,189,34,35,6,16,91,112,121,53,185,196,202,132,17,14,3,9,52,65,67,29,107,109,114,75,9,6,4,11,69,94,94,39,147,153,157,103,12,8,5,13,78,101,107,47,167,173,184,121,17,15,7.88,18.5,96.38,121.62,129.75,57.25,202.0,209.5,215.25,143.62,22.12,22.12
Brick_0cm_S1,2026-04-02T16:36:57.253555,12,26,123,154,169,75,266,271,273,190,32,39,12,26,131,159,172,77,262,267,271,181,31,34,9,20,104,132,142,63,223,236,243,158,25,26,12,27,123,156,166,75,259,271,278,189,34,35,6,16,91,112,121,53,185,196,202,132,17,14,3,9,52,65,67,29,107,109,114,75,9,6,4,11,69,94,94,39,147,153,157,103,12,8,5,13,78,101,107,47,167,173,184,121,17,15,7.88,18.5,96.38,121.62,129.75,57.25,202.0,209.5,215.25,143.62,22.12,22.12
Brick_0cm_S1,2026-04-02T16:36:57.336195,12,25,123,155,169,75,266,270,273,190,32,39,13,26,130,159,172,77,261,266,272,181,31,34,9,20,104,132,142,63,223,235,243,157,25,26,12,27,123,156,166,75,259,271,278,189,34,35,5,16,91,112,121,53,185,196,202,132,17,14,3,9,52,65,67,29,107,109,114,75,8,6,4,11,69,94,94,39,146,153,156,103,12,8,5,13,78,101,107,47,167,173,184,121,17,15,7.88,18.38,96.25,121.75,129.75,57.25,201.75,209.12,215.25,143.5,22.0,22.12
Brick_0cm_S1,2026-04-02T16:36:57.444453,12,26,123,154,169,75,266,270,273,190,32,39,13,26,130,159,172,77,261,266,272,181,31,34,9,20,104,132,142,63,223,235,243,157,25,26,12,27,123,156,166,75,259,271,278,189,34,35,5,16,91,112,121,53,185,196,202,132,17,14,3,9,52,65,67,29,107,109,114,75,8,6,4,11,69,94,94,39,146,153,157,103,12,8,5,13,78,101,107,47,167,173,184,121,16,15,7.88,18.5,96.25,121.62,129.75,57.25,201.75,209.12,215.38,143.5,21.88,22.12
Brick_0cm_S1,2026-04-02T16:36:57.536475,12,26,123,154,169,75,266,270,273,190,32,39,13,26,130,159,172,77,261,266,271,181,32,34,9,20,104,132,142,63,223,235,243,157,25,26,12,27,123,156,166,75,259,271,278,189,34,35,5,16,91,112,121,53,185,196,202,132,17,14,3,9,52,65,67,29,107,109,114,75,8,6,4,11,69,94,94,39,146,153,157,103,12,8,5,13,78,101,107,47,167,173,184,121,16,15,7.88,18.5,96.25,121.62,129.75,57.25,201.75,209.12,215.25,143.5,22.0,22.12
Brick_0cm_S1,2026-04-02T16:36:57.619508,12,26,123,154,169,75,266,270,273,190,32,39,13,26,130,159,172,77,261,266,271,181,32,34,9,20,104,132,142,63,223,235,243,157,25,26,12,27,123,156,166,75,259,271,278,189,34,35,5,16,91,112,121,53,185,196,202,132,17,14,3,9,52,65,67,29,107,109,114,75,8,6,4,11,69,94,94,39,146,153,157,103,12,8,5,13,78,101,107,47,167,173,184,121,16,15,7.88,18.5,96.25,121.62,129.75,57.25,201.75,209.12,215.25,143.5,22.0,22.12
Brick_0cm_S1,2026-04-02T16:36:57.709938,12,26,123,154,169,75,266,270,273,190,32,39,13,26,130,159,172,77,261,266,271,181,32,34,9,20,104,132,142,63,223,235,243,157,25,26,12,27,123,156,166,75,259,271,278,189,34,35,5,16,91,112,121,53,185,196,202,132,17,14,3,9,52,65,67,29,107,109,114,75,8,6,4,11,69,94,94,39,147,153,157,103,12,8,5,13,78,101,107,47,167,173,184,121,16,15,7.88,18.5,96.25,121.62,129.75,57.25,201.88,209.12,215.25,143.5,22.0,22.12
Brick_0cm_S1,2026-04-02T16:36:57.785915,12,26,123,154,169,75,266,270,273,190,32,39,13,26,130,159,172,77,261,266,271,181,32,34,9,20,104,132,142,63,223,235,243,157,25,26,12,27,123,156,166,75,259,271,278,189,34,35,5,16,91,112,121,53,185,196,202,132,17,14,3,9,52,65,67,29,107,109,114,75,8,6,4,11,69,94,94,39,147,153,157,103,12,8,5,13,78,101,107,47,167,173,184,121,16,15,7.88,18.5,96.25,121.62,129.75,57.25,201.88,209.12,215.25,143.5,22.0,22.12
Brick_0cm_S1,2026-04-02T16:36:57.873344,12,25,123,154,169,75,265,270,273,190,32,39,12,26,131,159,172,77,261,267,272,180,31,34,9,20,104,132,142,63,223,235,243,157,25,26,12,27,123,156,166,75,259,270,278,189,34,35,6,16,91,112,121,53,185,196,202,132,17,14,3,9,52,65,67,29,107,109,114,75,8,6,4,11,69,94,94,39,147,153,157,103,12,8,5,13,78,101,107,47,167,173,184,121,16,15,7.88,18.38,96.38,121.62,129.75,57.25,201.75,209.12,215.38,143.38,21.88,22.12
Brick_0cm_S1,2026-04-02T16:36:57.970191,12,25,123,154,169,75,266,270,273,190,32,39,13,26,131,159,172,78,261,266,271,180,31,34,9,20,104,132,142,63,222,235,243,157,25,26,12,27,123,156,166,75,259,270,278,189,34,35,6,16,91,112,121,53,185,196,202,132,17,14,3,9,52,65,67,29,106,108,114,75,9,6,4,11,69,94,94,39,147,153,156,103,12,8,5,13,78,101,107,47,167,173,184,121,17,15,8.0,18.38,96.38,121.62,129.75,57.38,201.62,208.88,215.12,143.38,22.12,22.12
Brick_0cm_S1,2026-04-02T16:36:58.063769,12,25,123,154,169,75,266,270,273,190,32,39,13,26,131,159,172,78,261,266,271,180,31,34,9,20,104,132,142,63,222,235,243,157,25,26,12,27,123,156,166,75,259,271,278,189,34,35,6,16,91,112,121,53,185,196,202,132,17,14,3,9,52,65,67,29,106,108,114,75,9,6,4,11,69,94,94,39,147,153,156,103,12,8,5,13,78,101,107,47,167,173,184,121,17,15,8.0,18.38,96.38,121.62,129.75,57.38,201.62,209.0,215.12,143.38,22.12,22.12
Brick_0cm_S1,2026-04-02T16:36:58.143335,12,25,123,154,169,75,266,270,273,190,32,39,13,26,131,159,172,78,261,266,271,180,31,34,9,20,104,132,142,63,222,235,243,157,25,26,12,27,123,156,166,75,259,271,278,189,34,35,6,16,91,112,121,53,185,196,202,132,17,14,3,9,52,65,67,29,107,109,114,75,8,6,4,11,69,94,94,39,147,153,157,103,12,8,5,13,78,101,107,47,167,173,184,121,17,15,8.0,18.38,96.38,121.62,129.75,57.38,201.75,209.12,215.25,143.38,22.0,22.12
Brick_0cm_S1,2026-04-02T16:36:58.236271,12,25,123,154,169,75,266,270,273,190,32,39,13,26,131,159,172,78,261,266,271,180,31,34,9,20,104,132,142,63,223,235,243,158,25,26,12,27,123,156,166,75,259,270,279,189,34,35,6,16,91,112,121,53,185,196,202,132,17,14,3,9,52,65,67,29,107,109,114,75,8,6,4,11,69,94,94,39,146,153,156,103,12,8,5,13,78,101,107,47,167,173,184,121,16,15,8.0,18.38,96.38,121.62,129.75,57.38,201.75,209.0,215.25,143.5,21.88,22.12
Brick_0cm_S1,2026-04-02T16:36:58.317811,12,26,123,154,169,75,265,270,273,190,32,39,12,26,130,159,172,77,261,267,272,181,31,34,9,20,104,132,142,63,223,235,243,157,25,26,12,27,123,156,166,75,259,271,278,189,34,35,6,16,91,112,121,53,185,196,202,132,17,14,3,9,52,65,67,29,107,109,114,75,8,6,4,11,69,94,94,39,146,153,156,103,12,8,5,13,78,101,107,47,167,173,184,121,16,15,7.88,18.5,96.25,121.62,129.75,57.25,201.62,209.25,215.25,143.5,21.88,22.12
Brick_0cm_S1,2026-04-02T16:36:58.422232,12,26,123,154,169,75,265,270,273,190,32,39,12,26,130,159,172,77,261,267,272,181,31,34,9,20,104,132,142,63,223,235,243,157,25,26,12,27,123,156,166,75,259,271,278,189,34,35,6,16,91,112,121,53,185,196,202,132,18,14,3,9,52,65,67,29,107,109,114,75,9,6,4,11,69,94,94,39,147,153,157,103,12,8,5,13,78,101,107,47,167,173,184,121,17,15,7.88,18.5,96.25,121.62,129.75,57.25,201.75,209.25,215.38,143.5,22.25,22.12
Brick_0cm_S1,2026-04-02T16:36:58.512539,12,26,123,154,169,75,266,270,272,190,32,39,12,26,130,159,172,77,262,266,272,180,31,34,9,20,104,132,142,63,223,236,243,157,25,26,12,27,123,156,166,75,259,270,278,189,34,35,5,16,91,112,121,53,185,196,203,132,17,14,3,9,52,65,67,29,107,109,114,75,9,6,4,11,69,94,94,39,147,153,157,103,12,8,5,13,78,101,107,47,167,173,184,121,17,15,7.75,18.5,96.25,121.62,129.75,57.25,202.0,209.12,215.38,143.38,22.12,22.12
Brick_0cm_S1,2026-04-02T16:36:58.601868,12,26,123,154,169,75,266,270,272,190,32,39,12,26,130,159,172,77,262,266,272,180,31,34,9,20,104,132,142,63,223,236,243,157,25,26,12,27,123,156,166,75,259,270,278,189,34,35,5,16,91,112,121,53,185,196,203,132,17,14,3,9,52,65,67,29,107,109,114,75,9,6,4,11,69,94,94,39,147,153,157,103,12,8,5,13,78,101,107,47,167,173,184,121,16,15,7.75,18.5,96.25,121.62,129.75,57.25,202.0,209.12,215.38,143.38,22.0,22.12
Brick_0cm_S1,2026-04-02T16:36:58.685831,12,26,123,154,169,75,266,270,272,190,32,39,12,26,130,159,172,77,262,266,272,180,31,34,9,20,104,132,142,63,223,236,243,157,25,26,12,27,123,156,166,75,259,270,278,189,34,35,5,16,91,112,121,53,185,196,203,132,17,14,3,9,52,65,67,29,107,109,114,75,9,6,4,11,69,94,94,39,147,153,157,103,12,8,5,13,78,101,107,47,167,173,184,121,16,15,7.75,18.5,96.25,121.62,129.75,57.25,202.0,209.12,215.38,143.38,22.0,22.12
Brick_0cm_S1,2026-04-02T16:36:58.760044,12,25,123,154,169,75,265,270,273,189,32,39,12,26,130,159,172,77,262,266,272,180,31,34,9,20,104,132,142,63,223,236,243,157,25,26,12,27,123,156,166,75,259,270,278,189,34,35,5,16,91,112,121,53,185,196,203,132,17,14,3,9,52,65,67,29,107,109,114,75,9,6,4,11,69,94,94,39,147,153,157,103,12,8,5,13,78,101,107,47,167,173,184,121,16,15,7.75,18.38,96.25,121.62,129.75,57.25,201.88,209.12,215.5,143.25,22.0,22.12
Brick_0cm_S1,2026-04-02T16:36:58.873137,12,25,123,154,169,75,266,270,273,189,32,39,12,26,130,159,171,77,261,267,271,180,31,34,9,20,104,132,142,63,223,235,243,157,25,26,12,27,123,156,166,75,260,271,278,189,34,35,5,16,91,112,121,53,185,196,202,132,17,14,3,9,52,65,67,29,107,109,114,75,9,6,4,11,69,94,94,39,146,153,157,103,12,8,5,13,78,101,107,47,167,173,184,121,16,15,7.75,18.38,96.25,121.62,129.62,57.25,201.88,209.25,215.25,143.25,22.0,22.12
Brick_0cm_S1,2026-04-02T16:36:58.963701,12,26,123,154,169,75,265,270,273,189,32,39,12,26,130,159,172,77,261,266,271,181,31,33,9,20,104,132,142,63,223,235,243,157,25,26,12,27,123,156,166,75,260,271,278,189,34,35,5,16,91,112,121,53,185,196,202,132,17,14,3,9,52,65,67,29,107,109,114,75,9,6,4,11,69,94,94,39,146,153,156,103,12,8,5,13,78,101,107,47,167,173,184,121,16,15,7.75,18.5,96.25,121.62,129.75,57.25,201.75,209.12,215.12,143.38,22.0,22.0
Brick_0cm_S1,2026-04-02T16:36:59.045314,12,26,123,154,169,75,265,270,273,189,32,39,12,26,130,159,172,77,261,266,271,181,31,33,9,20,104,132,142,63,223,235,243,157,25,26,12,27,123,156,166,75,259,271,278,189,34,35,5,16,91,112,121,53,185,196,202,132,17,14,3,9,52,65,67,29,107,109,114,76,9,6,4,11,69,94,94,39,146,153,156,103,12,8,5,13,78,101,107,47,167,173,184,121,16,15,7.75,18.5,96.25,121.62,129.75,57.25,201.62,209.12,215.12,143.5,22.0,22.0
Brick_0cm_S1,2026-04-02T16:36:59.136610,12,26,123,154,169,75,265,270,273,189,32,39,12,26,130,159,172,77,261,266,271,181,31,33,9,20,104,132,142,63,223,235,243,157,25,26,12,27,123,156,166,75,259,271,278,189,34,35,5,16,91,112,121,53,185,196,202,132,17,14,3,9,52,65,67,29,107,109,114,76,9,6,4,11,69,94,94,39,146,153,156,103,12,8,5,13,78,101,107,47,167,173,184,121,16,15,7.75,18.5,96.25,121.62,129.75,57.25,201.62,209.12,215.12,143.5,22.0,22.0
Brick_0cm_S1,2026-04-02T16:36:59.220100,12,26,123,154,169,75,265,270,273,189,32,39,12,26,130,159,172,77,261,266,271,181,31,33,9,20,104,132,142,63,223,235,243,157,25,26,12,27,123,156,166,75,259,271,278,189,34,35,5,16,91,112,121,53,185,196,202,132,17,14,3,9,52,65,67,29,107,109,114,76,9,6,4,11,69,94,94,39,146,153,156,103,12,8,5,13,78,101,107,47,167,173,184,121,16,15,7.75,18.5,96.25,121.62,129.75,57.25,201.62,209.12,215.12,143.5,22.0,22.0
Brick_0cm_S1,2026-04-02T16:36:59.300195,12,26,123,154,169,75,266,270,273,190,32,39,13,26,130,159,172,77,261,266,271,181,31,34,9,20,104,132,142,63,223,234,243,158,25,26,12,27,123,156,166,75,259,271,278,189,34,35,5,16,91,113,121,53,185,196,203,132,17,14,3,9,52,65,67,29,107,109,114,75,8,6,4,11,69,94,94,39,146,153,156,103,12,8,5,13,78,101,107,47,167,173,184,121,17,15,7.88,18.5,96.25,121.75,129.75,57.25,201.75,209.0,215.25,143.62,22.0,22.12
Brick_0cm_S1,2026-04-02T16:36:59.386174,12,26,123,154,169,75,266,270,273,190,32,39,13,26,130,159,172,77,261,266,271,181,31,34,9,20,104,132,142,63,223,234,243,158,25,26,12,27,123,156,166,75,259,271,278,189,34,35,5,16,91,112,121,53,185,196,202,132,17,14,3,9,52,65,67,29,107,108,114,75,8,6,4,11,69,94,93,39,146,153,157,103,12,8,5,13,78,101,107,47,167,173,184,121,16,15,7.88,18.5,96.25,121.62,129.62,57.25,201.75,208.88,215.25,143.62,21.88,22.12
Brick_0cm_S1,2026-04-02T16:36:59.477803,12,26,123,154,169,76,266,270,273,190,32,40,13,26,130,159,172,77,261,266,271,181,31,34,9,20,104,132,142,63,223,235,242,158,25,26,12,27,123,156,166,75,259,271,278,189,34,35,5,16,91,112,121,53,185,196,202,132,17,14,3,9,52,65,67,29,107,108,114,75,8,6,4,11,69,94,93,39,146,153,157,103,12,8,5,13,78,101,107,47,167,173,184,121,16,15,7.88,18.5,96.25,121.62,129.62,57.38,201.75,209.0,215.12,143.62,21.88,22.25
Brick_0cm_S1,2026-04-02T16:36:59.552263,12,26,123,154,169,76,266,270,273,190,32,40,13,26,130,159,172,77,261,266,271,181,31,34,9,20,104,132,142,63,223,235,242,158,25,26,13,27,123,156,165,75,259,271,278,189,34,35,5,16,91,112,121,53,185,196,202,132,17,14,3,9,52,65,67,29,107,108,114,75,8,6,4,11,69,94,93,39,146,153,157,103,12,8,5,13,78,101,107,47,167,173,184,121,16,15,8.0,18.5,96.25,121.62,129.5,57.38,201.75,209.0,215.12,143.62,21.88,22.25
Brick_0cm_S1,2026-04-02T16:36:59.653326,12,26,123,154,169,76,266,270,273,190,32,40,13,26,130,159,172,77,261,266,271,181,31,34,9,20,104,132,142,63,223,235,242,158,25,26,13,27,123,156,165,75,259,271,278,189,34,35,5,16,91,112,121,53,185,196,202,132,17,14,3,9,52,65,67,29,107,108,114,75,8,6,4,11,69,94,93,39,146,153,157,103,12,8,5,13,78,101,107,47,167,173,184,121,16,15,8.0,18.5,96.25,121.62,129.5,57.38,201.75,209.0,215.12,143.62,21.88,22.25
Brick_0cm_S1,2026-04-02T16:36:59.735716,12,26,123,154,169,76,266,270,273,190,32,40,13,26,130,159,172,77,261,266,271,181,31,34,9,20,104,132,142,63,223,235,242,158,25,26,13,27,123,156,165,75,259,271,278,189,34,35,5,16,91,112,121,53,185,196,202,132,17,14,3,9,52,65,67,29,107,108,114,75,8,6,4,11,69,94,93,39,146,153,157,103,12,8,5,13,78,101,107,47,167,173,184,121,16,15,8.0,18.5,96.25,121.62,129.5,57.38,201.75,209.0,215.12,143.62,21.88,22.25
Brick_0cm_S1,2026-04-02T16:36:59.823590,12,26,123,155,169,75,266,271,273,190,32,40,12,26,130,159,172,77,261,266,271,181,31,34,9,20,104,132,142,63,223,236,242,157,25,26,12,27,123,156,166,75,259,270,278,189,34,35,5,16,91,112,121,53,185,196,202,132,17,13,3,9,52,65,67,29,107,109,114,75,9,6,4,11,69,94,94,39,146,153,157,103,12,8,5,13,78,101,107,47,167,173,184,121,17,15,7.75,18.5,96.25,121.75,129.75,57.25,201.75,209.25,215.12,143.5,22.12,22.12
Brick_0cm_S1,2026-04-02T16:36:59.918744,12,26,123,155,169,75,266,271,273,190,32,40,12,26,130,159,172,77,261,266,271,181,31,34,9,20,104,132,142,63,223,236,242,157,25,26,12,27,123,156,166,75,259,270,278,189,34,35,5,16,91,112,121,53,185,196,203,132,17,14,3,9,52,65,67,29,107,109,114,75,9,6,4,11,69,94,94,39,146,153,157,103,12,8,5,13,78,101,107,47,167,173,184,121,16,15,7.75,18.5,96.25,121.75,129.75,57.25,201.75,209.25,215.25,143.5,22.0,22.25
Brick_0cm_S1,2026-04-02T16:37:00.015475,12,26,123,155,169,75,266,270,273,191,32,40,13,26,130,159,172,77,261,266,271,181,31,33,9,20,104,132,142,63,223,236,242,157,25,26,12,27,123,156,166,75,259,270,278,189,34,35,5,16,91,112,121,53,185,196,203,132,17,14,3,9,52,65,67,29,107,109,114,75,9,6,4,11,69,94,94,39,146,153,157,103,12,8,5,13,78,101,107,47,167,173,184,121,16,15,7.88,18.5,96.25,121.75,129.75,57.25,201.75,209.12,215.25,143.62,22.0,22.12
Brick_0cm_S1,2026-04-02T16:37:00.116930,12,26,123,155,169,75,266,270,273,191,32,40,13,26,130,159,172,77,261,266,271,181,31,33,9,20,104,132,142,63,223,236,242,157,25,26,12,27,123,156,166,75,259,270,278,189,34,35,5,16,91,112,121,53,185,196,203,132,17,14,3,9,52,65,67,29,107,109,114,75,9,6,4,11,69,94,94,39,146,153,157,103,12,8,5,13,78,101,107,47,167,173,184,121,16,15,7.88,18.5,96.25,121.75,129.75,57.25,201.75,209.12,215.25,143.62,22.0,22.12
Brick_0cm_S1,2026-04-02T16:37:00.200961,12,26,123,155,169,75,266,270,273,191,32,40,13,26,130,159,172,77,261,266,271,181,31,33,9,20,104,132,142,63,223,236,242,157,25,26,12,27,123,156,165,75,259,271,278,189,34,35,6,16,91,112,121,53,185,196,202,132,17,13,3,9,52,65,67,29,107,109,114,75,9,6,4,11,69,94,94,39,146,153,156,103,12,8,5,13,78,101,107,47,167,173,184,121,16,15,8.0,18.5,96.25,121.75,129.62,57.25,201.75,209.25,215.0,143.62,22.0,22.0
Brick_0cm_S1,2026-04-02T16:37:00.297196,12,26,123,154,169,75,266,270,273,190,32,40,13,26,130,159,172,78,261,266,271,181,31,34,9,20,104,132,142,63,223,236,243,158,25,26,12,27,123,156,165,75,259,271,278,189,34,35,6,16,91,112,121,53,185,196,202,132,17,13,3,9,52,65,67,29,107,109,114,75,8,6,4,11,69,93,94,39,146,153,156,103,12,8,5,14,78,101,107,47,167,173,184,121,17,15,8.0,18.62,96.25,121.5,129.62,57.38,201.75,209.25,215.12,143.62,22.0,22.12
Brick_0cm_S1,2026-04-02T16:37:00.396352,12,26,123,154,169,75,266,270,273,190,32,40,13,26,130,159,172,78,261,266,271,181,31,34,9,20,104,132,142,63,223,236,243,158,25,26,12,27,123,156,165,75,259,271,278,189,34,35,5,16,91,112,121,53,185,196,202,132,17,13,3,9,52,65,67,29,107,109,114,75,9,6,4,11,69,94,94,39,147,153,157,103,12,8,5,13,78,101,107,47,167,173,184,121,17,15,7.88,18.5,96.25,121.62,129.62,57.38,201.88,209.25,215.25,143.62,22.12,22.12
Brick_0cm_S1,2026-04-02T16:37:00.511128,12,26,123,155,170,75,265,270,273,190,32,40,12,26,130,159,171,77,261,266,271,180,31,34,9,20,104,131,142,63,223,235,242,158,25,26,12,27,123,156,165,75,259,271,278,189,34,35,5,16,91,112,121,53,185,196,202,132,17,14,3,9,52,65,67,29,107,109,114,75,9,6,4,11,69,94,94,39,147,153,157,103,12,8,5,13,78,101,107,47,167,173,184,121,17,15,7.75,18.5,96.25,121.62,129.62,57.25,201.75,209.12,215.12,143.5,22.12,22.25
Brick_0cm_S1,2026-04-02T16:37:00.602310,12,26,123,155,170,75,265,270,273,190,32,40,12,26,130,159,171,77,261,266,271,180,31,34,9,20,104,131,142,63,223,235,242,158,25,26,12,27,123,156,165,75,259,271,278,189,34,35,5,16,91,112,121,53,185,196,202,132,17,14,3,9,52,65,67,29,107,109,114,75,8,6,4,11,69,94,94,39,147,153,157,103,12,8,5,13,78,101,107,47,167,173,184,121,17,15,7.75,18.5,96.25,121.62,129.62,57.25,201.75,209.12,215.12,143.5,22.0,22.25
Brick_0cm_S1,2026-04-02T16:37:00.697257,12,26,123,155,170,75,265,270,273,190,32,40,12,26,130,159,171,77,261,266,271,180,31,34,9,20,104,131,142,63,223,235,242,158,25,26,12,27,123,156,165,75,259,271,278,189,34,35,5,16,91,112,121,53,185,196,202,132,17,14,3,9,52,65,67,29,107,109,114,75,8,6,4,11,69,94,94,39,147,153,157,103,12,8,5,13,78,101,107,47,167,173,184,121,17,15,7.75,18.5,96.25,121.62,129.62,57.25,201.75,209.12,215.12,143.5,22.0,22.25
Brick_0cm_S1,2026-04-02T16:37:00.796602,12,26,123,155,169,76,266,270,273,190,32,39,12,26,130,159,171,77,261,266,271,180,31,34,9,20,104,131,142,63,223,235,242,157,25,26,12,27,123,156,165,75,259,271,278,189,34,35,5,16,91,112,121,53,185,196,202,132,17,14,3,9,52,65,67,29,107,109,114,75,8,6,4,11,69,94,94,39,147,153,157,103,12,8,5,13,78,101,107,47,167,173,184,121,17,15,7.75,18.5,96.25,121.62,129.5,57.38,201.88,209.12,215.12,143.38,22.0,22.12
Brick_0cm_S1,2026-04-02T16:37:00.904221,12,26,123,154,169,75,266,270,273,190,32,40,12,26,130,159,172,77,261,266,271,180,31,34,9,20,104,131,142,63,223,235,242,157,25,26,13,27,123,156,165,75,259,271,278,189,34,35,5,16,91,112,121,53,185,196,202,132,18,14,3,9,52,65,67,29,107,109,114,75,8,6,4,11,69,94,94,39,146,153,157,103,12,8,5,14,78,101,107,47,167,173,184,121,17,15,7.88,18.62,96.25,121.5,129.62,57.25,201.75,209.12,215.12,143.38,22.12,22.25
Brick_0cm_S1,2026-04-02T16:37:01.045845,12,26,123,155,169,75,266,270,273,191,32,40,12,26,130,159,171,77,261,266,271,181,31,34,9,20,104,132,142,63,223,235,243,157,25,26,12,27,123,156,166,75,259,271,278,189,34,35,5,16,91,112,121,53,186,196,202,132,17,13,3,9,52,65,67,29,107,109,114,75,9,6,4,11,69,94,94,39,146,153,157,103,12,8,5,14,78,101,107,47,167,173,184,121,17,15,7.75,18.62,96.25,121.75,129.62,57.25,201.88,209.12,215.25,143.62,22.12,22.12
Brick_0cm_S1,2026-04-02T16:37:01.294164,12,26,123,155,169,75,266,270,273,191,32,40,12,26,130,159,171,77,261,266,271,181,31,34,9,20,104,132,142,63,223,235,243,157,25,26,12,27,123,156,166,75,259,271,278,189,34,35,5,16,91,112,121,53,186,196,202,132,17,13,3,9,52,65,67,29,107,109,114,75,9,6,4,11,69,94,94,39,146,153,157,103,12,8,5,14,78,101,107,47,167,173,184,121,17,15,7.75,18.62,96.25,121.75,129.62,57.25,201.88,209.12,215.25,143.62,22.12,22.12
Brick_0cm_S1,2026-04-02T16:37:01.822446,12,26,123,155,169,75,266,270,273,190,32,39,12,26,130,159,171,77,261,266,271,180,31,33,9,19,104,132,142,63,223,235,243,157,25,26,12,27,123,156,166,75,259,271,278,189,33,35,5,16,91,112,121,53,185,196,202,132,17,14,3,9,52,65,67,29,107,109,114,75,9,6,4,11,69,94,94,39,146,153,157,103,12,8,5,13,78,101,107,47,167,173,184,122,17,15,7.75,18.38,96.25,121.75,129.62,57.25,201.75,209.12,215.25,143.5,22.0,22.0
Brick_0cm_S1,2026-04-02T16:37:02.160927,12,25,123,155,169,75,265,270,273,190,32,39,12,26,130,159,171,77,261,266,271,180,31,33,9,20,104,131,142,63,222,235,242,157,25,26,12,27,123,156,166,75,259,270,278,189,33,35,6,16,91,112,121,53,185,196,203,132,17,14,3,9,52,65,67,29,107,109,114,75,9,6,4,11,69,93,94,39,146,153,157,103,12,8,5,13,79,101,107,47,167,173,184,121,17,15,7.88,18.38,96.38,121.5,129.62,57.25,201.5,209.0,215.25,143.38,22.0,22.0
Brick_0cm_S1,2026-04-02T16:37:02.344783,12,25,123,154,169,75,266,270,273,190,32,39,12,26,130,159,171,77,261,266,271,180,31,33,9,20,104,132,142,63,223,235,242,157,25,26,12,27,123,156,166,75,259,270,278,189,33,35,6,16,91,112,121,53,185,196,203,132,17,14,3,9,52,65,67,29,107,109,114,75,9,6,4,11,69,93,94,39,146,153,157,103,12,8,5,13,79,101,107,47,167,173,184,121,17,15,7.88,18.38,96.38,121.5,129.62,57.25,201.75,209.0,215.25,143.38,22.0,22.0
Brick_0cm_S1,2026-04-02T16:37:02.530100,12,26,123,155,169,75,266,270,273,190,32,39,12,26,130,159,171,77,261,266,271,180,31,34,9,20,104,131,142,63,222,235,242,157,25,26,12,27,123,156,166,75,259,270,278,189,33,35,5,16,91,112,121,53,185,196,202,132,17,14,3,9,52,65,67,29,107,109,114,75,8,6,4,11,68,94,94,39,146,153,156,103,12,8,5,13,78,101,107,47,167,172,184,121,16,15,7.75,18.5,96.12,121.62,129.62,57.25,201.62,208.88,215.0,143.38,21.75,22.12
Brick_0cm_S1,2026-04-02T16:37:02.722233,12,26,123,155,169,75,266,270,273,190,32,39,12,26,130,159,172,77,261,266,271,180,31,33,9,20,104,131,142,63,222,235,242,157,25,26,12,27,123,156,166,75,259,270,278,189,33,35,5,16,91,112,121,53,185,196,202,132,17,14,3,9,52,65,67,29,107,109,114,75,8,6,4,11,69,94,94,39,147,153,156,103,12,8,5,13,78,101,107,47,167,172,184,121,16,15,7.75,18.5,96.25,121.62,129.75,57.25,201.75,208.88,215.0,143.38,21.75,22.0
Brick_0cm_S1,2026-04-02T16:37:03.023459,12,26,123,155,169,75,266,271,273,190,32,40,12,26,130,159,172,77,261,266,271,180,31,34,9,20,104,132,142,63,223,235,242,157,25,26,12,27,123,156,165,75,259,271,278,189,34,35,6,16,91,112,121,53,185,196,202,132,17,14,3,9,52,65,67,29,107,108,114,75,9,6,4,11,69,94,94,39,146,153,156,103,12,8,5,13,78,101,107,47,167,173,184,121,17,15,7.88,18.5,96.25,121.75,129.62,57.25,201.75,209.12,215.0,143.38,22.12,22.25
Brick_0cm_S1,2026-04-02T16:37:03.277016,12,26,123,155,170,75,266,270,272,190,32,40,12,26,130,159,171,77,261,266,271,180,31,34,9,20,104,132,142,63,223,235,242,158,25,26,12,27,123,156,166,75,259,270,278,189,34,35,5,16,91,112,121,53,185,196,202,132,17,14,3,9,52,65,67,29,107,109,114,76,9,6,4,11,69,94,94,39,146,153,157,103,12,8,5,13,78,101,107,47,167,173,184,121,17,15,7.75,18.5,96.25,121.75,129.75,57.25,201.75,209.0,215.0,143.62,22.12,22.25
Brick_0cm_S1,2026-04-02T16:37:03.519178,12,26,123,154,169,75,266,270,273,190,32,40,12,26,130,159,172,77,261,266,271,180,31,34,9,20,104,131,142,63,223,235,242,158,25,26,12,27,123,156,165,75,258,270,278,188,34,35,5,16,91,112,121,53,185,196,202,132,17,14,3,9,52,65,67,29,107,109,114,75,8,6,4,11,69,94,94,39,146,153,157,103,12,8,5,13,78,101,107,47,167,173,184,121,17,15,7.75,18.5,96.25,121.5,129.62,57.25,201.62,209.0,215.12,143.38,22.0,22.25
Brick_0cm_S1,2026-04-02T16:37:03.704511,12,26,123,155,169,76,266,271,274,190,32,40,12,26,130,159,171,77,261,266,271,180,31,33,9,20,104,132,142,63,223,235,242,157,25,26,12,27,123,156,165,75,258,270,278,188,34,35,5,16,91,112,121,53,185,196,202,132,17,13,3,9,52,65,67,29,107,109,114,75,9,6,4,11,69,94,94,39,146,153,157,103,12,8,5,14,78,101,107,47,167,173,184,121,17,15,7.75,18.62,96.25,121.75,129.5,57.38,201.62,209.12,215.25,143.25,22.12,22.0
Brick_0cm_S1,2026-04-02T16:37:03.919401,12,26,123,155,170,76,266,270,273,190,32,40,12,26,130,158,171,77,261,266,271,180,31,33,9,19,104,131,142,63,223,235,243,157,25,26,13,27,123,156,165,75,259,270,278,189,34,35,5,16,91,112,121,53,185,196,202,132,17,13,3,9,52,65,67,29,107,108,114,75,8,6,4,11,69,94,94,39,146,153,157,103,12,8,5,13,78,101,107,47,167,173,184,121,16,15,7.88,18.38,96.25,121.5,129.62,57.38,201.75,208.88,215.25,143.38,21.88,22.0
Brick_0cm_S1,2026-04-02T16:37:04.105917,12,26,123,155,169,75,266,270,273,190,32,40,12,26,130,159,171,77,261,266,271,180,31,33,9,20,104,131,142,63,223,235,243,157,25,26,12,27,123,156,165,75,259,270,278,189,34,35,6,15,91,112,121,53,185,196,202,132,17,13,3,9,52,65,67,29,107,109,114,75,9,6,4,11,69,94,94,39,146,153,156,103,12,8,5,13,78,101,107,47,167,173,184,121,17,15,7.88,18.38,96.25,121.62,129.5,57.25,201.75,209.0,215.12,143.38,22.12,22.0
Brick_0cm_S1,2026-04-02T16:37:04.288193,12,26,123,155,169,75,266,270,273,190,32,39,12,26,130,159,171,77,261,266,271,180,31,33,9,20,104,132,142,63,222,235,243,158,25,26,12,27,123,156,165,75,259,270,278,189,33,35,6,16,91,112,121,53,185,196,202,132,18,14,3,9,52,65,67,29,107,109,114,75,8,6,4,11,69,94,94,39,146,153,156,103,12,8,5,13,78,101,107,47,167,173,184,121,17,15,7.88,18.5,96.25,121.75,129.5,57.25,201.62,209.0,215.12,143.5,22.0,22.0
Brick_0cm_S1,2026-04-02T16:37:04.468232,12,26,123,155,170,75,266,271,273,190,32,39,12,26,130,159,172,77,261,266,271,180,31,33,9,19,104,132,142,63,223,236,242,157,25,26,12,27,123,156,166,75,259,271,278,188,34,35,5,16,91,112,121,53,185,196,202,132,17,14,3,9,52,65,67,29,107,109,114,75,9,6,4,11,69,94,94,39,147,153,156,103,12,8,5,13,78,101,107,47,167,173,184,122,17,15,7.75,18.38,96.25,121.75,129.88,57.25,201.88,209.38,215.0,143.38,22.12,22.0
Brick_0cm_S1,2026-04-02T16:37:04.648450,12,26,123,155,170,75,266,271,273,190,32,39,12,26,130,159,172,77,261,266,271,180,31,33,9,20,104,132,142,63,222,235,242,157,25,26,12,27,123,156,165,75,259,271,278,189,34,35,5,16,91,112,121,53,185,196,202,132,17,14,3,9,52,65,67,29,107,109,114,75,9,6,4,11,69,94,94,39,146,153,157,103,12,8,5,13,78,101,107,47,167,173,184,121,16,15,7.75,18.5,96.25,121.75,129.75,57.25,201.62,209.25,215.12,143.38,22.0,22.0
Brick_0cm_S1,2026-04-02T16:37:04.822767,12,26,123,155,169,75,266,271,273,190,32,40,12,25,130,159,171,77,261,266,271,180,31,33,9,20,104,132,142,63,223,235,242,157,25,26,12,27,123,156,165,75,259,271,278,189,34,35,5,16,91,112,121,53,185,196,202,132,18,14,3,9,52,65,67,29,107,109,114,75,9,6,4,11,69,94,94,39,146,153,157,103,12,8,5,13,78,101,107,47,167,173,184,121,16,15,7.75,18.38,96.25,121.75,129.5,57.25,201.75,209.25,215.12,143.38,22.12,22.12
Brick_0cm_S1,2026-04-02T16:37:04.989477,12,26,123,154,169,75,266,270,273,190,32,39,12,26,130,159,171,77,261,266,271,180,31,33,9,20,104,131,142,63,222,235,242,157,25,26,12,27,123,155,165,75,259,270,278,188,34,35,5,16,91,112,121,53,185,196,203,132,17,14,3,9,52,65,67,29,107,109,114,75,9,6,4,11,69,94,94,39,146,153,156,103,12,8,5,13,79,101,107,47,167,173,184,121,16,15,7.75,18.5,96.38,121.38,129.5,57.25,201.62,209.0,215.12,143.25,22.0,22.0
Brick_0cm_S1,2026-04-02T16:37:05.166796,12,26,123,154,169,75,266,270,273,190,32,39,12,26,130,159,171,77,261,266,271,180,31,33,9,20,104,131,142,63,222,235,242,157,25,26,12,27,123,155,165,75,259,270,278,188,34,35,5,16,91,112,121,53,185,196,203,132,17,14,3,9,52,65,67,29,107,109,114,75,8,6,4,11,69,94,94,39,147,153,157,103,12,9,5,13,79,101,107,47,167,173,184,121,16,15,7.75,18.5,96.38,121.38,129.5,57.25,201.75,209.0,215.25,143.25,21.88,22.12
Brick_0cm_S1,2026-04-02T16:37:05.363023,12,26,123,154,169,75,266,270,273,190,32,39,12,26,130,159,171,77,261,266,271,180,31,33,9,20,104,131,142,63,222,235,242,157,25,26,12,27,123,155,165,75,259,270,278,188,34,35,5,16,91,112,121,53,185,196,203,132,17,14,3,9,52,65,67,29,107,109,114,75,8,6,4,11,69,94,94,39,147,153,157,103,12,9,5,13,79,101,107,47,167,173,184,121,16,15,7.75,18.5,96.38,121.38,129.5,57.25,201.75,209.0,215.25,143.25,21.88,22.12
Brick_0cm_S1,2026-04-02T16:37:05.527995,12,26,123,154,169,75,266,270,273,190,32,39,12,26,130,159,171,77,261,266,271,180,31,33,9,20,104,131,142,63,222,235,242,157,25,26,12,27,123,156,165,75,259,270,278,189,33,35,5,16,91,113,121,53,185,196,202,132,17,14,3,9,52,65,67,29,107,109,114,75,9,6,4,11,69,94,94,39,146,153,157,102,12,8,5,13,78,101,107,47,167,173,184,121,16,15,7.75,18.5,96.25,121.62,129.5,57.25,201.62,209.0,215.12,143.25,21.88,22.0
Brick_0cm_S1,2026-04-02T16:37:05.697417,12,26,123,155,170,75,266,270,273,190,32,39,12,26,130,159,171,77,261,266,271,180,31,33,9,20,104,131,142,63,222,235,242,157,25,26,12,27,123,156,165,75,259,270,278,189,34,34,6,16,91,112,121,53,185,196,202,132,17,14,3,9,52,65,67,29,107,109,114,75,9,6,4,11,69,94,94,39,146,153,157,103,12,8,5,13,78,101,107,47,167,173,184,121,16,15,7.88,18.5,96.25,121.62,129.62,57.25,201.62,209.0,215.12,143.38,22.0,21.88
Brick_0cm_S1,2026-04-02T16:37:05.870260,12,26,123,155,170,75,266,270,273,190,32,39,12,26,130,159,171,77,261,266,271,180,31,33,9,20,104,131,142,63,222,235,242,157,25,26,12,27,123,156,165,75,259,270,278,189,34,34,5,16,91,112,121,53,185,196,202,132,17,13,3,9,52,65,67,29,107,109,114,75,8,6,4,11,69,94,94,39,146,153,157,103,12,8,5,13,78,101,107,47,167,173,184,121,16,15,7.75,18.5,96.25,121.62,129.62,57.25,201.62,209.0,215.12,143.38,21.88,21.75
Brick_0cm_S1,2026-04-02T16:37:06.056453,12,26,123,154,169,75,265,270,273,190,32,39,12,26,130,159,171,77,261,266,271,180,31,33,9,20,104,131,142,63,223,235,242,156,25,26,12,27,123,156,165,75,259,270,278,188,33,35,5,16,91,112,121,53,185,196,202,132,17,14,3,9,52,65,67,29,107,109,114,76,9,6,4,11,69,94,94,39,147,153,157,103,12,8,5,13,78,101,107,47,167,173,184,121,16,15,7.75,18.5,96.25,121.5,129.5,57.25,201.75,209.0,215.12,143.25,21.88,22.0
Brick_0cm_S1,2026-04-02T16:37:06.265819,12,25,123,154,169,75,266,270,273,190,32,39,12,26,130,159,171,77,261,266,271,180,31,33,9,20,104,131,142,63,223,235,242,156,25,26,12,27,123,156,165,75,259,270,278,188,33,35,5,16,91,112,121,53,185,196,202,132,17,14,3,9,52,65,67,29,107,109,114,76,9,6,4,11,69,94,94,39,147,153,157,103,12,8,5,13,78,101,107,47,167,173,184,121,16,15,7.75,18.38,96.25,121.5,129.5,57.25,201.88,209.0,215.12,143.25,21.88,22.0
Brick_0cm_S1,2026-04-02T16:37:06.431192,12,25,123,154,169,75,266,270,273,190,32,39,12,26,130,159,171,77,261,266,271,180,31,33,9,20,104,131,142,63,223,235,242,156,25,26,12,27,123,156,165,75,259,270,278,188,33,35,5,16,91,112,121,53,185,196,202,132,17,14,3,9,52,65,67,29,107,109,114,76,9,6,4,11,69,94,94,39,147,153,157,103,12,8,5,13,78,101,107,47,167,173,184,121,16,15,7.75,18.38,96.25,121.5,129.5,57.25,201.88,209.0,215.12,143.25,21.88,22.0
Brick_0cm_S1,2026-04-02T16:37:06.587771,12,25,123,154,169,75,266,270,273,190,32,39,12,26,130,159,171,77,261,266,271,180,31,33,9,20,104,131,142,63,223,235,242,156,25,26,12,27,123,156,165,75,259,270,278,188,33,35,5,16,91,112,121,53,185,196,202,132,17,14,3,9,52,65,67,29,107,109,114,76,9,6,4,11,69,94,94,39,146,153,157,103,12,8,5,13,78,101,107,47,167,173,184,121,17,15,7.75,18.38,96.25,121.5,129.5,57.25,201.75,209.0,215.12,143.25,22.0,22.0
Brick_0cm_S1,2026-04-02T16:37:06.800938,12,26,123,155,169,76,266,271,273,190,32,39,12,26,130,159,171,77,261,266,271,181,31,33,9,20,104,131,142,63,223,235,242,156,25,26,12,27,123,156,165,75,259,270,278,188,33,35,5,16,91,112,121,53,185,196,202,132,17,13,3,9,52,65,67,29,107,109,114,75,9,6,4,11,69,94,94,39,146,154,156,103,12,8,5,14,78,101,107,47,167,173,184,121,17,15,7.75,18.62,96.25,121.62,129.5,57.38,201.75,209.25,215.0,143.25,22.0,21.88
Brick_0cm_S1,2026-04-02T16:37:06.986312,12,26,124,155,169,75,266,270,273,190,32,40,12,25,130,159,172,77,261,266,271,180,31,33,9,20,104,131,142,63,223,235,242,156,25,26,12,27,123,156,165,75,259,270,278,188,33,35,5,16,91,112,121,53,185,196,203,132,17,14,3,9,52,65,67,29,107,109,114,75,8,6,4,11,69,94,94,39,146,153,156,103,12,8,5,13,78,101,107,47,167,173,184,121,17,15,7.75,18.38,96.38,121.62,129.62,57.25,201.75,209.0,215.12,143.12,21.88,22.12
Brick_0cm_S1,2026-04-02T16:37:07.153952,12,26,124,155,169,75,266,270,273,190,32,40,12,25,130,159,172,77,261,266,271,180,31,33,9,20,104,132,142,63,222,235,242,157,25,26,12,27,123,156,165,75,258,270,277,188,33,34,5,16,91,112,121,53,185,196,202,132,17,13,3,9,52,65,67,29,107,107,114,75,8,6,4,11,69,94,94,39,146,153,156,103,12,8,5,13,78,101,107,47,167,173,184,121,17,15,7.75,18.38,96.38,121.75,129.62,57.25,201.5,208.75,214.88,143.25,21.88,21.88
Brick_0cm_S1,2026-04-02T16:37:07.336551,12,26,124,155,169,75,266,270,273,190,32,40,12,25,130,159,172,77,261,266,271,180,31,33,9,20,104,132,142,63,222,235,242,157,25,26,12,27,123,156,165,75,258,270,277,188,33,34,5,16,91,112,121,53,185,196,202,132,17,13,3,9,52,65,67,29,107,109,114,75,8,6,4,11,69,94,94,39,146,153,157,103,12,8,5,13,78,101,107,47,167,173,184,121,17,15,7.75,18.38,96.38,121.75,129.62,57.25,201.5,209.0,215.0,143.25,21.88,21.88
Brick_0cm_S1,2026-04-02T16:37:07.506809,12,26,123,155,169,75,266,270,273,190,32,39,12,26,130,158,171,77,260,265,271,180,31,33,9,20,104,131,142,63,222,235,242,157,25,26,12,27,123,156,165,75,259,270,278,189,33,34,5,16,91,112,121,53,185,195,202,132,17,14,3,9,52,65,67,29,107,109,114,75,9,6,4,11,69,94,94,39,146,153,157,103,12,8,5,13,79,101,107,47,167,173,184,122,17,15,7.75,18.5,96.38,121.5,129.5,57.25,201.5,208.75,215.12,143.5,22.0,21.88
Brick_0cm_S1,2026-04-02T16:37:07.688036,12,26,123,154,169,75,265,270,273,190,32,39,12,26,130,158,171,77,260,265,271,180,31,33,9,20,104,131,142,63,222,235,242,157,25,26,12,27,123,156,165,75,259,270,278,189,33,34,5,16,91,112,121,53,185,195,202,132,17,14,3,9,52,65,67,29,107,109,114,75,9,6,4,11,69,94,94,39,146,153,157,103,12,8,5,13,79,101,107,47,167,173,184,121,17,15,7.75,18.5,96.38,121.38,129.5,57.25,201.38,208.75,215.12,143.38,22.0,21.88
Brick_0cm_S1,2026-04-02T16:37:07.851815,12,26,123,154,169,75,265,270,273,190,32,39,12,26,130,158,171,77,260,265,271,180,31,33,9,20,104,131,142,63,222,235,242,157,25,26,12,27,123,156,165,75,259,270,278,189,33,34,5,16,91,112,121,53,185,195,202,132,17,14,3,9,52,65,67,29,107,109,114,75,9,6,4,11,69,94,94,39,146,153,157,103,12,8,5,13,79,101,107,47,167,173,184,121,17,15,7.75,18.5,96.38,121.38,129.5,57.25,201.38,208.75,215.12,143.38,22.0,21.88
Brick_0cm_S1,2026-04-02T16:37:08.013661,12,26,123,155,169,75,265,270,273,190,32,39,12,26,130,159,171,77,261,265,271,180,31,33,9,19,104,131,142,63,223,235,242,157,25,26,12,27,123,155,165,75,258,270,277,188,34,34,5,16,91,112,121,53,185,195,202,132,17,14,3,9,52,65,67,29,107,109,114,75,9,6,4,11,69,94,94,39,146,153,157,103,12,8,5,13,79,101,107,47,167,173,184,121,17,15,7.75,18.38,96.38,121.5,129.5,57.25,201.5,208.75,215.0,143.25,22.12,21.88
Brick_0cm_S1,2026-04-02T16:37:08.177472,12,26,123,155,169,75,265,270,273,190,32,39,12,26,130,159,171,77,261,265,271,180,31,33,9,19,104,131,142,63,223,235,242,157,25,26,12,27,123,155,165,75,258,270,277,188,34,34,5,16,91,112,121,53,185,195,202,132,17,14,3,9,52,65,67,29,107,109,114,75,9,6,4,11,69,94,94,39,146,153,157,103,12,8,5,13,79,101,107,47,167,173,184,121,17,15,7.75,18.38,96.38,121.5,129.5,57.25,201.5,208.75,215.0,143.25,22.12,21.88
Brick_0cm_S1,2026-04-02T16:37:08.344462,12,26,123,155,169,75,265,270,273,190,32,39,12,26,130,159,171,77,261,265,271,180,31,33,9,19,104,131,142,63,223,235,242,157,25,26,12,27,123,155,165,75,258,270,277,188,34,34,5,16,91,112,121,53,185,195,202,132,17,14,3,9,52,65,67,29,107,109,114,75,9,6,4,11,69,94,94,39,146,153,157,103,12,8,5,13,79,101,107,47,167,173,184,121,17,15,7.75,18.38,96.38,121.5,129.5,57.25,201.5,208.75,215.0,143.25,22.12,21.88
Brick_0cm_S1,2026-04-02T16:37:08.506546,12,25,122,154,168,75,265,269,272,188,31,37,12,26,130,158,171,77,261,265,270,180,31,33,9,20,104,131,141,63,222,235,242,156,25,25,12,27,122,155,165,75,258,270,277,188,33,34,5,16,91,112,121,53,185,196,202,132,17,13,3,9,52,65,67,29,107,108,114,75,8,6,4,11,69,94,94,39,146,153,157,103,12,8,5,13,78,101,107,47,166,173,184,121,16,14,7.75,18.38,96.0,121.25,129.25,57.25,201.25,208.62,214.75,142.88,21.62,21.25
Brick_0cm_S1,2026-04-02T16:37:08.678178,12,25,122,154,168,75,265,269,272,188,31,37,12,26,130,158,171,77,261,265,270,180,31,33,9,20,104,131,141,63,222,235,242,156,25,25,12,27,122,155,165,75,258,270,277,188,33,34,5,16,91,112,121,53,185,196,202,132,17,13,3,9,52,65,67,29,107,109,114,75,9,6,4,11,69,94,94,39,146,153,157,102,12,8,5,13,78,101,106,47,167,173,184,121,16,14,7.75,18.38,96.0,121.25,129.12,57.25,201.38,208.75,214.75,142.75,21.75,21.25
Brick_0cm_S1,2026-04-02T16:37:08.860499,12,25,122,154,168,75,264,268,271,188,31,36,12,26,130,159,171,77,261,266,271,180,31,33,9,19,104,131,141,63,222,235,242,156,25,25,12,27,122,155,165,75,258,270,277,188,33,34,5,16,91,112,121,53,185,196,202,132,17,13,3,9,52,65,67,29,107,109,114,75,9,6,4,11,69,94,94,39,146,153,157,102,12,8,5,13,78,101,106,47,167,173,184,121,16,14,7.75,18.25,96.0,121.38,129.12,57.25,201.25,208.75,214.75,142.75,21.75,21.12
Brick_0cm_S1,2026-04-02T16:37:09.026738,12,25,122,154,168,75,264,268,271,187,31,36,12,25,130,158,171,77,261,265,270,180,31,33,9,19,104,131,141,63,222,235,242,156,25,25,12,27,123,155,165,75,258,269,277,188,33,34,5,16,91,112,121,53,185,196,202,132,17,13,3,9,52,65,67,29,107,109,114,75,9,6,4,11,69,94,94,39,147,153,157,103,12,8,5,13,78,101,107,47,167,173,184,121,16,14,7.75,18.12,96.12,121.25,129.25,57.25,201.38,208.5,214.62,142.75,21.75,21.12
Brick_0cm_S1,2026-04-02T16:37:09.207252,12,25,122,153,168,75,264,268,270,188,31,36,12,25,130,158,171,77,261,265,270,180,31,33,9,19,104,131,141,63,222,235,242,156,25,25,12,27,123,155,165,75,258,269,277,188,33,34,5,16,91,112,121,53,185,196,202,132,17,13,3,9,52,65,67,29,107,109,114,75,9,6,4,11,69,94,94,39,147,153,157,103,12,8,5,13,78,101,107,47,167,173,184,121,16,14,7.75,18.12,96.12,121.12,129.25,57.25,201.38,208.5,214.5,142.88,21.75,21.12
