label,timestamp,S0_405nm,S0_425nm,S0_450nm,S0_475nm,S0_515nm,S0_550nm,S0_555nm,S0_600nm,S0_640nm,S0_690nm,S0_745nm,S0_855nm,S1_405nm,S1_425nm,S1_450nm,S1_475nm,S1_515nm,S1_550nm,S1_555nm,S1_600nm,S1_640nm,S1_690nm,S1_745nm,S1_855nm,S2_405nm,S2_425nm,S2_450nm,S2_475nm,S2_515nm,S2_550nm,S2_555nm,S2_600nm,S2_640nm,S2_690nm,S2_745nm,S2_855nm,S3_405nm,S3_425nm,S3_450nm,S3_475nm,S3_515nm,S3_550nm,S3_555nm,S3_600nm,S3_640nm,S3_690nm,S3_745nm,S3_855nm,S4_405nm,S4_425nm,S4_450nm,S4_475nm,S4_515nm,S4_550nm,S4_555nm,S4_600nm,S4_640nm,S4_690nm,S4_745nm,S4_855nm,S5_405nm,S5_425nm,S5_450nm,S5_475nm,S5_515nm,S5_550nm,S5_555nm,S5_600nm,S5_640nm,S5_690nm,S5_745nm,S5_855nm,S6_405nm,S6_425nm,S6_450nm,S6_475nm,S6_515nm,S6_550nm,S6_555nm,S6_600nm,S6_640nm,S6_690nm,S6_745nm,S6_855nm,S7_405nm,S7_425nm,S7_450nm,S7_475nm,S7_515nm,S7_550nm,S7_555nm,S7_600nm,S7_640nm,S7_690nm,S7_745nm,S7_855nm,AVG_405nm,AVG_425nm,AVG_450nm,AVG_475nm,AVG_515nm,AVG_550nm,AVG_555nm,AVG_600nm,AVG_640nm,AVG_690nm,AVG_745nm,AVG_855nm
Brick_0cm_S3,2026-04-25T09:51:18.249156,4,9,50,69,70,29,124,146,176,122,17,9,3,8,43,59,55,25,97,115,140,97,13,6,4,10,56,75,74,33,131,155,182,126,17,8,0,0,0,0,0,0,0,0,0,0,0,0,5,13,64,83,85,38,151,178,215,147,19,11,5,12,61,81,79,37,145,170,209,138,16,10,7,16,74,103,98,45,176,212,257,173,22,15,6,14,68,88,91,42,156,178,211,141,19,12,4.25,10.25,52.0,69.75,69.0,31.12,122.5,144.25,173.75,118.0,15.38,8.88
Brick_0cm_S3,2026-04-25T09:51:18.371940,4,9,50,69,69,29,123,146,177,122,17,8,3,8,43,59,55,25,97,115,140,97,13,6,4,10,56,75,74,33,131,155,182,126,17,8,0,0,0,0,0,0,0,0,0,0,0,0,5,13,64,83,85,38,151,178,215,147,19,11,5,12,61,81,79,37,145,170,209,138,16,10,7,16,74,103,98,45,176,212,257,173,22,15,5,14,68,88,91,41,156,178,211,141,19,12,4.12,10.25,52.0,69.75,68.88,31.0,122.38,144.25,173.88,118.0,15.38,8.75
Brick_0cm_S3,2026-04-25T09:51:18.494781,4,9,50,69,69,29,123,146,177,122,17,8,3,8,43,59,55,25,97,115,140,97,13,6,4,10,56,75,74,33,131,155,182,125,17,8,0,0,0,0,0,0,0,0,0,0,0,0,5,13,64,83,85,38,151,177,215,147,19,11,5,12,61,81,79,37,145,170,209,138,16,10,7,16,74,103,98,45,176,212,257,173,22,15,5,14,68,88,91,41,156,178,211,141,19,12,4.12,10.25,52.0,69.75,68.88,31.0,122.38,144.12,173.88,117.88,15.38,8.75
Brick_0cm_S3,2026-04-25T09:51:18.620459,4,9,50,69,69,29,123,146,177,122,17,8,3,8,43,59,55,25,97,115,140,97,13,6,4,10,56,75,74,33,131,155,182,125,17,8,0,0,0,0,0,0,0,0,0,0,0,0,5,13,64,83,85,38,151,177,215,147,19,11,5,12,61,81,79,37,145,170,209,138,16,10,7,16,74,103,98,45,177,212,258,173,22,15,6,14,68,88,90,42,156,177,211,141,19,12,4.25,10.25,52.0,69.75,68.75,31.12,122.5,144.0,174.0,117.88,15.38,8.75
Brick_0cm_S3,2026-04-25T09:51:18.745034,4,9,50,69,69,29,123,146,177,122,17,8,3,8,43,59,55,25,97,115,140,97,13,6,4,10,56,75,74,33,131,155,182,125,17,8,0,0,0,0,0,0,0,0,0,0,0,0,5,13,64,83,85,38,151,178,215,147,20,11,5,12,61,81,79,37,145,170,209,138,16,10,7,16,74,103,98,45,176,211,257,173,22,15,6,14,68,88,90,42,156,177,211,141,19,12,4.25,10.25,52.0,69.75,68.75,31.12,122.38,144.0,173.88,117.88,15.5,8.75
Brick_0cm_S3,2026-04-25T09:51:18.870890,3,9,50,69,69,29,124,146,176,122,17,9,3,8,43,59,55,25,97,115,140,97,13,6,4,10,56,75,75,33,131,155,183,126,17,8,0,0,0,0,0,0,0,0,0,0,0,0,5,13,64,83,85,38,151,178,215,147,20,11,5,12,61,81,79,37,145,170,209,138,16,10,7,16,74,103,98,45,176,211,257,173,22,15,6,14,68,88,90,42,156,178,211,141,19,12,4.12,10.25,52.0,69.75,68.88,31.12,122.5,144.12,173.88,118.0,15.5,8.88
Brick_0cm_S3,2026-04-25T09:51:18.998760,3,9,50,69,69,29,124,146,176,122,17,9,3,8,43,59,55,25,97,115,140,97,13,6,4,10,56,75,75,33,131,155,183,126,17,8,0,0,0,0,0,0,0,0,0,0,0,0,5,13,64,83,85,38,151,178,215,147,19,11,5,12,61,81,79,37,145,170,209,138,17,10,7,16,74,103,98,45,176,212,258,173,22,15,6,14,68,88,90,42,156,178,211,141,19,12,4.12,10.25,52.0,69.75,68.88,31.12,122.5,144.25,174.0,118.0,15.5,8.88
Brick_0cm_S3,2026-04-25T09:51:19.124166,4,9,50,69,69,30,123,146,176,123,17,9,3,8,43,59,55,25,97,115,140,97,13,6,4,10,56,75,74,33,130,155,182,126,17,8,0,0,0,0,0,0,0,0,0,0,0,0,5,13,64,83,85,38,151,178,215,147,19,11,5,12,61,81,79,37,145,170,209,138,17,10,7,16,74,103,98,45,176,212,258,173,22,15,6,14,68,88,90,42,156,178,211,141,19,12,4.25,10.25,52.0,69.75,68.75,31.25,122.25,144.25,173.88,118.12,15.5,8.88
Brick_0cm_S3,2026-04-25T09:51:19.248662,4,9,50,69,69,30,123,146,176,123,17,9,3,8,43,59,55,25,97,115,140,97,13,6,4,10,56,75,74,33,130,155,182,126,17,8,0,0,0,0,0,0,0,0,0,0,0,0,5,13,64,83,85,38,151,178,215,147,19,11,5,12,61,81,80,37,146,170,209,138,16,10,7,16,74,103,98,45,176,212,258,173,22,15,6,14,68,88,90,41,156,178,211,141,19,12,4.25,10.25,52.0,69.75,68.88,31.12,122.38,144.25,173.88,118.12,15.38,8.88
Brick_0cm_S3,2026-04-25T09:51:19.369494,3,9,50,69,69,30,124,146,175,122,17,9,3,8,43,59,55,25,97,115,140,97,13,6,4,10,56,75,74,33,131,155,183,125,17,8,0,0,0,0,0,0,0,0,0,0,0,0,5,13,64,83,85,38,151,178,215,147,19,11,5,12,61,81,80,37,146,170,209,138,16,10,7,16,74,103,98,45,176,212,258,173,22,15,6,14,68,88,90,41,156,178,211,141,19,12,4.12,10.25,52.0,69.75,68.88,31.12,122.62,144.25,173.88,117.88,15.38,8.88
Brick_0cm_S3,2026-04-25T09:51:19.502952,3,9,50,69,69,30,124,146,175,122,17,9,3,8,43,59,55,25,97,115,140,97,13,6,4,10,56,75,74,33,131,155,183,125,17,8,0,0,0,0,0,0,0,0,0,0,0,0,5,13,64,83,85,38,151,178,215,147,19,11,5,12,61,81,80,37,145,170,209,138,16,10,7,16,74,103,98,45,176,212,258,173,22,15,6,14,68,88,91,42,156,178,211,140,19,12,4.12,10.25,52.0,69.75,69.0,31.25,122.5,144.25,173.88,117.75,15.38,8.88
Brick_0cm_S3,2026-04-25T09:51:19.620831,4,9,50,69,69,30,124,147,176,123,16,9,3,8,43,60,55,25,97,115,140,97,13,6,4,10,56,75,74,33,131,155,182,126,17,8,0,0,0,0,0,0,0,0,0,0,0,0,5,13,64,83,85,38,151,178,215,147,20,11,5,12,61,81,80,37,145,170,209,138,16,10,7,16,74,103,98,45,176,212,258,173,22,15,6,14,68,88,91,42,156,178,211,140,19,12,4.25,10.25,52.0,69.88,69.0,31.25,122.5,144.38,173.88,118.0,15.38,8.88
Brick_0cm_S3,2026-04-25T09:51:19.742181,4,9,49,69,69,30,124,146,176,122,17,8,3,8,43,59,55,25,97,115,140,97,13,6,4,10,56,75,74,33,131,155,182,126,17,8,0,0,0,0,0,0,0,0,0,0,0,0,5,13,64,83,85,38,151,178,215,147,20,11,4,12,61,81,80,37,145,170,209,138,16,10,7,16,74,103,98,45,177,212,258,173,23,15,6,14,68,88,91,42,156,178,211,141,19,12,4.12,10.25,51.88,69.75,69.0,31.25,122.62,144.25,173.88,118.0,15.62,8.75
Brick_0cm_S3,2026-04-25T09:51:19.863335,4,9,49,69,69,30,124,146,176,122,17,8,3,8,43,59,55,25,97,115,140,97,13,6,4,10,56,75,74,33,131,155,182,126,17,8,0,0,0,0,0,0,0,0,0,0,0,0,5,13,64,83,85,38,150,178,215,147,19,11,5,12,61,81,79,37,146,170,209,138,16,10,7,16,74,103,98,45,177,212,258,173,23,15,6,14,68,88,91,42,156,178,211,141,19,12,4.25,10.25,51.88,69.75,68.88,31.25,122.62,144.25,173.88,118.0,15.5,8.75
Brick_0cm_S3,2026-04-25T09:51:19.984613,3,9,50,69,69,29,123,146,176,122,17,8,3,8,43,59,55,25,97,115,140,97,13,6,4,10,56,75,74,33,131,155,182,126,17,8,0,0,0,0,0,0,0,0,0,0,0,0,5,13,64,83,85,38,150,178,215,147,19,11,5,12,61,81,79,37,146,170,209,138,16,10,7,16,74,103,98,45,176,212,258,173,22,15,5,14,68,88,90,42,156,178,211,141,19,12,4.0,10.25,52.0,69.75,68.75,31.12,122.38,144.25,173.88,118.0,15.38,8.75
Brick_0cm_S3,2026-04-25T09:51:20.106801,3,9,50,69,69,29,123,146,176,122,17,8,3,8,43,59,55,25,97,115,140,97,13,6,4,10,56,76,74,33,131,155,182,126,17,8,0,0,0,0,0,0,0,0,0,0,0,0,5,13,64,83,84,38,151,178,215,147,19,11,5,12,61,81,80,37,146,170,209,138,16,10,7,16,74,103,98,45,176,212,258,173,22,15,5,14,68,88,90,42,156,178,211,141,19,12,4.0,10.25,52.0,69.88,68.75,31.12,122.5,144.25,173.88,118.0,15.38,8.75
Brick_0cm_S3,2026-04-25T09:51:20.225240,3,9,50,69,69,29,123,146,177,122,16,9,3,8,43,59,55,25,97,115,140,97,13,6,4,10,56,75,74,33,131,155,183,125,17,8,0,0,0,0,0,0,0,0,0,0,0,0,5,13,64,83,84,38,151,178,215,147,19,11,5,12,61,81,80,37,146,170,209,138,16,10,7,16,74,103,98,45,176,212,258,173,22,15,6,14,68,88,91,42,157,178,210,141,19,12,4.12,10.25,52.0,69.75,68.88,31.12,122.62,144.25,174.0,117.88,15.25,8.88
Brick_0cm_S3,2026-04-25T09:51:20.348547,3,9,50,69,69,29,123,146,177,122,16,9,3,8,43,59,55,25,97,115,140,97,13,6,4,10,56,75,74,33,131,155,183,125,17,8,0,0,0,0,0,0,0,0,0,0,0,0,5,13,64,83,85,38,151,178,216,147,20,11,5,12,61,81,80,37,145,170,209,138,16,10,7,16,74,103,98,45,176,212,258,173,22,15,6,14,68,88,91,42,157,178,210,141,19,12,4.12,10.25,52.0,69.75,69.0,31.12,122.5,144.25,174.12,117.88,15.38,8.88
Brick_0cm_S3,2026-04-25T09:51:20.467940,3,9,50,69,69,29,123,146,176,122,17,8,3,8,43,59,55,25,97,116,140,97,13,6,4,10,56,75,74,33,130,155,182,126,17,8,0,0,0,0,0,0,0,0,0,0,0,0,5,13,64,83,85,38,151,178,216,147,20,11,5,12,61,81,80,37,145,170,209,138,16,10,7,16,74,103,98,45,176,212,258,173,22,15,6,14,68,88,90,42,156,177,211,141,19,12,4.12,10.25,52.0,69.75,68.88,31.12,122.25,144.25,174.0,118.0,15.5,8.75
Brick_0cm_S3,2026-04-25T09:51:20.590471,3,9,50,69,69,29,123,146,176,122,17,8,3,8,43,59,55,25,97,116,140,97,13,6,4,10,56,75,74,33,130,155,182,126,17,8,0,0,0,0,0,0,0,0,0,0,0,0,5,13,64,83,85,38,151,178,215,147,19,11,5,12,61,81,79,37,145,170,208,138,16,10,7,16,74,103,97,45,176,212,258,173,22,15,6,14,68,88,91,41,156,178,211,141,19,12,4.12,10.25,52.0,69.75,68.75,31.0,122.25,144.38,173.75,118.0,15.38,8.75
Brick_0cm_S3,2026-04-25T09:51:20.712605,3,9,50,69,69,29,123,146,176,122,17,9,3,8,43,59,55,25,97,115,140,97,13,6,4,10,56,75,74,33,131,155,182,126,17,8,0,0,0,0,0,0,0,0,0,0,0,0,5,13,64,83,85,38,151,178,215,147,19,11,5,12,61,81,79,37,145,170,208,138,16,10,7,16,74,103,97,45,176,212,258,173,22,15,6,14,68,88,91,41,156,178,211,141,19,12,4.12,10.25,52.0,69.75,68.75,31.0,122.38,144.25,173.75,118.0,15.38,8.88
Brick_0cm_S3,2026-04-25T09:51:20.832503,3,9,50,69,69,29,123,146,176,122,17,9,3,8,43,59,55,25,97,115,140,97,13,6,4,10,56,75,74,33,131,155,182,126,17,8,0,0,0,0,0,0,0,0,0,0,0,0,5,13,64,83,84,38,151,178,215,147,20,11,5,12,61,81,79,37,145,170,209,138,16,10,7,16,74,103,98,45,176,212,258,173,22,15,6,14,68,88,90,42,156,178,210,141,19,12,4.12,10.25,52.0,69.75,68.62,31.12,122.38,144.25,173.75,118.0,15.5,8.88
Brick_0cm_S3,2026-04-25T09:51:20.973694,4,9,50,69,69,29,124,146,177,122,17,9,3,8,43,59,55,25,97,116,140,97,13,6,4,10,56,75,74,33,131,155,182,126,17,8,0,0,0,0,0,0,0,0,0,0,0,0,5,13,64,83,84,38,151,178,215,147,20,11,5,12,61,81,79,37,145,170,209,138,16,10,7,16,74,103,98,45,176,212,258,173,22,15,6,14,68,88,90,42,156,178,210,141,19,12,4.25,10.25,52.0,69.75,68.62,31.12,122.5,144.38,173.88,118.0,15.5,8.88
Brick_0cm_S3,2026-04-25T09:51:21.094135,4,9,50,69,69,29,124,146,177,122,17,9,3,8,43,59,55,25,97,116,140,97,13,6,4,10,56,75,74,33,131,155,182,126,17,8,0,0,0,0,0,0,0,0,0,0,0,0,5,13,64,83,85,38,151,178,215,147,20,11,5,12,61,81,80,37,146,170,208,138,16,10,7,16,74,103,98,45,177,212,258,173,22,15,5,14,68,88,91,42,156,178,211,141,19,12,4.12,10.25,52.0,69.75,69.0,31.12,122.75,144.38,173.88,118.0,15.5,8.88
Brick_0cm_S3,2026-04-25T09:51:21.212188,3,9,50,69,70,29,123,146,177,122,17,9,3,8,43,59,55,25,97,115,140,97,13,6,4,10,56,75,74,33,131,155,182,126,17,8,0,0,0,0,0,0,0,0,0,0,0,0,5,13,64,83,84,38,151,178,215,147,19,11,5,12,61,81,80,37,146,170,208,138,16,10,7,16,74,103,98,45,177,212,258,173,22,15,5,14,68,88,91,42,156,178,211,141,19,12,4.0,10.25,52.0,69.75,69.0,31.12,122.62,144.25,173.88,118.0,15.38,8.88
Brick_0cm_S3,2026-04-25T09:51:21.323289,4,9,50,69,69,29,124,146,176,122,17,9,3,8,43,59,55,25,97,115,140,97,13,6,4,10,56,75,74,33,131,155,182,126,17,8,0,0,0,0,0,0,0,0,0,0,0,0,5,13,64,83,84,38,151,178,215,147,19,11,5,12,61,81,80,37,145,170,209,138,16,10,7,16,74,103,97,45,176,212,258,173,22,15,6,14,68,88,90,41,156,178,211,141,19,12,4.25,10.25,52.0,69.75,68.62,31.0,122.5,144.25,173.88,118.0,15.38,8.88
Brick_0cm_S3,2026-04-25T09:51:21.440584,4,9,50,69,69,29,124,146,176,122,17,9,3,8,43,59,55,25,97,115,140,97,13,6,4,10,56,75,74,33,131,155,182,126,17,8,0,0,0,0,0,0,0,0,0,0,0,0,5,13,64,83,85,38,151,178,215,147,20,11,5,12,61,81,80,37,145,170,209,138,16,10,7,16,74,103,97,45,176,212,258,173,22,15,6,14,68,88,90,41,156,178,211,141,19,12,4.25,10.25,52.0,69.75,68.75,31.0,122.5,144.25,173.88,118.0,15.5,8.88
Brick_0cm_S3,2026-04-25T09:51:21.557684,4,9,50,69,69,29,124,146,176,122,17,9,3,8,43,59,55,25,97,115,140,97,13,6,4,10,56,75,74,33,131,155,182,126,17,8,0,0,0,0,0,0,0,0,0,0,0,0,5,13,64,83,85,38,151,178,215,147,20,11,5,12,61,81,80,37,145,170,209,138,16,10,7,16,74,103,97,45,176,212,258,173,22,15,6,14,68,88,90,42,156,178,211,141,19,12,4.25,10.25,52.0,69.75,68.75,31.12,122.5,144.25,173.88,118.0,15.5,8.88
Brick_0cm_S3,2026-04-25T09:51:21.686035,3,9,50,69,69,30,123,146,176,122,17,9,3,8,43,60,55,25,97,115,140,97,13,6,4,10,56,75,74,33,130,155,182,125,17,8,0,0,0,0,0,0,0,0,0,0,0,0,5,13,64,83,85,38,151,178,215,147,20,11,5,12,61,81,80,37,146,170,209,138,16,10,7,16,74,103,97,45,176,212,258,173,22,15,6,14,68,88,90,42,156,178,211,141,19,12,4.12,10.25,52.0,69.88,68.75,31.25,122.38,144.25,173.88,117.88,15.5,8.88
Brick_0cm_S3,2026-04-25T09:51:21.806441,4,9,50,69,69,30,123,146,176,122,17,9,3,8,43,60,55,25,97,115,140,97,13,6,4,10,56,75,74,33,130,155,182,125,17,8,0,0,0,0,0,0,0,0,0,0,0,0,5,13,64,83,85,38,151,178,215,147,20,11,5,12,61,81,80,37,146,170,209,138,16,10,7,16,74,103,98,45,176,212,258,173,22,15,6,14,68,88,90,41,156,178,210,141,19,12,4.25,10.25,52.0,69.88,68.88,31.12,122.38,144.25,173.75,117.88,15.5,8.88
Brick_0cm_S3,2026-04-25T09:51:21.940446,4,9,50,69,69,30,123,146,176,122,17,9,3,8,43,60,55,25,97,115,140,97,13,6,4,10,56,75,74,33,131,155,183,126,17,8,0,0,0,0,0,0,0,0,0,0,0,0,5,13,64,83,85,38,151,178,215,147,19,11,5,12,61,81,80,37,146,170,209,138,16,10,7,16,74,103,98,45,176,212,258,173,23,15,6,14,68,88,90,41,156,178,210,141,19,12,4.25,10.25,52.0,69.88,68.88,31.12,122.5,144.25,173.88,118.0,15.5,8.88
Brick_0cm_S3,2026-04-25T09:51:22.056732,4,9,50,69,70,29,124,147,177,122,17,9,3,8,43,60,55,25,97,115,140,97,14,6,4,10,56,75,74,33,131,155,182,126,17,8,0,0,0,0,0,0,0,0,0,0,0,0,5,13,64,83,85,38,151,178,215,147,19,11,5,12,61,81,80,37,146,170,209,138,16,10,7,16,74,103,98,45,176,212,258,173,23,15,5,14,68,88,91,42,156,178,211,141,19,12,4.12,10.25,52.0,69.88,69.12,31.12,122.62,144.38,174.0,118.0,15.62,8.88
Brick_0cm_S3,2026-04-25T09:51:22.190514,4,9,50,69,70,29,124,147,177,122,17,9,3,8,43,60,55,25,97,115,140,97,14,6,4,10,56,75,74,33,131,155,182,126,17,8,0,0,0,0,0,0,0,0,0,0,0,0,5,13,64,83,85,38,151,178,215,147,19,11,5,12,61,81,79,37,146,170,209,138,16,10,7,16,74,104,98,45,176,212,258,173,22,15,6,14,68,88,91,42,156,178,211,141,19,12,4.25,10.25,52.0,70.0,69.0,31.12,122.62,144.38,174.0,118.0,15.5,8.88
Brick_0cm_S3,2026-04-25T09:51:22.306351,3,9,50,69,69,29,124,147,176,122,17,8,3,8,43,59,55,25,97,115,140,97,13,6,4,10,56,75,74,33,131,155,182,126,17,8,0,0,0,0,0,0,0,0,0,0,0,0,5,13,64,83,85,38,151,178,215,147,19,11,5,12,61,81,79,37,146,170,209,138,16,10,7,16,74,104,98,45,176,212,258,173,22,15,6,14,68,88,91,42,156,178,211,141,19,12,4.12,10.25,52.0,69.88,68.88,31.12,122.62,144.38,173.88,118.0,15.38,8.75
Brick_0cm_S3,2026-04-25T09:51:22.436905,3,9,50,69,69,29,124,147,176,122,17,8,3,8,43,59,55,25,97,115,140,97,13,6,4,10,56,75,74,33,131,155,182,126,17,8,0,0,0,0,0,0,0,0,0,0,0,0,5,13,64,83,85,38,151,178,215,147,19,11,5,12,60,81,79,37,146,170,209,138,16,10,7,16,74,103,98,45,176,212,258,173,22,15,6,14,68,88,90,42,156,178,210,141,19,12,4.12,10.25,51.88,69.75,68.75,31.12,122.62,144.38,173.75,118.0,15.38,8.75
Brick_0cm_S3,2026-04-25T09:51:22.558932,4,9,50,69,69,30,124,146,176,122,17,9,3,8,43,60,55,25,97,115,140,97,13,6,4,10,56,75,74,33,131,155,183,126,17,8,0,0,0,0,0,0,0,0,0,0,0,0,5,13,64,83,85,38,151,178,215,147,19,11,5,12,60,81,79,37,146,170,209,138,16,10,7,16,74,103,98,45,176,212,258,173,22,15,6,14,68,88,90,42,156,178,210,141,19,12,4.25,10.25,51.88,69.88,68.75,31.25,122.62,144.25,173.88,118.0,15.38,8.88
Brick_0cm_S3,2026-04-25T09:51:22.683689,4,9,50,69,69,30,124,146,176,122,17,9,3,8,43,60,55,25,97,115,140,97,13,6,4,10,56,75,74,33,131,155,183,126,17,8,0,0,0,0,0,0,0,0,0,0,0,0,5,13,64,83,85,38,151,178,215,147,19,11,5,12,61,81,80,37,145,170,209,138,16,10,7,16,74,103,97,45,176,212,258,173,22,15,6,14,68,88,90,41,156,178,211,141,19,12,4.25,10.25,52.0,69.88,68.75,31.12,122.5,144.25,174.0,118.0,15.38,8.88
Brick_0cm_S3,2026-04-25T09:51:22.807647,3,9,50,69,69,29,123,146,176,122,17,9,3,8,43,59,55,25,97,115,140,97,13,6,4,10,56,75,74,33,131,155,182,126,17,8,0,0,0,0,0,0,0,0,0,0,0,0,5,13,64,83,85,38,151,178,215,147,19,11,5,12,61,81,80,37,145,170,209,138,16,10,7,16,74,103,97,45,176,212,258,173,22,15,6,14,68,88,90,41,156,178,211,141,19,12,4.12,10.25,52.0,69.75,68.75,31.0,122.38,144.25,173.88,118.0,15.38,8.88
Brick_0cm_S3,2026-04-25T09:51:22.931834,3,9,50,69,69,29,124,146,176,122,17,8,3,8,43,59,55,25,97,115,140,97,13,6,4,10,56,75,74,33,131,155,182,126,17,8,0,0,0,0,0,0,0,0,0,0,0,0,5,13,64,83,85,38,151,178,215,147,19,11,5,12,61,81,80,37,145,170,209,138,16,10,7,16,74,103,98,45,176,212,258,173,22,15,6,14,68,88,90,42,156,178,210,141,19,12,4.12,10.25,52.0,69.75,68.88,31.12,122.5,144.25,173.75,118.0,15.38,8.75
Brick_0cm_S3,2026-04-25T09:51:23.060301,3,9,50,69,69,29,124,146,176,122,17,8,3,8,43,59,55,25,97,115,140,97,13,6,4,10,56,75,74,33,131,155,182,125,17,8,0,0,0,0,0,0,0,0,0,0,0,0,5,13,64,83,85,38,151,177,216,147,19,11,5,12,61,81,80,37,146,170,209,138,16,10,7,16,74,103,98,45,176,212,258,173,22,15,6,14,68,88,90,42,156,178,210,141,19,12,4.12,10.25,52.0,69.75,68.88,31.12,122.62,144.12,173.88,117.88,15.38,8.75
Brick_0cm_S3,2026-04-25T09:51:23.188161,4,9,50,69,69,29,124,146,176,122,17,9,3,8,43,59,55,25,97,115,140,97,13,6,4,10,56,75,74,33,130,155,182,126,17,8,0,0,0,0,0,0,0,0,0,0,0,0,5,13,64,83,85,38,151,177,216,147,19,11,5,12,61,81,80,37,146,170,209,138,16,10,7,16,74,103,98,45,176,212,257,173,22,15,6,14,68,88,90,42,156,178,211,141,19,12,4.25,10.25,52.0,69.75,68.88,31.12,122.5,144.12,173.88,118.0,15.38,8.88
Brick_0cm_S3,2026-04-25T09:51:23.307916,4,9,50,69,69,29,124,146,176,122,17,9,3,8,43,59,55,25,97,115,140,97,13,6,4,10,56,75,74,33,130,155,182,126,17,8,0,0,0,0,0,0,0,0,0,0,0,0,5,13,64,83,84,38,151,178,215,147,20,11,5,12,61,81,79,37,146,170,209,138,16,10,7,16,74,103,98,45,176,212,257,173,22,15,6,14,68,88,90,42,156,178,211,141,19,12,4.25,10.25,52.0,69.75,68.62,31.12,122.5,144.25,173.75,118.0,15.5,8.88
Brick_0cm_S3,2026-04-25T09:51:23.436020,3,9,50,69,69,29,124,146,176,122,17,9,3,8,43,60,55,25,97,115,140,97,13,6,4,10,56,75,74,33,131,155,182,125,17,8,0,0,0,0,0,0,0,0,0,0,0,0,5,13,64,83,84,38,151,178,215,147,20,11,5,12,61,81,79,37,146,170,209,138,16,10,7,16,74,103,98,45,176,212,257,173,22,15,6,14,68,88,90,42,156,178,211,141,19,12,4.12,10.25,52.0,69.88,68.62,31.12,122.62,144.25,173.75,117.88,15.5,8.88
Brick_0cm_S3,2026-04-25T09:51:23.562379,3,9,50,69,69,29,124,146,176,122,17,9,3,8,43,60,55,25,97,115,140,97,13,6,4,10,56,75,74,33,131,155,182,125,17,8,0,0,0,0,0,0,0,0,0,0,0,0,5,13,64,83,85,38,151,178,215,147,20,11,5,12,61,81,79,37,146,170,209,138,16,10,7,16,74,103,98,45,176,212,258,173,22,15,6,14,68,88,91,41,156,178,211,141,19,12,4.12,10.25,52.0,69.88,68.88,31.0,122.62,144.25,173.88,117.88,15.5,8.88
Brick_0cm_S3,2026-04-25T09:51:23.687099,4,9,50,69,69,29,124,146,176,122,17,9,3,8,43,60,55,25,97,116,140,97,13,6,4,10,56,75,74,33,131,155,183,126,17,8,0,0,0,0,0,0,0,0,0,0,0,0,5,13,64,83,85,38,151,178,215,147,20,11,5,12,61,81,79,37,146,170,209,138,16,10,7,16,74,103,98,45,176,212,258,173,22,15,6,14,68,88,91,41,156,178,211,141,19,12,4.25,10.25,52.0,69.88,68.88,31.0,122.62,144.38,174.0,118.0,15.5,8.88
Brick_0cm_S3,2026-04-25T09:51:23.808702,4,9,50,69,69,29,124,146,176,122,17,9,3,8,43,60,55,25,97,116,140,97,13,6,4,10,56,75,74,33,131,155,183,126,17,8,0,0,0,0,0,0,0,0,0,0,0,0,5,13,64,83,85,38,151,177,215,147,19,11,5,12,61,81,79,37,145,170,209,138,16,10,7,16,74,103,98,45,176,212,258,173,22,15,6,14,68,88,90,41,156,178,211,141,19,12,4.25,10.25,52.0,69.88,68.75,31.0,122.5,144.25,174.0,118.0,15.38,8.88
Brick_0cm_S3,2026-04-25T09:51:23.935219,4,9,50,69,69,29,123,146,176,122,17,9,3,8,43,59,55,25,97,115,140,97,13,6,4,10,56,75,74,33,131,155,183,126,17,8,0,0,0,0,0,0,0,0,0,0,0,0,5,13,64,83,85,38,151,177,215,147,19,11,5,12,61,81,79,37,145,170,209,138,16,10,7,16,74,103,98,45,176,212,258,173,22,15,6,14,68,88,90,41,156,178,211,141,19,12,4.25,10.25,52.0,69.75,68.75,31.0,122.38,144.12,174.0,118.0,15.38,8.88
Brick_0cm_S3,2026-04-25T09:51:24.064600,4,9,50,69,69,29,123,146,176,122,17,9,3,8,43,59,55,25,97,115,140,97,13,6,4,10,56,75,74,33,131,155,183,126,17,8,0,0,0,0,0,0,0,0,0,0,0,0,5,13,64,83,85,38,151,178,215,147,20,11,5,12,61,81,79,37,146,170,209,138,16,10,7,16,74,104,98,45,176,212,258,173,22,15,6,14,68,88,91,42,156,178,211,141,19,12,4.25,10.25,52.0,69.88,68.88,31.12,122.5,144.25,174.0,118.0,15.5,8.88
Brick_0cm_S3,2026-04-25T09:51:24.190056,3,9,50,69,69,29,124,146,176,123,17,9,3,8,43,59,55,25,97,115,140,97,13,6,4,10,56,75,74,33,131,155,183,126,17,8,0,0,0,0,0,0,0,0,0,0,0,0,5,13,64,83,85,38,151,178,215,147,19,11,5,12,61,81,79,37,146,170,209,138,16,10,7,16,74,104,98,45,176,212,258,173,22,15,6,14,68,88,91,42,156,178,211,141,19,12,4.12,10.25,52.0,69.88,68.88,31.12,122.62,144.25,174.0,118.12,15.38,8.88
Brick_0cm_S3,2026-04-25T09:51:24.312771,3,9,50,69,69,29,123,146,177,123,17,8,3,8,43,59,55,25,97,115,140,97,13,6,4,10,56,75,74,33,131,155,183,126,17,8,0,0,0,0,0,0,0,0,0,0,0,0,5,13,64,83,85,38,151,178,215,147,19,11,5,12,61,81,80,37,145,170,208,138,16,10,7,16,74,103,98,45,176,212,258,173,22,15,5,14,68,88,91,42,156,178,211,141,19,12,4.0,10.25,52.0,69.75,69.0,31.12,122.38,144.25,174.0,118.12,15.38,8.75
Brick_0cm_S3,2026-04-25T09:51:24.431106,3,9,50,69,69,29,123,146,177,123,17,8,3,8,43,59,55,25,97,115,140,97,13,6,4,10,56,75,74,33,131,155,182,126,17,8,0,0,0,0,0,0,0,0,0,0,0,0,5,13,64,83,85,38,151,178,215,147,19,11,5,12,61,81,80,37,146,170,209,138,16,10,7,16,74,103,98,45,176,212,258,173,22,15,5,14,68,88,91,42,156,178,211,141,19,12,4.0,10.25,52.0,69.75,69.0,31.12,122.5,144.25,174.0,118.12,15.38,8.75
Brick_0cm_S3,2026-04-25T09:51:24.560372,4,9,50,69,69,29,124,147,176,122,17,8,3,8,43,59,55,25,97,115,140,97,13,6,4,10,56,75,74,33,131,155,183,125,17,8,0,0,0,0,0,0,0,0,0,0,0,0,5,13,64,83,85,38,151,178,215,147,19,11,5,12,61,81,80,37,146,170,209,138,16,10,7,16,74,103,98,45,176,212,258,173,23,15,6,14,68,88,91,42,156,178,210,141,19,12,4.25,10.25,52.0,69.75,69.0,31.12,122.62,144.38,173.88,117.88,15.5,8.75
Brick_0cm_S3,2026-04-25T09:51:24.686160,4,9,50,69,69,29,124,147,176,122,17,8,3,8,43,59,55,25,97,115,140,97,13,6,4,10,56,75,74,33,131,155,183,125,17,8,0,0,0,0,0,0,0,0,0,0,0,0,5,13,64,83,85,38,151,178,215,147,19,11,5,12,61,81,80,37,145,170,209,138,16,10,7,16,74,103,98,45,176,212,258,173,22,15,6,14,68,88,90,42,157,178,211,141,19,12,4.25,10.25,52.0,69.75,68.88,31.12,122.62,144.38,174.0,117.88,15.38,8.75
Brick_0cm_S3,2026-04-25T09:51:24.808220,3,9,50,69,69,30,124,146,176,123,17,9,3,8,43,60,55,25,97,115,140,97,13,6,4,10,56,75,74,33,131,155,182,125,17,8,0,0,0,0,0,0,0,0,0,0,0,0,5,13,64,83,85,38,151,178,215,147,19,11,5,12,61,81,80,37,145,170,209,138,16,10,7,16,74,103,98,45,176,212,258,173,22,15,6,14,68,88,90,42,157,178,211,141,19,12,4.12,10.25,52.0,69.88,68.88,31.25,122.62,144.25,173.88,118.0,15.38,8.88
Brick_0cm_S3,2026-04-25T09:51:24.941556,3,9,50,69,69,30,124,146,176,123,17,9,3,8,43,60,55,25,97,115,140,97,13,6,4,10,56,75,74,33,131,155,182,125,17,8,0,0,0,0,0,0,0,0,0,0,0,0,5,13,64,83,85,38,151,178,215,147,19,11,5,12,61,81,80,37,146,170,209,138,16,10,7,16,74,103,98,45,176,212,258,173,22,15,6,14,68,88,91,42,156,178,211,141,19,12,4.12,10.25,52.0,69.88,69.0,31.25,122.62,144.25,173.88,118.0,15.38,8.88
Brick_0cm_S3,2026-04-25T09:51:25.061719,4,9,50,69,70,29,124,146,176,123,17,9,3,8,43,59,55,25,97,115,140,97,13,6,4,10,56,75,74,33,131,155,182,126,17,8,0,0,0,0,0,0,0,0,0,0,0,0,5,13,64,83,85,38,151,178,215,147,19,11,5,12,61,81,80,37,146,170,209,138,16,10,7,16,74,103,98,45,176,212,258,173,22,15,6,14,68,88,91,42,156,178,211,141,19,12,4.25,10.25,52.0,69.75,69.12,31.12,122.62,144.25,173.88,118.12,15.38,8.88
Brick_0cm_S3,2026-04-25T09:51:25.183450,4,9,50,69,70,29,124,146,176,123,17,9,3,8,43,59,55,25,97,115,140,97,13,6,4,10,56,75,74,33,131,155,182,126,17,8,0,0,0,0,0,0,0,0,0,0,0,0,5,13,64,83,85,38,151,178,215,147,19,11,5,12,61,81,80,37,146,170,209,138,16,10,7,16,74,104,98,45,176,212,258,173,22,15,6,14,68,88,91,42,156,178,211,141,19,12,4.25,10.25,52.0,69.88,69.12,31.12,122.62,144.25,173.88,118.12,15.38,8.88
Brick_0cm_S3,2026-04-25T09:51:25.318452,3,9,50,69,69,30,124,147,176,122,17,9,3,8,43,60,55,25,97,115,140,97,13,6,4,10,56,75,74,33,131,155,182,125,17,8,0,0,0,0,0,0,0,0,0,0,0,0,5,13,64,83,85,38,151,178,215,147,19,11,5,12,61,81,80,37,146,170,209,138,16,10,7,16,74,104,98,45,176,212,258,173,22,15,6,14,68,88,91,42,156,178,211,141,19,12,4.12,10.25,52.0,70.0,69.0,31.25,122.62,144.38,173.88,117.88,15.38,8.88
Brick_0cm_S3,2026-04-25T09:51:25.439327,3,9,50,69,69,30,124,147,176,122,17,9,3,8,43,60,55,25,97,115,140,97,13,6,4,10,56,75,74,33,131,155,182,125,17,8,0,0,0,0,0,0,0,0,0,0,0,0,5,13,64,83,84,38,150,178,215,147,20,11,5,12,61,81,79,37,145,170,209,138,16,10,7,16,74,103,98,45,176,212,258,173,22,15,6,14,68,88,91,42,156,178,211,141,19,12,4.12,10.25,52.0,69.88,68.75,31.25,122.38,144.38,173.88,117.88,15.5,8.88
Brick_0cm_S3,2026-04-25T09:51:25.563858,4,9,50,69,69,29,124,146,176,122,17,9,3,8,43,59,55,25,97,116,140,97,13,6,4,10,56,75,74,33,131,155,183,125,17,8,0,0,0,0,0,0,0,0,0,0,0,0,5,13,64,83,84,38,150,178,215,147,20,11,5,12,61,81,79,37,145,170,209,138,16,10,7,16,74,103,98,45,176,212,258,173,22,15,6,14,68,88,91,42,156,178,211,141,19,12,4.25,10.25,52.0,69.75,68.75,31.12,122.38,144.38,174.0,117.88,15.5,8.88
Brick_0cm_S3,2026-04-25T09:51:25.689862,3,9,50,69,69,29,123,146,177,122,17,9,3,8,43,59,55,25,97,116,140,97,13,6,4,10,56,75,74,33,131,155,183,125,17,8,0,0,0,0,0,0,0,0,0,0,0,0,5,13,64,83,85,38,151,178,215,147,20,11,5,12,61,81,80,37,146,170,209,138,16,10,7,16,74,103,98,45,176,212,258,173,22,15,5,14,68,88,91,41,156,178,211,141,19,12,4.0,10.25,52.0,69.75,69.0,31.0,122.5,144.38,174.12,117.88,15.5,8.88
Brick_0cm_S3,2026-04-25T09:51:25.806749,3,9,50,69,69,29,123,146,177,122,17,9,3,8,43,59,55,25,97,115,140,97,13,6,4,10,56,75,74,33,131,155,183,125,17,8,0,0,0,0,0,0,0,0,0,0,0,0,5,13,64,83,85,38,151,178,215,147,20,11,5,12,61,81,80,37,146,170,209,138,16,10,7,16,74,103,98,45,176,212,258,173,22,15,5,14,68,88,91,41,156,178,211,141,19,12,4.0,10.25,52.0,69.75,69.0,31.0,122.5,144.25,174.12,117.88,15.5,8.88
Brick_0cm_S3,2026-04-25T09:51:25.920807,4,9,50,69,69,30,124,147,176,122,17,9,3,8,43,59,55,25,97,115,140,97,13,6,4,10,56,75,74,33,131,155,183,125,17,8,0,0,0,0,0,0,0,0,0,0,0,0,5,13,64,83,85,38,151,178,215,147,20,11,5,12,61,81,80,37,145,170,209,138,16,10,7,16,74,103,98,45,176,212,258,173,22,15,6,14,68,88,91,42,156,178,211,141,19,12,4.25,10.25,52.0,69.75,69.0,31.25,122.5,144.38,174.0,117.88,15.5,8.88
Brick_0cm_S3,2026-04-25T09:51:26.060752,4,9,50,69,69,30,124,147,176,122,17,9,3,8,43,60,55,25,97,115,140,97,13,6,4,10,56,75,74,33,131,155,182,126,17,8,0,0,0,0,0,0,0,0,0,0,0,0,5,13,64,83,85,38,151,178,215,147,20,11,5,12,61,81,80,37,145,170,209,138,16,10,7,16,74,103,98,45,176,212,258,173,22,15,6,14,68,88,91,42,156,178,211,141,19,12,4.25,10.25,52.0,69.88,69.0,31.25,122.5,144.38,173.88,118.0,15.5,8.88
Brick_0cm_S3,2026-04-25T09:51:26.177013,3,9,49,69,70,30,123,147,177,122,17,9,3,8,43,59,55,25,97,115,140,97,13,6,4,10,56,75,74,33,130,155,183,126,17,8,0,0,0,0,0,0,0,0,0,0,0,0,5,13,64,83,85,38,151,178,215,147,20,11,5,12,61,81,80,37,145,170,209,138,16,10,7,16,74,104,98,45,176,212,258,173,23,15,6,14,68,88,91,42,156,177,211,140,19,12,4.12,10.25,51.88,69.88,69.12,31.25,122.25,144.25,174.12,117.88,15.62,8.88
Brick_0cm_S3,2026-04-25T09:51:26.294581,3,9,49,69,70,30,123,147,177,122,17,9,3,8,43,59,55,25,97,115,140,97,13,6,4,10,56,75,74,33,130,155,183,126,17,8,0,0,0,0,0,0,0,0,0,0,0,0,5,13,64,83,85,38,151,178,215,147,19,11,5,12,61,81,80,37,145,170,209,138,16,10,7,16,74,103,98,45,177,212,258,173,22,15,6,14,68,88,91,42,156,177,211,140,19,12,4.12,10.25,51.88,69.75,69.12,31.25,122.38,144.25,174.12,117.88,15.38,8.88
Brick_0cm_S3,2026-04-25T09:51:26.407575,4,9,50,69,69,29,123,146,176,122,17,8,3,8,43,60,55,25,97,115,140,97,13,6,4,10,56,75,74,33,131,155,183,126,18,8,0,0,0,0,0,0,0,0,0,0,0,0,5,13,64,83,85,38,151,178,215,147,19,11,5,12,61,81,80,37,145,170,209,138,16,10,7,16,74,103,98,45,177,212,258,173,22,15,6,14,68,88,91,41,156,178,211,141,19,12,4.25,10.25,52.0,69.88,69.0,31.0,122.5,144.25,174.0,118.0,15.5,8.75
Brick_0cm_S3,2026-04-25T09:51:26.527437,4,9,50,69,69,29,123,146,176,122,17,8,3,8,43,60,55,25,97,115,140,97,13,6,4,10,56,75,74,33,131,155,183,126,18,8,0,0,0,0,0,0,0,0,0,0,0,0,5,13,64,83,85,38,150,177,215,147,20,11,5,12,61,81,80,37,146,170,209,138,16,10,7,16,74,104,98,45,176,212,258,173,22,15,5,14,68,88,91,41,156,178,210,141,19,12,4.12,10.25,52.0,70.0,69.0,31.0,122.38,144.12,173.88,118.0,15.62,8.75
Brick_0cm_S3,2026-04-25T09:51:26.643066,4,9,50,69,69,29,124,146,176,122,17,9,3,8,43,60,55,25,97,116,140,97,13,6,4,10,56,75,74,33,131,155,182,125,17,8,0,0,0,0,0,0,0,0,0,0,0,0,5,13,64,83,85,38,150,177,215,147,20,11,5,12,61,81,80,37,146,170,209,138,16,10,7,16,74,104,98,45,176,212,258,173,22,15,5,14,68,88,91,41,156,178,210,141,19,12,4.12,10.25,52.0,70.0,69.0,31.0,122.5,144.25,173.75,117.88,15.5,8.88
Brick_0cm_S3,2026-04-25T09:51:26.761699,4,9,50,69,69,29,124,146,176,122,17,9,3,8,43,60,55,25,97,116,140,97,13,6,4,10,56,75,74,33,131,155,182,125,17,8,0,0,0,0,0,0,0,0,0,0,0,0,5,13,64,83,84,38,150,178,215,147,20,11,5,12,61,81,79,37,146,170,209,138,16,10,7,16,74,103,98,45,177,212,258,172,22,15,6,14,68,88,90,41,156,178,211,141,19,12,4.25,10.25,52.0,69.88,68.62,31.0,122.62,144.38,173.88,117.75,15.5,8.88
Brick_0cm_S3,2026-04-25T09:51:26.889247,4,9,50,69,70,30,123,146,176,122,17,9,3,8,43,60,55,25,97,115,140,97,13,6,4,10,56,75,74,33,131,155,183,126,17,8,0,0,0,0,0,0,0,0,0,0,0,0,5,13,64,83,84,38,150,178,215,147,20,11,5,12,61,81,79,37,146,170,209,138,16,10,7,16,74,103,98,45,177,212,258,172,22,15,6,14,68,88,90,41,156,178,211,141,19,12,4.25,10.25,52.0,69.88,68.75,31.12,122.5,144.25,174.0,117.88,15.5,8.88
Brick_0cm_S3,2026-04-25T09:51:27.014341,4,9,50,69,70,30,123,146,176,122,17,9,3,8,43,60,55,25,97,115,140,97,13,6,4,10,56,75,74,33,131,155,183,126,17,8,0,0,0,0,0,0,0,0,0,0,0,0,5,13,64,83,85,38,151,178,215,147,20,11,5,12,61,81,80,37,145,170,209,138,16,10,7,16,74,103,98,45,176,212,258,173,22,15,6,14,68,88,91,42,156,178,211,141,19,12,4.25,10.25,52.0,69.88,69.12,31.25,122.38,144.25,174.0,118.0,15.5,8.88
Brick_0cm_S3,2026-04-25T09:51:27.151403,4,9,50,69,69,29,123,146,176,123,17,8,3,8,43,59,55,25,97,116,140,97,13,6,4,10,56,75,74,33,131,155,183,126,17,8,0,0,0,0,0,0,0,0,0,0,0,0,5,13,64,83,85,38,151,178,215,147,20,11,5,12,61,81,80,37,145,170,209,138,16,10,7,16,74,103,98,45,176,212,258,173,22,15,6,14,68,88,91,42,156,178,211,141,19,12,4.25,10.25,52.0,69.75,69.0,31.12,122.38,144.38,174.0,118.12,15.5,8.75
Brick_0cm_S3,2026-04-25T09:51:27.282946,4,9,50,69,69,29,123,146,176,123,17,8,3,8,43,59,55,25,97,116,140,97,13,6,4,10,56,75,74,33,131,155,183,126,17,8,0,0,0,0,0,0,0,0,0,0,0,0,5,13,64,83,84,38,151,178,215,147,19,11,5,12,61,81,80,37,146,170,209,138,16,10,7,16,74,103,97,45,177,212,258,173,22,15,6,14,68,88,91,42,156,177,210,141,19,12,4.25,10.25,52.0,69.75,68.75,31.12,122.62,144.25,173.88,118.12,15.38,8.75
Brick_0cm_S3,2026-04-25T09:51:27.407037,4,9,50,70,70,30,123,146,177,122,17,9,3,8,43,60,55,25,97,114,140,97,13,6,4,10,56,75,74,33,131,155,183,126,18,8,0,0,0,0,0,0,0,0,0,0,0,0,5,13,64,83,84,38,151,178,214,147,19,11,5,12,61,81,80,37,146,170,209,138,16,10,7,16,74,103,97,45,177,212,258,173,22,15,6,14,68,88,91,42,156,177,210,141,19,12,4.25,10.25,52.0,70.0,68.88,31.25,122.62,144.0,173.88,118.0,15.5,8.88
Brick_0cm_S3,2026-04-25T09:51:27.540038,4,9,50,69,69,30,124,146,176,123,16,9,3,8,43,59,55,25,97,115,140,97,13,6,4,10,56,75,74,33,131,156,182,126,17,8,0,0,0,0,0,0,0,0,0,0,0,0,5,13,64,83,84,38,151,178,214,147,19,11,5,12,61,81,80,37,146,170,209,138,16,10,7,16,74,103,97,45,176,212,257,172,22,15,6,13,68,88,90,41,157,178,210,141,19,12,4.25,10.12,52.0,69.75,68.62,31.12,122.75,144.38,173.5,118.0,15.25,8.88
Brick_0cm_S3,2026-04-25T09:51:27.651997,4,9,50,69,69,30,124,146,176,123,16,9,3,8,43,59,55,25,97,115,140,97,13,6,4,10,56,75,74,33,131,156,182,126,17,8,0,0,0,0,0,0,0,0,0,0,0,0,5,13,64,83,85,38,151,178,215,147,20,11,5,12,61,81,80,37,146,171,209,139,16,10,7,16,74,103,98,45,176,212,258,173,22,15,6,13,68,88,90,41,157,178,210,141,19,12,4.25,10.12,52.0,69.75,68.88,31.12,122.75,144.5,173.75,118.25,15.38,8.88
Brick_0cm_S3,2026-04-25T09:51:27.764105,4,9,49,69,69,30,124,146,176,122,17,9,3,8,43,59,55,25,97,115,140,97,13,6,4,10,56,75,74,33,131,155,183,126,17,8,0,0,0,0,0,0,0,0,0,0,0,0,5,13,64,83,85,38,151,178,215,147,20,11,5,12,61,81,80,37,146,171,209,139,16,10,7,16,74,103,98,45,176,212,258,173,22,15,6,14,68,88,91,41,156,178,211,141,19,12,4.25,10.25,51.88,69.75,69.0,31.12,122.62,144.38,174.0,118.12,15.5,8.88
Brick_0cm_S3,2026-04-25T09:51:27.880979,4,9,49,69,69,30,124,146,176,122,17,9,3,8,43,59,55,25,97,115,140,97,13,6,4,10,56,75,74,33,131,155,183,126,17,8,0,0,0,0,0,0,0,0,0,0,0,0,5,13,64,83,85,38,151,178,215,147,20,11,5,12,61,81,80,37,146,170,209,139,16,10,7,16,74,103,98,45,176,212,258,173,22,15,6,14,68,88,91,41,156,178,211,141,19,12,4.25,10.25,51.88,69.75,69.0,31.12,122.62,144.25,174.0,118.12,15.5,8.88
Brick_0cm_S3,2026-04-25T09:51:27.994884,3,9,50,69,69,29,124,146,176,122,17,8,3,8,43,59,55,25,97,115,140,97,13,6,4,10,56,75,74,33,131,155,183,126,17,8,0,0,0,0,0,0,0,0,0,0,0,0,5,13,64,83,85,38,151,178,215,147,20,11,5,12,61,81,80,37,146,170,209,139,16,10,7,16,74,104,98,45,176,212,258,173,22,15,5,14,68,88,90,42,156,178,210,140,19,12,4.0,10.25,52.0,69.88,68.88,31.12,122.62,144.25,173.88,118.0,15.5,8.75
Brick_0cm_S3,2026-04-25T09:51:28.116161,3,9,50,69,69,29,124,146,176,122,17,8,3,8,43,59,55,25,97,115,140,97,13,6,4,10,56,75,74,33,131,155,183,125,17,8,0,0,0,0,0,0,0,0,0,0,0,0,5,13,64,83,85,38,151,177,215,147,20,11,5,12,61,81,80,37,145,171,209,139,16,10,7,16,74,104,98,45,176,212,258,173,22,15,5,14,68,88,90,42,156,178,210,140,19,12,4.0,10.25,52.0,69.88,68.88,31.12,122.5,144.25,173.88,117.88,15.5,8.75
Brick_0cm_S3,2026-04-25T09:51:28.234845,3,9,50,69,70,30,123,146,176,122,17,9,3,8,43,59,55,25,97,115,139,97,13,6,4,10,56,75,74,33,131,155,183,126,17,8,0,0,0,0,0,0,0,0,0,0,0,0,5,13,64,83,85,38,151,177,215,147,20,11,5,12,61,81,80,37,145,171,209,139,16,10,7,16,74,103,98,45,176,212,258,173,22,15,6,14,68,88,91,42,156,178,211,141,19,12,4.12,10.25,52.0,69.75,69.12,31.25,122.38,144.25,173.88,118.12,15.5,8.88
Brick_0cm_S3,2026-04-25T09:51:28.355548,3,9,50,69,70,30,123,146,176,122,17,9,3,8,43,59,55,25,97,115,139,97,13,6,4,10,56,75,74,33,131,155,183,126,17,8,0,0,0,0,0,0,0,0,0,0,0,0,5,13,64,83,85,38,151,178,215,147,20,11,5,12,61,81,80,37,146,170,209,139,16,10,7,16,74,103,98,45,177,212,258,173,22,15,6,14,68,88,91,42,156,178,211,141,19,12,4.12,10.25,52.0,69.75,69.12,31.25,122.62,144.25,173.88,118.12,15.5,8.88
Brick_0cm_S3,2026-04-25T09:51:28.469430,3,9,50,69,69,29,123,146,177,122,17,9,3,8,43,59,55,25,97,115,140,97,13,6,4,10,56,75,74,33,131,155,183,126,17,8,0,0,0,0,0,0,0,0,0,0,0,0,5,13,64,83,85,38,151,178,215,147,20,11,5,12,61,81,80,37,146,170,209,139,16,10,7,16,74,103,98,45,177,212,258,173,22,15,5,14,68,88,91,41,156,178,211,140,19,12,4.0,10.25,52.0,69.75,69.0,31.0,122.62,144.25,174.12,118.0,15.5,8.88
Brick_0cm_S3,2026-04-25T09:51:28.592534,3,9,50,69,69,29,123,146,177,122,17,9,3,8,43,59,55,25,97,115,140,97,13,6,4,10,56,75,74,33,131,155,183,126,17,8,0,0,0,0,0,0,0,0,0,0,0,0,5,13,64,83,85,38,151,178,215,147,19,11,5,12,61,81,80,37,146,171,209,139,16,10,7,16,74,103,98,45,176,212,258,173,23,15,6,14,68,88,91,42,156,178,211,141,19,12,4.12,10.25,52.0,69.75,69.0,31.12,122.5,144.38,174.12,118.12,15.5,8.88
Brick_0cm_S3,2026-04-25T09:51:28.725697,4,9,49,69,69,29,123,146,176,123,17,9,3,8,43,59,55,25,97,115,140,97,13,6,4,10,56,75,74,33,131,155,183,126,17,8,0,0,0,0,0,0,0,0,0,0,0,0,5,13,64,83,85,38,151,178,215,147,19,11,5,12,61,81,80,37,146,171,209,139,16,10,7,16,74,103,98,45,176,212,258,173,23,15,6,14,68,88,91,42,156,178,211,141,19,12,4.25,10.25,51.88,69.75,69.0,31.12,122.5,144.38,174.0,118.25,15.5,8.88
Brick_0cm_S3,2026-04-25T09:51:28.842431,4,9,49,69,69,29,123,146,176,123,17,9,3,8,43,59,55,25,97,115,140,97,13,6,4,10,56,75,74,33,131,155,183,126,17,8,0,0,0,0,0,0,0,0,0,0,0,0,5,13,64,83,85,38,151,178,216,147,20,11,5,12,61,81,80,37,146,171,209,139,16,10,7,16,74,103,98,45,176,212,258,173,22,15,6,14,68,88,91,41,156,178,211,141,19,12,4.25,10.25,51.88,69.75,69.0,31.0,122.5,144.38,174.12,118.25,15.5,8.88
Brick_0cm_S3,2026-04-25T09:51:28.964835,3,9,50,69,70,30,123,146,177,122,17,8,3,8,43,59,55,25,97,115,139,97,13,6,4,10,56,76,74,33,131,156,182,126,17,8,0,0,0,0,0,0,0,0,0,0,0,0,5,13,64,83,85,38,151,178,216,147,20,11,5,12,61,81,80,37,146,171,209,139,16,10,7,16,74,103,98,45,176,212,258,173,22,15,6,14,68,88,91,41,156,178,211,141,19,12,4.12,10.25,52.0,69.88,69.12,31.12,122.5,144.5,174.0,118.12,15.5,8.75
Brick_0cm_S3,2026-04-25T09:51:29.092309,3,9,50,69,70,30,123,146,177,122,17,8,3,8,43,59,55,25,97,115,139,97,13,6,4,10,56,76,74,33,131,156,182,126,17,8,0,0,0,0,0,0,0,0,0,0,0,0,5,13,64,83,85,38,151,178,216,147,20,11,5,12,61,81,80,37,146,171,209,138,16,10,7,16,74,103,98,45,176,212,258,173,22,15,5,14,68,88,91,41,156,178,210,141,19,12,4.0,10.25,52.0,69.88,69.12,31.12,122.5,144.5,173.88,118.0,15.5,8.75
Brick_0cm_S3,2026-04-25T09:51:29.218578,3,9,50,69,69,30,123,146,176,122,17,9,3,8,43,59,55,25,97,115,139,97,13,6,4,10,56,75,74,33,131,155,183,126,17,8,0,0,0,0,0,0,0,0,0,0,0,0,5,13,64,83,85,38,151,178,216,147,20,11,5,12,61,81,80,37,146,171,209,138,16,10,7,16,74,103,98,45,176,212,258,173,22,15,5,14,68,88,91,41,156,178,210,141,19,12,4.0,10.25,52.0,69.75,69.0,31.12,122.5,144.38,173.88,118.0,15.5,8.88
Brick_0cm_S3,2026-04-25T09:51:29.340208,4,9,50,69,69,29,123,146,176,122,17,9,3,8,43,59,55,25,97,115,139,97,13,6,4,10,56,75,74,33,131,155,183,126,17,8,0,0,0,0,0,0,0,0,0,0,0,0,5,13,64,83,85,38,151,178,216,147,20,11,5,12,61,81,80,37,146,171,209,138,16,10,7,16,74,103,98,45,176,212,258,173,22,15,6,14,68,88,91,42,156,178,210,141,19,12,4.25,10.25,52.0,69.75,69.0,31.12,122.5,144.38,173.88,118.0,15.5,8.88
Brick_0cm_S3,2026-04-25T09:51:29.467288,4,9,50,69,69,29,123,146,176,122,17,9,3,8,43,59,55,25,97,115,140,97,13,6,4,10,56,75,74,33,131,155,183,126,17,8,0,0,0,0,0,0,0,0,0,0,0,0,5,13,64,83,85,38,151,178,215,147,20,11,5,12,61,81,80,37,146,171,209,138,16,10,7,16,74,103,98,45,176,212,258,173,22,15,6,14,68,88,91,42,156,178,210,141,19,12,4.25,10.25,52.0,69.75,69.0,31.12,122.5,144.38,173.88,118.0,15.5,8.88
Brick_0cm_S3,2026-04-25T09:51:29.592174,4,9,50,69,69,29,124,146,176,122,17,9,3,8,43,59,54,25,97,115,139,97,13,6,4,10,56,75,74,33,131,155,183,126,17,8,0,0,0,0,0,0,0,0,0,0,0,0,5,13,64,83,85,38,151,178,215,147,20,11,5,12,61,81,80,37,146,171,209,138,16,10,7,16,74,103,98,45,176,212,258,173,22,15,5,14,68,88,90,42,156,177,210,141,19,12,4.12,10.25,52.0,69.75,68.75,31.12,122.62,144.25,173.75,118.0,15.5,8.88
Brick_0cm_S3,2026-04-25T09:51:29.713081,4,9,50,69,69,29,124,146,176,122,17,9,3,8,43,59,54,25,97,115,139,97,13,6,4,10,56,75,74,33,131,155,183,126,17,8,0,0,0,0,0,0,0,0,0,0,0,0,5,13,64,83,85,38,151,178,215,147,19,11,5,12,61,81,80,37,146,170,209,138,16,10,7,16,74,103,98,45,177,212,258,173,22,15,5,14,68,88,90,42,156,177,210,141,19,12,4.12,10.25,52.0,69.75,68.75,31.12,122.75,144.12,173.75,118.0,15.38,8.88
Brick_0cm_S3,2026-04-25T09:51:29.839999,3,9,49,69,69,30,123,146,176,122,16,8,3,8,43,59,55,25,96,115,140,97,13,6,4,10,56,75,74,33,131,155,183,126,17,8,0,0,0,0,0,0,0,0,0,0,0,0,5,13,64,83,85,38,151,178,215,147,19,11,5,12,61,81,80,37,146,170,209,138,16,10,7,16,74,103,98,45,177,212,258,173,22,15,6,14,68,88,91,42,156,178,211,141,19,12,4.12,10.25,51.88,69.75,69.0,31.25,122.5,144.25,174.0,118.0,15.25,8.75
Brick_0cm_S3,2026-04-25T09:51:29.967211,3,9,49,69,69,30,123,146,176,122,16,8,3,8,43,59,55,25,96,115,140,97,13,6,4,10,56,75,74,33,131,155,183,126,17,8,0,0,0,0,0,0,0,0,0,0,0,0,5,13,64,83,85,39,151,178,216,147,20,11,5,12,61,81,80,37,146,171,209,139,16,10,7,16,74,103,97,45,176,212,258,173,23,15,6,14,68,88,90,41,156,178,211,141,19,11,4.12,10.25,51.88,69.75,68.75,31.25,122.38,144.38,174.12,118.12,15.5,8.62
Brick_0cm_S3,2026-04-25T09:51:30.092133,3,9,49,69,69,30,123,146,176,122,16,8,3,8,43,59,54,25,97,115,139,97,13,6,4,10,56,75,74,33,131,155,182,126,17,8,0,0,0,0,0,0,0,0,0,0,0,0,5,13,64,83,85,39,151,178,216,147,20,11,5,12,61,81,80,37,146,171,209,139,16,10,7,16,74,103,97,45,176,212,258,173,23,15,6,14,68,88,90,41,156,178,211,141,19,11,4.12,10.25,51.88,69.75,68.62,31.25,122.5,144.38,173.88,118.12,15.5,8.62
Brick_0cm_S3,2026-04-25T09:51:30.218885,3,9,49,69,69,30,123,146,176,122,16,8,3,8,43,59,54,25,97,115,139,97,13,6,4,10,56,75,74,33,131,155,182,126,17,8,0,0,0,0,0,0,0,0,0,0,0,0,5,13,64,83,85,38,151,178,216,147,20,11,5,12,61,81,80,37,146,171,209,138,16,10,7,16,74,103,98,45,176,212,258,173,22,15,5,13,68,88,90,42,156,178,210,141,19,12,4.0,10.12,51.88,69.75,68.75,31.25,122.5,144.38,173.75,118.0,15.38,8.75
Brick_0cm_S3,2026-04-25T09:51:30.344172,3,9,50,69,69,30,123,146,177,122,17,8,3,8,43,59,55,25,97,115,140,97,13,6,4,10,56,75,74,33,131,155,183,126,17,8,0,0,0,0,0,0,0,0,0,0,0,0,5,13,64,83,85,38,151,178,216,147,20,11,5,12,61,81,80,37,146,171,209,138,16,10,7,16,74,103,98,45,176,212,258,173,22,15,5,13,68,88,90,42,156,178,210,141,19,12,4.0,10.12,52.0,69.75,68.88,31.25,122.5,144.38,174.12,118.0,15.5,8.75
Brick_0cm_S3,2026-04-25T09:51:30.465833,3,9,50,69,69,30,123,146,177,122,17,8,3,8,43,59,55,25,97,115,140,97,13,6,4,10,56,75,74,33,131,155,183,126,17,8,0,0,0,0,0,0,0,0,0,0,0,0,5,13,64,83,85,38,151,178,215,147,20,11,5,12,61,81,80,37,146,170,209,138,16,10,7,16,74,103,97,45,176,212,258,173,22,15,5,14,68,88,91,41,156,178,210,141,19,12,4.0,10.25,52.0,69.75,68.88,31.12,122.5,144.25,174.0,118.0,15.5,8.75
Brick_0cm_S3,2026-04-25T09:51:30.592383,4,9,50,69,69,30,124,146,176,122,17,9,3,8,43,59,55,25,97,115,139,97,13,6,4,10,56,75,74,33,131,155,182,126,17,8,0,0,0,0,0,0,0,0,0,0,0,0,5,13,64,83,85,38,151,178,216,147,19,11,5,12,61,81,80,37,146,170,209,138,16,10,7,16,74,103,97,45,176,212,258,173,22,15,5,14,68,88,91,41,156,178,210,141,19,12,4.12,10.25,52.0,69.75,68.88,31.12,122.62,144.25,173.75,118.0,15.38,8.88
Brick_0cm_S3,2026-04-25T09:51:30.706149,3,9,50,69,70,30,123,146,176,122,17,8,3,8,43,59,55,25,97,115,139,97,13,6,4,10,56,75,74,33,131,155,182,126,17,8,0,0,0,0,0,0,0,0,0,0,0,0,5,13,64,83,85,38,151,178,216,147,19,11,5,12,61,81,80,37,146,171,209,138,16,10,7,16,74,103,98,45,176,212,258,173,22,15,5,14,68,88,91,41,156,178,210,141,19,12,4.0,10.25,52.0,69.75,69.12,31.12,122.5,144.38,173.75,118.0,15.38,8.75
Brick_0cm_S3,2026-04-25T09:51:30.824007,3,9,50,69,70,30,123,146,176,122,17,8,3,8,43,59,55,25,97,115,139,97,13,6,4,10,56,75,74,33,131,155,183,126,17,8,0,0,0,0,0,0,0,0,0,0,0,0,5,13,64,83,85,38,151,178,216,147,19,11,5,12,61,81,80,37,146,171,209,138,16,10,7,16,74,103,98,45,176,212,258,173,22,15,5,14,68,88,91,41,156,178,210,141,19,12,4.0,10.25,52.0,69.75,69.12,31.12,122.5,144.38,173.88,118.0,15.38,8.75
Brick_0cm_S3,2026-04-25T09:51:30.946172,3,9,50,69,69,29,123,146,176,122,17,9,3,8,43,59,55,25,97,115,139,97,13,6,4,10,56,75,74,33,131,155,183,126,17,8,0,0,0,0,0,0,0,0,0,0,0,0,5,13,64,83,85,38,151,178,215,147,19,11,5,12,61,81,80,37,146,170,209,138,16,10,7,16,74,104,98,45,176,212,258,173,22,15,6,14,68,88,91,42,156,178,210,141,19,12,4.12,10.25,52.0,69.88,69.0,31.12,122.5,144.25,173.75,118.0,15.38,8.88
Brick_0cm_S3,2026-04-25T09:51:31.071306,3,9,50,69,69,29,123,146,176,122,17,9,3,8,43,59,55,25,97,115,140,97,13,6,4,10,56,75,74,33,131,155,183,125,17,8,0,0,0,0,0,0,0,0,0,0,0,0,5,13,64,83,85,38,151,178,215,147,20,11,5,12,61,81,80,37,146,170,209,138,16,10,7,16,74,104,98,45,176,212,258,173,22,15,6,14,68,88,91,42,156,178,210,141,19,12,4.12,10.25,52.0,69.88,69.0,31.12,122.5,144.25,173.88,117.88,15.5,8.88
Brick_0cm_S3,2026-04-25T09:51:31.192967,3,9,50,69,69,29,123,146,176,122,17,9,3,8,43,59,54,25,97,115,139,97,13,6,4,10,56,75,74,33,131,155,183,125,17,8,0,0,0,0,0,0,0,0,0,0,0,0,5,13,64,83,85,38,151,178,215,147,20,11,5,12,61,81,80,37,146,170,209,139,16,10,7,16,74,103,98,45,176,212,258,173,22,15,5,14,68,88,91,42,156,177,211,141,19,12,4.0,10.25,52.0,69.75,68.88,31.12,122.5,144.12,173.88,118.0,15.5,8.88
Brick_0cm_S3,2026-04-25T09:51:31.309018,3,9,50,69,69,29,123,146,176,122,17,9,3,8,43,59,54,25,97,115,139,97,13,6,4,10,56,75,74,33,131,155,183,126,17,8,0,0,0,0,0,0,0,0,0,0,0,0,5,13,64,83,85,38,151,178,215,147,20,11,5,12,61,81,80,37,146,170,209,138,16,10,7,16,74,103,98,45,176,212,258,173,22,15,5,14,68,88,91,42,156,177,211,141,19,12,4.0,10.25,52.0,69.75,68.88,31.12,122.5,144.12,173.88,118.0,15.5,8.88
Brick_0cm_S3,2026-04-25T09:51:31.425666,4,9,50,69,69,30,124,146,176,122,17,8,3,8,43,59,55,25,97,115,139,97,13,6,4,10,56,75,74,33,131,155,183,126,17,8,0,0,0,0,0,0,0,0,0,0,0,0,5,13,64,83,85,38,151,178,215,147,20,11,5,12,61,81,80,37,146,170,209,138,16,10,7,16,74,103,98,45,176,212,258,173,22,15,6,14,68,88,91,42,157,178,211,141,19,12,4.25,10.25,52.0,69.75,69.0,31.25,122.75,144.25,173.88,118.0,15.5,8.75
Brick_0cm_S3,2026-04-25T09:51:31.579321,4,9,50,69,69,30,124,146,176,122,17,8,3,8,43,59,55,25,97,115,139,97,13,6,4,10,55,75,74,33,131,155,183,126,17,8,0,0,0,0,0,0,0,0,0,0,0,0,5,13,64,83,85,38,151,178,215,147,20,11,5,12,61,81,79,37,146,170,209,138,16,10,7,16,74,103,97,45,176,211,257,173,22,15,6,14,68,88,91,42,157,178,211,141,19,12,4.25,10.25,51.88,69.75,68.75,31.25,122.75,144.12,173.75,118.0,15.5,8.75
Brick_0cm_S3,2026-04-25T09:51:31.698610,4,9,50,69,70,29,124,146,176,122,17,9,3,8,43,59,55,25,97,115,140,97,13,6,4,10,56,75,74,33,131,155,182,126,17,8,0,0,0,0,0,0,0,0,0,0,0,0,5,13,64,83,85,38,151,178,215,147,20,11,5,12,61,81,79,37,146,170,209,138,16,10,7,16,74,103,97,45,176,211,257,173,22,15,6,14,68,88,90,42,156,178,211,140,19,12,4.25,10.25,52.0,69.75,68.75,31.12,122.62,144.12,173.75,117.88,15.5,8.88
Brick_0cm_S3,2026-04-25T09:51:31.813725,4,9,50,69,70,29,124,146,176,122,17,9,3,8,43,59,55,25,97,115,140,97,13,6,4,10,56,75,74,33,131,155,182,126,17,8,0,0,0,0,0,0,0,0,0,0,0,0,5,13,64,83,85,39,151,178,216,147,20,11,5,12,61,81,80,37,146,170,209,138,16,10,7,16,74,103,98,45,176,212,258,173,22,15,6,14,68,88,90,42,156,178,210,141,19,12,4.25,10.25,52.0,69.75,69.0,31.25,122.62,144.25,173.88,118.0,15.5,8.88
Brick_0cm_S3,2026-04-25T09:51:31.926655,4,9,50,69,69,30,124,146,176,123,17,9,3,8,43,59,55,25,97,115,140,97,13,6,4,10,56,75,74,33,131,155,183,125,17,8,0,0,0,0,0,0,0,0,0,0,0,0,5,13,64,83,85,39,151,178,216,147,20,11,5,12,61,81,80,37,146,170,209,138,16,10,7,16,74,103,98,45,176,212,258,173,22,15,6,14,68,88,90,42,156,178,210,141,19,12,4.25,10.25,52.0,69.75,68.88,31.38,122.62,144.25,174.0,118.0,15.5,8.88
Brick_0cm_S3,2026-04-25T09:51:32.041692,4,9,50,69,69,30,124,146,176,123,17,9,3,8,43,59,55,25,97,115,140,97,13,6,4,10,56,75,74,33,131,155,183,125,17,8,0,0,0,0,0,0,0,0,0,0,0,0,5,13,64,83,85,38,151,178,215,147,20,11,5,12,61,81,80,37,146,170,209,138,16,10,7,16,74,103,98,45,176,212,258,173,22,15,5,14,68,88,91,41,156,178,211,141,19,12,4.12,10.25,52.0,69.75,69.0,31.12,122.62,144.25,174.0,118.0,15.5,8.88
Brick_0cm_S3,2026-04-25T09:51:32.180924,4,9,50,69,69,30,123,146,176,122,17,8,3,8,43,59,55,25,97,115,140,97,13,6,4,10,56,75,74,33,131,155,182,126,17,8,0,0,0,0,0,0,0,0,0,0,0,0,5,13,64,83,85,38,151,178,215,147,20,11,5,12,61,81,80,37,146,170,209,138,16,10,7,16,74,103,98,45,176,212,258,173,22,15,5,14,68,88,91,41,156,178,211,141,19,12,4.12,10.25,52.0,69.75,69.0,31.12,122.5,144.25,173.88,118.0,15.5,8.75
Brick_0cm_S3,2026-04-25T09:51:32.297622,4,9,50,69,69,30,123,146,176,122,17,8,3,8,43,59,55,25,97,115,140,97,13,6,4,10,56,75,74,33,131,155,182,126,17,8,0,0,0,0,0,0,0,0,0,0,0,0,5,13,64,83,85,39,151,178,215,147,20,11,5,12,61,81,80,37,146,170,209,138,16,10,7,16,74,103,98,45,176,212,258,173,22,15,6,14,68,88,91,42,156,178,210,141,19,12,4.25,10.25,52.0,69.75,69.0,31.38,122.5,144.25,173.75,118.0,15.5,8.75
Brick_0cm_S3,2026-04-25T09:51:32.421964,4,9,50,69,69,29,123,146,176,122,17,8,3,8,43,59,55,25,97,115,139,97,13,6,4,10,56,75,74,33,131,155,183,126,17,8,0,0,0,0,0,0,0,0,0,0,0,0,5,13,64,83,85,39,151,178,215,147,20,11,5,12,61,81,80,37,146,170,209,138,16,10,7,16,74,103,98,45,176,212,258,173,22,15,6,14,68,88,91,42,156,178,210,141,19,12,4.25,10.25,52.0,69.75,69.0,31.25,122.5,144.25,173.75,118.0,15.5,8.75
Brick_0cm_S3,2026-04-25T09:51:32.541730,3,9,49,69,69,30,123,146,176,123,17,8,3,8,43,59,55,25,97,115,139,97,13,6,4,10,56,75,74,33,131,155,183,126,17,8,0,0,0,0,0,0,0,0,0,0,0,0,5,13,64,83,85,38,151,178,216,147,19,11,5,12,61,81,79,37,146,170,209,138,16,10,7,16,74,103,98,45,176,212,258,173,22,15,6,14,68,88,91,42,156,178,210,141,19,12,4.12,10.25,51.88,69.75,68.88,31.25,122.5,144.25,173.88,118.12,15.38,8.75
Brick_0cm_S3,2026-04-25T09:51:32.670591,3,9,49,69,69,30,123,146,176,123,17,8,3,8,43,59,55,25,97,115,139,97,13,6,4,10,56,75,74,33,131,155,183,126,17,8,0,0,0,0,0,0,0,0,0,0,0,0,5,13,64,83,85,38,151,178,215,147,20,11,5,12,61,81,79,37,146,170,209,138,16,10,7,16,74,103,98,45,176,212,258,173,22,15,6,14,68,88,91,42,156,178,210,141,19,12,4.12,10.25,51.88,69.75,68.88,31.25,122.5,144.25,173.75,118.12,15.5,8.75
Brick_0cm_S3,2026-04-25T09:51:32.797365,4,9,49,69,70,29,124,147,176,122,17,8,3,8,43,59,55,25,97,115,140,97,13,6,4,10,56,75,74,33,131,155,183,125,17,8,0,0,0,0,0,0,0,0,0,0,0,0,5,13,64,83,85,38,151,178,215,147,20,11,5,12,61,81,80,37,146,170,209,138,16,10,7,16,74,103,98,45,177,212,257,173,22,15,5,14,68,88,91,41,156,177,211,140,19,12,4.12,10.25,51.88,69.75,69.12,31.0,122.75,144.25,173.88,117.75,15.5,8.75
Brick_0cm_S3,2026-04-25T09:51:32.924701,4,9,49,69,70,29,124,147,176,122,17,8,3,8,43,59,55,25,97,115,140,97,13,6,4,10,56,75,74,33,131,155,183,125,17,8,0,0,0,0,0,0,0,0,0,0,0,0,5,13,64,83,85,38,151,178,215,147,20,11,5,12,61,81,79,37,146,170,209,138,16,10,7,16,74,103,98,45,176,211,257,173,22,15,5,14,68,88,91,41,156,177,211,140,19,12,4.12,10.25,51.88,69.75,69.0,31.0,122.62,144.12,173.88,117.75,15.5,8.75
Brick_0cm_S3,2026-04-25T09:51:33.045898,3,9,50,69,69,29,123,146,176,122,17,9,3,8,43,59,55,25,96,115,139,97,13,6,4,10,56,75,74,33,131,155,183,125,17,8,0,0,0,0,0,0,0,0,0,0,0,0,5,13,64,83,85,38,151,178,215,147,20,11,5,12,61,81,79,37,146,170,209,138,16,10,7,16,74,103,98,45,176,211,257,173,22,15,6,14,68,88,91,42,156,178,211,141,19,12,4.12,10.25,52.0,69.75,68.88,31.12,122.38,144.12,173.75,117.88,15.5,8.88
Brick_0cm_S3,2026-04-25T09:51:33.170759,3,9,50,69,69,29,123,146,176,122,17,9,3,8,43,59,55,25,96,115,139,97,13,6,4,10,56,75,74,33,131,155,183,125,17,8,0,0,0,0,0,0,0,0,0,0,0,0,5,13,64,83,85,38,151,178,216,147,20,11,5,12,61,81,80,37,146,171,209,139,16,10,7,16,74,103,98,45,176,212,257,173,22,15,5,14,68,88,90,41,156,178,210,141,19,12,4.0,10.25,52.0,69.75,68.88,31.0,122.38,144.38,173.75,118.0,15.5,8.88
Brick_0cm_S3,2026-04-25T09:51:33.292652,4,9,50,69,69,30,124,146,176,122,17,9,3,8,42,59,55,25,97,115,140,97,13,6,4,10,56,75,74,33,131,155,182,126,17,8,0,0,0,0,0,0,0,0,0,0,0,0,5,13,64,83,85,38,151,178,216,147,20,11,5,12,61,81,80,37,146,171,209,139,16,10,7,16,74,103,98,45,176,212,257,173,22,15,5,14,68,88,90,41,156,178,210,141,19,12,4.12,10.25,51.88,69.75,68.88,31.12,122.62,144.38,173.75,118.12,15.5,8.88
Brick_0cm_S3,2026-04-25T09:51:33.417814,4,9,50,69,69,30,124,146,176,122,17,9,3,8,42,59,55,25,97,115,140,97,13,6,4,10,56,75,74,33,131,155,182,126,17,8,0,0,0,0,0,0,0,0,0,0,0,0,5,13,64,83,85,39,151,178,215,147,20,11,4,12,61,81,80,37,146,170,209,139,16,10,7,16,74,104,98,45,176,212,258,173,22,15,6,14,68,88,90,41,156,177,211,141,19,12,4.12,10.25,51.88,69.88,68.88,31.25,122.62,144.12,173.88,118.12,15.5,8.88
Brick_0cm_S3,2026-04-25T09:51:33.543370,4,9,50,70,70,30,124,146,176,123,17,9,3,8,43,59,55,25,97,115,140,97,13,6,4,10,56,75,74,33,131,155,183,125,17,8,0,0,0,0,0,0,0,0,0,0,0,0,5,13,64,83,85,39,151,178,215,147,20,11,4,12,61,81,80,37,146,170,209,139,16,10,7,16,74,104,98,45,176,212,258,173,22,15,6,14,68,88,90,41,156,177,211,141,19,12,4.12,10.25,52.0,70.0,69.0,31.25,122.62,144.12,174.0,118.12,15.5,8.88
Brick_0cm_S3,2026-04-25T09:51:33.684579,4,9,50,69,69,30,123,146,176,122,17,9,3,8,43,59,55,25,97,115,140,97,13,6,4,10,56,75,74,33,131,155,183,125,17,8,0,0,0,0,0,0,0,0,0,0,0,0,5,13,65,83,85,38,151,178,215,147,20,11,5,12,61,81,80,37,146,170,209,138,16,10,7,16,74,103,98,45,176,212,258,173,22,15,6,14,68,88,91,42,157,178,211,141,19,11,4.25,10.25,52.12,69.75,69.0,31.25,122.62,144.25,174.0,117.88,15.5,8.75
Brick_0cm_S3,2026-04-25T09:51:33.812024,4,9,50,69,69,30,123,146,176,122,17,9,3,8,43,59,55,25,97,115,140,97,13,6,4,10,56,75,74,33,131,155,183,126,17,8,0,0,0,0,0,0,0,0,0,0,0,0,5,13,64,83,85,38,151,178,216,147,20,11,5,12,61,81,80,37,146,170,209,138,16,10,7,16,74,103,98,45,176,212,258,173,22,15,6,14,68,88,91,42,157,178,211,141,19,11,4.25,10.25,52.0,69.75,69.0,31.25,122.62,144.25,174.12,118.0,15.5,8.75
Brick_0cm_S3,2026-04-25T09:51:33.937089,4,9,50,69,69,30,123,146,176,122,17,8,3,8,43,59,54,25,97,115,139,97,13,6,4,10,56,75,74,33,131,155,183,126,17,8,0,0,0,0,0,0,0,0,0,0,0,0,5,13,64,83,85,38,151,178,216,147,20,11,5,12,61,81,80,37,146,170,209,138,16,10,7,16,74,103,98,45,176,212,258,173,22,15,6,13,68,88,90,42,156,178,209,141,19,12,4.25,10.12,52.0,69.75,68.75,31.25,122.5,144.25,173.75,118.0,15.5,8.75
Brick_0cm_S3,2026-04-25T09:51:34.062089,4,9,50,69,69,30,123,146,176,122,17,8,3,8,43,59,54,25,97,115,139,97,13,6,4,10,56,75,74,33,131,155,183,126,17,8,0,0,0,0,0,0,0,0,0,0,0,0,5,13,64,83,85,38,151,178,215,147,20,11,5,12,61,81,80,37,146,170,209,139,16,10,7,16,74,104,98,45,177,212,258,173,22,15,6,13,68,88,90,42,156,178,209,141,19,12,4.25,10.12,52.0,69.88,68.75,31.25,122.62,144.25,173.62,118.12,15.5,8.75
Brick_0cm_S3,2026-04-25T09:51:34.183375,4,9,50,69,69,29,123,146,176,123,17,9,3,8,43,59,55,25,96,115,140,97,13,6,4,10,56,75,74,33,131,156,183,126,17,8,0,0,0,0,0,0,0,0,0,0,0,0,5,13,64,83,85,38,151,178,215,147,20,11,5,12,61,81,80,37,146,170,209,139,16,10,7,16,74,104,98,45,177,212,258,173,22,15,6,14,68,88,91,42,156,178,210,141,19,12,4.25,10.25,52.0,69.88,69.0,31.12,122.5,144.38,173.88,118.25,15.5,8.88
Brick_0cm_S3,2026-04-25T09:51:34.307697,4,9,50,69,69,29,123,146,176,123,17,9,3,8,43,59,55,25,96,115,140,97,13,6,4,10,56,75,74,33,131,156,183,126,17,8,0,0,0,0,0,0,0,0,0,0,0,0,5,13,64,83,85,38,151,178,215,147,20,11,5,12,61,81,80,37,146,170,209,138,16,10,7,16,74,103,98,45,176,212,258,173,22,15,6,14,68,88,91,41,156,178,211,140,19,12,4.25,10.25,52.0,69.75,69.0,31.0,122.38,144.38,174.0,118.0,15.5,8.88
Brick_0cm_S3,2026-04-25T09:51:34.437229,3,9,50,69,69,29,124,146,176,122,16,9,3,8,43,59,55,25,96,115,139,97,13,6,4,10,56,75,74,33,131,155,183,126,17,8,0,0,0,0,0,0,0,0,0,0,0,0,5,13,64,83,85,38,151,178,215,147,20,11,5,12,61,81,80,37,146,170,209,138,16,10,7,16,74,103,98,45,176,212,258,173,22,15,6,14,68,88,91,41,156,178,211,140,19,12,4.12,10.25,52.0,69.75,69.0,31.0,122.5,144.25,173.88,117.88,15.38,8.88
Brick_0cm_S3,2026-04-25T09:51:34.557695,3,9,50,69,69,29,124,146,176,122,16,9,3,8,43,59,55,25,96,115,139,97,13,6,4,10,56,75,74,33,131,155,183,126,17,8,0,0,0,0,0,0,0,0,0,0,0,0,5,13,64,83,85,38,151,178,216,147,20,11,5,12,61,81,80,37,146,171,209,139,16,10,7,16,74,103,98,45,176,212,257,173,22,15,6,14,68,88,91,42,156,177,210,141,19,12,4.12,10.25,52.0,69.75,69.0,31.12,122.5,144.25,173.75,118.12,15.38,8.88
Brick_0cm_S3,2026-04-25T09:51:34.683828,3,9,50,69,69,29,124,146,176,122,17,8,3,8,43,59,55,25,97,115,139,97,13,6,4,10,56,75,74,33,130,155,183,125,17,8,0,0,0,0,0,0,0,0,0,0,0,0,5,13,64,83,85,38,151,178,216,147,20,11,5,12,61,81,80,37,146,171,209,139,16,10,7,16,74,103,98,45,176,212,257,173,22,15,6,14,68,88,91,42,156,177,210,141,19,12,4.12,10.25,52.0,69.75,69.0,31.12,122.5,144.25,173.75,118.0,15.5,8.75
Brick_0cm_S3,2026-04-25T09:51:34.805511,3,9,50,69,69,29,124,146,176,122,17,8,3,8,43,59,55,25,97,115,139,97,13,6,4,10,56,75,74,33,130,155,183,125,17,8,0,0,0,0,0,0,0,0,0,0,0,0,5,13,64,83,85,39,151,178,215,147,20,11,5,12,61,81,80,37,145,170,209,138,16,10,7,16,74,103,98,45,176,212,258,173,22,15,6,14,68,88,91,42,156,178,210,140,19,12,4.12,10.25,52.0,69.75,69.0,31.25,122.38,144.25,173.75,117.75,15.5,8.75
Brick_0cm_S3,2026-04-25T09:51:34.933103,4,9,50,69,70,30,124,147,176,122,17,9,3,8,43,59,54,25,97,115,140,97,13,6,4,10,56,75,74,33,131,155,183,126,17,8,0,0,0,0,0,0,0,0,0,0,0,0,5,13,64,83,85,38,151,178,216,147,19,11,5,12,61,81,80,37,145,170,209,138,16,10,7,16,74,103,98,45,176,212,258,173,22,15,6,14,68,88,91,42,156,178,210,140,19,12,4.25,10.25,52.0,69.75,69.0,31.25,122.5,144.38,174.0,117.88,15.38,8.88
Brick_0cm_S3,2026-04-25T09:51:35.061851,3,9,50,69,69,29,123,146,176,122,17,8,3,8,43,59,54,25,97,115,140,97,13,6,4,10,56,75,74,33,131,155,183,126,17,8,0,0,0,0,0,0,0,0,0,0,0,0,5,13,64,83,85,38,151,178,216,147,19,11,5,12,61,81,80,37,145,170,209,138,16,10,7,16,74,103,98,45,176,212,258,173,22,15,6,14,68,88,91,42,156,177,210,141,19,12,4.12,10.25,52.0,69.75,68.88,31.12,122.38,144.12,174.0,118.0,15.38,8.75
Brick_0cm_S3,2026-04-25T09:51:35.184656,3,9,50,69,69,29,123,146,176,122,17,8,3,8,43,59,55,25,97,115,139,97,13,6,4,10,56,75,74,33,131,155,183,126,17,8,0,0,0,0,0,0,0,0,0,0,0,0,5,13,64,83,85,39,151,178,215,147,20,11,5,12,61,81,80,37,145,170,209,138,16,10,7,16,74,103,98,45,176,212,258,173,22,15,6,14,68,88,91,42,156,177,210,141,19,12,4.12,10.25,52.0,69.75,69.0,31.25,122.38,144.12,173.75,118.0,15.5,8.75
Brick_0cm_S3,2026-04-25T09:51:35.307863,4,9,50,69,69,29,123,146,176,122,17,9,3,8,43,59,55,25,97,115,140,97,13,6,4,10,56,75,75,33,131,155,183,126,17,8,0,0,0,0,0,0,0,0,0,0,0,0,5,13,64,83,85,39,151,178,215,147,20,11,5,12,61,81,80,37,146,170,209,138,16,10,7,16,74,103,98,45,176,212,258,173,23,15,6,14,68,88,91,42,156,178,210,140,19,12,4.25,10.25,52.0,69.75,69.12,31.25,122.5,144.25,173.88,117.88,15.62,8.88
Brick_0cm_S3,2026-04-25T09:51:35.431432,4,9,50,69,69,29,123,146,176,122,17,9,3,8,43,59,55,25,97,115,140,97,13,6,4,10,56,75,75,33,131,155,183,126,17,8,0,0,0,0,0,0,0,0,0,0,0,0,5,13,65,83,85,39,151,178,216,147,20,11,5,12,61,81,80,37,146,170,209,138,16,10,7,16,74,103,98,45,176,212,257,173,23,15,6,14,68,88,91,42,156,178,210,140,19,12,4.25,10.25,52.12,69.75,69.12,31.25,122.5,144.25,173.88,117.88,15.62,8.88
Brick_0cm_S3,2026-04-25T09:51:35.564374,3,9,50,69,69,29,123,146,176,122,17,8,3,8,43,59,54,25,97,115,140,97,13,6,4,10,56,75,74,33,131,155,183,126,17,8,0,0,0,0,0,0,0,0,0,0,0,0,5,13,65,83,85,39,151,178,216,147,20,11,5,12,61,81,80,37,146,170,209,138,16,10,7,16,74,103,98,45,176,212,257,173,23,15,6,14,68,88,91,42,156,177,210,141,19,12,4.12,10.25,52.12,69.75,68.88,31.25,122.5,144.12,173.88,118.0,15.62,8.75
Brick_0cm_S3,2026-04-25T09:51:35.688405,3,9,50,69,69,29,123,146,176,122,17,8,3,8,43,59,54,25,97,115,140,97,13,6,4,10,56,75,74,33,131,155,183,126,17,8,0,0,0,0,0,0,0,0,0,0,0,0,5,13,64,83,85,38,151,178,215,147,19,11,5,12,61,81,80,37,146,170,209,138,16,10,7,16,74,103,98,45,176,212,258,173,22,15,6,14,68,88,91,42,156,178,211,141,19,12,4.12,10.25,52.0,69.75,68.88,31.12,122.5,144.25,174.0,118.0,15.38,8.75
Brick_0cm_S3,2026-04-25T09:51:35.808730,4,9,50,69,69,29,124,146,176,122,17,9,3,8,43,59,55,25,97,115,140,97,13,6,4,10,56,75,74,33,131,155,183,126,17,8,0,0,0,0,0,0,0,0,0,0,0,0,5,13,64,83,85,38,151,178,215,147,19,11,5,12,61,81,80,37,146,170,209,138,16,10,7,16,74,103,98,45,176,212,258,173,22,15,6,14,68,88,91,42,156,178,211,141,19,12,4.25,10.25,52.0,69.75,69.0,31.12,122.62,144.25,174.0,118.0,15.38,8.88
Brick_0cm_S3,2026-04-25T09:51:35.942670,4,9,50,69,69,29,124,146,176,122,17,9,3,8,43,59,55,25,97,115,140,97,13,6,4,10,56,75,74,33,131,155,183,126,17,8,0,0,0,0,0,0,0,0,0,0,0,0,5,13,65,83,85,38,151,178,216,147,20,11,5,12,61,81,80,37,145,170,209,138,16,10,7,16,74,103,98,45,176,212,258,173,22,15,6,14,68,88,91,42,156,178,210,141,19,12,4.25,10.25,52.12,69.75,69.0,31.12,122.5,144.25,174.0,118.0,15.5,8.88
Brick_0cm_S3,2026-04-25T09:51:36.059717,3,9,50,69,69,29,123,146,176,122,17,9,3,8,43,59,55,25,97,115,140,97,13,6,4,10,56,76,74,33,131,155,183,126,17,8,0,0,0,0,0,0,0,0,0,0,0,0,5,13,65,83,85,38,151,178,216,147,20,11,5,12,61,81,80,37,145,170,209,138,16,10,7,16,74,103,98,45,176,212,258,173,22,15,6,14,68,88,91,42,156,178,210,141,19,12,4.12,10.25,52.12,69.88,69.0,31.12,122.38,144.25,174.0,118.0,15.5,8.88
Brick_0cm_S3,2026-04-25T09:51:36.184280,3,9,50,69,69,29,123,146,176,122,17,9,3,8,43,59,55,25,97,115,140,97,13,6,4,10,56,76,74,33,131,155,183,126,17,8,0,0,0,0,0,0,0,0,0,0,0,0,5,13,65,84,85,39,151,179,216,147,20,11,5,12,61,81,80,37,146,170,209,139,16,10,7,16,74,103,98,45,176,212,257,173,23,15,6,14,68,88,90,42,156,178,211,141,19,12,4.12,10.25,52.12,70.0,68.88,31.25,122.5,144.38,174.0,118.12,15.62,8.88
Brick_0cm_S3,2026-04-25T09:51:36.311623,4,9,50,69,69,30,123,146,176,123,17,9,3,8,43,59,54,25,97,115,139,97,13,6,4,10,56,75,74,33,131,155,183,125,17,8,0,0,0,0,0,0,0,0,0,0,0,0,5,13,64,83,85,39,151,178,216,147,19,11,5,12,61,81,80,37,146,170,209,139,16,10,7,16,74,103,98,45,176,212,257,173,23,15,6,14,68,88,90,42,156,178,211,141,19,12,4.25,10.25,52.0,69.75,68.75,31.38,122.5,144.25,173.88,118.12,15.5,8.88
Brick_0cm_S3,2026-04-25T09:51:36.446402,4,9,49,69,69,30,124,146,176,122,17,8,3,8,43,59,55,25,97,115,139,97,13,6,4,10,56,75,74,33,131,155,183,125,17,8,0,0,0,0,0,0,0,0,0,0,0,0,5,13,64,83,85,39,151,178,216,147,19,11,5,12,61,81,80,37,146,170,209,139,16,10,7,16,74,103,98,45,176,212,258,173,22,15,5,14,68,88,90,41,156,178,210,141,19,12,4.12,10.25,51.88,69.75,68.88,31.25,122.62,144.25,173.88,118.0,15.38,8.75
Brick_0cm_S3,2026-04-25T09:51:36.599755,4,9,49,69,69,30,124,146,176,122,17,8,3,8,43,59,55,25,97,115,139,97,13,6,4,10,56,75,74,33,131,155,182,126,17,8,0,0,0,0,0,0,0,0,0,0,0,0,5,13,64,84,85,38,151,178,216,147,19,11,5,12,61,81,80,37,146,170,209,139,16,10,7,16,74,103,98,45,176,212,258,173,22,15,5,14,68,88,90,41,156,178,210,141,19,12,4.12,10.25,51.88,69.88,68.88,31.12,122.62,144.25,173.75,118.12,15.38,8.75
Brick_0cm_S3,2026-04-25T09:51:36.719658,4,9,50,69,69,29,124,146,176,123,17,8,3,8,43,59,55,25,97,115,140,97,13,6,4,10,56,75,74,33,131,155,183,126,17,8,0,0,0,0,0,0,0,0,0,0,0,0,5,13,64,84,85,38,151,178,216,147,19,11,5,12,61,81,80,37,146,170,209,139,16,10,7,16,74,103,98,45,176,212,258,173,22,15,5,14,68,88,91,42,156,177,210,140,19,12,4.12,10.25,52.0,69.88,69.0,31.12,122.62,144.12,174.0,118.12,15.38,8.75
Brick_0cm_S3,2026-04-25T09:51:36.842166,4,9,50,69,69,29,124,146,176,123,17,8,3,8,43,59,55,25,97,115,140,97,13,6,4,10,56,75,74,33,131,155,183,126,17,8,0,0,0,0,0,0,0,0,0,0,0,0,5,13,65,84,85,39,151,179,216,148,20,11,5,12,61,81,80,37,146,170,209,138,16,10,7,16,74,103,97,45,176,211,258,173,22,15,6,14,68,88,90,41,156,178,211,141,19,12,4.25,10.25,52.12,69.88,68.75,31.12,122.62,144.25,174.12,118.25,15.5,8.75
Brick_0cm_S3,2026-04-25T09:51:36.961618,3,9,50,69,69,29,124,146,176,122,17,9,3,8,43,59,55,25,97,115,140,97,13,6,4,10,56,75,74,34,131,155,183,126,17,8,0,0,0,0,0,0,0,0,0,0,0,0,5,13,65,84,85,39,151,179,216,148,20,11,5,12,61,81,80,37,146,170,209,138,16,10,7,16,74,103,97,45,176,211,258,173,22,15,6,14,68,88,90,41,156,178,211,141,19,12,4.12,10.25,52.12,69.88,68.75,31.25,122.62,144.25,174.12,118.12,15.5,8.88
Brick_0cm_S3,2026-04-25T09:51:37.076121,3,9,50,69,69,29,124,146,176,122,17,9,3,8,43,59,55,25,97,115,140,97,13,6,4,10,56,75,74,34,131,155,183,126,17,8,0,0,0,0,0,0,0,0,0,0,0,0,5,13,65,83,85,39,151,179,216,148,20,11,5,12,61,81,80,37,146,170,209,139,16,10,7,16,74,104,98,45,176,212,258,173,22,15,5,14,68,88,91,41,156,178,211,140,19,12,4.0,10.25,52.12,69.88,69.0,31.25,122.62,144.38,174.12,118.12,15.5,8.88
Brick_0cm_S3,2026-04-25T09:51:37.194579,4,9,50,69,69,30,124,146,176,122,17,9,3,8,43,59,55,25,97,115,140,97,13,6,4,10,56,75,74,33,131,155,183,126,17,8,0,0,0,0,0,0,0,0,0,0,0,0,5,13,65,83,85,39,151,179,216,148,20,11,5,12,61,81,80,37,146,170,209,139,16,10,7,16,74,104,98,45,176,212,258,173,22,15,5,14,68,88,91,41,156,178,211,140,19,12,4.12,10.25,52.12,69.88,69.0,31.25,122.62,144.38,174.12,118.12,15.5,8.88
Brick_0cm_S3,2026-04-25T09:51:37.307067,4,9,50,69,69,30,124,146,176,122,17,9,3,8,43,59,55,25,97,115,140,97,13,6,4,10,56,75,74,33,131,155,183,126,17,8,0,0,0,0,0,0,0,0,0,0,0,0,5,13,65,83,85,39,152,178,216,148,20,11,5,12,61,81,80,37,146,171,209,138,16,10,7,16,74,103,98,45,176,212,258,173,22,15,5,14,68,88,91,42,156,178,211,141,19,12,4.12,10.25,52.12,69.75,69.0,31.38,122.75,144.38,174.12,118.12,15.5,8.88
Brick_0cm_S3,2026-04-25T09:51:37.432291,4,9,50,69,69,30,123,146,176,122,17,9,3,8,43,59,55,25,97,115,139,97,13,6,4,10,56,75,74,33,131,156,183,126,17,8,0,0,0,0,0,0,0,0,0,0,0,0,5,13,65,83,85,39,152,178,216,148,20,11,5,12,61,81,80,37,146,171,209,138,16,10,7,16,74,103,98,45,176,212,258,173,22,15,5,14,68,88,91,42,156,178,211,141,19,12,4.12,10.25,52.12,69.75,69.0,31.38,122.62,144.5,174.0,118.12,15.5,8.88
Brick_0cm_S3,2026-04-25T09:51:37.565799,4,9,50,69,69,29,124,146,176,122,17,8,3,8,43,59,55,25,97,115,139,97,13,6,4,10,56,75,74,33,131,156,183,126,17,8,0,0,0,0,0,0,0,0,0,0,0,0,5,13,65,84,85,39,152,179,216,148,20,11,5,12,61,81,80,37,146,171,209,139,16,10,7,16,74,103,98,45,176,212,258,173,22,15,5,14,68,88,91,41,156,178,211,141,19,12,4.12,10.25,52.12,69.88,69.0,31.12,122.75,144.62,174.0,118.25,15.5,8.75
Brick_0cm_S3,2026-04-25T09:51:37.686116,4,9,50,69,69,29,124,146,176,122,17,8,3,8,43,59,55,25,97,115,139,97,13,6,4,10,56,75,74,33,131,155,182,126,17,8,0,0,0,0,0,0,0,0,0,0,0,0,5,13,65,84,85,39,152,178,216,147,20,11,5,12,61,81,80,37,146,171,209,139,16,10,7,16,74,103,98,45,176,212,258,173,22,15,5,14,68,88,91,41,156,178,211,141,19,12,4.12,10.25,52.12,69.88,69.0,31.12,122.75,144.38,173.88,118.12,15.5,8.75
Brick_0cm_S3,2026-04-25T09:51:37.806955,3,9,50,69,70,29,123,146,176,122,17,9,3,8,43,59,55,25,97,115,139,97,13,6,4,10,56,75,74,33,131,155,182,126,17,8,0,0,0,0,0,0,0,0,0,0,0,0,5,13,65,84,85,39,152,178,216,147,20,11,5,12,61,81,80,37,146,171,209,139,16,10,7,16,74,103,98,45,176,212,258,173,22,15,6,14,68,88,91,42,156,178,210,141,19,12,4.12,10.25,52.12,69.88,69.12,31.25,122.62,144.38,173.75,118.12,15.5,8.88
Brick_0cm_S3,2026-04-25T09:51:37.933733,3,9,50,69,70,29,123,146,176,122,17,9,3,8,43,59,55,25,97,115,139,97,13,6,4,10,56,75,74,33,131,155,183,126,17,8,0,0,0,0,0,0,0,0,0,0,0,0,5,13,65,84,85,39,152,178,216,147,20,11,5,12,61,81,80,37,146,171,209,138,16,10,7,16,74,103,98,45,176,212,258,173,22,15,6,14,68,88,91,42,156,178,210,141,19,12,4.12,10.25,52.12,69.88,69.12,31.25,122.62,144.38,173.88,118.0,15.5,8.88
Brick_0cm_S3,2026-04-25T09:51:38.056936,3,9,50,69,69,29,124,146,176,122,16,8,3,8,43,59,54,25,97,115,139,97,13,6,4,10,56,75,74,33,131,155,183,126,17,8,0,0,0,0,0,0,0,0,0,0,0,0,5,13,65,84,85,39,152,178,216,147,20,11,5,12,61,81,80,37,146,171,209,138,16,10,7,16,74,104,98,45,176,212,258,173,22,15,6,14,68,88,91,42,156,178,211,140,19,12,4.12,10.25,52.12,70.0,68.88,31.25,122.75,144.38,174.0,117.88,15.38,8.75
Brick_0cm_S3,2026-04-25T09:51:38.186452,3,9,50,69,69,29,124,146,176,122,16,8,3,8,43,59,54,25,97,115,139,97,13,6,4,10,56,75,74,33,131,155,183,126,17,8,0,0,0,0,0,0,0,0,0,0,0,0,5,13,65,84,85,39,152,178,216,147,20,11,5,12,61,81,80,37,146,170,209,139,16,10,7,16,74,104,98,45,177,212,258,173,22,15,5,14,68,88,91,41,157,178,211,141,19,12,4.0,10.25,52.12,70.0,68.88,31.12,123.0,144.25,174.0,118.12,15.38,8.75
Brick_0cm_S3,2026-04-25T09:51:38.305890,3,9,50,69,69,29,123,146,176,122,17,8,3,8,43,59,54,25,97,115,139,97,13,6,4,10,56,75,74,33,130,155,183,126,17,8,0,0,0,0,0,0,0,0,0,0,0,0,5,13,65,84,85,39,152,178,216,147,20,11,5,12,61,81,80,37,146,170,209,139,16,10,7,16,74,104,98,45,177,212,258,173,22,15,5,14,68,88,91,41,157,178,211,141,19,12,4.0,10.25,52.12,70.0,68.88,31.12,122.75,144.25,174.0,118.12,15.5,8.75
Brick_0cm_S3,2026-04-25T09:51:38.433171,3,9,50,69,69,29,123,146,176,122,17,8,3,8,43,59,54,25,97,115,139,97,13,6,4,10,56,75,74,33,130,155,183,126,17,8,0,0,0,0,0,0,0,0,0,0,0,0,5,13,65,84,85,39,151,179,216,148,20,11,5,12,61,81,80,37,146,171,209,139,16,10,7,16,74,103,98,45,177,212,257,173,22,15,6,14,68,88,91,41,156,178,210,140,19,12,4.12,10.25,52.12,69.88,68.88,31.12,122.5,144.5,173.75,118.12,15.5,8.75
Brick_0cm_S3,2026-04-25T09:51:38.559010,3,9,50,69,69,29,123,146,176,122,17,8,3,8,43,59,55,25,97,115,140,97,13,6,4,10,56,75,74,33,131,155,182,125,17,8,0,0,0,0,0,0,0,0,0,0,0,0,5,13,65,84,85,39,151,179,216,148,20,11,5,12,61,81,80,37,146,171,209,139,16,10,7,16,74,103,98,45,177,212,257,173,22,15,6,14,68,88,91,41,156,178,210,140,19,12,4.12,10.25,52.12,69.88,69.0,31.12,122.62,144.5,173.75,118.0,15.5,8.75
Brick_0cm_S3,2026-04-25T09:51:38.682700,3,9,50,69,69,29,123,146,176,122,17,8,3,8,43,59,55,25,97,115,140,97,13,6,4,10,56,75,74,33,131,155,182,125,17,8,0,0,0,0,0,0,0,0,0,0,0,0,5,13,65,84,86,39,152,179,216,148,20,11,5,12,61,81,80,37,146,170,209,139,16,10,7,16,74,103,98,45,176,212,258,173,22,15,5,14,68,88,90,41,156,177,211,141,19,12,4.0,10.25,52.12,69.88,69.0,31.12,122.62,144.25,174.0,118.12,15.5,8.75
Brick_0cm_S3,2026-04-25T09:51:38.809636,3,9,50,69,70,30,123,146,176,122,17,9,3,8,43,59,55,25,97,115,139,97,13,6,4,10,56,75,74,33,131,155,183,126,17,8,0,0,0,0,0,0,0,0,0,0,0,0,5,13,65,84,86,39,152,179,216,148,20,11,5,12,61,81,80,37,146,170,209,139,16,10,7,16,74,103,98,45,176,212,258,173,22,15,5,14,68,88,90,41,156,177,211,141,19,12,4.0,10.25,52.12,69.88,69.12,31.25,122.62,144.25,174.0,118.25,15.5,8.88
Brick_0cm_S3,2026-04-25T09:51:38.933742,3,9,50,69,69,29,124,146,176,122,17,9,3,8,43,59,55,25,97,115,139,97,13,6,4,10,56,75,74,33,131,155,183,126,17,8,0,0,0,0,0,0,0,0,0,0,0,0,5,13,65,84,85,39,152,179,216,147,20,11,5,12,61,81,80,37,146,171,209,139,16,10,7,16,74,103,98,45,176,212,258,173,22,15,5,14,68,88,91,41,156,178,211,140,19,12,4.0,10.25,52.12,69.88,69.0,31.12,122.75,144.5,174.0,118.0,15.5,8.88
Brick_0cm_S3,2026-04-25T09:51:39.055311,3,9,50,69,69,29,124,146,176,122,17,9,3,8,43,59,55,25,97,115,139,97,13,6,4,10,56,75,74,33,131,155,183,126,17,8,0,0,0,0,0,0,0,0,0,0,0,0,5,13,65,84,85,39,152,179,216,148,20,11,5,12,61,81,80,37,146,170,209,138,16,10,7,16,74,103,98,45,176,212,258,173,22,15,5,14,68,88,91,41,156,178,211,140,19,12,4.0,10.25,52.12,69.88,69.0,31.12,122.75,144.38,174.0,118.0,15.5,8.88
Brick_0cm_S3,2026-04-25T09:51:39.185760,3,9,50,69,70,29,123,146,176,122,17,9,3,8,43,59,55,25,96,115,139,97,13,6,4,10,56,75,74,33,131,155,183,126,17,8,0,0,0,0,0,0,0,0,0,0,0,0,5,13,65,84,85,39,152,179,216,148,20,11,5,12,61,81,80,37,146,170,209,138,16,10,7,16,74,104,98,45,176,212,258,173,23,15,6,14,68,88,91,42,156,177,211,141,19,12,4.12,10.25,52.12,70.0,69.12,31.25,122.5,144.25,174.0,118.12,15.62,8.88
Brick_0cm_S3,2026-04-25T09:51:39.311041,3,9,50,69,70,29,123,146,176,122,17,9,3,8,43,59,55,25,96,115,139,97,13,6,4,10,56,75,74,33,131,155,183,126,17,8,0,0,0,0,0,0,0,0,0,0,0,0,5,13,65,84,85,39,152,179,216,148,20,11,5,12,61,81,80,37,146,170,209,139,16,10,7,16,74,103,98,45,176,212,258,173,22,15,6,14,68,88,91,42,156,177,211,141,19,12,4.12,10.25,52.12,69.88,69.12,31.25,122.5,144.25,174.0,118.25,15.5,8.88
Brick_0cm_S3,2026-04-25T09:51:39.431935,3,9,50,69,69,29,124,146,176,122,17,9,3,8,43,59,55,25,97,115,140,97,13,6,4,10,56,75,74,33,131,155,183,125,17,8,0,0,0,0,0,0,0,0,0,0,0,0,5,13,65,84,85,39,152,179,216,148,20,11,5,12,61,81,80,37,146,170,209,139,16,10,7,16,74,103,98,45,176,212,258,173,22,15,5,14,68,88,91,42,156,178,211,141,19,12,4.0,10.25,52.12,69.88,69.0,31.25,122.75,144.38,174.12,118.12,15.5,8.88
Brick_0cm_S3,2026-04-25T09:51:39.564957,3,9,50,69,69,29,124,146,176,122,17,9,3,8,43,59,55,25,97,115,140,97,13,6,4,10,56,75,74,33,131,155,183,125,17,8,0,0,0,0,0,0,0,0,0,0,0,0,5,13,65,83,85,39,152,179,216,147,20,11,5,12,61,81,80,37,146,171,209,138,16,10,7,16,74,103,98,45,176,212,258,173,22,15,6,14,68,88,91,42,156,178,211,141,19,12,4.12,10.25,52.12,69.75,69.0,31.25,122.75,144.5,174.12,117.88,15.5,8.88
Brick_0cm_S3,2026-04-25T09:51:39.683279,3,9,50,69,69,29,124,146,176,122,17,9,3,8,43,59,54,25,97,115,139,97,13,6,4,10,56,75,74,33,131,155,183,126,17,8,0,0,0,0,0,0,0,0,0,0,0,0,5,13,65,83,85,39,152,179,216,147,20,11,5,12,61,81,80,37,146,171,209,138,16,10,7,16,74,103,98,45,176,212,258,173,22,15,6,14,68,88,91,42,156,178,211,141,19,12,4.12,10.25,52.12,69.75,68.88,31.25,122.75,144.5,174.0,118.0,15.5,8.88
Brick_0cm_S3,2026-04-25T09:51:39.806850,3,9,50,69,69,29,124,146,176,122,17,9,3,8,43,59,54,25,97,115,139,97,13,6,4,10,56,75,74,33,131,155,183,126,17,8,0,0,0,0,0,0,0,0,0,0,0,0,5,13,65,84,85,39,152,179,216,148,20,11,5,12,61,81,80,37,146,170,209,138,16,10,7,16,74,103,98,45,176,212,258,173,22,15,5,14,68,88,90,42,156,178,210,140,19,12,4.0,10.25,52.12,69.88,68.75,31.25,122.75,144.38,173.88,118.0,15.5,8.88
Brick_0cm_S3,2026-04-25T09:51:39.932574,3,9,49,69,69,29,124,146,176,122,17,9,3,8,43,59,54,25,97,115,139,97,13,6,4,10,56,75,74,33,131,155,182,126,17,8,0,0,0,0,0,0,0,0,0,0,0,0,5,13,65,84,85,39,152,179,216,148,20,11,5,12,61,81,80,37,146,170,209,138,16,10,7,16,74,103,98,45,176,212,258,173,22,15,5,14,68,88,90,42,156,178,210,140,19,12,4.0,10.25,52.0,69.88,68.75,31.25,122.75,144.38,173.75,118.0,15.5,8.88
Brick_0cm_S3,2026-04-25T09:51:40.062325,3,9,49,69,69,29,124,146,176,122,17,9,3,8,43,59,54,25,97,115,139,97,13,6,4,10,56,75,74,33,131,155,182,126,17,8,0,0,0,0,0,0,0,0,0,0,0,0,5,13,65,84,86,39,152,179,216,147,20,11,5,12,61,81,80,37,146,171,209,139,16,10,7,16,74,104,98,45,176,212,258,173,22,15,6,14,68,88,91,42,156,178,211,141,19,12,4.12,10.25,52.0,70.0,69.0,31.25,122.75,144.5,173.88,118.12,15.5,8.88
Brick_0cm_S3,2026-04-25T09:51:40.182135,3,9,49,69,69,30,123,146,176,122,17,9,3,8,43,59,54,25,97,115,139,97,13,6,4,10,56,75,74,33,131,155,183,126,17,8,0,0,0,0,0,0,0,0,0,0,0,0,5,13,65,84,85,39,151,178,216,148,20,11,5,12,61,81,80,37,146,171,209,139,16,10,7,16,74,104,98,45,176,212,258,173,22,15,6,14,68,88,91,42,156,178,211,141,19,12,4.12,10.25,52.0,70.0,68.88,31.38,122.5,144.38,174.0,118.25,15.5,8.88
Brick_0cm_S3,2026-04-25T09:51:40.308835,3,9,50,69,69,29,123,146,176,122,17,8,3,8,43,59,54,25,97,115,139,97,13,6,4,10,56,75,74,33,131,155,183,126,17,8,0,0,0,0,0,0,0,0,0,0,0,0,5,13,65,84,85,39,151,178,216,148,20,11,5,12,61,81,80,37,146,170,209,139,16,10,7,16,74,104,98,45,176,212,258,173,22,15,6,14,68,88,91,42,156,178,211,141,19,12,4.12,10.25,52.12,70.0,68.88,31.25,122.5,144.25,174.0,118.25,15.5,8.75
Brick_0cm_S3,2026-04-25T09:51:40.432872,3,9,50,69,69,29,123,146,176,122,17,8,3,8,43,59,55,25,97,115,139,97,13,6,4,10,56,75,74,33,131,155,183,125,17,8,0,0,0,0,0,0,0,0,0,0,0,0,5,13,65,84,85,39,152,179,216,147,20,11,5,12,61,81,80,37,146,171,209,139,16,10,7,16,74,104,98,45,176,212,258,173,22,15,6,14,68,88,91,42,156,178,211,141,19,12,4.12,10.25,52.12,70.0,69.0,31.25,122.62,144.5,174.0,118.0,15.5,8.75
Brick_0cm_S3,2026-04-25T09:51:40.560857,3,9,49,69,69,29,123,146,176,122,17,8,3,8,43,59,55,25,96,115,139,97,13,6,4,10,56,75,74,33,131,155,183,125,17,8,0,0,0,0,0,0,0,0,0,0,0,0,5,13,65,84,85,39,152,179,216,147,20,11,5,12,61,81,80,37,146,171,209,139,16,10,7,16,74,104,98,45,177,212,258,173,22,15,6,14,68,88,91,42,156,178,211,141,19,12,4.12,10.25,52.0,70.0,69.0,31.25,122.62,144.5,174.0,118.0,15.5,8.75
Brick_0cm_S3,2026-04-25T09:51:40.685683,3,9,49,69,69,29,123,146,176,122,17,8,3,8,43,59,55,25,96,115,139,97,13,6,4,10,56,75,74,33,131,155,183,125,17,8,0,0,0,0,0,0,0,0,0,0,0,0,5,13,65,84,85,39,152,178,216,148,20,11,5,12,61,81,80,37,146,171,209,139,16,10,7,16,74,104,98,45,177,212,258,173,23,15,6,14,68,88,91,42,156,178,211,141,19,12,4.12,10.25,52.0,70.0,69.0,31.25,122.62,144.38,174.0,118.12,15.62,8.75
Brick_0cm_S3,2026-04-25T09:51:40.807160,4,9,50,69,69,29,123,146,176,122,17,9,3,8,43,59,54,25,97,115,139,97,13,6,4,10,56,75,74,33,131,156,183,126,17,8,0,0,0,0,0,0,0,0,0,0,0,0,5,13,65,84,85,39,152,178,216,148,20,11,5,12,61,81,80,37,146,171,209,139,16,10,7,16,74,104,98,45,177,212,258,173,23,15,6,14,68,88,91,42,156,178,211,141,19,12,4.25,10.25,52.12,70.0,68.88,31.25,122.75,144.5,174.0,118.25,15.62,8.88
Brick_0cm_S3,2026-04-25T09:51:40.940289,4,9,50,69,69,29,123,146,176,122,17,9,3,8,43,59,54,25,97,115,139,97,13,6,4,10,56,75,74,33,131,156,183,126,17,8,0,0,0,0,0,0,0,0,0,0,0,0,5,13,65,84,85,39,151,179,216,147,20,11,5,12,61,81,80,37,146,171,209,139,16,10,7,16,74,104,98,45,176,212,258,173,23,15,5,14,68,88,91,42,156,177,211,140,19,12,4.12,10.25,52.12,70.0,68.88,31.25,122.5,144.5,174.0,118.0,15.62,8.88
Brick_0cm_S3,2026-04-25T09:51:41.062154,3,9,50,69,69,30,124,146,176,122,17,9,3,8,43,59,55,25,97,115,139,97,13,6,4,10,56,76,74,33,131,155,183,126,17,8,0,0,0,0,0,0,0,0,0,0,0,0,5,13,65,84,85,39,151,179,216,147,20,11,5,12,61,81,80,37,146,171,209,139,16,10,7,16,74,104,98,45,176,212,258,173,23,15,5,14,68,88,91,42,156,177,211,140,19,12,4.0,10.25,52.12,70.12,69.0,31.38,122.62,144.38,174.0,118.0,15.62,8.88
Brick_0cm_S3,2026-04-25T09:51:41.189526,3,9,50,69,69,30,124,146,176,122,17,9,3,8,43,59,55,25,97,115,139,97,13,6,4,10,56,76,74,33,131,155,183,126,17,8,0,0,0,0,0,0,0,0,0,0,0,0,5,13,65,84,85,39,152,179,216,148,20,11,5,12,61,81,80,37,146,170,209,139,16,10,7,16,74,103,98,45,176,212,258,173,22,15,6,14,68,88,91,42,156,178,210,140,19,12,4.12,10.25,52.12,70.0,69.0,31.38,122.75,144.38,173.88,118.12,15.5,8.88
Brick_0cm_S3,2026-04-25T09:51:41.315992,4,9,50,69,69,30,123,146,176,122,17,9,3,8,43,59,55,25,97,115,140,97,13,6,4,10,56,75,74,33,131,155,182,126,17,8,0,0,0,0,0,0,0,0,0,0,0,0,5,13,65,84,85,39,152,179,216,148,20,11,5,12,61,81,80,37,146,170,209,139,16,10,7,16,74,103,98,45,176,212,258,173,22,15,6,14,68,88,91,42,156,178,210,140,19,12,4.25,10.25,52.12,69.88,69.0,31.38,122.62,144.38,173.88,118.12,15.5,8.88
Brick_0cm_S3,2026-04-25T09:51:41.443968,3,9,49,69,69,29,123,146,176,122,17,8,3,8,43,59,55,25,97,115,140,97,13,6,4,10,56,75,74,33,131,155,182,126,17,8,0,0,0,0,0,0,0,0,0,0,0,0,5,13,65,84,85,39,152,179,216,148,19,11,5,12,61,81,80,37,146,171,209,139,16,10,7,16,74,104,98,45,176,212,258,173,22,15,6,14,68,88,91,42,156,178,211,140,19,12,4.12,10.25,52.0,70.0,69.0,31.25,122.62,144.5,174.0,118.12,15.38,8.75
Brick_0cm_S3,2026-04-25T09:51:41.560285,3,9,49,69,69,29,123,146,176,122,17,8,3,8,43,59,54,25,97,115,139,97,13,6,4,10,56,75,74,33,130,155,183,126,17,8,0,0,0,0,0,0,0,0,0,0,0,0,5,13,65,84,85,39,152,179,216,148,19,11,5,12,61,81,80,37,146,171,209,139,16,10,7,16,74,104,98,45,176,212,258,173,22,15,6,14,68,88,91,42,156,178,211,140,19,12,4.12,10.25,52.0,70.0,68.88,31.25,122.5,144.5,174.0,118.12,15.38,8.75
Brick_0cm_S3,2026-04-25T09:51:41.693568,3,9,50,69,69,29,124,146,176,122,17,9,3,8,43,59,54,25,97,115,139,97,13,6,4,10,56,75,74,33,130,155,183,126,17,8,0,0,0,0,0,0,0,0,0,0,0,0,5,13,65,84,85,39,152,179,216,148,19,11,5,12,61,81,80,37,146,171,209,138,17,10,7,16,74,104,98,45,177,212,258,173,22,15,6,14,68,88,90,41,156,178,210,141,19,12,4.12,10.25,52.12,70.0,68.75,31.12,122.75,144.5,173.88,118.12,15.5,8.88
Brick_0cm_S3,2026-04-25T09:51:41.815484,3,9,50,69,69,29,124,146,176,122,17,9,3,8,43,59,54,25,97,115,139,97,13,6,4,10,56,75,74,33,131,155,183,126,17,8,0,0,0,0,0,0,0,0,0,0,0,0,5,13,65,84,85,39,152,179,216,148,20,11,5,12,61,81,79,37,146,171,209,138,16,10,7,16,74,104,98,45,177,212,258,173,22,15,6,14,68,88,90,41,156,178,210,141,19,12,4.12,10.25,52.12,70.0,68.62,31.12,122.88,144.5,173.88,118.12,15.5,8.88
Brick_0cm_S3,2026-04-25T09:51:41.940674,4,9,50,69,69,30,123,146,176,122,17,9,3,8,43,59,54,25,97,115,139,97,13,6,4,10,56,75,75,33,130,155,183,126,17,8,0,0,0,0,0,0,0,0,0,0,0,0,5,13,65,84,85,39,152,179,216,148,20,11,5,12,61,81,79,37,146,171,209,138,16,10,7,16,74,103,98,45,177,212,258,173,22,15,5,14,68,88,91,42,156,177,210,141,19,12,4.12,10.25,52.12,69.88,68.88,31.38,122.62,144.38,173.88,118.12,15.5,8.88
Brick_0cm_S3,2026-04-25T09:51:42.085143,4,9,50,69,69,30,123,146,176,122,17,9,3,8,43,59,54,25,97,115,139,97,13,6,4,10,56,75,75,33,130,155,183,126,17,8,0,0,0,0,0,0,0,0,0,0,0,0,5,13,65,84,85,39,152,179,216,148,19,11,5,12,61,81,80,37,146,170,209,138,16,10,7,16,74,104,98,45,176,212,258,173,23,15,6,14,68,88,91,41,156,177,211,141,19,12,4.25,10.25,52.12,70.0,69.0,31.25,122.5,144.25,174.0,118.12,15.5,8.88
Brick_0cm_S3,2026-04-25T09:51:42.199875,3,9,50,69,69,29,123,146,176,122,17,9,3,8,43,59,55,25,97,115,139,97,13,6,4,10,56,75,74,33,131,155,183,126,17,8,0,0,0,0,0,0,0,0,0,0,0,0,5,13,65,84,85,39,152,179,216,148,19,11,5,12,61,81,80,37,146,170,209,138,16,10,7,16,74,104,98,45,176,212,258,173,23,15,6,14,68,88,91,41,156,177,211,141,19,12,4.12,10.25,52.12,70.0,69.0,31.12,122.62,144.25,174.0,118.12,15.5,8.88
Brick_0cm_S3,2026-04-25T09:51:42.310184,3,9,50,69,69,29,123,146,176,122,17,9,3,8,43,59,55,25,97,115,139,97,13,6,4,10,56,75,74,33,131,155,183,126,17,8,0,0,0,0,0,0,0,0,0,0,0,0,5,13,65,84,86,39,152,179,216,148,20,11,5,12,61,81,80,37,146,171,209,139,16,10,7,16,74,103,98,45,176,212,258,173,23,15,6,14,68,88,91,42,155,178,211,141,19,12,4.12,10.25,52.12,69.88,69.12,31.25,122.5,144.5,174.0,118.25,15.62,8.88
Brick_0cm_S3,2026-04-25T09:51:42.441156,4,9,50,69,70,30,123,146,177,122,17,9,3,8,43,59,55,25,97,115,139,97,13,6,4,10,56,75,74,33,131,156,183,126,17,8,0,0,0,0,0,0,0,0,0,0,0,0,5,13,65,84,86,39,152,179,216,148,20,11,5,12,61,81,80,37,146,171,209,139,16,10,7,16,74,103,98,45,176,212,258,173,23,15,6,14,68,88,91,42,155,178,211,141,19,12,4.25,10.25,52.12,69.88,69.25,31.38,122.5,144.62,174.12,118.25,15.62,8.88
Brick_0cm_S3,2026-04-25T09:51:42.564680,4,9,50,69,70,30,123,146,177,122,17,9,3,8,43,59,55,25,97,115,139,97,13,6,4,10,56,75,74,33,131,156,183,126,17,8,0,0,0,0,0,0,0,0,0,0,0,0,5,13,65,84,86,39,152,179,216,148,20,11,5,12,61,81,80,37,146,171,209,139,16,10,7,16,74,103,98,45,176,212,258,173,22,15,6,14,68,88,90,42,156,178,210,141,19,12,4.25,10.25,52.12,69.88,69.12,31.38,122.62,144.62,174.0,118.25,15.5,8.88
Brick_0cm_S3,2026-04-25T09:51:42.685758,4,9,50,69,69,29,123,146,176,122,17,9,3,8,43,59,55,25,97,115,139,97,13,6,4,10,56,75,74,33,131,156,183,126,17,8,0,0,0,0,0,0,0,0,0,0,0,0,5,13,65,84,86,39,152,179,216,148,20,11,5,12,61,81,80,37,146,171,209,139,16,10,7,16,74,103,98,45,176,212,258,173,22,15,6,14,68,88,90,42,156,178,210,141,19,12,4.25,10.25,52.12,69.88,69.0,31.25,122.62,144.62,173.88,118.25,15.5,8.88
Brick_0cm_S3,2026-04-25T09:51:42.818696,3,9,50,69,69,29,123,146,176,122,17,9,3,8,43,59,55,25,97,115,139,97,13,6,4,10,56,75,74,33,131,156,183,126,17,8,0,0,0,0,0,0,0,0,0,0,0,0,5,13,65,84,85,39,152,179,216,147,20,11,5,12,61,81,80,37,146,170,209,139,16,10,7,16,74,103,98,45,176,212,258,173,22,15,6,14,68,88,91,41,156,178,211,141,19,12,4.12,10.25,52.12,69.88,69.0,31.12,122.62,144.5,174.0,118.12,15.5,8.88
Brick_0cm_S3,2026-04-25T09:51:42.935635,3,9,50,69,69,29,123,146,176,122,17,9,3,8,43,59,55,25,97,115,139,97,13,6,4,10,56,75,75,33,131,156,183,126,17,8,0,0,0,0,0,0,0,0,0,0,0,0,5,13,65,84,85,39,152,179,216,148,20,11,5,12,61,81,80,37,146,170,209,139,16,10,7,16,74,103,98,45,176,212,258,173,22,15,6,14,68,88,91,41,156,178,211,141,19,12,4.12,10.25,52.12,69.88,69.12,31.12,122.62,144.5,174.0,118.25,15.5,8.88
Brick_0cm_S3,2026-04-25T09:51:43.059960,3,9,50,69,69,29,124,146,176,122,17,9,3,8,43,59,55,25,97,115,139,96,13,6,4,10,56,75,75,33,131,156,183,126,17,8,0,0,0,0,0,0,0,0,0,0,0,0,5,13,65,84,85,39,152,179,216,148,20,11,5,12,61,81,80,37,146,170,209,139,16,10,7,16,74,103,98,45,176,212,258,173,22,15,5,14,68,88,91,41,156,178,211,141,19,12,4.0,10.25,52.12,69.88,69.12,31.12,122.75,144.5,174.0,118.12,15.5,8.88
Brick_0cm_S3,2026-04-25T09:51:43.193640,3,9,50,69,69,29,124,146,176,122,17,9,3,8,43,59,55,25,97,115,139,96,13,6,4,10,56,75,75,33,131,156,183,126,17,8,0,0,0,0,0,0,0,0,0,0,0,0,5,13,65,84,85,39,152,179,216,148,20,11,5,12,61,81,80,37,146,170,209,138,16,10,7,16,74,103,98,45,176,212,258,173,22,15,5,14,68,88,91,41,156,178,211,141,19,12,4.0,10.25,52.12,69.88,69.12,31.12,122.75,144.5,174.0,118.0,15.5,8.88
Brick_0cm_S3,2026-04-25T09:51:43.308075,4,9,50,69,69,29,123,146,176,122,17,9,3,8,43,59,55,25,97,115,139,97,13,6,4,10,56,75,75,33,131,155,183,126,17,8,0,0,0,0,0,0,0,0,0,0,0,0,5,13,65,84,85,39,152,179,216,148,20,11,5,12,61,81,80,37,146,170,209,138,16,10,7,16,74,103,98,45,176,212,258,173,22,15,6,14,68,88,91,42,156,178,210,141,19,12,4.25,10.25,52.12,69.88,69.12,31.25,122.62,144.38,173.88,118.12,15.5,8.88
Brick_0cm_S3,2026-04-25T09:51:43.423779,4,9,50,69,69,29,123,146,176,122,17,9,3,8,43,59,55,25,97,115,139,97,13,6,4,10,56,75,75,33,131,155,183,126,17,8,0,0,0,0,0,0,0,0,0,0,0,0,5,13,65,84,86,39,152,179,216,148,20,11,5,12,61,81,80,37,146,170,209,138,16,10,7,16,74,103,98,45,176,212,258,173,22,15,6,14,68,88,91,42,156,178,210,141,19,12,4.25,10.25,52.12,69.88,69.25,31.25,122.62,144.38,173.88,118.12,15.5,8.88
Brick_0cm_S3,2026-04-25T09:51:43.532837,4,9,50,69,69,29,123,146,176,122,17,9,3,8,43,59,55,25,97,115,139,97,13,6,4,10,56,75,75,33,131,155,183,126,17,8,0,0,0,0,0,0,0,0,0,0,0,0,5,13,65,84,86,39,152,179,216,148,20,11,5,12,61,81,80,37,146,170,209,138,16,10,7,16,74,103,98,45,176,212,258,173,22,15,6,14,68,88,91,42,156,178,210,141,19,12,4.25,10.25,52.12,69.88,69.25,31.25,122.62,144.38,173.88,118.12,15.5,8.88
Brick_0cm_S3,2026-04-25T09:51:43.640068,3,9,49,69,69,29,123,146,176,122,16,8,3,8,43,59,54,25,97,115,139,97,13,6,4,10,56,75,74,33,131,155,183,125,17,8,0,0,0,0,0,0,0,0,0,0,0,0,5,13,65,84,86,39,152,179,216,148,20,11,5,12,61,81,80,37,146,170,209,138,16,10,7,16,74,103,98,45,176,212,258,173,22,15,5,14,68,88,91,42,156,178,210,141,19,12,4.0,10.25,52.0,69.88,69.0,31.25,122.62,144.38,173.88,118.0,15.38,8.75
Brick_0cm_S3,2026-04-25T09:51:43.756220,3,9,50,69,69,29,123,146,176,122,17,8,3,8,43,59,54,25,97,115,139,97,13,6,4,10,56,75,74,33,131,155,183,125,17,8,0,0,0,0,0,0,0,0,0,0,0,0,5,13,65,84,86,39,152,179,216,147,19,11,5,12,61,81,80,37,146,171,209,138,17,10,7,16,74,104,98,45,176,212,258,173,22,15,6,14,68,88,91,41,156,178,211,141,19,12,4.12,10.25,52.12,70.0,69.0,31.12,122.62,144.5,174.0,117.88,15.5,8.75
Brick_0cm_S3,2026-04-25T09:51:43.868165,3,9,50,69,69,29,123,146,176,122,17,8,3,8,43,59,55,25,97,115,139,97,13,6,4,10,56,75,74,33,131,156,183,126,17,8,0,0,0,0,0,0,0,0,0,0,0,0,5,13,65,84,86,39,152,179,216,147,19,11,5,12,61,81,80,37,146,171,209,138,17,10,7,16,74,104,98,45,176,212,258,173,22,15,6,14,68,88,91,41,156,178,211,141,19,12,4.12,10.25,52.12,70.0,69.12,31.12,122.62,144.62,174.0,118.0,15.5,8.75
Brick_0cm_S3,2026-04-25T09:51:44.006239,3,9,50,69,69,30,123,146,176,122,17,9,3,8,43,59,55,25,97,115,139,97,13,6,4,10,56,75,74,33,131,155,183,126,17,8,0,0,0,0,0,0,0,0,0,0,0,0,5,13,65,84,86,39,152,179,216,148,20,11,5,12,61,81,80,37,146,171,209,139,16,10,7,16,74,104,98,45,176,212,258,173,22,15,5,14,68,88,91,41,156,178,211,141,19,12,4.0,10.25,52.12,70.0,69.12,31.25,122.62,144.5,174.0,118.25,15.5,8.88
Brick_0cm_S3,2026-04-25T09:51:44.119182,3,9,50,69,69,30,123,146,176,122,17,9,3,8,43,59,55,25,97,115,139,97,13,6,4,10,56,75,74,33,131,155,183,126,17,8,0,0,0,0,0,0,0,0,0,0,0,0,5,13,65,84,86,39,152,179,216,148,20,11,5,12,61,81,80,37,146,171,209,139,16,10,7,16,74,104,98,45,176,212,258,173,22,15,5,14,68,88,91,41,156,178,211,141,19,12,4.0,10.25,52.12,70.0,69.12,31.25,122.62,144.5,174.0,118.25,15.5,8.88
Brick_0cm_S3,2026-04-25T09:51:44.226226,3,9,50,69,69,30,123,146,176,122,17,9,3,8,43,59,54,25,97,115,139,97,13,6,4,10,56,75,74,33,131,155,183,125,17,8,0,0,0,0,0,0,0,0,0,0,0,0,5,13,65,84,86,39,152,179,216,148,20,11,5,12,61,81,80,37,146,171,209,139,16,10,7,16,74,103,98,45,176,212,258,173,22,15,5,14,68,88,91,42,156,178,211,141,19,12,4.0,10.25,52.12,69.88,69.0,31.38,122.62,144.5,174.0,118.12,15.5,8.88
Brick_0cm_S3,2026-04-25T09:51:44.343675,3,9,50,69,69,30,123,146,176,122,17,9,3,8,43,59,54,25,97,115,139,97,13,6,4,10,56,75,74,33,131,155,183,125,17,8,0,0,0,0,0,0,0,0,0,0,0,0,5,13,65,84,86,39,152,179,216,148,20,11,5,12,61,81,80,37,146,171,209,139,16,10,7,16,74,103,98,45,176,212,258,173,22,15,5,14,68,88,91,42,156,178,211,141,19,12,4.0,10.25,52.12,69.88,69.0,31.38,122.62,144.5,174.0,118.12,15.5,8.88
Brick_0cm_S3,2026-04-25T09:51:44.456578,3,9,50,69,69,30,123,146,176,122,17,9,3,8,43,59,54,25,97,115,139,97,13,6,4,10,56,75,74,33,131,155,183,125,17,8,0,0,0,0,0,0,0,0,0,0,0,0,5,13,65,84,86,39,152,179,216,148,20,11,5,12,61,81,80,37,146,171,209,139,16,10,7,16,74,104,98,45,177,212,258,173,22,15,5,14,68,88,91,41,156,178,210,140,19,12,4.0,10.25,52.12,70.0,69.0,31.25,122.75,144.5,173.88,118.0,15.5,8.88
Brick_0cm_S3,2026-04-25T09:51:44.580328,4,9,50,69,69,29,123,146,176,122,17,8,3,8,43,59,54,25,97,115,140,97,13,6,4,10,56,75,74,33,131,155,183,126,17,8,0,0,0,0,0,0,0,0,0,0,0,0,5,13,65,84,86,39,152,179,216,148,20,11,5,12,61,81,80,37,146,171,209,139,16,10,7,16,74,104,98,45,177,212,258,173,22,15,5,14,68,88,91,41,156,178,210,140,19,12,4.12,10.25,52.12,70.0,69.0,31.12,122.75,144.5,174.0,118.12,15.5,8.75
Brick_0cm_S3,2026-04-25T09:51:44.698698,4,9,50,69,69,29,123,146,176,122,17,8,3,8,43,59,54,25,97,115,140,97,13,6,4,10,56,75,74,33,131,155,183,126,17,8,0,0,0,0,0,0,0,0,0,0,0,0,5,13,65,84,86,39,152,179,216,148,20,11,5,12,61,81,80,37,146,171,209,138,16,10,7,16,74,104,98,45,177,212,258,173,23,15,6,14,68,88,91,41,156,178,210,141,19,12,4.25,10.25,52.12,70.0,69.0,31.12,122.75,144.5,174.0,118.12,15.62,8.75
Brick_0cm_S3,2026-04-25T09:51:44.814673,3,9,50,69,69,30,123,146,176,122,17,8,3,8,43,59,55,25,97,115,140,97,13,6,4,10,56,75,74,33,131,155,182,126,17,8,0,0,0,0,0,0,0,0,0,0,0,0,5,13,65,84,86,39,152,179,216,148,20,11,5,12,61,81,80,37,146,171,209,138,16,10,7,16,74,103,98,45,176,212,258,173,22,15,6,14,68,88,91,41,156,178,210,141,19,12,4.12,10.25,52.12,69.88,69.12,31.25,122.62,144.5,173.88,118.12,15.5,8.75
Brick_0cm_S3,2026-04-25T09:51:44.926702,3,9,50,69,69,30,123,146,176,122,17,8,3,8,43,59,55,25,97,115,140,97,13,6,4,10,56,75,74,33,131,155,182,126,17,8,0,0,0,0,0,0,0,0,0,0,0,0,5,13,65,84,86,39,152,179,216,148,20,11,5,12,61,81,80,37,146,171,209,138,16,10,7,16,74,103,98,45,176,212,258,173,22,15,6,14,68,88,91,42,156,178,211,140,19,12,4.12,10.25,52.12,69.88,69.12,31.38,122.62,144.5,174.0,118.0,15.5,8.75
Brick_0cm_S3,2026-04-25T09:51:45.044512,3,9,50,69,69,29,123,146,176,122,17,9,3,8,43,59,55,25,97,115,140,97,13,6,4,10,56,75,74,33,131,155,183,125,17,8,0,0,0,0,0,0,0,0,0,0,0,0,5,13,65,84,86,39,152,179,216,148,20,11,5,12,61,81,80,37,146,171,209,139,16,10,7,16,74,103,98,45,176,212,258,173,22,15,6,14,68,88,91,42,156,178,211,140,19,12,4.12,10.25,52.12,69.88,69.12,31.25,122.62,144.5,174.12,118.0,15.5,8.88
Brick_0cm_S3,2026-04-25T09:51:45.165910,4,9,49,69,69,30,123,146,176,122,17,9,3,8,43,59,55,25,97,115,140,97,13,6,4,10,56,75,74,33,131,155,182,126,17,8,0,0,0,0,0,0,0,0,0,0,0,0,5,13,65,84,86,39,152,179,216,148,20,11,5,12,61,81,80,37,146,171,209,139,16,10,7,16,74,103,98,45,176,212,258,173,23,15,6,14,68,88,91,41,156,178,211,141,19,12,4.25,10.25,52.0,69.88,69.12,31.25,122.62,144.5,174.0,118.25,15.62,8.88
Brick_0cm_S3,2026-04-25T09:51:45.282997,4,9,49,69,69,30,123,146,176,122,17,9,3,8,43,59,55,25,97,115,140,97,13,6,4,10,56,75,74,33,131,155,182,126,17,8,0,0,0,0,0,0,0,0,0,0,0,0,5,13,65,84,86,39,152,179,216,148,20,11,5,12,61,81,80,37,146,171,209,139,16,10,7,16,74,103,98,45,176,212,258,173,23,15,6,14,68,88,91,41,156,178,211,141,19,12,4.25,10.25,52.0,69.88,69.12,31.25,122.62,144.5,174.0,118.25,15.62,8.88
Brick_0cm_S3,2026-04-25T09:51:45.401287,4,9,49,69,69,30,123,146,176,122,17,9,3,8,43,59,55,25,97,115,140,97,13,6,4,10,56,75,74,33,131,155,182,126,17,8,0,0,0,0,0,0,0,0,0,0,0,0,5,13,65,84,86,39,152,179,216,148,20,11,5,12,61,81,80,37,146,171,209,139,16,10,7,16,74,104,98,45,177,212,258,173,22,15,5,14,68,88,91,42,156,178,211,141,19,12,4.12,10.25,52.0,70.0,69.12,31.38,122.75,144.5,174.0,118.25,15.5,8.88
Brick_0cm_S3,2026-04-25T09:51:45.515370,3,9,50,69,69,30,124,146,176,122,17,8,3,8,43,59,55,25,97,115,140,97,13,6,4,10,56,75,74,33,131,155,183,126,17,8,0,0,0,0,0,0,0,0,0,0,0,0,5,13,65,84,86,39,152,179,216,148,20,11,5,12,61,81,80,37,146,170,209,139,16,10,7,16,74,104,98,45,177,212,258,173,22,15,5,14,68,88,91,42,156,178,211,141,19,12,4.0,10.25,52.12,70.0,69.12,31.38,122.88,144.38,174.12,118.25,15.5,8.75
Brick_0cm_S3,2026-04-25T09:51:45.652856,4,9,50,69,69,30,123,146,176,122,17,8,3,8,43,59,55,25,97,115,139,97,13,6,4,10,56,75,74,33,131,155,182,126,17,8,0,0,0,0,0,0,0,0,0,0,0,0,5,13,65,84,86,39,152,179,216,148,20,11,5,12,61,81,80,37,146,170,209,139,16,10,7,16,74,104,98,45,176,212,258,173,23,15,5,14,68,88,91,42,156,178,210,141,19,12,4.12,10.25,52.12,70.0,69.12,31.38,122.62,144.38,173.75,118.25,15.62,8.75
Brick_0cm_S3,2026-04-25T09:51:45.780370,4,9,50,69,69,30,123,146,176,122,17,8,3,8,43,59,55,25,97,115,139,97,13,6,4,10,56,75,74,33,131,155,182,126,17,8,0,0,0,0,0,0,0,0,0,0,0,0,5,13,65,84,86,39,152,179,216,148,20,11,5,12,61,81,80,37,146,171,209,139,16,10,7,16,74,104,98,45,177,212,258,173,22,15,6,14,68,88,91,42,156,178,211,141,19,12,4.25,10.25,52.12,70.0,69.12,31.38,122.75,144.5,173.88,118.25,15.5,8.75
Brick_0cm_S3,2026-04-25T09:51:45.907793,3,9,50,69,69,29,123,146,176,122,17,8,3,8,43,59,55,25,97,115,140,97,13,6,4,10,56,75,74,33,131,155,183,126,17,8,0,0,0,0,0,0,0,0,0,0,0,0,5,13,65,84,86,39,152,179,216,148,20,11,5,12,61,81,80,37,146,171,209,139,16,10,7,16,74,104,98,45,177,212,258,173,22,15,6,14,68,88,91,42,156,178,211,141,19,12,4.12,10.25,52.12,70.0,69.12,31.25,122.75,144.5,174.12,118.25,15.5,8.75
Brick_0cm_S3,2026-04-25T09:51:46.026350,3,9,50,69,69,29,123,146,176,122,17,8,3,8,43,59,55,25,97,115,140,97,13,6,4,10,56,75,74,33,131,155,183,126,17,8,0,0,0,0,0,0,0,0,0,0,0,0,5,13,65,84,86,39,152,179,216,148,20,11,5,12,61,81,80,37,146,170,209,138,16,10,7,16,74,103,98,45,177,212,258,173,22,15,6,14,68,88,90,41,156,178,211,141,19,12,4.12,10.25,52.12,69.88,69.0,31.12,122.75,144.38,174.12,118.12,15.5,8.75
Brick_0cm_S3,2026-04-25T09:51:46.159205,4,9,50,69,69,30,123,146,176,122,17,8,3,8,43,59,54,25,97,115,139,97,13,6,4,10,56,75,74,33,131,155,183,126,17,8,0,0,0,0,0,0,0,0,0,0,0,0,5,13,65,84,86,39,152,179,216,148,20,11,5,12,61,81,80,37,146,170,209,138,16,10,7,16,74,103,98,45,177,212,258,173,22,15,6,14,68,88,90,41,156,178,211,141,19,12,4.25,10.25,52.12,69.88,68.88,31.25,122.75,144.38,174.0,118.12,15.5,8.75
Brick_0cm_S3,2026-04-25T09:51:46.277522,4,9,50,69,69,30,123,146,176,122,17,8,3,8,43,59,54,25,97,115,139,97,13,6,4,10,56,75,74,33,131,155,183,125,17,8,0,0,0,0,0,0,0,0,0,0,0,0,5,13,65,84,86,39,152,179,216,148,20,11,5,12,61,81,80,37,146,171,209,138,16,10,7,16,74,104,98,45,177,212,258,173,23,15,5,14,68,88,91,42,156,177,211,141,19,12,4.12,10.25,52.12,70.0,69.0,31.38,122.75,144.38,174.0,118.0,15.62,8.75
Brick_0cm_S3,2026-04-25T09:51:46.401462,4,9,50,69,69,30,124,146,176,122,17,8,3,8,43,59,55,25,97,115,139,97,13,6,4,10,56,75,74,33,131,155,183,126,17,8,0,0,0,0,0,0,0,0,0,0,0,0,5,13,65,84,86,39,152,179,217,148,20,11,5,12,61,81,80,37,146,171,209,138,16,10,7,16,74,104,98,45,177,212,258,173,23,15,5,14,68,88,91,42,156,177,211,141,19,12,4.12,10.25,52.12,70.0,69.12,31.38,122.88,144.38,174.12,118.12,15.62,8.75
Brick_0cm_S3,2026-04-25T09:51:46.527763,4,9,50,69,69,30,124,146,176,122,17,8,3,8,43,59,55,25,97,115,139,97,13,6,4,10,56,75,74,33,131,155,183,126,17,8,0,0,0,0,0,0,0,0,0,0,0,0,5,13,65,84,86,39,152,179,217,148,20,11,5,12,61,81,80,37,146,171,209,138,16,10,7,16,74,104,98,45,177,212,258,173,22,15,6,14,68,88,91,42,156,178,211,141,19,12,4.25,10.25,52.12,70.0,69.12,31.38,122.88,144.5,174.12,118.12,15.5,8.75
Brick_0cm_S3,2026-04-25T09:51:46.655600,4,9,50,69,69,29,123,146,176,122,17,8,3,8,43,59,54,25,97,115,139,97,13,6,4,10,56,75,75,33,131,155,183,126,17,8,0,0,0,0,0,0,0,0,0,0,0,0,5,13,65,84,86,39,152,179,217,148,20,11,5,12,61,81,80,37,146,171,209,138,16,10,7,16,74,104,98,45,176,212,258,173,22,15,5,14,68,88,91,41,156,178,211,141,19,12,4.12,10.25,52.12,70.0,69.12,31.12,122.62,144.5,174.12,118.12,15.5,8.75
Brick_0cm_S3,2026-04-25T09:51:46.785364,3,9,50,69,69,29,123,146,176,122,17,8,3,8,43,59,55,25,97,115,139,97,13,6,4,10,56,75,74,33,131,155,183,126,17,8,0,0,0,0,0,0,0,0,0,0,0,0,5,13,65,84,86,39,152,179,217,148,20,11,5,12,61,81,80,37,146,171,209,138,16,10,7,16,74,104,98,45,176,212,258,173,22,15,5,14,68,88,91,41,156,178,211,141,19,12,4.0,10.25,52.12,70.0,69.12,31.12,122.62,144.5,174.12,118.12,15.5,8.75
Brick_0cm_S3,2026-04-25T09:51:46.905454,3,9,50,69,69,29,123,146,176,122,17,8,3,8,43,59,55,25,97,115,139,97,13,6,4,10,56,75,74,33,131,155,183,126,17,8,0,0,0,0,0,0,0,0,0,0,0,0,5,13,65,84,86,39,152,179,217,148,20,11,5,12,61,81,80,37,146,170,209,138,16,10,7,16,74,104,98,45,177,212,258,173,22,15,6,14,68,88,91,42,156,178,211,141,19,12,4.12,10.25,52.12,70.0,69.12,31.25,122.75,144.38,174.12,118.12,15.5,8.75
Brick_0cm_S3,2026-04-25T09:51:47.024351,4,9,50,69,69,30,124,146,175,122,17,9,3,8,43,59,55,25,97,115,138,97,13,6,4,10,56,75,74,33,131,155,182,126,17,8,0,0,0,0,0,0,0,0,0,0,0,0,5,13,65,84,86,39,152,179,217,148,20,11,5,12,61,81,80,37,146,170,209,138,16,10,7,16,74,104,98,45,177,212,258,173,22,15,6,14,68,88,91,42,156,178,211,141,19,12,4.25,10.25,52.12,70.0,69.12,31.38,122.88,144.38,173.75,118.12,15.5,8.88
Brick_0cm_S3,2026-04-25T09:51:47.150617,4,9,50,69,69,30,124,146,175,122,17,9,3,8,43,59,55,25,97,115,138,97,13,6,4,10,56,75,74,33,131,155,182,126,17,8,0,0,0,0,0,0,0,0,0,0,0,0,5,13,65,84,86,39,152,179,216,148,20,11,5,12,61,81,80,37,146,171,209,139,16,10,7,16,74,104,98,45,177,212,258,173,22,15,6,14,68,88,90,42,156,178,211,141,19,12,4.25,10.25,52.12,70.0,69.0,31.38,122.88,144.5,173.62,118.25,15.5,8.88
Brick_0cm_S3,2026-04-25T09:51:47.285086,3,9,50,69,69,29,123,146,176,122,17,9,3,8,43,59,55,25,97,115,139,97,13,6,4,10,56,75,74,33,131,155,183,126,17,8,0,0,0,0,0,0,0,0,0,0,0,0,5,13,65,84,86,39,152,179,216,148,20,11,5,12,61,81,80,37,146,171,209,139,16,10,7,16,74,104,98,45,177,212,258,173,22,15,6,14,68,88,90,42,156,178,211,141,19,12,4.12,10.25,52.12,70.0,69.0,31.25,122.75,144.5,174.0,118.25,15.5,8.88
Brick_0cm_S3,2026-04-25T09:51:47.440819,4,9,50,69,69,29,124,146,176,122,17,9,3,8,43,59,55,25,97,115,139,97,13,6,4,10,56,75,74,33,131,155,183,126,17,8,0,0,0,0,0,0,0,0,0,0,0,0,5,13,65,84,86,39,152,179,217,148,20,11,5,12,61,81,80,37,146,170,209,138,16,10,7,16,74,104,98,45,176,212,258,173,22,15,5,14,68,88,90,42,156,178,211,140,19,12,4.12,10.25,52.12,70.0,69.0,31.25,122.75,144.38,174.12,118.0,15.5,8.88
Brick_0cm_S3,2026-04-25T09:51:47.559015,4,9,50,69,69,29,124,146,176,122,17,9,3,8,43,59,54,25,96,115,139,97,13,6,4,10,56,75,74,33,131,155,183,126,17,8,0,0,0,0,0,0,0,0,0,0,0,0,5,13,65,84,86,39,152,179,217,148,20,11,5,12,61,81,80,37,146,171,209,139,16,10,7,16,74,103,98,45,177,212,258,173,22,15,6,14,68,88,91,42,156,178,210,141,19,12,4.25,10.25,52.12,69.88,69.0,31.25,122.75,144.5,174.0,118.25,15.5,8.88
Brick_0cm_S3,2026-04-25T09:51:47.671258,4,9,49,69,69,29,123,146,176,122,17,9,3,8,43,59,55,25,97,115,140,97,13,6,4,10,56,75,74,33,131,155,183,125,17,8,0,0,0,0,0,0,0,0,0,0,0,0,5,13,65,84,86,39,152,179,217,148,20,11,5,12,61,81,80,37,146,171,209,139,16,10,7,16,74,103,98,45,177,212,258,173,22,15,6,14,68,88,91,42,156,178,210,141,19,12,4.25,10.25,52.0,69.88,69.12,31.25,122.75,144.5,174.12,118.12,15.5,8.88
Brick_0cm_S3,2026-04-25T09:51:47.784679,4,9,49,69,69,29,123,146,176,122,17,9,3,8,43,59,55,25,97,115,140,97,13,6,4,10,56,75,74,33,131,155,183,125,17,8,0,0,0,0,0,0,0,0,0,0,0,0,5,13,65,84,86,39,152,179,217,148,20,11,5,12,61,81,80,37,146,171,209,138,16,10,7,16,74,104,98,45,177,212,258,173,22,15,6,14,68,88,91,42,156,178,210,141,19,12,4.25,10.25,52.0,70.0,69.12,31.25,122.75,144.5,174.12,118.0,15.5,8.88
Brick_0cm_S3,2026-04-25T09:51:47.900516,4,9,50,69,70,29,123,146,176,122,16,8,3,8,43,59,55,25,97,115,139,97,13,6,4,10,56,75,74,33,131,155,182,126,17,8,0,0,0,0,0,0,0,0,0,0,0,0,5,13,65,84,86,39,152,179,217,148,20,11,5,12,61,81,80,37,146,171,209,138,16,10,7,16,74,104,98,45,177,212,258,173,22,15,6,14,68,88,91,42,156,178,211,141,19,12,4.25,10.25,52.12,70.0,69.25,31.25,122.75,144.5,174.0,118.12,15.38,8.75
Brick_0cm_S3,2026-04-25T09:51:48.023438,4,9,50,69,70,29,123,146,176,122,16,8,3,8,43,59,55,25,97,115,139,97,13,6,4,10,56,75,74,33,131,155,182,126,17,8,0,0,0,0,0,0,0,0,0,0,0,0,5,13,65,84,86,39,152,179,217,148,20,11,5,12,61,81,80,37,146,171,209,138,16,10,7,16,74,104,98,45,177,212,258,173,22,15,6,14,68,88,91,41,156,177,210,141,19,12,4.25,10.25,52.12,70.0,69.25,31.12,122.75,144.38,173.88,118.12,15.38,8.75
Brick_0cm_S3,2026-04-25T09:51:48.147889,4,9,50,69,69,29,124,146,176,122,17,8,3,8,43,59,55,25,97,115,140,97,13,6,4,10,56,75,74,33,131,155,183,126,17,8,0,0,0,0,0,0,0,0,0,0,0,0,5,13,65,84,86,39,152,179,217,148,20,11,5,12,61,81,80,37,146,171,209,138,16,10,7,16,74,104,98,45,177,212,258,173,22,15,6,14,68,88,91,41,156,177,210,141,19,12,4.25,10.25,52.12,70.0,69.12,31.12,122.88,144.38,174.12,118.12,15.5,8.75
Brick_0cm_S3,2026-04-25T09:51:48.279833,4,9,50,69,69,29,124,146,176,122,17,8,3,8,43,59,55,25,97,115,140,97,13,6,4,10,56,75,74,33,131,155,183,126,17,8,0,0,0,0,0,0,0,0,0,0,0,0,5,13,65,84,86,39,152,179,217,148,20,11,5,12,61,81,80,37,146,171,209,139,16,10,7,16,74,104,98,45,177,212,258,173,22,15,5,14,68,88,91,41,156,178,211,141,19,12,4.12,10.25,52.12,70.0,69.12,31.12,122.88,144.5,174.25,118.25,15.5,8.75
Brick_0cm_S3,2026-04-25T09:51:48.404534,3,9,50,69,69,30,123,146,176,122,17,8,3,8,43,59,55,25,97,115,140,97,13,6,4,10,56,75,74,33,131,155,183,125,17,8,0,0,0,0,0,0,0,0,0,0,0,0,5,13,65,84,86,39,152,179,217,148,20,11,5,12,61,81,80,37,146,171,209,139,16,10,7,16,74,104,98,45,177,212,258,173,22,15,5,14,68,88,91,41,156,178,211,141,19,12,4.0,10.25,52.12,70.0,69.12,31.25,122.75,144.5,174.25,118.12,15.5,8.75
Brick_0cm_S3,2026-04-25T09:51:48.543697,3,9,49,69,69,29,123,146,176,122,17,9,3,8,43,59,55,25,97,115,140,97,13,6,4,10,56,75,74,33,131,155,183,125,17,8,0,0,0,0,0,0,0,0,0,0,0,0,5,13,65,84,86,39,152,179,217,148,20,11,5,12,61,81,80,37,146,170,209,139,17,10,7,16,74,104,98,45,176,212,258,174,23,15,6,14,68,88,91,41,156,178,211,141,19,12,4.12,10.25,52.0,70.0,69.12,31.12,122.62,144.38,174.25,118.25,15.75,8.88
Brick_0cm_S3,2026-04-25T09:51:48.671041,3,9,49,69,69,29,123,146,176,122,17,9,3,8,43,59,55,25,97,115,139,97,13,6,4,10,56,75,75,33,131,155,183,126,17,8,0,0,0,0,0,0,0,0,0,0,0,0,5,13,65,85,86,39,152,179,217,148,20,11,5,12,61,81,80,37,146,170,209,138,16,10,7,16,74,104,98,45,176,212,258,174,23,15,6,14,68,88,91,41,156,178,211,141,19,12,4.12,10.25,52.0,70.12,69.25,31.12,122.62,144.38,174.12,118.25,15.62,8.88
Brick_0cm_S3,2026-04-25T09:51:48.792080,3,9,50,69,69,29,123,146,177,122,17,9,3,8,43,59,55,25,97,115,139,97,13,6,4,10,56,75,75,33,131,155,183,126,17,8,0,0,0,0,0,0,0,0,0,0,0,0,5,13,65,85,86,39,152,179,217,148,20,11,5,12,61,81,80,37,146,170,209,138,16,10,7,16,74,104,98,45,177,212,258,173,23,15,6,14,68,88,91,42,155,178,211,141,19,12,4.12,10.25,52.12,70.12,69.25,31.25,122.62,144.38,174.25,118.12,15.62,8.88
Brick_0cm_S3,2026-04-25T09:51:48.918422,3,9,50,69,69,29,123,146,177,122,17,9,3,8,43,59,55,25,97,115,139,97,13,6,4,10,56,75,74,33,131,155,183,126,17,8,0,0,0,0,0,0,0,0,0,0,0,0,5,13,65,84,86,39,152,179,217,148,20,11,5,12,61,81,80,37,146,170,209,138,16,10,7,16,74,104,98,45,177,212,258,173,22,15,6,14,68,88,91,42,156,178,210,141,19,12,4.12,10.25,52.12,70.0,69.12,31.25,122.75,144.38,174.12,118.12,15.5,8.88
Brick_0cm_S3,2026-04-25T09:51:49.047697,3,9,50,69,69,30,124,146,176,122,17,8,3,8,43,59,55,25,96,115,140,97,13,6,4,10,56,75,74,33,131,155,182,126,17,8,0,0,0,0,0,0,0,0,0,0,0,0,5,13,65,84,86,39,152,179,217,148,20,11,5,12,61,81,80,37,146,170,209,138,16,10,7,16,74,104,98,45,177,212,258,173,22,15,6,14,68,88,91,42,156,178,210,141,19,12,4.12,10.25,52.12,70.0,69.12,31.38,122.75,144.38,174.0,118.12,15.5,8.75
Brick_0cm_S3,2026-04-25T09:51:49.171039,3,9,50,69,69,30,124,146,176,122,17,8,3,8,43,59,55,25,96,115,140,97,13,6,4,10,56,75,74,33,131,155,182,126,17,8,0,0,0,0,0,0,0,0,0,0,0,0,5,13,65,84,86,39,153,179,216,148,20,11,5,12,61,81,80,37,146,170,209,139,16,10,7,16,74,103,98,45,177,212,258,173,22,15,6,14,68,88,91,42,156,178,211,141,19,12,4.12,10.25,52.12,69.88,69.12,31.38,122.88,144.38,174.0,118.25,15.5,8.75
Brick_0cm_S3,2026-04-25T09:51:49.295977,3,9,50,69,69,29,123,146,176,122,17,9,3,8,43,59,55,25,97,115,139,97,13,6,4,10,56,75,74,33,131,155,183,125,17,8,0,0,0,0,0,0,0,0,0,0,0,0,5,13,65,84,86,39,153,179,216,148,20,11,5,12,61,81,80,37,146,170,209,139,16,10,7,16,74,103,98,45,177,212,258,173,22,15,6,14,68,88,91,42,156,178,211,141,19,12,4.12,10.25,52.12,69.88,69.12,31.25,122.88,144.38,174.0,118.12,15.5,8.88
Brick_0cm_S3,2026-04-25T09:51:49.418195,3,9,50,69,69,29,123,146,176,122,17,9,3,8,43,59,55,25,97,115,139,97,13,6,4,10,56,75,74,33,131,155,183,125,17,8,0,0,0,0,0,0,0,0,0,0,0,0,5,13,65,84,86,39,152,179,217,148,20,11,5,12,61,81,80,37,146,171,209,138,16,10,7,16,74,103,98,45,177,212,258,174,23,15,6,14,68,88,91,42,156,178,211,141,19,12,4.12,10.25,52.12,69.88,69.12,31.25,122.75,144.5,174.12,118.12,15.62,8.88
Brick_0cm_S3,2026-04-25T09:51:49.545842,3,9,50,69,69,29,123,146,176,122,17,9,3,8,43,59,54,25,97,115,140,97,13,6,4,10,56,75,74,33,131,155,183,126,17,8,0,0,0,0,0,0,0,0,0,0,0,0,5,13,65,84,86,39,152,179,217,148,20,11,5,12,61,81,80,37,146,171,209,138,16,10,7,16,74,103,98,45,177,212,258,174,23,15,6,14,68,88,91,42,156,178,211,141,19,12,4.12,10.25,52.12,69.88,69.0,31.25,122.75,144.5,174.25,118.25,15.62,8.88
Brick_0cm_S3,2026-04-25T09:51:49.671250,3,9,50,69,69,29,123,146,176,122,17,9,3,8,43,59,54,25,97,115,140,97,13,6,4,10,56,75,74,33,131,155,183,126,17,8,0,0,0,0,0,0,0,0,0,0,0,0,5,13,65,84,86,39,152,179,217,148,20,11,5,12,61,81,80,37,146,170,209,139,16,10,7,16,74,104,98,45,177,212,258,173,22,15,6,14,68,88,91,42,156,178,211,141,19,12,4.12,10.25,52.12,70.0,69.0,31.25,122.75,144.38,174.25,118.25,15.5,8.88
Brick_0cm_S3,2026-04-25T09:51:49.804164,4,9,50,69,69,29,123,146,176,122,17,8,3,8,43,59,54,25,97,115,139,97,13,6,4,10,56,75,75,33,131,155,183,126,17,8,0,0,0,0,0,0,0,0,0,0,0,0,5,13,65,84,86,39,152,179,217,148,20,11,4,12,61,81,80,37,146,170,209,138,16,10,7,16,74,104,98,45,177,212,258,173,22,15,6,14,68,88,91,42,156,178,211,141,19,12,4.12,10.25,52.12,70.0,69.12,31.25,122.75,144.38,174.12,118.12,15.5,8.75
Brick_0cm_S3,2026-04-25T09:51:49.920750,3,9,50,69,69,30,124,146,176,122,17,8,3,8,43,59,55,25,97,115,139,97,13,6,4,10,56,75,75,33,131,155,183,126,17,8,0,0,0,0,0,0,0,0,0,0,0,0,5,13,65,84,86,39,152,179,217,148,20,11,4,12,61,81,80,37,146,170,209,138,16,10,7,16,74,104,98,45,177,212,258,173,22,15,6,14,68,88,91,42,156,178,211,141,19,12,4.0,10.25,52.12,70.0,69.25,31.38,122.88,144.38,174.12,118.12,15.5,8.75
Brick_0cm_S3,2026-04-25T09:51:50.041876,3,9,50,69,69,30,124,146,176,122,17,8,3,8,43,59,55,25,97,115,139,97,13,6,4,10,56,75,75,33,131,155,183,126,17,8,0,0,0,0,0,0,0,0,0,0,0,0,5,13,65,84,86,39,153,179,217,148,20,11,5,12,61,81,80,37,146,170,209,139,16,10,7,16,74,104,98,45,177,212,258,173,22,15,6,14,68,88,91,42,156,178,211,141,19,12,4.12,10.25,52.12,70.0,69.25,31.38,123.0,144.38,174.12,118.25,15.5,8.75
Brick_0cm_S3,2026-04-25T09:51:50.168766,4,9,50,69,69,29,123,146,176,122,17,8,3,8,43,59,54,25,97,115,140,97,14,6,4,10,56,75,74,33,130,155,183,126,17,8,0,0,0,0,0,0,0,0,0,0,0,0,5,13,65,84,86,39,153,179,217,148,20,11,5,12,61,81,80,37,146,170,209,139,16,10,7,16,74,104,98,45,177,212,258,173,22,15,6,14,68,88,90,42,156,178,211,141,19,12,4.25,10.25,52.12,70.0,68.88,31.25,122.75,144.38,174.25,118.25,15.62,8.75
Brick_0cm_S3,2026-04-25T09:51:50.295831,4,9,50,69,69,29,123,146,176,122,17,8,3,8,43,59,54,25,97,115,140,97,14,6,4,10,56,75,74,33,130,155,183,126,17,8,0,0,0,0,0,0,0,0,0,0,0,0,5,13,65,84,85,39,152,179,217,148,20,11,5,12,61,81,80,37,146,171,209,139,16,10,7,16,74,104,98,45,176,212,258,173,22,15,5,14,68,88,90,42,156,178,210,141,19,12,4.12,10.25,52.12,70.0,68.75,31.25,122.5,144.5,174.12,118.25,15.62,8.75
Brick_0cm_S3,2026-04-25T09:51:50.429363,4,9,50,69,69,30,124,146,176,122,17,8,3,8,43,59,55,25,97,115,139,97,13,6,4,10,56,75,74,33,131,155,183,126,17,8,0,0,0,0,0,0,0,0,0,0,0,0,5,13,65,84,85,39,152,179,217,148,20,11,5,12,61,81,80,37,146,171,209,139,16,10,7,16,74,104,98,45,176,212,258,173,22,15,5,14,68,88,90,42,156,178,210,141,19,12,4.12,10.25,52.12,70.0,68.88,31.38,122.75,144.5,174.0,118.25,15.5,8.75
Brick_0cm_S3,2026-04-25T09:51:50.542809,4,9,50,69,69,30,124,146,176,122,17,8,3,8,43,59,55,25,97,115,139,97,13,6,4,10,56,75,74,33,131,155,183,126,17,8,0,0,0,0,0,0,0,0,0,0,0,0,5,13,65,84,86,39,152,179,217,148,20,11,5,12,61,81,80,37,146,170,209,139,16,10,7,16,74,104,98,45,177,212,258,173,22,15,6,14,68,88,91,42,157,178,211,140,19,12,4.25,10.25,52.12,70.0,69.12,31.38,123.0,144.38,174.12,118.12,15.5,8.75
Brick_0cm_S3,2026-04-25T09:51:50.660506,3,9,50,69,69,29,123,146,177,122,17,9,3,8,43,59,54,25,97,115,139,97,13,6,4,10,56,75,74,33,131,155,183,126,17,8,0,0,0,0,0,0,0,0,0,0,0,0,5,13,65,84,86,39,152,179,217,148,20,11,5,12,61,81,80,37,146,170,209,139,16,10,7,16,74,104,98,45,177,212,258,173,22,15,6,14,68,88,91,42,157,178,211,140,19,12,4.12,10.25,52.12,70.0,69.0,31.25,122.88,144.38,174.25,118.12,15.5,8.88
Brick_0cm_S3,2026-04-25T09:51:50.770561,3,9,50,69,69,29,123,146,177,122,17,9,3,8,43,59,54,25,97,115,139,97,13,6,4,10,56,75,74,33,131,155,183,126,17,8,0,0,0,0,0,0,0,0,0,0,0,0,5,13,65,84,86,39,152,179,217,148,20,11,5,12,61,81,80,37,146,171,209,139,16,10,7,16,74,104,98,45,176,212,258,173,23,15,6,14,68,88,91,42,156,178,210,141,19,12,4.12,10.25,52.12,70.0,69.0,31.25,122.62,144.5,174.12,118.25,15.62,8.88
Brick_0cm_S3,2026-04-25T09:51:50.884904,3,9,50,69,69,29,123,146,176,122,17,9,3,8,43,59,55,25,97,115,139,97,13,6,4,10,56,75,74,33,131,155,183,126,17,8,0,0,0,0,0,0,0,0,0,0,0,0,5,13,65,84,86,39,152,179,217,148,20,11,5,12,61,81,80,37,146,171,209,139,16,10,7,16,74,104,98,45,176,212,258,173,23,15,6,14,68,88,91,42,156,178,210,141,19,12,4.12,10.25,52.12,70.0,69.12,31.25,122.62,144.5,174.0,118.25,15.62,8.88
Brick_0cm_S3,2026-04-25T09:51:51.001916,3,9,50,69,69,29,123,146,176,122,17,9,3,8,43,59,55,25,97,115,139,97,13,6,4,10,56,75,74,33,131,155,183,126,17,8,0,0,0,0,0,0,0,0,0,0,0,0,5,13,65,84,86,39,153,179,217,147,20,11,5,12,61,81,80,37,146,171,209,139,16,10,7,16,74,104,98,45,177,212,258,174,22,15,6,14,68,88,91,42,156,178,211,141,19,12,4.12,10.25,52.12,70.0,69.12,31.25,122.88,144.5,174.12,118.25,15.5,8.88
Brick_0cm_S3,2026-04-25T09:51:51.120596,3,9,50,69,69,29,123,146,176,122,17,9,3,8,43,59,55,25,97,115,140,97,13,6,4,10,56,75,74,33,130,155,183,126,17,8,0,0,0,0,0,0,0,0,0,0,0,0,5,13,65,84,86,39,153,179,217,147,20,11,5,12,61,81,80,37,146,171,209,139,16,10,7,16,74,104,98,45,177,212,258,174,22,15,6,14,68,88,91,42,156,178,211,141,19,12,4.12,10.25,52.12,70.0,69.12,31.25,122.75,144.5,174.25,118.25,15.5,8.88
Brick_0cm_S3,2026-04-25T09:51:51.235700,3,9,50,69,69,29,123,146,176,122,17,9,3,8,43,59,55,25,97,115,140,97,13,6,4,10,56,75,74,33,130,155,183,126,17,8,0,0,0,0,0,0,0,0,0,0,0,0,5,13,65,85,86,39,152,179,217,148,20,11,5,12,61,81,80,37,145,171,210,138,16,10,7,16,74,103,98,45,176,212,258,173,22,15,6,14,68,88,91,41,157,178,211,141,19,12,4.12,10.25,52.12,70.0,69.12,31.12,122.5,144.5,174.38,118.12,15.5,8.88
Brick_0cm_S3,2026-04-25T09:51:51.360172,3,9,50,69,69,29,124,146,177,122,17,9,3,8,43,59,55,25,96,115,139,97,13,6,4,10,56,75,74,33,130,155,183,126,17,8,0,0,0,0,0,0,0,0,0,0,0,0,5,13,65,85,86,39,152,179,217,148,20,11,5,12,61,81,80,37,145,171,210,138,16,10,7,16,74,103,98,45,176,212,258,173,22,15,6,14,68,88,91,41,157,178,211,141,19,12,4.12,10.25,52.12,70.0,69.12,31.12,122.5,144.5,174.38,118.12,15.5,8.88
Brick_0cm_S3,2026-04-25T09:51:51.480399,3,9,50,69,69,29,124,146,177,122,17,9,3,8,43,59,55,25,96,115,139,97,13,6,4,10,56,75,74,33,130,155,183,126,17,8,0,0,0,0,0,0,0,0,0,0,0,0,5,13,65,84,86,39,152,179,217,148,20,11,5,12,61,81,80,37,146,171,209,138,16,10,7,16,74,104,98,45,177,212,258,173,22,15,6,14,68,88,91,42,156,178,211,141,19,12,4.12,10.25,52.12,70.0,69.12,31.25,122.62,144.5,174.25,118.12,15.5,8.88
Brick_0cm_S3,2026-04-25T09:51:51.605951,3,9,49,69,69,30,123,146,176,122,17,8,3,8,43,59,55,25,97,115,139,97,13,6,4,10,56,75,74,33,131,155,183,126,17,8,0,0,0,0,0,0,0,0,0,0,0,0,5,13,65,84,86,39,152,179,217,148,20,11,5,12,61,81,80,37,146,171,209,138,16,10,7,16,74,104,98,45,177,212,258,173,22,15,6,14,68,88,91,42,156,178,211,141,19,12,4.12,10.25,52.0,70.0,69.12,31.38,122.75,144.5,174.12,118.12,15.5,8.75
Brick_0cm_S3,2026-04-25T09:51:51.739761,3,9,50,69,69,30,123,146,177,122,17,8,3,8,43,59,55,25,97,115,139,97,13,6,4,10,56,75,74,33,131,155,183,126,17,8,0,0,0,0,0,0,0,0,0,0,0,0,5,13,65,85,86,39,152,179,217,148,20,11,5,12,61,81,80,37,146,171,209,139,16,10,7,16,74,103,98,45,177,212,258,173,22,15,6,14,68,88,91,42,156,178,211,141,19,12,4.12,10.25,52.12,70.0,69.12,31.38,122.75,144.5,174.25,118.25,15.5,8.75
Brick_0cm_S3,2026-04-25T09:51:51.858218,3,9,50,69,69,30,123,146,177,122,17,8,3,8,43,59,54,25,97,115,139,97,13,6,4,10,56,75,74,33,131,155,183,126,17,8,0,0,0,0,0,0,0,0,0,0,0,0,5,13,65,84,86,39,153,179,217,148,20,11,5,12,61,81,80,37,146,171,209,139,16,10,7,16,74,103,98,45,177,212,258,173,22,15,6,14,68,88,91,42,156,178,211,141,19,12,4.12,10.25,52.12,69.88,69.0,31.38,122.88,144.5,174.25,118.25,15.5,8.75
Brick_0cm_S3,2026-04-25T09:51:51.991481,4,9,50,69,69,30,123,146,176,122,17,9,3,8,43,59,55,25,97,115,140,97,13,6,4,10,56,75,74,33,131,155,182,126,17,8,0,0,0,0,0,0,0,0,0,0,0,0,5,13,65,84,86,39,153,179,217,148,20,11,5,12,61,81,80,37,146,171,209,139,16,10,7,16,74,104,98,45,176,212,258,173,22,15,6,14,68,88,91,41,156,178,211,140,19,12,4.25,10.25,52.12,70.0,69.12,31.25,122.75,144.5,174.12,118.12,15.5,8.88
Brick_0cm_S3,2026-04-25T09:51:52.108217,4,9,50,69,69,30,123,146,176,122,17,9,3,8,43,59,55,25,97,115,140,97,13,6,4,10,56,75,74,33,131,155,182,126,17,8,0,0,0,0,0,0,0,0,0,0,0,0,5,13,65,84,86,39,153,180,217,148,20,11,5,12,61,81,80,37,146,171,209,139,16,10,7,16,74,104,98,45,176,212,258,174,23,15,6,14,68,88,91,41,156,178,211,140,19,12,4.25,10.25,52.12,70.0,69.12,31.25,122.75,144.62,174.12,118.25,15.62,8.88
Brick_0cm_S3,2026-04-25T09:51:52.231358,4,9,49,69,69,29,123,146,176,122,17,8,3,8,43,59,55,25,97,115,139,97,13,6,4,10,56,75,74,33,131,155,183,126,17,8,0,0,0,0,0,0,0,0,0,0,0,0,5,13,65,84,86,39,153,180,217,148,20,11,5,12,61,81,80,37,146,171,209,139,16,10,7,16,74,104,98,45,176,212,258,174,23,15,6,14,68,88,91,42,156,178,211,141,19,12,4.25,10.25,52.0,70.0,69.12,31.25,122.75,144.62,174.12,118.38,15.62,8.75
Brick_0cm_S3,2026-04-25T09:51:52.358449,4,9,49,69,69,29,123,146,176,122,17,8,3,8,43,59,55,25,97,115,139,97,13,6,4,10,56,75,74,33,131,155,183,126,17,8,0,0,0,0,0,0,0,0,0,0,0,0,5,13,65,85,86,39,153,179,217,148,20,11,5,12,61,81,80,37,146,171,210,139,16,10,7,16,74,104,98,45,177,212,258,173,22,15,5,14,68,88,91,41,156,178,210,141,19,12,4.12,10.25,52.0,70.12,69.12,31.12,122.88,144.5,174.12,118.25,15.5,8.75
Brick_0cm_S3,2026-04-25T09:51:52.488647,4,9,50,69,69,29,123,146,176,122,17,8,3,8,43,59,55,25,97,115,139,97,13,6,4,10,56,75,74,33,131,155,183,126,17,8,0,0,0,0,0,0,0,0,0,0,0,0,5,13,65,85,86,39,153,179,217,148,20,11,5,12,61,81,80,37,146,171,210,139,16,10,7,16,74,104,98,45,177,212,258,173,22,15,5,14,68,88,91,41,156,178,210,141,19,12,4.12,10.25,52.12,70.12,69.12,31.12,122.88,144.5,174.12,118.25,15.5,8.75
Brick_0cm_S3,2026-04-25T09:51:52.605214,4,9,50,69,69,29,123,146,176,122,17,8,3,8,43,59,55,25,97,115,139,97,13,6,4,10,56,75,74,33,131,155,183,126,17,8,0,0,0,0,0,0,0,0,0,0,0,0,5,13,65,84,86,39,152,179,217,148,20,11,5,12,61,81,79,37,146,170,209,139,16,10,7,16,74,104,98,45,177,212,258,173,23,15,5,14,68,88,91,41,156,178,211,141,19,12,4.12,10.25,52.12,70.0,69.0,31.12,122.75,144.38,174.12,118.25,15.62,8.75
Brick_0cm_S3,2026-04-25T09:51:52.755312,4,9,50,69,69,30,124,146,177,122,17,8,3,8,43,59,55,25,97,115,140,97,13,6,4,10,56,75,74,33,131,155,183,126,17,8,0,0,0,0,0,0,0,0,0,0,0,0,5,13,65,84,86,39,152,179,217,148,20,11,5,12,61,81,79,37,146,170,209,139,16,10,7,16,74,104,98,45,177,212,258,173,23,15,5,14,68,88,91,41,156,178,211,141,19,12,4.12,10.25,52.12,70.0,69.0,31.25,122.88,144.38,174.38,118.25,15.62,8.75
Brick_0cm_S3,2026-04-25T09:51:52.871867,3,9,50,69,69,29,123,146,176,122,17,9,3,8,43,59,55,25,97,115,140,97,13,6,4,10,56,75,74,33,131,155,183,126,17,8,0,0,0,0,0,0,0,0,0,0,0,0,5,13,65,84,86,39,152,180,217,148,20,11,5,12,61,81,80,37,146,170,209,138,16,10,7,16,74,103,98,45,177,212,258,173,22,15,6,14,68,88,91,42,156,178,211,141,19,12,4.12,10.25,52.12,69.88,69.12,31.25,122.75,144.5,174.25,118.12,15.5,8.88
Brick_0cm_S3,2026-04-25T09:51:52.992707,3,9,50,69,69,29,123,146,176,122,17,9,3,8,43,59,54,25,97,115,139,97,13,6,4,10,56,75,74,33,131,155,182,126,17,8,0,0,0,0,0,0,0,0,0,0,0,0,5,13,65,85,86,39,152,179,217,148,20,11,5,12,61,81,80,37,146,170,209,138,16,10,7,16,74,103,98,45,177,212,258,173,22,15,6,14,68,88,91,42,156,178,211,141,19,12,4.12,10.25,52.12,70.0,69.0,31.25,122.75,144.38,174.0,118.12,15.5,8.88
Brick_0cm_S3,2026-04-25T09:51:53.109067,4,9,50,69,69,30,123,146,176,122,16,8,3,8,43,59,54,25,97,115,139,97,13,6,4,10,56,75,74,33,131,155,182,126,17,8,0,0,0,0,0,0,0,0,0,0,0,0,5,13,65,85,86,39,152,179,217,148,20,11,5,12,61,81,80,37,146,170,209,139,16,10,7,16,74,103,98,45,177,212,258,173,23,15,6,14,68,88,91,42,156,178,211,141,19,12,4.25,10.25,52.12,70.0,69.0,31.38,122.75,144.38,174.0,118.25,15.5,8.75
Brick_0cm_S3,2026-04-25T09:51:53.230616,4,9,50,69,69,30,123,146,176,122,16,8,3,8,43,59,55,25,96,115,139,97,13,6,4,10,56,75,74,33,131,155,183,126,17,8,0,0,0,0,0,0,0,0,0,0,0,0,5,13,65,84,86,39,152,179,216,148,20,11,5,12,61,81,80,37,146,171,209,138,16,10,7,16,74,103,98,45,177,212,258,173,23,15,6,14,68,88,91,42,156,178,211,141,19,12,4.25,10.25,52.12,69.88,69.12,31.38,122.62,144.5,174.0,118.12,15.5,8.75
Brick_0cm_S3,2026-04-25T09:51:53.353338,3,9,50,69,69,30,124,146,176,122,17,9,3,8,43,59,55,25,97,115,140,97,13,6,4,10,56,75,74,33,131,155,183,126,17,8,0,0,0,0,0,0,0,0,0,0,0,0,5,13,65,84,86,39,152,179,216,148,20,11,5,12,61,81,80,37,146,171,209,138,16,10,7,16,74,103,98,45,177,212,258,173,22,15,6,14,68,88,91,42,156,178,211,141,19,12,4.12,10.25,52.12,69.88,69.12,31.38,122.88,144.5,174.12,118.12,15.5,8.88
Brick_0cm_S3,2026-04-25T09:51:53.484186,3,9,50,69,69,30,124,146,176,122,17,9,3,8,43,59,55,25,97,115,140,97,13,6,4,10,56,75,74,33,130,155,182,126,17,8,0,0,0,0,0,0,0,0,0,0,0,0,5,13,65,84,86,39,152,179,217,148,20,11,5,12,61,81,80,37,146,170,209,138,16,10,7,16,74,104,98,45,176,212,258,173,22,15,6,14,68,88,91,42,156,178,211,141,19,12,4.12,10.25,52.12,70.0,69.12,31.38,122.62,144.38,174.12,118.12,15.5,8.88
Brick_0cm_S3,2026-04-25T09:51:53.607922,4,9,50,69,69,30,123,146,176,122,17,8,3,8,43,59,55,25,97,115,140,97,13,6,4,10,56,75,74,33,130,155,182,125,17,8,0,0,0,0,0,0,0,0,0,0,0,0,5,13,65,84,86,39,152,179,217,148,20,11,5,12,61,81,80,37,146,170,209,138,16,10,7,16,74,104,98,45,176,212,258,173,22,15,6,14,68,88,91,42,157,178,211,141,19,12,4.25,10.25,52.12,70.0,69.12,31.38,122.62,144.38,174.12,118.0,15.5,8.75
Brick_0cm_S3,2026-04-25T09:51:53.726326,4,9,50,69,69,30,123,146,176,122,17,8,3,8,43,59,55,25,97,115,140,97,13,6,4,10,56,75,74,33,130,155,182,125,17,8,0,0,0,0,0,0,0,0,0,0,0,0,5,13,65,84,86,39,152,179,217,148,20,11,5,12,61,81,80,37,146,170,209,139,16,10,7,16,74,104,98,45,176,212,258,173,22,15,6,14,68,88,91,42,157,178,211,141,19,12,4.25,10.25,52.12,70.0,69.12,31.38,122.62,144.38,174.12,118.12,15.5,8.75
Brick_0cm_S3,2026-04-25T09:51:53.854307,4,9,50,69,69,29,124,146,176,122,17,9,3,8,43,59,54,25,97,115,139,97,14,6,4,10,56,75,74,33,131,155,183,125,17,8,0,0,0,0,0,0,0,0,0,0,0,0,5,13,65,84,86,39,152,179,217,148,20,11,5,12,61,81,80,37,146,170,209,139,16,10,7,16,74,104,98,45,176,212,258,173,22,15,6,14,68,88,91,42,157,178,211,141,19,12,4.25,10.25,52.12,70.0,69.0,31.25,122.88,144.38,174.12,118.12,15.62,8.88
Brick_0cm_S3,2026-04-25T09:51:53.978277,4,9,50,69,69,29,124,146,176,122,17,9,3,8,43,59,54,25,97,115,139,97,14,6,4,10,56,75,74,33,131,155,183,125,17,8,0,0,0,0,0,0,0,0,0,0,0,0,5,13,65,85,86,39,152,179,217,148,20,11,5,12,61,81,80,37,146,171,209,139,16,10,7,16,74,104,98,45,176,212,258,173,22,15,6,14,68,88,91,42,156,178,211,141,19,12,4.25,10.25,52.12,70.12,69.0,31.25,122.75,144.5,174.12,118.12,15.62,8.88
Brick_0cm_S3,2026-04-25T09:51:54.108059,3,9,50,69,69,29,124,146,176,122,17,8,3,8,43,59,54,25,97,115,139,97,13,6,4,10,56,75,74,33,131,155,182,125,17,8,0,0,0,0,0,0,0,0,0,0,0,0,5,13,65,85,86,39,152,179,217,148,20,11,5,12,61,81,80,37,146,171,209,139,16,10,7,16,74,104,98,45,176,212,258,173,22,15,6,14,68,88,91,42,156,178,211,141,19,12,4.12,10.25,52.12,70.12,69.0,31.25,122.75,144.5,174.0,118.12,15.5,8.75
Brick_0cm_S3,2026-04-25T09:51:54.240650,3,9,50,69,69,29,124,146,176,122,17,8,3,8,43,59,54,25,97,115,139,97,13,6,4,10,56,75,74,33,131,155,182,125,17,8,0,0,0,0,0,0,0,0,0,0,0,0,5,13,65,84,86,39,152,179,216,148,20,11,5,12,61,81,80,37,146,170,209,138,16,10,7,16,74,104,98,45,177,212,258,173,23,15,6,14,68,88,91,41,157,178,211,141,19,12,4.12,10.25,52.12,70.0,69.0,31.12,123.0,144.38,173.88,118.0,15.62,8.75
Brick_0cm_S3,2026-04-25T09:51:54.357682,3,9,50,69,69,29,124,146,176,122,17,8,3,8,43,59,55,25,97,115,139,97,13,6,4,10,56,75,74,33,130,155,183,126,17,8,0,0,0,0,0,0,0,0,0,0,0,0,5,13,65,84,86,39,152,180,217,148,20,11,5,12,61,81,80,37,146,170,209,138,16,10,7,16,74,104,98,45,177,212,258,173,23,15,6,14,68,88,91,41,157,178,211,141,19,12,4.12,10.25,52.12,70.0,69.12,31.12,122.88,144.5,174.12,118.12,15.62,8.75
Brick_0cm_S3,2026-04-25T09:51:54.479481,4,9,49,69,69,30,123,146,176,122,17,9,3,8,43,59,55,25,97,115,139,97,13,6,4,10,56,75,74,33,130,155,183,126,17,8,0,0,0,0,0,0,0,0,0,0,0,0,5,13,65,84,86,39,152,180,217,148,20,11,5,12,61,81,80,37,146,170,209,138,16,10,7,16,74,104,98,45,177,212,258,173,22,15,6,14,68,88,91,42,156,178,211,141,19,12,4.25,10.25,52.0,70.0,69.12,31.38,122.62,144.5,174.12,118.12,15.5,8.88
Brick_0cm_S3,2026-04-25T09:51:54.607235,4,9,49,69,69,30,123,146,176,122,17,9,3,8,43,59,55,25,97,115,140,97,13,6,4,10,56,75,74,33,130,155,183,126,17,8,0,0,0,0,0,0,0,0,0,0,0,0,5,13,65,84,86,39,152,179,217,148,20,11,5,12,61,81,80,37,146,171,209,138,16,10,7,16,74,104,98,45,177,212,258,173,22,15,6,14,68,88,91,42,156,178,211,141,19,12,4.25,10.25,52.0,70.0,69.12,31.38,122.62,144.5,174.25,118.12,15.5,8.88
Brick_0cm_S3,2026-04-25T09:51:54.724818,4,9,50,69,69,29,124,146,176,122,17,9,3,8,43,59,54,25,97,115,139,97,13,6,4,10,56,75,74,33,130,155,183,126,17,8,0,0,0,0,0,0,0,0,0,0,0,0,5,13,65,84,86,39,152,179,217,148,20,11,5,12,61,81,80,37,146,171,209,138,16,10,7,16,74,103,98,45,177,212,258,173,23,15,6,14,68,88,91,42,156,178,211,141,19,12,4.25,10.25,52.12,69.88,69.0,31.25,122.75,144.5,174.12,118.12,15.62,8.88
Brick_0cm_S3,2026-04-25T09:51:54.861802,4,9,50,69,69,29,124,146,176,122,17,9,3,8,43,59,54,25,97,115,139,97,13,6,4,10,56,75,74,33,130,155,183,126,17,8,0,0,0,0,0,0,0,0,0,0,0,0,5,13,65,85,86,39,152,179,217,148,20,11,5,12,61,81,80,37,146,171,209,139,16,10,7,16,74,104,98,45,177,212,258,173,22,15,5,14,68,88,91,41,157,178,211,141,19,12,4.12,10.25,52.12,70.12,69.0,31.12,122.88,144.5,174.12,118.25,15.5,8.88
Brick_0cm_S3,2026-04-25T09:51:54.986990,3,9,50,69,69,29,123,146,176,122,17,8,3,8,43,59,55,25,97,115,139,97,13,6,4,10,56,75,74,33,131,155,183,126,17,8,0,0,0,0,0,0,0,0,0,0,0,0,5,13,65,85,86,39,152,179,217,148,20,11,5,12,61,81,80,37,146,171,209,139,16,10,7,16,74,104,98,45,177,212,258,173,22,15,5,14,68,88,91,41,157,178,211,141,19,12,4.0,10.25,52.12,70.12,69.12,31.12,122.88,144.5,174.12,118.25,15.5,8.75
Brick_0cm_S3,2026-04-25T09:51:55.107540,3,9,50,69,69,29,123,146,176,122,17,8,3,8,43,59,55,25,97,115,139,97,13,6,4,10,56,75,74,33,131,155,183,126,17,8,0,0,0,0,0,0,0,0,0,0,0,0,5,13,65,85,86,39,152,179,217,148,20,11,5,12,61,81,80,37,146,171,209,139,16,10,7,16,74,103,98,45,176,212,258,173,22,15,5,14,68,88,91,42,156,178,211,141,19,12,4.0,10.25,52.12,70.0,69.12,31.25,122.62,144.5,174.12,118.25,15.5,8.75
Brick_0cm_S3,2026-04-25T09:51:55.234991,3,9,50,69,69,29,124,146,176,122,17,9,3,8,43,59,54,25,97,115,140,97,13,6,4,10,56,75,74,33,131,156,183,126,17,8,0,0,0,0,0,0,0,0,0,0,0,0,5,13,65,85,86,39,152,179,217,148,20,11,5,12,61,81,80,37,146,171,209,139,16,10,7,16,74,103,98,45,176,212,258,173,22,15,5,14,68,88,91,42,156,178,211,141,19,12,4.0,10.25,52.12,70.0,69.0,31.25,122.75,144.62,174.25,118.25,15.5,8.88
Brick_0cm_S3,2026-04-25T09:51:55.369591,3,9,50,69,69,29,124,146,176,122,17,9,3,8,43,59,54,25,97,115,140,97,13,6,4,10,56,75,74,33,131,156,183,126,17,8,0,0,0,0,0,0,0,0,0,0,0,0,5,13,65,84,86,39,152,179,217,148,20,11,5,12,61,81,80,37,146,170,209,138,16,10,7,16,74,104,98,45,177,212,258,173,22,15,6,14,68,88,91,41,156,178,211,141,19,12,4.12,10.25,52.12,70.0,69.0,31.12,122.88,144.5,174.25,118.12,15.5,8.88
Brick_0cm_S3,2026-04-25T09:51:55.507011,3,9,50,69,70,29,123,146,176,122,17,9,3,8,43,59,54,25,97,115,139,97,13,6,4,10,56,75,74,33,131,155,183,125,17,8,0,0,0,0,0,0,0,0,0,0,0,0,5,13,66,84,86,39,152,179,217,148,20,11,5,12,61,81,80,37,146,170,209,138,16,10,7,16,74,104,98,45,177,212,258,173,22,15,6,14,68,88,91,41,156,178,211,141,19,12,4.12,10.25,52.25,70.0,69.12,31.12,122.75,144.38,174.12,118.0,15.5,8.88
Brick_0cm_S3,2026-04-25T09:51:55.627813,3,9,50,69,69,30,123,146,176,123,16,8,3,8,43,59,54,25,97,115,139,97,13,6,4,10,56,75,74,33,131,155,183,125,17,8,0,0,0,0,0,0,0,0,0,0,0,0,5,13,66,84,86,39,152,179,217,148,20,11,5,12,61,81,80,37,146,171,209,138,16,10,7,16,74,104,98,45,176,212,258,173,23,15,6,13,68,88,90,42,156,178,211,141,19,12,4.12,10.12,52.25,70.0,68.88,31.38,122.62,144.5,174.12,118.12,15.5,8.75
Brick_0cm_S3,2026-04-25T09:51:55.746309,3,9,50,69,69,30,123,146,176,123,16,8,3,8,43,59,54,25,97,115,139,97,13,6,4,10,56,75,74,33,131,155,183,126,17,8,0,0,0,0,0,0,0,0,0,0,0,0,5,13,65,84,86,39,153,179,217,148,20,11,5,12,61,81,80,37,146,170,209,139,16,10,7,16,74,104,98,45,176,212,258,173,23,15,6,13,68,88,90,42,156,178,211,141,19,12,4.12,10.12,52.12,70.0,68.88,31.38,122.75,144.38,174.12,118.38,15.5,8.75
Brick_0cm_S3,2026-04-25T09:51:55.877803,3,9,50,69,69,29,124,146,176,123,17,8,3,8,43,59,54,25,96,115,139,97,13,6,4,10,56,75,74,33,131,155,183,126,17,8,0,0,0,0,0,0,0,0,0,0,0,0,5,13,65,84,86,39,153,179,217,148,20,11,5,12,61,81,80,37,146,170,209,139,16,10,7,16,74,104,98,45,176,212,258,173,23,15,6,14,68,88,90,41,156,177,210,141,19,12,4.12,10.25,52.12,70.0,68.88,31.12,122.75,144.25,174.0,118.38,15.62,8.75
Brick_0cm_S3,2026-04-25T09:51:55.997115,3,9,50,69,69,29,124,146,176,123,17,8,3,8,43,59,54,25,96,115,139,97,13,6,4,10,56,75,74,33,131,155,183,126,17,8,0,0,0,0,0,0,0,0,0,0,0,0,5,13,65,84,86,39,152,179,217,148,20,11,5,12,61,81,80,37,146,170,210,139,16,10,7,16,74,104,98,45,176,212,258,173,22,15,6,14,68,88,91,42,156,178,211,141,19,12,4.12,10.25,52.12,70.0,69.0,31.25,122.62,144.38,174.25,118.38,15.5,8.75
Brick_0cm_S3,2026-04-25T09:51:56.125500,3,9,49,69,69,30,124,146,176,123,17,9,3,8,43,59,54,25,97,115,139,97,13,6,4,10,56,75,74,33,131,155,183,126,17,8,0,0,0,0,0,0,0,0,0,0,0,0,5,13,65,84,86,39,152,179,217,148,20,11,5,12,61,81,80,37,146,170,210,139,16,10,7,16,74,104,98,45,176,212,258,173,22,15,6,14,68,88,91,42,156,178,211,141,19,12,4.12,10.25,52.0,70.0,69.0,31.38,122.75,144.38,174.25,118.38,15.5,8.88
Brick_0cm_S3,2026-04-25T09:51:56.252767,3,9,49,69,69,30,124,146,176,123,17,9,3,8,43,59,54,25,97,115,139,97,13,6,4,10,56,75,74,33,131,155,183,126,17,8,0,0,0,0,0,0,0,0,0,0,0,0,5,13,65,85,86,39,152,180,217,148,20,11,5,12,61,81,80,37,146,170,209,138,16,10,7,16,74,104,98,45,176,212,258,173,23,15,5,14,68,88,91,41,156,178,211,141,19,12,4.0,10.25,52.0,70.12,69.0,31.25,122.75,144.5,174.12,118.25,15.62,8.88
Brick_0cm_S3,2026-04-25T09:51:56.370208,4,9,50,69,69,30,123,146,176,122,16,9,3,8,43,59,54,25,97,115,139,97,13,6,4,10,56,75,74,33,131,155,183,126,17,8,0,0,0,0,0,0,0,0,0,0,0,0,5,13,65,85,86,39,152,180,217,148,20,11,5,12,61,81,80,37,146,170,209,138,16,10,7,16,74,104,98,45,176,212,258,173,23,15,5,14,68,88,91,41,156,178,211,141,19,12,4.12,10.25,52.12,70.12,69.0,31.25,122.62,144.5,174.12,118.12,15.5,8.88
Brick_0cm_S3,2026-04-25T09:51:56.478667,4,9,50,69,69,30,123,146,176,122,16,9,3,8,43,59,54,25,97,115,139,97,13,6,4,10,56,75,74,33,131,155,183,126,17,8,0,0,0,0,0,0,0,0,0,0,0,0,5,13,65,84,86,39,152,179,217,148,20,11,5,12,61,81,80,37,146,170,209,138,16,10,7,16,74,104,98,45,176,212,258,173,22,15,5,14,68,88,91,41,156,178,211,141,19,12,4.12,10.25,52.12,70.0,69.0,31.25,122.62,144.38,174.12,118.12,15.38,8.88
Brick_0cm_S3,2026-04-25T09:51:56.590414,3,9,50,69,69,30,123,146,176,122,17,8,3,8,43,59,54,25,96,115,139,97,13,6,4,10,56,75,74,33,131,155,183,126,17,8,0,0,0,0,0,0,0,0,0,0,0,0,5,13,65,84,86,39,152,179,217,148,20,11,5,12,61,81,80,37,146,170,209,138,16,10,7,16,74,104,98,45,176,212,258,173,22,15,5,14,68,88,91,41,156,178,211,141,19,12,4.0,10.25,52.12,70.0,69.0,31.25,122.5,144.38,174.12,118.12,15.5,8.75
Brick_0cm_S3,2026-04-25T09:51:56.704396,3,9,50,69,69,30,123,146,176,122,17,8,3,8,43,59,54,25,96,115,139,97,13,6,4,10,56,75,74,33,131,155,183,126,17,8,0,0,0,0,0,0,0,0,0,0,0,0,5,13,65,85,86,39,152,179,217,148,20,11,5,12,61,81,80,37,146,171,209,139,16,10,7,16,74,104,98,45,176,212,258,173,22,15,6,14,68,88,91,41,156,178,211,141,19,12,4.12,10.25,52.12,70.12,69.0,31.25,122.5,144.5,174.12,118.25,15.5,8.75
Brick_0cm_S3,2026-04-25T09:51:56.823329,4,9,50,69,69,29,123,146,176,122,17,9,3,8,43,59,55,25,97,115,139,97,13,6,4,10,56,75,74,33,131,155,183,126,17,8,0,0,0,0,0,0,0,0,0,0,0,0,5,13,65,85,86,39,152,179,217,148,20,11,5,12,61,81,80,37,146,171,209,139,16,10,7,16,74,104,98,45,176,212,258,173,22,15,6,14,68,88,91,41,156,178,211,141,19,12,4.25,10.25,52.12,70.12,69.12,31.12,122.62,144.5,174.12,118.25,15.5,8.88
Brick_0cm_S3,2026-04-25T09:51:56.940069,4,9,50,69,69,29,123,146,176,122,17,9,3,8,43,59,55,25,97,115,139,97,13,6,4,10,56,75,74,33,131,155,183,126,17,8,0,0,0,0,0,0,0,0,0,0,0,0,5,13,65,84,86,39,152,180,217,148,20,11,5,12,61,81,80,37,146,171,209,139,16,10,7,16,74,104,98,45,177,212,258,173,22,15,5,14,68,88,91,42,157,178,211,141,19,12,4.12,10.25,52.12,70.0,69.12,31.25,122.88,144.62,174.12,118.25,15.5,8.88
Brick_0cm_S3,2026-04-25T09:51:57.058524,4,9,50,69,69,30,124,146,176,123,17,9,3,8,43,59,55,25,97,115,139,97,13,6,4,10,56,75,74,33,131,155,183,126,17,8,0,0,0,0,0,0,0,0,0,0,0,0,5,13,65,84,86,39,152,180,217,148,20,11,5,12,61,81,80,37,146,171,209,139,16,10,7,16,74,104,98,45,177,212,258,173,22,15,5,14,68,88,91,42,157,178,211,141,19,12,4.12,10.25,52.12,70.0,69.12,31.38,123.0,144.62,174.12,118.38,15.5,8.88
Brick_0cm_S3,2026-04-25T09:51:57.185801,4,9,50,69,69,30,124,146,176,123,17,9,3,8,43,59,55,25,97,115,139,97,13,6,4,10,56,75,74,33,131,155,183,126,17,8,0,0,0,0,0,0,0,0,0,0,0,0,5,13,65,84,86,39,153,179,217,148,20,11,5,12,61,81,80,37,146,170,209,138,16,10,7,16,74,104,98,45,177,212,258,173,23,15,6,14,68,87,91,42,156,178,211,141,19,12,4.25,10.25,52.12,69.88,69.12,31.38,123.0,144.38,174.12,118.25,15.62,8.88
Brick_0cm_S3,2026-04-25T09:51:57.312466,3,9,50,69,69,30,123,146,176,122,16,9,3,8,43,59,54,25,97,115,139,97,13,6,4,10,56,75,74,33,131,155,183,126,17,8,0,0,0,0,0,0,0,0,0,0,0,0,5,13,65,84,86,39,153,179,217,148,20,11,5,12,61,81,80,37,146,170,209,138,16,10,7,16,74,104,98,45,177,212,258,173,23,15,6,14,68,87,91,42,156,178,211,141,19,12,4.12,10.25,52.12,69.88,69.0,31.38,122.88,144.38,174.12,118.12,15.5,8.88
Brick_0cm_S3,2026-04-25T09:51:57.431920,3,9,50,69,69,30,123,146,176,122,16,9,3,8,43,59,54,25,97,115,139,97,13,6,4,10,56,75,74,33,131,155,183,126,17,8,0,0,0,0,0,0,0,0,0,0,0,0,5,13,65,84,86,39,152,179,217,148,20,11,5,12,61,81,80,37,146,170,209,138,16,10,7,16,74,104,98,45,176,212,258,173,22,15,6,14,68,88,90,41,156,178,211,141,19,12,4.12,10.25,52.12,70.0,68.88,31.25,122.62,144.38,174.12,118.12,15.38,8.88
Brick_0cm_S3,2026-04-25T09:51:57.570616,4,9,50,69,69,29,123,146,176,122,17,8,3,8,43,59,54,25,96,115,139,97,13,6,4,10,56,75,74,33,131,155,183,126,17,8,0,0,0,0,0,0,0,0,0,0,0,0,5,13,65,84,86,39,152,179,217,148,20,11,5,12,61,81,80,37,146,170,209,138,16,10,7,16,74,104,98,45,176,212,258,173,22,15,6,14,68,88,90,41,156,178,211,141,19,12,4.25,10.25,52.12,70.0,68.88,31.12,122.5,144.38,174.12,118.12,15.5,8.75
Brick_0cm_S3,2026-04-25T09:51:57.681528,3,9,50,69,70,29,123,146,176,122,17,9,3,8,43,59,54,25,96,115,139,97,13,6,4,10,56,75,74,33,131,155,183,126,17,8,0,0,0,0,0,0,0,0,0,0,0,0,5,13,65,84,86,39,152,179,217,148,20,11,5,12,61,81,80,37,146,170,209,138,16,10,7,16,74,104,98,45,176,212,258,173,23,15,6,14,68,88,91,41,156,178,211,141,19,12,4.12,10.25,52.12,70.0,69.12,31.12,122.5,144.38,174.12,118.12,15.62,8.88
Brick_0cm_S3,2026-04-25T09:51:57.811118,3,9,50,69,70,29,123,146,176,122,17,9,3,8,43,59,55,25,97,115,139,97,13,6,4,10,56,75,74,33,131,155,183,126,17,8,0,0,0,0,0,0,0,0,0,0,0,0,5,13,65,84,86,39,152,179,217,148,20,10,4,12,61,81,80,37,146,171,210,139,17,10,7,16,74,104,98,45,176,212,258,173,23,15,6,14,68,88,91,41,156,178,211,141,19,12,4.0,10.25,52.12,70.0,69.25,31.12,122.62,144.5,174.25,118.25,15.75,8.75
Brick_0cm_S3,2026-04-25T09:51:57.937829,4,9,50,69,69,29,123,146,176,123,17,9,3,8,43,59,54,25,97,115,139,97,13,6,4,10,56,75,74,33,131,155,183,125,17,8,0,0,0,0,0,0,0,0,0,0,0,0,5,13,65,84,86,39,152,179,217,148,20,10,4,12,61,81,80,37,146,171,210,139,17,10,7,16,74,104,98,45,176,212,258,173,23,15,6,14,68,88,91,41,156,178,211,141,19,12,4.12,10.25,52.12,70.0,69.0,31.12,122.62,144.5,174.25,118.25,15.75,8.75
Brick_0cm_S3,2026-04-25T09:51:58.067030,4,9,50,69,69,29,123,146,176,123,17,9,3,8,43,59,54,25,97,115,139,97,13,6,4,10,56,75,74,33,131,155,183,125,17,8,0,0,0,0,0,0,0,0,0,0,0,0,5,13,65,84,86,39,153,179,217,148,20,11,5,12,61,81,80,37,146,171,209,138,16,10,7,16,74,104,98,45,177,212,258,173,22,15,5,14,68,88,91,42,156,178,211,141,19,12,4.12,10.25,52.12,70.0,69.0,31.25,122.88,144.5,174.12,118.12,15.5,8.88
Brick_0cm_S3,2026-04-25T09:51:58.187948,3,9,50,69,69,29,123,146,176,122,16,8,3,8,43,59,55,25,97,115,139,97,13,6,4,10,56,75,74,33,131,155,183,126,17,8,0,0,0,0,0,0,0,0,0,0,0,0,5,13,65,84,86,39,153,179,217,148,20,11,5,12,61,81,80,37,146,171,209,138,16,10,7,16,74,104,98,45,177,212,258,173,22,15,5,14,68,88,91,42,156,178,211,141,19,12,4.0,10.25,52.12,70.0,69.12,31.25,122.88,144.5,174.12,118.12,15.38,8.75
Brick_0cm_S3,2026-04-25T09:51:58.345724,3,9,50,69,69,29,123,146,176,122,16,8,3,8,43,59,55,25,97,115,139,97,13,6,4,10,56,75,74,33,131,155,183,126,17,8,0,0,0,0,0,0,0,0,0,0,0,0,5,13,65,85,86,39,152,179,216,148,20,11,5,12,61,81,80,37,146,171,209,139,16,10,7,16,74,104,98,45,177,212,258,173,22,15,6,14,68,88,91,42,156,178,211,140,19,12,4.12,10.25,52.12,70.12,69.12,31.25,122.75,144.5,174.0,118.12,15.38,8.75
Brick_0cm_S3,2026-04-25T09:51:58.462618,3,9,50,69,69,29,123,146,176,122,17,9,3,8,43,59,54,25,97,115,139,97,13,6,4,10,56,75,74,33,131,155,183,126,17,8,0,0,0,0,0,0,0,0,0,0,0,0,5,13,65,85,86,39,152,179,216,148,20,11,5,12,61,81,80,37,146,171,209,139,16,10,7,16,74,104,98,45,177,212,258,173,22,15,6,14,68,88,91,42,156,178,211,140,19,12,4.12,10.25,52.12,70.12,69.0,31.25,122.75,144.5,174.0,118.12,15.5,8.88
Brick_0cm_S3,2026-04-25T09:51:58.577338,3,9,50,69,69,29,123,146,176,122,17,9,3,8,43,59,54,25,97,115,139,97,13,6,4,10,56,75,74,33,131,155,183,126,17,8,0,0,0,0,0,0,0,0,0,0,0,0,5,13,65,85,86,39,153,179,217,148,20,11,5,12,61,81,80,37,146,171,209,139,16,10,7,16,74,104,98,45,177,212,258,173,23,15,6,14,68,88,91,42,156,178,211,141,19,12,4.12,10.25,52.12,70.12,69.0,31.25,122.88,144.5,174.12,118.25,15.62,8.88
Brick_0cm_S3,2026-04-25T09:51:58.691321,4,9,50,69,69,30,123,146,176,122,17,8,3,8,43,59,55,25,97,115,139,97,13,6,4,10,56,75,74,33,131,155,183,126,17,8,0,0,0,0,0,0,0,0,0,0,0,0,5,13,65,85,86,39,153,180,217,148,20,11,5,12,61,81,80,37,146,171,209,139,16,10,7,16,74,104,98,45,177,212,258,173,23,15,6,14,68,88,91,42,156,178,211,141,19,12,4.25,10.25,52.12,70.12,69.12,31.38,122.88,144.62,174.12,118.25,15.62,8.75
Brick_0cm_S3,2026-04-25T09:51:58.808157,4,9,50,69,69,30,123,146,176,122,17,8,3,8,43,59,55,25,97,115,139,97,13,6,4,10,56,75,74,33,131,155,183,126,17,8,0,0,0,0,0,0,0,0,0,0,0,0,5,13,65,85,86,39,153,180,217,148,20,11,5,12,61,81,80,37,146,170,209,139,16,10,7,16,74,103,98,45,176,212,258,173,22,15,6,14,68,88,91,42,156,178,211,141,19,12,4.25,10.25,52.12,70.0,69.12,31.38,122.75,144.5,174.12,118.25,15.5,8.75
Brick_0cm_S3,2026-04-25T09:51:58.929214,3,9,49,69,69,29,123,146,176,122,17,8,3,8,43,59,54,25,97,115,139,97,13,6,4,10,56,75,74,33,131,155,182,126,17,8,0,0,0,0,0,0,0,0,0,0,0,0,5,13,65,85,86,39,153,179,217,148,20,11,5,12,61,81,80,37,146,171,209,139,16,10,7,16,74,103,98,45,176,212,258,173,22,15,6,14,68,88,91,42,156,178,211,141,19,12,4.12,10.25,52.0,70.0,69.0,31.25,122.75,144.5,174.0,118.25,15.5,8.75
Brick_0cm_S3,2026-04-25T09:51:59.056893,4,9,50,69,69,30,123,146,176,123,17,8,3,8,43,59,55,25,96,115,139,97,13,6,4,10,56,75,74,33,131,155,182,126,17,8,0,0,0,0,0,0,0,0,0,0,0,0,5,13,65,85,86,39,153,179,217,148,20,11,5,12,61,81,80,37,146,171,209,139,16,10,7,16,74,104,98,45,176,212,258,173,22,15,6,14,68,88,91,42,156,178,211,141,19,12,4.25,10.25,52.12,70.12,69.12,31.38,122.62,144.5,174.0,118.38,15.5,8.75
Brick_0cm_S3,2026-04-25T09:51:59.197838,4,9,50,69,69,30,123,146,176,123,17,8,3,8,43,59,55,25,96,115,139,97,13,6,4,10,56,75,74,33,131,155,183,126,17,8,0,0,0,0,0,0,0,0,0,0,0,0,5,13,65,85,86,39,153,179,217,148,20,11,5,12,61,81,80,37,146,171,209,139,16,10,7,16,74,103,98,45,176,212,258,173,23,15,5,14,68,88,91,41,156,178,211,141,19,12,4.12,10.25,52.12,70.0,69.12,31.25,122.62,144.5,174.12,118.38,15.62,8.75
Brick_0cm_S3,2026-04-25T09:51:59.333336,4,9,49,69,69,30,123,146,176,122,17,8,3,8,43,59,54,25,97,115,139,97,13,6,4,10,56,75,74,33,131,155,183,126,17,8,0,0,0,0,0,0,0,0,0,0,0,0,5,13,65,85,86,39,153,179,217,148,20,11,5,12,61,81,80,37,146,171,209,139,16,10,7,16,74,103,98,45,176,212,258,173,23,15,5,14,68,88,91,41,156,178,211,141,19,12,4.12,10.25,52.0,70.0,69.0,31.25,122.75,144.5,174.12,118.25,15.62,8.75
Brick_0cm_S3,2026-04-25T09:51:59.448172,4,9,49,69,69,30,123,146,176,122,17,8,3,8,43,59,54,25,97,115,139,97,13,6,4,10,56,75,74,33,131,155,183,126,17,8,0,0,0,0,0,0,0,0,0,0,0,0,5,13,65,84,86,39,153,179,217,148,20,11,5,12,61,81,80,37,146,170,209,138,16,10,7,16,74,103,98,45,177,212,258,173,23,15,6,14,68,88,90,42,156,178,211,141,19,12,4.25,10.25,52.0,69.88,68.88,31.38,122.88,144.38,174.12,118.12,15.62,8.75
Brick_0cm_S3,2026-04-25T09:51:59.571099,3,9,50,69,69,30,124,146,176,122,17,9,3,8,43,59,55,25,97,115,139,97,13,6,4,10,56,75,74,33,130,155,182,126,17,8,0,0,0,0,0,0,0,0,0,0,0,0,5,13,65,84,86,39,153,179,217,148,20,11,5,12,61,81,80,37,146,170,209,138,16,10,7,16,74,103,98,45,177,212,258,173,23,15,6,14,68,88,90,42,156,178,211,141,19,12,4.12,10.25,52.12,69.88,69.0,31.38,122.88,144.38,174.0,118.12,15.62,8.88
Brick_0cm_S3,2026-04-25T09:51:59.701831,3,9,50,69,69,30,124,146,176,122,17,9,3,8,43,59,55,25,97,115,139,97,13,6,4,10,56,75,74,33,130,155,182,126,17,8,0,0,0,0,0,0,0,0,0,0,0,0,5,13,65,85,86,39,153,180,217,148,20,11,5,12,61,81,80,37,146,171,209,138,16,10,7,16,74,104,98,45,176,212,258,173,22,15,6,14,68,88,90,41,156,178,211,141,19,12,4.12,10.25,52.12,70.12,69.0,31.25,122.75,144.62,174.0,118.12,15.5,8.88
Brick_0cm_S3,2026-04-25T09:51:59.827782,3,9,49,69,69,29,123,146,176,122,17,8,3,8,43,59,54,25,97,115,139,97,13,6,4,10,56,75,74,33,131,155,183,125,17,8,0,0,0,0,0,0,0,0,0,0,0,0,5,13,65,85,86,39,153,180,217,148,20,11,5,12,61,81,80,37,146,171,209,138,16,10,7,16,74,104,98,45,176,212,258,173,22,15,6,14,68,88,90,41,156,178,211,141,19,12,4.12,10.25,52.0,70.12,68.88,31.12,122.75,144.62,174.12,118.0,15.5,8.75
Brick_0cm_S3,2026-04-25T09:51:59.953845,3,9,49,69,69,29,123,146,176,122,17,8,3,8,43,59,54,25,97,115,139,97,13,6,4,10,56,75,74,33,131,155,183,125,17,8,0,0,0,0,0,0,0,0,0,0,0,0,5,13,65,84,86,39,153,179,217,148,20,11,5,12,61,81,80,37,146,170,209,138,16,10,7,16,74,104,98,45,176,212,258,173,22,15,6,14,68,88,91,42,156,178,211,141,19,12,4.12,10.25,52.0,70.0,69.0,31.25,122.75,144.38,174.12,118.0,15.5,8.75
Brick_0cm_S3,2026-04-25T09:52:00.078078,3,9,50,69,70,30,124,146,176,122,17,9,3,8,43,59,54,25,97,115,139,97,13,6,4,10,56,75,74,33,131,155,183,126,17,8,0,0,0,0,0,0,0,0,0,0,0,0,5,13,65,85,86,39,153,179,217,148,20,11,5,12,61,81,80,37,146,170,209,138,16,10,7,16,74,104,98,45,176,212,258,173,22,15,6,14,68,88,91,42,156,178,211,141,19,12,4.12,10.25,52.12,70.12,69.12,31.38,122.88,144.38,174.12,118.12,15.5,8.88
Brick_0cm_S3,2026-04-25T09:52:00.203398,4,9,50,69,69,29,123,146,176,122,17,9,3,8,43,59,55,25,97,115,139,97,13,6,4,10,56,75,74,33,131,155,182,125,17,8,0,0,0,0,0,0,0,0,0,0,0,0,5,13,65,85,86,39,153,179,217,148,20,11,5,12,61,81,80,37,146,170,209,138,16,10,7,16,74,104,98,45,176,212,258,173,22,15,6,14,68,88,91,42,156,178,211,141,19,12,4.25,10.25,52.12,70.12,69.12,31.25,122.75,144.38,174.0,118.0,15.5,8.88
Brick_0cm_S3,2026-04-25T09:52:00.328571,4,9,50,69,69,29,123,146,176,122,17,9,3,8,43,59,55,25,97,115,139,97,13,6,4,10,56,75,74,33,131,155,182,125,17,8,0,0,0,0,0,0,0,0,0,0,0,0,5,13,65,85,86,39,153,179,217,148,20,11,5,12,61,81,80,37,146,171,209,138,16,10,7,16,74,104,98,45,177,212,258,173,22,15,6,14,68,88,91,42,156,178,211,141,19,12,4.25,10.25,52.12,70.12,69.12,31.25,122.88,144.5,174.0,118.0,15.5,8.88
Brick_0cm_S3,2026-04-25T09:52:00.446364,4,9,50,69,70,30,123,146,176,122,17,9,3,8,43,59,54,25,96,115,139,97,13,6,4,10,56,75,75,33,131,155,183,125,17,8,0,0,0,0,0,0,0,0,0,0,0,0,5,13,65,85,86,39,153,179,217,148,20,11,5,12,61,81,80,37,146,171,209,138,16,10,7,16,74,104,98,45,177,212,258,173,22,15,6,14,68,88,90,42,156,178,210,141,19,12,4.25,10.25,52.12,70.12,69.12,31.38,122.75,144.5,174.0,118.0,15.5,8.88
Brick_0cm_S3,2026-04-25T09:52:00.576797,4,9,50,69,70,30,123,146,176,122,17,9,3,8,43,59,54,25,96,115,139,97,13,6,4,10,56,75,75,33,131,155,183,125,17,8,0,0,0,0,0,0,0,0,0,0,0,0,5,13,65,84,86,39,153,180,217,148,20,11,4,12,61,81,80,37,146,170,209,139,17,10,7,16,74,103,98,45,177,212,258,173,22,15,6,14,68,88,91,42,156,178,211,141,19,12,4.12,10.25,52.12,69.88,69.25,31.38,122.75,144.5,174.12,118.12,15.62,8.88
Brick_0cm_S3,2026-04-25T09:52:00.702362,3,9,50,69,69,30,123,146,176,122,17,9,3,8,43,59,55,25,97,115,139,97,13,6,4,10,56,75,74,33,130,155,183,126,17,8,0,0,0,0,0,0,0,0,0,0,0,0,5,13,65,84,86,39,153,180,217,148,20,11,4,12,61,81,80,37,146,170,209,139,17,10,7,16,74,103,98,45,177,212,258,173,22,15,6,14,68,88,91,42,156,178,211,141,19,12,4.0,10.25,52.12,69.88,69.12,31.38,122.75,144.5,174.12,118.25,15.62,8.88
Brick_0cm_S3,2026-04-25T09:52:00.835108,3,9,50,69,69,30,123,146,176,122,17,9,3,8,43,59,55,25,97,115,139,97,13,6,4,10,56,75,74,33,130,155,183,126,17,8,0,0,0,0,0,0,0,0,0,0,0,0,5,13,65,85,86,39,153,180,217,148,20,11,5,12,61,81,80,37,146,171,209,139,16,10,7,16,74,104,98,45,177,212,258,173,22,15,6,14,68,88,91,42,156,178,211,141,19,12,4.12,10.25,52.12,70.12,69.12,31.38,122.75,144.62,174.12,118.25,15.5,8.88
Brick_0cm_S3,2026-04-25T09:52:00.949115,3,9,50,69,69,30,124,146,176,122,16,9,3,8,43,59,55,25,97,115,139,97,13,6,4,10,56,75,74,33,131,155,183,126,17,8,0,0,0,0,0,0,0,0,0,0,0,0,5,13,65,85,86,39,153,180,217,148,20,11,5,12,61,81,80,37,146,171,209,139,16,10,7,16,74,104,98,45,177,212,258,173,22,15,6,14,68,88,91,42,156,178,211,141,19,12,4.12,10.25,52.12,70.12,69.12,31.38,123.0,144.62,174.12,118.25,15.38,8.88
Brick_0cm_S3,2026-04-25T09:52:01.073110,3,9,50,69,69,30,124,146,176,122,16,9,3,8,43,59,55,25,97,115,139,97,13,6,4,10,56,75,74,33,131,155,183,126,17,8,0,0,0,0,0,0,0,0,0,0,0,0,5,13,65,85,86,39,152,179,217,148,20,11,5,12,61,81,80,37,146,171,209,138,16,10,7,16,74,104,98,45,177,212,258,173,22,15,5,14,68,88,90,41,156,178,211,141,19,12,4.0,10.25,52.12,70.12,69.0,31.25,122.88,144.5,174.12,118.12,15.38,8.88
Brick_0cm_S3,2026-04-25T09:52:01.210047,3,9,50,69,69,29,123,146,176,122,17,9,3,8,43,59,55,25,96,114,140,97,13,6,4,10,56,75,74,33,131,155,183,125,17,8,0,0,0,0,0,0,0,0,0,0,0,0,5,13,65,85,86,39,153,180,217,148,20,11,5,12,61,81,80,37,146,171,209,138,16,10,7,16,74,104,98,45,177,212,258,173,22,15,5,14,68,88,90,41,156,178,211,141,19,12,4.0,10.25,52.12,70.12,69.0,31.12,122.75,144.5,174.25,118.0,15.5,8.88
Brick_0cm_S3,2026-04-25T09:52:01.325154,3,9,50,69,69,30,124,146,176,122,17,9,3,8,43,59,55,25,96,114,140,97,13,6,4,10,56,75,74,33,131,155,183,125,17,8,0,0,0,0,0,0,0,0,0,0,0,0,5,13,65,85,86,39,153,180,217,148,20,11,5,12,61,81,80,37,146,171,209,138,16,10,7,16,74,104,98,45,177,212,258,173,22,15,6,14,68,88,90,41,156,178,211,141,19,12,4.12,10.25,52.12,70.12,69.0,31.25,122.88,144.5,174.25,118.0,15.5,8.88
Brick_0cm_S3,2026-04-25T09:52:01.453357,3,9,50,69,69,30,124,146,176,122,17,9,3,8,43,59,55,25,97,115,139,97,13,6,4,10,56,75,74,33,131,155,183,126,17,8,0,0,0,0,0,0,0,0,0,0,0,0,5,13,65,85,86,39,153,179,217,148,20,11,5,12,61,81,80,37,146,170,209,139,16,10,7,16,74,104,98,45,177,212,258,173,22,15,6,14,68,88,90,41,156,178,211,141,19,12,4.12,10.25,52.12,70.12,69.0,31.25,123.0,144.38,174.12,118.25,15.5,8.88
Brick_0cm_S3,2026-04-25T09:52:01.573520,3,9,50,69,69,29,123,146,177,122,17,9,3,8,43,59,55,25,97,115,139,97,13,6,4,10,56,75,74,33,131,155,183,126,17,8,0,0,0,0,0,0,0,0,0,0,0,0,5,13,65,85,86,39,153,179,217,148,20,11,5,12,61,81,80,37,146,170,209,139,16,10,7,16,74,104,98,45,176,212,258,173,23,15,6,14,68,88,91,42,156,178,211,141,19,12,4.12,10.25,52.12,70.12,69.12,31.25,122.75,144.38,174.25,118.25,15.62,8.88
Brick_0cm_S3,2026-04-25T09:52:01.701400,3,9,50,69,69,29,123,146,177,122,17,9,3,8,43,59,55,25,97,115,139,97,13,6,4,10,56,75,74,33,130,155,183,126,17,8,0,0,0,0,0,0,0,0,0,0,0,0,5,13,65,85,86,39,153,180,217,148,20,11,5,12,61,81,80,37,146,170,209,138,16,10,7,16,74,104,98,45,176,212,258,173,23,15,6,14,68,88,91,42,156,178,211,141,19,12,4.12,10.25,52.12,70.12,69.12,31.25,122.62,144.5,174.25,118.12,15.62,8.88
Brick_0cm_S3,2026-04-25T09:52:01.815371,4,9,49,69,69,29,123,146,176,122,17,9,3,8,43,59,55,25,97,115,139,97,13,6,4,10,56,75,74,33,130,155,183,126,17,8,0,0,0,0,0,0,0,0,0,0,0,0,5,13,65,85,86,39,153,180,217,148,20,11,5,12,61,81,80,37,146,170,209,138,16,10,7,16,74,104,98,45,176,212,258,173,23,15,5,14,68,88,91,41,156,178,210,141,19,12,4.12,10.25,52.0,70.12,69.12,31.12,122.62,144.5,174.0,118.12,15.62,8.88
Brick_0cm_S3,2026-04-25T09:52:01.932355,4,9,49,69,69,29,123,146,176,122,17,9,3,8,43,59,55,25,97,115,139,97,13,6,4,10,56,75,74,33,130,155,183,126,17,8,0,0,0,0,0,0,0,0,0,0,0,0,5,13,65,84,86,39,153,179,217,148,20,11,5,12,61,81,80,37,146,171,209,139,16,10,7,16,74,104,98,45,176,212,258,173,23,15,5,14,68,88,91,41,156,178,210,141,19,12,4.12,10.25,52.0,70.0,69.12,31.12,122.62,144.5,174.0,118.25,15.62,8.88
Brick_0cm_S3,2026-04-25T09:52:02.040948,3,9,50,69,69,29,123,146,176,122,17,8,3,8,43,59,54,25,97,115,140,97,13,6,4,10,56,75,74,33,130,155,183,126,17,8,0,0,0,0,0,0,0,0,0,0,0,0,5,13,65,84,86,39,153,179,217,148,20,11,5,12,61,81,80,37,146,171,209,139,16,10,7,16,74,104,98,45,176,212,258,173,22,15,6,14,68,88,91,41,156,178,211,141,19,12,4.12,10.25,52.12,70.0,69.0,31.12,122.62,144.5,174.25,118.25,15.5,8.75
Brick_0cm_S3,2026-04-25T09:52:02.161890,3,9,50,69,69,29,123,146,176,122,17,8,3,8,43,59,54,25,97,115,140,97,13,6,4,10,56,75,74,33,131,155,183,126,17,8,0,0,0,0,0,0,0,0,0,0,0,0,5,13,65,85,86,39,153,179,217,148,20,11,5,12,61,81,80,37,146,171,209,138,16,10,7,16,74,104,98,45,176,212,258,173,22,15,6,14,68,88,91,41,156,178,211,141,19,12,4.12,10.25,52.12,70.12,69.0,31.12,122.75,144.5,174.25,118.12,15.5,8.75
Brick_0cm_S3,2026-04-25T09:52:02.274521,4,9,50,69,69,29,124,146,176,123,17,9,3,8,43,59,55,25,97,115,139,97,13,6,4,10,56,75,74,33,131,155,183,126,17,8,0,0,0,0,0,0,0,0,0,0,0,0,5,13,65,85,86,39,153,179,217,148,20,11,5,12,61,81,80,37,146,171,209,138,16,10,7,16,74,104,98,45,176,212,258,173,22,15,6,14,68,88,91,42,156,178,211,140,19,12,4.25,10.25,52.12,70.12,69.12,31.25,122.88,144.5,174.12,118.12,15.5,8.88
Brick_0cm_S3,2026-04-25T09:52:02.397066,4,9,50,69,69,29,124,146,176,123,17,9,3,8,43,59,55,25,97,115,139,97,13,6,4,10,56,75,74,33,131,155,183,126,17,8,0,0,0,0,0,0,0,0,0,0,0,0,5,13,65,85,86,39,153,179,217,148,20,11,5,12,61,81,80,37,146,170,209,138,16,10,7,16,74,103,98,45,176,212,258,173,22,15,6,14,68,88,91,42,156,178,211,140,19,12,4.25,10.25,52.12,70.0,69.12,31.25,122.88,144.38,174.12,118.12,15.5,8.88
Brick_0cm_S3,2026-04-25T09:52:02.509627,3,9,50,69,69,29,123,146,176,122,17,8,3,8,43,59,54,25,97,114,139,97,13,6,4,10,56,75,74,33,130,155,183,125,17,8,0,0,0,0,0,0,0,0,0,0,0,0,5,13,65,85,86,39,153,179,217,148,20,11,5,12,61,81,80,37,146,170,209,138,16,10,7,16,74,103,98,45,176,212,258,173,22,15,6,14,68,88,91,42,157,178,211,141,19,12,4.12,10.25,52.12,70.0,69.0,31.25,122.75,144.25,174.12,118.0,15.5,8.75
Brick_0cm_S3,2026-04-25T09:52:02.626460,3,9,50,69,69,29,123,146,176,122,17,8,3,8,43,59,54,25,97,114,139,97,13,6,4,10,56,75,74,33,130,155,183,125,17,8,0,0,0,0,0,0,0,0,0,0,0,0,5,13,65,85,86,39,152,179,217,148,20,11,5,12,61,81,80,37,146,171,209,138,16,10,7,16,74,103,98,45,176,212,258,173,22,15,6,14,68,88,91,42,157,178,211,141,19,12,4.12,10.25,52.12,70.0,69.0,31.25,122.62,144.38,174.12,118.0,15.5,8.75
Brick_0cm_S3,2026-04-25T09:52:02.741277,4,9,49,69,69,29,123,146,176,122,17,8,3,8,43,59,54,25,97,115,139,97,13,6,4,10,56,75,74,33,131,155,182,126,17,8,0,0,0,0,0,0,0,0,0,0,0,0,5,13,65,85,86,39,152,179,217,148,20,11,5,12,61,81,80,37,146,171,209,138,16,10,7,16,74,103,98,45,176,212,258,173,22,15,5,14,68,88,91,42,156,178,211,141,19,12,4.12,10.25,52.0,70.0,69.0,31.25,122.62,144.5,174.0,118.12,15.5,8.75
Brick_0cm_S3,2026-04-25T09:52:02.863634,4,9,49,69,69,29,123,146,176,122,17,8,3,8,43,59,54,25,97,115,139,97,13,6,4,10,56,75,74,33,131,155,182,126,17,8,0,0,0,0,0,0,0,0,0,0,0,0,5,13,65,84,86,39,153,180,217,148,20,11,5,12,61,81,80,37,146,171,208,139,16,10,7,16,74,103,98,45,176,212,258,173,23,15,5,14,68,88,91,42,156,178,211,141,19,12,4.12,10.25,52.0,69.88,69.0,31.25,122.75,144.62,173.88,118.25,15.62,8.75
Brick_0cm_S3,2026-04-25T09:52:02.981713,4,9,49,69,69,30,123,146,176,123,17,8,3,8,43,59,55,25,97,115,139,97,13,6,4,10,56,75,74,33,131,155,183,125,17,8,0,0,0,0,0,0,0,0,0,0,0,0,5,13,65,84,86,39,153,180,217,148,20,11,5,12,61,81,80,37,146,171,208,139,16,10,7,16,74,103,98,45,176,212,258,173,23,15,6,14,68,88,91,42,156,178,211,141,19,12,4.25,10.25,52.0,69.88,69.12,31.38,122.75,144.62,174.0,118.25,15.62,8.75
Brick_0cm_S3,2026-04-25T09:52:03.103910,4,9,49,69,69,30,123,146,176,123,17,8,3,8,43,59,55,25,97,115,139,97,13,6,4,10,56,75,74,33,131,155,183,125,17,8,0,0,0,0,0,0,0,0,0,0,0,0,5,13,65,84,86,39,153,179,217,148,20,11,5,12,61,81,80,37,146,170,209,138,16,10,7,16,74,103,98,45,176,212,258,173,22,15,5,14,68,88,91,42,156,178,211,141,19,12,4.12,10.25,52.0,69.88,69.12,31.38,122.75,144.38,174.12,118.12,15.5,8.75
Brick_0cm_S3,2026-04-25T09:52:03.227066,3,9,50,69,69,30,123,146,175,122,17,8,3,8,43,59,54,25,97,115,139,97,13,6,4,10,56,75,74,33,131,155,183,126,17,8,0,0,0,0,0,0,0,0,0,0,0,0,5,13,65,84,86,39,153,179,217,148,20,11,5,12,61,81,80,37,146,170,209,138,16,10,7,16,74,103,98,45,176,212,258,173,22,15,5,14,68,88,91,42,156,178,211,141,19,12,4.0,10.25,52.12,69.88,69.0,31.38,122.75,144.38,174.0,118.12,15.5,8.75
Brick_0cm_S3,2026-04-25T09:52:03.348781,3,9,50,69,69,30,123,146,175,122,17,8,3,8,43,59,54,25,97,115,139,97,13,6,4,10,56,75,74,33,131,155,183,126,17,8,0,0,0,0,0,0,0,0,0,0,0,0,5,13,65,85,86,39,153,180,216,148,20,11,5,12,61,81,80,37,146,171,209,139,16,10,7,16,74,103,98,45,175,212,258,173,22,15,6,14,68,88,91,42,156,178,210,141,19,12,4.12,10.25,52.12,70.0,69.0,31.38,122.62,144.62,173.75,118.25,15.5,8.75
Brick_0cm_S3,2026-04-25T09:52:03.465149,4,9,50,69,69,29,123,146,176,122,16,9,3,8,43,59,55,25,97,115,139,97,13,6,4,10,56,75,74,33,131,155,183,126,17,8,0,0,0,0,0,0,0,0,0,0,0,0,5,13,65,85,86,39,153,180,216,148,20,11,5,12,61,81,80,37,146,171,209,139,16,10,7,16,74,103,98,45,175,212,258,173,22,15,6,14,68,88,91,42,156,178,210,141,19,12,4.25,10.25,52.12,70.0,69.12,31.25,122.62,144.62,173.88,118.25,15.38,8.88
Brick_0cm_S3,2026-04-25T09:52:03.613579,4,9,50,69,69,29,123,146,176,122,16,9,3,8,43,59,55,25,97,115,139,97,13,6,4,10,56,75,74,33,131,155,183,126,17,8,0,0,0,0,0,0,0,0,0,0,0,0,5,13,65,85,86,39,153,179,217,148,20,11,5,12,61,81,80,37,146,171,209,139,16,10,7,16,74,103,98,45,177,212,258,173,22,15,6,14,68,88,91,42,156,178,211,141,19,12,4.25,10.25,52.12,70.0,69.12,31.25,122.88,144.5,174.12,118.25,15.38,8.88
Brick_0cm_S3,2026-04-25T09:52:03.727279,3,9,49,69,69,29,123,146,176,122,17,9,3,8,43,59,55,25,97,115,139,97,13,6,4,10,56,75,74,33,131,155,183,126,17,8,0,0,0,0,0,0,0,0,0,0,0,0,5,13,65,85,86,39,153,179,217,148,20,11,5,12,61,81,80,37,146,171,209,139,16,10,7,16,74,103,98,45,177,212,258,173,22,15,6,14,68,88,91,42,156,178,211,141,19,12,4.12,10.25,52.0,70.0,69.12,31.25,122.88,144.5,174.12,118.25,15.5,8.88
Brick_0cm_S3,2026-04-25T09:52:03.838433,3,9,49,69,69,29,123,146,176,122,17,9,3,8,43,59,55,25,97,115,139,97,13,6,4,10,56,75,74,33,131,155,183,126,17,8,0,0,0,0,0,0,0,0,0,0,0,0,5,13,65,85,86,39,153,180,217,148,20,11,5,12,61,81,80,37,146,171,209,138,16,10,7,16,74,104,98,45,177,212,258,173,22,15,6,14,68,88,90,42,157,178,211,141,19,12,4.12,10.25,52.0,70.12,69.0,31.25,123.0,144.62,174.12,118.12,15.5,8.88
Brick_0cm_S3,2026-04-25T09:52:03.955011,4,9,50,69,69,29,123,146,176,122,17,8,3,8,43,59,54,25,97,115,139,97,13,6,4,10,56,75,74,33,131,155,183,126,17,8,0,0,0,0,0,0,0,0,0,0,0,0,5,13,65,85,86,39,153,180,217,148,20,11,5,12,61,81,80,37,146,171,209,138,16,10,7,16,74,104,98,45,177,212,258,173,22,15,6,14,68,88,90,42,157,178,211,141,19,12,4.25,10.25,52.12,70.12,68.88,31.25,123.0,144.62,174.12,118.12,15.5,8.75
Brick_0cm_S3,2026-04-25T09:52:04.075914,4,9,50,69,69,29,123,146,176,122,17,8,3,8,43,59,54,25,97,115,139,97,13,6,4,10,56,75,74,33,131,155,183,126,17,8,0,0,0,0,0,0,0,0,0,0,0,0,5,13,65,84,86,39,153,179,217,148,20,11,5,12,61,81,80,37,146,171,209,138,16,10,7,16,74,104,98,45,176,212,258,173,22,15,6,14,68,88,91,42,156,178,211,141,19,12,4.25,10.25,52.12,70.0,69.0,31.25,122.75,144.5,174.12,118.12,15.5,8.75
Brick_0cm_S3,2026-04-25T09:52:04.205731,4,9,50,69,69,29,124,146,176,122,17,9,3,8,43,59,55,25,97,115,139,97,13,6,4,10,56,75,74,33,130,155,183,126,17,8,0,0,0,0,0,0,0,0,0,0,0,0,5,13,65,84,86,39,153,179,217,148,20,11,5,12,61,81,80,37,146,171,209,138,16,10,7,16,74,104,98,45,176,212,258,173,22,15,6,14,68,88,91,42,156,178,211,141,19,12,4.25,10.25,52.12,70.0,69.12,31.25,122.75,144.5,174.12,118.12,15.5,8.88
Brick_0cm_S3,2026-04-25T09:52:04.330789,4,9,50,69,69,29,124,146,176,122,17,9,3,8,43,59,55,25,97,115,139,97,13,6,4,10,56,75,74,33,130,155,183,126,17,8,0,0,0,0,0,0,0,0,0,0,0,0,5,13,65,85,86,39,153,180,217,148,20,11,4,12,61,81,80,37,146,170,209,138,17,10,7,16,74,103,98,45,176,212,257,173,23,15,6,14,68,88,91,41,156,177,211,141,19,12,4.12,10.25,52.12,70.0,69.12,31.12,122.75,144.38,174.0,118.12,15.75,8.88
Brick_0cm_S3,2026-04-25T09:52:04.451331,4,9,50,69,69,29,124,146,176,122,17,8,3,8,43,59,55,25,97,115,139,97,13,6,4,10,56,75,74,33,131,155,183,126,17,8,0,0,0,0,0,0,0,0,0,0,0,0,5,13,65,85,86,39,153,180,217,148,20,11,4,12,61,81,80,37,146,170,209,138,17,10,7,16,74,103,98,45,176,212,257,173,23,15,6,14,68,88,91,41,156,177,211,141,19,12,4.12,10.25,52.12,70.0,69.12,31.12,122.88,144.38,174.0,118.12,15.75,8.75
Brick_0cm_S3,2026-04-25T09:52:04.567847,3,9,50,69,69,30,124,146,176,122,17,9,3,8,43,59,55,25,97,115,139,97,13,6,4,10,56,75,74,33,131,155,183,126,17,8,0,0,0,0,0,0,0,0,0,0,0,0,5,13,65,85,86,39,153,180,217,148,20,11,5,12,61,81,80,37,146,170,209,139,16,10,7,16,74,104,98,45,176,212,258,173,22,15,6,14,68,88,91,42,156,178,211,141,19,12,4.12,10.25,52.12,70.12,69.12,31.38,122.88,144.5,174.12,118.25,15.5,8.88
Brick_0cm_S3,2026-04-25T09:52:04.688176,3,9,50,69,69,30,124,146,176,122,17,9,3,8,43,59,55,25,97,115,139,97,13,6,4,10,56,75,74,33,131,155,183,125,17,8,0,0,0,0,0,0,0,0,0,0,0,0,5,13,65,85,86,39,153,180,217,148,20,11,5,12,61,81,80,37,146,170,209,139,16,10,7,16,74,104,98,45,176,212,258,173,22,15,6,14,68,88,91,42,156,178,211,141,19,12,4.12,10.25,52.12,70.12,69.12,31.38,122.88,144.5,174.12,118.12,15.5,8.88
Brick_0cm_S3,2026-04-25T09:52:04.802891,3,9,50,69,69,29,123,146,176,122,16,8,3,8,43,59,55,25,97,115,139,97,13,6,4,10,56,75,74,33,131,155,183,125,17,8,0,0,0,0,0,0,0,0,0,0,0,0,5,13,65,85,86,39,153,180,217,148,20,11,5,12,61,81,80,37,146,171,209,138,16,10,7,16,74,104,98,45,176,212,258,173,22,15,6,14,68,88,91,42,156,178,211,141,19,12,4.12,10.25,52.12,70.12,69.12,31.25,122.75,144.62,174.12,118.0,15.38,8.75
Brick_0cm_S3,2026-04-25T09:52:04.924267,3,9,50,69,69,29,123,146,176,122,16,8,3,8,43,59,55,25,97,115,140,97,13,6,4,10,56,75,74,33,131,155,182,126,17,8,0,0,0,0,0,0,0,0,0,0,0,0,5,13,65,85,86,39,153,179,217,148,20,11,5,12,61,81,80,37,146,171,209,138,16,10,7,16,74,104,98,45,176,212,258,173,22,15,6,14,68,88,91,42,156,178,211,141,19,12,4.12,10.25,52.12,70.12,69.12,31.25,122.75,144.5,174.12,118.12,15.38,8.75
Brick_0cm_S3,2026-04-25T09:52:05.041092,4,9,50,69,69,29,123,146,176,122,17,8,3,8,43,59,55,25,96,115,140,97,13,6,4,10,56,75,74,33,131,155,182,126,17,8,0,0,0,0,0,0,0,0,0,0,0,0,5,13,65,85,86,39,153,179,217,148,20,11,5,12,61,81,80,37,146,171,209,138,16,10,7,16,74,103,98,45,176,212,258,173,22,15,6,14,68,88,91,42,156,178,211,141,19,12,4.25,10.25,52.12,70.0,69.12,31.25,122.62,144.5,174.12,118.12,15.5,8.75
Brick_0cm_S3,2026-04-25T09:52:05.159716,4,9,50,69,69,29,123,146,176,122,17,8,3,8,43,59,55,25,96,115,140,97,13,6,4,10,56,75,74,33,131,155,182,126,17,8,0,0,0,0,0,0,0,0,0,0,0,0,5,13,65,85,86,39,153,180,217,148,20,11,5,12,61,81,80,37,146,170,209,138,16,10,7,16,74,103,98,45,176,212,258,173,22,15,6,14,68,88,91,42,156,178,211,141,19,12,4.25,10.25,52.12,70.0,69.12,31.25,122.62,144.5,174.12,118.12,15.5,8.75
Brick_0cm_S3,2026-04-25T09:52:05.280438,3,9,50,69,69,30,123,146,176,122,17,9,3,8,43,59,55,25,97,115,139,97,13,6,4,10,56,75,74,33,131,155,182,126,17,8,0,0,0,0,0,0,0,0,0,0,0,0,5,13,65,85,86,39,153,180,217,148,20,11,5,12,61,81,80,37,146,170,209,138,16,10,7,16,74,104,98,45,177,212,258,173,22,15,6,14,68,88,90,42,156,177,210,141,19,12,4.12,10.25,52.12,70.12,69.0,31.38,122.88,144.38,173.88,118.12,15.5,8.88
Brick_0cm_S3,2026-04-25T09:52:05.399087,3,9,50,69,69,30,123,146,176,122,17,9,3,8,43,59,55,25,97,115,139,97,13,6,4,10,56,75,74,33,131,155,182,126,17,8,0,0,0,0,0,0,0,0,0,0,0,0,5,13,65,85,86,39,153,180,217,148,20,11,4,12,61,81,80,37,146,170,209,139,16,10,7,16,74,104,98,45,176,212,258,173,22,15,6,14,68,88,90,42,156,177,210,141,19,12,4.0,10.25,52.12,70.12,69.0,31.38,122.75,144.38,173.88,118.25,15.5,8.88
Brick_0cm_S3,2026-04-25T09:52:05.519369,4,9,50,69,69,29,123,146,176,122,17,9,3,8,43,59,55,25,97,115,139,97,13,6,4,10,56,75,74,33,131,155,183,126,17,8,0,0,0,0,0,0,0,0,0,0,0,0,5,13,65,85,86,39,153,180,217,148,20,11,4,12,61,81,80,37,146,170,209,139,16,10,7,16,74,104,98,45,176,212,258,173,22,15,6,14,68,88,91,42,156,178,211,141,19,12,4.12,10.25,52.12,70.12,69.12,31.25,122.75,144.5,174.12,118.25,15.5,8.88
Brick_0cm_S3,2026-04-25T09:52:05.644450,4,9,50,69,69,29,123,146,176,122,17,9,3,8,43,59,55,25,97,115,139,97,13,6,4,10,56,75,74,33,131,155,183,126,17,8,0,0,0,0,0,0,0,0,0,0,0,0,5,13,65,85,86,39,153,180,217,148,20,11,5,12,61,81,80,37,146,170,210,139,17,10,7,16,74,104,98,45,176,212,258,173,22,15,5,14,68,88,91,41,156,178,210,140,19,12,4.12,10.25,52.12,70.12,69.12,31.12,122.75,144.5,174.12,118.12,15.62,8.88
Brick_0cm_S3,2026-04-25T09:52:05.765507,4,9,50,69,69,30,123,146,176,122,17,8,3,8,43,59,53,25,97,115,139,97,13,6,4,10,56,75,74,33,131,155,183,126,17,8,0,0,0,0,0,0,0,0,0,0,0,0,5,13,65,85,86,39,153,180,217,148,20,11,5,12,61,81,80,37,146,170,210,139,17,10,7,16,74,104,98,45,176,212,258,173,22,15,5,14,68,88,91,41,156,178,210,140,19,12,4.12,10.25,52.12,70.12,68.88,31.25,122.75,144.5,174.12,118.12,15.62,8.75
Brick_0cm_S3,2026-04-25T09:52:05.892247,4,9,50,69,69,30,123,146,176,122,17,8,3,8,43,59,53,25,97,115,139,97,13,6,4,10,56,75,74,33,131,155,183,126,17,8,0,0,0,0,0,0,0,0,0,0,0,0,5,13,65,84,86,39,153,180,217,148,20,11,5,12,61,81,80,37,146,171,209,139,16,10,7,16,74,103,98,45,176,212,258,173,22,15,5,14,68,88,91,41,156,178,211,140,19,12,4.12,10.25,52.12,69.88,68.88,31.25,122.75,144.62,174.12,118.12,15.5,8.75
Brick_0cm_S3,2026-04-25T09:52:06.013559,3,9,50,69,69,29,123,146,176,122,17,8,3,8,43,59,55,25,97,115,139,97,13,6,4,10,56,75,74,33,131,155,183,126,17,8,0,0,0,0,0,0,0,0,0,0,0,0,5,13,65,84,86,39,153,180,217,148,20,11,5,12,61,81,80,37,146,171,209,139,16,10,7,16,74,103,98,45,176,212,258,173,22,15,5,14,68,88,91,41,156,178,211,140,19,12,4.0,10.25,52.12,69.88,69.12,31.12,122.75,144.62,174.12,118.12,15.5,8.75
Brick_0cm_S3,2026-04-25T09:52:06.140303,3,9,50,69,69,29,123,146,176,122,17,8,3,8,43,59,55,25,97,115,139,97,13,6,4,10,56,75,74,33,131,155,183,126,17,8,0,0,0,0,0,0,0,0,0,0,0,0,5,13,65,84,86,39,153,180,217,148,20,11,5,12,60,81,80,37,146,170,209,138,16,10,7,16,74,103,98,45,176,212,258,173,22,15,5,14,68,88,91,41,156,178,210,141,19,12,4.0,10.25,52.0,69.88,69.12,31.12,122.75,144.5,174.0,118.12,15.5,8.75
Brick_0cm_S3,2026-04-25T09:52:06.267042,4,9,49,69,69,30,123,146,176,122,17,8,3,8,43,59,55,25,97,115,139,97,14,6,4,10,56,75,74,33,131,156,183,126,17,8,0,0,0,0,0,0,0,0,0,0,0,0,5,13,65,84,86,39,153,180,217,148,20,11,5,12,60,81,80,37,146,170,209,138,16,10,7,16,74,103,98,45,176,212,258,173,22,15,5,14,68,88,91,41,156,178,210,141,19,12,4.12,10.25,51.88,69.88,69.12,31.25,122.75,144.62,174.0,118.12,15.62,8.75
Brick_0cm_S3,2026-04-25T09:52:06.391985,4,9,50,69,70,30,123,146,176,122,17,8,3,8,43,59,55,25,97,115,139,97,14,6,4,10,56,75,74,33,131,156,183,126,17,8,0,0,0,0,0,0,0,0,0,0,0,0,5,13,65,85,86,39,153,180,217,148,20,11,5,12,61,81,80,37,146,170,209,138,16,10,7,16,74,104,98,45,176,212,258,173,23,15,6,14,68,88,90,42,156,178,210,141,19,12,4.25,10.25,52.12,70.12,69.12,31.38,122.75,144.62,174.0,118.12,15.75,8.75
Brick_0cm_S3,2026-04-25T09:52:06.509820,4,9,50,69,70,30,123,146,176,122,17,8,3,8,43,59,55,25,97,115,139,97,13,6,4,10,56,75,74,33,130,156,183,126,17,8,0,0,0,0,0,0,0,0,0,0,0,0,5,13,65,85,86,39,153,180,217,148,20,11,4,12,61,81,80,37,146,171,210,139,17,10,7,16,74,104,98,45,176,212,258,173,23,15,6,14,68,88,90,42,156,178,210,141,19,12,4.12,10.25,52.12,70.12,69.12,31.38,122.62,144.75,174.12,118.25,15.75,8.75
Brick_0cm_S3,2026-04-25T09:52:06.629602,3,9,50,69,70,30,123,146,176,122,17,8,3,8,43,59,55,25,96,115,140,97,13,6,4,10,56,75,74,33,130,156,183,126,17,8,0,0,0,0,0,0,0,0,0,0,0,0,5,13,65,85,86,39,153,180,217,148,20,11,4,12,61,81,80,37,146,171,210,139,17,10,7,16,74,104,98,45,176,212,258,173,22,15,5,14,68,88,91,41,156,178,211,141,19,12,3.88,10.25,52.12,70.12,69.25,31.25,122.5,144.75,174.38,118.25,15.62,8.75
Brick_0cm_S3,2026-04-25T09:52:06.755059,3,9,50,69,70,30,123,146,176,122,17,8,3,8,43,59,55,25,96,115,140,97,13,6,4,10,56,75,74,33,131,155,183,126,17,8,0,0,0,0,0,0,0,0,0,0,0,0,5,13,65,85,86,39,153,179,217,148,20,11,5,12,61,81,80,37,146,171,209,139,17,10,7,16,74,104,98,45,176,212,258,173,22,15,5,14,68,88,91,41,156,178,211,141,19,12,4.0,10.25,52.12,70.12,69.25,31.25,122.62,144.5,174.25,118.25,15.62,8.75
Brick_0cm_S3,2026-04-25T09:52:06.875652,4,9,50,69,69,30,123,146,176,122,17,9,3,8,43,60,53,25,97,115,139,97,13,6,4,10,56,75,74,33,130,155,183,126,17,8,0,0,0,0,0,0,0,0,0,0,0,0,5,13,65,85,86,39,153,179,217,148,20,11,5,12,61,81,80,37,146,171,209,139,17,10,7,16,74,103,98,45,177,212,258,173,23,15,5,14,68,88,91,42,156,178,210,141,19,12,4.12,10.25,52.12,70.12,68.88,31.38,122.75,144.5,174.0,118.25,15.75,8.88
Brick_0cm_S3,2026-04-25T09:52:06.989965,4,9,50,69,69,30,123,146,176,122,17,9,3,8,43,60,53,25,97,115,139,97,13,6,4,10,56,75,74,33,130,155,183,126,17,8,0,0,0,0,0,0,0,0,0,0,0,0,5,13,65,85,86,39,152,179,217,148,20,11,5,12,61,81,80,37,146,170,209,139,16,10,7,16,74,103,98,45,176,212,258,173,22,15,5,14,68,88,91,42,156,178,210,141,19,12,4.12,10.25,52.12,70.12,68.88,31.38,122.5,144.38,174.0,118.25,15.5,8.88
Brick_0cm_S3,2026-04-25T09:52:07.108505,3,9,49,69,69,30,123,146,176,122,17,9,3,8,43,59,55,25,96,115,140,97,13,6,4,10,56,75,74,33,130,155,183,126,17,8,0,0,0,0,0,0,0,0,0,0,0,0,5,13,65,85,86,39,152,179,217,148,20,11,5,12,61,81,80,37,146,170,209,139,16,10,7,16,74,103,98,45,176,212,258,173,22,15,6,14,68,88,91,42,156,178,211,141,19,12,4.12,10.25,52.0,70.0,69.12,31.38,122.38,144.38,174.25,118.25,15.5,8.88
Brick_0cm_S3,2026-04-25T09:52:07.229951,3,9,49,69,69,30,123,146,176,122,17,9,3,8,43,59,55,25,96,115,140,97,13,6,4,10,56,75,74,33,131,155,183,126,17,8,0,0,0,0,0,0,0,0,0,0,0,0,5,13,65,85,86,39,153,180,217,148,20,11,4,12,61,81,80,37,146,171,209,138,16,10,7,16,74,103,98,45,176,212,258,173,22,15,6,14,68,88,91,42,156,178,211,141,19,12,4.0,10.25,52.0,70.0,69.12,31.38,122.62,144.62,174.25,118.12,15.5,8.88
Brick_0cm_S3,2026-04-25T09:52:07.334249,3,9,50,69,69,29,124,146,176,122,17,9,3,8,43,59,54,25,97,115,139,97,13,6,4,10,56,75,74,33,131,155,182,126,17,8,0,0,0,0,0,0,0,0,0,0,0,0,5,13,65,85,86,39,153,180,217,148,20,11,4,12,61,81,80,37,146,171,209,138,16,10,7,16,74,103,98,45,176,212,258,173,22,15,6,14,68,88,91,42,156,178,211,141,19,12,4.0,10.25,52.12,70.0,69.0,31.25,122.88,144.62,174.0,118.12,15.5,8.88
Brick_0cm_S3,2026-04-25T09:52:07.464757,3,9,50,69,69,29,124,146,176,122,17,9,3,8,43,59,54,25,97,115,139,97,13,6,4,10,56,75,74,33,131,155,182,126,17,8,0,0,0,0,0,0,0,0,0,0,0,0,5,13,65,85,86,39,153,180,217,148,20,11,5,12,61,81,80,37,146,171,209,138,16,10,7,16,74,103,98,45,176,212,258,173,22,15,5,13,68,88,90,41,155,178,211,141,19,12,4.0,10.12,52.12,70.0,68.88,31.12,122.75,144.62,174.0,118.12,15.5,8.88
Brick_0cm_S3,2026-04-25T09:52:07.596012,4,9,49,69,70,29,123,146,176,122,17,8,3,8,43,59,54,25,97,115,139,97,13,6,4,10,56,75,74,33,131,155,183,126,17,8,0,0,0,0,0,0,0,0,0,0,0,0,5,13,65,85,86,39,153,180,217,148,20,11,5,12,61,81,80,37,146,171,209,138,16,10,7,16,74,103,98,45,176,212,258,173,22,15,5,13,68,88,90,41,155,178,211,141,19,12,4.12,10.12,52.0,70.0,69.0,31.12,122.62,144.62,174.12,118.12,15.5,8.75
Brick_0cm_S3,2026-04-25T09:52:07.716862,4,9,49,69,70,29,123,146,176,122,17,8,3,8,43,59,54,25,97,115,139,97,13,6,4,10,56,75,74,33,131,155,183,126,17,8,0,0,0,0,0,0,0,0,0,0,0,0,5,13,65,85,86,39,153,180,217,148,20,11,5,12,61,81,80,37,146,171,209,139,16,10,7,16,74,103,98,45,176,212,258,173,22,15,6,14,68,88,91,42,156,178,211,141,19,11,4.25,10.25,52.0,70.0,69.12,31.25,122.75,144.62,174.12,118.25,15.5,8.62
Brick_0cm_S3,2026-04-25T09:52:07.838048,3,9,50,69,69,29,124,146,176,122,16,9,3,8,43,59,54,25,97,115,139,97,13,6,4,10,56,75,74,33,131,155,183,126,17,8,0,0,0,0,0,0,0,0,0,0,0,0,5,13,65,85,86,39,153,180,217,148,20,11,5,12,61,81,80,37,146,171,209,139,16,10,7,16,74,103,98,45,176,212,258,173,22,15,6,14,68,88,91,42,156,178,211,141,19,11,4.12,10.25,52.12,70.0,69.0,31.25,122.88,144.62,174.12,118.25,15.38,8.75
Brick_0cm_S3,2026-04-25T09:52:07.971480,3,9,50,69,69,29,124,146,176,122,16,9,3,8,43,59,54,25,97,115,139,97,13,6,4,10,56,75,74,33,131,155,183,126,17,8,0,0,0,0,0,0,0,0,0,0,0,0,5,13,65,85,86,39,153,180,217,148,20,11,5,12,61,81,80,37,146,171,209,139,16,10,7,16,74,104,98,45,176,212,258,173,22,15,5,14,68,88,90,41,156,178,211,141,19,12,4.0,10.25,52.12,70.12,68.88,31.12,122.88,144.62,174.12,118.25,15.38,8.88
Brick_0cm_S3,2026-04-25T09:52:08.096894,3,9,49,69,69,29,123,146,176,122,16,9,3,8,43,59,54,25,97,115,139,97,13,6,4,10,56,75,74,33,131,155,183,126,17,8,0,0,0,0,0,0,0,0,0,0,0,0,5,13,65,85,86,39,153,180,217,148,20,11,5,12,61,81,80,37,146,171,209,139,16,10,7,16,74,104,98,45,176,212,258,173,22,15,5,14,68,88,90,41,156,178,211,141,19,12,4.0,10.25,52.0,70.12,68.88,31.12,122.75,144.62,174.12,118.25,15.38,8.88
Brick_0cm_S3,2026-04-25T09:52:08.225290,4,9,50,69,69,30,123,146,176,122,17,8,3,8,43,59,54,25,97,115,139,97,13,6,4,10,56,75,74,33,131,155,183,126,17,8,0,0,0,0,0,0,0,0,0,0,0,0,5,13,65,85,87,39,152,179,217,148,20,11,5,12,61,81,80,37,146,171,209,139,16,10,7,16,74,104,98,45,176,212,258,173,22,15,6,14,68,88,91,42,156,178,211,141,19,12,4.25,10.25,52.12,70.12,69.12,31.38,122.62,144.5,174.12,118.25,15.5,8.75
Brick_0cm_S3,2026-04-25T09:52:08.344705,4,9,50,69,69,30,123,146,176,122,17,8,3,8,43,59,54,25,97,115,139,97,13,6,4,10,56,75,74,33,131,155,183,126,17,8,0,0,0,0,0,0,0,0,0,0,0,0,5,13,66,85,86,39,153,180,217,148,20,11,5,12,61,81,80,37,146,170,209,139,16,10,7,16,74,104,98,45,176,212,258,173,22,15,6,14,68,88,91,42,156,178,211,141,19,12,4.25,10.25,52.25,70.12,69.0,31.38,122.75,144.5,174.12,118.25,15.5,8.75
Brick_0cm_S3,2026-04-25T09:52:08.496211,4,9,50,69,69,30,123,146,176,122,17,8,3,8,43,59,55,25,97,115,139,97,13,6,4,10,56,75,74,33,131,155,183,126,17,8,0,0,0,0,0,0,0,0,0,0,0,0,5,13,66,85,86,39,153,180,217,148,20,11,5,12,61,81,80,37,146,170,209,139,16,10,7,16,74,103,98,45,176,212,258,173,22,15,6,14,68,88,91,42,156,178,210,141,19,12,4.25,10.25,52.25,70.0,69.12,31.38,122.75,144.5,174.0,118.25,15.5,8.75
Brick_0cm_S3,2026-04-25T09:52:08.616425,4,9,50,69,69,30,123,146,176,122,17,8,3,8,43,59,55,25,97,115,139,97,13,6,4,10,56,75,74,33,131,155,183,126,17,8,0,0,0,0,0,0,0,0,0,0,0,0,5,13,66,85,86,39,153,180,217,148,20,11,5,12,61,81,80,37,146,171,209,139,16,10,7,16,74,103,98,45,176,212,258,173,22,15,6,14,68,88,91,42,156,178,211,141,19,12,4.25,10.25,52.25,70.0,69.12,31.38,122.75,144.62,174.12,118.25,15.5,8.75
Brick_0cm_S3,2026-04-25T09:52:08.734914,3,9,50,69,69,29,124,146,176,122,17,8,3,8,43,59,54,25,97,115,139,97,13,6,4,10,56,75,74,33,131,155,183,126,17,8,0,0,0,0,0,0,0,0,0,0,0,0,5,13,66,85,86,39,153,180,217,148,20,11,5,12,61,81,80,37,146,171,209,139,16,10,7,16,74,103,98,45,176,212,258,173,22,15,6,14,68,88,91,42,156,178,211,141,19,12,4.12,10.25,52.25,70.0,69.0,31.25,122.88,144.62,174.12,118.25,15.5,8.75
Brick_0cm_S3,2026-04-25T09:52:08.854851,3,9,50,69,69,29,124,146,176,122,17,8,3,8,43,59,54,25,97,115,139,97,13,6,4,10,56,75,74,33,131,155,183,126,17,8,0,0,0,0,0,0,0,0,0,0,0,0,5,13,65,85,86,39,153,180,217,148,20,11,5,12,61,81,80,37,146,171,209,139,16,10,7,16,74,104,98,45,176,212,258,173,22,15,6,14,68,88,91,42,156,178,210,141,19,12,4.12,10.25,52.12,70.12,69.0,31.25,122.88,144.62,174.0,118.25,15.5,8.75
Brick_0cm_S3,2026-04-25T09:52:08.966352,4,9,50,69,69,29,123,146,176,122,16,8,3,8,43,59,55,25,97,115,139,97,13,6,4,10,56,75,74,33,131,155,183,126,17,8,0,0,0,0,0,0,0,0,0,0,0,0,5,13,65,85,86,39,153,180,217,148,20,11,5,12,61,81,80,37,146,171,209,139,16,10,7,16,74,104,98,45,176,212,258,173,22,15,6,14,68,88,91,42,156,178,210,141,19,12,4.25,10.25,52.12,70.12,69.12,31.25,122.75,144.62,174.0,118.25,15.38,8.75
Brick_0cm_S3,2026-04-25T09:52:09.091602,4,9,50,69,69,29,123,146,176,122,16,8,3,8,43,59,55,25,97,115,139,97,13,6,4,10,56,75,74,33,131,155,183,126,17,8,0,0,0,0,0,0,0,0,0,0,0,0,5,13,65,85,86,39,153,179,217,148,20,11,5,12,61,81,80,37,146,170,209,138,17,10,7,16,74,104,98,45,177,212,258,173,22,15,5,14,68,88,91,41,156,177,211,141,19,12,4.12,10.25,52.12,70.12,69.12,31.12,122.88,144.25,174.12,118.12,15.5,8.75
Brick_0cm_S3,2026-04-25T09:52:09.226875,3,9,50,69,69,29,123,146,176,122,17,8,3,8,43,59,55,25,97,115,139,97,13,6,4,10,56,75,74,33,131,155,183,126,17,8,0,0,0,0,0,0,0,0,0,0,0,0,5,13,65,85,86,39,153,179,217,148,20,11,5,12,61,81,80,37,146,170,209,138,17,10,7,16,74,104,98,45,177,212,258,173,22,15,5,14,68,88,91,41,156,177,211,141,19,12,4.0,10.25,52.12,70.12,69.12,31.12,122.88,144.25,174.12,118.12,15.62,8.75
Brick_0cm_S3,2026-04-25T09:52:09.340073,3,9,50,69,69,29,123,146,176,122,17,8,3,8,43,59,55,25,97,115,139,97,13,6,4,10,56,75,74,33,131,155,183,126,17,8,0,0,0,0,0,0,0,0,0,0,0,0,5,13,65,85,86,39,153,180,217,148,20,11,5,12,61,81,80,37,146,170,209,139,16,10,7,16,74,104,98,45,176,212,258,173,23,15,5,14,68,88,91,42,156,178,211,141,19,12,4.0,10.25,52.12,70.12,69.12,31.25,122.75,144.5,174.12,118.25,15.62,8.75
Brick_0cm_S3,2026-04-25T09:52:09.464808,4,9,50,69,69,30,123,146,176,122,17,8,3,8,43,59,54,25,97,115,139,97,13,6,4,10,56,75,74,33,131,155,183,126,17,8,0,0,0,0,0,0,0,0,0,0,0,0,5,13,65,85,86,39,153,180,217,148,20,11,5,12,61,81,80,37,146,170,209,139,16,10,7,16,74,104,98,45,176,212,258,173,23,15,5,14,68,88,91,42,156,178,211,141,19,12,4.12,10.25,52.12,70.12,69.0,31.38,122.75,144.5,174.12,118.25,15.62,8.75
Brick_0cm_S3,2026-04-25T09:52:09.595415,4,9,50,69,69,30,123,146,176,122,16,9,3,8,43,59,54,25,97,115,139,97,13,6,4,10,56,75,74,33,131,155,183,126,17,8,0,0,0,0,0,0,0,0,0,0,0,0,5,13,65,85,86,39,153,180,217,148,20,11,5,12,61,81,80,37,146,170,209,139,16,10,7,16,74,103,98,45,176,212,258,173,22,15,5,14,68,88,90,41,156,178,211,141,19,12,4.12,10.25,52.12,70.0,68.88,31.25,122.75,144.5,174.12,118.25,15.38,8.88
Brick_0cm_S3,2026-04-25T09:52:09.713012,4,9,50,69,69,30,123,146,176,122,16,9,3,8,43,59,55,25,97,115,140,97,13,6,4,10,56,75,74,33,131,155,183,126,17,8,0,0,0,0,0,0,0,0,0,0,0,0,5,13,65,85,86,39,152,179,217,148,20,11,5,12,61,81,80,37,146,170,209,138,16,10,7,16,74,103,98,45,176,212,258,173,22,15,5,14,68,88,90,41,156,178,211,141,19,12,4.12,10.25,52.12,70.0,69.0,31.25,122.62,144.38,174.25,118.12,15.38,8.88
Brick_0cm_S3,2026-04-25T09:52:09.837378,3,9,50,69,69,29,123,146,176,122,17,9,3,8,43,59,55,25,97,115,139,97,13,6,4,10,56,75,74,33,131,155,182,126,17,8,0,0,0,0,0,0,0,0,0,0,0,0,5,13,65,85,86,39,152,179,217,148,20,11,5,12,61,81,80,37,146,170,209,138,16,10,7,16,74,104,98,45,176,212,258,173,23,15,6,14,68,88,91,42,156,178,211,141,19,12,4.12,10.25,52.12,70.12,69.12,31.25,122.62,144.38,174.0,118.12,15.62,8.88
Brick_0cm_S3,2026-04-25T09:52:09.966554,3,9,50,69,69,29,123,146,176,122,17,9,3,8,43,59,55,25,97,115,139,97,13,6,4,10,56,75,74,33,131,155,182,126,17,8,0,0,0,0,0,0,0,0,0,0,0,0,5,13,65,85,86,39,153,179,217,148,20,11,5,12,61,81,80,37,146,170,210,139,16,10,7,16,74,103,98,45,177,212,258,173,23,15,6,14,68,88,91,42,156,178,211,141,19,12,4.12,10.25,52.12,70.0,69.12,31.25,122.88,144.38,174.12,118.25,15.62,8.88
Brick_0cm_S3,2026-04-25T09:52:10.102246,4,9,50,69,69,29,123,146,176,122,16,9,3,8,43,59,55,25,97,115,139,97,13,6,4,10,56,75,74,33,131,155,183,126,17,8,0,0,0,0,0,0,0,0,0,0,0,0,5,13,65,85,86,39,153,179,217,148,20,11,5,12,61,81,80,37,146,170,210,139,16,10,7,16,74,103,98,45,177,212,258,173,23,15,5,14,68,88,91,41,156,177,211,141,19,12,4.12,10.25,52.12,70.0,69.12,31.12,122.88,144.25,174.25,118.25,15.5,8.88
Brick_0cm_S3,2026-04-25T09:52:10.239884,4,9,50,69,69,29,123,146,176,122,16,9,3,8,43,59,55,25,97,115,139,97,13,6,4,10,56,75,74,33,131,155,183,126,17,8,0,0,0,0,0,0,0,0,0,0,0,0,5,13,65,85,86,39,152,179,216,148,20,11,5,12,61,81,80,37,146,170,209,138,16,10,7,16,74,103,98,45,176,212,258,173,22,15,6,14,68,88,91,41,156,177,210,141,19,12,4.25,10.25,52.12,70.0,69.12,31.12,122.62,144.25,173.88,118.12,15.38,8.88
Brick_0cm_S3,2026-04-25T09:52:10.361940,4,9,50,69,69,29,124,146,176,122,17,8,3,8,43,59,54,25,97,115,139,97,13,6,4,10,56,75,74,33,130,155,182,125,17,8,0,0,0,0,0,0,0,0,0,0,0,0,5,13,65,85,86,39,152,179,216,148,20,11,5,12,61,81,80,37,146,170,209,138,16,10,7,16,74,103,98,45,176,212,258,173,22,15,6,14,68,88,91,41,156,177,210,141,19,12,4.25,10.25,52.12,70.0,69.0,31.12,122.62,144.25,173.75,118.0,15.5,8.75
Brick_0cm_S3,2026-04-25T09:52:10.480727,4,9,50,69,69,29,124,146,176,122,17,8,3,8,43,59,54,25,97,115,139,97,13,6,4,10,56,75,74,33,130,155,182,125,17,8,0,0,0,0,0,0,0,0,0,0,0,0,5,13,65,85,86,39,152,179,217,148,20,11,5,12,61,81,80,37,146,170,209,139,16,10,7,16,74,103,98,45,177,212,258,173,22,15,6,14,68,88,91,41,157,178,211,141,19,12,4.25,10.25,52.12,70.0,69.0,31.12,122.88,144.38,174.0,118.12,15.5,8.75
Brick_0cm_S3,2026-04-25T09:52:10.607746,3,9,50,69,69,29,123,146,176,122,16,8,3,8,43,59,55,25,97,115,139,97,13,6,4,10,56,75,74,33,131,155,183,126,17,8,0,0,0,0,0,0,0,0,0,0,0,0,5,13,65,85,86,39,152,179,217,148,20,11,5,12,61,81,80,37,146,170,209,139,16,10,7,16,74,103,98,45,177,212,258,173,22,15,6,14,68,88,91,41,157,178,211,141,19,12,4.12,10.25,52.12,70.0,69.12,31.12,122.88,144.38,174.12,118.25,15.38,8.75
Brick_0cm_S3,2026-04-25T09:52:10.734326,3,9,50,69,69,29,124,146,176,122,17,9,3,8,43,59,55,25,97,115,139,97,13,6,4,10,56,75,74,33,131,155,183,126,17,8,0,0,0,0,0,0,0,0,0,0,0,0,5,13,65,85,86,39,153,179,217,148,20,11,5,12,61,81,80,37,146,170,209,139,16,10,7,16,74,104,98,45,176,212,258,173,22,15,5,14,68,88,91,41,156,178,211,141,19,12,4.0,10.25,52.12,70.12,69.12,31.12,122.88,144.38,174.12,118.25,15.5,8.88
Brick_0cm_S3,2026-04-25T09:52:10.862150,3,9,50,69,69,29,124,146,176,122,17,9,3,8,43,59,55,25,96,115,139,97,13,6,4,10,56,75,74,33,131,155,183,126,17,8,0,0,0,0,0,0,0,0,0,0,0,0,5,13,65,85,86,39,152,180,217,148,20,11,5,12,61,81,80,37,146,170,209,139,16,10,7,16,74,104,98,45,176,212,258,173,22,15,5,14,68,88,91,41,156,178,211,141,19,12,4.0,10.25,52.12,70.12,69.12,31.12,122.62,144.5,174.12,118.25,15.5,8.88
Brick_0cm_S3,2026-04-25T09:52:10.987830,3,9,50,69,69,30,123,146,176,122,17,9,3,8,43,59,54,25,97,115,139,97,13,6,4,10,56,75,74,33,131,155,183,126,17,8,0,0,0,0,0,0,0,0,0,0,0,0,5,13,65,85,86,39,152,180,217,148,20,11,5,12,61,81,80,37,146,170,209,139,16,10,7,16,74,104,98,45,176,212,258,173,23,15,6,14,68,88,91,41,156,178,211,141,19,12,4.12,10.25,52.12,70.12,69.0,31.25,122.62,144.5,174.12,118.25,15.62,8.88
Brick_0cm_S3,2026-04-25T09:52:11.117096,3,9,50,69,69,30,123,146,176,122,17,9,3,8,43,59,54,25,97,115,139,97,13,6,4,10,56,75,74,33,131,155,183,125,17,8,0,0,0,0,0,0,0,0,0,0,0,0,5,13,65,84,86,39,153,180,217,148,20,11,5,12,61,81,80,37,146,171,209,139,16,10,7,16,74,104,98,45,176,212,258,173,22,15,6,14,68,88,91,41,156,178,211,141,19,12,4.12,10.25,52.12,70.0,69.0,31.25,122.75,144.62,174.12,118.12,15.5,8.88
Brick_0cm_S3,2026-04-25T09:52:11.251784,3,9,50,69,69,29,123,146,176,122,17,9,3,8,43,59,55,25,96,115,139,97,13,6,4,10,56,75,74,33,131,155,182,126,17,8,0,0,0,0,0,0,0,0,0,0,0,0,5,13,65,84,86,39,153,180,217,148,20,11,5,12,61,81,80,37,146,171,209,139,16,10,7,16,74,104,98,45,176,212,258,173,22,15,6,14,68,88,91,41,156,178,211,141,19,12,4.12,10.25,52.12,70.0,69.12,31.12,122.62,144.62,174.0,118.25,15.5,8.88
Brick_0cm_S3,2026-04-25T09:52:11.374144,3,9,50,69,69,29,123,146,176,122,17,9,3,8,43,59,55,25,96,115,139,97,13,6,4,10,56,75,74,33,131,155,182,126,17,8,0,0,0,0,0,0,0,0,0,0,0,0,5,13,65,85,86,39,153,179,217,148,20,11,5,12,61,81,80,37,146,170,209,139,16,10,7,16,74,104,98,45,176,212,258,173,22,15,6,14,68,88,91,42,156,177,210,141,19,12,4.12,10.25,52.12,70.12,69.12,31.25,122.62,144.25,173.88,118.25,15.5,8.88
Brick_0cm_S3,2026-04-25T09:52:11.507447,3,9,50,69,69,29,123,146,176,122,17,9,3,8,43,59,55,25,96,115,139,97,13,6,4,10,56,75,74,33,131,155,183,126,17,8,0,0,0,0,0,0,0,0,0,0,0,0,5,13,65,85,86,39,153,179,217,148,20,11,5,12,61,81,80,37,146,170,209,139,16,10,7,16,74,104,98,45,176,212,258,173,22,15,6,14,68,88,91,42,156,177,210,141,19,12,4.12,10.25,52.12,70.12,69.12,31.25,122.62,144.25,174.0,118.25,15.5,8.88
Brick_0cm_S3,2026-04-25T09:52:11.622758,3,9,50,69,69,29,123,146,176,122,17,9,3,8,43,59,55,25,96,115,139,97,13,6,4,10,56,75,74,33,131,155,183,126,17,8,0,0,0,0,0,0,0,0,0,0,0,0,5,13,65,85,86,39,152,179,217,148,20,11,5,12,61,81,80,37,146,170,209,138,16,10,7,16,74,104,98,45,176,212,258,173,22,15,6,14,68,88,91,42,156,178,211,141,19,12,4.12,10.25,52.12,70.12,69.12,31.25,122.5,144.38,174.12,118.12,15.5,8.88
Brick_0cm_S3,2026-04-25T09:52:11.745632,3,9,50,69,69,29,123,146,176,122,17,9,3,8,43,59,55,25,97,115,139,97,13,6,4,10,56,75,74,33,130,155,182,126,17,8,0,0,0,0,0,0,0,0,0,0,0,0,5,13,65,85,86,39,152,179,217,148,20,11,5,12,61,81,80,37,146,170,209,138,16,10,7,16,74,104,98,45,176,212,258,173,22,15,6,14,68,88,91,42,156,178,211,141,19,12,4.12,10.25,52.12,70.12,69.12,31.25,122.5,144.38,174.0,118.12,15.5,8.88
Brick_0cm_S3,2026-04-25T09:52:11.869943,4,9,50,69,69,29,123,146,176,122,17,9,3,8,43,59,55,25,97,115,139,97,13,6,4,10,56,75,74,33,130,155,182,126,17,8,0,0,0,0,0,0,0,0,0,0,0,0,5,13,65,85,86,39,153,179,217,148,20,11,5,12,61,81,80,37,146,171,209,139,16,10,7,16,74,103,98,45,176,212,258,173,23,15,6,14,68,88,91,41,156,178,211,141,19,12,4.25,10.25,52.12,70.0,69.12,31.12,122.62,144.5,174.0,118.25,15.62,8.88
Brick_0cm_S3,2026-04-25T09:52:11.983520,4,9,50,69,69,29,123,146,176,122,17,9,3,8,43,59,55,25,97,115,139,97,13,6,4,10,56,75,74,33,130,155,183,126,17,8,0,0,0,0,0,0,0,0,0,0,0,0,5,13,65,85,86,39,152,179,217,148,20,11,5,12,61,81,80,37,146,171,209,139,16,10,7,16,74,103,98,45,176,212,258,173,23,15,6,14,68,88,91,41,156,178,211,141,19,12,4.25,10.25,52.12,70.0,69.12,31.12,122.5,144.5,174.12,118.25,15.62,8.88
Brick_0cm_S3,2026-04-25T09:52:12.098998,4,9,49,69,69,30,123,146,176,122,16,8,3,8,43,59,55,25,97,115,139,97,13,6,4,10,56,75,74,33,130,155,183,126,17,8,0,0,0,0,0,0,0,0,0,0,0,0,5,13,65,85,86,39,152,179,217,148,20,11,5,12,61,81,80,37,146,171,209,138,16,10,7,16,74,103,98,45,176,212,258,173,22,15,6,13,68,88,91,41,156,178,211,141,19,12,4.25,10.12,52.0,70.0,69.12,31.25,122.5,144.5,174.12,118.12,15.38,8.75
Brick_0cm_S3,2026-04-25T09:52:12.211833,4,9,49,69,69,30,123,146,176,122,16,8,3,8,43,59,55,25,97,115,140,97,13,6,4,10,56,75,74,33,131,155,183,126,17,8,0,0,0,0,0,0,0,0,0,0,0,0,5,13,65,85,86,39,152,180,217,148,20,11,5,12,61,81,80,37,146,171,209,138,16,10,7,16,74,103,98,45,176,212,258,173,22,15,6,13,68,88,91,41,156,178,211,141,19,12,4.25,10.12,52.0,70.0,69.12,31.25,122.62,144.62,174.25,118.12,15.38,8.75
Brick_0cm_S3,2026-04-25T09:52:12.324003,4,9,49,69,69,30,123,146,176,122,16,8,3,8,43,59,55,25,97,115,140,97,13,6,4,10,56,75,74,33,131,155,183,126,17,8,0,0,0,0,0,0,0,0,0,0,0,0,5,13,65,85,86,39,152,180,217,148,20,11,5,12,61,81,80,37,146,170,209,139,16,10,7,16,74,104,98,45,176,212,258,173,22,15,6,14,68,88,91,42,156,178,211,141,19,12,4.25,10.25,52.0,70.12,69.12,31.38,122.62,144.5,174.25,118.25,15.38,8.75
Brick_0cm_S3,2026-04-25T09:52:12.440719,3,9,50,69,69,29,124,146,176,122,17,9,3,8,42,59,55,25,97,115,140,97,14,6,4,10,56,75,74,33,131,156,183,126,17,8,0,0,0,0,0,0,0,0,0,0,0,0,5,13,65,85,86,39,153,180,217,148,20,11,5,12,61,81,80,37,146,170,209,139,16,10,7,16,74,104,98,45,176,212,258,173,22,15,6,14,68,88,91,42,156,178,211,141,19,12,4.12,10.25,52.0,70.12,69.12,31.25,122.88,144.62,174.25,118.25,15.62,8.88
Brick_0cm_S3,2026-04-25T09:52:12.565616,4,9,49,69,69,29,123,146,176,122,17,9,3,8,42,59,55,25,97,115,140,97,14,6,4,10,56,75,74,33,131,156,183,126,17,8,0,0,0,0,0,0,0,0,0,0,0,0,5,13,65,85,86,39,153,180,217,148,20,11,5,12,61,81,80,37,146,170,209,138,16,10,7,16,74,104,98,45,176,212,258,173,23,15,6,14,68,88,90,41,156,178,211,141,19,12,4.25,10.25,51.88,70.12,69.0,31.12,122.75,144.62,174.25,118.12,15.75,8.88
Brick_0cm_S3,2026-04-25T09:52:12.679884,4,9,49,69,69,29,123,146,176,122,17,9,3,8,43,59,54,25,97,115,139,97,13,6,4,10,56,75,74,33,131,155,182,126,17,8,0,0,0,0,0,0,0,0,0,0,0,0,5,13,65,85,86,39,153,180,217,148,20,11,4,12,61,81,80,37,146,171,209,139,16,10,7,16,74,104,98,45,176,212,258,173,23,15,6,14,68,88,90,41,156,178,211,141,19,12,4.12,10.25,52.0,70.12,68.88,31.12,122.75,144.62,174.0,118.25,15.62,8.88
Brick_0cm_S3,2026-04-25T09:52:12.809339,3,9,50,69,69,29,123,146,176,122,16,8,3,8,43,59,54,25,97,115,139,97,13,6,4,10,56,75,74,33,131,155,182,126,17,8,0,0,0,0,0,0,0,0,0,0,0,0,5,13,65,85,86,39,153,180,217,148,20,11,4,12,61,81,80,37,146,171,209,139,16,10,7,16,74,104,98,45,176,212,258,173,23,15,6,14,68,88,91,42,156,178,210,141,19,12,4.0,10.25,52.12,70.12,69.0,31.25,122.75,144.62,173.88,118.25,15.5,8.75
Brick_0cm_S3,2026-04-25T09:52:12.936824,3,9,50,69,69,29,123,146,176,122,16,8,3,8,43,59,54,25,97,115,139,97,13,6,4,10,56,75,74,33,131,155,182,126,17,8,0,0,0,0,0,0,0,0,0,0,0,0,5,13,65,85,86,39,153,179,217,148,20,11,5,12,61,81,80,37,146,171,209,139,16,10,7,16,74,103,98,45,176,212,258,173,22,15,6,14,68,88,91,42,156,178,210,141,19,12,4.12,10.25,52.12,70.0,69.0,31.25,122.75,144.5,173.88,118.25,15.38,8.75
Brick_0cm_S3,2026-04-25T09:52:13.057850,3,9,49,69,69,30,123,146,176,122,17,8,3,8,43,59,54,25,96,115,139,97,13,6,4,10,56,75,74,33,131,156,183,126,17,8,0,0,0,0,0,0,0,0,0,0,0,0,5,13,65,85,86,39,153,179,217,148,20,11,5,12,61,81,80,37,146,171,209,139,16,10,7,16,74,103,98,45,176,212,258,173,22,15,5,14,68,88,91,41,156,178,210,141,19,12,4.0,10.25,52.0,70.0,69.0,31.25,122.62,144.62,174.0,118.25,15.5,8.75
Brick_0cm_S3,2026-04-25T09:52:13.183864,3,9,49,69,69,30,123,146,176,122,17,8,3,8,43,59,54,25,96,115,139,97,13,6,4,10,56,75,74,33,131,156,183,126,17,8,0,0,0,0,0,0,0,0,0,0,0,0,5,13,65,85,86,39,153,179,217,148,20,11,5,12,61,81,80,37,146,171,209,139,16,10,7,16,74,103,98,45,176,212,258,173,23,15,6,14,68,88,91,41,156,178,211,141,19,12,4.12,10.25,52.0,70.0,69.0,31.25,122.62,144.62,174.12,118.25,15.62,8.75
Brick_0cm_S3,2026-04-25T09:52:13.307738,4,9,50,69,69,30,123,146,176,122,17,9,3,8,43,59,54,25,96,115,139,97,13,6,4,10,56,75,74,33,131,155,183,126,17,8,0,0,0,0,0,0,0,0,0,0,0,0,5,13,65,85,86,39,153,179,217,148,20,11,5,12,61,81,80,37,146,171,209,139,16,10,7,16,74,103,98,45,176,212,258,173,23,15,6,14,68,88,91,41,156,178,211,141,19,12,4.25,10.25,52.12,70.0,69.0,31.25,122.62,144.5,174.12,118.25,15.62,8.88
Brick_0cm_S3,2026-04-25T09:52:13.434458,4,9,50,69,69,30,123,146,176,122,17,9,3,8,43,59,54,25,96,115,139,97,13,6,4,10,56,75,74,33,131,155,183,126,17,8,0,0,0,0,0,0,0,0,0,0,0,0,5,13,65,85,86,39,153,179,217,148,20,11,5,12,61,81,80,37,146,171,209,138,17,10,7,16,74,103,98,45,176,212,258,173,22,15,6,14,68,88,91,41,156,177,210,141,19,12,4.25,10.25,52.12,70.0,69.0,31.25,122.62,144.38,174.0,118.12,15.62,8.88
Brick_0cm_S3,2026-04-25T09:52:13.562491,3,9,50,69,69,29,124,146,176,122,17,8,3,8,43,59,54,25,96,115,139,97,13,6,4,10,56,75,74,33,131,155,182,125,17,8,0,0,0,0,0,0,0,0,0,0,0,0,5,13,65,85,86,39,153,179,217,148,20,11,5,12,61,81,80,37,146,171,209,138,17,10,7,16,74,103,98,45,176,212,258,173,22,15,6,14,68,88,91,41,156,177,210,141,19,12,4.12,10.25,52.12,70.0,69.0,31.12,122.75,144.38,173.88,118.0,15.62,8.75
Brick_0cm_S3,2026-04-25T09:52:13.711190,4,9,49,69,69,29,123,146,176,122,17,8,3,8,43,59,54,25,96,115,139,97,13,6,4,10,56,75,74,33,131,155,182,125,17,8,0,0,0,0,0,0,0,0,0,0,0,0,5,13,65,85,86,39,152,179,217,148,20,11,5,12,61,81,80,37,146,170,209,138,16,10,7,16,74,104,98,45,177,212,258,173,22,15,6,14,68,88,91,41,156,178,211,141,19,12,4.25,10.25,52.0,70.12,69.0,31.12,122.62,144.38,174.0,118.0,15.5,8.75
Brick_0cm_S3,2026-04-25T09:52:13.827914,4,9,49,69,69,29,123,146,176,122,17,8,3,8,43,59,55,25,97,115,140,97,13,6,4,10,56,75,74,33,130,155,183,126,17,8,0,0,0,0,0,0,0,0,0,0,0,0,5,13,65,85,86,39,153,180,217,148,20,11,5,12,61,81,80,37,146,171,209,139,16,10,7,16,74,104,98,45,177,212,258,173,22,15,6,14,68,88,91,41,156,178,211,141,19,12,4.25,10.25,52.0,70.12,69.12,31.12,122.75,144.62,174.25,118.25,15.5,8.75
Brick_0cm_S3,2026-04-25T09:52:13.944499,3,9,50,69,69,29,123,146,176,122,16,8,3,8,43,59,54,25,97,115,139,97,13,6,4,10,56,75,74,33,130,155,183,126,17,8,0,0,0,0,0,0,0,0,0,0,0,0,5,13,65,85,86,39,153,180,217,148,20,11,5,12,61,81,80,37,146,171,209,139,16,10,7,16,74,104,98,45,177,212,258,173,22,15,6,14,68,88,91,42,156,178,211,141,19,12,4.12,10.25,52.12,70.12,69.0,31.25,122.75,144.62,174.12,118.25,15.38,8.75
Brick_0cm_S3,2026-04-25T09:52:14.065171,3,9,50,69,69,29,123,146,176,122,16,8,3,8,43,59,54,25,97,115,139,97,13,6,4,10,56,75,74,33,131,155,183,126,17,8,0,0,0,0,0,0,0,0,0,0,0,0,5,13,65,85,86,39,152,180,217,148,20,11,5,12,61,81,80,37,146,171,209,139,16,10,7,16,74,104,98,45,177,212,258,173,22,15,6,14,68,88,91,42,156,178,211,141,19,12,4.12,10.25,52.12,70.12,69.0,31.25,122.75,144.62,174.12,118.25,15.38,8.75
Brick_0cm_S3,2026-04-25T09:52:14.181994,4,9,49,69,69,29,123,146,176,122,16,8,3,8,43,59,55,25,97,115,139,97,13,6,4,10,56,75,74,33,131,155,183,126,17,8,0,0,0,0,0,0,0,0,0,0,0,0,5,13,65,85,86,39,152,180,217,148,20,11,4,12,61,81,80,37,146,171,209,139,16,10,7,16,74,104,98,45,176,212,258,173,22,15,6,14,68,88,91,42,156,177,211,141,19,12,4.12,10.25,52.0,70.12,69.12,31.25,122.62,144.5,174.12,118.25,15.38,8.75
Brick_0cm_S3,2026-04-25T09:52:14.307065,4,9,49,69,69,29,123,146,176,122,16,8,3,8,43,59,55,25,97,115,139,97,13,6,4,10,56,75,74,33,131,155,183,126,17,8,0,0,0,0,0,0,0,0,0,0,0,0,5,13,65,85,86,39,152,180,217,148,20,11,5,12,61,81,80,37,146,171,209,138,16,10,7,16,74,104,98,45,176,212,258,173,22,15,6,14,68,88,91,42,156,177,211,141,19,12,4.25,10.25,52.0,70.12,69.12,31.25,122.62,144.5,174.12,118.12,15.38,8.75
Brick_0cm_S3,2026-04-25T09:52:14.436017,4,9,49,69,69,30,123,146,176,122,16,8,3,8,43,59,55,25,96,115,140,97,13,6,4,10,56,75,74,33,131,155,183,126,17,8,0,0,0,0,0,0,0,0,0,0,0,0,5,13,65,85,86,39,152,180,217,148,20,11,5,12,61,81,80,37,146,171,209,138,16,10,7,16,74,104,98,45,176,212,258,173,22,15,6,14,68,88,91,42,157,178,211,141,19,12,4.25,10.25,52.0,70.12,69.12,31.38,122.62,144.62,174.25,118.12,15.38,8.75
Brick_0cm_S3,2026-04-25T09:52:14.558712,4,9,49,69,69,30,123,146,176,122,16,8,3,8,43,59,55,25,96,115,140,97,13,6,4,10,56,75,74,33,131,155,183,126,17,8,0,0,0,0,0,0,0,0,0,0,0,0,5,13,65,85,86,39,153,179,217,148,20,11,5,12,61,81,80,37,146,170,209,139,16,10,7,16,74,104,98,45,176,212,258,173,22,15,6,14,68,88,91,41,156,178,211,141,19,12,4.25,10.25,52.0,70.12,69.12,31.25,122.62,144.38,174.25,118.25,15.38,8.75
Brick_0cm_S3,2026-04-25T09:52:14.684492,4,9,50,69,69,29,124,146,176,122,17,8,3,8,43,59,54,25,96,115,139,97,13,6,4,10,56,75,74,33,131,155,183,126,17,8,0,0,0,0,0,0,0,0,0,0,0,0,5,13,65,85,86,39,153,179,217,148,20,11,5,12,61,81,80,37,146,170,209,139,16,10,7,16,74,104,98,45,176,212,258,173,22,15,6,14,68,88,91,41,156,178,211,141,19,12,4.25,10.25,52.12,70.12,69.0,31.12,122.75,144.38,174.12,118.25,15.5,8.75
Brick_0cm_S3,2026-04-25T09:52:14.808449,4,9,50,69,69,29,124,146,176,122,17,8,3,8,43,59,54,25,96,115,139,97,13,6,4,10,56,75,74,33,131,155,183,126,17,8,0,0,0,0,0,0,0,0,0,0,0,0,5,13,65,85,86,39,153,180,217,148,20,11,5,12,61,81,80,37,146,170,209,138,16,10,7,16,74,104,98,45,176,212,258,173,22,15,6,14,68,88,90,42,156,178,210,141,19,12,4.25,10.25,52.12,70.12,68.88,31.25,122.75,144.5,174.0,118.12,15.5,8.75
Brick_0cm_S3,2026-04-25T09:52:14.926234,3,9,50,69,69,29,123,146,176,122,16,9,3,8,43,59,55,25,97,115,139,97,13,6,4,10,56,75,74,33,131,155,183,126,17,8,0,0,0,0,0,0,0,0,0,0,0,0,5,13,65,85,86,39,153,180,217,148,20,11,5,12,61,81,80,37,146,170,209,138,16,10,7,16,74,104,98,45,176,212,258,173,22,15,6,14,68,88,90,42,156,178,210,141,19,12,4.12,10.25,52.12,70.12,69.0,31.25,122.75,144.5,174.0,118.12,15.38,8.88
Brick_0cm_S3,2026-04-25T09:52:15.042276,3,9,50,69,69,29,123,146,176,122,16,9,3,8,43,59,55,25,97,115,139,97,13,6,4,10,56,75,74,33,131,155,183,126,17,8,0,0,0,0,0,0,0,0,0,0,0,0,5,13,65,85,86,39,153,179,217,148,20,11,5,12,61,81,80,37,146,170,209,138,16,10,7,16,74,104,98,45,176,212,258,173,22,15,6,14,68,88,90,41,156,177,210,141,19,12,4.12,10.25,52.12,70.12,69.0,31.12,122.75,144.25,174.0,118.12,15.38,8.88
Brick_0cm_S3,2026-04-25T09:52:15.156625,3,9,50,69,69,29,123,146,176,123,17,9,3,8,43,59,55,25,97,115,139,97,13,6,4,10,56,75,74,33,130,155,183,126,17,8,0,0,0,0,0,0,0,0,0,0,0,0,5,13,65,85,86,39,153,179,217,148,20,11,5,12,61,81,80,37,146,170,209,138,16,10,7,16,74,104,98,45,176,212,258,173,22,15,6,14,68,88,90,41,156,177,210,141,19,12,4.12,10.25,52.12,70.12,69.0,31.12,122.62,144.25,174.0,118.25,15.5,8.88
Brick_0cm_S3,2026-04-25T09:52:15.269136,3,9,50,69,69,29,123,146,176,123,17,9,3,8,43,59,55,25,97,115,139,97,13,6,4,10,56,75,74,33,130,155,183,126,17,8,0,0,0,0,0,0,0,0,0,0,0,0,5,13,65,85,86,39,152,179,217,148,20,11,5,12,61,81,80,37,146,170,209,139,16,10,7,16,74,103,98,45,176,212,258,173,22,15,5,14,68,88,90,42,156,178,210,141,19,12,4.0,10.25,52.12,70.0,69.0,31.25,122.5,144.38,174.0,118.38,15.5,8.88
Brick_0cm_S3,2026-04-25T09:52:15.384262,3,9,50,69,69,29,124,146,176,122,17,8,3,8,43,59,55,24,97,115,139,97,13,6,4,10,56,75,74,33,131,155,183,126,17,8,0,0,0,0,0,0,0,0,0,0,0,0,5,13,65,85,86,39,152,179,217,148,20,11,5,12,61,81,80,37,146,170,209,139,16,10,7,16,74,103,98,45,176,212,258,173,22,15,5,14,68,88,90,42,156,178,210,141,19,12,4.0,10.25,52.12,70.0,69.0,31.12,122.75,144.38,174.0,118.25,15.5,8.75
Brick_0cm_S3,2026-04-25T09:52:15.500514,3,9,50,69,69,29,124,146,176,122,17,8,3,8,43,59,55,24,97,115,139,97,13,6,4,10,56,75,74,33,131,155,183,126,17,8,0,0,0,0,0,0,0,0,0,0,0,0,5,13,65,84,86,39,152,179,217,148,20,11,4,12,61,81,80,37,146,170,209,139,17,10,7,16,74,103,98,45,176,212,258,173,23,15,5,14,68,88,90,42,156,178,211,141,19,12,3.88,10.25,52.12,69.88,69.0,31.12,122.75,144.38,174.12,118.25,15.75,8.75
Brick_0cm_S3,2026-04-25T09:52:15.623414,3,9,49,69,69,29,123,146,176,122,17,8,3,8,43,59,55,25,97,115,139,97,13,6,4,10,56,75,74,33,131,156,183,126,17,8,0,0,0,0,0,0,0,0,0,0,0,0,5,13,65,84,86,39,152,179,217,148,20,11,4,12,61,81,80,37,146,170,209,139,17,10,7,16,74,103,98,45,176,212,258,173,23,15,5,14,68,88,90,42,156,178,211,141,19,12,3.88,10.25,52.0,69.88,69.0,31.25,122.62,144.5,174.12,118.25,15.75,8.75
Brick_0cm_S3,2026-04-25T09:52:15.753008,3,9,49,69,69,29,123,146,176,122,17,8,3,8,43,59,55,25,97,115,139,97,13,6,4,10,56,75,74,33,131,156,183,126,17,8,0,0,0,0,0,0,0,0,0,0,0,0,5,13,65,85,86,39,152,179,216,148,20,11,5,12,61,81,80,37,146,171,209,138,16,10,7,16,74,103,98,45,176,212,258,173,22,15,6,14,68,88,91,41,156,178,211,141,19,12,4.12,10.25,52.0,70.0,69.12,31.12,122.62,144.62,174.0,118.12,15.5,8.75
Brick_0cm_S3,2026-04-25T09:52:15.870806,3,9,50,69,69,29,123,146,176,122,17,9,3,8,43,59,54,25,97,115,139,97,13,6,4,10,56,75,74,33,131,155,183,126,17,8,0,0,0,0,0,0,0,0,0,0,0,0,5,13,65,85,86,39,152,179,216,148,20,11,5,12,61,81,80,37,146,171,209,138,16,10,7,16,74,103,98,45,176,212,258,173,22,15,6,14,68,88,91,41,156,178,211,141,19,12,4.12,10.25,52.12,70.0,69.0,31.12,122.62,144.5,174.0,118.12,15.5,8.88
Brick_0cm_S3,2026-04-25T09:52:16.002858,4,9,50,69,69,30,123,146,176,122,16,9,3,8,43,59,54,25,97,115,139,97,13,6,4,10,56,75,74,33,131,155,183,126,17,8,0,0,0,0,0,0,0,0,0,0,0,0,5,13,65,85,86,39,152,179,216,148,20,11,5,12,61,81,80,37,146,170,209,139,16,10,7,16,74,103,98,45,176,212,258,173,22,15,6,14,68,88,91,41,157,178,211,141,19,12,4.25,10.25,52.12,70.0,69.0,31.25,122.75,144.38,174.0,118.25,15.38,8.88
Brick_0cm_S3,2026-04-25T09:52:16.123203,4,9,50,69,69,30,123,146,176,122,16,9,3,8,43,59,54,25,97,115,139,97,13,6,4,10,56,75,75,33,131,155,183,126,17,8,0,0,0,0,0,0,0,0,0,0,0,0,5,13,65,85,86,39,152,179,217,148,20,11,5,12,61,81,80,37,146,170,209,139,16,10,7,16,74,103,98,45,176,212,258,173,22,15,6,14,68,88,91,41,157,178,211,141,19,12,4.25,10.25,52.12,70.0,69.12,31.25,122.75,144.38,174.12,118.25,15.38,8.88
Brick_0cm_S3,2026-04-25T09:52:16.256968,4,9,49,69,69,30,124,146,176,122,16,9,3,8,43,59,54,25,96,115,139,97,13,6,4,10,56,75,74,33,131,155,182,126,17,8,0,0,0,0,0,0,0,0,0,0,0,0,5,13,65,85,86,39,152,179,217,148,20,11,5,12,61,81,80,37,146,170,209,139,16,10,7,16,74,104,98,45,176,212,258,173,23,15,6,14,68,88,91,42,156,178,211,141,19,12,4.25,10.25,52.0,70.12,69.0,31.38,122.62,144.38,174.0,118.25,15.5,8.88
Brick_0cm_S3,2026-04-25T09:52:16.373079,4,9,49,69,69,30,124,146,176,122,16,9,3,8,43,59,54,25,96,115,139,97,13,6,4,10,56,75,74,33,131,155,182,126,17,8,0,0,0,0,0,0,0,0,0,0,0,0,5,13,65,84,86,39,152,179,217,148,20,11,5,12,61,81,80,37,146,171,209,139,16,10,7,16,74,104,98,45,176,212,257,173,22,15,6,14,68,88,91,42,156,178,211,141,19,12,4.25,10.25,52.0,70.0,69.0,31.38,122.62,144.5,173.88,118.25,15.38,8.88
Brick_0cm_S3,2026-04-25T09:52:16.494449,3,9,49,69,70,29,123,146,176,122,17,8,3,8,43,59,55,25,96,115,139,97,13,6,4,10,56,75,74,33,131,155,183,126,17,8,0,0,0,0,0,0,0,0,0,0,0,0,5,13,65,84,86,39,152,179,217,148,20,11,5,12,61,81,80,37,146,171,209,139,16,10,7,16,74,104,98,45,176,212,257,173,22,15,6,14,68,88,91,42,156,178,211,141,19,12,4.12,10.25,52.0,70.0,69.25,31.25,122.5,144.5,174.0,118.25,15.5,8.75
Brick_0cm_S3,2026-04-25T09:52:16.622177,3,9,49,69,70,29,123,146,176,122,17,8,3,8,43,59,55,25,96,115,139,97,13,6,4,10,56,75,74,33,131,155,183,126,17,8,0,0,0,0,0,0,0,0,0,0,0,0,5,13,65,85,86,39,152,179,217,148,20,11,5,12,61,81,80,37,146,170,209,138,16,10,7,16,74,104,98,45,176,212,258,173,22,15,5,14,68,88,91,41,156,178,211,141,19,12,4.0,10.25,52.0,70.12,69.25,31.12,122.5,144.38,174.12,118.12,15.5,8.75
Brick_0cm_S3,2026-04-25T09:52:16.748998,3,9,49,69,70,29,123,146,176,122,17,8,3,8,43,59,55,25,97,115,140,97,13,6,4,10,56,75,74,33,131,155,183,126,17,8,0,0,0,0,0,0,0,0,0,0,0,0,5,13,65,85,86,39,152,179,217,148,20,11,5,12,61,81,80,37,146,170,209,138,16,10,7,16,74,104,98,45,176,212,258,173,22,15,5,14,68,88,91,41,156,178,211,141,19,12,4.0,10.25,52.0,70.12,69.25,31.12,122.62,144.38,174.25,118.12,15.5,8.75
Brick_0cm_S3,2026-04-25T09:52:16.877762,3,9,49,69,70,29,123,146,176,122,17,8,3,8,43,59,55,25,97,115,140,97,13,6,4,10,56,75,74,33,131,155,183,126,17,8,0,0,0,0,0,0,0,0,0,0,0,0,5,13,65,84,86,39,152,179,216,148,20,11,5,12,61,81,80,37,146,170,209,138,16,10,7,16,74,104,98,45,176,212,257,173,22,15,6,14,68,88,91,42,156,178,211,141,19,12,4.12,10.25,52.0,70.0,69.25,31.25,122.62,144.38,174.0,118.12,15.5,8.75
Brick_0cm_S3,2026-04-25T09:52:16.997942,3,9,49,69,69,30,123,146,176,122,16,9,3,8,43,59,54,25,97,115,139,97,13,6,4,10,56,75,74,33,131,155,183,126,17,8,0,0,0,0,0,0,0,0,0,0,0,0,5,13,65,84,86,39,152,179,216,148,20,11,5,12,61,81,80,37,146,170,209,138,16,10,7,16,74,104,98,45,176,212,257,173,22,15,6,14,68,88,91,42,156,178,211,141,19,12,4.12,10.25,52.0,70.0,69.0,31.38,122.62,144.38,173.88,118.12,15.38,8.88
Brick_0cm_S3,2026-04-25T09:52:17.120414,3,9,49,69,69,30,123,146,176,122,16,9,3,8,43,59,54,25,97,115,139,97,13,6,4,10,56,75,74,33,131,155,183,126,17,8,0,0,0,0,0,0,0,0,0,0,0,0,5,13,65,85,86,39,152,180,217,148,20,11,5,12,61,81,80,37,146,170,209,139,16,10,7,16,74,103,98,45,176,211,258,173,22,15,6,14,68,88,91,42,157,178,211,141,19,12,4.12,10.25,52.0,70.0,69.0,31.38,122.75,144.38,174.12,118.25,15.38,8.88
Brick_0cm_S3,2026-04-25T09:52:17.248293,3,9,49,69,69,30,123,146,176,122,17,9,3,8,43,59,54,25,97,115,139,97,13,6,4,10,56,75,74,33,131,155,183,126,17,8,0,0,0,0,0,0,0,0,0,0,0,0,5,13,65,84,86,39,152,179,217,148,20,11,5,12,61,81,80,37,146,170,209,139,16,10,7,16,74,103,98,45,176,211,258,173,22,15,6,14,68,88,91,42,157,178,211,141,19,12,4.12,10.25,52.0,69.88,69.0,31.38,122.75,144.25,174.12,118.25,15.5,8.88
Brick_0cm_S3,2026-04-25T09:52:17.371869,3,9,49,69,69,29,123,146,176,122,17,8,3,8,43,59,54,25,97,115,139,97,13,6,4,10,56,75,74,33,131,155,183,126,17,8,0,0,0,0,0,0,0,0,0,0,0,0,5,13,65,84,86,39,152,179,217,148,20,11,5,12,61,81,80,37,146,170,209,138,16,10,7,16,74,103,98,45,176,211,258,173,22,15,6,14,68,88,91,41,156,177,211,141,19,12,4.12,10.25,52.0,69.88,69.0,31.12,122.62,144.12,174.12,118.12,15.5,8.75
Brick_0cm_S3,2026-04-25T09:52:17.498095,3,9,49,69,69,29,123,146,176,122,17,8,3,8,43,59,54,25,97,115,139,97,13,6,4,10,56,75,74,33,131,155,183,126,17,8,0,0,0,0,0,0,0,0,0,0,0,0,5,13,65,85,86,39,152,179,217,148,20,11,5,12,61,81,80,37,146,170,209,138,16,10,7,16,74,103,98,45,176,211,258,173,22,15,6,14,68,88,91,41,156,177,211,141,19,12,4.12,10.25,52.0,70.0,69.0,31.12,122.62,144.12,174.12,118.12,15.5,8.75
Brick_0cm_S3,2026-04-25T09:52:17.623104,3,9,50,69,69,29,123,146,176,122,17,8,3,8,43,59,55,25,97,115,140,97,13,6,4,10,56,75,74,33,131,155,183,126,17,8,0,0,0,0,0,0,0,0,0,0,0,0,5,13,65,85,86,39,152,179,217,148,20,11,5,12,61,81,80,37,146,170,209,138,16,10,7,16,74,103,98,45,177,212,258,173,22,15,5,14,68,88,91,41,156,178,211,140,19,12,4.0,10.25,52.12,70.0,69.12,31.12,122.75,144.38,174.25,118.0,15.5,8.75
Brick_0cm_S3,2026-04-25T09:52:17.745676,3,9,50,69,69,29,123,146,176,122,17,8,3,8,43,59,55,25,97,115,140,97,13,6,4,10,56,75,74,33,131,155,183,126,17,8,0,0,0,0,0,0,0,0,0,0,0,0,5,13,65,84,86,39,153,179,217,148,20,11,5,12,61,81,80,37,146,170,209,138,16,10,7,16,74,103,98,45,177,212,258,173,22,15,6,14,68,88,90,42,156,178,210,141,19,12,4.12,10.25,52.12,69.88,69.0,31.25,122.88,144.38,174.12,118.12,15.5,8.75
Brick_0cm_S3,2026-04-25T09:52:17.885197,3,9,49,69,69,30,123,146,176,122,17,9,3,8,43,59,55,25,97,115,139,97,13,6,4,10,56,76,74,33,131,155,183,126,17,8,0,0,0,0,0,0,0,0,0,0,0,0,5,13,65,84,86,39,153,179,217,148,20,11,5,12,61,81,80,37,146,170,209,138,16,10,7,16,74,103,98,45,177,212,258,173,22,15,6,14,68,88,90,42,156,178,210,141,19,12,4.12,10.25,52.0,70.0,69.0,31.38,122.88,144.38,174.0,118.12,15.5,8.88
Brick_0cm_S3,2026-04-25T09:52:18.011294,3,9,49,69,69,30,123,146,176,122,17,9,3,8,43,59,55,25,97,115,139,97,13,6,4,10,56,76,74,33,131,155,183,126,17,8,0,0,0,0,0,0,0,0,0,0,0,0,5,13,65,84,86,39,152,179,217,148,20,11,5,12,61,81,80,37,145,170,209,139,16,10,7,16,74,103,98,45,176,212,258,173,22,15,6,14,68,88,91,42,156,178,211,141,19,12,4.12,10.25,52.0,70.0,69.12,31.38,122.5,144.38,174.12,118.25,15.5,8.88
Brick_0cm_S3,2026-04-25T09:52:18.135748,4,9,50,69,69,29,123,146,176,122,17,8,3,8,43,59,55,25,97,115,139,97,13,6,4,10,56,75,74,33,130,155,182,125,17,8,0,0,0,0,0,0,0,0,0,0,0,0,5,13,65,84,86,39,152,179,217,148,20,11,5,12,61,81,80,37,145,170,209,139,16,10,7,16,74,103,98,45,176,212,258,173,22,15,6,14,68,88,91,42,156,178,211,141,19,12,4.25,10.25,52.12,69.88,69.12,31.25,122.38,144.38,174.0,118.12,15.5,8.75
Brick_0cm_S3,2026-04-25T09:52:18.258305,4,9,50,69,69,29,123,146,176,122,17,8,3,8,43,59,55,25,97,115,139,97,13,6,4,10,56,75,74,33,130,155,182,125,17,8,0,0,0,0,0,0,0,0,0,0,0,0,5,13,65,84,86,39,152,179,217,148,20,11,5,12,61,81,80,37,146,171,209,138,16,10,7,16,74,103,98,45,176,212,258,173,22,15,5,14,68,88,91,42,156,178,211,141,19,12,4.12,10.25,52.12,69.88,69.12,31.25,122.5,144.5,174.0,118.0,15.5,8.75
Brick_0cm_S3,2026-04-25T09:52:18.386596,3,9,50,69,69,29,123,146,176,122,16,8,3,8,43,59,55,25,97,115,139,97,13,6,4,10,56,75,74,33,131,155,183,126,17,8,0,0,0,0,0,0,0,0,0,0,0,0,5,13,65,85,86,39,152,179,217,148,20,11,5,12,61,81,80,37,146,171,209,138,16,10,7,16,74,103,98,45,176,212,258,173,22,15,5,14,68,88,91,42,156,178,211,141,19,12,4.0,10.25,52.12,70.0,69.12,31.25,122.62,144.5,174.12,118.12,15.38,8.75
Brick_0cm_S3,2026-04-25T09:52:18.513733,3,9,50,69,69,29,123,146,176,122,17,9,3,8,43,59,55,25,97,115,139,97,13,6,4,10,56,75,74,33,131,155,183,126,17,8,0,0,0,0,0,0,0,0,0,0,0,0,5,13,65,85,86,39,152,179,217,148,20,11,5,12,61,81,80,37,146,170,209,138,16,10,7,16,74,103,98,45,176,212,258,173,22,15,5,14,68,88,90,42,156,178,210,141,19,12,4.0,10.25,52.12,70.0,69.0,31.25,122.62,144.38,174.0,118.12,15.5,8.88
Brick_0cm_S3,2026-04-25T09:52:18.659282,3,9,50,69,69,29,123,146,176,122,17,9,3,8,43,59,55,25,96,115,139,97,13,6,4,10,56,75,75,33,131,155,183,126,17,8,0,0,0,0,0,0,0,0,0,0,0,0,5,13,65,85,86,39,152,179,217,148,20,11,5,12,61,81,80,37,146,170,209,139,16,10,7,16,74,104,98,45,176,212,258,173,22,15,6,14,68,88,91,41,156,178,211,141,19,12,4.12,10.25,52.12,70.12,69.25,31.12,122.5,144.38,174.12,118.25,15.5,8.88
Brick_0cm_S3,2026-04-25T09:52:18.779662,4,9,50,69,69,30,123,146,176,122,17,8,3,8,43,59,55,25,97,115,139,97,13,6,4,10,56,75,75,33,131,155,183,126,17,8,0,0,0,0,0,0,0,0,0,0,0,0,5,13,65,85,86,39,152,179,217,148,20,11,5,12,61,81,80,37,146,170,209,139,16,10,7,16,74,104,98,45,176,212,258,173,22,15,6,14,68,88,91,41,156,178,211,141,19,12,4.25,10.25,52.12,70.12,69.25,31.25,122.62,144.38,174.12,118.25,15.5,8.75
Brick_0cm_S3,2026-04-25T09:52:18.891485,4,9,50,69,69,30,123,146,176,122,17,8,3,8,43,59,55,25,97,115,139,97,13,6,4,10,56,75,75,33,131,155,183,126,17,8,0,0,0,0,0,0,0,0,0,0,0,0,5,13,65,85,86,39,152,179,217,148,20,11,5,12,61,81,80,37,146,171,209,139,16,10,7,16,74,104,98,45,176,212,257,173,22,15,6,14,68,88,90,42,156,178,211,141,19,12,4.25,10.25,52.12,70.12,69.12,31.38,122.62,144.5,174.0,118.25,15.5,8.75
Brick_0cm_S3,2026-04-25T09:52:19.015400,3,9,50,69,69,30,123,146,176,122,17,8,3,8,43,59,54,25,96,115,139,97,13,6,4,10,56,75,74,33,131,155,183,126,17,8,0,0,0,0,0,0,0,0,0,0,0,0,5,13,65,85,86,39,152,179,217,148,20,11,5,12,61,81,80,37,146,171,209,139,16,10,7,16,74,104,98,45,176,212,257,173,22,15,6,14,68,88,90,42,156,178,211,141,19,12,4.12,10.25,52.12,70.12,68.88,31.38,122.5,144.5,174.0,118.25,15.5,8.75
Brick_0cm_S3,2026-04-25T09:52:19.138138,3,9,50,69,69,30,123,146,176,122,17,8,3,8,43,59,54,25,96,115,139,97,13,6,4,10,56,75,74,33,131,155,183,126,17,8,0,0,0,0,0,0,0,0,0,0,0,0,5,13,65,85,86,39,152,179,217,148,20,11,4,12,61,81,80,37,146,171,209,139,17,10,7,16,74,104,98,45,176,212,258,173,22,15,6,14,68,88,90,42,156,178,210,141,19,12,4.0,10.25,52.12,70.12,68.88,31.38,122.5,144.5,174.0,118.25,15.62,8.75
Brick_0cm_S3,2026-04-25T09:52:19.264087,4,9,50,69,69,29,123,146,176,122,17,8,3,8,43,59,54,25,97,115,139,97,13,6,4,10,56,75,74,33,131,155,183,126,17,8,0,0,0,0,0,0,0,0,0,0,0,0,5,13,65,85,86,39,152,179,217,148,20,11,4,12,61,81,80,37,146,171,209,139,17,10,7,16,74,104,98,45,176,212,258,173,22,15,6,14,68,88,90,42,156,178,210,141,19,12,4.12,10.25,52.12,70.12,68.88,31.25,122.62,144.5,174.0,118.25,15.62,8.75
Brick_0cm_S3,2026-04-25T09:52:19.385365,4,9,50,69,69,29,123,146,176,122,17,8,3,8,43,59,54,25,97,115,139,97,13,6,4,10,56,75,74,33,131,155,183,126,17,8,0,0,0,0,0,0,0,0,0,0,0,0,5,13,65,85,86,39,152,179,217,148,20,11,5,12,61,81,80,37,145,170,209,138,16,10,7,16,74,104,98,45,176,212,258,173,22,15,6,14,68,88,91,41,156,178,211,140,19,12,4.25,10.25,52.12,70.12,69.0,31.12,122.5,144.38,174.12,118.0,15.5,8.75
Brick_0cm_S3,2026-04-25T09:52:19.514142,4,9,50,69,69,29,123,146,176,122,17,8,3,8,43,59,55,25,97,115,139,97,13,6,4,10,56,75,74,33,131,155,183,126,17,8,0,0,0,0,0,0,0,0,0,0,0,0,5,13,65,85,86,39,152,179,217,148,20,11,5,12,61,81,80,37,145,170,209,138,16,10,7,16,74,104,98,45,176,212,258,173,22,15,6,14,68,88,91,41,156,178,211,140,19,12,4.25,10.25,52.12,70.12,69.12,31.12,122.5,144.38,174.12,118.0,15.5,8.75
Brick_0cm_S3,2026-04-25T09:52:19.627574,4,9,50,69,69,29,123,146,176,122,17,8,3,8,43,59,55,25,97,115,139,97,13,6,4,10,56,75,74,33,131,155,183,126,17,8,0,0,0,0,0,0,0,0,0,0,0,0,5,13,65,85,86,39,152,179,216,148,20,11,5,12,61,81,80,37,146,171,209,139,16,10,7,16,74,104,98,45,176,212,258,173,22,15,6,14,68,88,90,41,156,178,210,141,19,12,4.25,10.25,52.12,70.12,69.0,31.12,122.62,144.5,173.88,118.25,15.5,8.75
Brick_0cm_S3,2026-04-25T09:52:19.741189,3,9,50,69,69,29,123,146,176,122,17,8,3,8,43,59,55,25,97,115,139,97,13,6,4,10,56,75,74,33,130,155,182,126,17,8,0,0,0,0,0,0,0,0,0,0,0,0,5,13,65,85,86,39,152,179,216,148,20,11,5,12,61,81,80,37,146,171,209,139,16,10,7,16,74,104,98,45,176,212,258,173,22,15,6,14,68,88,90,41,156,178,210,141,19,12,4.12,10.25,52.12,70.12,69.0,31.12,122.5,144.5,173.75,118.25,15.5,8.75
Brick_0cm_S3,2026-04-25T09:52:19.861980,3,9,50,69,69,29,123,146,176,122,17,8,3,8,43,59,55,25,97,115,139,97,13,6,4,10,56,75,74,33,130,155,182,126,17,8,0,0,0,0,0,0,0,0,0,0,0,0,5,13,65,85,86,39,152,179,216,148,20,11,5,12,61,81,80,37,146,171,209,139,16,10,7,16,74,103,98,45,176,212,257,173,22,15,6,14,68,88,91,42,156,178,211,141,19,12,4.12,10.25,52.12,70.0,69.12,31.25,122.5,144.5,173.75,118.25,15.5,8.75
