label,timestamp,S0_405nm,S0_425nm,S0_450nm,S0_475nm,S0_515nm,S0_550nm,S0_555nm,S0_600nm,S0_640nm,S0_690nm,S0_745nm,S0_855nm,S1_405nm,S1_425nm,S1_450nm,S1_475nm,S1_515nm,S1_550nm,S1_555nm,S1_600nm,S1_640nm,S1_690nm,S1_745nm,S1_855nm,S2_405nm,S2_425nm,S2_450nm,S2_475nm,S2_515nm,S2_550nm,S2_555nm,S2_600nm,S2_640nm,S2_690nm,S2_745nm,S2_855nm,S3_405nm,S3_425nm,S3_450nm,S3_475nm,S3_515nm,S3_550nm,S3_555nm,S3_600nm,S3_640nm,S3_690nm,S3_745nm,S3_855nm,S4_405nm,S4_425nm,S4_450nm,S4_475nm,S4_515nm,S4_550nm,S4_555nm,S4_600nm,S4_640nm,S4_690nm,S4_745nm,S4_855nm,S5_405nm,S5_425nm,S5_450nm,S5_475nm,S5_515nm,S5_550nm,S5_555nm,S5_600nm,S5_640nm,S5_690nm,S5_745nm,S5_855nm,S6_405nm,S6_425nm,S6_450nm,S6_475nm,S6_515nm,S6_550nm,S6_555nm,S6_600nm,S6_640nm,S6_690nm,S6_745nm,S6_855nm,S7_405nm,S7_425nm,S7_450nm,S7_475nm,S7_515nm,S7_550nm,S7_555nm,S7_600nm,S7_640nm,S7_690nm,S7_745nm,S7_855nm,AVG_405nm,AVG_425nm,AVG_450nm,AVG_475nm,AVG_515nm,AVG_550nm,AVG_555nm,AVG_600nm,AVG_640nm,AVG_690nm,AVG_745nm,AVG_855nm
Brick_0cm_S2,2026-04-25T09:50:04.972902,4,11,60,85,83,36,146,169,207,143,19,11,4,12,61,79,75,35,137,168,205,138,19,10,6,16,85,98,115,50,197,222,248,162,23,12,0,0,0,0,0,0,0,0,0,0,0,0,3,9,47,65,64,29,111,131,159,110,14,7,3,10,52,68,65,31,119,140,171,115,13,8,4,11,58,83,77,34,137,163,199,134,16,10,5,12,59,80,82,37,143,169,203,137,18,11,3.62,10.12,52.75,69.75,70.12,31.5,123.75,145.25,174.0,117.38,15.25,8.62
Brick_0cm_S2,2026-04-25T09:50:05.102352,4,11,60,85,83,36,145,170,207,144,19,10,4,12,61,78,75,35,138,168,205,139,19,10,6,16,85,98,115,50,197,222,248,162,23,12,0,0,0,0,0,0,0,0,0,0,0,0,3,9,47,65,64,29,111,131,159,110,14,7,3,10,51,68,65,31,119,140,171,115,13,8,4,11,58,83,77,34,137,163,199,134,16,10,5,12,59,80,82,37,144,169,203,137,18,11,3.62,10.12,52.62,69.62,70.12,31.5,123.88,145.38,174.0,117.62,15.25,8.5
Brick_0cm_S2,2026-04-25T09:50:05.216404,4,11,60,85,83,36,145,170,207,144,19,10,4,12,61,78,75,35,138,168,205,139,19,10,6,16,85,98,115,51,197,223,248,162,23,12,0,0,0,0,0,0,0,0,0,0,0,0,3,9,47,66,64,29,112,131,159,109,14,8,3,10,52,68,65,31,120,139,171,115,13,8,4,11,58,83,77,34,137,163,199,135,16,10,5,12,59,80,82,37,144,169,203,137,18,11,3.62,10.12,52.75,69.75,70.12,31.62,124.12,145.38,174.0,117.62,15.25,8.62
Brick_0cm_S2,2026-04-25T09:50:05.335410,4,11,60,85,83,36,146,170,207,144,19,10,4,12,61,78,75,35,138,168,205,139,19,10,6,16,85,98,115,51,197,222,248,162,23,12,0,0,0,0,0,0,0,0,0,0,0,0,3,9,47,66,64,29,112,131,159,109,14,8,3,10,52,68,65,31,120,139,171,115,13,8,4,11,58,83,77,34,137,163,199,135,16,10,5,12,59,81,82,37,143,169,203,137,18,11,3.62,10.12,52.75,69.88,70.12,31.62,124.12,145.25,174.0,117.62,15.25,8.62
Brick_0cm_S2,2026-04-25T09:50:05.466254,4,11,60,85,83,36,146,170,207,144,19,10,4,12,61,78,75,35,138,168,205,139,19,10,6,16,85,98,115,51,197,222,248,162,23,12,0,0,0,0,0,0,0,0,0,0,0,0,3,9,48,66,64,29,112,131,159,110,14,8,3,10,52,67,65,31,120,140,171,115,13,8,4,11,58,83,77,34,137,163,199,135,16,10,5,12,59,80,82,37,144,169,203,137,18,11,3.62,10.12,52.88,69.62,70.12,31.62,124.25,145.38,174.0,117.75,15.25,8.62
Brick_0cm_S2,2026-04-25T09:50:05.604881,5,11,60,85,83,36,146,169,207,144,19,10,4,12,61,79,76,35,138,168,205,139,19,10,6,16,85,98,115,50,197,222,248,161,23,12,0,0,0,0,0,0,0,0,0,0,0,0,3,9,48,66,64,29,112,131,159,110,14,8,3,10,52,67,65,31,120,140,171,115,13,8,4,11,58,83,77,34,137,163,199,135,16,10,5,12,59,80,82,37,144,169,203,137,18,11,3.75,10.12,52.88,69.75,70.25,31.5,124.25,145.25,174.0,117.62,15.25,8.62
Brick_0cm_S2,2026-04-25T09:50:05.729839,5,11,60,85,83,36,146,169,207,144,19,10,4,12,61,79,76,35,138,168,205,139,19,10,6,16,85,98,115,50,197,222,248,161,23,12,0,0,0,0,0,0,0,0,0,0,0,0,3,9,48,66,64,29,112,131,159,110,14,8,3,10,52,68,65,31,120,140,171,115,13,8,4,11,58,83,77,34,137,163,199,134,16,10,5,12,59,80,82,37,144,169,203,137,18,11,3.75,10.12,52.88,69.88,70.25,31.5,124.25,145.25,174.0,117.5,15.25,8.62
Brick_0cm_S2,2026-04-25T09:50:05.856983,4,11,60,85,83,36,145,169,207,143,19,10,4,12,61,78,76,35,137,168,205,139,19,10,6,16,85,98,115,50,197,223,249,162,23,12,0,0,0,0,0,0,0,0,0,0,0,0,3,9,48,66,64,29,112,131,159,110,14,8,3,10,52,68,65,31,120,140,171,115,13,8,4,11,58,83,77,34,137,163,199,134,16,10,5,12,59,80,82,37,144,169,203,137,18,11,3.62,10.12,52.88,69.75,70.25,31.5,124.0,145.38,174.12,117.5,15.25,8.62
Brick_0cm_S2,2026-04-25T09:50:05.983575,4,11,60,85,83,36,145,169,207,143,19,10,4,12,61,78,76,35,137,168,205,139,19,10,6,16,85,98,115,50,197,223,249,162,23,12,0,0,0,0,0,0,0,0,0,0,0,0,3,9,47,66,64,29,111,131,159,110,14,7,3,10,52,68,65,30,120,140,171,115,13,8,4,11,58,83,77,34,137,163,199,134,16,10,5,12,59,80,82,37,143,169,203,137,18,11,3.62,10.12,52.75,69.75,70.25,31.38,123.75,145.38,174.12,117.5,15.25,8.5
Brick_0cm_S2,2026-04-25T09:50:06.108705,4,11,60,86,83,36,146,169,207,144,19,10,4,12,61,79,75,35,138,168,205,139,19,10,6,16,85,98,115,51,197,223,248,162,23,12,0,0,0,0,0,0,0,0,0,0,0,0,3,9,47,66,64,29,111,131,159,110,14,8,3,10,52,68,65,30,120,140,171,115,13,8,4,11,58,83,77,34,137,163,199,134,16,10,5,12,59,80,82,37,143,169,203,137,18,11,3.62,10.12,52.75,70.0,70.12,31.5,124.0,145.38,174.0,117.62,15.25,8.62
Brick_0cm_S2,2026-04-25T09:50:06.233142,5,11,60,85,83,37,146,170,207,144,19,10,4,12,61,78,75,35,138,168,204,139,19,10,6,16,85,98,115,51,197,223,248,162,23,12,0,0,0,0,0,0,0,0,0,0,0,0,3,9,47,66,64,29,111,131,159,110,14,8,3,10,52,68,65,31,119,140,171,115,13,8,4,11,58,83,77,34,137,163,199,134,16,10,5,12,59,80,82,37,144,169,204,137,18,11,3.75,10.12,52.75,69.75,70.12,31.75,124.0,145.5,174.0,117.62,15.25,8.62
Brick_0cm_S2,2026-04-25T09:50:06.359088,5,11,60,85,83,37,146,170,207,144,19,10,4,12,61,78,75,35,138,168,204,139,19,10,6,16,85,98,115,50,197,222,248,162,23,12,0,0,0,0,0,0,0,0,0,0,0,0,3,9,47,65,64,29,112,131,159,109,14,7,3,10,52,68,65,31,120,140,171,115,13,8,4,11,58,83,77,34,137,163,199,134,16,10,5,12,59,80,82,37,144,169,204,137,18,11,3.75,10.12,52.75,69.62,70.12,31.62,124.25,145.38,174.0,117.5,15.25,8.5
Brick_0cm_S2,2026-04-25T09:50:06.485451,4,11,60,85,83,37,145,169,207,144,19,10,4,11,61,79,75,35,138,168,205,139,19,10,6,16,85,98,115,50,197,222,249,162,23,12,0,0,0,0,0,0,0,0,0,0,0,0,3,9,47,65,64,29,112,131,159,109,14,7,3,10,52,68,65,31,120,140,171,115,13,8,4,11,58,83,77,34,137,163,199,134,16,10,5,12,59,80,82,37,144,169,203,137,18,11,3.62,10.0,52.75,69.75,70.12,31.62,124.12,145.25,174.12,117.5,15.25,8.5
Brick_0cm_S2,2026-04-25T09:50:06.612749,4,11,60,85,83,37,145,169,207,144,19,10,4,11,61,79,75,35,138,168,205,139,19,10,6,16,85,98,115,50,197,222,249,162,23,12,0,0,0,0,0,0,0,0,0,0,0,0,3,9,47,66,64,29,111,131,159,110,14,7,3,10,52,68,65,31,120,140,171,115,13,8,4,11,58,83,77,34,137,163,199,135,16,10,5,12,59,80,82,37,144,169,203,137,18,11,3.62,10.0,52.75,69.88,70.12,31.62,124.0,145.25,174.12,117.75,15.25,8.5
Brick_0cm_S2,2026-04-25T09:50:06.737968,4,11,60,86,83,36,146,170,207,144,19,10,4,12,61,79,75,35,138,168,205,139,19,10,6,16,85,98,115,51,197,223,249,162,23,12,0,0,0,0,0,0,0,0,0,0,0,0,3,9,47,66,64,29,111,131,159,110,14,7,3,10,52,68,65,31,120,140,171,115,13,8,4,11,58,83,77,34,137,163,199,135,16,10,5,12,59,80,82,37,144,169,203,137,18,11,3.62,10.12,52.75,70.0,70.12,31.62,124.12,145.5,174.12,117.75,15.25,8.5
Brick_0cm_S2,2026-04-25T09:50:06.863108,4,11,60,86,83,36,146,170,207,144,19,10,4,12,61,79,75,35,138,168,205,139,19,10,6,16,85,98,115,51,197,223,249,162,23,12,0,0,0,0,0,0,0,0,0,0,0,0,3,9,47,66,64,29,111,131,158,109,14,8,3,10,51,68,65,31,119,140,171,115,13,8,4,11,58,83,77,34,137,164,199,134,16,10,5,12,59,81,82,37,143,169,203,137,18,11,3.62,10.12,52.62,70.12,70.12,31.62,123.88,145.62,174.0,117.5,15.25,8.62
Brick_0cm_S2,2026-04-25T09:50:06.990328,4,11,60,85,83,36,145,169,207,143,19,10,4,12,61,78,75,35,137,168,205,139,19,10,6,16,85,98,115,51,197,222,248,162,23,12,0,0,0,0,0,0,0,0,0,0,0,0,3,9,47,66,64,29,111,131,158,109,14,8,3,10,51,68,65,31,119,140,171,115,13,8,4,11,58,83,77,34,137,164,199,134,16,10,5,12,59,81,82,37,143,169,203,137,18,11,3.62,10.12,52.62,69.88,70.12,31.62,123.62,145.38,173.88,117.38,15.25,8.62
Brick_0cm_S2,2026-04-25T09:50:07.117140,4,11,60,85,83,36,145,169,207,143,19,10,4,12,61,78,75,35,137,168,205,139,19,10,6,16,85,98,115,51,197,222,248,162,23,12,0,0,0,0,0,0,0,0,0,0,0,0,3,9,47,65,64,29,111,131,158,109,14,8,3,10,52,68,65,31,120,140,171,115,13,8,4,11,58,83,77,34,137,163,199,135,16,10,5,12,59,81,82,37,143,169,203,137,18,11,3.62,10.12,52.75,69.75,70.12,31.62,123.75,145.25,173.88,117.5,15.25,8.62
Brick_0cm_S2,2026-04-25T09:50:07.241655,5,11,60,86,83,36,145,171,207,143,19,10,4,12,59,78,74,35,136,167,207,140,19,10,4,9,51,66,68,29,120,142,157,103,14,8,0,0,0,0,0,0,0,0,0,0,0,0,3,9,45,61,62,27,105,123,149,105,14,7,3,10,52,68,65,31,120,140,171,115,13,8,4,11,58,83,77,34,137,163,199,135,16,10,5,12,59,81,82,37,143,169,203,137,18,11,3.5,9.25,48.0,65.38,63.88,28.62,113.25,134.38,161.62,109.75,14.12,8.0
Brick_0cm_S2,2026-04-25T09:50:07.369851,4,9,52,76,72,31,125,149,180,125,16,9,4,12,59,78,74,35,136,167,207,140,19,10,4,9,51,66,68,29,120,142,157,103,14,8,0,0,0,0,0,0,0,0,0,0,0,0,3,9,45,61,62,27,105,123,149,105,14,7,4,10,56,71,72,31,127,144,173,117,14,8,4,10,56,84,76,33,133,160,192,132,16,10,5,11,57,80,77,36,137,164,198,136,18,10,3.5,8.75,47.0,64.5,62.62,27.75,110.38,131.12,157.0,107.25,13.88,7.75
Brick_0cm_S2,2026-04-25T09:50:07.498818,4,9,52,76,72,31,125,149,180,125,16,9,4,12,59,78,74,35,136,167,207,140,19,10,7,14,72,98,100,46,169,200,237,165,23,12,0,0,0,0,0,0,0,0,0,0,0,0,5,15,75,91,101,46,180,205,237,160,22,12,8,18,87,107,112,52,203,233,273,180,23,15,4,10,56,84,76,33,133,160,192,132,16,10,5,11,57,80,77,36,137,164,198,136,18,10,4.62,11.12,57.25,76.75,76.5,34.88,135.38,159.75,190.5,129.75,17.12,9.75
Brick_0cm_S2,2026-04-25T09:50:07.630768,3,9,48,66,68,29,119,138,172,121,16,8,5,13,71,91,88,39,157,184,218,147,20,11,9,18,88,112,117,53,203,239,278,184,27,16,0,0,0,0,0,0,0,0,0,0,0,0,5,15,75,91,101,46,180,205,237,160,22,12,8,18,87,107,112,52,203,233,273,180,23,15,8,17,80,114,106,48,185,219,266,178,23,16,5,12,64,86,87,39,153,175,205,140,19,10,5.38,12.75,64.12,83.38,84.88,38.25,150.0,174.12,206.12,138.75,18.75,11.0
Brick_0cm_S2,2026-04-25T09:50:07.763346,3,9,48,66,68,29,119,138,172,121,16,8,5,13,71,91,88,39,157,184,218,147,20,11,9,18,88,112,117,53,203,239,278,184,27,16,0,0,0,0,0,0,0,0,0,0,0,0,7,16,79,98,107,48,186,214,250,170,24,14,8,18,83,106,106,51,195,225,270,178,22,15,8,17,79,111,105,47,184,217,262,177,23,16,5,12,60,84,83,39,146,171,206,140,19,10,5.62,12.88,63.5,83.5,84.25,38.25,148.75,173.5,207.0,139.62,18.88,11.25
Brick_0cm_S2,2026-04-25T09:50:07.891029,4,10,53,73,73,32,131,153,182,131,18,9,4,11,58,83,74,35,130,158,193,124,17,9,7,16,82,107,109,48,190,225,263,174,25,14,0,0,0,0,0,0,0,0,0,0,0,0,7,16,79,98,107,48,186,214,250,170,24,14,8,18,83,106,106,51,195,225,270,178,22,15,8,17,79,111,105,47,184,217,262,177,23,16,5,12,60,84,83,39,146,171,206,140,19,10,5.38,12.5,61.75,82.75,82.12,37.5,145.25,170.38,203.25,136.75,18.5,10.88
Brick_0cm_S2,2026-04-25T09:50:08.009583,4,10,53,73,73,32,131,153,182,131,18,9,4,11,58,83,74,35,130,158,193,124,17,9,7,16,82,107,109,48,190,225,263,174,25,14,0,0,0,0,0,0,0,0,0,0,0,0,7,16,76,97,99,46,178,207,246,166,23,14,6,14,70,90,90,42,166,193,236,158,19,12,7,16,72,106,99,45,171,208,253,166,22,15,6,13,65,89,90,41,156,184,213,147,20,11,5.12,12.0,59.5,80.62,79.25,36.12,140.25,166.0,198.25,133.25,18.0,10.5
Brick_0cm_S2,2026-04-25T09:50:08.133464,4,9,50,71,70,31,124,149,185,128,17,9,3,9,49,63,61,27,108,130,155,104,14,7,5,12,62,82,83,37,145,174,208,138,19,10,0,0,0,0,0,0,0,0,0,0,0,0,7,16,76,97,99,46,178,207,246,166,23,14,6,14,70,90,90,42,166,193,236,158,19,12,7,16,72,106,99,45,171,208,253,166,22,15,6,13,65,89,90,41,156,184,213,147,20,11,4.75,11.12,55.5,74.75,74.0,33.62,131.0,155.62,187.0,125.88,16.75,9.75
Brick_0cm_S2,2026-04-25T09:50:08.256451,4,9,50,71,70,31,124,149,185,128,17,9,3,9,49,63,61,27,108,130,155,104,14,7,5,12,62,82,83,37,145,174,208,138,19,10,0,0,0,0,0,0,0,0,0,0,0,0,4,11,58,78,76,34,134,159,193,129,17,9,4,11,56,76,72,33,135,160,197,131,15,9,6,14,67,99,91,41,160,195,239,157,20,13,6,14,67,91,92,42,160,187,224,150,20,12,4.0,10.0,51.12,70.0,68.12,30.62,120.75,144.25,175.12,117.12,15.25,8.62
Brick_0cm_S2,2026-04-25T09:50:08.403848,4,9,49,70,69,29,120,144,180,126,16,9,3,8,47,63,60,25,103,121,143,99,14,7,4,10,56,72,73,33,132,158,183,126,17,8,0,0,0,0,0,0,0,0,0,0,0,0,4,11,54,73,72,33,128,150,183,127,17,9,4,11,56,76,72,33,135,160,197,131,15,9,6,14,67,99,91,41,160,195,239,157,20,13,6,14,67,91,92,42,160,187,224,150,20,12,3.88,9.62,49.5,68.0,66.12,29.5,117.25,139.38,168.62,114.5,14.88,8.38
Brick_0cm_S2,2026-04-25T09:50:08.525846,3,8,44,66,64,27,110,129,165,117,16,7,3,9,52,66,64,28,113,134,158,113,15,7,5,11,57,79,80,35,136,162,199,137,19,9,0,0,0,0,0,0,0,0,0,0,0,0,4,11,54,73,72,33,128,150,183,127,17,9,4,11,56,76,73,34,132,157,193,130,15,9,6,14,67,99,91,42,159,195,238,158,20,13,6,13,65,90,89,42,155,184,220,147,20,12,3.88,9.62,49.38,68.62,66.62,30.12,116.62,138.88,169.5,116.12,15.25,8.25
Brick_0cm_S2,2026-04-25T09:50:08.646332,3,8,44,66,64,27,110,129,165,117,16,7,3,9,52,66,64,28,113,134,158,113,15,7,5,11,57,79,80,35,136,162,199,137,19,9,0,0,0,0,0,0,0,0,0,0,0,0,5,13,65,86,87,40,153,178,216,147,20,11,5,13,66,86,85,40,154,178,218,146,17,10,7,15,71,105,96,44,168,203,249,166,21,14,6,13,65,90,89,42,155,184,220,147,20,12,4.25,10.25,52.5,72.25,70.62,32.0,123.62,146.0,178.12,121.62,16.0,8.75
Brick_0cm_S2,2026-04-25T09:50:08.770955,3,8,43,64,62,26,107,126,159,115,16,7,3,10,53,67,65,29,119,140,164,115,16,8,5,11,61,82,83,36,145,171,202,141,20,9,0,0,0,0,0,0,0,0,0,0,0,0,5,13,65,86,87,40,153,178,216,147,20,11,5,13,66,86,85,40,154,178,218,146,17,10,7,15,71,105,96,44,168,203,249,166,21,14,6,14,65,90,88,42,156,185,222,148,20,12,4.25,10.5,53.0,72.5,70.75,32.12,125.25,147.62,178.75,122.25,16.25,8.88
Brick_0cm_S2,2026-04-25T09:50:08.893852,3,8,43,64,62,26,107,126,159,115,16,7,3,10,53,67,65,29,119,140,164,115,16,8,5,11,61,82,83,36,145,171,202,141,20,9,0,0,0,0,0,0,0,0,0,0,0,0,5,13,64,87,87,40,152,178,215,144,19,11,5,13,66,86,86,40,155,180,215,143,17,11,7,15,71,103,95,43,167,201,244,163,21,14,6,13,65,90,87,42,156,184,222,149,20,12,4.25,10.38,52.88,72.38,70.62,32.0,125.12,147.5,177.62,121.25,16.12,9.0
Brick_0cm_S2,2026-04-25T09:50:09.006363,4,8,44,64,63,27,110,129,163,117,16,8,3,10,51,68,64,30,115,140,170,115,15,8,5,12,65,88,88,39,151,180,214,147,20,10,0,0,0,0,0,0,0,0,0,0,0,0,5,13,64,87,87,40,152,178,215,144,19,11,5,13,66,86,86,40,155,180,215,143,17,11,7,15,71,103,95,43,167,201,244,163,21,14,6,13,65,90,87,42,156,184,222,149,20,12,4.38,10.5,53.25,73.25,71.25,32.62,125.75,149.0,180.38,122.25,16.0,9.25
Brick_0cm_S2,2026-04-25T09:50:09.123396,4,8,44,64,63,27,110,129,163,117,16,8,3,10,51,68,64,30,115,140,170,115,15,8,5,12,65,88,88,39,151,180,214,147,20,10,0,0,0,0,0,0,0,0,0,0,0,0,5,13,66,88,89,40,155,181,217,146,20,11,5,14,67,85,85,39,157,180,220,143,17,11,7,15,70,102,94,43,167,201,245,162,21,14,6,13,65,89,86,42,155,182,222,149,20,12,4.38,10.62,53.5,73.0,71.12,32.5,126.25,149.12,181.38,122.38,16.12,9.25
Brick_0cm_S2,2026-04-25T09:50:09.252385,3,9,47,67,66,28,116,136,171,122,16,8,3,9,48,62,58,27,107,127,151,106,14,7,4,11,57,78,78,34,135,161,192,131,18,9,0,0,0,0,0,0,0,0,0,0,0,0,5,13,66,88,89,40,155,181,217,146,20,11,5,14,67,85,85,39,157,180,220,143,17,11,7,15,70,102,94,43,167,201,245,162,21,14,6,13,65,89,86,42,155,182,222,149,20,12,4.12,10.5,52.5,71.38,69.5,31.62,124.0,146.0,177.25,119.88,15.75,9.0
Brick_0cm_S2,2026-04-25T09:50:09.371542,3,9,47,67,66,28,116,136,171,122,16,8,3,9,48,62,58,27,107,127,151,106,14,7,4,11,57,78,78,34,135,161,192,131,18,9,0,0,0,0,0,0,0,0,0,0,0,0,4,12,59,79,79,35,139,161,194,132,18,10,4,12,59,78,76,35,139,164,201,133,16,9,6,14,68,100,93,42,161,197,241,159,21,14,6,14,66,90,88,42,157,185,224,151,20,12,3.75,10.12,50.5,69.25,67.25,30.38,119.25,141.38,171.75,116.75,15.38,8.62
Brick_0cm_S2,2026-04-25T09:50:09.491494,4,9,48,68,66,29,119,141,173,124,16,9,3,8,45,60,57,26,102,121,143,100,14,7,4,10,54,74,73,32,127,152,185,123,17,8,0,0,0,0,0,0,0,0,0,0,0,0,4,12,59,79,79,35,139,161,194,132,18,10,4,12,59,78,76,35,139,164,201,133,16,9,6,14,68,100,93,42,161,197,241,159,21,14,6,14,66,90,88,42,157,185,224,151,20,12,3.88,9.88,49.88,68.62,66.5,30.12,118.0,140.12,170.12,115.25,15.25,8.62
Brick_0cm_S2,2026-04-25T09:50:09.614003,4,9,48,68,66,29,119,141,173,124,16,9,3,8,45,60,57,26,102,121,143,100,14,7,4,10,54,74,73,32,127,152,185,123,17,8,0,0,0,0,0,0,0,0,0,0,0,0,4,11,59,80,79,36,137,162,197,136,18,10,4,12,59,79,77,36,140,164,202,137,16,9,6,15,68,101,94,43,163,200,245,162,21,14,6,13,66,90,88,42,157,185,224,151,20,12,3.88,9.75,49.88,69.0,66.75,30.5,118.12,140.62,171.12,116.62,15.25,8.62
Brick_0cm_S2,2026-04-25T09:50:09.735720,4,9,48,69,66,29,119,142,173,124,16,8,3,8,46,60,58,25,102,120,140,98,14,7,4,11,56,76,75,34,132,158,191,128,17,9,0,0,0,0,0,0,0,0,0,0,0,0,4,11,59,80,79,36,137,162,197,136,18,10,4,12,59,79,77,36,140,164,202,137,16,9,6,15,68,101,94,43,163,200,245,162,21,14,6,13,66,90,88,42,157,185,224,151,20,12,3.88,9.88,50.25,69.38,67.12,30.62,118.75,141.38,171.5,117.0,15.25,8.62
Brick_0cm_S2,2026-04-25T09:50:09.848071,4,9,48,69,66,29,119,142,173,124,16,8,3,8,46,60,58,25,102,120,140,98,14,7,4,11,56,76,75,34,132,158,191,128,17,9,0,0,0,0,0,0,0,0,0,0,0,0,4,12,60,81,80,36,142,166,203,138,18,10,5,12,60,79,77,36,143,167,205,139,17,10,6,15,69,101,94,43,166,202,247,163,21,13,6,13,66,90,89,42,158,185,223,151,20,12,4.0,10.0,50.62,69.5,67.38,30.62,120.25,142.5,172.75,117.62,15.38,8.62
Brick_0cm_S2,2026-04-25T09:50:09.966751,4,9,47,70,67,29,119,142,175,124,16,8,3,8,46,58,58,24,102,118,137,97,14,6,4,11,57,75,77,34,135,160,190,130,18,9,0,0,0,0,0,0,0,0,0,0,0,0,4,12,60,81,80,36,142,166,203,138,18,10,5,12,60,79,77,36,143,167,205,139,17,10,6,15,69,101,94,43,166,202,247,163,21,13,6,13,66,90,89,42,158,185,223,151,20,12,4.0,10.0,50.62,69.25,67.75,30.5,120.62,142.5,172.5,117.75,15.5,8.5
Brick_0cm_S2,2026-04-25T09:50:10.088103,4,9,47,70,67,29,119,142,175,124,16,8,3,8,46,58,58,24,102,118,137,97,14,6,4,11,57,75,77,34,135,160,190,130,18,9,0,0,0,0,0,0,0,0,0,0,0,0,4,12,60,81,80,36,139,166,204,138,18,10,5,12,59,79,77,36,142,165,206,140,17,10,6,14,70,101,94,43,167,203,247,165,21,14,6,14,66,90,89,42,158,185,223,150,20,12,4.0,10.0,50.62,69.25,67.75,30.5,120.25,142.38,172.75,118.0,15.5,8.62
Brick_0cm_S2,2026-04-25T09:50:10.207456,3,9,47,69,66,29,118,139,172,122,16,8,3,8,45,58,58,24,100,117,137,98,14,6,4,11,59,77,80,35,138,164,191,131,18,9,0,0,0,0,0,0,0,0,0,0,0,0,4,12,63,81,81,36,145,169,204,141,18,10,5,12,59,79,77,36,142,165,206,140,17,10,6,14,70,101,94,43,167,203,247,165,21,14,6,14,66,90,89,42,158,185,223,150,20,12,3.88,10.0,51.12,69.38,68.12,30.62,121.0,142.75,172.5,118.38,15.5,8.62
Brick_0cm_S2,2026-04-25T09:50:10.325607,4,8,43,66,63,27,110,131,163,115,16,8,3,8,45,58,58,24,100,117,137,98,14,6,4,11,59,77,80,35,138,164,191,131,18,9,0,0,0,0,0,0,0,0,0,0,0,0,4,12,63,81,81,36,145,169,204,141,18,10,5,12,60,81,79,37,144,171,212,139,16,10,6,14,71,98,94,42,171,203,242,167,21,13,6,13,64,88,86,41,153,183,221,149,20,11,4.0,9.75,50.62,68.62,67.62,30.25,120.12,142.25,171.25,117.5,15.38,8.38
Brick_0cm_S2,2026-04-25T09:50:10.451944,4,8,43,66,63,27,110,131,163,115,16,8,3,8,42,59,54,24,94,114,137,98,14,6,5,11,61,80,82,35,142,169,195,135,19,9,0,0,0,0,0,0,0,0,0,0,0,0,5,12,65,83,83,37,149,173,209,144,19,11,5,12,61,83,80,37,147,174,214,141,17,10,6,14,71,98,94,42,171,203,242,167,21,13,6,13,64,88,86,41,153,183,221,149,20,11,4.25,9.75,50.88,69.62,67.75,30.38,120.75,143.38,172.62,118.62,15.75,8.5
Brick_0cm_S2,2026-04-25T09:50:10.579506,4,8,43,65,61,27,108,130,161,115,15,8,3,8,44,61,57,25,99,119,143,104,14,7,5,11,61,80,82,35,142,169,195,135,19,9,0,0,0,0,0,0,0,0,0,0,0,0,5,12,65,83,83,37,149,173,209,144,19,11,5,12,61,83,80,37,147,174,214,141,17,10,6,14,72,98,94,42,172,205,243,168,21,13,6,13,63,88,85,40,153,183,220,148,20,12,4.25,9.75,51.12,69.75,67.75,30.38,121.25,144.12,173.12,119.38,15.62,8.75
Brick_0cm_S2,2026-04-25T09:50:10.705326,4,8,43,65,61,27,108,130,161,115,15,8,3,8,44,61,57,25,99,119,143,104,14,7,5,12,65,84,86,39,151,179,211,145,20,10,0,0,0,0,0,0,0,0,0,0,0,0,7,15,73,96,97,45,170,201,243,166,23,13,6,14,70,91,90,43,165,195,239,162,19,12,7,16,76,105,99,45,181,214,257,176,23,15,6,13,63,88,85,40,153,183,220,148,20,12,4.75,10.75,54.25,73.75,71.88,33.0,128.38,152.62,184.25,127.0,16.75,9.62
Brick_0cm_S2,2026-04-25T09:50:10.828670,3,8,42,64,60,27,105,127,156,113,15,8,3,9,50,68,64,27,110,130,155,109,15,7,5,13,66,89,89,41,157,188,224,150,20,11,0,0,0,0,0,0,0,0,0,0,0,0,7,15,73,96,97,45,170,201,243,166,23,13,6,14,70,91,90,43,165,195,239,162,19,12,7,16,76,105,99,45,181,214,257,176,23,15,5,13,61,85,83,39,149,178,215,146,20,11,4.5,11.0,54.75,74.75,72.75,33.38,129.62,154.12,186.12,127.75,16.88,9.62
Brick_0cm_S2,2026-04-25T09:50:10.958398,3,8,42,64,60,27,105,127,156,113,15,8,3,9,50,68,64,27,110,130,155,109,15,7,5,13,66,89,89,41,157,188,224,150,20,11,0,0,0,0,0,0,0,0,0,0,0,0,6,14,69,92,92,43,162,190,231,157,22,12,6,13,67,88,85,40,159,185,227,154,18,11,7,15,74,103,97,44,176,210,253,171,22,14,5,13,62,86,84,40,150,180,217,148,19,11,4.38,10.62,53.75,73.75,71.38,32.75,127.38,151.25,182.88,125.25,16.38,9.25
Brick_0cm_S2,2026-04-25T09:50:11.082800,3,7,41,62,59,26,103,125,153,111,15,7,3,8,49,67,63,27,109,128,153,107,15,7,5,12,64,85,84,39,149,178,216,144,20,10,0,0,0,0,0,0,0,0,0,0,0,0,6,14,69,92,92,43,162,190,231,157,22,12,6,13,67,88,85,40,159,185,227,154,18,11,7,15,74,103,97,44,176,210,253,171,22,14,5,13,62,86,84,40,150,180,217,148,19,11,4.38,10.25,53.25,72.88,70.5,32.38,126.0,149.5,181.25,124.0,16.38,9.0
Brick_0cm_S2,2026-04-25T09:50:11.213071,3,7,41,62,59,26,103,125,153,111,15,7,3,8,49,67,63,27,109,128,153,107,15,7,5,12,64,85,84,39,149,178,216,144,20,10,0,0,0,0,0,0,0,0,0,0,0,0,6,15,71,94,94,44,166,194,236,160,22,13,5,14,68,88,87,41,161,188,230,155,18,11,7,15,74,104,98,44,177,212,256,172,22,15,5,13,62,86,84,40,150,180,217,148,19,11,4.25,10.5,53.62,73.25,71.12,32.62,126.88,150.62,182.62,124.62,16.38,9.25
Brick_0cm_S2,2026-04-25T09:50:11.340266,3,8,41,62,60,26,103,125,154,111,15,7,3,8,49,67,63,27,109,128,152,106,15,7,5,12,62,84,84,38,146,176,213,141,19,10,0,0,0,0,0,0,0,0,0,0,0,0,6,15,71,94,94,44,166,194,236,160,22,13,5,14,68,88,87,41,161,188,230,155,18,11,7,15,74,104,98,44,177,212,256,172,22,15,5,13,62,86,84,40,150,180,217,148,19,11,4.25,10.62,53.38,73.12,71.25,32.5,126.5,150.38,182.25,124.12,16.25,9.25
Brick_0cm_S2,2026-04-25T09:50:11.467341,4,8,43,66,61,27,107,131,161,116,15,8,3,8,49,67,63,27,109,128,152,106,15,7,5,12,62,84,84,38,146,176,213,141,19,10,0,0,0,0,0,0,0,0,0,0,0,0,5,14,67,90,89,40,158,186,225,152,20,12,5,13,64,84,82,38,153,178,218,147,17,10,6,15,72,102,95,43,173,207,250,170,22,14,5,13,63,87,84,40,151,182,219,149,20,11,4.12,10.38,52.5,72.5,69.75,31.62,124.62,148.5,179.75,122.62,16.0,9.0
Brick_0cm_S2,2026-04-25T09:50:11.593845,4,8,43,66,61,27,107,131,161,116,15,8,3,8,45,61,58,24,99,118,141,100,14,7,4,11,60,79,79,36,140,166,197,134,18,9,0,0,0,0,0,0,0,0,0,0,0,0,4,12,59,80,78,35,138,163,199,135,18,10,5,13,64,84,82,38,153,178,218,147,17,10,6,15,72,102,95,43,173,207,250,170,22,14,5,13,63,87,84,40,151,182,219,149,20,11,3.88,10.0,50.75,69.88,67.12,30.38,120.12,143.12,173.12,118.88,15.5,8.62
Brick_0cm_S2,2026-04-25T09:50:11.720881,4,8,43,66,61,27,107,131,161,116,15,8,3,7,42,58,54,23,94,112,134,97,13,6,4,11,60,79,79,36,140,166,197,134,18,9,0,0,0,0,0,0,0,0,0,0,0,0,4,12,59,80,78,35,138,163,199,135,18,10,4,12,58,78,76,36,140,164,204,138,16,10,6,14,71,99,93,42,170,202,243,168,21,13,5,13,63,88,86,41,153,184,222,150,20,11,3.75,9.62,49.5,68.5,65.88,30.0,117.75,140.25,170.0,117.25,15.12,8.38
Brick_0cm_S2,2026-04-25T09:50:11.846036,4,8,43,66,61,27,107,131,161,116,15,8,3,7,42,58,54,23,94,112,134,97,13,6,4,11,59,77,79,34,137,164,190,130,18,8,0,0,0,0,0,0,0,0,0,0,0,0,4,12,59,79,78,35,137,163,200,136,18,10,5,12,58,80,77,36,140,165,207,138,16,10,6,14,71,98,93,42,171,203,242,168,21,13,5,13,63,88,86,41,153,184,222,150,20,11,3.88,9.62,49.38,68.25,66.0,29.75,117.38,140.25,169.5,116.88,15.12,8.25
Brick_0cm_S2,2026-04-25T09:50:11.969554,3,8,43,65,62,27,109,130,163,115,15,8,3,8,42,59,55,24,95,114,136,98,13,6,4,11,61,79,82,35,141,166,194,133,18,9,0,0,0,0,0,0,0,0,0,0,0,0,4,12,59,79,78,35,137,163,200,136,18,10,5,12,58,80,77,36,140,165,207,138,16,10,6,14,71,98,93,42,171,203,242,168,21,13,6,13,64,88,86,41,153,184,221,150,20,12,3.88,9.75,49.75,68.5,66.62,30.0,118.25,140.62,170.38,117.25,15.12,8.5
Brick_0cm_S2,2026-04-25T09:50:12.097152,3,8,43,65,62,27,109,130,163,115,15,8,3,8,42,59,55,24,95,114,136,98,13,6,4,11,61,79,82,35,141,166,194,133,18,9,0,0,0,0,0,0,0,0,0,0,0,0,4,12,63,80,80,35,144,166,200,139,18,10,5,12,60,80,78,36,145,170,210,138,16,10,6,14,71,98,93,41,171,204,241,166,21,13,5,13,63,88,85,40,153,183,221,149,20,11,3.75,9.75,50.38,68.62,66.88,29.75,119.75,141.62,170.62,117.25,15.12,8.38
Brick_0cm_S2,2026-04-25T09:50:12.217998,3,8,43,65,63,27,110,130,163,115,15,8,3,8,42,59,55,25,96,115,139,98,14,6,4,11,60,77,80,35,140,166,191,132,18,9,0,0,0,0,0,0,0,0,0,0,0,0,4,12,63,80,80,35,144,166,200,139,18,10,5,12,60,80,78,36,145,170,210,138,16,10,6,14,71,98,93,41,171,204,241,166,21,13,5,13,63,88,85,40,153,183,221,149,20,11,3.75,9.75,50.25,68.38,66.75,29.88,119.88,141.75,170.62,117.12,15.25,8.38
Brick_0cm_S2,2026-04-25T09:50:12.337292,3,8,43,65,63,27,110,130,163,115,15,8,3,8,42,59,55,25,96,115,139,98,14,6,4,11,60,77,80,35,140,166,191,132,18,9,0,0,0,0,0,0,0,0,0,0,0,0,4,12,62,80,81,36,143,169,204,139,18,10,5,12,63,80,79,37,149,173,211,140,17,10,6,14,72,98,95,42,173,206,243,167,21,13,6,13,64,88,86,41,154,184,221,149,20,12,3.88,9.75,50.75,68.38,67.38,30.38,120.62,142.88,171.5,117.5,15.38,8.5
Brick_0cm_S2,2026-04-25T09:50:12.456371,3,8,43,65,63,27,110,129,163,115,15,8,3,8,42,59,55,25,96,115,139,98,13,7,5,11,60,78,81,35,140,166,192,134,19,9,0,0,0,0,0,0,0,0,0,0,0,0,4,12,62,80,81,36,143,169,204,139,18,10,5,12,63,80,79,37,149,173,211,140,17,10,6,14,72,98,95,42,173,206,243,167,21,13,6,13,64,88,86,41,154,184,221,149,20,12,4.0,9.75,50.75,68.5,67.5,30.38,120.62,142.75,171.62,117.75,15.38,8.62
Brick_0cm_S2,2026-04-25T09:50:12.573570,3,8,43,65,63,27,110,129,163,115,15,8,3,8,42,59,55,25,96,115,139,98,13,7,5,11,60,78,81,35,140,166,192,134,19,9,0,0,0,0,0,0,0,0,0,0,0,0,5,13,63,85,85,40,147,175,216,150,20,10,6,14,66,89,87,42,158,186,233,158,19,11,7,15,75,104,99,45,180,213,256,177,23,14,5,13,62,87,84,41,151,181,217,146,20,11,4.25,10.25,51.38,70.88,69.25,31.88,122.75,145.62,177.0,122.25,16.12,8.75
Brick_0cm_S2,2026-04-25T09:50:12.691719,4,10,55,76,81,34,137,162,192,133,18,9,4,11,60,88,80,37,133,161,201,139,18,9,8,17,85,110,113,52,196,232,272,184,27,15,0,0,0,0,0,0,0,0,0,0,0,0,5,13,63,85,85,40,147,175,216,150,20,10,6,14,66,89,87,42,158,186,233,158,19,11,7,15,75,104,99,45,180,213,256,177,23,14,5,13,62,87,84,41,151,181,217,146,20,11,4.88,11.62,58.25,79.88,78.62,36.38,137.75,163.75,198.38,135.88,18.12,9.88
Brick_0cm_S2,2026-04-25T09:50:12.810107,4,10,55,76,81,34,137,162,192,133,18,9,4,11,60,88,80,37,133,161,201,139,18,9,8,17,85,110,113,52,196,232,272,184,27,15,0,0,0,0,0,0,0,0,0,0,0,0,7,16,76,98,103,47,182,211,252,171,24,14,9,18,84,104,108,51,196,226,270,178,23,15,7,16,78,110,103,46,181,214,261,174,23,15,5,11,59,82,83,36,140,164,191,132,17,10,5.5,12.38,62.12,83.5,83.88,37.88,145.62,171.25,204.88,138.88,18.75,10.88
Brick_0cm_S2,2026-04-25T09:50:12.929155,4,10,53,71,73,32,130,152,180,127,16,10,4,12,67,89,84,38,146,172,205,142,19,10,8,18,87,112,115,52,201,235,276,184,27,15,0,0,0,0,0,0,0,0,0,0,0,0,7,16,76,98,103,47,182,211,252,171,24,14,9,18,84,104,108,51,196,226,270,178,23,15,7,16,78,110,103,46,181,214,261,174,23,15,5,11,59,82,83,36,140,164,191,132,17,10,5.5,12.62,63.0,83.25,83.62,37.75,147.0,171.75,204.38,138.5,18.62,11.12
Brick_0cm_S2,2026-04-25T09:50:13.079779,4,9,49,67,69,30,122,144,174,120,16,8,3,9,52,75,67,31,115,140,171,113,15,8,8,18,87,112,115,52,201,235,276,184,27,15,0,0,0,0,0,0,0,0,0,0,0,0,7,17,79,99,105,48,186,216,256,173,24,14,8,18,84,104,106,50,197,227,269,178,23,15,7,16,78,111,103,46,182,215,259,174,23,16,5,11,59,82,82,37,139,163,194,135,18,10,5.25,12.25,61.0,81.25,80.88,36.75,142.75,167.5,199.88,134.62,18.25,10.75
Brick_0cm_S2,2026-04-25T09:50:13.203979,4,9,49,67,69,30,122,144,174,120,16,8,3,9,52,75,67,31,115,140,171,113,15,8,7,15,77,100,101,46,179,209,247,170,24,13,0,0,0,0,0,0,0,0,0,0,0,0,5,13,64,84,83,38,151,177,215,144,19,11,6,14,71,91,90,42,168,194,237,159,19,12,7,16,78,111,103,46,182,215,259,174,23,16,5,11,59,82,82,37,139,163,194,135,18,10,4.62,10.88,56.25,76.25,74.38,33.75,132.0,155.25,187.12,126.88,16.75,9.75
Brick_0cm_S2,2026-04-25T09:50:13.330188,4,9,49,69,69,30,122,145,175,122,16,8,3,8,44,59,56,25,99,117,140,97,13,7,5,12,64,87,87,38,150,181,215,144,20,10,0,0,0,0,0,0,0,0,0,0,0,0,5,13,64,84,83,38,151,177,215,144,19,11,6,14,71,91,90,42,168,194,237,159,19,12,7,15,73,104,98,43,171,204,247,167,22,14,5,12,62,85,86,39,147,172,205,141,19,10,4.38,10.38,53.38,72.38,71.12,31.88,126.0,148.75,179.25,121.75,16.0,9.0
Brick_0cm_S2,2026-04-25T09:50:13.457780,4,9,49,69,69,30,122,145,175,122,16,8,3,8,44,59,56,25,99,117,140,97,13,7,5,12,64,87,87,38,150,181,215,144,20,10,0,0,0,0,0,0,0,0,0,0,0,0,3,10,50,67,65,30,117,139,171,117,15,8,5,12,62,81,79,37,149,172,211,144,17,10,6,14,70,100,94,42,163,196,238,161,20,13,5,12,64,87,87,40,150,175,208,143,19,11,3.88,9.62,50.38,68.75,67.12,30.25,118.75,140.62,169.75,116.0,15.0,8.38
Brick_0cm_S2,2026-04-25T09:50:13.576627,4,9,50,71,71,31,125,147,179,124,17,8,3,8,41,56,53,24,93,110,132,92,13,7,5,11,60,82,81,37,140,168,201,138,19,9,0,0,0,0,0,0,0,0,0,0,0,0,3,10,50,67,65,30,117,139,171,117,15,8,5,12,62,81,79,37,149,172,211,144,17,10,6,14,70,100,94,42,163,196,238,161,20,13,5,12,64,87,87,40,150,175,208,143,19,11,3.88,9.5,49.62,68.0,66.25,30.12,117.12,138.38,167.5,114.88,15.0,8.25
Brick_0cm_S2,2026-04-25T09:50:13.696385,4,9,50,71,71,31,125,147,179,124,17,8,3,8,41,56,53,24,93,110,132,92,13,7,5,11,60,82,81,37,140,168,201,138,19,9,0,0,0,0,0,0,0,0,0,0,0,0,3,10,50,67,66,30,117,139,170,117,15,8,5,12,61,81,79,36,147,172,209,143,17,10,6,14,69,100,94,41,163,195,236,161,20,13,5,12,63,86,87,39,151,175,208,142,19,11,3.88,9.5,49.25,67.88,66.38,29.75,117.0,138.25,166.88,114.62,15.0,8.25
Brick_0cm_S2,2026-04-25T09:50:13.819572,4,9,51,70,71,31,126,149,179,125,17,8,3,8,43,58,54,24,96,111,134,95,13,6,5,11,61,82,82,37,143,170,203,138,19,9,0,0,0,0,0,0,0,0,0,0,0,0,3,10,50,67,66,30,117,139,170,117,15,8,5,12,61,81,79,36,147,172,209,143,17,10,6,14,69,100,94,41,163,195,236,161,20,13,5,12,63,86,87,39,151,175,208,142,19,11,3.88,9.5,49.75,68.0,66.62,29.75,117.88,138.88,167.38,115.12,15.0,8.12
Brick_0cm_S2,2026-04-25T09:50:13.940579,4,9,51,70,71,31,126,149,179,125,17,8,3,8,43,58,54,24,96,111,134,95,13,6,5,11,61,82,82,37,143,170,203,138,19,9,0,0,0,0,0,0,0,0,0,0,0,0,3,10,49,67,66,30,117,138,169,117,15,8,5,12,61,82,80,37,146,172,210,142,17,10,6,14,69,100,93,41,162,194,234,160,20,13,5,12,63,85,86,39,151,175,207,143,19,11,3.88,9.5,49.62,68.0,66.5,29.88,117.62,138.62,167.0,115.0,15.0,8.12
Brick_0cm_S2,2026-04-25T09:50:14.063825,4,9,51,71,72,31,127,151,183,126,17,8,3,8,44,60,56,25,98,117,139,97,13,7,5,12,62,84,84,37,145,175,208,141,20,10,0,0,0,0,0,0,0,0,0,0,0,0,3,10,49,67,66,30,117,138,169,117,15,8,5,12,61,82,80,37,146,172,210,142,17,10,6,14,69,100,93,41,162,194,234,160,20,13,5,12,63,85,86,39,151,175,207,143,19,11,3.88,9.62,49.88,68.62,67.12,30.0,118.25,140.25,168.75,115.75,15.12,8.38
Brick_0cm_S2,2026-04-25T09:50:14.186057,4,9,51,71,72,31,127,151,183,126,17,8,3,8,44,60,56,25,98,117,139,97,13,7,5,12,62,84,84,37,145,175,208,141,20,10,0,0,0,0,0,0,0,0,0,0,0,0,3,10,50,68,67,30,118,140,172,118,15,8,5,12,62,82,80,37,147,171,211,141,17,10,6,14,69,100,93,41,162,193,234,160,20,13,5,12,63,85,86,39,151,175,207,143,19,11,3.88,9.62,50.12,68.75,67.25,30.0,118.5,140.25,169.25,115.75,15.12,8.38
Brick_0cm_S2,2026-04-25T09:50:14.308018,4,9,51,71,72,31,127,150,182,126,17,8,3,8,43,59,55,24,98,114,136,96,13,6,5,12,62,84,83,37,144,171,206,139,19,10,0,0,0,0,0,0,0,0,0,0,0,0,3,10,50,68,67,30,118,140,172,118,15,8,5,12,62,82,80,37,147,171,211,141,17,10,6,14,69,100,93,41,162,193,234,160,20,13,5,12,63,85,86,39,151,175,207,143,19,11,3.88,9.62,50.0,68.62,67.0,29.88,118.38,139.25,168.5,115.38,15.0,8.25
Brick_0cm_S2,2026-04-25T09:50:14.431678,4,9,51,71,72,31,127,149,181,125,17,9,3,8,43,59,55,24,98,114,136,96,13,6,5,12,62,84,83,37,144,171,206,139,19,10,0,0,0,0,0,0,0,0,0,0,0,0,3,10,50,67,66,30,117,139,170,116,15,8,5,12,61,81,79,36,146,171,210,142,17,10,6,14,69,99,93,41,163,195,236,160,20,13,5,12,63,86,87,39,151,175,208,143,19,11,3.88,9.62,49.88,68.38,66.88,29.75,118.25,139.25,168.38,115.12,15.0,8.38
Brick_0cm_S2,2026-04-25T09:50:14.562061,4,9,51,71,72,31,127,149,181,125,17,9,3,8,42,57,53,24,95,111,133,93,13,7,5,11,60,81,81,36,140,169,201,136,19,9,0,0,0,0,0,0,0,0,0,0,0,0,3,9,49,66,64,29,114,136,167,115,15,8,5,12,61,80,79,36,147,170,209,142,17,10,6,14,69,99,93,41,163,195,236,160,20,13,5,12,63,86,87,39,151,175,208,143,19,11,3.88,9.38,49.38,67.5,66.12,29.5,117.12,138.12,166.88,114.25,15.0,8.38
Brick_0cm_S2,2026-04-25T09:50:14.687985,4,9,50,70,70,30,124,147,178,125,17,8,3,8,40,56,53,24,91,110,134,90,12,7,5,11,59,79,79,35,138,166,198,134,18,9,0,0,0,0,0,0,0,0,0,0,0,0,3,9,49,66,64,29,114,136,167,115,15,8,5,12,61,80,79,36,147,170,209,142,17,10,6,14,70,100,94,42,164,196,240,161,21,13,5,12,63,86,87,39,150,175,208,142,19,11,3.88,9.38,49.0,67.12,65.75,29.38,116.0,137.5,166.75,113.62,14.88,8.25
Brick_0cm_S2,2026-04-25T09:50:14.810511,4,9,50,70,70,30,124,147,178,125,17,8,3,8,40,56,53,24,91,110,134,90,12,7,5,11,59,79,79,35,138,166,198,134,18,9,0,0,0,0,0,0,0,0,0,0,0,0,3,10,51,66,65,29,118,138,169,118,15,8,5,12,62,81,80,37,148,172,211,144,17,10,6,14,70,100,94,42,165,197,241,163,21,14,5,12,63,86,87,39,150,175,208,142,19,11,3.88,9.5,49.38,67.25,66.0,29.5,116.75,138.12,167.38,114.5,14.88,8.38
Brick_0cm_S2,2026-04-25T09:50:14.933861,4,9,51,70,71,31,127,149,181,125,17,8,3,8,46,61,58,26,104,120,144,101,14,7,5,13,67,89,89,40,155,185,221,149,21,11,0,0,0,0,0,0,0,0,0,0,0,0,3,10,51,66,65,29,118,138,169,118,15,8,5,12,62,81,80,37,148,172,211,144,17,10,6,14,70,100,94,42,165,197,241,163,21,14,5,12,63,84,86,39,151,175,207,141,19,10,3.88,9.75,51.25,68.88,67.88,30.5,121.0,142.0,171.75,117.62,15.5,8.5
Brick_0cm_S2,2026-04-25T09:50:15.063068,4,9,51,70,71,31,127,149,181,125,17,8,3,8,46,61,58,26,104,120,144,101,14,7,5,13,67,89,89,40,155,185,221,149,21,11,0,0,0,0,0,0,0,0,0,0,0,0,4,12,59,79,78,36,139,164,199,137,18,10,6,14,68,89,88,41,161,188,231,154,19,11,6,15,72,103,97,43,169,201,243,165,21,14,5,12,63,84,85,38,150,173,204,142,19,10,4.12,10.38,53.25,71.88,70.75,31.88,125.62,147.5,177.88,121.62,16.12,8.88
Brick_0cm_S2,2026-04-25T09:50:15.188312,4,10,52,73,72,32,129,155,186,130,17,9,3,9,48,69,62,29,105,128,158,105,14,7,5,13,70,92,93,41,163,193,225,152,21,11,0,0,0,0,0,0,0,0,0,0,0,0,4,12,59,79,78,36,139,164,199,137,18,10,6,14,68,89,88,41,161,188,231,154,19,11,6,15,72,103,97,43,169,201,243,165,21,14,5,12,63,84,85,38,150,173,204,142,19,10,4.12,10.62,54.0,73.62,71.88,32.5,127.0,150.25,180.75,123.12,16.12,9.0
Brick_0cm_S2,2026-04-25T09:50:15.306867,4,10,52,73,72,32,129,155,186,130,17,9,3,9,48,69,62,29,105,128,158,105,14,7,5,13,70,92,93,41,163,193,225,152,21,11,0,0,0,0,0,0,0,0,0,0,0,0,4,11,54,75,74,34,129,152,184,124,16,9,5,13,67,86,84,40,157,181,225,148,17,11,6,13,69,100,93,41,162,192,230,156,20,13,5,12,63,85,86,39,152,176,207,144,19,10,4.0,10.12,52.88,72.5,70.5,32.0,124.62,147.12,176.88,119.88,15.5,8.75
Brick_0cm_S2,2026-04-25T09:50:15.428402,4,10,54,77,76,34,135,162,194,134,18,9,3,8,46,66,59,27,101,122,149,101,14,7,5,12,63,85,86,38,147,175,208,140,19,9,0,0,0,0,0,0,0,0,0,0,0,0,4,11,54,75,74,34,129,152,184,124,16,9,5,13,67,86,84,40,157,181,225,148,17,11,6,13,69,100,93,41,162,192,230,156,20,13,5,12,63,85,86,39,152,176,207,144,19,10,4.0,9.88,52.0,71.75,69.75,31.62,122.88,145.0,174.62,118.38,15.38,8.5
Brick_0cm_S2,2026-04-25T09:50:15.551501,4,10,54,77,76,34,135,162,194,134,18,9,3,8,46,66,59,27,101,122,149,101,14,7,5,12,63,85,86,38,147,175,208,140,19,9,0,0,0,0,0,0,0,0,0,0,0,0,3,10,48,66,66,30,113,133,164,111,14,8,5,13,63,81,79,38,148,171,213,142,16,10,6,13,68,99,92,40,159,189,228,154,20,13,5,12,64,85,86,39,153,176,208,145,19,10,3.88,9.75,50.75,69.88,68.0,30.75,119.5,141.0,170.5,115.88,15.0,8.25
Brick_0cm_S2,2026-04-25T09:50:15.672408,4,10,53,75,74,33,132,158,190,132,18,9,3,8,44,64,58,26,97,119,146,98,13,6,5,12,63,83,84,37,146,173,203,140,20,9,0,0,0,0,0,0,0,0,0,0,0,0,3,10,48,66,66,30,113,133,164,111,14,8,5,13,63,81,79,38,148,171,213,142,16,10,6,13,68,99,92,40,159,189,228,154,20,13,5,12,64,85,86,39,153,176,208,145,19,10,3.88,9.75,50.38,69.12,67.38,30.38,118.5,139.88,169.0,115.25,15.0,8.12
Brick_0cm_S2,2026-04-25T09:50:15.782945,4,9,52,72,73,32,130,155,188,130,17,9,3,8,44,64,58,26,97,119,146,98,13,6,5,12,63,83,84,37,146,173,203,140,20,9,0,0,0,0,0,0,0,0,0,0,0,0,4,10,51,68,68,30,120,140,171,118,15,8,5,13,63,83,81,38,148,175,214,141,17,10,6,14,69,100,94,41,162,193,234,160,20,13,5,12,64,85,86,39,153,176,208,145,19,10,4.0,9.75,50.75,69.38,68.0,30.38,119.5,141.38,170.5,116.5,15.12,8.12
Brick_0cm_S2,2026-04-25T09:50:15.902791,4,9,52,72,73,32,130,155,188,130,17,9,3,8,44,61,57,25,99,118,141,98,13,7,5,11,63,84,85,37,146,176,209,140,19,10,0,0,0,0,0,0,0,0,0,0,0,0,4,10,51,68,68,30,120,140,171,118,15,8,5,13,63,83,81,38,148,175,214,141,17,10,6,14,69,100,94,41,162,193,234,160,20,13,5,12,64,85,86,39,153,176,208,145,19,10,4.0,9.62,50.75,69.12,68.0,30.25,119.75,141.62,170.62,116.5,15.0,8.38
Brick_0cm_S2,2026-04-25T09:50:16.023816,4,9,52,72,73,32,130,155,188,130,17,9,3,8,44,61,57,25,99,118,141,98,13,7,5,11,63,84,85,37,146,176,209,140,19,10,0,0,0,0,0,0,0,0,0,0,0,0,3,10,50,67,66,29,117,138,170,117,15,8,5,12,61,81,80,36,146,172,209,142,17,10,6,14,69,99,94,41,163,195,236,160,20,13,5,12,63,85,86,39,152,175,207,143,19,11,3.88,9.5,50.25,68.62,67.62,29.88,119.12,141.12,170.0,116.25,15.0,8.5
Brick_0cm_S2,2026-04-25T09:50:16.142689,4,9,52,71,72,31,129,152,184,127,17,9,3,8,43,58,55,25,98,114,137,96,13,7,5,11,61,83,82,37,144,171,204,139,20,10,0,0,0,0,0,0,0,0,0,0,0,0,3,10,50,68,66,30,118,140,171,118,15,8,5,12,61,81,80,36,146,172,209,142,17,10,6,14,69,99,94,41,163,195,236,160,20,13,5,12,63,85,86,39,152,175,207,143,19,11,3.88,9.5,49.88,68.12,66.88,29.88,118.75,139.88,168.5,115.62,15.12,8.5
Brick_0cm_S2,2026-04-25T09:50:16.264106,4,9,52,73,73,32,130,155,188,130,17,9,3,8,43,58,55,25,98,114,137,96,13,7,5,11,61,83,82,37,144,171,204,139,20,10,0,0,0,0,0,0,0,0,0,0,0,0,3,10,50,68,66,30,118,140,171,118,15,8,5,12,60,80,78,36,144,170,207,141,17,10,6,14,69,99,93,41,163,195,237,160,20,13,5,12,64,86,87,39,152,175,208,144,19,11,3.88,9.5,49.88,68.38,66.75,30.0,118.62,140.0,169.0,116.0,15.12,8.5
Brick_0cm_S2,2026-04-25T09:50:16.390773,4,9,52,73,73,32,130,155,188,130,17,9,3,8,44,60,55,25,99,115,138,97,13,7,5,11,61,83,83,37,142,171,205,138,19,9,0,0,0,0,0,0,0,0,0,0,0,0,4,10,50,69,68,30,119,141,174,120,15,8,5,12,61,81,79,36,145,168,208,139,16,10,6,14,69,99,93,41,163,195,237,160,20,13,5,12,64,86,87,39,152,175,208,144,19,11,4.0,9.5,50.12,68.88,67.25,30.0,118.75,140.0,169.75,116.0,14.88,8.38
Brick_0cm_S2,2026-04-25T09:50:16.517291,4,10,52,73,73,32,130,155,189,131,17,9,3,8,44,61,56,25,98,117,140,97,13,6,5,11,61,82,83,37,144,174,204,140,19,10,0,0,0,0,0,0,0,0,0,0,0,0,4,10,50,69,68,30,119,141,174,120,15,8,5,12,61,81,79,36,145,168,208,139,16,10,6,14,69,100,93,41,162,193,234,159,20,13,5,12,63,85,86,39,152,176,208,144,19,10,4.0,9.62,50.0,68.88,67.25,30.0,118.75,140.5,169.62,116.25,14.88,8.25
Brick_0cm_S2,2026-04-25T09:50:16.642499,4,10,52,73,73,32,130,155,189,131,17,9,3,8,44,61,56,25,98,117,140,97,13,6,5,11,61,82,83,37,144,174,204,140,19,10,0,0,0,0,0,0,0,0,0,0,0,0,3,10,51,70,69,31,121,143,176,121,15,8,5,12,61,81,79,37,144,167,207,138,16,10,6,14,69,99,93,41,161,192,233,159,20,13,5,12,64,85,86,39,152,175,208,144,19,11,3.88,9.62,50.25,68.88,67.38,30.25,118.75,140.38,169.62,116.25,14.88,8.38
Brick_0cm_S2,2026-04-25T09:50:16.769982,4,9,52,73,73,32,130,156,189,131,17,9,3,8,44,60,56,25,97,116,139,97,13,6,5,11,61,82,83,36,143,172,203,139,19,9,0,0,0,0,0,0,0,0,0,0,0,0,3,10,51,70,69,31,121,143,176,121,15,8,5,12,61,81,79,37,144,167,207,138,16,10,6,14,69,99,93,41,161,192,233,159,20,13,5,12,64,85,86,39,152,175,208,144,19,11,3.88,9.5,50.25,68.75,67.38,30.12,118.5,140.12,169.38,116.12,14.88,8.25
Brick_0cm_S2,2026-04-25T09:50:16.887905,4,9,52,73,73,32,130,156,189,131,17,9,3,8,44,60,56,25,97,116,139,97,13,6,5,11,61,82,83,36,143,172,203,139,19,9,0,0,0,0,0,0,0,0,0,0,0,0,3,10,51,70,69,31,121,143,176,121,15,8,5,12,61,81,79,37,143,168,208,138,16,10,6,14,69,99,93,41,161,193,233,159,20,13,5,12,63,85,86,39,152,175,207,144,19,10,3.88,9.5,50.12,68.75,67.38,30.12,118.38,140.38,169.38,116.12,14.88,8.12
Brick_0cm_S2,2026-04-25T09:50:17.002127,4,9,52,73,73,32,130,155,188,131,18,9,3,8,43,60,56,25,97,116,139,96,13,6,5,11,61,82,83,36,143,172,203,139,19,9,0,0,0,0,0,0,0,0,0,0,0,0,3,10,51,70,69,31,121,143,176,121,15,8,5,12,61,81,79,37,143,168,208,138,16,10,6,14,69,99,93,41,161,193,233,159,20,13,5,12,63,85,86,39,152,175,207,144,19,10,3.88,9.5,50.0,68.75,67.38,30.12,118.38,140.25,169.25,116.0,15.0,8.12
Brick_0cm_S2,2026-04-25T09:50:17.109576,4,9,52,73,73,32,130,155,188,131,18,9,3,8,43,60,56,25,97,116,139,96,13,6,5,11,61,82,83,36,143,172,203,139,19,9,0,0,0,0,0,0,0,0,0,0,0,0,4,10,51,70,69,31,122,143,176,121,16,8,5,12,61,81,79,37,144,168,208,138,16,10,6,14,69,100,93,41,162,193,233,159,20,13,5,12,64,85,86,39,152,175,208,144,19,11,4.0,9.5,50.12,68.88,67.38,30.12,118.75,140.25,169.38,116.0,15.12,8.25
Brick_0cm_S2,2026-04-25T09:50:17.227785,4,10,53,73,73,32,131,156,189,131,17,9,3,8,43,60,56,25,97,116,139,97,13,6,5,11,61,82,83,36,143,173,203,139,19,9,0,0,0,0,0,0,0,0,0,0,0,0,4,10,51,70,69,31,122,143,176,121,16,8,5,12,61,81,79,37,144,168,208,138,16,10,6,14,69,100,93,41,162,193,233,159,20,13,5,12,64,85,86,39,152,175,208,144,19,11,4.0,9.62,50.25,68.88,67.38,30.12,118.88,140.5,169.5,116.12,15.0,8.25
Brick_0cm_S2,2026-04-25T09:50:17.356712,4,10,53,73,73,32,131,156,189,131,17,9,3,8,43,60,56,25,97,116,139,97,13,6,5,11,61,82,83,36,143,173,203,139,19,9,0,0,0,0,0,0,0,0,0,0,0,0,4,10,52,70,69,31,122,143,176,121,16,8,5,12,61,81,78,37,144,168,208,139,16,10,6,14,69,99,93,41,161,193,233,159,20,13,5,12,64,85,86,39,152,175,208,144,19,10,4.0,9.62,50.38,68.75,67.25,30.12,118.75,140.5,169.5,116.25,15.0,8.12
Brick_0cm_S2,2026-04-25T09:50:17.477582,4,10,53,73,73,32,131,156,189,131,17,9,3,8,43,60,56,25,97,117,139,96,13,7,5,11,61,82,83,36,143,172,203,139,19,9,0,0,0,0,0,0,0,0,0,0,0,0,4,10,52,70,69,31,122,143,176,121,16,8,5,12,61,81,78,37,144,168,208,139,16,10,6,14,69,99,93,41,161,193,233,159,20,13,5,12,64,85,86,39,152,175,208,144,19,10,4.0,9.62,50.38,68.75,67.25,30.12,118.75,140.5,169.5,116.12,15.0,8.25
Brick_0cm_S2,2026-04-25T09:50:17.594658,4,10,53,73,73,32,131,156,189,131,17,9,3,8,43,60,56,25,97,117,139,96,13,7,5,11,61,82,83,36,143,172,203,139,19,9,0,0,0,0,0,0,0,0,0,0,0,0,4,10,52,70,69,31,122,144,176,121,16,8,5,12,61,81,79,37,144,168,208,138,16,10,6,14,69,99,93,41,161,193,233,159,20,13,5,12,63,85,86,39,152,176,208,144,19,10,4.0,9.62,50.25,68.75,67.38,30.12,118.75,140.75,169.5,116.0,15.0,8.25
Brick_0cm_S2,2026-04-25T09:50:17.717824,4,10,53,73,73,33,131,156,189,131,17,9,3,8,43,60,56,25,97,116,139,97,13,6,5,11,61,82,83,36,143,173,203,139,19,9,0,0,0,0,0,0,0,0,0,0,0,0,4,10,52,70,69,31,122,144,176,121,16,8,5,12,61,81,79,37,144,168,208,138,16,10,6,14,69,99,93,41,161,193,233,159,20,13,5,12,63,85,86,39,152,176,208,144,19,10,4.0,9.62,50.25,68.75,67.38,30.25,118.75,140.75,169.5,116.12,15.0,8.12
Brick_0cm_S2,2026-04-25T09:50:17.840779,4,10,53,73,73,33,131,156,189,131,17,9,3,8,43,60,56,25,97,116,139,97,13,6,5,11,61,82,83,36,143,173,203,139,19,9,0,0,0,0,0,0,0,0,0,0,0,0,4,10,51,70,69,31,122,144,176,121,16,8,5,12,61,81,79,37,144,168,208,138,16,9,6,14,69,99,93,41,161,193,233,159,20,13,5,12,63,85,86,39,152,175,208,144,19,10,4.0,9.62,50.12,68.75,67.38,30.25,118.75,140.62,169.5,116.12,15.0,8.0
Brick_0cm_S2,2026-04-25T09:50:17.965979,4,9,53,73,73,32,131,156,189,131,17,9,3,8,43,60,56,25,97,117,139,97,13,6,5,11,61,82,83,37,143,173,203,139,19,9,0,0,0,0,0,0,0,0,0,0,0,0,4,10,51,70,69,31,122,143,176,121,16,8,5,12,61,81,79,37,144,168,208,138,16,9,6,14,69,99,93,41,161,193,233,159,20,13,5,12,63,85,86,39,152,175,208,144,19,10,4.0,9.5,50.12,68.75,67.38,30.25,118.75,140.62,169.5,116.12,15.0,8.0
Brick_0cm_S2,2026-04-25T09:50:18.090682,4,9,53,73,73,32,131,156,189,131,17,9,3,8,43,60,56,25,97,117,139,97,13,6,5,11,61,82,83,37,143,173,203,139,19,9,0,0,0,0,0,0,0,0,0,0,0,0,4,10,51,70,69,31,122,143,176,121,16,8,5,12,61,81,79,37,144,168,208,138,16,10,6,14,69,99,93,41,161,193,233,159,20,13,5,12,64,85,86,39,152,175,208,144,19,10,4.0,9.5,50.25,68.75,67.38,30.25,118.75,140.62,169.5,116.12,15.0,8.12
Brick_0cm_S2,2026-04-25T09:50:18.217122,4,9,53,73,73,32,131,156,189,131,17,9,3,8,42,60,56,25,97,117,139,97,13,6,5,11,61,82,83,36,143,172,203,139,19,9,0,0,0,0,0,0,0,0,0,0,0,0,4,10,51,70,69,31,122,143,176,121,16,9,5,12,61,81,79,37,144,168,208,138,16,10,6,14,69,99,93,41,161,193,233,159,20,13,5,12,64,85,86,39,152,175,208,144,19,10,4.0,9.5,50.12,68.75,67.38,30.12,118.75,140.5,169.5,116.12,15.0,8.25
Brick_0cm_S2,2026-04-25T09:50:18.342414,4,9,52,73,73,32,131,156,189,131,17,9,3,8,42,60,56,25,97,117,139,97,13,6,5,11,61,82,83,36,143,173,203,139,19,9,0,0,0,0,0,0,0,0,0,0,0,0,4,10,51,70,69,31,122,143,176,121,16,9,5,12,61,81,79,37,144,168,208,138,16,10,6,14,69,99,93,41,161,193,233,159,20,13,5,12,64,85,86,39,152,175,208,144,19,10,4.0,9.5,50.0,68.75,67.38,30.12,118.75,140.62,169.5,116.12,15.0,8.25
Brick_0cm_S2,2026-04-25T09:50:18.468348,4,9,52,73,73,32,131,156,189,131,17,9,3,8,42,60,56,25,97,117,139,97,13,6,5,11,61,82,83,36,143,173,203,139,19,9,0,0,0,0,0,0,0,0,0,0,0,0,3,10,51,70,69,31,122,143,176,121,15,8,5,12,60,81,78,37,144,168,208,138,16,10,6,13,69,99,93,41,161,193,233,159,20,13,5,12,64,85,86,39,152,175,208,144,19,10,3.88,9.38,49.88,68.75,67.25,30.12,118.75,140.62,169.5,116.12,14.88,8.12
Brick_0cm_S2,2026-04-25T09:50:18.611255,4,9,52,73,73,32,130,155,189,131,17,9,3,8,44,60,56,25,97,117,139,97,13,6,5,11,61,82,83,36,143,172,203,139,19,9,0,0,0,0,0,0,0,0,0,0,0,0,3,10,51,70,69,31,122,143,176,121,15,8,5,12,60,81,78,37,144,168,208,138,16,10,6,13,69,99,93,41,161,193,233,159,20,13,5,12,63,85,86,39,152,176,208,144,19,10,3.88,9.38,50.0,68.75,67.25,30.12,118.62,140.5,169.5,116.12,14.88,8.12
Brick_0cm_S2,2026-04-25T09:50:18.729627,4,9,52,73,73,32,130,155,189,131,17,9,3,8,44,60,56,25,97,117,139,97,13,6,5,11,61,82,83,36,143,172,203,139,19,9,0,0,0,0,0,0,0,0,0,0,0,0,4,10,51,70,69,31,122,143,176,121,16,8,5,12,61,81,79,37,144,168,208,138,16,10,6,14,69,99,93,41,161,193,233,159,20,13,5,12,63,85,86,39,152,176,208,144,19,10,4.0,9.5,50.12,68.75,67.38,30.12,118.62,140.5,169.5,116.12,15.0,8.12
Brick_0cm_S2,2026-04-25T09:50:18.846582,4,9,52,73,73,33,131,155,189,131,17,9,3,8,43,60,56,25,97,116,139,96,13,6,5,11,61,82,83,36,143,173,203,139,19,9,0,0,0,0,0,0,0,0,0,0,0,0,4,10,51,70,69,31,122,143,176,121,16,8,5,12,61,81,79,37,144,168,208,138,16,10,6,14,69,99,93,41,161,193,233,159,20,13,5,12,63,85,86,39,152,176,208,144,19,10,4.0,9.5,50.0,68.75,67.38,30.25,118.75,140.5,169.5,116.0,15.0,8.12
Brick_0cm_S2,2026-04-25T09:50:18.977151,4,9,52,73,73,33,131,155,189,131,17,9,3,8,43,60,56,25,97,116,139,96,13,6,5,11,61,82,83,36,143,173,203,139,19,9,0,0,0,0,0,0,0,0,0,0,0,0,4,10,51,70,69,31,122,143,176,121,16,8,5,12,61,81,79,37,144,168,208,138,16,10,6,14,69,99,93,41,161,193,233,159,20,13,5,12,63,85,86,39,152,176,208,144,19,10,4.0,9.5,50.0,68.75,67.38,30.25,118.75,140.5,169.5,116.0,15.0,8.12
Brick_0cm_S2,2026-04-25T09:50:19.101572,4,9,53,73,73,32,131,156,189,131,17,9,3,8,43,60,55,25,97,116,138,96,13,6,5,11,61,82,83,36,143,172,203,139,19,9,0,0,0,0,0,0,0,0,0,0,0,0,4,10,51,70,69,31,122,143,176,121,16,8,5,12,61,81,79,37,144,168,208,138,16,10,6,14,69,99,93,41,161,193,233,159,20,13,5,12,63,85,86,39,152,176,208,144,19,10,4.0,9.5,50.12,68.75,67.25,30.12,118.75,140.5,169.38,116.0,15.0,8.12
Brick_0cm_S2,2026-04-25T09:50:19.226713,4,9,53,73,73,32,131,156,189,131,17,9,3,8,43,60,55,25,97,116,138,96,13,6,5,11,61,82,83,36,143,172,203,139,19,9,0,0,0,0,0,0,0,0,0,0,0,0,4,10,51,70,69,31,122,143,176,121,16,8,5,12,61,81,79,37,144,168,208,138,16,10,6,14,69,99,93,41,161,193,233,159,20,13,5,12,63,85,86,39,152,175,208,144,19,11,4.0,9.5,50.12,68.75,67.25,30.12,118.75,140.38,169.38,116.0,15.0,8.25
Brick_0cm_S2,2026-04-25T09:50:19.350682,4,9,52,73,73,32,130,155,188,131,18,9,3,8,44,60,56,25,97,117,138,97,13,6,5,11,61,82,83,36,143,173,203,139,19,9,0,0,0,0,0,0,0,0,0,0,0,0,4,10,51,70,69,31,121,144,176,121,16,8,5,12,61,81,79,37,144,168,208,138,16,10,6,14,69,99,93,41,161,193,233,159,20,13,5,12,63,85,86,39,152,175,208,144,19,11,4.0,9.5,50.12,68.75,67.38,30.12,118.5,140.62,169.25,116.12,15.12,8.25
Brick_0cm_S2,2026-04-25T09:50:19.470535,4,9,52,73,73,32,130,155,188,131,18,9,3,8,44,60,56,25,97,117,138,97,13,6,5,11,61,82,83,36,143,173,203,139,19,9,0,0,0,0,0,0,0,0,0,0,0,0,4,10,51,70,69,31,121,144,176,121,16,8,5,12,61,81,78,37,144,168,208,138,16,10,6,14,69,100,93,41,161,193,233,159,20,13,5,12,63,85,86,39,152,176,208,144,19,11,4.0,9.5,50.12,68.88,67.25,30.12,118.5,140.75,169.25,116.12,15.12,8.25
Brick_0cm_S2,2026-04-25T09:50:19.591034,4,9,52,73,73,33,131,155,189,131,18,9,3,8,44,60,56,25,97,117,139,96,13,6,5,11,61,82,83,36,143,172,203,139,19,9,0,0,0,0,0,0,0,0,0,0,0,0,4,10,51,70,69,31,122,143,176,121,16,8,5,12,61,81,78,37,144,168,208,138,16,10,6,14,69,100,93,41,161,193,233,159,20,13,5,12,63,85,86,39,152,176,208,144,19,11,4.0,9.5,50.12,68.88,67.25,30.25,118.75,140.5,169.5,116.0,15.12,8.25
Brick_0cm_S2,2026-04-25T09:50:19.710718,4,9,52,73,73,33,130,156,189,131,17,9,3,8,44,60,56,25,97,117,139,96,13,6,5,11,61,82,83,36,143,172,203,139,19,9,0,0,0,0,0,0,0,0,0,0,0,0,4,10,51,70,69,31,122,143,176,121,16,8,5,12,61,81,79,37,144,168,208,138,16,10,6,14,69,99,93,41,161,193,233,158,20,13,5,12,64,85,86,39,152,176,208,144,19,11,4.0,9.5,50.25,68.75,67.38,30.25,118.62,140.62,169.5,115.88,15.0,8.25
Brick_0cm_S2,2026-04-25T09:50:19.829410,4,9,52,73,73,33,130,156,189,131,17,9,3,8,43,60,56,25,98,116,139,97,13,6,5,11,61,82,83,36,143,172,203,139,19,9,0,0,0,0,0,0,0,0,0,0,0,0,4,10,51,70,69,31,122,144,176,121,16,8,5,12,61,81,79,37,144,168,208,138,16,10,6,14,69,99,93,41,161,193,233,158,20,13,5,12,64,85,86,39,152,176,208,144,19,11,4.0,9.5,50.12,68.75,67.38,30.25,118.75,140.62,169.5,116.0,15.0,8.25
Brick_0cm_S2,2026-04-25T09:50:19.943166,4,10,52,73,73,32,130,156,189,131,17,9,3,8,43,60,56,25,98,116,139,97,13,6,5,11,61,82,83,36,143,172,203,139,19,9,0,0,0,0,0,0,0,0,0,0,0,0,4,10,51,70,69,31,122,144,176,121,16,8,5,12,61,81,78,37,144,168,207,139,16,10,6,14,69,99,93,41,162,193,233,159,20,13,5,12,64,85,86,39,152,175,208,144,19,10,4.0,9.62,50.12,68.75,67.25,30.12,118.88,140.5,169.38,116.25,15.0,8.12
Brick_0cm_S2,2026-04-25T09:50:20.069285,4,10,52,73,73,32,130,156,189,131,17,9,3,8,43,60,56,25,97,117,139,96,13,6,5,11,61,82,83,36,143,172,203,139,19,9,0,0,0,0,0,0,0,0,0,0,0,0,4,10,51,70,69,31,122,144,176,121,16,8,5,12,61,81,78,37,144,168,208,138,16,10,6,14,69,99,93,41,162,193,233,159,20,13,5,12,64,85,86,39,152,175,208,144,19,10,4.0,9.62,50.12,68.75,67.25,30.12,118.75,140.62,169.5,116.0,15.0,8.12
Brick_0cm_S2,2026-04-25T09:50:20.188330,4,9,52,73,73,32,130,156,189,131,17,9,3,8,43,60,55,25,98,116,139,96,13,6,5,11,61,82,83,36,143,172,203,139,19,9,0,0,0,0,0,0,0,0,0,0,0,0,4,10,51,70,69,31,122,144,176,121,16,8,5,12,61,81,78,37,144,168,208,138,16,10,6,13,69,99,93,41,161,193,233,159,20,13,5,12,63,85,86,39,152,176,208,144,19,10,4.0,9.38,50.0,68.75,67.12,30.12,118.75,140.62,169.5,116.0,15.0,8.12
Brick_0cm_S2,2026-04-25T09:50:20.304006,4,9,52,73,73,32,130,156,189,131,17,9,3,8,43,60,55,25,98,116,139,96,13,6,5,11,61,82,83,36,143,172,203,139,19,9,0,0,0,0,0,0,0,0,0,0,0,0,3,10,51,70,69,31,122,143,176,121,15,8,5,12,61,81,79,37,144,168,208,138,16,10,6,13,69,99,93,41,161,193,233,159,20,13,5,12,63,85,86,39,152,176,208,144,19,10,3.88,9.38,50.0,68.75,67.25,30.12,118.75,140.5,169.5,116.0,14.88,8.12
Brick_0cm_S2,2026-04-25T09:50:20.426278,4,10,52,73,73,32,130,156,189,131,17,9,3,8,43,60,56,25,97,117,139,97,13,6,5,11,61,82,83,36,143,172,203,139,19,9,0,0,0,0,0,0,0,0,0,0,0,0,3,10,51,70,69,31,122,143,176,121,15,8,5,12,61,81,79,37,144,168,208,138,16,10,6,14,69,99,93,41,161,193,233,159,20,13,5,12,64,85,86,39,152,176,208,144,19,10,3.88,9.62,50.12,68.75,67.38,30.12,118.62,140.62,169.5,116.12,14.88,8.12
Brick_0cm_S2,2026-04-25T09:50:20.543737,4,10,52,73,73,32,130,156,189,131,17,9,3,8,43,60,56,25,97,117,139,97,13,6,5,11,61,82,83,36,143,172,202,138,19,9,0,0,0,0,0,0,0,0,0,0,0,0,4,10,52,70,69,31,122,144,176,121,15,8,5,12,61,81,79,37,144,168,208,138,16,10,6,14,69,99,93,41,161,193,233,159,20,13,5,12,64,85,86,39,152,176,208,144,19,10,4.0,9.62,50.25,68.75,67.38,30.12,118.62,140.75,169.38,116.0,14.88,8.12
Brick_0cm_S2,2026-04-25T09:50:20.666950,4,10,52,73,73,32,131,155,189,131,17,9,3,8,43,60,55,25,97,117,139,97,13,6,5,11,61,82,83,36,143,173,203,139,19,9,0,0,0,0,0,0,0,0,0,0,0,0,4,10,52,70,69,31,122,144,176,121,15,8,5,12,61,81,79,37,144,168,208,138,16,10,6,14,69,99,93,41,161,193,233,159,20,13,5,12,63,85,86,39,152,176,208,144,19,10,4.0,9.62,50.12,68.75,67.25,30.12,118.75,140.75,169.5,116.12,14.88,8.12
Brick_0cm_S2,2026-04-25T09:50:20.792643,4,10,52,73,73,32,131,155,189,131,17,9,3,8,43,60,55,25,97,117,139,97,13,6,5,11,61,82,83,36,143,173,203,139,19,9,0,0,0,0,0,0,0,0,0,0,0,0,4,10,52,70,69,31,122,143,176,121,16,8,5,12,60,81,78,37,144,167,208,138,16,10,6,14,69,99,93,41,161,193,233,159,20,13,5,12,64,85,86,39,152,175,207,144,19,10,4.0,9.62,50.12,68.75,67.12,30.12,118.75,140.38,169.38,116.12,15.0,8.12
Brick_0cm_S2,2026-04-25T09:50:20.910275,4,10,52,73,73,32,130,156,189,131,17,9,3,8,43,60,56,25,97,116,139,96,13,6,5,11,61,82,83,36,143,172,203,139,19,9,0,0,0,0,0,0,0,0,0,0,0,0,4,10,52,70,69,31,122,143,176,121,16,8,5,12,60,81,78,37,144,167,208,138,16,10,6,14,69,99,93,41,161,193,233,159,20,13,5,12,64,85,86,39,152,175,207,144,19,10,4.0,9.62,50.12,68.75,67.25,30.12,118.62,140.25,169.38,116.0,15.0,8.12
Brick_0cm_S2,2026-04-25T09:50:21.032317,4,10,52,73,73,32,130,156,189,131,17,9,3,8,43,60,56,25,97,116,139,96,13,6,5,11,61,82,83,36,143,172,203,139,19,9,0,0,0,0,0,0,0,0,0,0,0,0,4,10,52,70,69,31,122,143,176,121,16,8,5,12,61,81,79,37,144,168,208,138,16,10,6,14,69,100,93,41,162,193,233,159,20,13,5,12,64,85,86,39,152,176,208,144,19,10,4.0,9.62,50.25,68.88,67.38,30.12,118.75,140.5,169.5,116.0,15.0,8.12
Brick_0cm_S2,2026-04-25T09:50:21.150491,4,9,52,73,73,32,130,156,189,131,17,9,3,8,43,60,56,25,97,116,139,96,13,6,5,11,61,82,83,36,143,172,203,138,19,9,0,0,0,0,0,0,0,0,0,0,0,0,4,10,52,70,69,31,122,143,176,121,16,8,5,12,61,81,79,37,144,168,208,138,16,10,6,14,69,100,93,41,162,193,233,159,20,13,5,12,64,85,86,39,152,176,208,144,19,10,4.0,9.5,50.25,68.88,67.38,30.12,118.75,140.5,169.5,115.88,15.0,8.12
Brick_0cm_S2,2026-04-25T09:50:21.265835,4,9,52,73,73,32,130,156,189,131,17,9,3,8,43,60,56,25,97,116,139,96,13,6,5,11,61,82,83,36,143,172,203,138,19,9,0,0,0,0,0,0,0,0,0,0,0,0,4,10,51,70,69,31,122,143,176,121,15,8,5,12,61,81,79,37,144,168,208,138,16,10,6,14,69,100,93,41,161,193,233,159,20,13,5,12,63,85,86,39,152,176,208,144,19,10,4.0,9.5,50.0,68.88,67.38,30.12,118.62,140.5,169.5,115.88,14.88,8.12
Brick_0cm_S2,2026-04-25T09:50:21.382983,4,9,53,73,73,32,130,156,189,131,18,9,3,8,43,60,56,25,98,117,139,97,13,7,5,11,61,82,83,37,143,172,203,139,19,9,0,0,0,0,0,0,0,0,0,0,0,0,4,10,51,70,69,31,122,143,176,121,15,8,5,12,61,81,79,37,144,168,208,138,16,10,6,14,69,100,93,41,161,193,233,159,20,13,5,12,63,85,86,39,152,176,208,144,19,10,4.0,9.5,50.12,68.88,67.38,30.25,118.75,140.62,169.5,116.12,15.0,8.25
Brick_0cm_S2,2026-04-25T09:50:21.498132,4,9,53,73,73,32,130,156,189,131,18,9,3,8,43,60,56,25,98,117,139,97,13,7,5,11,61,82,83,37,143,172,203,139,19,9,0,0,0,0,0,0,0,0,0,0,0,0,3,10,52,70,69,31,122,144,176,121,16,8,5,12,61,81,79,37,144,168,208,139,16,10,6,14,69,99,93,41,161,193,233,159,20,13,5,12,64,85,86,39,152,176,208,144,19,11,3.88,9.5,50.38,68.75,67.38,30.25,118.75,140.75,169.5,116.25,15.12,8.38
Brick_0cm_S2,2026-04-25T09:50:21.631226,4,9,52,73,73,32,130,155,189,132,17,9,3,8,43,60,56,25,97,117,139,96,13,7,5,11,61,82,83,36,143,172,203,139,19,9,0,0,0,0,0,0,0,0,0,0,0,0,3,10,52,70,69,31,122,144,176,121,16,8,5,12,61,81,79,37,144,168,208,139,16,10,6,14,69,99,93,41,161,193,233,159,20,13,5,12,64,85,86,39,152,176,208,144,19,11,3.88,9.5,50.25,68.75,67.38,30.12,118.62,140.62,169.5,116.25,15.0,8.38
Brick_0cm_S2,2026-04-25T09:50:21.752146,4,9,52,73,73,32,130,155,189,132,17,9,3,8,43,60,56,25,97,117,139,96,13,7,5,11,61,82,83,36,143,172,203,139,19,9,0,0,0,0,0,0,0,0,0,0,0,0,3,10,52,70,69,31,122,144,176,121,15,8,5,12,61,81,79,37,144,168,208,138,16,10,6,14,69,99,93,41,162,193,233,159,20,13,5,12,63,85,86,39,152,175,208,144,19,10,3.88,9.5,50.12,68.75,67.38,30.12,118.75,140.5,169.5,116.12,14.88,8.25
Brick_0cm_S2,2026-04-25T09:50:21.879478,4,9,52,73,73,32,131,156,189,131,17,9,3,8,44,60,56,25,97,116,139,96,13,6,5,11,61,82,83,36,143,172,203,139,19,9,0,0,0,0,0,0,0,0,0,0,0,0,3,10,52,70,69,31,122,144,176,121,15,8,5,12,61,81,79,37,144,168,208,138,16,10,6,14,69,99,93,41,162,193,233,159,20,13,5,12,63,85,86,39,152,175,208,144,19,10,3.88,9.5,50.25,68.75,67.38,30.12,118.88,140.5,169.5,116.0,14.88,8.12
Brick_0cm_S2,2026-04-25T09:50:22.005420,4,9,52,73,73,33,131,155,189,131,18,9,3,8,44,60,56,25,97,116,139,96,13,6,5,11,61,82,83,36,143,172,203,139,19,9,0,0,0,0,0,0,0,0,0,0,0,0,4,10,52,70,69,31,122,144,176,121,16,8,5,12,60,81,79,37,143,168,208,138,16,10,6,14,69,99,93,41,162,193,233,159,20,13,5,12,63,85,86,39,152,176,208,144,19,11,4.0,9.5,50.12,68.75,67.38,30.25,118.75,140.5,169.5,116.0,15.12,8.25
Brick_0cm_S2,2026-04-25T09:50:22.120954,4,9,52,73,73,33,131,155,189,131,18,9,3,8,44,60,56,25,97,116,139,96,13,6,5,11,61,82,83,36,143,172,203,138,19,9,0,0,0,0,0,0,0,0,0,0,0,0,4,10,52,70,69,31,122,144,176,121,16,8,5,12,61,81,79,37,144,168,208,138,16,10,6,14,69,99,93,41,162,193,233,159,20,13,5,12,63,85,86,39,152,176,208,144,19,11,4.0,9.5,50.25,68.75,67.38,30.25,118.88,140.5,169.5,115.88,15.12,8.25
Brick_0cm_S2,2026-04-25T09:50:22.239970,4,10,53,73,73,32,130,156,189,131,17,9,3,8,44,60,56,25,97,116,139,96,13,6,5,11,61,82,83,36,143,172,203,138,19,9,0,0,0,0,0,0,0,0,0,0,0,0,4,10,52,70,69,31,122,144,176,121,16,8,5,12,61,81,79,37,144,168,208,138,16,10,6,14,69,99,93,41,161,193,233,159,20,13,5,12,64,85,86,39,152,176,208,144,19,11,4.0,9.62,50.5,68.75,67.38,30.12,118.62,140.62,169.5,115.88,15.0,8.25
Brick_0cm_S2,2026-04-25T09:50:22.370332,4,10,53,73,73,32,130,156,189,131,17,9,3,8,43,60,56,25,97,117,138,96,13,7,5,11,61,82,83,36,143,172,203,139,19,9,0,0,0,0,0,0,0,0,0,0,0,0,4,10,52,70,69,31,122,143,176,121,15,8,5,12,61,81,79,37,144,168,208,138,16,10,6,14,69,99,93,41,161,193,233,159,20,13,5,12,64,85,86,39,152,176,208,144,19,11,4.0,9.62,50.38,68.75,67.38,30.12,118.62,140.62,169.38,116.0,14.88,8.38
Brick_0cm_S2,2026-04-25T09:50:22.498464,4,9,53,73,73,32,131,156,189,131,17,9,3,8,43,60,56,25,98,117,139,96,13,7,5,11,61,82,83,36,143,172,203,139,19,9,0,0,0,0,0,0,0,0,0,0,0,0,4,10,52,70,69,31,122,143,176,121,15,8,5,12,61,81,79,37,144,168,208,138,16,10,6,14,68,100,93,41,161,193,233,159,20,13,5,12,64,85,86,39,152,175,208,144,19,11,4.0,9.5,50.25,68.88,67.38,30.12,118.88,140.5,169.5,116.0,14.88,8.38
Brick_0cm_S2,2026-04-25T09:50:22.623273,4,9,53,73,73,32,131,156,189,131,17,9,3,8,43,60,56,25,98,117,139,96,13,7,5,11,61,82,83,36,143,172,203,139,19,9,0,0,0,0,0,0,0,0,0,0,0,0,3,10,52,70,69,31,122,144,176,121,16,8,5,12,61,81,79,37,144,168,208,138,16,10,6,14,69,99,93,41,161,193,233,159,20,13,5,12,63,85,86,39,152,176,208,144,19,10,3.88,9.5,50.25,68.75,67.38,30.12,118.88,140.75,169.5,116.0,15.0,8.25
Brick_0cm_S2,2026-04-25T09:50:22.754549,4,10,52,73,73,32,131,156,189,131,17,9,3,8,43,60,56,25,97,117,139,96,13,6,5,11,61,82,83,36,143,172,203,139,19,9,0,0,0,0,0,0,0,0,0,0,0,0,3,10,52,70,69,31,122,144,176,121,16,8,5,12,61,81,79,37,144,168,208,138,16,10,6,14,69,99,93,41,161,193,233,159,20,13,5,12,63,85,86,39,152,176,208,144,19,10,3.88,9.62,50.12,68.75,67.38,30.12,118.75,140.75,169.5,116.0,15.0,8.12
Brick_0cm_S2,2026-04-25T09:50:22.874647,4,10,52,73,73,32,131,156,189,131,17,9,3,8,43,60,56,25,97,117,139,96,13,6,5,11,61,82,83,36,143,172,203,139,19,9,0,0,0,0,0,0,0,0,0,0,0,0,3,10,51,70,69,31,122,144,176,121,16,8,4,12,60,81,79,37,144,168,208,138,16,10,6,14,69,100,93,41,161,193,233,159,20,13,5,12,64,85,86,39,152,176,208,144,19,11,3.75,9.62,50.0,68.88,67.38,30.12,118.75,140.75,169.5,116.0,15.0,8.25
Brick_0cm_S2,2026-04-25T09:50:23.002390,4,9,52,73,73,33,130,156,189,131,17,9,3,8,44,60,56,25,97,116,139,96,13,7,5,11,61,82,83,36,143,172,203,139,19,9,0,0,0,0,0,0,0,0,0,0,0,0,3,10,51,70,69,31,122,144,176,121,16,8,4,12,60,81,79,37,144,168,208,138,16,10,6,14,69,100,93,41,161,193,233,159,20,13,5,12,64,85,86,39,152,176,208,144,19,11,3.75,9.5,50.12,68.88,67.38,30.25,118.62,140.62,169.5,116.0,15.0,8.38
Brick_0cm_S2,2026-04-25T09:50:23.124725,4,9,52,73,73,33,130,156,189,131,17,9,3,8,44,60,56,25,97,116,139,96,13,7,5,11,61,82,83,36,143,172,203,139,19,9,0,0,0,0,0,0,0,0,0,0,0,0,4,10,51,71,69,31,122,143,176,121,15,8,5,12,61,81,78,37,144,168,208,138,16,10,6,14,69,99,93,41,162,193,233,159,20,13,5,12,63,85,86,39,152,175,207,144,19,10,4.0,9.5,50.12,68.88,67.25,30.25,118.75,140.38,169.38,116.0,14.88,8.25
Brick_0cm_S2,2026-04-25T09:50:23.244385,4,10,52,73,73,33,131,156,189,131,18,9,3,8,43,60,55,25,97,116,139,96,13,6,5,11,61,82,83,36,143,172,203,139,19,9,0,0,0,0,0,0,0,0,0,0,0,0,4,10,51,71,69,31,122,143,176,121,15,8,5,12,61,81,78,37,144,168,208,138,16,10,6,14,69,99,93,41,162,193,233,159,20,13,5,12,63,85,86,39,152,175,207,144,19,10,4.0,9.62,50.0,68.88,67.12,30.25,118.88,140.38,169.38,116.0,15.0,8.12
Brick_0cm_S2,2026-04-25T09:50:23.359390,4,10,52,73,73,33,131,156,189,131,18,9,3,8,43,60,55,25,97,116,139,96,13,6,5,11,61,82,83,36,143,172,203,139,19,9,0,0,0,0,0,0,0,0,0,0,0,0,4,10,52,70,69,31,122,144,176,121,16,8,5,12,61,81,79,37,144,167,208,138,16,10,6,14,69,99,93,41,161,193,233,159,20,13,5,12,64,85,86,39,152,176,208,144,19,10,4.0,9.62,50.25,68.75,67.25,30.25,118.75,140.5,169.5,116.0,15.12,8.12
Brick_0cm_S2,2026-04-25T09:50:23.512633,4,9,52,73,73,32,131,156,189,131,18,9,3,8,44,60,56,25,97,117,139,96,13,6,5,11,61,82,83,36,143,173,203,139,19,9,0,0,0,0,0,0,0,0,0,0,0,0,4,10,52,70,69,31,122,144,176,121,16,8,5,12,61,81,79,37,144,167,208,138,16,10,6,14,69,99,93,41,161,193,233,159,20,13,5,12,64,85,86,39,152,176,208,144,19,10,4.0,9.5,50.38,68.75,67.38,30.12,118.75,140.75,169.5,116.0,15.12,8.12
Brick_0cm_S2,2026-04-25T09:50:23.630746,4,9,52,73,73,32,131,156,189,131,18,9,3,8,43,60,56,25,97,116,139,96,13,6,5,11,61,82,83,36,143,173,203,139,19,9,0,0,0,0,0,0,0,0,0,0,0,0,4,10,52,70,69,31,122,144,176,121,16,8,5,12,61,81,79,37,144,168,208,138,16,10,6,14,69,100,93,41,161,193,233,159,20,13,5,12,64,85,86,39,152,176,207,144,19,11,4.0,9.5,50.25,68.88,67.38,30.12,118.75,140.75,169.38,116.0,15.12,8.25
Brick_0cm_S2,2026-04-25T09:50:23.752250,4,9,52,73,73,32,131,156,189,131,18,9,3,8,43,60,56,25,97,116,139,96,13,6,5,11,61,82,83,36,143,173,203,139,19,9,0,0,0,0,0,0,0,0,0,0,0,0,4,10,52,70,69,31,122,144,176,121,16,8,5,12,61,81,78,37,144,168,207,138,16,10,6,14,69,99,93,41,162,193,233,159,20,13,5,12,64,85,86,39,152,176,207,144,19,11,4.0,9.5,50.25,68.75,67.25,30.12,118.88,140.75,169.25,116.0,15.12,8.25
Brick_0cm_S2,2026-04-25T09:50:23.870913,4,9,52,73,73,32,131,155,189,131,17,9,3,8,44,60,56,25,98,117,139,97,13,6,5,11,61,82,83,37,143,172,203,139,19,9,0,0,0,0,0,0,0,0,0,0,0,0,4,10,52,70,69,31,122,144,176,121,16,8,5,12,61,81,78,37,144,168,207,138,16,10,6,14,69,99,93,41,162,193,233,159,20,13,5,12,64,85,86,39,152,176,208,144,19,10,4.0,9.5,50.38,68.75,67.25,30.25,119.0,140.62,169.38,116.12,15.0,8.12
Brick_0cm_S2,2026-04-25T09:50:24.000952,4,9,52,73,73,32,131,155,189,131,17,9,3,8,44,60,56,25,98,117,139,97,13,6,5,11,61,82,83,37,143,172,203,139,19,9,0,0,0,0,0,0,0,0,0,0,0,0,4,10,52,70,69,31,122,144,176,121,16,8,5,12,61,81,79,37,144,167,207,138,16,9,6,14,69,99,93,41,161,193,233,159,20,13,5,12,64,85,86,39,152,176,208,144,19,11,4.0,9.5,50.38,68.75,67.38,30.25,118.88,140.5,169.38,116.12,15.0,8.12
Brick_0cm_S2,2026-04-25T09:50:24.128754,4,9,52,73,73,32,130,156,188,131,17,9,3,8,43,60,56,25,98,117,139,97,13,6,5,11,61,82,83,36,143,172,203,139,19,9,0,0,0,0,0,0,0,0,0,0,0,0,4,10,52,70,69,31,122,144,176,121,16,8,5,12,61,81,79,37,144,167,207,138,16,9,6,14,69,99,93,41,161,193,233,159,20,13,5,12,64,85,86,39,152,176,208,144,19,11,4.0,9.5,50.25,68.75,67.38,30.12,118.75,140.62,169.25,116.12,15.0,8.12
Brick_0cm_S2,2026-04-25T09:50:24.251163,4,9,52,73,73,32,130,156,188,131,17,9,3,8,43,60,56,25,98,117,139,97,13,6,5,11,61,82,83,36,143,172,203,139,19,9,0,0,0,0,0,0,0,0,0,0,0,0,4,10,51,70,69,31,122,143,176,121,16,8,5,12,61,81,79,37,144,168,208,138,16,10,6,14,69,99,93,41,162,193,233,159,20,13,5,12,63,85,86,39,152,175,208,144,19,10,4.0,9.5,50.0,68.75,67.38,30.12,118.88,140.5,169.38,116.12,15.0,8.12
Brick_0cm_S2,2026-04-25T09:50:24.373703,4,9,52,73,73,32,131,156,189,131,18,9,3,8,43,60,56,25,98,116,139,96,13,7,5,11,61,82,83,36,143,172,203,138,19,9,0,0,0,0,0,0,0,0,0,0,0,0,4,10,51,70,69,31,122,143,176,121,16,8,5,12,61,81,79,37,144,168,208,138,16,10,6,14,69,99,93,41,162,193,233,159,20,13,5,12,63,85,86,39,152,175,208,144,19,10,4.0,9.5,50.0,68.75,67.38,30.12,119.0,140.38,169.5,115.88,15.12,8.25
Brick_0cm_S2,2026-04-25T09:50:24.502890,4,9,52,73,73,32,131,156,189,131,18,9,3,8,43,60,56,25,98,116,139,96,13,7,5,11,61,82,83,36,143,172,203,138,19,9,0,0,0,0,0,0,0,0,0,0,0,0,4,10,51,70,69,31,122,144,176,121,16,8,5,12,61,81,79,37,144,168,208,138,16,10,6,14,69,100,93,41,161,193,233,159,20,13,5,12,63,85,86,39,151,176,207,144,19,10,4.0,9.5,50.0,68.88,67.38,30.12,118.75,140.62,169.38,115.88,15.12,8.25
Brick_0cm_S2,2026-04-25T09:50:24.624414,4,10,52,73,73,32,130,156,189,131,17,9,3,8,44,60,56,25,97,117,139,97,13,6,5,11,61,82,83,36,143,172,203,139,19,9,0,0,0,0,0,0,0,0,0,0,0,0,4,10,51,70,69,31,122,144,176,121,16,8,5,12,61,81,79,37,144,168,208,138,16,10,6,14,69,100,93,41,161,193,233,159,20,13,5,12,63,85,86,39,151,176,207,144,19,10,4.0,9.62,50.12,68.88,67.38,30.12,118.5,140.75,169.38,116.12,15.0,8.12
Brick_0cm_S2,2026-04-25T09:50:24.736760,4,10,52,73,73,32,130,156,189,131,17,9,3,8,44,60,56,25,97,117,139,97,13,6,5,11,61,82,83,36,143,172,203,139,19,9,0,0,0,0,0,0,0,0,0,0,0,0,4,10,51,70,69,31,122,144,176,121,16,8,5,12,61,81,79,37,144,167,208,138,16,9,6,14,69,99,93,41,161,192,233,159,20,13,5,12,64,85,86,39,152,175,208,144,19,10,4.0,9.62,50.25,68.75,67.38,30.12,118.62,140.38,169.5,116.12,15.0,8.0
Brick_0cm_S2,2026-04-25T09:50:24.854016,4,9,52,73,73,33,131,156,189,131,17,9,3,8,44,60,56,25,97,117,139,97,13,6,5,11,61,82,83,36,143,172,203,139,19,9,0,0,0,0,0,0,0,0,0,0,0,0,4,10,51,70,69,31,122,144,176,121,16,8,5,12,61,81,79,37,144,167,208,138,16,9,6,14,69,99,93,41,161,192,233,159,20,13,5,12,64,85,86,39,152,175,208,144,19,10,4.0,9.5,50.25,68.75,67.38,30.25,118.75,140.38,169.5,116.12,15.0,8.0
Brick_0cm_S2,2026-04-25T09:50:24.965584,4,9,52,73,73,33,131,156,189,131,17,9,3,8,44,60,55,25,97,117,138,97,13,6,5,11,61,82,83,36,143,172,203,139,19,9,0,0,0,0,0,0,0,0,0,0,0,0,4,10,52,70,69,31,122,143,176,121,16,8,5,12,61,81,79,37,144,168,208,138,16,10,6,14,69,99,93,41,161,193,233,159,20,13,5,12,63,85,86,39,152,175,208,144,19,10,4.0,9.5,50.25,68.75,67.25,30.25,118.75,140.5,169.38,116.12,15.0,8.12
Brick_0cm_S2,2026-04-25T09:50:25.085674,4,9,52,73,73,32,130,156,189,131,17,9,3,8,44,60,56,25,97,116,139,96,13,6,5,11,61,82,83,36,143,172,203,139,19,9,0,0,0,0,0,0,0,0,0,0,0,0,4,10,52,70,69,31,122,143,176,121,16,8,5,12,61,81,79,37,144,168,208,138,16,10,6,14,69,99,93,41,161,193,233,159,20,13,5,12,63,85,86,39,152,175,208,144,19,10,4.0,9.5,50.25,68.75,67.38,30.12,118.62,140.38,169.5,116.0,15.0,8.12
Brick_0cm_S2,2026-04-25T09:50:25.202252,4,9,52,73,73,32,130,156,189,131,17,9,3,8,44,60,56,25,97,116,139,96,13,6,5,11,61,82,83,36,143,172,203,139,19,9,0,0,0,0,0,0,0,0,0,0,0,0,4,10,51,70,69,31,122,143,176,121,16,8,5,12,61,81,78,37,144,168,208,138,16,10,6,14,69,99,93,41,161,193,233,158,20,13,5,12,64,85,86,39,152,175,207,144,19,10,4.0,9.5,50.25,68.75,67.25,30.12,118.62,140.38,169.38,115.88,15.0,8.12
Brick_0cm_S2,2026-04-25T09:50:25.323731,4,9,52,73,73,32,131,156,189,131,17,9,3,8,43,60,56,25,97,117,139,96,13,6,5,11,61,82,83,36,143,172,203,139,19,9,0,0,0,0,0,0,0,0,0,0,0,0,4,10,51,70,69,31,122,143,176,121,16,8,5,12,61,81,78,37,144,168,208,138,16,10,6,14,69,99,93,41,161,193,233,158,20,13,5,12,64,85,86,39,152,175,207,144,19,10,4.0,9.5,50.12,68.75,67.25,30.12,118.75,140.5,169.38,115.88,15.0,8.12
Brick_0cm_S2,2026-04-25T09:50:25.434701,4,9,52,73,73,32,131,156,189,131,17,9,3,8,43,60,56,25,97,117,139,96,13,6,5,11,61,82,83,36,143,172,203,139,19,9,0,0,0,0,0,0,0,0,0,0,0,0,4,10,51,70,69,31,122,144,176,121,16,8,5,12,61,81,78,37,144,168,208,138,16,10,6,14,69,100,93,41,161,192,233,159,20,13,5,12,63,85,86,39,152,175,208,144,19,10,4.0,9.5,50.0,68.88,67.25,30.12,118.75,140.5,169.5,116.0,15.0,8.12
Brick_0cm_S2,2026-04-25T09:50:25.560999,4,9,52,73,73,32,131,156,189,131,17,9,3,8,43,60,56,25,97,117,139,96,13,6,5,11,61,82,83,36,143,172,203,139,19,9,0,0,0,0,0,0,0,0,0,0,0,0,4,10,51,70,69,31,122,144,176,121,16,8,5,12,61,81,78,37,144,168,208,138,16,10,6,14,69,100,93,41,161,192,233,159,20,13,5,12,63,85,86,39,152,175,208,144,19,10,4.0,9.5,50.0,68.88,67.25,30.12,118.75,140.5,169.5,116.0,15.0,8.12
Brick_0cm_S2,2026-04-25T09:50:25.687666,4,9,52,73,73,32,131,156,189,131,17,9,3,8,43,60,56,25,97,117,139,97,13,6,5,11,61,82,83,36,143,172,203,139,19,9,0,0,0,0,0,0,0,0,0,0,0,0,4,10,52,70,69,31,122,144,176,121,15,8,5,12,61,81,79,37,144,168,207,138,16,10,6,14,69,99,93,41,161,193,233,159,20,13,5,12,63,85,86,39,152,176,208,144,19,10,4.0,9.5,50.12,68.75,67.38,30.12,118.75,140.75,169.38,116.12,14.88,8.12
Brick_0cm_S2,2026-04-25T09:50:25.812493,4,9,52,73,73,32,131,156,189,131,17,9,3,8,43,60,56,25,97,117,139,97,13,6,5,11,61,82,83,36,143,172,203,139,19,9,0,0,0,0,0,0,0,0,0,0,0,0,4,10,52,70,69,31,122,143,176,121,16,8,5,12,61,81,79,37,144,168,207,138,16,10,6,14,69,99,93,41,161,193,233,159,20,13,5,12,63,85,86,39,152,176,208,144,19,10,4.0,9.5,50.12,68.75,67.38,30.12,118.75,140.62,169.38,116.12,15.0,8.12
Brick_0cm_S2,2026-04-25T09:50:25.929325,4,9,52,73,73,32,130,155,189,131,17,9,3,8,44,60,56,25,97,117,139,96,13,7,5,11,61,82,83,36,143,172,203,139,19,9,0,0,0,0,0,0,0,0,0,0,0,0,4,10,52,70,69,31,122,143,176,121,16,8,5,12,61,81,79,37,144,168,207,138,16,10,6,14,69,99,93,41,161,192,233,159,20,13,5,12,63,85,86,39,152,175,207,144,19,11,4.0,9.5,50.25,68.75,67.38,30.12,118.62,140.25,169.25,116.0,15.0,8.38
Brick_0cm_S2,2026-04-25T09:50:26.049743,4,9,52,73,73,32,130,155,189,131,17,9,3,8,44,60,56,25,97,117,139,96,13,7,5,11,61,82,83,36,143,172,203,139,19,9,0,0,0,0,0,0,0,0,0,0,0,0,4,10,52,70,69,31,122,143,176,121,16,8,5,12,61,81,79,37,144,168,207,138,16,10,6,14,69,99,93,41,161,192,233,159,20,13,5,12,63,85,86,39,152,175,207,144,19,11,4.0,9.5,50.25,68.75,67.38,30.12,118.62,140.25,169.25,116.0,15.0,8.38
Brick_0cm_S2,2026-04-25T09:50:26.169426,4,10,52,73,73,33,131,156,189,131,17,9,3,8,43,60,56,25,97,117,139,96,13,7,5,11,61,82,83,36,143,172,203,138,19,9,0,0,0,0,0,0,0,0,0,0,0,0,4,10,51,70,69,31,122,143,176,121,16,8,5,12,61,81,78,37,143,167,207,139,16,9,6,14,69,99,93,41,161,193,233,159,20,13,5,12,63,85,86,39,152,176,208,144,19,10,4.0,9.62,50.0,68.75,67.25,30.25,118.62,140.5,169.38,116.0,15.0,8.12
Brick_0cm_S2,2026-04-25T09:50:26.294408,4,10,52,73,73,33,131,156,189,131,17,9,3,8,43,60,56,25,97,117,139,96,13,7,5,11,61,82,83,36,143,172,203,138,19,9,0,0,0,0,0,0,0,0,0,0,0,0,4,10,51,70,69,31,122,143,176,121,16,8,5,12,61,81,78,37,143,167,207,139,16,9,6,14,69,99,93,41,161,193,233,159,20,13,5,12,63,85,86,39,152,176,208,144,19,10,4.0,9.62,50.0,68.75,67.25,30.25,118.62,140.5,169.38,116.0,15.0,8.12
Brick_0cm_S2,2026-04-25T09:50:26.404972,4,10,52,73,73,32,131,156,189,131,17,9,3,8,43,60,56,25,97,117,139,96,13,6,5,11,61,82,83,36,143,173,203,139,19,9,0,0,0,0,0,0,0,0,0,0,0,0,4,10,51,70,69,31,122,144,176,121,16,8,4,12,61,81,78,37,144,168,207,138,16,10,6,14,69,100,93,41,162,192,233,159,20,13,5,12,63,85,86,39,152,175,207,144,19,11,3.88,9.62,50.0,68.88,67.25,30.12,118.88,140.62,169.25,116.0,15.0,8.25
Brick_0cm_S2,2026-04-25T09:50:26.523060,4,10,52,73,73,32,131,156,189,131,17,9,3,8,43,60,56,25,97,117,139,96,13,6,5,11,61,82,83,36,143,173,203,139,19,9,0,0,0,0,0,0,0,0,0,0,0,0,4,10,51,70,69,31,122,144,176,121,16,8,4,12,61,81,78,37,144,168,207,138,16,10,6,14,69,100,93,41,162,192,233,159,20,13,5,12,63,85,86,39,152,175,207,144,19,11,3.88,9.62,50.0,68.88,67.25,30.12,118.88,140.62,169.25,116.0,15.0,8.25
Brick_0cm_S2,2026-04-25T09:50:26.638488,4,9,53,73,73,32,131,156,189,131,18,9,3,8,43,60,56,25,97,117,138,96,13,6,5,11,61,82,83,36,143,173,203,139,19,9,0,0,0,0,0,0,0,0,0,0,0,0,4,10,52,70,69,31,122,144,176,121,16,8,4,12,61,81,78,37,144,168,207,138,16,10,6,14,69,99,93,41,162,193,233,159,20,13,5,12,63,85,86,39,152,176,207,144,19,11,3.88,9.5,50.25,68.75,67.25,30.12,118.88,140.88,169.12,116.0,15.12,8.25
Brick_0cm_S2,2026-04-25T09:50:26.758383,4,9,53,73,73,32,131,156,189,131,18,9,3,8,43,60,56,25,97,117,138,96,13,6,5,11,61,82,83,36,143,173,203,139,19,9,0,0,0,0,0,0,0,0,0,0,0,0,4,10,51,70,69,31,122,143,176,121,16,8,5,12,61,81,79,37,144,167,208,138,16,10,6,14,69,99,92,41,161,193,233,159,20,13,5,12,64,85,86,39,152,176,208,144,19,11,4.0,9.5,50.25,68.75,67.25,30.12,118.75,140.62,169.38,116.0,15.12,8.25
Brick_0cm_S2,2026-04-25T09:50:26.870014,4,10,52,73,73,32,131,156,189,131,17,9,3,8,43,60,56,25,97,117,138,96,13,6,5,11,61,82,83,36,143,173,203,139,19,9,0,0,0,0,0,0,0,0,0,0,0,0,4,10,51,70,69,31,122,143,176,121,16,8,5,12,61,81,79,37,144,167,208,138,16,10,6,14,69,99,92,41,161,193,233,159,20,13,5,12,64,85,86,39,152,176,208,144,19,11,4.0,9.62,50.12,68.75,67.25,30.12,118.75,140.62,169.38,116.0,15.0,8.25
Brick_0cm_S2,2026-04-25T09:50:26.980503,4,10,52,73,73,32,131,156,189,131,17,9,3,8,44,60,56,25,97,117,139,96,13,6,5,11,61,82,83,36,143,172,203,139,19,9,0,0,0,0,0,0,0,0,0,0,0,0,3,10,52,70,69,31,122,144,176,121,16,8,5,12,61,81,78,37,143,168,208,138,16,10,6,14,69,99,93,41,161,193,233,159,20,13,5,12,63,85,86,39,152,176,208,144,19,11,3.88,9.62,50.25,68.75,67.25,30.12,118.62,140.75,169.5,116.0,15.0,8.25
Brick_0cm_S2,2026-04-25T09:50:27.096754,4,10,52,73,73,32,131,156,189,131,17,9,3,8,44,60,56,25,97,117,139,96,13,6,5,11,61,82,83,36,143,172,203,139,19,9,0,0,0,0,0,0,0,0,0,0,0,0,3,10,52,70,69,31,122,144,176,121,16,8,5,12,61,81,78,37,143,168,208,138,16,10,6,14,69,99,93,41,161,193,233,159,20,13,5,12,63,85,86,39,152,176,208,144,19,11,3.88,9.62,50.25,68.75,67.25,30.12,118.62,140.75,169.5,116.0,15.0,8.25
Brick_0cm_S2,2026-04-25T09:50:27.217129,4,10,52,73,73,32,131,156,189,131,17,9,3,8,43,60,55,25,97,116,139,96,13,6,5,11,61,82,83,36,143,173,203,139,19,9,0,0,0,0,0,0,0,0,0,0,0,0,4,10,52,70,69,31,122,143,176,121,16,8,5,12,61,81,79,37,144,168,208,138,16,10,6,14,69,99,93,41,161,192,233,159,20,13,5,12,63,85,86,39,152,176,208,144,19,11,4.0,9.62,50.12,68.75,67.25,30.12,118.75,140.5,169.5,116.0,15.0,8.25
Brick_0cm_S2,2026-04-25T09:50:27.347079,4,9,53,73,73,32,130,156,189,131,17,9,3,8,43,60,56,25,97,116,139,96,13,6,5,11,61,82,83,36,143,172,203,139,19,9,0,0,0,0,0,0,0,0,0,0,0,0,4,10,52,70,69,31,122,143,176,121,16,8,5,12,61,81,79,37,144,168,208,138,16,10,6,14,69,99,93,41,161,192,233,159,20,13,5,12,63,85,86,39,152,176,208,144,19,11,4.0,9.5,50.25,68.75,67.38,30.12,118.62,140.38,169.5,116.0,15.0,8.25
Brick_0cm_S2,2026-04-25T09:50:27.471303,4,9,53,73,73,32,130,156,189,131,17,9,3,8,43,60,56,25,97,116,139,96,13,6,5,11,61,82,83,36,143,172,203,139,19,9,0,0,0,0,0,0,0,0,0,0,0,0,4,10,51,70,69,31,122,143,176,121,16,8,5,12,60,81,78,37,144,168,208,138,16,10,6,14,69,99,93,41,161,193,233,159,20,13,5,12,63,85,86,39,152,176,208,144,19,11,4.0,9.5,50.0,68.75,67.25,30.12,118.62,140.5,169.5,116.0,15.0,8.25
Brick_0cm_S2,2026-04-25T09:50:27.599355,4,9,53,73,73,33,130,156,189,131,17,9,3,8,43,60,56,25,97,116,139,96,13,6,5,11,61,82,83,36,143,172,203,139,19,9,0,0,0,0,0,0,0,0,0,0,0,0,4,10,51,70,69,31,122,143,176,121,16,8,5,12,60,81,78,37,144,168,208,138,16,10,6,14,69,99,93,41,161,193,233,159,20,13,5,12,64,85,86,39,152,176,207,144,19,10,4.0,9.5,50.12,68.75,67.25,30.25,118.62,140.5,169.38,116.0,15.0,8.12
Brick_0cm_S2,2026-04-25T09:50:27.722393,4,9,53,73,73,33,130,156,189,131,17,9,3,8,43,60,56,25,97,116,139,96,13,6,5,11,61,82,83,36,143,172,203,139,19,9,0,0,0,0,0,0,0,0,0,0,0,0,4,10,52,70,69,31,122,144,176,121,16,8,5,12,61,81,79,37,144,168,208,138,16,10,6,14,69,99,93,41,161,193,233,159,20,13,5,12,64,85,86,39,152,176,207,144,19,10,4.0,9.5,50.38,68.75,67.38,30.25,118.62,140.62,169.38,116.0,15.0,8.12
Brick_0cm_S2,2026-04-25T09:50:27.851013,4,10,52,73,73,32,131,156,189,131,17,9,3,8,44,60,56,25,98,117,139,96,13,6,5,11,61,82,83,36,143,172,203,139,19,9,0,0,0,0,0,0,0,0,0,0,0,0,4,10,52,70,69,31,122,144,176,121,16,8,5,12,61,81,79,37,144,168,208,138,16,10,6,14,69,99,93,41,161,193,233,159,20,13,5,12,64,85,86,39,152,176,207,145,19,10,4.0,9.62,50.38,68.75,67.38,30.12,118.88,140.75,169.38,116.12,15.0,8.12
Brick_0cm_S2,2026-04-25T09:50:27.972134,4,10,52,73,73,32,131,156,189,131,17,9,3,8,44,60,56,25,98,117,139,96,13,6,5,11,61,82,83,36,143,172,203,139,19,9,0,0,0,0,0,0,0,0,0,0,0,0,4,10,52,70,69,31,122,144,176,121,16,8,5,12,61,81,79,37,144,168,207,138,16,9,6,14,69,99,93,41,162,192,233,159,20,13,5,12,63,85,86,39,152,175,208,144,19,10,4.0,9.62,50.25,68.75,67.38,30.12,119.0,140.5,169.38,116.0,15.0,8.0
Brick_0cm_S2,2026-04-25T09:50:28.100403,4,10,52,73,73,32,131,156,188,131,17,9,3,8,44,60,56,25,98,117,139,97,13,6,5,11,61,82,83,36,143,172,203,139,19,9,0,0,0,0,0,0,0,0,0,0,0,0,4,10,52,70,69,31,122,144,176,121,16,8,5,12,61,81,79,37,144,168,207,138,16,9,6,14,69,99,93,41,162,192,233,159,20,13,5,12,63,85,86,39,152,175,208,144,19,10,4.0,9.62,50.25,68.75,67.38,30.12,119.0,140.5,169.25,116.12,15.0,8.0
Brick_0cm_S2,2026-04-25T09:50:28.215900,4,9,53,73,73,32,130,156,189,131,17,9,3,8,44,60,56,25,97,117,139,97,13,6,5,11,61,82,83,36,143,172,203,139,19,9,0,0,0,0,0,0,0,0,0,0,0,0,4,10,52,70,69,31,122,143,176,121,16,8,5,12,61,81,79,37,144,168,208,138,16,10,6,14,69,99,93,41,161,193,233,159,20,13,5,12,63,85,86,39,152,176,208,144,19,10,4.0,9.5,50.38,68.75,67.38,30.12,118.62,140.62,169.5,116.12,15.0,8.12
Brick_0cm_S2,2026-04-25T09:50:28.326347,4,9,53,73,73,32,130,156,189,131,17,9,3,8,44,60,56,25,97,117,139,97,13,6,5,11,61,82,83,36,143,172,203,139,19,9,0,0,0,0,0,0,0,0,0,0,0,0,4,10,52,70,69,31,122,143,176,121,16,8,5,12,61,81,79,37,144,168,208,138,16,10,6,14,69,99,93,41,161,193,233,159,20,13,5,12,63,85,86,39,152,176,208,144,19,10,4.0,9.5,50.38,68.75,67.38,30.12,118.62,140.62,169.5,116.12,15.0,8.12
Brick_0cm_S2,2026-04-25T09:50:28.434216,4,9,52,73,73,32,131,156,189,131,17,9,3,8,43,60,56,25,97,116,139,96,13,6,5,11,61,82,83,36,143,172,203,139,19,9,0,0,0,0,0,0,0,0,0,0,0,0,4,10,51,70,69,31,122,144,176,121,16,9,5,12,60,81,79,37,144,168,208,138,16,10,6,14,69,99,93,41,161,192,233,159,20,13,5,12,64,85,86,39,152,175,208,144,19,10,4.0,9.5,50.0,68.75,67.38,30.12,118.75,140.38,169.5,116.0,15.0,8.25
Brick_0cm_S2,2026-04-25T09:50:28.549931,4,9,52,73,73,32,131,156,189,131,17,9,3,8,43,60,56,25,97,116,139,96,13,6,5,11,61,82,83,36,143,172,203,139,19,9,0,0,0,0,0,0,0,0,0,0,0,0,4,10,51,70,69,31,122,144,176,121,16,9,5,12,60,81,79,37,144,168,208,138,16,10,6,14,69,99,93,41,161,192,233,159,20,13,5,12,64,85,86,39,152,175,208,144,19,10,4.0,9.5,50.0,68.75,67.38,30.12,118.75,140.38,169.5,116.0,15.0,8.25
Brick_0cm_S2,2026-04-25T09:50:28.697506,4,9,52,73,73,32,130,155,189,131,17,9,3,8,43,60,56,25,97,117,139,97,13,6,5,11,61,82,83,36,143,172,203,138,19,9,0,0,0,0,0,0,0,0,0,0,0,0,4,10,51,70,69,31,122,144,176,121,16,8,5,12,60,81,79,37,144,168,208,138,16,10,6,14,69,99,93,41,161,193,233,159,20,13,5,12,64,85,86,39,152,175,208,144,19,10,4.0,9.5,50.0,68.75,67.38,30.12,118.62,140.5,169.5,116.0,15.0,8.12
Brick_0cm_S2,2026-04-25T09:50:28.808672,4,9,52,73,73,32,130,155,189,131,17,9,3,8,43,60,56,25,97,117,139,97,13,6,5,11,61,82,83,36,143,172,203,138,19,9,0,0,0,0,0,0,0,0,0,0,0,0,4,10,51,70,69,31,122,144,176,121,16,8,5,12,60,81,79,37,144,168,208,138,16,10,6,14,69,99,93,41,161,193,233,159,20,13,5,12,64,85,86,39,152,175,208,144,19,10,4.0,9.5,50.0,68.75,67.38,30.12,118.62,140.5,169.5,116.0,15.0,8.12
Brick_0cm_S2,2026-04-25T09:50:28.922525,4,9,52,73,73,32,130,155,189,131,17,9,3,8,43,60,56,25,97,117,139,97,13,6,5,11,61,82,83,36,143,172,203,138,19,9,0,0,0,0,0,0,0,0,0,0,0,0,4,10,51,70,69,31,122,143,176,121,15,8,5,12,61,81,79,37,143,168,208,138,16,10,6,14,69,100,93,41,161,192,233,159,20,13,5,12,64,85,86,39,152,176,208,144,19,11,4.0,9.5,50.12,68.88,67.38,30.12,118.5,140.38,169.5,116.0,14.88,8.25
Brick_0cm_S2,2026-04-25T09:50:29.049529,4,9,52,73,73,32,130,156,189,131,17,9,3,8,43,60,55,25,97,117,139,96,13,6,5,11,61,82,83,36,143,173,203,139,19,9,0,0,0,0,0,0,0,0,0,0,0,0,4,10,51,70,69,31,122,144,176,121,16,8,4,12,61,81,79,37,144,168,208,138,16,10,6,13,69,99,93,41,161,193,233,159,20,13,5,12,63,85,86,39,152,176,208,144,19,10,3.88,9.38,50.0,68.75,67.25,30.12,118.62,140.88,169.5,116.0,15.0,8.12
Brick_0cm_S2,2026-04-25T09:50:29.171993,4,10,52,73,73,33,131,156,188,131,18,9,3,8,43,60,56,25,97,117,138,96,13,6,5,11,61,82,83,36,143,172,203,139,19,9,0,0,0,0,0,0,0,0,0,0,0,0,4,10,51,70,69,31,122,144,176,121,16,8,4,12,61,81,79,37,144,168,208,138,16,10,6,13,69,99,93,41,161,193,233,159,20,13,5,12,63,85,86,39,152,176,208,144,19,10,3.88,9.5,50.0,68.75,67.38,30.25,118.75,140.75,169.25,116.0,15.12,8.12
Brick_0cm_S2,2026-04-25T09:50:29.299434,4,10,52,73,73,33,131,156,188,131,18,9,3,8,43,60,56,25,97,117,138,96,13,6,5,11,61,82,83,36,143,172,203,139,19,9,0,0,0,0,0,0,0,0,0,0,0,0,4,10,52,70,69,31,122,144,176,121,15,9,5,12,61,81,79,36,144,168,208,138,16,10,6,14,69,99,93,41,161,192,233,159,20,13,5,12,63,85,86,39,152,176,208,144,19,10,4.0,9.62,50.12,68.75,67.38,30.12,118.75,140.62,169.25,116.0,15.0,8.25
Brick_0cm_S2,2026-04-25T09:50:29.427697,4,9,52,73,73,32,131,156,189,131,17,9,3,8,43,60,56,25,97,116,139,96,13,6,5,11,61,82,83,36,143,172,203,139,19,9,0,0,0,0,0,0,0,0,0,0,0,0,4,10,52,70,69,31,122,144,176,121,15,9,5,12,61,81,79,36,144,168,208,138,16,10,6,14,69,99,93,41,161,192,233,159,20,13,5,12,63,85,86,39,152,175,207,144,19,10,4.0,9.5,50.12,68.75,67.38,30.0,118.75,140.38,169.38,116.0,14.88,8.25
Brick_0cm_S2,2026-04-25T09:50:29.554935,4,9,52,73,73,32,130,155,189,131,17,9,3,8,43,60,56,25,97,116,139,96,13,6,5,11,61,82,83,36,143,172,203,139,19,9,0,0,0,0,0,0,0,0,0,0,0,0,4,10,52,70,69,31,122,144,176,121,15,9,5,12,61,81,79,37,144,168,208,139,16,10,6,14,69,99,93,41,161,192,233,158,20,13,5,12,63,85,86,39,152,176,207,144,19,10,4.0,9.5,50.12,68.75,67.38,30.12,118.62,140.38,169.38,116.0,14.88,8.25
Brick_0cm_S2,2026-04-25T09:50:29.666926,4,9,52,73,73,32,130,155,189,131,17,9,3,8,43,60,56,25,97,116,139,96,13,6,5,11,61,82,83,36,143,173,203,139,19,9,0,0,0,0,0,0,0,0,0,0,0,0,4,10,51,70,69,31,122,143,176,121,16,8,5,12,61,81,79,37,144,168,208,139,16,10,6,14,69,99,93,41,161,192,233,158,20,13,5,12,63,85,86,39,152,176,207,144,19,10,4.0,9.5,50.0,68.75,67.38,30.12,118.62,140.38,169.38,116.0,15.0,8.12
Brick_0cm_S2,2026-04-25T09:50:29.792724,4,10,52,73,73,32,131,156,189,131,17,8,3,8,43,60,56,25,97,116,139,96,13,6,5,11,61,82,83,36,143,173,203,139,19,9,0,0,0,0,0,0,0,0,0,0,0,0,4,10,51,70,69,31,122,143,176,121,16,8,5,12,61,81,79,37,144,168,208,138,16,10,6,14,69,99,93,41,162,193,233,159,20,13,5,12,64,85,86,39,152,176,207,144,19,10,4.0,9.62,50.12,68.75,67.38,30.12,118.88,140.62,169.38,116.0,15.0,8.0
Brick_0cm_S2,2026-04-25T09:50:29.917719,4,10,52,73,73,32,131,156,189,131,17,8,3,8,44,60,56,25,97,117,139,96,13,6,5,11,61,82,83,36,143,172,203,138,19,9,0,0,0,0,0,0,0,0,0,0,0,0,4,10,51,70,69,31,122,143,176,121,16,8,5,12,61,81,79,37,144,168,208,138,16,10,6,14,69,99,93,41,162,193,233,159,20,13,5,12,64,85,86,39,152,176,207,144,19,10,4.0,9.62,50.25,68.75,67.38,30.12,118.88,140.62,169.38,115.88,15.0,8.0
Brick_0cm_S2,2026-04-25T09:50:30.044771,4,9,52,73,73,32,130,156,188,131,17,9,3,8,44,60,56,25,98,117,139,96,13,6,5,11,61,82,83,36,143,173,203,139,19,9,0,0,0,0,0,0,0,0,0,0,0,0,4,10,51,70,69,31,122,143,176,121,16,8,5,12,61,81,79,37,144,168,208,138,16,9,6,14,69,99,93,41,161,192,233,159,20,13,5,12,63,85,86,39,152,176,208,144,19,10,4.0,9.5,50.12,68.75,67.38,30.12,118.75,140.62,169.38,116.0,15.0,8.0
Brick_0cm_S2,2026-04-25T09:50:30.172044,4,9,52,73,73,32,130,156,188,131,17,9,3,8,44,60,56,25,98,117,139,96,13,6,5,11,61,82,83,36,143,173,203,139,19,9,0,0,0,0,0,0,0,0,0,0,0,0,4,10,51,70,69,31,122,143,176,121,16,8,5,12,61,81,79,37,144,168,208,138,16,9,6,14,69,99,93,41,161,192,233,159,20,13,5,12,63,85,86,39,152,176,208,144,19,10,4.0,9.5,50.12,68.75,67.38,30.12,118.75,140.62,169.38,116.0,15.0,8.0
Brick_0cm_S2,2026-04-25T09:50:30.300023,4,9,52,73,73,32,131,156,188,131,18,9,3,8,43,60,55,25,97,116,139,96,13,6,5,11,61,82,83,36,143,172,203,139,19,9,0,0,0,0,0,0,0,0,0,0,0,0,4,10,51,70,69,31,122,143,176,121,16,8,5,12,61,81,78,37,144,168,208,138,16,9,6,14,69,99,93,41,162,192,233,158,20,13,5,12,63,85,86,39,152,175,207,144,19,10,4.0,9.5,50.0,68.75,67.12,30.12,118.88,140.25,169.25,115.88,15.12,8.0
Brick_0cm_S2,2026-04-25T09:50:30.427105,4,9,52,73,73,32,131,156,188,131,18,9,3,8,43,60,55,25,97,116,139,96,13,6,5,11,61,82,83,36,143,172,203,139,19,9,0,0,0,0,0,0,0,0,0,0,0,0,4,10,51,70,69,31,122,143,176,121,16,8,5,12,61,81,78,37,144,168,208,138,16,9,6,14,69,99,93,41,162,192,233,158,20,13,5,12,63,85,86,39,152,175,207,144,19,10,4.0,9.5,50.0,68.75,67.12,30.12,118.88,140.25,169.25,115.88,15.12,8.0
Brick_0cm_S2,2026-04-25T09:50:30.552091,4,9,53,73,73,32,130,156,189,131,17,9,3,8,43,60,56,25,97,117,139,96,13,6,5,11,61,82,83,36,143,172,203,139,19,9,0,0,0,0,0,0,0,0,0,0,0,0,4,10,51,70,69,31,122,143,176,121,16,8,5,12,61,81,79,37,144,168,208,138,16,10,6,14,69,99,93,41,161,193,233,159,20,13,5,12,64,85,86,39,152,176,207,144,19,10,4.0,9.5,50.25,68.75,67.38,30.12,118.62,140.62,169.38,116.0,15.0,8.12
Brick_0cm_S2,2026-04-25T09:50:30.678292,4,9,53,73,73,32,130,156,189,131,17,9,3,8,43,60,56,25,97,117,139,96,13,6,5,11,61,82,83,36,143,172,203,139,19,9,0,0,0,0,0,0,0,0,0,0,0,0,4,10,51,70,69,31,122,144,176,121,16,8,5,12,61,81,79,37,143,168,207,138,16,9,6,14,69,100,93,41,161,193,233,159,20,13,5,12,63,85,86,39,152,175,207,144,19,10,4.0,9.5,50.12,68.88,67.38,30.12,118.5,140.62,169.25,116.0,15.0,8.0
Brick_0cm_S2,2026-04-25T09:50:30.804140,4,10,52,73,73,32,131,156,189,131,17,9,3,8,43,60,56,25,97,117,139,96,13,6,5,11,61,82,83,36,143,172,203,139,19,9,0,0,0,0,0,0,0,0,0,0,0,0,4,10,51,70,69,31,122,144,176,121,16,8,5,12,61,81,79,37,143,168,207,138,16,9,6,14,69,100,93,41,161,193,233,159,20,13,5,12,63,85,86,39,152,175,207,144,19,10,4.0,9.62,50.0,68.88,67.38,30.12,118.62,140.62,169.25,116.0,15.0,8.0
Brick_0cm_S2,2026-04-25T09:50:30.922010,4,10,52,73,73,32,131,156,189,131,17,9,3,8,44,60,56,25,97,116,139,96,13,6,5,11,61,82,83,36,143,172,203,139,19,9,0,0,0,0,0,0,0,0,0,0,0,0,4,10,51,70,69,31,121,143,176,121,16,8,5,12,60,81,78,37,144,168,208,138,16,10,6,14,69,100,93,41,161,193,233,159,20,13,5,12,63,85,86,39,152,175,208,144,19,10,4.0,9.62,50.0,68.88,67.25,30.12,118.62,140.38,169.5,116.0,15.0,8.12
Brick_0cm_S2,2026-04-25T09:50:31.034479,4,10,52,73,73,32,131,156,189,131,17,9,3,8,44,60,56,25,97,116,139,96,13,6,5,11,61,82,83,36,143,172,203,139,19,9,0,0,0,0,0,0,0,0,0,0,0,0,4,10,51,70,69,31,121,143,176,121,16,8,5,12,60,81,78,37,144,168,208,138,16,10,6,14,69,100,93,41,161,193,233,159,20,13,5,12,63,85,86,39,152,175,208,144,19,10,4.0,9.62,50.0,68.88,67.25,30.12,118.62,140.38,169.5,116.0,15.0,8.12
Brick_0cm_S2,2026-04-25T09:50:31.146908,4,9,52,73,73,32,130,156,189,131,17,9,3,8,43,60,56,25,97,116,139,96,13,6,5,11,61,82,83,36,143,173,203,139,19,9,0,0,0,0,0,0,0,0,0,0,0,0,4,10,51,70,69,31,122,143,176,121,16,8,5,12,61,81,79,37,144,168,208,138,16,10,6,14,69,99,93,41,161,192,233,158,20,13,5,12,63,85,86,39,152,176,208,144,19,10,4.0,9.5,50.0,68.75,67.38,30.12,118.62,140.5,169.5,115.88,15.0,8.12
Brick_0cm_S2,2026-04-25T09:50:31.264638,4,9,52,73,73,33,131,156,188,131,17,9,3,8,44,60,56,25,97,116,139,96,13,6,5,11,61,82,83,36,143,172,203,139,19,9,0,0,0,0,0,0,0,0,0,0,0,0,4,10,51,70,69,31,122,143,176,121,16,8,5,12,61,81,79,37,144,168,208,138,16,10,6,14,69,99,93,41,161,192,233,158,20,13,5,12,63,85,86,39,152,176,208,144,19,10,4.0,9.5,50.12,68.75,67.38,30.25,118.75,140.38,169.38,115.88,15.0,8.12
Brick_0cm_S2,2026-04-25T09:50:31.377890,4,9,52,73,73,33,131,156,188,131,17,9,3,8,44,60,56,25,97,116,139,96,13,6,5,11,61,82,83,36,143,172,203,139,19,9,0,0,0,0,0,0,0,0,0,0,0,0,4,10,52,70,69,31,122,144,176,121,16,8,5,12,60,81,78,37,144,168,208,138,16,10,6,14,69,99,93,41,161,193,233,159,20,13,5,12,63,85,86,39,152,176,208,144,19,10,4.0,9.5,50.12,68.75,67.25,30.25,118.75,140.62,169.38,116.0,15.0,8.12
Brick_0cm_S2,2026-04-25T09:50:31.486941,4,9,52,73,73,32,130,156,189,131,18,9,3,8,43,60,56,25,97,116,139,96,13,6,5,11,61,82,83,36,143,173,203,139,19,9,0,0,0,0,0,0,0,0,0,0,0,0,4,10,51,70,69,31,122,144,176,121,16,8,5,12,60,81,78,37,144,168,208,138,16,10,6,14,69,99,93,41,161,193,233,159,20,13,5,12,63,85,86,39,152,176,208,144,19,10,4.0,9.5,49.88,68.75,67.25,30.12,118.62,140.75,169.5,116.0,15.12,8.12
Brick_0cm_S2,2026-04-25T09:50:31.609014,4,9,52,73,73,32,130,156,189,131,18,9,3,8,43,60,56,25,97,116,139,96,13,6,5,11,61,82,83,36,143,173,203,139,19,9,0,0,0,0,0,0,0,0,0,0,0,0,4,10,51,70,69,31,122,144,176,121,16,8,5,12,61,81,79,37,144,168,208,138,16,10,6,14,69,99,93,41,161,193,233,158,20,13,5,12,64,85,86,39,152,175,208,144,19,10,4.0,9.5,50.12,68.75,67.38,30.12,118.62,140.62,169.5,115.88,15.12,8.12
Brick_0cm_S2,2026-04-25T09:50:31.734650,4,9,53,73,73,32,130,156,189,131,17,9,3,8,43,60,55,25,97,117,139,96,13,6,5,11,61,82,83,36,143,172,203,139,19,9,0,0,0,0,0,0,0,0,0,0,0,0,4,10,51,70,69,31,122,144,176,121,16,8,5,12,61,81,79,37,144,168,208,138,16,10,6,14,69,99,93,41,161,193,233,158,20,13,5,12,64,85,86,39,152,175,208,144,19,10,4.0,9.5,50.25,68.75,67.25,30.12,118.62,140.62,169.5,115.88,15.0,8.12
Brick_0cm_S2,2026-04-25T09:50:31.865176,4,9,53,73,73,32,130,156,189,131,17,9,3,8,44,60,56,25,97,117,139,96,13,7,5,11,61,82,83,36,143,172,203,139,19,9,0,0,0,0,0,0,0,0,0,0,0,0,4,10,51,70,69,31,122,143,176,121,16,8,5,12,61,81,79,37,144,168,208,138,16,10,6,14,69,99,93,41,161,193,233,159,20,13,5,12,63,85,86,39,152,176,207,144,19,10,4.0,9.5,50.25,68.75,67.38,30.12,118.62,140.62,169.38,116.0,15.0,8.25
Brick_0cm_S2,2026-04-25T09:50:31.983344,4,9,53,73,73,32,130,156,189,131,17,9,3,8,44,60,56,25,97,117,139,96,13,7,5,11,61,82,83,36,143,172,203,138,19,9,0,0,0,0,0,0,0,0,0,0,0,0,4,10,51,70,69,31,122,144,176,121,16,8,5,12,61,81,79,37,144,168,208,138,16,10,6,14,69,99,93,41,161,193,233,159,20,13,5,12,63,85,86,39,152,176,207,144,19,10,4.0,9.5,50.25,68.75,67.38,30.12,118.62,140.75,169.38,115.88,15.0,8.25
Brick_0cm_S2,2026-04-25T09:50:32.096411,4,10,52,73,73,32,130,155,189,131,17,9,3,8,43,60,56,25,98,116,139,97,13,7,5,11,61,82,83,36,143,172,203,138,19,9,0,0,0,0,0,0,0,0,0,0,0,0,4,10,51,70,69,31,122,144,176,121,16,8,5,12,61,81,79,37,144,168,208,138,16,10,6,14,69,99,93,41,162,193,233,159,20,13,5,12,63,85,86,39,152,176,208,144,19,11,4.0,9.62,50.0,68.75,67.38,30.12,118.88,140.5,169.5,116.0,15.0,8.38
Brick_0cm_S2,2026-04-25T09:50:32.197701,4,10,52,73,73,32,130,155,189,131,17,9,3,8,43,60,56,25,98,116,139,97,13,7,5,11,61,82,83,36,143,172,203,139,19,9,0,0,0,0,0,0,0,0,0,0,0,0,4,10,52,70,69,31,122,144,176,121,15,8,5,12,61,81,79,37,144,168,208,138,16,10,6,14,69,99,93,41,162,193,233,159,20,13,5,12,63,85,86,39,152,176,208,144,19,11,4.0,9.62,50.12,68.75,67.38,30.12,118.88,140.5,169.5,116.12,14.88,8.38
Brick_0cm_S2,2026-04-25T09:50:32.310121,4,9,52,73,73,32,131,156,188,131,17,9,3,8,44,60,56,25,97,116,139,96,13,6,5,11,61,82,83,36,143,172,203,139,19,9,0,0,0,0,0,0,0,0,0,0,0,0,4,10,52,70,69,31,122,144,176,121,15,8,5,12,61,81,79,37,144,168,208,138,16,10,6,14,69,99,93,41,161,193,233,159,20,13,5,12,64,85,86,39,152,176,208,144,19,11,4.0,9.5,50.38,68.75,67.38,30.12,118.75,140.62,169.38,116.0,14.88,8.25
Brick_0cm_S2,2026-04-25T09:50:32.422193,4,9,52,73,73,32,131,156,188,131,17,9,3,8,44,60,56,25,97,116,139,96,13,6,5,11,61,82,83,36,143,173,203,139,19,9,0,0,0,0,0,0,0,0,0,0,0,0,4,10,52,70,69,31,122,144,176,121,16,8,5,12,61,81,79,37,144,168,208,138,16,10,6,14,69,99,93,41,161,193,233,159,20,13,5,12,64,85,86,39,152,176,208,144,19,11,4.0,9.5,50.38,68.75,67.38,30.12,118.75,140.75,169.38,116.0,15.0,8.25
Brick_0cm_S2,2026-04-25T09:50:32.541601,4,9,52,73,73,32,130,155,189,131,17,8,3,8,44,60,55,25,97,116,139,96,13,6,5,11,61,82,83,36,143,173,203,139,19,9,0,0,0,0,0,0,0,0,0,0,0,0,4,10,52,70,69,31,122,144,176,121,16,8,5,12,61,81,79,37,144,168,208,138,16,10,6,14,69,99,93,41,161,193,233,159,20,13,5,12,63,85,86,39,152,176,208,144,19,10,4.0,9.5,50.25,68.75,67.25,30.12,118.62,140.62,169.5,116.0,15.0,8.0
Brick_0cm_S2,2026-04-25T09:50:32.668194,4,9,52,73,73,32,130,155,189,131,17,8,3,8,44,60,55,25,97,116,139,96,13,6,5,11,61,82,83,36,143,172,203,139,19,9,0,0,0,0,0,0,0,0,0,0,0,0,3,10,51,70,69,31,122,144,176,121,15,8,5,12,61,81,78,37,144,167,208,138,16,10,6,14,69,99,93,41,161,193,233,159,20,13,5,12,63,85,86,39,152,176,208,144,19,10,3.88,9.5,50.12,68.75,67.12,30.12,118.62,140.38,169.5,116.0,14.88,8.0
Brick_0cm_S2,2026-04-25T09:50:32.794976,4,9,52,73,73,32,130,156,188,131,17,9,3,8,43,60,56,25,97,116,139,96,13,7,5,11,61,82,83,36,143,173,203,139,19,9,0,0,0,0,0,0,0,0,0,0,0,0,3,10,51,70,69,31,122,144,176,121,15,8,5,12,61,81,78,37,144,167,208,138,16,10,6,14,69,99,93,41,161,193,233,159,20,13,5,12,64,85,86,39,152,176,208,144,19,10,3.88,9.5,50.12,68.75,67.25,30.12,118.62,140.62,169.38,116.0,14.88,8.25
Brick_0cm_S2,2026-04-25T09:50:32.921958,4,9,52,73,73,32,130,156,188,131,17,9,3,8,43,60,56,25,97,116,139,96,13,7,5,11,61,82,83,36,143,173,203,139,19,9,0,0,0,0,0,0,0,0,0,0,0,0,4,10,51,70,69,31,122,144,176,121,16,8,5,12,61,81,78,37,144,168,208,138,16,10,6,14,69,99,93,41,161,192,233,159,20,13,5,12,63,85,86,39,152,175,208,144,19,10,4.0,9.5,50.0,68.75,67.25,30.12,118.62,140.5,169.38,116.0,15.0,8.25
Brick_0cm_S2,2026-04-25T09:50:33.048913,4,9,52,73,73,32,131,156,189,131,17,9,3,8,44,60,55,25,97,116,139,96,13,6,5,11,61,82,83,36,143,172,203,139,19,9,0,0,0,0,0,0,0,0,0,0,0,0,4,10,51,70,69,31,122,144,176,121,16,8,5,12,61,81,78,37,144,168,208,138,16,10,6,14,69,99,93,41,161,192,233,159,20,13,5,12,63,85,86,39,152,175,208,144,19,10,4.0,9.5,50.12,68.75,67.12,30.12,118.75,140.38,169.5,116.0,15.0,8.12
Brick_0cm_S2,2026-04-25T09:50:33.174113,4,9,52,73,73,32,131,156,189,131,17,9,3,8,44,60,55,25,97,116,139,96,13,6,5,11,61,82,83,36,143,172,203,139,19,9,0,0,0,0,0,0,0,0,0,0,0,0,4,10,51,70,69,31,122,144,176,121,16,8,5,12,61,81,78,37,144,168,208,138,16,10,6,14,69,99,93,41,161,193,233,158,20,13,5,12,64,85,86,39,152,176,207,144,19,11,4.0,9.5,50.25,68.75,67.12,30.12,118.75,140.62,169.38,115.88,15.0,8.25
Brick_0cm_S2,2026-04-25T09:50:33.301853,4,9,52,73,73,32,131,156,189,131,17,9,3,8,44,60,56,25,98,116,139,97,13,7,5,11,61,82,83,36,143,172,203,139,19,9,0,0,0,0,0,0,0,0,0,0,0,0,4,10,51,70,69,31,122,144,176,121,16,8,5,12,61,81,78,37,144,168,208,138,16,10,6,14,69,99,93,41,161,193,233,158,20,13,5,12,64,85,86,39,152,176,207,144,19,11,4.0,9.5,50.25,68.75,67.25,30.12,118.88,140.62,169.38,116.0,15.0,8.38
Brick_0cm_S2,2026-04-25T09:50:33.429628,4,9,52,73,73,32,131,156,189,131,17,9,3,8,44,60,56,25,98,116,139,97,13,7,5,11,61,82,83,36,143,172,203,139,19,9,0,0,0,0,0,0,0,0,0,0,0,0,4,10,52,70,69,31,121,143,176,121,16,8,5,12,61,81,78,37,144,168,208,138,16,10,6,14,69,99,93,41,161,193,233,159,20,13,5,12,64,85,86,39,152,176,208,144,19,10,4.0,9.5,50.38,68.75,67.25,30.12,118.75,140.5,169.5,116.12,15.0,8.25
Brick_0cm_S2,2026-04-25T09:50:33.556492,4,9,52,73,73,32,130,155,189,131,18,9,3,8,43,60,56,25,98,116,139,97,13,6,5,11,61,82,83,36,143,172,203,139,19,9,0,0,0,0,0,0,0,0,0,0,0,0,4,10,52,70,69,31,121,143,176,121,16,8,5,12,61,81,78,37,144,168,208,138,16,10,6,14,69,99,93,41,161,193,233,159,20,13,5,12,64,85,86,39,152,176,208,144,19,10,4.0,9.5,50.25,68.75,67.25,30.12,118.62,140.38,169.5,116.12,15.12,8.12
Brick_0cm_S2,2026-04-25T09:50:33.669572,4,9,52,73,73,32,130,155,189,131,18,9,3,8,43,60,56,25,98,116,139,97,13,6,5,11,61,82,83,36,143,172,203,139,19,9,0,0,0,0,0,0,0,0,0,0,0,0,4,10,51,70,69,31,122,143,176,121,16,8,5,12,61,81,79,37,144,168,208,138,16,10,6,14,69,99,93,41,161,193,233,159,20,13,5,12,64,85,86,39,152,176,208,144,19,10,4.0,9.5,50.12,68.75,67.38,30.12,118.75,140.38,169.5,116.12,15.12,8.12
Brick_0cm_S2,2026-04-25T09:50:33.793029,4,9,52,73,73,32,130,155,189,131,18,9,3,8,43,60,56,25,97,116,139,96,13,6,5,11,61,82,83,36,143,173,203,139,19,9,0,0,0,0,0,0,0,0,0,0,0,0,4,10,51,70,69,31,122,144,176,121,16,8,5,12,61,81,79,37,144,168,208,138,16,10,6,14,69,99,93,41,161,193,233,159,20,13,5,12,64,85,86,39,152,176,208,144,19,10,4.0,9.5,50.12,68.75,67.38,30.12,118.62,140.62,169.5,116.0,15.12,8.12
Brick_0cm_S2,2026-04-25T09:50:33.921774,4,9,52,73,73,32,131,156,189,131,17,9,3,8,43,60,56,25,98,117,139,96,13,6,5,11,61,82,83,36,143,173,203,139,19,9,0,0,0,0,0,0,0,0,0,0,0,0,4,10,51,70,69,31,122,144,176,121,16,8,5,12,61,81,79,37,144,168,208,138,16,10,6,14,69,99,93,41,161,192,233,159,20,13,5,12,63,85,86,39,152,176,208,144,19,10,4.0,9.5,50.0,68.75,67.38,30.12,118.88,140.75,169.5,116.0,15.0,8.12
Brick_0cm_S2,2026-04-25T09:50:34.075775,4,9,52,73,73,32,131,156,189,131,17,9,3,8,43,60,56,25,98,117,139,96,13,6,5,11,61,82,83,36,143,173,202,139,19,9,0,0,0,0,0,0,0,0,0,0,0,0,4,10,51,70,69,31,122,144,176,121,16,8,5,12,61,81,79,37,144,168,208,138,16,10,6,14,69,99,93,41,162,193,233,159,20,13,5,12,63,85,86,39,152,176,208,144,19,10,4.0,9.5,50.0,68.75,67.38,30.12,119.0,140.88,169.38,116.0,15.0,8.12
Brick_0cm_S2,2026-04-25T09:50:34.192524,4,9,52,73,73,32,131,156,189,131,17,8,3,8,43,60,56,25,98,117,139,96,13,6,5,11,61,82,83,36,143,173,203,139,19,9,0,0,0,0,0,0,0,0,0,0,0,0,4,10,51,70,69,31,122,144,176,121,16,8,5,12,61,81,79,37,144,168,208,138,16,10,6,14,69,99,93,41,162,193,233,159,20,13,5,12,63,85,86,39,151,175,207,144,19,10,4.0,9.5,50.0,68.75,67.38,30.12,118.88,140.75,169.38,116.0,15.0,8.0
Brick_0cm_S2,2026-04-25T09:50:34.301828,4,9,52,73,73,32,131,156,189,131,17,8,3,8,43,60,56,25,98,117,139,96,13,6,5,11,61,82,83,36,143,173,203,139,19,9,0,0,0,0,0,0,0,0,0,0,0,0,4,10,51,70,69,31,122,144,176,121,16,8,5,12,61,81,79,37,144,168,208,138,17,10,6,14,69,99,93,41,161,192,233,158,20,13,5,12,63,85,86,39,152,176,207,144,19,10,4.0,9.5,50.0,68.75,67.38,30.12,118.88,140.75,169.38,115.88,15.12,8.0
Brick_0cm_S2,2026-04-25T09:50:34.423820,4,9,53,73,73,32,131,156,189,131,17,9,3,8,43,60,55,25,98,116,139,96,13,6,5,11,61,82,83,36,143,173,203,139,19,9,0,0,0,0,0,0,0,0,0,0,0,0,4,10,51,70,69,31,122,144,176,121,16,8,5,12,61,81,79,37,144,168,208,138,17,10,6,14,69,99,93,41,161,192,233,158,20,13,5,12,63,85,86,39,152,176,207,144,19,10,4.0,9.5,50.12,68.75,67.25,30.12,118.88,140.62,169.38,115.88,15.12,8.12
Brick_0cm_S2,2026-04-25T09:50:34.550522,4,9,53,73,73,32,131,156,189,131,17,9,3,8,43,60,55,25,98,116,139,96,13,6,5,11,61,82,83,36,143,173,203,139,19,9,0,0,0,0,0,0,0,0,0,0,0,0,4,10,51,70,69,31,121,143,176,121,16,8,5,12,61,81,79,37,144,167,208,138,16,9,6,14,69,99,93,41,161,193,233,159,20,13,5,12,63,85,86,39,152,176,207,144,19,10,4.0,9.5,50.12,68.75,67.25,30.12,118.75,140.5,169.38,116.0,15.0,8.0
Brick_0cm_S2,2026-04-25T09:50:34.678582,4,10,52,73,73,32,130,156,189,131,17,9,3,8,43,60,56,25,97,117,139,97,13,6,5,11,61,82,83,36,143,173,203,139,19,9,0,0,0,0,0,0,0,0,0,0,0,0,4,10,51,70,69,31,121,143,176,121,16,8,5,12,61,81,79,37,144,167,208,138,16,9,6,14,69,99,93,41,161,193,233,159,20,13,5,12,63,85,86,39,152,176,207,144,19,10,4.0,9.62,50.0,68.75,67.38,30.12,118.5,140.62,169.38,116.12,15.0,8.0
Brick_0cm_S2,2026-04-25T09:50:34.796984,4,10,52,73,73,32,130,156,189,131,17,9,3,8,43,60,56,25,97,117,139,97,13,6,5,11,61,82,83,36,143,173,203,139,19,9,0,0,0,0,0,0,0,0,0,0,0,0,4,10,52,70,69,31,122,144,176,121,16,8,5,12,61,81,79,37,144,167,208,138,16,9,6,14,69,99,93,41,161,193,233,159,20,13,5,12,63,85,86,39,152,176,208,144,19,11,4.0,9.62,50.12,68.75,67.38,30.12,118.62,140.75,169.5,116.12,15.0,8.12
Brick_0cm_S2,2026-04-25T09:50:34.912064,4,10,52,73,73,32,130,156,189,131,17,9,3,8,44,60,56,25,98,117,139,96,13,7,5,11,61,82,83,36,143,173,203,139,19,9,0,0,0,0,0,0,0,0,0,0,0,0,4,10,52,70,69,31,122,144,176,121,16,8,5,12,61,81,79,37,144,167,208,138,16,9,6,14,69,99,93,41,161,193,233,159,20,13,5,12,63,85,86,39,152,176,208,144,19,11,4.0,9.62,50.25,68.75,67.38,30.12,118.75,140.75,169.5,116.0,15.0,8.25
Brick_0cm_S2,2026-04-25T09:50:35.028226,4,10,52,73,73,32,130,156,189,131,17,9,3,8,44,60,56,25,98,117,139,96,13,7,5,11,61,82,83,36,143,173,203,139,19,9,0,0,0,0,0,0,0,0,0,0,0,0,4,10,51,70,69,31,122,144,176,121,16,8,5,12,61,81,79,37,144,168,208,138,16,10,6,14,69,99,93,41,161,193,233,159,20,13,5,12,63,85,86,39,152,176,208,144,19,11,4.0,9.62,50.12,68.75,67.38,30.12,118.75,140.88,169.5,116.0,15.0,8.38
Brick_0cm_S2,2026-04-25T09:50:35.143283,4,9,53,73,73,32,131,155,189,131,17,9,3,8,43,60,56,25,97,117,139,96,13,6,5,11,61,82,83,36,143,173,203,139,19,9,0,0,0,0,0,0,0,0,0,0,0,0,4,10,51,70,69,31,122,144,176,121,16,8,5,12,61,81,79,37,144,168,208,138,16,10,6,14,69,99,93,41,161,193,233,159,20,13,5,12,63,85,86,39,152,176,208,144,19,11,4.0,9.5,50.12,68.75,67.38,30.12,118.75,140.75,169.5,116.0,15.0,8.25
Brick_0cm_S2,2026-04-25T09:50:35.256022,4,9,53,73,73,32,131,155,189,131,17,9,3,8,43,60,56,25,97,117,139,96,13,6,5,11,61,82,83,36,143,173,203,139,19,9,0,0,0,0,0,0,0,0,0,0,0,0,4,10,51,70,69,31,122,144,176,121,15,8,5,12,61,81,79,37,144,167,207,138,16,10,6,14,69,99,93,41,161,193,233,159,20,13,5,12,64,85,86,39,152,176,207,144,19,10,4.0,9.5,50.25,68.75,67.38,30.12,118.75,140.62,169.25,116.0,14.88,8.12
Brick_0cm_S2,2026-04-25T09:50:35.371029,4,9,52,73,73,32,131,156,189,131,17,9,3,8,43,60,56,25,97,117,138,96,13,6,5,11,61,82,83,36,143,173,203,139,19,9,0,0,0,0,0,0,0,0,0,0,0,0,4,10,51,70,69,31,122,144,176,121,15,8,5,12,61,81,79,37,144,167,207,138,16,10,6,14,69,99,93,41,161,193,233,159,20,13,5,12,64,85,86,39,152,176,207,144,19,10,4.0,9.5,50.12,68.75,67.38,30.12,118.75,140.75,169.12,116.0,14.88,8.12
Brick_0cm_S2,2026-04-25T09:50:35.483686,4,9,52,73,73,32,131,156,189,131,17,9,3,8,43,60,56,25,97,117,138,96,13,6,5,11,61,82,83,36,143,173,203,139,19,9,0,0,0,0,0,0,0,0,0,0,0,0,4,10,51,70,69,31,122,143,176,121,16,8,5,12,61,81,79,37,144,168,208,138,16,10,6,14,69,99,93,41,161,193,233,159,20,13,5,12,64,85,86,39,152,175,208,144,19,11,4.0,9.5,50.12,68.75,67.38,30.12,118.75,140.62,169.38,116.0,15.0,8.25
Brick_0cm_S2,2026-04-25T09:50:35.609978,4,9,53,73,73,32,130,156,189,131,17,9,3,8,43,60,56,25,97,117,139,97,13,6,5,11,61,82,83,36,143,172,203,139,19,9,0,0,0,0,0,0,0,0,0,0,0,0,3,10,51,70,69,31,122,144,176,121,16,8,5,12,61,81,79,37,144,168,208,138,16,10,6,14,69,99,93,41,161,193,233,159,20,13,5,12,64,85,86,39,152,175,208,144,19,11,3.88,9.5,50.25,68.75,67.38,30.12,118.62,140.62,169.5,116.12,15.0,8.25
Brick_0cm_S2,2026-04-25T09:50:35.740105,4,9,52,73,73,32,130,155,189,131,17,9,3,8,43,60,56,25,97,116,139,96,13,6,5,11,61,82,83,36,143,172,203,139,19,9,0,0,0,0,0,0,0,0,0,0,0,0,3,10,51,70,69,31,122,144,176,121,16,8,5,12,61,81,79,37,144,168,208,138,16,10,6,14,69,99,93,41,161,193,233,159,20,13,5,12,63,85,86,39,152,175,207,144,19,10,3.88,9.5,50.0,68.75,67.38,30.12,118.62,140.38,169.38,116.0,15.0,8.12
Brick_0cm_S2,2026-04-25T09:50:35.863946,4,9,52,73,73,32,130,155,189,131,17,9,3,8,43,60,56,25,97,116,139,96,13,6,5,11,61,82,83,36,143,172,203,139,19,9,0,0,0,0,0,0,0,0,0,0,0,0,4,10,51,70,69,31,122,144,176,121,16,8,5,12,60,81,79,37,144,168,208,138,16,10,6,14,69,99,93,41,161,193,233,159,20,13,5,12,63,85,86,39,152,175,207,144,19,10,4.0,9.5,49.88,68.75,67.38,30.12,118.62,140.38,169.38,116.0,15.0,8.12
Brick_0cm_S2,2026-04-25T09:50:35.991407,4,9,52,73,73,32,130,156,189,131,17,9,3,8,44,60,55,25,97,117,138,96,13,7,5,11,61,82,83,36,143,172,203,139,19,9,0,0,0,0,0,0,0,0,0,0,0,0,4,10,51,70,69,31,122,144,176,121,16,8,5,12,60,81,79,37,144,168,208,138,16,10,6,14,69,99,93,41,162,193,233,159,20,13,5,12,63,85,86,39,152,176,207,144,19,10,4.0,9.5,50.0,68.75,67.25,30.12,118.75,140.75,169.25,116.0,15.0,8.25
Brick_0cm_S2,2026-04-25T09:50:36.106610,4,9,52,73,73,32,130,156,189,131,17,9,3,8,44,60,55,25,97,117,138,96,13,7,5,11,61,82,83,36,143,172,203,139,19,9,0,0,0,0,0,0,0,0,0,0,0,0,4,10,52,70,69,31,122,144,176,121,16,9,5,12,60,81,79,37,144,168,208,138,16,10,6,14,69,99,93,41,162,193,233,159,20,13,5,12,63,85,86,39,152,176,207,144,19,10,4.0,9.5,50.12,68.75,67.25,30.12,118.75,140.75,169.25,116.0,15.0,8.38
Brick_0cm_S2,2026-04-25T09:50:36.212454,4,10,52,73,73,32,131,156,189,131,17,9,3,8,44,60,56,25,98,117,139,97,13,6,5,11,61,82,83,36,143,172,203,139,19,9,0,0,0,0,0,0,0,0,0,0,0,0,4,10,52,70,69,31,122,144,176,121,16,9,5,12,60,81,79,37,144,168,208,138,16,10,6,14,69,99,93,41,161,193,233,159,20,13,5,12,63,85,86,39,152,176,208,144,19,11,4.0,9.62,50.12,68.75,67.38,30.12,118.88,140.75,169.5,116.12,15.0,8.38
Brick_0cm_S2,2026-04-25T09:50:36.329637,4,10,52,73,73,32,131,156,189,131,17,9,3,8,44,60,56,25,98,117,139,97,13,6,5,11,61,82,83,36,143,173,203,139,19,9,0,0,0,0,0,0,0,0,0,0,0,0,3,10,51,70,69,31,122,143,176,121,16,8,5,12,61,81,79,37,144,168,208,138,16,10,6,14,69,99,93,41,161,193,233,159,20,13,5,12,63,85,86,39,152,176,208,144,19,11,3.88,9.62,50.12,68.75,67.38,30.12,118.88,140.75,169.5,116.12,15.0,8.25
Brick_0cm_S2,2026-04-25T09:50:36.440131,4,9,52,73,73,33,130,156,189,131,18,9,3,8,43,60,56,25,98,117,139,96,13,6,5,11,61,82,83,36,143,173,203,139,19,9,0,0,0,0,0,0,0,0,0,0,0,0,3,10,51,70,69,31,122,143,176,121,16,8,5,12,61,81,79,37,144,168,208,138,16,10,6,14,69,99,93,41,161,192,233,159,20,13,5,12,63,85,86,39,152,176,208,144,19,11,3.88,9.5,50.0,68.75,67.38,30.25,118.75,140.62,169.5,116.0,15.12,8.25
Brick_0cm_S2,2026-04-25T09:50:36.559682,4,9,52,73,73,33,130,156,189,131,18,9,3,8,43,60,56,25,98,117,139,96,13,6,5,11,61,82,83,36,143,172,203,139,19,9,0,0,0,0,0,0,0,0,0,0,0,0,4,10,52,70,69,31,122,144,176,121,16,8,5,12,61,81,78,37,144,167,208,138,16,10,6,14,69,99,93,41,161,192,233,159,20,13,5,12,63,85,86,39,152,176,208,144,19,11,4.0,9.5,50.12,68.75,67.25,30.25,118.75,140.5,169.5,116.0,15.12,8.25
Brick_0cm_S2,2026-04-25T09:50:36.690472,4,9,52,73,73,32,130,156,189,131,17,9,3,8,43,60,56,25,97,117,139,96,13,6,5,11,61,82,83,36,143,172,203,139,19,9,0,0,0,0,0,0,0,0,0,0,0,0,4,10,52,70,69,31,122,144,176,121,16,8,5,12,61,81,78,37,144,167,208,138,16,10,6,14,69,100,93,41,161,193,232,159,20,13,5,12,64,85,86,39,152,176,208,144,19,10,4.0,9.5,50.25,68.88,67.25,30.12,118.62,140.62,169.38,116.0,15.0,8.12
Brick_0cm_S2,2026-04-25T09:50:36.814665,4,9,52,73,73,32,130,156,189,131,17,9,3,8,43,60,56,25,97,117,139,96,13,6,5,11,61,82,83,36,143,172,203,139,19,9,0,0,0,0,0,0,0,0,0,0,0,0,4,10,52,70,69,31,122,143,176,121,15,8,5,12,61,81,79,37,144,168,208,138,16,10,6,14,69,99,92,41,161,193,233,159,20,13,5,12,63,85,86,39,152,176,207,144,19,10,4.0,9.5,50.12,68.75,67.25,30.12,118.62,140.62,169.38,116.0,14.88,8.12
Brick_0cm_S2,2026-04-25T09:50:36.945981,4,9,52,73,73,32,130,156,189,131,17,9,3,8,44,60,55,25,97,116,139,96,13,6,5,11,61,82,83,36,143,172,203,139,19,9,0,0,0,0,0,0,0,0,0,0,0,0,4,10,52,70,69,31,122,143,176,121,15,8,5,12,61,81,79,37,144,168,208,138,16,10,6,14,69,99,92,41,161,193,233,159,20,13,5,12,63,85,86,39,152,176,207,144,19,10,4.0,9.5,50.25,68.75,67.12,30.12,118.62,140.5,169.38,116.0,14.88,8.12
Brick_0cm_S2,2026-04-25T09:50:37.059559,4,9,52,73,73,32,130,156,189,131,17,9,3,8,44,60,55,25,97,116,139,96,13,6,5,11,61,82,83,36,143,172,203,139,19,9,0,0,0,0,0,0,0,0,0,0,0,0,4,10,51,70,69,31,122,143,176,121,16,8,5,12,61,81,79,37,144,168,208,138,16,10,6,14,69,99,93,41,162,192,233,159,20,13,5,12,63,85,86,39,152,175,208,144,19,11,4.0,9.5,50.12,68.75,67.25,30.12,118.75,140.25,169.5,116.0,15.0,8.25
Brick_0cm_S2,2026-04-25T09:50:37.175295,4,9,52,73,73,33,130,156,189,131,18,9,3,8,43,60,55,25,97,116,138,96,13,7,5,11,61,82,83,36,143,173,203,138,19,9,0,0,0,0,0,0,0,0,0,0,0,0,4,10,51,70,69,31,122,143,176,121,16,8,5,12,61,81,79,37,144,168,208,138,16,10,6,14,69,99,93,41,162,192,233,159,20,13,5,12,63,85,86,39,152,175,208,144,19,11,4.0,9.5,50.0,68.75,67.25,30.25,118.75,140.38,169.38,115.88,15.12,8.38
Brick_0cm_S2,2026-04-25T09:50:37.288439,4,9,52,73,73,33,130,156,189,131,18,9,3,8,43,60,55,25,97,116,138,96,13,7,5,11,61,82,83,36,143,173,203,138,19,9,0,0,0,0,0,0,0,0,0,0,0,0,4,10,51,70,69,31,122,144,176,121,15,8,4,12,61,81,79,37,144,168,208,138,16,10,6,14,69,99,93,41,161,193,233,159,20,13,5,12,64,85,86,39,152,175,208,144,19,10,3.88,9.5,50.12,68.75,67.25,30.25,118.62,140.62,169.38,115.88,15.0,8.25
Brick_0cm_S2,2026-04-25T09:50:37.402557,4,9,52,73,73,32,131,155,189,131,18,9,3,8,44,60,56,25,97,116,139,97,13,6,5,11,61,82,83,36,143,173,202,139,19,9,0,0,0,0,0,0,0,0,0,0,0,0,4,10,51,70,69,31,122,144,176,121,15,8,4,12,61,81,79,37,144,168,208,138,16,10,6,14,69,99,93,41,161,193,233,159,20,13,5,12,64,85,86,39,152,175,208,144,19,10,3.88,9.5,50.25,68.75,67.38,30.12,118.75,140.5,169.38,116.12,15.0,8.12
Brick_0cm_S2,2026-04-25T09:50:37.512173,4,9,52,73,73,32,131,155,189,131,18,9,3,8,44,60,56,25,97,116,139,97,13,6,5,11,61,82,83,36,143,173,202,139,19,9,0,0,0,0,0,0,0,0,0,0,0,0,3,10,51,70,69,31,122,143,176,121,16,8,5,12,61,81,79,37,144,167,208,138,16,9,6,14,69,99,93,41,161,193,233,159,20,13,5,12,64,85,86,39,152,176,207,144,19,11,3.88,9.5,50.25,68.75,67.38,30.12,118.75,140.38,169.25,116.12,15.12,8.12
Brick_0cm_S2,2026-04-25T09:50:37.628187,4,9,52,73,73,32,131,155,189,131,18,9,3,8,44,60,56,25,97,116,139,97,13,6,5,11,61,82,83,36,143,173,203,139,19,9,0,0,0,0,0,0,0,0,0,0,0,0,3,10,51,70,69,31,122,143,176,121,16,8,5,12,61,81,79,37,144,167,208,138,16,9,6,14,69,99,93,41,161,193,233,159,20,13,5,12,64,85,86,39,152,176,207,144,19,11,3.88,9.5,50.25,68.75,67.38,30.12,118.75,140.38,169.38,116.12,15.12,8.12
Brick_0cm_S2,2026-04-25T09:50:37.746139,4,9,52,73,73,32,131,155,189,131,18,9,3,8,44,60,56,25,97,116,139,97,13,6,5,11,61,82,83,36,143,173,203,139,19,9,0,0,0,0,0,0,0,0,0,0,0,0,4,10,52,70,69,31,122,144,176,121,16,8,5,12,61,81,79,37,144,168,208,138,16,10,6,14,69,99,93,41,161,193,233,159,20,13,5,12,64,85,86,39,152,176,207,144,19,11,4.0,9.5,50.38,68.75,67.38,30.12,118.75,140.62,169.38,116.12,15.12,8.25
Brick_0cm_S2,2026-04-25T09:50:37.874323,4,10,52,73,73,32,131,156,189,131,18,9,3,8,43,60,56,25,97,117,139,96,13,6,5,11,61,82,83,36,143,172,203,139,19,9,0,0,0,0,0,0,0,0,0,0,0,0,4,10,52,70,69,31,122,144,176,121,16,8,5,12,61,81,79,37,144,168,208,138,16,10,6,14,69,99,93,41,161,193,233,159,20,13,5,12,64,85,86,39,152,176,207,144,19,11,4.0,9.62,50.25,68.75,67.38,30.12,118.75,140.75,169.38,116.0,15.12,8.25
Brick_0cm_S2,2026-04-25T09:50:38.001433,4,10,52,73,73,32,131,156,189,131,18,9,3,8,43,60,56,25,97,117,139,96,13,6,5,11,61,82,83,36,143,172,203,139,19,9,0,0,0,0,0,0,0,0,0,0,0,0,4,10,52,70,69,31,122,144,176,121,16,8,5,12,61,81,78,37,144,168,208,138,16,9,6,14,69,99,93,41,162,193,233,159,20,13,5,12,63,85,86,39,152,176,208,144,19,11,4.0,9.62,50.12,68.75,67.25,30.12,118.88,140.75,169.5,116.0,15.12,8.12
Brick_0cm_S2,2026-04-25T09:50:38.126036,4,10,52,73,73,32,130,155,189,131,17,8,3,8,43,60,56,25,98,117,138,96,13,7,5,11,61,82,83,36,143,173,203,139,19,9,0,0,0,0,0,0,0,0,0,0,0,0,4,10,52,70,69,31,122,144,176,121,16,8,5,12,61,81,78,37,144,168,208,138,16,9,6,14,69,99,93,41,162,193,233,159,20,13,5,12,63,85,86,39,152,176,208,144,19,11,4.0,9.62,50.12,68.75,67.25,30.12,118.88,140.75,169.38,116.0,15.0,8.12
Brick_0cm_S2,2026-04-25T09:50:38.255857,4,9,52,73,73,32,130,156,189,131,17,9,3,8,43,60,56,25,98,117,138,96,13,7,5,11,61,82,83,36,143,173,203,139,19,9,0,0,0,0,0,0,0,0,0,0,0,0,4,10,51,70,69,31,122,144,176,121,16,8,5,12,61,81,79,37,144,168,208,138,16,10,6,14,69,99,93,41,162,192,233,158,20,13,5,12,64,85,86,39,152,175,207,144,19,10,4.0,9.5,50.12,68.75,67.38,30.12,118.88,140.62,169.25,115.88,15.0,8.25
Brick_0cm_S2,2026-04-25T09:50:38.383871,4,9,52,73,73,32,130,156,189,131,17,9,3,8,43,60,56,25,97,117,139,96,13,7,5,11,61,82,83,36,143,172,203,139,19,9,0,0,0,0,0,0,0,0,0,0,0,0,3,10,52,70,69,31,122,144,176,121,16,8,5,12,61,81,79,37,144,167,208,139,16,9,6,14,69,99,93,41,162,192,233,158,20,13,5,12,64,85,86,39,152,175,207,144,19,10,3.88,9.5,50.25,68.75,67.38,30.12,118.75,140.38,169.38,116.0,15.0,8.12
Brick_0cm_S2,2026-04-25T09:50:38.507782,4,9,52,73,73,32,131,156,189,131,17,9,3,8,43,60,56,25,97,116,139,97,13,6,5,11,61,82,83,36,143,173,203,139,19,9,0,0,0,0,0,0,0,0,0,0,0,0,3,10,52,70,69,31,122,144,176,121,16,8,5,12,61,81,79,37,144,167,208,139,16,9,6,14,69,99,93,41,161,193,233,159,20,13,5,12,63,85,86,39,152,176,208,144,19,10,3.88,9.5,50.12,68.75,67.38,30.12,118.75,140.62,169.5,116.25,15.0,8.0
Brick_0cm_S2,2026-04-25T09:50:38.634477,4,9,52,73,73,32,131,156,189,131,17,9,3,8,43,60,56,25,97,116,139,97,13,6,5,11,61,82,83,36,143,173,203,139,19,9,0,0,0,0,0,0,0,0,0,0,0,0,4,10,52,70,69,31,122,144,176,121,16,8,5,12,61,81,79,37,144,167,208,138,16,10,6,14,69,99,93,41,162,192,233,158,20,13,5,12,63,85,86,39,152,176,208,144,19,10,4.0,9.5,50.12,68.75,67.38,30.12,118.88,140.5,169.5,116.0,15.0,8.12
Brick_0cm_S2,2026-04-25T09:50:38.748458,4,9,53,73,73,32,131,156,189,131,18,9,3,8,43,60,56,25,97,116,139,96,13,6,5,11,61,82,83,36,143,172,203,139,19,9,0,0,0,0,0,0,0,0,0,0,0,0,4,10,52,70,69,31,122,144,176,121,16,8,5,12,61,81,79,37,144,167,208,138,16,10,6,14,69,99,93,41,162,192,233,158,20,13,5,12,63,85,86,39,152,176,208,144,19,10,4.0,9.5,50.25,68.75,67.38,30.12,118.88,140.38,169.5,115.88,15.12,8.12
Brick_0cm_S2,2026-04-25T09:50:38.869030,4,9,53,73,73,32,131,156,189,131,18,9,3,8,43,60,56,25,97,116,139,96,13,6,5,11,61,82,83,36,143,172,203,139,19,9,0,0,0,0,0,0,0,0,0,0,0,0,4,10,52,70,69,31,122,144,176,121,15,8,5,12,61,81,79,37,144,168,208,138,16,10,6,14,69,99,93,41,161,193,233,158,20,13,5,12,64,85,86,39,152,175,208,144,19,11,4.0,9.5,50.38,68.75,67.38,30.12,118.75,140.5,169.5,115.88,15.0,8.25
Brick_0cm_S2,2026-04-25T09:50:38.999083,4,9,53,73,73,32,131,156,188,131,17,9,3,8,43,60,56,25,97,116,139,97,13,6,5,11,61,82,83,36,143,172,203,139,19,9,0,0,0,0,0,0,0,0,0,0,0,0,4,10,52,70,69,31,122,144,176,121,15,8,5,12,61,81,79,37,144,168,208,138,16,10,6,14,69,99,93,41,161,193,233,158,20,13,5,12,64,85,86,39,152,175,208,144,19,11,4.0,9.5,50.38,68.75,67.38,30.12,118.75,140.5,169.38,116.0,14.88,8.25
Brick_0cm_S2,2026-04-25T09:50:39.128373,4,9,53,73,73,32,131,156,188,131,17,9,3,8,43,60,56,25,97,116,139,97,13,6,5,11,61,82,83,36,143,172,203,139,19,9,0,0,0,0,0,0,0,0,0,0,0,0,4,10,51,70,69,31,122,144,176,121,16,8,5,12,61,81,78,37,144,168,208,138,16,10,6,14,69,99,93,41,161,192,233,159,20,13,5,12,63,85,86,39,152,176,208,144,19,10,4.0,9.5,50.12,68.75,67.25,30.12,118.75,140.5,169.38,116.12,15.0,8.12
Brick_0cm_S2,2026-04-25T09:50:39.254162,4,10,52,73,73,32,130,156,189,131,17,9,3,8,43,60,55,25,98,117,139,96,13,7,5,11,61,82,83,36,143,173,203,139,19,9,0,0,0,0,0,0,0,0,0,0,0,0,4,10,51,70,69,31,122,144,176,121,16,8,5,12,61,81,78,37,144,168,208,138,16,10,6,14,69,99,93,41,161,192,233,159,20,13,5,12,63,85,86,39,152,176,208,144,19,10,4.0,9.62,50.0,68.75,67.12,30.12,118.75,140.75,169.5,116.0,15.0,8.25
Brick_0cm_S2,2026-04-25T09:50:39.380830,4,10,52,73,73,32,130,156,189,131,17,9,3,8,43,60,55,25,98,117,139,96,13,7,5,11,61,82,83,36,143,173,203,139,19,9,0,0,0,0,0,0,0,0,0,0,0,0,3,10,51,70,69,31,122,143,176,121,16,8,5,12,61,81,79,37,144,168,208,138,16,10,6,14,69,99,93,41,161,193,233,159,20,13,5,12,63,85,86,39,152,176,208,144,19,10,3.88,9.62,50.0,68.75,67.25,30.12,118.75,140.75,169.5,116.0,15.0,8.25
Brick_0cm_S2,2026-04-25T09:50:39.505217,4,9,52,73,73,32,131,155,189,131,17,9,3,8,44,60,56,25,97,116,139,96,13,7,5,11,61,82,83,36,143,172,203,139,19,9,0,0,0,0,0,0,0,0,0,0,0,0,3,10,51,70,69,31,122,143,176,121,16,8,5,12,61,81,79,37,144,168,208,138,16,10,6,14,69,99,93,41,161,193,233,159,20,13,5,12,63,85,86,39,152,176,208,144,19,10,3.88,9.5,50.12,68.75,67.38,30.12,118.75,140.38,169.5,116.0,15.0,8.25
Brick_0cm_S2,2026-04-25T09:50:39.667601,4,10,52,73,73,32,131,156,189,131,18,9,3,8,44,60,56,25,97,116,139,96,13,7,5,11,61,82,83,36,143,172,203,139,19,9,0,0,0,0,0,0,0,0,0,0,0,0,4,10,51,70,69,31,122,144,176,121,16,8,5,12,61,81,79,37,144,167,208,138,16,10,6,14,69,99,93,41,161,192,233,159,20,13,5,12,63,85,86,39,152,175,208,144,19,10,4.0,9.62,50.12,68.75,67.38,30.12,118.75,140.25,169.5,116.0,15.12,8.25
Brick_0cm_S2,2026-04-25T09:50:39.782778,4,10,52,73,73,32,131,156,189,131,18,9,3,8,42,60,56,25,98,117,139,96,13,7,5,11,61,82,83,36,143,172,203,139,19,9,0,0,0,0,0,0,0,0,0,0,0,0,4,10,52,70,69,31,122,144,175,121,16,8,5,12,61,81,78,37,144,168,208,138,16,10,6,14,69,99,93,41,161,193,233,159,20,13,5,12,63,85,86,39,152,175,208,144,19,10,4.0,9.62,50.0,68.75,67.25,30.12,118.88,140.62,169.38,116.0,15.12,8.25
Brick_0cm_S2,2026-04-25T09:50:39.900495,4,9,52,73,73,32,131,155,189,131,17,9,3,8,44,60,56,25,98,117,138,96,13,7,5,11,61,82,83,36,143,172,203,139,19,9,0,0,0,0,0,0,0,0,0,0,0,0,4,10,52,70,69,31,122,144,175,121,16,8,5,12,61,81,78,37,144,168,208,138,16,10,6,14,69,99,93,41,161,193,233,159,20,13,5,12,64,85,86,39,152,175,207,144,19,10,4.0,9.5,50.38,68.75,67.25,30.12,118.88,140.5,169.12,116.0,15.0,8.25
Brick_0cm_S2,2026-04-25T09:50:40.008220,4,9,52,73,73,32,131,155,189,131,17,9,3,8,44,60,56,25,98,117,138,96,13,7,5,11,61,82,83,36,143,172,203,139,19,9,0,0,0,0,0,0,0,0,0,0,0,0,4,10,51,70,69,31,122,144,176,121,16,8,5,12,61,81,79,37,144,168,208,138,16,10,6,14,69,99,93,41,161,193,233,159,20,13,5,12,64,85,86,39,152,175,207,144,19,10,4.0,9.5,50.25,68.75,67.38,30.12,118.88,140.5,169.25,116.0,15.0,8.25
Brick_0cm_S2,2026-04-25T09:50:40.138839,4,10,52,73,73,32,131,156,189,131,17,9,3,8,44,60,56,25,98,117,138,96,13,7,5,11,61,82,83,36,143,173,203,139,19,9,0,0,0,0,0,0,0,0,0,0,0,0,4,10,51,70,69,31,122,144,176,121,16,8,5,12,61,81,79,37,144,168,208,138,16,10,6,14,69,99,93,41,161,193,233,159,20,13,5,12,63,85,86,39,152,175,208,144,19,11,4.0,9.62,50.12,68.75,67.38,30.12,118.88,140.75,169.38,116.0,15.0,8.38
Brick_0cm_S2,2026-04-25T09:50:40.264578,4,10,52,73,73,32,131,156,189,131,17,9,3,8,44,60,56,25,98,117,138,96,13,7,5,11,61,82,83,36,143,173,203,139,19,9,0,0,0,0,0,0,0,0,0,0,0,0,4,10,51,70,69,31,122,144,176,121,16,8,5,12,61,81,79,37,144,167,208,138,16,10,6,14,69,99,93,41,161,192,233,159,20,13,5,12,64,85,86,39,152,176,208,144,19,11,4.0,9.62,50.25,68.75,67.38,30.12,118.88,140.62,169.38,116.0,15.0,8.38
Brick_0cm_S2,2026-04-25T09:50:40.389956,4,9,52,73,73,32,131,156,189,131,18,9,3,8,44,60,56,25,98,117,139,97,13,7,5,11,61,82,83,36,143,172,203,138,19,9,0,0,0,0,0,0,0,0,0,0,0,0,4,10,51,70,69,31,122,144,176,121,16,8,5,12,61,81,79,37,144,167,208,138,16,10,6,14,69,99,93,41,161,192,233,159,20,13,5,12,64,85,86,39,152,176,208,144,19,11,4.0,9.5,50.25,68.75,67.38,30.12,118.88,140.5,169.5,116.0,15.12,8.38
Brick_0cm_S2,2026-04-25T09:50:40.508259,4,9,52,73,73,32,131,156,189,131,18,9,3,8,44,60,56,25,98,117,139,97,13,7,5,11,61,82,83,36,143,172,203,138,19,9,0,0,0,0,0,0,0,0,0,0,0,0,4,10,52,70,69,31,122,144,176,121,16,8,4,12,61,81,79,37,144,168,208,138,16,9,6,14,69,99,93,41,161,193,233,159,20,13,5,12,63,85,86,39,152,175,208,144,19,10,3.88,9.5,50.25,68.75,67.38,30.12,118.88,140.62,169.5,116.0,15.12,8.12
Brick_0cm_S2,2026-04-25T09:50:40.620683,4,9,52,73,73,32,130,156,189,131,17,9,3,8,44,60,55,25,97,117,139,96,13,7,5,11,61,82,83,36,143,173,203,139,19,9,0,0,0,0,0,0,0,0,0,0,0,0,4,10,52,70,69,31,122,144,176,121,16,8,4,12,61,81,79,37,144,168,208,138,16,9,6,14,69,99,93,41,161,193,233,159,20,13,5,12,63,85,86,39,152,175,208,144,19,10,3.88,9.5,50.25,68.75,67.25,30.12,118.62,140.75,169.5,116.0,15.0,8.12
Brick_0cm_S2,2026-04-25T09:50:40.735732,4,9,52,73,73,32,130,156,189,131,17,9,3,8,44,60,55,25,97,117,139,96,13,7,5,11,61,82,83,36,143,173,203,139,19,9,0,0,0,0,0,0,0,0,0,0,0,0,4,10,52,70,69,31,122,144,176,121,16,8,5,12,61,81,79,37,144,168,208,138,16,9,6,14,69,99,93,41,161,193,233,159,20,13,5,12,64,85,86,39,152,176,207,144,19,10,4.0,9.5,50.38,68.75,67.25,30.12,118.62,140.88,169.38,116.0,15.0,8.12
Brick_0cm_S2,2026-04-25T09:50:40.854445,4,9,52,73,73,32,130,156,188,131,17,9,3,8,44,60,56,25,97,117,139,97,13,7,5,11,61,82,83,36,143,172,203,139,19,9,0,0,0,0,0,0,0,0,0,0,0,0,4,10,52,70,69,31,122,144,176,121,16,8,5,12,61,81,79,37,144,168,208,138,16,9,6,14,69,99,93,41,161,193,233,159,20,13,5,12,64,85,86,39,152,176,207,144,19,10,4.0,9.5,50.38,68.75,67.38,30.12,118.62,140.75,169.25,116.12,15.0,8.12
Brick_0cm_S2,2026-04-25T09:50:40.967962,4,9,52,73,73,32,130,156,188,131,17,9,3,8,44,60,56,25,97,117,139,97,13,7,5,11,61,82,83,36,143,172,203,139,19,9,0,0,0,0,0,0,0,0,0,0,0,0,4,10,52,70,69,31,122,144,176,121,16,8,5,12,61,81,79,37,144,168,208,138,16,10,6,14,69,99,93,41,161,193,233,159,20,13,5,12,64,85,86,39,152,176,208,144,19,11,4.0,9.5,50.38,68.75,67.38,30.12,118.62,140.75,169.38,116.12,15.0,8.38
Brick_0cm_S2,2026-04-25T09:50:41.088190,4,9,52,73,74,32,130,156,189,131,17,9,3,8,44,60,56,25,97,116,139,97,13,6,5,11,61,82,83,36,143,173,203,138,19,9,0,0,0,0,0,0,0,0,0,0,0,0,4,10,52,70,69,31,122,144,176,121,16,8,5,12,61,81,79,37,144,168,208,138,16,10,6,14,69,99,93,41,161,193,233,159,20,13,5,12,64,85,86,39,152,176,208,144,19,11,4.0,9.5,50.38,68.75,67.5,30.12,118.62,140.75,169.5,116.0,15.0,8.25
Brick_0cm_S2,2026-04-25T09:50:41.205407,4,9,52,73,74,32,130,156,189,131,17,9,3,8,44,60,56,25,97,116,139,97,13,6,5,11,61,82,83,36,143,173,203,138,19,9,0,0,0,0,0,0,0,0,0,0,0,0,3,10,51,70,69,31,122,144,176,121,16,8,5,12,61,81,79,37,144,168,208,138,16,10,6,14,69,99,93,41,161,193,233,159,20,13,5,12,63,85,86,39,152,175,208,144,19,10,3.88,9.5,50.12,68.75,67.5,30.12,118.62,140.62,169.5,116.0,15.0,8.12
Brick_0cm_S2,2026-04-25T09:50:41.319590,4,9,52,73,73,32,130,156,189,131,17,9,3,8,44,60,56,25,97,116,139,97,13,6,5,11,61,82,83,36,143,172,203,139,19,9,0,0,0,0,0,0,0,0,0,0,0,0,3,10,51,70,69,31,122,144,176,121,16,8,5,12,61,81,79,37,144,168,208,138,16,10,6,14,69,99,93,41,161,193,233,159,20,13,5,12,63,85,86,39,152,175,208,144,19,10,3.88,9.5,50.12,68.75,67.38,30.12,118.62,140.5,169.5,116.12,15.0,8.12
Brick_0cm_S2,2026-04-25T09:50:41.445666,4,9,52,73,73,32,130,156,189,131,17,9,3,8,44,60,56,25,97,116,139,97,13,6,5,11,61,82,83,36,143,172,203,139,19,9,0,0,0,0,0,0,0,0,0,0,0,0,4,10,52,70,69,31,122,144,176,121,16,9,4,12,61,81,79,37,144,168,208,138,16,9,6,14,69,99,93,41,161,193,232,159,20,13,5,12,63,85,86,39,152,175,208,144,19,11,3.88,9.5,50.25,68.75,67.38,30.12,118.62,140.5,169.38,116.12,15.0,8.25
Brick_0cm_S2,2026-04-25T09:50:41.573296,4,10,52,73,73,32,130,156,189,131,17,9,3,8,44,60,56,25,97,117,139,97,13,6,5,11,61,82,83,36,143,173,203,139,19,9,0,0,0,0,0,0,0,0,0,0,0,0,4,10,52,70,69,31,122,144,176,121,16,9,4,12,61,81,79,37,144,168,208,138,16,9,6,14,69,99,93,41,161,193,232,159,20,13,5,12,63,85,86,39,152,175,208,144,19,11,3.88,9.62,50.25,68.75,67.38,30.12,118.62,140.75,169.38,116.12,15.0,8.25
Brick_0cm_S2,2026-04-25T09:50:41.700994,4,10,52,73,73,32,130,156,189,131,17,9,3,8,44,60,56,25,97,117,139,97,13,6,5,11,61,82,83,36,143,173,203,139,19,9,0,0,0,0,0,0,0,0,0,0,0,0,4,10,52,70,69,31,122,144,176,121,16,8,5,12,61,81,79,37,144,168,208,138,16,9,6,14,69,99,93,41,161,193,233,159,20,13,5,12,63,85,86,39,152,176,207,144,19,10,4.0,9.62,50.25,68.75,67.38,30.12,118.62,140.88,169.38,116.12,15.0,8.0
Brick_0cm_S2,2026-04-25T09:50:41.828132,4,9,52,73,73,32,130,156,189,131,17,9,3,8,43,60,56,25,97,116,139,97,13,6,5,11,61,82,83,36,143,172,203,139,19,9,0,0,0,0,0,0,0,0,0,0,0,0,4,10,52,70,69,31,122,144,176,121,16,8,5,12,61,81,79,37,144,168,208,138,16,9,6,14,69,99,93,41,161,193,233,159,20,13,5,12,63,85,86,39,152,176,207,144,19,10,4.0,9.5,50.12,68.75,67.38,30.12,118.62,140.62,169.38,116.12,15.0,8.0
Brick_0cm_S2,2026-04-25T09:50:41.954288,4,10,52,73,73,32,131,156,189,131,18,9,3,8,43,60,56,25,97,116,139,97,13,6,5,11,61,82,83,36,143,172,203,139,19,9,0,0,0,0,0,0,0,0,0,0,0,0,4,10,52,70,69,31,122,144,176,121,16,8,5,12,61,81,79,37,144,168,208,138,16,10,6,14,69,99,93,41,161,193,233,159,20,13,5,12,64,85,86,39,152,175,208,144,19,11,4.0,9.62,50.25,68.75,67.38,30.12,118.75,140.5,169.5,116.12,15.12,8.25
Brick_0cm_S2,2026-04-25T09:50:42.082010,4,10,52,73,73,32,131,156,189,131,18,9,3,8,44,60,55,25,97,116,139,96,13,6,5,11,61,82,83,36,143,172,203,139,19,9,0,0,0,0,0,0,0,0,0,0,0,0,3,10,52,70,69,31,122,144,176,121,15,8,5,12,61,81,79,37,144,168,208,138,16,9,6,14,69,99,93,41,161,193,233,159,20,13,5,12,64,85,86,39,152,175,208,144,19,11,3.88,9.62,50.38,68.75,67.25,30.12,118.75,140.5,169.5,116.0,15.0,8.12
Brick_0cm_S2,2026-04-25T09:50:42.207725,4,10,52,73,73,32,131,156,189,131,17,9,3,8,43,60,56,25,97,117,139,96,13,6,5,11,61,82,83,36,143,172,203,139,19,9,0,0,0,0,0,0,0,0,0,0,0,0,3,10,52,70,69,31,122,144,176,121,15,8,5,12,61,81,79,37,144,168,208,138,16,9,6,14,69,99,93,41,161,193,233,159,20,13,5,12,63,85,86,39,152,175,208,144,19,11,3.88,9.62,50.12,68.75,67.38,30.12,118.75,140.62,169.5,116.0,14.88,8.12
Brick_0cm_S2,2026-04-25T09:50:42.322367,4,10,52,73,73,32,131,156,189,131,17,9,3,8,43,60,56,25,97,117,139,96,13,6,5,11,61,82,83,36,143,172,203,139,19,9,0,0,0,0,0,0,0,0,0,0,0,0,4,10,52,70,69,31,122,144,176,121,16,8,5,12,61,81,78,37,144,168,208,138,16,10,6,14,69,99,93,41,161,192,233,159,20,13,5,12,63,85,86,39,152,175,208,144,19,11,4.0,9.62,50.12,68.75,67.25,30.12,118.75,140.5,169.5,116.0,15.0,8.25
Brick_0cm_S2,2026-04-25T09:50:42.440396,4,9,52,73,73,33,130,156,189,131,18,9,3,8,44,60,56,25,97,116,139,96,13,6,5,11,61,82,83,37,143,172,203,139,19,9,0,0,0,0,0,0,0,0,0,0,0,0,4,10,52,70,69,31,122,144,176,121,16,8,5,12,61,81,78,37,144,168,208,138,16,10,6,14,69,99,93,41,161,192,233,159,20,13,5,12,63,85,86,39,152,176,207,144,19,11,4.0,9.5,50.25,68.75,67.25,30.38,118.62,140.5,169.38,116.0,15.12,8.25
Brick_0cm_S2,2026-04-25T09:50:42.561491,4,9,52,73,73,33,130,156,189,131,18,9,3,8,44,60,56,25,97,116,139,96,13,6,5,11,61,82,83,37,143,172,203,139,19,9,0,0,0,0,0,0,0,0,0,0,0,0,4,10,51,70,69,31,122,144,176,121,16,8,5,12,61,81,79,37,144,168,208,138,16,10,6,14,69,99,93,41,161,193,233,159,20,13,5,12,64,85,86,39,152,176,208,144,19,10,4.0,9.5,50.25,68.75,67.38,30.38,118.62,140.62,169.5,116.0,15.12,8.12
Brick_0cm_S2,2026-04-25T09:50:42.675434,4,9,52,73,73,32,131,156,189,131,17,9,3,8,43,60,56,25,97,116,139,97,13,6,5,11,61,82,83,36,143,172,203,139,19,9,0,0,0,0,0,0,0,0,0,0,0,0,4,10,51,70,69,31,122,144,176,121,16,8,5,12,61,81,79,37,144,168,208,138,16,10,6,14,69,99,93,41,161,193,233,159,20,13,5,12,64,85,86,39,152,176,208,144,19,10,4.0,9.5,50.12,68.75,67.38,30.12,118.75,140.62,169.5,116.12,15.0,8.12
Brick_0cm_S2,2026-04-25T09:50:42.793600,4,9,52,73,73,32,131,156,189,131,17,9,3,8,43,60,56,25,97,116,139,97,13,6,5,11,61,82,83,36,143,172,203,139,19,9,0,0,0,0,0,0,0,0,0,0,0,0,4,10,52,70,69,31,122,144,176,121,16,8,5,12,61,81,78,37,144,168,208,138,16,10,6,14,69,99,93,41,161,193,233,159,20,13,5,12,64,85,86,39,152,176,207,144,19,10,4.0,9.5,50.25,68.75,67.25,30.12,118.75,140.62,169.38,116.12,15.0,8.12
Brick_0cm_S2,2026-04-25T09:50:42.911192,4,10,52,73,73,32,131,156,189,131,17,9,3,8,43,60,56,25,97,116,139,97,13,6,5,11,61,82,83,36,144,173,203,139,19,9,0,0,0,0,0,0,0,0,0,0,0,0,4,10,52,70,69,31,122,144,176,121,16,8,5,12,61,81,78,37,144,168,208,138,16,10,6,14,69,99,93,41,161,193,233,159,20,13,5,12,64,85,86,39,152,176,207,144,19,10,4.0,9.62,50.25,68.75,67.25,30.12,118.88,140.75,169.38,116.12,15.0,8.12
Brick_0cm_S2,2026-04-25T09:50:43.033941,4,10,52,73,73,32,131,156,189,131,17,9,3,8,43,60,56,25,97,116,139,97,13,6,5,11,61,82,83,36,144,173,203,139,19,9,0,0,0,0,0,0,0,0,0,0,0,0,4,10,52,70,69,31,122,144,176,121,16,8,5,12,61,81,78,37,144,168,208,138,16,10,6,13,69,99,93,41,161,193,233,159,20,13,5,12,63,85,86,39,152,176,208,144,19,11,4.0,9.5,50.12,68.75,67.25,30.12,118.88,140.75,169.5,116.12,15.0,8.25
Brick_0cm_S2,2026-04-25T09:50:43.159696,4,9,52,73,73,32,130,156,189,131,17,9,3,8,43,60,56,25,97,117,138,96,13,7,5,11,61,82,83,36,143,173,203,139,19,9,0,0,0,0,0,0,0,0,0,0,0,0,4,10,52,70,69,31,122,144,176,121,16,8,5,12,61,81,78,37,144,168,208,138,16,10,6,13,69,99,93,41,161,193,233,159,20,13,5,12,63,85,86,39,152,176,208,144,19,11,4.0,9.38,50.12,68.75,67.25,30.12,118.62,140.88,169.38,116.0,15.0,8.38
Brick_0cm_S2,2026-04-25T09:50:43.275651,4,9,52,73,73,32,130,156,189,131,17,9,3,8,43,60,56,25,97,117,138,96,13,7,5,11,61,82,83,36,143,173,203,139,19,9,0,0,0,0,0,0,0,0,0,0,0,0,4,10,52,70,69,31,122,144,176,121,16,8,5,12,60,81,79,37,144,168,208,138,16,10,6,14,69,99,93,41,161,193,233,159,20,13,5,12,63,85,86,39,152,176,208,144,19,10,4.0,9.5,50.0,68.75,67.38,30.12,118.62,140.88,169.38,116.0,15.0,8.25
Brick_0cm_S2,2026-04-25T09:50:43.384926,4,10,52,73,73,33,130,156,189,131,18,9,3,8,43,60,56,25,97,117,139,97,13,6,5,11,61,82,83,36,143,172,203,139,19,9,0,0,0,0,0,0,0,0,0,0,0,0,4,10,52,70,69,31,122,144,176,121,16,8,5,12,60,81,79,37,144,168,208,138,16,10,6,14,69,99,93,41,161,193,233,159,20,13,5,12,63,85,86,39,152,176,208,144,19,10,4.0,9.62,50.0,68.75,67.38,30.25,118.62,140.75,169.5,116.12,15.12,8.12
Brick_0cm_S2,2026-04-25T09:50:43.504505,4,10,52,73,73,33,130,156,189,131,18,9,3,8,43,60,56,25,97,117,139,97,13,6,5,11,61,82,83,36,143,172,203,139,19,9,0,0,0,0,0,0,0,0,0,0,0,0,4,10,52,70,69,31,122,144,176,121,16,8,5,12,61,81,79,37,144,168,208,138,16,10,6,14,69,100,93,41,161,193,233,159,20,13,5,12,64,85,86,39,152,175,208,144,19,10,4.0,9.62,50.25,68.88,67.38,30.25,118.62,140.62,169.5,116.12,15.12,8.12
Brick_0cm_S2,2026-04-25T09:50:43.613434,4,9,52,73,73,32,131,156,189,131,18,9,3,8,43,60,56,25,97,117,139,97,13,6,5,11,61,82,83,36,143,172,203,139,19,9,0,0,0,0,0,0,0,0,0,0,0,0,4,10,52,70,69,31,122,144,176,121,16,8,5,12,61,81,79,37,144,168,208,138,16,10,6,14,69,100,93,41,161,193,233,159,20,13,5,12,64,85,86,39,152,175,208,144,19,10,4.0,9.5,50.25,68.88,67.38,30.12,118.75,140.62,169.5,116.12,15.12,8.12
Brick_0cm_S2,2026-04-25T09:50:43.730800,4,9,52,73,73,32,131,156,189,131,18,9,3,8,43,60,56,25,97,117,139,97,13,6,5,11,61,82,83,36,143,172,203,139,19,9,0,0,0,0,0,0,0,0,0,0,0,0,4,10,51,70,69,31,122,144,176,121,16,8,5,12,61,81,79,37,144,168,208,139,16,10,6,14,69,99,93,41,161,192,233,159,20,13,5,12,63,85,86,39,152,176,208,144,19,11,4.0,9.5,50.0,68.75,67.38,30.12,118.75,140.62,169.5,116.25,15.12,8.25
Brick_0cm_S2,2026-04-25T09:50:43.859668,4,10,52,73,73,32,130,156,189,131,17,9,3,8,43,60,56,25,97,116,139,96,13,6,5,11,61,82,83,36,143,172,203,139,19,9,0,0,0,0,0,0,0,0,0,0,0,0,4,10,51,70,69,31,122,144,176,121,16,8,5,12,61,81,79,37,144,168,208,139,16,10,6,14,69,99,93,41,161,192,233,159,20,13,5,12,63,85,86,39,152,176,208,144,19,11,4.0,9.62,50.0,68.75,67.38,30.12,118.62,140.5,169.5,116.12,15.0,8.25
Brick_0cm_S2,2026-04-25T09:50:43.986090,4,10,53,73,73,32,131,156,189,131,17,9,3,8,43,60,56,25,97,116,139,96,13,6,5,11,61,82,83,36,143,172,203,139,19,9,0,0,0,0,0,0,0,0,0,0,0,0,4,10,52,70,69,31,122,144,176,122,16,8,5,12,61,81,78,37,144,167,208,138,16,9,6,14,69,99,93,41,161,193,233,159,20,13,5,12,63,85,86,39,152,175,207,144,19,10,4.0,9.62,50.25,68.75,67.25,30.12,118.75,140.38,169.38,116.12,15.0,8.0
Brick_0cm_S2,2026-04-25T09:50:44.113655,4,10,53,73,73,32,131,156,189,131,17,9,3,8,43,60,56,25,97,116,139,96,13,6,5,11,61,82,83,36,143,173,203,139,19,9,0,0,0,0,0,0,0,0,0,0,0,0,4,10,51,70,69,31,122,144,176,121,16,8,5,12,61,81,78,37,144,167,208,138,16,9,6,14,69,99,93,41,161,193,233,159,20,13,5,12,63,85,86,39,152,175,207,144,19,10,4.0,9.62,50.12,68.75,67.25,30.12,118.75,140.5,169.38,116.0,15.0,8.0
Brick_0cm_S2,2026-04-25T09:50:44.241242,4,9,52,73,73,32,131,156,189,131,17,9,3,8,44,60,56,25,97,117,139,96,13,7,5,11,61,82,83,36,143,173,203,139,19,9,0,0,0,0,0,0,0,0,0,0,0,0,4,10,51,70,69,31,122,144,176,121,16,8,5,12,61,81,79,37,144,168,208,138,16,10,6,14,69,99,93,41,161,193,233,159,20,13,5,12,63,85,86,39,152,176,208,144,19,10,4.0,9.5,50.12,68.75,67.38,30.12,118.75,140.88,169.5,116.0,15.0,8.25
Brick_0cm_S2,2026-04-25T09:50:44.365425,4,9,52,73,73,32,131,156,189,131,17,9,3,8,44,60,56,25,97,117,139,96,13,7,5,11,61,82,83,36,143,173,203,139,19,9,0,0,0,0,0,0,0,0,0,0,0,0,4,10,52,70,69,31,122,144,176,121,16,8,5,12,61,81,79,37,144,168,208,138,16,10,6,14,69,99,93,41,161,193,233,158,20,13,5,12,63,85,86,39,152,176,208,144,19,10,4.0,9.5,50.25,68.75,67.38,30.12,118.75,140.88,169.5,115.88,15.0,8.25
Brick_0cm_S2,2026-04-25T09:50:44.493135,4,9,52,73,73,32,130,156,189,131,18,9,3,8,43,60,56,25,97,116,139,96,13,6,5,11,60,82,83,35,143,172,203,139,19,9,0,0,0,0,0,0,0,0,0,0,0,0,4,10,52,70,69,31,122,144,176,121,16,8,5,12,61,81,79,37,144,168,208,138,16,10,6,14,69,99,93,41,161,193,233,158,20,13,5,12,64,85,86,39,152,175,208,144,19,11,4.0,9.5,50.12,68.75,67.38,30.0,118.62,140.5,169.5,115.88,15.12,8.25
Brick_0cm_S2,2026-04-25T09:50:44.619482,4,9,52,73,73,32,130,156,189,131,18,9,3,8,43,60,56,25,97,116,139,96,13,6,5,11,60,82,83,35,143,172,203,139,19,9,0,0,0,0,0,0,0,0,0,0,0,0,4,10,52,70,69,31,122,144,176,121,16,8,5,12,61,81,79,37,144,168,208,138,16,9,6,14,69,99,93,41,161,193,233,159,20,13,5,12,63,85,86,39,152,175,207,144,19,10,4.0,9.5,50.0,68.75,67.38,30.0,118.62,140.5,169.38,116.0,15.12,8.0
Brick_0cm_S2,2026-04-25T09:50:44.743812,4,9,52,73,73,32,131,156,189,131,18,9,3,8,43,60,56,25,97,116,139,96,13,6,5,11,61,82,83,36,143,173,203,139,19,9,0,0,0,0,0,0,0,0,0,0,0,0,4,10,52,70,69,31,122,144,176,121,16,8,5,12,61,81,79,37,144,168,208,138,16,9,6,14,69,99,93,41,161,193,233,159,20,13,5,12,63,85,86,39,152,175,207,144,19,10,4.0,9.5,50.12,68.75,67.38,30.12,118.75,140.62,169.38,116.0,15.12,8.0
Brick_0cm_S2,2026-04-25T09:50:44.899868,4,9,52,73,73,32,131,156,189,131,18,9,3,8,43,60,56,25,97,116,139,96,13,6,5,11,61,82,83,36,143,173,203,139,19,9,0,0,0,0,0,0,0,0,0,0,0,0,4,10,52,70,69,31,122,144,176,121,16,8,5,12,61,81,79,37,144,168,208,138,16,10,6,14,69,99,93,41,161,192,233,159,20,13,5,12,63,85,86,39,152,176,208,144,19,10,4.0,9.5,50.12,68.75,67.38,30.12,118.75,140.62,169.5,116.0,15.12,8.12
Brick_0cm_S2,2026-04-25T09:50:45.013134,4,9,52,73,73,32,131,155,189,131,18,9,3,8,43,60,55,25,97,117,139,96,13,6,5,11,61,82,83,36,143,173,203,139,19,9,0,0,0,0,0,0,0,0,0,0,0,0,4,10,52,70,69,31,122,144,176,121,16,8,5,12,61,81,79,37,144,168,208,138,16,10,6,14,69,99,93,41,161,192,233,159,20,13,5,12,63,85,86,39,152,176,208,144,19,10,4.0,9.5,50.12,68.75,67.25,30.12,118.75,140.62,169.5,116.0,15.12,8.12
Brick_0cm_S2,2026-04-25T09:50:45.125122,4,9,52,73,73,32,131,155,189,131,18,9,3,8,43,60,55,25,97,117,139,96,13,6,5,11,61,82,83,36,143,173,203,139,19,9,0,0,0,0,0,0,0,0,0,0,0,0,4,10,51,70,69,31,122,144,176,121,16,8,5,12,61,81,78,37,144,168,208,138,16,10,6,14,69,99,93,41,161,192,233,158,20,13,5,12,64,85,86,39,152,176,208,144,19,10,4.0,9.5,50.12,68.75,67.12,30.12,118.75,140.62,169.5,115.88,15.12,8.12
Brick_0cm_S2,2026-04-25T09:50:45.251224,4,9,52,73,73,32,130,156,189,131,17,8,3,8,43,60,56,25,97,116,139,96,13,7,5,11,61,82,83,36,143,173,203,139,19,9,0,0,0,0,0,0,0,0,0,0,0,0,4,10,52,70,69,31,122,144,176,121,16,8,5,12,61,81,78,37,144,168,208,138,16,10,6,14,69,99,93,41,161,192,233,158,20,13,5,12,64,85,86,39,152,176,208,144,19,10,4.0,9.5,50.25,68.75,67.25,30.12,118.62,140.62,169.5,115.88,15.0,8.12
Brick_0cm_S2,2026-04-25T09:50:45.377450,4,9,52,73,73,32,131,156,188,131,18,9,3,8,43,60,56,25,97,116,139,96,13,7,5,11,61,82,83,36,143,173,203,139,19,9,0,0,0,0,0,0,0,0,0,0,0,0,4,10,52,70,69,31,122,144,176,121,16,8,5,12,61,81,79,37,144,168,208,138,16,10,6,14,69,99,93,41,161,192,233,159,20,13,5,12,63,85,86,39,152,176,208,144,19,10,4.0,9.5,50.12,68.75,67.38,30.12,118.75,140.62,169.38,116.0,15.12,8.25
Brick_0cm_S2,2026-04-25T09:50:45.507038,4,9,52,73,73,32,131,156,188,131,18,9,3,8,43,60,55,25,97,116,139,96,13,7,5,11,61,82,83,36,143,172,203,139,19,9,0,0,0,0,0,0,0,0,0,0,0,0,4,10,52,70,69,31,122,144,177,121,16,8,5,12,61,81,79,37,144,168,208,138,16,10,6,14,69,99,93,41,161,192,233,159,20,13,5,12,63,85,86,39,152,176,208,144,19,10,4.0,9.5,50.12,68.75,67.25,30.12,118.75,140.5,169.5,116.0,15.12,8.25
Brick_0cm_S2,2026-04-25T09:50:45.624251,4,10,52,73,73,32,131,156,189,131,17,9,3,8,44,60,56,25,97,117,139,97,13,7,5,11,61,82,83,36,143,172,203,139,19,9,0,0,0,0,0,0,0,0,0,0,0,0,4,10,52,70,69,31,122,144,177,121,16,8,5,12,61,81,79,37,144,168,208,138,16,10,6,14,69,99,93,41,161,193,233,159,20,13,5,12,64,85,86,39,152,176,208,144,19,10,4.0,9.62,50.38,68.75,67.38,30.12,118.75,140.75,169.62,116.12,15.0,8.25
Brick_0cm_S2,2026-04-25T09:50:45.741868,4,10,52,73,73,32,131,156,189,131,17,9,3,8,44,60,56,25,97,117,139,97,13,7,5,11,61,82,83,36,143,172,203,139,19,9,0,0,0,0,0,0,0,0,0,0,0,0,4,10,51,70,69,31,122,144,176,121,16,8,5,12,61,81,79,37,144,167,208,138,16,10,6,14,69,99,93,41,161,193,233,159,20,13,5,12,64,85,86,39,152,176,208,144,19,10,4.0,9.62,50.25,68.75,67.38,30.12,118.75,140.62,169.5,116.12,15.0,8.25
Brick_0cm_S2,2026-04-25T09:50:45.857009,4,9,52,73,73,33,131,156,188,131,18,9,3,8,43,60,56,25,97,116,139,96,13,7,5,11,61,82,83,36,143,173,203,139,19,9,0,0,0,0,0,0,0,0,0,0,0,0,4,10,51,70,69,31,122,144,176,121,16,8,5,12,61,81,79,37,144,167,208,138,16,10,6,14,69,99,93,41,161,192,233,159,20,13,5,12,64,85,86,39,152,175,207,144,19,11,4.0,9.5,50.12,68.75,67.38,30.25,118.75,140.38,169.25,116.0,15.12,8.38
Brick_0cm_S2,2026-04-25T09:50:45.971040,4,9,52,73,73,33,131,156,188,131,18,9,3,8,43,60,56,25,97,116,139,96,13,7,5,11,61,82,83,36,143,173,203,139,19,9,0,0,0,0,0,0,0,0,0,0,0,0,4,10,51,70,69,31,122,144,176,121,16,8,4,12,61,81,79,37,144,168,208,138,16,10,6,14,69,99,93,41,161,193,233,159,20,13,5,12,64,85,86,39,152,175,207,144,19,11,3.88,9.5,50.12,68.75,67.38,30.25,118.75,140.62,169.25,116.0,15.12,8.38
Brick_0cm_S2,2026-04-25T09:50:46.082215,4,10,52,73,73,32,130,155,189,131,18,9,3,8,44,60,55,25,98,117,139,96,13,7,5,11,61,82,83,36,143,172,203,139,19,9,0,0,0,0,0,0,0,0,0,0,0,0,4,10,51,70,69,31,122,144,176,121,16,8,4,12,61,81,79,37,144,168,208,138,16,10,6,14,69,99,93,41,161,193,233,159,20,13,5,12,64,85,86,39,152,176,208,144,19,11,3.88,9.62,50.25,68.75,67.25,30.12,118.75,140.62,169.5,116.0,15.12,8.38
Brick_0cm_S2,2026-04-25T09:50:46.196987,4,10,52,73,73,32,130,155,189,131,18,9,3,8,44,60,55,25,98,117,139,96,13,7,5,11,61,82,83,36,143,172,203,139,19,9,0,0,0,0,0,0,0,0,0,0,0,0,4,10,52,70,69,31,122,144,176,121,15,8,5,12,61,81,79,37,144,168,208,138,16,9,6,14,69,99,93,41,161,193,233,159,20,13,5,12,64,85,86,39,152,176,208,144,19,11,4.0,9.62,50.38,68.75,67.25,30.12,118.75,140.62,169.5,116.0,15.0,8.25
Brick_0cm_S2,2026-04-25T09:50:46.307337,4,10,52,73,73,32,130,156,189,131,17,9,3,8,44,60,56,25,98,116,139,97,13,7,5,11,61,82,83,36,143,172,203,139,19,9,0,0,0,0,0,0,0,0,0,0,0,0,4,10,52,70,69,31,122,144,176,121,15,8,5,12,61,81,79,37,144,168,208,138,16,9,6,14,69,99,93,41,162,193,233,159,20,13,5,12,63,85,86,39,152,175,208,144,19,11,4.0,9.62,50.25,68.75,67.38,30.12,118.88,140.5,169.5,116.12,14.88,8.25
Brick_0cm_S2,2026-04-25T09:50:46.437328,4,10,52,73,73,32,130,156,189,131,17,9,3,8,44,60,56,25,98,116,139,97,13,7,5,11,61,82,83,36,143,173,203,139,19,9,0,0,0,0,0,0,0,0,0,0,0,0,4,10,52,70,69,31,122,144,177,121,15,8,5,12,61,81,78,37,144,168,208,138,16,10,6,14,69,99,93,41,161,193,233,159,20,13,5,12,63,85,86,39,152,175,208,144,19,11,4.0,9.62,50.25,68.75,67.25,30.12,118.75,140.62,169.62,116.12,14.88,8.38
Brick_0cm_S2,2026-04-25T09:50:46.565034,4,9,53,73,73,32,131,156,188,131,17,9,3,8,44,60,56,25,97,117,139,96,13,6,5,11,61,82,83,36,143,172,203,139,19,9,0,0,0,0,0,0,0,0,0,0,0,0,4,10,52,70,69,31,122,144,177,121,15,8,5,12,61,81,78,37,144,168,208,138,16,10,6,14,69,99,93,41,161,193,233,159,20,13,5,12,64,85,86,39,152,175,208,144,19,10,4.0,9.5,50.5,68.75,67.25,30.12,118.75,140.62,169.5,116.0,14.88,8.12
Brick_0cm_S2,2026-04-25T09:50:46.680868,4,9,53,73,73,32,131,156,188,131,17,9,3,8,44,60,56,25,97,117,139,96,13,6,5,11,61,82,83,36,143,172,203,139,19,9,0,0,0,0,0,0,0,0,0,0,0,0,4,10,51,70,69,31,122,144,176,121,15,8,5,12,61,81,79,37,144,168,208,138,16,10,6,14,69,99,93,41,161,193,233,159,20,13,5,12,64,85,86,39,152,176,208,144,19,11,4.0,9.5,50.38,68.75,67.38,30.12,118.75,140.75,169.38,116.0,14.88,8.25
Brick_0cm_S2,2026-04-25T09:50:46.795686,4,9,52,73,73,33,131,155,189,131,17,9,3,8,43,60,56,25,97,117,139,97,13,6,5,11,61,82,83,36,143,172,203,139,19,9,0,0,0,0,0,0,0,0,0,0,0,0,4,10,51,70,69,31,122,144,176,121,15,8,5,12,61,81,79,37,144,168,208,138,16,10,6,14,69,99,93,41,161,193,233,159,20,13,5,12,64,85,86,39,152,176,208,144,19,11,4.0,9.5,50.12,68.75,67.38,30.25,118.75,140.62,169.5,116.12,14.88,8.25
Brick_0cm_S2,2026-04-25T09:50:46.911680,4,9,52,73,73,33,131,155,189,131,17,9,3,8,43,60,56,25,97,117,139,97,13,6,5,11,61,82,83,36,143,172,203,139,19,9,0,0,0,0,0,0,0,0,0,0,0,0,4,10,52,70,69,31,122,144,176,121,16,8,5,12,61,81,79,37,144,168,208,138,16,10,6,14,69,99,93,41,161,193,233,159,20,13,5,12,64,85,86,39,152,176,208,144,19,11,4.0,9.5,50.25,68.75,67.38,30.25,118.75,140.62,169.5,116.12,15.0,8.25
Brick_0cm_S2,2026-04-25T09:50:47.021617,4,9,52,73,73,32,131,156,189,131,17,9,3,8,43,60,55,25,97,116,139,96,13,7,5,11,61,82,83,36,143,172,203,139,19,9,0,0,0,0,0,0,0,0,0,0,0,0,4,10,52,70,69,31,122,144,176,121,16,8,5,12,61,81,79,37,144,168,208,138,16,10,6,14,69,99,93,41,161,193,233,159,20,13,5,12,64,85,86,39,152,176,208,144,19,10,4.0,9.5,50.25,68.75,67.25,30.12,118.75,140.62,169.5,116.0,15.0,8.25
Brick_0cm_S2,2026-04-25T09:50:47.133898,4,9,52,73,73,32,131,156,189,131,17,9,3,8,43,60,55,25,97,116,139,96,13,7,5,11,61,82,83,36,143,172,203,139,19,9,0,0,0,0,0,0,0,0,0,0,0,0,4,10,52,70,69,31,122,144,176,121,16,8,5,12,60,81,79,37,144,168,208,138,16,10,6,14,69,99,93,41,160,193,233,159,20,13,5,12,64,85,86,39,152,176,208,144,19,10,4.0,9.5,50.12,68.75,67.25,30.12,118.62,140.62,169.5,116.0,15.0,8.25
Brick_0cm_S2,2026-04-25T09:50:47.245410,4,9,52,73,73,32,131,156,189,131,17,9,3,8,43,60,56,25,97,117,139,97,13,7,5,11,61,82,83,36,143,172,203,139,19,9,0,0,0,0,0,0,0,0,0,0,0,0,4,10,52,70,69,31,122,144,176,121,16,8,5,12,60,81,79,37,144,168,208,138,16,10,6,14,69,99,93,41,160,193,233,159,20,13,5,12,63,85,86,39,152,176,208,144,19,10,4.0,9.5,50.0,68.75,67.38,30.12,118.62,140.75,169.5,116.12,15.0,8.25
Brick_0cm_S2,2026-04-25T09:50:47.371781,4,9,52,73,73,32,131,156,189,131,17,9,3,8,43,60,56,25,97,117,139,97,13,7,5,11,61,82,83,36,143,172,203,139,19,9,0,0,0,0,0,0,0,0,0,0,0,0,4,10,51,70,69,31,122,144,176,121,16,8,5,12,61,81,79,37,144,168,208,138,16,10,6,14,69,99,93,41,161,193,233,159,20,13,5,12,63,85,86,39,152,176,208,144,19,10,4.0,9.5,50.0,68.75,67.38,30.12,118.75,140.75,169.5,116.12,15.0,8.25
Brick_0cm_S2,2026-04-25T09:50:47.497527,4,9,53,73,73,32,130,156,189,131,17,9,3,8,44,60,56,25,97,117,139,96,13,6,5,11,61,82,83,36,143,173,203,139,19,9,0,0,0,0,0,0,0,0,0,0,0,0,4,10,51,70,69,31,122,144,176,121,16,8,5,12,61,81,79,37,144,168,208,138,16,10,6,14,69,99,93,41,161,193,233,159,20,13,5,12,63,85,86,39,152,176,208,144,19,10,4.0,9.5,50.25,68.75,67.38,30.12,118.62,140.88,169.5,116.0,15.0,8.12
Brick_0cm_S2,2026-04-25T09:50:47.626513,4,9,53,73,73,32,130,156,189,131,17,9,3,8,44,60,56,25,97,117,139,96,13,6,5,11,61,82,83,36,143,173,203,139,19,9,0,0,0,0,0,0,0,0,0,0,0,0,4,10,51,70,69,31,122,144,176,121,16,8,5,12,61,81,78,37,144,168,208,138,16,10,6,14,69,99,93,41,161,193,233,159,20,13,5,12,63,85,86,39,152,175,208,144,19,10,4.0,9.5,50.25,68.75,67.25,30.12,118.62,140.75,169.5,116.0,15.0,8.12
Brick_0cm_S2,2026-04-25T09:50:47.751352,4,9,52,73,73,32,131,156,189,131,17,9,3,8,43,60,56,25,97,117,139,96,13,6,5,11,61,82,83,36,143,172,203,138,19,9,0,0,0,0,0,0,0,0,0,0,0,0,4,10,51,70,69,31,122,144,176,121,16,8,5,12,61,81,78,37,144,168,208,138,16,10,6,14,69,99,93,41,161,193,233,159,20,13,5,12,63,85,86,39,152,175,208,144,19,10,4.0,9.5,50.0,68.75,67.25,30.12,118.75,140.62,169.5,115.88,15.0,8.12
Brick_0cm_S2,2026-04-25T09:50:47.876894,4,9,52,73,73,32,131,156,189,131,17,9,3,8,43,60,56,25,97,117,139,96,13,6,5,11,61,82,83,36,143,172,203,138,19,9,0,0,0,0,0,0,0,0,0,0,0,0,4,10,51,70,69,31,122,144,176,121,16,8,5,12,61,81,79,37,144,168,208,138,16,10,6,14,69,99,93,41,161,193,233,159,20,13,5,12,63,85,86,39,152,176,208,144,19,11,4.0,9.5,50.0,68.75,67.38,30.12,118.75,140.75,169.5,115.88,15.0,8.25
Brick_0cm_S2,2026-04-25T09:50:48.002675,4,9,52,73,73,32,130,156,188,131,17,9,3,8,43,60,56,25,97,116,139,97,13,6,5,11,61,82,83,36,143,172,203,139,19,9,0,0,0,0,0,0,0,0,0,0,0,0,4,10,51,70,69,31,122,144,176,121,16,8,5,12,61,81,79,37,144,168,208,138,16,10,6,14,69,99,93,41,161,193,233,159,20,13,5,12,63,85,86,39,152,176,208,144,19,11,4.0,9.5,50.0,68.75,67.38,30.12,118.62,140.62,169.38,116.12,15.0,8.25
Brick_0cm_S2,2026-04-25T09:50:48.130187,4,9,52,73,73,32,130,156,189,131,17,9,3,8,43,60,56,25,97,116,139,97,13,6,5,11,61,82,83,36,143,172,203,139,19,9,0,0,0,0,0,0,0,0,0,0,0,0,4,10,52,70,69,31,122,144,176,121,16,8,4,12,61,81,78,37,144,168,208,138,16,10,6,14,69,99,93,41,161,193,233,159,20,13,5,12,63,85,86,39,152,176,208,144,19,11,3.88,9.5,50.12,68.75,67.25,30.12,118.62,140.62,169.5,116.12,15.0,8.25
Brick_0cm_S2,2026-04-25T09:50:48.255083,4,9,52,73,73,32,130,156,189,131,17,9,3,8,44,60,56,25,98,116,139,96,13,6,5,11,61,82,83,36,143,172,203,139,19,9,0,0,0,0,0,0,0,0,0,0,0,0,4,10,51,70,69,31,122,144,176,121,16,8,5,12,61,81,79,37,144,168,208,138,16,10,6,14,69,99,93,41,161,193,233,159,20,13,5,12,63,85,86,39,152,176,208,144,19,11,4.0,9.5,50.12,68.75,67.38,30.12,118.75,140.62,169.5,116.0,15.0,8.25
Brick_0cm_S2,2026-04-25T09:50:48.382569,4,9,52,73,73,32,130,156,189,131,17,9,3,8,43,60,56,25,98,117,139,97,13,7,5,11,61,82,83,36,143,173,203,139,19,9,0,0,0,0,0,0,0,0,0,0,0,0,4,10,51,70,69,31,122,144,176,121,16,8,5,12,61,81,79,37,144,168,208,138,16,10,6,14,69,99,93,41,161,193,233,159,20,13,5,12,63,85,86,39,152,175,207,144,19,10,4.0,9.5,50.0,68.75,67.38,30.12,118.75,140.75,169.38,116.12,15.0,8.25
Brick_0cm_S2,2026-04-25T09:50:48.495835,4,9,52,73,73,32,130,156,189,131,17,9,3,8,43,60,56,25,98,117,139,97,13,7,5,11,61,82,83,36,143,173,203,139,19,9,0,0,0,0,0,0,0,0,0,0,0,0,4,10,52,70,70,31,122,144,177,121,16,8,5,12,61,81,79,37,144,168,208,138,16,10,6,14,69,99,93,41,162,192,233,158,20,13,5,12,63,85,86,39,152,175,207,144,19,10,4.0,9.5,50.12,68.75,67.5,30.12,118.88,140.62,169.5,116.0,15.0,8.25
Brick_0cm_S2,2026-04-25T09:50:48.620919,4,10,52,73,73,32,131,156,189,131,17,9,3,8,43,60,56,25,97,117,139,97,13,6,5,11,61,82,83,36,143,172,203,139,19,9,0,0,0,0,0,0,0,0,0,0,0,0,4,10,52,70,70,31,122,144,177,121,16,8,5,12,61,81,79,37,144,168,208,138,16,10,6,14,69,99,93,41,162,192,233,158,20,13,5,12,63,85,86,39,152,176,207,144,19,11,4.0,9.62,50.12,68.75,67.5,30.12,118.88,140.62,169.5,116.0,15.0,8.25
Brick_0cm_S2,2026-04-25T09:50:48.745943,4,10,52,73,73,32,131,156,189,131,17,9,3,8,43,60,56,25,97,117,139,97,13,6,5,11,61,82,83,36,143,172,203,139,19,9,0,0,0,0,0,0,0,0,0,0,0,0,4,10,51,70,69,31,122,144,176,121,16,8,5,12,61,81,79,37,144,168,208,138,16,10,6,14,69,99,93,41,161,193,233,159,20,13,5,12,63,85,86,39,152,176,207,144,19,11,4.0,9.62,50.0,68.75,67.38,30.12,118.75,140.75,169.38,116.12,15.0,8.25
Brick_0cm_S2,2026-04-25T09:50:48.876142,4,9,52,73,73,32,131,156,189,131,18,9,3,8,44,60,56,25,97,117,139,96,13,6,5,11,61,82,83,36,143,172,203,139,19,9,0,0,0,0,0,0,0,0,0,0,0,0,4,10,51,70,69,31,122,144,176,121,16,8,5,12,61,81,79,37,144,168,208,138,16,10,6,14,69,99,93,41,161,193,233,159,20,13,5,12,63,85,86,39,152,176,207,144,19,11,4.0,9.5,50.12,68.75,67.38,30.12,118.75,140.75,169.38,116.0,15.12,8.25
Brick_0cm_S2,2026-04-25T09:50:49.004401,4,9,52,73,73,32,131,156,189,131,18,9,3,8,44,60,56,25,97,117,139,96,13,6,5,11,61,82,83,36,143,172,203,139,19,9,0,0,0,0,0,0,0,0,0,0,0,0,4,10,52,70,69,31,122,144,176,121,16,8,5,12,61,81,78,37,144,168,208,138,16,9,6,14,69,99,93,41,161,192,233,159,20,13,5,12,63,85,86,39,152,176,208,144,19,11,4.0,9.5,50.25,68.75,67.25,30.12,118.75,140.62,169.5,116.0,15.12,8.12
Brick_0cm_S2,2026-04-25T09:50:49.129295,4,9,52,73,73,32,131,156,189,131,18,9,3,8,44,60,56,25,98,117,139,96,13,6,5,11,61,82,83,36,143,172,203,139,19,9,0,0,0,0,0,0,0,0,0,0,0,0,4,10,52,70,69,31,122,144,176,121,16,8,5,12,61,81,78,37,144,168,208,138,16,9,6,14,69,99,93,41,161,192,233,159,20,13,5,12,63,85,86,39,152,176,208,144,19,11,4.0,9.5,50.25,68.75,67.25,30.12,118.88,140.62,169.5,116.0,15.12,8.12
Brick_0cm_S2,2026-04-25T09:50:49.257366,4,9,52,73,73,32,131,156,189,131,18,9,3,8,44,60,56,25,98,117,139,96,13,6,5,11,61,82,83,36,143,172,203,139,19,9,0,0,0,0,0,0,0,0,0,0,0,0,4,10,52,70,69,31,122,144,176,121,16,8,5,12,61,81,79,37,144,168,207,138,16,10,6,14,69,99,93,41,161,193,233,159,20,13,5,12,64,85,86,39,152,176,208,144,19,11,4.0,9.5,50.38,68.75,67.38,30.12,118.88,140.75,169.38,116.0,15.12,8.25
Brick_0cm_S2,2026-04-25T09:50:49.373449,4,9,52,73,73,32,130,156,189,131,17,9,3,8,44,60,56,25,97,116,139,97,13,6,5,11,61,82,83,36,143,172,203,139,19,9,0,0,0,0,0,0,0,0,0,0,0,0,4,10,52,70,69,31,122,144,176,121,16,8,5,12,61,81,79,37,144,168,207,138,16,10,6,14,69,99,93,41,161,193,233,159,20,13,5,12,64,85,86,39,152,176,208,144,19,11,4.0,9.5,50.38,68.75,67.38,30.12,118.62,140.62,169.38,116.12,15.0,8.25
Brick_0cm_S2,2026-04-25T09:50:49.507649,4,10,52,73,73,32,130,156,189,131,17,9,3,8,44,60,56,25,97,116,139,97,13,6,5,11,61,82,83,36,143,172,203,139,19,9,0,0,0,0,0,0,0,0,0,0,0,0,4,10,52,70,69,31,122,144,176,121,16,8,5,12,61,81,78,37,144,168,208,139,16,10,6,14,69,99,93,41,162,193,233,159,20,13,5,12,63,85,86,39,152,176,208,144,19,11,4.0,9.62,50.25,68.75,67.25,30.12,118.75,140.62,169.5,116.25,15.0,8.25
Brick_0cm_S2,2026-04-25T09:50:49.636025,4,10,52,73,73,32,130,156,189,131,17,9,3,8,43,60,56,25,97,116,139,96,13,6,5,11,61,82,83,36,143,173,203,139,19,9,0,0,0,0,0,0,0,0,0,0,0,0,4,10,51,70,69,31,122,143,176,121,16,8,5,12,61,81,79,37,144,168,208,138,16,10,6,14,69,99,93,41,162,193,233,159,20,13,5,12,63,85,86,39,152,176,208,144,19,11,4.0,9.62,50.0,68.75,67.38,30.12,118.75,140.62,169.5,116.0,15.0,8.25
Brick_0cm_S2,2026-04-25T09:50:49.763126,4,9,52,73,73,32,130,156,189,131,17,9,3,8,43,60,56,25,97,117,139,96,13,6,5,11,61,82,83,36,143,172,203,139,19,9,0,0,0,0,0,0,0,0,0,0,0,0,4,10,51,70,69,31,122,143,176,121,16,8,5,12,61,81,79,37,144,168,208,138,16,10,6,14,69,99,93,41,162,193,233,159,20,13,5,12,64,85,86,39,152,176,208,144,19,11,4.0,9.5,50.12,68.75,67.38,30.12,118.75,140.62,169.5,116.0,15.0,8.25
Brick_0cm_S2,2026-04-25T09:50:49.887183,4,9,52,73,73,32,130,156,189,131,17,9,3,8,43,60,56,25,97,117,139,96,13,6,5,11,61,82,83,36,143,172,203,139,19,9,0,0,0,0,0,0,0,0,0,0,0,0,4,10,52,70,69,31,122,144,176,121,16,8,5,12,61,81,79,37,144,168,208,138,16,10,6,14,69,99,93,41,161,193,233,159,20,13,5,12,64,85,86,39,152,176,208,144,19,11,4.0,9.5,50.25,68.75,67.38,30.12,118.62,140.75,169.5,116.0,15.0,8.25
Brick_0cm_S2,2026-04-25T09:50:50.012964,4,9,52,73,73,32,131,155,189,131,18,9,3,8,43,60,55,25,97,116,139,97,13,7,5,11,61,82,83,36,143,172,203,139,19,9,0,0,0,0,0,0,0,0,0,0,0,0,4,10,52,70,69,31,122,144,176,121,16,8,5,12,61,81,79,37,144,168,208,138,16,10,6,14,69,99,93,41,161,193,233,159,20,13,5,12,64,85,86,39,152,176,208,144,19,11,4.0,9.5,50.25,68.75,67.25,30.12,118.75,140.5,169.5,116.12,15.12,8.38
Brick_0cm_S2,2026-04-25T09:50:50.175695,4,9,52,73,73,32,131,155,189,131,18,9,3,8,43,60,55,25,97,116,139,97,13,7,5,11,61,82,83,36,143,172,203,139,19,9,0,0,0,0,0,0,0,0,0,0,0,0,3,10,52,70,69,31,122,144,176,121,16,8,5,12,61,81,79,37,144,168,208,138,16,10,6,14,69,99,93,41,161,193,233,159,20,13,5,12,63,85,86,39,152,175,208,144,19,10,3.88,9.5,50.12,68.75,67.25,30.12,118.75,140.38,169.5,116.12,15.12,8.25
Brick_0cm_S2,2026-04-25T09:50:50.289836,4,9,52,73,73,32,131,156,189,131,17,9,3,8,43,60,56,25,97,117,139,97,13,6,5,11,61,82,83,36,143,173,203,139,19,9,0,0,0,0,0,0,0,0,0,0,0,0,4,10,52,70,69,31,122,144,176,121,16,8,5,12,61,81,79,37,144,168,208,138,16,10,6,14,69,99,93,41,161,193,233,159,20,13,5,12,63,85,86,39,152,175,208,144,19,10,4.0,9.5,50.12,68.75,67.38,30.12,118.75,140.75,169.5,116.12,15.0,8.12
Brick_0cm_S2,2026-04-25T09:50:50.401120,4,9,52,73,73,32,131,156,189,131,17,9,3,8,43,60,56,25,97,117,139,97,13,6,5,11,61,82,83,36,143,173,203,139,19,9,0,0,0,0,0,0,0,0,0,0,0,0,4,10,52,70,69,31,122,144,176,121,16,8,5,12,61,81,79,37,144,167,208,138,16,10,6,14,69,99,93,41,161,193,233,159,20,13,5,12,63,85,86,39,152,175,208,144,19,10,4.0,9.5,50.12,68.75,67.38,30.12,118.75,140.62,169.5,116.12,15.0,8.12
Brick_0cm_S2,2026-04-25T09:50:50.510557,4,10,53,73,73,33,131,156,189,131,18,9,3,8,43,60,56,25,97,117,139,96,13,6,5,11,61,82,83,36,143,172,203,139,19,9,0,0,0,0,0,0,0,0,0,0,0,0,4,10,51,70,69,31,122,144,177,121,16,8,5,12,61,81,79,37,144,167,208,138,16,10,6,14,69,99,93,41,161,193,233,159,20,13,5,12,63,85,86,39,152,175,208,144,19,10,4.0,9.62,50.12,68.75,67.38,30.25,118.75,140.5,169.62,116.0,15.12,8.12
Brick_0cm_S2,2026-04-25T09:50:50.626477,4,10,53,73,73,33,131,156,189,131,18,9,3,8,43,60,56,25,97,117,139,96,13,6,5,11,61,82,83,36,143,172,203,139,19,9,0,0,0,0,0,0,0,0,0,0,0,0,4,10,51,70,69,31,122,144,177,121,16,8,5,12,61,81,78,37,144,168,208,139,16,10,6,14,69,99,93,41,162,193,233,159,20,13,5,12,63,85,86,39,152,175,208,144,19,10,4.0,9.62,50.12,68.75,67.25,30.25,118.88,140.62,169.62,116.12,15.12,8.12
Brick_0cm_S2,2026-04-25T09:50:50.735995,4,9,52,73,73,32,131,155,189,131,17,9,3,8,43,60,56,25,97,116,139,97,13,7,5,11,61,82,83,36,143,173,203,139,19,9,0,0,0,0,0,0,0,0,0,0,0,0,4,10,51,70,69,31,122,144,177,121,16,8,5,12,61,81,78,37,144,168,208,139,16,10,6,14,69,99,93,41,162,193,233,159,20,13,5,12,63,85,86,39,152,175,208,144,19,10,4.0,9.5,50.0,68.75,67.25,30.12,118.88,140.5,169.62,116.25,15.0,8.25
Brick_0cm_S2,2026-04-25T09:50:50.845199,4,9,52,73,73,32,131,155,189,131,17,9,3,8,43,60,56,25,97,116,139,97,13,7,5,11,61,82,83,36,143,173,203,139,19,9,0,0,0,0,0,0,0,0,0,0,0,0,4,10,52,70,69,31,122,144,176,121,16,8,5,12,61,81,79,37,144,168,208,138,16,10,6,14,69,99,93,41,161,193,233,159,20,13,5,12,63,85,86,39,152,175,208,144,19,10,4.0,9.5,50.12,68.75,67.38,30.12,118.75,140.5,169.5,116.12,15.0,8.25
Brick_0cm_S2,2026-04-25T09:50:50.958521,4,9,52,73,73,32,131,155,189,131,17,9,3,8,44,60,56,25,98,117,139,96,13,7,5,11,61,82,83,36,143,173,203,139,19,9,0,0,0,0,0,0,0,0,0,0,0,0,4,10,52,70,69,31,122,144,176,121,16,8,5,12,61,81,79,37,144,168,208,138,16,10,6,14,69,99,93,41,161,193,233,159,20,13,5,12,63,85,86,39,152,175,208,144,19,10,4.0,9.5,50.25,68.75,67.38,30.12,118.88,140.62,169.5,116.0,15.0,8.25
Brick_0cm_S2,2026-04-25T09:50:51.081270,4,9,52,73,73,32,131,155,189,131,17,9,3,8,44,60,56,25,98,117,139,96,13,7,5,11,61,82,83,36,143,173,203,139,19,9,0,0,0,0,0,0,0,0,0,0,0,0,4,10,51,70,69,31,122,144,176,121,16,8,5,12,61,81,79,37,144,168,208,138,16,9,6,14,69,99,93,41,161,193,233,158,20,13,5,12,63,85,86,39,152,175,208,144,19,11,4.0,9.5,50.12,68.75,67.38,30.12,118.88,140.62,169.5,115.88,15.0,8.25
Brick_0cm_S2,2026-04-25T09:50:51.201446,4,9,53,73,73,32,131,156,189,131,17,9,3,8,43,60,56,25,97,116,138,96,13,7,5,11,61,82,83,36,143,172,203,139,19,9,0,0,0,0,0,0,0,0,0,0,0,0,4,10,51,70,69,31,122,144,176,121,16,8,5,12,61,81,79,37,144,168,208,138,16,9,6,14,69,99,93,41,161,193,233,158,20,13,5,12,63,85,86,39,152,175,208,144,19,11,4.0,9.5,50.12,68.75,67.38,30.12,118.75,140.5,169.38,115.88,15.0,8.25
Brick_0cm_S2,2026-04-25T09:50:51.326355,4,10,52,73,73,32,130,155,189,131,18,8,3,8,43,60,56,25,97,116,138,96,13,7,5,11,61,82,83,36,143,172,203,139,19,9,0,0,0,0,0,0,0,0,0,0,0,0,4,10,51,70,69,31,122,144,176,121,16,8,5,12,61,81,79,37,144,168,207,138,16,10,6,14,69,100,93,41,161,193,233,159,20,13,5,12,63,85,86,39,152,175,208,144,19,10,4.0,9.62,50.0,68.88,67.38,30.12,118.62,140.38,169.25,116.0,15.12,8.12
Brick_0cm_S2,2026-04-25T09:50:51.451397,4,10,52,73,73,32,130,155,189,131,18,8,3,8,43,60,56,25,97,117,139,96,13,7,5,11,61,82,83,36,143,172,203,139,19,9,0,0,0,0,0,0,0,0,0,0,0,0,4,10,51,70,69,31,122,144,176,121,15,8,5,12,61,81,79,37,144,168,208,138,16,10,6,14,69,100,93,41,161,193,233,159,20,13,5,12,63,85,86,39,152,175,208,144,19,10,4.0,9.62,50.0,68.88,67.38,30.12,118.62,140.5,169.5,116.0,15.0,8.12
Brick_0cm_S2,2026-04-25T09:50:51.578227,4,9,52,73,73,32,131,156,189,131,17,9,3,8,44,60,56,25,97,117,139,96,13,7,5,11,61,82,83,36,143,173,203,139,19,9,0,0,0,0,0,0,0,0,0,0,0,0,4,10,51,70,69,31,122,144,176,121,15,8,5,12,61,81,79,37,144,168,208,138,16,10,6,14,69,99,93,41,162,193,233,158,20,13,5,12,63,85,86,39,152,176,207,144,19,10,4.0,9.5,50.12,68.75,67.38,30.12,118.88,140.88,169.38,115.88,14.88,8.25
Brick_0cm_S2,2026-04-25T09:50:51.709700,4,9,52,73,73,32,131,156,189,131,17,9,3,8,44,60,56,25,97,117,139,96,13,7,5,11,61,82,83,36,143,173,203,139,19,9,0,0,0,0,0,0,0,0,0,0,0,0,4,10,52,70,69,31,122,144,177,121,16,8,5,12,61,81,79,37,144,168,208,138,16,10,6,14,69,99,93,41,161,193,233,159,20,13,5,12,63,85,86,39,152,175,207,144,19,11,4.0,9.5,50.25,68.75,67.38,30.12,118.75,140.75,169.5,116.0,15.0,8.38
Brick_0cm_S2,2026-04-25T09:50:51.825985,4,9,53,73,73,32,131,156,189,131,17,9,3,8,43,60,56,25,97,116,139,96,13,7,5,11,61,82,83,36,143,172,203,139,19,9,0,0,0,0,0,0,0,0,0,0,0,0,4,10,52,70,69,31,122,144,177,121,16,8,5,12,61,81,79,37,144,168,208,138,16,10,6,14,69,99,93,41,161,193,233,159,20,13,5,12,63,85,86,39,152,175,207,144,19,11,4.0,9.5,50.25,68.75,67.38,30.12,118.75,140.5,169.5,116.0,15.0,8.38
Brick_0cm_S2,2026-04-25T09:50:51.960488,4,9,53,73,73,32,131,156,189,131,17,9,3,8,43,60,56,25,97,116,139,96,13,7,5,11,61,82,83,36,143,172,203,139,19,9,0,0,0,0,0,0,0,0,0,0,0,0,3,10,52,71,69,31,122,144,176,121,15,8,5,12,61,81,79,37,144,168,208,138,16,9,6,14,69,99,93,41,162,193,233,159,20,13,5,12,63,85,86,39,152,175,207,144,19,10,3.88,9.5,50.25,68.88,67.38,30.12,118.88,140.5,169.38,116.0,14.88,8.12
Brick_0cm_S2,2026-04-25T09:50:52.076692,4,9,52,73,73,32,131,156,189,131,17,9,3,8,44,60,56,25,97,117,139,96,13,6,5,11,61,82,83,36,143,172,203,139,19,9,0,0,0,0,0,0,0,0,0,0,0,0,3,10,52,71,69,31,122,144,176,121,15,8,5,12,61,81,79,37,144,168,208,138,16,9,6,14,69,99,93,41,162,193,233,159,20,13,5,12,63,85,86,39,152,175,207,144,19,10,3.88,9.5,50.25,68.88,67.38,30.12,118.88,140.62,169.38,116.0,14.88,8.0
Brick_0cm_S2,2026-04-25T09:50:52.202078,4,9,52,73,73,32,131,156,189,131,17,9,3,8,44,60,56,25,97,117,139,96,13,6,5,11,61,82,83,36,143,172,203,139,19,9,0,0,0,0,0,0,0,0,0,0,0,0,4,10,52,70,69,31,122,144,177,121,16,8,5,12,61,81,78,37,144,168,208,138,16,10,6,14,69,99,93,41,161,193,233,159,20,13,5,12,63,85,86,39,152,176,207,144,19,11,4.0,9.5,50.25,68.75,67.25,30.12,118.75,140.75,169.5,116.0,15.0,8.25
Brick_0cm_S2,2026-04-25T09:50:52.326060,4,9,52,73,73,32,130,156,189,131,18,9,3,8,44,60,56,25,97,117,139,96,13,7,5,11,61,82,83,36,143,172,203,139,19,9,0,0,0,0,0,0,0,0,0,0,0,0,4,10,52,70,69,31,122,144,177,121,16,8,5,12,61,81,78,37,144,168,208,138,16,10,6,14,69,99,93,41,161,193,233,159,20,13,5,12,63,85,86,39,152,176,207,144,19,11,4.0,9.5,50.25,68.75,67.25,30.12,118.62,140.75,169.5,116.0,15.12,8.38
Brick_0cm_S2,2026-04-25T09:50:52.436275,4,9,52,73,73,32,130,156,189,131,18,9,3,8,44,60,56,25,97,117,139,96,13,7,5,11,61,82,83,36,143,172,203,139,19,9,0,0,0,0,0,0,0,0,0,0,0,0,4,10,52,70,69,31,122,144,176,121,16,8,5,12,61,81,79,37,144,168,208,138,16,10,6,14,69,99,93,41,161,193,233,159,20,13,5,12,64,85,86,39,152,176,208,144,19,11,4.0,9.5,50.38,68.75,67.38,30.12,118.62,140.75,169.5,116.0,15.12,8.38
Brick_0cm_S2,2026-04-25T09:50:52.554869,4,9,52,73,73,32,131,155,189,131,18,9,3,8,44,60,55,25,98,117,139,96,13,7,5,11,61,82,83,36,143,172,203,139,19,9,0,0,0,0,0,0,0,0,0,0,0,0,4,10,52,70,69,31,122,144,176,121,16,8,5,12,61,81,79,37,144,168,208,138,16,10,6,14,69,99,93,41,161,193,233,159,20,13,5,12,64,85,86,39,152,176,208,144,19,11,4.0,9.5,50.38,68.75,67.25,30.12,118.88,140.62,169.5,116.0,15.12,8.38
Brick_0cm_S2,2026-04-25T09:50:52.665732,4,9,52,73,73,32,131,155,189,131,18,9,3,8,44,60,55,25,98,117,139,96,13,7,5,11,61,82,83,36,143,172,203,139,19,9,0,0,0,0,0,0,0,0,0,0,0,0,4,10,52,70,69,31,122,144,176,121,16,8,5,12,61,81,78,37,144,168,208,138,16,9,6,13,69,100,93,41,161,193,233,159,20,13,5,12,63,85,86,39,152,175,208,144,19,10,4.0,9.38,50.25,68.88,67.12,30.12,118.88,140.5,169.5,116.0,15.12,8.12
Brick_0cm_S2,2026-04-25T09:50:52.777430,4,9,53,73,73,32,131,156,189,131,17,9,3,8,43,60,56,25,97,116,139,95,13,6,5,11,61,82,83,36,143,172,203,139,19,9,0,0,0,0,0,0,0,0,0,0,0,0,4,10,52,70,69,31,122,144,176,121,16,8,5,12,61,81,78,37,144,168,208,138,16,9,6,13,69,100,93,41,161,193,233,159,20,13,5,12,63,85,86,39,152,175,208,144,19,10,4.0,9.38,50.25,68.88,67.25,30.12,118.75,140.5,169.5,115.88,15.0,8.0
Brick_0cm_S2,2026-04-25T09:50:52.894021,4,9,53,73,73,32,131,156,189,131,17,9,3,8,43,60,56,25,97,116,139,95,13,6,5,11,61,82,83,36,143,172,203,139,19,9,0,0,0,0,0,0,0,0,0,0,0,0,3,10,52,70,69,31,122,144,176,121,16,8,5,12,60,81,79,37,144,168,208,138,16,10,6,14,69,99,93,41,162,193,233,159,20,13,5,12,64,85,86,39,152,176,208,144,19,11,3.88,9.5,50.25,68.75,67.38,30.12,118.88,140.62,169.5,115.88,15.0,8.25
Brick_0cm_S2,2026-04-25T09:50:53.013170,4,9,53,73,73,32,131,156,189,131,17,9,3,8,43,60,56,25,97,116,139,96,13,7,5,11,61,82,83,36,143,173,203,139,19,9,0,0,0,0,0,0,0,0,0,0,0,0,3,10,52,70,69,31,122,144,176,121,16,8,5,12,60,81,79,37,144,168,208,138,16,10,6,14,69,99,93,41,162,193,233,159,20,13,5,12,64,85,86,39,152,176,208,144,19,11,3.88,9.5,50.25,68.75,67.38,30.12,118.88,140.75,169.5,116.0,15.0,8.38
Brick_0cm_S2,2026-04-25T09:50:53.139308,4,9,53,73,73,32,131,156,189,131,17,9,3,8,43,60,56,25,97,116,139,96,13,7,5,11,61,82,83,36,143,173,203,139,19,9,0,0,0,0,0,0,0,0,0,0,0,0,4,10,52,70,69,31,122,144,176,121,16,8,5,12,61,81,78,37,143,167,208,137,16,10,6,14,69,99,93,41,161,193,233,159,20,13,5,12,63,85,86,39,152,175,207,144,19,10,4.0,9.5,50.25,68.75,67.25,30.12,118.62,140.5,169.38,115.88,15.0,8.25
Brick_0cm_S2,2026-04-25T09:50:53.265038,4,9,52,73,73,32,130,156,189,131,17,9,3,8,43,60,56,25,97,116,139,96,13,6,5,11,61,82,83,36,143,172,203,139,19,9,0,0,0,0,0,0,0,0,0,0,0,0,4,10,51,70,69,31,122,144,176,121,16,8,5,12,61,81,78,37,144,168,208,138,16,10,6,14,69,99,93,41,161,193,233,159,20,13,5,12,63,85,86,39,152,175,207,144,19,10,4.0,9.5,50.0,68.75,67.25,30.12,118.62,140.5,169.38,116.0,15.0,8.12
Brick_0cm_S2,2026-04-25T09:50:53.389254,4,9,52,73,73,32,130,156,189,131,17,9,3,8,43,60,56,25,97,116,139,96,13,6,5,11,61,82,83,36,143,172,203,139,19,9,0,0,0,0,0,0,0,0,0,0,0,0,4,10,51,70,69,31,122,144,176,121,16,8,5,12,61,81,78,37,144,168,208,138,16,10,6,14,69,99,93,41,161,193,233,159,20,13,5,12,64,85,86,39,152,176,208,144,19,10,4.0,9.5,50.12,68.75,67.25,30.12,118.62,140.62,169.5,116.0,15.0,8.12
Brick_0cm_S2,2026-04-25T09:50:53.517855,4,9,52,73,73,32,130,156,189,131,17,9,3,8,43,60,56,25,97,116,139,96,13,6,5,11,61,82,83,36,143,173,203,138,19,9,0,0,0,0,0,0,0,0,0,0,0,0,4,10,51,70,69,31,122,144,176,121,16,8,5,12,61,81,79,37,144,168,208,138,16,10,6,14,69,100,93,41,161,193,233,159,20,13,5,12,64,85,86,39,152,176,208,144,19,10,4.0,9.5,50.12,68.88,67.38,30.12,118.62,140.75,169.5,115.88,15.0,8.12
Brick_0cm_S2,2026-04-25T09:50:53.642196,4,9,52,73,73,32,130,156,189,131,17,9,3,8,43,60,56,25,97,116,139,97,13,7,5,11,61,82,83,36,143,172,203,139,19,9,0,0,0,0,0,0,0,0,0,0,0,0,4,10,51,70,69,31,122,144,176,121,16,8,5,12,61,81,79,37,144,168,208,138,16,10,6,14,69,100,93,41,161,193,233,159,20,13,5,12,63,85,86,39,152,175,207,144,19,10,4.0,9.5,50.0,68.88,67.38,30.12,118.62,140.5,169.38,116.12,15.0,8.25
Brick_0cm_S2,2026-04-25T09:50:53.767561,4,9,52,73,73,32,130,156,189,131,17,9,3,8,43,60,56,25,97,116,139,97,13,7,5,11,61,82,83,36,143,172,203,139,19,9,0,0,0,0,0,0,0,0,0,0,0,0,3,10,52,70,69,31,122,144,176,121,15,8,5,12,61,81,79,37,144,168,208,138,16,10,6,13,69,99,93,41,162,193,233,159,20,13,5,12,64,85,86,39,152,175,208,144,19,10,3.88,9.38,50.25,68.75,67.38,30.12,118.75,140.5,169.5,116.12,14.88,8.25
Brick_0cm_S2,2026-04-25T09:50:53.890291,4,9,52,73,73,32,131,156,189,131,17,9,3,8,43,60,56,25,98,117,139,97,13,7,5,11,61,82,83,36,143,172,203,139,19,9,0,0,0,0,0,0,0,0,0,0,0,0,3,10,52,70,69,31,122,144,176,121,15,8,5,12,61,81,79,37,144,168,208,138,16,10,6,13,69,99,93,41,162,193,233,159,20,13,5,12,64,85,86,39,152,175,208,144,19,10,3.88,9.38,50.25,68.75,67.38,30.12,119.0,140.62,169.5,116.12,14.88,8.25
Brick_0cm_S2,2026-04-25T09:50:54.014640,4,9,52,73,73,32,131,156,189,131,17,9,3,8,43,60,56,25,98,117,139,97,13,7,5,11,61,82,83,36,143,172,203,139,19,9,0,0,0,0,0,0,0,0,0,0,0,0,3,10,52,70,69,31,122,144,176,121,16,8,5,12,61,81,79,37,144,168,208,138,16,10,6,14,69,99,93,41,161,193,233,159,20,13,5,12,64,85,86,39,152,175,208,144,19,10,3.88,9.5,50.25,68.75,67.38,30.12,118.88,140.62,169.5,116.12,15.0,8.25
Brick_0cm_S2,2026-04-25T09:50:54.150762,4,9,52,73,73,32,131,156,189,131,17,9,3,8,43,60,56,25,97,116,139,96,13,6,5,11,61,82,83,36,143,172,203,139,19,9,0,0,0,0,0,0,0,0,0,0,0,0,3,10,52,70,69,31,122,144,176,121,16,8,5,12,61,81,79,37,144,168,208,138,16,10,6,14,69,99,93,41,161,193,233,159,20,13,5,12,64,85,86,39,152,175,208,144,19,10,3.88,9.5,50.25,68.75,67.38,30.12,118.75,140.5,169.5,116.0,15.0,8.12
Brick_0cm_S2,2026-04-25T09:50:54.276761,4,9,52,73,73,32,131,156,189,131,17,9,3,8,43,60,56,25,97,116,139,96,13,6,5,11,61,82,83,36,143,172,203,139,19,9,0,0,0,0,0,0,0,0,0,0,0,0,4,10,52,70,69,31,122,144,176,121,16,8,5,12,61,81,78,37,144,167,207,138,16,9,6,14,69,99,93,41,161,193,233,159,20,13,5,12,64,85,86,39,152,175,208,144,19,11,4.0,9.5,50.25,68.75,67.25,30.12,118.75,140.38,169.38,116.0,15.0,8.12
Brick_0cm_S2,2026-04-25T09:50:54.400262,4,9,52,73,73,32,130,155,188,131,17,9,3,8,43,60,56,25,97,117,139,96,13,6,5,11,61,82,83,36,143,172,203,139,19,9,0,0,0,0,0,0,0,0,0,0,0,0,4,10,52,70,69,31,122,144,176,122,16,8,5,12,61,81,78,37,144,167,207,138,16,9,6,14,69,99,93,41,161,193,233,159,20,13,5,12,64,85,86,39,152,175,208,144,19,11,4.0,9.5,50.25,68.75,67.25,30.12,118.62,140.38,169.25,116.12,15.0,8.12
Brick_0cm_S2,2026-04-25T09:50:54.525946,4,9,52,73,73,32,130,155,188,131,17,9,3,8,43,60,56,25,98,117,139,97,13,7,5,11,61,82,83,36,143,172,203,139,19,9,0,0,0,0,0,0,0,0,0,0,0,0,4,10,52,70,69,31,122,144,176,122,16,8,5,12,61,81,78,37,144,168,208,138,16,10,6,14,69,99,93,41,161,193,233,159,20,13,5,12,64,85,86,39,152,176,208,145,19,11,4.0,9.5,50.25,68.75,67.25,30.12,118.75,140.62,169.38,116.38,15.0,8.38
Brick_0cm_S2,2026-04-25T09:50:54.655679,4,9,52,73,73,32,130,155,188,131,17,9,3,8,43,60,56,25,98,117,139,97,13,7,5,11,61,82,83,37,143,172,203,139,19,9,0,0,0,0,0,0,0,0,0,0,0,0,4,10,52,70,69,31,122,144,176,121,16,8,5,12,61,81,79,37,144,168,208,138,16,10,6,14,69,99,93,41,161,193,233,159,20,13,5,12,64,85,86,39,152,176,208,145,19,11,4.0,9.5,50.25,68.75,67.38,30.25,118.75,140.62,169.38,116.25,15.0,8.38
Brick_0cm_S2,2026-04-25T09:50:54.784119,4,10,52,73,73,32,131,156,189,131,18,9,3,8,43,60,56,25,97,116,139,97,13,6,5,11,61,82,83,37,143,173,203,139,19,9,0,0,0,0,0,0,0,0,0,0,0,0,4,10,52,70,69,31,122,144,176,121,16,8,5,12,61,81,79,37,144,168,208,138,16,10,6,14,69,100,93,41,162,193,233,159,20,13,5,12,64,85,86,39,152,176,208,144,19,11,4.0,9.62,50.25,68.88,67.38,30.25,118.88,140.75,169.5,116.12,15.12,8.25
Brick_0cm_S2,2026-04-25T09:50:54.905649,4,10,52,73,73,32,131,156,189,131,18,9,3,8,43,60,56,25,97,116,139,97,13,6,5,11,61,82,83,37,143,173,203,139,19,9,0,0,0,0,0,0,0,0,0,0,0,0,4,10,52,70,69,31,122,144,176,121,16,8,5,12,61,81,79,37,144,168,208,138,16,10,6,14,69,99,93,41,161,193,233,159,20,13,5,12,64,85,86,39,152,176,207,144,19,11,4.0,9.62,50.25,68.75,67.38,30.25,118.75,140.75,169.38,116.12,15.12,8.25
Brick_0cm_S2,2026-04-25T09:50:55.025182,4,9,52,73,73,31,130,156,189,131,17,9,3,8,43,60,56,25,97,116,139,96,13,6,5,11,61,82,83,36,143,173,203,138,19,9,0,0,0,0,0,0,0,0,0,0,0,0,4,10,52,70,69,31,122,144,176,121,16,8,5,12,61,81,79,37,144,168,208,138,16,10,6,14,69,99,93,41,161,193,233,159,20,13,5,12,64,85,86,39,152,176,207,144,19,11,4.0,9.5,50.25,68.75,67.38,30.0,118.62,140.75,169.38,115.88,15.0,8.25
Brick_0cm_S2,2026-04-25T09:50:55.154875,4,9,52,73,73,31,130,156,189,131,17,9,3,8,43,60,56,25,97,116,139,96,13,6,5,11,61,82,83,36,143,173,203,138,19,9,0,0,0,0,0,0,0,0,0,0,0,0,4,10,52,70,69,31,122,144,176,121,16,8,5,12,61,81,79,37,144,167,208,138,16,10,6,14,69,99,93,41,161,193,233,159,20,13,5,12,63,85,86,39,152,176,208,145,19,10,4.0,9.5,50.12,68.75,67.38,30.0,118.62,140.62,169.5,116.0,15.0,8.12
Brick_0cm_S2,2026-04-25T09:50:55.285240,4,10,53,73,73,32,131,155,189,131,18,9,3,8,43,60,56,25,97,116,139,96,13,7,5,11,61,82,83,36,143,173,203,139,19,9,0,0,0,0,0,0,0,0,0,0,0,0,4,10,52,70,69,31,122,144,176,121,16,8,5,12,61,81,79,37,144,167,208,138,16,10,6,14,69,99,93,41,161,193,233,159,20,13,5,12,63,85,86,39,152,176,208,145,19,10,4.0,9.62,50.25,68.75,67.38,30.12,118.75,140.5,169.5,116.12,15.12,8.25
Brick_0cm_S2,2026-04-25T09:50:55.400004,4,10,53,73,73,32,131,155,189,131,18,9,3,8,43,60,56,25,97,116,139,96,13,7,5,11,61,82,83,36,143,173,203,139,19,9,0,0,0,0,0,0,0,0,0,0,0,0,3,10,52,70,69,31,122,144,177,121,15,8,5,12,61,81,78,37,144,168,208,138,16,10,6,14,69,100,93,41,161,193,233,159,20,13,5,12,63,85,86,39,152,176,208,144,19,10,3.88,9.62,50.25,68.88,67.25,30.12,118.75,140.62,169.62,116.0,15.0,8.25
Brick_0cm_S2,2026-04-25T09:50:55.531551,4,9,52,73,73,32,131,156,189,131,17,9,3,8,43,60,56,25,97,117,139,97,13,6,5,11,61,82,83,36,143,172,203,139,19,9,0,0,0,0,0,0,0,0,0,0,0,0,4,10,52,70,69,31,122,144,176,121,16,8,5,12,61,81,78,37,144,168,208,138,16,10,6,14,69,100,93,41,161,193,233,159,20,13,5,12,63,85,86,39,152,176,208,144,19,10,4.0,9.5,50.12,68.88,67.25,30.12,118.75,140.75,169.5,116.12,15.0,8.12
Brick_0cm_S2,2026-04-25T09:50:55.654118,4,9,52,73,73,32,130,156,189,131,17,9,3,8,43,60,56,25,97,117,139,97,13,6,5,11,61,82,83,36,143,172,203,139,19,9,0,0,0,0,0,0,0,0,0,0,0,0,4,10,52,70,69,31,122,144,176,121,16,8,5,12,61,81,79,37,144,167,208,138,16,10,6,14,69,99,93,41,161,193,233,159,20,13,5,12,63,85,86,39,152,176,208,144,19,10,4.0,9.5,50.12,68.75,67.38,30.12,118.62,140.62,169.5,116.12,15.0,8.12
Brick_0cm_S2,2026-04-25T09:50:55.778070,4,9,52,73,73,32,130,156,189,131,17,9,3,8,43,60,56,25,97,117,138,97,13,6,5,11,61,82,83,36,143,172,203,139,19,9,0,0,0,0,0,0,0,0,0,0,0,0,4,10,52,70,69,31,122,144,176,121,16,8,5,12,61,81,79,37,144,168,208,138,16,10,6,14,69,99,93,41,161,193,233,159,20,13,5,12,63,85,86,39,152,176,208,144,19,10,4.0,9.5,50.12,68.75,67.38,30.12,118.62,140.75,169.38,116.12,15.0,8.12
Brick_0cm_S2,2026-04-25T09:50:55.940068,4,9,52,73,73,32,130,156,189,131,17,9,3,8,43,60,56,25,97,116,139,96,13,6,5,11,61,82,83,36,143,173,203,139,19,9,0,0,0,0,0,0,0,0,0,0,0,0,4,10,52,70,69,31,122,144,176,121,16,8,5,12,61,81,79,37,144,168,208,138,16,10,6,14,69,99,93,41,161,193,233,159,20,13,5,12,64,85,86,39,152,175,208,144,19,11,4.0,9.5,50.25,68.75,67.38,30.12,118.62,140.62,169.5,116.0,15.0,8.25
Brick_0cm_S2,2026-04-25T09:50:56.060055,4,9,52,73,73,32,130,156,189,131,17,9,3,8,43,60,56,25,97,116,139,96,13,6,5,11,61,82,83,36,143,173,203,139,19,9,0,0,0,0,0,0,0,0,0,0,0,0,4,10,51,70,69,31,122,144,177,121,16,8,5,12,61,81,79,37,144,167,207,138,16,10,6,14,69,100,93,41,161,193,233,159,20,13,5,12,63,85,86,39,152,176,207,144,19,10,4.0,9.5,50.0,68.88,67.38,30.12,118.62,140.62,169.38,116.0,15.0,8.12
Brick_0cm_S2,2026-04-25T09:50:56.177133,4,9,52,73,73,33,130,155,189,131,17,9,3,8,43,60,56,25,98,116,139,96,13,6,5,11,61,82,83,36,143,173,203,139,19,9,0,0,0,0,0,0,0,0,0,0,0,0,4,10,51,70,69,31,122,144,177,121,16,8,5,12,61,81,79,37,144,167,207,138,16,10,6,14,69,100,93,41,161,193,233,159,20,13,5,12,63,85,86,39,152,176,207,144,19,10,4.0,9.5,50.0,68.88,67.38,30.25,118.75,140.5,169.38,116.0,15.0,8.12
Brick_0cm_S2,2026-04-25T09:50:56.292262,4,9,52,73,73,33,130,155,189,131,17,9,3,8,43,60,56,25,98,116,139,96,13,6,5,11,61,82,83,36,143,173,203,139,19,9,0,0,0,0,0,0,0,0,0,0,0,0,4,10,52,70,69,31,122,144,176,121,16,9,5,12,61,81,79,37,144,168,207,138,16,10,6,14,69,99,93,41,161,193,233,159,20,13,5,12,63,85,86,39,152,175,208,144,19,10,4.0,9.5,50.12,68.75,67.38,30.25,118.75,140.5,169.38,116.0,15.0,8.25
Brick_0cm_S2,2026-04-25T09:50:56.402068,4,9,52,73,73,32,131,156,189,131,17,9,3,8,43,60,56,25,97,117,139,96,13,6,5,11,61,82,83,36,143,172,203,139,19,9,0,0,0,0,0,0,0,0,0,0,0,0,4,10,52,70,69,31,122,144,176,121,16,9,5,12,61,81,79,37,144,168,207,138,16,10,6,14,69,99,93,41,161,193,233,159,20,13,5,12,63,85,86,39,152,175,208,144,19,10,4.0,9.5,50.12,68.75,67.38,30.12,118.75,140.62,169.38,116.0,15.0,8.25
Brick_0cm_S2,2026-04-25T09:50:56.516613,4,9,52,73,73,32,131,156,189,131,17,9,3,8,43,60,56,25,97,117,139,96,13,6,5,11,61,82,83,36,143,172,203,139,19,9,0,0,0,0,0,0,0,0,0,0,0,0,4,10,52,70,69,31,122,144,176,121,16,8,5,12,61,81,78,37,144,167,207,138,16,10,6,14,69,99,93,41,161,193,233,159,20,13,5,12,64,85,86,39,152,176,208,144,19,10,4.0,9.5,50.25,68.75,67.25,30.12,118.75,140.62,169.38,116.0,15.0,8.12
Brick_0cm_S2,2026-04-25T09:50:56.629142,4,10,52,73,73,32,130,156,189,131,17,9,3,8,43,60,56,25,97,117,139,96,13,6,5,11,61,82,83,36,143,172,203,138,19,9,0,0,0,0,0,0,0,0,0,0,0,0,4,10,52,70,69,31,122,144,176,121,16,8,5,12,61,81,78,37,144,167,207,138,16,10,6,14,69,99,93,41,161,193,233,159,20,13,5,12,64,85,86,39,152,176,208,144,19,10,4.0,9.62,50.25,68.75,67.25,30.12,118.62,140.62,169.38,115.88,15.0,8.12
Brick_0cm_S2,2026-04-25T09:50:56.738578,4,10,52,73,73,32,130,156,189,131,17,9,3,8,43,60,56,25,97,117,139,96,13,6,5,11,61,82,83,36,143,172,203,138,19,9,0,0,0,0,0,0,0,0,0,0,0,0,4,10,51,70,69,31,122,144,176,121,16,8,5,12,60,81,79,37,144,168,208,138,16,10,6,14,69,99,93,41,161,193,233,159,20,13,5,12,64,85,86,39,152,175,208,144,19,11,4.0,9.62,50.0,68.75,67.38,30.12,118.62,140.62,169.5,115.88,15.0,8.25
Brick_0cm_S2,2026-04-25T09:50:56.858029,4,10,52,73,73,32,131,156,189,131,17,9,3,8,43,60,56,25,98,116,139,96,13,6,5,11,61,82,83,36,143,172,203,139,19,9,0,0,0,0,0,0,0,0,0,0,0,0,4,10,51,70,69,31,122,144,176,121,16,8,5,12,60,81,79,37,144,168,208,138,16,10,6,14,69,99,93,41,161,193,233,159,20,13,5,12,64,85,86,39,152,175,208,144,19,11,4.0,9.62,50.0,68.75,67.38,30.12,118.88,140.5,169.5,116.0,15.0,8.25
Brick_0cm_S2,2026-04-25T09:50:56.990041,4,10,52,73,73,32,131,156,189,131,17,9,3,8,43,60,56,25,98,116,139,96,13,6,5,11,61,82,83,36,143,172,203,139,19,9,0,0,0,0,0,0,0,0,0,0,0,0,4,10,52,70,69,31,122,144,177,121,16,8,5,12,61,81,78,37,144,168,208,138,16,10,6,14,69,99,93,41,161,192,233,159,20,13,5,12,64,85,86,39,152,176,208,144,19,10,4.0,9.62,50.25,68.75,67.25,30.12,118.88,140.5,169.62,116.0,15.0,8.12
Brick_0cm_S2,2026-04-25T09:50:57.106416,4,9,52,73,73,32,130,156,189,131,17,9,3,8,43,60,56,25,97,117,139,97,13,7,5,11,61,82,83,36,143,173,203,139,19,9,0,0,0,0,0,0,0,0,0,0,0,0,4,10,52,70,69,31,122,144,177,121,16,8,5,12,61,81,78,37,144,168,208,138,16,10,6,14,69,99,93,41,161,192,233,159,20,13,5,12,64,85,86,39,152,176,208,144,19,10,4.0,9.5,50.25,68.75,67.25,30.12,118.62,140.75,169.62,116.12,15.0,8.25
Brick_0cm_S2,2026-04-25T09:50:57.230970,4,9,52,73,73,32,130,156,189,131,17,9,3,8,43,60,56,25,97,117,139,97,13,7,5,11,61,82,83,36,143,173,203,139,19,9,0,0,0,0,0,0,0,0,0,0,0,0,4,10,52,70,69,31,122,144,176,121,16,8,5,12,61,81,79,37,144,168,208,138,16,9,6,14,69,100,93,41,162,193,233,159,20,13,5,12,63,85,86,39,151,176,208,144,19,10,4.0,9.5,50.12,68.88,67.38,30.12,118.62,140.88,169.5,116.12,15.0,8.12
Brick_0cm_S2,2026-04-25T09:50:57.354778,4,9,52,73,73,32,130,156,189,131,17,9,3,8,43,60,55,25,97,117,139,97,13,7,5,11,61,82,83,36,143,173,203,139,19,9,0,0,0,0,0,0,0,0,0,0,0,0,4,10,51,70,69,31,122,144,176,121,16,8,5,12,61,81,79,37,144,168,208,138,16,9,6,14,69,100,93,41,162,193,233,159,20,13,5,12,63,85,86,39,151,176,208,144,19,10,4.0,9.5,50.0,68.88,67.25,30.12,118.62,140.88,169.5,116.12,15.0,8.12
Brick_0cm_S2,2026-04-25T09:50:57.476277,4,10,52,73,73,32,130,156,189,131,17,9,3,8,43,60,55,25,97,117,139,97,13,7,5,11,61,82,83,36,143,173,203,139,19,9,0,0,0,0,0,0,0,0,0,0,0,0,4,10,51,70,69,31,122,144,176,121,16,8,5,12,61,81,79,37,144,168,208,138,16,10,6,14,69,99,93,41,161,193,233,159,20,13,5,12,63,85,86,39,152,175,208,144,19,10,4.0,9.62,50.0,68.75,67.25,30.12,118.62,140.75,169.5,116.12,15.0,8.25
Brick_0cm_S2,2026-04-25T09:50:57.609856,4,10,52,73,73,32,130,156,189,131,17,9,3,8,43,60,56,25,97,116,139,96,13,7,5,11,61,82,83,36,143,173,203,139,19,9,0,0,0,0,0,0,0,0,0,0,0,0,4,10,51,70,69,31,122,144,177,121,15,8,5,12,61,81,79,37,144,168,208,138,16,10,6,14,69,99,93,41,161,193,233,159,20,13,5,12,63,85,86,39,152,175,208,144,19,10,4.0,9.62,50.0,68.75,67.38,30.12,118.62,140.62,169.62,116.0,14.88,8.25
Brick_0cm_S2,2026-04-25T09:50:57.729211,4,9,52,73,73,32,130,155,189,131,17,9,3,8,43,60,56,25,97,116,139,96,13,7,5,11,61,82,83,36,143,173,203,139,19,9,0,0,0,0,0,0,0,0,0,0,0,0,4,10,51,70,69,31,122,144,177,121,15,8,5,12,61,81,78,37,144,167,208,138,16,9,6,13,69,100,93,41,162,193,233,159,20,13,5,12,64,85,86,39,152,176,207,144,19,10,4.0,9.38,50.12,68.88,67.25,30.12,118.75,140.5,169.5,116.0,14.88,8.12
Brick_0cm_S2,2026-04-25T09:50:57.851903,4,9,52,73,73,32,130,155,189,131,17,9,3,8,43,60,56,25,98,116,139,96,13,6,5,11,61,82,83,36,143,172,203,139,19,9,0,0,0,0,0,0,0,0,0,0,0,0,4,10,52,70,69,31,122,144,177,121,16,8,5,12,61,81,79,37,144,167,208,138,16,10,6,13,69,100,93,41,162,193,233,159,20,13,5,12,64,85,86,39,152,176,207,144,19,10,4.0,9.38,50.25,68.88,67.38,30.12,118.88,140.38,169.5,116.0,15.0,8.12
Brick_0cm_S2,2026-04-25T09:50:57.981855,4,10,52,73,73,32,131,156,189,131,17,9,3,8,44,60,56,25,97,117,139,96,13,6,5,11,61,82,83,36,143,173,203,139,19,9,0,0,0,0,0,0,0,0,0,0,0,0,4,10,52,70,69,31,122,144,177,121,16,8,5,12,61,81,79,37,144,167,208,138,16,10,6,14,69,100,93,41,162,193,233,159,20,13,5,12,63,85,86,39,152,175,208,144,19,10,4.0,9.62,50.25,68.88,67.38,30.12,118.88,140.62,169.62,116.0,15.0,8.12
Brick_0cm_S2,2026-04-25T09:50:58.110857,4,10,52,73,73,32,131,156,189,131,17,9,3,8,44,60,56,25,97,117,139,96,13,6,5,11,61,82,83,36,143,173,203,139,19,9,0,0,0,0,0,0,0,0,0,0,0,0,4,10,51,70,69,31,122,144,176,121,16,8,5,12,61,81,79,37,144,168,208,138,16,10,6,14,69,100,93,41,161,193,233,159,20,13,5,12,64,85,86,39,152,176,207,144,19,10,4.0,9.62,50.25,68.88,67.38,30.12,118.75,140.88,169.38,116.0,15.0,8.12
Brick_0cm_S2,2026-04-25T09:50:58.233955,4,9,52,73,73,32,130,155,189,131,17,9,3,8,43,60,55,25,97,117,139,96,13,6,5,11,61,82,83,36,143,173,203,139,19,9,0,0,0,0,0,0,0,0,0,0,0,0,4,10,51,70,69,31,122,144,176,121,16,8,5,12,61,81,79,37,144,168,208,138,16,10,6,14,69,100,93,41,161,193,233,159,20,13,5,12,64,85,86,39,152,176,207,144,19,10,4.0,9.5,50.12,68.88,67.25,30.12,118.62,140.75,169.38,116.0,15.0,8.12
Brick_0cm_S2,2026-04-25T09:50:58.353537,4,9,52,73,73,32,130,155,189,131,17,9,3,8,43,60,55,25,97,117,139,96,13,6,5,11,61,82,83,36,143,173,203,139,19,9,0,0,0,0,0,0,0,0,0,0,0,0,4,10,52,70,69,31,122,144,176,121,16,8,5,12,61,81,79,37,144,168,207,138,16,10,6,14,69,99,93,41,161,192,233,159,20,13,5,12,64,85,86,39,152,176,208,144,19,10,4.0,9.5,50.25,68.75,67.25,30.12,118.62,140.62,169.38,116.0,15.0,8.12
Brick_0cm_S2,2026-04-25T09:50:58.477140,4,9,52,73,73,32,130,156,188,131,17,9,3,8,44,60,56,25,98,116,139,96,13,6,5,11,61,82,83,36,143,173,203,139,19,9,0,0,0,0,0,0,0,0,0,0,0,0,4,10,52,70,69,31,122,144,176,121,16,8,5,12,61,81,79,37,144,168,207,138,16,10,6,14,69,99,93,41,161,192,233,159,20,13,5,12,64,85,86,39,152,176,208,144,19,10,4.0,9.5,50.38,68.75,67.38,30.12,118.75,140.62,169.25,116.0,15.0,8.12
Brick_0cm_S2,2026-04-25T09:50:58.607806,4,9,52,73,73,32,130,156,188,131,17,9,3,8,44,60,56,25,98,116,139,96,13,6,5,11,61,82,83,36,143,173,203,139,19,9,0,0,0,0,0,0,0,0,0,0,0,0,4,10,52,70,69,31,122,144,176,121,16,8,5,12,60,81,78,37,144,168,207,138,16,10,6,14,69,99,93,41,161,192,233,159,20,13,5,12,63,85,86,39,152,175,208,144,19,11,4.0,9.5,50.12,68.75,67.25,30.12,118.75,140.5,169.25,116.0,15.0,8.25
Brick_0cm_S2,2026-04-25T09:50:58.732607,4,9,53,73,73,32,131,156,189,131,17,9,3,8,44,60,56,25,97,117,139,96,13,6,5,11,61,82,83,36,143,173,203,139,19,9,0,0,0,0,0,0,0,0,0,0,0,0,4,10,52,70,69,31,122,144,176,121,16,8,5,12,60,81,78,37,144,168,207,138,16,10,6,14,69,99,93,41,161,192,233,159,20,13,5,12,63,85,86,39,152,175,208,144,19,11,4.0,9.5,50.25,68.75,67.25,30.12,118.75,140.62,169.38,116.0,15.0,8.25
Brick_0cm_S2,2026-04-25T09:50:58.858761,4,9,53,73,73,32,131,156,189,131,17,9,3,8,44,60,56,25,97,117,139,96,13,6,5,11,61,82,83,36,143,173,203,139,19,9,0,0,0,0,0,0,0,0,0,0,0,0,4,10,52,70,69,31,122,144,177,121,16,8,5,12,61,81,79,37,144,168,208,138,16,10,6,14,69,99,93,41,161,193,233,159,20,13,5,12,64,85,86,39,152,176,208,144,19,10,4.0,9.5,50.5,68.75,67.38,30.12,118.75,140.88,169.62,116.0,15.0,8.12
Brick_0cm_S2,2026-04-25T09:50:58.988543,4,9,52,73,73,33,130,156,189,131,18,9,3,8,44,60,55,25,98,117,139,96,13,6,5,11,61,82,83,36,143,172,203,139,19,9,0,0,0,0,0,0,0,0,0,0,0,0,3,10,52,70,69,31,122,144,177,121,16,8,5,12,61,81,79,37,144,168,208,138,16,10,6,14,69,99,93,41,161,193,233,159,20,13,5,12,64,85,86,39,152,176,208,144,19,10,3.88,9.5,50.38,68.75,67.25,30.25,118.75,140.75,169.62,116.0,15.12,8.12
Brick_0cm_S2,2026-04-25T09:50:59.106226,4,9,53,73,72,32,130,156,189,131,18,9,3,8,44,60,55,25,98,117,139,96,13,6,5,11,61,82,83,36,143,172,203,139,19,9,0,0,0,0,0,0,0,0,0,0,0,0,3,10,52,70,69,31,122,144,177,121,16,8,5,12,61,81,79,37,144,168,208,138,16,10,6,14,69,99,93,41,161,193,233,159,20,13,5,12,63,85,86,39,152,176,208,144,19,10,3.88,9.5,50.38,68.75,67.12,30.12,118.75,140.75,169.62,116.0,15.12,8.12
Brick_0cm_S2,2026-04-25T09:50:59.228522,4,9,53,73,72,32,130,156,189,131,18,9,3,8,44,60,56,25,97,117,139,97,13,6,5,11,61,82,83,37,143,173,203,139,19,9,0,0,0,0,0,0,0,0,0,0,0,0,3,10,52,71,69,31,122,144,177,121,16,8,5,12,61,81,79,37,144,168,208,138,16,10,6,14,69,99,93,41,161,193,233,159,20,13,5,12,63,85,86,39,152,176,208,144,19,10,3.88,9.5,50.38,68.88,67.25,30.25,118.62,140.88,169.62,116.12,15.12,8.12
Brick_0cm_S2,2026-04-25T09:50:59.356285,4,10,52,73,73,32,130,156,189,131,17,9,3,8,43,60,56,25,98,117,139,96,13,6,5,11,61,82,83,37,143,173,203,139,19,9,0,0,0,0,0,0,0,0,0,0,0,0,3,10,52,71,69,31,122,144,177,121,16,8,5,12,61,81,79,37,144,168,208,138,16,10,6,14,69,99,93,41,162,193,233,159,20,13,5,12,63,85,86,39,152,175,208,144,19,10,3.88,9.62,50.12,68.88,67.38,30.25,118.88,140.75,169.62,116.0,15.0,8.12
Brick_0cm_S2,2026-04-25T09:50:59.479596,4,10,52,73,73,32,130,156,189,131,17,9,3,8,43,60,56,25,98,117,139,96,13,6,5,11,61,82,83,36,143,173,203,139,19,9,0,0,0,0,0,0,0,0,0,0,0,0,4,10,52,70,69,31,122,144,176,121,16,8,4,12,61,81,79,37,144,168,208,138,16,10,6,14,69,99,93,41,162,193,233,159,20,13,5,12,63,85,86,39,152,175,208,144,19,10,3.88,9.62,50.12,68.75,67.38,30.12,118.88,140.75,169.5,116.0,15.0,8.12
Brick_0cm_S2,2026-04-25T09:50:59.609284,4,9,52,73,73,32,130,156,189,131,17,9,3,8,44,60,56,25,97,117,139,96,13,6,5,11,61,82,83,36,143,173,203,139,19,9,0,0,0,0,0,0,0,0,0,0,0,0,4,10,52,70,69,31,122,144,176,121,16,8,4,12,61,81,79,37,144,168,208,138,16,10,6,14,69,99,93,41,161,193,233,159,20,13,5,12,64,85,86,39,152,175,208,144,19,10,3.88,9.5,50.38,68.75,67.38,30.12,118.62,140.75,169.5,116.0,15.0,8.12
Brick_0cm_S2,2026-04-25T09:50:59.737898,4,9,52,73,73,32,130,156,189,131,17,9,3,8,44,60,56,25,97,117,139,96,13,6,5,11,61,82,83,36,143,173,203,139,19,9,0,0,0,0,0,0,0,0,0,0,0,0,4,10,51,70,69,31,122,144,177,121,15,8,5,12,61,81,79,37,144,168,208,138,16,10,6,14,69,99,93,41,162,193,233,159,20,13,5,12,63,85,86,39,152,175,207,144,19,10,4.0,9.5,50.12,68.75,67.38,30.12,118.75,140.75,169.5,116.0,14.88,8.12
Brick_0cm_S2,2026-04-25T09:50:59.851796,4,10,52,73,73,32,130,155,189,131,17,9,3,8,43,60,56,25,98,116,139,97,13,6,5,11,61,82,83,36,143,173,203,139,19,9,0,0,0,0,0,0,0,0,0,0,0,0,4,10,51,70,69,31,122,144,177,121,15,8,5,12,61,81,79,37,144,168,208,138,16,10,6,14,69,99,93,41,162,193,233,159,20,13,5,12,63,85,86,39,152,175,207,144,19,10,4.0,9.62,50.0,68.75,67.38,30.12,118.88,140.5,169.5,116.12,14.88,8.12
Brick_0cm_S2,2026-04-25T09:50:59.983510,4,10,52,73,73,32,130,155,189,131,17,9,3,8,43,60,56,25,98,116,139,97,13,6,5,11,61,82,83,36,143,173,203,139,19,9,0,0,0,0,0,0,0,0,0,0,0,0,4,10,52,70,69,31,122,144,176,121,16,8,5,12,61,81,78,37,144,168,208,138,16,10,6,14,69,99,93,41,162,193,233,159,20,13,5,12,63,85,86,39,152,175,207,144,19,10,4.0,9.62,50.12,68.75,67.25,30.12,118.88,140.5,169.38,116.12,15.0,8.12
Brick_0cm_S2,2026-04-25T09:51:00.104171,4,9,53,73,73,32,131,156,189,131,17,9,3,8,43,60,56,25,97,117,139,96,13,6,5,11,61,82,83,36,143,173,203,139,19,9,0,0,0,0,0,0,0,0,0,0,0,0,4,10,52,70,69,31,122,144,176,121,16,8,5,12,61,81,78,37,144,168,208,138,16,10,6,14,69,99,93,41,162,193,233,159,20,13,5,12,63,85,86,39,152,175,207,144,19,10,4.0,9.5,50.25,68.75,67.25,30.12,118.88,140.75,169.38,116.0,15.0,8.12
Brick_0cm_S2,2026-04-25T09:51:00.231004,4,9,53,73,73,32,131,156,189,131,17,9,3,8,43,60,56,25,97,117,139,96,13,6,5,11,61,82,83,36,143,173,203,139,19,9,0,0,0,0,0,0,0,0,0,0,0,0,4,10,52,70,69,31,122,144,176,121,16,8,5,12,61,81,79,37,144,168,207,138,16,10,6,14,69,100,93,41,162,193,233,159,20,13,5,12,63,85,86,39,152,176,208,144,19,10,4.0,9.5,50.25,68.88,67.38,30.12,118.88,140.88,169.38,116.0,15.0,8.12
Brick_0cm_S2,2026-04-25T09:51:00.355302,4,10,53,73,73,32,130,156,188,131,17,9,3,8,43,60,56,25,97,116,139,97,13,6,5,11,61,82,83,36,143,173,203,139,19,10,0,0,0,0,0,0,0,0,0,0,0,0,4,10,52,70,69,31,122,144,176,121,16,8,5,12,61,81,79,37,144,168,207,138,16,10,6,14,69,100,93,41,162,193,233,159,20,13,5,12,63,85,86,39,152,176,208,144,19,10,4.0,9.62,50.25,68.88,67.38,30.12,118.75,140.75,169.25,116.12,15.0,8.25
Brick_0cm_S2,2026-04-25T09:51:00.484181,4,9,53,73,73,32,131,156,189,131,17,9,3,8,43,60,56,25,97,116,139,96,13,7,5,11,61,82,83,36,143,173,203,139,19,10,0,0,0,0,0,0,0,0,0,0,0,0,4,10,52,70,69,31,122,144,176,121,16,8,5,12,60,81,79,37,144,168,208,138,16,10,6,14,69,99,93,41,162,193,233,159,20,13,5,12,63,85,86,39,152,176,208,144,19,11,4.0,9.5,50.12,68.75,67.38,30.12,118.88,140.75,169.5,116.0,15.0,8.5
Brick_0cm_S2,2026-04-25T09:51:00.605324,4,9,53,73,73,32,131,156,189,131,17,9,3,8,43,60,56,25,97,116,139,96,13,7,5,11,61,82,83,37,143,173,203,139,19,9,0,0,0,0,0,0,0,0,0,0,0,0,4,10,52,70,69,31,122,144,177,121,16,8,5,12,61,81,79,37,144,168,208,138,16,10,6,14,69,99,93,41,162,193,233,159,20,13,5,12,63,85,86,39,152,176,208,144,19,11,4.0,9.5,50.25,68.75,67.38,30.25,118.88,140.75,169.62,116.0,15.0,8.38
Brick_0cm_S2,2026-04-25T09:51:00.729971,4,10,52,73,73,32,130,156,189,131,17,9,3,8,43,60,56,25,97,116,139,97,13,7,5,11,61,82,83,36,143,173,203,139,19,9,0,0,0,0,0,0,0,0,0,0,0,0,4,10,52,70,69,31,122,144,177,121,16,8,5,12,61,81,79,37,144,168,208,138,16,10,6,14,69,99,93,41,161,193,233,159,20,13,5,12,64,85,86,39,152,176,208,144,19,11,4.0,9.62,50.25,68.75,67.38,30.12,118.62,140.75,169.62,116.12,15.0,8.38
Brick_0cm_S2,2026-04-25T09:51:00.857940,4,10,52,73,73,32,130,156,189,131,17,9,3,8,43,60,56,25,97,116,139,97,13,7,5,11,61,82,83,36,143,173,203,139,19,9,0,0,0,0,0,0,0,0,0,0,0,0,4,10,52,70,69,31,122,144,176,121,16,8,5,12,61,81,79,37,144,168,208,138,16,10,6,13,69,99,93,41,161,193,233,159,20,13,5,12,64,85,86,39,152,176,208,144,19,11,4.0,9.5,50.25,68.75,67.38,30.12,118.62,140.75,169.5,116.12,15.0,8.38
Brick_0cm_S2,2026-04-25T09:51:00.982975,4,9,52,73,73,32,131,155,189,131,17,9,3,8,43,60,56,25,97,117,139,96,13,6,5,11,61,82,83,36,143,173,203,139,19,9,0,0,0,0,0,0,0,0,0,0,0,0,4,10,52,70,69,31,122,144,176,121,16,8,5,12,61,81,79,37,144,168,208,138,16,10,6,13,69,99,93,41,161,193,233,159,20,13,5,12,64,85,86,39,152,176,208,144,19,11,4.0,9.38,50.25,68.75,67.38,30.12,118.75,140.75,169.5,116.0,15.0,8.25
Brick_0cm_S2,2026-04-25T09:51:01.111202,4,9,52,73,73,32,131,155,189,131,17,9,3,8,43,60,56,25,97,117,139,96,13,6,5,11,61,82,83,36,143,173,203,139,19,9,0,0,0,0,0,0,0,0,0,0,0,0,4,10,52,70,69,31,122,144,176,121,16,9,5,12,61,81,79,37,144,168,208,138,16,10,6,14,69,99,93,41,161,193,233,159,20,13,5,12,63,85,86,39,152,175,207,144,19,10,4.0,9.5,50.12,68.75,67.38,30.12,118.75,140.62,169.38,116.0,15.0,8.25
Brick_0cm_S2,2026-04-25T09:51:01.258206,4,9,52,73,73,32,130,156,189,131,17,9,3,8,43,60,56,25,97,117,139,96,13,6,5,11,61,82,83,36,143,173,203,139,19,9,0,0,0,0,0,0,0,0,0,0,0,0,4,10,52,70,69,31,122,144,176,121,16,9,5,12,61,81,79,37,144,168,208,138,16,10,6,14,69,99,93,41,161,193,233,159,20,13,5,12,63,85,86,39,152,175,207,144,19,10,4.0,9.5,50.12,68.75,67.38,30.12,118.62,140.75,169.38,116.0,15.0,8.25
Brick_0cm_S2,2026-04-25T09:51:01.374221,4,9,52,73,73,32,130,156,189,131,17,9,3,8,43,60,56,25,97,117,139,96,13,6,5,11,61,82,83,36,143,173,203,139,19,9,0,0,0,0,0,0,0,0,0,0,0,0,4,10,52,70,69,31,122,144,176,121,16,8,4,12,61,81,79,36,144,168,208,138,16,10,6,14,69,99,93,41,161,193,233,159,20,13,5,12,63,85,86,39,152,176,208,144,19,10,3.88,9.5,50.12,68.75,67.38,30.0,118.62,140.88,169.5,116.0,15.0,8.12
Brick_0cm_S2,2026-04-25T09:51:01.487336,4,9,52,73,73,32,131,155,188,131,18,9,3,8,43,60,56,25,97,117,139,96,13,6,5,11,61,82,83,36,143,173,203,139,19,9,0,0,0,0,0,0,0,0,0,0,0,0,4,10,52,70,69,31,122,144,176,121,16,8,4,12,61,81,79,36,144,168,208,138,16,10,6,14,69,99,93,41,161,193,233,159,20,13,5,12,63,85,86,39,152,176,208,144,19,10,3.88,9.5,50.12,68.75,67.38,30.0,118.75,140.75,169.38,116.0,15.12,8.12
Brick_0cm_S2,2026-04-25T09:51:01.604749,4,9,52,73,73,32,131,155,188,131,18,9,3,8,43,60,56,25,97,117,139,96,13,6,5,11,61,82,83,36,143,173,203,139,19,9,0,0,0,0,0,0,0,0,0,0,0,0,4,10,52,70,69,31,122,144,176,121,15,8,5,12,61,81,79,37,144,168,208,138,16,10,6,14,69,100,93,41,161,193,233,159,20,13,5,12,63,85,86,39,152,175,207,144,19,10,4.0,9.5,50.12,68.88,67.38,30.12,118.75,140.62,169.25,116.0,15.0,8.12
Brick_0cm_S2,2026-04-25T09:51:01.724347,4,9,52,73,73,32,130,156,189,131,17,9,3,8,43,60,56,25,97,116,139,96,13,6,5,11,61,82,83,36,143,172,203,139,19,9,0,0,0,0,0,0,0,0,0,0,0,0,4,10,52,70,69,31,122,144,176,121,15,8,5,12,61,81,79,37,144,168,208,138,16,10,6,14,69,100,93,41,161,193,233,159,20,13,5,12,63,85,86,39,152,175,207,144,19,10,4.0,9.5,50.12,68.88,67.38,30.12,118.62,140.5,169.38,116.0,14.88,8.12
Brick_0cm_S2,2026-04-25T09:51:01.834720,4,9,52,73,73,32,130,156,189,131,17,9,3,8,43,60,56,25,97,116,139,96,13,6,5,11,61,82,83,36,143,172,203,139,19,9,0,0,0,0,0,0,0,0,0,0,0,0,4,10,52,70,69,31,122,144,177,121,16,8,5,12,61,81,79,37,144,168,208,138,16,9,6,14,69,99,93,41,162,193,233,159,20,13,5,12,64,85,86,39,152,176,207,144,19,11,4.0,9.5,50.25,68.75,67.38,30.12,118.75,140.62,169.5,116.0,15.0,8.12
Brick_0cm_S2,2026-04-25T09:51:01.956887,4,9,52,73,73,32,130,155,189,131,17,9,3,8,44,60,56,25,98,117,139,96,13,7,5,11,61,82,83,36,143,173,203,139,19,9,0,0,0,0,0,0,0,0,0,0,0,0,4,10,52,70,69,31,122,144,177,121,16,8,5,12,61,81,79,37,144,168,208,138,16,9,6,14,69,99,93,41,162,193,233,159,20,13,5,12,64,85,86,39,152,176,207,144,19,11,4.0,9.5,50.38,68.75,67.38,30.12,118.88,140.75,169.5,116.0,15.0,8.25
Brick_0cm_S2,2026-04-25T09:51:02.067995,4,9,52,73,73,32,130,155,189,131,17,9,3,8,44,60,56,25,98,117,139,96,13,7,5,11,61,82,83,36,143,173,203,139,19,9,0,0,0,0,0,0,0,0,0,0,0,0,3,10,52,70,69,31,122,144,177,121,16,8,5,12,61,81,78,37,144,168,207,138,16,10,6,14,69,99,93,41,161,193,233,159,20,13,5,12,64,85,86,39,152,175,207,144,19,10,3.88,9.5,50.38,68.75,67.25,30.12,118.75,140.62,169.38,116.0,15.0,8.25
Brick_0cm_S2,2026-04-25T09:51:02.183161,4,10,52,73,73,32,130,156,189,131,17,9,3,8,43,60,56,25,97,116,138,97,13,6,5,11,61,82,83,36,143,173,203,139,19,9,0,0,0,0,0,0,0,0,0,0,0,0,3,10,52,70,69,31,122,144,177,121,16,8,5,12,61,81,78,37,144,168,207,138,16,10,6,14,69,99,93,41,161,193,233,159,20,13,5,12,64,85,86,39,152,175,207,144,19,10,3.88,9.62,50.25,68.75,67.25,30.12,118.62,140.62,169.25,116.12,15.0,8.12
Brick_0cm_S2,2026-04-25T09:51:02.292956,4,10,52,73,73,32,130,156,189,131,17,9,3,8,43,60,56,25,97,116,138,97,13,6,5,11,61,82,83,36,143,173,203,139,19,9,0,0,0,0,0,0,0,0,0,0,0,0,4,10,52,70,69,31,122,144,176,121,16,8,5,12,61,81,79,37,144,167,207,138,16,10,6,14,69,99,93,41,161,193,233,159,20,13,5,12,64,85,86,39,152,175,208,144,19,11,4.0,9.62,50.25,68.75,67.38,30.12,118.62,140.5,169.25,116.12,15.0,8.25
Brick_0cm_S2,2026-04-25T09:51:02.425674,4,9,52,73,73,32,131,156,189,131,17,9,3,8,43,60,56,25,97,116,139,96,13,6,5,11,61,82,83,36,143,172,203,139,19,9,0,0,0,0,0,0,0,0,0,0,0,0,4,10,51,70,69,31,122,144,176,121,16,8,5,12,61,81,79,37,144,167,207,138,16,10,6,14,69,99,93,41,161,193,233,159,20,13,5,12,64,85,86,39,152,175,208,144,19,11,4.0,9.5,50.12,68.75,67.38,30.12,118.75,140.38,169.38,116.0,15.0,8.25
Brick_0cm_S2,2026-04-25T09:51:02.549026,4,10,52,73,73,32,130,155,188,131,17,9,3,8,43,60,56,25,97,116,139,96,13,6,5,11,61,82,83,36,143,172,203,139,19,9,0,0,0,0,0,0,0,0,0,0,0,0,4,10,51,70,69,31,122,144,176,121,16,8,5,12,61,81,79,37,144,168,208,138,16,10,6,14,69,100,93,41,161,193,233,159,20,13,5,12,63,85,86,39,152,175,208,144,19,10,4.0,9.62,50.0,68.88,67.38,30.12,118.62,140.38,169.38,116.0,15.0,8.12
Brick_0cm_S2,2026-04-25T09:51:02.669350,4,10,52,73,73,32,130,155,188,131,17,9,3,8,43,60,56,25,97,116,139,97,13,6,5,11,61,82,82,36,143,172,203,139,19,9,0,0,0,0,0,0,0,0,0,0,0,0,3,10,52,70,69,31,122,144,176,121,16,8,5,12,61,81,79,37,144,168,208,138,16,10,6,14,69,100,93,41,161,193,233,159,20,13,5,12,63,85,86,39,152,175,208,144,19,10,3.88,9.62,50.12,68.88,67.25,30.12,118.62,140.38,169.38,116.12,15.0,8.12
Brick_0cm_S2,2026-04-25T09:51:02.798300,4,9,53,73,73,32,131,155,189,131,18,9,3,8,43,60,56,25,97,117,139,96,13,6,5,11,61,82,82,36,143,172,203,139,19,9,0,0,0,0,0,0,0,0,0,0,0,0,3,10,52,70,69,31,122,144,176,121,16,8,5,12,61,81,79,37,144,168,208,138,16,10,6,14,69,99,93,41,161,193,233,159,20,13,5,12,63,85,86,39,152,175,207,144,19,10,3.88,9.5,50.25,68.75,67.25,30.12,118.75,140.5,169.38,116.0,15.12,8.12
Brick_0cm_S2,2026-04-25T09:51:02.931929,4,9,53,73,73,32,131,155,189,131,18,9,3,8,43,60,56,25,97,117,139,96,13,6,5,11,61,82,83,36,143,173,203,139,19,9,0,0,0,0,0,0,0,0,0,0,0,0,4,10,52,70,69,31,122,144,177,121,15,8,5,12,61,81,79,37,144,168,208,138,16,10,6,14,69,100,93,41,162,193,233,159,20,13,5,12,63,85,86,39,152,175,207,144,19,10,4.0,9.5,50.25,68.88,67.38,30.12,118.88,140.62,169.5,116.0,15.0,8.12
Brick_0cm_S2,2026-04-25T09:51:03.048274,4,10,52,73,73,32,131,156,189,131,17,9,3,8,43,60,56,25,97,117,139,96,13,6,5,11,61,82,83,36,143,172,203,139,19,9,0,0,0,0,0,0,0,0,0,0,0,0,4,10,52,70,69,31,122,144,177,121,15,8,5,12,61,81,79,37,144,168,208,138,16,10,6,14,69,100,93,41,162,193,233,159,20,13,5,12,64,85,86,39,152,176,208,144,19,11,4.0,9.62,50.25,68.88,67.38,30.12,118.88,140.75,169.62,116.0,14.88,8.25
Brick_0cm_S2,2026-04-25T09:51:03.181538,4,10,52,73,73,32,131,156,189,131,17,9,3,8,43,60,56,25,97,117,139,96,13,6,5,11,61,82,83,36,143,172,203,139,19,9,0,0,0,0,0,0,0,0,0,0,0,0,4,10,52,70,69,31,122,144,176,121,15,8,5,12,61,81,79,37,144,168,208,138,16,10,6,14,69,99,93,41,161,193,233,159,20,13,5,12,64,85,86,39,152,176,208,144,19,10,4.0,9.62,50.25,68.75,67.38,30.12,118.75,140.75,169.5,116.0,14.88,8.12
Brick_0cm_S2,2026-04-25T09:51:03.311135,4,10,52,73,73,32,131,156,189,131,17,9,3,8,43,60,56,25,97,116,138,96,13,6,5,11,61,82,83,36,143,173,203,139,19,9,0,0,0,0,0,0,0,0,0,0,0,0,4,10,52,70,69,31,122,144,176,121,15,8,5,12,61,81,79,37,144,168,208,138,16,10,6,14,69,99,93,41,161,193,233,159,20,13,5,12,64,85,86,39,152,176,208,144,19,10,4.0,9.62,50.25,68.75,67.38,30.12,118.75,140.75,169.38,116.0,14.88,8.12
Brick_0cm_S2,2026-04-25T09:51:03.439949,4,10,52,73,73,32,131,156,189,131,17,9,3,8,43,60,56,25,97,116,138,96,13,6,5,11,61,82,83,36,143,173,203,139,19,9,0,0,0,0,0,0,0,0,0,0,0,0,4,10,52,70,69,31,122,144,177,121,16,8,5,12,61,81,79,37,144,168,208,138,16,10,6,14,69,99,93,41,161,193,233,159,20,13,5,12,63,85,86,39,152,175,208,144,19,10,4.0,9.62,50.12,68.75,67.38,30.12,118.75,140.62,169.5,116.0,15.0,8.12
Brick_0cm_S2,2026-04-25T09:51:03.557703,4,9,52,73,73,32,131,156,189,131,17,9,3,8,43,60,56,25,98,116,139,96,13,7,5,11,61,82,83,36,143,173,203,139,19,9,0,0,0,0,0,0,0,0,0,0,0,0,4,10,52,70,69,31,122,144,177,121,16,8,5,12,61,81,79,37,144,168,208,138,16,10,6,14,69,99,93,41,161,193,233,159,20,13,5,12,63,85,86,39,152,175,208,144,19,10,4.0,9.5,50.12,68.75,67.38,30.12,118.88,140.62,169.62,116.0,15.0,8.25
Brick_0cm_S2,2026-04-25T09:51:03.681451,4,9,52,73,73,32,131,156,189,131,17,9,3,8,43,60,56,25,98,116,139,96,13,7,5,11,61,82,83,36,143,173,203,139,19,9,0,0,0,0,0,0,0,0,0,0,0,0,3,10,51,70,69,31,122,144,176,122,16,8,5,12,61,81,79,37,144,168,207,138,16,10,6,14,69,100,93,41,161,193,233,159,20,13,5,12,63,85,86,39,152,176,208,144,19,11,3.88,9.5,50.0,68.88,67.38,30.12,118.88,140.75,169.38,116.12,15.0,8.38
Brick_0cm_S2,2026-04-25T09:51:03.810684,4,10,52,73,73,32,130,156,189,131,18,9,3,8,43,60,56,25,98,116,139,96,13,6,5,11,61,82,83,36,143,173,203,139,19,9,0,0,0,0,0,0,0,0,0,0,0,0,4,10,52,70,69,31,122,144,176,121,16,8,5,12,61,81,79,37,144,167,208,138,16,10,6,14,69,100,93,41,161,193,233,159,20,13,5,12,63,85,86,39,152,176,208,144,19,11,4.0,9.62,50.12,68.88,67.38,30.12,118.75,140.62,169.5,116.0,15.12,8.25
Brick_0cm_S2,2026-04-25T09:51:03.935969,4,9,52,73,73,32,130,156,189,131,17,9,3,8,43,60,56,25,98,117,139,96,13,7,5,11,61,82,83,36,143,173,203,139,19,9,0,0,0,0,0,0,0,0,0,0,0,0,4,10,52,70,69,31,122,144,176,121,16,8,5,12,61,81,79,37,144,167,208,138,16,10,6,14,69,99,93,41,161,192,233,159,20,13,5,12,63,85,86,39,152,176,208,144,19,11,4.0,9.5,50.12,68.75,67.38,30.12,118.75,140.62,169.5,116.0,15.0,8.38
Brick_0cm_S2,2026-04-25T09:51:04.056688,4,9,52,73,73,32,130,156,189,131,17,9,3,8,43,60,56,25,98,117,139,96,13,7,5,11,61,82,83,36,143,173,203,139,19,9,0,0,0,0,0,0,0,0,0,0,0,0,4,10,52,70,69,31,122,144,176,121,16,8,5,12,61,81,79,37,144,168,208,139,16,10,6,14,69,99,93,41,161,192,233,159,20,13,5,12,63,85,86,39,152,176,208,144,19,11,4.0,9.5,50.12,68.75,67.38,30.12,118.75,140.75,169.5,116.12,15.0,8.38
Brick_0cm_S2,2026-04-25T09:51:04.184093,4,10,53,73,73,32,131,156,189,131,17,9,3,8,43,60,56,25,97,117,139,97,13,6,5,11,61,82,83,36,143,173,203,139,19,9,0,0,0,0,0,0,0,0,0,0,0,0,4,10,52,70,69,31,122,144,176,121,16,8,5,12,61,81,79,37,144,168,208,139,16,10,6,14,69,100,93,41,161,193,233,159,20,13,5,12,63,85,86,39,152,176,208,144,19,10,4.0,9.62,50.25,68.88,67.38,30.12,118.75,140.88,169.5,116.25,15.0,8.12
Brick_0cm_S2,2026-04-25T09:51:04.310522,4,10,53,73,73,32,131,156,189,131,17,9,3,8,43,60,56,25,97,117,139,97,13,6,5,11,61,82,83,36,143,173,203,139,19,9,0,0,0,0,0,0,0,0,0,0,0,0,3,10,51,70,70,31,122,144,177,121,15,8,5,12,61,81,79,37,144,168,208,139,16,10,6,14,69,100,93,41,161,193,233,159,20,13,5,12,64,85,86,39,152,176,208,144,19,11,3.88,9.62,50.25,68.88,67.5,30.12,118.75,140.88,169.62,116.25,14.88,8.25
Brick_0cm_S2,2026-04-25T09:51:04.432651,4,9,52,73,73,32,130,155,189,131,17,9,3,8,43,60,55,25,98,116,138,97,13,6,5,11,61,82,83,36,143,173,203,139,19,9,0,0,0,0,0,0,0,0,0,0,0,0,3,10,51,70,70,31,122,144,177,121,15,8,5,12,61,81,79,37,144,168,208,139,16,10,6,14,69,100,93,41,161,193,233,159,20,13,5,12,64,85,86,39,152,176,208,144,19,11,3.88,9.5,50.12,68.88,67.38,30.12,118.75,140.62,169.5,116.25,14.88,8.25
Brick_0cm_S2,2026-04-25T09:51:04.557499,4,9,52,73,73,32,130,155,189,131,17,9,3,8,43,60,55,25,98,116,138,97,13,6,5,11,61,82,83,36,143,173,203,139,19,9,0,0,0,0,0,0,0,0,0,0,0,0,3,10,52,70,69,31,122,144,177,121,15,8,5,12,61,81,79,37,144,168,208,138,16,10,6,14,69,99,93,41,161,193,233,159,20,13,5,12,63,85,86,39,152,176,208,144,19,10,3.88,9.5,50.12,68.75,67.25,30.12,118.75,140.62,169.5,116.12,14.88,8.12
Brick_0cm_S2,2026-04-25T09:51:04.681307,4,9,52,73,73,32,130,156,189,130,17,9,3,8,44,60,56,25,97,116,139,96,13,6,5,11,61,82,83,36,143,173,203,139,19,9,0,0,0,0,0,0,0,0,0,0,0,0,3,10,52,70,69,31,122,144,177,121,15,8,5,12,61,81,79,37,144,168,208,138,16,10,6,14,69,99,93,41,161,193,233,159,20,13,5,12,63,85,86,39,152,176,208,144,19,10,3.88,9.5,50.25,68.75,67.38,30.12,118.62,140.75,169.62,115.88,14.88,8.12
Brick_0cm_S2,2026-04-25T09:51:04.810875,4,9,52,73,73,32,130,156,189,130,17,9,3,8,44,60,56,25,97,116,139,96,13,6,5,11,61,82,83,36,143,173,203,139,19,9,0,0,0,0,0,0,0,0,0,0,0,0,4,10,52,70,69,31,122,144,176,121,16,8,5,12,61,81,79,37,144,168,208,138,15,10,6,14,69,99,93,41,161,193,233,159,20,13,5,12,64,85,86,39,152,176,208,144,19,11,4.0,9.5,50.38,68.75,67.38,30.12,118.62,140.75,169.5,115.88,14.88,8.25
Brick_0cm_S2,2026-04-25T09:51:04.935462,4,10,52,73,73,32,130,155,189,131,17,9,3,8,44,60,56,25,97,117,139,97,13,7,5,11,61,82,83,36,143,173,203,139,19,9,0,0,0,0,0,0,0,0,0,0,0,0,4,10,52,70,69,31,122,144,176,121,16,8,5,12,61,81,79,37,144,168,208,138,15,10,6,14,69,99,93,41,161,193,233,159,20,13,5,12,64,85,86,39,152,176,208,144,19,11,4.0,9.62,50.38,68.75,67.38,30.12,118.62,140.75,169.5,116.12,14.88,8.38
Brick_0cm_S2,2026-04-25T09:51:05.069833,4,9,52,73,73,32,131,156,189,131,17,9,3,8,44,60,56,25,97,117,139,96,13,7,5,11,61,82,83,36,143,173,203,139,19,9,0,0,0,0,0,0,0,0,0,0,0,0,4,10,51,70,69,31,122,144,176,121,16,8,5,12,61,81,79,37,144,168,208,138,16,10,6,14,69,99,93,41,161,193,233,159,20,13,5,12,64,85,86,39,152,175,208,144,19,11,4.0,9.5,50.25,68.75,67.38,30.12,118.75,140.75,169.5,116.0,15.0,8.38
Brick_0cm_S2,2026-04-25T09:51:05.186915,4,9,52,73,73,32,131,156,189,131,17,9,3,8,44,60,56,25,97,117,139,96,13,7,5,11,61,82,83,36,143,172,203,139,19,9,0,0,0,0,0,0,0,0,0,0,0,0,4,10,52,70,69,31,122,144,176,121,16,8,5,12,61,81,79,37,144,168,208,138,16,10,6,14,69,99,93,41,161,193,233,159,20,13,5,12,64,85,86,39,152,175,208,144,19,11,4.0,9.5,50.38,68.75,67.38,30.12,118.75,140.62,169.5,116.0,15.0,8.38
Brick_0cm_S2,2026-04-25T09:51:05.308955,4,9,52,73,73,33,130,155,189,131,17,9,3,8,44,60,55,25,97,116,138,96,13,6,5,11,61,82,83,36,143,172,203,139,19,9,0,0,0,0,0,0,0,0,0,0,0,0,4,10,52,70,69,31,122,144,176,121,16,8,4,12,61,81,79,37,144,168,208,139,16,10,6,14,69,99,93,41,161,193,233,159,20,13,5,12,64,85,86,39,152,176,208,144,19,11,3.88,9.5,50.38,68.75,67.25,30.25,118.62,140.5,169.38,116.12,15.0,8.25
Brick_0cm_S2,2026-04-25T09:51:05.435775,4,9,52,73,73,33,130,155,189,131,17,9,3,8,44,60,55,25,97,116,138,96,13,6,5,11,61,82,83,36,143,172,203,139,19,9,0,0,0,0,0,0,0,0,0,0,0,0,3,10,52,70,69,31,122,144,176,121,16,8,5,12,61,81,79,37,144,166,208,139,16,9,6,14,69,99,93,41,161,193,233,159,20,13,5,12,64,85,86,39,152,176,208,144,19,11,3.88,9.5,50.38,68.75,67.25,30.25,118.62,140.25,169.38,116.12,15.0,8.12
Brick_0cm_S2,2026-04-25T09:51:05.560257,4,10,52,73,73,32,130,156,189,131,17,9,3,8,44,60,56,25,97,117,139,97,13,6,5,11,61,82,83,36,143,173,203,138,19,9,0,0,0,0,0,0,0,0,0,0,0,0,3,10,52,70,69,31,122,144,176,121,16,8,5,12,61,81,79,37,144,166,208,139,16,9,6,14,69,99,93,41,161,193,233,159,20,13,5,12,63,85,86,39,152,176,208,144,19,11,3.88,9.62,50.25,68.75,67.38,30.12,118.62,140.62,169.5,116.12,15.0,8.12
Brick_0cm_S2,2026-04-25T09:51:05.686291,4,10,52,73,73,32,130,156,189,131,17,9,3,8,44,60,56,25,97,117,139,97,13,6,5,11,61,82,83,36,143,173,203,138,19,9,0,0,0,0,0,0,0,0,0,0,0,0,4,10,52,70,69,31,122,144,176,121,16,8,4,12,61,81,79,37,144,168,208,138,16,10,6,14,69,99,93,41,161,193,233,159,20,13,5,12,63,85,86,39,152,176,207,144,19,10,3.88,9.62,50.25,68.75,67.38,30.12,118.62,140.88,169.38,116.0,15.0,8.12
Brick_0cm_S2,2026-04-25T09:51:05.818879,4,9,52,73,73,32,131,155,188,131,17,9,3,8,44,60,56,25,97,116,139,96,13,7,5,11,61,82,83,36,143,173,203,139,19,9,0,0,0,0,0,0,0,0,0,0,0,0,4,10,52,70,69,31,122,144,176,121,16,8,4,12,61,81,79,37,144,168,208,138,16,10,6,14,69,99,93,41,161,193,233,159,20,13,5,12,63,85,86,39,152,176,207,144,19,10,3.88,9.5,50.25,68.75,67.38,30.12,118.75,140.62,169.25,116.0,15.0,8.25
Brick_0cm_S2,2026-04-25T09:51:05.960691,4,9,52,73,73,32,131,155,188,131,17,9,3,8,44,60,56,25,97,116,139,96,13,7,5,11,61,82,83,36,143,173,203,139,19,9,0,0,0,0,0,0,0,0,0,0,0,0,4,10,51,70,69,31,122,144,177,121,15,8,5,12,61,81,79,37,144,168,208,139,16,10,6,14,69,99,93,41,161,193,233,159,20,13,5,12,63,85,86,39,152,175,207,144,19,10,4.0,9.5,50.12,68.75,67.38,30.12,118.75,140.5,169.38,116.12,14.88,8.25
Brick_0cm_S2,2026-04-25T09:51:06.076814,4,9,52,73,73,32,130,156,189,131,17,9,3,8,43,60,56,25,97,116,139,96,13,6,5,11,61,82,83,36,143,173,203,139,19,9,0,0,0,0,0,0,0,0,0,0,0,0,4,10,51,70,69,31,122,144,177,121,15,8,5,12,61,81,79,37,144,168,208,139,16,10,6,14,69,99,93,41,161,193,233,159,20,13,5,12,63,85,86,39,152,175,207,144,19,10,4.0,9.5,50.0,68.75,67.38,30.12,118.62,140.62,169.5,116.12,14.88,8.12
Brick_0cm_S2,2026-04-25T09:51:06.193053,4,9,52,73,73,32,130,156,189,131,17,9,3,8,43,60,56,25,97,116,139,96,13,6,5,11,61,82,83,36,143,173,203,139,19,9,0,0,0,0,0,0,0,0,0,0,0,0,4,10,52,70,69,31,122,144,177,121,16,8,5,12,61,81,79,37,144,168,208,138,16,10,6,14,69,99,93,41,161,192,233,159,20,13,5,12,63,85,86,39,152,176,208,144,19,11,4.0,9.5,50.12,68.75,67.38,30.12,118.62,140.62,169.62,116.0,15.0,8.25
