label,timestamp,S0_405nm,S0_425nm,S0_450nm,S0_475nm,S0_515nm,S0_550nm,S0_555nm,S0_600nm,S0_640nm,S0_690nm,S0_745nm,S0_855nm,S1_405nm,S1_425nm,S1_450nm,S1_475nm,S1_515nm,S1_550nm,S1_555nm,S1_600nm,S1_640nm,S1_690nm,S1_745nm,S1_855nm,S2_405nm,S2_425nm,S2_450nm,S2_475nm,S2_515nm,S2_550nm,S2_555nm,S2_600nm,S2_640nm,S2_690nm,S2_745nm,S2_855nm,S3_405nm,S3_425nm,S3_450nm,S3_475nm,S3_515nm,S3_550nm,S3_555nm,S3_600nm,S3_640nm,S3_690nm,S3_745nm,S3_855nm,S4_405nm,S4_425nm,S4_450nm,S4_475nm,S4_515nm,S4_550nm,S4_555nm,S4_600nm,S4_640nm,S4_690nm,S4_745nm,S4_855nm,S5_405nm,S5_425nm,S5_450nm,S5_475nm,S5_515nm,S5_550nm,S5_555nm,S5_600nm,S5_640nm,S5_690nm,S5_745nm,S5_855nm,S6_405nm,S6_425nm,S6_450nm,S6_475nm,S6_515nm,S6_550nm,S6_555nm,S6_600nm,S6_640nm,S6_690nm,S6_745nm,S6_855nm,S7_405nm,S7_425nm,S7_450nm,S7_475nm,S7_515nm,S7_550nm,S7_555nm,S7_600nm,S7_640nm,S7_690nm,S7_745nm,S7_855nm,AVG_405nm,AVG_425nm,AVG_450nm,AVG_475nm,AVG_515nm,AVG_550nm,AVG_555nm,AVG_600nm,AVG_640nm,AVG_690nm,AVG_745nm,AVG_855nm
Concrete_0cm_S9,2026-04-02T20:42:48.902470,48,75,248,333,357,167,500,475,475,333,70,59,36,56,221,287,306,148,422,406,408,274,58,50,14,28,149,191,207,87,293,288,278,185,28,18,44,81,250,332,347,165,478,478,451,311,81,55,48,70,257,322,352,172,488,484,470,323,75,55,17,33,156,200,209,92,301,292,291,193,28,21,51,85,269,363,370,174,513,506,519,324,71,69,74,102,274,367,377,192,514,500,510,356,79,76,41.5,66.25,228.0,299.38,315.62,149.62,438.62,428.62,425.25,287.38,61.25,50.38
Concrete_0cm_S9,2026-04-02T20:42:49.046687,48,74,249,333,356,168,500,476,475,333,70,59,36,56,221,287,307,148,422,406,408,274,58,50,13,27,150,190,207,87,293,287,277,185,28,18,45,81,250,332,347,166,477,478,452,311,81,56,47,70,257,321,352,172,488,484,470,323,75,55,17,33,156,200,209,92,301,292,291,193,28,21,51,85,269,363,370,174,513,506,519,324,71,69,74,102,274,367,377,193,514,500,510,356,79,76,41.38,66.0,228.25,299.12,315.62,150.0,438.5,428.62,425.25,287.38,61.25,50.5
Concrete_0cm_S9,2026-04-02T20:42:49.192718,49,75,249,333,357,168,501,476,475,334,70,59,36,56,221,287,306,148,423,406,408,274,58,50,13,27,150,190,207,87,293,287,277,185,28,18,45,81,250,332,347,166,477,478,452,311,81,56,47,70,257,321,352,172,488,484,470,323,75,55,17,33,156,200,209,92,301,292,291,193,28,21,51,85,269,363,370,174,513,506,519,324,71,69,74,102,274,367,377,193,514,500,510,356,79,76,41.5,66.12,228.25,299.12,315.62,150.0,438.75,428.62,425.25,287.5,61.25,50.5
Concrete_0cm_S9,2026-04-02T20:42:49.342190,49,75,249,333,357,168,501,476,475,334,70,59,36,56,221,287,306,148,423,406,408,274,58,50,13,27,150,190,207,87,293,287,277,185,28,18,45,81,250,332,347,166,477,478,452,311,81,56,47,70,257,321,352,172,488,484,470,323,75,55,17,33,156,200,209,92,301,292,291,193,28,21,51,85,269,363,370,174,513,506,519,324,71,69,74,102,274,367,377,193,514,500,510,356,79,76,41.5,66.12,228.25,299.12,315.62,150.0,438.75,428.62,425.25,287.5,61.25,50.5
Concrete_0cm_S9,2026-04-02T20:42:49.514170,49,75,249,333,357,168,501,476,476,334,70,59,36,55,221,287,307,148,422,405,408,274,58,50,13,28,149,190,207,87,293,288,278,185,28,18,45,81,249,332,347,165,477,477,451,311,81,55,47,69,257,321,351,172,487,483,469,323,75,55,17,33,156,200,210,93,301,293,291,192,28,21,51,86,269,363,370,174,514,506,519,324,71,69,74,103,274,366,377,192,514,501,510,355,79,76,41.5,66.25,228.0,299.0,315.75,149.88,438.62,428.62,425.25,287.25,61.25,50.38
Concrete_0cm_S9,2026-04-02T20:42:49.671864,48,75,249,334,356,167,501,476,475,334,70,59,36,56,221,287,306,148,422,406,407,274,58,50,13,28,149,190,207,87,292,287,278,185,28,18,45,81,249,332,346,165,477,477,451,311,81,55,47,69,257,322,351,172,488,484,470,324,75,56,18,33,156,200,209,93,301,293,291,193,28,21,51,85,269,363,370,174,514,506,519,325,71,69,74,103,274,367,377,193,514,501,510,356,79,76,41.5,66.25,228.0,299.38,315.25,149.88,438.62,428.75,425.12,287.75,61.25,50.5
Concrete_0cm_S9,2026-04-02T20:42:49.867226,48,75,249,334,356,167,501,476,475,334,70,59,36,56,221,287,306,148,422,406,407,274,58,50,13,28,149,190,207,87,292,287,278,185,28,18,45,81,249,332,346,165,477,477,451,311,81,55,48,70,257,322,352,172,487,484,470,323,75,55,17,33,156,200,209,92,302,292,291,192,28,21,51,86,269,362,370,174,513,506,519,325,71,69,74,103,274,367,377,193,514,500,510,356,79,76,41.5,66.5,228.0,299.25,315.38,149.75,438.5,428.5,425.12,287.5,61.25,50.38
Concrete_0cm_S9,2026-04-02T20:42:50.012336,48,75,248,333,356,168,500,475,475,334,70,59,36,56,221,287,306,148,422,406,407,274,58,50,13,27,149,190,207,88,293,287,277,185,28,18,45,81,249,332,347,165,477,478,452,312,81,55,48,70,257,322,352,172,488,484,470,324,75,56,17,33,156,200,210,93,301,293,291,192,28,21,51,86,269,363,369,174,514,506,519,324,71,69,74,102,274,367,377,193,514,501,510,356,79,76,41.5,66.25,227.88,299.25,315.5,150.12,438.62,428.75,425.12,287.62,61.25,50.5
Concrete_0cm_S9,2026-04-02T20:42:50.162312,48,75,248,333,356,168,500,475,475,334,70,59,36,56,221,287,306,148,422,406,407,274,58,50,13,27,149,190,207,88,293,287,277,185,28,18,45,81,249,332,347,165,477,478,452,312,81,55,48,70,257,322,352,172,488,484,470,324,75,56,17,33,156,200,210,93,301,293,291,192,28,21,51,86,269,363,369,174,514,506,519,324,71,69,74,102,274,367,377,193,514,501,510,356,79,76,41.5,66.25,227.88,299.25,315.5,150.12,438.62,428.75,425.12,287.62,61.25,50.5
Concrete_0cm_S9,2026-04-02T20:42:50.300476,48,75,248,333,356,168,500,475,475,334,70,59,36,56,221,287,306,148,422,406,407,274,58,50,14,27,150,190,207,87,292,287,277,185,28,18,44,81,249,332,347,165,478,478,452,311,81,56,48,70,257,322,352,172,488,484,470,324,75,56,17,33,156,200,210,93,301,293,291,192,28,21,51,86,269,363,369,174,514,506,519,324,71,69,74,102,274,367,377,193,514,501,510,356,79,76,41.5,66.25,228.0,299.25,315.5,150.0,438.62,428.75,425.12,287.5,61.25,50.62
Concrete_0cm_S9,2026-04-02T20:42:50.469079,48,75,248,333,356,168,500,475,475,334,70,59,36,56,221,287,306,148,422,406,407,274,58,50,14,27,150,190,207,87,292,287,277,185,28,18,44,81,249,332,347,165,477,478,451,312,81,55,47,70,257,322,352,172,488,484,470,324,75,55,17,33,156,201,210,93,301,292,291,192,28,21,51,86,269,363,370,174,513,505,518,324,71,69,74,103,274,367,377,193,514,500,510,356,79,76,41.38,66.38,228.0,299.38,315.62,150.0,438.38,428.38,424.88,287.62,61.25,50.38
Concrete_0cm_S9,2026-04-02T20:42:50.638358,48,75,248,333,356,167,500,475,475,333,70,59,36,56,221,287,306,148,422,406,408,274,58,50,13,27,149,191,207,87,293,287,278,185,28,18,45,81,250,331,347,166,477,477,452,311,81,55,48,70,257,322,351,172,488,484,469,324,75,55,17,33,156,200,210,92,301,292,291,192,27,21,51,86,270,363,370,174,513,506,519,324,71,69,74,103,274,367,378,193,514,500,510,356,79,76,41.5,66.38,228.12,299.25,315.62,149.88,438.5,428.38,425.25,287.38,61.12,50.38
Concrete_0cm_S9,2026-04-02T20:42:50.783981,48,75,248,333,356,167,500,475,475,333,70,59,36,56,221,287,306,148,422,406,408,274,58,50,13,27,149,191,207,87,293,287,278,185,28,18,45,81,250,331,347,166,477,477,452,311,81,55,48,70,257,322,351,172,488,484,469,324,75,55,17,33,156,200,210,92,301,292,291,192,27,21,51,86,270,363,370,174,513,506,519,324,71,69,74,103,274,367,378,193,514,500,510,356,79,76,41.5,66.38,228.12,299.25,315.62,149.88,438.5,428.38,425.25,287.38,61.12,50.38
Concrete_0cm_S9,2026-04-02T20:42:50.922013,48,75,248,333,356,168,500,476,475,333,70,59,36,56,221,287,306,148,422,405,407,274,58,49,14,27,149,190,207,87,293,287,277,185,28,19,45,81,249,331,347,165,477,476,451,311,80,55,48,69,257,321,351,172,488,484,470,324,75,55,17,33,156,200,210,92,301,292,292,193,28,21,51,86,270,363,370,174,513,506,519,324,71,69,74,103,274,367,378,193,514,501,510,356,79,76,41.62,66.25,228.0,299.0,315.62,149.88,438.5,428.38,425.12,287.5,61.12,50.38
Concrete_0cm_S9,2026-04-02T20:42:51.075160,49,75,248,334,356,168,500,476,475,334,70,59,36,56,221,287,306,148,423,406,407,274,58,50,14,27,149,190,207,87,293,287,277,185,28,19,45,81,249,331,346,165,477,477,451,311,81,55,47,69,258,322,352,172,488,484,470,323,75,56,17,33,156,200,210,92,301,292,292,193,28,21,51,86,270,363,370,174,513,506,519,324,71,69,74,103,274,367,378,193,514,501,510,356,79,76,41.62,66.25,228.12,299.25,315.62,149.88,438.62,428.62,425.12,287.5,61.25,50.62
Concrete_0cm_S9,2026-04-02T20:42:51.228815,49,75,248,334,356,168,500,476,475,334,70,59,36,56,221,287,306,148,422,405,407,274,58,50,13,27,149,191,207,87,292,287,277,185,28,18,45,81,249,331,346,165,477,477,451,311,81,55,47,69,258,322,352,172,488,484,470,323,75,56,17,33,156,200,210,92,301,292,292,193,28,21,51,86,270,363,370,174,513,506,519,324,71,69,74,103,274,367,378,193,514,501,510,356,79,76,41.5,66.25,228.12,299.38,315.62,149.88,438.38,428.5,425.12,287.5,61.25,50.5
Concrete_0cm_S9,2026-04-02T20:42:51.451431,49,75,248,334,356,168,500,476,475,334,70,59,36,56,221,287,306,148,422,405,407,274,58,50,13,27,149,191,207,87,292,287,277,185,28,18,45,81,249,331,346,165,477,477,451,311,81,55,47,69,258,322,352,172,488,484,470,323,75,56,17,33,156,200,210,92,301,292,292,193,28,21,51,86,270,363,370,174,513,506,519,324,71,69,74,103,274,367,378,193,514,501,510,356,79,76,41.5,66.25,228.12,299.38,315.62,149.88,438.38,428.5,425.12,287.5,61.25,50.5
Concrete_0cm_S9,2026-04-02T20:42:51.595308,49,75,249,333,356,168,500,475,475,334,70,59,36,56,221,287,306,148,422,406,407,274,58,50,13,27,149,190,207,87,292,287,277,185,28,18,44,81,249,331,347,165,477,477,451,311,80,55,48,69,257,322,351,172,488,483,470,323,75,55,18,33,156,200,210,93,301,293,291,192,28,21,51,85,269,363,370,174,513,506,519,324,71,69,74,103,274,367,378,193,515,501,510,356,79,76,41.62,66.12,228.0,299.12,315.62,150.0,438.5,428.5,425.0,287.38,61.12,50.38
Concrete_0cm_S9,2026-04-02T20:42:51.746374,49,75,249,333,356,168,500,475,475,334,70,59,36,56,221,287,306,148,422,406,407,274,58,50,13,27,149,190,207,87,292,287,277,185,28,18,44,81,249,331,347,165,477,477,451,311,80,55,48,69,257,322,351,172,488,483,470,323,75,55,18,33,156,200,210,93,301,293,291,192,28,21,51,86,269,363,370,174,513,506,519,324,71,69,74,103,274,367,378,193,515,501,510,356,79,76,41.62,66.25,228.0,299.12,315.62,150.0,438.5,428.5,425.0,287.38,61.12,50.38
Concrete_0cm_S9,2026-04-02T20:42:51.887532,49,75,249,333,356,168,500,476,475,333,70,59,36,56,221,287,306,148,422,406,407,274,58,50,13,27,149,190,207,87,292,286,277,185,28,18,44,81,249,331,347,165,476,477,451,311,80,56,48,70,258,321,351,172,487,483,470,323,75,55,18,33,156,200,210,93,301,293,291,193,28,21,51,86,269,363,370,174,513,506,520,324,71,69,74,103,275,368,377,193,515,501,510,356,79,76,41.62,66.38,228.25,299.12,315.5,150.0,438.25,428.5,425.12,287.38,61.12,50.5
Concrete_0cm_S9,2026-04-02T20:42:52.041045,48,75,249,334,356,168,500,475,475,333,70,59,36,56,221,287,306,148,421,406,408,274,58,50,13,27,149,190,207,87,292,287,277,185,28,18,45,81,249,331,346,165,476,476,451,311,81,55,48,69,257,322,351,172,488,484,470,324,75,55,18,33,156,200,210,93,301,293,291,193,28,21,51,86,269,363,370,174,513,506,520,324,71,69,74,103,275,368,377,193,515,501,510,356,79,76,41.62,66.25,228.12,299.38,315.38,150.0,438.25,428.5,425.25,287.5,61.25,50.38
Concrete_0cm_S9,2026-04-02T20:42:52.192323,48,75,249,334,356,168,500,475,475,333,70,59,36,56,221,287,306,148,421,406,408,274,58,50,13,27,149,190,207,87,292,287,277,185,28,18,45,81,249,331,346,165,476,476,451,311,81,55,48,69,257,322,351,172,488,484,470,324,75,55,18,33,156,200,210,93,301,293,291,193,28,21,51,86,269,363,370,174,513,506,520,324,71,69,74,103,275,368,377,193,515,501,510,356,79,76,41.62,66.25,228.12,299.38,315.38,150.0,438.25,428.5,425.25,287.5,61.25,50.38
Concrete_0cm_S9,2026-04-02T20:42:52.388209,49,75,249,333,356,168,500,475,475,333,70,59,36,55,221,287,306,148,422,405,407,274,58,50,13,27,149,190,207,87,292,287,277,185,28,18,44,81,249,331,346,165,477,477,451,311,80,55,48,69,257,322,351,172,487,483,470,324,75,55,18,33,156,200,210,93,301,293,291,193,28,21,51,86,269,363,370,174,513,505,519,325,71,69,74,102,274,367,378,193,514,501,510,356,79,75,41.62,66.0,228.0,299.12,315.5,150.0,438.25,428.25,425.0,287.62,61.12,50.25
Concrete_0cm_S9,2026-04-02T20:42:52.542464,49,75,249,333,356,168,500,475,475,333,70,59,36,55,221,287,306,148,422,405,407,274,58,50,13,27,149,190,207,87,292,287,277,185,28,18,44,81,249,331,346,165,477,477,451,311,80,55,48,69,257,322,351,172,487,483,470,324,75,55,17,33,156,201,210,93,301,293,292,192,28,21,51,85,269,363,369,174,514,506,519,324,71,69,74,102,274,367,378,193,514,501,510,356,79,75,41.5,65.88,228.0,299.25,315.38,150.0,438.38,428.38,425.12,287.38,61.12,50.25
Concrete_0cm_S9,2026-04-02T20:42:52.708627,48,75,249,333,356,168,500,475,475,333,70,59,36,55,221,287,306,148,422,405,407,274,58,50,13,27,149,190,206,87,292,286,277,184,28,18,45,81,249,331,346,165,477,477,451,311,80,55,48,69,258,321,351,172,487,483,469,323,75,55,17,33,156,200,210,92,301,293,292,192,28,21,51,86,269,363,370,174,513,505,519,324,71,69,74,103,274,367,378,193,515,501,510,356,79,76,41.5,66.12,228.12,299.0,315.38,149.88,438.38,428.12,425.0,287.12,61.12,50.38
Concrete_0cm_S9,2026-04-02T20:42:52.866336,49,75,249,333,356,168,500,476,475,334,70,59,36,55,221,287,306,148,422,405,407,274,58,50,13,27,149,190,206,87,292,286,277,184,28,18,45,81,249,331,346,165,477,477,451,311,80,55,48,69,258,321,351,172,487,483,469,323,75,55,17,33,156,200,210,92,301,293,292,192,28,21,51,86,269,363,370,174,513,505,519,324,71,69,74,103,274,367,378,193,515,501,510,356,79,76,41.62,66.12,228.12,299.0,315.38,149.88,438.38,428.25,425.0,287.25,61.12,50.38
Concrete_0cm_S9,2026-04-02T20:42:53.016532,49,75,249,333,356,168,500,476,475,334,70,59,36,55,221,287,306,148,422,405,407,274,58,50,13,27,149,190,206,87,292,286,277,184,28,18,45,81,249,331,346,165,477,477,451,311,80,55,48,69,258,321,351,172,487,483,469,323,75,55,17,33,156,200,210,92,301,293,292,192,28,21,51,86,269,363,370,174,513,505,519,324,71,69,74,103,274,367,378,193,515,501,510,356,79,76,41.62,66.12,228.12,299.0,315.38,149.88,438.38,428.25,425.0,287.25,61.12,50.38
Concrete_0cm_S9,2026-04-02T20:42:53.154596,48,75,249,334,356,167,500,475,475,334,70,59,36,55,221,287,306,148,422,405,407,274,58,50,13,27,149,190,206,87,292,286,277,184,28,18,44,81,249,332,346,165,477,477,451,311,80,55,47,69,257,322,350,171,487,483,469,323,75,55,17,33,156,200,210,93,301,293,291,192,28,21,51,86,268,363,370,174,514,506,519,324,71,69,74,103,275,368,378,193,515,501,511,356,79,76,41.25,66.12,228.0,299.5,315.25,149.75,438.5,428.25,425.0,287.25,61.12,50.38
Concrete_0cm_S9,2026-04-02T20:42:53.329891,48,75,249,334,356,167,500,475,475,334,70,59,36,56,221,287,306,147,421,405,407,274,58,50,13,27,149,190,206,87,292,286,276,184,28,18,44,81,249,331,346,165,476,477,451,311,80,56,47,69,257,321,351,171,487,483,469,323,75,55,18,33,156,200,210,93,301,293,291,192,28,21,51,86,268,363,370,174,514,506,519,324,71,69,74,103,275,368,378,193,515,501,511,356,79,76,41.38,66.25,228.0,299.25,315.38,149.62,438.25,428.25,424.88,287.25,61.12,50.5
Concrete_0cm_S9,2026-04-02T20:42:53.487175,48,75,249,334,356,167,500,475,475,334,70,59,36,56,221,287,306,147,421,405,407,274,58,50,13,27,149,190,206,87,292,286,276,184,28,18,44,81,249,331,346,165,476,477,451,311,80,56,47,69,257,321,351,171,487,483,469,323,75,55,18,33,156,200,210,93,301,293,291,192,28,21,51,86,268,363,370,174,514,506,519,324,71,69,74,103,275,368,378,193,515,501,511,356,79,76,41.38,66.25,228.0,299.25,315.38,149.62,438.25,428.25,424.88,287.25,61.12,50.5
Concrete_0cm_S9,2026-04-02T20:42:53.638036,48,75,249,333,356,168,500,475,476,334,70,59,35,56,221,287,306,148,422,405,408,274,58,50,13,27,149,190,206,87,292,286,277,184,28,18,44,80,249,331,346,165,476,477,451,311,80,55,47,69,257,321,351,172,487,483,469,323,75,55,18,33,156,200,210,93,301,293,291,192,28,21,51,86,268,363,370,174,514,506,519,324,71,69,74,103,275,368,378,193,515,501,511,356,79,76,41.25,66.12,228.0,299.12,315.38,150.0,438.38,428.25,425.25,287.25,61.12,50.38
Concrete_0cm_S9,2026-04-02T20:42:53.805828,48,75,249,333,356,168,500,475,476,334,70,59,36,56,221,287,306,148,422,405,407,274,58,50,13,27,149,190,206,87,291,286,276,184,28,18,44,81,249,331,346,165,476,477,451,311,80,55,48,70,258,322,351,172,487,483,469,323,75,55,17,33,156,200,210,92,301,293,291,192,27,21,51,86,270,363,370,174,513,506,519,324,71,69,74,103,275,368,378,193,514,501,511,357,79,76,41.38,66.38,228.38,299.25,315.38,149.88,438.0,428.25,425.0,287.38,61.0,50.38
Concrete_0cm_S9,2026-04-02T20:42:53.966208,48,75,248,333,356,167,500,475,474,333,70,59,36,55,221,287,306,147,422,405,407,274,58,50,13,27,149,190,206,87,292,286,277,184,28,18,44,81,249,331,346,165,476,477,451,311,80,55,48,70,258,322,351,172,487,483,469,323,75,55,17,33,156,200,210,92,301,293,291,192,27,21,51,86,269,363,370,174,513,506,519,325,71,69,74,103,275,368,378,193,514,501,511,357,79,76,41.38,66.25,228.12,299.25,315.38,149.62,438.12,428.25,424.88,287.38,61.0,50.38
Concrete_0cm_S9,2026-04-02T20:42:54.120354,48,75,248,333,356,168,500,475,475,333,70,59,36,55,221,287,306,147,422,405,407,274,58,50,13,27,149,190,206,87,292,286,277,184,28,18,44,81,249,331,346,165,476,477,451,311,80,55,48,70,258,322,351,172,487,483,469,323,75,55,17,33,156,200,210,92,301,293,291,192,27,21,51,86,269,363,370,174,513,506,519,325,71,69,74,103,275,368,378,193,514,501,511,357,79,76,41.38,66.25,228.12,299.25,315.38,149.75,438.12,428.25,425.0,287.38,61.0,50.38
Concrete_0cm_S9,2026-04-02T20:42:54.294962,48,74,248,333,356,167,500,475,475,333,70,59,36,56,221,287,306,148,422,405,407,274,57,50,13,27,149,189,206,87,291,286,276,185,28,18,44,81,249,331,346,165,476,477,450,311,80,55,48,70,258,322,351,172,487,483,469,323,75,55,17,33,156,200,210,92,301,293,291,192,27,21,51,85,269,363,370,174,514,506,519,324,71,69,74,103,275,368,378,193,514,501,511,357,79,76,41.38,66.12,228.12,299.12,315.38,149.75,438.12,428.25,424.75,287.38,60.88,50.38
Concrete_0cm_S9,2026-04-02T20:42:54.458540,48,74,248,333,356,167,500,475,475,333,70,59,36,56,221,287,306,148,422,405,407,274,57,50,13,27,149,189,206,87,291,286,276,185,28,18,44,81,249,331,346,165,476,477,450,311,80,55,48,70,258,322,351,172,487,483,469,323,75,55,17,33,156,200,210,93,301,293,291,192,28,21,51,85,269,363,370,174,514,505,519,325,71,69,74,103,275,368,378,193,515,502,511,357,79,76,41.38,66.12,228.12,299.12,315.38,149.88,438.25,428.25,424.75,287.5,61.0,50.38
Concrete_0cm_S9,2026-04-02T20:42:54.615580,48,75,248,333,356,168,500,475,475,334,70,59,36,56,221,287,306,148,422,405,407,274,57,50,13,27,149,189,206,87,291,286,276,185,28,18,44,81,249,331,346,165,475,476,450,310,80,55,47,69,257,322,351,171,487,483,469,323,75,55,17,33,156,200,210,93,301,293,291,192,28,21,51,85,269,363,370,174,514,505,519,325,71,69,74,103,275,368,378,193,515,502,511,357,79,76,41.25,66.12,228.0,299.12,315.38,149.88,438.12,428.12,424.75,287.5,61.0,50.38
Concrete_0cm_S9,2026-04-02T20:42:54.759340,49,75,248,333,356,168,500,475,475,334,70,59,36,56,221,286,306,148,421,405,407,274,58,49,13,27,149,189,206,87,291,286,276,185,28,18,44,81,249,331,346,165,475,476,450,310,80,55,47,69,257,322,351,171,487,483,469,323,75,55,17,33,156,200,210,93,301,293,291,192,28,21,51,85,269,363,370,174,514,505,519,325,71,69,74,103,275,368,378,193,515,502,511,356,79,76,41.38,66.12,228.0,299.0,315.38,149.88,438.0,428.12,424.75,287.38,61.12,50.25
Concrete_0cm_S9,2026-04-02T20:42:54.905211,49,75,248,333,356,168,500,475,475,334,70,59,36,56,221,286,306,148,421,405,407,274,58,49,13,27,149,189,206,87,291,286,276,185,28,18,45,81,249,331,346,165,476,476,451,310,80,55,47,69,257,322,351,171,487,483,469,323,75,55,17,33,156,200,210,93,301,293,292,193,28,21,51,85,269,363,370,174,514,505,519,325,71,69,74,103,275,368,378,193,515,502,511,356,79,76,41.5,66.12,228.0,299.0,315.38,149.88,438.12,428.12,425.0,287.5,61.12,50.25
Concrete_0cm_S9,2026-04-02T20:42:55.061729,49,75,248,333,356,168,500,475,475,334,70,59,36,56,221,286,306,148,421,405,407,274,58,49,13,27,149,189,206,87,291,286,276,185,28,18,45,81,249,331,346,165,476,476,451,310,80,55,47,70,257,322,351,172,487,483,470,323,75,56,17,33,156,200,210,93,301,293,292,193,28,21,51,85,269,363,370,174,514,505,519,325,71,69,74,103,275,368,378,193,515,502,511,356,79,76,41.5,66.25,228.0,299.0,315.38,150.0,438.12,428.12,425.12,287.5,61.12,50.38
Concrete_0cm_S9,2026-04-02T20:42:55.246843,48,75,249,333,356,168,500,475,475,333,70,59,36,56,221,287,306,148,422,405,407,274,58,49,13,27,149,190,206,87,291,286,277,184,28,18,44,81,249,331,346,165,476,476,450,311,80,55,48,68,258,322,351,171,487,483,469,323,75,56,17,33,156,200,210,93,301,293,292,193,28,21,51,85,269,363,370,174,514,505,519,325,71,69,74,103,275,367,378,193,515,501,510,356,79,76,41.38,66.0,228.25,299.12,315.38,149.88,438.25,428.0,424.88,287.38,61.12,50.38
Concrete_0cm_S9,2026-04-02T20:42:55.404067,49,75,249,333,356,168,500,475,475,333,70,59,36,56,221,286,306,148,422,405,407,274,58,49,13,27,149,190,206,87,291,286,277,184,28,18,44,81,249,331,346,165,476,476,450,311,80,55,48,68,258,322,351,171,487,483,469,323,75,56,17,33,156,200,210,93,301,293,292,193,28,21,51,85,269,363,370,174,513,506,519,324,71,69,74,103,275,367,378,193,515,501,510,356,79,76,41.5,66.0,228.25,299.0,315.38,149.88,438.12,428.12,424.88,287.25,61.12,50.38
Concrete_0cm_S9,2026-04-02T20:42:55.561777,49,75,249,333,356,168,500,475,475,334,70,59,36,56,221,287,306,147,421,405,407,274,57,49,13,27,149,189,206,87,291,286,276,184,28,18,44,81,249,331,346,165,476,476,450,310,80,55,48,69,257,322,351,171,487,483,469,323,75,55,17,33,156,200,210,93,301,293,292,193,28,21,51,85,269,363,370,173,514,506,519,325,71,69,74,103,275,368,378,193,515,502,512,357,79,76,41.5,66.12,228.12,299.12,315.38,149.62,438.12,428.25,425.0,287.5,61.0,50.25
Concrete_0cm_S9,2026-04-02T20:42:55.705611,49,75,249,333,356,168,500,475,475,334,70,59,36,56,221,287,306,147,421,405,407,274,57,49,13,27,149,189,206,87,291,286,276,184,28,18,44,81,249,331,346,165,476,476,450,310,80,55,48,69,257,322,351,171,487,483,469,323,75,55,17,33,156,200,210,93,301,293,292,193,28,21,51,85,269,363,370,173,514,506,519,325,71,69,74,103,275,368,378,193,515,502,512,357,79,76,41.5,66.12,228.12,299.12,315.38,149.62,438.12,428.25,425.0,287.5,61.0,50.25
Concrete_0cm_S9,2026-04-02T20:42:55.871441,49,75,249,333,356,168,500,476,475,334,70,59,36,55,221,287,306,148,422,405,407,274,58,50,13,27,149,189,206,87,291,286,276,184,28,18,44,81,249,331,346,165,476,476,450,310,80,55,48,69,257,322,351,172,487,483,469,323,75,55,17,33,156,200,210,92,302,293,292,193,28,21,51,86,269,363,370,174,513,506,519,324,71,69,75,103,275,368,378,193,515,502,511,356,79,76,41.62,66.12,228.12,299.12,315.38,149.88,438.25,428.38,424.88,287.25,61.12,50.38
Concrete_0cm_S9,2026-04-02T20:42:56.037742,48,75,249,333,356,168,500,475,475,334,70,59,36,56,221,287,306,147,422,405,407,274,58,50,13,27,148,189,206,87,291,286,276,184,28,18,45,81,248,331,346,165,476,476,450,311,80,55,47,69,257,322,351,171,487,483,469,323,75,55,17,33,156,200,210,92,301,293,291,193,28,21,51,86,269,363,369,174,514,506,519,324,71,69,74,103,275,368,378,193,515,502,511,357,79,76,41.38,66.25,227.88,299.12,315.25,149.62,438.25,428.25,424.75,287.5,61.12,50.38
Concrete_0cm_S9,2026-04-02T20:42:56.176859,48,75,249,333,356,168,500,475,475,333,70,59,36,55,221,286,305,148,422,405,407,274,57,50,13,27,149,189,206,87,291,286,276,183,28,18,44,81,249,330,345,165,477,477,450,310,80,55,47,69,257,322,351,172,487,483,469,323,75,55,17,33,156,201,210,93,302,293,291,192,28,21,51,86,269,363,369,173,514,506,519,324,71,69,74,103,275,368,378,193,515,502,511,357,79,76,41.25,66.12,228.12,299.0,315.0,149.88,438.5,428.38,424.75,287.0,61.0,50.38
Concrete_0cm_S9,2026-04-02T20:42:56.369276,48,75,249,333,356,167,500,475,475,333,70,59,36,55,221,287,306,148,422,405,406,274,57,50,13,27,149,189,206,87,291,286,276,183,28,18,44,81,249,331,346,165,476,476,450,310,80,55,47,69,257,322,351,172,487,483,469,323,75,55,17,33,156,201,210,93,302,293,291,192,28,21,51,86,270,363,370,174,513,506,519,324,71,69,74,103,275,368,378,193,515,502,511,357,79,76,41.25,66.12,228.25,299.25,315.38,149.88,438.25,428.25,424.62,287.0,61.0,50.38
Concrete_0cm_S9,2026-04-02T20:42:56.521082,48,75,249,333,356,167,500,475,475,333,70,59,36,55,221,287,306,148,422,405,406,274,57,50,13,27,149,189,206,87,291,286,276,183,28,18,44,81,249,331,346,165,476,476,450,310,80,55,47,69,257,322,351,172,487,483,469,323,75,55,17,33,156,201,210,93,302,293,291,192,28,21,51,86,270,363,370,174,513,506,519,324,71,69,74,103,275,368,378,193,515,502,511,357,79,76,41.25,66.12,228.25,299.25,315.38,149.88,438.25,428.25,424.62,287.0,61.0,50.38
Concrete_0cm_S9,2026-04-02T20:42:56.665819,49,75,248,333,356,168,500,475,476,333,70,59,36,55,221,287,306,147,422,405,406,273,57,50,13,27,148,189,206,87,291,286,276,184,28,18,44,81,249,331,346,165,476,476,450,310,80,55,47,69,257,321,351,171,486,483,469,323,75,55,17,33,156,200,210,93,302,293,292,193,28,21,51,86,270,363,370,174,513,506,519,324,71,69,74,103,275,368,378,193,515,502,511,357,79,76,41.38,66.12,228.0,299.0,315.38,149.75,438.12,428.25,424.88,287.12,61.0,50.38
Concrete_0cm_S9,2026-04-02T20:42:56.810544,49,75,248,333,356,168,500,475,476,333,70,59,36,55,221,287,306,147,422,405,406,273,57,50,13,27,148,189,206,87,291,286,276,184,28,18,44,81,249,331,346,165,476,476,450,310,80,55,47,69,257,321,351,171,486,483,469,323,75,55,17,33,156,200,210,93,302,293,292,193,28,21,51,86,270,363,370,174,513,506,519,324,71,69,74,103,275,368,378,193,515,502,511,357,79,76,41.38,66.12,228.0,299.0,315.38,149.75,438.12,428.25,424.88,287.12,61.0,50.38
Concrete_0cm_S9,2026-04-02T20:42:56.952414,49,75,248,333,356,168,500,475,476,333,70,59,36,55,221,287,306,147,422,405,406,273,57,50,13,27,148,189,206,87,291,286,276,184,28,18,44,81,249,331,346,165,476,476,450,310,80,55,47,69,257,321,351,171,486,483,469,323,75,55,17,33,156,200,210,93,302,293,292,193,28,21,51,86,270,363,370,174,513,506,519,324,71,69,74,103,275,368,378,193,515,502,511,357,79,76,41.38,66.12,228.0,299.0,315.38,149.75,438.12,428.25,424.88,287.12,61.0,50.38
Concrete_0cm_S9,2026-04-02T20:42:57.129236,48,74,248,333,356,168,500,475,475,333,70,59,36,56,221,286,305,147,421,405,407,273,58,50,13,27,148,189,206,86,291,285,276,184,28,18,44,81,248,330,346,165,475,476,450,310,80,55,47,69,257,321,351,172,486,483,469,323,75,55,17,33,156,200,210,92,301,292,291,192,28,21,51,86,269,363,370,174,513,506,520,324,71,69,74,103,275,368,378,193,515,501,511,356,79,76,41.25,66.12,227.75,298.75,315.25,149.62,437.75,427.88,424.88,286.88,61.12,50.38
Concrete_0cm_S9,2026-04-02T20:42:57.344096,48,75,248,332,356,167,500,475,475,333,70,59,36,55,221,286,306,148,421,405,407,274,58,49,13,27,148,189,206,87,291,286,276,184,28,18,45,81,248,331,346,165,476,476,450,310,80,55,47,69,257,322,351,172,486,482,469,322,75,55,17,33,156,200,210,92,301,293,292,192,28,21,51,86,269,363,370,174,514,505,519,324,71,69,74,103,275,368,379,193,515,502,511,357,79,76,41.38,66.12,227.75,298.88,315.5,149.75,438.0,428.0,424.88,287.0,61.12,50.25
Concrete_0cm_S9,2026-04-02T20:42:57.511495,48,75,248,333,356,167,500,475,475,333,70,59,35,55,220,287,306,148,422,405,407,273,58,49,13,27,148,189,206,87,291,286,276,184,28,18,45,81,248,331,346,165,476,476,450,310,80,55,47,69,257,322,351,172,486,482,469,322,75,55,17,33,156,200,210,92,301,293,292,192,28,21,51,86,269,363,370,174,513,506,519,324,71,69,74,103,275,368,379,193,515,502,511,357,79,76,41.25,66.12,227.62,299.12,315.5,149.75,438.0,428.12,424.88,286.88,61.12,50.25
Concrete_0cm_S9,2026-04-02T20:42:57.665284,48,75,248,333,356,168,500,475,475,334,70,59,36,56,221,287,306,148,421,405,407,274,58,50,13,27,148,189,206,87,291,286,276,183,28,18,44,81,248,330,346,165,475,475,450,310,81,55,48,69,257,321,351,172,486,481,469,323,75,55,17,33,156,201,210,93,301,293,292,193,28,21,51,86,269,363,370,174,513,506,519,324,71,69,74,103,275,368,378,193,515,502,511,356,79,77,41.38,66.25,227.75,299.0,315.38,150.0,437.75,427.88,424.88,287.12,61.25,50.5
Concrete_0cm_S9,2026-04-02T20:42:57.812844,48,75,249,333,356,168,500,475,475,333,70,59,35,55,221,286,306,147,422,405,407,274,57,49,13,27,149,189,206,87,291,285,276,184,28,18,44,81,248,330,346,165,475,475,450,310,81,55,48,69,257,321,351,172,486,481,469,323,75,55,17,33,156,200,210,92,301,293,292,192,28,21,51,86,269,363,370,174,513,505,519,325,71,69,74,103,275,368,378,193,515,502,511,356,79,76,41.25,66.12,228.0,298.75,315.38,149.75,437.88,427.62,424.88,287.12,61.12,50.25
Concrete_0cm_S9,2026-04-02T20:42:57.973014,48,75,249,333,356,168,500,475,475,333,70,59,35,55,221,286,306,147,422,405,407,274,57,49,13,27,149,189,206,87,291,285,276,184,28,18,44,81,248,330,346,165,475,475,450,310,81,55,48,69,257,321,351,172,486,481,469,323,75,55,17,33,156,200,210,92,301,293,292,192,28,21,51,86,269,363,370,174,513,505,519,325,71,69,74,103,275,368,378,193,515,502,511,356,79,76,41.25,66.12,228.0,298.75,315.38,149.75,437.88,427.62,424.88,287.12,61.12,50.25
Concrete_0cm_S9,2026-04-02T20:42:58.112722,48,75,248,333,356,168,500,475,474,333,70,59,36,55,221,287,305,147,422,405,407,273,57,50,13,27,148,189,205,87,291,285,276,184,28,18,44,81,248,330,346,164,475,476,450,310,80,55,48,69,257,321,351,172,487,483,470,323,75,55,17,33,156,200,210,93,302,292,292,192,28,21,51,85,269,363,370,174,513,506,519,325,71,69,74,103,275,368,378,193,515,501,511,357,79,76,41.38,66.0,227.75,298.88,315.12,149.75,438.12,427.88,424.88,287.12,61.0,50.38
Concrete_0cm_S9,2026-04-02T20:42:58.313190,49,75,248,333,356,168,499,475,475,334,70,59,35,56,221,287,306,148,421,405,407,273,58,49,13,27,148,189,206,87,291,285,276,184,28,18,44,81,248,330,346,164,475,476,450,310,80,55,48,69,257,321,351,172,487,483,470,323,75,55,18,33,156,201,209,93,302,293,292,193,28,21,51,85,269,363,370,174,513,506,519,325,72,69,74,103,275,368,378,193,515,502,511,356,79,76,41.5,66.12,227.75,299.0,315.25,149.88,437.88,428.12,425.0,287.25,61.25,50.25
Concrete_0cm_S9,2026-04-02T20:42:58.472976,49,75,248,333,356,168,499,475,475,334,70,59,35,56,221,287,306,148,421,405,407,273,58,49,13,27,148,189,206,87,291,285,276,184,28,18,44,81,248,330,346,164,475,476,450,310,80,55,47,69,257,322,351,171,487,483,469,323,75,55,17,33,156,200,210,92,301,293,291,192,27,21,51,86,269,363,370,173,513,506,519,324,71,69,74,103,275,368,378,193,515,502,511,357,79,77,41.25,66.25,227.75,299.0,315.38,149.5,437.75,428.12,424.75,287.12,61.0,50.38
Concrete_0cm_S9,2026-04-02T20:42:58.626875,48,75,248,333,356,167,500,475,475,333,70,59,36,56,221,287,306,148,422,405,407,274,57,50,13,27,148,189,206,87,290,285,276,184,28,18,44,81,249,331,345,165,476,476,450,310,80,55,47,69,257,321,351,171,487,483,469,323,75,55,18,33,156,200,210,93,302,293,292,192,28,21,51,86,269,363,370,173,513,506,519,324,71,69,74,103,275,368,378,193,515,502,511,357,79,77,41.38,66.25,227.88,299.0,315.25,149.62,438.12,428.12,424.88,287.12,61.0,50.5
Concrete_0cm_S9,2026-04-02T20:42:58.787307,48,75,248,333,356,167,500,475,475,333,70,59,36,56,221,287,306,148,422,405,407,274,57,50,13,27,148,189,206,87,290,285,276,184,28,18,44,81,249,331,345,165,476,476,450,310,80,55,47,69,257,321,351,171,487,483,469,323,75,55,18,33,156,200,210,93,302,293,291,193,28,21,51,86,269,363,370,174,514,506,519,325,71,69,74,103,275,368,379,193,515,502,511,357,79,76,41.38,66.25,227.88,299.0,315.38,149.75,438.25,428.12,424.75,287.38,61.0,50.38
Concrete_0cm_S9,2026-04-02T20:42:58.949705,48,75,248,333,356,167,500,475,475,333,70,59,36,56,221,287,306,148,422,405,407,274,57,50,13,27,148,189,206,87,290,285,276,184,28,18,44,81,249,331,345,165,476,476,450,310,80,55,47,69,257,321,351,171,487,483,469,323,75,55,18,33,156,200,210,93,302,293,291,193,28,21,51,86,269,363,370,174,514,506,519,325,71,69,74,103,275,368,379,193,515,502,511,357,79,76,41.38,66.25,227.88,299.0,315.38,149.75,438.25,428.12,424.75,287.38,61.0,50.38
Concrete_0cm_S9,2026-04-02T20:42:59.103462,49,75,249,333,356,167,500,476,475,333,70,59,36,55,221,286,306,148,422,405,407,274,58,50,13,27,148,189,205,87,291,286,276,184,28,18,44,81,249,331,345,165,476,476,450,310,80,55,47,69,257,321,351,171,487,483,469,323,75,55,18,33,156,201,210,93,302,293,292,193,28,21,51,86,270,363,370,174,514,506,519,324,71,69,74,103,275,368,379,193,515,502,512,357,79,76,41.5,66.12,228.12,299.0,315.25,149.75,438.38,428.38,425.0,287.25,61.12,50.38
Concrete_0cm_S9,2026-04-02T20:42:59.302892,49,75,249,333,356,167,500,476,475,333,70,59,36,55,221,286,306,148,422,405,407,274,58,50,13,27,148,189,205,87,291,286,276,184,28,18,44,81,249,331,345,165,476,476,450,310,80,55,47,69,257,321,351,171,487,483,469,323,75,55,18,33,156,201,210,93,302,293,292,193,28,21,51,86,270,363,370,174,514,506,519,324,71,69,74,103,275,368,379,193,515,502,512,357,79,76,41.5,66.12,228.12,299.0,315.25,149.75,438.38,428.38,425.0,287.25,61.12,50.38
Concrete_0cm_S9,2026-04-02T20:42:59.456053,49,75,249,333,356,168,500,475,475,333,70,59,36,56,221,286,306,147,422,405,406,274,58,49,13,27,148,189,206,86,291,285,276,184,28,18,44,81,248,330,345,164,475,476,450,310,80,55,47,69,257,321,351,171,487,483,469,323,75,55,18,33,156,201,210,93,302,293,292,193,28,21,51,86,270,363,370,174,514,506,519,324,71,69,74,103,275,368,379,193,515,502,512,357,79,76,41.5,66.25,228.0,298.88,315.38,149.5,438.25,428.12,424.88,287.25,61.12,50.25
Concrete_0cm_S9,2026-04-02T20:42:59.617136,48,74,248,333,356,168,500,475,475,333,70,59,36,56,221,286,306,147,422,405,406,274,58,49,13,27,148,189,205,87,291,286,276,183,28,18,44,81,248,330,345,164,475,476,450,310,80,55,47,69,257,321,351,171,487,483,469,323,75,55,18,33,156,201,210,93,302,293,292,193,28,21,51,86,270,363,370,174,514,506,519,324,71,69,74,103,274,368,378,193,515,500,511,357,79,76,41.38,66.12,227.75,298.88,315.12,149.62,438.25,428.0,424.75,287.12,61.12,50.25
Concrete_0cm_S9,2026-04-02T20:42:59.773531,48,75,248,333,356,167,500,476,475,334,70,59,36,55,220,286,306,148,421,405,407,273,57,50,13,27,148,189,205,86,290,285,275,183,28,18,44,81,248,330,345,164,475,476,450,310,80,55,47,69,257,321,351,171,487,483,469,323,75,55,18,33,156,201,210,93,302,293,292,193,28,21,51,86,270,363,370,174,514,506,519,324,71,69,74,103,274,368,378,193,515,500,511,357,79,76,41.38,66.12,227.62,298.88,315.12,149.5,438.0,428.0,424.75,287.12,61.0,50.38
Concrete_0cm_S9,2026-04-02T20:42:59.933111,48,75,248,333,356,167,500,476,475,334,70,59,36,55,220,286,306,148,421,405,407,273,57,50,13,27,148,189,205,86,290,285,275,183,28,18,44,81,248,330,345,164,475,476,450,310,80,55,47,69,257,321,351,171,487,483,469,323,75,55,18,33,156,201,210,93,302,293,292,193,28,21,51,86,270,363,370,174,514,506,519,324,71,69,74,103,274,368,378,193,515,500,511,357,79,76,41.38,66.12,227.62,298.88,315.12,149.5,438.0,428.0,424.75,287.12,61.0,50.38
Concrete_0cm_S9,2026-04-02T20:43:00.092149,48,75,249,333,356,167,500,475,475,333,70,59,36,56,221,286,306,148,422,405,406,273,58,50,13,27,148,189,205,87,290,285,274,184,28,18,44,81,248,330,345,164,475,476,450,310,80,55,47,69,257,321,351,171,487,483,469,323,75,55,18,33,156,201,210,93,302,293,292,193,28,21,51,85,269,363,370,174,514,506,519,324,71,69,74,103,275,368,379,193,516,502,511,357,79,77,41.38,66.12,227.88,298.88,315.25,149.62,438.25,428.12,424.5,287.12,61.12,50.5
Concrete_0cm_S9,2026-04-02T20:43:00.298735,48,75,249,333,356,168,500,476,475,334,70,59,36,55,221,286,305,148,422,405,407,274,58,50,13,27,148,189,205,87,290,285,275,183,28,18,44,81,248,331,345,165,475,475,450,310,80,55,47,69,257,322,351,171,487,483,469,323,75,55,17,33,156,201,210,93,301,293,292,193,28,21,51,86,269,363,370,174,514,506,520,324,71,69,74,103,275,368,378,193,516,502,511,356,79,76,41.25,66.12,227.88,299.12,315.0,149.88,438.12,428.12,424.88,287.12,61.12,50.38
Concrete_0cm_S9,2026-04-02T20:43:00.462150,48,75,249,333,356,168,500,476,475,334,70,59,36,55,221,286,305,148,422,405,407,274,58,50,13,27,148,189,205,87,290,285,275,183,28,18,44,81,248,331,345,165,475,475,450,310,80,55,47,69,257,322,351,171,487,483,469,323,75,55,17,33,156,201,210,93,301,293,292,193,28,21,51,86,269,363,370,174,514,506,520,324,71,69,74,103,275,368,378,193,516,502,511,356,79,76,41.25,66.12,227.88,299.12,315.0,149.88,438.12,428.12,424.88,287.12,61.12,50.38
Concrete_0cm_S9,2026-04-02T20:43:00.619188,48,75,249,333,356,168,500,476,475,334,70,59,36,55,221,286,305,148,422,405,407,274,58,50,13,27,148,189,205,87,290,285,275,183,28,18,44,81,248,331,345,165,475,475,450,310,80,55,47,69,257,321,350,171,486,482,469,322,75,55,17,33,156,200,209,92,302,293,292,192,28,21,51,86,269,363,370,174,514,506,519,325,71,69,74,103,275,368,378,193,516,502,511,357,79,76,41.25,66.12,227.88,298.88,314.75,149.75,438.12,428.0,424.75,287.12,61.12,50.38
Concrete_0cm_S9,2026-04-02T20:43:00.762672,48,75,248,333,356,168,500,475,475,333,70,59,35,55,221,286,305,147,422,405,406,273,57,49,13,27,148,189,205,86,290,285,275,183,28,18,44,80,248,330,345,165,475,475,449,310,80,55,47,69,257,321,351,172,486,483,469,323,75,55,17,33,156,200,210,93,301,293,292,192,28,21,51,85,269,363,370,174,514,506,519,324,71,69,74,103,275,368,378,193,516,502,512,357,79,77,41.12,65.88,227.75,298.75,315.0,149.75,438.0,428.0,424.62,286.88,61.0,50.38
Concrete_0cm_S9,2026-04-02T20:43:00.939463,48,75,248,333,356,168,500,475,475,333,70,59,36,55,221,287,305,148,422,405,406,274,58,49,13,27,148,189,205,86,290,285,275,183,28,18,44,80,248,330,345,164,475,475,450,310,80,55,47,69,257,321,351,171,487,483,469,322,75,55,17,33,156,200,210,93,301,293,292,193,27,21,51,85,269,363,370,174,514,506,520,324,71,69,74,103,275,368,378,194,516,503,512,357,79,76,41.25,65.88,227.75,298.88,315.0,149.75,438.12,428.12,424.88,287.0,61.0,50.25
Concrete_0cm_S9,2026-04-02T20:43:01.091397,48,75,249,333,356,167,500,476,475,334,70,59,36,55,220,286,306,147,421,405,407,273,57,49,13,27,148,188,205,86,290,285,275,183,28,18,44,80,248,330,345,165,475,475,450,310,80,55,47,69,257,322,351,171,486,482,469,323,75,55,18,33,156,200,210,92,302,293,292,193,28,21,51,86,269,363,370,174,514,506,519,325,71,69,74,103,275,368,378,193,515,502,511,357,79,76,41.38,66.0,227.75,298.75,315.12,149.38,437.88,428.0,424.75,287.25,61.0,50.25
Concrete_0cm_S9,2026-04-02T20:43:01.300094,48,75,248,333,356,168,500,475,475,333,70,59,36,55,220,286,306,147,421,405,407,273,57,49,13,27,148,188,205,86,290,285,275,183,28,18,44,80,248,330,345,164,474,475,449,310,80,55,47,69,257,322,351,171,486,482,469,323,75,55,17,33,156,201,210,93,301,293,292,193,28,21,51,86,269,363,370,174,514,506,519,325,71,69,74,103,275,368,379,193,516,502,512,357,79,76,41.25,66.0,227.62,298.88,315.25,149.5,437.75,427.88,424.75,287.12,61.0,50.25
Concrete_0cm_S9,2026-04-02T20:43:01.461492,48,75,249,333,356,168,499,475,475,333,70,59,36,55,221,286,305,148,421,405,406,273,58,49,13,27,148,188,205,87,290,285,275,183,28,18,44,80,248,330,345,164,474,475,449,310,80,55,48,69,257,322,351,171,487,483,469,323,75,55,17,33,156,200,210,93,302,293,292,193,28,21,51,86,269,363,370,174,514,506,519,325,71,69,74,103,275,368,378,193,516,502,512,357,79,76,41.38,66.0,227.88,298.75,315.0,149.75,437.88,428.0,424.62,287.12,61.12,50.25
Concrete_0cm_S9,2026-04-02T20:43:01.633306,48,75,249,333,356,168,500,476,475,334,70,59,36,55,221,286,305,147,421,404,406,273,58,50,13,27,148,189,205,86,290,285,275,183,28,18,44,81,248,330,345,165,475,475,449,310,80,55,47,69,257,321,351,171,486,483,469,322,75,55,17,33,156,200,210,93,302,293,292,193,28,21,51,85,270,363,370,174,514,506,519,324,71,69,74,103,275,369,379,193,516,502,512,357,79,76,41.25,66.0,228.0,298.88,315.12,149.62,438.0,428.0,424.62,287.0,61.12,50.38
Concrete_0cm_S9,2026-04-02T20:43:01.786222,48,75,249,333,356,167,500,475,475,333,70,59,35,55,221,286,305,147,421,405,407,273,57,50,13,27,148,188,205,86,290,285,275,183,28,18,44,80,248,329,345,165,475,475,449,310,80,55,47,69,257,321,351,171,486,483,469,322,75,55,17,33,156,200,210,93,302,293,292,193,28,21,51,85,270,363,370,174,514,506,519,324,71,69,74,103,275,368,379,193,516,502,512,357,79,76,41.12,65.88,228.0,298.5,315.12,149.5,438.0,428.0,424.75,286.88,61.0,50.38
Concrete_0cm_S9,2026-04-02T20:43:01.947168,48,75,249,333,356,167,500,475,475,333,70,59,35,55,221,286,305,147,421,405,407,273,57,50,13,27,148,188,205,86,290,285,275,183,28,18,44,80,248,330,345,164,475,475,449,309,80,55,47,69,257,321,350,171,486,483,469,323,75,55,17,33,156,200,209,93,301,293,292,193,28,21,51,86,269,363,370,174,514,506,519,324,71,69,74,103,275,368,379,193,516,502,512,357,79,76,41.12,66.0,227.88,298.62,314.88,149.38,437.88,428.0,424.75,286.88,61.0,50.38
Concrete_0cm_S9,2026-04-02T20:43:02.086045,48,75,248,333,356,168,500,476,475,333,70,59,35,55,221,286,305,147,421,405,407,273,57,50,13,27,148,188,205,86,290,285,275,183,28,18,44,80,248,330,345,164,475,475,449,309,80,55,47,69,257,321,350,171,486,483,469,323,75,55,17,33,156,200,209,93,301,293,292,193,28,21,51,86,269,363,370,174,514,506,519,324,71,69,74,103,275,368,379,193,516,502,511,357,79,77,41.12,66.0,227.75,298.62,314.88,149.5,437.88,428.12,424.62,286.88,61.0,50.5
Concrete_0cm_S9,2026-04-02T20:43:02.286096,48,75,249,333,356,168,500,474,475,334,70,59,36,55,221,286,306,147,421,405,406,273,57,49,13,27,148,188,205,86,290,285,275,183,28,18,44,80,248,329,345,165,474,475,449,310,80,55,47,69,257,321,351,171,486,482,469,323,74,55,18,33,157,201,210,93,302,293,292,193,28,21,51,86,270,363,370,174,514,506,519,324,71,69,74,103,275,368,379,193,516,502,511,357,79,77,41.38,66.0,228.12,298.62,315.25,149.62,437.88,427.75,424.5,287.12,60.88,50.38
Concrete_0cm_S9,2026-04-02T20:43:02.444666,48,74,248,333,356,168,500,475,475,333,70,59,35,55,221,286,305,148,421,404,406,273,57,49,13,27,148,188,205,87,290,285,275,183,28,18,44,80,248,330,345,164,475,475,449,310,80,55,48,69,257,321,350,171,486,483,469,323,75,55,18,33,156,201,210,93,302,293,292,193,28,21,51,85,269,363,370,174,513,506,519,325,71,69,74,103,275,368,379,193,516,502,511,357,79,77,41.38,65.75,227.75,298.75,315.0,149.75,437.88,427.88,424.5,287.12,61.0,50.38
Concrete_0cm_S9,2026-04-02T20:43:02.601758,48,75,249,333,356,168,500,475,475,334,70,59,36,55,221,286,305,148,421,404,406,273,58,49,13,27,148,188,205,86,290,285,275,183,28,18,44,80,248,330,345,164,475,475,449,310,80,55,48,69,257,321,350,171,486,483,469,323,75,55,18,33,156,201,210,93,302,293,292,193,28,21,51,85,269,363,370,174,513,506,519,325,71,69,74,103,275,369,379,194,516,502,512,357,79,76,41.5,65.88,227.88,298.88,315.0,149.75,437.88,427.88,424.62,287.25,61.12,50.25
Concrete_0cm_S9,2026-04-02T20:43:02.743143,48,75,249,333,356,168,500,475,475,334,70,59,35,55,220,286,305,147,421,405,406,273,57,49,13,27,148,189,205,86,290,285,275,183,28,18,44,80,248,330,345,164,474,475,449,310,80,55,47,69,257,321,351,171,486,482,469,323,75,55,18,33,156,201,210,93,302,293,292,193,28,21,51,86,270,363,370,174,513,505,519,324,71,69,74,103,275,368,379,193,515,502,511,357,79,76,41.25,66.0,227.88,298.88,315.12,149.5,437.62,427.75,424.5,287.12,61.0,50.25
Concrete_0cm_S9,2026-04-02T20:43:02.885925,48,75,249,333,356,168,500,475,475,334,70,59,35,55,221,286,305,147,421,404,406,273,57,49,13,27,148,189,205,86,290,285,275,183,28,18,44,80,248,330,345,164,475,475,448,310,80,55,47,69,257,321,351,171,486,482,469,322,75,55,18,33,156,200,210,93,302,293,292,193,28,21,51,86,270,363,370,174,514,506,519,324,71,69,74,103,275,369,379,194,516,502,512,357,79,77,41.25,66.0,228.0,298.88,315.12,149.62,438.0,427.75,424.5,287.0,61.0,50.38
Concrete_0cm_S9,2026-04-02T20:43:03.039058,48,75,249,333,356,168,500,475,475,334,70,59,35,55,221,286,305,147,421,404,406,273,57,49,13,27,148,189,205,86,290,285,275,183,28,18,44,80,248,330,345,164,475,475,448,310,80,55,47,69,257,321,351,171,486,482,469,322,75,55,18,33,156,200,210,93,302,293,292,193,28,21,51,86,270,363,370,174,514,506,519,324,71,69,74,103,275,369,379,194,516,502,512,357,79,77,41.25,66.0,228.0,298.88,315.12,149.62,438.0,427.75,424.5,287.0,61.0,50.38
Concrete_0cm_S9,2026-04-02T20:43:03.221870,49,74,249,332,356,168,500,474,474,333,70,59,36,55,221,286,305,147,421,404,406,273,58,49,13,27,148,188,205,87,290,284,275,183,28,18,44,80,248,330,345,164,474,475,449,310,80,55,47,69,257,322,350,171,487,483,469,323,75,55,17,33,156,201,210,93,301,293,292,193,28,21,51,85,269,363,370,174,513,506,519,324,71,69,74,103,275,369,379,194,516,502,512,357,79,77,41.38,65.75,227.88,298.88,315.0,149.75,437.75,427.62,424.5,287.0,61.12,50.38
Concrete_0cm_S9,2026-04-02T20:43:03.377873,48,74,248,333,356,167,500,475,475,333,70,59,36,55,221,286,305,147,421,404,406,273,58,49,13,27,148,189,205,86,290,285,275,183,28,18,44,80,248,330,345,164,475,475,449,310,80,55,48,69,257,321,351,171,486,482,469,323,75,55,17,33,156,200,210,93,301,293,292,192,28,21,51,86,269,363,369,174,514,506,519,324,71,69,74,103,276,369,379,193,517,503,512,356,79,77,41.38,65.88,227.88,298.88,315.0,149.38,438.0,427.88,424.62,286.75,61.12,50.38
Concrete_0cm_S9,2026-04-02T20:43:03.522346,49,75,248,333,356,168,500,475,475,333,70,59,35,55,221,286,305,147,421,404,406,273,57,49,13,27,148,188,205,87,290,284,275,183,28,18,44,80,248,330,345,164,474,475,449,310,80,55,48,69,257,321,351,171,486,482,469,323,75,55,17,33,156,200,210,93,301,293,292,192,28,21,51,86,269,363,369,174,514,506,519,324,71,69,74,103,276,369,379,193,517,503,512,356,79,77,41.38,66.0,227.88,298.75,315.0,149.62,437.88,427.75,424.62,286.75,61.0,50.38
Concrete_0cm_S9,2026-04-02T20:43:03.680543,49,75,248,333,356,168,500,475,475,333,70,59,35,55,221,286,305,147,421,404,406,273,57,49,13,27,148,188,205,87,290,284,275,183,28,18,44,80,248,330,345,164,474,475,449,310,80,55,48,69,257,321,351,171,486,482,469,323,75,55,17,33,156,200,210,93,301,293,292,192,28,21,51,86,269,363,369,174,514,506,519,324,71,69,74,103,276,369,379,193,517,503,512,356,79,77,41.38,66.0,227.88,298.75,315.0,149.62,437.88,427.75,424.62,286.75,61.0,50.38
Concrete_0cm_S9,2026-04-02T20:43:03.817608,48,75,248,333,356,167,500,475,474,333,69,59,35,55,220,286,305,147,421,404,406,273,57,49,13,27,148,188,205,86,289,285,275,183,28,18,44,80,248,330,344,164,475,475,449,310,80,55,48,69,257,321,351,171,486,482,469,323,75,55,17,33,156,201,210,93,302,293,291,192,28,21,51,86,269,363,370,174,513,506,519,324,71,69,74,103,275,369,379,194,516,502,512,357,79,76,41.25,66.0,227.62,298.88,315.0,149.5,437.75,427.75,424.38,286.88,60.88,50.25
Concrete_0cm_S9,2026-04-02T20:43:03.979926,48,74,248,332,356,167,500,474,474,333,70,59,35,55,220,286,305,147,421,404,406,273,57,49,13,27,148,189,205,86,290,285,275,183,28,18,44,80,248,330,345,164,475,475,449,309,80,55,47,69,257,322,351,171,486,482,469,323,75,55,17,33,156,200,210,93,301,293,292,193,28,21,51,86,269,363,369,174,513,506,519,324,71,69,75,103,275,369,379,193,516,503,512,357,79,77,41.25,65.88,227.62,298.88,315.0,149.38,437.75,427.75,424.5,286.88,61.0,50.38
Concrete_0cm_S9,2026-04-02T20:43:04.185772,48,75,248,333,355,167,499,475,474,333,70,59,36,56,221,286,305,147,421,404,406,273,57,49,13,27,148,188,205,86,290,285,275,183,28,18,44,80,248,329,345,164,475,474,449,310,80,55,47,69,257,321,351,171,486,482,469,323,75,55,18,33,156,200,210,93,302,293,292,193,28,21,51,86,269,363,370,174,514,506,520,325,71,69,75,103,276,369,379,193,516,502,512,357,79,76,41.5,66.12,227.88,298.62,315.0,149.38,437.88,427.62,424.62,287.12,61.0,50.25
Concrete_0cm_S9,2026-04-02T20:43:04.350766,48,75,248,333,356,167,500,474,475,333,70,59,35,55,220,286,304,147,421,404,406,273,57,49,13,27,148,189,205,86,290,285,275,183,28,18,44,80,248,329,345,164,475,474,448,309,80,55,47,69,257,322,351,171,486,483,469,323,75,55,18,33,156,200,210,93,301,293,291,193,28,21,51,86,269,363,369,174,514,506,519,325,71,69,74,103,275,368,379,194,516,502,512,357,79,76,41.25,66.0,227.62,298.75,314.88,149.5,437.88,427.62,424.38,287.0,61.0,50.25
Concrete_0cm_S9,2026-04-02T20:43:04.497006,48,75,248,333,356,167,500,474,475,333,70,59,35,55,220,286,304,147,421,404,406,273,57,49,13,27,148,189,205,86,290,285,275,183,28,18,44,80,248,329,345,164,475,474,448,309,80,55,47,69,257,322,351,171,486,483,469,323,75,55,18,33,156,200,210,93,301,293,291,193,28,21,51,86,269,363,369,174,514,505,519,324,71,69,74,103,275,369,379,194,516,503,512,357,79,76,41.25,66.0,227.62,298.88,314.88,149.5,437.88,427.62,424.38,286.88,61.0,50.25
Concrete_0cm_S9,2026-04-02T20:43:04.654897,48,74,249,333,356,168,500,474,474,333,70,59,35,55,221,287,306,147,421,405,406,273,57,49,13,27,148,189,205,86,290,285,275,183,28,18,44,80,248,329,345,164,475,474,448,309,80,55,47,69,257,322,351,171,486,483,469,323,75,55,18,33,156,200,210,93,301,293,291,193,28,21,51,86,269,363,369,174,514,505,519,324,71,69,74,103,275,369,379,194,516,503,512,357,79,76,41.25,65.88,227.88,299.0,315.12,149.62,437.88,427.75,424.25,286.88,61.0,50.25
Concrete_0cm_S9,2026-04-02T20:43:04.802007,48,74,248,333,355,167,500,475,474,333,69,59,35,55,221,287,305,147,421,404,406,273,57,50,13,27,148,188,205,86,290,285,275,183,28,18,44,80,248,330,345,164,474,475,449,309,80,55,47,69,257,322,351,171,486,483,469,323,75,55,17,33,157,201,210,93,302,293,291,193,28,21,51,86,269,363,370,174,514,506,519,324,71,69,74,103,275,369,379,194,516,502,512,357,79,76,41.12,65.88,227.88,299.12,315.0,149.5,437.88,427.88,424.38,286.88,60.88,50.38
Concrete_0cm_S9,2026-04-02T20:43:04.960584,48,75,248,333,355,168,500,475,475,333,70,59,35,55,221,286,305,147,421,404,406,273,57,49,13,27,148,188,205,86,290,285,274,183,28,18,44,80,248,329,345,164,475,474,449,309,80,55,47,69,257,321,351,171,487,483,469,323,75,55,17,33,157,201,210,93,302,293,291,193,28,21,51,86,269,363,370,174,514,506,519,324,71,69,74,103,275,369,379,194,516,502,512,357,79,76,41.12,66.0,227.88,298.75,315.0,149.62,438.12,427.75,424.38,286.88,61.0,50.25
Concrete_0cm_S9,2026-04-02T20:43:05.148221,48,74,248,333,356,168,500,474,474,333,70,59,35,55,221,287,305,147,421,404,406,273,57,49,13,27,148,188,205,86,290,285,275,183,28,18,44,80,248,330,345,164,475,474,449,310,80,55,47,69,257,321,351,171,486,483,469,323,75,55,17,33,156,201,210,93,302,293,292,193,28,21,51,85,269,363,370,174,514,506,519,325,71,69,74,103,275,369,379,194,516,502,512,357,79,76,41.12,65.75,227.75,299.0,315.12,149.62,438.0,427.62,424.5,287.12,61.0,50.25
Concrete_0cm_S9,2026-04-02T20:43:05.294693,48,74,248,333,356,168,500,474,474,333,70,59,35,55,220,286,305,147,421,404,406,273,57,49,13,27,147,189,205,86,289,284,275,183,28,18,44,80,248,330,345,164,474,474,449,309,80,55,47,69,257,321,351,171,486,483,469,323,75,55,17,33,156,201,210,93,302,293,292,193,28,21,51,85,269,363,370,174,514,506,519,325,71,69,74,103,275,369,379,194,516,502,512,357,79,76,41.12,65.75,227.5,299.0,315.12,149.62,437.75,427.5,424.5,287.0,61.0,50.25
Concrete_0cm_S9,2026-04-02T20:43:05.447317,48,75,248,332,356,167,500,476,475,333,70,59,35,55,221,286,305,147,421,404,406,273,57,49,13,27,148,188,205,86,289,284,275,183,28,18,44,80,248,330,345,164,474,474,449,309,80,55,47,69,257,321,351,171,487,482,469,323,75,55,18,33,156,200,210,93,302,293,292,193,28,21,51,86,269,364,370,174,514,506,520,325,71,69,75,103,276,369,379,194,516,502,512,357,79,77,41.38,66.0,227.88,298.75,315.12,149.5,437.88,427.62,424.75,287.0,61.0,50.38
Concrete_0cm_S9,2026-04-02T20:43:05.606745,48,75,248,332,356,167,500,476,475,333,70,59,35,55,221,286,305,147,421,404,406,273,57,49,13,27,147,188,205,86,289,284,275,183,28,18,44,80,248,330,344,164,474,474,448,309,80,55,47,69,257,321,350,171,487,482,469,323,75,55,17,33,156,201,210,92,302,293,292,193,27,21,51,86,270,363,370,174,514,506,520,325,71,69,74,103,275,368,379,194,515,502,512,357,79,76,41.12,66.0,227.75,298.62,314.88,149.38,437.75,427.62,424.62,287.0,60.88,50.25
Concrete_0cm_S9,2026-04-02T20:43:05.754586,48,75,248,332,356,167,500,476,475,333,70,59,35,55,220,286,305,147,421,404,406,273,57,49,13,27,148,188,205,86,289,284,275,183,28,18,44,80,248,330,344,164,474,474,448,309,80,55,47,69,257,321,350,171,487,482,469,323,75,55,17,33,156,201,210,93,302,293,292,193,28,21,51,86,270,363,370,174,514,506,520,325,71,69,74,103,276,369,379,193,516,503,512,357,79,77,41.12,66.0,227.88,298.75,314.88,149.38,437.88,427.75,424.62,287.0,61.0,50.38
Concrete_0cm_S9,2026-04-02T20:43:05.896213,48,75,248,332,356,167,500,476,475,333,70,59,35,55,220,286,305,147,421,404,406,273,57,49,13,27,148,188,205,86,289,284,275,183,28,18,44,80,248,330,344,164,474,474,448,309,80,55,47,69,257,321,350,171,487,482,469,323,75,55,17,33,156,201,210,93,302,293,292,193,28,21,51,86,270,363,370,174,514,506,520,325,71,69,74,103,276,369,379,193,516,503,512,357,79,77,41.12,66.0,227.88,298.75,314.88,149.38,437.88,427.75,424.62,287.0,61.0,50.38
Concrete_0cm_S9,2026-04-02T20:43:06.055910,48,74,248,333,356,167,500,475,474,333,70,59,35,55,221,286,305,147,421,404,406,273,58,49,13,27,148,188,205,86,289,284,275,183,28,18,44,80,248,329,345,164,474,474,448,309,80,55,47,69,257,321,351,172,486,482,469,323,75,55,17,33,156,200,210,93,302,293,292,193,28,21,51,86,269,363,370,174,514,506,520,325,71,69,74,103,275,369,379,194,516,503,512,357,79,77,41.12,65.88,227.75,298.62,315.12,149.62,437.75,427.62,424.5,287.0,61.12,50.38
Concrete_0cm_S9,2026-04-02T20:43:06.213271,48,75,248,333,356,168,500,475,475,333,70,59,35,55,220,286,305,147,421,404,406,273,58,49,13,27,148,188,205,86,289,284,274,183,28,18,44,80,248,330,344,164,474,474,447,309,80,55,47,69,256,321,350,171,486,482,469,322,75,55,18,33,156,201,210,93,302,293,292,193,28,21,51,85,269,363,370,174,514,506,520,325,71,69,75,103,275,369,379,194,516,502,513,357,79,77,41.38,65.88,227.5,298.88,314.88,149.62,437.75,427.5,424.5,286.88,61.12,50.38
Concrete_0cm_S9,2026-04-02T20:43:06.352817,48,74,249,333,356,168,500,475,474,333,70,59,35,55,221,286,305,147,421,404,406,273,57,49,13,27,147,188,205,86,289,284,275,183,28,18,44,80,247,330,344,164,474,474,448,309,80,55,47,69,256,321,351,171,487,482,469,323,75,55,18,33,156,200,210,93,301,293,292,193,28,21,51,85,269,363,370,174,514,506,520,325,71,69,74,103,275,368,379,193,516,503,513,357,79,77,41.25,65.75,227.5,298.62,315.0,149.5,437.75,427.62,424.62,287.0,61.0,50.38
Concrete_0cm_S9,2026-04-02T20:43:06.518009,48,74,249,333,356,168,500,475,474,333,70,59,35,55,221,286,305,147,421,404,406,273,57,49,13,27,147,188,205,86,289,284,275,183,28,18,44,80,247,330,344,164,474,474,448,309,80,55,47,69,256,321,351,171,487,482,469,323,75,55,18,33,156,200,210,93,301,293,292,193,28,21,51,86,269,363,370,174,514,506,520,325,71,69,74,103,276,369,379,194,516,503,512,357,79,77,41.25,65.88,227.62,298.75,315.0,149.62,437.75,427.62,424.5,287.0,61.0,50.38
Concrete_0cm_S9,2026-04-02T20:43:06.669994,49,75,248,333,355,168,499,474,474,333,70,59,35,55,220,286,306,147,421,404,406,273,57,49,13,27,147,188,204,86,289,284,274,183,28,18,44,80,248,330,344,164,474,474,449,309,80,55,48,69,256,321,351,172,486,482,469,323,75,55,17,33,156,200,210,93,302,293,291,193,28,21,52,86,269,364,370,174,514,506,520,325,71,69,74,103,276,369,379,194,517,503,512,357,79,77,41.5,66.0,227.5,298.88,314.88,149.75,437.75,427.5,424.38,287.0,61.0,50.38
Concrete_0cm_S9,2026-04-02T20:43:06.814170,49,75,248,333,355,168,499,474,474,333,70,59,35,55,220,286,306,147,421,404,406,273,57,49,13,27,147,188,204,86,289,284,274,183,28,18,44,80,248,330,344,164,474,474,449,309,80,55,48,69,256,321,351,172,486,482,469,323,75,55,17,33,156,201,210,93,302,293,292,193,28,21,52,86,270,363,370,174,514,506,520,325,72,69,74,103,276,369,379,194,516,502,512,357,79,77,41.5,66.0,227.62,298.88,314.88,149.75,437.62,427.38,424.5,287.0,61.12,50.38
Concrete_0cm_S9,2026-04-02T20:43:06.962634,49,75,248,333,355,168,499,474,474,333,70,59,35,55,220,286,306,147,421,404,406,273,57,49,13,27,147,188,204,86,289,284,274,183,28,18,44,80,248,330,344,164,474,474,449,309,80,55,48,69,256,321,351,172,486,482,469,323,75,55,17,33,156,201,210,93,302,293,292,193,28,21,52,86,270,363,370,174,514,506,520,325,72,69,74,103,276,369,379,194,516,502,512,357,79,77,41.5,66.0,227.62,298.88,314.88,149.75,437.62,427.38,424.5,287.0,61.12,50.38
Concrete_0cm_S9,2026-04-02T20:43:07.158479,48,74,248,333,355,167,500,475,474,333,69,59,35,55,220,287,306,147,421,405,406,273,57,49,13,27,147,188,205,86,289,284,274,183,28,18,44,80,248,329,344,164,474,474,448,310,80,55,47,69,256,321,350,171,486,483,469,323,75,55,17,33,156,200,210,93,302,293,292,193,28,21,51,86,270,363,370,174,514,507,519,325,71,69,74,103,275,369,379,194,516,503,512,357,79,76,41.12,65.88,227.5,298.75,314.88,149.5,437.75,428.0,424.25,287.12,60.88,50.25
Concrete_0cm_S9,2026-04-02T20:43:07.313629,48,74,248,333,355,167,500,475,474,333,69,59,36,55,221,286,305,148,421,405,406,273,57,49,13,27,148,188,205,86,289,284,275,183,28,18,44,80,248,330,344,164,474,474,449,310,80,55,47,69,257,321,351,172,486,482,469,322,75,55,17,33,156,201,210,93,301,293,292,193,28,21,51,86,270,363,370,174,514,507,519,325,71,69,74,103,275,369,379,194,516,503,512,357,79,76,41.25,65.88,227.88,298.88,314.88,149.75,437.62,427.88,424.5,287.0,60.88,50.25
Concrete_0cm_S9,2026-04-02T20:43:07.468308,48,74,248,333,355,167,500,475,474,333,69,59,36,55,221,286,305,148,421,405,406,273,57,49,13,27,148,188,205,86,289,284,275,183,28,18,44,80,248,330,344,164,474,474,449,310,80,55,48,69,257,321,350,171,486,482,469,323,75,55,17,33,156,200,210,93,302,293,292,192,28,21,51,86,270,363,370,174,514,506,519,325,71,69,74,103,276,369,379,193,516,502,512,357,79,76,41.38,65.88,228.0,298.75,314.75,149.5,437.75,427.62,424.5,287.0,60.88,50.25
Concrete_0cm_S9,2026-04-02T20:43:07.625859,48,74,249,333,355,168,500,475,474,333,69,59,36,55,221,286,305,147,421,404,406,273,57,49,13,27,148,188,204,86,289,284,275,183,28,18,44,80,248,330,345,164,474,474,448,309,80,55,47,69,257,321,350,171,486,482,469,323,75,55,17,33,156,201,210,93,301,293,292,193,28,21,51,86,269,363,369,174,514,506,519,324,71,69,75,103,276,369,379,194,517,503,512,357,79,77,41.38,65.88,228.0,298.88,314.62,149.62,437.75,427.62,424.38,286.88,60.88,50.38
Concrete_0cm_S9,2026-04-02T20:43:07.777018,48,74,249,333,355,168,500,475,474,333,69,59,35,55,220,286,305,147,421,404,406,273,57,49,13,27,148,188,205,86,289,284,275,183,28,18,44,80,248,329,345,164,474,475,449,309,80,55,47,69,257,320,351,171,486,482,469,323,75,55,17,33,157,201,210,93,302,293,292,193,28,21,51,86,269,363,369,174,514,506,519,324,71,69,75,103,276,369,379,194,517,503,512,357,79,77,41.25,65.88,228.0,298.62,314.88,149.62,437.88,427.75,424.5,286.88,60.88,50.38
Concrete_0cm_S9,2026-04-02T20:43:07.933602,48,74,249,333,356,168,500,475,474,334,70,59,35,55,220,286,305,147,421,404,406,273,57,49,13,27,148,188,205,86,289,284,275,183,28,18,44,80,248,329,345,164,474,475,449,309,80,55,47,69,257,320,351,171,486,482,469,323,75,55,17,33,157,201,210,93,302,293,292,193,28,21,51,86,270,363,370,174,513,506,520,325,71,69,74,103,276,369,380,194,517,503,513,357,79,77,41.12,65.88,228.12,298.62,315.25,149.62,437.75,427.75,424.75,287.12,61.0,50.38
Concrete_0cm_S9,2026-04-02T20:43:08.147005,48,74,249,333,356,168,500,475,474,334,70,59,35,55,220,286,305,147,421,404,406,273,57,49,13,27,147,188,204,86,289,284,274,183,28,18,44,80,248,329,345,164,474,475,449,309,80,55,47,69,257,322,351,171,486,483,469,322,75,55,17,33,156,201,210,93,302,293,292,193,28,21,51,86,269,363,370,174,514,506,520,325,71,69,74,103,276,369,380,194,517,503,513,357,79,77,41.12,65.88,227.75,298.88,315.12,149.62,437.88,427.88,424.62,287.0,61.0,50.38
Concrete_0cm_S9,2026-04-02T20:43:08.312366,48,75,249,333,355,167,500,475,474,333,70,59,35,55,221,286,305,147,421,404,406,273,57,49,13,27,148,188,204,86,289,284,274,183,28,18,44,80,248,329,345,164,474,475,449,309,80,55,47,69,257,321,351,171,486,482,469,322,75,55,18,33,156,201,210,93,301,293,292,193,28,21,51,86,269,363,370,174,514,506,520,325,71,69,74,103,276,369,380,194,517,503,513,357,79,77,41.25,66.0,228.0,298.75,315.0,149.5,437.75,427.75,424.62,286.88,61.0,50.38
Concrete_0cm_S9,2026-04-02T20:43:08.479054,48,75,248,332,356,168,499,475,474,333,70,59,35,55,221,286,305,147,421,404,406,273,57,49,13,27,148,188,205,86,289,284,274,183,28,18,44,80,247,329,345,164,474,474,448,309,80,55,48,69,257,321,350,172,486,482,469,323,75,55,18,33,156,201,210,93,301,293,292,193,28,21,51,86,269,363,370,174,514,506,520,324,71,69,75,103,275,368,379,194,516,503,512,357,79,77,41.5,66.0,227.62,298.5,315.0,149.75,437.5,427.62,424.38,286.88,61.0,50.38
Concrete_0cm_S9,2026-04-02T20:43:08.621125,48,75,248,332,355,167,499,475,474,333,70,59,35,55,220,286,305,147,420,403,405,273,57,49,13,27,147,188,204,86,289,285,275,183,28,18,44,80,247,330,344,164,474,473,448,309,80,55,47,69,256,321,351,172,487,483,469,323,75,55,18,33,156,200,210,93,301,293,292,193,28,21,51,86,269,363,370,174,514,506,520,324,71,69,75,103,275,368,379,194,516,503,512,357,79,77,41.38,66.0,227.25,298.5,314.75,149.62,437.5,427.62,424.38,286.88,61.0,50.38
Concrete_0cm_S9,2026-04-02T20:43:08.759464,48,75,248,332,355,167,499,475,474,333,70,59,35,55,220,286,305,147,420,403,405,273,57,49,13,27,147,188,204,86,289,285,275,183,28,18,44,80,248,329,344,164,473,474,448,309,80,55,47,69,257,321,350,171,487,482,469,323,75,55,18,33,156,200,210,93,302,293,292,193,28,21,51,86,270,363,370,174,514,506,519,325,71,69,75,104,276,370,379,194,517,503,512,358,79,77,41.38,66.12,227.75,298.62,314.62,149.5,437.62,427.62,424.25,287.12,61.0,50.38
Concrete_0cm_S9,2026-04-02T20:43:08.914607,48,75,249,333,356,168,500,475,474,333,70,59,35,55,220,286,305,147,420,403,406,273,57,49,13,27,148,188,204,86,290,284,274,183,28,18,44,80,248,329,344,164,473,474,448,309,80,55,47,69,257,321,350,171,487,482,469,323,75,55,18,33,156,200,210,93,302,293,292,193,28,21,51,86,270,363,370,174,514,506,519,325,71,69,75,104,276,370,379,194,517,503,512,358,79,77,41.38,66.12,228.0,298.75,314.75,149.62,437.88,427.5,424.25,287.12,61.0,50.38
Concrete_0cm_S9,2026-04-02T20:43:09.108097,48,75,249,332,356,167,500,475,474,333,70,59,35,55,220,286,305,147,420,404,406,273,57,49,13,27,148,188,204,86,290,284,274,183,28,18,44,80,248,329,344,164,474,474,449,309,80,55,48,70,257,321,351,171,486,483,469,323,75,55,17,33,156,201,210,92,302,293,291,193,27,21,51,86,269,363,370,174,514,506,520,325,71,69,74,103,276,369,379,194,516,503,512,357,79,77,41.25,66.12,227.88,298.62,314.88,149.38,437.75,427.75,424.38,287.0,60.88,50.38
Concrete_0cm_S9,2026-04-02T20:43:09.272390,48,75,248,332,355,167,499,474,473,333,70,59,35,55,220,286,305,147,420,404,406,273,57,49,13,27,148,188,204,86,289,284,275,183,28,18,44,80,248,330,344,164,474,474,449,309,80,55,47,69,257,321,350,171,487,483,469,323,75,55,17,33,156,201,209,93,302,293,292,193,28,21,51,86,269,363,370,174,514,507,520,324,71,69,75,103,276,369,379,194,516,503,512,357,79,77,41.25,66.0,227.75,298.75,314.5,149.5,437.62,427.75,424.5,286.88,61.0,50.38
Concrete_0cm_S9,2026-04-02T20:43:09.420398,48,75,248,332,355,167,499,474,473,333,70,59,35,55,220,286,305,147,421,404,406,273,57,49,13,27,148,188,205,86,289,284,274,183,28,18,44,80,247,329,344,164,474,474,448,309,80,55,47,69,256,321,350,172,486,482,469,323,75,55,18,33,156,200,210,93,302,293,292,193,28,21,51,86,270,363,370,174,514,506,520,325,71,69,74,103,275,369,379,194,517,503,513,357,79,77,41.25,66.0,227.5,298.5,314.75,149.62,437.75,427.5,424.38,287.0,61.0,50.38
Concrete_0cm_S9,2026-04-02T20:43:09.576234,48,75,248,333,356,167,500,475,475,333,70,59,35,55,221,286,305,147,421,404,405,273,57,49,13,27,147,188,204,86,289,284,274,183,28,18,44,80,248,330,344,164,474,474,448,310,80,55,47,69,256,321,351,171,486,483,469,323,75,55,18,33,156,200,210,93,302,293,292,193,28,21,51,86,270,363,370,174,514,506,520,325,71,69,74,103,275,369,379,194,517,503,513,357,79,77,41.25,66.0,227.62,298.75,314.88,149.5,437.88,427.75,424.5,287.12,61.0,50.38
Concrete_0cm_S9,2026-04-02T20:43:09.751587,48,75,248,333,355,167,500,475,474,333,70,59,35,55,220,286,305,147,421,404,405,273,57,49,13,27,147,188,204,86,289,284,274,183,28,18,44,80,248,329,344,164,474,473,448,309,80,55,47,69,256,321,350,171,486,482,469,323,75,55,18,33,156,201,210,93,302,293,292,193,28,21,51,86,269,363,370,174,514,506,520,325,71,69,74,103,276,369,379,194,516,503,512,358,79,77,41.25,66.0,227.5,298.75,314.62,149.5,437.75,427.5,424.25,287.12,61.0,50.38
Concrete_0cm_S9,2026-04-02T20:43:09.897784,48,75,248,333,356,167,500,475,474,333,70,59,35,55,220,286,305,147,421,404,406,273,57,49,13,27,148,188,204,86,289,284,274,183,28,18,44,80,247,329,344,164,474,474,449,309,80,55,47,69,257,321,350,171,486,482,469,322,75,55,18,33,156,201,210,93,302,293,292,193,28,21,51,86,269,363,370,174,514,507,520,325,71,69,74,103,276,369,380,194,517,502,513,357,79,77,41.25,66.0,227.62,298.75,314.88,149.5,437.88,427.62,424.62,286.88,61.0,50.38
Concrete_0cm_S9,2026-04-02T20:43:10.103809,48,75,248,333,356,167,500,475,474,333,70,59,35,55,220,286,305,147,421,404,406,273,57,49,13,27,148,188,204,86,289,284,274,183,28,18,44,80,247,329,344,164,474,474,449,309,80,55,47,69,257,321,350,171,486,482,469,322,75,55,18,33,156,201,210,93,302,293,292,193,28,21,51,86,269,363,370,174,514,507,520,325,71,69,74,103,276,369,380,194,517,502,513,357,79,77,41.25,66.0,227.62,298.75,314.88,149.5,437.88,427.62,424.62,286.88,61.0,50.38
Concrete_0cm_S9,2026-04-02T20:43:10.254221,48,74,248,332,355,167,499,474,474,333,70,59,35,55,220,286,305,147,420,404,405,273,57,49,13,27,147,188,205,86,289,284,274,182,28,18,44,80,247,329,344,164,474,474,449,309,80,55,47,69,257,321,351,171,486,483,469,323,75,55,18,33,156,201,210,93,301,293,292,193,28,21,51,86,269,363,370,174,514,506,520,325,71,69,74,104,276,369,380,194,517,503,513,358,79,77,41.25,66.0,227.5,298.62,315.0,149.5,437.5,427.62,424.5,287.0,61.0,50.38
Concrete_0cm_S9,2026-04-02T20:43:10.409753,48,74,248,332,355,167,499,474,474,333,70,59,35,55,221,286,305,147,421,404,406,273,57,49,13,27,147,188,204,86,289,284,274,183,28,18,44,80,247,329,343,164,473,473,448,309,80,55,47,69,257,321,350,171,486,482,469,323,75,55,17,33,156,201,210,93,302,293,292,193,28,21,51,86,269,363,370,174,514,506,520,325,71,69,74,103,276,369,379,193,516,503,513,357,79,77,41.12,65.88,227.62,298.62,314.5,149.38,437.5,427.38,424.5,287.0,61.0,50.38
Concrete_0cm_S9,2026-04-02T20:43:10.576770,48,74,249,333,355,167,499,475,474,333,70,59,35,55,221,286,305,147,421,404,406,273,57,49,13,27,147,188,204,86,289,284,274,183,28,18,44,80,247,329,343,164,473,473,448,309,80,55,47,69,257,321,350,171,486,482,469,323,75,55,17,33,156,201,210,93,302,293,292,193,28,21,51,86,269,363,370,174,514,506,520,325,71,69,74,103,276,369,379,193,516,503,513,357,79,77,41.12,65.88,227.75,298.75,314.5,149.38,437.5,427.5,424.5,287.0,61.0,50.38
Concrete_0cm_S9,2026-04-02T20:43:10.725300,48,75,249,333,356,167,500,475,473,333,70,59,35,55,220,286,305,147,421,404,405,273,57,49,13,27,147,188,204,86,289,284,274,183,28,18,44,80,247,329,344,163,474,474,448,309,80,55,47,69,257,321,350,171,486,482,469,323,75,55,17,33,157,200,210,93,301,293,292,193,28,21,51,86,269,363,370,174,514,506,520,325,71,69,75,104,276,369,379,194,516,503,513,357,79,77,41.25,66.12,227.75,298.62,314.75,149.38,437.62,427.62,424.25,287.0,61.0,50.38
Concrete_0cm_S9,2026-04-02T20:43:10.883828,48,75,248,333,356,167,499,474,474,333,69,59,35,55,220,286,305,147,420,404,405,273,57,49,13,27,147,188,205,86,289,284,274,183,28,18,44,80,247,329,344,164,474,474,448,309,80,55,47,69,257,321,350,171,486,482,469,323,75,55,17,33,156,201,210,93,302,293,292,192,28,21,51,85,269,363,370,174,514,506,519,325,71,69,75,104,276,369,379,194,516,503,513,357,79,77,41.25,66.0,227.5,298.75,314.88,149.5,437.5,427.5,424.25,286.88,60.88,50.38
Concrete_0cm_S9,2026-04-02T20:43:11.077623,48,75,248,333,356,167,499,474,474,333,69,59,35,55,220,286,305,147,420,404,405,273,57,49,13,27,147,188,205,86,289,284,274,183,28,18,44,80,247,329,344,164,474,474,448,309,80,55,47,69,257,321,350,171,486,482,469,323,75,55,17,33,156,201,210,93,302,293,292,192,28,21,51,85,269,363,370,174,514,506,519,325,71,69,74,103,276,370,379,193,517,504,513,358,79,77,41.12,65.88,227.5,298.88,314.88,149.38,437.62,427.62,424.25,287.0,60.88,50.38
Concrete_0cm_S9,2026-04-02T20:43:11.218596,48,75,248,332,355,167,499,475,474,333,70,59,35,55,220,286,304,147,420,404,405,273,57,49,13,27,147,188,204,86,289,284,274,182,28,18,44,80,247,329,344,164,474,474,448,309,79,55,47,69,257,321,351,171,486,482,469,323,75,55,18,33,156,200,210,93,302,293,292,193,28,21,51,86,270,363,370,174,514,507,520,325,71,69,75,103,276,369,379,194,517,503,513,358,79,77,41.38,66.0,227.62,298.5,314.62,149.5,437.62,427.75,424.38,287.0,60.88,50.38
Concrete_0cm_S9,2026-04-02T20:43:11.395493,48,75,248,332,355,167,499,475,474,333,70,59,35,55,220,286,304,147,420,404,405,273,57,49,13,27,147,188,204,86,289,284,274,182,28,18,44,80,248,329,343,164,473,473,448,308,80,55,47,69,257,321,351,171,486,482,469,323,75,55,17,33,156,201,210,93,302,293,292,193,28,21,51,86,270,363,370,174,514,506,519,325,71,69,75,103,276,369,379,194,517,503,513,358,79,77,41.25,66.0,227.75,298.62,314.5,149.5,437.5,427.5,424.25,286.88,61.0,50.38
Concrete_0cm_S9,2026-04-02T20:43:11.537717,48,74,248,333,355,167,500,475,474,334,70,59,35,55,220,286,306,147,421,404,406,273,57,49,13,27,147,188,204,86,289,284,274,182,28,18,44,80,248,329,343,164,473,473,448,308,80,55,47,69,257,321,351,171,486,482,469,323,75,55,17,33,156,201,210,93,302,293,292,193,28,21,51,86,270,363,370,174,514,506,519,325,71,69,74,103,276,369,379,194,517,503,512,358,79,77,41.12,65.88,227.75,298.75,314.75,149.5,437.75,427.5,424.25,287.0,61.0,50.38
Concrete_0cm_S9,2026-04-02T20:43:11.685733,48,74,248,333,355,167,500,475,474,334,70,59,35,55,220,286,305,147,421,404,406,273,57,49,13,27,147,188,204,86,289,284,274,183,28,18,44,80,248,330,344,164,473,474,448,309,80,55,47,69,257,321,350,171,486,482,469,322,75,55,18,33,156,201,210,92,302,293,292,193,28,21,51,86,269,363,370,174,514,506,519,325,71,69,74,103,276,369,380,194,517,503,513,358,79,77,41.25,65.88,227.62,298.88,314.75,149.38,437.75,427.62,424.38,287.12,61.0,50.38
Concrete_0cm_S9,2026-04-02T20:43:11.837351,48,75,248,333,356,167,500,475,474,333,70,59,35,55,220,286,305,147,421,404,406,273,57,49,13,27,147,188,204,86,289,284,274,183,28,18,44,80,248,330,344,164,473,474,448,309,80,55,47,69,257,321,350,171,486,482,469,322,75,55,18,33,156,201,210,93,302,293,291,193,28,21,51,86,269,363,370,174,514,506,519,325,71,69,74,103,275,369,380,194,516,503,512,357,79,77,41.25,66.0,227.5,298.88,314.88,149.5,437.62,427.62,424.12,286.88,61.0,50.38
Concrete_0cm_S9,2026-04-02T20:43:12.016544,48,75,248,333,356,167,500,475,474,333,70,59,35,55,220,286,305,147,421,404,406,273,57,49,13,27,147,188,204,86,289,284,274,183,28,18,44,80,247,329,344,164,474,474,448,310,80,55,47,69,257,321,350,171,486,482,469,322,75,55,17,33,156,200,210,93,302,293,292,193,28,21,51,86,269,363,370,174,514,506,519,325,71,69,75,103,275,370,379,194,516,503,512,357,79,77,41.25,66.0,227.38,298.75,314.75,149.5,437.75,427.62,424.25,287.0,61.0,50.38
Concrete_0cm_S9,2026-04-02T20:43:12.191383,48,75,248,333,356,167,500,475,474,333,70,59,35,55,220,286,305,147,420,404,406,273,57,49,13,27,147,188,205,86,289,284,274,183,28,18,44,80,247,329,344,164,473,473,448,309,80,55,47,69,257,321,350,171,486,482,469,323,75,55,17,33,156,201,210,93,302,293,292,193,27,21,51,86,269,364,370,174,513,506,519,325,71,69,75,103,275,370,379,194,516,503,512,357,79,77,41.25,66.0,227.38,299.0,314.88,149.5,437.38,427.5,424.25,287.0,60.88,50.38
Concrete_0cm_S9,2026-04-02T20:43:12.337136,48,74,249,333,356,168,499,475,475,333,70,59,35,55,220,286,305,147,421,404,406,273,57,49,13,27,147,188,204,86,289,284,274,182,28,18,44,80,247,330,344,164,474,474,448,309,80,55,47,69,257,321,350,171,486,482,469,323,75,55,17,33,156,201,210,93,302,293,292,193,27,21,51,86,269,363,370,174,514,506,520,325,71,69,75,103,275,369,379,194,516,503,512,358,79,76,41.25,65.88,227.5,298.88,314.75,149.62,437.62,427.62,424.5,287.0,60.88,50.25
Concrete_0cm_S9,2026-04-02T20:43:12.482704,48,74,249,333,356,168,499,475,475,333,70,59,35,55,220,286,305,147,421,404,406,273,57,49,13,27,147,188,204,86,289,284,274,182,28,18,44,80,247,330,344,164,474,474,448,309,80,55,48,69,256,321,350,171,486,482,469,323,75,55,18,33,156,201,210,93,302,293,292,193,28,21,51,86,270,364,370,174,514,507,520,325,71,69,75,103,276,369,379,194,517,503,513,358,79,77,41.5,65.88,227.62,299.0,314.75,149.62,437.75,427.75,424.62,287.0,61.0,50.38
Concrete_0cm_S9,2026-04-02T20:43:12.647222,48,75,248,333,356,167,500,475,474,333,70,59,35,55,221,286,305,147,420,404,406,273,57,49,13,27,147,188,204,86,289,284,274,183,28,18,44,80,247,330,344,164,474,474,448,309,80,55,47,69,257,321,351,171,487,483,469,323,75,55,18,33,157,200,210,93,301,293,292,193,28,21,51,85,269,363,370,174,514,506,520,325,71,69,74,103,275,370,379,194,517,503,512,357,79,77,41.25,65.88,227.62,298.88,314.88,149.5,437.75,427.75,424.38,287.0,61.0,50.38
Concrete_0cm_S9,2026-04-02T20:43:12.799477,48,75,248,333,356,167,500,475,474,333,70,59,35,55,221,286,305,147,420,404,406,273,57,49,13,27,147,188,204,86,289,284,274,182,28,18,44,80,247,329,344,164,473,473,448,309,80,55,48,69,257,321,351,172,486,483,469,323,75,55,17,33,156,200,210,93,302,293,292,193,28,21,51,85,269,363,370,174,514,506,520,325,71,69,74,103,275,370,379,194,517,503,512,357,79,77,41.25,65.88,227.5,298.75,314.88,149.62,437.62,427.62,424.38,286.88,61.0,50.38
Concrete_0cm_S9,2026-04-02T20:43:12.983670,48,75,248,332,356,167,500,475,474,333,70,59,35,55,220,286,305,147,421,404,405,273,57,49,13,27,147,188,204,86,289,284,274,183,28,18,44,80,248,329,344,164,474,473,448,309,80,55,48,69,257,321,351,172,486,483,469,323,75,55,18,33,156,201,210,93,302,293,292,193,28,21,51,86,269,363,370,174,514,506,520,325,71,69,75,103,276,370,380,194,517,503,513,358,79,77,41.5,66.0,227.62,298.75,315.0,149.62,437.88,427.62,424.38,287.12,61.0,50.38
Concrete_0cm_S9,2026-04-02T20:43:13.150588,48,74,248,333,355,167,499,475,474,333,70,59,35,55,220,286,305,147,420,404,406,273,57,49,13,27,147,188,204,86,288,283,274,182,28,18,44,80,247,329,344,164,473,473,448,309,80,55,47,69,257,321,351,171,486,483,469,323,75,55,17,33,156,200,210,93,300,293,292,193,28,21,51,86,269,363,370,174,514,506,519,325,71,69,75,103,276,369,379,194,517,503,512,357,79,77,41.25,65.88,227.5,298.62,314.75,149.5,437.12,427.5,424.25,286.88,61.0,50.38
Concrete_0cm_S9,2026-04-02T20:43:13.296070,48,74,248,333,355,167,499,475,474,333,70,59,35,55,220,286,305,147,420,404,406,273,57,49,13,27,147,188,204,86,288,283,274,182,28,18,44,80,247,329,344,164,473,473,448,309,80,55,47,69,257,321,351,171,486,483,469,323,75,55,17,33,156,200,210,93,300,293,292,193,28,21,51,86,269,363,370,174,514,506,519,325,71,69,75,103,276,369,379,194,517,503,512,357,79,77,41.25,65.88,227.5,298.62,314.75,149.5,437.12,427.5,424.25,286.88,61.0,50.38
Concrete_0cm_S9,2026-04-02T20:43:13.431969,48,74,248,333,355,167,500,475,474,333,70,59,35,55,220,286,305,147,421,404,405,273,57,49,13,27,147,188,204,86,289,284,274,183,28,18,44,80,247,329,344,164,473,473,448,309,80,55,47,69,257,321,351,171,486,482,469,323,75,55,17,33,156,201,210,93,302,293,292,193,28,21,51,85,269,363,370,174,514,506,519,325,71,69,75,103,276,369,380,194,517,503,513,358,79,77,41.25,65.75,227.5,298.75,314.88,149.5,437.75,427.5,424.25,287.12,61.0,50.38
Concrete_0cm_S9,2026-04-02T20:43:13.588957,48,75,248,332,355,167,499,474,474,333,70,59,35,55,220,286,305,147,420,404,405,273,57,49,13,27,147,188,204,86,289,284,274,182,28,18,44,80,247,329,344,164,473,473,448,309,80,55,47,69,257,321,351,171,486,482,469,323,75,55,17,33,156,201,210,93,302,293,292,193,28,21,51,85,269,363,370,174,514,506,519,325,71,69,75,103,276,369,380,194,517,503,513,358,79,77,41.25,65.88,227.5,298.62,314.88,149.5,437.5,427.38,424.25,287.0,61.0,50.38
Concrete_0cm_S9,2026-04-02T20:43:13.742828,48,75,248,332,355,167,499,474,474,333,70,59,35,55,220,286,305,147,420,404,405,273,57,49,13,27,147,188,204,86,289,284,274,182,28,18,44,80,247,329,344,164,473,473,448,309,80,55,47,69,257,321,351,171,486,482,469,323,75,55,18,33,157,201,210,93,302,293,292,193,28,21,51,85,269,363,370,174,514,506,519,325,71,69,75,103,276,369,380,194,517,503,513,358,79,77,41.38,65.88,227.62,298.62,314.88,149.5,437.5,427.38,424.25,287.0,61.0,50.38
Concrete_0cm_S9,2026-04-02T20:43:13.908797,48,75,248,333,355,167,499,475,474,333,69,59,35,55,220,286,305,147,420,404,405,273,57,49,13,27,147,187,204,86,288,283,273,182,28,18,44,80,247,329,344,164,473,473,448,309,80,55,47,69,257,321,350,171,486,482,469,323,75,55,17,33,156,200,210,93,301,293,292,193,28,21,51,86,270,364,370,174,514,507,519,325,71,69,75,103,276,369,380,194,517,503,513,358,79,77,41.25,66.0,227.62,298.62,314.75,149.5,437.25,427.5,424.12,287.0,60.88,50.38
Concrete_0cm_S9,2026-04-02T20:43:14.066527,48,75,248,333,355,167,499,475,474,333,69,59,35,55,220,286,305,147,420,404,405,273,57,49,13,27,147,187,204,86,288,283,273,182,28,18,44,80,247,329,344,164,473,473,448,309,80,55,47,69,257,321,350,171,486,482,469,323,75,55,17,33,156,200,210,93,301,293,292,193,28,21,52,86,270,363,370,174,514,506,520,325,71,69,75,103,276,369,380,194,517,503,513,358,79,77,41.38,66.0,227.62,298.5,314.75,149.5,437.25,427.38,424.25,287.0,60.88,50.38
Concrete_0cm_S9,2026-04-02T20:43:14.224347,48,75,248,333,355,167,499,475,474,333,69,59,35,55,220,286,305,147,420,404,406,273,57,49,13,27,147,187,204,86,288,283,274,182,28,18,44,80,247,329,344,164,473,473,448,309,80,55,47,69,257,321,350,171,486,482,469,323,75,55,17,33,156,200,210,93,301,293,292,193,28,21,52,86,270,363,370,174,514,506,520,325,71,69,75,103,276,369,380,194,517,503,513,358,79,77,41.38,66.0,227.62,298.5,314.75,149.5,437.25,427.38,424.5,287.0,60.88,50.38
Concrete_0cm_S9,2026-04-02T20:43:14.379416,48,74,248,333,356,167,500,475,475,333,70,59,35,55,220,286,305,147,420,404,405,272,57,49,13,27,147,187,204,86,289,284,274,182,28,18,44,80,247,329,343,164,473,473,448,309,80,55,47,69,257,321,351,171,486,483,469,323,75,55,17,33,156,201,210,93,302,293,292,193,28,21,51,86,270,364,370,174,514,507,520,325,71,69,75,103,276,369,380,194,516,504,513,358,79,77,41.25,65.88,227.62,298.75,314.88,149.5,437.5,427.88,424.5,286.88,61.0,50.38
Concrete_0cm_S9,2026-04-02T20:43:14.524733,48,75,248,333,356,167,500,474,474,333,70,59,35,55,220,286,305,147,420,404,405,272,57,49,13,27,147,187,204,86,289,284,274,182,28,18,44,80,247,329,343,164,473,473,448,309,80,55,47,69,257,321,351,171,486,483,469,323,75,55,17,33,156,201,210,93,302,293,292,193,28,21,51,86,270,363,370,174,514,506,519,325,71,69,74,103,276,369,380,194,517,503,512,357,79,77,41.12,66.0,227.62,298.62,314.88,149.5,437.62,427.5,424.12,286.75,61.0,50.38
Concrete_0cm_S9,2026-04-02T20:43:14.669193,48,75,248,333,356,167,500,474,474,333,70,59,35,55,220,286,305,147,420,404,406,273,57,49,13,27,147,187,204,86,288,283,274,182,28,18,44,80,247,329,343,164,473,473,448,309,80,55,47,69,257,321,351,171,486,483,469,323,75,55,17,33,156,201,210,93,302,293,292,193,28,21,51,86,270,363,370,174,514,506,519,325,71,69,74,103,276,369,380,194,517,503,512,357,79,77,41.12,66.0,227.62,298.62,314.88,149.5,437.5,427.38,424.25,286.88,61.0,50.38
Concrete_0cm_S9,2026-04-02T20:43:14.837307,48,75,248,333,356,167,500,474,474,333,70,59,35,55,220,286,305,147,420,404,406,273,57,49,13,27,147,187,204,86,288,283,274,182,28,18,44,80,247,329,343,164,473,473,448,309,80,55,47,69,257,321,351,171,486,483,469,323,75,55,17,33,156,201,210,93,302,293,292,193,28,21,51,86,270,363,370,174,514,506,519,325,71,69,75,104,276,369,380,194,517,503,513,358,79,77,41.25,66.12,227.62,298.62,314.88,149.5,437.5,427.38,424.38,287.0,61.0,50.38
Concrete_0cm_S9,2026-04-02T20:43:14.992618,48,75,248,333,355,168,500,474,475,333,70,59,35,55,220,286,305,147,420,404,405,273,57,49,13,27,147,187,204,86,288,283,274,182,28,18,44,80,247,329,344,164,473,473,447,308,79,55,47,69,257,321,350,171,486,482,469,323,75,55,17,33,156,201,210,92,301,293,291,193,28,21,51,86,269,363,370,174,514,506,519,324,71,69,74,103,276,369,380,194,517,503,513,357,79,77,41.12,66.0,227.5,298.62,314.75,149.5,437.38,427.25,424.12,286.62,60.88,50.38
Concrete_0cm_S9,2026-04-02T20:43:15.137355,48,75,248,333,355,168,500,474,475,333,70,59,35,55,220,286,305,147,420,404,405,273,57,49,13,27,147,187,204,86,288,283,274,182,28,18,44,80,247,329,344,164,473,473,447,308,79,55,47,69,257,321,350,171,486,482,469,323,75,55,17,33,156,201,210,92,301,293,291,193,28,21,51,86,269,363,370,174,514,506,519,324,71,69,74,103,276,369,380,194,517,503,513,357,79,77,41.12,66.0,227.5,298.62,314.75,149.5,437.38,427.25,424.12,286.62,60.88,50.38
Concrete_0cm_S9,2026-04-02T20:43:15.274950,48,75,248,333,355,168,500,474,475,333,70,59,35,55,220,286,305,147,420,404,405,273,57,49,13,27,147,187,204,86,288,283,274,182,28,18,44,80,247,329,343,164,473,474,447,308,80,55,48,69,257,321,350,171,486,482,469,322,75,55,18,33,156,201,210,93,302,293,292,193,28,21,51,86,269,364,370,174,515,506,519,324,71,69,75,103,276,370,380,194,517,503,513,358,79,77,41.5,66.0,227.5,298.88,314.62,149.62,437.62,427.38,424.25,286.62,61.0,50.38
Concrete_0cm_S9,2026-04-02T20:43:15.428512,48,75,248,333,355,168,500,474,475,333,70,59,35,55,220,286,305,147,420,404,405,273,57,49,13,27,147,187,204,86,289,284,274,182,28,18,44,80,247,329,344,164,473,473,448,309,80,55,47,69,256,321,350,171,486,482,469,323,75,55,17,33,157,201,210,93,302,293,292,193,28,21,51,86,270,363,370,174,514,506,519,324,71,69,75,103,276,370,380,194,517,503,513,358,79,77,41.25,66.0,227.62,298.75,314.75,149.62,437.62,427.38,424.38,286.88,61.0,50.38
Concrete_0cm_S9,2026-04-02T20:43:15.572441,48,75,248,333,355,168,500,474,475,333,70,59,35,55,220,286,305,147,420,404,405,273,57,49,13,27,147,187,204,86,289,284,274,182,28,18,44,80,247,329,344,164,473,473,448,309,80,55,47,69,256,321,350,171,486,482,469,322,75,55,17,33,156,201,210,93,302,293,292,193,28,21,51,86,270,364,370,174,514,506,519,325,71,69,75,103,276,370,380,194,517,503,513,358,79,77,41.25,66.0,227.5,298.88,314.75,149.62,437.62,427.38,424.38,286.88,61.0,50.38
Concrete_0cm_S9,2026-04-02T20:43:15.724473,48,75,248,333,355,168,500,474,475,333,70,59,35,55,220,286,305,147,420,404,405,273,57,49,13,27,147,187,204,86,289,284,274,182,28,18,44,80,247,329,344,164,473,473,448,309,80,55,47,69,256,321,350,171,486,482,469,322,75,55,17,33,156,201,210,93,302,293,292,193,28,21,51,86,270,364,370,174,514,506,519,325,71,69,75,103,276,370,380,194,517,503,513,358,79,77,41.25,66.0,227.5,298.88,314.75,149.62,437.62,427.38,424.38,286.88,61.0,50.38
Concrete_0cm_S9,2026-04-02T20:43:15.892070,48,75,248,333,355,167,499,475,475,333,70,59,35,55,220,286,305,147,420,404,406,273,57,49,13,27,147,187,204,86,289,284,274,182,28,18,44,80,247,329,344,164,473,473,448,309,80,55,47,69,256,321,350,171,486,482,469,322,75,55,17,33,156,201,210,93,302,293,292,193,28,21,51,86,270,364,370,174,514,506,519,325,71,69,75,104,276,369,380,194,517,503,513,358,79,77,41.25,66.12,227.5,298.75,314.75,149.5,437.5,427.5,424.5,286.88,61.0,50.38
Concrete_0cm_S9,2026-04-02T20:43:16.036759,48,74,247,333,355,168,500,475,475,333,70,59,35,55,220,286,305,147,420,404,406,273,57,49,13,27,147,187,204,86,289,284,274,182,28,18,44,80,247,329,344,164,473,473,448,309,80,55,47,69,256,321,350,171,486,482,469,322,75,55,17,33,156,201,210,93,302,293,292,193,28,21,51,86,270,364,370,174,514,506,519,325,71,69,75,104,276,369,380,194,517,503,513,358,79,77,41.25,66.0,227.38,298.75,314.75,149.62,437.62,427.5,424.5,286.88,61.0,50.38
Concrete_0cm_S9,2026-04-02T20:43:16.185531,48,74,248,333,355,167,500,475,474,333,70,59,35,55,220,285,305,147,420,404,406,273,57,49,13,27,147,187,204,86,288,284,273,182,28,18,44,80,247,329,343,164,473,473,448,309,80,55,47,69,256,321,350,171,485,482,469,323,75,55,18,33,156,201,210,93,302,293,292,193,28,21,51,86,270,363,370,174,514,506,520,325,71,69,75,104,276,370,379,194,517,503,514,358,79,77,41.38,66.0,227.5,298.62,314.5,149.5,437.38,427.5,424.5,287.0,61.0,50.38
Concrete_0cm_S9,2026-04-02T20:43:16.349489,48,74,248,333,355,167,500,475,474,333,70,59,35,55,220,285,305,147,420,404,406,273,57,49,13,27,147,187,204,86,288,284,273,182,28,18,44,80,247,329,343,164,473,473,448,309,80,55,48,69,257,321,350,171,486,482,469,323,75,55,17,33,157,200,210,93,302,293,291,193,28,21,51,86,270,363,370,174,514,506,520,324,71,69,75,104,276,370,379,194,517,503,514,358,79,77,41.38,66.0,227.75,298.5,314.5,149.5,437.5,427.5,424.38,286.88,61.0,50.38
Concrete_0cm_S9,2026-04-02T20:43:16.489741,48,74,248,332,356,167,500,475,474,333,69,59,35,55,220,286,305,147,420,404,406,273,57,49,13,27,147,187,204,86,288,284,273,182,28,18,44,80,247,329,343,164,473,473,448,309,80,55,48,69,257,321,350,171,486,482,469,323,75,55,17,33,157,200,210,93,302,293,291,193,28,21,51,86,270,363,370,174,514,506,520,324,71,69,74,104,276,369,380,194,516,503,513,357,79,77,41.25,66.0,227.75,298.38,314.75,149.5,437.38,427.5,424.25,286.75,60.88,50.38
Concrete_0cm_S9,2026-04-02T20:43:16.628381,48,75,248,333,356,167,500,476,474,333,70,60,35,55,220,285,305,147,420,404,406,273,57,49,13,27,147,187,204,86,288,284,274,182,28,18,44,80,247,329,344,164,473,473,448,309,80,55,48,69,257,321,351,172,486,483,469,323,75,55,17,33,156,201,210,93,302,293,292,193,28,21,51,86,270,364,370,174,514,506,520,325,71,69,75,103,276,369,380,194,517,504,513,358,79,77,41.38,66.0,227.62,298.62,315.0,149.62,437.5,427.88,424.5,287.0,61.0,50.5
Concrete_0cm_S9,2026-04-02T20:43:16.828410,48,75,248,333,356,167,500,476,474,333,70,60,35,55,220,286,305,147,420,404,406,273,57,49,13,26,147,188,204,86,288,284,274,182,28,18,44,80,247,328,344,164,474,474,448,309,80,55,47,69,256,321,350,171,486,483,469,322,75,55,18,33,156,200,210,93,301,293,292,193,28,21,52,86,269,364,370,174,514,506,520,325,71,69,75,104,276,369,380,194,517,502,513,358,79,77,41.5,66.0,227.38,298.62,314.88,149.5,437.5,427.75,424.5,286.88,61.0,50.5
Concrete_0cm_S9,2026-04-02T20:43:16.984083,48,75,248,333,356,167,500,476,474,333,70,60,35,55,220,286,305,147,420,404,406,273,57,49,13,26,147,188,204,86,288,284,274,182,28,18,44,80,247,328,344,164,474,474,448,309,80,55,47,69,256,321,350,171,486,483,469,322,75,55,18,33,156,200,210,93,301,293,292,193,28,21,52,86,269,364,370,174,514,506,520,325,71,69,75,104,276,369,380,194,517,502,513,358,79,77,41.5,66.0,227.38,298.62,314.88,149.5,437.5,427.75,424.5,286.88,61.0,50.5
Concrete_0cm_S9,2026-04-02T20:43:17.134047,48,75,248,333,356,167,500,475,475,333,70,59,35,55,220,286,305,147,420,404,405,273,57,49,13,27,147,188,204,86,289,284,274,183,28,18,44,80,247,329,344,164,472,473,448,309,80,55,47,69,256,321,350,171,486,482,469,322,75,55,17,33,157,201,210,93,302,293,292,193,28,21,51,86,269,363,371,174,514,506,520,325,71,70,75,104,276,370,380,194,517,503,513,358,79,77,41.25,66.12,227.5,298.88,315.0,149.5,437.5,427.5,424.5,287.0,61.0,50.5
Concrete_0cm_S9,2026-04-02T20:43:17.281921,48,74,248,332,355,167,500,475,474,333,69,59,35,55,220,286,305,147,421,404,405,273,57,49,13,27,147,187,204,86,287,284,274,182,27,18,44,80,247,329,344,164,474,474,448,309,80,55,48,69,256,321,350,171,486,482,469,323,75,55,17,33,156,201,210,93,302,293,292,193,28,21,51,86,269,363,370,174,513,506,519,325,71,69,75,104,276,370,380,194,517,503,513,358,79,77,41.38,66.0,227.38,298.62,314.75,149.5,437.5,427.62,424.25,287.0,60.75,50.38
Concrete_0cm_S9,2026-04-02T20:43:17.440376,49,74,249,333,356,167,500,475,475,333,70,59,35,55,220,286,305,147,421,404,406,273,57,49,13,27,147,187,204,86,288,283,273,182,28,18,44,80,247,329,344,164,473,473,448,309,79,55,47,69,256,321,350,171,486,482,469,322,75,55,17,33,156,201,210,93,302,293,292,193,28,21,51,86,269,364,370,174,514,506,520,325,71,69,75,104,276,370,380,194,517,503,513,358,79,77,41.38,66.0,227.5,298.88,314.88,149.5,437.62,427.38,424.5,286.88,60.88,50.38
Concrete_0cm_S9,2026-04-02T20:43:17.598359,49,74,249,333,356,167,500,475,475,333,70,59,35,55,220,286,305,147,421,404,406,273,57,49,13,27,147,187,204,86,288,283,273,182,28,18,44,80,247,329,344,164,473,473,448,309,79,55,47,69,256,321,350,171,486,482,469,322,75,55,17,33,156,201,210,93,302,293,292,193,28,21,51,86,269,364,370,174,514,506,520,325,71,69,75,104,276,370,380,194,517,503,513,358,79,77,41.38,66.0,227.5,298.88,314.88,149.5,437.62,427.38,424.5,286.88,60.88,50.38
Concrete_0cm_S9,2026-04-02T20:43:17.786639,48,74,248,332,356,168,499,475,475,333,70,59,35,55,220,285,305,147,421,404,405,273,57,49,13,27,147,187,204,86,288,284,273,182,28,18,44,80,247,329,344,164,473,473,448,309,80,55,47,69,256,321,350,171,486,482,469,322,75,55,18,33,156,201,210,93,302,293,292,193,28,21,51,85,270,363,370,174,514,505,519,325,71,69,75,104,276,369,380,194,517,504,513,358,79,77,41.38,65.88,227.5,298.38,314.88,149.62,437.5,427.5,424.25,286.88,61.0,50.38
Concrete_0cm_S9,2026-04-02T20:43:17.948970,48,75,249,333,356,167,500,475,475,333,70,59,35,55,220,286,305,147,420,404,406,273,57,49,13,27,147,187,204,86,288,283,273,182,28,18,44,80,247,328,344,164,473,473,448,309,79,54,47,70,256,321,350,171,486,482,469,323,75,55,18,33,156,201,210,93,302,294,292,193,28,21,51,86,269,363,370,174,514,506,520,325,71,69,75,104,276,370,380,194,518,503,513,358,79,77,41.38,66.25,227.5,298.62,314.88,149.5,437.62,427.5,424.5,287.0,60.88,50.25
Concrete_0cm_S9,2026-04-02T20:43:18.097556,48,75,248,332,356,167,499,475,474,333,70,59,35,55,220,285,304,147,420,404,405,273,57,49,13,27,147,187,204,86,288,283,273,182,27,18,44,80,247,328,344,164,473,473,447,309,80,55,47,69,256,321,351,171,486,482,469,322,75,55,18,33,156,201,210,93,302,294,292,193,28,21,51,86,269,363,370,174,514,506,520,325,71,69,75,104,276,370,380,194,518,503,513,358,79,77,41.38,66.12,227.38,298.38,314.88,149.5,437.5,427.5,424.12,286.88,60.88,50.38
Concrete_0cm_S9,2026-04-02T20:43:18.254215,48,74,248,333,355,167,499,474,474,333,69,59,35,55,220,285,304,147,420,403,405,273,57,49,13,27,147,187,203,86,288,283,274,182,28,18,44,80,247,328,344,164,473,473,448,309,80,55,47,69,256,321,350,171,486,482,469,323,75,55,17,33,156,201,210,93,302,293,292,193,28,21,51,86,269,363,370,174,514,506,520,325,71,69,74,103,276,369,379,194,517,503,513,357,79,77,41.12,65.88,227.38,298.38,314.38,149.5,437.38,427.12,424.38,286.88,60.88,50.38
Concrete_0cm_S9,2026-04-02T20:43:18.441217,48,75,248,332,355,167,500,475,474,333,69,59,35,55,220,285,304,147,420,403,405,273,57,49,13,27,147,187,203,86,288,283,274,182,28,18,44,80,247,328,344,164,473,473,448,309,80,55,47,69,256,321,350,171,486,482,469,323,75,55,17,33,156,201,210,93,302,293,292,193,28,21,51,86,269,363,370,174,514,506,520,325,71,69,74,103,276,369,379,194,517,503,513,357,79,77,41.12,66.0,227.38,298.25,314.38,149.5,437.5,427.25,424.38,286.88,60.88,50.38
Concrete_0cm_S9,2026-04-02T20:43:18.586179,48,75,248,332,355,167,500,475,474,333,69,59,35,55,220,285,304,147,420,404,405,273,57,49,13,27,147,187,204,86,288,283,274,182,28,18,44,80,247,329,344,164,473,473,448,309,79,55,47,69,256,321,351,171,486,482,469,323,75,55,18,33,156,201,210,93,302,293,292,193,28,21,52,86,269,363,370,174,514,506,520,325,71,69,74,103,276,369,379,194,517,503,513,357,79,77,41.38,66.0,227.38,298.38,314.62,149.5,437.5,427.38,424.38,286.88,60.75,50.38
Concrete_0cm_S9,2026-04-02T20:43:18.768462,48,74,248,333,356,167,499,475,474,333,70,59,35,55,220,286,305,147,420,404,405,273,57,49,13,26,147,187,204,86,288,283,274,182,28,18,44,80,247,329,344,164,473,473,448,308,80,55,47,69,257,321,350,171,486,482,469,323,75,55,17,33,156,201,210,93,302,293,292,193,28,21,51,86,270,363,370,174,515,506,520,325,71,69,75,104,276,369,380,194,517,504,513,358,79,77,41.25,65.88,227.62,298.62,314.88,149.5,437.5,427.5,424.38,286.88,61.0,50.38
Concrete_0cm_S9,2026-04-02T20:43:18.920560,48,75,249,333,355,167,500,475,474,333,70,59,35,55,220,286,305,147,420,403,405,273,57,49,13,27,147,187,204,86,288,283,273,182,28,18,44,80,247,328,344,163,472,473,448,309,79,55,47,69,257,321,350,171,486,482,469,323,75,55,17,33,156,201,210,93,302,293,292,193,28,21,51,86,270,363,370,174,515,506,520,325,71,69,75,103,276,370,380,194,517,503,513,358,79,77,41.25,66.0,227.75,298.62,314.75,149.38,437.5,427.25,424.25,287.0,60.88,50.38
Concrete_0cm_S9,2026-04-02T20:43:19.070544,48,75,249,333,355,167,500,475,474,333,70,59,35,55,220,286,305,147,420,403,405,273,57,49,13,27,147,187,204,86,288,283,273,182,28,18,44,80,247,328,344,163,472,473,448,309,79,55,47,69,256,321,350,172,486,482,469,323,75,55,18,33,157,201,210,93,302,294,292,193,28,21,51,86,269,363,370,174,514,506,520,325,71,69,75,103,276,370,380,194,517,503,513,358,79,77,41.38,66.0,227.62,298.62,314.75,149.5,437.38,427.38,424.25,287.0,60.88,50.38
Concrete_0cm_S9,2026-04-02T20:43:19.232065,48,75,248,332,356,168,499,474,475,333,70,59,35,55,220,285,304,147,420,404,405,272,57,49,13,27,146,187,204,86,288,283,273,182,28,18,44,80,246,328,343,163,472,472,448,308,79,55,47,69,256,321,350,172,486,482,469,323,75,55,17,33,156,201,210,93,302,293,292,193,28,21,51,86,269,363,370,174,514,506,520,325,71,69,75,104,276,369,380,194,517,503,513,358,79,77,41.25,66.12,227.12,298.25,314.62,149.62,437.25,427.12,424.38,286.75,60.88,50.38
Concrete_0cm_S9,2026-04-02T20:43:19.385380,48,75,249,333,356,167,499,475,475,333,70,59,35,55,220,285,304,147,420,404,405,272,57,49,13,26,146,187,204,86,288,283,273,182,28,18,44,80,247,328,343,164,472,473,448,309,80,55,47,69,256,321,350,171,486,482,469,323,75,55,17,33,156,201,210,93,302,293,292,193,28,21,51,86,269,363,370,174,514,506,520,325,71,69,75,104,276,369,380,195,517,504,513,358,80,77,41.25,66.0,227.38,298.38,314.62,149.62,437.25,427.5,424.38,286.88,61.12,50.38
Concrete_0cm_S9,2026-04-02T20:43:19.541298,48,75,249,333,356,167,499,475,475,333,70,59,35,55,220,285,304,147,420,404,405,272,57,49,13,26,146,187,204,86,288,283,273,182,28,18,44,80,247,328,343,164,472,473,448,309,80,55,47,69,256,321,350,171,486,482,469,323,75,55,17,33,157,201,210,93,302,293,292,193,28,21,51,86,270,363,370,174,514,506,520,325,71,69,75,104,276,369,380,195,517,504,513,358,80,77,41.25,66.0,227.62,298.38,314.62,149.62,437.25,427.5,424.38,286.88,61.12,50.38
Concrete_0cm_S9,2026-04-02T20:43:19.723029,48,75,249,333,356,167,499,475,475,333,70,59,35,55,220,285,304,147,420,403,405,273,57,49,13,27,147,187,204,85,288,283,274,182,28,18,44,80,247,329,343,164,473,473,447,308,79,55,47,69,256,320,350,171,486,482,469,322,75,55,18,33,156,201,210,93,302,293,292,193,28,21,52,86,269,363,370,174,514,507,520,325,71,69,75,104,276,369,380,195,517,504,513,358,80,77,41.5,66.12,227.5,298.38,314.62,149.5,437.38,427.5,424.38,286.75,61.0,50.38
Concrete_0cm_S9,2026-04-02T20:43:19.881538,48,75,249,333,356,167,500,475,475,333,70,59,35,55,220,286,305,147,420,404,406,273,57,49,13,27,147,187,204,86,288,284,273,182,27,18,44,80,247,328,343,164,473,473,447,308,79,55,47,69,256,320,350,171,486,483,469,323,75,55,18,33,156,201,210,93,302,294,292,193,28,21,51,86,269,363,370,174,514,507,520,325,71,69,75,103,276,369,380,194,517,503,513,358,79,77,41.38,66.0,227.5,298.38,314.75,149.5,437.5,427.88,424.38,286.88,60.75,50.38
Concrete_0cm_S9,2026-04-02T20:43:20.039419,48,75,249,333,356,167,500,475,475,333,70,59,35,55,220,286,305,147,420,404,406,273,57,49,13,27,147,187,204,86,288,284,273,182,27,18,44,80,247,328,343,164,473,473,447,308,79,55,47,69,256,320,350,171,486,483,469,323,75,55,18,33,156,201,210,93,302,294,292,193,28,21,51,86,269,364,371,174,514,506,520,325,71,69,75,103,276,369,380,194,517,503,513,358,79,77,41.38,66.0,227.5,298.5,314.88,149.5,437.5,427.75,424.38,286.88,60.75,50.38
Concrete_0cm_S9,2026-04-02T20:43:20.181146,48,75,248,333,355,167,499,475,474,333,70,59,35,55,220,286,305,147,420,403,405,273,57,49,13,27,147,187,204,86,287,283,273,182,28,18,44,80,247,329,344,164,472,473,448,308,79,55,47,69,256,321,350,171,486,482,469,323,75,55,17,33,157,201,210,93,302,293,292,193,28,21,51,86,270,363,370,174,515,506,520,325,71,69,75,103,276,370,380,194,517,504,513,358,79,77,41.25,66.0,227.62,298.75,314.75,149.5,437.25,427.38,424.25,286.88,60.88,50.38
Concrete_0cm_S9,2026-04-02T20:43:20.326752,48,74,248,332,355,167,500,475,474,333,70,59,35,55,220,285,305,147,420,404,405,273,57,49,13,27,147,187,204,86,288,283,273,182,28,18,44,80,247,328,343,163,473,473,447,308,79,55,47,69,257,320,350,171,486,482,469,323,75,55,17,33,156,201,210,93,302,293,292,193,28,21,51,86,270,363,370,174,514,506,520,325,71,69,75,104,276,370,380,194,517,504,514,358,80,77,41.25,66.0,227.62,298.25,314.62,149.38,437.5,427.5,424.25,286.88,61.0,50.38
Concrete_0cm_S9,2026-04-02T20:43:20.485878,48,74,248,332,355,167,500,475,474,333,70,59,35,55,220,285,305,147,420,404,405,273,57,49,13,27,147,187,204,86,288,283,273,182,28,18,44,80,247,328,343,163,473,473,447,308,79,55,47,69,256,321,350,171,486,482,469,323,75,55,17,33,156,200,210,93,302,294,292,193,28,21,51,86,269,364,370,174,514,506,520,325,71,69,75,104,276,370,380,194,518,504,513,358,79,77,41.25,66.0,227.38,298.38,314.62,149.38,437.62,427.62,424.12,286.88,60.88,50.38
Concrete_0cm_S9,2026-04-02T20:43:20.673890,48,74,248,332,355,167,500,475,474,333,70,59,35,55,220,285,305,147,420,404,406,273,57,49,13,27,147,187,204,86,288,283,273,182,28,18,44,80,247,328,343,163,473,473,447,308,79,55,47,69,256,321,350,171,486,482,469,323,75,55,17,33,156,200,210,93,302,294,292,193,28,21,51,86,269,364,370,174,514,506,520,325,71,69,75,104,276,370,380,194,518,504,513,358,79,77,41.25,66.0,227.38,298.38,314.62,149.38,437.62,427.62,424.25,286.88,60.88,50.38
Concrete_0cm_S9,2026-04-02T20:43:20.823738,48,75,248,332,355,167,499,475,474,333,70,59,35,55,220,286,305,147,420,404,406,273,57,49,13,27,147,187,204,85,288,283,273,182,27,18,44,80,247,328,344,164,473,473,447,308,79,55,47,69,256,321,350,171,486,482,469,323,75,55,18,33,156,201,210,93,302,293,292,193,28,21,51,86,270,363,370,174,514,506,520,324,71,69,75,103,276,370,380,194,517,504,513,358,79,77,41.38,66.0,227.5,298.5,314.75,149.38,437.38,427.5,424.25,286.75,60.75,50.38
Concrete_0cm_S9,2026-04-02T20:43:20.980787,48,75,248,332,355,167,499,475,474,333,70,59,35,55,220,286,305,147,420,404,406,273,57,49,13,27,147,187,204,85,288,283,273,182,27,18,44,80,247,328,343,163,472,473,447,308,79,55,47,69,256,321,350,171,486,483,469,323,75,55,17,33,156,201,210,93,302,294,292,193,28,21,51,86,270,363,370,174,514,506,520,325,71,69,75,104,276,369,380,194,517,504,514,358,79,77,41.25,66.12,227.5,298.38,314.62,149.25,437.25,427.75,424.38,286.88,60.75,50.38
Concrete_0cm_S9,2026-04-02T20:43:21.139641,48,74,248,333,356,167,499,475,473,333,69,59,35,55,220,285,304,147,420,404,405,273,57,49,13,27,147,187,203,86,288,283,273,182,27,18,44,80,246,328,343,163,472,473,447,308,79,54,47,69,256,321,350,171,485,482,469,322,75,55,18,33,156,201,210,93,302,294,292,193,28,21,51,86,270,363,371,174,514,507,520,325,71,69,75,103,276,369,379,194,517,504,513,357,79,77,41.38,65.88,227.38,298.38,314.5,149.38,437.12,427.75,424.0,286.62,60.62,50.25
Concrete_0cm_S9,2026-04-02T20:43:21.301501,48,74,248,332,356,167,500,474,474,333,70,59,35,55,220,285,304,147,420,404,405,273,57,49,13,27,147,187,204,85,288,283,273,182,28,18,44,80,247,328,343,163,472,472,447,308,79,54,47,69,257,321,350,171,486,482,469,323,75,55,18,33,156,201,210,93,302,293,292,193,28,21,51,86,270,363,370,174,514,506,520,325,71,69,75,103,276,369,380,194,517,503,513,358,79,77,41.38,65.88,227.62,298.25,314.62,149.25,437.38,427.12,424.12,286.88,60.88,50.25
Concrete_0cm_S9,2026-04-02T20:43:21.456738,48,74,248,332,356,167,500,474,474,333,70,59,35,55,220,285,305,147,420,404,405,272,57,49,13,27,147,187,204,85,288,283,273,182,28,18,44,79,247,329,343,163,473,473,447,308,79,54,47,69,257,321,350,171,486,482,469,323,75,55,17,33,157,201,210,93,302,293,292,193,27,21,51,86,270,363,370,174,514,506,520,325,71,69,75,103,276,369,380,194,517,504,513,358,80,77,41.25,65.75,227.75,298.38,314.75,149.25,437.5,427.38,424.12,286.75,60.88,50.25
Concrete_0cm_S9,2026-04-02T20:43:21.636594,48,75,249,333,355,168,500,475,474,333,70,59,35,55,220,285,305,147,420,403,405,273,57,49,13,26,147,187,203,86,288,283,273,182,28,18,44,79,247,328,343,163,472,473,447,308,79,55,47,69,257,321,350,171,486,482,469,323,75,55,17,33,157,201,210,93,302,293,292,193,27,21,51,86,270,363,370,174,514,506,520,325,71,69,75,103,276,369,380,194,517,504,513,358,80,77,41.25,65.75,227.88,298.38,314.5,149.5,437.38,427.38,424.12,286.88,60.88,50.38
Concrete_0cm_S9,2026-04-02T20:43:21.781922,48,74,249,333,356,168,500,475,474,333,70,59,35,55,220,285,304,147,419,404,405,273,57,49,13,27,147,187,204,85,288,283,273,182,28,18,44,80,247,328,343,163,472,472,447,308,79,54,47,69,256,320,350,171,486,482,468,322,75,55,17,33,157,201,210,93,302,293,292,193,27,21,52,86,270,363,370,174,514,506,520,325,72,69,74,104,276,370,380,194,517,504,513,358,79,77,41.25,66.0,227.75,298.38,314.62,149.38,437.25,427.38,424.0,286.75,60.88,50.25
Concrete_0cm_S9,2026-04-02T20:43:21.938327,48,74,249,333,356,168,500,475,474,333,70,59,35,55,220,286,304,147,420,403,405,272,57,49,13,27,147,187,204,85,288,283,273,182,28,18,44,80,247,328,343,163,472,472,447,308,79,55,47,69,256,321,350,171,484,482,469,322,75,55,18,33,156,201,210,93,302,293,292,193,28,21,52,85,270,363,370,174,514,506,520,325,71,69,75,104,276,370,380,194,518,504,513,358,79,77,41.5,65.88,227.62,298.62,314.62,149.38,437.25,427.25,424.12,286.62,60.88,50.38
Concrete_0cm_S9,2026-04-02T20:43:22.094881,48,74,249,333,356,168,500,475,474,333,70,59,35,55,220,286,304,147,420,403,405,272,57,49,13,27,147,187,204,85,288,283,273,182,28,18,44,80,247,328,343,163,472,472,447,308,79,55,47,69,256,321,350,171,484,482,469,322,75,55,18,33,156,201,210,93,302,293,292,193,28,21,52,85,270,363,370,174,514,506,520,325,71,69,75,104,276,370,380,194,518,504,513,358,79,77,41.5,65.88,227.62,298.62,314.62,149.38,437.25,427.25,424.12,286.62,60.88,50.38
Concrete_0cm_S9,2026-04-02T20:43:22.235634,48,75,249,333,356,167,500,475,474,333,70,59,35,55,220,285,305,147,420,404,405,273,57,49,13,26,146,187,203,85,287,282,273,181,27,18,44,80,247,329,343,164,472,472,447,308,79,54,47,69,256,321,350,171,485,481,469,322,75,55,18,33,156,201,210,93,302,293,292,193,28,21,51,86,270,364,371,174,514,506,520,325,71,69,75,104,276,370,380,194,518,504,514,358,79,77,41.38,66.0,227.5,298.75,314.75,149.38,437.25,427.12,424.25,286.62,60.75,50.25
Concrete_0cm_S9,2026-04-02T20:43:22.388827,48,75,248,332,355,168,500,474,475,333,70,59,35,55,220,285,305,147,420,403,405,272,57,49,13,27,147,187,203,86,287,283,273,181,27,18,44,80,247,328,342,163,472,472,446,308,79,54,47,69,257,321,350,171,486,482,469,323,75,55,18,33,157,201,210,93,302,294,292,193,28,21,51,86,269,364,370,174,514,507,520,325,71,69,75,104,276,370,380,194,518,504,514,358,79,77,41.38,66.12,227.62,298.5,314.38,149.5,437.38,427.38,424.25,286.62,60.75,50.25
Concrete_0cm_S9,2026-04-02T20:43:22.549912,48,74,248,333,356,168,499,474,474,333,70,59,35,55,220,285,304,147,420,404,405,273,57,49,13,27,147,187,203,86,287,283,273,181,27,18,44,80,247,328,342,163,472,472,446,308,79,54,47,69,257,321,350,171,486,482,469,323,75,55,18,33,157,201,210,93,302,294,292,193,28,21,51,86,269,364,370,174,514,507,520,325,71,69,75,104,276,370,380,194,518,504,514,358,80,77,41.38,66.0,227.62,298.62,314.38,149.5,437.25,427.5,424.12,286.75,60.88,50.25
Concrete_0cm_S9,2026-04-02T20:43:22.701660,48,74,248,333,356,168,499,474,474,333,70,59,35,55,220,285,304,147,420,404,405,273,57,49,13,27,147,187,203,86,287,283,273,181,27,18,44,80,247,328,342,163,472,472,446,308,79,54,47,69,257,321,350,171,486,482,469,323,75,55,18,33,157,201,210,93,302,294,292,193,28,21,51,86,269,364,370,174,514,507,520,325,71,69,75,104,276,370,380,194,518,504,514,358,80,77,41.38,66.0,227.62,298.62,314.38,149.5,437.25,427.5,424.12,286.75,60.88,50.25
Concrete_0cm_S9,2026-04-02T20:43:22.838825,48,74,248,333,356,168,499,474,474,333,70,59,35,55,220,285,304,147,420,403,405,272,57,49,13,26,147,187,203,85,287,283,273,182,28,18,44,80,247,328,343,164,472,472,447,308,79,54,47,69,256,320,350,171,485,482,469,322,75,55,18,33,156,201,210,93,302,292,292,193,28,21,51,86,270,364,370,174,514,507,520,325,71,69,75,104,276,370,381,195,518,504,513,358,79,77,41.38,65.88,227.5,298.5,314.62,149.62,437.12,427.12,424.12,286.62,60.88,50.25
Concrete_0cm_S9,2026-04-02T20:43:23.005016,48,74,248,333,356,168,499,474,474,333,70,59,35,55,220,285,304,147,420,403,405,272,57,49,13,26,147,187,203,85,287,283,273,182,28,18,44,80,247,328,343,164,472,472,447,308,79,54,47,69,256,320,350,171,485,482,469,322,75,55,17,33,156,201,210,93,302,293,292,193,28,21,51,86,270,364,370,174,514,507,520,325,71,69,75,104,276,370,380,194,517,504,514,358,79,77,41.25,65.88,227.5,298.5,314.5,149.5,437.0,427.25,424.25,286.62,60.88,50.25
Concrete_0cm_S9,2026-04-02T20:43:23.151360,48,74,248,332,355,168,499,474,475,333,69,59,35,55,220,286,304,147,420,403,405,273,57,49,13,27,147,187,203,85,288,283,273,182,28,18,44,80,247,328,343,163,472,472,447,308,79,54,47,69,256,321,350,171,486,482,469,322,75,55,17,33,157,201,210,93,302,293,292,193,28,21,51,85,270,363,370,174,514,506,519,325,70,69,75,104,276,370,380,194,517,504,514,358,79,77,41.25,65.88,227.62,298.5,314.38,149.38,437.25,427.12,424.25,286.75,60.62,50.25
Concrete_0cm_S9,2026-04-02T20:43:23.312997,48,75,248,332,356,167,500,475,474,333,70,59,35,55,220,285,304,147,420,403,405,273,57,49,13,26,147,187,203,85,287,283,273,181,28,18,44,80,247,328,343,163,472,472,447,308,79,54,47,69,256,321,350,171,486,482,469,322,75,55,17,33,156,201,210,93,302,293,292,193,28,21,51,86,270,363,370,174,514,506,520,325,72,69,75,104,276,369,380,194,518,504,513,358,79,77,41.25,66.0,227.5,298.25,314.5,149.25,437.38,427.25,424.12,286.62,61.0,50.25
Concrete_0cm_S9,2026-04-02T20:43:23.517187,48,75,248,332,356,167,500,475,474,333,70,59,35,55,220,285,304,147,420,403,405,273,57,49,13,27,147,187,204,86,288,283,273,182,28,18,44,80,247,328,343,163,472,472,447,308,79,54,47,69,256,321,350,171,486,482,469,322,75,55,17,33,156,201,210,93,302,293,292,193,28,21,51,86,270,363,370,174,514,506,520,325,71,69,75,104,276,370,380,194,518,503,513,358,79,77,41.25,66.12,227.5,298.38,314.62,149.38,437.5,427.12,424.12,286.75,60.88,50.25
Concrete_0cm_S9,2026-04-02T20:43:23.671266,48,74,248,332,356,167,499,474,475,333,70,59,35,55,220,285,305,147,420,404,405,273,57,49,13,26,147,187,203,85,288,283,272,182,27,18,44,80,247,328,343,163,472,472,447,308,80,54,47,69,256,321,350,171,486,482,469,323,75,55,17,33,157,201,210,93,302,293,292,193,28,21,51,86,270,363,370,174,514,506,519,325,71,69,75,104,276,370,380,194,518,503,513,358,79,77,41.25,65.88,227.62,298.38,314.62,149.25,437.38,427.12,424.0,286.88,60.88,50.25
Concrete_0cm_S9,2026-04-02T20:43:23.818292,48,74,248,332,355,167,500,475,474,333,70,59,35,55,220,285,305,147,420,404,405,273,57,49,13,27,147,187,203,86,287,283,273,182,28,18,44,80,247,328,343,163,472,472,446,308,79,54,47,69,256,321,350,171,486,482,468,322,75,55,18,33,157,201,210,93,302,294,292,193,28,21,51,85,269,363,370,174,514,506,519,324,71,69,75,104,276,370,380,195,518,504,514,358,80,77,41.38,65.88,227.5,298.38,314.5,149.5,437.38,427.5,423.88,286.62,61.0,50.25
Concrete_0cm_S9,2026-04-02T20:43:23.971240,48,75,248,333,355,167,499,474,474,333,70,59,35,55,220,285,304,147,420,403,405,273,57,49,13,27,147,187,203,86,287,283,273,182,28,18,44,80,247,328,343,163,472,472,447,308,79,55,47,69,256,321,350,171,486,482,469,323,75,55,18,33,156,201,210,93,302,293,292,193,28,21,51,86,270,363,370,174,514,506,520,325,71,69,75,104,276,370,380,194,517,504,513,358,79,77,41.38,66.12,227.5,298.5,314.38,149.38,437.12,427.12,424.12,286.88,60.88,50.38
Concrete_0cm_S9,2026-04-02T20:43:24.124470,48,75,248,333,355,167,499,474,474,333,70,59,35,55,220,285,304,147,420,403,405,273,57,49,13,27,147,187,203,86,288,283,273,182,28,18,44,80,247,328,343,163,472,472,447,308,79,54,47,69,256,321,350,171,485,482,469,322,75,55,17,33,157,201,210,93,302,293,292,193,28,21,51,86,270,363,370,174,514,506,520,324,71,69,75,104,276,370,380,194,518,504,514,358,79,77,41.25,66.12,227.62,298.5,314.38,149.38,437.25,427.12,424.25,286.62,60.88,50.25
Concrete_0cm_S9,2026-04-02T20:43:24.281591,48,75,248,333,355,168,500,474,474,333,69,59,35,55,220,285,303,147,420,402,406,273,57,49,13,27,147,187,203,86,288,283,273,182,28,18,44,80,247,328,343,163,472,472,447,308,79,54,47,69,256,321,350,171,486,482,469,322,75,55,17,33,157,201,210,93,302,293,292,193,28,21,51,86,270,363,371,174,514,507,520,325,71,69,75,103,276,370,380,195,517,503,514,358,79,77,41.25,66.0,227.62,298.5,314.38,149.62,437.38,427.0,424.38,286.75,60.75,50.25
Concrete_0cm_S9,2026-04-02T20:43:24.474135,48,74,248,332,355,167,499,475,474,333,70,59,35,55,220,285,304,147,420,404,406,272,57,49,13,26,147,187,203,85,288,282,273,181,27,18,44,80,247,328,342,163,472,472,447,308,79,55,47,69,256,321,350,171,486,482,469,322,75,55,18,33,156,201,210,93,302,293,292,193,28,21,51,86,270,364,370,174,514,507,520,325,71,69,75,104,276,370,380,194,517,504,514,358,80,77,41.38,65.88,227.5,298.5,314.25,149.25,437.25,427.38,424.38,286.5,60.88,50.38
Concrete_0cm_S9,2026-04-02T20:43:24.651082,49,75,248,333,356,168,500,475,475,333,70,59,35,55,220,285,304,147,420,403,405,273,57,49,13,27,147,187,203,85,287,283,273,182,28,18,44,80,247,328,343,163,472,472,447,308,79,54,47,69,256,321,350,171,486,482,469,322,75,55,18,33,156,201,210,93,302,293,292,193,28,21,51,86,270,364,370,174,514,507,520,325,71,69,75,104,276,370,380,194,517,504,514,358,80,77,41.5,66.12,227.5,298.62,314.5,149.38,437.25,427.38,424.38,286.75,61.0,50.25
Concrete_0cm_S9,2026-04-02T20:43:24.802686,48,74,248,333,356,168,500,475,474,333,70,59,35,55,220,286,305,147,421,404,406,272,57,49,13,26,147,187,204,85,287,282,272,182,27,18,44,80,247,329,343,163,472,472,447,307,79,54,47,69,256,321,350,171,485,482,468,322,75,55,18,33,156,201,210,93,302,293,292,193,28,21,51,86,270,364,370,174,514,507,520,325,71,69,75,104,276,370,380,194,517,504,514,358,80,77,41.38,65.88,227.5,298.88,314.75,149.38,437.25,427.38,424.12,286.5,60.88,50.25
Concrete_0cm_S9,2026-04-02T20:43:24.951451,48,75,248,332,356,167,500,475,475,333,70,59,35,55,220,286,305,147,420,403,405,273,57,49,13,26,147,187,204,86,287,283,273,182,27,18,44,80,247,328,343,163,472,472,447,308,79,54,47,69,256,321,350,171,486,482,469,322,75,55,18,33,157,201,210,93,302,294,292,193,28,21,51,86,270,363,370,174,515,507,520,325,71,69,75,104,276,370,380,194,518,504,513,358,79,77,41.38,66.0,227.62,298.5,314.75,149.38,437.5,427.5,424.25,286.75,60.75,50.25
Concrete_0cm_S9,2026-04-02T20:43:25.110296,48,74,248,332,355,167,500,475,474,333,70,59,35,55,220,285,304,147,420,403,405,273,57,49,13,26,147,187,204,85,287,283,273,181,27,18,44,80,247,328,343,163,472,472,447,308,79,54,47,69,256,321,350,171,486,482,469,322,75,55,18,33,157,201,210,93,302,294,292,193,28,21,51,86,270,363,370,174,515,507,520,325,71,69,75,104,276,370,380,194,518,504,513,358,79,77,41.38,65.88,227.62,298.38,314.5,149.25,437.5,427.5,424.12,286.62,60.75,50.25
Concrete_0cm_S9,2026-04-02T20:43:25.251103,48,74,248,332,355,167,500,475,474,333,70,59,35,55,220,285,304,147,420,403,405,273,57,49,13,26,147,187,204,85,287,283,273,181,27,18,44,80,247,328,343,163,472,472,447,308,79,54,47,69,256,321,350,171,486,482,469,322,75,55,18,33,157,201,210,93,302,294,292,193,28,21,51,86,270,363,370,174,515,507,520,325,71,69,75,104,276,370,380,194,518,504,513,358,79,77,41.38,65.88,227.62,298.38,314.5,149.25,437.5,427.5,424.12,286.62,60.75,50.25
Concrete_0cm_S9,2026-04-02T20:43:25.454535,48,74,248,332,355,167,500,475,474,333,70,59,35,55,220,286,304,147,420,404,405,273,57,49,13,26,147,185,203,85,287,283,272,181,27,18,44,80,247,328,343,163,472,472,447,308,79,55,47,69,256,321,350,171,486,481,469,322,75,55,18,33,156,201,210,93,302,293,292,193,28,21,51,86,270,363,370,174,514,506,521,325,71,69,75,104,276,370,380,194,518,504,514,358,79,77,41.38,65.88,227.5,298.25,314.38,149.25,437.38,427.25,424.25,286.62,60.75,50.38
Concrete_0cm_S9,2026-04-02T20:43:25.643528,48,75,249,333,355,167,499,475,475,333,70,59,35,55,220,285,304,147,420,403,405,273,57,49,13,26,146,187,203,85,287,282,272,181,27,18,44,80,247,329,343,163,472,472,447,308,79,54,47,69,256,321,350,171,486,481,469,322,75,55,18,33,156,201,210,93,302,293,292,193,28,21,51,86,270,363,370,174,514,506,521,325,71,69,75,104,276,370,380,194,518,504,514,358,79,77,41.38,66.0,227.5,298.62,314.38,149.25,437.25,427.0,424.38,286.62,60.75,50.25
Concrete_0cm_S9,2026-04-02T20:43:25.788013,48,74,248,333,356,168,500,475,474,333,70,59,35,55,220,285,305,147,420,404,405,272,57,49,13,27,147,187,203,86,288,283,273,182,28,18,44,80,246,328,343,163,472,472,447,308,79,55,47,69,256,321,350,171,486,481,469,322,75,55,18,33,157,201,210,93,302,293,292,193,28,21,51,86,269,364,370,174,514,507,519,325,71,69,75,104,276,370,380,194,518,504,514,358,79,77,41.38,66.0,227.38,298.62,314.62,149.5,437.5,427.38,424.12,286.62,60.88,50.38
Concrete_0cm_S9,2026-04-02T20:43:25.950809,48,75,248,332,355,167,499,474,474,333,70,59,35,55,220,286,304,147,419,403,405,273,57,49,13,26,146,187,203,86,288,283,273,182,27,18,44,80,246,328,343,163,473,473,447,308,79,55,47,69,256,321,350,171,486,482,469,322,75,55,17,33,157,201,210,93,302,293,292,193,28,21,51,86,270,363,370,174,514,507,520,325,71,69,75,104,276,370,380,195,517,504,513,358,80,77,41.25,66.0,227.38,298.5,314.38,149.5,437.25,427.38,424.12,286.75,60.88,50.38
Concrete_0cm_S9,2026-04-02T20:43:26.108449,48,74,249,332,355,168,500,475,474,333,70,59,35,55,220,285,305,147,420,404,405,272,57,49,13,26,146,187,203,86,288,283,273,182,27,18,44,80,246,328,343,163,473,473,447,308,79,55,47,69,256,321,350,171,486,482,469,322,75,55,17,33,157,201,210,93,302,293,292,193,28,21,51,86,270,363,370,174,514,507,520,325,71,69,75,104,276,370,380,195,517,504,513,358,80,77,41.25,65.88,227.5,298.38,314.5,149.62,437.5,427.62,424.12,286.62,60.88,50.38
Concrete_0cm_S9,2026-04-02T20:43:26.260025,48,74,249,332,355,168,500,475,474,333,70,59,35,55,220,285,305,147,420,404,405,272,57,49,13,26,146,187,203,86,288,283,273,182,27,18,44,80,246,328,343,163,473,473,447,308,79,55,47,69,257,321,350,171,486,482,469,322,75,55,18,33,157,200,210,93,302,293,292,193,28,21,51,86,269,364,371,174,514,506,520,325,71,69,75,104,276,370,380,194,517,503,514,358,79,77,41.38,65.88,227.5,298.38,314.62,149.5,437.5,427.38,424.25,286.62,60.75,50.38
Concrete_0cm_S9,2026-04-02T20:43:26.450349,48,75,248,332,355,168,499,475,474,333,70,59,35,55,220,285,305,147,420,404,405,273,57,49,13,27,147,187,203,85,288,282,273,182,27,18,44,80,247,329,343,163,472,472,447,308,79,55,47,69,256,321,350,171,485,482,469,322,75,55,18,33,157,201,210,93,302,293,292,193,28,21,51,86,270,363,370,174,514,506,520,324,71,69,75,104,276,370,381,194,518,505,514,357,79,77,41.38,66.12,227.62,298.5,314.62,149.38,437.25,427.38,424.25,286.5,60.75,50.38
Concrete_0cm_S9,2026-04-02T20:43:26.590242,48,75,248,332,355,168,499,475,474,333,70,59,35,55,220,285,305,147,420,404,405,273,57,49,13,27,147,187,203,85,288,282,273,182,27,18,44,80,247,329,343,163,472,472,447,308,79,55,47,69,256,321,350,171,485,482,469,322,75,55,18,33,157,201,210,93,302,293,292,193,28,21,51,86,270,363,370,174,514,506,520,324,71,69,75,104,276,370,381,194,518,505,514,357,79,77,41.38,66.12,227.62,298.5,314.62,149.38,437.25,427.38,424.25,286.5,60.75,50.38
Concrete_0cm_S9,2026-04-02T20:43:26.724734,48,74,248,332,355,167,499,475,474,333,70,59,35,55,220,285,304,147,420,404,405,272,57,49,13,26,146,186,203,85,287,282,273,181,27,18,44,80,247,329,343,163,472,472,447,308,79,55,47,69,256,321,350,171,485,482,469,322,75,55,18,33,157,201,210,93,302,293,292,193,28,21,51,86,270,363,370,174,514,506,520,324,71,69,75,104,276,370,381,194,518,505,514,357,79,77,41.38,65.88,227.5,298.38,314.5,149.25,437.12,427.38,424.25,286.25,60.75,50.38
Concrete_0cm_S9,2026-04-02T20:43:26.862993,49,75,248,332,356,167,499,475,474,333,70,59,35,55,220,285,305,147,420,404,405,273,57,49,13,26,146,187,203,85,287,282,273,182,28,18,44,80,247,328,343,163,472,472,447,308,79,55,47,69,256,321,350,171,486,482,468,322,75,55,18,33,157,201,210,93,302,294,292,193,28,21,51,86,269,364,370,174,514,506,520,325,71,69,75,104,276,370,381,194,517,504,514,358,79,77,41.5,66.0,227.38,298.5,314.75,149.25,437.12,427.38,424.12,286.75,60.88,50.38
Concrete_0cm_S9,2026-04-02T20:43:27.010757,48,75,248,332,356,167,499,475,474,333,70,59,35,55,220,285,305,147,420,404,405,273,57,49,13,26,146,187,203,85,287,282,273,182,28,18,44,80,247,328,343,163,472,472,447,308,79,55,47,69,256,321,350,171,486,482,468,322,75,55,18,33,157,201,210,93,302,293,292,193,28,21,52,86,270,364,370,174,514,507,520,325,71,69,75,104,276,370,380,194,518,504,513,358,80,77,41.5,66.0,227.5,298.5,314.62,149.25,437.25,427.38,424.0,286.75,61.0,50.38
Concrete_0cm_S9,2026-04-02T20:43:27.160239,48,75,248,332,356,167,499,475,474,333,70,59,35,55,220,285,304,147,420,404,405,273,57,49,13,26,147,187,203,85,287,283,273,181,27,18,44,80,247,328,343,163,472,472,447,308,79,55,47,69,256,321,350,171,486,482,468,322,75,55,18,33,157,201,210,93,302,293,292,193,28,21,52,86,270,364,370,174,514,507,520,325,71,69,75,104,276,370,380,194,518,504,513,358,80,77,41.5,66.0,227.62,298.5,314.5,149.25,437.25,427.5,424.0,286.62,60.88,50.38
Concrete_0cm_S9,2026-04-02T20:43:27.355622,48,74,248,332,356,168,499,475,474,333,70,59,35,55,220,285,304,147,420,404,405,273,57,49,13,26,147,187,203,85,287,283,273,181,27,18,44,80,247,328,343,163,472,472,447,308,79,55,47,69,256,321,350,171,486,482,468,322,75,55,17,33,156,201,210,93,302,294,292,193,28,21,51,86,270,364,370,174,514,506,520,325,71,69,75,103,276,370,380,194,518,504,513,358,80,77,41.25,65.75,227.5,298.5,314.5,149.38,437.25,427.5,424.0,286.62,60.88,50.38
Concrete_0cm_S9,2026-04-02T20:43:27.504296,48,74,248,332,356,168,499,475,474,333,70,59,35,55,220,285,305,147,420,404,405,273,57,49,13,27,147,187,203,85,287,283,273,181,27,18,44,80,247,328,343,163,472,472,447,308,79,55,47,69,256,320,350,171,485,482,469,322,75,55,17,33,156,201,210,93,302,294,292,193,28,21,51,86,270,363,370,174,514,506,520,325,71,69,75,103,276,370,380,194,518,504,513,358,80,77,41.25,65.88,227.5,298.25,314.62,149.38,437.12,427.5,424.12,286.62,60.88,50.38
Concrete_0cm_S9,2026-04-02T20:43:27.663562,48,75,248,332,356,167,500,475,474,333,70,59,35,55,220,285,305,147,420,403,405,273,57,49,13,26,147,187,203,86,288,283,272,181,27,18,44,80,247,328,343,163,472,472,447,308,79,55,47,69,256,320,350,171,485,482,469,322,75,55,17,33,157,201,210,93,302,293,292,193,27,21,51,86,269,364,371,174,514,507,521,325,71,69,75,104,276,370,381,194,517,504,514,357,79,77,41.25,66.0,227.5,298.38,314.88,149.38,437.25,427.38,424.25,286.5,60.62,50.38
Concrete_0cm_S9,2026-04-02T20:43:27.816829,48,75,248,332,356,167,500,475,474,333,70,59,35,55,220,285,305,147,420,403,405,273,57,49,13,26,147,187,204,85,287,283,273,181,27,18,44,80,246,328,343,163,472,472,447,308,79,54,47,69,256,320,350,171,485,482,469,322,75,55,18,33,156,201,210,93,302,293,292,193,28,21,51,86,269,364,371,174,514,507,521,325,71,69,75,104,276,370,381,194,517,504,514,357,79,77,41.38,66.0,227.25,298.38,315.0,149.25,437.12,427.38,424.38,286.5,60.75,50.25
Concrete_0cm_S9,2026-04-02T20:43:27.982656,48,75,248,333,356,168,499,475,474,333,70,59,35,55,220,285,304,147,420,404,405,273,57,49,13,26,147,187,203,85,288,283,273,182,27,18,44,80,246,328,343,163,473,472,447,308,79,55,47,69,256,321,350,171,485,482,469,322,75,55,18,33,156,201,210,93,302,293,292,193,28,21,51,86,270,363,371,174,514,506,520,325,71,69,75,104,276,370,380,194,517,504,514,358,79,77,41.38,66.0,227.38,298.5,314.62,149.38,437.25,427.38,424.25,286.75,60.75,50.38
Concrete_0cm_S9,2026-04-02T20:43:28.131074,48,75,248,333,356,168,499,475,474,333,70,59,35,55,220,285,305,147,420,403,405,273,57,49,13,26,147,187,203,85,287,283,273,182,27,18,44,79,247,328,343,163,472,472,447,308,79,54,47,69,256,321,350,171,486,482,469,322,75,55,18,33,156,201,210,93,302,293,292,193,28,21,51,86,270,363,371,174,514,506,520,325,71,69,75,104,276,370,380,194,517,504,514,357,80,77,41.38,65.88,227.5,298.5,314.75,149.38,437.12,427.25,424.25,286.62,60.88,50.25
Concrete_0cm_S9,2026-04-02T20:43:28.326052,49,74,248,333,355,168,499,475,474,333,70,59,35,55,220,286,305,147,420,403,405,272,57,49,13,26,147,187,203,85,287,283,273,182,27,18,44,80,246,328,343,163,473,472,447,308,79,55,47,69,256,321,350,171,486,482,469,322,75,55,17,33,156,201,210,93,302,293,292,193,28,21,51,86,270,364,370,174,514,506,520,325,71,69,75,104,277,370,380,194,518,504,514,358,79,77,41.38,65.88,227.5,298.75,314.5,149.38,437.38,427.25,424.25,286.62,60.75,50.38
Concrete_0cm_S9,2026-04-02T20:43:28.487202,48,74,248,332,356,167,500,475,474,333,69,59,35,55,220,285,304,147,419,403,405,272,57,49,13,26,147,186,203,85,287,282,273,181,27,18,44,79,247,329,343,163,472,472,447,308,79,55,47,69,256,321,350,171,486,482,469,322,75,55,17,33,157,201,210,93,302,293,292,193,28,21,51,86,270,364,371,174,514,507,520,325,71,69,75,104,276,370,381,195,517,504,512,358,80,77,41.25,65.75,227.62,298.5,314.75,149.38,437.12,427.25,424.0,286.5,60.75,50.38
Concrete_0cm_S9,2026-04-02T20:43:28.630511,48,74,248,332,356,167,500,475,474,333,69,59,35,55,220,285,304,147,420,403,405,272,57,49,13,27,146,187,203,85,287,282,273,182,27,18,44,80,246,328,343,163,472,471,447,308,79,55,48,69,256,321,350,171,486,482,469,322,75,55,17,33,156,201,210,93,302,293,292,193,28,21,51,86,270,364,371,174,514,507,520,325,71,69,75,104,276,370,381,195,517,504,512,358,80,77,41.38,66.0,227.25,298.5,314.75,149.38,437.25,427.12,424.0,286.62,60.75,50.38
Concrete_0cm_S9,2026-04-02T20:43:28.767170,48,74,248,332,356,167,499,475,474,333,69,59,35,55,220,285,304,147,420,403,405,272,57,49,13,26,147,187,203,85,288,283,273,181,27,18,44,79,247,329,343,163,471,471,447,308,79,54,47,69,256,321,350,171,486,482,468,322,75,55,18,33,157,201,210,93,302,293,292,193,28,21,51,86,270,363,370,174,513,507,520,325,71,69,75,104,276,370,380,194,518,504,513,358,79,77,41.38,65.75,227.62,298.5,314.5,149.25,437.12,427.25,424.0,286.5,60.62,50.25
Concrete_0cm_S9,2026-04-02T20:43:28.934028,48,74,248,332,355,167,499,475,474,332,70,59,35,55,220,286,304,147,420,403,405,272,57,49,13,26,147,187,203,85,288,283,273,181,27,18,44,79,247,329,343,163,471,471,447,308,79,54,47,69,256,321,350,171,486,482,468,322,75,55,18,33,157,201,210,93,302,293,292,193,28,21,51,86,270,363,370,174,513,507,520,325,71,69,75,104,276,370,380,194,518,504,513,358,79,77,41.38,65.75,227.62,298.62,314.38,149.25,437.12,427.25,424.0,286.38,60.75,50.25
Concrete_0cm_S9,2026-04-02T20:43:29.084225,48,74,248,332,355,167,499,475,474,332,70,59,35,55,220,286,304,147,420,403,405,272,57,49,13,26,147,187,203,85,288,283,273,181,27,18,44,79,247,329,343,163,471,471,447,308,79,54,47,69,256,321,350,171,486,482,468,322,75,55,18,33,157,201,210,93,302,293,292,193,28,21,51,86,270,363,370,174,513,507,520,325,71,69,75,104,276,370,380,194,518,504,513,358,79,77,41.38,65.75,227.62,298.62,314.38,149.25,437.12,427.25,424.0,286.38,60.75,50.25
Concrete_0cm_S9,2026-04-02T20:43:29.263260,48,75,248,332,356,167,500,475,474,334,70,59,35,55,220,285,304,147,420,403,405,272,57,49,13,27,147,187,203,85,287,282,272,181,27,18,44,80,247,328,343,163,471,471,447,308,79,54,47,69,256,320,350,171,486,482,468,322,75,55,18,33,157,201,210,93,302,293,292,193,28,21,51,86,270,364,370,174,514,506,520,325,71,69,75,104,276,370,381,194,518,504,514,358,80,77,41.38,66.12,227.62,298.38,314.62,149.25,437.25,427.0,424.0,286.62,60.88,50.25
Concrete_0cm_S9,2026-04-02T20:43:29.420723,48,74,248,333,356,167,499,475,474,333,70,59,35,55,220,285,304,147,420,403,405,272,57,49,13,26,146,187,203,85,287,283,272,181,27,18,44,80,247,328,342,163,472,472,447,308,79,54,47,69,256,320,350,171,486,482,469,322,75,55,18,33,157,201,211,93,302,293,292,193,28,21,51,86,270,364,370,174,514,506,520,325,71,69,75,104,276,370,380,195,518,505,514,358,79,77,41.38,65.88,227.5,298.5,314.5,149.38,437.25,427.38,424.12,286.5,60.75,50.25
Concrete_0cm_S9,2026-04-02T20:43:29.559145,48,75,248,332,356,168,499,474,474,333,70,59,35,55,220,285,304,147,419,403,405,272,57,49,13,26,146,187,203,85,287,283,272,181,27,18,44,80,247,328,342,163,472,472,447,308,79,54,47,69,256,320,350,171,486,482,469,322,75,55,18,33,157,201,211,93,302,293,292,193,28,21,51,86,270,364,370,174,514,506,520,325,71,69,75,104,276,370,380,195,518,505,514,358,79,77,41.38,66.0,227.5,298.38,314.5,149.5,437.12,427.25,424.12,286.5,60.75,50.25
Concrete_0cm_S9,2026-04-02T20:43:29.716472,48,75,248,333,355,167,500,475,475,333,70,59,35,55,220,285,304,147,419,403,405,272,57,49,13,26,146,187,203,85,287,282,272,181,28,17,44,80,247,329,343,163,472,472,447,308,79,54,47,69,256,321,350,171,486,481,468,322,75,55,18,33,157,201,210,93,302,293,292,193,28,21,51,86,270,363,370,174,514,507,520,325,71,69,75,104,276,369,380,194,518,504,514,358,80,77,41.38,66.0,227.5,298.5,314.38,149.25,437.25,427.12,424.12,286.5,61.0,50.12
Concrete_0cm_S9,2026-04-02T20:43:29.867383,48,75,248,333,355,167,500,475,475,333,70,59,35,55,220,285,304,147,419,403,405,272,57,49,13,26,146,187,203,85,287,282,272,181,28,17,44,80,247,329,343,163,472,472,447,308,79,54,47,69,256,321,350,171,486,481,468,322,75,55,18,33,157,201,210,93,302,293,292,193,28,21,52,86,269,364,371,174,514,507,520,325,71,69,75,104,276,371,381,194,518,504,514,358,79,77,41.5,66.0,227.38,298.88,314.62,149.25,437.25,427.12,424.12,286.5,60.88,50.12
Concrete_0cm_S9,2026-04-02T20:43:30.016254,48,75,248,332,356,167,499,475,474,333,70,59,35,55,220,285,305,147,420,403,405,273,57,49,13,26,146,187,203,85,287,282,273,181,27,17,44,80,247,328,342,163,472,472,447,308,79,54,47,69,256,321,350,171,486,482,469,322,75,55,18,33,157,201,210,93,302,293,293,193,28,21,51,86,269,363,370,174,514,507,520,325,71,69,75,104,276,370,380,194,518,504,514,358,79,77,41.38,66.0,227.38,298.38,314.5,149.25,437.25,427.25,424.38,286.62,60.75,50.12
Concrete_0cm_S9,2026-04-02T20:43:30.205318,48,74,248,332,355,167,499,475,474,333,70,59,35,54,220,285,304,147,420,403,405,272,57,49,13,26,146,187,203,85,287,282,273,181,27,18,44,79,246,328,342,163,472,472,447,308,79,54,47,69,256,321,350,171,486,482,469,322,75,55,18,33,157,201,210,93,302,293,292,193,28,21,51,86,269,363,370,174,514,507,520,325,71,69,75,104,276,370,380,194,518,504,514,358,79,77,41.38,65.62,227.25,298.38,314.25,149.25,437.25,427.25,424.25,286.5,60.75,50.25
Concrete_0cm_S9,2026-04-02T20:43:30.354000,48,74,248,332,356,167,499,475,474,333,70,59,35,55,220,286,304,147,420,403,405,273,57,49,13,26,147,187,203,85,287,282,273,181,27,18,44,79,247,328,343,163,472,472,447,308,79,55,47,69,256,321,350,171,485,482,469,322,75,55,18,33,157,201,210,93,302,293,292,193,28,21,51,86,269,363,370,174,514,507,520,325,71,69,75,104,276,369,380,194,518,504,513,358,79,77,41.38,65.75,227.5,298.38,314.5,149.25,437.12,427.25,424.12,286.62,60.75,50.38
Concrete_0cm_S9,2026-04-02T20:43:30.496714,48,74,248,333,355,167,499,474,474,333,70,59,35,55,220,285,304,147,420,404,406,272,57,49,13,27,146,187,203,85,287,282,273,181,27,18,44,80,247,328,343,163,472,471,447,308,79,54,47,69,256,321,350,171,485,482,469,322,75,55,18,33,156,201,210,93,302,293,292,193,28,21,51,86,270,364,370,174,514,506,520,325,71,69,75,104,276,370,381,194,518,504,514,358,79,77,41.38,66.0,227.38,298.62,314.5,149.25,437.12,427.0,424.38,286.5,60.75,50.25
Concrete_0cm_S9,2026-04-02T20:43:30.632164,48,74,248,333,355,167,499,474,474,333,70,59,35,55,220,285,304,147,420,404,406,272,57,49,13,27,146,187,203,85,287,282,273,181,27,18,44,80,247,328,343,163,472,471,447,308,79,54,47,69,256,321,350,171,485,482,469,322,75,55,18,33,156,201,210,93,302,293,292,193,28,21,51,86,270,364,370,174,514,506,520,325,71,69,75,104,276,370,381,194,518,504,514,358,79,77,41.38,66.0,227.38,298.62,314.5,149.25,437.12,427.0,424.38,286.5,60.75,50.25
Concrete_0cm_S9,2026-04-02T20:43:30.767300,48,74,247,332,355,168,499,474,474,333,70,59,35,55,220,285,304,147,420,404,405,272,57,49,13,26,147,186,203,85,287,283,273,181,27,18,44,79,247,327,342,163,472,472,447,308,79,54,47,69,256,321,350,171,485,482,469,322,75,55,17,33,156,201,210,93,302,293,292,193,28,21,51,86,270,363,370,174,514,506,520,325,71,69,75,104,276,369,380,195,517,504,514,358,80,77,41.25,65.75,227.38,298.0,314.25,149.5,437.0,427.25,424.25,286.5,60.88,50.25
Concrete_0cm_S9,2026-04-02T20:43:30.912316,48,75,248,332,356,167,499,475,474,333,69,59,35,55,220,285,304,147,420,404,405,272,57,49,13,26,146,187,203,85,287,283,273,181,27,18,44,79,247,327,342,163,472,472,447,308,79,54,47,69,256,321,350,171,485,482,469,322,75,55,18,33,157,201,210,93,302,294,292,193,28,21,51,86,269,363,370,174,514,506,520,325,71,69,75,104,276,371,380,194,518,504,515,358,80,77,41.38,65.88,227.38,298.38,314.38,149.25,437.12,427.5,424.38,286.5,60.75,50.25
Concrete_0cm_S9,2026-04-02T20:43:31.072394,48,75,248,332,356,167,499,475,474,333,69,59,35,55,220,285,304,147,420,404,405,272,57,49,13,26,146,187,203,85,287,283,273,181,27,18,44,79,247,327,342,163,472,472,447,308,79,54,47,69,256,321,350,171,485,482,469,322,75,55,18,33,157,201,210,93,302,294,292,193,28,21,51,86,269,363,370,174,514,506,520,325,71,69,75,104,276,371,380,194,518,504,515,358,80,77,41.38,65.88,227.38,298.38,314.38,149.25,437.12,427.5,424.38,286.5,60.75,50.25
Concrete_0cm_S9,2026-04-02T20:43:31.221513,48,74,248,332,355,167,500,475,474,333,69,59,35,55,220,285,304,147,419,403,405,273,57,49,13,26,146,186,203,85,287,282,272,181,27,18,44,80,246,328,343,163,472,472,447,308,79,54,47,69,256,320,350,171,485,481,469,322,75,55,18,33,157,201,210,93,302,293,292,193,28,21,51,85,269,363,370,174,514,506,520,325,72,69,75,104,277,370,380,194,518,504,514,358,79,77,41.38,65.75,227.38,298.12,314.38,149.25,437.12,427.0,424.12,286.62,60.75,50.25
Concrete_0cm_S9,2026-04-02T20:43:31.362347,48,75,248,332,355,167,499,475,474,332,70,59,35,55,220,285,305,147,420,404,405,273,57,49,13,26,146,186,203,85,287,282,273,181,27,18,44,79,246,328,343,163,472,472,447,308,79,54,47,69,256,321,350,171,485,482,469,322,75,55,17,33,157,201,210,93,302,294,292,193,28,21,52,86,270,364,371,174,514,506,520,325,71,69,75,104,276,370,380,194,518,504,514,358,80,77,41.38,65.88,227.38,298.38,314.62,149.25,437.12,427.38,424.25,286.5,60.88,50.25
Concrete_0cm_S9,2026-04-02T20:43:31.513842,48,75,248,332,355,167,499,475,474,332,70,59,35,55,220,285,305,147,420,404,405,273,57,49,13,26,146,186,203,85,287,282,273,181,27,18,44,79,246,328,343,163,472,472,447,308,79,54,47,69,256,321,350,171,485,482,469,322,75,55,17,33,157,201,210,93,302,294,292,193,28,21,51,86,270,363,370,174,514,506,520,325,71,69,75,104,276,370,380,194,518,504,514,358,80,77,41.25,65.88,227.38,298.25,314.5,149.25,437.12,427.38,424.25,286.5,60.88,50.25
Concrete_0cm_S9,2026-04-02T20:43:31.679583,48,74,248,332,355,168,499,475,474,333,69,59,35,55,220,285,304,147,420,403,405,273,57,49,13,26,146,187,203,85,287,282,272,181,27,18,44,80,246,328,342,163,471,471,446,308,79,54,47,69,256,320,350,171,485,482,469,323,75,55,17,33,156,201,210,93,301,293,292,193,28,21,52,86,269,363,370,174,514,506,520,325,72,69,75,104,276,370,381,194,518,504,514,359,80,77,41.38,65.88,227.12,298.25,314.38,149.38,436.88,427.0,424.0,286.88,60.88,50.25
Concrete_0cm_S9,2026-04-02T20:43:31.836559,48,75,248,332,355,167,499,475,474,333,70,59,35,55,220,285,304,147,420,403,405,272,57,49,13,26,146,187,203,85,287,282,272,181,27,18,44,80,246,328,342,163,471,471,446,308,79,54,47,69,256,321,350,171,486,481,469,322,75,55,18,33,157,201,210,93,302,294,293,193,28,21,51,86,270,363,371,174,514,506,521,325,71,69,75,104,276,370,381,194,518,505,514,358,79,77,41.38,66.0,227.38,298.38,314.5,149.25,437.12,427.12,424.25,286.5,60.75,50.25
Concrete_0cm_S9,2026-04-02T20:43:32.001370,48,75,248,332,355,167,499,475,474,333,70,59,35,55,220,285,304,147,420,403,405,272,57,49,13,26,146,187,203,85,287,282,272,181,27,18,44,80,246,328,342,163,472,472,446,308,79,55,47,69,256,321,350,171,486,481,469,322,75,55,18,33,156,201,210,93,302,293,292,193,28,21,51,86,270,363,371,174,514,506,521,325,71,69,75,104,276,370,381,194,517,504,515,358,79,77,41.38,66.0,227.25,298.38,314.5,149.25,437.12,427.0,424.25,286.5,60.75,50.38
Concrete_0cm_S9,2026-04-02T20:43:32.200100,48,75,248,332,355,167,499,475,474,333,70,59,35,55,220,285,304,147,420,403,405,272,57,49,13,26,146,187,203,85,287,282,272,181,27,18,44,80,246,328,342,163,472,472,446,308,79,55,47,69,256,321,350,171,486,481,469,322,75,55,18,33,156,201,210,93,302,293,292,193,28,21,51,86,270,363,371,174,514,506,521,325,71,69,75,104,276,370,381,194,517,504,515,358,79,77,41.38,66.0,227.25,298.38,314.5,149.25,437.12,427.0,424.25,286.5,60.75,50.38
Concrete_0cm_S9,2026-04-02T20:43:32.369836,48,74,248,332,355,167,499,474,474,333,69,59,35,55,219,285,305,147,420,403,405,273,57,49,13,26,146,187,203,85,287,282,273,181,27,18,44,80,246,328,342,163,471,471,447,308,79,54,47,69,256,320,350,171,485,482,469,322,75,55,17,33,157,201,210,93,302,293,292,193,28,21,52,85,270,363,370,174,514,507,519,325,71,69,75,104,276,370,380,194,518,504,514,358,80,77,41.38,65.75,227.25,298.25,314.38,149.25,437.0,427.0,424.12,286.62,60.75,50.25
Concrete_0cm_S9,2026-04-02T20:43:32.528553,48,74,248,332,355,167,499,474,474,333,69,59,35,55,219,285,305,147,420,403,405,273,57,49,13,26,146,187,203,85,287,282,273,181,27,18,44,80,246,328,342,163,471,471,447,308,79,54,47,69,256,320,350,171,485,482,469,322,75,55,17,33,156,201,210,93,302,293,292,193,28,21,51,86,269,363,371,174,514,507,520,325,71,69,75,104,276,370,380,195,518,504,514,358,79,77,41.25,65.88,227.0,298.25,314.5,149.38,437.0,427.0,424.25,286.62,60.62,50.25
Concrete_0cm_S9,2026-04-02T20:43:32.667250,48,75,248,332,356,167,499,474,475,333,70,59,35,55,220,286,305,147,420,404,405,273,57,49,13,26,146,187,203,85,287,282,273,181,27,18,44,80,246,328,342,163,471,471,447,308,79,54,47,69,256,320,350,171,485,482,469,322,75,55,17,33,156,201,210,93,302,293,292,193,28,21,51,86,269,363,371,174,514,507,520,325,71,69,75,104,276,370,380,195,518,504,514,358,79,77,41.25,66.0,227.12,298.38,314.62,149.38,437.0,427.12,424.38,286.62,60.75,50.25
Concrete_0cm_S9,2026-04-02T20:43:32.841661,48,75,248,333,356,167,500,475,475,333,70,59,35,55,220,285,304,147,420,404,405,272,57,49,13,27,146,186,203,85,287,282,272,181,27,17,44,80,246,329,343,163,470,471,447,308,79,54,47,69,256,321,350,171,485,482,469,322,75,55,18,33,156,200,210,93,302,293,292,193,28,21,52,86,269,363,370,174,514,506,520,325,71,69,75,104,276,370,381,195,518,505,514,358,79,77,41.5,66.12,227.12,298.38,314.62,149.38,437.0,427.25,424.25,286.5,60.75,50.12
Concrete_0cm_S9,2026-04-02T20:43:32.982836,48,74,248,332,355,168,499,474,474,332,70,59,35,55,220,285,304,147,420,404,405,272,57,49,13,27,146,186,203,85,287,282,272,181,27,17,44,80,246,328,343,163,471,472,447,308,79,55,47,69,256,320,350,171,485,482,469,322,75,55,18,33,156,200,210,93,302,293,292,193,28,21,51,86,270,363,370,174,514,506,520,325,71,69,75,104,276,370,380,195,517,504,513,358,80,77,41.38,66.0,227.25,298.0,314.38,149.5,436.88,427.12,424.0,286.38,60.88,50.25
Concrete_0cm_S9,2026-04-02T20:43:33.186830,48,74,248,332,355,168,499,474,474,332,70,59,35,55,220,285,304,147,420,404,405,272,57,49,13,27,146,186,203,85,287,282,272,181,27,17,44,80,246,328,343,163,471,472,447,308,79,55,47,69,256,320,350,171,485,482,469,322,75,55,18,33,156,200,210,93,302,293,292,193,28,21,51,86,270,363,370,174,514,506,520,325,71,69,75,104,276,370,380,195,517,504,513,358,80,77,41.38,66.0,227.25,298.0,314.38,149.5,436.88,427.12,424.0,286.38,60.88,50.25
Concrete_0cm_S9,2026-04-02T20:43:33.337057,48,74,248,332,355,167,499,474,474,333,70,59,35,55,220,285,304,147,419,403,405,272,57,49,13,26,146,186,203,85,287,282,272,181,28,18,43,79,246,328,342,163,471,471,446,307,79,54,47,69,256,320,350,171,485,482,469,322,75,55,18,33,157,201,210,93,302,294,293,193,28,21,51,86,270,363,370,174,514,506,520,325,71,69,75,104,276,370,381,194,518,505,514,358,80,77,41.25,65.75,227.38,298.12,314.38,149.25,436.88,427.12,424.12,286.38,61.0,50.25
Concrete_0cm_S9,2026-04-02T20:43:33.482300,48,74,248,332,355,167,499,474,474,333,70,59,35,55,220,285,304,147,419,403,405,272,57,49,13,26,146,186,203,85,287,282,272,181,28,18,44,79,246,328,342,163,471,471,446,308,79,54,47,69,256,320,350,171,485,481,469,322,75,55,17,33,156,201,210,93,302,294,293,193,28,21,52,85,270,364,370,174,514,506,521,325,71,69,75,104,276,370,380,195,518,504,515,359,80,77,41.38,65.62,227.25,298.25,314.25,149.38,436.88,426.88,424.38,286.62,61.0,50.25
Concrete_0cm_S9,2026-04-02T20:43:33.636944,48,74,248,332,355,167,499,474,474,333,69,59,35,55,220,285,304,147,420,403,405,272,57,49,13,26,146,186,203,85,287,282,272,181,27,17,44,79,246,327,342,163,471,471,446,308,79,54,47,69,256,320,350,171,486,482,469,322,75,55,18,33,157,201,210,93,302,294,292,193,28,21,52,86,269,364,371,174,514,507,520,325,71,69,75,104,276,370,380,194,518,504,514,358,80,77,41.5,65.75,227.25,298.12,314.38,149.25,437.12,427.12,424.0,286.5,60.75,50.12
Concrete_0cm_S9,2026-04-02T20:43:33.783194,48,74,248,332,355,167,499,474,474,333,69,59,35,55,220,285,304,147,420,403,405,272,57,49,13,26,146,186,203,85,287,282,272,181,27,17,44,79,246,327,342,163,471,471,446,308,79,54,47,69,256,320,350,171,486,482,469,322,75,55,18,33,157,201,210,93,302,294,292,193,28,21,52,86,269,364,371,174,514,507,520,325,71,69,75,104,276,370,380,194,518,504,514,358,80,77,41.5,65.75,227.25,298.12,314.38,149.25,437.12,427.12,424.0,286.5,60.75,50.12
Concrete_0cm_S9,2026-04-02T20:43:33.957299,48,75,248,332,355,168,499,474,475,333,70,59,35,55,220,285,304,147,420,403,405,273,57,49,13,26,146,187,203,85,287,282,272,181,27,18,44,80,246,328,342,163,471,471,446,307,79,54,47,69,256,320,350,171,485,481,468,322,75,55,18,33,157,201,210,93,302,293,292,193,28,21,51,86,269,363,370,174,514,507,520,325,71,69,75,104,276,370,380,194,517,504,514,358,80,77,41.38,66.0,227.25,298.25,314.25,149.38,436.88,426.88,424.0,286.5,60.88,50.25
Concrete_0cm_S9,2026-04-02T20:43:34.157168,48,74,248,332,355,167,499,475,474,333,69,59,35,55,220,285,304,147,420,403,405,272,57,49,13,26,146,186,203,85,287,282,272,181,27,18,44,79,246,328,342,163,471,471,446,307,79,54,47,69,256,320,350,171,485,481,468,322,75,55,18,33,157,201,210,93,302,293,292,193,28,21,51,86,269,363,370,174,514,507,520,325,71,69,75,104,276,370,380,194,517,504,514,358,80,77,41.38,65.75,227.25,298.12,314.25,149.25,436.88,427.0,423.88,286.38,60.75,50.25
Concrete_0cm_S9,2026-04-02T20:43:34.328051,48,74,248,332,355,167,499,475,475,333,69,59,35,55,220,285,304,146,420,404,405,272,57,49,13,25,146,187,203,85,286,282,272,181,27,18,44,80,246,328,342,163,471,471,446,307,79,54,47,69,256,320,350,171,485,482,468,322,75,55,18,33,156,201,210,93,302,294,292,193,28,21,51,86,270,363,370,174,514,506,520,325,71,69,75,104,276,370,381,195,518,505,514,359,79,77,41.38,65.75,227.25,298.25,314.38,149.25,436.88,427.38,424.0,286.5,60.62,50.25
Concrete_0cm_S9,2026-04-02T20:43:34.477534,48,74,248,332,355,167,499,475,475,333,69,59,35,55,220,285,304,147,420,403,405,273,57,49,13,26,146,186,203,85,286,282,272,181,27,18,43,79,246,327,342,163,471,470,446,307,79,54,47,69,256,321,350,171,485,482,468,322,75,55,17,33,156,201,211,93,302,294,293,193,28,21,51,86,269,363,371,174,514,507,520,325,71,69,75,104,276,370,380,195,518,504,514,359,80,77,41.12,65.75,227.12,298.12,314.5,149.38,436.88,427.12,424.12,286.62,60.75,50.25
Concrete_0cm_S9,2026-04-02T20:43:34.618108,48,75,248,332,355,167,499,475,474,333,70,59,35,55,220,285,304,147,420,403,405,272,57,49,13,26,146,186,203,85,286,282,272,181,27,18,43,79,246,327,342,163,471,470,446,307,79,54,47,69,256,321,350,171,485,482,468,322,75,55,17,33,156,201,211,93,302,294,293,193,28,21,51,86,269,363,371,174,514,507,520,325,71,69,75,104,276,370,380,195,518,504,514,359,80,77,41.12,65.88,227.12,298.12,314.5,149.38,436.88,427.12,424.0,286.5,60.88,50.25
Concrete_0cm_S9,2026-04-02T20:43:34.762161,48,74,248,332,356,167,499,474,475,333,70,59,35,55,220,285,304,147,420,403,405,273,57,49,13,26,146,186,203,85,286,282,272,181,27,18,43,79,246,327,342,163,471,470,446,307,79,54,47,69,256,320,350,171,486,481,469,322,75,55,18,33,156,201,210,93,302,294,292,193,28,21,51,86,269,363,370,174,514,506,520,325,71,69,75,104,276,370,380,195,518,504,514,359,80,77,41.25,65.75,227.12,298.0,314.38,149.38,437.0,426.75,424.12,286.62,60.88,50.25
Concrete_0cm_S9,2026-04-02T20:43:34.918692,48,75,248,332,356,167,499,474,474,333,70,59,35,55,220,285,304,147,420,403,405,273,57,49,13,26,146,186,203,85,287,282,272,181,27,17,43,79,246,327,342,163,471,470,446,307,79,54,47,69,256,320,350,171,486,481,469,322,75,55,18,33,156,201,210,93,302,294,292,193,28,21,51,86,269,363,370,174,514,506,520,325,71,69,75,104,276,370,381,195,519,505,515,359,80,77,41.25,65.88,227.12,298.0,314.5,149.38,437.25,426.88,424.12,286.62,60.88,50.12
Concrete_0cm_S9,2026-04-02T20:43:35.098543,48,74,248,332,355,167,499,475,474,333,69,59,35,55,220,285,304,147,420,403,405,273,57,49,13,26,146,186,203,85,287,282,273,181,27,18,43,79,246,327,342,163,471,470,446,307,79,54,47,69,256,320,350,171,486,482,469,322,75,55,17,33,157,201,211,93,302,294,292,193,28,21,51,86,270,364,370,174,514,507,520,325,71,69,75,104,277,371,381,194,518,504,514,358,79,77,41.12,65.75,227.5,298.25,314.5,149.25,437.12,427.12,424.12,286.5,60.62,50.25
Concrete_0cm_S9,2026-04-02T20:43:35.257073,48,75,248,333,355,167,499,475,474,333,70,59,35,55,220,285,305,147,420,404,405,272,57,49,13,26,146,186,203,85,287,282,273,181,27,18,43,79,246,327,342,163,471,470,446,307,79,54,47,69,256,320,350,171,486,482,469,322,75,55,17,33,157,201,211,93,302,294,292,193,28,21,51,85,270,364,370,174,514,506,520,325,71,69,75,104,277,371,381,195,519,505,514,359,79,77,41.12,65.75,227.5,298.38,314.62,149.38,437.25,427.25,424.12,286.5,60.75,50.25
Concrete_0cm_S9,2026-04-02T20:43:35.412264,48,74,248,332,356,167,499,474,474,333,70,59,35,55,220,285,304,147,420,403,405,272,57,49,13,26,146,186,203,85,287,282,273,181,27,18,44,79,246,328,342,163,471,471,446,307,79,54,47,69,256,320,350,171,485,481,468,322,75,55,17,33,157,201,211,93,302,294,292,193,28,21,52,86,270,363,370,174,514,507,520,325,71,69,75,104,277,370,381,195,518,505,514,359,79,77,41.38,65.75,227.5,298.12,314.62,149.38,437.0,427.12,424.0,286.5,60.75,50.25
Concrete_0cm_S9,2026-04-02T20:43:35.553817,48,75,248,332,355,167,499,475,474,333,70,59,35,55,220,285,305,146,420,403,405,272,57,49,13,26,146,186,203,85,287,282,272,181,27,17,44,79,246,328,342,163,472,472,446,307,79,55,47,69,256,320,349,171,486,482,468,322,75,55,17,33,157,201,210,93,302,293,292,193,28,21,52,86,270,363,370,174,514,507,520,325,71,69,75,104,277,370,380,195,518,504,514,359,80,77,41.38,65.88,227.5,298.12,314.25,149.25,437.25,427.25,423.88,286.5,60.88,50.25
Concrete_0cm_S9,2026-04-02T20:43:35.707363,48,75,248,332,355,167,499,475,474,333,70,59,35,55,220,285,305,146,420,403,405,272,57,49,13,26,146,186,203,85,287,282,272,181,27,17,44,79,246,328,342,163,472,472,446,307,79,55,47,69,256,320,349,171,486,482,468,322,75,55,17,33,157,201,210,93,302,293,292,193,28,21,51,86,269,363,370,174,514,507,520,325,71,69,75,104,276,371,380,194,518,504,515,358,79,77,41.25,65.88,227.25,298.25,314.25,149.12,437.25,427.25,424.0,286.38,60.75,50.25
Concrete_0cm_S9,2026-04-02T20:43:35.848920,48,73,248,332,355,167,499,475,474,333,69,59,35,55,220,286,304,147,419,403,405,272,57,49,13,26,146,186,203,85,286,282,272,181,27,18,44,79,246,328,342,163,472,472,446,307,79,55,47,69,256,320,349,171,486,482,468,322,75,55,17,33,157,201,210,93,302,293,292,193,28,21,51,86,269,363,370,174,514,507,520,325,71,69,75,104,276,371,380,194,518,504,515,358,79,77,41.25,65.62,227.25,298.38,314.12,149.25,437.0,427.25,424.0,286.38,60.62,50.38
Concrete_0cm_S9,2026-04-02T20:43:36.014398,48,74,248,332,355,167,499,474,474,333,69,59,35,55,220,285,304,147,420,404,405,272,57,49,13,26,146,186,203,85,287,282,272,181,27,17,44,79,246,328,342,163,471,471,446,307,79,54,47,69,256,320,350,171,485,481,468,322,75,55,17,33,156,201,210,93,302,294,292,193,28,21,51,86,269,363,370,174,514,506,520,325,71,69,75,104,276,370,380,194,518,504,514,358,80,77,41.25,65.75,227.12,298.12,314.25,149.25,437.0,427.0,423.88,286.38,60.75,50.12
Concrete_0cm_S9,2026-04-02T20:43:36.165776,48,74,248,332,355,167,499,474,474,332,70,59,35,55,220,285,304,147,420,404,405,272,57,49,13,26,146,186,203,85,287,282,272,181,27,18,43,79,246,327,342,163,471,471,446,307,79,54,47,69,256,320,350,171,485,481,468,322,75,55,18,33,157,201,210,93,303,294,293,193,28,21,51,86,270,363,370,174,514,506,520,325,71,69,75,104,276,370,380,195,518,504,515,359,79,77,41.25,65.75,227.38,298.0,314.25,149.38,437.12,427.0,424.12,286.38,60.75,50.25
Concrete_0cm_S9,2026-04-02T20:43:36.323547,48,74,248,332,355,167,499,474,474,332,70,59,35,55,220,285,304,147,420,403,405,272,57,49,13,26,146,186,203,85,286,282,272,181,27,17,43,79,246,327,342,163,471,471,446,307,79,54,47,69,256,320,350,171,485,481,468,322,75,55,18,33,157,201,210,93,303,294,293,193,28,21,51,86,270,363,370,174,514,506,520,325,71,69,75,104,276,370,380,195,518,504,515,359,79,77,41.25,65.75,227.38,298.0,314.25,149.38,437.0,426.88,424.12,286.38,60.75,50.12
Concrete_0cm_S9,2026-04-02T20:43:36.478338,48,75,248,332,356,167,499,475,475,333,70,59,35,55,220,285,305,147,419,404,405,273,57,49,13,26,146,186,203,85,287,282,272,181,27,18,44,79,246,328,342,163,471,471,446,307,79,54,47,69,256,320,350,171,485,481,468,322,75,55,17,33,157,201,210,93,302,293,292,193,28,21,51,86,270,363,370,174,514,506,520,325,71,69,75,104,276,370,381,195,517,504,514,358,80,77,41.25,65.88,227.38,298.12,314.62,149.38,436.75,427.0,424.0,286.5,60.88,50.25
Concrete_0cm_S9,2026-04-02T20:43:36.644240,48,74,248,332,355,167,500,474,474,333,70,59,35,55,220,285,304,147,420,404,405,272,57,49,13,26,146,186,202,85,287,282,272,181,28,18,44,80,246,328,343,163,471,471,446,307,79,54,47,69,256,321,350,171,485,481,469,322,75,55,18,33,157,201,210,93,302,294,292,193,28,21,51,85,270,363,370,174,514,506,520,325,71,69,75,104,277,370,381,194,518,505,514,358,80,77,41.38,65.75,227.5,298.25,314.38,149.25,437.12,427.12,424.0,286.38,61.0,50.25
Concrete_0cm_S9,2026-04-02T20:43:36.789922,48,74,248,332,356,167,499,475,475,333,69,59,35,55,220,285,304,146,420,404,405,272,57,49,13,26,146,186,203,85,287,282,272,181,27,17,43,79,246,327,341,163,471,471,446,306,79,54,47,69,256,320,350,171,485,481,468,322,75,55,18,33,157,201,210,93,302,294,293,193,28,21,51,86,269,364,370,174,514,507,521,325,71,69,75,104,277,370,381,195,518,505,514,358,80,77,41.25,65.75,227.38,298.12,314.38,149.25,437.0,427.38,424.25,286.25,60.75,50.12
Concrete_0cm_S9,2026-04-02T20:43:36.970105,48,74,248,332,355,167,500,475,474,333,70,59,35,54,220,285,304,147,419,403,405,273,57,49,13,26,146,186,203,85,286,282,272,181,27,18,44,79,246,327,342,163,471,471,446,307,79,54,47,69,256,320,350,171,485,481,468,322,75,55,17,33,157,201,210,93,302,294,292,193,28,21,51,86,269,364,370,174,514,506,520,324,71,69,75,104,276,371,381,195,518,505,514,359,80,77,41.25,65.62,227.25,298.25,314.38,149.38,436.88,427.12,423.88,286.5,60.88,50.25
Concrete_0cm_S9,2026-04-02T20:43:37.127024,48,74,248,332,355,167,499,475,474,333,70,59,35,55,220,285,304,146,419,403,405,272,57,49,13,26,146,186,203,85,286,281,272,181,27,17,44,79,246,327,342,163,471,471,446,307,79,54,47,69,256,321,350,171,486,482,469,322,75,55,17,33,157,201,210,93,302,293,292,193,28,21,51,86,270,363,370,174,514,506,520,325,71,69,75,104,276,370,381,195,518,505,514,358,79,77,41.25,65.75,227.38,298.12,314.38,149.25,436.88,427.0,424.0,286.38,60.75,50.12
Concrete_0cm_S9,2026-04-02T20:43:37.265460,48,74,248,332,356,167,499,475,474,333,70,58,35,55,220,285,303,147,419,403,405,272,57,49,13,26,146,186,203,85,286,282,272,181,27,17,44,80,246,328,342,163,471,471,446,307,79,54,47,69,256,320,350,171,485,481,469,322,75,55,18,33,157,201,210,93,302,293,293,193,28,21,51,86,269,364,370,174,514,506,520,325,71,69,75,104,276,370,381,195,518,505,514,358,79,77,41.38,65.88,227.25,298.25,314.38,149.38,436.75,427.0,424.12,286.38,60.75,50.0
Concrete_0cm_S9,2026-04-02T20:43:37.419558,48,74,248,332,355,167,500,474,474,333,69,59,35,55,219,285,305,146,420,403,405,272,57,49,13,26,146,186,203,85,286,282,272,181,27,17,43,79,246,328,342,162,471,471,446,307,79,54,47,69,256,321,350,171,485,482,469,322,75,55,17,33,157,201,210,93,302,294,292,193,28,21,51,86,269,364,370,174,514,506,520,325,71,69,75,104,276,370,381,195,518,504,514,359,79,77,41.12,65.75,227.12,298.38,314.5,149.12,437.0,427.0,424.0,286.5,60.62,50.12
Concrete_0cm_S9,2026-04-02T20:43:37.572243,48,74,248,332,355,167,500,474,474,333,69,59,35,55,219,285,305,146,420,403,405,272,57,49,13,26,146,186,203,85,286,282,272,181,27,17,43,79,246,328,342,162,471,471,446,307,79,54,47,69,256,321,350,171,485,482,469,322,75,55,17,33,157,201,210,93,302,294,292,193,28,21,51,86,269,364,370,174,514,506,520,325,71,69,75,104,277,370,381,195,519,505,514,359,79,77,41.12,65.75,227.25,298.38,314.5,149.12,437.12,427.12,424.0,286.5,60.62,50.12
Concrete_0cm_S9,2026-04-02T20:43:37.711314,48,74,248,332,355,167,499,475,475,333,70,59,35,55,220,285,304,146,419,403,404,272,57,49,13,26,146,186,202,85,286,282,272,181,27,18,43,79,246,328,342,163,471,471,446,307,79,54,47,69,256,320,350,171,485,481,469,322,75,55,17,33,157,201,210,93,302,294,292,193,28,21,51,86,270,363,370,174,514,507,520,325,71,69,75,104,277,370,381,195,518,504,514,358,80,77,41.12,65.75,227.5,298.12,314.25,149.25,436.75,427.12,424.0,286.38,60.88,50.25
Concrete_0cm_S9,2026-04-02T20:43:37.855604,48,74,248,332,355,167,499,475,475,333,70,59,35,55,220,285,304,146,419,403,404,272,57,49,13,26,146,186,202,85,286,282,272,181,27,18,43,79,246,328,342,163,471,471,446,307,79,54,47,69,256,320,350,171,485,481,468,322,75,55,18,33,156,201,210,93,303,294,292,193,28,21,51,86,269,363,370,174,514,506,520,324,71,69,75,104,276,370,380,194,518,504,514,359,80,77,41.25,65.75,227.12,298.12,314.12,149.12,436.88,427.0,423.88,286.38,60.88,50.25
Concrete_0cm_S9,2026-04-02T20:43:38.032999,48,74,248,332,355,168,499,475,474,333,70,59,35,55,220,285,304,146,420,404,405,272,57,49,13,26,146,186,203,85,287,282,272,181,27,18,44,80,246,328,342,163,471,471,446,307,79,54,47,69,256,320,349,171,485,481,468,322,75,55,18,33,156,201,210,93,302,293,292,193,28,21,51,86,269,363,370,174,514,506,520,325,71,69,75,104,277,370,380,195,519,505,514,359,79,77,41.38,65.88,227.25,298.12,314.12,149.38,437.12,427.12,423.88,286.5,60.75,50.25
Concrete_0cm_S9,2026-04-02T20:43:38.189296,48,74,248,332,355,167,499,474,474,333,70,59,35,55,220,285,305,147,420,403,405,272,57,49,13,26,146,186,203,85,287,282,272,181,27,17,43,79,246,328,342,163,471,471,446,307,79,54,47,69,256,320,350,171,485,481,468,322,75,55,18,33,156,201,210,93,302,293,292,193,28,21,51,86,269,363,370,174,514,506,520,325,71,69,75,104,277,370,380,195,519,505,514,359,79,77,41.25,65.75,227.25,298.12,314.38,149.38,437.12,426.88,423.88,286.5,60.75,50.12
Concrete_0cm_S9,2026-04-02T20:43:38.339664,48,74,248,332,355,167,499,474,474,333,70,59,35,55,219,285,304,147,419,403,405,272,57,49,13,26,146,186,202,85,286,282,272,181,27,17,44,80,246,328,342,163,471,471,446,307,79,54,47,69,256,320,350,171,485,481,468,322,75,55,17,33,157,201,210,93,302,293,293,193,28,21,51,86,270,363,371,174,514,507,520,325,71,69,75,104,276,371,381,195,518,505,514,358,79,77,41.25,65.88,227.25,298.25,314.38,149.38,436.75,427.0,424.0,286.38,60.75,50.12
Concrete_0cm_S9,2026-04-02T20:43:38.506293,48,74,248,332,355,167,499,474,474,333,70,59,35,55,219,285,304,147,419,403,405,272,57,49,13,26,146,186,202,85,286,282,272,181,27,17,44,80,246,328,342,163,471,471,446,307,79,54,47,69,256,320,350,171,485,481,468,322,75,55,17,33,157,201,210,93,302,293,293,193,28,21,51,86,270,363,371,174,514,507,520,325,71,69,75,104,276,371,381,195,518,505,514,358,79,77,41.25,65.88,227.25,298.25,314.38,149.38,436.75,427.0,424.0,286.38,60.75,50.12
Concrete_0cm_S9,2026-04-02T20:43:38.644125,48,74,248,333,356,167,499,475,474,334,70,59,35,55,220,285,305,147,420,404,405,272,57,49,13,26,146,187,203,85,287,282,273,181,27,18,44,79,246,327,342,163,471,471,446,307,79,54,47,69,256,320,350,171,485,481,469,322,75,55,17,33,157,201,210,93,302,293,293,193,28,21,51,85,269,364,370,174,514,507,520,325,71,69,75,104,276,371,381,195,518,505,514,358,79,77,41.25,65.62,227.25,298.5,314.62,149.38,437.0,427.25,424.25,286.5,60.75,50.25
Concrete_0cm_S9,2026-04-02T20:43:38.799190,48,75,248,332,355,167,499,475,474,333,70,59,35,55,220,285,305,147,420,403,405,273,57,49,13,26,146,186,203,85,287,282,272,181,27,18,44,79,246,327,342,163,470,471,446,307,79,54,47,69,256,320,350,171,485,481,468,322,75,55,17,33,157,201,211,93,302,293,292,193,28,21,51,85,269,364,370,174,514,507,520,325,71,69,75,104,277,371,381,195,518,505,515,359,79,77,41.25,65.75,227.38,298.25,314.62,149.38,436.88,427.12,424.0,286.62,60.75,50.25
Concrete_0cm_S9,2026-04-02T20:43:38.960853,48,74,248,332,355,167,499,475,474,333,69,59,35,55,220,285,304,147,419,403,406,272,57,49,13,26,146,186,203,85,287,282,272,181,27,17,44,79,246,327,342,163,470,471,446,307,79,54,47,69,256,320,350,171,485,481,468,322,75,55,17,33,157,201,211,93,302,293,292,193,28,21,51,85,269,364,370,174,514,507,520,325,71,69,75,104,277,371,381,195,518,505,515,359,79,77,41.25,65.62,227.38,298.25,314.5,149.38,436.75,427.12,424.12,286.5,60.62,50.12
Concrete_0cm_S9,2026-04-02T20:43:39.124848,48,74,248,332,355,167,499,475,474,333,70,59,35,55,220,285,304,147,419,403,405,272,57,49,13,26,146,186,203,85,287,282,272,181,27,18,44,79,246,327,342,163,470,471,446,307,79,54,47,69,256,320,350,171,485,482,468,322,75,55,18,33,157,201,210,93,302,294,292,193,28,21,51,86,269,364,371,174,514,507,520,325,71,69,75,104,277,371,381,195,518,504,515,359,79,77,41.38,65.75,227.38,298.25,314.5,149.38,436.75,427.25,424.0,286.5,60.75,50.25
Concrete_0cm_S9,2026-04-02T20:43:39.278518,48,74,248,332,356,167,499,474,474,333,70,59,35,55,220,285,304,147,419,403,405,272,57,49,13,26,146,186,203,85,287,282,272,181,27,17,43,80,246,328,342,163,471,471,446,307,79,54,47,69,256,320,350,171,485,481,468,322,75,55,18,33,157,201,210,93,303,293,292,193,28,21,51,86,269,364,371,174,514,507,520,325,71,69,75,104,277,370,381,194,518,505,514,359,80,77,41.25,65.88,227.38,298.25,314.62,149.25,437.0,427.0,423.88,286.5,60.88,50.12
Concrete_0cm_S9,2026-04-02T20:43:39.431479,48,75,248,333,355,167,499,475,474,333,70,59,35,55,220,285,304,147,419,403,405,272,57,49,13,26,146,186,203,85,287,282,272,181,27,17,43,79,246,327,342,163,471,471,446,307,79,54,47,69,256,320,350,171,485,481,468,322,75,55,18,33,157,201,210,93,303,293,292,193,28,21,52,86,270,363,370,174,514,506,520,325,71,69,75,104,276,371,381,195,518,504,513,358,80,77,41.38,65.88,227.38,298.25,314.38,149.38,437.0,426.88,423.75,286.38,60.88,50.12
Concrete_0cm_S9,2026-04-02T20:43:39.585681,48,74,248,332,355,167,499,474,474,332,70,59,35,55,220,285,305,147,419,403,404,273,57,49,13,26,146,186,203,85,287,282,272,181,27,17,43,79,246,328,342,163,471,471,446,307,79,54,47,69,256,320,350,171,485,481,468,322,75,55,18,33,157,201,210,93,302,294,293,193,28,21,51,86,270,363,371,174,514,507,520,325,71,69,75,104,277,371,381,195,518,504,514,359,80,77,41.25,65.75,227.5,298.25,314.62,149.38,436.88,427.0,423.88,286.5,60.88,50.12
Concrete_0cm_S9,2026-04-02T20:43:39.755181,48,74,248,332,355,167,499,475,474,333,69,59,35,55,220,285,304,147,420,403,404,273,57,49,13,26,146,186,203,85,286,282,272,181,27,17,44,79,246,327,342,163,471,471,446,307,79,54,47,69,256,320,350,171,485,482,469,322,75,55,18,33,157,201,210,93,302,294,292,193,28,21,51,86,270,363,371,174,514,507,520,325,71,69,75,104,277,370,381,194,518,504,514,359,79,77,41.38,65.75,227.5,298.0,314.5,149.25,436.88,427.25,423.88,286.62,60.62,50.12
Concrete_0cm_S9,2026-04-02T20:43:39.934745,48,74,248,332,355,167,499,475,474,333,69,59,35,55,220,285,304,147,420,403,404,273,57,49,13,26,146,186,203,85,286,282,272,181,27,17,44,79,246,327,342,163,471,471,446,307,79,54,47,69,256,321,350,171,485,482,468,322,75,55,18,33,157,201,210,93,302,294,292,193,28,21,51,86,270,363,370,174,514,507,520,325,71,69,75,104,276,370,380,194,519,503,514,359,80,77,41.38,65.75,227.38,298.12,314.25,149.25,437.0,427.12,423.75,286.62,60.75,50.12
Concrete_0cm_S9,2026-04-02T20:43:40.088340,48,74,248,332,356,167,500,475,474,333,70,59,35,55,220,285,304,147,420,404,405,273,57,49,12,26,146,186,202,85,287,282,272,181,27,18,44,80,246,327,342,163,471,471,446,307,79,54,47,69,256,320,350,171,485,481,468,322,74,55,18,33,157,201,210,93,302,294,292,193,28,21,51,86,269,363,370,174,514,507,520,325,71,69,75,104,276,371,381,195,518,504,515,359,80,77,41.25,65.88,227.25,298.12,314.38,149.38,437.12,427.25,424.0,286.62,60.75,50.25
Concrete_0cm_S9,2026-04-02T20:43:40.269867,48,74,248,332,356,167,499,475,474,333,69,59,35,55,220,285,304,147,420,403,405,272,57,49,12,26,146,186,202,85,287,282,272,181,27,18,44,79,246,328,342,162,472,471,446,307,79,54,47,69,256,320,350,171,485,481,468,322,74,55,18,33,157,201,210,93,302,293,292,193,28,21,51,86,270,363,371,174,514,506,520,325,71,69,75,104,277,371,381,195,518,504,514,359,79,77,41.25,65.75,227.5,298.25,314.5,149.25,437.12,426.88,423.88,286.5,60.5,50.25
Concrete_0cm_S9,2026-04-02T20:43:40.422216,48,74,248,332,355,167,499,475,474,333,69,59,35,55,220,285,304,146,419,403,404,272,57,49,13,26,146,186,203,85,286,282,272,181,27,18,43,79,246,327,342,163,470,471,444,308,79,54,47,69,256,320,349,171,485,481,468,322,75,55,17,33,157,201,210,93,302,294,292,193,28,21,51,86,270,363,371,174,514,506,520,325,71,69,75,104,277,370,381,195,518,504,514,358,79,77,41.12,65.75,227.5,298.0,314.38,149.25,436.62,427.0,423.5,286.5,60.62,50.25
Concrete_0cm_S9,2026-04-02T20:43:40.575735,48,74,248,332,355,167,499,475,474,333,69,59,35,55,220,285,304,147,419,403,405,272,57,49,13,26,146,185,203,85,287,282,272,181,27,18,43,79,246,327,342,163,471,471,445,307,79,54,47,69,256,320,349,171,485,481,468,322,75,55,18,33,156,201,210,93,302,294,293,193,28,21,52,86,269,363,370,174,514,507,520,325,71,69,75,104,276,371,381,195,518,505,514,359,80,77,41.38,65.75,227.12,298.0,314.25,149.38,436.88,427.25,423.88,286.5,60.75,50.25
Concrete_0cm_S9,2026-04-02T20:43:40.719506,49,74,248,332,355,167,499,475,474,333,70,59,35,55,220,285,304,146,419,403,406,272,57,49,12,26,146,186,203,85,286,282,272,181,27,17,43,79,246,327,342,163,471,471,445,307,79,54,47,69,256,321,350,171,485,481,469,322,75,55,18,33,157,201,211,93,302,293,293,193,28,21,51,86,269,364,370,174,514,507,520,325,71,69,75,104,276,370,381,195,518,505,514,359,80,77,41.25,65.75,227.25,298.25,314.5,149.25,436.75,427.12,424.12,286.5,60.88,50.12
Concrete_0cm_S9,2026-04-02T20:43:40.906403,49,74,248,332,355,167,499,475,474,333,70,59,35,55,220,285,304,146,419,403,406,272,57,49,12,26,146,186,203,85,286,282,272,181,27,17,44,79,246,327,342,163,471,471,446,307,79,54,47,69,256,321,350,171,485,481,469,322,75,55,18,33,156,201,210,93,302,293,293,193,28,21,51,86,269,364,371,174,514,506,520,325,71,69,75,104,277,371,381,194,519,505,515,358,80,77,41.38,65.75,227.25,298.38,314.5,149.12,436.88,427.0,424.38,286.38,60.88,50.12
Concrete_0cm_S9,2026-04-02T20:43:41.080326,48,74,248,332,355,167,499,474,474,333,69,59,35,55,220,285,304,146,420,403,405,272,57,49,13,26,146,186,203,85,287,282,272,181,27,17,44,79,246,327,342,163,471,471,446,307,79,54,47,69,256,320,350,171,485,481,468,322,75,55,18,33,156,201,210,93,302,293,293,193,28,21,51,86,269,364,371,174,514,506,520,325,71,69,75,103,276,370,381,195,518,505,514,358,80,77,41.38,65.62,227.12,298.12,314.5,149.25,437.0,426.88,424.0,286.38,60.75,50.12
Concrete_0cm_S9,2026-04-02T20:43:41.238666,48,74,248,332,355,167,499,474,474,333,69,59,35,55,220,285,304,146,420,403,405,272,57,49,13,26,146,186,203,85,287,282,272,181,27,17,43,79,246,327,342,163,471,471,446,307,79,54,47,69,256,320,349,171,485,481,469,322,75,55,18,33,157,201,211,93,302,294,292,193,28,21,51,86,269,363,371,174,514,507,521,325,71,69,75,104,277,370,381,195,518,505,514,359,80,77,41.25,65.75,227.38,298.0,314.5,149.25,437.0,427.12,424.12,286.5,60.75,50.12
Concrete_0cm_S9,2026-04-02T20:43:41.397406,48,74,248,332,355,167,499,474,474,333,69,59,35,55,220,285,304,147,419,403,405,272,57,49,13,26,146,186,203,85,286,282,272,181,27,17,44,79,246,327,341,163,471,470,445,307,79,54,47,69,256,320,350,171,485,481,469,322,75,55,17,33,157,201,210,93,302,294,292,193,28,21,51,86,270,363,370,174,514,507,520,325,71,69,75,104,276,371,381,195,518,504,514,359,80,77,41.25,65.75,227.38,298.12,314.25,149.38,436.75,426.88,423.88,286.5,60.75,50.12
Concrete_0cm_S9,2026-04-02T20:43:41.554755,48,74,248,332,355,167,499,474,474,333,69,59,35,55,220,285,305,147,419,403,405,272,57,49,13,26,146,186,202,85,286,281,272,181,27,17,44,79,246,327,342,163,471,471,446,307,79,54,47,69,256,320,350,171,485,482,468,322,75,55,17,33,157,201,210,93,302,294,292,193,28,21,51,86,269,363,370,174,514,506,520,325,71,69,75,104,276,370,381,195,518,504,515,359,80,77,41.25,65.75,227.25,298.0,314.38,149.38,436.75,426.88,424.0,286.5,60.75,50.12
Concrete_0cm_S9,2026-04-02T20:43:41.718715,48,74,248,332,355,168,499,475,474,333,70,59,35,55,220,285,304,147,420,404,405,272,57,49,13,26,146,186,203,85,286,282,272,181,27,17,44,79,246,327,342,163,471,471,446,307,79,54,47,69,256,320,350,171,485,482,468,322,75,55,17,33,157,201,210,93,302,294,292,193,28,21,51,86,269,363,370,174,514,506,520,325,71,69,75,104,276,370,381,195,518,504,515,359,80,77,41.25,65.75,227.25,298.0,314.38,149.5,436.88,427.25,424.0,286.5,60.88,50.12
Concrete_0cm_S9,2026-04-02T20:43:41.889732,48,75,248,332,355,167,499,475,474,333,69,59,35,55,220,285,304,146,419,403,405,272,57,49,13,26,146,186,203,85,286,282,272,181,27,17,43,79,246,327,342,163,471,471,446,307,79,54,47,69,256,321,350,171,486,482,468,322,75,55,17,33,157,201,210,93,302,293,292,193,28,21,51,85,270,363,370,174,514,507,520,325,71,69,75,104,277,371,381,195,518,504,514,359,80,77,41.12,65.75,227.5,298.25,314.38,149.25,436.88,427.12,423.88,286.5,60.75,50.12
Concrete_0cm_S9,2026-04-02T20:43:42.044805,48,74,248,332,355,167,499,475,474,333,69,59,35,55,219,285,304,147,419,403,405,272,57,49,13,26,146,186,203,85,286,282,272,181,27,17,43,79,245,327,342,163,471,471,446,307,79,54,47,69,256,320,350,171,485,481,468,322,75,55,17,33,156,200,210,93,303,293,292,193,28,21,51,86,269,363,370,174,514,507,520,325,71,69,75,104,277,370,381,195,519,505,514,358,80,77,41.12,65.75,227.0,297.88,314.38,149.38,437.0,427.12,423.88,286.38,60.75,50.12
Concrete_0cm_S9,2026-04-02T20:43:42.197925,48,74,248,332,355,167,499,475,474,333,69,59,35,55,220,285,304,146,419,403,403,272,57,49,13,26,146,186,202,85,286,282,272,181,27,17,43,79,245,327,342,163,471,471,446,307,79,54,47,69,256,320,350,171,484,482,469,322,75,55,17,33,157,201,210,93,302,294,292,193,28,21,51,86,270,364,370,174,514,507,520,325,71,69,75,104,277,371,381,195,518,505,514,359,80,77,41.12,65.75,227.38,298.25,314.25,149.25,436.62,427.38,423.75,286.5,60.75,50.12
Concrete_0cm_S9,2026-04-02T20:43:42.345428,49,74,248,332,356,168,500,475,474,333,70,59,35,55,220,285,304,146,420,403,405,272,57,49,13,26,146,186,203,85,286,282,272,181,27,18,44,79,246,328,342,163,471,471,446,308,79,54,47,69,256,320,350,171,485,481,469,322,75,55,17,33,157,201,210,93,302,294,292,193,28,21,51,86,269,363,370,174,514,507,520,325,71,69,75,104,277,371,381,195,518,505,515,359,80,77,41.38,65.75,227.38,298.25,314.5,149.38,437.0,427.25,424.12,286.62,60.88,50.25
Concrete_0cm_S9,2026-04-02T20:43:42.502598,48,75,248,333,356,167,499,474,474,333,70,59,35,55,220,285,304,146,419,403,405,272,57,49,13,26,146,186,203,85,286,282,272,181,27,17,43,80,246,327,342,163,471,471,446,308,79,54,47,69,256,320,350,171,485,482,468,322,75,55,17,33,157,201,210,93,302,294,293,193,27,21,51,86,269,363,371,174,514,506,520,325,71,69,75,104,277,371,381,195,518,505,515,359,80,77,41.12,66.0,227.38,298.25,314.62,149.25,436.75,427.12,424.12,286.62,60.75,50.12
Concrete_0cm_S9,2026-04-02T20:43:42.668109,48,74,248,333,355,167,499,474,474,333,69,59,35,55,220,285,304,147,419,403,405,272,57,49,13,26,146,186,202,85,286,282,272,181,27,17,44,79,246,327,342,163,471,471,445,307,79,54,47,69,256,320,350,171,485,481,469,322,75,55,17,33,157,201,210,93,302,294,293,193,27,21,51,86,269,363,371,174,514,506,520,325,71,69,75,104,276,370,381,195,519,505,515,359,80,77,41.25,65.75,227.25,298.12,314.38,149.38,436.88,427.0,424.12,286.5,60.62,50.12
Concrete_0cm_S9,2026-04-02T20:43:42.827480,48,74,248,332,355,167,499,474,474,333,70,59,35,55,220,285,304,147,420,404,405,272,57,49,13,26,146,186,202,85,286,282,272,181,27,17,43,79,247,327,342,163,471,471,445,307,79,54,47,69,256,320,350,171,485,482,469,322,75,55,17,33,157,201,211,93,302,294,293,193,28,21,51,86,270,363,370,174,514,507,520,325,71,69,75,104,276,371,381,195,518,504,515,359,80,77,41.12,65.75,227.5,298.12,314.38,149.38,436.88,427.25,424.12,286.5,60.88,50.12
Concrete_0cm_S9,2026-04-02T20:43:42.968305,48,74,248,332,355,168,499,475,474,333,70,59,35,55,219,285,304,146,419,403,404,272,57,49,13,26,146,186,202,85,286,282,272,181,27,18,43,79,247,327,342,163,471,471,445,307,79,54,47,69,256,320,350,171,485,482,469,322,75,55,17,33,157,201,211,93,302,294,293,193,28,21,51,86,270,363,370,174,514,507,520,325,71,69,75,104,277,371,381,194,518,506,515,358,80,77,41.12,65.75,227.5,298.12,314.38,149.25,436.75,427.5,424.0,286.38,60.88,50.25
Concrete_0cm_S9,2026-04-02T20:43:43.123263,48,74,248,332,355,167,499,474,474,333,70,59,35,55,220,285,304,147,420,403,405,272,57,49,13,26,146,186,203,85,286,282,272,181,27,18,44,79,246,327,342,163,472,471,445,307,79,54,47,69,256,320,350,171,485,481,469,322,75,55,17,33,157,201,210,93,302,293,293,193,28,21,51,86,270,363,370,174,514,507,520,325,71,69,75,104,277,371,381,194,518,506,515,358,80,77,41.25,65.75,227.5,298.12,314.38,149.25,437.0,427.12,424.12,286.38,60.88,50.25
Concrete_0cm_S9,2026-04-02T20:43:43.277606,48,74,248,332,355,167,499,474,474,333,70,59,35,55,220,285,304,147,420,403,405,272,57,49,13,26,146,186,203,85,286,282,272,181,27,18,44,79,246,327,342,163,472,471,445,307,79,54,47,69,256,320,350,171,485,481,469,322,75,55,18,33,157,201,210,93,302,294,293,193,28,21,51,86,269,363,370,174,514,507,521,325,71,69,75,104,277,371,381,194,518,506,515,358,80,77,41.38,65.75,227.38,298.12,314.38,149.25,437.0,427.25,424.25,286.38,60.88,50.25
Concrete_0cm_S9,2026-04-02T20:43:43.417278,48,74,248,332,355,167,499,474,474,333,69,59,35,55,219,285,304,147,419,403,405,272,57,49,13,26,146,186,203,85,287,282,272,181,27,18,43,79,245,327,342,163,471,470,446,307,79,54,47,69,256,320,350,171,485,481,468,322,75,55,18,33,156,201,210,93,303,294,293,193,28,21,51,86,269,363,370,174,514,507,521,325,71,69,75,104,277,371,381,195,519,505,515,359,80,77,41.25,65.75,227.0,298.12,314.38,149.38,437.12,427.0,424.25,286.5,60.75,50.25
Concrete_0cm_S9,2026-04-02T20:43:43.619397,48,74,248,333,355,168,499,475,474,333,70,59,35,55,219,285,304,147,419,403,405,272,57,49,13,26,146,186,203,85,287,282,272,181,27,18,44,79,246,328,342,163,471,471,446,307,79,54,47,69,256,320,349,171,486,482,468,322,75,55,18,33,157,201,210,93,302,294,293,193,28,21,51,86,269,363,370,174,514,506,520,325,71,69,75,104,277,371,381,195,519,505,515,359,80,77,41.38,65.75,227.25,298.38,314.25,149.5,437.12,427.25,424.12,286.5,60.88,50.25
Concrete_0cm_S9,2026-04-02T20:43:43.775672,48,74,248,333,355,168,499,475,474,333,70,59,35,55,220,285,304,147,419,403,405,272,57,49,13,26,146,186,202,85,286,282,272,181,27,18,43,79,246,327,342,163,471,471,446,307,79,54,47,69,256,320,350,171,485,481,468,322,75,55,18,33,157,201,210,93,302,294,293,194,28,21,51,86,269,363,370,174,514,506,520,325,71,69,75,104,277,371,381,195,519,505,515,359,80,77,41.25,65.75,227.38,298.25,314.25,149.5,436.88,427.12,424.12,286.62,60.88,50.25
Concrete_0cm_S9,2026-04-02T20:43:43.926500,48,75,248,332,355,167,499,475,474,333,70,59,35,55,220,285,304,146,419,403,405,272,57,49,13,26,146,186,203,85,286,281,272,181,27,17,44,79,246,327,342,163,471,471,446,307,79,54,47,69,255,320,350,171,485,481,469,322,75,55,18,33,157,201,210,93,302,294,293,193,28,21,51,86,270,363,371,174,514,507,520,325,71,69,75,104,277,370,381,195,519,505,515,359,80,77,41.38,65.88,227.38,298.0,314.5,149.25,436.88,427.12,424.25,286.5,60.88,50.12
Concrete_0cm_S9,2026-04-02T20:43:44.068913,48,75,248,332,355,167,499,475,474,333,70,59,35,55,220,285,304,146,419,403,405,272,57,49,13,26,146,186,203,85,286,281,272,181,27,17,44,79,246,327,342,163,471,471,446,307,79,54,47,69,256,320,350,171,485,481,469,322,75,55,17,33,157,201,210,93,303,294,293,193,27,21,51,86,270,363,371,174,514,507,520,325,71,69,75,104,277,370,381,195,519,505,515,359,80,77,41.25,65.88,227.5,298.0,314.5,149.25,437.0,427.12,424.25,286.5,60.75,50.12
Concrete_0cm_S9,2026-04-02T20:43:44.221872,48,75,248,332,355,167,499,475,474,333,70,59,35,55,220,285,304,146,419,403,405,272,57,49,13,26,146,186,203,85,286,281,272,181,27,17,44,79,246,327,342,163,471,471,446,307,79,54,47,69,256,320,350,171,485,481,469,322,75,55,17,33,157,201,210,93,303,294,293,193,27,21,51,86,270,363,371,174,514,507,520,325,71,69,75,104,277,370,381,195,519,505,515,359,80,77,41.25,65.88,227.5,298.0,314.5,149.25,437.0,427.12,424.25,286.5,60.75,50.12
Concrete_0cm_S9,2026-04-02T20:43:44.380397,48,75,248,332,355,167,499,475,474,333,70,59,35,55,220,285,304,146,419,403,405,272,57,49,13,26,146,186,203,85,286,281,272,181,27,17,44,79,246,327,342,163,471,471,446,307,79,54,47,69,256,320,350,171,485,481,469,322,75,55,17,33,157,201,210,93,303,294,293,193,27,21,51,86,270,363,371,174,514,507,520,325,71,69,75,104,277,370,381,195,519,505,515,359,80,77,41.25,65.88,227.5,298.0,314.5,149.25,437.0,427.12,424.25,286.5,60.75,50.12
Concrete_0cm_S9,2026-04-02T20:43:44.556751,48,75,248,332,355,167,499,475,474,333,70,59,35,55,220,285,304,146,420,403,405,272,57,49,13,26,146,186,203,85,286,281,272,181,27,17,43,79,246,327,341,163,471,471,445,307,79,54,47,69,256,320,350,171,485,481,469,322,75,55,18,33,157,201,210,93,303,294,293,193,28,21,52,86,270,363,370,174,514,507,520,325,71,69,75,104,277,370,382,195,518,505,515,359,80,77,41.38,65.88,227.5,298.0,314.38,149.25,437.0,427.12,424.12,286.5,60.88,50.12
Concrete_0cm_S9,2026-04-02T20:43:44.720410,48,75,248,332,355,167,499,475,474,333,70,59,35,55,220,285,304,146,420,403,405,272,57,49,13,26,146,186,203,85,286,281,272,181,27,17,43,79,246,327,341,163,471,471,445,307,79,54,47,69,256,320,350,171,485,481,469,322,75,55,18,33,157,201,210,93,303,294,293,193,28,21,52,86,270,363,370,174,514,507,520,325,71,69,75,104,277,370,382,195,518,505,515,359,80,77,41.38,65.88,227.5,298.0,314.38,149.25,437.0,427.12,424.12,286.5,60.88,50.12
Concrete_0cm_S9,2026-04-02T20:43:44.884446,48,75,248,332,355,167,499,475,474,333,70,59,35,55,220,285,304,146,420,403,405,272,57,49,13,26,146,186,203,85,286,281,272,181,27,17,43,79,246,327,342,163,471,471,446,307,79,54,47,69,256,320,350,171,485,481,469,322,75,55,18,33,157,201,210,93,303,294,293,193,28,21,51,86,270,364,370,174,514,507,520,325,71,69,75,104,277,370,382,195,518,505,515,359,80,77,41.25,65.88,227.5,298.12,314.5,149.25,437.0,427.12,424.25,286.5,60.88,50.12
Concrete_0cm_S9,2026-04-02T20:43:45.037264,48,75,248,332,355,167,499,475,474,333,70,59,35,55,219,286,304,147,420,403,405,273,57,49,13,26,146,186,203,85,286,281,272,181,27,17,43,79,246,327,342,163,471,470,446,307,79,54,47,69,256,320,350,171,485,480,469,322,75,55,18,33,157,201,210,93,302,294,293,193,28,21,51,86,270,363,370,174,514,507,520,324,71,69,75,104,277,370,382,195,518,505,515,359,80,77,41.25,65.88,227.38,298.12,314.5,149.38,436.88,426.88,424.25,286.5,60.88,50.12
Concrete_0cm_S9,2026-04-02T20:43:45.183873,48,74,248,332,355,167,499,475,474,333,70,59,35,55,220,285,304,146,419,403,405,272,57,49,13,26,146,186,203,85,286,282,272,181,27,17,43,79,246,327,342,163,471,471,446,307,79,54,47,69,256,320,350,171,485,482,469,322,75,55,18,33,157,201,210,93,302,294,293,193,28,21,51,86,269,363,370,174,514,506,521,325,71,69,75,104,277,370,382,195,518,505,515,359,80,77,41.25,65.75,227.38,298.0,314.5,149.25,436.75,427.25,424.38,286.5,60.88,50.12
Concrete_0cm_S9,2026-04-02T20:43:45.339469,48,74,248,332,355,167,499,475,474,333,70,59,35,55,220,285,304,146,419,403,405,272,57,49,13,26,146,186,203,85,286,282,272,181,27,17,43,79,246,327,342,163,471,471,446,307,79,54,47,69,256,320,350,171,485,482,469,322,75,55,18,33,157,201,210,93,302,294,293,193,28,21,51,86,269,363,370,174,514,506,521,325,71,69,75,104,276,371,381,195,519,505,515,359,80,77,41.25,65.75,227.25,298.12,314.38,149.25,436.88,427.25,424.38,286.5,60.88,50.12
Concrete_0cm_S9,2026-04-02T20:43:45.512901,48,75,248,332,356,167,500,475,474,333,69,59,35,55,220,285,305,146,420,403,405,273,57,49,13,26,146,186,203,85,286,282,272,181,27,18,43,79,246,327,342,163,471,471,446,307,79,54,47,69,256,320,349,171,485,481,468,322,75,55,18,33,157,201,210,93,302,294,292,193,28,21,51,86,269,364,370,174,514,506,520,325,71,69,75,104,277,370,381,195,518,505,514,359,80,77,41.25,65.88,227.38,298.12,314.5,149.25,437.0,427.12,423.88,286.62,60.75,50.25
Concrete_0cm_S9,2026-04-02T20:43:45.669740,48,75,248,332,355,167,499,474,474,333,70,59,35,55,220,285,305,146,420,403,405,273,57,49,13,26,146,186,202,85,286,282,272,181,27,18,43,79,246,327,342,163,470,471,446,307,79,54,47,69,256,320,349,171,485,481,468,322,75,55,18,33,157,201,210,93,302,294,292,193,28,21,52,86,269,364,370,174,514,507,521,325,71,69,75,104,277,371,381,195,518,505,515,359,79,77,41.38,65.88,227.38,298.25,314.25,149.25,436.75,427.12,424.12,286.62,60.75,50.25
Concrete_0cm_S9,2026-04-02T20:43:45.827344,48,75,248,332,355,167,499,474,474,333,70,59,35,55,220,285,305,146,420,403,405,273,57,49,13,26,146,186,202,85,286,282,272,181,27,18,43,79,246,327,342,163,470,471,446,307,79,54,47,69,256,320,349,171,485,481,468,322,75,55,18,33,157,201,210,93,302,294,292,193,28,21,52,86,269,364,370,174,514,507,521,325,71,69,75,104,277,370,381,195,518,505,514,359,80,77,41.38,65.88,227.38,298.12,314.25,149.25,436.75,427.12,424.0,286.62,60.88,50.25
Concrete_0cm_S9,2026-04-02T20:43:45.970230,48,74,248,332,356,167,499,474,474,333,70,59,35,55,220,285,304,146,420,403,405,272,57,49,13,26,146,186,203,85,286,282,272,181,27,17,43,79,246,327,341,163,471,471,445,306,79,54,47,69,256,320,350,171,485,481,468,322,75,55,18,33,157,201,210,93,302,294,292,193,28,21,51,86,269,363,371,174,515,507,520,325,71,69,75,104,277,370,381,195,518,505,514,359,80,77,41.25,65.75,227.38,298.0,314.5,149.25,437.0,427.12,423.75,286.38,60.88,50.12
Concrete_0cm_S9,2026-04-02T20:43:46.129089,48,75,248,332,356,167,499,474,474,333,69,59,35,55,220,285,304,146,420,403,405,272,57,49,13,26,146,186,203,85,286,282,272,181,27,17,43,79,246,327,341,163,471,471,445,306,79,54,47,69,256,320,350,171,485,481,468,322,75,55,18,33,157,201,210,93,302,294,292,193,28,21,51,86,269,363,371,174,515,507,520,325,71,69,75,104,277,370,381,195,519,505,514,358,80,77,41.25,65.88,227.38,298.0,314.5,149.25,437.12,427.12,423.75,286.25,60.75,50.12
Concrete_0cm_S9,2026-04-02T20:43:46.280115,48,75,248,332,356,167,499,474,474,333,69,59,35,55,220,285,304,146,420,403,405,272,57,49,13,26,146,186,203,85,286,282,272,181,27,17,43,79,246,327,341,163,471,471,445,306,79,54,47,69,256,320,350,171,485,481,468,322,75,55,18,33,157,201,210,93,302,294,292,193,28,21,51,86,269,363,371,174,515,507,520,325,71,69,75,104,277,370,381,195,519,505,514,358,80,77,41.25,65.88,227.38,298.0,314.5,149.25,437.12,427.12,423.75,286.25,60.75,50.12
Concrete_0cm_S9,2026-04-02T20:43:46.457809,48,75,248,332,356,167,499,474,474,333,69,59,35,55,220,285,304,146,420,403,405,272,57,49,13,26,146,186,203,85,287,282,272,181,27,18,43,79,246,326,341,162,470,471,445,307,79,54,47,69,256,320,350,171,485,481,468,322,75,55,18,33,157,201,210,93,303,294,292,193,28,21,51,86,269,363,371,174,515,507,520,325,71,69,75,104,277,370,381,195,519,505,514,358,80,77,41.25,65.88,227.38,297.88,314.5,149.12,437.25,427.12,423.75,286.38,60.75,50.25
Concrete_0cm_S9,2026-04-02T20:43:46.618502,48,74,248,332,355,167,499,475,474,333,70,59,35,55,220,285,304,146,420,403,405,272,57,49,13,26,146,186,202,85,286,282,272,180,27,18,42,79,246,327,342,163,470,470,445,307,79,54,47,69,256,320,350,171,485,481,469,322,75,55,18,33,157,201,210,93,302,293,291,193,28,21,51,86,270,363,370,175,514,507,520,325,71,69,75,104,276,370,381,195,518,505,514,359,79,77,41.12,65.75,227.38,298.0,314.25,149.38,436.75,427.0,423.75,286.38,60.75,50.25
Concrete_0cm_S9,2026-04-02T20:43:46.774850,48,74,248,332,355,167,499,475,474,333,70,59,35,55,220,285,304,146,420,403,405,272,57,49,13,26,146,186,202,85,286,282,272,180,27,18,44,79,246,327,341,163,471,471,446,307,79,54,47,69,255,320,350,171,485,481,469,322,75,55,17,33,157,201,211,93,303,294,293,192,28,21,51,86,270,363,370,174,514,507,520,325,71,69,75,104,276,370,381,195,518,504,515,358,80,77,41.25,65.75,227.25,298.0,314.25,149.25,437.0,427.12,424.25,286.12,60.88,50.25
Concrete_0cm_S9,2026-04-02T20:43:46.928446,48,74,247,332,356,167,499,475,474,333,70,59,35,55,219,285,304,147,419,403,404,272,57,49,13,26,146,186,203,85,286,281,271,181,27,17,44,79,246,327,341,163,471,471,446,307,79,54,47,69,256,321,350,171,485,481,469,322,75,55,18,33,156,201,210,93,303,294,293,193,28,21,51,86,269,363,370,174,514,507,519,325,71,69,75,104,276,370,381,195,518,504,514,359,79,77,41.38,65.75,226.88,298.12,314.38,149.38,436.88,427.0,423.75,286.5,60.75,50.12
Concrete_0cm_S9,2026-04-02T20:43:47.120701,48,74,247,332,356,167,499,475,474,333,70,59,35,55,219,285,304,147,419,403,404,272,57,49,13,26,146,186,202,85,286,282,272,181,27,17,44,79,246,327,341,163,471,471,446,307,79,54,47,69,256,320,350,171,485,481,468,322,75,55,18,33,157,201,210,93,303,294,293,193,28,21,51,86,269,363,370,174,514,506,520,325,71,69,75,104,277,371,381,195,519,505,515,358,79,77,41.38,65.75,227.12,298.12,314.25,149.38,437.0,427.12,424.0,286.38,60.75,50.12
Concrete_0cm_S9,2026-04-02T20:43:47.275696,48,74,248,332,355,167,499,475,474,333,69,59,35,55,219,285,304,147,419,403,404,272,57,49,13,26,146,186,202,85,286,281,271,181,27,17,43,79,245,327,341,162,471,471,446,307,79,54,47,69,256,320,350,171,485,482,469,322,75,55,17,33,157,201,210,93,302,294,293,193,28,21,51,86,269,363,370,174,514,506,520,325,71,69,75,104,277,371,381,195,519,505,515,358,79,77,41.12,65.75,227.12,298.12,314.12,149.25,436.88,427.12,424.0,286.38,60.62,50.12
Concrete_0cm_S9,2026-04-02T20:43:47.455344,48,74,248,332,355,167,499,475,474,333,69,59,35,55,219,285,304,147,419,403,404,272,57,49,13,26,146,186,202,85,286,281,271,181,27,17,43,79,245,327,341,162,471,471,446,307,79,54,47,69,256,320,350,171,485,482,469,322,75,55,17,33,157,201,210,93,302,294,293,193,28,21,51,86,269,363,370,174,514,506,520,325,71,69,75,104,277,371,381,195,519,505,515,358,79,77,41.12,65.75,227.12,298.12,314.12,149.25,436.88,427.12,424.0,286.38,60.62,50.12
Concrete_0cm_S9,2026-04-02T20:43:47.604512,48,74,248,333,356,167,499,474,474,333,69,59,35,55,220,285,304,147,419,403,405,272,57,49,13,26,145,186,202,85,286,281,272,181,27,17,43,79,245,327,342,163,471,471,445,307,79,54,47,69,256,320,350,170,485,481,468,322,74,55,18,33,157,201,210,93,302,294,293,193,28,21,51,86,270,364,371,174,514,507,521,325,71,69,75,104,277,371,380,195,518,504,514,359,80,77,41.25,65.75,227.25,298.38,314.38,149.25,436.75,426.88,424.0,286.5,60.62,50.12
Concrete_0cm_S9,2026-04-02T20:43:47.759190,48,74,248,333,356,167,499,474,474,333,69,59,35,55,220,285,304,147,419,403,405,272,57,49,13,26,145,186,202,85,286,281,272,181,27,17,43,79,246,327,342,163,470,470,445,307,79,54,47,69,256,320,350,171,485,481,469,322,75,55,18,33,156,201,210,93,302,293,293,193,28,21,51,86,270,363,370,174,514,507,520,325,71,69,75,104,277,371,381,195,519,505,515,359,79,77,41.25,65.75,227.25,298.25,314.38,149.38,436.75,426.75,424.12,286.5,60.62,50.12
Concrete_0cm_S9,2026-04-02T20:43:47.940766,48,74,248,333,356,167,499,474,474,333,69,59,35,55,220,285,304,147,419,403,405,272,57,49,13,26,145,186,202,85,286,281,272,181,27,17,43,79,246,327,342,163,470,470,445,307,79,54,47,69,256,320,350,171,485,481,469,322,75,55,18,33,156,201,210,93,302,293,293,193,28,21,51,86,270,363,370,174,514,507,520,325,71,69,75,104,277,371,381,195,519,505,515,359,79,77,41.25,65.75,227.25,298.25,314.38,149.38,436.75,426.75,424.12,286.5,60.62,50.12
Concrete_0cm_S9,2026-04-02T20:43:48.091118,48,75,248,333,355,167,500,474,474,333,69,59,35,55,220,285,304,147,420,403,404,272,57,49,13,26,146,186,202,85,286,281,272,181,27,17,43,79,246,327,341,163,471,471,446,307,79,54,47,69,256,320,350,171,485,482,468,322,74,55,18,33,157,201,210,93,302,294,293,193,28,21,51,86,270,363,370,174,514,507,520,325,71,69,75,103,276,371,381,195,518,505,514,359,79,77,41.25,65.75,227.38,298.25,314.12,149.38,437.0,427.12,423.88,286.5,60.5,50.12
Concrete_0cm_S9,2026-04-02T20:43:48.255010,48,74,248,332,355,167,499,475,474,333,70,59,35,55,220,285,304,146,419,403,405,272,57,49,13,26,146,186,202,85,286,282,272,181,27,17,43,79,246,327,342,162,471,470,445,307,79,54,47,69,256,321,350,171,486,481,468,322,75,55,17,33,157,201,211,93,302,294,292,193,28,21,51,86,270,363,371,174,514,507,520,325,71,69,75,104,277,371,381,195,518,505,515,359,80,77,41.12,65.75,227.5,298.25,314.5,149.12,436.88,427.12,423.88,286.5,60.88,50.12
Concrete_0cm_S9,2026-04-02T20:43:48.445462,48,74,248,332,355,167,499,475,474,333,70,59,35,55,220,285,304,146,419,403,405,272,57,49,13,26,146,186,202,85,286,282,272,181,27,17,43,79,246,327,342,162,471,470,445,307,79,54,47,69,256,321,350,171,486,481,468,322,75,55,17,33,157,201,211,93,302,294,292,193,28,21,51,86,270,363,371,174,514,507,520,325,71,69,75,104,277,371,381,195,518,505,515,359,80,77,41.12,65.75,227.5,298.25,314.5,149.12,436.88,427.12,423.88,286.5,60.88,50.12
Concrete_0cm_S9,2026-04-02T20:43:48.591472,48,74,248,332,356,167,499,475,474,333,70,59,35,55,220,285,304,147,419,403,403,272,57,49,13,26,146,186,203,85,286,282,272,181,27,17,44,79,246,327,342,163,471,470,445,307,79,54,47,69,256,320,349,171,485,481,469,322,75,55,17,33,156,201,210,93,302,294,292,193,28,21,51,86,270,363,371,174,514,507,520,325,71,69,75,104,277,371,381,195,518,505,515,359,80,77,41.25,65.75,227.38,298.12,314.5,149.38,436.75,427.12,423.75,286.5,60.88,50.12
Concrete_0cm_S9,2026-04-02T20:43:48.746919,48,74,248,332,356,167,499,475,474,333,70,59,35,55,220,285,304,147,419,403,403,272,57,49,13,26,146,186,203,85,286,282,272,181,27,17,44,79,246,327,342,163,471,470,445,307,79,54,47,69,256,320,349,171,485,481,468,322,75,55,17,33,156,201,210,93,302,294,292,193,28,21,51,86,269,363,371,174,515,507,520,325,71,69,75,104,276,371,381,195,518,505,514,358,80,77,41.25,65.75,227.12,298.12,314.5,149.38,436.88,427.12,423.5,286.38,60.88,50.12
Concrete_0cm_S9,2026-04-02T20:43:48.903021,48,75,248,332,356,167,500,474,475,333,70,59,35,55,219,285,304,146,419,403,404,272,57,49,13,26,146,186,203,85,286,282,272,181,27,17,44,79,246,327,342,163,471,470,445,307,79,54,47,69,256,320,349,171,485,481,468,322,75,55,17,33,156,201,210,93,302,294,292,193,28,21,51,86,269,363,371,174,515,507,520,325,71,69,75,104,276,371,381,195,518,505,514,358,80,77,41.25,65.88,227.0,298.12,314.5,149.25,437.0,427.0,423.75,286.38,60.88,50.12
Concrete_0cm_S9,2026-04-02T20:43:49.058157,48,75,248,332,356,167,500,474,475,333,70,59,35,55,219,285,304,146,419,403,404,272,57,49,13,26,146,186,203,85,286,282,272,181,27,17,44,79,246,327,342,163,471,470,445,307,79,54,47,69,256,320,349,171,485,481,468,322,75,55,17,33,156,201,210,93,302,294,292,193,28,21,51,86,269,363,371,174,515,507,520,325,71,69,75,104,276,371,381,195,518,505,514,358,80,77,41.25,65.88,227.0,298.12,314.5,149.25,437.0,427.0,423.75,286.38,60.88,50.12
Concrete_0cm_S9,2026-04-02T20:43:49.199823,48,75,248,333,355,167,499,475,474,333,70,59,35,55,220,285,304,147,419,403,404,272,57,49,13,26,146,186,202,85,286,281,272,181,27,17,43,79,245,327,341,162,470,470,445,307,79,54,47,69,256,320,349,171,485,481,468,322,75,55,18,33,157,201,211,93,302,293,292,193,28,21,51,86,270,363,371,174,514,507,520,325,71,69,75,104,277,371,381,195,519,505,514,358,80,77,41.25,65.88,227.38,298.25,314.25,149.25,436.75,426.88,423.62,286.38,60.88,50.12
Concrete_0cm_S9,2026-04-02T20:43:49.352195,48,75,248,333,355,167,499,475,474,333,70,59,35,55,220,285,304,147,419,403,404,272,57,49,13,26,146,186,202,85,286,281,272,181,27,17,43,79,245,327,341,162,470,470,445,307,79,54,47,69,256,320,349,171,485,481,468,322,75,55,18,33,157,201,211,93,302,293,292,193,28,21,51,86,270,363,371,174,514,507,520,325,71,69,75,104,277,371,381,195,519,505,514,358,80,77,41.25,65.88,227.38,298.25,314.25,149.25,436.75,426.88,423.62,286.38,60.88,50.12
Concrete_0cm_S9,2026-04-02T20:43:49.525414,48,75,248,333,355,167,499,475,474,333,70,59,35,55,220,285,304,147,419,403,404,272,57,49,13,26,146,186,202,85,286,281,272,181,27,17,43,79,245,327,341,162,470,470,445,307,79,54,47,69,256,320,349,171,485,481,468,322,75,55,18,33,157,201,211,93,302,293,292,193,28,21,51,86,270,363,371,174,514,507,520,325,71,69,75,104,277,371,381,195,519,505,514,358,80,77,41.25,65.88,227.38,298.25,314.25,149.25,436.75,426.88,423.62,286.38,60.88,50.12
Concrete_0cm_S9,2026-04-02T20:43:49.661797,48,75,248,333,355,167,499,475,474,333,70,59,35,55,220,285,304,147,419,403,404,272,57,49,13,26,146,186,202,85,286,281,272,181,27,17,43,79,245,327,341,162,470,470,445,307,79,54,47,69,256,320,349,171,485,481,468,322,75,55,18,33,157,201,211,93,302,293,292,193,28,21,51,86,270,363,371,174,514,507,520,325,71,69,75,104,277,371,381,195,519,505,514,358,80,77,41.25,65.88,227.38,298.25,314.25,149.25,436.75,426.88,423.62,286.38,60.88,50.12
Concrete_0cm_S9,2026-04-02T20:43:49.801043,48,75,249,332,356,167,500,475,474,333,69,59,35,55,220,285,304,146,419,403,404,272,57,49,13,26,146,186,202,85,286,281,272,181,27,17,43,79,245,327,341,162,470,470,445,307,79,54,47,69,256,320,349,171,485,481,468,322,75,55,18,33,157,201,211,93,302,293,292,193,28,21,51,86,270,363,371,174,514,507,520,325,71,69,75,104,277,371,381,195,519,505,514,358,80,77,41.25,65.88,227.5,298.12,314.38,149.12,436.88,426.88,423.62,286.38,60.75,50.12
Concrete_0cm_S9,2026-04-02T20:43:49.944441,48,75,249,332,356,167,500,475,474,333,69,59,35,55,220,285,304,146,419,403,404,272,57,49,13,26,146,186,202,85,286,281,272,181,27,17,43,79,245,327,341,162,470,470,445,307,79,54,47,69,256,320,349,171,485,481,468,322,75,55,18,33,157,201,211,93,302,293,292,193,28,21,51,86,270,363,371,174,514,507,520,325,71,69,75,104,277,371,381,195,519,505,514,358,80,77,41.25,65.88,227.5,298.12,314.38,149.12,436.88,426.88,423.62,286.38,60.75,50.12
Concrete_0cm_S9,2026-04-02T20:43:50.095031,48,75,249,332,356,167,500,475,474,333,69,59,35,55,220,285,304,146,419,403,404,272,57,49,13,26,146,186,202,85,286,281,272,181,27,17,43,79,245,327,341,162,470,470,445,307,79,54,47,69,256,320,349,171,485,481,468,322,75,55,18,33,157,201,211,93,302,293,292,193,28,21,51,86,270,363,371,174,514,507,520,325,71,69,75,104,277,371,381,195,519,505,514,358,80,77,41.25,65.88,227.5,298.12,314.38,149.12,436.88,426.88,423.62,286.38,60.75,50.12
Concrete_0cm_S9,2026-04-02T20:43:50.232499,48,75,248,332,355,167,500,475,475,333,70,59,35,55,220,285,304,146,419,403,404,272,57,49,13,26,146,186,202,85,286,281,271,181,27,17,44,79,246,327,342,162,470,470,445,307,79,54,47,69,256,320,349,171,485,481,468,322,75,55,18,33,157,201,211,93,302,293,292,193,28,21,51,86,270,364,370,174,514,507,520,324,71,69,75,104,277,371,381,195,519,505,514,358,80,77,41.38,65.88,227.5,298.25,314.25,149.12,436.88,426.88,423.62,286.25,60.88,50.12
Concrete_0cm_S9,2026-04-02T20:43:50.447366,48,75,248,332,355,167,500,475,475,333,70,59,35,55,220,285,304,146,419,403,404,272,57,49,13,26,146,186,202,85,286,281,271,181,27,17,44,79,246,327,342,162,470,470,445,307,79,54,47,69,256,320,349,171,485,481,468,322,75,55,18,33,157,201,211,93,302,293,292,193,28,21,51,86,270,364,370,174,514,507,520,324,71,69,75,104,277,371,381,195,518,505,514,359,80,77,41.38,65.88,227.5,298.25,314.25,149.12,436.75,426.88,423.62,286.38,60.88,50.12
Concrete_0cm_S9,2026-04-02T20:43:50.607472,48,75,248,332,355,167,500,475,475,333,70,59,35,55,220,285,304,146,419,403,404,272,57,49,13,26,146,186,202,85,286,281,271,181,27,17,44,79,246,327,342,162,470,470,445,307,79,54,47,69,256,320,349,171,485,481,468,322,75,55,18,33,157,201,211,93,302,293,292,193,28,21,51,86,270,364,370,174,514,507,520,324,71,69,75,104,277,371,381,195,518,505,514,359,80,77,41.38,65.88,227.5,298.25,314.25,149.12,436.75,426.88,423.62,286.38,60.88,50.12
Concrete_0cm_S9,2026-04-02T20:43:50.749051,48,75,248,332,355,167,500,475,475,333,70,59,35,55,220,285,304,146,419,403,404,272,57,49,13,26,146,186,202,85,286,281,271,181,27,17,44,79,246,327,342,162,470,470,445,307,79,54,47,69,256,320,349,171,485,481,468,322,75,55,18,33,157,201,211,93,302,293,292,193,28,21,51,86,270,364,370,174,514,507,520,324,71,69,75,104,277,371,381,195,518,505,514,359,80,77,41.38,65.88,227.5,298.25,314.25,149.12,436.75,426.88,423.62,286.38,60.88,50.12
Concrete_0cm_S9,2026-04-02T20:43:50.894265,48,75,248,332,355,167,500,475,475,333,70,59,35,55,220,285,304,146,419,403,404,272,57,49,13,26,146,186,202,85,286,281,271,181,27,17,44,79,246,327,342,162,470,470,445,307,79,54,47,69,256,320,349,171,485,481,468,322,75,55,18,33,157,201,211,93,302,293,292,193,28,21,51,86,270,364,370,174,514,507,520,324,71,69,75,104,277,371,381,195,518,505,514,359,80,77,41.38,65.88,227.5,298.25,314.25,149.12,436.75,426.88,423.62,286.38,60.88,50.12
Concrete_0cm_S9,2026-04-02T20:43:51.028685,48,75,248,332,356,167,500,476,475,333,70,59,35,55,220,285,304,146,420,403,404,272,57,49,13,26,146,186,202,85,286,281,271,181,27,17,44,79,246,327,342,162,470,470,445,307,79,54,47,69,256,320,349,171,485,481,468,322,75,55,17,33,157,201,210,93,302,294,293,193,28,21,52,86,270,363,370,174,514,507,520,325,71,69,75,104,277,371,381,195,519,505,515,359,80,77,41.38,65.88,227.5,298.12,314.25,149.12,437.0,427.12,423.88,286.5,60.88,50.12
Concrete_0cm_S9,2026-04-02T20:43:51.181790,48,75,248,332,356,167,500,476,475,333,70,59,35,55,220,285,304,146,420,403,404,272,57,49,13,26,146,186,202,85,286,281,271,181,27,17,44,79,246,327,342,162,470,470,445,307,79,54,47,69,256,320,349,171,485,481,468,322,75,55,17,33,157,201,210,93,302,294,293,193,28,21,52,86,270,363,370,174,514,507,520,325,71,69,75,104,277,371,381,195,519,505,515,359,80,77,41.38,65.88,227.5,298.12,314.25,149.12,437.0,427.12,423.88,286.5,60.88,50.12
Concrete_0cm_S9,2026-04-02T20:43:51.367974,48,75,248,333,356,168,500,474,474,333,70,59,35,55,219,285,305,146,419,403,404,272,57,49,13,26,146,186,202,85,286,281,271,180,27,17,44,79,246,327,342,162,470,470,445,307,79,54,47,69,256,320,349,171,485,481,468,322,75,55,18,33,157,201,210,93,302,294,292,193,28,21,51,85,270,363,370,174,514,507,520,325,71,69,75,104,277,371,381,195,519,505,515,359,80,77,41.38,65.75,227.38,298.25,314.38,149.25,436.88,426.88,423.62,286.38,60.88,50.12
Concrete_0cm_S9,2026-04-02T20:43:51.512589,48,74,248,332,355,167,499,475,474,333,69,59,35,55,219,285,304,146,419,403,404,272,57,49,13,26,146,186,202,85,286,281,271,180,27,17,44,79,246,327,342,162,470,470,445,307,79,54,47,69,256,320,349,171,485,481,468,322,75,55,18,33,157,201,210,93,302,294,292,193,28,21,51,86,270,363,370,174,515,507,521,325,71,69,75,104,277,370,381,195,519,505,515,359,80,77,41.38,65.75,227.38,298.0,314.12,149.12,436.88,427.0,423.75,286.38,60.75,50.12
Concrete_0cm_S9,2026-04-02T20:43:51.665967,48,74,248,332,355,167,499,475,474,333,69,59,35,55,219,285,304,146,419,403,404,272,57,49,13,26,146,185,202,85,286,281,271,180,27,17,43,79,245,327,342,162,471,471,445,307,79,54,47,69,256,320,349,171,484,481,468,322,75,55,18,33,157,201,210,93,302,294,293,193,28,21,51,86,270,363,371,174,514,507,520,324,71,69,75,104,276,370,381,195,519,505,515,359,80,77,41.25,65.75,227.12,297.88,314.25,149.12,436.75,427.12,423.75,286.25,60.75,50.12
Concrete_0cm_S9,2026-04-02T20:43:51.805330,48,75,248,332,356,167,500,475,474,334,70,59,35,55,220,285,304,146,419,403,404,272,57,49,13,26,146,186,202,85,286,281,271,180,27,17,43,79,246,328,342,162,470,470,445,307,79,54,47,69,256,320,350,171,485,481,468,322,74,55,17,33,156,201,210,93,303,294,293,193,28,21,51,86,270,364,370,174,514,507,520,325,71,69,75,104,275,371,381,195,519,505,515,359,80,77,41.12,65.88,227.12,298.38,314.38,149.12,437.0,427.0,423.75,286.5,60.75,50.12
Concrete_0cm_S9,2026-04-02T20:43:51.947762,48,75,249,332,355,167,499,475,474,333,70,59,35,55,220,285,304,146,419,403,405,272,57,49,12,26,146,186,202,85,286,281,271,180,27,17,43,79,246,326,341,163,470,470,445,307,79,54,47,69,256,320,349,171,485,481,468,322,75,55,18,33,157,201,210,93,302,293,292,193,28,21,51,86,269,363,370,174,514,507,520,325,71,69,75,104,277,371,381,195,519,505,515,359,80,77,41.12,65.88,227.5,298.0,314.0,149.25,436.75,426.88,423.75,286.38,60.88,50.12
Concrete_0cm_S9,2026-04-02T20:43:52.087913,48,75,249,332,355,167,499,475,474,333,70,59,35,55,220,285,304,146,419,403,405,272,57,49,12,26,146,186,202,85,286,281,271,180,27,17,43,79,246,326,341,163,470,470,445,307,79,54,47,69,256,320,350,171,485,481,468,322,75,55,18,33,157,201,210,93,302,293,293,193,28,21,51,86,270,363,370,174,514,507,520,325,71,69,75,104,277,370,381,195,518,505,515,359,79,77,41.12,65.88,227.62,297.88,314.12,149.25,436.62,426.88,423.88,286.38,60.75,50.12
Concrete_0cm_S9,2026-04-02T20:43:52.250489,48,74,248,332,355,167,499,474,475,333,70,59,35,55,220,285,304,146,420,403,404,272,57,49,12,26,146,186,202,85,286,281,271,180,27,17,43,79,246,326,341,163,470,470,445,307,79,54,47,69,256,320,350,171,485,481,468,322,75,55,18,33,157,201,210,93,302,293,293,193,28,21,51,86,270,363,370,174,514,507,520,325,71,69,75,104,277,370,381,195,518,505,515,359,79,77,41.12,65.75,227.5,297.88,314.12,149.25,436.75,426.75,423.88,286.38,60.75,50.12
Concrete_0cm_S9,2026-04-02T20:43:52.411395,48,74,248,333,355,167,500,475,474,334,70,59,35,55,219,285,304,147,419,403,405,272,57,49,13,26,146,186,202,85,286,281,271,181,27,17,43,79,245,327,341,162,470,470,445,307,79,54,47,69,256,320,350,171,484,480,468,322,75,55,18,33,157,201,211,93,303,294,292,193,28,21,51,86,270,364,371,174,514,507,521,325,71,69,75,104,276,371,381,195,519,505,515,359,80,77,41.25,65.75,227.12,298.38,314.38,149.25,436.88,426.88,423.88,286.62,60.88,50.12
Concrete_0cm_S9,2026-04-02T20:43:52.569530,48,74,248,332,356,167,499,475,474,333,69,59,35,55,219,285,304,147,419,403,405,272,57,49,13,26,146,186,202,85,286,281,271,181,27,17,43,79,245,327,341,162,470,470,445,307,79,54,47,69,256,320,350,171,484,480,468,322,75,55,18,33,157,201,211,93,303,294,292,193,28,21,51,86,270,364,371,174,514,507,521,325,71,69,75,104,276,371,381,195,519,505,515,359,80,77,41.25,65.75,227.12,298.25,314.5,149.25,436.75,426.88,423.88,286.5,60.75,50.12
Concrete_0cm_S9,2026-04-02T20:43:52.720469,48,75,248,333,356,167,499,474,474,333,70,59,35,55,220,285,304,146,419,403,404,272,57,49,13,26,146,185,202,85,286,281,271,181,27,17,43,79,246,327,341,163,470,470,445,307,79,54,47,69,256,320,349,170,485,481,468,322,75,55,18,33,157,201,210,93,302,293,293,193,28,21,51,86,270,364,371,174,514,507,521,325,71,69,75,104,277,370,381,195,518,505,515,359,80,77,41.25,65.88,227.5,298.12,314.25,149.12,436.62,426.75,423.88,286.5,60.88,50.12
Concrete_0cm_S9,2026-04-02T20:43:52.874140,48,74,248,333,355,167,500,475,474,333,70,59,35,55,220,285,304,146,419,402,405,272,57,49,13,26,145,185,202,85,285,281,271,180,27,17,44,79,246,327,342,163,470,470,445,307,79,54,47,69,256,320,349,171,485,481,468,321,75,55,18,33,157,201,210,93,303,294,293,193,28,21,51,86,269,363,370,174,515,507,520,325,71,69,75,104,276,371,381,195,518,505,515,359,80,77,41.38,65.75,227.12,298.12,314.12,149.25,436.88,426.88,423.88,286.25,60.88,50.12
Concrete_0cm_S9,2026-04-02T20:43:53.020950,48,74,248,332,355,167,499,474,474,333,70,59,35,55,220,285,303,146,419,403,404,272,57,49,13,26,145,186,202,85,286,281,271,181,27,17,43,79,246,326,341,162,470,470,445,307,79,54,47,69,256,320,349,171,485,481,468,322,75,55,18,33,157,201,210,93,303,294,293,193,28,21,51,86,269,363,370,174,515,507,520,325,71,69,75,104,276,371,381,195,518,505,515,359,80,77,41.25,65.75,227.12,298.0,313.88,149.12,436.88,426.88,423.75,286.5,60.88,50.12
Concrete_0cm_S9,2026-04-02T20:43:53.162691,48,74,248,332,355,167,499,474,474,333,70,59,35,55,220,285,303,146,419,403,404,272,57,49,13,26,145,186,202,85,286,281,271,181,27,17,43,79,246,326,341,162,470,470,445,307,79,54,47,69,256,320,349,171,485,481,468,322,75,55,18,33,157,201,210,93,303,294,293,193,28,21,51,86,269,363,370,174,515,507,520,325,71,69,75,104,277,371,382,195,519,505,515,359,80,77,41.25,65.75,227.25,298.0,314.0,149.12,437.0,426.88,423.75,286.5,60.88,50.12
Concrete_0cm_S9,2026-04-02T20:43:53.356455,48,74,248,332,355,167,499,474,474,333,70,59,35,55,220,285,303,146,419,403,404,272,57,49,13,26,145,186,202,85,286,281,271,181,27,17,43,79,246,326,341,162,470,470,445,307,79,54,47,69,256,320,349,171,485,481,468,322,75,55,18,33,157,201,210,93,303,294,293,193,28,21,51,86,269,363,370,174,515,507,520,325,71,69,75,104,277,371,382,195,519,505,515,359,80,77,41.25,65.75,227.25,298.0,314.0,149.12,437.0,426.88,423.75,286.5,60.88,50.12
Concrete_0cm_S9,2026-04-02T20:43:53.510748,48,74,248,332,356,167,499,475,475,333,69,59,35,55,219,285,304,146,419,403,404,272,57,49,12,26,145,186,202,85,286,281,271,181,27,17,43,79,245,327,341,162,471,471,446,307,79,54,47,69,256,320,349,171,485,481,468,322,75,55,18,33,157,201,211,93,302,294,293,193,28,21,51,86,269,363,371,174,514,507,520,325,71,69,75,104,277,371,382,195,519,505,516,359,80,77,41.12,65.75,227.0,298.12,314.5,149.12,436.88,427.12,424.12,286.5,60.75,50.12
Concrete_0cm_S9,2026-04-02T20:43:53.651936,48,74,248,332,356,167,499,475,475,333,69,59,35,55,219,285,304,146,419,403,404,272,57,49,12,26,145,186,202,85,286,281,271,181,27,17,44,79,246,327,341,163,470,470,445,307,79,54,47,69,256,320,350,171,485,481,469,322,75,55,18,33,157,201,211,93,302,294,293,193,28,21,51,86,269,363,371,174,514,507,520,325,71,69,75,104,277,371,382,195,519,505,516,359,80,77,41.25,65.75,227.12,298.12,314.62,149.25,436.75,427.0,424.12,286.5,60.75,50.12
Concrete_0cm_S9,2026-04-02T20:43:53.804614,48,74,248,332,356,167,499,475,475,333,69,59,35,55,219,285,304,146,419,403,404,272,57,49,12,26,145,186,202,85,286,281,271,181,27,17,44,79,246,327,341,163,470,470,445,307,79,54,47,69,256,320,350,171,485,481,469,322,75,55,18,33,157,201,211,93,302,294,293,193,28,21,51,86,269,363,371,174,514,507,520,325,71,69,75,104,277,371,382,195,519,505,516,359,80,77,41.25,65.75,227.12,298.12,314.62,149.25,436.75,427.0,424.12,286.5,60.75,50.12
Concrete_0cm_S9,2026-04-02T20:43:53.961200,48,74,248,332,355,167,499,474,474,333,70,59,35,55,220,285,304,147,419,403,405,272,57,49,13,26,146,186,202,85,286,281,271,181,27,17,43,79,246,327,341,163,471,471,446,307,79,54,47,69,256,320,350,171,484,481,468,322,75,55,18,33,157,201,210,93,303,294,293,193,28,21,51,85,269,363,370,174,514,507,520,325,71,69,75,104,276,372,382,195,519,504,514,359,80,77,41.25,65.62,227.25,298.25,314.25,149.38,436.88,426.88,423.88,286.5,60.88,50.12
Concrete_0cm_S9,2026-04-02T20:43:54.119133,48,74,248,332,355,167,499,474,474,333,70,59,35,55,220,285,304,147,419,403,405,272,57,49,13,26,146,186,202,85,286,281,271,181,27,17,44,79,246,327,342,162,470,470,445,307,79,54,47,69,255,320,349,170,484,481,468,322,74,55,18,33,157,201,210,93,303,294,293,193,28,21,51,86,269,363,371,174,515,507,520,325,71,69,75,104,277,370,381,195,519,505,515,359,80,77,41.38,65.75,227.25,298.0,314.25,149.12,436.88,426.88,423.88,286.5,60.75,50.12
Concrete_0cm_S9,2026-04-02T20:43:54.348237,48,74,248,332,355,167,499,474,474,333,70,59,35,55,220,285,304,147,419,403,405,272,57,49,13,26,146,186,202,85,286,281,271,181,27,17,44,79,246,327,342,162,470,470,445,307,79,54,47,69,255,320,349,170,484,481,468,322,74,55,18,33,157,201,210,93,303,294,293,193,28,21,51,86,269,363,371,174,515,507,520,325,71,69,75,104,277,370,381,195,519,505,515,359,80,77,41.38,65.75,227.25,298.0,314.25,149.12,436.88,426.88,423.88,286.5,60.75,50.12
Concrete_0cm_S9,2026-04-02T20:43:54.503464,48,74,249,332,355,167,499,475,474,332,69,59,35,55,219,285,304,147,419,403,404,272,57,49,12,26,146,185,202,85,286,281,271,180,27,17,43,79,246,327,341,162,471,470,445,307,79,54,47,69,256,320,350,171,484,481,468,322,75,55,18,33,157,201,210,93,302,294,292,193,28,21,51,86,269,363,370,174,515,507,520,325,71,69,75,104,277,371,381,195,518,505,515,359,80,77,41.12,65.75,227.38,298.0,314.12,149.25,436.75,427.0,423.62,286.25,60.75,50.12
Concrete_0cm_S9,2026-04-02T20:43:54.647955,48,74,249,332,355,167,499,475,474,332,69,59,35,55,219,285,304,147,419,403,404,272,57,49,12,26,146,185,202,85,286,281,271,180,27,17,44,80,245,326,341,163,470,470,445,307,79,54,47,69,256,320,350,171,484,481,468,322,75,55,18,33,157,201,210,93,302,294,292,193,28,21,51,86,269,363,370,174,515,507,520,325,71,69,75,104,277,371,381,195,518,505,515,359,80,77,41.25,65.88,227.25,297.88,314.12,149.38,436.62,427.0,423.62,286.25,60.75,50.12
Concrete_0cm_S9,2026-04-02T20:43:54.797589,48,74,249,332,355,167,499,475,474,332,69,59,35,55,219,285,304,147,419,403,404,272,57,49,12,26,146,185,202,85,286,281,271,180,27,17,44,80,245,326,341,163,470,470,445,307,79,54,47,69,256,320,350,171,484,481,468,322,75,55,18,33,157,201,210,93,302,294,292,193,28,21,51,86,269,363,370,174,515,507,520,325,71,69,75,104,277,371,381,195,518,505,515,359,80,77,41.25,65.88,227.25,297.88,314.12,149.38,436.62,427.0,423.62,286.25,60.75,50.12
Concrete_0cm_S9,2026-04-02T20:43:54.934041,48,74,248,332,356,168,500,475,475,333,70,59,35,55,220,285,304,146,419,403,404,272,57,49,12,26,146,185,202,85,286,281,271,180,27,17,44,80,245,326,341,163,470,470,445,307,79,54,47,69,256,320,350,171,484,481,468,322,75,55,18,33,157,201,210,93,302,294,292,193,28,21,51,86,269,363,370,174,515,507,520,325,71,69,75,104,277,371,381,195,518,505,515,359,80,77,41.25,65.88,227.25,297.88,314.25,149.38,436.75,427.0,423.75,286.38,60.88,50.12
Concrete_0cm_S9,2026-04-02T20:43:55.096098,48,74,248,332,356,168,500,475,475,333,70,59,35,55,220,285,304,146,419,403,404,272,57,49,13,26,146,185,202,85,285,281,271,180,27,17,43,79,245,326,341,163,470,470,445,306,79,54,47,69,255,320,350,171,485,481,468,322,75,55,18,33,157,201,210,93,302,294,293,193,28,21,51,85,269,364,370,174,514,507,521,325,71,69,75,104,276,371,382,195,519,505,515,359,80,77,41.25,65.62,227.0,298.0,314.38,149.38,436.75,427.0,424.0,286.25,60.88,50.12
Concrete_0cm_S9,2026-04-02T20:43:55.293687,48,74,248,333,355,167,500,474,474,333,69,59,35,55,220,285,304,146,419,403,404,272,57,49,13,26,146,185,202,85,285,281,271,180,27,17,43,79,245,326,341,163,470,470,445,306,79,54,47,69,255,320,350,171,485,481,468,322,75,55,18,33,157,201,210,93,302,294,293,193,28,21,51,85,269,364,370,174,514,507,521,325,71,69,75,104,276,371,382,195,519,505,515,359,80,77,41.25,65.62,227.0,298.12,314.25,149.25,436.75,426.88,423.88,286.25,60.75,50.12
Concrete_0cm_S9,2026-04-02T20:43:55.479053,48,75,248,332,355,167,499,473,475,333,69,59,35,55,220,285,304,146,419,403,404,272,57,49,13,26,145,185,202,85,286,281,271,180,27,17,43,79,246,327,341,163,470,470,445,307,79,54,47,69,256,320,350,171,485,481,468,322,75,55,18,33,157,201,210,93,303,294,292,193,28,21,51,86,269,363,371,174,514,507,520,325,71,69,75,104,276,371,381,195,519,506,515,359,80,77,41.25,65.88,227.12,298.0,314.25,149.25,436.88,426.88,423.75,286.38,60.75,50.12
Concrete_0cm_S9,2026-04-02T20:43:55.624137,48,74,248,332,355,167,499,474,474,333,69,59,35,55,220,284,303,146,419,403,405,272,57,49,12,26,145,185,202,85,286,281,271,179,27,17,44,79,245,327,341,163,470,470,445,307,79,54,47,69,256,320,349,171,485,481,469,322,75,55,17,33,157,201,210,93,302,294,293,193,28,21,51,86,269,363,371,174,514,507,520,325,71,69,75,104,276,371,381,195,519,506,515,359,80,77,41.12,65.75,227.0,297.88,314.0,149.25,436.75,427.0,424.0,286.25,60.75,50.12
Concrete_0cm_S9,2026-04-02T20:43:55.777230,48,74,248,332,355,167,500,475,475,333,70,59,35,55,219,285,304,146,419,403,405,272,57,49,12,26,145,186,202,85,286,281,271,181,27,17,43,79,246,327,341,162,470,471,445,307,79,54,47,69,255,319,349,171,485,481,468,322,75,55,18,33,157,201,210,93,303,293,292,193,28,21,51,86,269,363,370,174,514,507,520,325,71,69,75,104,277,371,382,195,519,505,515,359,80,77,41.12,65.75,227.0,298.0,314.12,149.12,437.0,427.0,423.88,286.5,60.88,50.12
Concrete_0cm_S9,2026-04-02T20:43:55.932273,48,75,249,332,355,167,499,475,474,333,70,59,35,55,219,285,304,146,419,403,404,272,57,49,12,26,145,186,202,85,286,281,271,181,27,17,43,79,246,327,341,162,470,471,445,307,79,54,47,69,255,319,349,171,485,481,468,322,75,55,18,33,157,201,210,93,303,293,292,193,28,21,51,86,269,363,370,174,514,507,520,325,71,69,75,104,277,371,382,195,519,505,515,359,80,77,41.12,65.88,227.12,298.0,314.12,149.12,436.88,427.0,423.62,286.5,60.88,50.12
Concrete_0cm_S9,2026-04-02T20:43:56.089826,48,75,249,332,355,167,499,475,474,333,70,59,35,55,219,284,304,147,419,402,404,272,57,49,13,26,145,185,202,85,286,281,271,181,27,17,43,79,246,327,341,162,470,470,445,307,79,54,47,69,255,319,349,171,485,481,468,322,75,55,18,33,157,201,210,93,303,293,292,193,28,21,51,86,270,364,371,174,514,507,520,325,71,69,75,104,277,370,381,195,519,505,515,359,80,77,41.25,65.88,227.25,297.75,314.12,149.25,436.88,426.75,423.62,286.5,60.88,50.12
Concrete_0cm_S9,2026-04-02T20:43:56.290268,48,75,248,332,355,167,499,475,474,333,69,59,35,55,220,285,303,146,419,403,404,272,57,49,13,26,146,186,202,85,286,281,271,181,27,17,43,79,245,327,341,162,470,470,445,307,79,54,47,69,256,320,348,171,485,481,468,322,74,55,18,33,157,201,210,93,302,294,293,193,28,21,51,86,270,364,371,174,514,507,520,325,71,69,75,104,277,371,381,195,519,505,515,359,80,77,41.25,65.88,227.38,298.25,313.88,149.12,436.75,427.0,423.75,286.5,60.62,50.12
Concrete_0cm_S9,2026-04-02T20:43:56.448480,48,74,248,332,355,167,499,475,474,333,70,59,35,55,220,285,304,146,419,403,404,271,57,49,13,26,146,186,202,85,286,281,271,181,27,17,43,79,246,327,341,163,470,470,445,307,79,54,47,69,256,320,349,171,485,481,468,322,75,55,18,32,157,201,210,93,302,294,292,193,28,21,51,85,270,363,371,174,514,506,520,325,71,69,75,104,277,371,381,195,519,505,515,359,80,77,41.25,65.5,227.5,298.12,314.12,149.25,436.75,426.88,423.62,286.38,60.88,50.12
Concrete_0cm_S9,2026-04-02T20:43:56.605343,48,74,248,332,355,167,499,475,474,333,70,59,35,55,220,285,304,146,419,403,404,272,57,49,13,26,146,185,202,85,285,281,271,181,27,17,43,79,245,326,341,162,469,470,445,307,79,54,47,69,256,320,349,171,485,481,468,322,75,55,17,33,157,201,210,93,302,294,293,193,28,21,51,85,270,363,371,174,514,507,520,325,71,69,75,104,277,371,381,195,519,505,515,359,80,77,41.12,65.62,227.38,297.88,314.12,149.12,436.5,427.0,423.75,286.5,60.88,50.12
Concrete_0cm_S9,2026-04-02T20:43:56.760058,48,75,248,333,356,167,500,475,475,333,70,59,35,55,220,285,304,146,420,403,404,272,57,49,13,26,145,186,202,85,286,281,271,180,27,17,43,79,245,327,341,162,470,470,445,307,79,54,47,69,256,320,350,171,485,481,469,322,75,55,18,33,157,201,210,93,302,294,293,193,28,21,51,86,269,363,371,174,514,507,520,325,71,69,75,104,276,370,381,195,519,505,515,358,80,77,41.25,65.88,227.0,298.12,314.38,149.12,437.0,427.0,424.0,286.25,60.88,50.12
Concrete_0cm_S9,2026-04-02T20:43:56.906394,48,75,248,333,356,167,500,475,475,333,70,59,35,55,220,285,304,146,420,403,404,272,57,49,13,26,145,186,202,85,286,281,271,180,27,17,43,79,245,327,341,162,470,470,445,307,79,54,47,69,256,320,350,171,485,481,469,322,75,55,18,33,157,201,210,93,302,294,293,193,28,21,51,86,269,363,371,174,514,507,520,325,71,69,75,104,276,370,381,195,519,505,515,358,80,77,41.25,65.88,227.0,298.12,314.38,149.12,437.0,427.0,424.0,286.25,60.88,50.12
Concrete_0cm_S9,2026-04-02T20:43:57.053259,49,75,248,333,356,167,500,475,475,333,70,59,35,55,219,285,304,146,419,403,405,272,57,49,13,26,145,185,202,85,286,281,271,181,27,17,43,79,245,326,341,162,470,470,445,307,79,54,47,69,256,320,350,171,485,481,469,322,75,55,18,33,157,201,210,93,302,294,293,193,28,21,51,86,269,363,371,174,514,507,520,325,71,69,75,104,276,370,381,195,519,505,515,358,80,77,41.38,65.88,226.88,297.88,314.38,149.12,436.88,427.0,424.12,286.38,60.88,50.12
Concrete_0cm_S9,2026-04-02T20:43:57.259776,48,75,248,332,356,168,500,475,474,333,70,59,35,55,220,285,304,146,419,403,404,272,57,49,13,26,145,186,202,85,286,281,271,180,27,17,44,79,245,327,341,163,470,470,445,307,79,54,47,69,255,320,349,171,485,481,469,322,74,55,17,33,157,201,211,93,303,294,293,193,28,21,51,86,270,364,371,174,514,507,520,325,71,69,75,104,277,371,382,195,519,505,515,359,80,77,41.25,65.88,227.12,298.25,314.5,149.38,437.0,427.0,423.88,286.38,60.75,50.12
Concrete_0cm_S9,2026-04-02T20:43:57.451108,48,74,249,332,355,167,500,475,474,333,70,59,35,55,219,285,304,146,419,403,404,272,57,49,13,26,145,185,202,85,285,281,271,180,27,17,43,79,245,327,341,163,470,470,445,307,79,54,47,69,256,319,349,171,485,481,468,322,75,55,17,33,157,201,210,93,303,294,293,193,28,21,51,86,270,364,371,174,514,507,520,325,71,69,75,104,277,371,382,195,519,505,515,359,80,77,41.12,65.75,227.25,298.0,314.25,149.25,436.88,427.0,423.75,286.38,60.88,50.12
Concrete_0cm_S9,2026-04-02T20:43:57.624802,48,74,248,332,355,167,500,474,474,333,69,59,35,55,220,285,304,147,419,403,404,272,57,49,13,26,145,186,202,85,286,281,271,180,27,17,43,79,245,327,341,163,470,470,445,307,79,54,47,69,256,319,349,171,485,481,468,322,75,55,17,33,157,201,210,93,303,294,293,193,28,21,51,85,269,363,370,174,515,507,520,325,71,69,75,104,276,371,382,195,519,505,515,359,80,77,41.12,65.62,227.0,298.0,314.12,149.38,437.12,426.88,423.75,286.38,60.75,50.12
Concrete_0cm_S9,2026-04-02T20:43:57.788472,48,75,248,333,355,168,499,475,474,333,69,59,35,55,220,284,304,146,419,402,405,272,57,49,13,26,146,186,202,85,285,281,271,180,27,17,43,79,245,326,341,162,470,470,445,307,79,54,47,69,256,320,350,171,485,481,468,322,75,55,18,33,157,201,210,93,302,294,293,193,28,21,51,86,269,364,371,174,514,507,520,325,71,69,75,104,277,371,381,195,519,505,515,359,80,77,41.25,65.88,227.25,298.12,314.25,149.25,436.62,426.88,423.88,286.38,60.75,50.12
Concrete_0cm_S9,2026-04-02T20:43:57.952568,48,75,248,333,355,168,499,475,474,333,69,59,35,55,220,284,304,146,419,402,405,272,57,49,13,26,146,186,202,85,285,281,271,180,27,17,43,79,245,326,341,162,470,470,445,307,79,54,47,69,256,320,350,171,485,481,468,322,75,55,18,33,157,201,210,93,302,294,293,193,28,21,51,86,269,364,371,174,514,507,520,325,71,69,75,104,277,371,381,195,519,505,515,359,80,77,41.25,65.88,227.25,298.12,314.25,149.25,436.62,426.88,423.88,286.38,60.75,50.12
Concrete_0cm_S9,2026-04-02T20:43:58.105036,48,74,248,332,356,168,499,474,474,333,69,59,35,55,220,284,304,146,419,402,405,272,57,49,13,26,145,185,202,85,286,281,271,180,27,17,44,79,245,327,341,163,471,470,445,307,79,54,47,69,256,320,349,171,485,481,468,322,75,55,18,33,157,201,210,93,303,294,293,193,28,21,51,86,269,363,370,174,514,506,520,325,71,69,75,104,277,371,382,195,519,505,515,359,80,77,41.38,65.75,227.12,297.88,314.25,149.38,437.0,426.62,423.88,286.38,60.75,50.12
Concrete_0cm_S9,2026-04-02T20:43:58.304480,48,74,248,332,356,168,499,474,474,333,69,59,35,55,219,285,304,146,419,403,405,272,57,49,13,26,146,186,202,85,286,281,271,180,27,17,43,79,245,326,341,162,471,471,445,307,79,54,47,69,256,320,349,171,485,481,468,322,75,55,18,33,157,201,210,93,302,294,293,193,28,21,51,85,269,363,370,174,514,507,520,325,71,69,75,104,277,371,381,194,519,505,515,359,79,77,41.25,65.62,227.12,298.0,314.12,149.12,436.88,427.0,423.88,286.38,60.62,50.12
Concrete_0cm_S9,2026-04-02T20:43:58.494127,48,74,248,332,355,167,499,474,474,333,70,59,35,55,219,284,304,146,419,403,404,272,57,49,13,26,146,185,202,85,286,281,271,181,27,17,44,79,246,327,341,163,470,469,445,307,79,54,47,69,256,319,349,171,485,481,468,322,75,55,17,33,157,201,210,93,303,294,293,193,28,21,51,85,269,363,370,174,514,507,520,325,71,69,75,104,277,371,382,195,520,506,515,359,80,77,41.25,65.62,227.25,297.75,314.12,149.25,437.0,426.88,423.75,286.5,60.88,50.12
Concrete_0cm_S9,2026-04-02T20:43:58.653070,48,75,248,332,355,167,499,475,474,333,69,59,35,55,220,285,304,146,419,403,404,272,57,49,13,26,145,186,202,85,285,281,271,180,27,17,43,79,245,327,341,162,470,470,446,307,78,54,47,69,256,320,350,171,485,481,468,322,74,55,18,33,157,201,210,93,302,294,292,193,28,21,51,86,269,363,370,174,514,507,520,325,71,69,75,104,277,371,381,195,519,505,515,359,80,77,41.25,65.88,227.12,298.12,314.12,149.12,436.62,427.0,423.75,286.38,60.5,50.12
Concrete_0cm_S9,2026-04-02T20:43:58.794824,48,75,248,332,355,167,499,475,474,333,69,59,35,55,219,285,304,146,419,403,404,272,57,49,13,26,145,186,202,85,285,281,271,180,27,17,43,79,245,327,341,162,470,470,446,307,78,54,47,69,256,320,349,171,484,481,468,322,75,55,18,33,157,201,210,93,302,294,293,193,28,21,51,86,269,363,370,174,514,507,520,325,71,69,75,104,277,371,381,195,519,505,515,359,80,77,41.25,65.88,227.0,298.12,314.0,149.12,436.5,427.0,423.88,286.38,60.62,50.12
Concrete_0cm_S9,2026-04-02T20:43:58.935588,48,75,248,332,355,167,499,475,474,333,69,59,35,55,219,285,304,146,419,403,404,272,57,49,13,26,145,186,202,85,285,281,271,180,27,17,43,79,245,327,341,162,470,470,446,307,78,54,47,69,256,320,349,171,484,481,468,322,75,55,18,33,157,201,210,93,302,294,293,193,28,21,51,86,269,363,370,174,514,507,520,325,71,69,75,104,277,371,381,195,519,505,515,359,80,77,41.25,65.88,227.0,298.12,314.0,149.12,436.5,427.0,423.88,286.38,60.62,50.12
Concrete_0cm_S9,2026-04-02T20:43:59.082290,48,74,247,332,356,167,500,474,474,333,70,59,35,55,220,285,304,146,419,403,404,272,57,49,13,26,145,185,202,85,285,281,271,181,27,17,43,79,245,327,341,163,470,470,446,307,79,54,47,69,256,319,349,171,485,481,468,322,75,55,17,33,157,201,210,93,302,294,293,193,28,21,51,85,270,363,370,174,514,507,520,325,71,69,75,104,277,371,382,195,519,505,515,360,80,77,41.12,65.62,227.12,297.88,314.25,149.25,436.75,426.88,423.88,286.62,60.88,50.12
Concrete_0cm_S9,2026-04-02T20:43:59.281459,48,74,248,332,355,168,500,475,474,334,70,59,35,55,219,284,303,146,419,403,404,272,57,49,13,26,145,185,202,85,285,281,271,181,27,17,43,79,245,326,341,162,470,470,445,307,78,54,47,69,256,319,349,171,484,481,468,322,75,55,18,33,157,201,210,93,303,294,292,193,28,21,51,85,270,363,370,174,514,507,520,325,71,69,75,104,277,371,381,195,519,505,515,360,80,77,41.25,65.62,227.12,297.62,313.88,149.25,436.75,427.0,423.62,286.75,60.75,50.12
Concrete_0cm_S9,2026-04-02T20:43:59.467252,48,74,248,332,355,168,499,475,474,333,70,59,35,55,219,285,304,146,419,403,404,272,57,49,13,26,145,186,202,85,286,281,271,181,27,17,43,79,245,327,341,163,470,470,445,307,78,54,47,69,256,320,350,171,485,481,468,322,75,55,18,33,157,201,210,93,303,294,292,193,28,21,51,85,270,363,370,174,514,507,520,325,71,69,75,104,277,371,381,195,519,505,515,360,80,77,41.25,65.62,227.12,298.12,314.12,149.38,436.88,427.0,423.62,286.62,60.75,50.12
Concrete_0cm_S9,2026-04-02T20:43:59.646921,48,74,248,332,355,167,499,475,474,332,69,59,35,55,219,284,304,146,419,403,404,272,57,49,13,26,146,185,202,85,285,281,271,180,27,17,43,79,245,327,341,163,470,470,445,307,78,54,47,69,256,320,350,171,485,481,468,322,75,55,18,33,157,201,210,93,303,294,292,193,28,21,51,85,270,363,370,174,514,507,520,325,71,69,75,104,277,371,381,195,519,505,515,360,80,77,41.25,65.62,227.25,297.88,314.12,149.25,436.75,427.0,423.62,286.38,60.62,50.12
Concrete_0cm_S9,2026-04-02T20:43:59.831105,48,75,248,332,355,167,499,475,474,333,70,59,35,55,220,284,304,146,419,403,404,272,57,49,13,26,145,185,202,85,285,281,271,180,27,17,43,79,245,327,341,162,470,470,445,307,79,54,47,69,256,320,350,171,484,481,468,322,74,55,17,33,157,201,210,93,302,294,291,193,28,21,51,86,270,363,370,174,514,507,520,325,71,69,75,104,277,371,382,195,519,506,515,359,80,77,41.12,65.88,227.25,297.88,314.25,149.12,436.5,427.12,423.5,286.38,60.75,50.12
Concrete_0cm_S9,2026-04-02T20:43:59.990089,48,75,248,332,355,167,499,475,474,333,70,59,35,55,220,284,304,146,419,403,404,272,57,49,13,26,145,185,202,85,285,281,271,180,27,17,43,79,245,327,341,162,470,470,445,307,79,54,47,69,256,320,350,171,484,481,468,322,74,55,17,33,157,201,210,93,302,294,291,193,28,21,51,86,270,363,370,174,514,507,520,325,71,69,75,104,277,371,382,195,519,506,515,359,80,77,41.12,65.88,227.25,297.88,314.25,149.12,436.5,427.12,423.5,286.38,60.75,50.12
Concrete_0cm_S9,2026-04-02T20:44:00.152003,48,74,248,332,356,167,499,475,474,333,70,59,35,55,219,284,303,146,419,403,404,272,57,49,13,26,145,185,202,84,286,280,271,180,27,17,43,79,245,327,341,163,470,470,445,307,79,54,47,69,254,320,349,171,485,481,468,322,75,55,18,33,157,201,211,93,303,294,293,193,28,21,51,85,270,363,371,174,514,507,520,325,71,69,75,104,277,371,381,195,519,506,515,359,80,77,41.25,65.62,226.88,297.88,314.25,149.12,436.88,427.0,423.75,286.38,60.88,50.12
Concrete_0cm_S9,2026-04-02T20:44:00.355507,48,74,248,332,356,167,499,475,474,333,70,59,35,55,219,284,303,146,419,403,404,272,57,49,13,26,145,185,202,84,286,280,271,180,27,17,43,79,245,327,341,163,470,470,445,307,79,54,47,69,255,320,349,170,484,481,468,322,74,55,17,34,157,201,210,93,302,294,293,193,28,21,51,86,269,363,370,174,514,507,520,325,71,69,75,104,277,371,381,195,519,505,515,359,80,77,41.12,65.88,226.88,297.88,314.0,149.0,436.62,426.88,423.75,286.38,60.75,50.12
Concrete_0cm_S9,2026-04-02T20:44:00.508603,48,75,249,332,355,167,499,474,474,333,70,59,35,55,219,284,303,146,419,402,404,272,57,49,13,26,145,185,202,85,285,281,271,180,27,17,43,79,246,326,341,163,470,470,445,307,79,54,47,69,256,320,349,171,485,481,468,321,74,55,17,33,157,201,210,93,302,294,293,193,28,21,51,86,270,363,370,174,515,506,520,325,71,69,75,104,277,371,381,195,519,506,515,359,80,77,41.12,65.88,227.38,297.75,313.88,149.25,436.75,426.75,423.75,286.25,60.75,50.12
Concrete_0cm_S9,2026-04-02T20:44:00.667623,48,75,248,332,356,167,499,475,475,333,69,59,35,55,219,284,304,146,419,403,404,272,57,49,13,26,146,185,202,85,286,281,271,181,27,17,43,79,245,327,341,163,470,470,445,307,79,54,47,69,256,320,349,171,484,481,468,322,74,55,17,33,157,201,210,93,303,294,293,193,28,21,51,86,269,364,371,174,514,507,521,325,71,69,75,104,276,371,382,195,519,505,514,359,80,77,41.12,65.88,227.0,298.0,314.38,149.25,436.75,427.0,423.88,286.5,60.62,50.12
Concrete_0cm_S9,2026-04-02T20:44:00.818724,48,75,248,332,356,167,499,475,475,333,69,59,35,55,219,284,304,146,419,403,404,272,57,49,13,26,146,185,202,85,286,281,271,181,27,17,43,79,245,327,341,163,470,470,445,307,79,54,47,69,255,319,349,171,485,481,468,322,74,55,17,33,157,201,211,93,303,294,293,193,28,21,51,85,269,363,370,174,514,507,520,325,71,69,75,104,276,371,381,195,519,505,515,360,80,77,41.12,65.75,226.88,297.75,314.25,149.25,436.88,427.0,423.88,286.62,60.62,50.12
Concrete_0cm_S9,2026-04-02T20:44:00.972986,48,75,248,332,355,167,499,475,474,333,70,59,35,55,219,284,304,146,419,403,405,272,57,49,13,26,145,186,202,85,286,281,271,181,27,17,43,79,245,326,341,162,470,470,445,307,79,54,47,69,255,319,349,171,485,481,468,322,74,55,17,33,157,201,211,93,303,294,293,193,28,21,51,85,269,363,370,174,514,507,520,325,71,69,75,104,276,371,381,195,519,505,515,360,80,77,41.12,65.75,226.75,297.75,314.12,149.12,436.88,427.0,423.88,286.62,60.75,50.12
Concrete_0cm_S9,2026-04-02T20:44:01.122857,48,74,247,332,356,167,499,475,475,334,69,59,35,55,219,285,304,146,419,403,404,272,57,49,12,26,145,185,202,85,285,280,271,180,27,17,43,79,245,326,341,163,470,470,445,307,79,54,47,69,255,320,349,171,484,481,468,321,75,55,18,33,157,201,211,93,302,294,293,193,28,21,51,85,269,363,370,174,514,507,520,325,71,69,75,104,277,371,382,195,519,505,515,359,80,77,41.12,65.62,226.75,297.88,314.38,149.25,436.5,426.88,423.88,286.38,60.75,50.12
Concrete_0cm_S9,2026-04-02T20:44:01.326481,48,74,248,332,355,167,498,475,474,333,69,59,35,55,220,285,304,147,419,403,404,272,57,49,13,26,145,185,202,85,286,281,271,180,27,17,43,79,245,326,341,162,470,470,445,307,79,54,47,69,256,320,349,171,484,481,468,322,75,55,18,33,156,201,210,93,303,294,293,193,28,21,51,86,269,363,370,174,514,507,520,325,71,69,75,104,277,371,381,195,519,505,515,359,80,77,41.25,65.75,227.0,297.88,314.0,149.25,436.62,427.0,423.75,286.38,60.75,50.12
Concrete_0cm_S9,2026-04-02T20:44:01.497580,48,74,248,332,355,167,499,475,474,333,70,59,35,55,219,285,304,146,419,403,404,272,57,49,13,26,146,185,202,85,286,281,271,181,27,17,43,79,245,327,341,162,470,470,445,307,79,54,47,69,256,320,349,171,484,481,468,322,75,55,18,33,156,201,210,93,303,294,293,193,28,21,51,86,269,363,370,174,514,507,520,325,71,69,75,104,277,371,381,195,519,505,515,359,80,77,41.25,65.75,227.0,298.0,314.0,149.12,436.75,427.0,423.75,286.5,60.88,50.12
Concrete_0cm_S9,2026-04-02T20:44:01.652534,48,74,248,332,355,167,499,474,474,333,70,59,35,55,218,284,304,147,419,403,404,272,57,49,13,26,146,186,202,85,286,281,271,180,27,17,43,79,245,327,341,162,470,470,445,307,79,54,47,69,256,320,349,171,484,481,468,322,75,55,18,33,156,201,210,93,302,294,293,193,28,21,51,86,270,364,370,174,515,507,520,325,71,69,75,104,277,371,382,195,519,505,516,359,79,77,41.25,65.75,227.0,298.12,314.12,149.25,436.75,426.88,423.88,286.38,60.75,50.12
Concrete_0cm_S9,2026-04-02T20:44:01.831007,48,74,248,332,355,167,499,474,474,333,70,59,35,55,218,284,304,147,419,403,404,272,57,49,13,26,146,186,202,85,286,281,271,180,27,17,43,79,246,327,341,162,470,470,444,306,79,54,47,69,255,319,349,171,484,481,468,321,74,55,17,33,157,201,210,93,302,294,292,193,28,21,51,86,270,363,370,174,514,506,520,325,71,69,75,104,277,371,381,195,519,505,515,360,80,77,41.12,65.75,227.12,297.88,314.0,149.25,436.62,426.75,423.5,286.25,60.75,50.12
Concrete_0cm_S9,2026-04-02T20:44:01.985667,48,75,248,332,355,167,500,475,475,333,70,59,35,55,219,284,304,146,419,403,404,272,57,49,12,26,146,185,202,85,286,281,271,180,27,17,43,79,245,326,341,162,470,470,445,306,79,54,47,69,256,319,349,171,484,481,468,322,75,55,17,33,157,201,210,93,302,294,292,193,28,21,51,86,270,363,370,174,514,506,520,325,71,69,75,104,277,371,381,195,519,505,515,360,80,77,41.0,65.88,227.25,297.62,314.0,149.12,436.75,426.88,423.75,286.38,60.88,50.12
Concrete_0cm_S9,2026-04-02T20:44:02.135715,48,74,248,332,355,167,499,475,474,333,69,59,35,55,219,285,303,146,419,402,404,272,57,49,13,26,145,185,202,85,285,281,271,180,27,17,43,79,245,326,341,162,470,470,445,306,79,54,47,69,255,320,349,171,484,480,467,322,75,55,18,33,157,201,211,93,302,294,293,193,28,21,51,86,270,363,370,174,514,506,520,325,71,69,75,104,277,371,381,195,519,505,515,359,80,77,41.25,65.75,227.0,297.88,314.0,149.12,436.5,426.62,423.62,286.25,60.75,50.12
Concrete_0cm_S9,2026-04-02T20:44:02.333414,48,74,248,332,355,167,499,474,474,333,70,59,35,55,219,285,304,146,419,403,404,272,57,49,13,26,145,185,202,85,285,281,271,180,27,17,43,79,245,326,341,162,470,470,445,306,79,54,47,69,255,320,349,171,484,481,468,321,74,55,18,33,157,201,210,93,302,294,292,193,28,21,51,86,270,363,370,174,514,507,520,325,71,69,75,104,277,371,381,195,519,506,515,359,80,78,41.25,65.75,227.0,297.88,314.0,149.12,436.5,427.0,423.62,286.12,60.75,50.25
Concrete_0cm_S9,2026-04-02T20:44:02.472427,48,74,248,332,355,167,499,474,474,333,70,59,35,55,219,285,304,146,419,403,404,272,57,49,13,26,146,185,202,85,286,281,271,180,27,17,43,79,245,327,341,163,470,470,445,306,79,54,47,69,256,319,350,171,485,481,468,322,74,55,18,33,156,201,211,93,302,294,292,193,28,21,51,86,269,364,370,174,514,507,521,325,71,69,75,104,277,371,382,195,519,505,515,359,80,77,41.25,65.75,227.0,298.0,314.38,149.25,436.75,426.88,423.75,286.25,60.75,50.12
Concrete_0cm_S9,2026-04-02T20:44:02.616568,48,74,248,332,355,167,499,474,474,333,70,59,35,55,219,285,304,146,419,403,404,272,57,49,13,26,146,185,202,85,286,281,271,180,27,17,43,79,245,327,341,163,470,470,445,306,79,54,47,69,256,319,350,171,485,481,468,322,74,55,18,33,156,201,211,93,302,294,292,193,28,21,51,86,269,364,370,174,514,507,521,325,71,69,75,104,277,371,382,195,519,505,515,359,80,77,41.25,65.75,227.0,298.0,314.38,149.25,436.75,426.88,423.75,286.25,60.75,50.12
Concrete_0cm_S9,2026-04-02T20:44:02.758147,48,74,248,332,356,167,499,474,474,333,69,59,35,55,220,284,304,146,420,402,405,272,57,49,13,26,145,185,202,85,285,281,271,180,27,17,43,79,245,326,341,162,469,469,445,306,79,54,47,69,255,320,349,171,485,481,468,321,75,55,18,33,157,201,210,93,302,294,292,193,28,21,51,86,269,363,370,174,514,507,520,325,71,69,75,104,277,371,381,195,519,505,515,359,80,77,41.25,65.75,227.0,297.75,314.12,149.12,436.62,426.62,423.75,286.12,60.75,50.12
Concrete_0cm_S9,2026-04-02T20:44:02.917628,48,75,248,332,355,167,499,475,474,334,70,59,35,55,219,284,304,146,419,402,404,272,57,49,13,26,145,185,202,85,286,281,271,181,27,17,43,79,245,326,341,162,470,470,444,307,79,54,47,69,255,320,349,171,484,481,468,322,75,55,17,33,156,201,210,93,302,294,293,193,28,21,51,86,269,363,370,174,514,507,521,325,71,69,75,104,277,371,381,195,520,505,515,360,80,77,41.12,65.88,226.75,297.75,314.0,149.12,436.75,426.88,423.75,286.75,60.88,50.12
Concrete_0cm_S9,2026-04-02T20:44:03.074761,48,75,248,332,355,167,499,475,474,334,69,59,35,55,219,284,304,146,419,402,404,272,57,49,13,26,145,185,202,85,286,281,271,181,27,17,43,79,245,326,341,162,470,470,444,307,79,54,47,69,255,320,349,171,484,481,468,322,75,55,17,33,156,201,210,93,302,294,293,193,28,21,51,86,269,363,370,174,514,507,521,325,71,69,75,104,277,371,381,195,520,505,515,360,80,77,41.12,65.88,226.75,297.75,314.0,149.12,436.75,426.88,423.75,286.75,60.75,50.12
Concrete_0cm_S9,2026-04-02T20:44:03.247791,48,75,248,332,356,167,499,475,474,333,69,59,35,55,220,285,304,146,419,403,404,272,57,49,13,26,145,186,202,85,285,280,271,180,27,17,43,79,245,327,341,162,470,470,445,307,79,54,47,69,255,320,349,170,485,481,468,321,75,55,17,33,157,201,210,93,302,293,293,193,28,21,51,86,270,363,370,174,514,507,521,325,71,69,75,104,277,371,381,195,520,505,515,360,80,77,41.12,65.88,227.12,298.12,314.12,149.0,436.75,426.75,423.88,286.38,60.75,50.12
Concrete_0cm_S9,2026-04-02T20:44:03.396072,48,75,248,332,355,167,499,474,474,333,70,59,35,55,220,285,304,146,419,403,404,272,57,49,13,26,145,186,202,85,285,280,271,180,27,17,43,79,245,327,341,162,470,470,445,307,79,54,47,69,255,320,349,170,485,481,468,321,75,55,17,33,157,201,210,93,302,293,293,193,28,21,51,86,270,363,370,174,514,507,521,325,71,69,75,104,277,371,382,195,519,505,516,359,80,77,41.12,65.88,227.12,298.12,314.12,149.0,436.62,426.62,424.0,286.25,60.88,50.12
Concrete_0cm_S9,2026-04-02T20:44:03.537660,48,75,248,332,355,167,499,474,474,333,70,59,35,55,220,285,304,146,419,403,404,272,57,49,13,26,145,185,202,85,285,281,271,180,27,17,43,79,246,326,341,162,470,470,445,307,79,54,47,69,255,320,349,170,485,481,468,321,75,55,17,33,157,201,210,93,302,293,293,193,28,21,51,86,270,363,370,174,514,507,521,325,71,69,75,104,277,371,382,195,519,505,516,359,80,77,41.12,65.88,227.25,297.88,314.12,149.0,436.62,426.75,424.0,286.25,60.88,50.12
Concrete_0cm_S9,2026-04-02T20:44:03.678774,48,75,248,332,355,167,499,474,474,333,70,59,35,55,220,285,304,146,419,403,404,272,57,49,13,26,145,185,202,85,285,281,271,180,27,17,43,79,246,326,341,162,470,470,445,307,79,54,47,69,255,320,349,170,485,481,468,321,75,55,17,33,157,201,210,93,302,293,293,193,28,21,51,86,270,363,370,174,514,507,521,325,71,69,75,104,277,371,382,195,519,505,516,359,80,77,41.12,65.88,227.25,297.88,314.12,149.0,436.62,426.75,424.0,286.25,60.88,50.12
Concrete_0cm_S9,2026-04-02T20:44:03.818158,48,75,248,332,355,167,499,475,474,333,70,59,35,55,219,285,304,146,419,403,404,272,57,49,13,26,146,185,202,85,285,281,271,180,27,17,43,79,245,327,341,162,470,470,445,306,79,54,47,69,256,320,349,171,484,481,468,322,75,55,18,33,157,201,210,93,302,294,293,193,28,21,51,86,269,363,370,174,514,507,520,325,71,69,75,104,277,371,381,195,519,505,515,359,80,77,41.25,65.88,227.12,298.0,314.0,149.12,436.5,427.0,423.75,286.25,60.88,50.12
Concrete_0cm_S9,2026-04-02T20:44:03.971650,48,75,248,332,356,167,499,474,474,333,70,59,35,55,220,284,304,146,419,403,404,272,57,49,13,26,145,185,202,85,285,281,271,180,27,17,43,79,245,327,341,162,470,470,445,306,79,54,47,69,256,320,349,171,485,480,468,321,74,55,18,33,157,201,210,93,302,294,293,193,28,21,51,85,270,364,370,174,514,507,520,325,71,69,75,104,277,371,381,195,519,505,515,359,80,77,41.25,65.75,227.25,298.0,314.12,149.12,436.62,426.75,423.75,286.12,60.75,50.12
Concrete_0cm_S9,2026-04-02T20:44:04.127243,48,75,248,332,356,167,499,474,474,333,70,59,35,55,220,284,304,146,419,403,404,272,57,49,13,26,145,185,202,85,285,281,271,180,27,17,43,79,245,327,341,162,470,470,445,306,79,54,47,69,256,320,349,171,485,480,468,321,74,55,18,33,157,201,210,93,302,294,293,193,28,21,51,85,270,364,370,174,514,507,520,325,71,69,75,104,277,371,381,195,519,505,515,359,80,77,41.25,65.75,227.25,298.0,314.12,149.12,436.62,426.75,423.75,286.12,60.75,50.12
Concrete_0cm_S9,2026-04-02T20:44:04.278602,48,75,248,332,356,167,499,474,474,333,70,59,35,55,220,284,304,146,419,403,404,272,57,49,13,26,145,185,202,85,285,281,271,180,27,17,43,79,245,327,341,162,470,470,445,306,79,54,47,69,256,320,349,171,485,480,468,321,74,55,18,33,157,201,210,93,302,294,293,193,28,21,51,85,270,364,370,174,514,507,520,325,71,69,75,104,277,371,381,195,519,505,515,359,80,77,41.25,65.75,227.25,298.0,314.12,149.12,436.62,426.75,423.75,286.12,60.75,50.12
Concrete_0cm_S9,2026-04-02T20:44:04.432756,48,75,248,332,355,168,499,475,474,333,70,59,35,55,220,285,304,146,420,403,404,272,57,49,13,26,145,186,202,85,285,281,271,180,27,17,43,79,245,327,341,162,470,470,445,306,79,54,47,69,256,320,349,171,485,480,468,321,74,55,18,33,157,201,210,93,302,294,293,193,28,21,51,85,270,364,370,174,514,507,520,325,71,69,75,104,277,371,381,195,519,505,515,359,80,77,41.25,65.75,227.25,298.25,314.0,149.25,436.75,426.88,423.75,286.12,60.75,50.12
Concrete_0cm_S9,2026-04-02T20:44:04.591540,48,75,248,332,355,167,499,475,474,333,70,59,35,55,220,285,303,146,419,403,404,272,57,49,13,26,145,185,202,85,285,281,271,180,27,17,43,79,245,326,341,162,470,470,445,307,79,54,47,69,256,319,349,171,484,481,468,322,74,55,17,33,157,201,210,93,303,294,293,193,28,21,51,85,269,363,371,174,514,505,520,325,71,69,75,104,277,371,381,195,519,505,515,359,80,77,41.12,65.75,227.12,297.75,314.0,149.12,436.62,426.75,423.75,286.38,60.75,50.12
Concrete_0cm_S9,2026-04-02T20:44:04.750293,48,75,248,333,355,167,499,474,475,333,70,59,35,55,220,285,304,146,418,403,405,272,57,49,13,26,145,185,202,85,285,281,271,180,27,17,43,79,245,326,341,162,470,470,445,307,79,54,47,69,256,319,349,171,484,481,468,322,74,55,17,33,157,201,210,93,303,294,293,193,28,21,51,85,269,363,371,174,514,505,520,325,71,69,75,104,277,371,382,195,520,505,515,359,80,77,41.12,65.75,227.12,297.88,314.25,149.12,436.62,426.62,424.0,286.38,60.75,50.12
Concrete_0cm_S9,2026-04-02T20:44:04.888237,48,74,248,332,355,167,499,475,474,333,70,59,35,55,220,285,304,146,418,403,405,272,57,49,13,26,145,186,202,85,285,281,271,180,27,17,43,79,245,327,341,163,469,469,445,307,79,54,47,69,255,320,349,170,485,479,468,321,75,55,18,33,157,201,210,93,302,293,292,193,28,21,52,86,270,363,370,174,514,507,520,325,71,69,75,104,277,371,382,195,519,505,515,360,80,77,41.38,65.75,227.12,298.12,314.12,149.12,436.38,426.5,423.75,286.38,60.88,50.12
Concrete_0cm_S9,2026-04-02T20:44:05.034416,48,74,248,332,355,167,499,475,474,333,70,59,35,55,220,285,304,146,418,403,405,272,57,49,13,26,145,186,202,85,285,281,271,180,27,17,43,79,245,327,341,163,469,469,445,307,79,54,47,69,255,320,349,170,485,479,468,321,75,55,18,33,157,201,210,93,302,293,292,193,28,21,52,86,270,363,370,174,514,507,520,325,71,69,75,104,277,371,382,195,519,505,515,360,80,77,41.38,65.75,227.12,298.12,314.12,149.12,436.38,426.5,423.75,286.38,60.88,50.12
Concrete_0cm_S9,2026-04-02T20:44:05.201006,48,74,248,332,355,167,499,475,474,333,70,59,35,55,219,285,304,146,419,402,405,272,57,49,12,26,145,185,202,84,285,281,271,180,27,17,43,79,245,326,341,162,470,470,445,306,79,54,47,69,256,319,349,171,484,481,468,321,74,55,18,33,157,201,210,93,302,294,293,193,28,21,51,86,269,363,370,174,514,507,520,324,71,69,75,104,277,372,382,195,519,506,515,360,80,78,41.12,65.75,227.0,297.88,314.12,149.0,436.5,427.0,423.88,286.12,60.75,50.25
Concrete_0cm_S9,2026-04-02T20:44:05.347748,48,74,248,332,355,167,499,475,474,333,70,59,35,55,219,285,304,146,419,402,405,272,57,49,12,26,145,185,202,84,285,281,271,180,27,17,43,79,245,326,341,162,470,470,445,306,79,54,47,69,256,319,349,171,484,481,468,321,74,55,18,33,157,201,210,93,302,294,293,193,28,21,51,86,269,363,370,174,514,507,520,324,71,69,75,104,277,372,382,195,519,506,515,360,80,78,41.12,65.75,227.0,297.88,314.12,149.0,436.5,427.0,423.88,286.12,60.75,50.25
Concrete_0cm_S9,2026-04-02T20:44:05.511685,48,74,248,332,355,167,499,475,474,333,69,59,35,55,220,285,303,146,419,403,404,272,57,49,13,26,145,186,202,85,286,281,271,180,27,17,43,79,245,326,341,162,470,470,445,306,79,54,47,69,255,320,349,171,485,481,468,321,75,55,17,33,157,201,211,93,303,294,293,193,28,21,51,86,269,363,371,174,514,507,520,325,71,69,75,104,277,371,382,195,520,506,516,359,80,77,41.12,65.75,227.0,298.0,314.25,149.12,437.0,427.12,423.88,286.12,60.75,50.12
Concrete_0cm_S9,2026-04-02T20:44:05.667214,48,74,248,332,355,167,499,475,474,333,69,59,35,55,220,285,303,146,419,403,404,272,57,49,13,26,145,185,202,85,286,281,271,180,27,17,43,79,245,326,341,162,470,470,445,306,79,54,47,69,255,319,349,170,484,480,468,321,75,55,17,33,157,201,211,93,303,294,293,193,28,21,51,86,269,363,371,174,514,507,520,325,71,69,75,104,277,371,382,195,520,506,516,359,80,77,41.12,65.75,227.0,297.75,314.25,149.0,436.88,427.0,423.88,286.12,60.75,50.12
Concrete_0cm_S9,2026-04-02T20:44:05.828907,48,74,248,332,355,167,499,475,474,333,69,59,35,55,220,285,303,146,419,403,404,272,57,49,13,26,145,185,202,85,286,281,271,180,27,17,43,79,245,326,341,162,470,470,445,306,79,54,47,69,255,319,349,170,484,480,468,321,75,55,17,33,157,201,211,93,303,294,293,193,28,21,51,86,269,363,371,174,514,507,520,325,71,69,75,104,277,371,382,195,520,506,516,359,80,77,41.12,65.75,227.0,297.75,314.25,149.0,436.88,427.0,423.88,286.12,60.75,50.12
Concrete_0cm_S9,2026-04-02T20:44:05.977491,48,74,248,332,355,167,499,475,474,333,69,59,35,55,220,285,303,146,419,403,404,272,57,49,13,26,145,185,202,85,286,281,271,180,27,17,43,79,245,326,341,162,470,470,445,306,79,54,47,69,255,319,349,170,484,480,468,321,75,55,17,33,157,201,211,93,303,294,293,193,28,21,51,86,269,363,371,174,514,507,520,325,71,69,75,104,277,371,381,195,519,505,516,359,80,77,41.12,65.75,227.0,297.75,314.12,149.0,436.75,426.88,423.88,286.12,60.75,50.12
Concrete_0cm_S9,2026-04-02T20:44:06.132776,48,74,248,332,355,167,499,475,474,333,69,59,35,55,220,285,303,146,419,403,404,272,57,49,13,26,145,185,202,85,286,281,271,180,27,17,43,79,245,326,341,162,470,470,445,306,79,54,47,69,255,319,349,170,484,480,468,321,75,55,17,33,157,201,211,93,303,294,293,193,28,21,51,86,269,363,371,174,514,507,520,325,71,69,75,104,277,371,381,195,519,505,516,359,80,77,41.12,65.75,227.0,297.75,314.12,149.0,436.75,426.88,423.88,286.12,60.75,50.12
Concrete_0cm_S9,2026-04-02T20:44:06.286866,48,74,248,332,355,167,499,475,474,333,69,59,35,55,220,285,303,146,419,403,404,272,57,49,13,26,145,185,202,85,286,281,271,180,27,17,43,79,245,326,341,162,470,470,445,306,79,54,47,69,255,319,349,170,484,480,468,321,75,55,17,33,157,201,211,93,303,294,293,193,28,21,51,86,269,363,371,174,514,507,520,325,71,69,75,104,277,371,381,195,519,505,516,359,80,77,41.12,65.75,227.0,297.75,314.12,149.0,436.75,426.88,423.88,286.12,60.75,50.12
Concrete_0cm_S9,2026-04-02T20:44:06.436418,48,74,248,332,355,167,499,474,474,333,69,59,35,55,220,285,304,146,419,402,404,272,57,49,13,26,145,185,202,85,285,281,271,180,27,17,43,79,245,326,341,162,470,470,445,306,79,54,47,69,255,319,349,170,484,480,468,321,75,55,17,33,157,201,211,93,303,294,293,193,28,21,51,86,269,363,371,174,514,507,520,325,71,69,75,104,277,371,381,195,519,505,516,359,80,77,41.12,65.75,227.0,297.75,314.25,149.0,436.62,426.62,423.88,286.12,60.75,50.12
Concrete_0cm_S9,2026-04-02T20:44:06.591406,48,74,248,332,355,167,499,474,474,333,70,58,35,55,219,285,304,146,419,401,404,272,57,49,12,26,145,185,202,84,285,281,271,180,27,17,43,79,245,327,341,162,470,470,445,306,79,54,47,69,255,319,349,171,484,481,468,321,74,55,18,33,157,201,211,93,303,294,293,193,28,21,51,86,269,363,370,174,514,507,520,325,71,69,75,104,277,371,381,195,519,505,515,360,80,77,41.12,65.75,226.88,297.88,314.12,149.0,436.62,426.62,423.75,286.25,60.75,50.0
Concrete_0cm_S9,2026-04-02T20:44:06.747064,48,75,248,332,356,167,499,475,474,333,70,59,35,55,220,285,304,147,418,403,404,272,57,49,13,26,146,185,202,85,285,281,271,180,27,17,43,79,245,326,341,162,470,470,444,307,79,54,47,69,255,319,349,170,484,480,468,321,74,55,17,33,157,201,210,93,303,294,293,193,28,21,52,86,269,363,371,174,514,507,520,325,71,69,75,104,277,371,381,195,519,505,515,360,80,77,41.25,65.88,227.12,297.75,314.25,149.12,436.5,426.88,423.62,286.38,60.75,50.12
Concrete_0cm_S9,2026-04-02T20:44:06.909098,48,74,248,332,355,167,499,475,474,333,70,59,35,55,220,285,304,147,418,403,404,272,57,49,13,26,146,185,202,85,285,281,271,180,27,17,43,79,245,326,341,162,470,470,444,307,79,54,47,69,255,319,349,170,484,480,468,321,74,55,17,33,157,201,210,93,303,294,293,193,28,21,52,86,269,363,371,174,514,507,520,325,71,69,75,104,277,371,381,195,519,506,515,359,80,77,41.25,65.75,227.12,297.75,314.12,149.12,436.5,427.0,423.62,286.25,60.75,50.12
Concrete_0cm_S9,2026-04-02T20:44:07.107473,48,74,248,332,355,167,499,475,474,333,70,59,35,55,220,285,304,147,418,403,404,272,57,49,13,26,146,185,202,85,285,281,271,180,27,17,43,79,245,326,341,162,470,470,444,307,79,54,47,69,255,319,349,170,484,480,468,321,74,55,17,33,157,201,210,93,303,294,293,193,28,21,52,86,269,363,371,174,514,507,520,325,71,69,75,104,277,371,381,195,519,506,515,359,80,77,41.25,65.75,227.12,297.75,314.12,149.12,436.5,427.0,423.62,286.25,60.75,50.12
Concrete_0cm_S9,2026-04-02T20:44:07.258435,48,74,248,332,356,168,499,475,474,333,70,59,35,55,220,285,304,146,419,403,404,272,57,49,13,26,145,185,202,85,285,281,271,180,27,17,43,79,245,326,341,162,470,470,445,306,79,54,47,68,255,320,349,170,484,480,467,321,74,55,17,33,157,201,210,93,303,294,293,193,28,21,51,85,269,363,371,174,514,506,521,325,71,69,75,104,277,371,381,195,520,506,515,359,80,77,41.12,65.5,227.0,297.88,314.25,149.12,436.75,426.88,423.75,286.12,60.75,50.12
Concrete_0cm_S9,2026-04-02T20:44:07.416258,48,74,248,332,356,168,499,475,474,333,70,59,35,55,220,285,304,146,419,403,404,272,57,49,13,26,145,185,202,85,285,281,271,180,27,17,43,79,245,326,341,162,470,470,445,306,79,54,47,68,255,320,349,170,484,480,467,321,74,55,17,33,157,201,210,93,303,294,293,193,28,21,51,85,269,363,371,174,514,506,521,325,71,69,75,104,277,371,381,195,520,506,515,359,80,77,41.12,65.5,227.0,297.88,314.25,149.12,436.75,426.88,423.75,286.12,60.75,50.12
Concrete_0cm_S9,2026-04-02T20:44:07.565844,48,74,248,332,356,168,499,475,474,333,70,59,35,55,220,285,304,146,419,403,404,272,57,49,13,26,145,185,202,85,285,281,271,180,27,17,43,79,245,326,341,162,470,470,445,306,79,54,47,68,255,320,349,170,484,480,467,321,74,55,17,33,157,201,210,93,303,294,293,193,28,21,51,85,269,363,371,174,514,506,521,325,71,69,75,104,277,371,381,195,520,506,515,359,80,77,41.12,65.5,227.0,297.88,314.25,149.12,436.75,426.88,423.75,286.12,60.75,50.12
Concrete_0cm_S9,2026-04-02T20:44:07.722533,48,74,248,332,355,167,499,475,474,333,69,59,35,55,219,284,303,146,419,403,404,272,57,49,12,26,145,186,202,85,286,281,271,180,27,17,43,79,245,326,341,162,470,470,445,305,79,54,47,68,255,319,349,170,484,481,468,321,74,55,17,33,157,201,210,93,303,294,293,193,28,21,51,85,269,363,371,174,514,506,521,325,71,69,75,104,277,371,381,195,519,505,516,359,80,77,41.0,65.5,226.88,297.75,314.0,149.0,436.75,426.88,424.0,286.0,60.62,50.12
Concrete_0cm_S9,2026-04-02T20:44:07.863623,48,74,248,332,355,167,499,475,474,333,69,59,35,55,219,284,303,146,419,403,404,272,57,49,12,26,145,186,202,85,286,281,271,180,27,17,43,79,245,326,341,162,470,470,445,305,79,54,47,68,255,319,349,170,484,481,468,321,74,55,17,33,157,201,210,93,303,294,293,193,28,21,51,86,269,363,371,174,514,507,520,324,71,69,75,104,277,371,381,195,519,505,515,359,80,77,41.0,65.62,226.88,297.75,314.0,149.0,436.75,427.0,423.75,285.88,60.62,50.12
Concrete_0cm_S9,2026-04-02T20:44:08.062484,48,74,248,332,355,167,499,475,474,333,69,59,35,55,219,284,303,146,419,403,404,272,57,49,12,26,145,186,202,85,286,281,271,180,27,17,43,79,245,326,341,162,470,470,445,305,79,54,47,68,255,319,349,170,484,481,468,321,74,55,17,33,157,201,210,93,303,294,293,193,28,21,51,86,269,363,371,174,514,507,520,324,71,69,75,104,277,371,381,195,519,505,515,359,80,77,41.0,65.62,226.88,297.75,314.0,149.0,436.75,427.0,423.75,285.88,60.62,50.12
Concrete_0cm_S9,2026-04-02T20:44:08.220425,48,74,248,332,355,167,499,475,474,333,69,59,35,55,220,284,304,146,419,403,404,272,57,49,12,26,145,186,202,85,286,281,271,180,27,17,43,79,245,326,341,162,470,470,444,306,78,54,47,69,255,319,350,171,484,481,468,321,74,55,18,33,156,201,210,93,303,294,293,193,28,21,51,86,269,363,371,174,514,507,520,324,71,69,75,104,277,371,381,195,519,505,515,359,80,77,41.12,65.75,226.88,297.75,314.25,149.12,436.75,427.0,423.62,286.0,60.5,50.12
Concrete_0cm_S9,2026-04-02T20:44:08.374060,48,75,248,333,356,167,498,475,474,333,70,59,35,55,219,284,304,146,419,403,405,272,57,49,13,26,145,186,202,85,285,281,271,180,27,17,43,79,245,326,341,162,470,470,445,306,79,54,47,69,255,319,349,170,484,480,468,321,74,55,18,33,157,201,211,93,303,294,293,193,28,21,51,85,270,363,371,174,514,507,520,325,71,69,75,104,277,371,381,195,520,506,515,360,80,78,41.25,65.75,227.0,297.88,314.38,149.0,436.62,427.0,423.88,286.25,60.75,50.25
