label,timestamp,S0_405nm,S0_425nm,S0_450nm,S0_475nm,S0_515nm,S0_550nm,S0_555nm,S0_600nm,S0_640nm,S0_690nm,S0_745nm,S0_855nm,S1_405nm,S1_425nm,S1_450nm,S1_475nm,S1_515nm,S1_550nm,S1_555nm,S1_600nm,S1_640nm,S1_690nm,S1_745nm,S1_855nm,S2_405nm,S2_425nm,S2_450nm,S2_475nm,S2_515nm,S2_550nm,S2_555nm,S2_600nm,S2_640nm,S2_690nm,S2_745nm,S2_855nm,S3_405nm,S3_425nm,S3_450nm,S3_475nm,S3_515nm,S3_550nm,S3_555nm,S3_600nm,S3_640nm,S3_690nm,S3_745nm,S3_855nm,S4_405nm,S4_425nm,S4_450nm,S4_475nm,S4_515nm,S4_550nm,S4_555nm,S4_600nm,S4_640nm,S4_690nm,S4_745nm,S4_855nm,S5_405nm,S5_425nm,S5_450nm,S5_475nm,S5_515nm,S5_550nm,S5_555nm,S5_600nm,S5_640nm,S5_690nm,S5_745nm,S5_855nm,S6_405nm,S6_425nm,S6_450nm,S6_475nm,S6_515nm,S6_550nm,S6_555nm,S6_600nm,S6_640nm,S6_690nm,S6_745nm,S6_855nm,S7_405nm,S7_425nm,S7_450nm,S7_475nm,S7_515nm,S7_550nm,S7_555nm,S7_600nm,S7_640nm,S7_690nm,S7_745nm,S7_855nm,AVG_405nm,AVG_425nm,AVG_450nm,AVG_475nm,AVG_515nm,AVG_550nm,AVG_555nm,AVG_600nm,AVG_640nm,AVG_690nm,AVG_745nm,AVG_855nm
Concrete_0cm_S6,2026-04-02T20:38:09.355410,26,43,180,249,267,117,376,363,355,244,44,34,64,89,294,382,404,213,564,543,541,365,92,87,21,37,181,229,255,111,351,348,335,219,37,27,12,29,151,195,206,88,283,274,267,168,27,19,18,35,175,208,235,103,326,314,302,198,34,23,17,34,170,210,225,98,318,305,300,190,27,20,30,55,217,280,291,128,410,398,395,250,46,41,76,105,286,371,387,199,540,524,525,366,81,77,33.0,53.38,206.75,265.5,283.75,132.12,396.0,383.62,377.5,250.0,48.5,41.0
Concrete_0cm_S6,2026-04-02T20:38:09.465852,26,43,180,249,267,117,376,363,355,244,44,34,64,89,294,382,404,213,564,543,541,365,92,87,21,37,181,229,255,111,351,348,335,219,37,27,12,29,151,195,206,88,283,274,267,168,27,19,18,35,175,209,236,104,326,314,302,198,34,23,17,34,170,210,225,98,318,305,300,190,27,20,29,55,217,280,291,128,410,397,395,249,45,41,76,106,286,371,387,200,541,525,525,366,81,78,32.88,53.5,206.75,265.62,283.88,132.38,396.12,383.62,377.5,249.88,48.38,41.12
Concrete_0cm_S6,2026-04-02T20:38:09.568392,26,43,181,249,267,118,376,364,355,244,43,34,64,89,294,381,403,213,564,544,541,364,92,86,21,38,180,231,255,111,351,347,335,218,37,27,12,29,151,195,206,89,283,274,266,169,28,19,18,35,175,209,236,103,326,315,302,198,34,23,17,33,170,210,224,98,318,305,299,190,27,20,30,55,217,280,291,128,410,397,395,249,45,41,76,106,286,371,387,199,541,524,525,366,81,77,33.0,53.5,206.75,265.75,283.62,132.38,396.12,383.75,377.25,249.75,48.38,40.88
Concrete_0cm_S6,2026-04-02T20:38:09.669599,26,43,181,249,267,118,376,364,355,244,43,34,64,89,294,381,403,213,564,544,541,364,92,86,21,38,180,231,255,111,351,347,335,218,37,27,12,29,151,195,206,89,283,274,266,169,28,19,18,35,175,209,236,103,326,315,302,198,34,23,17,33,170,210,224,98,318,305,299,190,27,20,30,55,217,280,291,128,410,397,395,249,45,41,76,106,286,371,387,199,541,524,525,366,81,77,33.0,53.5,206.75,265.75,283.62,132.38,396.12,383.75,377.25,249.75,48.38,40.88
Concrete_0cm_S6,2026-04-02T20:38:09.760595,26,43,180,249,267,117,376,363,355,244,44,34,64,88,294,381,403,213,564,543,541,364,92,87,21,37,180,231,255,111,351,347,335,219,37,27,12,29,151,195,205,89,284,274,266,169,27,19,18,35,175,208,236,103,326,314,302,198,34,23,17,34,170,210,224,98,318,304,299,190,27,20,30,55,217,279,291,128,410,398,395,249,45,41,76,105,286,371,387,200,540,524,525,366,81,77,33.0,53.25,206.62,265.5,283.5,132.38,396.12,383.38,377.25,249.88,48.38,41.0
Concrete_0cm_S6,2026-04-02T20:38:09.858653,26,43,180,249,267,117,376,363,355,244,44,34,64,88,294,381,403,213,564,543,541,364,92,87,21,37,180,231,255,111,351,347,335,219,37,27,12,29,151,195,205,89,284,274,266,169,27,19,18,35,175,208,236,103,326,314,302,198,34,23,17,34,170,210,224,98,318,304,299,190,27,20,30,55,217,279,291,128,410,398,395,249,45,41,76,105,286,371,387,200,540,524,525,366,81,77,33.0,53.25,206.62,265.5,283.5,132.38,396.12,383.38,377.25,249.88,48.38,41.0
Concrete_0cm_S6,2026-04-02T20:38:09.962369,26,43,180,249,267,117,376,363,355,244,44,34,64,88,294,381,403,213,564,543,541,364,92,87,21,37,180,231,255,111,351,347,335,219,37,27,12,29,151,195,205,89,284,274,266,169,27,19,18,35,175,208,236,103,326,314,302,198,34,23,17,34,170,210,224,98,318,304,299,190,27,20,30,55,217,279,291,128,410,398,395,249,45,41,76,105,286,371,387,200,540,524,525,366,81,77,33.0,53.25,206.62,265.5,283.5,132.38,396.12,383.38,377.25,249.88,48.38,41.0
Concrete_0cm_S6,2026-04-02T20:38:10.066948,26,43,180,249,267,118,375,362,355,244,44,34,64,89,294,381,403,213,564,543,541,364,92,87,21,38,180,231,255,111,351,348,335,219,37,27,12,29,151,195,206,89,283,274,266,169,28,19,18,35,175,209,235,104,326,314,302,198,34,23,17,33,170,210,224,98,318,305,300,190,27,20,30,55,217,279,291,128,410,397,394,249,46,41,76,105,286,371,387,199,541,524,525,366,81,77,33.0,53.38,206.62,265.62,283.5,132.5,396.0,383.38,377.25,249.88,48.62,41.0
Concrete_0cm_S6,2026-04-02T20:38:10.171064,26,43,180,250,267,118,376,363,355,244,44,34,64,89,295,381,403,213,564,543,541,365,92,86,21,37,180,231,255,111,351,347,335,219,37,27,12,29,151,195,206,88,283,274,266,168,27,18,18,35,175,209,235,104,326,314,302,198,34,23,17,34,170,210,224,98,318,305,300,190,27,20,30,55,217,279,291,128,410,397,394,249,46,41,76,105,286,371,387,199,541,524,525,366,81,77,33.0,53.38,206.75,265.75,283.5,132.38,396.12,383.38,377.25,249.88,48.5,40.75
Concrete_0cm_S6,2026-04-02T20:38:10.309268,26,43,180,250,267,118,376,363,355,244,44,34,64,89,295,381,403,213,564,543,541,365,92,86,21,37,180,231,255,111,351,347,335,219,37,27,12,29,151,195,206,88,283,274,266,168,27,18,18,35,175,209,235,104,326,314,302,198,34,23,17,34,170,210,224,98,318,305,300,190,27,20,30,55,217,279,291,128,410,397,394,249,46,41,76,105,286,371,387,199,541,524,525,366,81,77,33.0,53.38,206.75,265.75,283.5,132.38,396.12,383.38,377.25,249.88,48.5,40.75
Concrete_0cm_S6,2026-04-02T20:38:10.412836,26,43,180,249,267,117,376,363,355,243,44,34,64,89,294,381,403,213,565,543,541,365,92,87,21,38,180,231,255,110,351,347,335,219,37,27,12,29,151,195,206,89,283,274,266,169,28,19,18,35,175,209,236,103,326,314,302,198,34,23,17,33,170,210,225,98,318,305,299,190,27,20,29,54,217,280,291,128,410,397,395,249,45,41,76,105,286,371,386,200,541,525,524,366,81,77,32.88,53.25,206.62,265.75,283.62,132.25,396.25,383.5,377.12,249.88,48.5,41.0
Concrete_0cm_S6,2026-04-02T20:38:10.514660,26,43,180,249,267,117,376,363,355,243,44,34,64,89,294,381,403,213,565,543,541,365,92,87,21,38,180,231,255,110,351,347,335,219,37,27,12,29,151,195,206,89,283,274,266,169,28,19,18,35,175,209,236,103,326,314,302,198,34,23,17,33,170,210,225,98,318,305,299,190,27,20,29,54,217,280,291,128,410,397,395,249,45,41,76,105,286,371,386,200,541,525,524,366,81,77,32.88,53.25,206.62,265.75,283.62,132.25,396.25,383.5,377.12,249.88,48.5,41.0
Concrete_0cm_S6,2026-04-02T20:38:10.614425,26,43,180,249,267,117,376,363,355,244,44,34,64,89,295,382,404,213,565,544,541,365,92,86,21,37,180,231,255,110,351,347,335,219,37,27,12,29,151,195,206,88,283,274,266,168,27,18,18,35,175,209,236,104,326,314,302,198,34,23,17,34,170,209,224,98,319,305,299,190,27,20,30,55,217,280,291,129,409,397,395,249,45,41,75,105,285,370,387,199,540,524,524,366,81,77,32.88,53.38,206.62,265.62,283.75,132.25,396.12,383.5,377.12,249.88,48.38,40.75
Concrete_0cm_S6,2026-04-02T20:38:10.717472,26,43,180,249,267,117,376,363,355,244,44,34,64,89,295,382,404,213,565,544,541,365,92,86,21,37,180,231,255,110,351,347,335,219,37,27,12,29,151,195,206,88,283,274,266,168,27,18,18,35,175,209,236,104,326,314,302,198,34,23,17,34,170,209,224,98,319,305,299,190,27,20,30,55,217,280,291,129,409,397,395,249,45,41,75,105,285,370,387,199,540,524,524,366,81,77,32.88,53.38,206.62,265.62,283.75,132.25,396.12,383.5,377.12,249.88,48.38,40.75
Concrete_0cm_S6,2026-04-02T20:38:10.810977,26,43,180,249,267,118,376,363,355,244,43,34,64,89,294,381,403,213,564,543,541,364,92,86,21,37,180,231,255,110,351,347,335,219,37,27,12,29,151,195,206,89,283,274,266,169,28,18,18,35,175,209,235,103,325,314,302,197,34,23,17,34,170,210,224,98,318,305,299,190,27,20,29,55,217,279,291,128,410,398,394,249,45,41,76,105,286,371,386,199,540,524,525,366,81,77,32.88,53.38,206.62,265.62,283.38,132.25,395.88,383.5,377.12,249.75,48.38,40.75
Concrete_0cm_S6,2026-04-02T20:38:10.908822,26,43,180,249,267,118,376,363,355,244,43,34,64,89,294,381,403,213,564,543,541,364,92,86,21,37,180,231,255,110,351,347,335,219,37,27,12,29,151,195,206,89,283,274,266,169,28,18,18,35,175,209,235,103,325,314,302,197,34,23,17,34,170,210,224,98,318,305,299,190,27,20,29,55,217,279,291,128,410,398,394,249,45,41,76,105,286,371,386,199,540,524,525,366,81,77,32.88,53.38,206.62,265.62,283.38,132.25,395.88,383.5,377.12,249.75,48.38,40.75
Concrete_0cm_S6,2026-04-02T20:38:11.010666,26,43,180,249,267,117,376,363,355,243,44,34,64,89,294,381,403,213,564,543,541,364,92,86,21,37,180,230,255,110,351,347,335,219,37,27,12,28,151,195,205,88,282,274,266,169,27,19,17,35,175,209,236,103,326,314,302,198,34,23,17,34,169,210,225,98,318,305,300,190,27,20,29,54,217,280,291,128,410,398,395,249,46,41,75,105,286,371,387,200,541,524,524,366,81,78,32.62,53.12,206.5,265.62,283.62,132.12,396.0,383.5,377.25,249.75,48.5,41.0
Concrete_0cm_S6,2026-04-02T20:38:11.116033,26,43,180,249,267,117,376,363,355,243,44,34,64,89,294,381,403,213,564,543,541,364,92,86,21,37,180,230,255,110,351,347,335,219,37,27,12,28,151,195,205,88,282,274,266,169,27,19,17,35,175,209,236,103,326,314,302,198,34,23,17,34,169,210,225,98,318,305,300,190,27,20,29,54,217,280,291,128,410,398,395,249,46,41,75,105,286,371,387,200,541,524,524,366,81,78,32.62,53.12,206.5,265.62,283.62,132.12,396.0,383.5,377.25,249.75,48.5,41.0
Concrete_0cm_S6,2026-04-02T20:38:11.215680,26,43,180,249,268,118,376,363,355,244,44,34,64,89,294,382,403,213,564,543,541,364,92,87,21,37,180,231,255,110,350,347,335,219,37,27,12,29,151,195,206,89,283,274,266,169,28,19,18,35,175,209,236,104,326,314,302,198,34,23,17,33,170,210,225,98,318,305,300,190,27,20,29,55,217,280,291,128,410,397,394,249,45,41,76,105,286,371,387,200,540,524,525,365,82,78,32.88,53.25,206.62,265.88,283.88,132.5,395.88,383.38,377.25,249.75,48.62,41.12
Concrete_0cm_S6,2026-04-02T20:38:11.312758,26,43,180,249,268,118,376,363,355,244,44,34,64,89,294,382,403,213,564,543,541,364,92,87,21,37,180,231,255,110,350,347,335,219,37,27,12,29,151,195,206,89,283,274,266,169,28,19,18,35,175,209,236,104,326,314,302,198,34,23,17,33,170,210,225,98,318,305,300,190,27,20,29,55,217,280,291,128,410,397,394,249,45,41,76,105,286,371,387,200,540,524,525,365,82,78,32.88,53.25,206.62,265.88,283.88,132.5,395.88,383.38,377.25,249.75,48.62,41.12
Concrete_0cm_S6,2026-04-02T20:38:11.430359,25,43,180,249,267,117,376,363,355,244,44,34,64,89,295,382,404,214,565,543,541,364,92,87,21,37,180,231,255,110,350,347,335,218,37,27,12,29,151,195,206,89,283,274,266,169,27,19,18,35,175,209,236,103,325,314,302,198,34,23,17,34,170,210,225,98,318,305,300,190,27,20,29,55,217,279,291,128,409,397,395,249,45,41,76,106,286,371,387,200,541,524,525,367,82,77,32.75,53.5,206.75,265.75,283.88,132.38,395.88,383.38,377.38,249.88,48.5,41.0
Concrete_0cm_S6,2026-04-02T20:38:11.530031,26,43,180,249,267,117,376,363,355,244,44,34,64,89,294,381,404,213,564,543,541,365,92,86,21,37,180,231,255,111,350,347,335,219,37,27,12,29,151,195,206,89,283,274,266,169,28,19,18,35,175,209,236,103,325,314,302,198,34,23,17,33,170,210,225,98,318,305,300,190,27,20,29,55,218,280,292,128,410,398,394,249,46,42,76,105,286,371,387,200,542,525,525,367,82,78,32.88,53.25,206.75,265.75,284.0,132.38,396.0,383.62,377.25,250.12,48.75,41.12
Concrete_0cm_S6,2026-04-02T20:38:11.632653,26,43,180,249,267,117,376,363,355,244,44,34,64,89,294,381,404,213,564,543,541,365,92,86,21,37,180,231,255,111,350,347,335,219,37,27,12,29,151,195,206,89,283,274,266,169,28,19,18,35,175,209,235,104,326,314,302,198,34,23,17,34,170,210,224,98,318,305,300,190,27,20,29,55,217,279,291,129,409,398,395,249,46,41,74,105,286,370,387,199,541,525,524,366,81,78,32.62,53.38,206.62,265.5,283.62,132.5,395.88,383.62,377.25,250.0,48.62,41.0
Concrete_0cm_S6,2026-04-02T20:38:11.732018,26,43,180,249,267,117,376,363,355,244,44,34,64,89,294,381,404,213,564,543,541,365,92,86,21,37,180,231,255,111,350,347,335,219,37,27,12,29,151,195,206,89,283,274,266,169,28,19,18,35,175,209,235,104,326,314,302,198,34,23,17,34,170,210,224,98,318,305,300,190,27,20,29,55,217,279,291,129,409,398,395,249,46,41,74,105,286,370,387,199,541,525,524,366,81,78,32.62,53.38,206.62,265.5,283.62,132.5,395.88,383.62,377.25,250.0,48.62,41.0
Concrete_0cm_S6,2026-04-02T20:38:11.829332,26,43,180,249,268,117,377,363,355,243,43,34,64,89,294,381,404,213,564,543,541,365,92,86,21,37,180,231,255,111,350,347,335,219,37,27,12,29,151,195,206,89,283,274,266,169,28,19,18,35,175,209,235,104,326,314,302,198,34,23,17,33,170,210,224,98,318,305,300,190,27,20,29,55,217,279,291,129,409,398,395,249,46,41,74,105,286,370,387,199,541,525,524,366,81,78,32.62,53.25,206.62,265.5,283.75,132.5,396.0,383.62,377.25,249.88,48.5,41.0
Concrete_0cm_S6,2026-04-02T20:38:11.927392,26,43,180,249,268,117,377,363,355,243,43,34,64,89,294,381,403,213,564,543,541,364,92,87,21,37,180,231,255,111,350,347,335,219,37,27,12,29,151,195,206,89,283,274,266,169,27,19,18,35,175,209,235,103,326,314,302,198,34,23,17,34,170,210,225,98,318,305,300,190,27,20,30,55,217,279,291,128,410,398,394,249,46,41,74,105,286,370,387,199,541,525,524,366,81,78,32.75,53.38,206.62,265.5,283.75,132.25,396.12,383.62,377.12,249.75,48.38,41.12
Concrete_0cm_S6,2026-04-02T20:38:12.028693,26,43,180,249,267,117,376,363,355,244,43,34,64,89,294,382,404,213,565,544,541,365,92,87,21,37,180,231,255,111,350,347,335,219,37,27,12,29,151,195,206,89,283,274,266,169,27,19,18,35,175,209,235,103,326,314,302,198,34,23,17,34,170,210,225,98,318,305,300,190,27,20,30,55,217,279,291,128,410,398,394,249,46,41,76,105,285,371,387,199,540,524,525,366,82,77,33.0,53.38,206.5,265.75,283.75,132.25,396.0,383.62,377.25,250.0,48.5,41.0
Concrete_0cm_S6,2026-04-02T20:38:12.142190,26,43,180,249,267,117,376,363,355,244,43,34,64,89,294,382,404,213,565,544,541,365,92,87,21,37,180,231,255,111,350,347,335,219,37,27,12,29,151,195,206,89,283,274,266,169,27,19,18,35,175,209,235,103,326,314,302,198,34,23,17,34,170,210,225,98,318,305,300,190,27,20,30,55,217,279,291,128,410,398,394,249,46,41,76,105,285,371,387,199,540,524,525,366,82,77,33.0,53.38,206.5,265.75,283.75,132.25,396.0,383.62,377.25,250.0,48.5,41.0
Concrete_0cm_S6,2026-04-02T20:38:12.243863,26,43,180,249,267,117,376,363,355,243,43,34,64,89,294,381,403,213,564,542,541,364,92,87,21,37,180,231,255,110,350,347,335,219,37,27,12,29,151,195,206,89,283,274,266,169,27,19,18,35,175,209,235,103,326,315,302,198,34,23,17,34,170,210,225,98,318,305,299,190,27,20,30,55,217,280,291,129,410,397,394,249,46,41,75,106,285,371,387,199,540,524,525,366,81,77,32.88,53.5,206.5,265.75,283.62,132.25,395.88,383.38,377.12,249.75,48.38,41.0
Concrete_0cm_S6,2026-04-02T20:38:12.352556,26,43,180,249,267,118,376,363,355,244,44,34,64,88,294,381,403,213,564,543,541,364,92,86,21,37,181,231,255,110,351,347,335,219,37,27,12,29,151,195,206,89,283,274,266,169,27,19,18,35,175,209,235,103,326,315,302,198,34,23,17,34,170,210,225,98,318,305,300,190,27,20,29,54,217,280,292,128,410,397,395,249,46,41,76,105,285,371,387,199,541,524,525,366,81,78,32.88,53.12,206.62,265.75,283.75,132.25,396.12,383.5,377.38,249.88,48.5,41.0
Concrete_0cm_S6,2026-04-02T20:38:12.465892,26,43,180,249,267,118,376,363,355,244,44,34,64,88,294,381,403,213,564,543,541,364,92,86,21,37,181,231,255,110,351,347,335,219,37,27,12,29,151,195,206,89,283,274,266,169,27,19,18,35,175,209,236,104,326,314,302,198,34,23,17,33,170,209,224,98,319,305,299,190,27,20,29,55,217,280,291,128,410,397,395,249,45,41,75,105,285,371,387,199,540,525,524,366,81,77,32.75,53.12,206.62,265.62,283.62,132.38,396.12,383.5,377.12,249.88,48.38,40.88
Concrete_0cm_S6,2026-04-02T20:38:12.572956,26,43,180,249,267,118,376,363,355,244,44,34,64,88,294,381,403,213,564,543,541,364,92,86,21,37,181,231,255,110,351,347,335,219,37,27,12,29,151,195,206,89,283,274,266,169,27,19,18,35,175,209,236,104,326,314,302,198,34,23,17,33,170,209,224,98,319,305,299,190,27,20,29,55,217,280,291,128,410,397,395,249,45,41,75,105,285,371,387,199,540,525,524,366,81,77,32.75,53.12,206.62,265.62,283.62,132.38,396.12,383.5,377.12,249.88,48.38,40.88
Concrete_0cm_S6,2026-04-02T20:38:12.683391,26,43,180,249,267,117,376,363,355,243,43,34,64,89,295,382,404,213,564,543,541,364,92,86,21,37,180,230,255,110,350,347,335,219,37,27,12,29,151,195,206,89,283,274,266,169,28,18,18,35,175,209,236,104,326,315,302,198,34,23,17,34,170,210,225,98,318,305,299,190,27,20,29,55,217,280,291,128,410,397,395,249,45,41,75,105,285,371,386,199,541,525,525,366,81,77,32.75,53.38,206.62,265.75,283.75,132.25,396.0,383.62,377.25,249.75,48.38,40.75
Concrete_0cm_S6,2026-04-02T20:38:12.890023,26,43,180,249,267,117,376,363,355,244,44,34,64,89,294,382,403,214,564,543,541,364,92,87,21,37,180,231,255,110,351,347,334,219,37,27,12,29,151,195,206,88,283,274,266,168,28,19,18,35,175,209,236,104,326,314,302,198,34,23,17,33,170,209,224,98,318,305,300,190,27,20,29,55,217,280,291,128,409,398,395,249,46,41,76,105,285,371,387,199,541,524,525,366,81,77,32.88,53.25,206.5,265.75,283.62,132.25,396.0,383.5,377.25,249.75,48.62,41.0
Concrete_0cm_S6,2026-04-02T20:38:12.999557,26,43,180,249,267,117,376,363,355,244,44,34,64,89,294,382,403,214,564,543,541,364,92,87,21,37,180,231,255,110,351,347,334,219,37,27,12,29,151,195,206,88,283,274,266,168,28,19,18,35,175,209,236,104,326,314,302,198,34,23,17,34,170,210,225,98,318,305,299,190,27,20,30,55,217,279,290,128,409,398,395,249,45,41,76,106,286,371,387,200,541,524,525,366,81,77,33.0,53.5,206.62,265.75,283.62,132.38,396.0,383.5,377.12,249.75,48.5,41.0
Concrete_0cm_S6,2026-04-02T20:38:13.140399,26,43,180,249,267,117,376,363,355,244,44,34,64,89,294,382,404,213,565,544,541,364,92,87,21,38,180,231,255,110,351,346,335,219,37,27,12,29,151,195,206,88,283,274,266,168,28,19,18,35,175,209,236,104,326,314,302,198,34,23,17,34,170,210,225,98,318,305,299,190,27,20,30,55,217,279,290,128,409,398,395,249,45,41,76,106,286,371,387,200,541,524,525,366,81,77,33.0,53.62,206.62,265.75,283.75,132.25,396.12,383.5,377.25,249.75,48.5,41.0
Concrete_0cm_S6,2026-04-02T20:38:13.261959,26,43,180,249,267,118,376,363,355,244,44,34,64,89,294,381,403,213,564,543,541,365,92,87,21,37,180,231,255,110,351,347,335,219,37,27,12,29,151,195,206,89,283,274,266,169,27,19,18,35,175,209,236,104,326,315,303,198,34,23,17,34,170,210,225,98,318,305,299,190,27,20,29,55,217,279,291,129,410,397,395,249,45,41,76,106,286,371,387,200,541,525,525,366,81,78,32.88,53.5,206.62,265.62,283.75,132.62,396.12,383.62,377.38,250.0,48.38,41.12
Concrete_0cm_S6,2026-04-02T20:38:13.373055,26,43,180,249,267,117,376,363,355,244,44,34,64,88,294,381,403,213,564,543,541,365,92,86,21,37,180,231,255,110,350,347,335,219,37,27,12,29,151,195,206,89,283,274,266,169,28,19,18,35,175,209,236,104,326,315,303,198,34,23,17,34,170,210,225,98,318,305,299,190,27,20,29,55,217,280,291,128,409,397,395,249,46,41,76,105,286,370,387,199,541,524,525,366,81,77,32.88,53.25,206.62,265.62,283.75,132.25,395.88,383.5,377.38,250.0,48.62,40.88
Concrete_0cm_S6,2026-04-02T20:38:13.489987,26,43,180,249,267,117,376,362,355,244,44,34,64,88,294,381,403,213,564,543,541,365,92,86,21,37,180,231,255,110,350,347,335,219,37,27,12,29,151,195,206,89,283,274,266,169,28,19,18,35,175,209,236,104,326,314,302,198,34,23,17,34,170,210,224,98,318,305,299,190,27,20,29,55,217,279,291,128,409,397,395,249,46,41,76,105,286,370,387,199,541,524,525,366,81,77,32.88,53.25,206.62,265.5,283.62,132.25,395.88,383.25,377.25,250.0,48.62,40.88
Concrete_0cm_S6,2026-04-02T20:38:13.598934,26,43,180,249,267,117,376,362,355,244,44,34,64,88,294,381,403,213,564,543,541,365,92,86,21,37,180,231,255,110,350,347,335,219,37,27,12,29,151,195,206,89,283,274,266,169,28,19,18,35,175,209,236,104,326,314,302,198,34,23,17,34,170,210,224,98,318,305,299,190,27,20,29,55,217,279,291,128,409,397,395,249,46,41,76,105,286,370,387,199,541,524,525,366,81,77,32.88,53.25,206.62,265.5,283.62,132.25,395.88,383.25,377.25,250.0,48.62,40.88
Concrete_0cm_S6,2026-04-02T20:38:13.691020,26,43,180,249,267,117,376,362,355,244,44,34,64,89,294,382,403,214,564,543,541,365,92,87,21,37,181,231,255,111,351,347,335,219,37,27,12,29,150,195,205,88,283,274,266,169,27,18,18,35,175,209,236,103,326,315,302,198,34,23,17,33,170,210,225,97,318,305,300,189,26,20,29,55,218,280,291,128,410,397,395,249,45,41,76,106,286,371,387,199,541,525,525,366,81,78,32.88,53.38,206.75,265.88,283.62,132.12,396.12,383.5,377.38,249.88,48.25,41.0
Concrete_0cm_S6,2026-04-02T20:38:13.795759,26,43,180,249,267,117,376,362,355,244,44,34,64,89,294,382,403,214,564,543,541,365,92,87,21,37,181,231,255,111,351,347,335,219,37,27,12,29,150,195,205,88,283,274,266,169,27,18,18,35,175,209,236,103,326,315,302,198,34,23,17,33,170,210,225,97,318,305,300,189,26,20,29,55,218,280,291,128,410,397,395,249,45,41,76,106,286,371,387,199,541,525,525,366,81,78,32.88,53.38,206.75,265.88,283.62,132.12,396.12,383.5,377.38,249.88,48.25,41.0
Concrete_0cm_S6,2026-04-02T20:38:13.895198,26,43,180,249,267,117,376,363,355,243,44,34,64,89,294,382,403,213,564,543,541,364,92,86,21,37,180,231,255,111,351,347,335,219,37,27,12,29,151,195,206,89,283,274,266,169,27,19,18,36,175,209,236,104,326,315,302,198,34,23,17,33,170,210,225,98,318,305,299,190,27,20,30,55,217,279,291,128,410,397,394,249,45,41,75,105,286,371,387,200,541,524,525,367,81,77,32.88,53.38,206.62,265.75,283.75,132.5,396.12,383.5,377.12,249.88,48.38,40.88
Concrete_0cm_S6,2026-04-02T20:38:13.992111,26,43,180,250,267,117,376,363,355,244,43,34,64,89,294,381,404,213,564,543,541,364,92,86,21,37,180,231,255,111,351,347,335,219,37,27,12,29,151,195,206,89,283,274,266,169,27,19,18,36,175,209,236,104,326,315,302,198,34,23,17,33,170,210,225,98,318,305,299,190,27,20,29,55,218,280,291,128,410,398,395,249,45,41,76,105,286,372,387,200,541,525,525,366,81,78,32.88,53.38,206.75,266.0,283.88,132.5,396.12,383.75,377.25,249.88,48.25,41.0
Concrete_0cm_S6,2026-04-02T20:38:14.089092,26,43,180,250,267,117,376,363,355,244,43,34,64,89,294,381,404,213,564,543,541,364,92,86,21,37,180,231,255,110,351,347,335,219,37,27,12,29,151,195,206,89,283,274,266,169,27,19,18,35,175,209,236,104,326,314,302,198,34,23,17,33,170,210,224,98,318,305,299,190,27,20,29,55,218,280,291,128,410,398,395,249,45,41,76,105,286,372,387,200,541,525,525,366,81,78,32.88,53.25,206.75,266.0,283.75,132.38,396.12,383.62,377.25,249.88,48.25,41.0
Concrete_0cm_S6,2026-04-02T20:38:14.218793,26,43,180,250,267,117,376,363,355,244,43,34,64,89,294,381,404,213,564,543,541,364,92,86,21,37,180,231,255,110,351,347,335,219,37,27,12,29,151,195,206,89,283,274,266,169,27,19,18,35,175,209,236,104,326,314,302,198,34,23,17,33,170,210,224,98,318,305,299,190,27,20,29,55,218,280,291,128,410,398,395,249,45,41,76,105,286,372,387,200,541,525,525,366,81,78,32.88,53.25,206.75,266.0,283.75,132.38,396.12,383.62,377.25,249.88,48.25,41.0
Concrete_0cm_S6,2026-04-02T20:38:14.312191,26,43,180,249,267,118,376,363,355,243,44,34,64,89,294,382,404,213,563,542,541,364,92,86,21,37,180,231,255,111,350,347,335,219,37,27,12,29,151,195,206,89,283,274,267,169,28,18,18,35,175,209,236,103,326,314,302,198,34,23,17,34,170,210,224,98,318,305,300,190,26,20,30,55,217,279,291,128,410,397,394,249,45,41,76,105,286,370,387,199,541,525,525,366,81,77,33.0,53.38,206.62,265.62,283.75,132.38,395.88,383.38,377.38,249.75,48.38,40.75
Concrete_0cm_S6,2026-04-02T20:38:14.422144,26,43,180,249,267,118,376,363,355,244,44,34,64,89,294,382,403,213,564,543,541,364,92,87,21,37,180,231,255,110,350,347,334,219,37,27,12,29,151,195,206,88,283,274,266,169,27,18,18,35,175,209,236,104,326,314,302,198,34,23,17,34,170,210,225,98,318,305,300,190,27,20,30,55,217,279,291,128,410,397,394,249,45,41,76,105,286,370,387,199,541,525,525,366,81,77,33.0,53.38,206.62,265.62,283.75,132.25,396.0,383.5,377.12,249.88,48.38,40.88
Concrete_0cm_S6,2026-04-02T20:38:14.524965,26,43,180,249,267,117,376,363,355,243,44,34,64,89,294,382,404,213,565,543,542,365,92,87,21,37,180,231,255,111,350,347,335,219,37,26,12,29,151,195,206,89,283,274,267,169,28,19,18,35,175,209,236,104,326,314,302,198,34,23,17,34,170,210,225,98,318,305,300,190,27,20,30,55,217,279,291,128,410,397,394,249,45,41,76,105,286,370,387,199,541,525,525,366,81,77,33.0,53.38,206.62,265.62,283.88,132.38,396.12,383.5,377.5,249.88,48.5,40.88
Concrete_0cm_S6,2026-04-02T20:38:14.625796,26,43,180,249,267,117,376,363,355,243,44,34,64,89,294,382,404,213,565,543,542,365,92,87,21,37,180,231,255,111,350,347,335,219,37,26,12,29,151,195,206,89,283,274,267,169,28,19,18,35,175,209,236,104,326,314,302,198,34,23,17,34,170,210,225,98,318,305,300,190,27,20,30,55,217,279,291,128,410,397,394,249,45,41,76,105,286,370,387,199,541,525,525,366,81,77,33.0,53.38,206.62,265.62,283.88,132.38,396.12,383.5,377.5,249.88,48.5,40.88
Concrete_0cm_S6,2026-04-02T20:38:14.722441,26,43,180,249,267,117,376,363,355,243,43,34,64,88,294,382,403,213,564,543,541,364,92,87,21,38,181,231,255,111,351,347,335,219,37,27,12,29,151,195,206,89,283,274,267,169,28,19,18,36,175,209,236,103,326,314,302,198,34,23,17,34,170,210,224,98,318,305,300,190,27,20,30,55,218,279,291,128,410,398,395,249,46,41,76,105,285,371,387,199,541,524,525,366,81,77,33.0,53.5,206.75,265.75,283.62,132.25,396.12,383.5,377.5,249.75,48.5,41.0
Concrete_0cm_S6,2026-04-02T20:38:14.815855,26,43,180,249,267,117,376,363,355,243,43,34,64,88,294,382,403,213,564,543,541,364,92,87,21,38,181,231,255,111,351,347,335,219,37,27,12,29,151,195,206,89,283,274,267,169,28,19,18,36,175,209,236,103,326,314,302,198,34,23,17,34,170,210,224,98,318,305,300,190,27,20,30,55,218,279,291,128,410,398,395,249,46,41,76,105,285,371,387,199,541,524,525,366,81,77,33.0,53.5,206.75,265.75,283.62,132.25,396.12,383.5,377.5,249.75,48.5,41.0
Concrete_0cm_S6,2026-04-02T20:38:14.951739,26,43,180,249,267,118,376,363,355,243,44,34,64,89,294,381,404,214,564,543,541,364,92,86,21,37,180,231,255,110,351,347,335,219,37,27,12,29,151,195,205,89,283,274,266,169,28,18,18,35,175,209,235,103,326,315,302,198,34,23,17,34,170,210,225,98,318,305,300,190,26,20,30,55,217,280,291,128,409,397,395,250,45,41,76,106,285,370,387,199,540,524,524,366,82,78,33.0,53.5,206.5,265.62,283.62,132.38,395.88,383.5,377.25,249.88,48.5,40.88
Concrete_0cm_S6,2026-04-02T20:38:15.093197,26,43,180,249,267,118,376,363,355,243,44,34,64,89,294,381,404,214,564,543,541,364,92,86,21,37,180,231,255,110,351,347,335,219,37,27,12,29,151,195,205,89,283,274,266,169,28,18,18,35,175,209,235,103,326,315,302,198,34,23,17,34,170,210,225,98,318,305,300,190,26,20,30,55,217,280,291,128,409,397,395,250,45,41,76,106,285,370,387,199,540,524,524,366,82,78,33.0,53.5,206.5,265.62,283.62,132.38,395.88,383.5,377.25,249.88,48.5,40.88
Concrete_0cm_S6,2026-04-02T20:38:15.207580,26,43,180,249,267,117,376,363,355,243,44,34,64,89,295,382,403,213,564,543,541,365,92,87,21,37,180,231,255,110,351,347,335,219,37,27,12,29,151,195,206,89,283,274,266,168,27,19,18,35,175,209,236,104,326,314,302,198,34,23,17,34,170,210,225,98,318,305,300,190,27,20,29,55,217,280,292,128,410,398,395,250,45,42,76,105,285,370,387,199,540,524,525,366,81,77,32.88,53.38,206.62,265.75,283.88,132.25,396.0,383.5,377.38,249.88,48.38,41.12
Concrete_0cm_S6,2026-04-02T20:38:15.315926,26,43,180,249,267,117,376,362,355,243,44,34,64,89,294,382,404,213,565,543,542,365,92,87,21,37,180,231,255,110,351,347,335,219,37,27,12,29,151,195,206,89,283,274,267,168,28,18,18,35,175,209,236,104,326,315,302,198,34,23,17,33,170,210,225,98,318,305,300,190,27,20,29,55,217,279,291,128,410,397,395,249,45,41,76,106,285,370,387,199,540,524,525,366,82,77,32.88,53.38,206.5,265.62,283.88,132.25,396.12,383.38,377.62,249.75,48.62,40.88
Concrete_0cm_S6,2026-04-02T20:38:15.425911,26,43,180,249,267,117,376,362,355,243,44,34,64,89,294,382,404,213,565,543,542,365,92,87,21,37,180,231,255,110,351,347,335,219,37,27,12,29,151,195,206,89,283,274,267,168,28,18,18,35,175,209,236,104,326,315,302,198,34,23,17,33,170,210,225,98,318,305,300,190,27,20,29,55,217,279,291,128,410,397,395,249,45,41,76,106,285,370,387,199,540,524,525,366,82,77,32.88,53.38,206.5,265.62,283.88,132.25,396.12,383.38,377.62,249.75,48.62,40.88
Concrete_0cm_S6,2026-04-02T20:38:15.523840,26,43,180,249,268,118,376,363,355,244,44,34,64,88,294,382,403,213,565,544,541,364,92,87,21,37,180,231,255,110,350,347,335,219,37,27,12,29,151,195,206,89,283,274,266,169,27,18,18,35,175,209,236,104,326,314,302,198,34,23,17,33,170,210,224,98,319,305,299,190,27,20,29,55,217,280,291,128,410,397,395,249,45,41,75,105,285,371,387,199,541,523,525,366,81,77,32.75,53.12,206.5,265.88,283.75,132.38,396.25,383.38,377.25,249.88,48.38,40.88
Concrete_0cm_S6,2026-04-02T20:38:15.625714,26,43,180,249,267,117,376,363,356,243,44,34,64,88,294,382,403,213,565,544,541,364,92,87,21,37,180,231,255,110,350,347,335,219,37,27,12,29,151,195,206,89,283,274,266,169,27,18,18,35,175,209,236,104,326,314,302,198,34,23,17,33,170,210,224,98,319,305,299,190,27,20,30,55,217,279,291,128,409,398,395,249,45,41,76,105,285,371,387,199,540,524,525,366,81,77,33.0,53.12,206.5,265.75,283.62,132.25,396.0,383.62,377.38,249.75,48.38,40.88
Concrete_0cm_S6,2026-04-02T20:38:15.734094,26,43,180,249,267,117,376,363,356,243,44,34,64,89,294,382,404,213,565,543,541,365,92,87,21,37,181,230,255,111,351,348,335,219,37,27,12,29,151,195,206,88,283,274,266,168,27,19,18,35,175,209,236,104,326,314,302,198,34,23,17,33,170,210,224,98,319,305,299,190,27,20,30,55,217,279,291,128,409,398,395,249,45,41,76,105,285,371,387,199,540,524,525,366,81,77,33.0,53.25,206.62,265.62,283.75,132.25,396.12,383.62,377.38,249.75,48.38,41.0
Concrete_0cm_S6,2026-04-02T20:38:15.832680,26,43,180,249,267,117,376,363,356,243,44,34,64,89,294,382,404,213,565,543,541,365,92,87,21,37,181,230,255,111,351,348,335,219,37,27,12,29,151,195,206,88,283,274,266,168,27,19,18,35,175,209,236,104,326,314,302,198,34,23,17,33,170,210,224,98,319,305,299,190,27,20,30,55,217,279,291,128,409,398,395,249,45,41,76,105,285,371,387,199,540,524,525,366,81,77,33.0,53.25,206.62,265.62,283.75,132.25,396.12,383.62,377.38,249.75,48.38,41.0
Concrete_0cm_S6,2026-04-02T20:38:15.934774,26,43,180,249,267,117,376,363,355,243,43,34,64,89,295,381,403,213,564,543,540,364,92,87,21,37,180,231,255,110,350,347,335,218,37,27,12,29,151,195,206,89,283,274,267,169,28,18,18,35,175,209,236,103,326,315,302,198,34,23,17,33,170,210,225,98,318,306,300,190,27,20,29,55,216,279,291,128,410,397,395,249,45,41,76,105,285,371,387,199,541,524,525,366,81,77,32.88,53.25,206.5,265.62,283.75,132.12,396.0,383.62,377.38,249.62,48.38,40.88
Concrete_0cm_S6,2026-04-02T20:38:16.044888,26,43,180,249,267,117,376,363,355,243,43,34,64,89,295,381,403,213,564,543,540,364,92,87,21,37,180,231,255,110,350,347,335,218,37,27,12,29,151,195,206,89,283,274,267,169,28,18,18,35,175,209,236,103,326,315,302,198,34,23,17,33,170,210,225,98,318,306,300,190,27,20,29,55,216,279,291,128,410,397,395,249,45,41,76,105,285,371,387,199,541,524,525,366,81,77,32.88,53.25,206.5,265.62,283.75,132.12,396.0,383.62,377.38,249.62,48.38,40.88
Concrete_0cm_S6,2026-04-02T20:38:16.147837,26,43,180,249,268,117,376,363,355,243,44,34,64,89,294,381,404,214,564,543,542,365,92,86,21,37,180,230,255,111,350,347,335,219,37,27,12,29,151,195,206,89,283,274,265,168,27,19,18,35,175,209,236,104,326,314,302,198,34,23,17,33,170,210,225,98,318,305,300,190,27,20,29,55,217,279,291,128,410,398,395,249,46,41,75,105,285,371,387,199,540,524,525,367,81,77,32.75,53.25,206.5,265.5,284.0,132.5,395.88,383.5,377.38,249.88,48.5,40.88
Concrete_0cm_S6,2026-04-02T20:38:16.272414,26,43,180,249,268,117,376,363,355,243,44,34,64,89,294,381,404,214,564,543,542,365,92,86,21,37,180,230,255,111,350,347,335,219,37,27,12,29,151,195,206,89,283,274,265,168,27,19,18,35,175,209,236,104,326,314,302,198,34,23,17,33,170,210,225,98,318,305,300,190,27,20,29,55,217,279,291,128,410,398,395,249,46,41,75,105,285,371,387,199,540,524,525,367,81,77,32.75,53.25,206.5,265.5,284.0,132.5,395.88,383.5,377.38,249.88,48.5,40.88
Concrete_0cm_S6,2026-04-02T20:38:16.369332,26,43,180,249,267,117,376,363,355,243,44,34,64,88,294,381,404,213,564,543,541,365,92,86,21,38,180,231,255,111,350,347,335,219,37,27,12,29,151,195,206,89,283,274,266,169,27,18,18,35,175,209,236,104,326,314,303,198,34,23,17,33,170,210,225,98,318,306,300,190,27,20,29,55,217,279,291,128,410,398,395,249,46,41,75,105,285,371,387,199,540,524,525,367,81,77,32.75,53.25,206.5,265.62,283.88,132.38,395.88,383.62,377.5,250.0,48.5,40.75
Concrete_0cm_S6,2026-04-02T20:38:16.469427,26,43,180,249,267,117,376,363,355,243,44,34,64,88,294,381,404,213,564,543,541,365,92,86,21,38,180,231,255,111,350,347,335,219,37,27,12,29,151,195,206,89,283,274,266,169,27,18,18,35,175,209,236,104,326,314,303,198,34,23,17,33,170,210,225,98,318,306,300,190,27,20,29,55,217,279,291,128,410,398,395,249,46,41,75,105,285,371,387,199,540,524,525,367,81,77,32.75,53.25,206.5,265.62,283.88,132.38,395.88,383.62,377.5,250.0,48.5,40.75
Concrete_0cm_S6,2026-04-02T20:38:16.563809,26,43,180,249,268,118,376,363,355,243,44,34,64,89,294,382,404,214,565,543,541,365,92,87,21,37,180,231,255,111,351,348,335,219,37,27,12,29,151,195,206,89,283,274,267,168,27,19,18,35,175,209,236,104,326,315,302,198,34,23,17,33,170,210,225,98,318,305,300,190,27,20,29,55,217,279,291,129,409,397,395,250,46,41,75,105,285,371,387,199,540,524,525,367,81,77,32.75,53.25,206.5,265.75,284.0,132.75,396.0,383.62,377.5,250.0,48.5,41.0
Concrete_0cm_S6,2026-04-02T20:38:16.668269,26,43,180,249,268,118,376,363,355,243,44,34,64,89,294,382,404,214,565,543,541,365,92,87,21,37,180,231,255,111,351,348,335,219,37,27,12,29,151,195,206,89,283,274,267,168,27,19,18,35,175,209,236,104,326,315,302,198,34,23,17,33,170,210,225,98,318,305,300,190,27,20,29,55,217,279,291,129,409,397,395,250,46,41,75,105,285,371,387,199,540,524,525,367,81,77,32.75,53.25,206.5,265.75,284.0,132.75,396.0,383.62,377.5,250.0,48.5,41.0
Concrete_0cm_S6,2026-04-02T20:38:16.762437,26,43,180,249,268,118,376,363,355,243,44,34,64,89,294,382,404,214,565,543,541,365,92,87,21,37,180,231,255,111,351,348,335,219,37,27,12,29,151,195,206,88,283,274,266,169,27,19,18,35,175,209,235,104,326,315,302,198,34,23,17,34,170,210,225,98,319,306,300,190,27,20,30,55,217,279,291,128,409,397,395,249,46,41,76,106,286,371,387,199,541,525,525,366,81,78,33.0,53.5,206.62,265.75,283.88,132.5,396.25,383.88,377.38,249.88,48.5,41.12
Concrete_0cm_S6,2026-04-02T20:38:16.862839,26,43,180,249,268,118,376,363,355,243,44,34,64,89,294,382,404,214,565,543,541,365,92,87,21,37,180,231,255,111,351,348,335,219,37,27,12,29,151,195,206,88,283,274,266,169,27,19,18,35,175,209,235,104,326,315,302,198,34,23,17,34,170,210,225,98,319,306,300,190,27,20,30,55,217,279,291,128,409,397,395,249,46,41,76,106,286,371,387,199,541,525,525,366,81,78,33.0,53.5,206.62,265.75,283.88,132.5,396.25,383.88,377.38,249.88,48.5,41.12
Concrete_0cm_S6,2026-04-02T20:38:16.956462,26,43,180,249,267,117,376,363,355,244,43,34,64,89,295,382,404,214,564,543,541,365,92,87,21,37,180,230,255,110,350,347,335,219,37,27,12,29,151,195,206,89,283,274,266,168,28,19,18,35,175,209,236,103,326,315,302,198,34,23,17,33,170,210,225,98,318,305,300,190,27,20,29,55,217,279,291,128,410,398,395,249,45,41,76,105,285,371,387,200,540,524,525,366,81,78,32.88,53.25,206.62,265.62,283.88,132.38,395.88,383.62,377.38,249.88,48.38,41.12
Concrete_0cm_S6,2026-04-02T20:38:17.064621,26,43,180,249,267,117,376,363,355,244,43,34,64,89,295,382,404,214,564,543,541,365,92,87,21,37,180,230,255,110,350,347,335,219,37,27,12,29,151,195,206,89,283,274,266,168,28,19,18,35,175,209,236,103,326,315,302,198,34,23,17,33,170,210,225,98,318,305,300,190,27,20,29,55,217,279,291,128,410,398,395,249,45,41,76,105,285,371,387,200,540,524,525,366,81,78,32.88,53.25,206.62,265.62,283.88,132.38,395.88,383.62,377.38,249.88,48.38,41.12
Concrete_0cm_S6,2026-04-02T20:38:17.173246,26,43,180,249,267,117,376,363,355,244,44,34,64,89,295,381,404,213,565,543,541,365,92,87,21,37,180,231,255,111,350,347,335,219,37,27,12,29,151,195,206,88,283,274,266,169,28,18,18,35,175,209,236,104,326,315,302,198,34,23,17,33,170,210,224,98,318,306,300,190,27,20,29,55,217,279,291,128,410,397,395,250,46,41,76,106,285,371,387,199,541,524,525,366,81,77,32.88,53.38,206.62,265.62,283.75,132.25,396.12,383.62,377.38,250.12,48.62,40.88
Concrete_0cm_S6,2026-04-02T20:38:17.273374,25,43,181,249,267,118,376,364,355,244,44,34,64,89,295,381,404,213,565,543,541,365,92,87,21,37,180,231,255,111,350,347,335,219,37,27,12,29,151,195,206,88,283,274,266,169,28,18,18,35,175,209,236,104,326,315,302,198,34,23,17,33,170,210,224,98,318,306,300,190,27,20,29,55,217,279,291,128,410,397,395,250,46,41,76,106,285,371,387,199,541,524,525,366,81,77,32.75,53.38,206.75,265.62,283.75,132.38,396.12,383.75,377.38,250.12,48.62,40.88
Concrete_0cm_S6,2026-04-02T20:38:17.365737,26,43,180,249,267,118,376,364,355,244,44,34,64,89,294,382,403,213,564,543,541,365,92,86,21,37,180,231,255,110,351,347,335,219,37,27,12,29,151,195,206,89,283,274,266,169,27,19,18,35,175,209,236,103,326,314,303,198,34,23,17,34,170,210,225,98,319,305,300,190,27,20,30,55,217,279,291,128,410,398,395,249,46,41,76,105,285,370,386,199,541,524,525,366,81,78,33.0,53.38,206.5,265.62,283.62,132.25,396.25,383.62,377.5,250.0,48.5,41.0
Concrete_0cm_S6,2026-04-02T20:38:17.500233,26,43,180,249,267,118,376,364,355,244,44,34,64,89,294,382,403,213,564,543,541,365,92,86,21,37,180,231,255,110,351,347,335,219,37,27,12,29,151,195,206,89,283,274,266,169,27,19,18,35,175,209,236,104,326,315,303,198,34,23,17,34,170,210,225,98,319,305,300,190,27,20,30,55,217,279,291,128,410,398,395,249,46,41,76,105,285,370,386,199,541,524,525,366,81,78,33.0,53.38,206.5,265.62,283.62,132.38,396.25,383.75,377.5,250.0,48.5,41.0
Concrete_0cm_S6,2026-04-02T20:38:17.596959,26,43,180,249,267,117,376,363,355,244,44,34,64,89,295,382,404,213,564,543,541,365,92,86,21,37,180,231,255,110,350,347,335,219,37,27,12,29,151,195,206,89,283,274,266,169,28,19,18,35,175,209,236,104,326,315,303,198,34,23,17,34,170,210,224,98,319,306,300,190,27,20,30,55,217,279,291,128,409,397,395,249,46,41,76,105,285,371,387,200,540,524,525,367,81,77,33.0,53.38,206.62,265.75,283.75,132.38,395.88,383.62,377.5,250.12,48.62,40.88
Concrete_0cm_S6,2026-04-02T20:38:17.701715,26,43,180,249,267,117,376,363,355,244,44,34,64,89,295,382,404,213,564,543,541,365,92,86,21,37,180,231,255,110,350,347,335,219,37,27,12,29,151,195,206,89,283,274,266,169,28,19,18,35,175,209,236,104,326,315,303,198,34,23,17,34,170,210,224,98,319,306,300,190,27,20,30,55,217,279,291,128,409,397,395,249,46,41,76,105,285,371,387,200,540,524,525,367,81,77,33.0,53.38,206.62,265.75,283.75,132.38,395.88,383.62,377.5,250.12,48.62,40.88
Concrete_0cm_S6,2026-04-02T20:38:17.793189,26,43,180,249,268,117,376,363,355,243,44,34,64,89,294,381,404,213,564,543,541,364,92,87,21,37,180,231,255,110,351,347,335,219,37,27,12,29,151,195,205,89,284,274,266,169,28,19,18,35,175,209,236,104,326,315,302,198,34,23,17,33,170,210,225,98,319,305,300,190,27,20,30,55,217,279,291,128,410,398,395,250,46,41,75,105,285,370,386,199,540,524,524,366,81,77,32.88,53.25,206.5,265.5,283.75,132.25,396.25,383.62,377.25,249.88,48.62,41.0
Concrete_0cm_S6,2026-04-02T20:38:17.897868,26,43,180,249,268,117,376,363,355,243,44,34,64,89,294,381,404,213,564,543,541,364,92,87,21,37,180,231,255,110,351,347,335,219,37,27,12,29,151,195,205,89,284,274,266,169,28,19,18,35,175,209,236,104,326,315,302,198,34,23,17,33,170,210,225,98,319,305,300,190,27,20,30,55,217,279,291,128,410,398,395,250,46,41,75,105,285,370,386,199,540,524,524,366,81,77,32.88,53.25,206.5,265.5,283.75,132.25,396.25,383.62,377.25,249.88,48.62,41.0
Concrete_0cm_S6,2026-04-02T20:38:17.993212,26,43,180,249,267,117,376,363,355,243,44,34,64,89,295,381,403,214,564,543,542,365,92,86,21,37,180,231,255,111,351,348,335,219,37,27,12,29,151,195,206,89,283,274,267,169,28,18,18,35,176,209,236,104,326,315,302,198,34,23,17,34,170,210,225,98,318,305,300,190,27,20,29,55,217,279,291,128,410,398,395,249,45,41,76,105,285,371,387,199,541,524,525,366,81,78,32.88,53.38,206.75,265.62,283.75,132.5,396.12,383.75,377.62,249.88,48.5,40.88
Concrete_0cm_S6,2026-04-02T20:38:18.103375,26,43,180,249,267,117,376,363,355,243,44,34,64,89,295,381,403,214,564,543,542,365,92,86,21,37,180,231,255,111,351,348,335,219,37,27,12,29,151,195,206,89,283,274,267,169,28,18,18,35,176,209,236,104,326,315,302,198,34,23,17,34,170,210,225,98,318,305,300,190,27,20,29,55,217,279,291,128,410,398,395,249,45,41,76,105,285,371,387,199,541,524,525,366,81,78,32.88,53.38,206.75,265.62,283.75,132.5,396.12,383.75,377.62,249.88,48.5,40.88
Concrete_0cm_S6,2026-04-02T20:38:18.193575,26,43,180,249,267,117,377,363,355,243,44,34,64,89,294,381,403,213,563,543,541,364,92,87,21,37,180,231,255,110,351,347,335,219,37,27,12,29,151,195,206,89,283,275,267,169,28,18,18,35,175,209,236,103,326,315,302,198,34,23,17,34,170,210,225,98,318,306,300,190,27,20,29,55,217,279,291,128,410,397,395,250,46,41,76,105,285,371,387,200,541,524,525,366,81,77,32.88,53.38,206.5,265.62,283.75,132.25,396.12,383.75,377.5,249.88,48.62,40.88
Concrete_0cm_S6,2026-04-02T20:38:18.287980,26,43,180,249,267,117,377,363,355,243,44,34,64,89,294,381,403,213,563,543,541,364,92,87,21,37,180,231,255,110,351,347,335,219,37,27,12,29,151,195,206,89,283,275,267,169,28,18,18,35,175,209,236,103,326,315,302,198,34,23,17,34,170,210,225,98,318,306,300,190,27,20,29,55,217,279,291,128,410,397,395,250,46,41,76,105,285,371,387,200,541,524,525,366,81,77,32.88,53.38,206.5,265.62,283.75,132.25,396.12,383.75,377.5,249.88,48.62,40.88
Concrete_0cm_S6,2026-04-02T20:38:18.379642,26,43,180,249,268,118,376,363,355,243,44,34,64,89,294,381,403,214,564,543,541,364,92,87,21,37,181,230,255,110,350,347,335,219,37,27,12,29,151,195,206,88,283,274,267,169,27,19,18,35,175,209,236,104,327,314,302,198,34,23,17,34,170,210,225,98,319,305,300,190,26,20,30,55,217,279,291,128,410,398,395,249,46,41,75,105,285,370,386,199,540,524,525,366,81,77,32.88,53.38,206.62,265.38,283.75,132.38,396.12,383.5,377.5,249.75,48.38,41.0
Concrete_0cm_S6,2026-04-02T20:38:18.477758,26,43,180,249,268,118,376,363,355,243,44,34,64,89,294,381,403,214,564,543,541,364,92,87,21,37,181,230,255,110,350,347,335,219,37,27,12,29,151,195,206,88,283,274,267,169,27,19,18,35,175,209,236,104,327,314,302,198,34,23,17,34,170,210,225,98,319,305,300,190,26,20,30,55,217,279,291,128,410,398,395,249,46,41,75,105,285,370,386,199,540,524,525,366,81,77,32.88,53.38,206.62,265.38,283.75,132.38,396.12,383.5,377.5,249.75,48.38,41.0
Concrete_0cm_S6,2026-04-02T20:38:18.572657,26,43,180,249,267,118,376,363,355,244,44,34,64,89,294,381,403,213,564,543,540,364,92,87,21,37,179,231,255,111,350,347,335,218,37,27,12,29,151,195,206,89,284,274,266,169,28,19,18,35,176,209,236,104,326,315,302,198,34,23,17,34,170,210,225,98,319,306,300,190,27,20,30,55,217,280,291,128,410,397,395,249,46,41,76,105,285,370,387,199,540,524,525,366,81,77,33.0,53.38,206.5,265.62,283.75,132.5,396.12,383.62,377.25,249.75,48.62,41.0
Concrete_0cm_S6,2026-04-02T20:38:18.678496,26,43,180,249,267,118,376,363,355,244,44,34,64,89,294,381,403,213,564,543,540,364,92,87,21,37,179,231,255,111,350,347,335,218,37,27,12,29,151,195,206,89,284,274,266,169,28,19,18,35,176,209,236,104,326,315,302,198,34,23,17,34,170,210,225,98,319,306,300,190,27,20,30,55,217,280,291,128,410,397,395,249,46,41,76,105,285,370,387,199,540,524,525,366,81,77,33.0,53.38,206.5,265.62,283.75,132.5,396.12,383.62,377.25,249.75,48.62,41.0
Concrete_0cm_S6,2026-04-02T20:38:18.774994,26,43,180,249,267,117,376,363,355,244,44,34,64,89,294,381,403,213,564,543,541,365,92,87,21,38,180,230,255,111,351,347,335,219,37,27,12,29,151,195,206,89,283,274,267,169,27,18,18,35,176,209,236,104,326,315,302,198,34,23,17,34,170,210,225,98,319,306,300,190,27,20,29,55,217,279,291,128,410,397,395,249,45,41,75,105,285,371,387,199,540,524,524,366,81,78,32.75,53.5,206.62,265.5,283.75,132.38,396.12,383.62,377.38,250.0,48.38,41.0
Concrete_0cm_S6,2026-04-02T20:38:18.875172,26,43,180,249,267,117,376,363,355,244,44,34,64,89,294,381,403,213,564,543,541,365,92,87,21,38,180,230,255,111,351,347,335,219,37,27,12,29,151,195,206,89,283,274,267,169,27,18,18,35,176,209,236,104,326,315,302,198,34,23,17,34,170,210,225,98,319,306,300,190,27,20,29,55,217,279,291,128,410,397,395,249,45,41,75,105,285,371,387,199,540,524,524,366,81,78,32.75,53.5,206.62,265.5,283.75,132.38,396.12,383.62,377.38,250.0,48.38,41.0
Concrete_0cm_S6,2026-04-02T20:38:18.967295,26,43,180,249,267,117,376,363,355,244,44,34,64,89,294,381,403,213,564,543,541,365,92,87,21,38,180,230,255,111,351,347,335,219,37,27,12,29,151,195,206,89,283,274,267,169,27,18,18,35,176,209,236,104,326,315,302,198,34,23,17,34,170,210,225,98,319,306,300,190,27,20,29,55,217,279,291,128,410,397,395,249,45,41,75,105,285,371,387,199,540,524,524,366,81,78,32.75,53.5,206.62,265.5,283.75,132.38,396.12,383.62,377.38,250.0,48.38,41.0
Concrete_0cm_S6,2026-04-02T20:38:19.058905,26,43,180,249,267,117,377,363,355,244,43,34,64,88,294,381,403,213,564,542,541,364,92,86,21,37,180,230,255,110,350,347,335,219,37,27,12,29,151,195,206,88,283,274,266,168,27,19,18,35,176,209,236,103,326,314,302,198,34,23,17,33,170,210,225,98,318,305,300,190,27,20,29,55,217,279,291,128,410,397,395,250,46,41,76,105,285,371,387,199,541,525,525,366,81,77,32.88,53.12,206.62,265.5,283.75,132.0,396.12,383.38,377.38,249.88,48.38,40.88
Concrete_0cm_S6,2026-04-02T20:38:19.157287,26,43,180,249,267,117,377,363,355,244,43,34,64,88,294,381,403,213,564,542,541,364,92,86,21,37,180,230,255,110,350,347,335,219,37,27,12,29,151,195,206,88,283,274,266,168,27,19,18,35,176,209,236,103,326,314,302,198,34,23,17,33,170,210,225,98,318,305,300,190,27,20,29,55,217,279,291,128,410,397,395,250,46,41,76,105,285,371,387,199,541,525,525,366,81,77,32.88,53.12,206.62,265.5,283.75,132.0,396.12,383.38,377.38,249.88,48.38,40.88
Concrete_0cm_S6,2026-04-02T20:38:19.274662,26,43,180,249,268,117,376,362,355,243,44,33,64,89,295,382,404,213,564,543,541,364,92,86,21,37,181,231,255,110,351,347,335,219,37,27,12,29,151,195,206,89,283,274,266,169,27,18,18,35,175,209,236,104,326,315,302,198,34,23,17,33,170,210,225,98,318,305,300,190,27,20,29,55,217,279,291,128,410,397,395,250,46,41,76,105,285,371,387,199,541,525,525,366,81,77,32.88,53.25,206.75,265.75,284.0,132.25,396.12,383.5,377.38,249.88,48.5,40.62
Concrete_0cm_S6,2026-04-02T20:38:19.387939,26,43,180,249,267,118,376,363,355,243,44,34,64,89,295,382,403,213,565,544,541,364,92,87,21,38,180,231,255,110,351,347,335,219,37,27,12,29,151,195,206,89,283,274,266,169,28,18,18,35,176,209,236,104,326,315,302,198,34,23,17,34,170,210,225,98,318,305,300,190,27,20,30,55,218,280,291,128,410,397,395,250,45,41,76,105,285,371,387,199,541,524,525,366,81,78,33.0,53.5,206.88,265.88,283.75,132.38,396.25,383.62,377.38,249.88,48.5,41.0
Concrete_0cm_S6,2026-04-02T20:38:19.484751,26,43,180,249,267,118,376,363,355,243,44,34,64,89,295,382,403,213,565,544,541,364,92,87,21,38,180,231,255,110,351,347,335,219,37,27,12,29,151,195,206,88,283,274,266,169,27,19,18,35,176,209,236,104,326,315,302,198,34,23,17,34,170,210,225,98,318,305,300,190,27,20,30,55,218,280,291,128,410,397,395,250,45,41,76,105,285,371,387,199,541,524,525,366,81,78,33.0,53.5,206.88,265.88,283.75,132.25,396.25,383.62,377.38,249.88,48.38,41.12
Concrete_0cm_S6,2026-04-02T20:38:19.584846,26,43,180,249,267,118,376,363,355,243,44,34,64,89,295,382,403,213,565,544,541,364,92,87,21,38,180,231,255,110,351,347,335,219,37,27,12,29,151,195,206,88,283,274,266,169,27,19,18,35,176,209,236,104,326,315,302,198,34,23,17,34,170,210,225,98,318,305,300,190,27,20,30,55,218,280,291,128,410,397,395,250,45,41,76,105,285,371,387,199,541,524,525,366,81,78,33.0,53.5,206.88,265.88,283.75,132.25,396.25,383.62,377.38,249.88,48.38,41.12
Concrete_0cm_S6,2026-04-02T20:38:19.680702,26,43,180,249,267,117,376,363,355,244,44,34,64,89,295,381,403,214,564,543,541,364,92,87,21,37,180,231,255,111,351,347,335,219,37,27,12,29,151,195,206,89,283,274,266,169,28,19,18,35,176,209,236,104,326,315,302,198,34,23,17,34,170,210,225,98,318,305,300,190,27,20,29,55,217,280,291,128,410,398,395,249,45,41,76,106,285,371,387,199,541,524,525,366,81,77,32.88,53.5,206.75,265.75,283.75,132.5,396.12,383.62,377.38,249.88,48.5,41.0
Concrete_0cm_S6,2026-04-02T20:38:19.817542,26,43,180,249,267,117,376,363,355,244,44,34,64,89,295,381,403,214,564,543,541,364,92,87,21,37,180,231,255,111,351,347,335,219,37,27,12,29,151,195,206,89,283,274,266,169,28,19,18,35,176,209,236,104,326,315,302,198,34,23,17,34,170,210,225,98,318,305,300,190,27,20,29,55,217,280,291,128,410,398,395,249,45,41,76,106,285,371,387,199,541,524,525,366,81,77,32.88,53.5,206.75,265.75,283.75,132.5,396.12,383.62,377.38,249.88,48.5,41.0
Concrete_0cm_S6,2026-04-02T20:38:19.916734,26,43,180,249,268,117,376,363,356,244,44,34,64,88,294,382,403,213,564,543,541,365,92,86,21,37,180,231,255,111,351,347,335,219,37,27,12,29,151,195,206,89,283,274,266,169,28,19,18,35,176,209,236,104,327,315,302,198,34,23,17,34,169,210,225,98,319,306,300,190,27,20,30,55,217,279,291,128,409,398,395,249,45,41,75,105,285,370,387,200,540,524,524,366,81,77,32.88,53.25,206.5,265.62,283.88,132.5,396.12,383.75,377.38,250.0,48.5,40.88
Concrete_0cm_S6,2026-04-02T20:38:20.012863,26,43,180,249,267,117,376,363,355,244,44,34,64,89,294,382,404,213,564,544,541,364,92,87,21,37,180,231,255,111,350,347,335,219,37,27,12,29,151,195,206,89,283,274,266,168,27,19,18,35,176,209,236,104,326,315,302,198,34,23,17,33,170,210,225,98,319,305,300,190,27,20,29,54,217,279,291,128,409,397,394,249,46,41,76,105,285,371,387,199,540,524,525,366,81,77,32.88,53.12,206.62,265.75,283.88,132.38,395.88,383.62,377.25,249.75,48.5,41.0
Concrete_0cm_S6,2026-04-02T20:38:20.108463,26,43,180,249,267,117,376,363,355,244,44,34,64,89,294,382,404,213,564,544,541,364,92,87,21,37,180,231,255,111,350,347,335,219,37,27,12,29,151,195,206,89,283,274,266,168,27,19,18,35,176,209,236,104,326,315,302,198,34,23,17,33,170,210,225,98,319,305,300,190,27,20,29,54,217,279,291,128,409,397,394,249,46,41,76,105,285,371,387,199,540,524,525,366,81,77,32.88,53.12,206.62,265.75,283.88,132.38,395.88,383.62,377.25,249.75,48.5,41.0
Concrete_0cm_S6,2026-04-02T20:38:20.201572,26,43,180,249,267,117,376,363,355,244,44,34,64,89,294,382,404,213,564,543,542,365,92,86,21,38,180,231,255,110,351,347,335,219,37,27,12,29,151,195,206,89,284,274,266,168,27,19,18,35,176,209,236,103,326,315,303,198,34,23,17,33,170,210,225,98,319,305,300,190,26,20,29,55,217,279,291,128,410,398,395,249,45,41,76,105,285,371,387,199,540,524,525,366,81,77,32.88,53.38,206.62,265.75,283.88,132.12,396.25,383.62,377.62,249.88,48.25,40.88
Concrete_0cm_S6,2026-04-02T20:38:20.302502,26,43,180,249,267,117,376,363,355,244,44,34,64,89,294,382,404,213,564,543,542,365,92,86,21,38,180,231,255,110,351,347,335,219,37,27,12,29,151,195,206,89,284,274,266,168,27,19,18,35,176,209,236,103,326,315,303,198,34,23,17,33,170,210,225,98,319,305,300,190,26,20,29,55,217,279,291,128,410,398,395,249,45,41,76,105,285,371,387,199,540,524,525,366,81,77,32.88,53.38,206.62,265.75,283.88,132.12,396.25,383.62,377.62,249.88,48.25,40.88
Concrete_0cm_S6,2026-04-02T20:38:20.393128,26,43,180,249,267,117,376,363,355,244,44,34,64,89,294,382,404,213,564,543,542,365,92,86,21,38,180,231,255,110,351,347,335,219,37,27,12,29,151,195,206,89,284,274,266,168,27,19,18,35,176,209,236,103,326,315,303,198,34,23,17,33,170,210,225,98,319,305,300,190,26,20,29,55,217,279,291,128,410,398,395,249,45,41,76,105,285,371,387,199,540,524,525,366,81,77,32.88,53.38,206.62,265.75,283.88,132.12,396.25,383.62,377.62,249.88,48.25,40.88
Concrete_0cm_S6,2026-04-02T20:38:20.482672,26,43,180,249,267,118,376,363,355,243,44,34,64,89,294,381,404,213,564,543,542,364,92,87,21,37,180,231,255,110,350,346,335,219,37,27,12,29,151,195,206,88,283,274,266,169,27,19,18,35,176,209,236,104,326,315,303,198,34,23,17,34,170,210,225,98,318,306,300,190,27,20,30,55,217,279,291,129,409,397,395,249,46,41,76,106,285,371,386,199,541,524,525,366,81,77,33.0,53.5,206.62,265.62,283.75,132.38,395.88,383.5,377.62,249.75,48.5,41.0
Concrete_0cm_S6,2026-04-02T20:38:20.591564,26,43,180,249,267,118,376,363,355,243,44,34,64,89,294,381,404,213,564,543,542,364,92,87,21,37,180,231,255,110,350,346,335,219,37,27,12,29,151,195,206,88,283,274,266,169,27,19,18,35,176,209,236,104,326,315,303,198,34,23,17,34,170,210,225,98,318,306,300,190,27,20,30,55,217,279,291,129,409,397,395,249,46,41,76,106,285,371,386,199,541,524,525,366,81,77,33.0,53.5,206.62,265.62,283.75,132.38,395.88,383.5,377.62,249.75,48.5,41.0
Concrete_0cm_S6,2026-04-02T20:38:20.691763,26,43,180,249,268,117,375,363,355,243,43,34,64,89,294,382,403,213,564,543,541,364,92,87,21,38,181,231,255,111,351,348,335,219,37,27,12,29,151,195,206,88,283,274,266,169,27,19,18,35,176,209,236,104,326,315,302,198,34,23,17,33,170,210,225,98,318,306,300,190,27,20,29,55,217,280,291,129,409,397,395,250,46,41,76,105,285,371,387,200,540,524,525,366,81,77,32.88,53.38,206.75,265.88,283.88,132.5,395.75,383.75,377.38,249.88,48.38,41.0
Concrete_0cm_S6,2026-04-02T20:38:20.791539,26,43,180,249,268,117,375,363,355,243,43,34,64,89,294,382,403,213,564,543,541,364,92,87,21,38,181,231,255,111,351,348,335,219,37,27,12,29,151,195,206,88,283,274,266,169,27,19,18,35,176,209,236,104,326,315,302,198,34,23,17,33,170,210,225,98,318,306,300,190,27,20,29,55,217,280,291,129,409,397,395,250,46,41,76,105,285,371,387,200,540,524,525,366,81,77,32.88,53.38,206.75,265.88,283.88,132.5,395.75,383.75,377.38,249.88,48.38,41.0
Concrete_0cm_S6,2026-04-02T20:38:20.882270,26,43,180,249,267,117,376,363,355,243,43,34,64,89,294,381,404,214,564,543,541,364,92,86,21,38,180,231,255,110,351,348,335,219,37,27,12,29,151,195,206,88,284,274,267,169,28,19,18,35,176,210,236,104,327,315,302,198,34,23,17,34,170,210,225,98,318,305,300,190,27,20,29,55,217,280,291,128,410,398,395,249,46,41,76,105,285,371,387,200,540,524,525,366,81,77,32.88,53.5,206.62,265.88,283.88,132.38,396.25,383.75,377.5,249.75,48.5,40.88
Concrete_0cm_S6,2026-04-02T20:38:20.988457,26,43,180,249,267,117,376,363,355,243,43,34,64,89,294,381,404,214,564,543,541,364,92,86,21,38,180,231,255,110,351,348,335,219,37,27,12,29,151,195,206,88,284,274,267,169,28,19,18,35,176,210,236,104,327,315,302,198,34,23,17,34,170,210,225,98,318,305,300,190,27,20,29,55,217,280,291,128,410,398,395,249,46,41,76,105,285,371,387,200,540,524,525,366,81,77,32.88,53.5,206.62,265.88,283.88,132.38,396.25,383.75,377.5,249.75,48.5,40.88
Concrete_0cm_S6,2026-04-02T20:38:21.083059,26,43,180,249,267,117,376,363,355,244,44,34,64,89,294,381,403,213,564,543,541,365,92,86,21,38,180,231,255,111,351,347,335,219,37,27,12,29,151,195,206,89,283,274,266,168,27,19,18,35,176,210,236,104,327,315,303,198,34,23,17,34,170,210,225,98,319,306,300,190,27,20,29,55,217,279,291,128,410,398,394,249,46,41,76,105,286,371,386,199,540,524,524,366,81,77,32.88,53.5,206.75,265.75,283.62,132.38,396.25,383.75,377.25,249.88,48.5,40.88
Concrete_0cm_S6,2026-04-02T20:38:21.192126,26,43,180,249,267,117,376,363,355,244,44,34,64,89,294,381,403,213,564,543,541,365,92,86,21,38,180,231,255,111,351,347,335,219,37,27,12,29,151,195,206,89,283,274,266,168,27,19,18,35,176,210,236,104,327,315,303,198,34,23,17,34,170,210,225,98,319,306,300,190,27,20,29,55,217,279,291,128,410,398,394,249,46,41,76,105,286,371,386,199,540,524,524,366,81,77,32.88,53.5,206.75,265.75,283.62,132.38,396.25,383.75,377.25,249.88,48.5,40.88
Concrete_0cm_S6,2026-04-02T20:38:21.285815,26,43,181,249,267,117,376,363,355,243,44,34,64,89,294,382,404,213,564,543,542,365,92,87,21,37,180,231,255,110,351,348,335,219,37,27,12,29,151,195,206,89,283,274,266,169,28,19,18,35,176,209,236,104,327,315,302,198,34,23,17,33,170,210,225,98,319,306,300,190,26,20,30,55,217,279,291,128,410,397,395,249,46,41,76,105,285,371,387,199,541,524,525,366,81,78,33.0,53.25,206.75,265.75,283.88,132.25,396.38,383.75,377.5,249.88,48.5,41.12
Concrete_0cm_S6,2026-04-02T20:38:21.391585,26,43,181,249,267,117,376,363,355,243,44,34,64,89,294,382,404,213,564,543,542,365,92,87,21,37,180,231,255,110,351,348,335,219,37,27,12,29,151,195,206,89,283,274,266,169,28,19,18,35,176,209,236,104,327,315,302,198,34,23,17,33,170,210,225,98,319,306,300,190,26,20,30,55,217,279,291,128,410,397,395,249,46,41,76,105,285,371,387,199,541,524,525,366,81,78,33.0,53.25,206.75,265.75,283.88,132.25,396.38,383.75,377.5,249.88,48.5,41.12
Concrete_0cm_S6,2026-04-02T20:38:21.528093,26,43,180,249,267,117,376,363,355,244,44,34,64,89,294,382,404,214,564,543,541,365,92,87,21,37,181,230,255,110,351,348,335,219,37,27,12,29,151,195,206,88,283,274,266,168,27,19,18,35,176,209,236,104,327,315,302,198,34,23,17,33,170,210,225,98,319,305,300,190,27,20,29,55,217,279,291,128,410,397,395,249,46,41,75,105,285,371,386,199,540,524,524,366,81,77,32.75,53.25,206.75,265.62,283.75,132.25,396.25,383.62,377.25,249.88,48.5,41.0
Concrete_0cm_S6,2026-04-02T20:38:21.630401,26,43,180,249,267,117,376,363,355,244,44,34,64,89,294,382,404,214,564,543,541,365,92,87,21,37,181,230,255,110,351,348,335,219,37,27,12,29,151,195,206,88,283,274,266,168,27,19,18,35,176,209,236,104,327,315,302,198,34,23,17,33,170,210,225,98,319,305,300,190,27,20,29,55,217,279,291,128,410,397,395,249,46,41,75,105,285,371,387,199,541,524,525,366,81,77,32.75,53.25,206.75,265.62,283.88,132.25,396.38,383.62,377.38,249.88,48.5,41.0
Concrete_0cm_S6,2026-04-02T20:38:21.730187,26,43,180,249,267,117,376,363,355,244,44,34,64,89,295,382,404,214,565,543,542,365,92,87,21,37,180,231,255,110,351,347,335,219,37,27,12,29,151,195,205,89,283,274,266,168,28,19,18,35,176,209,236,104,327,315,302,198,34,23,17,34,170,210,225,98,319,306,300,190,27,20,29,55,217,279,291,128,410,398,395,249,45,41,76,105,285,370,387,199,541,524,525,366,82,78,32.88,53.38,206.75,265.62,283.75,132.38,396.5,383.75,377.5,249.88,48.62,41.12
Concrete_0cm_S6,2026-04-02T20:38:21.832008,26,43,180,249,267,117,376,363,355,244,44,34,64,89,295,382,404,214,565,543,542,365,92,87,21,37,180,231,255,110,351,347,335,219,37,27,12,29,151,195,205,89,283,274,266,168,28,19,18,35,176,209,236,104,327,315,302,198,34,23,17,34,170,210,225,98,319,306,300,190,27,20,29,55,217,279,291,128,410,398,395,249,45,41,76,105,285,370,387,199,541,524,525,366,82,78,32.88,53.38,206.75,265.62,283.75,132.38,396.5,383.75,377.5,249.88,48.62,41.12
Concrete_0cm_S6,2026-04-02T20:38:21.932361,26,43,180,249,267,118,376,363,355,244,44,34,64,89,295,382,404,214,564,543,541,365,92,87,21,38,180,231,255,111,351,347,335,219,37,27,12,29,151,195,206,89,284,274,266,168,28,19,18,35,176,209,236,104,326,315,303,198,34,23,17,34,170,210,225,98,318,305,300,190,27,20,29,55,217,279,291,128,410,398,395,249,45,41,76,105,285,370,387,199,541,524,525,366,82,78,32.88,53.5,206.75,265.62,283.88,132.62,396.25,383.62,377.5,249.88,48.62,41.12
Concrete_0cm_S6,2026-04-02T20:38:22.031693,26,43,180,249,267,118,376,363,355,244,44,34,64,89,295,382,404,214,564,543,541,365,92,87,21,38,180,231,255,111,351,347,335,219,37,27,12,29,151,195,206,89,284,274,266,168,28,19,18,35,176,209,236,104,326,315,303,198,34,23,17,34,170,210,225,98,318,305,300,190,27,20,29,55,217,279,291,128,410,398,395,249,45,41,76,105,285,370,387,199,541,524,525,366,82,78,32.88,53.5,206.75,265.62,283.88,132.62,396.25,383.62,377.5,249.88,48.62,41.12
Concrete_0cm_S6,2026-04-02T20:38:22.130332,26,43,180,249,267,117,376,363,355,244,44,34,64,89,294,382,404,214,564,543,541,365,92,87,21,37,180,231,255,111,351,347,335,219,37,27,12,29,151,195,206,89,283,274,266,169,27,19,18,35,176,209,236,104,326,315,303,198,34,23,17,33,170,210,225,98,319,305,300,190,27,20,29,55,217,280,291,129,409,398,395,249,46,41,75,105,285,371,386,199,541,524,525,366,81,77,32.75,53.25,206.62,265.88,283.75,132.62,396.12,383.62,377.5,250.0,48.5,41.0
Concrete_0cm_S6,2026-04-02T20:38:22.239766,26,43,180,249,267,117,376,363,355,244,44,34,64,89,294,382,404,214,564,543,541,365,92,87,21,37,180,231,255,111,351,347,335,219,37,27,12,29,151,195,206,89,283,274,266,169,27,19,18,35,176,209,236,104,326,315,303,198,34,23,17,33,170,210,225,98,319,305,300,190,27,20,29,55,217,280,291,129,409,398,395,249,46,41,75,105,285,371,386,199,541,524,525,366,81,77,32.75,53.25,206.62,265.88,283.75,132.62,396.12,383.62,377.5,250.0,48.5,41.0
Concrete_0cm_S6,2026-04-02T20:38:22.338006,26,43,179,249,267,118,376,363,355,243,44,34,64,89,295,382,404,214,565,544,542,365,92,87,21,37,180,231,255,111,351,347,334,219,37,27,12,29,151,195,206,89,283,274,266,168,28,19,18,36,176,209,236,104,326,315,302,198,34,23,17,34,170,210,225,98,319,306,300,189,27,20,29,55,217,279,291,128,410,397,395,249,45,41,76,105,285,371,387,199,541,524,524,366,81,77,32.88,53.5,206.62,265.75,283.88,132.62,396.38,383.75,377.25,249.62,48.5,41.0
Concrete_0cm_S6,2026-04-02T20:38:22.436019,26,43,179,249,267,118,376,363,355,243,44,34,64,89,295,382,404,214,565,544,542,365,92,87,21,37,180,231,255,111,351,347,334,219,37,27,12,29,151,195,206,89,283,274,266,168,28,19,18,36,176,209,236,104,326,315,302,198,34,23,17,34,170,210,225,98,319,306,300,189,27,20,29,55,217,279,291,128,410,397,395,249,45,41,76,105,285,371,387,199,541,524,524,366,81,77,32.88,53.5,206.62,265.75,283.88,132.62,396.38,383.75,377.25,249.62,48.5,41.0
Concrete_0cm_S6,2026-04-02T20:38:22.536149,26,43,180,249,267,117,376,363,355,244,44,34,64,89,294,381,404,213,564,543,541,364,92,86,21,38,181,231,255,110,351,348,335,219,37,27,12,29,151,195,206,89,283,274,266,168,27,19,18,35,176,210,236,104,327,315,302,198,34,23,17,33,170,210,225,98,318,305,299,190,27,20,29,55,217,279,291,128,410,397,394,249,45,41,75,105,285,371,387,199,541,525,525,366,81,77,32.75,53.38,206.75,265.75,283.88,132.25,396.25,383.75,377.12,249.75,48.38,40.88
Concrete_0cm_S6,2026-04-02T20:38:22.648314,26,43,180,249,267,117,376,363,355,244,44,34,64,89,294,381,404,213,564,543,541,364,92,86,21,38,181,231,255,110,351,348,335,219,37,27,12,29,151,195,206,89,283,274,266,168,27,19,18,35,176,210,236,104,327,315,302,198,34,23,17,33,170,210,225,98,318,305,299,190,27,20,29,55,217,279,291,128,410,397,394,249,45,41,75,105,285,371,387,199,541,525,525,366,81,77,32.75,53.38,206.75,265.75,283.88,132.25,396.25,383.75,377.12,249.75,48.38,40.88
Concrete_0cm_S6,2026-04-02T20:38:22.752309,26,43,180,249,268,117,376,363,355,244,44,34,64,89,294,382,404,214,564,543,542,365,92,87,21,38,181,231,255,111,350,347,335,219,37,27,12,29,151,195,206,88,283,274,266,168,27,19,18,35,176,209,236,104,326,315,302,198,34,23,17,33,170,210,225,97,318,305,300,190,26,20,29,55,217,279,291,128,410,398,395,249,45,41,76,105,286,371,387,199,540,524,525,366,81,77,32.88,53.38,206.88,265.75,284.0,132.25,395.88,383.62,377.5,249.88,48.25,41.0
Concrete_0cm_S6,2026-04-02T20:38:22.854117,26,43,180,249,267,117,376,363,355,243,44,34,64,89,295,382,403,213,564,543,541,364,92,86,21,38,181,231,255,111,350,347,335,219,37,27,12,29,151,195,206,88,283,274,266,168,27,19,18,35,176,209,236,104,326,315,302,198,34,23,17,33,170,210,225,97,318,305,300,190,26,20,29,55,217,279,291,128,410,398,395,249,45,41,76,105,286,371,387,199,540,524,525,366,81,77,32.88,53.38,207.0,265.75,283.75,132.12,395.88,383.62,377.38,249.62,48.25,40.88
Concrete_0cm_S6,2026-04-02T20:38:22.948877,26,43,180,249,267,117,376,363,355,243,44,34,64,89,295,382,403,213,564,543,541,364,92,86,21,37,180,231,255,110,351,348,334,219,37,27,12,29,151,195,206,88,283,274,266,168,27,19,18,35,176,209,236,104,326,315,302,198,34,23,17,33,170,210,225,97,318,305,300,190,26,20,29,55,217,279,291,128,410,398,395,249,45,41,76,105,286,371,387,199,540,524,525,366,81,77,32.88,53.25,206.88,265.75,283.75,132.0,396.0,383.75,377.25,249.62,48.25,40.88
Concrete_0cm_S6,2026-04-02T20:38:23.066104,26,43,180,249,267,117,376,363,355,243,44,34,64,89,295,382,403,213,564,543,541,364,92,86,21,37,180,231,255,110,351,348,334,219,37,27,12,29,151,195,206,88,283,274,266,168,27,19,18,35,176,209,236,104,326,315,302,198,34,23,17,33,170,210,225,97,318,305,300,190,26,20,29,55,217,279,291,128,410,398,395,249,45,41,76,105,286,371,387,199,540,524,525,366,81,77,32.88,53.25,206.88,265.75,283.75,132.0,396.0,383.75,377.25,249.62,48.25,40.88
Concrete_0cm_S6,2026-04-02T20:38:23.159669,26,43,180,249,267,117,376,363,355,243,43,34,64,89,294,382,404,213,564,543,542,364,92,86,21,37,181,231,255,110,351,347,335,219,37,27,12,29,151,195,206,89,283,274,267,169,27,18,18,35,176,209,236,104,327,315,302,198,34,23,17,33,170,210,225,98,318,306,300,190,26,20,29,55,217,279,291,128,410,398,394,249,46,41,75,105,285,371,386,199,540,524,524,366,81,77,32.75,53.25,206.75,265.75,283.75,132.25,396.12,383.75,377.38,249.75,48.25,40.75
Concrete_0cm_S6,2026-04-02T20:38:23.254725,26,43,180,249,267,117,376,363,355,243,43,34,64,89,294,382,404,213,564,543,542,364,92,86,21,37,181,231,255,110,351,347,335,219,37,27,12,29,151,195,206,89,283,274,267,169,27,18,18,35,176,209,236,104,327,315,302,198,34,23,17,33,170,210,225,98,318,306,300,190,26,20,29,55,217,279,291,128,410,398,394,249,46,41,75,105,285,371,386,199,540,524,524,366,81,77,32.75,53.25,206.75,265.75,283.75,132.25,396.12,383.75,377.38,249.75,48.25,40.75
Concrete_0cm_S6,2026-04-02T20:38:23.349862,26,43,180,249,267,117,376,363,355,243,43,34,64,89,294,382,404,213,564,543,542,364,92,86,21,37,181,231,255,110,351,347,335,219,37,27,12,29,151,195,206,89,283,274,267,169,27,18,18,35,176,209,236,104,327,315,302,198,34,23,17,33,170,210,225,98,318,306,300,190,26,20,29,55,217,279,291,128,410,398,394,249,46,41,75,105,285,371,386,199,540,524,524,366,81,77,32.75,53.25,206.75,265.75,283.75,132.25,396.12,383.75,377.38,249.75,48.25,40.75
Concrete_0cm_S6,2026-04-02T20:38:23.447351,26,43,180,249,267,117,376,363,355,243,43,34,64,89,294,382,404,213,564,543,542,364,92,86,21,37,181,231,255,110,351,347,335,219,37,27,12,29,151,195,206,89,283,274,267,169,27,18,18,35,176,209,236,104,327,315,302,198,34,23,17,33,170,210,225,98,318,306,300,190,26,20,29,55,217,279,291,128,410,398,394,249,46,41,75,105,285,371,386,199,540,524,524,366,81,77,32.75,53.25,206.75,265.75,283.75,132.25,396.12,383.75,377.38,249.75,48.25,40.75
Concrete_0cm_S6,2026-04-02T20:38:23.559056,26,43,180,249,267,117,376,363,355,243,44,34,64,88,294,382,403,213,565,543,541,365,92,87,21,37,180,231,255,111,351,347,335,219,37,27,12,29,151,195,206,88,283,274,266,168,27,18,18,36,176,209,236,104,327,315,302,198,34,23,17,33,170,210,225,98,318,305,300,190,27,20,29,55,217,279,291,128,410,397,395,250,45,41,76,105,285,370,387,199,541,524,524,366,81,77,32.88,53.25,206.62,265.62,283.75,132.25,396.38,383.5,377.25,249.88,48.38,40.88
Concrete_0cm_S6,2026-04-02T20:38:23.667559,26,43,180,249,267,117,376,363,355,243,44,34,64,88,294,382,403,213,565,543,541,365,92,87,21,37,180,231,255,111,351,347,335,219,37,27,12,29,151,195,206,88,283,274,266,168,27,18,18,36,176,209,236,104,327,315,302,198,34,23,17,33,170,210,225,98,318,305,300,190,27,20,29,55,217,279,291,128,410,397,395,250,45,41,76,105,285,370,387,199,541,524,524,366,81,77,32.88,53.25,206.62,265.62,283.75,132.25,396.38,383.5,377.25,249.88,48.38,40.88
Concrete_0cm_S6,2026-04-02T20:38:23.764332,26,43,180,249,267,118,376,363,355,244,44,34,64,89,294,381,404,213,564,543,542,365,92,86,21,37,180,231,255,110,351,346,335,219,37,27,12,29,151,195,206,89,283,274,266,168,28,18,18,35,176,209,236,104,326,315,303,198,34,23,17,34,170,210,225,98,318,305,300,190,27,20,29,55,217,279,291,128,410,397,395,250,45,41,76,106,285,371,387,200,541,524,525,366,81,78,32.88,53.5,206.62,265.62,283.88,132.5,396.12,383.38,377.62,250.0,48.5,40.88
Concrete_0cm_S6,2026-04-02T20:38:23.866439,26,43,180,249,267,118,376,363,355,244,44,34,64,89,294,381,404,213,564,543,542,365,92,86,21,37,180,231,255,110,351,346,335,219,37,27,12,29,151,195,206,89,283,274,266,168,28,18,18,35,176,209,236,104,326,315,303,198,34,23,17,34,170,210,225,98,318,305,300,190,27,20,29,55,217,279,291,128,410,397,395,249,46,41,76,105,286,371,387,199,540,524,525,366,81,77,32.88,53.38,206.75,265.62,283.88,132.38,396.0,383.38,377.62,249.88,48.62,40.75
Concrete_0cm_S6,2026-04-02T20:38:23.967931,26,43,180,249,267,117,376,363,355,244,44,34,64,89,294,382,403,214,564,543,541,365,92,87,21,37,181,231,255,111,351,347,335,219,37,27,12,29,151,195,206,89,283,274,266,168,28,18,18,35,176,209,236,104,326,315,303,198,34,23,17,34,170,210,225,98,318,305,300,190,27,20,29,55,217,279,291,128,410,397,395,249,46,41,76,105,286,371,387,199,540,524,525,366,81,77,32.88,53.38,206.88,265.75,283.75,132.5,396.0,383.5,377.5,249.88,48.62,40.88
Concrete_0cm_S6,2026-04-02T20:38:24.064084,26,43,180,249,267,117,376,363,355,244,44,34,64,89,294,382,403,214,564,543,541,365,92,87,21,37,181,231,255,111,351,347,335,219,37,27,12,29,151,195,206,89,283,274,266,168,28,18,18,35,176,209,236,104,326,315,303,198,34,23,17,34,170,210,225,98,318,305,300,190,27,20,29,55,217,279,291,128,410,397,395,249,46,41,76,105,286,371,387,199,540,524,525,366,81,77,32.88,53.38,206.88,265.75,283.75,132.5,396.0,383.5,377.5,249.88,48.62,40.88
Concrete_0cm_S6,2026-04-02T20:38:24.156920,26,43,180,249,267,117,376,363,355,244,44,34,64,89,294,382,403,214,564,543,541,365,92,87,21,37,181,231,255,111,351,347,335,219,37,27,12,29,151,195,206,89,283,274,267,169,28,19,18,35,176,209,236,104,327,315,302,198,34,23,17,34,170,210,225,98,318,305,300,190,27,20,29,55,217,279,291,128,409,397,394,249,45,41,76,105,286,371,387,199,540,524,525,366,81,77,32.88,53.38,206.88,265.75,283.75,132.5,396.0,383.5,377.38,250.0,48.5,41.0
Concrete_0cm_S6,2026-04-02T20:38:24.287670,26,43,180,249,267,117,376,363,355,244,44,34,64,89,294,382,403,214,564,543,541,365,92,87,21,37,181,231,255,111,351,347,335,219,37,27,12,29,151,195,206,89,283,274,267,169,28,19,18,35,176,209,236,104,327,315,302,198,34,23,17,34,170,210,225,98,318,305,300,190,27,20,29,55,217,279,291,128,409,397,394,249,45,41,76,105,286,371,387,199,540,524,525,366,81,77,32.88,53.38,206.88,265.75,283.75,132.5,396.0,383.5,377.38,250.0,48.5,41.0
Concrete_0cm_S6,2026-04-02T20:38:24.396014,26,43,180,249,267,118,376,363,355,244,44,34,64,89,295,381,403,213,564,543,541,365,92,87,21,37,181,231,255,110,351,347,335,219,37,27,12,29,151,195,206,88,284,274,267,169,28,19,18,35,176,209,236,104,327,315,303,198,34,24,17,33,170,210,225,98,318,305,300,190,27,20,29,55,217,279,291,129,410,398,395,249,45,41,76,105,286,371,387,199,541,525,525,366,81,78,32.88,53.25,207.0,265.62,283.75,132.38,396.38,383.75,377.62,250.0,48.5,41.25
Concrete_0cm_S6,2026-04-02T20:38:24.500778,26,43,180,249,267,118,376,363,355,244,44,34,64,89,295,381,403,213,564,543,541,365,92,87,21,37,181,231,255,110,351,347,335,219,37,27,12,29,151,195,206,88,284,274,267,169,28,19,18,35,176,209,236,104,327,315,303,198,34,24,17,33,170,210,225,98,318,305,300,190,27,20,29,55,217,279,291,129,410,398,395,249,45,41,76,105,286,371,387,199,541,525,525,366,81,78,32.88,53.25,207.0,265.62,283.75,132.38,396.38,383.75,377.62,250.0,48.5,41.25
Concrete_0cm_S6,2026-04-02T20:38:24.593628,26,43,180,249,267,118,376,363,355,244,44,34,64,89,295,382,404,214,564,543,542,364,92,87,21,37,181,231,255,111,350,348,335,219,37,27,12,29,151,195,206,88,283,274,266,168,27,19,18,35,176,209,236,104,326,315,302,198,34,23,17,34,170,210,225,98,318,306,300,190,27,20,29,55,217,279,291,129,410,398,395,249,45,41,76,105,286,371,387,199,541,525,525,366,81,78,32.88,53.38,207.0,265.75,283.88,132.62,396.0,384.0,377.5,249.75,48.38,41.12
Concrete_0cm_S6,2026-04-02T20:38:24.694731,26,43,180,249,267,118,376,363,355,244,44,34,64,89,295,382,404,214,564,543,542,364,92,87,21,37,181,231,255,111,350,348,335,219,37,27,12,29,151,195,206,88,283,274,266,168,27,19,18,35,176,209,236,104,326,315,302,198,34,23,17,34,170,210,225,98,318,306,300,190,27,20,29,55,217,279,291,129,410,398,395,249,45,41,76,105,286,371,387,199,541,525,525,366,81,78,32.88,53.38,207.0,265.75,283.88,132.62,396.0,384.0,377.5,249.75,48.38,41.12
Concrete_0cm_S6,2026-04-02T20:38:24.788085,26,43,180,249,267,117,376,363,355,244,44,34,64,89,294,382,404,213,564,543,542,365,92,86,21,37,180,231,255,111,351,347,335,219,37,27,12,29,151,195,206,89,283,274,266,169,28,18,18,35,176,210,237,104,326,315,302,198,34,23,17,34,170,210,224,98,319,306,300,190,27,20,29,55,217,279,291,129,410,398,395,249,45,41,76,105,286,371,387,199,541,525,525,366,81,78,32.88,53.38,206.75,265.88,283.88,132.5,396.25,383.88,377.5,250.0,48.5,40.88
Concrete_0cm_S6,2026-04-02T20:38:24.892921,26,43,180,249,267,117,376,363,355,244,44,34,64,89,294,382,404,213,564,543,542,365,92,86,21,37,180,231,255,111,351,347,335,219,37,27,12,29,151,195,206,89,283,274,266,169,28,18,18,35,176,210,237,104,326,315,302,198,34,23,17,34,170,210,224,98,319,306,300,190,27,20,29,55,217,279,291,129,410,398,395,249,45,41,76,105,286,371,387,199,541,525,525,366,81,78,32.88,53.38,206.75,265.88,283.88,132.5,396.25,383.88,377.5,250.0,48.5,40.88
Concrete_0cm_S6,2026-04-02T20:38:24.986169,26,43,180,249,267,117,375,363,355,243,44,34,64,89,295,381,404,214,564,543,542,364,92,87,21,38,181,231,255,110,351,347,335,219,37,27,12,29,151,195,206,89,283,274,266,168,27,18,18,35,176,209,236,104,327,315,302,198,34,23,17,34,170,210,225,98,319,306,300,190,26,20,29,55,217,280,291,128,410,398,395,249,45,41,76,105,285,370,386,199,541,524,524,365,81,77,32.88,53.5,206.88,265.62,283.75,132.38,396.25,383.75,377.38,249.5,48.25,40.88
Concrete_0cm_S6,2026-04-02T20:38:25.087626,26,43,180,249,267,117,375,363,355,243,44,34,64,89,295,381,404,214,564,543,542,364,92,87,21,38,181,231,255,110,351,347,335,219,37,27,12,29,151,195,206,89,283,274,266,168,27,18,18,35,176,209,236,104,327,315,302,198,34,23,17,34,170,210,225,98,319,306,300,190,26,20,29,55,217,280,291,128,410,398,395,249,45,41,76,105,285,370,386,199,541,524,524,365,81,77,32.88,53.5,206.88,265.62,283.75,132.38,396.25,383.75,377.38,249.5,48.25,40.88
Concrete_0cm_S6,2026-04-02T20:38:25.198203,26,43,180,249,267,117,376,363,354,244,44,34,64,89,294,382,403,213,565,543,542,364,92,87,21,37,180,231,255,111,351,348,335,219,37,27,12,29,151,195,206,89,284,274,266,169,28,19,18,35,176,210,237,104,327,315,303,198,34,23,17,33,170,210,225,98,318,305,300,190,27,20,29,55,217,279,291,128,410,398,395,249,46,41,76,105,285,370,386,199,540,524,524,366,81,77,32.88,53.25,206.62,265.75,283.75,132.38,396.38,383.75,377.38,249.88,48.62,41.0
Concrete_0cm_S6,2026-04-02T20:38:25.302093,26,43,180,249,267,117,376,363,354,244,44,34,64,89,294,382,403,213,565,543,542,364,92,87,21,37,180,231,255,111,351,348,335,219,37,27,12,29,151,195,206,89,284,274,266,169,28,19,18,35,176,210,237,104,327,315,303,198,34,23,17,33,170,210,225,98,318,305,300,190,27,20,29,55,217,279,291,128,410,398,395,249,46,41,76,105,285,370,386,199,540,524,524,366,81,77,32.88,53.25,206.62,265.75,283.75,132.38,396.38,383.75,377.38,249.88,48.62,41.0
Concrete_0cm_S6,2026-04-02T20:38:25.394508,26,43,180,249,267,117,376,363,355,244,44,34,64,89,295,382,403,214,564,543,541,365,92,87,21,38,181,231,255,111,351,347,335,219,37,27,12,29,151,195,206,88,283,274,266,169,28,18,18,35,176,209,236,104,327,315,303,198,34,23,17,34,170,210,225,98,319,306,300,190,27,20,29,55,217,279,291,128,409,397,395,250,46,41,75,105,285,371,386,199,541,524,525,366,81,77,32.75,53.5,206.88,265.75,283.62,132.38,396.25,383.62,377.5,250.12,48.62,40.88
Concrete_0cm_S6,2026-04-02T20:38:25.514825,26,43,180,249,267,117,376,363,355,244,44,34,64,89,295,382,403,214,564,543,541,365,92,87,21,38,181,231,255,111,351,347,335,219,37,27,12,29,151,195,206,88,283,274,266,169,28,18,18,35,176,209,236,104,327,315,303,198,34,23,17,34,170,210,225,98,319,306,300,190,27,20,29,55,217,279,291,128,409,397,395,250,46,41,75,105,285,371,386,199,541,524,525,366,81,77,32.75,53.5,206.88,265.75,283.62,132.38,396.25,383.62,377.5,250.12,48.62,40.88
Concrete_0cm_S6,2026-04-02T20:38:25.611045,26,43,180,249,267,117,376,363,355,243,44,34,64,89,294,382,403,214,564,544,542,365,92,87,21,38,180,231,255,110,351,348,335,219,37,27,12,29,151,195,206,89,283,274,266,169,28,19,18,35,176,209,237,104,327,315,303,198,34,23,17,34,170,210,225,98,319,305,300,190,27,20,29,54,217,279,291,128,410,397,394,249,45,41,75,105,285,371,386,199,541,524,525,366,81,77,32.75,53.38,206.62,265.75,283.75,132.38,396.38,383.75,377.5,249.88,48.5,41.0
Concrete_0cm_S6,2026-04-02T20:38:25.711164,26,43,180,249,267,117,376,363,355,243,44,34,64,89,294,382,403,214,564,544,542,365,92,87,21,38,180,231,255,110,351,348,335,219,37,27,12,29,151,195,206,89,283,274,266,169,28,19,18,35,176,209,237,104,327,315,303,198,34,23,17,34,170,210,225,98,319,305,300,190,27,20,29,54,217,279,291,128,410,397,394,249,45,41,75,105,285,371,386,199,541,524,525,366,81,77,32.75,53.38,206.62,265.75,283.75,132.38,396.38,383.75,377.5,249.88,48.5,41.0
Concrete_0cm_S6,2026-04-02T20:38:25.801775,26,43,180,249,267,117,375,363,355,243,44,34,64,89,294,382,403,213,564,544,541,364,92,87,21,37,180,231,255,110,351,347,335,219,37,27,12,29,151,196,206,89,283,274,266,169,28,18,18,36,176,210,236,104,327,315,303,198,34,23,17,33,170,210,225,98,318,306,300,190,27,20,30,55,217,279,291,129,410,398,395,250,45,41,76,105,285,371,387,200,540,525,525,366,82,78,33.0,53.38,206.62,266.0,283.75,132.5,396.0,384.0,377.5,249.88,48.62,41.0
Concrete_0cm_S6,2026-04-02T20:38:25.897778,26,43,180,249,267,117,376,363,355,243,44,34,64,89,294,382,403,213,564,544,541,364,92,87,21,37,180,231,255,110,351,347,335,219,37,27,12,29,151,196,206,89,283,274,266,169,28,18,18,36,176,210,236,104,327,315,303,198,34,23,17,33,170,210,225,98,318,306,300,190,27,20,30,55,217,279,291,129,410,398,395,250,45,41,76,105,285,371,387,200,540,525,525,366,82,78,33.0,53.38,206.62,266.0,283.75,132.5,396.12,384.0,377.5,249.88,48.62,41.0
Concrete_0cm_S6,2026-04-02T20:38:25.991021,26,43,180,249,267,117,376,363,355,243,44,34,64,89,294,381,403,214,564,543,541,364,92,86,21,37,181,231,255,110,351,347,335,219,37,27,12,29,151,195,206,89,283,274,266,169,27,18,18,35,176,209,236,104,326,315,302,198,34,23,17,34,170,210,225,98,318,306,300,190,27,20,30,55,217,279,291,129,410,398,395,250,45,41,76,105,285,371,387,200,540,525,525,366,82,78,33.0,53.38,206.75,265.62,283.75,132.62,396.0,383.88,377.38,249.88,48.5,40.88
Concrete_0cm_S6,2026-04-02T20:38:26.089055,26,43,180,249,267,117,376,363,355,243,44,34,64,89,294,381,403,214,564,543,541,364,92,86,21,37,181,231,255,110,351,347,335,219,37,27,12,29,151,195,206,89,283,274,266,169,27,18,18,35,176,209,236,104,326,315,302,198,34,23,17,34,170,210,225,98,318,306,300,190,27,20,30,55,217,279,291,129,410,398,395,250,45,41,76,105,285,371,387,200,540,525,525,366,82,78,33.0,53.38,206.75,265.62,283.75,132.62,396.0,383.88,377.38,249.88,48.5,40.88
Concrete_0cm_S6,2026-04-02T20:38:26.187241,26,43,180,249,267,117,376,362,355,244,44,34,64,88,294,381,404,213,564,543,541,364,92,87,21,37,181,231,255,111,351,348,334,219,37,27,12,29,151,195,206,89,283,274,266,169,28,19,18,35,176,209,236,104,327,315,303,198,34,23,17,33,170,210,224,98,318,306,300,190,27,20,30,55,217,279,291,128,410,398,395,249,46,41,75,105,285,370,386,199,541,524,524,366,81,77,32.88,53.12,206.75,265.5,283.62,132.38,396.25,383.75,377.25,249.88,48.62,41.0
Concrete_0cm_S6,2026-04-02T20:38:26.286598,26,43,180,249,267,117,376,362,355,244,44,34,64,88,294,381,404,213,564,543,541,364,92,87,21,37,181,231,255,111,351,348,334,219,37,27,12,29,151,195,206,89,283,274,266,169,28,19,18,35,176,209,236,104,327,315,303,198,34,23,17,33,170,210,224,98,318,306,300,190,27,20,30,55,217,279,291,128,410,398,395,249,46,41,75,105,285,370,386,199,541,524,524,366,81,77,32.88,53.12,206.75,265.5,283.62,132.38,396.25,383.75,377.25,249.88,48.62,41.0
Concrete_0cm_S6,2026-04-02T20:38:26.398448,26,43,180,249,267,117,376,363,355,243,44,34,64,89,294,382,404,213,564,543,541,364,92,87,21,37,180,231,255,110,351,347,334,219,37,27,12,29,151,195,206,88,283,274,266,168,27,19,18,35,176,210,237,104,327,315,303,198,34,23,17,33,170,210,224,98,318,306,300,190,27,20,30,55,217,279,291,128,410,398,395,249,46,41,76,106,285,370,387,200,541,524,525,367,82,78,33.0,53.38,206.62,265.75,283.88,132.25,396.25,383.75,377.38,249.75,48.62,41.12
Concrete_0cm_S6,2026-04-02T20:38:26.496176,26,43,180,249,267,117,376,363,355,243,44,34,64,89,294,382,404,213,564,543,541,364,92,87,21,37,180,231,255,110,351,347,334,219,37,27,12,29,151,195,206,88,283,274,266,168,27,19,18,35,176,210,237,104,327,315,303,198,34,23,17,33,170,210,224,98,318,306,300,190,27,20,30,55,217,279,291,128,410,398,395,249,46,41,76,106,285,370,387,200,541,524,525,367,82,78,33.0,53.38,206.62,265.75,283.88,132.25,396.25,383.75,377.38,249.75,48.62,41.12
Concrete_0cm_S6,2026-04-02T20:38:26.589060,26,43,180,249,267,117,376,362,355,244,44,34,64,89,295,381,404,213,564,543,541,365,92,87,21,37,180,230,255,110,351,347,334,219,37,27,12,29,151,196,206,89,283,274,266,169,27,18,18,35,176,210,237,104,327,315,303,198,34,23,17,33,170,210,224,98,318,306,300,190,27,20,30,55,217,279,291,128,410,398,395,249,46,41,76,106,285,370,387,200,541,524,525,367,82,78,33.0,53.38,206.75,265.62,283.88,132.38,396.25,383.62,377.38,250.12,48.62,41.0
Concrete_0cm_S6,2026-04-02T20:38:26.698826,26,43,180,249,267,117,376,362,355,244,44,34,64,89,295,381,404,213,564,543,541,365,92,87,21,37,180,230,255,110,351,347,334,219,37,27,12,29,151,196,206,89,283,274,266,169,27,18,18,35,176,210,237,104,327,315,303,198,34,23,17,33,170,210,224,98,318,306,300,190,27,20,30,55,217,279,291,128,410,398,395,249,46,41,76,106,285,370,387,200,541,524,525,367,82,78,33.0,53.38,206.75,265.62,283.88,132.38,396.25,383.62,377.38,250.12,48.62,41.0
Concrete_0cm_S6,2026-04-02T20:38:26.790751,26,43,179,249,267,117,376,363,355,243,44,33,64,89,295,382,403,213,565,543,541,364,92,87,21,37,180,230,255,111,351,347,335,219,37,27,12,29,151,195,206,89,283,274,266,169,28,18,18,35,176,210,236,103,326,315,302,198,34,23,17,33,170,210,225,98,319,306,300,190,27,20,29,54,217,279,291,128,409,397,395,249,45,41,75,105,285,370,386,199,540,523,525,366,81,77,32.75,53.12,206.62,265.62,283.62,132.25,396.12,383.5,377.38,249.75,48.5,40.75
Concrete_0cm_S6,2026-04-02T20:38:26.889106,26,43,180,249,267,117,376,363,355,243,44,34,64,89,294,382,404,213,565,543,542,365,92,86,21,37,180,231,255,110,351,347,335,219,37,27,12,29,151,195,206,89,283,274,266,169,28,18,18,35,176,210,236,103,326,315,302,198,34,23,17,33,170,210,225,98,319,306,300,190,27,20,29,54,217,279,291,128,409,397,395,249,45,41,76,105,286,371,387,199,540,525,524,366,81,77,32.88,53.12,206.75,265.88,283.88,132.12,396.12,383.75,377.38,249.88,48.5,40.75
Concrete_0cm_S6,2026-04-02T20:38:26.985854,26,43,180,249,267,117,376,363,355,243,44,34,64,89,294,382,404,213,565,543,542,365,92,86,21,37,180,231,255,110,351,347,335,219,37,27,12,29,151,195,206,89,283,274,266,169,28,18,18,36,176,210,236,104,327,315,302,198,34,23,17,33,170,210,225,98,319,306,300,190,27,20,29,55,217,279,291,128,410,397,395,249,45,41,76,105,286,371,387,199,540,525,524,366,81,77,32.88,53.38,206.75,265.88,283.88,132.25,396.38,383.75,377.38,249.88,48.5,40.75
Concrete_0cm_S6,2026-04-02T20:38:27.089865,26,43,180,249,267,117,376,363,355,243,44,34,64,89,294,382,404,213,565,543,542,365,92,86,21,37,180,231,255,110,351,347,335,219,37,27,12,29,151,195,206,89,283,274,266,169,28,18,18,36,176,210,236,104,327,315,302,198,34,23,17,33,170,210,225,98,319,306,300,190,27,20,29,55,217,279,291,128,410,397,395,249,45,41,76,105,286,371,387,199,540,525,524,366,81,77,32.88,53.38,206.75,265.88,283.88,132.25,396.38,383.75,377.38,249.88,48.5,40.75
Concrete_0cm_S6,2026-04-02T20:38:27.185834,26,43,180,249,268,118,376,362,355,244,44,34,64,89,294,382,403,213,564,543,541,364,92,86,21,37,180,231,255,110,350,347,334,219,37,27,12,29,151,195,205,89,283,274,266,168,27,19,18,36,176,210,236,104,327,315,303,198,34,23,17,34,170,210,225,98,318,306,300,190,27,20,29,55,217,279,291,128,410,397,395,249,45,41,76,106,285,371,387,199,540,524,525,366,81,78,32.88,53.62,206.62,265.88,283.75,132.38,396.0,383.5,377.38,249.75,48.38,41.0
Concrete_0cm_S6,2026-04-02T20:38:27.296350,26,43,180,249,268,118,376,362,355,244,44,34,64,89,294,382,403,213,564,543,541,364,92,86,21,37,180,231,255,110,350,347,334,219,37,27,12,29,151,195,205,89,283,274,266,168,27,19,18,36,176,210,236,104,327,315,303,198,34,23,17,34,170,210,225,98,318,306,300,190,27,20,29,55,217,279,291,128,410,397,395,249,45,41,76,106,285,371,387,199,540,524,525,366,81,78,32.88,53.62,206.62,265.88,283.75,132.38,396.0,383.5,377.38,249.75,48.38,41.0
Concrete_0cm_S6,2026-04-02T20:38:27.393788,26,43,180,249,267,118,376,363,355,244,44,34,64,89,294,382,403,213,564,543,541,364,92,86,21,37,180,231,255,111,350,347,335,218,37,27,12,29,151,195,206,89,283,274,266,169,28,19,18,35,176,210,237,104,326,314,302,198,34,23,17,33,170,210,225,98,319,305,300,190,27,20,29,55,218,280,292,128,410,397,395,249,46,41,76,105,285,371,387,199,541,524,525,366,81,77,32.88,53.25,206.75,266.0,284.0,132.5,396.12,383.38,377.38,249.75,48.62,40.88
Concrete_0cm_S6,2026-04-02T20:38:27.493301,26,43,180,249,267,118,376,363,355,244,44,34,64,89,294,382,403,213,564,543,541,364,92,86,21,37,180,231,255,111,350,347,335,218,37,27,12,29,151,195,206,89,283,274,266,169,28,19,18,35,176,210,237,104,326,314,302,198,34,23,17,33,170,210,225,98,319,305,300,190,27,20,29,55,218,280,292,128,410,397,395,249,46,41,76,105,285,371,387,199,541,524,525,366,81,77,32.88,53.25,206.75,266.0,284.0,132.5,396.12,383.38,377.38,249.75,48.62,40.88
Concrete_0cm_S6,2026-04-02T20:38:27.586388,26,43,180,249,267,117,376,363,354,244,44,34,64,89,294,382,404,214,564,543,541,364,92,87,21,37,181,231,255,111,351,347,335,219,37,27,12,29,151,195,206,88,283,274,266,169,28,18,18,35,176,209,236,104,327,315,303,198,34,23,17,33,170,210,225,98,319,306,300,190,26,20,30,55,217,280,291,129,410,397,395,250,46,41,75,105,285,371,387,199,541,524,524,366,81,77,32.88,53.25,206.75,265.88,283.88,132.5,396.38,383.62,377.25,250.0,48.5,40.88
Concrete_0cm_S6,2026-04-02T20:38:27.685924,26,43,180,249,267,117,376,363,354,244,44,34,64,89,294,382,404,214,564,543,541,364,92,87,21,37,181,231,255,111,351,347,335,219,37,27,12,29,151,195,206,88,283,274,266,169,28,18,18,35,176,209,236,104,327,315,303,198,34,23,17,33,170,210,225,98,319,306,300,190,26,20,30,55,217,280,291,129,410,397,395,250,46,41,75,105,285,371,387,199,541,524,524,366,81,77,32.88,53.25,206.75,265.88,283.88,132.5,396.38,383.62,377.25,250.0,48.5,40.88
Concrete_0cm_S6,2026-04-02T20:38:27.776808,26,43,180,249,267,117,376,363,355,244,44,33,64,89,294,381,404,213,564,543,541,365,92,87,21,37,181,231,255,110,351,347,335,219,37,27,12,29,151,195,206,88,283,274,266,168,28,19,18,35,176,210,237,104,327,315,303,198,34,23,17,34,170,210,225,98,319,305,300,190,26,20,29,55,218,280,291,128,410,397,395,249,45,41,75,105,285,371,386,199,540,524,524,366,81,77,32.75,53.38,206.88,265.88,283.88,132.12,396.25,383.5,377.38,249.88,48.38,40.88
Concrete_0cm_S6,2026-04-02T20:38:27.875659,26,43,180,249,267,117,376,363,354,244,44,34,64,89,294,382,404,213,564,544,541,365,92,86,21,37,180,231,255,111,350,347,335,219,37,27,12,29,151,195,206,88,283,274,266,168,28,19,18,35,176,210,237,104,327,315,303,198,34,23,17,34,170,210,225,98,319,305,300,190,26,20,29,55,217,279,291,128,410,397,395,249,45,41,75,105,286,371,387,199,540,524,524,366,81,77,32.75,53.38,206.75,265.88,284.0,132.25,396.12,383.62,377.25,249.88,48.38,40.88
Concrete_0cm_S6,2026-04-02T20:38:27.980544,26,43,180,249,267,117,376,363,354,244,44,34,64,89,294,382,404,213,564,544,541,365,92,86,21,37,180,231,255,111,350,347,335,219,37,27,12,29,151,195,206,88,283,274,266,168,28,19,18,35,176,210,237,104,327,315,303,198,34,23,17,34,170,210,225,98,319,305,300,190,26,20,29,55,217,279,291,128,410,397,395,249,45,41,75,105,286,371,387,199,540,524,524,366,81,77,32.75,53.38,206.75,265.88,284.0,132.25,396.12,383.62,377.25,249.88,48.38,40.88
Concrete_0cm_S6,2026-04-02T20:38:28.077960,26,43,180,249,267,117,376,363,354,244,44,34,64,89,294,382,404,213,564,544,541,365,92,86,21,37,180,231,255,111,350,347,335,219,37,27,12,29,151,195,206,89,283,274,266,168,28,18,18,35,176,210,236,104,327,315,303,198,34,23,17,34,170,210,225,98,319,305,300,190,27,20,29,55,217,280,291,128,410,398,395,249,46,41,75,105,286,371,387,198,540,524,525,366,81,77,32.75,53.38,206.75,266.0,283.88,132.25,396.12,383.75,377.38,249.88,48.62,40.75
Concrete_0cm_S6,2026-04-02T20:38:28.175398,26,43,180,249,267,117,376,363,354,244,44,34,64,89,294,382,404,213,564,544,541,365,92,86,21,37,180,231,255,111,350,347,335,219,37,27,12,29,151,195,206,89,283,274,266,168,28,18,18,35,176,210,236,104,327,315,303,198,34,23,17,34,170,210,225,98,319,305,300,190,27,20,29,55,217,280,291,128,410,398,395,249,46,41,75,105,286,371,387,198,540,524,525,366,81,77,32.75,53.38,206.75,266.0,283.88,132.25,396.12,383.75,377.38,249.88,48.62,40.75
Concrete_0cm_S6,2026-04-02T20:38:28.277913,26,43,179,249,267,117,376,363,355,244,44,34,64,89,295,382,404,213,564,543,540,365,92,87,21,37,180,231,255,110,351,347,335,219,37,27,12,29,151,195,206,89,283,274,266,169,27,19,18,36,176,210,236,104,327,315,303,198,34,23,17,34,170,210,225,98,319,306,300,190,27,20,30,55,218,280,291,128,410,398,395,249,45,41,76,105,286,371,386,199,540,524,524,366,81,77,33.0,53.5,206.88,266.0,283.75,132.25,396.25,383.75,377.25,250.0,48.38,41.0
Concrete_0cm_S6,2026-04-02T20:38:28.377531,26,43,179,249,267,117,376,363,355,244,44,34,64,89,295,382,404,213,564,543,540,365,92,87,21,37,180,231,255,110,351,347,335,219,37,27,12,29,151,195,206,89,283,274,266,169,27,19,18,36,176,210,236,104,327,315,303,198,34,23,17,34,170,210,225,98,319,306,300,190,27,20,30,55,218,280,291,128,410,398,395,249,45,41,76,105,286,371,386,199,540,524,524,366,81,77,33.0,53.5,206.88,266.0,283.75,132.25,396.25,383.75,377.25,250.0,48.38,41.0
Concrete_0cm_S6,2026-04-02T20:38:28.467532,26,43,180,249,267,117,375,363,355,244,44,34,64,89,295,382,404,213,563,543,542,365,92,87,21,37,181,231,255,110,351,348,335,219,37,27,12,29,151,195,206,89,284,274,266,169,27,19,18,36,176,210,236,104,327,315,303,198,34,23,17,34,170,210,225,98,319,305,300,190,27,20,29,55,217,279,291,128,410,398,395,249,46,42,76,105,286,371,387,199,540,524,525,365,81,77,32.88,53.5,207.0,265.88,283.88,132.25,396.12,383.75,377.62,249.88,48.5,41.12
Concrete_0cm_S6,2026-04-02T20:38:28.568328,26,43,180,249,267,117,375,363,355,244,44,34,64,89,295,382,404,213,563,543,542,365,92,87,21,37,181,231,255,110,351,348,335,219,37,27,12,29,151,195,206,89,284,274,266,169,27,19,18,36,176,210,236,104,327,315,303,198,34,23,17,34,170,210,225,98,319,305,300,190,27,20,29,55,217,279,291,128,410,398,395,249,46,42,76,105,286,371,387,199,540,524,525,365,81,77,32.88,53.5,207.0,265.88,283.88,132.25,396.12,383.75,377.62,249.88,48.5,41.12
Concrete_0cm_S6,2026-04-02T20:38:28.659188,26,43,180,249,267,118,376,363,355,244,44,34,64,89,294,381,404,213,565,543,541,365,92,87,21,38,181,231,255,110,351,348,335,219,37,27,12,29,151,195,206,88,283,274,266,168,27,19,18,36,176,210,237,104,326,315,303,198,34,23,17,33,170,210,225,98,318,305,300,190,27,20,29,55,217,279,291,128,410,398,395,249,45,41,75,105,286,371,386,199,540,524,524,366,81,77,32.75,53.5,206.88,265.75,283.88,132.25,396.12,383.75,377.38,249.88,48.38,41.0
Concrete_0cm_S6,2026-04-02T20:38:28.757973,26,43,180,249,267,118,376,363,355,244,44,34,64,89,294,381,404,213,565,543,541,365,92,87,21,38,181,231,255,110,351,348,335,219,37,27,12,29,151,195,206,88,283,274,266,168,27,19,18,36,176,210,237,104,326,315,303,198,34,23,17,33,170,210,225,98,318,305,300,190,27,20,29,55,217,279,291,128,410,398,395,249,45,41,75,105,286,371,386,199,540,524,524,366,81,77,32.75,53.5,206.88,265.75,283.88,132.25,396.12,383.75,377.38,249.88,48.38,41.0
Concrete_0cm_S6,2026-04-02T20:38:28.849556,26,43,180,249,267,118,376,363,355,244,44,34,64,89,294,381,403,213,565,544,541,365,92,87,21,38,180,231,255,111,351,347,335,219,37,27,12,29,151,195,206,89,283,274,266,169,28,18,18,36,176,210,237,104,326,315,303,198,34,23,17,33,170,210,225,98,318,306,300,190,27,20,29,54,217,280,291,128,410,398,395,249,46,41,76,105,286,371,386,199,541,524,525,366,81,77,32.88,53.38,206.75,265.88,283.75,132.5,396.25,383.88,377.5,250.0,48.62,40.88
Concrete_0cm_S6,2026-04-02T20:38:28.955606,26,43,180,249,267,118,376,363,355,244,44,34,64,89,294,381,403,213,565,544,541,365,92,87,21,38,180,231,255,111,351,347,335,219,37,27,12,29,151,195,206,89,283,274,266,169,28,18,18,36,176,210,237,104,326,315,303,198,34,23,17,33,170,210,225,98,318,306,300,190,27,20,29,54,217,280,291,128,410,398,395,249,46,41,76,105,286,371,386,199,541,524,525,366,81,77,32.88,53.38,206.75,265.88,283.75,132.5,396.25,383.88,377.5,250.0,48.62,40.88
Concrete_0cm_S6,2026-04-02T20:38:29.078023,26,43,180,250,268,118,376,363,355,244,44,34,64,89,294,381,404,213,564,543,541,365,92,87,21,37,180,231,255,110,351,347,335,219,37,27,12,29,151,195,206,89,283,274,266,169,28,19,18,36,176,209,237,104,327,315,303,198,34,24,16,34,170,210,225,98,319,306,300,190,27,20,29,54,217,280,291,128,409,397,394,249,45,41,76,105,285,371,387,199,540,524,525,366,81,76,32.75,53.38,206.62,265.88,284.12,132.38,396.12,383.62,377.38,250.0,48.5,41.0
Concrete_0cm_S6,2026-04-02T20:38:29.175283,26,43,180,250,268,118,376,363,355,244,44,34,64,89,294,381,404,213,564,543,541,365,92,87,21,37,180,231,255,110,351,347,335,219,37,27,12,29,151,195,206,89,283,274,266,169,28,19,18,36,176,209,237,104,327,315,303,198,34,24,16,34,170,210,225,98,319,306,300,190,27,20,29,54,217,280,291,128,409,397,394,249,45,41,76,105,285,371,387,199,540,524,525,366,81,76,32.75,53.38,206.62,265.88,284.12,132.38,396.12,383.62,377.38,250.0,48.5,41.0
Concrete_0cm_S6,2026-04-02T20:38:29.272313,26,43,180,249,268,117,376,363,355,244,44,34,64,89,294,382,404,213,564,544,541,365,92,87,21,37,180,231,255,110,351,347,335,219,37,27,12,29,151,195,206,89,283,274,266,169,28,19,18,36,176,209,237,104,327,315,303,198,34,24,16,34,170,210,225,98,319,306,300,190,27,20,29,54,217,280,291,128,409,397,394,249,45,41,76,105,285,371,387,199,540,524,525,366,81,76,32.75,53.38,206.62,265.88,284.12,132.25,396.12,383.75,377.38,250.0,48.5,41.0
Concrete_0cm_S6,2026-04-02T20:38:29.364935,26,43,180,249,268,117,376,363,355,244,44,34,64,89,294,382,404,213,564,544,541,365,92,87,21,37,180,231,255,110,351,347,335,219,37,27,12,29,151,195,206,89,283,274,266,169,28,19,18,36,176,209,237,104,327,315,303,198,34,24,16,34,170,210,225,98,319,306,300,190,27,20,29,54,217,280,291,128,409,397,394,249,45,41,76,105,285,371,387,199,540,524,525,366,81,76,32.75,53.38,206.62,265.88,284.12,132.25,396.12,383.75,377.38,250.0,48.5,41.0
Concrete_0cm_S6,2026-04-02T20:38:29.465570,26,43,180,249,267,118,376,363,355,244,44,34,64,89,295,382,404,213,564,544,542,364,92,87,21,37,180,230,255,111,350,347,335,219,37,27,12,29,151,195,206,88,283,274,267,168,27,19,18,35,176,210,236,104,327,315,302,198,34,23,17,33,170,210,225,98,319,305,300,190,27,20,29,55,217,279,291,128,410,398,395,249,45,41,75,105,285,371,387,199,540,524,525,365,81,77,32.75,53.25,206.75,265.75,283.88,132.38,396.12,383.75,377.62,249.62,48.38,41.0
Concrete_0cm_S6,2026-04-02T20:38:29.570267,26,43,180,249,267,118,376,363,355,244,44,34,64,89,295,382,404,213,564,544,542,364,92,87,21,37,180,230,255,111,350,347,335,219,37,27,12,29,151,195,206,88,283,274,267,168,27,19,18,35,176,210,236,104,327,315,302,198,34,23,17,33,170,210,225,98,319,305,300,190,27,20,29,55,217,279,291,128,410,398,395,249,45,41,75,105,285,371,387,199,540,524,525,365,81,77,32.75,53.25,206.75,265.75,283.88,132.38,396.12,383.75,377.62,249.62,48.38,41.0
Concrete_0cm_S6,2026-04-02T20:38:29.660580,26,43,180,249,267,117,376,363,355,244,44,34,64,89,295,382,404,213,564,544,542,364,92,87,21,37,180,230,255,111,350,347,335,219,37,27,12,29,151,195,206,88,283,274,266,168,28,19,18,35,176,210,236,104,327,316,303,198,34,23,17,33,170,210,225,98,319,306,300,190,27,20,29,54,217,279,291,128,410,398,395,249,45,41,75,105,286,371,387,200,541,525,525,366,82,78,32.75,53.12,206.88,265.75,283.88,132.38,396.25,384.12,377.62,249.75,48.62,41.12
Concrete_0cm_S6,2026-04-02T20:38:29.765873,26,43,180,249,267,117,376,363,355,244,44,34,64,89,295,382,404,213,564,544,542,364,92,87,21,37,180,230,255,111,350,347,335,219,37,27,12,29,151,195,206,88,283,274,266,168,28,19,18,35,176,210,236,104,327,316,303,198,34,23,17,33,170,210,225,98,319,306,300,190,27,20,29,54,217,279,291,128,410,398,395,249,45,41,75,105,286,371,387,200,541,525,525,366,82,78,32.75,53.12,206.88,265.75,283.88,132.38,396.25,384.12,377.62,249.75,48.62,41.12
Concrete_0cm_S6,2026-04-02T20:38:29.861368,26,43,180,249,267,117,376,363,355,244,44,34,64,89,295,382,404,214,565,543,542,364,92,87,21,37,180,231,255,111,351,347,335,219,37,27,12,29,151,195,205,88,284,274,266,169,27,19,18,35,176,210,236,104,326,315,303,198,34,23,17,34,170,210,225,98,319,306,300,190,27,20,29,55,217,279,291,128,409,398,394,249,45,41,76,106,286,371,387,200,540,524,524,365,81,77,32.88,53.5,206.88,265.88,283.75,132.5,396.25,383.75,377.38,249.75,48.38,41.0
Concrete_0cm_S6,2026-04-02T20:38:29.966481,26,43,180,249,267,117,376,363,355,244,44,34,64,89,294,382,403,213,564,543,541,365,92,87,21,37,180,231,255,111,351,347,335,219,37,27,12,29,151,195,205,88,284,274,266,169,27,19,18,35,176,210,236,104,326,315,303,198,34,23,17,34,170,210,225,98,319,306,300,190,27,20,29,55,217,279,291,128,409,398,394,249,45,41,76,106,286,371,387,200,540,524,524,365,81,77,32.88,53.5,206.75,265.88,283.62,132.38,396.12,383.75,377.25,249.88,48.38,41.0
Concrete_0cm_S6,2026-04-02T20:38:30.064797,26,43,180,249,267,117,376,363,355,243,44,34,64,89,294,382,403,213,564,543,541,365,92,87,21,37,181,230,255,111,351,348,335,219,37,27,12,29,151,195,206,89,283,274,266,169,27,19,18,35,176,209,236,104,327,315,303,198,34,23,17,34,170,210,225,98,319,306,299,190,27,20,29,55,217,280,291,128,410,398,395,249,45,41,76,106,285,371,387,200,541,524,524,366,81,77,32.88,53.5,206.75,265.75,283.75,132.5,396.38,383.88,377.25,249.88,48.38,41.0
Concrete_0cm_S6,2026-04-02T20:38:30.160769,26,43,180,249,267,117,376,363,355,243,44,34,64,89,294,382,403,213,564,543,541,365,92,87,21,37,181,230,255,111,351,348,335,219,37,27,12,29,151,195,206,89,283,274,266,169,27,19,18,35,176,209,236,104,327,315,303,198,34,23,17,34,170,210,225,98,319,306,299,190,27,20,29,55,217,280,291,128,410,398,395,249,45,41,76,106,285,371,387,200,541,524,524,366,81,77,32.88,53.5,206.75,265.75,283.75,132.5,396.38,383.88,377.25,249.88,48.38,41.0
Concrete_0cm_S6,2026-04-02T20:38:30.255281,26,43,180,249,267,117,376,363,355,243,44,34,64,89,294,382,404,214,564,544,542,365,92,86,21,37,181,231,255,111,350,347,335,219,37,27,12,29,151,195,206,88,283,274,267,168,28,18,18,35,176,209,236,104,327,315,303,198,34,23,17,34,170,210,225,98,318,306,300,190,27,20,29,55,217,279,292,128,410,398,395,250,46,41,76,105,286,371,387,200,541,524,525,366,81,78,32.88,53.38,206.88,265.75,284.0,132.5,396.12,383.88,377.75,249.88,48.62,40.88
Concrete_0cm_S6,2026-04-02T20:38:30.360887,26,43,180,249,267,117,376,363,355,243,44,34,64,89,294,382,404,214,564,544,542,365,92,86,21,37,181,231,255,111,350,347,335,219,37,27,12,29,151,195,206,88,283,274,267,168,28,18,18,35,176,209,236,104,327,315,303,198,34,23,17,34,170,210,225,98,318,306,300,190,27,20,29,55,217,279,292,128,410,398,395,250,46,41,76,105,286,371,387,200,541,524,525,366,81,78,32.88,53.38,206.88,265.75,284.0,132.5,396.12,383.88,377.75,249.88,48.62,40.88
Concrete_0cm_S6,2026-04-02T20:38:30.455278,26,43,180,249,267,117,376,363,355,243,44,34,64,89,294,382,404,214,564,544,542,365,92,86,21,37,180,231,256,111,351,348,334,219,37,27,12,29,151,195,206,88,283,274,267,168,28,18,18,35,176,209,236,104,327,315,303,198,34,23,17,34,170,210,225,98,319,306,300,190,26,20,29,55,217,279,292,128,410,398,395,250,46,41,76,105,286,371,387,200,541,524,525,366,81,78,32.88,53.38,206.75,265.75,284.12,132.5,396.38,384.0,377.62,249.88,48.5,40.88
Concrete_0cm_S6,2026-04-02T20:38:30.554396,26,43,180,249,267,117,376,363,355,243,44,34,64,89,294,382,404,214,564,544,542,365,92,86,21,37,180,231,256,111,351,348,334,219,37,27,12,29,151,195,206,88,283,274,267,168,28,18,18,35,176,209,236,104,327,315,303,198,34,23,17,34,170,210,225,98,319,306,300,190,26,20,29,55,217,279,292,128,410,398,395,250,46,41,76,105,286,371,387,200,541,524,525,366,81,78,32.88,53.38,206.75,265.75,284.12,132.5,396.38,384.0,377.62,249.88,48.5,40.88
Concrete_0cm_S6,2026-04-02T20:38:30.661763,26,43,180,249,267,118,376,363,355,244,44,34,64,89,294,381,404,213,564,543,541,364,92,87,21,37,180,231,256,111,351,348,334,219,37,27,12,29,151,195,206,88,283,274,267,168,28,18,18,35,176,210,236,104,327,315,303,198,34,23,17,34,170,210,225,98,319,306,300,190,27,20,29,55,217,280,291,128,410,398,395,249,45,41,76,105,286,371,387,200,541,525,525,366,81,77,32.88,53.38,206.75,265.88,284.0,132.5,396.38,384.0,377.5,249.75,48.5,40.88
Concrete_0cm_S6,2026-04-02T20:38:30.764458,26,43,180,249,267,118,376,363,355,244,44,34,64,89,294,381,404,213,564,543,541,364,92,87,21,37,180,231,256,111,351,348,334,219,37,27,12,29,151,195,206,88,283,274,267,168,28,18,18,35,176,210,236,104,327,315,303,198,34,23,17,34,170,210,225,98,319,306,300,190,27,20,29,55,217,280,291,128,410,398,395,249,45,41,76,105,286,371,387,200,541,525,525,366,81,77,32.88,53.38,206.75,265.88,284.0,132.5,396.38,384.0,377.5,249.75,48.5,40.88
Concrete_0cm_S6,2026-04-02T20:38:30.857678,26,43,180,249,267,117,376,363,355,244,44,34,64,88,295,382,403,213,564,543,541,364,92,86,21,38,181,231,255,111,351,347,335,219,37,27,12,29,151,195,206,89,283,274,266,169,28,19,18,35,176,210,236,104,327,315,303,198,34,23,17,34,170,210,225,98,319,306,300,190,27,20,29,55,217,279,291,128,410,398,395,249,45,41,76,105,286,371,387,200,541,525,525,366,81,78,32.88,53.38,207.0,265.88,283.75,132.5,396.38,383.88,377.5,249.88,48.5,41.0
Concrete_0cm_S6,2026-04-02T20:38:30.955132,26,43,180,249,267,117,376,363,355,244,44,34,64,88,295,382,403,213,564,543,541,364,92,86,21,38,181,231,255,111,351,347,335,219,37,27,12,29,151,195,206,89,283,274,266,169,28,19,18,35,176,210,236,104,327,315,303,198,34,23,17,34,170,210,225,98,319,306,300,190,27,20,29,55,217,279,291,128,410,398,395,249,45,41,76,105,286,371,387,200,541,525,525,366,81,78,32.88,53.38,207.0,265.88,283.75,132.5,396.38,383.88,377.5,249.88,48.5,41.0
Concrete_0cm_S6,2026-04-02T20:38:31.051362,26,43,180,249,267,117,376,363,355,244,44,34,64,88,295,382,403,213,564,543,541,364,92,86,21,38,181,231,255,111,351,347,335,219,37,27,12,29,151,195,206,89,283,274,266,169,28,19,18,35,176,210,236,104,327,315,303,198,34,23,17,34,170,210,225,98,319,306,300,190,27,20,29,55,217,279,291,128,410,398,395,249,45,41,76,105,286,371,387,200,541,525,525,366,81,78,32.88,53.38,207.0,265.88,283.75,132.5,396.38,383.88,377.5,249.88,48.5,41.0
Concrete_0cm_S6,2026-04-02T20:38:31.146614,26,43,180,249,267,118,376,363,355,244,44,34,64,88,294,382,403,213,564,544,541,365,92,87,21,37,180,231,254,111,351,348,335,219,37,27,12,29,151,195,206,88,283,274,266,168,27,19,18,36,176,210,236,104,327,315,303,198,34,23,17,34,170,210,225,98,319,306,300,190,27,20,29,55,217,279,291,128,410,398,395,249,45,41,76,105,286,371,387,200,541,525,525,366,81,78,32.88,53.38,206.75,265.88,283.62,132.5,396.38,384.12,377.5,249.88,48.38,41.12
Concrete_0cm_S6,2026-04-02T20:38:31.247578,26,43,180,249,267,118,376,363,355,244,44,34,64,88,294,382,403,213,564,544,541,365,92,87,21,37,180,231,254,111,351,348,335,219,37,27,12,29,151,195,206,88,283,274,266,168,27,19,18,36,176,210,236,104,327,315,303,198,34,23,17,34,170,210,225,98,319,306,300,190,27,20,29,55,217,279,291,128,410,398,395,249,45,41,76,105,286,371,387,200,541,525,525,366,81,78,32.88,53.38,206.75,265.88,283.62,132.5,396.38,384.12,377.5,249.88,48.38,41.12
Concrete_0cm_S6,2026-04-02T20:38:31.356371,26,43,180,249,267,118,376,363,355,244,44,34,64,88,294,382,403,213,564,544,541,365,92,87,21,38,181,231,255,111,351,348,335,219,37,27,12,29,151,195,206,89,283,274,266,169,27,19,18,36,176,210,236,104,327,315,303,198,34,23,17,34,170,210,225,98,319,306,300,190,27,20,29,55,217,279,291,128,410,398,395,249,45,41,76,105,286,371,387,200,541,525,525,366,81,78,32.88,53.5,206.88,265.88,283.75,132.62,396.38,384.12,377.5,250.0,48.38,41.12
Concrete_0cm_S6,2026-04-02T20:38:31.449320,26,43,180,249,267,118,376,363,355,244,44,34,64,88,294,382,403,213,564,544,541,365,92,87,21,38,181,231,255,111,351,348,335,219,37,27,12,29,151,195,206,89,283,274,266,169,27,19,18,36,176,210,236,104,327,315,303,198,34,23,17,34,170,210,225,98,319,306,300,190,27,20,29,55,217,279,291,128,410,398,395,249,45,41,76,105,286,371,387,200,541,525,525,366,81,78,32.88,53.5,206.88,265.88,283.75,132.62,396.38,384.12,377.5,250.0,48.38,41.12
Concrete_0cm_S6,2026-04-02T20:38:31.547252,26,43,180,249,267,118,375,363,355,244,43,34,64,89,295,381,403,213,564,543,541,364,92,87,21,37,180,231,255,111,350,347,335,219,37,27,12,29,151,195,206,88,283,274,266,168,27,18,18,35,176,209,237,104,325,315,303,198,34,23,17,34,170,210,225,98,319,305,300,190,27,20,29,55,217,279,291,128,410,397,395,249,45,41,76,105,286,371,387,200,540,524,525,366,81,78,32.88,53.38,206.88,265.62,283.88,132.5,395.75,383.5,377.5,249.75,48.25,41.0
Concrete_0cm_S6,2026-04-02T20:38:31.651274,26,43,180,249,267,118,375,363,355,244,43,34,64,89,295,381,403,213,564,543,541,364,92,87,21,37,180,231,255,111,350,347,335,219,37,27,12,29,151,195,206,88,283,274,266,168,27,18,18,35,176,209,237,104,325,315,303,198,34,23,17,34,170,210,225,98,319,305,300,190,27,20,29,55,217,279,291,128,410,397,395,249,45,41,76,105,286,371,387,200,540,524,525,366,81,78,32.88,53.38,206.88,265.62,283.88,132.5,395.75,383.5,377.5,249.75,48.25,41.0
Concrete_0cm_S6,2026-04-02T20:38:31.751183,26,43,180,249,267,118,376,363,355,244,44,34,64,89,295,381,403,213,564,543,541,364,92,87,21,37,180,231,255,111,350,347,335,219,37,27,12,29,151,195,206,88,283,274,266,168,27,18,18,35,176,209,237,104,325,315,303,198,34,23,17,34,170,210,225,98,319,305,300,190,27,20,29,55,217,280,291,128,410,397,395,249,45,41,76,105,285,371,387,199,540,524,525,366,81,77,32.88,53.38,206.75,265.75,283.88,132.38,395.88,383.5,377.5,249.75,48.38,40.88
Concrete_0cm_S6,2026-04-02T20:38:31.851757,26,43,180,249,267,118,376,363,355,244,44,34,64,89,295,381,403,213,564,543,541,364,92,87,21,37,180,231,255,111,350,347,335,219,37,27,12,29,151,195,206,88,283,274,266,168,27,18,18,35,176,209,237,104,325,315,303,198,34,23,17,34,170,210,225,98,319,305,300,190,27,20,29,55,217,280,291,128,410,397,395,249,45,41,76,105,285,371,387,199,540,524,525,366,81,77,32.88,53.38,206.75,265.75,283.88,132.38,395.88,383.5,377.5,249.75,48.38,40.88
Concrete_0cm_S6,2026-04-02T20:38:31.943823,26,43,180,249,267,117,376,363,355,244,44,34,64,89,294,381,403,213,564,543,541,364,92,87,21,37,180,231,255,111,351,347,335,219,37,27,12,29,151,195,205,89,283,274,266,168,27,18,18,35,176,210,236,104,327,315,303,198,34,24,17,34,170,210,225,98,319,306,300,190,27,20,29,55,217,280,291,128,410,397,395,249,45,41,76,105,285,371,387,199,540,524,525,366,81,77,32.88,53.38,206.62,265.88,283.62,132.38,396.25,383.62,377.5,249.75,48.38,41.0
Concrete_0cm_S6,2026-04-02T20:38:32.070814,26,43,180,249,267,117,376,363,355,244,44,34,64,89,294,381,403,213,564,543,541,364,92,87,21,37,180,231,255,111,351,347,335,219,37,27,12,29,151,195,205,89,283,274,266,168,27,18,18,35,176,210,236,104,327,315,303,198,34,24,17,34,170,210,225,98,319,306,300,190,27,20,29,55,217,280,291,128,410,397,395,249,45,41,76,105,285,371,387,199,540,524,525,366,81,77,32.88,53.38,206.62,265.88,283.62,132.38,396.25,383.62,377.5,249.75,48.38,41.0
Concrete_0cm_S6,2026-04-02T20:38:32.179548,26,43,180,249,267,117,376,363,355,244,44,34,64,89,294,382,403,213,564,543,541,364,92,87,21,37,181,231,255,111,351,347,335,219,37,27,12,29,151,195,206,89,283,274,266,168,27,19,18,35,176,210,236,104,327,315,303,198,34,24,17,34,170,210,225,98,319,306,300,190,27,20,29,55,217,280,291,128,410,397,395,249,45,41,76,105,285,371,387,199,540,524,525,366,81,77,32.88,53.38,206.75,266.0,283.75,132.38,396.25,383.62,377.5,249.75,48.38,41.12
Concrete_0cm_S6,2026-04-02T20:38:32.279071,26,43,180,249,267,117,376,363,355,244,44,34,64,89,294,382,403,213,564,543,541,364,92,87,21,37,181,231,255,111,351,347,335,219,37,27,12,29,151,195,206,89,283,274,266,168,27,19,18,35,176,210,236,104,327,315,303,198,34,24,17,34,170,210,225,98,319,306,300,190,27,20,29,55,217,280,291,128,410,397,395,249,45,41,76,105,285,371,387,199,540,524,525,366,81,77,32.88,53.38,206.75,266.0,283.75,132.38,396.25,383.62,377.5,249.75,48.38,41.12
Concrete_0cm_S6,2026-04-02T20:38:32.375712,26,43,180,249,267,117,376,363,355,244,44,34,64,89,294,382,403,213,564,543,541,364,92,87,21,37,180,231,255,110,351,347,335,219,37,27,12,29,151,195,206,89,283,274,266,168,28,19,18,36,176,210,236,104,327,315,303,198,34,23,17,33,170,210,225,98,319,306,300,190,27,20,29,55,217,280,291,128,410,397,394,249,45,41,76,105,286,371,387,199,541,524,524,366,81,78,32.88,53.38,206.75,266.0,283.75,132.25,396.38,383.62,377.25,249.75,48.5,41.12
Concrete_0cm_S6,2026-04-02T20:38:32.486039,26,43,180,249,267,117,376,363,355,244,44,34,64,89,294,382,403,213,564,543,541,364,92,87,21,37,180,231,255,110,351,347,335,219,37,27,12,29,151,195,206,89,283,274,266,168,28,19,18,36,176,210,236,104,327,315,303,198,34,23,17,33,170,210,225,98,319,306,300,190,27,20,29,55,217,280,291,128,410,397,394,249,45,41,76,105,286,371,387,199,541,524,524,366,81,78,32.88,53.38,206.75,266.0,283.75,132.25,396.38,383.62,377.25,249.75,48.5,41.12
Concrete_0cm_S6,2026-04-02T20:38:32.578641,26,43,180,249,267,117,376,363,355,243,44,34,64,89,294,382,404,214,564,543,541,365,92,87,21,37,180,231,255,110,351,347,335,219,37,27,12,29,151,195,206,89,283,274,266,168,28,19,18,35,176,210,237,104,327,315,303,199,34,24,17,34,170,210,225,98,319,306,300,190,27,20,30,55,217,279,291,128,409,397,394,249,45,41,76,106,286,371,387,200,541,524,525,366,81,78,33.0,53.5,206.75,265.88,284.0,132.5,396.25,383.62,377.38,249.88,48.5,41.25
Concrete_0cm_S6,2026-04-02T20:38:32.681247,26,43,180,249,267,117,376,363,355,243,44,34,64,89,294,382,404,214,564,543,541,365,92,87,21,37,180,231,255,110,351,347,335,219,37,27,12,29,151,195,206,89,283,274,266,168,28,19,18,35,176,210,237,104,327,315,303,199,34,24,17,34,170,210,225,98,319,306,300,190,27,20,30,55,217,279,291,128,409,397,394,249,45,41,76,106,286,371,387,200,541,524,525,366,81,78,33.0,53.5,206.75,265.88,284.0,132.5,396.25,383.62,377.38,249.88,48.5,41.25
Concrete_0cm_S6,2026-04-02T20:38:32.777148,26,43,180,249,267,117,376,363,354,244,44,34,64,88,294,382,403,213,564,543,541,365,92,87,21,38,180,230,255,110,351,347,335,219,37,27,12,29,151,195,206,89,283,274,266,169,28,19,18,36,176,210,237,104,327,315,303,198,34,23,17,34,170,210,225,98,319,306,300,190,27,20,30,55,217,279,291,128,409,397,394,249,45,41,76,106,286,371,387,200,541,524,525,366,81,78,33.0,53.62,206.75,265.75,283.88,132.38,396.25,383.62,377.25,250.0,48.5,41.12
Concrete_0cm_S6,2026-04-02T20:38:32.872163,26,43,180,249,267,117,376,363,354,244,44,34,64,88,294,382,403,213,564,543,541,365,92,87,21,38,180,230,255,110,351,347,335,219,37,27,12,29,151,195,206,89,283,274,266,169,28,19,18,36,176,210,237,104,327,315,303,198,34,23,17,34,170,210,225,98,319,306,300,190,27,20,30,55,217,279,291,128,409,397,394,249,45,41,76,106,286,371,387,200,541,524,525,366,81,78,33.0,53.62,206.75,265.75,283.88,132.38,396.25,383.62,377.25,250.0,48.5,41.12
Concrete_0cm_S6,2026-04-02T20:38:32.964823,26,43,180,249,267,117,376,363,355,244,44,34,64,88,294,381,403,213,564,543,541,364,92,86,21,37,181,231,255,111,350,347,335,219,37,27,12,29,151,195,206,89,283,274,266,169,27,19,18,36,176,210,237,104,327,315,303,198,34,23,17,34,170,210,225,98,319,306,300,190,27,20,30,55,217,279,291,128,409,397,394,249,45,41,76,106,286,371,387,200,541,524,525,366,81,78,33.0,53.5,206.88,265.75,283.88,132.5,396.12,383.62,377.38,249.88,48.38,41.0
Concrete_0cm_S6,2026-04-02T20:38:33.069396,26,43,180,249,267,117,376,363,355,244,44,34,64,88,294,381,403,213,564,543,541,364,92,86,21,37,181,231,255,111,350,347,335,219,37,27,12,29,151,195,206,89,283,274,266,169,27,19,18,36,176,210,237,104,327,315,303,198,34,23,17,34,170,210,225,98,319,306,300,190,27,20,30,55,217,279,291,128,409,397,394,249,45,41,76,106,286,371,387,200,541,524,525,366,81,78,33.0,53.5,206.88,265.75,283.88,132.5,396.12,383.62,377.38,249.88,48.38,41.0
Concrete_0cm_S6,2026-04-02T20:38:33.175252,26,43,180,249,267,117,376,363,355,244,44,34,64,89,295,382,403,214,564,543,542,364,92,87,21,37,180,231,255,111,350,347,335,219,37,27,12,29,151,195,206,89,283,274,266,169,28,18,18,36,176,210,237,104,327,315,303,199,34,23,17,34,171,210,225,98,319,306,300,190,27,20,29,55,217,280,291,128,410,398,394,249,45,41,76,105,286,371,387,199,541,524,524,366,82,77,32.88,53.5,207.0,266.0,283.88,132.5,396.25,383.75,377.38,250.0,48.62,40.88
Concrete_0cm_S6,2026-04-02T20:38:33.279953,26,43,180,249,267,117,376,363,355,244,44,34,64,89,295,382,403,214,564,543,542,364,92,87,21,37,180,231,255,111,350,347,335,219,37,27,12,29,151,195,206,89,283,274,266,169,28,18,18,36,176,210,237,104,327,315,303,199,34,23,17,34,171,210,225,98,319,306,300,190,27,20,29,55,217,280,291,128,410,398,394,249,45,41,76,105,286,371,387,199,541,524,524,366,82,77,32.88,53.5,207.0,266.0,283.88,132.5,396.25,383.75,377.38,250.0,48.62,40.88
Concrete_0cm_S6,2026-04-02T20:38:33.378814,26,43,180,249,267,117,376,363,355,244,44,34,64,89,295,382,403,214,564,543,542,364,92,87,21,37,180,231,255,111,350,347,335,219,37,27,12,29,151,195,206,89,283,274,266,169,28,18,18,36,176,210,237,104,327,315,303,199,34,23,17,34,171,210,225,98,319,306,300,190,27,20,29,55,217,280,291,128,410,398,394,249,45,41,76,105,286,371,387,199,541,524,524,366,82,77,32.88,53.5,207.0,266.0,283.88,132.5,396.25,383.75,377.38,250.0,48.62,40.88
Concrete_0cm_S6,2026-04-02T20:38:33.483253,26,43,180,249,267,117,376,363,355,244,44,34,64,89,295,382,403,214,564,543,542,364,92,87,21,37,180,231,255,111,350,347,335,219,37,27,12,29,151,195,206,89,283,274,266,169,28,18,18,36,176,210,237,104,327,315,303,199,34,23,17,34,171,210,225,98,319,306,300,190,27,20,29,55,217,280,291,128,410,398,394,249,45,41,76,105,286,371,387,199,541,524,524,366,82,77,32.88,53.5,207.0,266.0,283.88,132.5,396.25,383.75,377.38,250.0,48.62,40.88
Concrete_0cm_S6,2026-04-02T20:38:33.583214,26,43,180,249,267,117,376,363,355,244,44,34,64,89,294,382,404,213,564,543,541,364,92,87,21,37,181,231,255,111,351,347,335,219,37,27,12,29,151,195,206,88,283,274,266,168,27,18,18,36,176,210,237,104,327,315,303,198,34,23,17,34,170,210,225,98,319,305,300,190,27,20,30,55,217,280,291,128,409,397,395,249,46,41,76,105,286,371,387,200,541,524,525,366,81,77,33.0,53.5,206.88,266.0,284.0,132.38,396.25,383.5,377.5,249.75,48.5,40.88
Concrete_0cm_S6,2026-04-02T20:38:33.691571,26,43,180,249,267,117,376,363,355,244,44,34,64,89,294,382,404,213,564,543,541,364,92,87,21,37,181,231,255,111,351,347,335,219,37,27,12,29,151,195,206,88,283,274,266,168,27,18,18,36,176,210,237,104,327,315,303,198,34,23,17,34,170,210,225,98,319,305,300,190,27,20,30,55,217,280,291,128,409,397,395,249,46,41,76,105,286,371,387,200,541,524,525,366,81,77,33.0,53.5,206.88,266.0,284.0,132.38,396.25,383.5,377.5,249.75,48.5,40.88
Concrete_0cm_S6,2026-04-02T20:38:33.807771,26,43,180,249,267,117,376,363,355,244,44,34,64,89,294,382,404,214,564,543,541,365,92,86,21,37,180,231,255,110,351,347,334,219,37,27,12,29,151,195,206,89,283,274,266,168,27,19,18,36,176,210,236,104,327,315,303,198,34,24,17,34,170,210,225,98,319,305,300,190,27,20,29,55,217,279,291,129,410,397,395,250,46,41,76,105,286,371,387,199,540,524,525,366,81,77,32.88,53.5,206.75,265.88,283.88,132.5,396.25,383.5,377.38,250.0,48.5,41.0
Concrete_0cm_S6,2026-04-02T20:38:33.949934,26,43,180,249,267,117,376,363,355,244,43,34,64,89,295,382,404,214,564,544,542,364,92,87,21,37,180,231,255,111,351,347,335,219,37,27,12,29,151,195,206,89,283,274,266,168,27,19,18,36,176,210,236,104,327,315,303,198,34,24,17,34,170,210,225,98,319,305,300,190,27,20,29,55,217,280,291,128,410,397,395,249,45,41,76,106,286,371,387,199,540,524,525,366,81,77,32.88,53.62,206.88,266.0,283.88,132.5,396.25,383.62,377.62,249.75,48.25,41.12
Concrete_0cm_S6,2026-04-02T20:38:34.051371,26,43,180,249,267,117,376,363,355,244,43,34,64,89,295,382,404,214,564,544,542,364,92,87,21,37,180,231,255,111,351,347,335,219,37,27,12,29,151,195,206,89,283,274,266,168,27,19,18,36,176,210,236,104,327,315,303,198,34,24,17,34,170,210,225,98,319,305,300,190,27,20,29,55,217,280,291,128,410,397,395,249,45,41,76,106,286,371,387,199,540,524,525,366,81,77,32.88,53.62,206.88,266.0,283.88,132.5,396.25,383.62,377.62,249.75,48.25,41.12
Concrete_0cm_S6,2026-04-02T20:38:34.148919,26,43,180,249,267,117,376,363,355,243,44,34,64,89,294,381,403,213,564,543,541,364,92,87,21,37,180,231,255,111,351,347,335,219,37,27,12,29,151,195,206,89,283,274,266,168,28,19,18,35,176,210,236,104,327,315,302,199,34,24,17,34,170,210,225,98,318,306,300,190,26,20,30,55,217,280,291,128,410,397,395,250,46,41,76,105,286,371,387,199,541,525,525,366,81,77,33.0,53.38,206.75,265.88,283.75,132.38,396.25,383.75,377.38,249.88,48.5,41.12
Concrete_0cm_S6,2026-04-02T20:38:34.255129,26,43,180,249,267,117,376,363,355,243,44,34,64,89,294,381,403,213,564,543,541,364,92,87,21,37,180,231,255,111,351,347,335,219,37,27,12,29,151,195,206,89,283,274,266,168,28,19,18,35,176,210,236,104,327,315,302,199,34,24,17,34,170,210,225,98,318,306,300,190,26,20,30,55,217,280,291,128,410,397,395,250,46,41,76,105,286,371,387,199,541,525,525,366,81,77,33.0,53.38,206.75,265.88,283.75,132.38,396.25,383.75,377.38,249.88,48.5,41.12
Concrete_0cm_S6,2026-04-02T20:38:34.354285,26,43,180,249,267,117,376,362,355,244,44,34,64,89,294,381,403,213,564,543,542,364,92,87,21,37,180,231,255,110,351,346,335,219,37,27,12,29,151,195,206,89,283,274,266,168,27,18,18,36,176,210,236,104,327,315,303,198,34,23,17,34,170,210,225,98,319,306,300,190,27,20,30,55,217,279,291,128,410,397,395,250,46,41,76,106,286,371,387,200,540,524,525,366,81,77,33.0,53.62,206.75,265.75,283.75,132.38,396.25,383.38,377.62,249.88,48.5,40.88
Concrete_0cm_S6,2026-04-02T20:38:34.455151,26,43,180,249,267,117,376,362,355,244,44,34,64,89,294,381,403,213,564,543,542,364,92,87,21,37,180,231,255,110,351,346,335,219,37,27,12,29,151,195,206,89,283,274,266,168,27,18,18,36,176,210,236,104,327,315,303,198,34,23,17,34,170,210,225,98,319,306,300,190,27,20,30,55,217,279,291,128,410,397,395,250,46,41,76,106,286,371,387,200,540,524,525,366,81,77,33.0,53.62,206.75,265.75,283.75,132.38,396.25,383.38,377.62,249.88,48.5,40.88
Concrete_0cm_S6,2026-04-02T20:38:34.588168,26,43,180,250,267,118,377,363,355,244,44,34,64,89,294,382,403,213,564,543,541,365,92,87,21,38,180,231,255,111,350,347,335,219,37,27,12,29,151,195,206,89,283,274,266,169,28,18,18,36,177,210,237,104,327,315,303,198,34,23,17,34,170,210,225,98,319,306,299,190,27,20,29,55,217,279,291,128,409,398,394,249,46,41,76,105,286,371,387,199,541,524,525,366,80,77,32.88,53.62,206.88,266.0,283.88,132.5,396.25,383.75,377.25,250.0,48.5,40.88
Concrete_0cm_S6,2026-04-02T20:38:34.695516,26,43,180,250,267,118,377,363,355,244,44,34,64,89,294,382,403,213,564,543,541,365,92,87,21,38,180,231,255,111,350,347,335,219,37,27,12,29,151,195,206,89,283,274,266,169,28,18,18,36,177,210,237,104,327,315,303,198,34,23,17,34,170,210,225,98,319,306,299,190,27,20,29,55,217,279,291,128,409,398,394,249,46,41,76,105,286,371,387,199,541,524,525,366,80,77,32.88,53.62,206.88,266.0,283.88,132.5,396.25,383.75,377.25,250.0,48.5,40.88
Concrete_0cm_S6,2026-04-02T20:38:34.800122,26,43,180,249,267,117,376,363,355,244,44,34,64,89,294,382,403,214,564,543,541,365,92,87,21,37,180,231,255,110,351,347,335,219,37,27,12,29,151,195,206,89,283,274,266,168,27,18,18,36,177,210,237,104,327,315,303,198,34,23,17,34,170,210,225,98,319,306,299,190,27,20,29,55,217,279,291,128,409,398,394,249,46,41,76,105,286,371,387,199,541,524,525,366,80,77,32.88,53.5,206.88,265.88,283.88,132.38,396.25,383.75,377.25,249.88,48.38,40.88
Concrete_0cm_S6,2026-04-02T20:38:34.902951,26,43,180,249,267,117,376,363,355,244,44,34,64,89,294,382,403,214,564,543,541,365,92,87,21,37,180,231,255,110,351,347,335,219,37,27,12,29,151,195,206,89,283,274,266,168,27,18,18,36,177,210,237,104,327,315,303,198,34,23,17,34,170,210,225,98,319,306,299,190,27,20,29,55,217,279,291,128,409,398,394,249,46,41,76,105,286,371,387,199,541,524,525,366,80,77,32.88,53.5,206.88,265.88,283.88,132.38,396.25,383.75,377.25,249.88,48.38,40.88
Concrete_0cm_S6,2026-04-02T20:38:35.003496,26,43,180,249,267,118,376,363,355,244,44,34,64,89,294,381,403,213,564,543,541,364,92,86,21,37,181,231,255,111,351,347,335,219,37,27,12,29,151,195,206,89,284,274,266,168,27,19,18,36,176,210,237,104,327,315,303,198,34,23,17,33,170,210,225,98,319,306,300,190,27,20,29,55,217,279,291,128,410,398,395,249,45,41,76,106,285,371,386,199,541,524,524,366,81,77,32.88,53.5,206.75,265.75,283.75,132.5,396.5,383.75,377.38,249.75,48.38,40.88
Concrete_0cm_S6,2026-04-02T20:38:35.107787,26,43,180,249,267,118,376,363,355,244,44,34,64,89,294,381,403,213,564,543,541,364,92,86,21,37,181,231,255,111,351,347,335,219,37,27,12,29,151,195,206,89,284,274,266,168,27,19,18,36,176,210,237,104,327,315,303,198,34,23,17,33,170,210,225,98,319,306,300,190,27,20,29,55,217,279,291,128,410,398,395,249,45,41,76,106,285,371,386,199,541,524,524,366,81,77,32.88,53.5,206.75,265.75,283.75,132.5,396.5,383.75,377.38,249.75,48.38,40.88
Concrete_0cm_S6,2026-04-02T20:38:35.202488,26,43,180,249,267,118,376,363,355,244,44,34,64,89,294,381,403,213,564,543,541,364,92,86,21,37,181,231,255,111,351,347,335,219,37,27,12,29,151,195,206,88,283,274,266,168,27,18,18,36,176,210,236,104,327,315,303,198,34,23,17,33,170,210,225,98,318,305,300,190,27,20,29,55,217,280,291,128,410,398,395,249,46,41,76,105,286,371,387,199,541,524,524,366,81,78,32.88,53.38,206.88,265.88,283.75,132.38,396.25,383.62,377.38,249.75,48.5,40.88
Concrete_0cm_S6,2026-04-02T20:38:35.303608,26,43,180,249,267,118,376,363,355,244,44,34,64,89,294,381,403,213,564,543,541,364,92,86,21,37,181,231,255,111,351,347,335,219,37,27,12,29,151,195,206,88,283,274,266,168,27,18,18,36,176,210,236,104,327,315,303,198,34,23,17,33,170,210,225,98,318,305,300,190,27,20,29,55,217,280,291,128,410,398,395,249,46,41,76,105,286,371,387,199,541,524,524,366,81,78,32.88,53.38,206.88,265.88,283.75,132.38,396.25,383.62,377.38,249.75,48.5,40.88
Concrete_0cm_S6,2026-04-02T20:38:35.403659,26,43,181,249,267,118,376,363,355,244,44,34,64,89,295,382,404,214,564,543,542,365,92,86,21,37,181,231,255,111,351,348,335,219,37,27,12,29,151,195,206,89,283,274,266,168,28,19,18,36,176,210,236,104,327,315,303,198,34,23,17,33,170,210,225,98,318,305,300,190,27,20,30,55,217,280,291,128,410,397,394,249,46,41,75,105,286,371,387,199,540,524,525,366,81,78,32.88,53.38,207.12,266.0,283.88,132.62,396.12,383.62,377.5,249.88,48.62,41.0
Concrete_0cm_S6,2026-04-02T20:38:35.514863,26,43,181,249,267,118,376,363,355,244,44,34,64,89,295,382,404,214,564,543,542,365,92,86,21,37,181,231,255,111,351,348,335,219,37,27,12,29,151,195,206,89,283,274,266,168,28,19,18,36,176,210,236,104,327,315,303,198,34,23,17,33,170,210,225,98,318,305,300,190,27,20,30,55,217,280,291,128,410,397,394,249,46,41,75,105,286,371,387,199,540,524,525,366,81,78,32.88,53.38,207.12,266.0,283.88,132.62,396.12,383.62,377.5,249.88,48.62,41.0
Concrete_0cm_S6,2026-04-02T20:38:35.619867,26,43,180,249,267,118,376,363,355,244,44,34,64,89,295,382,403,213,564,542,541,364,92,87,21,37,181,231,255,111,350,347,335,219,37,27,12,29,151,195,206,88,283,274,266,169,27,19,18,35,176,210,237,104,327,315,303,199,34,24,17,33,170,210,225,98,318,305,300,190,27,20,30,55,217,280,291,128,410,397,394,249,46,41,76,105,285,371,387,200,541,524,525,366,81,77,33.0,53.25,206.88,266.0,283.88,132.5,396.12,383.38,377.38,250.0,48.5,41.12
Concrete_0cm_S6,2026-04-02T20:38:35.724355,26,43,180,249,267,118,376,363,355,244,44,34,64,89,295,382,403,213,564,542,541,364,92,87,21,37,181,231,255,111,350,347,335,219,37,27,12,29,151,195,206,88,283,274,266,169,27,19,18,35,176,210,237,104,327,315,303,199,34,24,17,33,170,210,225,98,318,305,300,190,27,20,30,55,217,280,291,128,410,397,394,249,46,41,76,105,285,371,387,200,541,524,525,366,81,77,33.0,53.25,206.88,266.0,283.88,132.5,396.12,383.38,377.38,250.0,48.5,41.12
Concrete_0cm_S6,2026-04-02T20:38:35.813582,26,43,180,249,268,117,376,363,355,244,44,34,64,89,295,382,403,213,564,542,541,364,92,87,21,37,180,231,255,110,351,347,335,219,37,27,12,29,152,196,206,89,283,274,267,169,27,18,18,36,176,210,237,104,327,315,303,198,34,23,17,34,170,210,225,98,319,306,300,190,27,20,30,55,217,280,291,128,410,397,394,249,46,41,76,105,285,371,387,200,541,524,525,366,81,77,33.0,53.5,206.88,266.12,284.0,132.38,396.38,383.5,377.5,249.88,48.5,40.88
Concrete_0cm_S6,2026-04-02T20:38:35.924653,26,43,180,249,268,117,376,363,355,244,44,34,64,89,295,382,403,213,564,542,541,364,92,87,21,37,180,231,255,110,351,347,335,219,37,27,12,29,152,196,206,89,283,274,267,169,27,18,18,36,176,210,237,104,327,315,303,198,34,23,17,34,170,210,225,98,319,306,300,190,27,20,30,55,217,280,291,128,410,397,394,249,46,41,76,105,285,371,387,200,541,524,525,366,81,77,33.0,53.5,206.88,266.12,284.0,132.38,396.38,383.5,377.5,249.88,48.5,40.88
Concrete_0cm_S6,2026-04-02T20:38:36.012784,26,43,180,249,267,117,376,363,355,244,44,34,64,89,295,382,403,213,564,542,541,364,92,87,21,38,181,230,255,110,351,347,335,219,37,27,12,29,151,195,206,88,283,274,267,168,27,19,18,36,176,210,236,104,327,315,303,198,34,23,17,34,170,210,225,98,319,306,301,190,27,20,29,55,218,279,291,128,410,397,395,249,46,41,76,105,286,371,387,199,540,524,524,365,81,77,32.88,53.62,207.12,265.75,283.75,132.12,396.25,383.5,377.62,249.62,48.5,41.0
Concrete_0cm_S6,2026-04-02T20:38:36.112116,26,43,180,249,267,117,376,363,355,244,44,34,64,89,295,382,403,213,564,542,541,364,92,87,21,38,181,230,255,110,351,347,335,219,37,27,12,29,151,195,206,88,283,274,267,168,27,19,18,36,176,210,236,104,327,315,303,198,34,23,17,34,170,210,225,98,319,306,301,190,27,20,29,55,218,279,291,128,410,397,395,249,46,41,76,105,286,371,387,199,540,524,524,365,81,77,32.88,53.62,207.12,265.75,283.75,132.12,396.25,383.5,377.62,249.62,48.5,41.0
Concrete_0cm_S6,2026-04-02T20:38:36.210060,26,43,180,250,268,118,377,363,355,244,44,34,64,89,295,382,403,213,564,542,541,364,92,87,21,38,181,230,255,110,351,347,335,219,37,27,12,29,151,195,206,88,283,274,267,168,27,19,18,36,176,210,236,104,327,315,303,198,34,23,17,34,170,210,225,98,319,306,300,189,27,20,30,55,217,280,292,128,410,398,395,249,46,41,76,105,286,371,387,199,540,524,525,366,81,77,33.0,53.62,207.0,266.0,284.0,132.25,396.38,383.62,377.62,249.62,48.5,41.0
Concrete_0cm_S6,2026-04-02T20:38:36.308915,26,43,180,250,268,118,377,363,355,244,44,34,64,89,295,382,403,213,564,542,541,364,92,87,21,38,181,230,255,110,351,347,335,219,37,27,12,29,151,195,206,88,283,274,267,168,27,19,18,36,176,210,236,104,327,315,303,198,34,23,17,34,170,210,225,98,319,306,300,189,27,20,30,55,217,280,292,128,410,398,395,249,46,41,76,105,286,371,387,199,540,524,525,366,81,77,33.0,53.62,207.0,266.0,284.0,132.25,396.38,383.62,377.62,249.62,48.5,41.0
Concrete_0cm_S6,2026-04-02T20:38:36.405248,26,43,180,249,267,118,376,363,355,244,43,34,64,89,294,381,403,213,564,543,541,365,92,86,21,37,181,231,255,111,351,347,335,219,37,27,12,29,151,195,206,89,284,274,266,168,28,18,18,35,176,210,237,104,327,315,303,198,34,23,17,34,170,210,225,98,318,306,300,190,27,20,29,55,217,280,291,128,409,397,395,249,46,41,76,106,286,371,386,199,541,524,525,366,81,78,32.88,53.5,206.88,265.88,283.75,132.5,396.25,383.62,377.5,249.88,48.5,40.88
Concrete_0cm_S6,2026-04-02T20:38:36.505136,26,43,180,249,267,118,376,363,355,244,43,34,64,89,294,381,403,213,564,543,541,365,92,86,21,37,181,231,255,111,351,347,335,219,37,27,12,29,151,195,206,89,284,274,266,168,28,18,18,35,176,210,237,104,327,315,303,198,34,23,17,34,170,210,225,98,318,306,300,190,27,20,29,55,217,280,291,128,409,397,395,249,46,41,76,106,286,371,386,199,541,524,525,366,81,78,32.88,53.5,206.88,265.88,283.75,132.5,396.25,383.62,377.5,249.88,48.5,40.88
Concrete_0cm_S6,2026-04-02T20:38:36.600696,26,43,180,249,267,118,376,363,355,244,44,34,64,89,294,382,403,213,564,543,540,364,92,87,21,37,181,231,255,111,351,347,335,219,37,27,12,29,151,195,206,89,283,274,266,168,27,18,18,36,176,210,236,104,327,315,303,198,34,24,17,33,170,210,225,98,319,305,300,190,27,20,29,55,217,279,291,128,410,397,395,250,46,41,76,105,285,371,387,199,540,524,525,366,81,77,32.88,53.38,206.75,265.88,283.75,132.5,396.25,383.5,377.38,249.88,48.5,41.0
Concrete_0cm_S6,2026-04-02T20:38:36.694804,26,43,180,249,267,118,376,363,355,244,44,34,64,89,294,382,403,213,564,543,540,364,92,87,21,37,181,231,255,111,351,347,335,219,37,27,12,29,151,195,206,89,283,274,266,168,27,18,18,36,176,210,236,104,327,315,303,198,34,24,17,33,170,210,225,98,319,305,300,190,27,20,29,55,217,279,291,128,410,397,395,250,46,41,76,105,285,371,387,199,540,524,525,366,81,77,32.88,53.38,206.75,265.88,283.75,132.5,396.25,383.5,377.38,249.88,48.5,41.0
Concrete_0cm_S6,2026-04-02T20:38:36.795025,26,43,180,249,267,118,376,363,355,244,44,34,64,89,294,382,403,213,564,543,540,364,92,87,21,37,181,231,255,111,351,347,335,219,37,27,12,29,151,195,206,89,283,274,266,168,27,18,18,36,176,210,236,104,327,315,303,198,34,24,17,33,170,210,225,98,319,305,300,190,27,20,29,55,217,279,291,128,410,397,395,250,46,41,76,105,285,371,387,199,540,524,525,366,81,77,32.88,53.38,206.75,265.88,283.75,132.5,396.25,383.5,377.38,249.88,48.5,41.0
Concrete_0cm_S6,2026-04-02T20:38:36.895966,26,43,180,249,267,118,376,363,355,244,44,34,64,89,294,382,403,213,564,543,540,364,92,87,21,38,180,231,255,110,351,347,335,219,37,27,12,29,151,195,206,89,283,274,266,168,27,18,18,35,177,210,236,104,327,315,303,198,34,23,17,34,170,210,225,98,319,306,300,190,27,20,29,55,217,279,291,128,410,397,395,250,46,41,76,105,285,371,387,199,540,524,525,366,81,77,32.88,53.5,206.75,265.88,283.75,132.38,396.25,383.62,377.38,249.88,48.5,40.88
Concrete_0cm_S6,2026-04-02T20:38:36.992935,26,43,180,249,267,118,376,363,355,244,44,34,64,89,294,382,403,213,564,543,540,364,92,87,21,38,180,231,255,110,351,347,335,219,37,27,12,29,151,195,206,89,283,274,266,168,27,18,18,35,177,210,236,104,327,315,303,198,34,23,17,34,170,210,225,98,319,306,300,190,27,20,29,55,217,279,291,128,410,397,395,250,46,41,76,105,285,371,387,199,540,524,525,366,81,77,32.88,53.5,206.75,265.88,283.75,132.38,396.25,383.62,377.38,249.88,48.5,40.88
Concrete_0cm_S6,2026-04-02T20:38:37.083749,26,43,180,249,267,118,376,363,355,244,44,34,64,89,295,382,404,214,565,543,542,365,92,87,21,38,180,231,255,110,351,347,335,219,37,27,12,29,151,195,206,89,283,274,266,168,27,18,18,36,176,210,237,104,327,316,303,198,34,24,17,33,170,210,225,98,319,305,300,190,27,20,30,55,217,279,291,128,410,398,395,249,46,41,76,106,286,371,387,199,541,525,525,366,82,77,33.0,53.62,206.88,265.88,284.0,132.5,396.5,383.88,377.62,249.88,48.62,41.0
Concrete_0cm_S6,2026-04-02T20:38:37.181814,26,43,180,249,267,118,376,363,355,244,44,34,64,89,295,382,404,214,565,543,542,365,92,87,21,38,180,231,255,110,351,347,335,219,37,27,12,29,151,195,206,89,283,274,266,168,27,18,18,36,176,210,237,104,327,316,303,198,34,24,17,33,170,210,225,98,319,305,300,190,27,20,30,55,217,279,291,128,410,398,395,249,46,41,76,106,286,371,387,199,541,525,525,366,82,77,33.0,53.62,206.88,265.88,284.0,132.5,396.5,383.88,377.62,249.88,48.62,41.0
Concrete_0cm_S6,2026-04-02T20:38:37.282592,26,43,180,249,267,117,376,363,355,244,44,33,64,89,294,382,404,214,564,543,541,364,92,87,21,37,180,230,255,110,350,347,335,218,37,27,12,29,151,195,206,89,284,274,266,168,27,19,18,36,176,210,237,104,327,316,303,199,34,23,17,34,170,210,225,98,319,306,300,190,27,20,29,55,217,280,291,128,410,397,395,249,46,41,76,105,286,370,387,199,541,524,525,366,81,78,32.88,53.5,206.75,265.75,284.0,132.38,396.38,383.75,377.5,249.75,48.5,41.0
Concrete_0cm_S6,2026-04-02T20:38:37.393741,26,43,180,249,267,117,376,363,355,244,44,33,64,89,294,382,404,214,564,543,541,364,92,87,21,37,180,230,255,110,350,347,335,218,37,27,12,29,151,195,206,89,284,274,266,168,27,19,18,36,176,210,237,104,327,316,303,199,34,23,17,34,170,210,225,98,319,306,300,190,27,20,29,55,217,280,291,128,410,397,395,249,46,41,76,105,286,370,387,199,541,524,525,366,81,78,32.88,53.5,206.75,265.75,284.0,132.38,396.38,383.75,377.5,249.75,48.5,41.0
Concrete_0cm_S6,2026-04-02T20:38:37.492708,26,43,180,249,267,117,376,363,355,244,43,34,64,89,295,382,404,214,564,543,542,365,92,87,21,37,181,231,255,110,351,347,335,219,37,27,12,29,151,195,206,89,284,274,266,169,28,19,18,35,176,210,237,104,327,315,303,198,34,23,17,33,170,210,225,98,319,306,300,190,27,20,29,55,217,279,291,128,410,398,395,249,45,41,76,105,285,371,387,199,541,525,525,366,81,78,32.88,53.25,206.88,265.88,284.0,132.38,396.5,383.88,377.62,250.0,48.38,41.12
Concrete_0cm_S6,2026-04-02T20:38:37.606690,26,43,180,249,267,117,376,363,355,244,43,34,64,89,295,382,404,214,564,543,542,365,92,87,21,37,181,231,255,110,351,347,335,219,37,27,12,29,151,195,206,89,284,274,266,169,28,19,18,35,176,210,237,104,327,315,303,198,34,23,17,33,170,210,225,98,319,306,300,190,27,20,29,55,217,279,291,128,410,398,395,249,45,41,76,105,285,371,387,199,541,525,525,366,81,78,32.88,53.25,206.88,265.88,284.0,132.38,396.5,383.88,377.62,250.0,48.38,41.12
Concrete_0cm_S6,2026-04-02T20:38:37.704313,26,43,180,249,267,117,376,363,355,244,44,34,64,89,294,382,404,214,564,543,541,365,92,87,21,37,180,231,255,110,351,347,335,219,37,27,12,29,151,195,206,89,283,274,266,169,28,19,18,36,176,210,236,104,327,315,303,198,34,23,17,33,170,210,225,98,319,306,300,190,27,20,29,55,217,279,291,128,410,398,395,249,45,41,76,105,285,371,387,199,541,525,525,366,81,78,32.88,53.38,206.62,265.88,283.88,132.38,396.38,383.88,377.5,250.0,48.5,41.12
Concrete_0cm_S6,2026-04-02T20:38:37.812113,26,43,180,249,267,117,376,363,355,244,44,34,64,89,294,382,404,214,564,543,541,365,92,87,21,37,180,231,255,110,351,347,335,219,37,27,12,29,151,195,206,89,283,274,266,169,28,19,18,36,176,210,236,104,327,315,303,198,34,23,17,33,170,210,225,98,319,306,300,190,27,20,29,55,217,279,291,128,410,398,395,249,45,41,76,105,285,371,387,199,541,525,525,366,81,78,32.88,53.38,206.62,265.88,283.88,132.38,396.38,383.88,377.5,250.0,48.5,41.12
Concrete_0cm_S6,2026-04-02T20:38:37.909730,26,43,180,249,268,117,376,363,355,244,44,34,64,89,295,381,404,214,565,544,541,365,92,87,21,37,180,230,255,111,349,347,335,219,37,27,12,29,151,195,206,88,283,274,266,168,27,18,18,36,176,210,237,104,327,316,303,198,34,23,17,33,170,210,225,98,319,306,300,190,27,20,29,55,217,279,291,129,410,397,395,249,46,41,76,105,285,371,387,199,540,524,525,366,81,77,32.88,53.38,206.75,265.62,284.12,132.5,396.12,383.88,377.5,249.88,48.5,40.88
Concrete_0cm_S6,2026-04-02T20:38:38.009457,26,43,180,249,268,117,376,363,355,244,44,34,64,89,295,381,404,214,565,544,541,365,92,87,21,37,180,230,255,111,349,347,335,219,37,27,12,29,151,195,206,88,283,274,266,168,27,18,18,36,176,210,237,104,327,316,303,198,34,23,17,33,170,210,225,98,319,306,300,190,27,20,29,55,217,279,291,129,410,397,395,249,46,41,76,105,285,371,387,199,540,524,525,366,81,77,32.88,53.38,206.75,265.62,284.12,132.5,396.12,383.88,377.5,249.88,48.5,40.88
Concrete_0cm_S6,2026-04-02T20:38:38.118014,26,43,180,249,267,117,376,363,355,244,44,34,64,89,294,381,403,213,564,543,541,364,92,87,21,38,180,231,255,110,350,348,335,219,37,27,12,29,151,195,206,89,283,274,266,168,28,19,18,36,176,210,237,104,327,316,303,199,34,23,17,33,170,210,225,98,319,306,300,191,27,20,30,55,217,280,291,128,410,398,395,249,46,42,75,105,285,371,387,199,541,524,524,366,81,77,32.88,53.5,206.62,265.88,283.88,132.25,396.25,384.0,377.38,250.0,48.62,41.12
Concrete_0cm_S6,2026-04-02T20:38:38.215612,26,43,180,249,267,117,376,363,355,244,44,34,64,89,294,381,403,213,564,543,541,364,92,87,21,38,180,231,255,110,350,348,335,219,37,27,12,29,151,195,206,89,283,274,266,168,28,19,18,36,176,210,237,104,327,316,303,199,34,23,17,33,170,210,225,98,319,306,300,191,27,20,30,55,217,280,291,128,410,398,395,249,46,42,75,105,285,371,387,199,541,524,524,366,81,77,32.88,53.5,206.62,265.88,283.88,132.25,396.25,384.0,377.38,250.0,48.62,41.12
Concrete_0cm_S6,2026-04-02T20:38:38.310130,26,43,180,249,267,117,376,363,355,244,44,34,64,89,294,381,403,213,564,543,541,364,92,87,21,38,180,231,255,110,350,348,335,219,37,27,12,29,151,195,206,89,283,274,266,168,28,19,18,36,176,210,237,104,327,316,303,199,34,23,17,33,170,210,225,98,319,306,300,191,27,20,30,55,217,280,291,128,410,398,395,249,46,42,75,105,285,371,387,199,541,524,524,366,81,77,32.88,53.5,206.62,265.88,283.88,132.25,396.25,384.0,377.38,250.0,48.62,41.12
Concrete_0cm_S6,2026-04-02T20:38:38.399871,26,43,180,249,267,117,376,363,355,244,44,34,64,89,294,381,403,213,564,543,541,364,92,87,21,38,180,231,255,110,350,348,335,219,37,27,12,29,151,195,206,89,283,274,266,168,28,19,18,36,176,210,237,104,327,316,303,199,34,23,17,33,170,210,225,98,319,306,300,191,27,20,30,55,217,280,291,128,410,398,395,249,46,42,75,105,285,371,387,199,541,524,524,366,81,77,32.88,53.5,206.62,265.88,283.88,132.25,396.25,384.0,377.38,250.0,48.62,41.12
Concrete_0cm_S6,2026-04-02T20:38:38.500194,26,43,180,249,267,118,376,363,355,243,44,34,64,89,294,382,404,213,564,543,541,364,92,87,21,37,180,231,255,111,351,347,335,219,37,27,12,29,151,195,206,89,283,274,266,168,27,19,18,36,177,210,237,104,328,315,303,198,34,24,17,34,170,210,225,98,319,306,301,190,27,20,29,55,217,279,291,128,410,398,395,249,46,41,75,105,285,371,387,199,541,524,524,366,81,77,32.75,53.5,206.75,265.88,284.0,132.5,396.5,383.75,377.5,249.62,48.5,41.12
Concrete_0cm_S6,2026-04-02T20:38:38.645644,26,43,180,249,267,118,376,363,355,243,44,34,64,89,294,382,404,213,564,543,541,364,92,87,21,37,180,231,255,111,351,347,335,219,37,27,12,29,151,195,206,89,283,274,266,168,27,19,18,36,177,210,237,104,328,315,303,198,34,24,17,34,170,210,225,98,319,306,301,190,27,20,29,55,217,279,291,128,410,398,395,249,46,41,75,105,285,371,387,199,541,524,524,366,81,77,32.75,53.5,206.75,265.88,284.0,132.5,396.5,383.75,377.5,249.62,48.5,41.12
Concrete_0cm_S6,2026-04-02T20:38:38.749174,26,43,180,249,267,118,376,363,355,243,44,34,64,89,294,382,404,213,564,543,541,364,92,87,21,37,181,230,255,110,350,348,335,219,37,27,12,29,151,196,206,89,283,274,266,169,27,19,18,36,176,210,236,104,327,316,303,198,34,23,17,34,170,210,225,98,319,306,301,190,27,20,29,55,217,279,291,128,410,397,395,249,45,41,76,106,285,371,387,199,541,524,525,366,82,78,32.88,53.62,206.75,265.88,283.88,132.38,396.25,383.88,377.62,249.75,48.5,41.12
Concrete_0cm_S6,2026-04-02T20:38:38.849775,26,43,180,249,267,118,376,363,355,243,44,34,64,89,294,382,404,213,564,543,541,364,92,87,21,37,181,230,255,110,350,348,335,219,37,27,12,29,151,196,206,89,283,274,266,169,27,19,18,35,176,210,237,104,327,316,303,198,34,23,17,34,170,210,225,98,319,306,300,190,27,20,29,55,217,279,292,128,410,398,395,249,46,41,76,106,285,371,387,199,541,524,525,366,82,78,32.88,53.5,206.75,265.88,284.12,132.38,396.25,384.0,377.5,249.75,48.62,41.12
Concrete_0cm_S6,2026-04-02T20:38:38.950895,26,43,180,249,267,118,376,363,355,243,44,34,64,89,294,382,404,213,564,543,541,364,92,87,21,37,181,230,255,110,350,348,335,219,37,27,12,29,151,196,206,89,283,274,266,169,27,19,18,35,176,210,237,104,327,316,303,198,34,23,17,34,170,210,225,98,319,306,300,190,27,20,29,55,217,279,292,128,410,398,395,249,46,41,76,106,285,371,387,199,541,524,525,366,82,78,32.88,53.5,206.75,265.88,284.12,132.38,396.25,384.0,377.5,249.75,48.62,41.12
Concrete_0cm_S6,2026-04-02T20:38:39.054917,26,43,180,249,267,117,376,363,355,244,44,34,64,89,294,382,403,213,564,543,541,365,92,87,21,37,180,231,255,110,350,348,335,219,37,27,12,29,151,195,206,89,283,274,267,169,27,18,18,36,176,210,237,104,327,315,303,198,34,23,17,33,170,210,225,98,319,306,301,190,27,20,29,55,217,279,291,128,410,398,395,249,46,41,76,105,285,370,386,200,541,525,525,366,82,78,32.88,53.38,206.62,265.75,283.75,132.38,396.25,384.0,377.75,250.0,48.62,41.0
Concrete_0cm_S6,2026-04-02T20:38:39.156078,26,43,180,249,267,117,376,363,355,244,44,34,64,89,294,382,403,213,564,543,541,365,92,87,21,37,180,231,255,110,350,348,335,219,37,27,12,29,151,195,206,89,283,274,267,169,27,18,18,36,176,210,237,104,327,315,303,198,34,23,17,33,170,210,225,98,319,306,301,190,27,20,29,55,217,279,291,128,410,398,395,249,46,41,76,105,285,370,386,200,541,525,525,366,82,78,32.88,53.38,206.62,265.75,283.75,132.38,396.25,384.0,377.75,250.0,48.62,41.0
Concrete_0cm_S6,2026-04-02T20:38:39.257089,26,43,180,250,267,118,376,363,355,244,44,34,64,89,294,382,404,213,564,543,541,365,92,87,21,37,180,231,255,110,350,347,335,219,37,27,12,29,151,195,206,89,283,274,266,168,27,19,18,36,176,210,237,104,327,316,303,199,34,24,17,34,170,210,225,98,319,306,300,190,27,20,29,54,217,279,291,128,410,398,395,249,46,41,76,105,285,371,387,200,540,524,524,366,81,77,32.88,53.38,206.62,266.0,284.0,132.5,396.12,383.88,377.38,250.0,48.5,41.12
Concrete_0cm_S6,2026-04-02T20:38:39.354854,26,43,180,250,267,118,376,363,355,244,44,34,64,89,294,382,404,213,564,543,541,365,92,87,21,37,180,231,255,110,350,347,335,219,37,27,12,29,151,195,206,89,283,274,266,168,27,19,18,36,176,210,237,104,327,316,303,199,34,24,17,34,170,210,225,98,319,306,300,190,27,20,29,54,217,279,291,128,410,398,395,249,46,41,76,105,285,371,387,200,540,524,524,366,81,77,32.88,53.38,206.62,266.0,284.0,132.5,396.12,383.88,377.38,250.0,48.5,41.12
Concrete_0cm_S6,2026-04-02T20:38:39.450588,26,43,180,250,267,118,376,363,355,244,44,34,64,89,294,382,404,213,564,543,541,365,92,87,21,37,180,231,255,110,350,347,335,219,37,27,12,29,151,195,206,89,283,274,266,168,27,19,18,36,176,210,237,104,327,316,303,199,34,24,17,34,170,210,225,98,319,306,300,190,27,20,29,54,217,279,291,128,410,398,395,249,46,41,76,105,285,371,387,200,540,524,524,366,81,77,32.88,53.38,206.62,266.0,284.0,132.5,396.12,383.88,377.38,250.0,48.5,41.12
Concrete_0cm_S6,2026-04-02T20:38:39.540786,26,43,180,249,267,117,376,363,355,244,44,34,64,89,294,382,403,214,564,543,541,364,92,86,21,37,180,231,255,110,351,347,335,219,37,27,12,29,151,195,206,89,283,274,266,169,28,19,18,36,176,210,237,104,327,316,303,198,34,24,17,34,170,210,225,98,319,306,300,190,27,20,30,55,217,279,291,128,410,398,395,249,46,41,76,105,285,370,386,199,541,524,525,366,81,77,33.0,53.5,206.62,265.75,283.75,132.38,396.38,383.88,377.5,249.88,48.62,41.0
Concrete_0cm_S6,2026-04-02T20:38:39.643352,26,43,180,249,267,117,376,363,355,244,44,34,64,89,294,382,403,214,564,543,541,364,92,86,21,37,180,231,255,110,351,347,335,219,37,27,12,29,151,195,206,89,283,274,266,169,28,19,18,36,176,210,237,104,327,316,303,198,34,24,17,34,170,210,225,98,319,306,300,190,27,20,30,55,217,279,291,128,410,398,395,249,46,41,76,105,285,370,386,199,541,524,525,366,81,77,33.0,53.5,206.62,265.75,283.75,132.38,396.38,383.88,377.5,249.88,48.62,41.0
Concrete_0cm_S6,2026-04-02T20:38:39.793142,26,43,180,249,267,117,376,363,355,244,44,34,64,89,294,382,403,214,564,543,541,364,92,86,21,37,180,231,255,110,351,347,335,219,37,27,12,29,151,195,206,89,283,274,267,169,28,19,18,36,177,210,237,104,327,316,303,199,34,24,17,34,170,210,225,98,319,306,300,190,27,20,30,55,217,279,291,128,410,398,395,249,46,41,76,105,285,370,386,199,541,524,525,366,81,77,33.0,53.5,206.75,265.75,283.75,132.38,396.38,383.88,377.62,250.0,48.62,41.0
Concrete_0cm_S6,2026-04-02T20:38:39.894215,26,43,180,249,267,118,376,363,355,244,44,34,64,89,294,382,404,213,564,543,541,364,92,87,21,37,180,231,255,110,351,347,335,219,36,27,12,29,151,195,206,88,283,274,266,169,27,19,18,36,176,210,237,104,327,316,303,198,34,23,17,33,170,210,225,98,319,306,300,190,27,20,29,55,217,279,291,128,410,398,395,249,45,41,76,105,285,371,387,199,541,524,525,366,81,78,32.88,53.38,206.62,265.88,284.0,132.25,396.38,383.88,377.5,249.88,48.25,41.12
Concrete_0cm_S6,2026-04-02T20:38:39.991742,26,43,180,249,267,118,376,363,355,244,44,34,64,89,294,382,404,213,564,543,541,364,92,87,21,37,180,231,255,110,351,347,335,219,36,27,12,29,151,195,206,88,283,274,266,169,27,19,18,36,176,210,237,104,327,316,303,198,34,23,17,33,170,210,225,98,319,306,300,190,27,20,29,55,217,279,291,128,410,398,395,249,45,41,76,105,285,371,387,199,541,524,525,366,81,78,32.88,53.38,206.62,265.88,284.0,132.25,396.38,383.88,377.5,249.88,48.25,41.12
Concrete_0cm_S6,2026-04-02T20:38:40.088546,26,43,180,248,267,117,376,364,355,244,44,34,64,89,294,382,403,214,564,543,541,365,92,86,21,37,181,230,255,110,351,347,335,219,37,27,12,29,151,195,206,89,284,274,267,169,28,18,18,35,177,210,237,104,327,316,303,199,34,24,17,34,170,210,225,98,319,306,300,191,27,20,30,54,217,279,292,128,410,398,395,250,46,41,76,105,285,371,387,199,541,524,525,366,81,78,33.0,53.25,206.88,265.62,284.0,132.38,396.5,384.0,377.62,250.38,48.62,41.0
Concrete_0cm_S6,2026-04-02T20:38:40.193499,26,43,180,248,267,117,376,364,355,244,44,34,64,89,294,382,403,214,564,543,541,365,92,86,21,37,181,230,255,110,351,347,335,219,37,27,12,29,151,195,206,89,284,274,267,169,28,18,18,35,177,210,237,104,327,316,303,199,34,24,17,34,170,210,225,98,319,306,300,191,27,20,30,54,217,279,292,128,410,398,395,250,46,41,76,105,285,371,387,199,541,524,525,366,81,78,33.0,53.25,206.88,265.62,284.0,132.38,396.5,384.0,377.62,250.38,48.62,41.0
Concrete_0cm_S6,2026-04-02T20:38:40.304807,26,43,180,250,267,118,376,363,355,243,44,34,64,89,295,382,403,214,564,543,541,365,92,87,21,38,180,231,255,111,350,347,335,219,37,27,12,29,151,195,206,88,284,274,267,169,27,19,18,36,176,210,237,104,327,316,303,198,34,24,17,33,170,210,225,98,319,306,300,190,27,20,30,55,217,279,291,128,410,398,394,250,46,41,75,105,285,371,387,199,540,524,524,366,81,77,32.88,53.5,206.75,266.0,283.88,132.5,396.25,383.88,377.38,250.0,48.5,41.12
Concrete_0cm_S6,2026-04-02T20:38:40.415405,26,43,180,250,267,118,376,363,355,243,44,34,64,89,295,382,403,214,564,543,541,365,92,87,21,38,180,231,255,111,350,347,335,219,37,27,12,29,151,195,206,88,284,274,267,169,27,19,18,36,176,210,237,104,327,316,303,198,34,23,17,33,170,210,225,98,318,306,300,190,27,20,29,55,217,279,291,128,410,397,395,249,45,41,75,105,286,371,387,199,540,525,525,366,81,77,32.75,53.5,206.88,266.0,283.88,132.5,396.12,383.88,377.62,249.88,48.38,41.0
Concrete_0cm_S6,2026-04-02T20:38:40.522987,26,43,180,250,267,118,376,363,355,243,44,34,64,89,294,382,404,214,564,543,542,364,92,87,21,37,180,231,255,110,350,347,335,219,37,27,12,29,151,195,206,89,284,275,266,169,28,19,18,36,176,210,237,104,327,316,303,198,34,23,17,33,170,210,225,98,318,306,300,190,27,20,29,55,217,279,291,128,410,397,395,249,45,41,75,105,286,371,387,199,540,525,525,366,81,77,32.75,53.38,206.75,266.0,284.0,132.5,396.12,384.0,377.62,249.75,48.5,41.0
Concrete_0cm_S6,2026-04-02T20:38:40.636046,26,43,180,250,267,118,376,363,355,243,44,34,64,89,294,382,404,214,564,543,542,364,92,87,21,37,180,231,255,110,350,347,335,219,37,27,12,29,151,195,206,89,284,275,266,169,28,19,18,36,176,210,237,104,327,316,303,198,34,23,17,33,170,210,225,98,318,306,300,190,27,20,29,55,217,279,291,128,410,397,395,249,45,41,75,105,286,371,387,199,540,525,525,366,81,77,32.75,53.38,206.75,266.0,284.0,132.5,396.12,384.0,377.62,249.75,48.5,41.0
Concrete_0cm_S6,2026-04-02T20:38:40.735860,26,43,180,249,267,117,376,363,355,244,44,34,64,89,295,382,403,214,565,544,541,365,92,87,21,37,180,231,255,110,350,347,335,219,37,27,12,29,151,195,206,89,284,275,266,169,28,19,18,36,176,210,237,104,327,316,303,198,34,24,17,34,170,210,225,98,319,305,300,190,27,20,29,55,218,280,291,128,410,398,395,249,45,41,76,106,286,371,387,200,541,524,525,366,82,78,32.88,53.62,207.0,266.0,283.88,132.5,396.5,384.0,377.5,250.0,48.62,41.25
Concrete_0cm_S6,2026-04-02T20:38:40.845707,26,43,180,249,267,117,376,363,355,244,44,34,64,89,295,382,403,214,565,544,541,365,92,87,21,37,180,231,255,110,350,347,335,219,37,27,12,29,151,195,206,89,284,275,266,169,28,19,18,36,176,210,237,104,327,316,303,198,34,24,17,34,170,210,225,98,319,305,300,190,27,20,29,55,218,280,291,128,410,398,395,249,45,41,76,106,286,371,387,200,541,524,525,366,82,78,32.88,53.62,207.0,266.0,283.88,132.5,396.5,384.0,377.5,250.0,48.62,41.25
Concrete_0cm_S6,2026-04-02T20:38:40.945636,26,43,180,249,267,117,376,363,355,244,44,34,64,89,295,381,403,213,565,543,541,365,92,87,21,38,180,231,255,111,351,347,335,219,37,27,12,29,151,195,206,89,283,274,266,169,27,19,18,36,176,210,237,104,327,316,303,199,34,23,17,33,170,210,225,98,319,306,300,190,26,20,29,55,217,279,291,128,410,397,395,250,45,41,76,105,286,371,387,199,541,524,525,366,81,78,32.88,53.5,206.88,265.75,283.88,132.38,396.5,383.75,377.5,250.25,48.25,41.12
Concrete_0cm_S6,2026-04-02T20:38:41.054471,26,43,180,249,267,117,376,363,355,244,44,34,64,89,295,381,403,213,565,543,541,365,92,87,21,38,180,231,255,111,351,347,335,219,37,27,12,29,151,195,206,89,283,274,266,169,27,19,18,36,176,210,237,104,327,316,303,199,34,23,17,33,170,210,225,98,319,306,300,190,26,20,29,55,217,279,291,128,410,397,395,250,45,41,76,105,286,371,387,199,541,524,525,366,81,78,32.88,53.5,206.88,265.75,283.88,132.38,396.5,383.75,377.5,250.25,48.25,41.12
Concrete_0cm_S6,2026-04-02T20:38:41.157417,26,43,180,249,267,117,377,363,354,244,44,34,64,89,294,382,404,213,564,543,541,364,92,87,21,37,180,231,255,111,351,347,335,219,37,27,12,29,151,195,206,88,283,274,266,168,27,19,18,36,176,210,237,104,327,316,303,199,34,23,17,34,171,210,225,98,319,306,300,190,27,20,29,55,217,279,291,128,410,397,395,250,45,41,76,105,286,371,387,199,541,524,525,366,81,78,32.88,53.5,206.88,265.88,284.0,132.25,396.5,383.75,377.38,250.0,48.38,41.12
Concrete_0cm_S6,2026-04-02T20:38:41.261578,26,43,180,249,267,118,376,363,355,244,44,34,64,89,294,381,404,213,564,543,541,364,92,87,21,37,180,231,255,111,351,347,335,219,37,27,12,29,151,195,206,88,283,274,266,168,27,19,18,36,176,210,237,104,327,316,303,199,34,23,17,34,171,210,225,98,319,306,300,190,27,20,29,55,217,279,291,128,410,397,395,250,45,41,76,105,286,371,387,199,541,524,525,366,81,78,32.88,53.5,206.88,265.75,284.0,132.38,396.38,383.75,377.5,250.0,48.38,41.12
Concrete_0cm_S6,2026-04-02T20:38:41.365363,26,43,180,249,267,117,376,363,355,244,44,34,64,89,294,382,404,214,564,543,541,365,92,87,21,37,181,231,255,111,351,347,335,219,37,27,12,29,151,195,206,89,283,274,266,168,28,19,18,36,176,210,237,104,328,316,303,198,34,23,17,34,170,210,225,98,318,305,300,190,26,20,29,55,217,279,291,128,410,398,395,249,45,41,76,106,286,371,387,199,540,524,525,366,81,78,32.88,53.62,206.88,265.88,284.0,132.5,396.25,383.75,377.5,249.88,48.38,41.12
Concrete_0cm_S6,2026-04-02T20:38:41.493323,26,43,180,249,267,117,376,363,355,244,44,34,64,89,294,382,404,214,564,543,541,365,92,87,21,37,181,231,255,111,351,347,335,219,37,27,12,29,151,195,206,89,283,274,266,168,28,19,18,36,176,210,237,104,328,316,303,198,34,23,17,34,170,210,225,98,318,305,300,190,26,20,29,55,217,279,291,128,410,398,395,249,45,41,76,105,285,371,386,199,540,524,524,366,81,77,32.88,53.5,206.75,265.88,283.88,132.5,396.25,383.75,377.38,249.88,48.38,41.0
Concrete_0cm_S6,2026-04-02T20:38:41.686281,26,43,180,249,267,118,376,363,355,244,44,34,64,89,294,381,404,214,564,543,541,364,92,87,21,38,180,231,255,110,351,347,335,219,37,27,12,29,151,195,206,88,283,274,267,169,27,19,18,36,176,210,237,104,327,315,303,199,34,23,17,34,170,210,225,98,318,305,300,190,26,20,29,55,217,279,291,128,410,398,395,249,45,41,76,105,285,371,386,199,540,524,524,366,81,77,32.88,53.62,206.62,265.75,283.88,132.38,396.12,383.62,377.5,250.0,48.25,41.0
Concrete_0cm_S6,2026-04-02T20:38:41.787108,26,43,180,249,267,118,376,363,355,244,44,34,64,88,294,382,403,214,564,543,541,363,92,87,21,38,180,231,255,111,351,347,335,219,37,27,12,29,151,195,206,89,283,274,266,169,27,19,18,36,177,210,237,104,327,316,303,199,34,24,17,33,170,210,225,98,319,305,300,190,27,20,29,55,217,280,291,128,410,398,395,249,45,41,75,105,286,371,386,199,540,524,524,365,81,77,32.75,53.38,206.88,266.0,283.75,132.62,396.25,383.75,377.38,249.75,48.38,41.12
Concrete_0cm_S6,2026-04-02T20:38:41.885928,26,43,180,249,267,118,376,363,355,244,44,34,64,88,294,382,403,214,564,543,541,363,92,87,21,38,180,231,255,111,351,347,335,219,37,27,12,29,151,195,206,89,283,274,266,169,27,19,18,36,177,210,237,104,327,316,303,199,34,24,17,33,170,210,225,98,319,305,300,190,27,20,29,55,217,280,291,128,410,398,395,249,45,41,75,105,286,371,386,199,540,524,524,365,81,77,32.75,53.38,206.88,266.0,283.75,132.62,396.25,383.75,377.38,249.75,48.38,41.12
Concrete_0cm_S6,2026-04-02T20:38:41.997967,26,43,180,249,267,117,376,363,355,243,44,34,64,89,294,382,403,214,564,543,542,365,92,87,21,37,180,230,255,111,350,347,335,219,37,27,12,29,151,195,206,88,284,274,266,168,27,19,18,36,176,210,237,104,327,316,303,198,34,23,17,33,170,210,225,98,319,306,300,190,27,20,30,55,217,279,291,128,410,398,394,249,46,41,76,105,286,371,387,200,540,524,525,366,81,77,33.0,53.38,206.75,265.75,283.88,132.5,396.25,383.88,377.5,249.75,48.5,41.0
Concrete_0cm_S6,2026-04-02T20:38:42.123970,26,43,180,250,267,118,376,363,355,244,44,34,64,89,295,382,404,214,564,544,542,364,92,87,21,37,180,230,255,110,351,347,335,219,37,27,12,29,151,195,206,89,283,274,266,169,27,19,18,36,177,210,237,104,328,316,303,198,34,24,17,34,170,210,225,98,319,305,300,190,27,20,30,55,218,280,291,128,410,398,395,249,45,41,76,105,286,371,387,200,540,524,525,366,81,77,33.0,53.5,207.12,266.0,284.0,132.62,396.38,383.88,377.62,249.88,48.38,41.12
Concrete_0cm_S6,2026-04-02T20:38:42.226545,26,43,180,250,267,118,376,363,355,244,44,34,64,89,295,382,404,214,564,544,542,364,92,87,21,37,180,230,255,110,351,347,335,219,37,27,12,29,151,195,206,89,283,274,266,169,27,19,18,36,177,210,237,104,328,316,303,198,34,24,17,34,170,210,225,98,319,305,300,190,27,20,30,55,218,280,291,128,410,398,395,249,45,41,76,105,286,371,387,200,540,524,525,366,81,77,33.0,53.5,207.12,266.0,284.0,132.62,396.38,383.88,377.62,249.88,48.38,41.12
Concrete_0cm_S6,2026-04-02T20:38:42.322074,26,43,180,249,268,117,376,363,355,244,44,34,64,89,294,381,404,214,564,543,542,365,92,87,21,37,180,231,255,111,351,347,336,219,37,27,12,29,151,195,206,89,284,274,267,169,28,19,18,35,177,210,236,104,327,315,303,198,34,23,17,34,170,210,225,98,319,305,300,190,27,20,29,55,217,279,291,128,409,398,395,249,45,41,76,106,286,371,387,199,541,524,525,366,81,78,32.88,53.5,206.88,265.75,284.0,132.5,396.38,383.62,377.88,250.0,48.5,41.12
Concrete_0cm_S6,2026-04-02T20:38:42.418708,26,43,180,249,268,117,376,363,355,244,44,34,64,89,294,381,404,214,564,543,542,365,92,87,21,37,180,231,255,111,351,347,336,219,37,27,12,29,151,195,206,89,284,274,267,169,28,19,18,35,177,210,236,104,327,315,303,198,34,23,17,34,170,210,225,98,318,305,300,190,27,20,29,55,217,280,291,128,410,397,395,249,45,41,76,106,286,371,387,200,541,525,525,366,82,78,32.88,53.5,206.88,265.88,284.0,132.62,396.38,383.62,377.88,250.0,48.62,41.12
Concrete_0cm_S6,2026-04-02T20:38:42.523725,26,43,180,249,268,117,376,363,355,244,44,34,64,89,294,381,404,214,564,543,542,365,92,87,21,37,180,231,255,111,351,347,336,219,37,27,12,29,151,195,206,89,284,274,267,169,28,19,18,35,177,210,236,104,327,315,303,198,34,23,17,34,170,210,225,98,318,305,300,190,27,20,29,55,217,280,291,128,410,397,395,249,45,41,76,106,286,371,387,200,541,525,525,366,82,78,32.88,53.5,206.88,265.88,284.0,132.62,396.38,383.62,377.88,250.0,48.62,41.12
Concrete_0cm_S6,2026-04-02T20:38:42.634377,26,43,180,249,267,118,376,364,355,244,44,34,64,89,294,382,404,214,564,543,542,365,92,87,21,37,180,231,255,110,350,347,335,219,37,27,12,29,151,195,206,89,283,274,266,169,27,19,18,36,177,210,236,104,327,315,303,198,34,23,17,33,170,210,225,98,319,306,300,190,27,20,29,54,217,279,292,128,410,397,394,249,45,41,76,106,286,371,387,200,541,525,525,366,82,78,32.88,53.38,206.88,265.88,284.0,132.62,396.25,383.88,377.5,250.0,48.5,41.12
Concrete_0cm_S6,2026-04-02T20:38:42.739008,26,43,180,249,267,118,376,363,355,244,44,34,64,89,294,382,404,214,564,543,542,365,92,87,21,37,180,231,255,110,350,347,335,219,37,27,12,29,151,195,206,89,283,274,266,169,27,19,18,36,177,210,236,104,327,315,303,198,34,23,17,33,170,210,225,98,319,306,300,190,27,20,29,54,217,279,292,128,410,397,394,249,45,41,76,106,286,371,387,200,541,525,525,366,82,78,32.88,53.38,206.88,265.88,284.0,132.62,396.25,383.75,377.5,250.0,48.5,41.12
Concrete_0cm_S6,2026-04-02T20:38:42.840035,26,43,180,249,267,118,376,363,355,244,44,34,64,89,294,382,404,214,564,543,542,365,92,87,21,37,180,231,255,110,350,347,335,219,37,27,12,29,151,195,206,89,283,274,266,169,27,19,18,36,177,210,236,104,327,315,303,198,34,23,17,33,170,210,225,98,319,306,300,190,27,20,29,54,217,279,292,128,410,397,394,249,45,41,76,106,286,371,387,200,541,525,525,366,82,78,32.88,53.38,206.88,265.88,284.0,132.62,396.25,383.75,377.5,250.0,48.5,41.12
Concrete_0cm_S6,2026-04-02T20:38:42.937769,26,43,180,248,267,117,376,363,355,244,44,34,64,89,294,382,404,213,564,544,542,365,92,87,21,37,180,231,255,110,350,347,335,219,37,27,12,29,151,195,206,89,283,274,266,169,28,19,18,36,177,210,237,104,327,315,303,198,34,23,17,33,170,210,225,98,319,306,300,191,27,20,30,55,217,280,291,128,410,397,395,249,46,41,76,106,286,371,387,200,541,525,525,366,82,78,33.0,53.5,206.88,265.88,284.0,132.38,396.25,383.88,377.62,250.12,48.75,41.12
Concrete_0cm_S6,2026-04-02T20:38:43.048868,26,43,180,248,267,117,376,363,355,244,44,34,64,89,294,382,404,213,564,544,542,365,92,87,21,37,180,231,255,110,350,347,335,219,37,27,12,29,151,195,206,89,283,274,266,169,28,19,18,36,177,210,237,104,327,315,303,198,34,23,17,33,170,210,225,98,319,306,300,191,27,20,30,55,217,280,291,128,410,397,395,249,46,41,76,106,286,371,387,200,541,525,525,366,82,78,33.0,53.5,206.88,265.88,284.0,132.38,396.25,383.88,377.62,250.12,48.75,41.12
Concrete_0cm_S6,2026-04-02T20:38:43.144421,26,43,180,249,267,118,376,363,355,244,44,34,64,89,294,381,403,213,564,543,542,365,92,86,21,37,180,231,255,111,351,347,335,219,37,27,12,29,151,195,206,88,283,274,266,169,28,19,18,36,177,210,237,104,327,316,303,198,34,24,17,34,170,210,225,98,319,306,300,190,27,20,29,55,217,280,292,129,410,397,395,249,45,41,76,105,285,371,387,199,540,524,524,366,81,77,32.88,53.5,206.75,265.88,284.0,132.5,396.25,383.75,377.5,250.0,48.5,41.0
Concrete_0cm_S6,2026-04-02T20:38:43.248960,26,43,180,249,267,118,376,363,355,244,44,34,64,89,294,381,403,213,564,543,542,365,92,86,21,37,180,231,255,111,351,347,335,219,37,27,12,29,151,195,206,88,283,274,266,169,28,19,18,36,177,210,237,104,327,316,303,198,34,24,17,34,170,210,225,98,319,306,300,190,27,20,29,55,217,280,292,129,410,397,395,249,45,41,76,105,285,371,387,199,540,524,524,366,81,77,32.88,53.5,206.75,265.88,284.0,132.5,396.25,383.75,377.5,250.0,48.5,41.0
Concrete_0cm_S6,2026-04-02T20:38:43.343299,26,43,180,249,267,118,376,363,355,244,44,34,64,89,294,381,403,213,564,543,542,365,92,86,21,37,180,231,255,111,351,347,335,219,37,27,12,29,151,195,206,88,283,274,266,169,28,19,18,36,177,210,237,104,327,316,303,198,34,24,17,34,170,210,225,98,319,306,300,190,27,20,29,55,217,280,292,129,410,397,395,249,45,41,76,105,285,371,387,199,540,524,524,366,81,77,32.88,53.5,206.75,265.88,284.0,132.5,396.25,383.75,377.5,250.0,48.5,41.0
Concrete_0cm_S6,2026-04-02T20:38:43.439065,26,43,180,249,267,118,376,363,355,244,44,34,64,89,294,381,404,213,564,543,542,365,92,87,21,37,180,231,255,111,351,347,335,219,37,27,12,29,151,195,206,89,283,274,267,169,27,19,18,36,176,210,237,104,327,315,303,198,34,23,17,33,169,210,225,98,319,306,300,190,27,20,29,55,217,279,291,128,409,398,395,249,46,41,75,105,286,371,387,199,540,524,525,366,81,78,32.75,53.38,206.62,265.75,284.0,132.5,396.12,383.75,377.75,250.0,48.5,41.12
Concrete_0cm_S6,2026-04-02T20:38:43.560852,26,43,180,249,268,118,376,363,355,244,44,34,64,89,294,381,403,213,564,543,541,364,92,87,21,37,181,231,255,111,351,348,335,219,37,27,12,29,151,195,206,89,284,274,267,168,27,19,18,36,176,210,237,104,327,315,303,199,34,23,17,34,170,210,225,98,319,306,300,190,27,20,30,55,217,280,291,128,410,397,395,249,45,41,76,105,286,371,386,200,540,524,525,366,81,78,33.0,53.5,206.88,265.88,283.88,132.62,396.38,383.75,377.62,249.88,48.38,41.12
Concrete_0cm_S6,2026-04-02T20:38:43.669666,26,43,180,249,268,118,376,363,355,244,44,34,64,89,294,381,403,213,564,543,541,364,92,87,21,37,181,231,255,111,351,348,335,219,37,27,12,29,151,195,206,89,284,274,267,168,27,19,18,36,176,210,237,104,327,315,303,199,34,23,17,34,170,210,225,98,319,306,300,190,27,20,30,55,217,280,291,128,410,397,395,249,45,41,76,105,286,371,386,200,540,524,525,366,81,78,33.0,53.5,206.88,265.88,283.88,132.62,396.38,383.75,377.62,249.88,48.38,41.12
Concrete_0cm_S6,2026-04-02T20:38:43.766338,26,43,180,250,267,117,376,363,355,244,44,34,64,89,294,381,403,213,564,543,541,364,92,87,21,38,180,231,255,111,351,348,335,219,37,27,12,29,151,195,206,89,284,274,267,169,27,19,18,36,177,210,237,104,327,315,303,198,34,23,17,34,170,210,225,98,319,306,300,190,26,20,30,55,217,280,291,128,410,397,395,249,45,41,76,106,286,371,387,199,541,524,525,366,81,77,33.0,53.75,206.88,266.0,283.88,132.38,396.5,383.75,377.62,249.88,48.25,41.0
Concrete_0cm_S6,2026-04-02T20:38:43.866890,26,43,180,250,267,117,376,363,355,244,44,34,64,89,294,381,403,213,564,543,541,364,92,87,21,38,180,231,255,111,351,348,335,219,37,27,12,29,151,195,206,89,284,274,267,169,27,19,18,36,177,210,237,104,327,315,303,198,34,23,17,34,170,210,225,98,319,306,300,190,26,20,30,55,217,280,291,128,410,397,395,249,45,41,76,106,286,371,387,199,541,524,525,366,81,77,33.0,53.75,206.88,266.0,283.88,132.38,396.5,383.75,377.62,249.88,48.25,41.0
Concrete_0cm_S6,2026-04-02T20:38:43.964817,26,43,180,250,267,117,376,363,355,244,44,34,64,89,294,381,404,214,564,543,542,364,92,87,21,38,180,231,255,111,351,347,335,219,37,27,12,29,151,195,206,89,283,274,266,169,28,18,18,36,177,210,237,104,328,316,303,198,34,24,17,34,170,210,225,98,319,306,300,190,27,20,29,55,217,279,291,128,410,398,394,249,46,41,76,106,286,371,387,199,541,524,525,366,81,77,32.88,53.75,206.88,265.88,284.0,132.5,396.5,383.88,377.5,249.88,48.62,41.0
Concrete_0cm_S6,2026-04-02T20:38:44.074052,26,43,180,250,267,117,376,363,355,244,44,34,64,89,294,381,404,214,564,543,542,364,92,87,21,38,180,231,255,111,351,347,335,219,37,27,12,29,151,195,206,89,283,274,266,169,28,18,18,36,177,210,237,104,328,316,303,198,34,24,17,34,170,210,225,98,319,306,300,190,27,20,29,55,217,279,291,128,410,398,394,249,46,41,76,106,286,371,387,199,541,524,525,366,81,77,32.88,53.75,206.88,265.88,284.0,132.5,396.5,383.88,377.5,249.88,48.62,41.0
Concrete_0cm_S6,2026-04-02T20:38:44.203405,26,43,180,250,267,117,376,363,355,244,44,34,64,89,294,381,404,214,564,543,542,364,92,87,21,37,180,231,255,111,351,347,335,219,37,27,12,29,151,195,206,89,283,274,267,169,28,19,18,36,177,210,237,104,327,315,302,199,34,24,17,34,170,210,225,98,319,306,300,190,27,20,30,55,217,280,291,128,410,398,395,249,46,41,76,105,285,371,387,199,541,524,525,366,81,77,33.0,53.5,206.75,266.0,284.0,132.5,396.38,383.75,377.62,250.0,48.62,41.12
Concrete_0cm_S6,2026-04-02T20:38:44.307427,26,43,180,249,267,117,376,363,355,244,44,34,64,89,294,382,404,214,565,543,542,365,92,87,21,38,180,231,255,111,351,348,335,219,37,27,12,29,151,195,206,89,283,274,267,169,28,19,18,36,177,210,237,104,327,316,303,199,34,23,17,34,171,210,225,98,319,306,300,190,27,20,30,55,217,280,291,128,410,398,395,249,46,41,76,105,285,371,386,199,541,525,525,366,81,78,33.0,53.62,206.88,266.0,283.88,132.5,396.5,384.12,377.75,250.12,48.62,41.12
Concrete_0cm_S6,2026-04-02T20:38:44.408145,26,43,180,249,267,117,376,363,355,244,44,34,64,89,294,382,404,214,565,543,542,365,92,87,21,38,180,231,255,111,351,348,335,219,37,27,12,29,151,195,206,89,283,274,267,169,28,19,18,36,177,210,237,104,327,316,303,199,34,23,17,34,170,210,225,98,319,306,300,190,27,20,29,55,217,280,291,128,410,397,395,249,45,41,76,105,286,371,387,200,541,525,524,366,81,78,32.88,53.62,206.88,266.0,284.0,132.62,396.5,384.0,377.62,250.12,48.5,41.12
Concrete_0cm_S6,2026-04-02T20:38:44.501952,26,43,180,249,267,117,376,363,355,244,44,34,64,89,294,382,404,214,565,543,542,365,92,87,21,38,180,231,255,111,351,348,335,219,37,27,12,29,151,195,206,89,283,274,267,169,28,19,18,36,177,210,237,104,327,316,303,199,34,23,17,34,170,210,225,98,319,306,300,190,27,20,29,55,217,280,291,128,410,397,395,249,45,41,76,105,286,371,387,200,541,525,524,366,81,78,32.88,53.62,206.88,266.0,284.0,132.62,396.5,384.0,377.62,250.12,48.5,41.12
Concrete_0cm_S6,2026-04-02T20:38:44.598524,26,43,180,249,267,117,376,363,355,244,44,33,64,89,294,381,404,213,564,543,541,365,92,87,21,37,180,230,255,110,351,347,335,219,37,27,12,29,151,195,206,88,283,274,267,169,27,19,18,36,177,210,237,104,327,315,303,198,34,23,17,34,170,210,225,98,319,306,300,190,27,20,29,55,217,280,291,128,410,398,395,249,45,41,76,105,285,370,387,200,540,524,524,366,81,77,32.88,53.5,206.75,265.62,284.0,132.25,396.25,383.75,377.5,250.0,48.38,40.88
Concrete_0cm_S6,2026-04-02T20:38:44.697945,26,43,180,249,267,117,376,363,355,244,44,33,64,89,294,381,404,213,564,543,541,365,92,87,21,37,180,230,255,110,351,347,335,219,37,27,12,29,151,195,206,88,283,274,267,169,27,19,18,36,177,210,237,104,327,315,303,198,34,23,17,34,170,210,225,98,319,306,300,190,27,20,29,55,217,280,291,128,410,398,395,249,45,41,76,105,285,370,387,200,540,524,524,366,81,77,32.88,53.5,206.75,265.62,284.0,132.25,396.25,383.75,377.5,250.0,48.38,40.88
Concrete_0cm_S6,2026-04-02T20:38:44.787566,26,43,180,249,267,117,376,363,355,244,44,34,64,89,294,381,403,214,564,543,541,364,92,86,21,37,180,230,254,110,351,347,335,219,37,27,12,29,151,195,206,89,284,274,267,169,27,19,18,36,177,210,237,104,327,315,303,198,34,23,17,34,170,210,225,98,319,306,300,190,27,20,29,55,217,280,291,128,410,398,395,249,45,41,76,105,285,370,387,200,540,524,524,366,81,77,32.88,53.5,206.75,265.62,283.75,132.5,396.38,383.75,377.5,249.88,48.38,40.88
Concrete_0cm_S6,2026-04-02T20:38:44.886014,26,43,180,249,267,117,376,363,355,244,44,34,64,89,294,381,403,214,564,543,541,364,92,86,21,37,180,230,254,110,351,347,335,219,37,27,12,29,151,195,206,89,284,274,267,169,27,19,18,36,177,210,237,104,327,315,303,198,34,23,17,34,170,210,225,98,319,306,300,190,27,20,29,55,217,280,291,128,410,398,395,249,45,41,76,105,285,370,387,200,540,524,524,366,81,77,32.88,53.5,206.75,265.62,283.75,132.5,396.38,383.75,377.5,249.88,48.38,40.88
Concrete_0cm_S6,2026-04-02T20:38:45.001263,26,43,180,249,267,117,376,363,355,244,44,34,64,89,294,381,403,214,564,543,541,364,92,86,21,37,180,230,254,110,351,347,335,219,37,27,12,29,151,195,206,89,284,274,267,169,27,19,18,36,177,210,237,104,327,315,303,198,34,23,17,34,170,210,225,98,319,306,300,190,27,20,29,55,217,280,291,128,410,398,395,249,45,41,76,105,285,370,387,200,540,524,524,366,81,77,32.88,53.5,206.75,265.62,283.75,132.5,396.38,383.75,377.5,249.88,48.38,40.88
Concrete_0cm_S6,2026-04-02T20:38:45.103643,26,43,180,249,267,117,376,363,355,244,44,34,64,89,294,382,403,214,564,543,542,365,92,87,21,38,180,231,255,110,351,348,335,219,37,27,12,29,151,195,206,89,283,274,266,169,27,19,18,36,177,210,237,104,327,316,303,198,34,24,17,34,170,210,225,98,319,305,300,190,27,20,29,55,217,279,291,128,409,398,394,249,45,41,76,105,285,371,387,199,540,524,525,366,81,77,32.88,53.62,206.75,265.88,283.88,132.38,396.12,383.88,377.5,250.0,48.38,41.12
Concrete_0cm_S6,2026-04-02T20:38:45.206285,26,43,180,249,267,117,376,363,355,244,44,34,64,89,294,382,403,214,564,543,542,365,92,87,21,38,180,231,255,110,351,348,335,219,37,27,12,29,151,195,206,89,283,274,266,169,27,19,18,36,176,210,237,104,327,316,303,198,34,23,17,34,170,210,225,98,319,305,300,190,27,20,29,55,217,279,291,128,409,398,394,249,45,41,76,105,285,371,387,199,540,524,525,366,81,77,32.88,53.62,206.62,265.88,283.88,132.38,396.12,383.88,377.5,250.0,48.38,41.0
Concrete_0cm_S6,2026-04-02T20:38:45.298127,26,43,180,249,267,117,376,363,355,244,44,34,64,89,294,382,403,214,564,543,542,365,92,87,21,38,180,231,255,110,351,348,335,219,37,27,12,29,151,195,206,89,283,274,266,169,27,19,18,36,176,210,237,104,327,316,303,198,34,23,17,34,170,210,225,98,319,305,300,190,27,20,29,55,217,279,291,128,409,398,394,249,45,41,76,105,285,371,387,199,540,524,525,366,81,77,32.88,53.62,206.62,265.88,283.88,132.38,396.12,383.88,377.5,250.0,48.38,41.0
Concrete_0cm_S6,2026-04-02T20:38:45.389641,26,44,180,249,267,117,376,363,355,244,44,34,64,89,294,382,403,214,564,543,542,365,92,87,21,38,180,231,255,110,351,348,335,219,37,27,12,29,151,195,206,89,283,274,266,169,27,19,18,36,176,210,237,104,327,316,303,198,34,23,17,34,170,210,225,98,319,306,300,190,27,20,29,55,217,280,291,128,410,397,394,250,46,41,76,106,285,370,387,199,540,524,525,366,81,77,32.88,53.88,206.62,265.88,283.88,132.38,396.25,383.88,377.5,250.12,48.5,41.0
Concrete_0cm_S6,2026-04-02T20:38:45.498031,26,44,180,249,267,117,376,363,355,244,44,34,64,89,294,382,403,214,564,543,542,365,92,87,21,38,181,231,255,111,351,347,335,219,37,27,12,29,151,195,206,88,283,274,266,169,28,18,18,36,176,210,237,104,327,316,303,198,34,23,17,34,170,210,225,98,319,306,300,190,27,20,29,55,217,280,291,128,410,397,394,250,46,41,76,106,285,370,387,199,540,524,525,366,81,77,32.88,53.88,206.75,265.88,283.88,132.38,396.25,383.75,377.5,250.12,48.62,40.88
Concrete_0cm_S6,2026-04-02T20:38:45.596214,26,44,180,249,267,117,376,363,355,244,44,34,64,89,294,382,403,214,564,543,542,365,92,87,21,38,181,231,255,111,351,347,335,219,37,27,12,29,151,195,206,88,283,274,266,169,28,18,18,36,176,210,237,104,327,316,303,198,34,23,17,34,170,210,225,98,319,306,300,190,27,20,29,55,217,280,291,128,410,397,394,250,46,41,76,106,285,370,387,199,540,524,525,366,81,77,32.88,53.88,206.75,265.88,283.88,132.38,396.25,383.75,377.5,250.12,48.62,40.88
Concrete_0cm_S6,2026-04-02T20:38:45.691550,26,43,180,249,268,118,376,363,355,244,44,34,64,89,294,382,404,214,564,543,541,365,92,87,21,37,180,231,255,111,350,347,335,219,37,27,12,29,151,195,206,89,283,274,267,169,27,19,18,36,176,210,237,104,327,316,303,198,34,23,17,34,170,210,225,98,319,306,300,191,27,20,30,55,217,279,291,128,410,397,395,250,46,41,76,105,285,371,387,199,540,524,525,366,81,77,33.0,53.5,206.62,265.88,284.12,132.62,396.12,383.75,377.62,250.25,48.5,41.0
Concrete_0cm_S6,2026-04-02T20:38:45.789522,26,43,180,249,268,118,376,363,355,244,44,34,64,89,294,382,404,214,564,543,541,365,92,87,21,37,180,231,255,111,350,347,335,219,37,27,12,29,151,195,206,89,283,274,267,169,27,19,18,36,176,210,237,104,327,316,303,198,34,23,17,34,170,210,225,98,319,306,300,191,27,20,30,55,217,279,291,128,410,397,395,250,46,41,76,105,285,371,387,199,540,524,525,366,81,77,33.0,53.5,206.62,265.88,284.12,132.62,396.12,383.75,377.62,250.25,48.5,41.0
Concrete_0cm_S6,2026-04-02T20:38:45.882342,26,43,180,249,267,118,376,363,355,244,44,34,64,89,294,381,403,213,564,543,541,364,92,87,21,37,180,231,255,111,351,348,335,219,37,27,12,29,151,195,206,89,283,274,266,169,28,19,18,36,177,210,237,104,328,315,303,199,34,24,17,33,170,210,225,98,319,306,300,190,27,20,29,55,217,279,291,128,410,398,394,249,45,41,76,105,286,370,387,200,541,524,525,366,81,77,32.88,53.38,206.88,265.62,283.88,132.62,396.5,383.88,377.38,250.0,48.5,41.12
Concrete_0cm_S6,2026-04-02T20:38:46.001917,26,43,180,249,267,118,376,363,355,244,44,34,64,89,294,381,403,213,564,543,541,364,92,87,21,37,180,231,255,111,351,348,335,219,37,27,12,29,151,195,206,89,283,274,266,169,28,19,18,36,177,210,237,104,328,315,303,199,34,24,17,33,170,210,225,98,319,306,300,190,27,20,29,55,217,279,291,128,410,398,394,249,45,41,76,105,286,370,387,200,541,524,525,366,81,77,32.88,53.38,206.88,265.62,283.88,132.62,396.5,383.88,377.38,250.0,48.5,41.12
Concrete_0cm_S6,2026-04-02T20:38:46.101000,26,43,180,249,267,118,376,363,355,244,44,34,64,89,294,381,403,214,565,543,541,365,92,87,21,37,181,231,255,111,351,348,335,219,37,27,12,29,151,195,206,89,283,274,267,169,27,19,18,36,176,210,237,104,327,316,303,198,34,24,17,34,170,210,225,98,319,306,300,190,27,20,29,55,217,279,291,128,410,398,394,249,45,41,76,105,286,370,387,200,541,524,525,366,81,77,32.88,53.5,206.88,265.62,283.88,132.75,396.5,384.0,377.5,250.0,48.38,41.12
Concrete_0cm_S6,2026-04-02T20:38:46.201641,26,43,180,249,267,118,376,363,355,244,44,34,64,89,294,381,403,214,565,543,541,365,92,87,21,37,181,231,255,111,351,348,335,219,37,27,12,29,151,195,206,89,283,274,267,169,27,19,18,36,176,210,237,104,327,316,303,198,34,24,17,34,170,210,225,98,319,306,300,190,27,20,29,55,217,279,291,128,410,398,394,249,45,41,76,105,286,370,387,200,541,524,525,366,81,77,32.88,53.5,206.88,265.62,283.88,132.75,396.5,384.0,377.5,250.0,48.38,41.12
Concrete_0cm_S6,2026-04-02T20:38:46.317537,26,43,180,249,267,117,376,363,355,244,44,34,64,89,294,381,403,214,564,544,541,365,92,87,21,37,180,231,255,111,351,347,335,219,37,27,12,29,151,195,206,89,283,274,266,169,28,19,17,36,177,210,237,104,327,316,303,199,34,23,17,34,170,210,225,98,319,306,300,190,27,20,29,55,217,279,291,128,410,397,395,249,46,41,76,106,286,371,387,200,541,524,525,367,81,78,32.75,53.62,206.88,265.75,283.88,132.62,396.38,383.88,377.5,250.25,48.62,41.12
Concrete_0cm_S6,2026-04-02T20:38:46.428213,26,43,180,249,267,118,376,363,355,244,44,34,64,89,294,381,404,213,564,544,541,365,92,87,21,37,180,231,255,110,351,348,335,219,37,27,12,29,151,195,206,89,283,274,266,169,28,19,18,36,177,210,237,104,328,316,303,199,34,24,17,34,171,211,225,98,319,306,300,190,27,20,30,54,217,279,291,128,410,397,395,249,45,41,76,106,285,371,387,199,541,525,525,366,81,78,33.0,53.5,206.88,265.88,284.0,132.38,396.5,384.12,377.5,250.12,48.5,41.25
Concrete_0cm_S6,2026-04-02T20:38:46.523171,26,43,180,249,267,118,376,363,355,244,44,34,64,89,294,381,404,213,564,544,541,365,92,87,21,37,180,231,255,110,351,348,335,219,37,27,12,29,151,195,206,89,283,274,266,169,28,19,18,36,177,210,237,104,328,316,303,199,34,24,17,34,171,211,225,98,319,306,300,190,27,20,30,54,217,279,291,128,410,397,395,249,45,41,76,106,285,371,387,199,541,525,525,366,81,78,33.0,53.5,206.88,265.88,284.0,132.38,396.5,384.12,377.5,250.12,48.5,41.25
Concrete_0cm_S6,2026-04-02T20:38:46.630993,26,43,180,249,267,118,376,363,355,244,44,34,64,89,294,382,403,213,564,543,541,364,92,86,21,38,180,231,255,111,351,347,335,219,37,27,12,29,151,195,206,89,284,275,266,169,28,19,18,36,177,210,237,104,327,316,303,198,34,23,17,34,171,210,225,98,319,306,300,190,27,20,29,55,217,279,291,128,410,397,394,249,45,41,76,106,285,371,387,199,540,524,525,366,81,78,32.88,53.75,206.88,265.88,283.88,132.5,396.38,383.88,377.38,249.88,48.5,41.0
Concrete_0cm_S6,2026-04-02T20:38:46.732737,26,43,180,249,267,118,376,363,355,244,44,34,64,89,294,382,403,213,564,543,541,364,92,86,21,38,180,231,255,111,351,347,335,219,37,27,12,29,151,195,206,89,284,275,266,169,28,19,18,36,177,210,237,104,327,316,303,198,34,23,17,34,171,210,225,98,319,306,300,190,27,20,29,55,217,279,291,128,410,397,394,249,45,41,76,106,285,371,387,199,540,524,525,366,81,78,32.88,53.75,206.88,265.88,283.88,132.5,396.38,383.88,377.38,249.88,48.5,41.0
Concrete_0cm_S6,2026-04-02T20:38:46.823628,26,43,180,249,267,118,376,363,355,244,44,34,64,89,294,382,403,213,564,543,541,364,92,86,21,38,180,231,255,111,351,347,335,219,37,27,12,29,151,195,206,89,284,275,266,169,28,19,18,36,177,210,237,104,327,316,303,198,34,23,17,34,171,210,225,98,319,306,300,190,27,20,29,55,217,279,291,128,410,397,394,249,45,41,76,106,285,371,387,199,540,524,525,366,81,78,32.88,53.75,206.88,265.88,283.88,132.5,396.38,383.88,377.38,249.88,48.5,41.0
Concrete_0cm_S6,2026-04-02T20:38:46.914909,26,43,180,249,267,118,376,363,355,244,44,34,64,89,294,381,403,213,564,543,542,365,92,86,21,38,180,231,255,110,351,348,335,219,37,27,12,29,151,195,206,89,284,274,266,169,28,19,18,36,177,210,237,104,327,315,303,198,34,23,17,34,170,210,225,98,319,306,300,190,27,20,30,55,217,279,291,128,410,397,395,250,46,41,76,106,285,371,387,199,540,524,525,366,81,78,33.0,53.75,206.75,265.75,283.88,132.38,396.38,383.75,377.62,250.12,48.62,41.0
Concrete_0cm_S6,2026-04-02T20:38:47.027175,26,43,180,249,267,118,376,363,355,244,44,34,64,89,294,382,403,214,564,543,542,365,92,86,21,37,181,231,255,111,351,348,335,219,37,27,12,29,151,195,206,89,283,274,267,169,28,19,18,36,176,210,237,104,327,316,303,198,34,24,17,34,170,210,225,98,319,306,300,190,27,20,30,55,217,279,291,128,410,397,395,250,46,41,75,106,286,371,387,199,541,524,525,366,81,78,32.88,53.62,206.88,265.88,283.88,132.62,396.38,383.88,377.75,250.12,48.62,41.12
Concrete_0cm_S6,2026-04-02T20:38:47.126447,26,43,180,249,267,118,376,363,355,244,44,34,64,89,294,382,403,214,564,543,542,365,92,86,21,37,181,231,255,111,351,348,335,219,37,27,12,29,151,195,206,89,283,274,267,169,28,19,18,36,177,210,237,104,327,316,303,197,34,24,17,34,170,211,225,98,319,306,300,190,27,20,29,55,217,279,291,128,410,397,395,249,46,41,75,106,286,371,387,199,541,524,525,366,81,78,32.75,53.62,207.0,266.0,283.88,132.62,396.38,383.88,377.75,249.88,48.62,41.12
Concrete_0cm_S6,2026-04-02T20:38:47.223276,26,43,180,249,267,118,376,363,355,244,44,34,64,89,294,381,403,214,564,543,542,365,92,87,21,37,181,230,255,111,351,348,335,219,37,27,12,29,151,195,206,89,283,274,267,169,28,19,18,36,177,210,237,104,327,316,303,197,34,24,17,34,170,211,225,98,319,306,300,190,27,20,29,55,217,279,291,128,410,397,395,249,46,41,76,106,286,371,386,200,540,524,525,366,82,78,32.88,53.62,207.0,265.75,283.75,132.75,396.25,383.88,377.75,249.88,48.75,41.25
Concrete_0cm_S6,2026-04-02T20:38:47.317244,26,43,180,249,268,117,376,363,356,244,44,34,64,89,294,381,404,213,564,543,541,364,92,86,21,37,181,230,255,111,351,348,335,219,37,27,12,29,151,195,206,89,283,274,267,168,27,19,18,36,176,210,237,104,327,316,303,199,34,24,17,34,170,210,225,98,319,306,300,190,27,20,30,55,217,280,291,128,408,398,395,249,46,41,76,106,286,371,387,200,540,525,525,366,81,78,33.0,53.62,206.88,265.75,284.12,132.5,396.0,384.12,377.75,249.88,48.5,41.12
Concrete_0cm_S6,2026-04-02T20:38:47.413202,26,43,180,249,268,117,376,363,356,244,44,34,64,89,294,381,404,213,564,543,541,364,92,86,21,37,180,231,255,110,350,347,335,219,37,27,12,29,151,195,206,89,283,274,267,168,27,19,18,36,176,210,237,104,327,316,303,199,34,24,17,34,170,210,225,98,319,306,300,190,27,20,30,55,217,280,291,128,408,398,395,249,46,41,76,106,286,371,387,200,540,525,525,366,81,78,33.0,53.62,206.75,265.88,284.12,132.38,395.88,384.0,377.75,249.88,48.5,41.12
Concrete_0cm_S6,2026-04-02T20:38:47.509364,26,43,180,249,267,118,376,364,355,244,44,34,64,89,294,381,404,214,564,543,541,365,92,86,21,38,180,231,255,110,351,348,335,219,37,27,12,29,151,195,206,89,283,274,266,169,28,19,18,36,176,210,237,104,327,316,303,199,34,24,17,34,170,210,225,98,319,306,300,190,27,20,29,55,218,280,291,128,410,397,395,249,46,41,76,106,286,371,387,199,540,525,525,366,81,77,32.88,53.75,206.88,265.88,284.0,132.5,396.25,384.12,377.5,250.12,48.62,41.0
Concrete_0cm_S6,2026-04-02T20:38:47.606993,26,43,180,249,267,118,376,364,355,244,44,34,64,89,294,381,404,214,564,543,541,365,92,86,21,38,180,231,255,110,351,348,335,219,37,27,12,29,151,195,206,89,283,274,266,169,28,19,18,35,176,210,237,104,327,316,303,199,34,24,17,34,170,210,225,98,319,306,300,190,27,20,29,55,217,280,291,128,410,398,395,249,45,41,76,106,286,371,387,199,541,525,525,367,82,77,32.88,53.62,206.75,265.88,284.0,132.5,396.38,384.25,377.5,250.25,48.62,41.0
Concrete_0cm_S6,2026-04-02T20:38:47.703800,26,43,180,249,267,117,376,363,355,244,44,34,64,89,294,381,404,214,564,543,541,365,92,86,21,38,180,231,255,110,351,348,335,219,37,27,12,29,151,195,206,89,283,274,266,169,28,19,18,35,176,210,237,104,327,316,303,199,34,24,17,34,170,210,225,98,319,306,300,190,27,20,29,55,217,280,291,128,410,398,395,249,45,41,76,106,286,371,387,199,541,525,525,367,82,77,32.88,53.62,206.75,265.88,284.0,132.38,396.38,384.12,377.5,250.25,48.62,41.0
Concrete_0cm_S6,2026-04-02T20:38:47.796592,26,43,180,249,267,118,376,363,355,244,44,34,64,89,294,381,404,214,564,543,541,365,92,86,21,38,180,230,255,110,351,347,335,219,37,27,12,29,151,196,206,89,283,274,267,169,28,19,18,36,177,211,237,104,328,316,303,199,34,23,17,33,170,210,225,98,319,306,300,190,27,20,30,55,217,279,291,129,410,398,394,249,46,41,76,106,286,371,387,199,540,524,525,366,81,78,33.0,53.62,206.88,265.88,284.0,132.62,396.38,383.88,377.5,250.12,48.62,41.0
Concrete_0cm_S6,2026-04-02T20:38:47.908719,26,43,180,249,267,118,376,363,355,244,44,34,64,88,294,381,403,213,564,543,541,364,92,87,21,37,180,230,254,111,350,347,334,219,37,27,12,29,151,195,206,89,283,274,267,168,28,19,18,36,177,211,237,104,328,316,303,199,34,23,17,33,170,210,225,98,319,306,300,190,27,20,30,55,217,279,291,129,410,398,394,249,46,41,76,106,286,371,387,199,540,524,525,366,81,78,33.0,53.38,206.88,265.75,283.75,132.62,396.25,383.88,377.38,249.88,48.62,41.12
Concrete_0cm_S6,2026-04-02T20:38:48.016264,26,43,180,249,267,118,376,363,355,244,44,34,64,89,294,380,404,213,565,543,541,365,92,87,21,38,180,230,255,111,351,348,335,219,37,27,12,29,151,195,206,89,284,274,266,168,27,19,18,36,177,211,237,104,328,316,303,199,34,23,17,34,170,210,225,98,319,306,300,190,27,20,29,55,217,279,291,128,410,398,395,249,46,41,76,105,286,371,387,199,540,524,525,366,81,77,32.88,53.62,206.88,265.62,284.0,132.5,396.62,384.0,377.5,250.0,48.5,41.0
Concrete_0cm_S6,2026-04-02T20:38:48.132071,26,43,180,249,267,118,376,363,355,244,44,34,64,89,294,380,404,213,565,543,541,365,92,87,21,38,180,230,255,111,351,348,335,219,37,27,12,29,151,195,206,89,284,274,266,168,27,19,18,36,177,210,237,104,328,316,303,199,34,24,17,34,170,210,225,98,319,306,300,190,27,20,29,55,217,280,291,128,409,397,394,249,45,41,76,105,286,371,387,199,540,524,525,366,81,77,32.88,53.62,206.88,265.62,284.0,132.5,396.5,383.88,377.38,250.0,48.38,41.12
Concrete_0cm_S6,2026-04-02T20:38:48.233608,26,43,180,249,267,118,376,363,355,244,44,34,64,89,294,380,404,213,565,543,541,365,92,87,21,38,180,230,255,111,351,348,335,219,37,27,12,29,151,195,206,89,284,274,266,168,27,19,18,36,177,210,237,104,328,316,303,199,34,24,17,34,170,210,225,98,319,306,300,190,27,20,29,55,217,280,291,128,409,397,394,249,45,41,76,105,286,371,387,199,540,524,525,366,81,77,32.88,53.62,206.88,265.62,284.0,132.5,396.5,383.88,377.38,250.0,48.38,41.12
Concrete_0cm_S6,2026-04-02T20:38:48.322127,26,43,180,249,267,117,376,363,355,244,44,34,64,89,294,382,404,214,564,543,541,365,92,87,21,38,180,231,255,111,351,348,335,219,37,27,12,29,151,195,206,89,283,274,266,169,28,18,18,36,177,210,237,104,327,316,303,199,34,23,17,34,170,210,225,98,319,305,300,190,27,20,29,55,217,279,291,128,410,397,395,250,46,41,76,106,285,371,387,199,540,524,524,366,81,78,32.88,53.75,206.75,265.88,284.0,132.5,396.25,383.75,377.38,250.25,48.62,41.0
Concrete_0cm_S6,2026-04-02T20:38:48.446889,26,43,180,249,267,117,376,363,355,244,44,34,64,89,294,382,404,214,564,543,541,365,92,87,21,37,181,231,255,111,351,347,335,219,37,27,12,29,151,195,206,89,283,275,266,169,27,19,18,36,176,210,237,104,327,315,303,199,34,24,17,34,170,210,225,98,319,306,300,190,27,20,29,55,217,279,291,128,410,397,394,249,45,41,76,106,285,371,387,199,540,524,524,366,81,78,32.88,53.62,206.75,265.88,284.0,132.5,396.25,383.75,377.25,250.12,48.38,41.25
Concrete_0cm_S6,2026-04-02T20:38:48.542262,26,43,180,249,267,118,376,363,355,244,44,34,64,89,294,382,403,213,564,543,541,364,92,86,21,37,180,230,255,111,351,348,335,219,37,27,12,29,151,195,206,89,283,275,267,169,28,19,18,36,177,210,237,104,328,316,303,199,34,24,17,34,170,210,225,98,319,306,300,190,27,20,29,55,217,279,291,128,410,397,394,249,45,41,76,105,285,371,386,199,541,524,524,365,81,77,32.88,53.5,206.75,265.75,283.75,132.5,396.5,384.0,377.38,249.88,48.5,41.0
Concrete_0cm_S6,2026-04-02T20:38:48.641251,26,43,180,249,267,117,376,363,355,244,44,34,64,89,294,382,403,213,564,543,541,364,92,86,21,37,180,230,255,111,351,348,335,219,37,27,12,29,151,195,206,89,283,275,267,169,28,19,18,36,177,210,237,104,328,316,303,199,34,24,17,34,170,210,225,98,319,305,300,190,27,20,30,55,217,280,291,128,410,397,395,249,45,41,76,106,286,371,387,199,540,524,525,366,81,78,33.0,53.62,206.88,265.88,283.88,132.38,396.38,383.88,377.62,250.0,48.5,41.12
Concrete_0cm_S6,2026-04-02T20:38:48.738282,26,43,180,249,267,117,376,363,355,244,44,34,64,89,295,381,404,214,565,543,541,365,92,87,21,37,180,230,255,111,351,348,335,219,37,27,12,29,151,195,206,89,283,275,267,169,28,19,18,36,177,210,237,104,328,316,303,199,34,24,17,34,170,210,225,98,319,305,300,190,27,20,30,55,217,280,291,128,410,397,395,249,45,41,76,106,286,371,387,199,540,524,525,366,81,78,33.0,53.62,207.0,265.75,284.0,132.5,396.5,383.88,377.62,250.12,48.5,41.25
Concrete_0cm_S6,2026-04-02T20:38:48.836397,26,43,180,249,267,117,376,363,355,244,44,34,64,89,294,382,404,214,565,543,542,365,92,87,21,37,180,230,255,111,351,347,335,219,37,27,12,29,151,195,206,89,284,274,267,169,27,19,18,36,177,210,237,104,327,316,303,198,34,23,17,34,170,211,225,98,319,306,300,190,27,20,30,54,217,280,291,129,409,397,395,249,46,41,76,105,286,371,387,199,541,524,525,366,81,77,33.0,53.38,206.88,266.0,284.0,132.62,396.5,383.75,377.75,250.0,48.5,41.0
Concrete_0cm_S6,2026-04-02T20:38:48.944474,26,43,180,249,267,117,376,363,355,244,44,34,64,89,294,382,404,214,565,543,542,365,92,87,21,37,180,230,255,111,351,347,335,219,37,27,12,29,151,195,206,89,283,274,267,169,28,19,18,36,176,210,237,104,328,316,303,199,34,24,17,34,171,210,225,98,319,306,300,190,26,20,30,54,217,280,291,129,409,397,395,249,46,41,76,105,286,371,387,199,541,524,525,366,81,77,33.0,53.38,206.88,265.88,284.0,132.62,396.5,383.75,377.75,250.12,48.5,41.12
Concrete_0cm_S6,2026-04-02T20:38:49.043017,26,43,180,249,267,117,376,363,355,244,44,34,64,89,294,381,404,213,565,544,541,364,92,87,21,38,181,231,255,111,351,348,335,219,37,27,12,29,151,195,206,88,283,274,267,169,28,18,17,36,177,210,237,104,328,316,303,199,34,24,17,34,170,210,225,98,319,306,300,190,27,20,29,55,217,279,291,128,409,397,394,249,45,41,76,106,285,371,387,200,540,524,525,366,82,78,32.75,53.75,206.88,265.75,284.0,132.38,396.38,384.0,377.5,250.0,48.62,41.12
Concrete_0cm_S6,2026-04-02T20:38:49.138321,26,43,180,249,267,117,376,363,355,244,44,34,64,89,294,381,404,213,565,544,541,365,92,87,21,38,181,231,255,111,351,348,335,219,37,27,12,29,151,195,206,88,283,274,267,169,28,18,17,36,177,210,237,104,328,316,303,199,34,24,17,34,170,210,225,98,319,306,300,190,27,20,29,55,217,280,291,128,410,398,395,249,46,41,76,105,285,371,387,199,540,524,525,366,81,77,32.75,53.62,206.88,265.88,284.0,132.25,396.5,384.12,377.62,250.12,48.62,41.0
Concrete_0cm_S6,2026-04-02T20:38:49.234322,26,43,180,249,267,117,376,363,355,244,44,34,64,89,294,381,404,213,565,544,541,365,92,87,21,37,180,231,255,111,351,347,335,219,37,27,12,29,151,195,206,89,283,274,266,169,28,19,17,36,177,210,237,104,328,316,303,199,34,24,17,34,170,210,225,98,319,306,300,190,27,20,29,55,217,280,291,128,410,398,395,249,46,41,76,105,285,371,387,199,540,524,525,366,81,77,32.75,53.5,206.75,265.88,284.0,132.38,396.5,384.0,377.5,250.12,48.62,41.12
Concrete_0cm_S6,2026-04-02T20:38:49.331382,26,43,180,249,267,117,376,363,355,244,43,34,64,89,294,382,404,214,564,543,542,365,92,86,21,37,180,231,255,110,351,348,335,219,37,27,12,29,151,195,206,89,283,274,266,169,28,19,18,36,177,210,237,104,327,316,303,198,34,24,17,34,171,210,225,98,319,306,300,190,27,20,29,55,217,279,291,128,410,397,395,249,45,41,76,105,286,370,386,199,540,524,525,366,81,78,32.88,53.5,207.0,265.75,283.88,132.38,396.25,383.88,377.62,250.0,48.38,41.12
Concrete_0cm_S6,2026-04-02T20:38:49.427736,26,43,180,249,267,117,376,363,355,244,43,34,64,89,294,382,404,214,564,543,542,365,92,86,21,37,180,231,255,110,351,348,335,219,37,27,12,29,151,196,206,89,283,274,266,169,28,18,18,36,177,210,237,104,327,316,303,199,34,24,17,34,170,210,225,98,319,305,300,190,27,20,29,55,217,280,291,129,410,398,395,249,46,41,76,106,286,371,387,199,541,524,525,366,81,77,32.88,53.62,206.88,266.12,284.0,132.5,396.38,383.88,377.62,250.12,48.5,40.88
Concrete_0cm_S6,2026-04-02T20:38:49.525332,26,43,180,249,267,117,376,363,355,243,44,34,64,89,294,381,404,213,564,543,542,365,92,87,21,37,181,231,255,111,351,348,335,219,37,27,12,29,151,196,206,89,283,274,266,169,28,18,18,36,177,210,237,104,327,316,303,199,34,24,17,34,170,210,225,98,319,305,300,190,27,20,29,55,217,280,291,129,410,398,395,249,46,41,76,106,286,371,387,199,541,524,525,366,81,77,32.88,53.62,207.0,266.0,284.0,132.5,396.38,383.88,377.62,250.0,48.62,41.0
Concrete_0cm_S6,2026-04-02T20:38:49.617227,26,43,180,249,267,117,376,363,355,242,44,34,64,89,294,381,404,213,564,543,542,365,92,87,21,37,181,231,255,111,351,348,335,219,37,27,12,29,151,195,206,89,283,274,267,168,27,18,18,36,177,210,237,104,327,316,303,199,34,24,17,34,170,210,225,98,319,305,300,190,27,20,29,55,217,279,291,128,409,398,395,249,45,41,76,105,286,371,387,200,541,523,525,366,81,77,32.88,53.5,207.0,265.75,284.0,132.5,396.25,383.75,377.75,249.75,48.38,41.0
Concrete_0cm_S6,2026-04-02T20:38:49.717440,26,43,180,249,267,117,376,363,355,242,44,34,64,89,294,381,404,214,564,543,541,365,92,87,21,37,181,231,255,111,351,348,335,219,37,27,12,29,151,195,206,89,283,274,267,168,27,18,18,36,177,210,237,104,327,316,303,199,34,23,17,34,170,210,225,98,319,305,300,190,27,20,29,55,217,279,291,128,409,398,395,249,45,41,76,105,286,371,387,200,541,523,525,366,81,77,32.88,53.5,207.0,265.75,284.0,132.62,396.25,383.75,377.62,249.75,48.38,40.88
Concrete_0cm_S6,2026-04-02T20:38:49.813374,26,43,180,249,267,117,376,363,355,242,44,34,64,89,294,381,404,214,564,543,541,365,92,87,21,37,181,231,255,111,351,348,335,219,37,27,12,29,151,195,206,89,283,274,267,168,27,18,18,36,177,210,237,104,327,316,303,199,34,23,17,34,170,211,225,98,319,306,300,190,27,20,30,55,217,280,291,129,409,398,395,249,46,41,76,105,286,371,387,199,541,524,525,366,81,77,33.0,53.5,207.0,266.0,284.0,132.62,396.25,384.0,377.62,249.75,48.5,40.88
Concrete_0cm_S6,2026-04-02T20:38:49.909573,26,43,180,250,267,117,376,363,355,244,44,34,64,89,295,382,404,213,565,543,542,364,92,87,21,38,181,231,255,111,351,348,335,219,37,27,12,29,151,195,206,89,283,274,266,169,28,19,18,36,177,211,237,104,327,316,303,199,34,23,17,34,171,210,225,98,319,306,300,190,27,20,29,55,218,280,291,129,410,398,395,249,46,41,76,105,286,371,386,199,540,524,524,366,81,78,32.88,53.62,207.38,266.25,283.88,132.5,396.38,384.0,377.5,250.0,48.62,41.12
Concrete_0cm_S6,2026-04-02T20:38:50.004127,26,43,180,250,267,117,376,363,355,244,44,34,64,89,295,382,404,213,565,543,542,364,92,87,21,38,181,231,255,111,351,348,335,219,37,27,12,29,151,195,206,89,283,274,266,169,28,19,18,36,177,211,237,104,327,316,303,199,34,23,17,34,171,210,225,98,319,306,300,190,27,20,29,55,218,280,291,129,410,398,395,249,46,41,76,105,286,371,386,199,540,524,524,366,81,78,32.88,53.62,207.38,266.25,283.88,132.5,396.38,384.0,377.5,250.0,48.62,41.12
Concrete_0cm_S6,2026-04-02T20:38:50.097765,26,43,180,249,267,117,376,363,355,243,43,34,64,89,294,382,404,214,564,543,542,365,92,87,21,38,180,231,255,111,351,347,335,219,37,27,12,29,151,195,206,89,284,274,266,169,27,19,18,36,177,210,237,104,327,315,302,198,34,23,17,34,170,210,225,98,319,306,300,190,26,20,30,55,217,279,291,129,410,398,395,250,45,41,76,105,285,372,387,199,541,524,524,366,81,78,33.0,53.62,206.75,266.0,284.0,132.62,396.5,383.75,377.38,250.0,48.12,41.12
Concrete_0cm_S6,2026-04-02T20:38:50.195132,26,43,180,249,267,117,376,363,355,244,44,34,64,89,294,382,404,214,564,543,542,365,92,87,21,38,180,231,255,111,351,347,335,219,37,27,12,29,151,195,206,89,284,274,266,169,27,19,18,36,177,210,237,104,327,315,302,198,34,23,17,34,170,210,225,98,319,306,300,190,26,20,30,55,217,279,291,129,410,398,395,250,45,41,76,105,285,372,387,199,541,524,524,366,81,78,33.0,53.62,206.75,266.0,284.0,132.62,396.5,383.75,377.38,250.12,48.25,41.12
Concrete_0cm_S6,2026-04-02T20:38:50.284615,26,43,180,249,267,117,376,363,355,243,44,34,64,89,294,381,403,214,564,543,542,365,92,87,21,37,181,231,255,111,351,347,335,219,37,27,12,29,151,196,206,89,284,274,266,168,27,19,18,36,177,210,237,104,327,315,304,198,34,23,17,33,171,210,225,98,319,306,300,190,27,20,30,55,217,280,291,128,410,398,395,250,46,41,76,105,286,371,387,199,541,524,524,366,81,77,33.0,53.38,207.12,266.0,283.88,132.5,396.5,383.75,377.62,249.88,48.5,41.0
Concrete_0cm_S6,2026-04-02T20:38:50.379069,26,43,180,249,267,117,376,363,355,243,44,34,64,89,294,382,404,213,564,543,542,364,92,87,21,37,181,231,255,111,351,347,335,219,37,27,12,29,151,195,206,89,283,274,266,169,28,18,18,36,177,211,237,104,327,316,303,199,34,24,17,33,170,210,225,98,319,306,300,190,26,20,29,55,218,280,291,128,410,397,395,249,45,41,76,105,286,371,387,199,541,524,524,366,81,77,32.88,53.38,207.12,266.12,284.0,132.38,396.38,383.75,377.5,249.88,48.38,41.0
Concrete_0cm_S6,2026-04-02T20:38:50.474522,26,43,180,249,267,117,376,363,355,243,44,34,64,89,294,382,404,213,564,543,542,364,92,87,21,37,181,231,255,111,351,347,335,219,37,27,12,29,151,195,206,89,283,274,266,169,28,18,18,36,177,211,237,104,327,316,303,199,34,24,17,33,170,210,225,98,319,306,300,190,26,20,29,55,218,280,291,128,410,397,395,249,45,41,76,105,286,371,387,199,541,524,524,366,81,77,32.88,53.38,207.12,266.12,284.0,132.38,396.38,383.75,377.5,249.88,48.38,41.0
Concrete_0cm_S6,2026-04-02T20:38:50.561100,26,43,180,249,267,117,376,363,355,243,44,34,64,89,294,382,404,213,564,543,542,364,92,87,21,37,181,231,255,111,351,347,335,219,37,27,12,29,151,195,206,89,283,274,266,169,28,18,18,36,177,211,237,104,327,316,303,199,34,24,17,33,170,210,225,98,319,306,300,190,26,20,29,55,218,280,291,128,410,397,395,249,45,41,76,106,286,371,387,200,541,524,525,366,81,78,32.88,53.5,207.12,266.12,284.0,132.5,396.38,383.75,377.62,249.88,48.38,41.12
Concrete_0cm_S6,2026-04-02T20:38:50.658526,26,43,180,249,267,117,376,363,355,243,44,34,64,89,294,382,404,213,564,543,542,364,92,87,21,37,181,231,255,111,351,347,335,219,37,27,12,29,151,195,206,89,283,274,266,169,28,18,18,36,177,211,237,104,327,316,303,199,34,24,17,33,170,210,225,98,319,306,300,190,26,20,29,55,218,280,291,128,410,397,395,249,45,41,76,106,286,371,387,200,541,524,525,366,81,78,32.88,53.5,207.12,266.12,284.0,132.5,396.38,383.75,377.62,249.88,48.38,41.12
Concrete_0cm_S6,2026-04-02T20:38:50.748032,26,43,180,249,268,117,376,363,355,244,44,34,64,89,295,381,403,214,565,543,541,364,92,87,21,38,180,231,255,111,351,348,335,219,37,27,12,29,151,195,206,89,283,274,266,168,27,19,18,36,177,210,237,104,327,315,303,199,34,23,17,34,171,210,225,98,319,306,300,190,27,20,30,54,217,280,291,128,410,397,395,249,46,41,76,105,285,371,387,200,540,524,524,366,81,77,33.0,53.5,207.0,265.88,284.0,132.62,396.38,383.75,377.38,249.88,48.5,41.0
Concrete_0cm_S6,2026-04-02T20:38:50.849246,26,43,180,249,268,117,376,363,355,244,44,34,64,89,295,381,403,214,565,543,541,364,92,87,21,38,180,231,255,111,351,348,335,219,37,27,12,29,151,195,206,89,283,274,266,168,27,19,18,36,177,210,237,104,327,315,303,199,34,23,17,34,171,210,225,98,319,306,300,190,27,20,30,54,217,280,291,128,410,397,395,249,46,41,76,105,285,371,387,200,540,524,524,366,81,77,33.0,53.5,207.0,265.88,284.0,132.62,396.38,383.75,377.38,249.88,48.5,41.0
Concrete_0cm_S6,2026-04-02T20:38:50.940098,26,43,180,249,267,117,377,364,355,244,44,34,64,89,294,381,403,214,564,543,541,364,92,87,21,37,180,231,255,111,350,348,334,219,37,27,12,29,151,195,206,89,283,274,267,169,28,18,18,36,177,210,237,104,328,316,303,199,34,24,17,34,171,210,225,98,319,306,300,190,27,20,29,55,217,279,291,128,410,397,394,249,45,41,76,105,286,371,386,199,541,525,525,366,81,78,32.88,53.5,207.0,265.75,283.75,132.5,396.5,384.12,377.38,250.0,48.5,41.12
Concrete_0cm_S6,2026-04-02T20:38:51.053230,26,43,180,249,267,118,376,363,355,244,44,34,64,89,294,382,403,213,564,543,541,365,92,87,21,38,180,231,255,111,351,347,335,219,37,27,12,29,151,195,206,89,284,274,267,168,28,19,18,36,177,210,237,104,327,316,303,199,34,24,17,34,170,211,225,98,319,306,300,190,27,20,29,55,217,279,291,128,410,397,394,249,45,41,76,105,286,371,386,199,541,525,525,366,81,78,32.88,53.62,206.88,266.0,283.75,132.5,396.5,383.88,377.5,250.0,48.5,41.25
Concrete_0cm_S6,2026-04-02T20:38:51.151416,26,43,180,249,267,117,376,363,355,244,44,34,64,89,295,382,404,213,565,543,542,365,92,87,21,38,180,231,255,111,351,347,335,219,37,27,12,29,151,195,206,89,284,274,267,168,28,19,18,36,177,210,237,104,327,316,303,199,34,24,17,34,170,211,225,98,319,306,300,190,27,20,30,55,217,279,291,129,409,397,395,249,46,41,75,105,285,371,387,200,540,524,525,366,81,77,32.88,53.62,206.88,266.0,284.0,132.62,396.38,383.75,377.75,250.0,48.62,41.12
Concrete_0cm_S6,2026-04-02T20:38:51.243239,26,43,180,249,267,117,376,363,355,244,44,34,64,89,295,382,404,213,565,543,542,365,92,87,21,38,180,231,255,111,351,347,335,219,37,27,12,29,151,195,206,89,284,274,267,168,28,19,18,36,177,210,237,104,327,316,303,199,34,24,17,34,170,211,225,98,319,306,300,190,27,20,30,55,217,279,291,129,409,397,395,249,46,41,75,105,285,371,387,200,540,524,525,366,81,77,32.88,53.62,206.88,266.0,284.0,132.62,396.38,383.75,377.75,250.0,48.62,41.12
Concrete_0cm_S6,2026-04-02T20:38:51.337209,26,43,180,249,267,117,376,363,355,244,44,34,64,89,294,382,404,214,563,543,542,365,92,86,21,37,180,231,255,111,351,348,335,219,37,27,12,29,151,196,205,89,283,274,266,169,27,18,18,36,177,210,237,104,327,315,303,199,34,24,17,34,170,211,225,98,319,306,300,190,26,20,30,55,217,279,291,128,410,398,394,249,45,41,75,105,286,371,387,199,540,524,524,366,81,77,32.88,53.5,206.88,266.12,283.88,132.5,396.12,383.88,377.38,250.12,48.25,40.88
Concrete_0cm_S6,2026-04-02T20:38:51.442008,26,43,180,249,267,117,376,363,355,244,44,34,64,89,294,382,404,214,563,543,542,365,92,86,21,37,180,231,255,111,351,348,335,219,37,27,12,29,151,195,206,89,283,274,266,168,28,18,18,36,177,210,237,104,327,316,303,198,34,24,17,34,171,211,225,98,319,306,300,190,27,20,29,55,217,280,291,128,410,398,395,249,45,41,75,105,286,371,387,199,540,524,524,366,81,77,32.75,53.5,207.0,266.12,284.0,132.5,396.12,384.0,377.5,249.88,48.5,40.88
Concrete_0cm_S6,2026-04-02T20:38:51.552272,26,43,180,249,267,117,376,363,355,244,44,34,64,89,294,381,403,213,564,543,541,365,92,86,21,38,180,231,254,111,351,348,335,219,37,27,12,29,151,195,206,89,283,274,266,169,28,19,18,36,177,210,237,104,328,316,303,198,34,24,17,34,171,211,225,98,319,306,300,190,27,20,29,55,217,280,291,128,410,398,395,249,45,41,75,105,286,371,387,199,540,524,524,366,81,77,32.75,53.62,207.0,266.0,283.75,132.38,396.38,384.0,377.38,250.0,48.5,41.0
Concrete_0cm_S6,2026-04-02T20:38:51.644256,26,43,180,249,267,117,376,363,355,244,44,34,64,89,294,381,403,213,564,543,541,365,92,86,21,38,180,231,254,111,351,348,335,219,37,27,12,29,151,195,206,89,283,274,266,169,28,19,18,36,177,210,237,104,328,316,303,198,34,24,17,34,171,211,225,98,319,306,300,190,27,20,29,55,217,280,291,128,410,398,395,249,45,41,75,105,286,371,387,199,540,524,524,366,81,77,32.75,53.62,207.0,266.0,283.75,132.38,396.38,384.0,377.38,250.0,48.5,41.0
Concrete_0cm_S6,2026-04-02T20:38:51.737720,26,43,180,249,267,117,376,363,355,244,44,34,64,89,294,381,403,213,564,543,541,365,92,86,21,38,180,231,254,111,351,348,335,219,37,27,12,29,151,195,206,89,283,274,266,169,28,19,18,36,177,210,237,104,328,316,303,198,34,24,17,34,171,211,225,98,319,306,300,190,27,20,30,55,217,280,291,128,410,397,394,249,45,41,75,105,286,371,387,199,540,524,524,366,81,77,32.88,53.62,207.0,266.0,283.75,132.38,396.38,383.88,377.25,250.0,48.5,41.0
Concrete_0cm_S6,2026-04-02T20:38:51.830140,26,43,180,249,267,117,376,363,355,244,44,34,64,89,294,381,403,214,565,543,541,364,92,87,21,37,180,231,255,110,351,347,335,219,37,27,12,29,151,195,206,89,283,274,266,169,28,19,18,36,177,210,237,104,328,316,303,198,34,24,17,34,171,211,225,98,319,306,300,190,27,20,30,55,217,280,291,128,410,397,394,249,45,41,76,106,286,371,386,199,540,524,524,366,81,77,33.0,53.62,207.0,266.0,283.75,132.38,396.5,383.75,377.25,249.88,48.5,41.12
Concrete_0cm_S6,2026-04-02T20:38:51.929223,26,43,180,249,267,117,376,363,355,244,44,34,64,89,294,381,403,214,565,543,541,364,92,87,21,37,180,231,255,110,351,347,335,219,37,27,12,29,151,195,206,88,283,274,266,168,27,19,18,36,177,211,237,104,327,316,303,199,34,24,17,34,171,211,225,98,319,306,300,190,27,20,30,55,217,280,291,128,410,397,394,249,45,41,76,106,286,371,386,199,540,524,524,366,81,77,33.0,53.62,207.0,266.12,283.75,132.25,396.38,383.75,377.25,249.88,48.38,41.12
Concrete_0cm_S6,2026-04-02T20:38:52.030447,26,43,180,249,267,117,376,363,355,244,44,34,64,89,294,381,403,214,565,543,541,364,92,87,21,37,180,231,255,110,351,347,335,219,37,27,12,29,151,195,206,88,283,274,266,168,27,19,18,36,177,211,237,104,327,316,303,199,34,24,17,34,171,210,225,98,319,306,300,190,27,20,30,55,217,280,291,129,410,397,395,250,46,41,76,106,286,371,386,199,540,524,524,366,81,77,33.0,53.62,207.0,266.0,283.75,132.38,396.38,383.75,377.38,250.0,48.5,41.12
Concrete_0cm_S6,2026-04-02T20:38:52.131673,26,43,180,249,267,118,376,363,355,244,44,34,64,88,294,381,403,214,564,544,542,364,92,87,21,37,180,230,255,111,351,347,335,219,37,27,12,29,151,195,206,89,283,274,266,169,28,19,18,36,176,210,237,104,327,316,303,199,34,24,17,34,170,211,225,98,319,306,300,190,27,20,30,54,217,279,291,128,410,398,394,249,45,41,76,105,286,371,386,199,541,524,524,366,81,77,33.0,53.25,206.75,265.75,283.75,132.62,396.38,384.0,377.38,250.0,48.5,41.12
Concrete_0cm_S6,2026-04-02T20:38:52.230225,26,43,180,249,267,118,376,363,355,244,44,34,64,89,294,381,403,214,564,543,541,365,92,86,21,37,180,230,255,111,351,347,335,219,37,27,12,29,151,195,206,89,283,274,266,169,28,19,18,36,176,210,237,104,327,316,303,199,34,24,17,34,170,211,225,98,319,306,300,190,27,20,30,54,217,279,291,128,410,398,394,249,45,41,76,105,286,371,386,199,541,524,524,366,81,77,33.0,53.38,206.75,265.75,283.75,132.62,396.38,383.88,377.25,250.12,48.5,41.0
Concrete_0cm_S6,2026-04-02T20:38:52.324599,26,43,180,249,267,118,376,363,355,244,44,34,64,89,295,381,404,213,564,544,542,364,92,87,21,37,181,231,255,111,351,348,335,219,37,27,12,29,151,196,206,89,283,274,266,168,27,18,18,36,177,210,237,104,327,316,303,199,34,23,17,34,171,210,225,98,319,305,300,190,27,20,29,55,217,280,291,128,409,397,395,249,45,41,76,106,286,371,386,199,541,523,525,366,82,77,32.88,53.62,207.25,266.0,283.88,132.5,396.25,383.75,377.62,249.88,48.5,40.88
Concrete_0cm_S6,2026-04-02T20:38:52.433847,26,43,180,249,267,118,376,363,355,244,44,34,64,89,295,381,404,213,564,544,542,364,92,87,21,38,181,231,255,111,351,347,335,219,37,27,12,29,152,196,206,89,284,274,267,169,27,19,18,36,177,210,237,104,327,316,303,198,34,24,17,34,171,210,225,98,319,306,301,191,27,20,29,55,217,280,291,128,410,398,395,249,45,41,76,106,286,371,386,199,541,523,525,366,82,77,32.88,53.75,207.38,266.0,283.88,132.5,396.5,383.88,377.88,250.0,48.5,41.12
Concrete_0cm_S6,2026-04-02T20:38:52.533646,26,43,180,249,267,118,376,363,355,244,44,34,64,89,295,381,404,213,564,544,542,364,92,87,21,38,181,231,255,111,351,347,335,219,37,27,12,29,152,196,206,89,284,274,267,169,27,19,18,36,177,210,237,104,327,316,303,198,34,24,17,34,171,210,225,98,319,306,301,191,27,20,29,55,217,280,291,128,410,398,395,249,45,41,76,106,286,371,386,199,541,523,525,366,82,77,32.88,53.75,207.38,266.0,283.88,132.5,396.5,383.88,377.88,250.0,48.5,41.12
Concrete_0cm_S6,2026-04-02T20:38:52.624829,26,43,180,249,267,117,376,363,355,244,43,34,64,89,295,381,403,214,564,543,542,365,92,87,21,38,180,231,255,110,350,347,335,219,37,27,12,29,151,196,206,88,284,274,266,168,28,18,18,36,177,210,237,104,328,316,304,199,34,24,17,34,170,211,225,98,319,306,300,191,27,20,29,55,217,280,291,128,410,398,395,249,45,41,76,105,285,371,387,199,540,523,524,366,81,77,32.88,53.62,206.88,266.12,283.88,132.25,396.38,383.75,377.62,250.12,48.38,41.0
Concrete_0cm_S6,2026-04-02T20:38:52.727199,26,43,180,249,267,117,376,363,355,244,43,34,64,89,295,381,403,214,564,543,542,365,92,87,21,38,180,231,255,110,350,347,335,219,37,27,12,29,151,196,206,88,284,274,266,168,28,18,18,36,177,210,237,104,328,316,304,199,34,24,17,34,170,211,225,98,319,306,300,191,27,20,29,55,217,280,291,128,410,398,395,249,45,41,76,105,285,371,387,199,540,523,524,366,81,77,32.88,53.62,206.88,266.12,283.88,132.25,396.38,383.75,377.62,250.12,48.38,41.0
Concrete_0cm_S6,2026-04-02T20:38:52.842349,26,43,180,249,267,117,376,362,355,244,44,34,64,89,294,381,403,214,565,543,541,364,92,87,21,37,181,231,255,111,350,348,335,219,37,27,12,29,151,196,206,89,283,274,266,169,27,19,18,36,177,210,237,104,328,316,303,199,34,24,17,34,171,210,225,98,319,306,300,190,27,20,30,55,217,280,291,128,410,398,395,249,46,41,76,106,285,371,386,199,540,524,524,366,82,77,33.0,53.62,207.0,266.0,283.75,132.5,396.38,383.88,377.38,250.0,48.62,41.12
Concrete_0cm_S6,2026-04-02T20:38:52.937380,26,43,180,249,267,117,376,362,355,244,44,34,64,89,294,381,403,214,565,543,541,364,92,87,21,38,180,231,255,110,351,348,335,219,37,27,12,29,151,195,206,89,283,274,266,169,28,18,18,36,177,210,237,104,328,316,303,199,34,24,17,34,170,210,225,98,319,306,300,190,27,20,30,55,217,280,291,128,409,397,395,249,46,41,76,106,285,371,386,199,540,524,524,366,82,77,33.0,53.75,206.75,265.88,283.75,132.38,396.38,383.75,377.38,250.0,48.75,41.0
Concrete_0cm_S6,2026-04-02T20:38:53.039496,26,43,180,249,267,118,376,363,355,244,44,34,64,89,294,381,403,214,565,543,541,364,92,87,21,38,180,231,255,110,351,348,335,219,37,27,12,29,151,195,206,89,283,274,266,169,28,18,18,36,177,210,237,104,328,316,303,199,34,24,17,34,170,210,225,98,319,306,300,190,27,20,30,55,217,280,291,128,409,397,395,249,46,41,76,105,286,371,386,199,540,524,525,366,81,77,33.0,53.62,206.88,265.88,283.75,132.5,396.38,383.88,377.5,250.0,48.62,41.0
Concrete_0cm_S6,2026-04-02T20:38:53.137604,26,43,180,249,267,118,376,363,355,244,44,34,64,89,294,381,403,214,565,543,541,364,92,87,21,38,180,231,255,110,351,348,335,219,37,27,12,29,151,195,206,89,283,274,266,169,28,18,18,36,177,210,237,104,328,316,303,199,34,24,17,34,170,210,225,98,319,306,300,190,27,20,30,55,217,280,291,128,409,397,395,249,46,41,76,105,286,371,386,199,540,524,525,366,81,77,33.0,53.62,206.88,265.88,283.75,132.5,396.38,383.88,377.5,250.0,48.62,41.0
Concrete_0cm_S6,2026-04-02T20:38:53.229600,26,43,180,249,267,118,376,363,355,244,43,34,64,89,294,382,403,214,564,543,542,365,92,87,21,38,180,231,255,110,351,347,335,219,37,27,12,29,151,195,206,89,283,274,266,168,28,19,18,36,177,210,237,104,327,316,303,199,34,23,17,34,171,210,225,98,319,306,300,190,27,20,29,55,217,280,291,128,410,398,395,249,45,41,75,106,286,371,387,199,541,524,525,366,81,77,32.75,53.75,207.0,266.0,283.88,132.5,396.38,383.88,377.62,250.0,48.38,41.0
Concrete_0cm_S6,2026-04-02T20:38:53.322327,26,43,180,249,267,118,377,363,355,244,44,34,64,89,294,381,404,213,565,543,542,364,92,87,21,38,180,231,255,110,351,347,335,219,37,27,12,29,151,195,206,89,283,274,266,169,27,19,18,36,177,210,237,104,328,316,303,199,34,24,17,34,171,211,225,98,319,306,300,190,27,20,29,55,217,280,291,128,410,398,395,250,45,41,76,105,286,371,387,199,540,524,525,366,81,77,32.88,53.62,207.0,266.0,284.0,132.38,396.62,383.88,377.62,250.12,48.38,41.12
Concrete_0cm_S6,2026-04-02T20:38:53.420162,26,43,180,249,267,118,377,363,355,244,44,34,64,89,294,381,404,213,565,543,542,364,92,87,21,38,180,231,255,110,351,348,334,219,37,27,12,29,151,195,206,89,283,274,266,168,27,19,18,36,177,210,237,104,328,316,303,199,34,23,17,34,171,210,225,98,319,306,300,191,27,20,30,55,217,280,292,128,410,398,395,250,46,41,76,105,286,371,387,199,540,524,525,366,81,77,33.0,53.62,207.0,265.88,284.12,132.38,396.62,384.0,377.5,250.12,48.5,41.0
Concrete_0cm_S6,2026-04-02T20:38:53.514209,26,43,180,249,267,118,377,363,355,244,44,34,64,89,294,381,404,213,565,543,542,364,92,87,21,38,180,231,255,110,351,348,334,219,37,27,12,29,151,195,206,89,283,274,266,168,27,19,18,36,177,210,237,104,328,316,303,199,34,23,17,34,171,210,225,98,319,306,300,191,27,20,30,55,217,280,292,128,410,398,395,250,46,41,75,105,286,371,387,199,541,525,525,366,81,78,32.88,53.62,207.0,265.88,284.12,132.38,396.75,384.12,377.5,250.12,48.5,41.12
Concrete_0cm_S6,2026-04-02T20:38:53.628436,26,43,180,249,267,118,376,364,355,244,44,34,64,89,295,381,404,214,564,543,542,365,92,87,21,38,180,231,255,110,351,348,334,219,37,27,12,29,151,195,206,89,283,274,266,169,28,18,18,36,177,210,237,104,328,316,303,199,34,24,17,34,170,210,225,98,319,306,300,190,27,20,29,55,217,280,291,128,410,398,395,249,45,41,75,105,286,371,387,199,541,525,525,366,81,78,32.75,53.62,207.0,265.88,284.0,132.5,396.5,384.25,377.5,250.12,48.5,41.12
Concrete_0cm_S6,2026-04-02T20:38:53.743844,26,43,180,249,267,118,376,364,355,244,44,34,64,89,295,381,404,214,564,543,542,365,92,87,21,38,180,231,255,110,351,348,334,219,37,27,12,29,151,195,206,89,283,274,266,169,28,18,18,36,177,210,237,104,328,316,303,199,34,24,17,34,170,210,225,98,319,306,300,190,27,20,29,55,217,280,291,128,410,398,395,249,45,41,75,105,286,371,387,199,541,525,525,366,81,78,32.75,53.62,207.0,265.88,284.0,132.5,396.5,384.25,377.5,250.12,48.5,41.12
Concrete_0cm_S6,2026-04-02T20:38:53.835901,26,43,180,249,267,118,376,363,355,244,44,34,64,89,295,381,403,213,565,544,542,364,92,86,21,37,181,230,255,110,350,347,335,219,37,27,12,29,151,195,206,89,283,274,266,168,27,19,18,36,176,210,237,104,328,316,303,198,34,23,17,34,170,210,225,98,319,306,300,190,27,20,29,55,218,280,291,128,410,397,395,249,45,41,76,105,285,371,387,199,541,524,525,366,81,77,32.88,53.5,207.0,265.75,283.88,132.38,396.5,383.88,377.62,249.75,48.38,40.88
Concrete_0cm_S6,2026-04-02T20:38:53.937236,26,43,180,249,267,118,376,363,355,244,44,34,64,89,295,381,403,213,565,544,542,364,92,86,21,37,181,230,255,110,350,347,335,219,37,27,12,29,151,195,206,89,283,274,266,168,27,19,18,36,177,211,237,104,328,316,304,199,34,24,17,33,171,210,225,98,319,306,300,191,27,20,30,55,217,280,291,128,410,398,395,249,46,41,76,105,285,371,387,200,541,524,525,366,81,78,33.0,53.38,207.12,265.88,283.88,132.5,396.5,384.0,377.75,250.0,48.5,41.12
Concrete_0cm_S6,2026-04-02T20:38:54.050103,26,43,180,249,267,117,376,363,355,244,44,33,64,89,295,381,404,214,564,543,541,365,92,87,21,37,181,230,255,110,350,347,335,219,37,27,12,29,151,195,206,89,283,274,266,168,27,19,18,36,177,211,237,104,328,316,304,199,34,24,17,33,171,210,225,98,319,306,300,191,27,20,30,55,217,280,291,128,410,398,395,249,46,41,76,105,285,371,387,200,541,524,525,366,81,78,33.0,53.38,207.12,265.88,284.0,132.5,396.38,383.88,377.62,250.12,48.5,41.12
Concrete_0cm_S6,2026-04-02T20:38:54.145788,26,43,180,249,267,117,376,363,355,244,44,33,64,89,295,381,404,214,564,543,541,365,92,87,21,37,180,231,255,111,351,347,335,219,37,27,12,29,151,195,206,89,283,274,267,168,28,19,18,36,177,211,237,104,328,316,304,199,34,24,17,33,170,211,225,98,319,306,300,191,27,20,29,55,217,279,291,128,410,398,395,249,46,42,76,106,286,371,387,199,541,524,525,366,82,78,32.88,53.5,207.0,266.0,284.0,132.5,396.5,383.88,377.75,250.12,48.75,41.25
Concrete_0cm_S6,2026-04-02T20:38:54.245782,26,43,180,249,267,117,376,363,355,244,44,33,64,89,294,382,404,214,564,543,541,365,92,87,21,38,180,231,255,111,351,347,335,219,37,27,12,29,152,195,206,89,283,274,267,169,28,19,18,36,177,211,237,104,328,316,304,199,34,24,17,33,170,211,225,98,319,306,300,191,27,20,29,55,217,279,291,128,410,398,395,249,46,42,76,106,286,371,387,199,541,524,525,366,82,78,32.88,53.62,207.0,266.12,284.0,132.5,396.5,383.88,377.75,250.25,48.75,41.25
Concrete_0cm_S6,2026-04-02T20:38:54.344650,26,43,180,249,268,117,376,363,355,244,44,34,64,89,295,382,403,213,564,543,541,364,92,87,21,38,180,231,255,111,351,347,335,219,37,27,12,29,152,195,206,89,283,274,267,169,28,19,18,36,177,210,237,104,328,316,303,199,34,24,17,34,170,210,225,98,319,306,300,190,27,20,29,55,217,279,291,128,410,398,395,249,46,42,76,106,285,371,387,199,541,524,525,366,82,78,32.88,53.75,207.0,265.88,284.0,132.38,396.5,383.88,377.62,250.0,48.75,41.38
Concrete_0cm_S6,2026-04-02T20:38:54.435863,26,43,180,249,268,117,376,363,355,244,44,34,64,89,295,382,403,213,564,543,541,364,92,87,21,37,180,231,255,110,351,347,335,219,37,27,12,29,151,195,206,89,283,274,267,169,28,19,18,36,177,211,237,104,328,316,303,199,34,24,17,34,171,210,225,98,319,306,300,190,27,20,30,55,217,280,291,129,410,398,395,250,46,41,76,106,286,371,387,200,541,525,525,366,81,78,33.0,53.62,207.12,266.12,284.0,132.5,396.5,384.0,377.62,250.12,48.62,41.25
Concrete_0cm_S6,2026-04-02T20:38:54.533285,26,43,180,249,268,117,376,363,355,244,44,34,64,89,295,382,403,213,564,543,541,364,92,87,21,37,180,231,255,110,351,347,335,219,37,27,12,29,151,195,206,89,283,274,267,169,28,19,18,36,177,211,237,104,328,316,303,199,34,24,17,34,171,210,225,98,319,306,300,190,27,20,30,55,217,280,291,129,410,398,395,250,46,41,76,106,286,371,387,200,541,525,525,366,81,78,33.0,53.62,207.12,266.12,284.0,132.5,396.5,384.0,377.62,250.12,48.62,41.25
Concrete_0cm_S6,2026-04-02T20:38:54.626116,26,43,180,249,267,117,376,363,354,244,44,34,64,88,294,382,403,213,564,543,540,365,92,86,21,37,181,231,255,110,351,348,335,219,37,27,12,29,151,195,206,89,283,274,266,168,28,18,18,36,177,210,237,104,327,316,303,199,34,24,17,34,170,210,225,98,319,306,300,190,27,20,30,55,217,280,291,129,410,398,395,250,46,41,76,106,286,371,387,200,541,525,525,366,81,78,33.0,53.5,207.0,266.0,283.88,132.5,396.38,384.12,377.25,250.12,48.62,41.0
Concrete_0cm_S6,2026-04-02T20:38:54.741137,26,43,180,249,267,117,376,363,354,244,44,34,64,88,294,382,403,213,564,543,540,365,92,86,21,37,181,231,255,110,351,348,335,219,37,27,12,29,151,195,206,89,283,274,266,168,28,18,18,36,177,210,237,104,327,316,303,199,34,24,17,34,170,210,225,98,319,306,300,190,27,20,30,55,217,280,291,129,410,398,395,250,46,41,76,106,286,371,387,200,541,525,525,366,81,78,33.0,53.5,207.0,266.0,283.88,132.5,396.38,384.12,377.25,250.12,48.62,41.0
Concrete_0cm_S6,2026-04-02T20:38:54.837692,26,43,180,249,267,117,376,363,355,244,44,34,64,89,294,381,403,213,564,543,541,365,92,87,21,37,181,231,255,111,351,347,335,219,37,27,12,29,151,195,206,89,284,274,266,169,28,19,18,36,177,210,237,104,328,316,303,199,34,24,17,34,170,210,225,98,319,306,300,190,27,20,30,55,217,280,291,129,410,398,395,250,46,41,76,106,286,371,387,200,541,525,525,366,81,78,33.0,53.62,207.0,265.88,283.88,132.62,396.62,384.0,377.5,250.25,48.62,41.25
Concrete_0cm_S6,2026-04-02T20:38:54.938620,26,43,180,249,267,117,376,363,355,244,44,34,64,88,294,382,403,213,564,543,541,365,92,87,21,37,180,231,255,111,351,347,335,219,37,27,12,29,151,195,206,89,283,274,266,169,27,19,18,36,177,210,237,104,328,316,303,199,34,23,17,33,170,210,225,98,319,306,300,190,27,20,30,55,217,280,291,128,410,398,395,250,46,41,76,105,285,371,387,199,540,524,524,366,81,78,33.0,53.25,206.75,266.0,283.88,132.38,396.38,383.88,377.38,250.25,48.5,41.12
Concrete_0cm_S6,2026-04-02T20:38:55.040969,26,43,180,249,267,117,376,363,355,243,44,34,64,89,294,381,403,213,564,543,541,365,92,87,21,37,180,231,255,110,351,348,333,218,37,27,12,29,151,195,206,89,283,274,266,169,27,19,18,36,177,210,237,104,328,316,303,199,34,23,17,33,170,210,225,98,319,306,300,190,27,20,30,55,217,280,291,128,410,398,395,250,46,41,76,105,285,371,387,199,540,524,524,366,81,78,33.0,53.38,206.75,265.88,283.88,132.25,396.38,384.0,377.12,250.0,48.5,41.12
Concrete_0cm_S6,2026-04-02T20:38:55.144350,26,43,180,249,267,117,376,363,355,244,44,34,64,89,294,381,403,213,564,543,541,365,92,87,21,37,180,231,255,110,351,348,333,218,37,27,12,29,151,195,206,89,283,274,266,169,28,19,18,36,177,210,237,104,328,316,303,199,34,23,17,34,171,210,225,98,319,306,300,190,27,20,29,55,218,280,291,128,410,397,395,250,46,41,76,106,286,371,387,200,540,524,525,366,82,78,32.88,53.62,207.12,265.88,283.88,132.38,396.38,383.88,377.25,250.12,48.75,41.12
Concrete_0cm_S6,2026-04-02T20:38:55.244218,26,43,180,249,267,117,376,363,355,244,44,34,64,88,295,381,403,213,565,543,541,365,92,87,21,37,180,230,255,110,350,347,335,219,37,27,12,29,151,195,206,89,283,274,266,168,27,19,18,36,177,211,237,104,327,316,304,199,34,24,17,34,171,210,225,98,319,306,300,190,27,20,30,54,217,279,291,128,409,398,395,249,46,41,76,106,286,371,387,200,540,524,525,366,82,78,33.0,53.38,207.12,265.75,283.88,132.38,396.12,383.88,377.62,250.0,48.62,41.25
Concrete_0cm_S6,2026-04-02T20:38:55.348683,26,43,180,249,267,117,376,363,354,244,44,34,64,89,294,381,404,213,564,543,541,364,92,86,21,38,180,231,255,110,351,347,335,219,37,27,12,29,151,195,206,89,283,274,266,168,27,19,18,36,177,211,237,104,327,316,304,199,34,24,17,34,171,210,225,98,319,306,300,190,27,20,30,54,217,279,291,128,409,398,395,249,46,41,75,106,285,371,387,200,541,525,525,366,81,78,32.88,53.62,206.88,265.88,284.0,132.38,396.25,384.0,377.5,249.88,48.5,41.12
Concrete_0cm_S6,2026-04-02T20:38:55.446687,26,43,180,249,267,117,376,363,354,244,44,34,64,89,294,381,404,213,564,543,541,364,92,86,21,38,180,231,255,110,351,347,335,219,37,27,12,29,151,196,205,89,284,274,266,169,28,18,18,36,177,211,237,104,327,316,304,199,34,24,17,34,170,210,225,98,319,306,300,190,27,20,29,55,217,280,291,128,410,398,395,249,45,41,76,106,285,371,387,199,540,525,525,366,81,78,32.88,53.75,206.75,266.12,283.88,132.25,396.38,384.0,377.5,250.0,48.5,41.0
Concrete_0cm_S6,2026-04-02T20:38:55.542571,26,43,180,249,267,117,376,363,354,244,44,34,64,89,294,381,404,213,564,543,541,364,92,86,21,38,180,231,255,110,351,347,335,219,37,27,12,29,151,196,205,89,284,274,266,169,28,18,18,36,177,211,237,104,327,316,304,199,34,24,17,34,170,210,225,98,319,306,300,190,27,20,29,55,217,280,291,128,410,398,395,249,45,41,76,106,285,371,387,199,540,525,525,366,81,78,32.88,53.75,206.75,266.12,283.88,132.25,396.38,384.0,377.5,250.0,48.5,41.0
Concrete_0cm_S6,2026-04-02T20:38:55.636264,26,43,180,249,267,117,376,363,354,244,44,34,64,89,294,381,404,213,564,543,541,364,92,86,21,38,180,231,255,110,351,347,335,219,37,27,12,29,151,196,205,89,284,274,266,169,28,18,18,36,177,211,237,104,327,316,304,199,34,24,17,34,170,210,225,98,319,306,300,190,27,20,29,55,217,280,291,128,410,398,395,249,45,41,76,106,285,371,387,199,540,525,525,366,81,78,32.88,53.75,206.75,266.12,283.88,132.25,396.38,384.0,377.5,250.0,48.5,41.0
Concrete_0cm_S6,2026-04-02T20:38:55.724853,26,43,180,249,267,117,376,363,355,244,44,34,64,89,294,381,403,213,564,543,541,364,92,87,21,37,180,231,255,110,351,347,335,219,37,27,12,29,151,196,206,89,283,274,266,169,27,19,18,36,177,210,237,104,328,316,303,199,34,24,17,34,170,209,225,98,319,306,300,191,27,20,29,55,217,280,291,128,410,397,395,249,46,41,76,106,285,371,387,199,540,525,525,366,81,78,32.88,53.62,206.75,265.88,283.88,132.25,396.38,383.88,377.5,250.12,48.5,41.25
Concrete_0cm_S6,2026-04-02T20:38:55.822261,26,43,180,249,267,117,376,363,355,244,44,34,64,89,294,381,403,213,564,543,541,364,92,87,21,37,180,231,255,110,351,347,335,219,37,27,12,29,151,196,206,89,283,274,266,169,27,19,18,36,177,210,237,104,328,316,303,199,34,24,17,34,170,209,225,98,319,306,300,191,27,20,29,55,217,280,291,128,410,397,395,249,46,41,76,106,285,371,387,199,540,525,525,366,81,78,32.88,53.62,206.75,265.88,283.88,132.25,396.38,383.88,377.5,250.12,48.5,41.25
Concrete_0cm_S6,2026-04-02T20:38:55.916931,26,43,180,249,267,117,376,363,355,244,43,34,64,89,294,382,404,213,564,543,541,365,92,87,21,38,180,231,255,110,351,346,335,219,37,27,12,29,151,195,206,89,284,274,266,168,27,18,18,36,177,210,237,104,328,316,303,199,34,24,17,34,170,210,225,98,319,306,300,190,27,20,29,55,217,279,291,128,410,398,395,250,46,41,76,105,285,371,387,199,541,524,525,366,81,78,32.88,53.62,206.75,265.88,284.0,132.25,396.62,383.75,377.5,250.12,48.38,41.12
Concrete_0cm_S6,2026-04-02T20:38:56.022846,26,43,180,249,267,117,376,363,355,244,43,34,64,89,294,382,404,213,564,543,541,365,92,87,21,38,180,231,255,110,351,346,335,219,37,27,12,29,151,195,206,89,284,274,266,168,27,18,18,36,177,210,237,104,328,316,303,199,34,24,17,34,170,210,225,98,319,306,300,190,27,20,29,55,217,279,291,128,410,398,395,250,46,41,76,105,285,371,387,199,541,524,525,366,81,78,32.88,53.62,206.75,265.88,284.0,132.25,396.62,383.75,377.5,250.12,48.38,41.12
Concrete_0cm_S6,2026-04-02T20:38:56.123777,26,43,180,249,267,117,376,363,355,244,44,34,64,88,294,381,403,213,564,543,541,364,92,86,21,38,180,231,255,111,351,347,335,219,37,27,12,29,151,195,206,89,284,274,267,169,28,18,18,36,177,210,237,104,328,316,303,199,34,23,17,34,170,210,225,98,319,306,300,190,27,20,29,55,217,279,291,128,410,398,395,250,45,41,76,105,285,371,387,199,541,524,525,366,81,78,32.88,53.5,206.75,265.75,283.88,132.38,396.62,383.88,377.62,250.12,48.5,40.88
Concrete_0cm_S6,2026-04-02T20:38:56.222049,26,43,180,249,267,117,376,363,355,244,44,34,64,89,295,382,403,214,565,543,541,365,92,87,21,37,180,231,255,110,350,347,335,219,37,27,12,29,151,196,206,89,283,274,266,169,28,19,18,36,177,211,237,104,328,316,303,199,34,24,17,34,170,210,225,98,319,306,300,190,27,20,29,55,217,280,291,128,410,398,395,249,46,41,76,105,286,371,387,200,541,524,525,367,81,77,32.88,53.5,207.0,266.25,283.88,132.5,396.5,383.88,377.5,250.25,48.62,41.12
Concrete_0cm_S6,2026-04-02T20:38:56.314741,26,43,180,249,267,117,376,363,355,244,44,34,64,89,295,382,403,214,565,543,541,365,92,87,21,37,180,231,255,110,350,347,335,219,37,27,12,29,151,196,206,89,283,274,266,169,28,19,18,36,177,211,237,104,328,316,303,199,34,24,17,34,170,210,225,98,319,306,300,190,27,20,29,55,217,280,291,128,410,398,395,249,46,41,76,106,285,371,387,200,541,525,525,366,81,78,32.88,53.62,206.88,266.25,283.88,132.5,396.5,384.0,377.5,250.12,48.62,41.25
Concrete_0cm_S6,2026-04-02T20:38:56.406538,26,43,180,249,267,117,375,363,355,244,44,34,64,89,295,382,403,214,565,543,541,365,92,87,21,37,181,231,255,111,351,346,335,219,37,27,12,29,151,195,206,89,283,274,266,169,27,19,18,36,177,211,237,104,328,316,303,199,34,24,17,34,171,210,225,98,319,306,300,190,27,20,30,55,217,280,291,129,410,398,395,249,46,41,76,106,285,371,387,200,541,525,525,366,81,78,33.0,53.62,207.12,266.12,283.88,132.75,396.5,383.88,377.5,250.12,48.5,41.25
Concrete_0cm_S6,2026-04-02T20:38:56.508043,26,43,180,249,267,117,375,363,355,244,44,34,64,89,295,382,403,214,565,543,541,365,92,87,21,37,181,231,255,111,351,346,335,219,37,27,12,29,151,195,206,89,283,274,266,169,27,19,18,36,177,211,237,104,328,316,303,199,34,24,17,34,171,210,225,98,319,306,300,190,27,20,30,55,217,280,291,129,410,398,395,249,46,41,76,106,285,371,387,200,541,525,525,366,81,78,33.0,53.62,207.12,266.12,283.88,132.75,396.5,383.88,377.5,250.12,48.5,41.25
Concrete_0cm_S6,2026-04-02T20:38:56.615913,26,43,180,249,267,117,375,363,355,244,44,34,64,89,295,382,403,214,565,543,541,365,92,87,21,37,181,231,255,111,351,346,335,219,37,27,12,29,151,195,206,89,283,274,266,169,27,19,18,36,177,211,237,104,328,316,303,199,34,24,17,34,171,210,225,98,319,306,300,190,27,20,30,55,217,280,291,129,410,398,395,249,46,41,76,106,285,371,387,200,541,525,525,366,81,78,33.0,53.62,207.12,266.12,283.88,132.75,396.5,383.88,377.5,250.12,48.5,41.25
Concrete_0cm_S6,2026-04-02T20:38:56.715506,26,43,180,249,267,117,376,363,355,243,44,34,64,89,294,381,404,214,564,543,542,365,92,87,21,38,180,231,255,111,351,347,335,219,37,27,12,29,151,195,206,89,283,274,266,168,28,19,18,36,177,210,237,104,328,316,303,199,34,24,17,34,171,210,225,98,319,306,300,190,27,20,30,55,217,280,291,129,410,398,395,250,46,42,76,105,285,371,387,199,540,524,525,366,81,77,33.0,53.62,206.88,265.88,284.0,132.62,396.38,383.88,377.62,250.0,48.62,41.25
Concrete_0cm_S6,2026-04-02T20:38:56.811753,26,43,180,249,267,117,376,363,355,243,44,34,64,89,294,381,404,214,564,543,542,365,92,87,21,38,180,231,255,111,351,347,335,219,37,27,12,29,151,195,206,89,283,274,266,168,28,19,18,36,177,210,237,104,328,316,303,199,34,24,17,34,171,210,225,98,319,306,300,190,27,20,30,55,217,280,291,129,410,398,395,250,46,42,76,105,285,371,387,199,540,524,525,366,81,77,33.0,53.62,206.88,265.88,284.0,132.62,396.38,383.88,377.62,250.0,48.62,41.25
Concrete_0cm_S6,2026-04-02T20:38:56.906695,26,43,180,249,267,117,376,363,355,244,44,34,64,89,294,381,403,213,564,543,541,365,92,87,21,37,180,231,255,110,351,348,335,219,37,27,12,29,151,195,206,89,283,274,266,169,28,18,18,36,177,211,237,104,328,316,304,199,34,24,17,34,170,210,225,98,319,306,300,191,27,20,30,55,217,280,291,129,410,398,395,250,46,42,76,106,285,371,386,200,541,524,525,366,82,78,33.0,53.62,206.75,266.0,283.75,132.5,396.5,384.0,377.62,250.38,48.75,41.25
Concrete_0cm_S6,2026-04-02T20:38:57.028869,26,43,180,249,267,117,376,363,355,244,44,34,64,89,294,381,403,213,564,543,541,365,92,87,21,37,180,231,255,110,351,348,335,219,37,27,12,29,151,195,206,89,283,274,266,169,28,18,18,36,177,211,237,104,328,316,304,199,34,24,17,34,170,210,225,98,319,306,300,191,27,20,29,55,217,280,291,128,410,398,395,249,45,41,76,106,285,371,387,200,540,523,525,366,81,77,32.88,53.62,206.75,266.0,283.88,132.38,396.38,383.88,377.62,250.25,48.5,41.0
Concrete_0cm_S6,2026-04-02T20:38:57.123577,26,43,180,249,268,118,376,363,355,244,44,34,64,89,294,382,404,213,564,544,542,364,92,87,21,37,180,231,255,110,351,348,335,219,37,27,12,29,151,195,206,88,283,274,267,168,27,19,18,36,177,210,237,104,328,316,303,199,34,24,17,34,170,210,225,98,319,306,300,191,27,20,29,55,217,280,291,128,410,398,395,249,45,41,76,106,285,371,387,200,540,523,525,366,81,77,32.88,53.62,206.75,266.0,284.12,132.38,396.38,384.0,377.75,250.0,48.38,41.12
Concrete_0cm_S6,2026-04-02T20:38:57.218682,26,43,180,249,268,118,376,363,355,244,44,34,64,89,294,382,404,213,564,544,542,364,92,87,21,37,180,231,255,110,351,348,335,219,37,27,12,29,151,195,206,88,283,274,267,168,27,19,18,36,177,210,237,104,328,316,303,199,34,24,17,34,170,210,225,98,319,306,300,191,27,20,29,55,217,280,291,128,410,398,395,249,45,41,76,106,285,371,387,200,540,523,525,366,81,77,32.88,53.62,206.75,266.0,284.12,132.38,396.38,384.0,377.75,250.0,48.38,41.12
Concrete_0cm_S6,2026-04-02T20:38:57.303765,26,43,180,249,267,117,376,363,355,244,44,34,64,89,294,381,403,213,564,543,540,364,92,87,21,37,180,230,255,111,351,347,335,219,37,27,12,29,151,195,206,88,284,275,266,169,27,19,18,36,177,211,237,104,328,316,304,199,34,24,17,34,171,210,225,98,319,306,300,191,27,20,29,55,217,279,291,128,410,397,395,250,46,41,76,105,285,371,387,200,541,525,525,366,81,78,32.88,53.5,206.88,265.75,283.88,132.38,396.62,384.0,377.5,250.25,48.5,41.25
Concrete_0cm_S6,2026-04-02T20:38:57.405373,26,43,180,249,267,117,376,363,355,244,44,34,64,89,294,381,403,213,564,543,540,364,92,87,21,37,180,230,255,111,351,347,335,219,37,27,12,29,151,195,206,88,284,275,266,169,27,19,18,36,177,211,237,104,328,316,304,199,34,24,17,34,171,210,225,98,319,306,300,191,27,20,29,55,217,279,291,128,410,397,395,250,46,41,76,105,285,371,387,200,541,525,525,366,81,78,32.88,53.5,206.88,265.75,283.88,132.38,396.62,384.0,377.5,250.25,48.5,41.25
Concrete_0cm_S6,2026-04-02T20:38:57.526201,26,43,180,249,267,117,376,364,355,244,44,34,64,89,294,381,403,213,564,543,540,364,92,87,21,37,180,230,255,111,351,347,335,219,37,27,12,29,151,195,206,88,284,275,266,169,27,19,18,36,177,211,237,104,328,316,304,199,34,24,17,34,171,210,225,98,319,306,300,191,27,20,29,55,217,279,291,128,410,397,395,250,46,41,76,105,285,371,387,200,541,525,525,366,81,78,32.88,53.5,206.88,265.75,283.88,132.38,396.62,384.12,377.5,250.25,48.5,41.25
Concrete_0cm_S6,2026-04-02T20:38:57.623382,26,43,180,249,267,117,376,364,355,244,44,34,64,89,294,381,403,213,564,543,540,364,92,87,21,37,180,230,255,111,351,347,335,219,37,27,12,29,151,195,206,88,284,275,266,169,27,19,18,36,177,211,237,104,328,316,304,199,34,24,17,34,171,210,225,98,319,306,300,191,27,20,29,55,217,279,291,128,410,397,395,250,46,41,76,105,285,371,387,200,541,525,525,366,81,78,32.88,53.5,206.88,265.75,283.88,132.38,396.62,384.12,377.5,250.25,48.5,41.25
Concrete_0cm_S6,2026-04-02T20:38:57.718340,26,43,180,249,267,117,376,363,355,244,44,34,64,89,294,382,404,213,565,543,542,364,92,87,21,38,180,231,255,111,350,347,336,219,37,27,12,29,151,195,206,89,283,274,266,169,28,18,18,36,177,210,237,104,328,316,303,199,34,23,17,34,171,210,225,98,319,306,300,191,27,20,29,55,217,280,291,128,410,397,395,249,45,41,76,106,286,371,387,200,541,525,526,366,81,78,32.88,53.75,207.0,266.0,284.0,132.5,396.5,383.88,377.88,250.12,48.5,41.0
Concrete_0cm_S6,2026-04-02T20:38:57.828009,26,43,180,249,267,117,376,363,355,244,44,34,64,89,294,382,404,213,565,543,542,364,92,87,21,38,180,231,255,111,350,347,336,219,37,27,12,29,151,195,206,89,283,274,266,169,28,18,18,36,177,210,237,104,328,316,303,199,34,23,17,34,171,210,225,98,319,306,300,191,27,20,29,55,217,280,291,128,410,397,395,249,45,41,76,106,286,371,387,200,541,525,526,366,81,78,32.88,53.75,207.0,266.0,284.0,132.5,396.5,383.88,377.88,250.12,48.5,41.0
Concrete_0cm_S6,2026-04-02T20:38:57.928269,26,43,180,249,267,117,376,363,355,243,44,34,64,89,294,382,404,213,564,544,541,365,92,87,21,38,181,231,255,110,351,348,335,219,37,27,12,29,150,195,206,89,283,274,267,168,27,19,18,36,177,211,237,104,328,316,304,199,34,24,17,34,170,210,225,98,318,306,300,191,27,20,29,55,217,279,291,129,410,398,395,250,46,41,76,106,286,371,387,199,541,524,525,366,81,77,32.88,53.75,206.88,266.0,284.0,132.38,396.38,384.12,377.75,250.12,48.5,41.12
Concrete_0cm_S6,2026-04-02T20:38:58.030398,26,43,180,249,267,117,376,363,355,243,44,34,64,89,294,382,404,213,564,544,541,365,92,87,21,38,181,231,255,110,351,348,335,219,37,27,12,29,150,195,206,89,283,274,267,168,27,19,18,36,177,211,237,104,328,316,304,199,34,24,17,34,170,210,225,98,318,306,300,191,27,20,29,55,217,279,291,129,410,398,395,250,46,41,76,106,286,371,387,199,541,524,525,366,81,77,32.88,53.75,206.88,266.0,284.0,132.38,396.38,384.12,377.75,250.12,48.5,41.12
Concrete_0cm_S6,2026-04-02T20:38:58.127245,26,43,180,249,267,118,376,363,355,244,44,34,64,89,294,381,404,213,564,543,542,365,92,87,21,37,180,231,255,110,351,347,335,219,37,27,12,29,151,195,206,89,283,274,266,169,27,19,18,36,177,211,238,104,328,316,304,199,34,23,17,34,170,210,225,98,319,306,301,190,27,20,30,55,217,279,291,128,410,397,395,250,46,41,76,106,285,371,387,200,541,525,525,366,81,78,33.0,53.62,206.75,265.88,284.12,132.5,396.5,383.88,377.88,250.25,48.5,41.12
Concrete_0cm_S6,2026-04-02T20:38:58.229093,26,43,179,249,267,118,376,363,355,244,44,34,64,89,294,382,404,213,564,543,541,365,92,87,21,37,180,230,255,110,351,347,335,219,37,27,12,29,151,195,206,89,284,275,266,168,28,18,18,36,177,211,237,104,328,316,304,199,34,24,17,34,171,211,225,98,319,306,300,191,27,20,30,55,217,279,291,128,410,397,395,250,46,41,76,106,285,371,387,200,541,525,525,366,81,78,33.0,53.62,206.75,266.0,284.0,132.5,396.62,384.0,377.62,250.25,48.62,41.12
Concrete_0cm_S6,2026-04-02T20:38:58.334227,26,43,180,249,267,117,376,363,355,244,44,34,64,89,294,382,404,214,564,543,541,365,92,87,21,37,181,231,255,111,350,347,335,219,37,27,12,29,151,195,206,89,284,275,266,168,28,18,18,36,177,211,237,104,328,316,304,199,34,24,17,34,171,211,225,98,319,306,300,191,27,20,30,55,217,279,291,128,410,398,395,249,46,41,76,105,285,371,387,199,541,524,525,367,81,78,33.0,53.5,207.0,266.12,284.0,132.5,396.5,384.0,377.62,250.25,48.62,41.12
Concrete_0cm_S6,2026-04-02T20:38:58.429627,26,43,180,249,267,117,376,363,355,244,44,34,64,89,294,382,404,214,564,543,541,365,92,87,21,37,181,231,255,111,350,347,335,219,37,27,12,29,151,195,206,89,284,274,266,169,28,19,18,36,177,210,237,104,328,316,303,199,34,24,17,34,170,210,226,98,319,306,301,191,27,20,30,55,217,280,291,128,410,398,395,249,46,41,76,106,285,371,387,200,541,525,525,367,81,77,33.0,53.62,206.88,266.0,284.12,132.62,396.5,384.0,377.62,250.38,48.62,41.12
Concrete_0cm_S6,2026-04-02T20:38:58.520761,26,43,180,249,267,117,376,363,355,244,44,34,64,89,295,382,403,214,565,544,541,364,92,87,21,37,180,231,255,110,351,347,335,219,37,27,12,29,151,195,206,89,284,274,266,169,28,19,18,36,177,210,237,104,328,316,303,199,34,24,17,34,170,210,226,98,319,306,301,191,27,20,30,55,217,280,291,128,410,398,395,249,46,41,76,106,285,371,387,200,541,525,525,367,81,77,33.0,53.62,206.88,266.0,284.0,132.5,396.75,384.12,377.62,250.25,48.62,41.12
Concrete_0cm_S6,2026-04-02T20:38:58.617414,26,43,180,249,267,117,376,363,355,244,44,34,64,89,295,382,403,214,565,544,541,364,92,87,21,37,180,231,255,110,351,347,335,219,37,27,12,29,151,195,206,89,284,274,266,169,28,19,18,36,177,210,237,104,328,316,303,199,34,24,17,34,170,210,226,98,319,306,301,191,27,20,30,55,217,280,291,128,410,398,395,249,46,41,76,106,285,371,387,200,541,525,525,367,81,77,33.0,53.62,206.88,266.0,284.0,132.5,396.75,384.12,377.62,250.25,48.62,41.12
Concrete_0cm_S6,2026-04-02T20:38:58.710462,26,43,180,249,267,118,376,363,354,244,44,34,64,89,294,382,404,213,565,543,541,365,92,87,21,37,180,231,255,110,351,347,335,219,37,27,12,29,151,195,206,89,284,275,267,169,27,19,18,36,177,210,237,104,328,316,303,199,34,23,17,34,170,211,225,98,319,306,301,191,27,20,29,55,217,280,291,128,410,398,395,250,45,41,76,106,286,371,387,199,541,525,525,367,82,78,32.88,53.62,206.88,266.12,284.0,132.38,396.75,384.12,377.62,250.5,48.5,41.12
Concrete_0cm_S6,2026-04-02T20:38:58.809233,26,43,180,249,267,118,376,363,354,244,44,34,64,89,294,382,404,213,565,543,541,365,92,87,21,37,180,231,255,110,351,347,335,219,37,27,12,29,151,195,206,89,284,275,267,169,27,19,18,36,177,210,237,104,328,316,303,199,34,23,17,34,170,211,225,98,319,306,301,191,27,20,29,55,217,280,291,128,410,398,395,250,45,41,76,106,286,371,387,199,541,525,525,367,82,78,32.88,53.62,206.88,266.12,284.0,132.38,396.75,384.12,377.62,250.5,48.5,41.12
Concrete_0cm_S6,2026-04-02T20:38:58.916781,26,43,180,249,267,118,376,363,355,244,44,34,64,89,294,382,404,213,564,543,542,364,92,86,21,37,180,231,255,111,350,347,335,219,37,27,12,29,151,195,206,89,283,274,267,169,28,18,18,35,177,210,237,104,328,316,304,199,34,24,17,33,171,210,225,98,319,306,300,190,27,20,29,55,217,279,291,129,410,397,395,250,46,41,76,106,285,372,386,200,541,524,525,366,81,78,32.88,53.38,206.88,266.0,283.88,132.75,396.38,383.75,377.88,250.12,48.62,41.0
Concrete_0cm_S6,2026-04-02T20:38:59.038439,26,43,180,249,267,118,376,363,355,244,44,34,64,89,294,382,404,213,564,543,542,364,92,86,21,37,180,231,255,111,350,347,335,219,37,27,12,29,151,195,206,89,283,274,267,169,28,18,18,35,177,210,237,104,328,316,304,199,34,24,17,33,171,210,225,98,319,306,300,190,27,20,29,55,217,279,291,129,410,397,395,250,46,41,76,106,286,371,387,199,541,524,525,366,81,78,32.88,53.38,207.0,265.88,284.0,132.62,396.38,383.75,377.88,250.12,48.62,41.0
Concrete_0cm_S6,2026-04-02T20:38:59.145221,26,43,180,249,267,118,376,363,355,243,44,34,64,89,294,381,404,213,564,543,541,365,92,87,21,37,180,230,255,111,350,347,335,219,37,27,12,29,151,195,206,89,284,274,266,169,28,19,18,36,177,210,237,104,328,316,303,199,34,24,17,33,170,210,225,98,319,306,300,190,27,20,30,55,217,280,291,129,409,398,395,249,46,41,76,106,286,371,387,200,541,524,524,366,81,78,33.0,53.5,206.88,265.75,284.0,132.75,396.38,383.88,377.38,250.0,48.62,41.25
Concrete_0cm_S6,2026-04-02T20:38:59.246944,26,43,180,249,267,118,377,363,355,244,44,34,64,89,294,382,403,214,565,543,541,365,92,87,21,37,180,230,255,110,351,347,335,219,37,27,12,29,151,195,206,89,284,274,267,169,27,19,18,36,177,210,237,104,328,316,303,199,34,24,17,34,170,211,225,98,319,306,301,191,27,20,30,55,217,279,291,128,410,398,395,249,46,41,76,106,286,371,387,200,541,524,524,366,81,78,33.0,53.62,206.88,265.88,283.88,132.62,396.88,383.88,377.62,250.25,48.5,41.25
Concrete_0cm_S6,2026-04-02T20:38:59.353630,26,43,180,249,267,117,376,363,355,244,44,34,64,89,294,382,404,213,564,543,542,365,92,87,21,37,180,231,255,110,351,347,335,219,37,27,12,29,151,195,206,89,284,274,267,169,27,19,18,36,177,210,237,104,328,316,303,199,34,24,17,34,170,211,225,98,319,306,301,191,27,20,30,55,217,279,291,128,410,398,395,249,46,41,76,105,285,371,386,200,541,524,525,366,82,78,33.0,53.5,206.75,266.0,283.88,132.38,396.62,383.88,377.88,250.25,48.62,41.25
Concrete_0cm_S6,2026-04-02T20:38:59.472808,26,43,180,249,267,117,376,363,355,244,44,34,64,89,294,382,404,213,564,543,542,365,92,87,21,37,180,231,255,110,351,347,335,219,37,27,12,29,151,195,206,89,283,274,266,169,28,19,18,36,177,211,237,104,328,316,303,199,34,24,17,34,171,210,225,98,319,306,300,191,27,20,30,55,217,280,291,128,410,398,395,249,46,41,76,106,286,371,387,200,541,525,525,366,82,78,33.0,53.62,207.0,266.12,284.0,132.38,396.5,384.0,377.62,250.25,48.75,41.25
Concrete_0cm_S6,2026-04-02T20:38:59.584833,26,43,180,249,267,117,376,363,355,243,44,34,64,89,294,381,403,213,564,544,541,364,92,87,21,38,180,231,255,111,350,347,335,219,37,27,12,29,151,195,206,89,283,274,266,169,28,19,18,36,177,211,237,104,328,316,303,199,34,24,17,34,171,210,225,98,319,306,300,191,27,20,30,55,217,280,291,128,410,398,395,249,46,41,76,106,286,371,387,200,541,525,525,366,82,78,33.0,53.75,207.0,266.0,283.88,132.5,396.38,384.12,377.5,250.0,48.75,41.25
Concrete_0cm_S6,2026-04-02T20:38:59.683445,26,43,180,249,267,117,376,363,355,243,44,34,64,89,294,381,403,213,564,544,541,364,92,87,21,38,180,231,255,111,350,347,335,219,37,27,12,29,151,195,206,89,283,274,266,169,28,19,18,36,177,211,237,104,328,316,303,199,34,24,17,34,171,210,225,98,319,306,300,191,27,20,30,55,217,280,291,128,410,398,395,249,46,41,76,106,286,371,387,200,541,525,525,366,82,78,33.0,53.75,207.0,266.0,283.88,132.5,396.38,384.12,377.5,250.0,48.75,41.25
Concrete_0cm_S6,2026-04-02T20:38:59.772933,26,43,180,249,267,117,376,363,355,243,44,34,64,89,294,381,403,213,564,544,541,364,92,87,21,38,180,231,255,111,350,347,335,219,37,27,12,29,151,195,206,89,283,274,266,169,28,19,18,36,177,211,237,104,328,316,303,199,34,24,17,34,171,210,225,98,319,306,300,191,27,20,30,55,217,280,291,128,410,398,395,249,46,41,76,106,286,371,387,200,541,525,525,366,82,78,33.0,53.75,207.0,266.0,283.88,132.5,396.38,384.12,377.5,250.0,48.75,41.25
Concrete_0cm_S6,2026-04-02T20:38:59.872587,26,43,180,249,267,117,376,363,355,243,44,34,64,89,294,381,403,213,564,544,541,364,92,87,21,38,180,231,255,111,350,347,335,219,37,27,12,29,151,195,206,89,283,274,266,169,28,19,18,36,177,211,237,104,328,316,303,199,34,24,17,34,171,210,225,98,319,306,300,191,27,20,30,55,217,280,291,128,410,398,395,249,46,41,76,106,286,371,387,200,541,525,525,366,82,78,33.0,53.75,207.0,266.0,283.88,132.5,396.38,384.12,377.5,250.0,48.75,41.25
Concrete_0cm_S6,2026-04-02T20:38:59.965136,26,43,180,249,267,118,376,363,355,244,44,34,64,89,294,382,403,213,564,543,541,365,92,87,21,37,180,230,255,110,350,347,335,219,37,27,12,29,151,195,206,89,283,274,266,169,27,18,18,36,177,210,237,104,328,316,303,199,34,24,17,34,170,210,225,98,319,306,300,190,27,20,30,55,217,279,291,128,410,398,395,250,46,41,76,106,286,371,387,199,540,524,525,366,81,78,33.0,53.62,206.88,265.75,283.88,132.38,396.25,383.88,377.5,250.25,48.5,41.12
Concrete_0cm_S6,2026-04-02T20:39:00.068258,26,43,180,249,267,118,376,363,355,244,44,34,64,89,294,382,403,213,564,543,541,365,92,87,21,37,180,230,255,110,350,347,335,219,37,27,12,29,151,195,206,89,283,274,266,169,27,18,18,36,177,210,237,104,328,316,303,199,34,24,17,34,170,210,225,98,319,306,300,190,27,20,30,55,217,279,291,128,410,398,395,250,46,41,76,106,286,371,387,199,540,524,525,366,81,78,33.0,53.62,206.88,265.75,283.88,132.38,396.25,383.88,377.5,250.25,48.5,41.12
Concrete_0cm_S6,2026-04-02T20:39:00.164623,26,42,180,249,267,117,376,363,355,244,44,34,64,89,294,381,403,213,564,543,541,364,92,87,21,37,180,231,255,110,350,347,335,219,37,27,12,29,151,195,206,89,283,274,266,169,28,19,18,36,177,211,238,104,328,316,303,199,34,24,17,34,170,210,225,98,318,306,300,191,27,20,30,55,217,279,291,128,409,398,395,250,46,41,76,106,286,371,387,199,541,524,526,366,81,78,33.0,53.5,206.88,265.88,284.0,132.25,396.12,383.88,377.62,250.25,48.62,41.25
Concrete_0cm_S6,2026-04-02T20:39:00.270899,26,42,180,249,267,117,376,363,355,244,44,34,64,89,295,382,404,214,564,543,541,365,92,87,21,37,180,231,255,110,351,347,335,219,37,27,12,29,151,195,206,89,283,274,267,169,28,19,18,36,177,211,237,105,328,316,303,199,34,23,17,34,170,210,225,98,319,306,300,190,27,20,30,54,217,279,291,128,410,397,395,250,46,41,76,106,285,371,387,199,540,525,525,366,82,77,33.0,53.38,206.88,266.0,284.0,132.5,396.38,383.88,377.62,250.25,48.75,41.0
Concrete_0cm_S6,2026-04-02T20:39:00.366022,26,43,180,249,267,117,376,363,354,244,44,34,64,89,294,381,404,214,565,543,542,365,92,87,21,37,180,230,255,110,351,347,334,219,37,27,12,29,151,195,205,88,284,274,267,169,27,19,18,36,177,211,237,105,328,316,303,199,34,23,17,34,170,210,225,98,319,306,300,190,27,20,30,54,217,279,291,128,410,397,395,250,46,41,76,106,285,371,387,199,540,525,525,366,82,77,33.0,53.5,206.75,265.75,283.88,132.38,396.62,383.88,377.5,250.25,48.62,41.0
