label,timestamp,S0_405nm,S0_425nm,S0_450nm,S0_475nm,S0_515nm,S0_550nm,S0_555nm,S0_600nm,S0_640nm,S0_690nm,S0_745nm,S0_855nm,S1_405nm,S1_425nm,S1_450nm,S1_475nm,S1_515nm,S1_550nm,S1_555nm,S1_600nm,S1_640nm,S1_690nm,S1_745nm,S1_855nm,S2_405nm,S2_425nm,S2_450nm,S2_475nm,S2_515nm,S2_550nm,S2_555nm,S2_600nm,S2_640nm,S2_690nm,S2_745nm,S2_855nm,S3_405nm,S3_425nm,S3_450nm,S3_475nm,S3_515nm,S3_550nm,S3_555nm,S3_600nm,S3_640nm,S3_690nm,S3_745nm,S3_855nm,S4_405nm,S4_425nm,S4_450nm,S4_475nm,S4_515nm,S4_550nm,S4_555nm,S4_600nm,S4_640nm,S4_690nm,S4_745nm,S4_855nm,S5_405nm,S5_425nm,S5_450nm,S5_475nm,S5_515nm,S5_550nm,S5_555nm,S5_600nm,S5_640nm,S5_690nm,S5_745nm,S5_855nm,S6_405nm,S6_425nm,S6_450nm,S6_475nm,S6_515nm,S6_550nm,S6_555nm,S6_600nm,S6_640nm,S6_690nm,S6_745nm,S6_855nm,S7_405nm,S7_425nm,S7_450nm,S7_475nm,S7_515nm,S7_550nm,S7_555nm,S7_600nm,S7_640nm,S7_690nm,S7_745nm,S7_855nm,AVG_405nm,AVG_425nm,AVG_450nm,AVG_475nm,AVG_515nm,AVG_550nm,AVG_555nm,AVG_600nm,AVG_640nm,AVG_690nm,AVG_745nm,AVG_855nm
Concrete_0cm_S7,2026-04-02T20:39:29.894421,64,93,284,392,409,200,567,541,542,381,87,76,73,102,327,417,453,240,623,594,593,394,105,99,23,41,186,232,250,112,352,346,338,219,38,30,34,66,221,288,304,144,421,423,412,275,63,43,21,41,189,222,246,113,349,340,335,221,40,28,32,48,194,244,262,120,385,371,376,248,42,33,52,86,275,360,369,173,523,510,525,330,73,70,69,96,263,356,368,186,501,494,494,346,74,71,46.0,71.62,242.38,313.88,332.62,161.0,465.12,452.38,451.88,301.75,65.25,56.25
Concrete_0cm_S7,2026-04-02T20:39:30.063817,64,93,284,392,409,200,568,542,543,381,87,76,73,102,326,416,452,239,622,593,592,394,105,99,23,41,186,233,251,112,352,346,339,220,38,30,34,66,221,288,304,144,421,423,412,275,63,43,21,41,189,222,246,113,349,340,335,221,40,28,32,48,194,244,262,120,385,371,376,248,42,33,52,86,275,360,369,173,523,510,525,330,73,70,69,96,263,356,368,186,501,494,494,346,74,71,46.0,71.62,242.25,313.88,332.62,160.88,465.12,452.38,452.0,301.88,65.25,56.25
Concrete_0cm_S7,2026-04-02T20:39:30.209765,64,94,284,393,409,200,568,542,543,381,87,76,73,102,326,416,452,240,622,594,592,394,105,99,23,41,187,232,251,112,352,346,339,219,38,30,34,65,221,288,304,144,421,423,412,275,63,44,21,41,189,221,246,112,350,340,335,221,40,28,32,48,194,243,262,120,385,371,376,248,42,33,52,86,275,360,369,173,523,510,525,330,73,69,69,96,263,356,367,186,501,493,493,346,74,71,46.0,71.62,242.38,313.62,332.5,160.88,465.25,452.38,451.88,301.75,65.25,56.25
Concrete_0cm_S7,2026-04-02T20:39:30.354725,64,94,284,392,409,200,567,541,543,381,87,76,73,102,326,416,452,239,623,594,592,394,105,99,23,41,187,232,251,112,352,346,339,219,38,30,34,65,221,288,304,144,421,423,412,275,63,44,22,41,189,222,246,113,349,340,335,221,40,28,32,48,194,244,262,120,385,372,376,248,42,33,52,86,275,360,369,173,523,510,525,330,73,69,69,96,263,356,367,186,501,493,493,345,74,71,46.12,71.62,242.38,313.75,332.5,160.88,465.12,452.38,451.88,301.62,65.25,56.25
Concrete_0cm_S7,2026-04-02T20:39:30.509259,64,94,284,392,409,200,567,541,543,381,87,76,73,102,326,416,452,239,623,594,592,394,104,99,23,41,186,233,251,112,352,346,339,219,38,30,34,65,221,288,304,144,421,423,412,275,63,44,21,41,189,222,246,113,350,340,335,221,40,28,32,48,194,243,262,120,386,372,376,248,42,33,52,86,274,359,368,173,523,510,525,330,73,69,68,95,263,356,367,186,501,493,493,345,74,71,45.88,71.5,242.12,313.62,332.38,160.88,465.38,452.38,451.88,301.62,65.12,56.25
Concrete_0cm_S7,2026-04-02T20:39:30.664302,64,94,284,392,409,200,567,541,543,381,87,76,73,102,326,416,452,239,623,594,592,394,104,99,23,41,186,233,251,112,352,346,339,219,38,30,34,65,221,288,304,144,421,423,412,275,63,44,21,41,189,222,246,113,350,340,335,221,40,28,32,48,194,243,262,120,386,372,376,248,42,33,52,86,274,359,368,173,523,510,525,330,73,69,68,95,263,356,367,186,501,493,493,345,74,71,45.88,71.5,242.12,313.62,332.38,160.88,465.38,452.38,451.88,301.62,65.12,56.25
Concrete_0cm_S7,2026-04-02T20:39:30.873408,64,93,283,392,409,200,567,541,543,381,86,76,73,102,326,416,453,239,623,594,592,394,105,99,23,41,186,232,251,112,352,346,339,219,38,30,34,65,221,288,304,144,421,423,413,274,63,43,22,41,189,221,246,112,349,340,335,221,40,28,32,47,194,244,263,120,385,372,376,248,42,33,52,86,275,360,369,172,523,510,525,331,73,70,69,96,263,356,367,186,501,493,494,346,74,71,46.12,71.38,242.12,313.62,332.75,160.62,465.12,452.38,452.12,301.75,65.12,56.25
Concrete_0cm_S7,2026-04-02T20:39:31.025567,64,94,283,392,409,200,567,541,542,381,86,76,73,102,326,416,452,239,622,594,592,394,104,99,23,41,186,233,251,112,352,346,339,219,38,30,34,66,221,288,304,144,422,423,412,275,63,43,21,41,189,221,246,113,349,340,335,221,40,28,32,48,194,243,262,120,385,372,376,248,42,33,52,86,275,360,369,172,523,510,525,331,73,70,68,95,263,356,367,186,502,494,493,345,74,71,45.88,71.62,242.12,313.62,332.5,160.75,465.25,452.5,451.75,301.75,65.0,56.25
Concrete_0cm_S7,2026-04-02T20:39:31.175362,64,93,284,392,409,200,567,541,542,381,86,76,73,102,325,416,452,239,622,594,592,394,104,99,23,41,187,233,251,112,352,346,339,219,38,30,34,65,221,288,304,144,421,423,413,275,63,43,21,41,189,222,246,113,349,340,335,221,40,27,32,48,194,244,263,120,386,371,376,248,42,33,52,86,275,360,369,173,522,510,525,330,73,69,68,96,263,355,367,186,502,493,494,346,74,71,45.88,71.5,242.25,313.75,332.62,160.88,465.12,452.25,452.0,301.75,65.0,56.0
Concrete_0cm_S7,2026-04-02T20:39:31.327528,63,93,284,393,409,199,567,541,543,381,87,76,73,102,326,416,452,240,622,593,591,393,105,99,23,41,186,233,251,112,352,346,339,219,38,30,34,65,221,288,304,145,421,423,412,275,64,43,22,41,189,222,246,113,349,340,335,221,40,27,32,48,194,243,262,120,385,371,376,248,42,33,52,85,275,360,369,174,523,510,525,330,73,69,69,96,263,355,367,186,502,494,494,346,74,71,46.0,71.38,242.25,313.75,332.5,161.12,465.12,452.25,451.88,301.62,65.38,56.0
Concrete_0cm_S7,2026-04-02T20:39:31.474745,64,93,283,392,408,200,567,541,543,381,86,76,73,102,326,416,452,239,622,593,591,394,104,99,23,41,187,233,251,112,352,346,339,219,38,30,34,66,221,289,304,145,421,423,413,275,64,44,21,41,189,222,246,112,349,340,335,221,40,27,32,48,194,243,262,120,385,371,376,248,42,33,52,85,275,360,369,174,523,510,525,330,73,69,69,96,263,355,367,186,502,494,494,346,74,71,46.0,71.5,242.25,313.75,332.38,161.0,465.12,452.25,452.0,301.75,65.12,56.12
Concrete_0cm_S7,2026-04-02T20:39:31.625151,64,93,283,392,408,200,567,541,543,381,86,76,73,102,326,416,452,239,622,593,591,394,104,99,23,41,187,233,251,112,352,346,339,219,38,30,34,66,221,289,304,145,421,423,413,275,64,44,21,41,189,222,246,112,349,340,335,221,40,27,32,48,194,243,262,120,385,372,376,248,42,33,52,86,274,359,369,173,522,510,525,330,73,69,69,96,263,356,367,186,502,493,494,346,74,71,46.0,71.62,242.12,313.75,332.38,160.88,465.0,452.25,452.0,301.75,65.12,56.12
Concrete_0cm_S7,2026-04-02T20:39:31.833646,64,93,284,393,409,200,567,542,542,381,87,76,73,102,326,417,452,239,622,594,592,394,105,99,23,41,186,233,251,112,352,346,339,219,38,30,34,66,221,288,304,144,421,423,413,274,64,43,22,41,189,221,246,113,350,340,335,221,40,28,32,48,194,243,262,120,386,372,376,248,42,33,53,85,275,360,368,173,523,510,525,331,73,69,69,96,263,356,367,186,502,493,494,346,74,71,46.25,71.5,242.25,313.88,332.38,160.88,465.38,452.5,452.0,301.75,65.38,56.12
Concrete_0cm_S7,2026-04-02T20:39:31.987914,64,93,284,393,409,199,567,542,542,382,86,76,73,102,326,416,452,239,623,594,592,394,104,99,23,41,186,233,251,112,352,346,339,219,38,30,34,66,221,288,304,144,422,423,413,275,64,44,21,41,189,221,246,112,349,340,335,221,40,27,32,48,194,243,262,120,385,371,376,248,42,33,52,86,274,360,368,173,523,510,525,330,73,69,67,95,263,355,367,186,501,493,493,345,74,71,45.75,71.5,242.12,313.62,332.38,160.62,465.25,452.38,451.88,301.75,65.12,56.12
Concrete_0cm_S7,2026-04-02T20:39:32.126643,64,93,284,393,409,200,568,542,542,381,87,76,73,102,326,416,452,239,623,594,592,394,104,99,23,41,186,232,251,112,352,346,339,219,38,30,34,66,221,289,304,144,421,423,413,275,64,43,22,41,189,222,246,113,349,340,335,221,40,28,32,48,194,243,262,120,385,371,376,248,42,33,52,86,274,360,369,173,522,509,525,330,73,69,69,95,263,355,367,186,501,493,494,346,74,71,46.12,71.5,242.12,313.75,332.5,160.88,465.12,452.25,452.0,301.75,65.25,56.12
Concrete_0cm_S7,2026-04-02T20:39:32.291859,64,94,284,393,409,200,567,542,543,381,87,76,73,102,326,416,452,240,623,594,592,394,105,99,23,41,186,232,251,112,352,346,339,219,38,30,34,66,221,287,304,144,422,423,413,275,63,44,22,41,189,222,246,113,349,340,335,221,40,28,32,48,194,243,262,120,385,372,376,248,42,33,52,85,275,360,369,173,522,510,525,331,73,69,69,96,263,356,367,186,501,494,494,345,74,71,46.12,71.62,242.25,313.62,332.5,161.0,465.12,452.62,452.12,301.75,65.25,56.25
Concrete_0cm_S7,2026-04-02T20:39:32.430489,64,93,284,392,409,200,567,541,543,381,87,76,73,102,326,416,452,239,623,594,592,394,104,99,23,41,186,233,251,112,352,346,339,219,38,30,34,65,221,288,304,144,422,423,413,275,64,43,22,41,189,222,245,113,349,340,335,221,40,28,32,48,194,243,262,120,385,372,376,248,42,33,52,86,275,360,369,173,523,510,525,331,73,70,69,96,263,356,367,186,501,494,493,346,74,71,46.12,71.5,242.25,313.75,332.38,160.88,465.25,452.5,452.0,301.88,65.25,56.25
Concrete_0cm_S7,2026-04-02T20:39:32.583437,64,93,284,392,409,200,567,541,543,381,86,76,73,102,326,416,452,239,623,594,592,394,104,99,23,41,186,233,251,112,352,346,339,219,38,30,34,65,221,288,304,144,422,423,413,275,64,43,22,41,189,222,245,113,349,340,335,221,40,28,32,48,194,244,262,120,386,372,376,248,42,33,52,86,275,360,369,173,523,510,525,330,73,69,69,96,263,356,367,186,501,494,493,346,74,71,46.12,71.5,242.25,313.88,332.38,160.88,465.38,452.5,452.0,301.75,65.12,56.12
Concrete_0cm_S7,2026-04-02T20:39:32.766858,64,93,284,392,409,200,567,541,543,381,86,76,73,102,326,416,452,239,623,594,592,394,104,99,23,41,186,233,251,112,352,346,339,219,38,30,34,65,221,288,304,144,422,423,413,275,64,43,22,41,189,222,245,113,349,340,335,221,40,28,32,48,194,244,262,120,386,372,376,248,42,33,52,86,275,360,369,173,523,510,525,330,73,69,69,96,263,356,367,186,501,494,493,346,74,71,46.12,71.5,242.25,313.88,332.38,160.88,465.38,452.5,452.0,301.75,65.12,56.12
Concrete_0cm_S7,2026-04-02T20:39:32.908607,64,93,283,392,409,200,567,541,542,381,87,76,73,102,326,416,452,239,623,593,592,394,105,99,23,41,186,233,251,112,352,346,339,219,38,30,33,65,221,288,304,144,421,423,413,275,64,43,21,41,189,222,246,112,349,340,335,221,40,28,32,47,194,244,262,120,385,372,375,248,42,33,52,86,274,360,369,173,523,510,525,330,73,70,69,96,263,355,367,186,501,493,493,346,74,71,45.88,71.38,242.0,313.75,332.5,160.75,465.12,452.25,451.75,301.75,65.38,56.25
Concrete_0cm_S7,2026-04-02T20:39:33.066478,64,93,283,392,409,200,567,541,542,381,87,76,73,102,326,416,452,239,623,593,592,394,105,99,23,41,186,233,251,112,352,346,339,219,38,30,34,66,221,288,304,145,422,424,413,275,64,43,22,41,189,222,246,113,349,340,335,221,40,28,32,48,194,244,263,120,386,372,376,248,42,33,52,86,274,360,369,173,522,510,524,330,73,69,69,96,263,355,367,186,501,493,493,346,74,71,46.12,71.62,242.0,313.75,332.62,161.0,465.25,452.38,451.75,301.75,65.38,56.12
Concrete_0cm_S7,2026-04-02T20:39:33.208866,64,93,283,392,409,200,567,541,542,382,87,76,73,102,326,416,452,239,622,594,592,394,104,99,23,41,187,233,251,112,353,346,339,219,38,30,34,66,221,288,304,144,421,423,413,275,64,43,21,41,189,222,246,112,349,340,335,221,40,27,32,48,194,244,262,120,385,372,376,248,42,33,52,86,275,360,368,173,523,510,525,330,73,70,69,96,263,356,367,186,502,494,494,346,74,71,46.0,71.62,242.25,313.88,332.38,160.75,465.25,452.5,452.0,301.88,65.25,56.12
Concrete_0cm_S7,2026-04-02T20:39:33.360050,64,93,284,392,409,199,568,541,543,381,87,76,73,102,326,416,452,240,623,594,592,394,105,99,23,41,186,233,251,112,352,346,339,219,38,30,34,66,221,288,304,144,422,423,413,275,64,43,21,41,189,221,246,113,349,340,335,221,40,28,32,48,194,243,262,120,385,371,376,248,42,33,52,86,275,359,369,173,523,510,525,331,73,69,69,96,263,356,367,186,501,493,494,345,74,71,46.0,71.62,242.25,313.5,332.5,160.88,465.38,452.25,452.12,301.75,65.38,56.12
Concrete_0cm_S7,2026-04-02T20:39:33.545354,64,93,284,392,409,199,568,541,543,381,87,76,73,102,326,416,452,239,623,594,592,394,104,99,23,41,186,233,251,112,352,346,339,219,38,30,34,65,221,288,304,144,422,424,413,275,64,44,22,41,189,222,246,113,349,340,335,221,40,28,32,48,194,243,262,120,385,371,375,248,42,33,52,86,275,359,369,173,523,510,525,331,73,69,69,96,263,356,367,186,501,493,494,345,74,71,46.12,71.5,242.25,313.62,332.5,160.75,465.38,452.38,452.0,301.75,65.25,56.25
Concrete_0cm_S7,2026-04-02T20:39:33.688631,64,93,284,393,409,200,568,542,542,381,87,76,73,102,326,417,452,239,623,594,592,394,104,99,23,41,186,233,251,112,353,346,338,220,38,30,34,66,221,288,304,144,421,424,413,275,64,44,21,41,189,222,246,113,349,340,335,221,40,28,32,48,194,244,262,120,386,372,376,248,42,33,53,86,274,360,369,174,522,509,525,330,73,69,69,96,263,356,367,186,502,494,494,346,74,71,46.12,71.62,242.12,314.12,332.5,161.0,465.5,452.62,451.88,301.88,65.25,56.25
Concrete_0cm_S7,2026-04-02T20:39:33.845438,64,93,284,392,409,200,568,542,542,381,87,76,73,102,326,416,453,239,623,594,592,394,105,99,23,41,186,233,251,112,353,346,338,220,38,30,34,66,221,288,304,144,421,424,413,275,64,44,22,41,189,222,246,112,349,340,335,221,40,27,32,48,194,243,262,120,385,372,376,247,42,33,53,86,275,360,369,173,523,510,525,330,73,69,69,96,263,356,367,186,502,493,494,346,74,71,46.25,71.62,242.25,313.75,332.62,160.75,465.5,452.62,451.88,301.75,65.38,56.12
Concrete_0cm_S7,2026-04-02T20:39:33.987188,64,93,284,392,409,200,568,542,543,381,87,76,73,102,326,417,453,239,622,594,592,394,104,99,23,41,186,233,251,111,352,346,339,219,38,30,34,66,221,289,304,144,422,423,413,275,64,44,22,41,189,222,246,113,349,340,335,221,40,28,32,47,194,243,262,120,386,372,376,248,42,33,52,85,275,360,369,173,523,510,525,330,73,70,69,96,263,356,367,186,501,494,494,345,74,71,46.12,71.38,242.25,314.0,332.62,160.75,465.38,452.62,452.12,301.62,65.25,56.38
Concrete_0cm_S7,2026-04-02T20:39:34.145421,64,93,284,393,409,200,568,542,543,381,87,76,73,102,326,417,453,239,622,594,592,394,105,99,23,41,187,232,250,112,352,346,338,219,38,30,34,66,221,288,304,144,422,423,413,275,64,44,21,41,189,221,246,112,349,340,335,221,40,28,32,48,194,244,262,120,385,371,376,248,42,33,52,86,275,360,369,173,523,509,525,330,73,69,69,96,263,356,368,186,501,493,495,346,74,71,46.0,71.62,242.38,313.88,332.62,160.75,465.25,452.25,452.12,301.75,65.38,56.25
Concrete_0cm_S7,2026-04-02T20:39:34.303774,64,93,283,392,409,200,567,542,542,381,87,76,73,102,326,417,452,239,622,594,592,394,105,99,23,41,186,233,251,112,352,346,339,219,38,30,34,66,221,288,304,144,421,423,412,275,63,43,22,41,189,221,246,112,349,340,335,221,40,28,32,48,194,243,262,120,386,372,376,248,42,33,52,86,274,359,369,173,522,509,525,330,73,69,69,96,263,356,367,186,501,493,494,344,74,71,46.12,71.62,242.0,313.62,332.5,160.75,465.0,452.38,451.88,301.5,65.25,56.12
Concrete_0cm_S7,2026-04-02T20:39:34.478408,64,94,283,392,409,200,567,541,543,380,87,76,73,102,326,416,452,239,622,594,592,394,105,99,23,41,186,233,251,112,352,345,339,219,38,30,34,65,221,288,304,144,421,423,413,274,64,43,22,41,189,222,246,113,350,340,335,221,40,28,32,48,194,244,263,120,386,372,376,248,42,33,52,86,274,359,369,173,522,509,525,330,73,69,69,96,263,356,367,186,501,493,494,344,74,71,46.12,71.62,242.0,313.75,332.62,160.88,465.12,452.12,452.12,301.25,65.38,56.12
Concrete_0cm_S7,2026-04-02T20:39:34.630362,64,94,284,393,408,200,567,542,543,381,87,76,73,102,326,417,452,239,623,593,591,394,105,99,23,41,186,233,251,112,352,346,339,219,38,30,34,66,221,288,304,144,422,423,413,275,64,44,21,41,189,222,245,113,349,340,335,221,40,28,32,48,194,244,263,120,386,372,376,248,42,33,52,86,275,360,369,173,523,510,525,330,73,69,69,95,263,356,367,186,501,494,494,346,74,71,46.0,71.62,242.25,314.12,332.38,160.88,465.38,452.5,452.0,301.75,65.38,56.25
Concrete_0cm_S7,2026-04-02T20:39:34.789250,64,93,284,392,409,200,567,541,542,381,87,76,73,102,326,416,452,239,622,594,592,394,104,99,23,41,186,233,251,112,352,346,339,219,38,30,34,66,221,288,304,144,422,423,413,275,64,44,21,41,189,222,246,113,349,340,335,221,40,28,32,48,194,244,262,120,386,372,376,248,42,33,52,86,275,360,369,173,523,510,525,330,73,69,69,96,263,356,367,186,501,494,494,346,74,71,46.0,71.62,242.25,313.88,332.5,160.88,465.25,452.5,452.0,301.75,65.25,56.25
Concrete_0cm_S7,2026-04-02T20:39:34.930493,64,93,284,392,409,200,567,541,542,381,87,76,73,102,326,416,452,239,622,594,592,394,104,99,23,41,186,233,251,112,352,346,339,219,38,30,34,66,221,288,304,144,422,423,413,275,64,44,21,41,189,222,246,113,349,340,335,221,40,28,32,48,194,244,262,120,386,372,376,248,42,33,52,86,275,360,369,173,522,509,525,331,73,69,69,96,263,356,367,186,501,493,494,345,74,71,46.0,71.62,242.25,313.88,332.5,160.88,465.12,452.25,452.0,301.75,65.25,56.25
Concrete_0cm_S7,2026-04-02T20:39:35.082332,64,93,284,392,409,200,567,541,542,381,87,76,73,102,326,417,452,239,621,594,592,394,104,99,23,41,186,233,250,112,351,346,339,219,38,30,34,65,221,289,304,145,421,423,413,275,64,44,21,41,189,222,246,113,349,340,335,221,40,28,32,48,194,244,262,120,385,372,376,248,42,33,52,86,275,360,369,173,523,510,525,331,73,69,69,96,263,356,367,186,502,494,494,346,74,71,46.0,71.5,242.25,314.12,332.38,161.0,464.88,452.5,452.0,301.88,65.25,56.25
Concrete_0cm_S7,2026-04-02T20:39:35.235892,64,93,284,393,409,200,567,541,543,381,87,76,73,102,326,416,453,239,622,594,591,394,105,99,23,41,186,233,250,112,351,346,339,219,38,30,34,65,221,288,304,145,422,423,413,275,64,43,22,41,189,222,246,112,350,340,335,221,40,28,32,48,194,243,262,120,385,372,376,248,42,33,52,85,275,360,368,173,523,510,525,331,73,69,69,96,263,356,367,186,502,494,494,346,74,71,46.12,71.38,242.25,313.88,332.38,160.88,465.25,452.5,452.0,301.88,65.38,56.12
Concrete_0cm_S7,2026-04-02T20:39:35.375704,64,94,284,392,409,200,567,542,542,381,87,76,73,102,326,416,453,239,622,594,591,394,105,99,23,41,186,233,251,112,352,346,339,219,38,30,34,65,221,288,304,145,422,423,413,275,64,43,22,41,189,222,246,112,349,340,335,221,40,28,32,48,194,244,263,120,385,372,376,248,42,33,52,85,275,360,368,173,522,510,525,330,73,69,68,96,263,356,367,186,501,493,494,345,74,71,46.0,71.5,242.25,313.88,332.62,160.88,465.0,452.5,451.88,301.62,65.38,56.12
Concrete_0cm_S7,2026-04-02T20:39:35.534367,64,94,284,392,409,200,567,542,542,381,87,76,73,102,326,417,453,240,623,595,592,394,104,99,23,41,186,233,250,112,352,345,339,219,38,30,34,66,221,287,304,144,422,423,413,275,64,44,22,41,189,222,246,112,349,340,335,221,40,28,32,48,194,244,263,120,385,372,376,248,42,33,52,85,275,360,368,173,522,510,525,330,73,69,68,96,263,356,367,186,501,493,494,345,74,71,46.0,71.62,242.25,313.88,332.5,160.88,465.12,452.5,452.0,301.62,65.25,56.25
Concrete_0cm_S7,2026-04-02T20:39:35.687612,64,93,284,393,409,199,568,542,543,381,87,76,73,102,326,416,452,239,622,594,592,394,105,99,23,41,186,233,251,112,352,345,339,219,38,30,34,66,221,289,304,145,421,423,413,275,64,44,21,41,189,222,246,112,349,340,335,221,40,28,32,48,194,243,262,120,385,372,376,248,42,33,52,86,275,359,369,173,523,510,525,331,73,70,68,96,263,356,367,186,501,494,494,346,74,71,45.88,71.62,242.25,313.88,332.5,160.75,465.12,452.5,452.12,301.88,65.38,56.38
Concrete_0cm_S7,2026-04-02T20:39:35.829321,64,94,283,392,408,200,568,541,543,381,86,76,73,102,326,417,452,239,622,594,592,394,105,99,23,41,187,233,251,112,352,346,339,219,38,30,34,65,221,288,304,144,422,423,413,275,64,44,21,41,189,222,246,112,349,339,335,221,40,28,32,47,194,243,262,120,385,372,376,248,42,33,52,86,275,360,369,173,522,510,525,331,73,69,68,96,263,356,367,186,502,494,494,346,74,71,45.88,71.5,242.25,313.88,332.38,160.75,465.25,452.38,452.12,301.88,65.25,56.25
Concrete_0cm_S7,2026-04-02T20:39:35.996830,63,93,283,392,409,200,567,541,543,381,87,76,73,102,326,417,452,239,622,594,592,394,105,99,23,41,187,233,251,112,352,346,339,219,38,30,34,65,221,288,304,144,422,423,413,275,64,44,21,41,189,222,246,112,349,339,335,221,40,28,32,47,194,243,262,120,385,372,376,248,42,33,52,86,275,360,369,173,522,510,525,331,73,69,68,96,263,356,367,186,502,494,494,346,74,71,45.75,71.38,242.25,313.88,332.5,160.75,465.12,452.38,452.12,301.88,65.38,56.25
Concrete_0cm_S7,2026-04-02T20:39:36.140316,64,93,284,393,409,200,567,542,543,381,87,76,73,102,326,416,452,239,622,594,592,394,104,99,23,41,186,233,251,112,352,346,339,219,38,30,34,65,221,288,304,144,422,423,413,275,63,43,21,41,189,222,245,112,349,340,335,221,40,28,32,48,194,243,262,120,385,371,376,248,42,33,53,85,275,359,369,173,523,510,525,331,73,70,68,96,263,356,367,186,502,494,494,346,74,71,46.0,71.38,242.25,313.75,332.38,160.75,465.25,452.5,452.12,301.88,65.12,56.25
Concrete_0cm_S7,2026-04-02T20:39:36.314968,64,93,284,393,409,200,568,542,543,381,87,76,72,102,326,416,453,239,622,594,592,394,104,99,23,41,186,232,251,112,352,346,339,219,38,30,34,66,221,288,304,144,421,423,413,275,64,43,22,41,189,222,246,113,349,341,335,221,40,28,32,48,194,243,262,120,386,372,376,248,43,33,53,85,275,359,369,173,523,510,525,331,73,70,69,96,263,355,367,186,501,493,494,346,74,71,46.12,71.5,242.25,313.5,332.62,160.88,465.25,452.62,452.12,301.88,65.38,56.25
Concrete_0cm_S7,2026-04-02T20:39:36.519466,64,93,284,393,409,200,567,542,543,381,86,76,72,102,326,416,453,239,622,594,593,394,105,99,23,41,186,233,251,112,352,346,339,219,38,30,34,66,221,288,304,144,421,423,413,275,64,44,22,41,189,222,246,113,349,341,335,221,40,28,32,48,194,243,262,120,386,372,376,248,43,33,53,85,275,359,369,173,523,510,525,331,73,70,69,96,263,356,367,186,501,493,494,346,74,71,46.12,71.5,242.25,313.75,332.62,160.88,465.12,452.62,452.25,301.88,65.38,56.38
Concrete_0cm_S7,2026-04-02T20:39:36.727645,64,93,284,393,409,200,568,542,542,381,87,76,73,102,326,417,453,240,623,593,593,394,105,99,23,41,186,233,251,112,352,346,339,220,38,30,34,66,221,288,304,144,421,423,413,275,63,44,21,41,189,222,246,113,349,340,335,221,40,28,32,48,194,243,262,120,385,372,376,248,42,33,53,86,275,360,369,173,523,511,525,331,73,70,69,96,263,356,367,186,501,493,494,346,74,71,46.12,71.62,242.25,314.0,332.62,161.0,465.25,452.5,452.12,302.0,65.25,56.38
Concrete_0cm_S7,2026-04-02T20:39:36.886473,64,94,284,392,408,200,568,542,543,381,87,76,73,102,326,417,452,239,623,594,593,394,105,99,23,41,186,232,251,112,352,346,339,219,38,30,34,66,221,288,304,144,421,423,413,275,64,43,22,41,189,221,246,113,350,340,335,221,40,28,32,48,194,243,262,120,385,372,376,248,42,33,52,86,275,360,369,174,523,510,525,331,73,70,68,96,263,356,367,186,501,493,494,346,74,71,46.0,71.75,242.25,313.62,332.38,161.0,465.38,452.5,452.25,301.88,65.38,56.25
Concrete_0cm_S7,2026-04-02T20:39:37.028816,64,94,284,392,408,200,568,542,543,381,87,76,73,102,326,416,452,239,622,594,592,394,105,99,23,41,186,232,251,112,352,346,339,219,38,30,34,66,221,288,304,144,421,423,413,275,64,43,22,41,189,221,246,113,350,340,335,221,40,28,32,48,194,243,262,120,385,372,376,248,42,33,52,86,275,360,369,174,523,510,525,331,73,70,68,96,263,356,367,186,501,493,494,346,74,71,46.0,71.75,242.25,313.5,332.38,161.0,465.25,452.5,452.12,301.88,65.38,56.25
Concrete_0cm_S7,2026-04-02T20:39:37.167827,64,93,284,393,409,200,568,542,542,381,87,76,73,102,326,415,452,240,623,595,593,394,105,99,23,41,186,233,251,112,352,346,339,219,38,30,34,66,221,288,304,144,422,423,413,275,64,43,21,41,189,221,246,112,349,339,335,221,40,28,32,48,194,244,262,120,385,372,376,248,42,33,52,86,275,359,369,173,523,510,525,330,73,70,69,96,263,356,367,186,501,494,494,346,74,71,46.0,71.62,242.25,313.62,332.5,160.88,465.38,452.62,452.12,301.75,65.38,56.25
Concrete_0cm_S7,2026-04-02T20:39:37.322009,64,93,283,393,409,200,567,542,543,381,86,76,73,102,326,416,452,240,622,594,592,395,105,99,23,41,187,232,251,112,352,346,339,219,38,30,34,66,221,288,304,145,422,423,413,275,64,44,21,41,189,222,245,113,349,340,335,221,40,28,32,48,194,243,262,120,385,372,376,248,42,33,52,86,275,359,369,173,523,510,525,330,73,70,69,96,263,356,367,186,501,494,494,346,74,71,46.0,71.62,242.25,313.62,332.38,161.12,465.12,452.62,452.12,301.88,65.25,56.38
Concrete_0cm_S7,2026-04-02T20:39:37.498941,64,93,284,392,410,200,568,541,543,381,87,76,73,102,326,417,453,240,623,595,592,395,105,99,23,41,186,233,251,112,352,346,339,219,38,30,34,66,221,288,304,144,422,423,413,275,63,44,21,41,189,222,245,113,349,340,335,221,40,28,32,48,194,243,262,120,385,372,376,248,42,33,52,86,275,360,369,173,523,510,525,330,73,69,69,96,263,356,368,186,501,494,494,346,74,71,46.0,71.62,242.25,313.88,332.75,161.0,465.38,452.62,452.12,301.88,65.25,56.25
Concrete_0cm_S7,2026-04-02T20:39:37.657294,64,93,284,392,410,200,568,541,543,381,87,76,73,102,326,417,453,240,623,595,592,395,105,99,23,41,186,233,251,112,352,346,339,219,38,30,34,66,221,288,304,144,422,423,413,275,63,44,21,41,189,222,245,113,349,340,335,221,40,28,32,48,194,243,262,120,385,372,376,248,42,33,52,86,275,360,369,173,523,510,525,330,73,69,69,96,263,356,368,186,501,494,494,346,74,71,46.0,71.62,242.25,313.88,332.75,161.0,465.38,452.62,452.12,301.88,65.25,56.25
Concrete_0cm_S7,2026-04-02T20:39:37.809267,64,94,283,392,409,200,568,541,543,381,87,76,73,102,326,416,452,239,622,594,592,394,105,99,23,41,187,232,251,112,353,346,339,219,38,30,34,66,221,288,304,144,422,424,413,275,64,43,21,41,189,222,246,113,349,340,335,221,40,28,32,48,194,244,262,120,385,372,376,248,42,33,52,86,275,360,369,173,522,510,525,331,73,69,69,96,262,355,367,186,501,493,493,346,74,71,46.0,71.75,242.12,313.62,332.5,160.88,465.25,452.5,452.0,301.88,65.38,56.12
Concrete_0cm_S7,2026-04-02T20:39:37.962294,64,94,284,393,409,200,567,541,543,381,87,76,73,102,326,416,452,239,622,594,592,394,105,99,23,41,186,232,250,112,352,346,339,219,38,30,34,66,221,288,304,144,422,424,413,275,64,43,21,41,189,222,246,113,349,340,335,221,40,28,32,48,194,244,262,120,385,372,376,248,42,33,52,86,275,360,369,173,523,510,525,331,73,69,69,96,263,356,368,186,501,492,494,346,74,71,46.0,71.75,242.25,313.88,332.5,160.88,465.12,452.38,452.12,301.88,65.38,56.12
Concrete_0cm_S7,2026-04-02T20:39:38.117728,64,93,284,392,409,200,567,541,543,381,86,76,73,102,326,416,452,239,622,594,592,394,105,99,23,41,186,232,250,112,352,346,339,219,38,30,34,66,221,288,304,145,421,423,413,275,64,44,22,41,189,222,246,113,349,340,335,221,40,28,32,48,194,244,262,120,386,372,376,248,42,33,53,86,274,360,369,173,522,510,525,331,73,70,69,96,263,355,367,186,501,493,494,346,74,71,46.25,71.62,242.12,313.62,332.38,161.0,465.0,452.38,452.12,301.88,65.25,56.38
Concrete_0cm_S7,2026-04-02T20:39:38.274353,64,94,284,393,409,200,568,542,543,381,87,76,73,102,326,417,453,240,623,593,592,395,105,99,23,41,187,233,251,112,352,346,339,219,38,30,34,66,221,288,304,144,421,423,413,275,64,44,22,41,189,222,246,112,349,340,335,221,40,28,32,48,194,244,263,120,386,372,376,248,42,33,52,86,274,360,369,173,523,510,525,331,73,69,69,96,263,356,367,186,501,493,494,346,74,71,46.12,71.75,242.25,314.12,332.75,160.88,465.38,452.38,452.12,302.0,65.38,56.25
Concrete_0cm_S7,2026-04-02T20:39:38.487559,64,94,284,393,409,200,568,542,543,381,87,76,73,102,326,417,453,240,623,593,592,395,105,99,23,41,187,233,251,112,352,346,339,219,38,30,34,66,221,288,304,144,421,422,413,275,63,43,22,41,189,222,246,112,349,340,335,221,40,28,32,48,194,243,262,120,386,372,376,248,42,33,52,86,275,360,369,173,523,510,525,330,73,70,69,96,263,356,367,186,501,493,494,346,74,71,46.12,71.75,242.38,314.0,332.62,160.88,465.38,452.25,452.12,301.88,65.25,56.25
Concrete_0cm_S7,2026-04-02T20:39:38.645621,64,93,284,392,409,200,567,542,543,381,87,76,73,102,326,416,452,239,622,594,593,394,105,99,23,40,186,233,251,112,352,346,339,219,38,30,34,66,221,288,304,144,421,423,413,275,63,44,21,41,189,222,246,113,349,340,335,221,40,28,32,48,194,244,263,120,386,372,376,248,43,33,52,86,275,360,369,173,523,510,525,330,73,70,69,95,263,355,367,186,502,493,494,346,74,71,46.0,71.38,242.25,313.75,332.62,160.88,465.25,452.5,452.25,301.75,65.38,56.38
Concrete_0cm_S7,2026-04-02T20:39:38.807450,64,94,284,393,409,200,568,542,543,382,87,76,73,102,326,416,452,239,623,594,592,394,104,99,23,41,187,233,251,112,352,346,339,219,38,30,34,65,221,288,304,144,421,423,413,275,63,44,22,41,189,222,246,112,350,340,335,221,40,28,32,48,194,244,263,120,386,372,376,248,43,33,52,86,275,360,369,173,523,509,525,331,73,69,69,95,263,356,367,186,501,493,494,346,74,71,46.12,71.5,242.38,314.0,332.62,160.75,465.5,452.38,452.12,302.0,65.25,56.25
Concrete_0cm_S7,2026-04-02T20:39:38.950511,64,94,284,392,409,200,568,542,543,381,87,76,73,102,326,416,452,239,622,593,593,395,104,99,23,41,186,233,250,112,353,346,339,219,38,30,34,66,221,288,304,145,421,424,413,275,64,43,22,41,189,222,246,112,350,340,335,221,40,27,32,48,194,244,262,120,386,372,376,248,42,33,53,86,274,360,369,173,523,510,525,331,73,70,69,96,262,355,367,186,501,493,494,346,74,71,46.25,71.75,242.0,313.75,332.38,160.88,465.5,452.5,452.25,302.0,65.25,56.12
Concrete_0cm_S7,2026-04-02T20:39:39.102162,64,93,284,392,409,200,567,541,542,381,86,76,73,102,326,416,453,240,622,594,592,394,105,99,23,41,187,233,251,112,352,346,339,219,38,30,34,66,221,288,304,145,421,424,413,275,64,43,22,41,189,222,246,112,350,340,335,221,40,27,32,48,194,244,262,120,386,372,376,248,42,33,53,86,274,360,369,173,523,510,525,331,73,70,69,96,263,356,367,186,502,494,495,346,74,71,46.25,71.62,242.25,313.88,332.62,161.0,465.38,452.62,452.12,301.88,65.25,56.12
Concrete_0cm_S7,2026-04-02T20:39:39.254119,64,94,284,392,409,200,568,542,543,381,87,76,73,102,326,416,453,240,622,594,592,394,105,99,23,41,187,233,251,112,352,346,339,219,38,30,34,66,221,288,304,144,421,423,413,275,64,44,21,41,189,222,246,113,349,340,335,221,40,28,32,48,194,243,263,120,386,372,376,248,42,33,53,86,274,359,369,173,523,510,525,331,73,69,69,96,263,356,367,186,501,494,494,345,74,71,46.12,71.75,242.25,313.62,332.75,161.0,465.25,452.62,452.12,301.75,65.38,56.25
Concrete_0cm_S7,2026-04-02T20:39:39.456367,64,94,284,392,409,200,568,542,543,381,87,76,73,102,325,416,452,239,622,594,592,394,105,99,23,41,187,233,251,112,353,346,339,219,38,30,34,65,221,288,304,144,421,423,413,275,64,43,21,41,189,222,246,113,349,340,335,221,40,28,32,48,194,243,263,120,386,372,376,248,42,33,53,86,274,359,369,173,523,510,525,331,73,69,69,96,263,356,367,186,501,494,494,345,74,71,46.12,71.62,242.12,313.62,332.62,160.88,465.38,452.62,452.12,301.75,65.38,56.12
Concrete_0cm_S7,2026-04-02T20:39:39.627710,64,93,283,393,409,200,567,542,543,381,87,76,73,102,326,417,453,239,623,594,592,394,105,99,23,41,186,233,250,112,353,346,339,220,38,30,34,66,221,288,304,145,422,423,413,275,64,44,22,41,189,222,246,113,349,340,335,221,40,28,32,48,194,244,262,120,386,372,376,248,42,33,53,86,275,360,369,173,523,510,525,331,73,69,69,96,263,356,368,186,502,494,495,346,74,71,46.25,71.62,242.12,314.12,332.62,161.0,465.62,452.62,452.25,302.0,65.38,56.25
Concrete_0cm_S7,2026-04-02T20:39:39.782627,64,93,283,393,409,200,567,542,543,381,87,76,73,102,326,417,453,239,623,594,592,394,105,99,23,41,186,233,250,112,353,346,339,220,38,30,34,66,221,288,304,145,422,423,413,275,64,44,21,41,189,222,246,112,349,340,335,221,40,28,32,48,194,243,262,120,385,371,376,248,42,33,52,86,275,359,369,173,523,510,525,331,73,70,69,96,263,356,367,186,502,494,494,346,74,71,46.0,71.62,242.12,313.88,332.5,160.88,465.5,452.5,452.12,302.0,65.38,56.38
Concrete_0cm_S7,2026-04-02T20:39:39.928992,64,93,284,392,409,200,567,541,542,381,87,76,73,102,325,416,452,239,622,594,592,394,105,99,23,41,186,233,251,112,352,346,339,220,38,30,34,66,221,288,304,144,421,423,413,275,63,43,22,41,189,222,245,113,350,340,335,221,40,28,32,48,193,243,262,120,385,372,376,248,42,33,52,86,275,360,369,174,523,510,525,330,73,69,69,96,263,356,367,186,502,494,494,346,74,71,46.12,71.62,242.0,313.75,332.38,161.0,465.25,452.5,452.0,301.88,65.25,56.12
Concrete_0cm_S7,2026-04-02T20:39:40.085825,64,93,284,392,409,200,567,541,542,381,87,76,73,102,325,416,452,239,622,594,592,394,105,99,23,41,186,233,251,112,352,346,339,220,38,30,34,66,221,288,304,144,421,423,413,275,63,43,21,41,189,222,246,112,349,340,334,221,40,28,32,48,194,244,263,120,386,371,376,248,42,33,52,86,275,360,369,173,523,510,525,331,73,70,69,96,263,356,367,186,502,494,494,346,74,71,46.0,71.62,242.12,313.88,332.62,160.75,465.25,452.38,451.88,302.0,65.25,56.25
Concrete_0cm_S7,2026-04-02T20:39:40.235826,64,93,284,392,408,200,567,541,543,381,87,76,73,101,325,416,452,239,621,593,591,394,104,98,23,41,186,233,251,112,352,346,339,220,38,30,34,66,221,288,304,144,421,423,413,275,63,43,21,41,189,222,246,112,349,340,334,221,40,28,32,48,194,244,263,120,386,371,376,248,42,33,52,86,275,360,369,173,523,510,525,330,73,69,69,96,263,356,367,186,502,493,494,346,74,71,46.0,71.5,242.12,313.88,332.5,160.75,465.12,452.12,451.88,301.88,65.12,56.0
Concrete_0cm_S7,2026-04-02T20:39:40.423958,64,93,284,392,408,200,567,541,543,381,87,76,73,101,325,416,452,239,621,593,591,394,104,98,23,41,186,233,251,112,352,346,339,219,38,30,34,65,221,288,304,144,422,423,413,275,63,44,21,41,189,222,246,112,349,340,334,221,40,28,32,48,194,244,263,120,386,372,376,248,42,33,52,86,274,360,369,173,523,510,525,331,73,70,69,96,263,356,367,186,502,493,494,346,74,71,46.0,71.38,242.0,313.88,332.5,160.75,465.25,452.25,451.88,301.88,65.12,56.25
Concrete_0cm_S7,2026-04-02T20:39:40.570095,64,93,284,392,409,200,567,541,542,381,86,76,73,101,325,416,452,239,621,593,591,394,104,98,23,41,186,233,251,112,352,346,339,220,38,30,34,66,221,288,304,144,421,423,413,275,63,43,22,41,189,222,246,112,349,340,335,221,40,28,32,48,194,244,263,120,386,372,376,248,42,33,52,86,274,360,369,173,523,510,525,330,73,70,68,96,263,356,367,186,501,493,494,346,74,71,46.0,71.5,242.0,313.88,332.62,160.75,465.0,452.25,451.88,301.88,65.0,56.12
Concrete_0cm_S7,2026-04-02T20:39:40.721234,64,94,284,392,409,200,567,542,543,381,87,76,73,101,325,416,452,239,621,593,591,394,104,98,23,41,187,233,251,112,352,346,339,219,38,30,34,66,220,288,304,144,421,423,413,275,64,44,22,41,189,222,246,113,349,340,335,221,40,28,32,48,194,244,263,120,385,372,376,248,42,33,53,86,274,360,369,173,522,510,525,331,73,69,69,96,263,356,367,186,501,494,494,346,74,71,46.25,71.62,242.0,313.88,332.62,160.88,464.75,452.5,452.0,301.88,65.25,56.12
Concrete_0cm_S7,2026-04-02T20:39:40.877283,64,94,284,393,409,200,567,542,543,381,87,76,73,101,325,416,452,239,621,593,591,394,104,98,23,41,187,233,251,112,352,346,339,219,38,30,34,66,220,288,304,144,421,423,413,275,64,44,22,41,189,222,246,113,349,340,335,221,40,28,32,48,194,244,263,120,385,372,376,248,42,33,53,86,274,360,369,173,522,510,525,331,73,69,69,96,263,356,367,186,501,494,494,346,74,71,46.25,71.62,242.0,314.0,332.62,160.88,464.75,452.5,452.0,301.88,65.25,56.12
Concrete_0cm_S7,2026-04-02T20:39:41.035875,63,93,283,393,409,200,567,542,543,381,87,76,73,102,325,416,452,239,623,594,593,394,105,99,23,41,186,233,251,112,352,346,339,219,38,30,34,65,221,288,304,144,421,423,413,275,63,43,22,41,189,222,246,113,350,340,335,221,40,28,32,48,194,244,263,120,386,372,376,248,42,33,52,86,275,360,369,173,523,510,526,330,73,70,69,96,263,355,367,186,501,493,494,346,74,71,46.0,71.5,242.0,313.88,332.62,160.88,465.38,452.5,452.38,301.75,65.25,56.25
Concrete_0cm_S7,2026-04-02T20:39:41.195830,64,93,284,392,409,200,567,541,543,381,86,76,73,102,326,417,452,240,623,595,593,395,105,99,23,41,186,233,251,112,352,346,339,219,38,30,34,66,221,287,304,144,421,422,413,275,64,43,21,41,189,222,246,113,350,340,335,221,40,28,32,48,194,243,263,120,385,372,376,248,42,33,52,86,275,360,369,173,523,510,526,330,73,70,69,96,263,355,367,186,501,493,494,346,74,71,46.0,71.62,242.25,313.62,332.62,161.0,465.25,452.38,452.38,301.88,65.25,56.25
Concrete_0cm_S7,2026-04-02T20:39:41.398043,64,94,283,393,409,200,567,542,542,381,87,76,73,102,326,416,452,240,623,594,592,394,104,99,23,41,187,233,251,112,353,346,339,220,38,30,34,66,221,288,304,144,421,423,412,275,64,43,22,41,190,222,246,113,350,340,336,221,40,28,32,47,194,244,262,120,386,372,376,248,42,33,52,86,275,360,369,173,523,510,526,330,73,70,69,96,263,355,368,186,501,494,494,345,74,71,46.12,71.62,242.38,313.88,332.62,161.0,465.5,452.62,452.12,301.75,65.25,56.25
Concrete_0cm_S7,2026-04-02T20:39:41.589735,64,93,283,392,409,200,568,542,543,381,86,75,73,102,326,416,452,239,622,594,592,394,105,99,23,41,187,233,251,112,352,346,339,219,38,30,34,65,221,288,304,144,421,423,413,275,63,43,22,41,189,222,246,112,349,340,335,221,40,28,32,48,194,243,263,120,385,372,376,248,42,33,52,86,274,360,369,173,522,510,525,330,73,69,69,96,263,355,367,186,501,493,494,346,74,71,46.12,71.5,242.12,313.62,332.62,160.75,465.0,452.5,452.12,301.75,65.12,56.0
Concrete_0cm_S7,2026-04-02T20:39:41.764655,64,93,283,392,409,200,568,542,543,381,86,75,73,102,326,416,452,239,622,594,592,394,105,99,23,41,187,233,251,112,352,346,339,219,38,30,34,65,221,288,304,144,421,423,413,275,63,43,22,41,189,222,246,112,349,340,335,221,40,28,32,48,194,243,263,120,385,372,376,248,42,33,52,86,274,360,369,173,522,510,525,330,73,69,69,96,263,355,367,186,501,493,494,346,74,71,46.12,71.5,242.12,313.62,332.62,160.75,465.0,452.5,452.12,301.75,65.12,56.0
Concrete_0cm_S7,2026-04-02T20:39:41.918131,64,94,284,393,410,200,568,542,543,382,87,76,73,102,325,416,452,239,622,593,592,394,104,99,23,41,187,233,251,112,353,346,339,219,38,30,34,65,220,288,304,144,422,423,413,275,64,43,22,41,189,222,246,113,350,340,335,221,40,28,32,48,194,243,262,120,386,372,376,248,42,33,52,86,275,360,369,173,523,510,525,330,73,69,69,96,263,356,367,186,501,493,494,346,74,71,46.12,71.62,242.12,313.88,332.62,160.88,465.62,452.38,452.12,301.88,65.25,56.12
Concrete_0cm_S7,2026-04-02T20:39:42.068116,64,94,284,393,410,200,568,542,543,382,87,76,73,102,325,416,452,239,622,593,592,394,104,99,23,41,187,233,251,112,352,346,339,219,38,30,34,66,221,288,304,144,422,423,413,275,64,43,21,41,189,221,246,112,350,340,336,221,40,28,32,48,194,244,262,120,386,372,376,248,42,33,53,86,275,360,369,173,523,510,525,331,73,70,69,96,263,356,367,186,502,494,494,346,74,71,46.12,71.75,242.25,313.88,332.62,160.75,465.62,452.5,452.25,302.0,65.25,56.25
Concrete_0cm_S7,2026-04-02T20:39:42.221453,64,93,284,393,409,199,567,541,543,381,87,76,73,102,325,416,452,239,622,594,591,394,105,99,23,41,187,233,251,112,353,346,339,219,38,30,34,66,221,288,304,144,421,424,413,275,64,43,21,41,189,221,246,112,350,340,336,221,40,28,32,48,194,244,262,120,385,372,376,248,42,33,52,86,275,360,369,172,523,510,525,331,73,70,69,96,263,356,367,186,502,494,494,346,74,71,46.0,71.62,242.25,313.88,332.5,160.5,465.38,452.62,452.12,301.88,65.38,56.25
Concrete_0cm_S7,2026-04-02T20:39:42.414319,64,93,284,393,409,199,567,541,543,381,87,76,73,102,325,416,452,239,622,594,591,394,105,99,23,41,187,233,251,112,353,346,339,219,38,30,34,66,221,288,304,144,421,424,413,275,64,43,21,41,189,221,246,112,350,340,336,221,40,28,32,48,194,244,262,120,385,372,376,248,42,33,52,86,275,360,369,172,523,510,525,331,73,70,69,96,263,356,367,186,502,494,494,346,74,71,46.0,71.62,242.25,313.88,332.5,160.5,465.38,452.62,452.12,301.88,65.38,56.25
Concrete_0cm_S7,2026-04-02T20:39:42.564567,64,93,284,393,409,200,567,541,543,382,87,76,73,102,326,416,452,239,622,594,593,394,104,99,23,41,186,233,251,112,352,346,339,219,38,30,34,66,221,287,304,144,422,423,413,275,64,43,21,41,189,222,246,113,349,340,335,221,40,28,32,48,194,243,262,120,385,372,376,248,42,33,52,86,274,360,369,174,523,510,525,331,73,69,69,96,263,356,367,186,502,494,494,346,74,71,46.0,71.62,242.12,313.75,332.5,161.0,465.25,452.5,452.25,302.0,65.25,56.12
Concrete_0cm_S7,2026-04-02T20:39:42.723331,64,94,284,392,409,200,567,542,543,381,86,76,73,102,326,416,452,240,621,594,592,394,104,99,23,41,187,233,252,112,353,346,339,220,38,30,34,66,221,288,304,145,421,423,413,275,64,44,21,41,189,222,246,113,349,340,335,221,40,27,32,48,194,244,262,120,385,372,376,248,42,33,52,86,275,360,369,173,523,510,525,330,73,69,69,96,263,356,367,186,501,493,494,346,74,71,46.0,71.75,242.38,313.88,332.62,161.12,465.0,452.5,452.12,301.88,65.12,56.12
Concrete_0cm_S7,2026-04-02T20:39:42.882855,64,94,284,392,409,200,567,542,542,381,87,76,73,102,326,417,452,239,622,594,592,394,104,99,23,41,187,233,251,112,353,346,339,220,38,30,34,66,221,288,304,144,421,423,413,275,64,43,21,41,189,222,246,113,349,340,335,221,40,27,32,48,194,244,262,120,385,372,376,248,42,33,52,86,275,360,369,173,523,510,525,330,73,69,69,96,263,356,367,186,501,493,494,346,74,71,46.0,71.75,242.38,314.0,332.5,160.88,465.12,452.5,452.0,301.88,65.25,56.0
Concrete_0cm_S7,2026-04-02T20:39:43.036532,64,93,283,393,409,200,568,542,543,382,86,76,73,102,326,416,453,240,623,594,592,395,105,99,23,41,187,233,251,112,353,347,340,219,38,30,34,65,221,288,304,144,421,423,413,275,63,43,22,41,189,222,245,113,350,340,336,221,40,28,32,48,194,244,262,120,386,372,376,248,42,33,52,86,275,360,369,173,523,511,525,331,73,69,69,95,263,356,367,186,502,494,493,346,74,71,46.12,71.38,242.25,314.0,332.5,161.0,465.75,452.88,452.25,302.12,65.12,56.12
Concrete_0cm_S7,2026-04-02T20:39:43.197641,64,93,283,393,409,200,568,542,543,382,86,76,73,102,326,416,453,240,623,594,592,395,105,99,23,41,187,233,251,112,353,347,340,219,38,30,34,65,221,288,304,144,421,423,413,275,63,43,22,41,189,222,245,113,350,340,336,221,40,28,32,48,194,244,262,120,386,372,376,248,42,33,52,86,275,360,369,173,523,511,525,331,73,69,69,95,263,356,367,186,502,494,493,346,74,71,46.12,71.38,242.25,314.0,332.5,161.0,465.75,452.88,452.25,302.12,65.12,56.12
Concrete_0cm_S7,2026-04-02T20:39:43.368178,64,93,284,392,409,200,567,542,543,381,87,76,73,102,326,417,452,240,622,594,593,394,105,99,23,41,187,233,251,112,353,346,340,219,38,30,34,66,221,288,304,144,422,423,413,275,64,43,22,41,189,222,246,112,349,340,335,221,40,28,32,48,194,244,262,120,386,372,376,248,42,33,53,85,275,360,369,173,523,510,525,331,73,70,69,96,263,356,367,186,501,493,494,346,74,71,46.25,71.5,242.38,314.0,332.5,160.88,465.38,452.5,452.38,301.88,65.38,56.25
Concrete_0cm_S7,2026-04-02T20:39:43.520449,64,94,283,393,409,200,567,542,543,382,87,76,73,102,326,417,452,240,622,594,593,394,105,99,23,41,187,233,251,112,353,346,340,219,38,30,34,66,221,288,304,144,422,423,413,275,64,43,22,41,189,222,246,112,349,340,335,221,40,28,32,48,194,244,263,120,385,372,376,248,42,33,52,86,275,360,369,173,523,510,525,331,73,70,69,96,263,356,367,186,501,493,494,346,74,71,46.12,71.75,242.25,314.12,332.62,160.88,465.25,452.5,452.38,302.0,65.38,56.25
Concrete_0cm_S7,2026-04-02T20:39:43.694310,64,93,283,392,409,200,567,541,543,381,87,76,73,102,326,416,453,239,622,594,592,394,104,99,23,41,187,233,251,112,353,347,340,220,38,30,34,66,221,287,304,144,421,423,413,275,64,43,22,41,189,222,246,113,350,340,335,221,40,28,31,48,194,244,262,120,386,372,376,248,42,33,52,86,275,360,369,173,523,510,525,330,73,70,69,96,263,355,367,186,501,493,493,346,74,71,46.0,71.62,242.25,313.62,332.62,160.88,465.38,452.5,452.12,301.88,65.25,56.25
Concrete_0cm_S7,2026-04-02T20:39:43.847690,64,94,284,392,409,200,567,542,543,381,87,76,73,102,325,416,452,239,622,594,592,394,104,99,23,41,187,233,251,112,353,347,339,219,38,30,34,66,220,288,304,144,421,423,413,275,64,43,22,41,189,222,246,113,350,340,335,221,40,28,31,48,194,244,262,120,386,372,376,248,42,33,52,86,275,360,369,173,523,510,525,330,73,70,69,96,263,355,367,186,501,493,494,346,74,71,46.0,71.75,242.12,313.75,332.5,160.88,465.38,452.62,452.12,301.75,65.25,56.25
Concrete_0cm_S7,2026-04-02T20:39:43.990210,64,94,284,392,409,199,567,541,542,380,86,76,73,102,325,416,452,239,622,594,592,394,104,99,23,41,187,233,251,112,353,346,339,219,38,30,34,65,221,288,304,144,421,423,413,275,64,43,22,41,189,222,246,113,349,340,335,221,40,28,32,48,194,244,262,120,386,372,376,248,42,33,52,86,275,360,369,173,523,510,525,331,73,69,69,96,263,356,368,186,502,493,494,346,74,71,46.12,71.62,242.25,313.88,332.62,160.75,465.38,452.38,452.0,301.75,65.12,56.12
Concrete_0cm_S7,2026-04-02T20:39:44.144230,64,94,284,392,409,199,567,541,542,380,86,76,73,102,325,416,452,239,622,594,592,394,104,99,23,41,187,233,251,112,353,346,339,219,38,30,34,65,221,288,304,144,421,423,413,275,64,43,22,41,189,222,246,113,349,340,335,221,40,28,32,48,194,244,262,120,386,372,376,248,42,33,53,86,275,360,369,173,523,510,525,331,73,69,68,96,263,355,367,186,502,493,494,346,74,71,46.12,71.62,242.25,313.75,332.5,160.75,465.38,452.38,452.0,301.75,65.12,56.12
Concrete_0cm_S7,2026-04-02T20:39:44.322075,64,94,283,392,409,200,567,542,542,381,86,76,73,102,326,416,452,239,622,594,592,394,104,99,23,41,187,233,251,112,352,346,339,219,38,30,34,66,221,288,304,144,422,423,413,275,64,44,22,41,189,222,246,113,349,340,335,221,40,28,32,48,194,243,263,120,385,371,376,248,42,33,53,86,274,360,369,173,523,510,525,330,73,69,69,96,263,356,367,186,502,493,494,346,74,71,46.25,71.75,242.12,313.75,332.62,160.88,465.25,452.38,452.0,301.75,65.12,56.25
Concrete_0cm_S7,2026-04-02T20:39:44.461963,64,93,284,393,409,200,567,541,543,381,87,76,73,102,326,416,452,239,622,593,592,394,104,99,23,41,187,233,251,112,352,346,339,219,38,30,34,66,221,288,304,144,422,423,413,275,63,44,22,41,189,222,246,112,350,340,335,221,40,28,32,48,194,243,262,120,386,372,376,248,42,33,52,86,274,360,369,173,523,510,524,331,73,70,69,96,263,356,367,186,502,494,494,346,74,71,46.12,71.62,242.25,313.88,332.5,160.75,465.5,452.38,452.0,301.88,65.12,56.38
Concrete_0cm_S7,2026-04-02T20:39:44.617998,64,93,284,393,409,200,567,541,543,381,87,76,73,102,326,416,452,239,622,593,592,394,104,99,23,41,187,233,251,112,352,346,339,219,38,30,34,66,221,288,304,144,422,423,413,275,63,44,22,41,189,222,246,112,350,340,335,221,40,28,32,48,194,243,262,120,386,372,376,248,42,33,52,86,274,360,369,173,523,510,524,331,73,70,69,96,263,356,367,186,502,494,494,346,74,71,46.12,71.62,242.25,313.88,332.5,160.75,465.5,452.38,452.0,301.88,65.12,56.38
Concrete_0cm_S7,2026-04-02T20:39:44.755674,64,93,284,393,409,200,567,541,543,381,87,76,73,102,326,416,452,239,623,594,592,394,104,99,23,41,187,233,251,112,352,346,339,220,38,30,34,66,221,288,304,144,422,424,413,275,64,44,21,41,189,222,246,112,350,340,335,221,40,27,32,48,194,243,262,120,386,372,376,248,42,33,52,86,274,360,369,173,522,510,525,330,73,69,69,96,263,356,367,186,501,493,494,346,74,71,46.0,71.62,242.25,313.88,332.5,160.75,465.38,452.5,452.12,301.88,65.25,56.12
Concrete_0cm_S7,2026-04-02T20:39:44.913793,63,94,284,393,409,200,567,542,543,381,87,76,73,102,326,417,452,239,623,594,592,394,104,99,23,41,186,233,251,112,352,346,339,219,38,30,34,66,221,288,304,144,422,424,413,275,64,44,21,41,189,222,246,112,349,340,335,221,40,27,32,48,194,243,262,120,386,372,376,248,42,33,52,86,274,360,369,173,522,510,525,330,73,69,69,96,263,356,367,186,501,493,494,346,74,71,45.88,71.75,242.12,314.0,332.5,160.75,465.25,452.62,452.12,301.75,65.25,56.12
Concrete_0cm_S7,2026-04-02T20:39:45.052357,64,93,283,392,408,200,567,541,542,381,87,76,73,102,326,417,452,240,622,594,592,394,105,99,23,41,187,233,251,112,352,346,339,219,38,30,34,66,221,288,304,144,421,423,413,275,64,43,22,41,189,221,246,112,349,340,336,221,40,28,32,48,194,243,262,120,385,372,376,248,42,33,52,86,275,360,369,173,523,510,525,331,73,69,69,96,263,356,367,186,502,493,494,346,74,71,46.12,71.62,242.25,313.75,332.38,160.88,465.12,452.38,452.12,301.88,65.38,56.12
Concrete_0cm_S7,2026-04-02T20:39:45.226110,64,93,283,392,408,200,567,541,542,381,87,76,73,102,326,417,452,240,622,594,592,394,105,99,23,41,187,233,251,112,352,346,339,219,38,30,34,66,221,288,304,144,421,423,413,275,64,43,22,41,189,221,246,112,349,340,336,221,40,28,32,48,194,243,262,120,385,372,376,248,42,33,52,86,275,360,369,173,523,510,525,331,73,69,69,96,263,356,367,186,502,493,494,346,74,71,46.12,71.62,242.25,313.75,332.38,160.88,465.12,452.38,452.12,301.88,65.38,56.12
Concrete_0cm_S7,2026-04-02T20:39:45.388861,64,94,284,393,409,200,568,542,543,381,87,76,73,102,326,416,452,239,623,595,592,394,104,99,23,41,186,232,251,112,352,347,339,219,38,30,34,66,221,288,304,144,422,424,413,275,63,43,21,41,189,221,246,112,349,340,335,221,40,28,32,48,194,243,263,120,385,372,376,248,42,33,52,86,274,360,369,174,523,510,525,331,73,69,68,96,263,355,367,186,501,493,494,346,74,71,45.88,71.75,242.12,313.5,332.62,160.88,465.38,452.88,452.12,301.88,65.12,56.12
Concrete_0cm_S7,2026-04-02T20:39:45.547233,64,93,283,392,409,200,567,541,543,381,86,76,73,101,326,416,452,239,622,594,592,394,105,99,23,41,186,233,251,112,352,346,339,219,38,30,34,66,221,288,304,144,422,423,413,275,64,43,21,41,189,221,246,112,349,340,335,221,40,28,32,47,194,243,262,120,385,372,376,248,42,33,52,86,274,360,369,174,523,510,525,331,73,69,68,95,263,356,367,186,502,493,493,345,74,71,45.88,71.25,242.0,313.62,332.5,160.88,465.25,452.38,452.0,301.75,65.25,56.12
Concrete_0cm_S7,2026-04-02T20:39:45.702872,63,93,283,392,409,200,567,542,543,381,86,76,73,101,326,416,452,239,622,593,592,394,104,99,23,41,186,233,251,112,352,346,339,219,38,30,34,66,221,288,304,144,422,423,413,275,64,43,21,41,189,221,246,112,349,340,335,221,40,28,32,47,194,243,262,120,385,372,376,248,42,33,52,86,274,360,369,174,523,510,525,331,73,69,68,95,263,356,367,186,502,493,493,345,74,71,45.75,71.25,242.0,313.62,332.5,160.88,465.25,452.38,452.0,301.75,65.12,56.12
Concrete_0cm_S7,2026-04-02T20:39:45.855324,63,93,283,392,409,200,567,542,543,381,86,76,73,101,326,416,452,239,622,593,592,394,104,99,23,41,186,233,251,112,352,346,339,219,38,30,34,66,221,288,304,144,422,423,413,275,64,43,21,41,189,221,246,112,349,340,335,221,40,28,32,47,194,243,262,120,385,372,376,248,42,33,52,86,274,360,369,174,523,510,525,331,73,69,68,95,263,356,367,186,502,493,493,345,74,71,45.75,71.25,242.0,313.62,332.5,160.88,465.25,452.38,452.0,301.75,65.12,56.12
Concrete_0cm_S7,2026-04-02T20:39:46.005836,64,93,283,393,409,200,567,541,543,381,87,76,73,102,326,416,452,239,622,595,592,394,104,99,23,41,187,233,251,112,352,346,339,219,38,30,34,66,221,288,304,144,421,423,412,275,63,43,22,41,189,222,246,113,350,340,335,221,40,28,32,48,194,243,262,120,386,372,376,248,42,33,53,86,275,360,369,173,523,511,525,331,73,69,69,96,263,356,367,186,501,493,494,346,74,71,46.25,71.62,242.25,313.88,332.5,160.88,465.25,452.62,452.0,301.88,65.12,56.12
Concrete_0cm_S7,2026-04-02T20:39:46.160466,64,93,283,393,409,200,567,541,543,381,87,76,73,102,326,416,452,239,622,595,592,394,104,99,23,41,187,233,251,112,352,346,339,219,38,30,34,66,221,288,304,144,421,423,412,275,63,43,22,41,189,222,246,113,350,340,335,221,40,28,32,48,194,243,262,120,385,372,376,248,42,33,52,86,275,359,369,173,523,510,525,331,73,70,69,96,263,356,367,186,501,493,494,346,74,71,46.12,71.62,242.25,313.75,332.5,160.88,465.12,452.5,452.0,301.88,65.12,56.25
Concrete_0cm_S7,2026-04-02T20:39:46.342361,64,94,284,392,409,200,567,541,542,381,86,76,73,102,327,416,453,240,623,594,593,394,105,99,23,41,187,233,251,112,352,346,339,219,38,30,34,66,221,288,304,144,422,423,413,275,64,44,22,41,189,222,246,113,350,340,335,221,40,27,32,48,194,243,262,120,385,372,376,248,42,33,53,86,275,360,369,173,523,510,525,331,73,70,69,96,263,355,367,186,501,494,494,346,74,71,46.25,71.75,242.5,313.62,332.62,161.0,465.38,452.5,452.12,301.88,65.25,56.25
Concrete_0cm_S7,2026-04-02T20:39:46.485752,64,93,284,392,409,200,568,542,543,381,87,76,73,102,326,416,452,240,622,594,592,394,105,99,23,41,186,232,251,112,351,346,339,219,38,30,34,66,221,288,304,144,421,423,413,275,64,43,22,41,189,222,246,112,350,340,335,221,40,28,32,48,194,243,262,120,386,372,377,248,42,33,53,86,274,360,369,173,523,510,525,331,73,69,69,96,263,356,368,186,502,494,495,346,74,71,46.25,71.62,242.12,313.62,332.62,160.88,465.38,452.62,452.38,301.88,65.38,56.12
Concrete_0cm_S7,2026-04-02T20:39:46.655047,64,93,283,392,409,200,567,541,542,381,87,76,73,102,326,416,452,240,622,594,592,394,105,99,23,41,186,233,251,112,352,346,339,219,38,30,34,66,221,288,304,144,421,423,413,275,64,43,22,41,189,222,246,113,350,340,336,221,40,28,32,48,194,244,262,120,386,372,376,248,42,33,53,86,275,360,369,173,523,510,525,331,73,69,69,96,263,356,367,186,502,494,494,347,74,71,46.25,71.62,242.12,313.88,332.5,161.0,465.38,452.5,452.12,302.0,65.38,56.12
Concrete_0cm_S7,2026-04-02T20:39:46.818069,64,93,283,392,409,200,567,541,542,381,87,76,73,102,326,416,452,240,622,594,592,394,105,99,23,41,186,233,251,112,352,346,339,219,38,30,34,66,221,287,304,144,421,423,413,274,63,43,22,41,189,222,246,112,349,340,335,221,40,28,32,48,194,243,263,120,385,372,376,248,42,33,53,86,275,360,369,173,522,509,526,331,73,70,68,96,263,356,367,186,501,493,494,346,74,71,46.12,71.62,242.12,313.62,332.62,160.88,464.88,452.25,452.12,301.75,65.25,56.25
Concrete_0cm_S7,2026-04-02T20:39:46.971134,64,93,283,392,409,200,567,541,543,381,87,76,73,102,326,416,453,240,622,594,592,394,105,99,23,41,186,233,251,112,352,346,339,219,38,30,34,66,221,289,304,144,422,423,413,275,63,43,21,41,189,222,246,113,350,340,335,221,40,28,32,48,194,244,263,120,386,372,377,248,43,33,53,86,275,359,369,173,523,510,525,331,73,68,68,96,263,356,367,186,501,493,494,346,74,71,46.0,71.62,242.12,313.88,332.75,161.0,465.38,452.38,452.25,301.88,65.38,56.0
Concrete_0cm_S7,2026-04-02T20:39:47.122912,64,93,283,392,409,200,567,541,543,381,87,76,73,102,326,416,453,240,622,594,592,394,105,99,23,41,187,233,251,112,352,346,339,219,38,30,34,66,221,288,304,144,422,424,413,275,64,44,22,41,189,222,246,113,349,340,336,221,40,28,32,48,194,244,262,120,386,372,376,248,42,33,53,86,274,359,369,173,523,510,525,331,73,69,69,96,262,355,367,186,501,494,494,346,74,71,46.25,71.62,242.0,313.62,332.62,161.0,465.25,452.62,452.25,301.88,65.38,56.25
Concrete_0cm_S7,2026-04-02T20:39:47.326695,64,94,284,393,410,200,568,542,543,381,87,76,73,102,326,417,453,240,623,594,593,395,105,99,23,41,186,233,251,112,352,346,339,220,38,30,34,65,221,288,304,144,421,423,413,275,63,43,22,41,189,222,246,113,350,341,336,221,40,28,32,48,194,243,262,120,385,372,376,248,42,33,53,86,274,359,369,174,523,510,525,331,73,69,69,96,263,356,367,186,501,494,494,346,74,71,46.25,71.62,242.12,313.88,332.75,161.12,465.38,452.75,452.38,302.12,65.25,56.12
Concrete_0cm_S7,2026-04-02T20:39:47.484435,64,94,284,393,409,200,567,542,543,381,87,76,73,102,326,416,452,239,623,594,592,394,105,99,23,41,187,233,251,112,352,346,339,219,38,30,34,66,221,288,304,144,421,423,413,275,63,44,22,41,189,222,246,113,350,340,336,221,40,28,32,48,194,244,262,120,386,372,376,248,42,33,53,86,275,360,369,173,523,511,526,331,73,69,69,96,263,355,367,186,502,494,494,346,74,71,46.25,71.75,242.38,313.88,332.5,160.88,465.5,452.75,452.38,301.88,65.25,56.25
Concrete_0cm_S7,2026-04-02T20:39:47.642226,64,94,284,393,409,200,567,542,543,381,87,76,73,102,326,416,452,239,623,594,592,394,105,99,23,41,187,233,251,112,352,346,339,219,38,30,34,66,221,288,304,144,421,423,413,275,63,44,22,41,189,221,246,112,350,340,336,221,40,28,32,48,194,244,262,120,386,372,376,248,42,33,52,86,274,360,369,173,523,510,525,331,73,70,69,96,263,355,367,186,501,493,494,346,74,71,46.12,71.75,242.25,313.75,332.5,160.75,465.38,452.5,452.25,301.88,65.25,56.38
Concrete_0cm_S7,2026-04-02T20:39:47.783507,64,93,284,393,409,200,567,541,542,381,86,76,73,101,326,416,452,239,622,594,592,394,104,99,23,41,186,233,251,112,352,346,339,219,38,30,34,66,221,288,304,144,421,423,413,275,63,44,22,41,189,221,246,112,350,340,336,221,40,28,32,48,194,244,262,120,386,372,376,248,42,33,52,86,274,360,369,173,523,510,525,331,73,70,69,96,263,355,367,186,501,493,494,346,74,71,46.12,71.5,242.12,313.75,332.5,160.75,465.25,452.38,452.12,301.88,65.0,56.38
Concrete_0cm_S7,2026-04-02T20:39:47.944869,64,93,284,392,409,200,567,542,542,381,87,76,73,102,326,416,453,239,622,594,592,394,105,99,23,41,187,233,251,112,352,346,339,219,38,30,34,66,220,288,304,145,422,423,413,275,64,44,22,41,189,222,246,113,349,340,335,221,40,28,32,48,194,244,262,120,386,372,377,248,42,33,53,86,275,360,369,174,522,510,525,331,73,69,69,96,263,356,367,186,502,494,495,346,74,71,46.25,71.62,242.25,313.88,332.62,161.12,465.25,452.62,452.25,301.88,65.38,56.25
Concrete_0cm_S7,2026-04-02T20:39:48.089793,64,93,284,393,409,200,567,541,542,382,87,76,73,102,326,416,452,239,622,594,592,394,105,99,23,41,186,233,251,112,352,346,339,219,38,30,34,66,221,288,304,144,422,424,413,275,64,44,22,41,189,222,246,113,349,340,335,221,40,28,32,48,194,243,263,120,386,372,376,248,42,33,53,86,275,360,369,174,522,510,525,331,73,69,69,96,263,356,367,186,502,494,495,346,74,71,46.25,71.62,242.25,313.88,332.62,161.0,465.25,452.62,452.12,302.0,65.38,56.25
Concrete_0cm_S7,2026-04-02T20:39:48.263680,64,93,284,393,409,200,567,541,542,382,87,76,73,102,326,416,452,239,622,594,592,394,105,99,23,41,186,233,251,112,352,346,339,219,38,30,34,66,221,288,304,144,422,424,413,275,64,44,22,41,189,222,246,113,349,340,335,221,40,28,32,48,194,243,263,120,386,372,376,248,42,33,52,86,274,360,369,173,523,510,525,330,73,70,69,96,263,356,367,186,502,493,495,346,74,71,46.12,71.62,242.12,313.88,332.62,160.88,465.38,452.5,452.12,301.88,65.38,56.38
Concrete_0cm_S7,2026-04-02T20:39:48.442846,64,93,284,392,409,200,567,541,542,381,86,76,73,102,326,416,452,239,622,594,593,394,104,99,23,41,186,232,250,112,352,346,339,219,38,30,34,65,221,288,304,144,421,423,413,275,63,43,21,41,189,222,246,113,350,340,335,221,40,28,32,48,194,243,262,120,386,372,376,248,42,33,53,86,274,359,369,173,523,510,525,330,73,70,69,96,263,356,367,186,502,494,495,346,74,71,46.12,71.5,242.12,313.5,332.38,160.88,465.38,452.5,452.25,301.75,65.0,56.25
Concrete_0cm_S7,2026-04-02T20:39:48.603408,64,93,284,392,409,200,567,541,542,381,86,76,73,102,326,416,452,239,622,594,592,394,105,99,23,41,187,233,251,112,352,346,339,219,38,30,34,65,221,288,304,144,421,423,413,275,64,43,21,41,189,222,246,113,350,340,335,221,40,28,32,48,194,243,262,120,386,372,376,248,42,33,53,86,274,359,369,173,523,510,525,330,73,70,69,96,263,356,367,186,502,494,495,346,74,71,46.12,71.5,242.25,313.62,332.5,160.88,465.38,452.5,452.12,301.75,65.25,56.25
Concrete_0cm_S7,2026-04-02T20:39:48.746209,63,93,283,393,409,200,567,541,542,381,86,76,73,102,327,416,452,239,622,594,593,394,104,99,23,41,187,233,251,112,353,346,339,219,38,30,34,65,221,288,304,144,421,423,413,275,64,43,21,41,189,222,245,113,349,340,335,221,40,28,32,48,194,244,262,120,385,372,376,248,42,33,52,86,274,359,369,173,523,510,525,331,73,70,69,96,263,356,367,186,502,494,495,346,74,71,45.88,71.5,242.25,313.88,332.38,160.88,465.25,452.5,452.25,301.88,65.12,56.25
Concrete_0cm_S7,2026-04-02T20:39:48.900604,63,93,283,393,409,200,567,541,542,381,86,76,73,102,327,416,452,239,622,594,593,394,104,99,23,41,187,233,251,112,353,346,339,219,38,30,34,65,221,288,304,144,421,423,413,275,64,43,21,41,189,222,245,113,349,340,335,221,40,28,32,48,194,244,262,120,385,372,376,248,42,33,52,86,274,359,369,173,523,510,525,331,73,70,69,96,263,356,367,186,502,494,495,346,74,71,45.88,71.5,242.25,313.88,332.38,160.88,465.25,452.5,452.25,301.88,65.12,56.25
Concrete_0cm_S7,2026-04-02T20:39:49.037755,64,94,284,392,409,200,568,541,542,381,87,76,73,102,326,416,452,239,622,594,592,394,104,99,23,41,186,233,251,112,352,346,339,220,38,30,34,66,221,288,304,144,422,423,413,275,64,43,21,41,189,221,246,113,349,339,336,221,40,28,32,47,194,244,262,120,386,372,376,248,42,33,52,86,274,359,369,173,523,510,525,331,73,69,69,96,263,356,367,186,502,493,494,346,74,71,46.0,71.62,242.12,313.62,332.5,160.88,465.5,452.25,452.12,302.0,65.25,56.12
Concrete_0cm_S7,2026-04-02T20:39:49.225770,64,93,284,393,409,200,567,541,541,381,87,76,73,102,326,416,452,239,622,594,592,394,104,99,23,41,186,233,251,112,352,346,339,220,38,30,34,66,221,288,304,144,422,423,413,275,64,43,21,41,189,221,246,113,349,339,336,221,40,28,32,47,194,244,262,120,386,372,376,248,42,33,52,86,274,359,369,173,523,510,525,331,73,69,69,96,263,356,367,186,501,493,494,346,74,70,46.0,71.5,242.12,313.75,332.5,160.88,465.25,452.25,452.0,302.0,65.25,56.0
Concrete_0cm_S7,2026-04-02T20:39:49.383494,64,94,284,393,409,200,568,541,543,381,87,76,73,102,326,416,453,239,623,594,592,394,104,99,23,41,186,233,251,112,352,346,339,219,38,30,34,66,221,288,304,144,421,423,413,275,63,43,22,41,189,221,246,112,350,340,335,221,40,28,32,48,194,244,263,120,386,372,376,248,42,33,52,86,275,359,369,173,522,510,525,330,73,70,69,96,263,356,367,186,502,494,494,346,74,71,46.12,71.75,242.25,313.75,332.75,160.75,465.5,452.5,452.12,301.75,65.12,56.25
Concrete_0cm_S7,2026-04-02T20:39:49.526410,64,94,284,393,409,200,568,541,543,381,87,76,73,102,326,416,453,239,623,594,592,394,104,99,23,41,186,233,251,112,352,346,339,219,38,30,34,66,221,288,304,144,421,423,413,275,63,43,22,41,189,221,246,112,350,340,335,221,40,28,32,48,194,244,263,120,386,372,376,248,42,33,52,86,275,359,369,173,522,510,525,330,73,70,69,96,263,356,367,186,502,494,494,346,74,71,46.12,71.75,242.25,313.75,332.75,160.75,465.5,452.5,452.12,301.75,65.12,56.25
Concrete_0cm_S7,2026-04-02T20:39:49.678945,64,93,283,392,409,200,567,542,543,381,87,76,73,102,326,416,452,240,622,594,592,394,105,99,23,41,187,233,251,112,352,346,339,219,38,30,34,65,221,288,304,144,421,423,413,275,63,44,22,41,189,222,246,113,350,340,336,222,40,28,32,48,194,243,262,120,386,372,376,248,42,33,52,86,275,360,369,173,523,510,525,331,73,69,69,96,263,356,368,186,502,494,494,346,74,71,46.12,71.5,242.25,313.75,332.62,161.0,465.38,452.62,452.25,302.0,65.25,56.25
Concrete_0cm_S7,2026-04-02T20:39:49.821609,64,93,283,392,409,200,567,542,543,381,87,76,73,102,326,416,452,240,622,594,592,394,105,99,23,41,187,233,251,112,352,346,339,219,38,30,34,65,221,288,304,144,421,423,413,275,64,43,21,41,189,222,246,113,350,340,335,221,40,28,32,48,194,244,262,120,386,372,376,248,42,33,52,86,274,359,369,173,523,510,525,330,73,69,68,96,263,356,367,186,502,493,494,346,74,71,45.88,71.5,242.12,313.75,332.5,161.0,465.38,452.5,452.12,301.75,65.38,56.12
Concrete_0cm_S7,2026-04-02T20:39:49.979907,64,94,284,393,409,200,568,542,543,381,87,76,73,102,326,417,452,239,623,593,592,395,104,99,23,41,186,233,251,112,352,346,339,219,38,30,34,66,221,288,304,144,422,423,413,275,63,44,21,41,189,222,246,112,349,340,335,221,40,28,32,48,194,243,262,120,386,372,376,248,42,33,53,85,274,359,368,173,523,510,525,331,73,69,69,96,263,355,367,186,502,493,494,346,74,71,46.12,71.62,242.12,313.75,332.38,160.75,465.62,452.38,452.12,302.0,65.12,56.25
Concrete_0cm_S7,2026-04-02T20:39:50.160680,64,94,284,393,409,200,568,542,543,381,87,76,73,102,326,417,452,239,623,594,592,394,105,99,23,41,186,233,251,112,352,346,339,219,38,30,34,66,221,288,304,144,422,423,413,275,63,43,22,41,189,222,246,113,350,340,335,221,40,28,32,48,194,244,262,120,386,372,376,248,43,33,52,86,274,359,369,173,523,510,525,331,73,69,69,96,263,356,367,186,502,493,494,346,74,71,46.12,71.75,242.12,314.0,332.5,160.88,465.75,452.5,452.12,301.88,65.38,56.12
Concrete_0cm_S7,2026-04-02T20:39:50.305209,64,93,284,392,409,200,568,541,542,381,87,76,73,102,326,416,452,239,623,594,592,394,104,99,23,41,186,233,251,112,352,346,339,219,38,30,34,66,221,288,304,144,422,423,413,275,63,43,22,41,189,222,246,113,350,340,335,221,40,28,32,48,194,244,262,120,386,372,376,248,43,33,52,86,274,359,369,173,523,510,525,331,73,69,69,96,263,356,367,186,502,493,494,346,74,71,46.12,71.62,242.12,313.75,332.5,160.88,465.75,452.38,452.0,301.88,65.25,56.12
Concrete_0cm_S7,2026-04-02T20:39:50.446607,64,94,283,392,409,200,567,541,543,381,87,76,73,102,326,416,452,240,623,594,592,394,104,99,23,41,187,233,251,112,352,346,339,219,38,30,34,66,221,288,304,144,422,423,413,275,63,43,22,41,189,222,246,113,350,340,335,222,40,28,32,48,194,244,262,120,386,372,377,248,43,33,52,86,274,359,369,173,523,510,526,331,73,69,69,96,263,356,367,186,502,493,494,346,74,71,46.12,71.75,242.12,313.75,332.5,161.0,465.62,452.38,452.38,302.0,65.25,56.12
Concrete_0cm_S7,2026-04-02T20:39:50.613657,64,93,284,393,409,200,568,542,543,381,87,76,73,102,326,416,452,239,622,594,592,394,105,99,23,41,187,233,251,112,352,346,339,219,38,30,34,66,221,288,304,144,422,423,413,275,63,43,22,41,190,222,246,113,350,340,335,221,40,28,32,48,194,244,262,120,385,372,376,248,42,33,52,86,275,359,368,173,523,510,526,331,73,69,69,96,262,355,367,186,501,493,494,346,74,71,46.12,71.62,242.38,313.75,332.38,160.88,465.38,452.5,452.25,301.88,65.25,56.12
Concrete_0cm_S7,2026-04-02T20:39:50.803616,64,93,283,392,409,200,568,542,543,381,87,76,73,102,326,416,453,239,622,594,592,394,104,99,23,41,186,232,251,112,352,346,339,219,38,30,34,65,221,288,304,144,421,423,413,275,64,43,22,41,188,221,246,113,350,340,335,221,40,28,32,48,194,243,262,120,386,372,377,249,43,33,52,86,275,360,369,173,523,510,525,331,73,69,68,96,263,356,367,186,501,493,494,346,74,71,46.0,71.5,242.0,313.5,332.62,160.88,465.38,452.5,452.25,302.0,65.38,56.12
Concrete_0cm_S7,2026-04-02T20:39:50.954098,64,93,284,392,409,200,567,542,542,381,87,76,73,102,327,417,452,239,623,594,592,394,104,99,23,41,186,233,251,112,352,346,339,220,38,30,34,66,221,288,304,145,421,423,413,275,64,43,22,41,189,222,246,113,350,341,336,221,40,28,32,48,194,244,263,120,386,372,377,249,43,33,53,86,274,360,369,174,523,510,525,331,73,70,69,96,263,356,367,186,502,494,493,346,74,71,46.25,71.62,242.25,314.0,332.62,161.12,465.5,452.75,452.12,302.12,65.38,56.25
Concrete_0cm_S7,2026-04-02T20:39:51.139000,64,93,284,392,409,200,567,542,542,381,87,76,73,102,327,417,452,239,623,594,592,394,104,99,23,41,186,233,251,112,352,346,339,220,38,30,34,66,221,288,304,145,421,423,413,275,64,43,22,41,189,222,246,113,350,341,336,221,40,28,32,48,194,244,263,120,386,372,377,249,43,33,53,86,274,360,369,174,523,510,525,331,73,70,69,96,263,356,367,186,502,494,493,346,74,71,46.25,71.62,242.25,314.0,332.62,161.12,465.5,452.75,452.12,302.12,65.38,56.25
Concrete_0cm_S7,2026-04-02T20:39:51.291601,64,93,284,392,409,200,567,542,542,381,87,76,73,102,326,417,453,239,623,594,592,394,104,99,23,41,186,233,251,112,352,346,339,219,38,30,34,66,221,288,304,144,421,423,413,275,64,43,22,41,189,222,246,113,349,340,336,221,40,28,32,48,194,243,262,121,385,372,376,248,42,33,52,86,275,360,369,173,523,510,526,331,73,70,69,96,263,356,367,186,501,493,494,346,74,71,46.12,71.62,242.25,313.88,332.62,161.0,465.12,452.5,452.25,301.88,65.25,56.25
Concrete_0cm_S7,2026-04-02T20:39:51.437480,64,93,284,393,409,200,567,542,543,381,87,76,73,102,326,416,452,239,622,594,592,394,104,99,23,41,186,233,251,112,352,346,339,219,38,30,34,66,221,288,304,144,422,424,413,275,63,44,22,41,189,221,246,113,350,340,335,221,40,28,32,48,194,243,262,121,385,372,376,248,42,33,52,86,275,360,369,173,523,510,526,331,73,70,69,96,263,356,367,186,501,493,494,346,74,71,46.12,71.62,242.25,313.75,332.5,161.0,465.25,452.62,452.25,301.88,65.12,56.38
Concrete_0cm_S7,2026-04-02T20:39:51.600203,64,93,284,393,409,200,567,542,543,381,87,76,73,102,326,416,452,239,622,594,592,394,104,99,23,41,186,233,251,112,352,346,339,219,38,30,34,66,221,288,304,144,422,424,413,275,63,44,22,41,189,221,246,113,350,340,335,221,40,28,32,48,194,243,262,121,385,372,376,248,42,33,52,86,275,360,369,173,523,510,526,331,73,70,69,96,263,356,367,186,501,493,494,346,74,71,46.12,71.62,242.25,313.75,332.5,161.0,465.25,452.62,452.25,301.88,65.12,56.38
Concrete_0cm_S7,2026-04-02T20:39:51.740188,64,93,284,393,409,200,567,542,543,381,87,76,73,102,326,416,452,239,622,594,592,394,104,99,23,41,186,233,251,112,352,346,339,219,38,30,34,66,221,288,304,144,421,423,413,275,63,43,22,41,189,222,246,113,350,340,335,221,40,28,32,48,194,244,262,120,386,372,376,248,42,33,52,85,274,360,369,173,523,510,525,331,73,69,69,96,263,356,367,186,502,494,494,346,74,71,46.12,71.5,242.12,314.0,332.5,160.88,465.38,452.62,452.12,301.88,65.12,56.12
Concrete_0cm_S7,2026-04-02T20:39:51.895524,64,93,284,393,409,200,568,542,542,381,86,76,73,102,326,416,453,239,622,594,592,394,104,99,23,41,187,233,251,112,352,346,339,219,38,30,34,66,221,288,304,144,421,423,413,275,63,43,22,41,189,222,246,113,350,340,335,221,40,28,32,48,194,244,263,120,386,372,376,248,42,33,52,86,275,360,369,173,523,510,525,331,73,70,69,96,263,356,367,186,502,494,494,346,74,71,46.12,71.62,242.38,314.0,332.75,160.88,465.5,452.62,452.0,301.88,65.0,56.25
Concrete_0cm_S7,2026-04-02T20:39:52.078882,64,93,284,392,409,200,568,542,542,381,87,76,73,102,325,416,452,239,622,594,592,394,104,99,23,41,187,233,251,112,352,346,339,219,38,30,34,66,221,288,304,144,421,423,413,275,63,43,22,41,189,222,246,113,349,340,335,221,40,28,32,48,194,244,263,120,385,372,377,248,42,33,52,86,274,359,369,173,523,510,525,331,73,70,69,96,263,356,367,186,502,494,494,346,74,71,46.12,71.62,242.12,313.75,332.62,160.88,465.25,452.62,452.12,301.88,65.12,56.25
Concrete_0cm_S7,2026-04-02T20:39:52.229851,64,93,284,392,409,200,568,542,542,381,87,76,73,102,325,416,452,239,622,594,592,394,104,99,23,41,187,233,251,112,353,346,339,219,38,30,34,66,221,288,304,144,421,423,413,275,63,43,22,41,189,222,246,113,349,340,335,221,40,28,32,48,194,244,263,120,385,372,377,248,42,33,52,86,274,359,369,173,523,510,525,331,73,70,69,96,263,356,367,186,502,494,494,346,74,71,46.12,71.62,242.12,313.75,332.62,160.88,465.38,452.62,452.12,301.88,65.12,56.25
Concrete_0cm_S7,2026-04-02T20:39:52.375106,63,93,284,392,408,200,566,541,542,381,86,76,73,102,326,416,452,239,622,594,592,394,104,99,23,41,187,233,251,112,353,346,339,219,38,30,34,66,221,288,304,144,422,424,413,275,64,44,22,41,189,222,246,112,350,341,336,221,40,28,32,48,194,243,262,120,386,372,377,248,42,33,53,86,275,360,369,173,523,510,525,331,73,69,69,96,263,356,367,186,502,494,494,346,74,71,46.12,71.62,242.38,313.75,332.38,160.75,465.5,452.75,452.25,301.88,65.12,56.25
Concrete_0cm_S7,2026-04-02T20:39:52.525248,64,93,284,393,409,200,567,541,543,382,87,76,73,102,326,416,452,239,622,594,592,394,104,99,23,41,187,233,251,112,353,346,339,219,38,30,34,66,221,288,304,144,422,424,413,275,64,44,22,41,189,222,246,112,350,341,336,221,40,28,32,47,194,244,262,120,385,372,376,248,42,33,52,86,275,359,369,174,523,510,525,330,73,70,69,96,263,356,367,186,502,494,494,346,74,71,46.12,71.5,242.38,313.88,332.5,160.88,465.5,452.75,452.25,301.88,65.25,56.38
Concrete_0cm_S7,2026-04-02T20:39:52.680960,64,93,284,393,409,200,567,541,543,382,87,76,73,102,326,416,452,239,622,594,592,394,104,99,23,41,187,233,251,112,352,346,339,219,38,30,34,66,221,288,304,144,422,424,413,275,64,44,22,41,189,222,246,112,350,341,336,221,40,28,32,47,194,244,262,120,385,372,376,248,42,33,52,86,275,359,369,174,523,510,525,330,73,70,69,96,263,356,367,186,502,494,494,346,74,71,46.12,71.5,242.38,313.88,332.5,160.88,465.38,452.75,452.25,301.88,65.25,56.38
Concrete_0cm_S7,2026-04-02T20:39:52.825190,63,93,283,392,409,200,566,541,543,381,86,76,73,102,326,416,452,239,622,594,591,394,105,99,23,41,187,233,251,112,353,346,339,219,38,30,34,66,221,288,304,144,421,423,413,275,64,44,21,41,189,222,246,113,350,340,335,221,40,28,32,47,194,244,262,120,385,372,376,248,42,33,53,86,274,360,370,174,523,510,525,331,73,69,69,96,263,356,367,186,500,494,494,346,74,71,46.0,71.5,242.12,313.88,332.62,161.0,465.0,452.5,452.0,301.88,65.25,56.25
Concrete_0cm_S7,2026-04-02T20:39:52.993962,63,93,283,392,409,200,566,541,543,381,86,76,73,102,326,416,452,239,622,594,591,394,105,99,23,41,187,233,251,112,352,346,339,219,38,30,34,66,221,288,304,144,421,423,413,275,64,43,22,41,189,221,246,113,350,340,335,221,40,28,32,47,194,244,262,120,385,372,376,248,42,33,53,86,274,360,370,174,523,510,525,331,73,69,69,96,263,356,367,186,500,494,494,346,74,71,46.12,71.5,242.12,313.75,332.62,161.0,464.88,452.5,452.0,301.88,65.25,56.12
Concrete_0cm_S7,2026-04-02T20:39:53.167199,64,94,283,393,409,200,567,541,542,381,87,76,73,102,326,417,452,240,622,594,592,394,105,99,23,41,186,233,251,112,352,346,339,219,38,30,34,66,221,288,304,144,421,423,413,275,64,43,22,41,189,221,246,113,350,340,335,221,40,28,32,48,194,243,263,120,385,372,376,248,42,33,52,86,274,359,369,173,523,510,525,331,73,70,69,96,263,356,367,186,502,494,494,346,74,71,46.12,71.75,242.0,313.75,332.62,161.0,465.25,452.5,452.0,301.88,65.38,56.25
Concrete_0cm_S7,2026-04-02T20:39:53.313469,64,94,284,393,410,200,568,541,542,381,86,76,73,102,326,416,453,239,623,595,592,394,104,99,23,41,186,233,251,112,352,346,338,219,38,30,34,66,221,288,304,144,422,423,412,275,64,43,21,41,189,222,245,113,349,340,336,221,40,28,32,48,194,244,262,121,386,371,376,248,43,33,53,86,274,360,369,173,523,510,525,331,73,69,69,96,263,356,367,186,501,493,494,347,74,71,46.12,71.75,242.12,314.0,332.62,161.0,465.5,452.38,451.88,302.0,65.25,56.12
Concrete_0cm_S7,2026-04-02T20:39:53.454097,64,94,284,393,410,200,568,541,542,381,86,76,73,102,326,416,453,239,623,595,592,394,104,99,23,41,187,233,251,112,352,346,339,219,38,30,34,66,221,288,304,144,421,423,413,275,63,43,22,41,189,221,245,113,349,340,335,221,40,28,32,48,195,244,263,120,386,373,377,248,42,33,53,86,274,360,369,173,523,510,525,331,73,69,69,96,263,355,367,186,502,493,494,346,74,71,46.25,71.75,242.38,313.75,332.75,160.88,465.5,452.62,452.12,301.88,65.0,56.12
Concrete_0cm_S7,2026-04-02T20:39:53.610068,64,94,284,393,410,200,568,541,542,381,86,76,73,102,326,416,453,239,623,595,592,394,104,99,23,41,187,233,251,112,352,346,339,219,38,30,34,66,221,288,304,144,421,423,413,275,63,43,22,41,189,221,245,113,349,340,335,221,40,28,32,48,195,244,263,120,386,373,377,248,42,33,53,86,274,360,369,173,523,510,525,331,73,69,69,96,263,355,367,186,502,493,494,346,74,71,46.25,71.75,242.38,313.75,332.75,160.88,465.5,452.62,452.12,301.88,65.0,56.12
Concrete_0cm_S7,2026-04-02T20:39:53.766625,64,93,284,393,409,200,567,541,543,381,86,76,73,102,326,416,452,239,622,594,592,394,105,99,23,41,187,233,251,112,352,346,339,219,38,30,34,65,221,288,304,145,421,423,413,275,63,43,22,41,189,222,246,113,349,340,335,221,40,28,32,47,194,244,262,120,386,372,376,248,42,33,52,86,274,360,369,173,522,510,525,331,73,69,69,96,263,356,367,186,501,494,494,346,74,71,46.12,71.38,242.25,314.0,332.5,161.0,465.0,452.5,452.12,301.88,65.12,56.12
Concrete_0cm_S7,2026-04-02T20:39:53.924198,64,93,284,393,409,200,567,541,543,381,86,76,73,102,326,416,452,239,622,594,592,394,104,99,23,41,186,233,251,112,352,346,339,219,38,30,34,65,221,288,304,144,421,423,413,275,63,44,22,41,189,222,246,113,349,340,335,221,40,28,32,48,194,244,263,120,386,372,376,248,42,33,52,86,275,360,369,173,523,510,525,331,73,70,69,96,263,356,367,186,502,493,494,345,74,71,46.12,71.5,242.25,314.0,332.62,160.88,465.25,452.38,452.12,301.75,65.0,56.38
Concrete_0cm_S7,2026-04-02T20:39:54.102706,63,93,283,393,409,200,567,541,542,381,87,76,73,101,325,416,452,240,622,593,592,394,104,98,23,41,186,233,251,112,352,346,339,219,38,30,34,66,221,288,304,145,421,423,413,275,64,43,22,41,189,221,246,113,350,340,335,221,40,28,32,48,194,244,263,120,386,372,376,248,42,33,52,86,275,360,369,173,523,510,525,331,73,70,69,96,263,356,368,186,502,494,494,346,74,71,46.0,71.5,242.0,313.88,332.75,161.12,465.38,452.38,452.0,301.88,65.25,56.12
Concrete_0cm_S7,2026-04-02T20:39:54.263005,63,93,283,393,409,200,567,541,542,381,87,76,73,101,325,416,452,240,622,593,592,394,104,98,23,41,186,233,251,112,352,346,339,219,38,30,34,66,221,288,304,145,421,423,413,275,64,43,22,41,189,221,246,113,350,340,335,221,40,28,32,48,194,244,263,120,386,372,376,248,42,33,52,86,275,360,369,173,523,510,525,331,73,70,69,96,263,356,368,186,502,494,494,346,74,71,46.0,71.5,242.0,313.88,332.75,161.12,465.38,452.38,452.0,301.88,65.25,56.12
Concrete_0cm_S7,2026-04-02T20:39:54.409766,64,93,284,392,408,200,567,541,543,381,86,76,73,102,326,417,453,239,623,594,592,394,105,99,23,41,186,233,251,112,352,346,339,219,38,30,34,65,221,288,304,144,421,423,412,274,63,43,21,41,189,222,246,112,349,340,335,222,40,28,32,48,194,243,262,120,385,372,376,248,42,33,52,86,275,360,370,173,523,510,525,331,73,70,69,96,263,356,367,186,502,493,494,347,74,71,46.0,71.5,242.25,313.88,332.62,160.75,465.25,452.38,452.0,302.0,65.12,56.25
Concrete_0cm_S7,2026-04-02T20:39:54.552768,64,93,284,392,408,200,567,541,543,381,86,76,73,102,326,417,453,239,623,594,592,394,105,99,23,41,186,233,251,112,352,346,339,219,38,30,34,65,221,288,304,144,421,423,412,274,63,43,21,41,189,222,246,112,349,340,335,222,40,28,32,48,194,244,263,120,385,372,377,248,42,33,52,86,275,360,369,173,523,510,525,331,73,70,69,96,263,356,367,186,502,493,494,346,74,71,46.0,71.5,242.25,314.0,332.62,160.75,465.25,452.38,452.12,301.88,65.12,56.25
Concrete_0cm_S7,2026-04-02T20:39:54.715045,64,93,283,393,409,200,567,541,542,381,87,76,73,102,326,416,452,239,622,593,592,394,104,99,23,41,187,233,251,112,352,346,339,219,38,30,34,65,221,288,304,144,421,423,412,275,63,44,22,41,189,222,246,113,350,341,336,221,40,28,32,48,194,244,263,120,386,372,376,248,42,33,52,86,275,360,369,173,523,510,525,331,73,69,69,96,263,356,367,186,502,494,494,346,74,71,46.12,71.5,242.25,314.0,332.62,160.88,465.38,452.5,452.0,301.88,65.12,56.25
Concrete_0cm_S7,2026-04-02T20:39:54.861149,64,93,284,392,409,200,567,541,542,381,87,76,73,102,326,416,452,239,622,594,592,394,104,99,23,41,187,233,251,112,352,346,338,219,38,30,34,66,221,288,304,144,422,423,413,275,64,43,22,41,189,221,246,113,349,340,335,221,40,28,32,48,194,243,262,120,385,372,376,248,42,33,52,86,275,360,369,173,522,510,525,331,73,69,69,96,263,356,367,186,502,494,494,346,74,71,46.12,71.62,242.38,313.62,332.5,160.88,465.12,452.5,451.88,301.88,65.25,56.12
Concrete_0cm_S7,2026-04-02T20:39:55.046098,64,94,284,392,409,200,567,540,542,381,87,76,73,102,326,416,452,239,622,594,592,394,104,99,23,41,187,233,251,112,352,346,338,219,38,30,34,66,221,288,304,144,422,423,413,275,64,43,21,41,189,222,246,112,349,340,335,222,40,28,32,48,194,244,263,120,386,372,376,248,42,33,52,85,275,360,369,174,523,510,525,331,73,70,69,96,263,355,367,186,502,493,494,346,74,71,46.0,71.62,242.38,313.75,332.62,160.88,465.38,452.25,451.88,302.0,65.25,56.25
Concrete_0cm_S7,2026-04-02T20:39:55.206740,64,94,284,392,409,200,567,540,542,381,87,76,73,102,326,416,452,239,623,594,592,394,104,99,23,41,186,233,251,112,352,346,339,219,38,30,34,66,221,288,304,144,422,423,413,275,64,43,22,41,189,222,246,113,350,340,335,221,40,28,32,48,194,244,262,120,386,372,376,248,42,33,52,85,275,360,369,174,523,510,525,331,73,70,69,96,263,355,367,186,502,493,494,346,74,71,46.12,71.62,242.25,313.75,332.5,161.0,465.62,452.25,452.0,301.88,65.25,56.25
Concrete_0cm_S7,2026-04-02T20:39:55.349998,64,93,284,392,409,200,567,541,543,381,87,76,73,102,326,416,452,240,622,594,592,394,105,99,23,41,187,233,251,112,352,346,339,219,38,30,34,66,221,288,303,144,422,424,413,275,63,44,22,41,189,222,246,113,349,340,335,221,40,28,32,48,194,244,263,120,386,372,376,248,42,33,53,86,275,360,369,174,523,510,525,331,73,69,69,96,264,356,367,186,501,494,494,346,74,71,46.25,71.62,242.5,313.88,332.5,161.12,465.25,452.62,452.12,301.88,65.25,56.25
Concrete_0cm_S7,2026-04-02T20:39:55.497037,64,94,284,393,409,200,567,542,543,381,87,76,73,102,326,416,452,240,622,594,592,394,105,99,23,41,187,233,251,112,352,346,339,219,38,30,34,66,221,288,303,144,422,424,413,275,63,44,21,41,189,222,246,113,349,340,335,221,40,28,32,48,194,244,262,120,386,372,376,248,42,33,53,86,274,360,369,174,522,510,525,331,73,70,69,96,263,356,367,186,502,494,494,346,74,71,46.12,71.75,242.25,314.0,332.38,161.12,465.25,452.75,452.12,301.88,65.25,56.38
Concrete_0cm_S7,2026-04-02T20:39:55.670110,64,94,284,393,409,200,567,542,543,381,87,76,73,102,326,416,452,240,622,594,592,394,105,99,23,41,187,233,251,112,352,346,339,219,38,30,34,66,221,288,303,144,422,424,413,275,63,44,21,41,189,222,246,113,349,340,335,221,40,28,32,48,194,244,262,120,386,372,376,248,42,33,53,86,274,360,369,174,522,510,525,331,73,70,69,96,263,356,367,186,502,494,494,346,74,71,46.12,71.75,242.25,314.0,332.38,161.12,465.25,452.75,452.12,301.88,65.25,56.38
Concrete_0cm_S7,2026-04-02T20:39:55.828695,64,94,284,393,409,200,567,542,543,381,87,76,73,102,326,416,452,240,623,594,592,394,105,99,23,41,186,233,251,112,352,346,339,219,38,30,34,66,221,288,303,144,422,424,413,275,63,44,21,41,189,222,246,113,349,340,335,221,40,28,32,48,194,244,262,120,386,372,376,248,42,33,53,86,274,360,369,174,522,510,525,331,73,70,69,96,263,356,367,186,502,494,494,346,74,71,46.12,71.75,242.12,314.0,332.38,161.12,465.38,452.75,452.12,301.88,65.25,56.38
Concrete_0cm_S7,2026-04-02T20:39:55.982060,64,93,283,392,409,200,567,541,542,381,86,76,73,102,326,416,452,240,622,594,592,394,104,99,23,41,187,233,251,112,352,346,339,219,38,30,34,65,221,288,304,144,421,423,413,275,64,44,21,41,189,221,246,113,349,340,335,221,40,28,32,48,194,244,263,120,386,372,376,248,43,33,53,86,274,360,369,174,523,510,525,331,73,70,69,96,263,356,368,186,502,494,495,346,74,71,46.12,71.5,242.12,313.75,332.75,161.12,465.25,452.5,452.12,301.88,65.25,56.38
Concrete_0cm_S7,2026-04-02T20:39:56.130137,64,93,283,393,409,199,567,542,543,381,87,76,73,102,326,416,453,239,623,594,592,394,104,99,23,41,185,233,251,112,352,346,339,219,38,30,34,66,221,288,304,145,421,423,413,275,64,44,21,41,189,222,246,112,349,340,335,221,40,28,32,48,194,244,262,120,386,372,376,248,42,33,53,86,274,360,369,174,523,510,525,331,73,70,69,96,263,356,368,186,502,494,495,346,74,71,46.12,71.62,241.88,314.0,332.75,160.88,465.38,452.62,452.25,301.88,65.25,56.38
Concrete_0cm_S7,2026-04-02T20:39:56.282163,64,93,283,393,409,200,567,541,543,381,87,76,73,102,326,416,452,240,623,594,592,395,105,99,23,41,187,233,251,112,353,346,339,220,38,30,34,66,221,287,304,144,421,423,413,275,63,44,22,41,189,222,245,113,350,340,335,221,40,27,32,48,194,244,262,120,386,372,376,248,42,33,53,86,274,360,369,174,523,510,525,331,73,70,69,96,263,356,368,186,502,494,495,346,74,71,46.25,71.62,242.12,313.88,332.5,161.12,465.62,452.5,452.25,302.12,65.25,56.25
Concrete_0cm_S7,2026-04-02T20:39:56.444623,64,93,283,393,409,200,567,542,542,382,87,76,73,102,326,416,452,239,623,595,592,394,104,99,23,41,187,233,251,112,352,346,339,219,38,30,34,65,221,288,304,144,421,423,413,274,63,43,22,41,189,222,246,113,349,340,335,221,40,28,32,48,194,244,262,120,386,372,376,248,42,33,52,86,275,360,370,173,523,510,525,331,73,70,69,96,263,356,367,186,501,494,495,346,74,71,46.12,71.5,242.25,314.0,332.62,160.88,465.25,452.75,452.12,301.88,65.12,56.25
Concrete_0cm_S7,2026-04-02T20:39:56.594628,64,93,283,392,409,200,567,542,542,381,86,76,73,102,326,416,452,239,623,595,592,394,104,99,23,41,186,233,251,112,352,346,339,220,38,30,34,65,221,288,304,144,421,423,413,274,63,43,22,41,189,222,246,113,349,340,335,221,40,28,32,48,194,244,262,120,386,372,376,248,42,33,52,86,275,360,370,173,523,510,525,331,73,70,69,96,263,356,367,186,501,494,495,346,74,71,46.12,71.5,242.12,313.88,332.62,160.88,465.25,452.75,452.12,301.88,65.0,56.25
Concrete_0cm_S7,2026-04-02T20:39:56.756598,64,93,283,392,409,200,567,542,542,381,86,76,73,102,326,416,452,239,623,595,592,394,104,99,23,41,186,233,251,112,352,346,339,220,38,30,34,66,221,287,304,144,422,423,413,275,63,43,21,41,189,222,246,113,349,340,335,221,40,28,32,48,194,243,262,120,385,372,376,248,42,33,52,86,275,360,370,173,523,510,525,331,73,70,69,96,263,356,367,186,501,494,495,346,74,71,46.0,71.62,242.12,313.62,332.62,160.88,465.25,452.75,452.12,302.0,65.0,56.25
Concrete_0cm_S7,2026-04-02T20:39:56.911407,64,93,284,392,408,200,567,542,542,381,87,76,73,102,326,416,453,239,623,594,592,394,105,99,23,41,186,232,251,112,352,346,339,219,38,30,34,65,221,288,304,144,421,423,412,275,63,43,21,41,189,221,246,113,349,340,335,221,40,28,32,47,194,243,262,120,385,372,376,248,42,33,52,86,274,360,369,174,523,510,526,331,73,70,69,96,263,356,367,186,501,493,494,346,74,71,46.0,71.38,242.12,313.5,332.5,161.0,465.12,452.5,452.0,301.88,65.25,56.25
Concrete_0cm_S7,2026-04-02T20:39:57.058978,64,94,284,393,409,200,567,541,542,381,86,76,73,102,326,416,453,239,623,594,592,394,105,99,23,41,186,233,251,112,352,347,339,219,38,30,34,65,221,288,304,144,421,423,412,275,63,43,21,41,189,221,246,113,349,340,335,221,40,28,32,47,194,243,262,120,385,372,376,248,42,33,52,86,274,360,369,174,523,510,526,331,73,70,69,96,263,356,367,186,501,494,494,346,74,71,46.0,71.5,242.12,313.75,332.62,161.0,465.12,452.62,452.0,301.88,65.12,56.25
Concrete_0cm_S7,2026-04-02T20:39:57.227936,64,93,284,392,409,200,568,542,542,381,87,76,73,102,326,417,453,239,623,595,593,395,105,99,23,41,186,233,251,112,352,346,339,219,38,30,34,65,221,288,304,144,422,423,413,275,64,43,22,41,189,222,246,112,350,340,335,221,40,28,32,48,194,244,262,120,385,372,376,248,42,33,52,86,274,360,369,174,523,510,526,331,73,70,69,96,263,356,367,186,501,494,494,346,74,71,46.12,71.5,242.12,314.0,332.62,160.88,465.5,452.75,452.25,302.0,65.38,56.25
Concrete_0cm_S7,2026-04-02T20:39:57.378435,64,93,284,392,409,200,567,542,542,381,87,76,73,102,326,417,453,239,623,595,593,395,105,99,23,41,186,233,251,112,352,346,339,219,38,30,34,65,221,288,304,144,422,423,413,275,64,43,22,41,189,222,246,112,350,340,335,221,40,28,32,48,194,244,262,120,386,372,377,248,42,33,53,86,274,360,369,173,523,510,525,330,73,70,69,96,263,356,367,186,502,494,494,347,74,71,46.25,71.5,242.12,314.0,332.62,160.75,465.62,452.75,452.25,302.0,65.38,56.25
Concrete_0cm_S7,2026-04-02T20:39:57.535903,64,93,284,392,409,200,567,542,542,381,87,76,73,102,326,417,453,239,623,595,593,395,105,99,23,41,186,233,251,112,352,346,339,219,38,30,34,65,221,288,304,144,422,423,413,275,64,43,22,41,189,222,246,112,350,340,335,221,40,28,32,48,194,244,262,120,386,372,377,248,42,33,53,86,274,360,369,173,523,510,525,330,73,70,69,96,263,356,367,186,502,494,494,347,74,71,46.25,71.5,242.12,314.0,332.62,160.75,465.62,452.75,452.25,302.0,65.38,56.25
Concrete_0cm_S7,2026-04-02T20:39:57.672861,64,93,284,392,409,200,567,542,542,381,87,76,73,102,326,417,453,239,623,595,593,395,105,99,23,41,186,233,251,112,352,346,339,219,38,30,34,65,221,288,304,144,422,423,413,275,64,43,22,41,189,222,246,112,350,340,335,221,40,28,32,48,194,244,262,120,386,372,377,248,42,33,53,86,274,360,369,173,523,510,525,330,73,70,69,96,263,356,367,186,502,494,494,347,74,71,46.25,71.5,242.12,314.0,332.62,160.75,465.62,452.75,452.25,302.0,65.38,56.25
Concrete_0cm_S7,2026-04-02T20:39:57.863321,64,93,284,392,409,200,567,542,542,381,87,76,73,102,326,417,453,239,623,595,593,395,105,99,23,41,186,233,251,112,352,346,339,219,38,30,34,65,221,288,304,144,422,423,413,275,64,43,22,41,189,222,246,112,350,340,335,221,40,28,32,48,194,244,262,120,386,372,377,248,42,33,53,86,274,360,369,173,523,510,525,330,73,70,69,96,263,356,367,186,502,494,494,347,74,71,46.25,71.5,242.12,314.0,332.62,160.75,465.62,452.75,452.25,302.0,65.38,56.25
Concrete_0cm_S7,2026-04-02T20:39:58.027572,64,93,284,392,409,200,567,542,542,381,87,76,73,102,326,417,453,239,623,595,593,395,105,99,23,41,186,233,251,112,352,346,339,219,38,30,34,65,221,288,304,144,422,423,413,275,64,43,22,41,189,222,246,112,350,340,335,221,40,28,32,48,194,244,262,120,386,372,377,248,42,33,53,86,275,360,369,174,523,510,525,331,73,69,69,96,263,355,367,186,501,494,494,346,74,71,46.25,71.5,242.25,313.88,332.62,160.88,465.5,452.75,452.25,302.0,65.38,56.12
Concrete_0cm_S7,2026-04-02T20:39:58.169116,64,93,284,392,409,200,567,542,542,381,87,76,73,102,326,417,453,239,623,595,593,395,105,99,23,41,186,233,251,112,352,346,339,219,38,30,34,65,221,288,304,144,422,423,413,275,64,43,22,41,189,222,246,112,350,340,335,221,40,28,32,48,194,244,262,120,386,372,377,248,42,33,53,86,275,360,369,174,523,510,525,331,73,69,69,96,263,355,367,186,501,494,494,346,74,71,46.25,71.5,242.25,313.88,332.62,160.88,465.5,452.75,452.25,302.0,65.38,56.12
Concrete_0cm_S7,2026-04-02T20:39:58.306028,64,93,284,392,409,200,567,542,542,381,87,76,73,102,326,417,453,239,623,595,593,395,105,99,23,41,186,233,251,112,352,346,339,219,38,30,34,65,221,288,304,144,422,423,413,275,64,43,22,41,189,222,246,112,350,340,335,221,40,28,32,48,194,244,262,120,386,372,377,248,42,33,53,86,275,360,369,174,523,510,525,331,73,69,69,96,263,355,367,186,501,494,494,346,74,71,46.25,71.5,242.25,313.88,332.62,160.88,465.5,452.75,452.25,302.0,65.38,56.12
Concrete_0cm_S7,2026-04-02T20:39:58.444086,64,93,284,392,409,200,567,542,542,381,87,76,73,102,326,417,453,240,622,594,593,395,105,99,23,41,186,233,251,112,352,346,339,219,38,30,34,65,221,288,304,144,422,423,413,275,64,43,22,41,189,222,246,111,350,340,335,221,40,28,32,48,194,244,262,120,386,372,377,248,42,33,52,86,274,360,369,173,523,510,525,331,73,70,69,96,263,356,367,186,502,494,495,346,74,71,46.12,71.5,242.12,314.0,332.62,160.75,465.5,452.62,452.38,302.0,65.38,56.25
Concrete_0cm_S7,2026-04-02T20:39:58.582445,64,93,283,392,409,199,567,542,542,381,87,76,73,102,326,416,453,240,623,594,593,395,105,99,23,41,186,233,251,112,352,347,340,219,38,30,34,66,221,288,304,144,421,423,413,275,64,43,22,41,189,221,245,113,350,340,335,221,40,28,32,48,194,244,263,120,386,372,377,248,42,33,52,86,275,360,370,173,523,511,525,331,73,70,69,96,263,356,368,186,502,494,494,346,74,71,46.12,71.62,242.12,313.75,332.88,160.88,465.5,452.88,452.38,302.0,65.38,56.25
Concrete_0cm_S7,2026-04-02T20:39:58.771873,64,93,283,392,409,199,567,542,542,381,87,76,73,102,326,416,453,240,623,594,593,395,105,99,23,41,186,233,251,112,352,347,340,219,38,30,34,66,221,288,304,144,421,423,413,275,64,43,22,41,189,221,245,113,350,340,335,221,40,28,32,48,194,244,263,120,386,372,377,248,42,33,52,86,275,359,369,173,523,510,525,331,73,69,69,96,263,356,367,186,502,494,494,346,74,71,46.12,71.62,242.12,313.62,332.62,160.88,465.5,452.75,452.38,302.0,65.38,56.12
Concrete_0cm_S7,2026-04-02T20:39:58.923142,64,93,283,392,409,199,567,542,542,381,87,76,73,102,326,416,453,240,623,594,593,395,105,99,23,41,186,233,251,112,352,347,340,219,38,30,34,66,221,288,304,144,421,423,413,275,64,43,22,41,189,221,245,113,350,340,335,221,40,28,32,48,194,244,263,120,386,372,377,248,42,33,52,86,275,359,369,173,523,510,525,331,73,69,69,96,263,356,367,186,502,494,494,346,74,71,46.12,71.62,242.12,313.62,332.62,160.88,465.5,452.75,452.38,302.0,65.38,56.12
Concrete_0cm_S7,2026-04-02T20:39:59.074221,64,93,283,392,409,200,568,541,542,381,86,76,73,102,326,416,453,240,623,594,593,395,105,99,23,41,186,233,251,112,352,347,340,219,38,30,34,66,221,288,304,144,421,423,413,275,64,43,22,41,189,221,245,113,350,340,335,221,40,28,32,48,194,244,263,120,386,372,377,248,42,33,52,86,275,359,369,173,523,510,525,331,73,69,69,96,262,356,367,186,501,494,494,346,74,71,46.12,71.62,242.0,313.62,332.62,161.0,465.5,452.62,452.38,302.0,65.25,56.12
Concrete_0cm_S7,2026-04-02T20:39:59.233254,64,93,283,392,409,200,568,541,542,381,86,76,73,102,326,416,453,240,622,594,592,394,105,99,23,41,186,233,251,112,352,346,339,219,38,30,34,65,221,288,303,144,422,423,413,275,64,43,22,41,189,222,246,113,349,340,335,221,40,28,32,48,194,244,262,120,386,372,376,248,42,33,52,86,275,360,369,173,523,511,525,331,73,70,69,96,262,356,367,186,501,494,494,346,74,71,46.12,71.5,242.0,313.88,332.5,161.0,465.38,452.62,452.0,301.88,65.25,56.25
Concrete_0cm_S7,2026-04-02T20:39:59.389681,63,93,284,392,409,200,567,542,542,381,87,76,73,102,326,416,453,240,622,594,592,394,105,99,23,41,186,233,251,112,353,346,339,219,38,30,34,65,221,288,304,144,421,423,412,275,64,44,22,41,189,222,246,113,350,340,335,221,40,28,32,48,194,244,263,120,386,372,377,248,43,33,52,86,275,360,369,173,523,510,525,331,73,69,69,96,262,356,367,186,501,494,494,346,74,71,46.0,71.5,242.12,313.88,332.75,161.0,465.38,452.62,452.0,301.88,65.5,56.25
Concrete_0cm_S7,2026-04-02T20:39:59.535859,63,93,284,392,409,200,567,542,542,381,87,76,73,102,326,416,453,240,622,594,592,394,105,99,23,41,186,233,251,112,353,346,339,219,38,30,34,65,221,288,304,144,421,423,412,275,64,44,22,41,189,222,246,113,350,340,335,221,40,28,32,48,194,244,263,120,386,372,377,248,43,33,52,86,275,360,369,173,523,510,525,331,73,69,69,96,262,356,367,186,501,494,494,346,74,71,46.0,71.5,242.12,313.88,332.75,161.0,465.38,452.62,452.0,301.88,65.5,56.25
Concrete_0cm_S7,2026-04-02T20:39:59.718355,63,93,284,392,409,200,567,542,542,381,87,76,73,102,326,417,452,239,623,594,592,394,104,99,23,41,186,233,251,112,352,346,339,219,38,30,34,65,221,288,304,144,421,423,412,275,64,44,22,41,189,222,246,113,350,340,335,221,40,28,32,48,194,244,263,120,386,372,377,248,43,33,52,86,275,360,369,173,523,510,525,331,73,69,69,96,262,356,367,186,501,494,494,346,74,71,46.0,71.5,242.12,314.0,332.62,160.88,465.38,452.62,452.0,301.88,65.38,56.25
Concrete_0cm_S7,2026-04-02T20:39:59.868175,64,93,284,392,409,200,567,542,542,381,86,76,73,102,326,417,453,239,623,595,593,394,105,99,23,41,187,233,251,112,353,346,339,219,38,30,34,66,221,288,304,144,421,423,413,275,64,43,21,41,189,222,246,113,349,340,335,221,40,28,32,48,194,244,262,121,386,372,376,248,42,33,52,86,275,360,369,173,523,510,525,331,73,70,69,96,263,356,368,186,502,494,493,346,74,71,46.0,71.62,242.38,314.0,332.75,161.0,465.5,452.75,452.0,301.88,65.25,56.25
Concrete_0cm_S7,2026-04-02T20:40:00.033434,64,93,284,392,409,200,567,542,542,381,86,76,73,102,326,417,453,239,623,595,593,394,105,99,23,41,186,233,251,112,352,346,339,219,38,30,34,66,221,288,304,144,422,423,413,275,63,44,22,41,189,222,246,113,349,340,335,221,40,27,32,47,194,244,262,120,385,372,376,248,42,33,52,86,275,360,369,173,523,510,525,331,73,70,69,96,263,356,368,186,502,494,493,346,74,71,46.12,71.5,242.25,314.0,332.75,160.88,465.38,452.75,452.0,301.88,65.12,56.25
Concrete_0cm_S7,2026-04-02T20:40:00.186214,64,93,284,392,409,200,567,542,542,381,86,76,73,102,326,417,453,239,623,595,593,394,105,99,23,41,186,233,251,112,352,346,339,219,38,30,34,66,221,288,304,144,422,423,413,275,63,44,22,41,189,222,246,113,349,340,335,221,40,27,32,47,194,244,262,120,385,372,376,248,42,33,52,86,275,360,369,173,523,510,525,331,73,70,69,96,263,356,368,186,502,494,493,346,74,71,46.12,71.5,242.25,314.0,332.75,160.88,465.38,452.75,452.0,301.88,65.12,56.25
Concrete_0cm_S7,2026-04-02T20:40:00.326382,64,94,283,392,409,200,567,541,543,381,87,76,73,102,327,416,452,240,622,594,592,394,104,99,23,41,187,233,251,112,353,346,339,219,38,30,34,66,221,288,304,144,422,423,413,275,64,44,21,41,189,222,246,112,350,340,336,221,40,28,32,48,194,244,262,120,386,372,376,248,42,33,52,86,274,360,369,173,522,510,525,330,73,69,69,96,263,356,367,186,502,493,495,346,74,71,46.0,71.75,242.25,313.88,332.5,160.88,465.5,452.38,452.38,301.75,65.25,56.25
Concrete_0cm_S7,2026-04-02T20:40:00.478458,64,94,283,392,409,200,567,541,543,381,87,76,73,102,326,417,452,240,623,594,593,395,105,99,23,41,187,233,251,112,352,346,339,219,38,30,34,66,221,288,305,144,422,424,413,275,63,44,22,41,189,222,246,113,349,340,335,221,40,28,32,48,194,243,262,120,386,372,376,248,42,33,52,86,274,360,369,173,522,510,525,330,73,69,69,96,263,356,367,186,502,493,495,346,74,71,46.12,71.75,242.12,313.88,332.62,161.0,465.38,452.5,452.38,301.88,65.25,56.25
Concrete_0cm_S7,2026-04-02T20:40:00.648910,64,94,283,392,409,200,567,541,543,381,87,76,73,102,326,417,452,240,623,594,593,395,105,99,23,41,187,233,251,112,352,346,339,219,38,30,34,66,221,288,305,144,422,424,413,275,63,44,22,41,189,222,246,113,349,340,335,221,40,28,32,48,194,243,262,120,386,372,376,248,42,33,53,86,275,360,369,173,524,510,526,331,73,70,69,96,264,356,367,186,502,494,494,346,74,71,46.25,71.75,242.38,313.88,332.62,161.0,465.62,452.62,452.38,302.0,65.25,56.38
Concrete_0cm_S7,2026-04-02T20:40:00.801982,64,94,283,393,409,200,567,541,542,382,87,76,73,102,326,417,453,240,623,595,593,394,105,99,23,41,186,233,251,112,352,347,339,219,38,30,34,65,221,288,304,144,421,423,413,275,64,44,22,41,189,222,246,113,349,340,335,221,40,28,32,48,194,244,262,120,386,372,376,248,42,33,52,86,275,359,369,173,522,510,525,331,73,69,69,96,264,356,367,186,502,494,494,346,74,71,46.12,71.62,242.25,314.0,332.62,161.0,465.25,452.75,452.12,302.0,65.38,56.25
Concrete_0cm_S7,2026-04-02T20:40:00.949756,63,94,284,392,409,200,567,541,543,381,86,76,74,102,326,416,452,240,623,594,592,394,105,99,23,41,186,233,251,112,352,347,339,219,38,30,34,65,221,288,304,144,421,423,413,275,64,44,22,41,189,222,246,113,349,340,335,221,40,28,32,48,194,244,262,120,386,372,376,248,42,33,52,86,275,359,369,173,522,510,525,331,73,69,69,96,263,356,367,186,501,494,495,346,74,71,46.12,71.62,242.25,313.75,332.5,161.0,465.12,452.62,452.25,301.88,65.25,56.25
Concrete_0cm_S7,2026-04-02T20:40:01.104735,64,94,283,392,409,200,567,541,542,381,87,76,73,102,326,416,452,239,622,594,591,394,104,99,23,41,187,233,251,112,351,346,339,219,38,30,34,66,221,288,304,144,421,423,413,275,63,43,22,41,189,222,246,112,349,340,335,221,40,28,32,48,194,244,262,120,386,372,377,248,42,33,53,86,275,359,369,173,523,510,526,331,73,70,69,96,263,356,367,186,502,493,493,346,74,71,46.25,71.75,242.25,313.75,332.5,160.75,465.12,452.38,452.0,301.88,65.12,56.25
Concrete_0cm_S7,2026-04-02T20:40:01.248198,64,94,283,392,409,200,567,541,542,381,87,76,73,102,326,416,452,239,622,594,591,394,104,99,23,41,187,233,251,112,351,346,339,219,38,30,34,66,221,288,304,144,421,423,413,275,63,43,21,41,189,222,246,113,349,340,336,221,40,28,32,48,194,244,262,120,386,372,376,248,42,33,53,86,275,359,369,173,523,510,526,331,73,70,69,96,263,356,367,186,502,493,493,346,74,71,46.12,71.75,242.25,313.75,332.5,160.88,465.12,452.38,452.0,301.88,65.12,56.25
Concrete_0cm_S7,2026-04-02T20:40:01.397621,64,94,284,392,409,200,567,541,543,381,86,76,73,102,326,416,452,240,623,594,592,394,105,99,23,41,187,233,251,112,352,346,339,219,38,30,34,66,221,288,304,145,421,423,413,275,64,43,22,41,189,222,246,113,349,340,336,221,40,28,32,48,194,244,262,120,386,372,377,248,42,33,52,86,275,359,369,173,523,510,525,331,73,70,69,96,263,356,367,186,502,493,494,346,74,71,46.12,71.75,242.38,313.75,332.5,161.12,465.38,452.38,452.38,301.88,65.25,56.25
Concrete_0cm_S7,2026-04-02T20:40:01.590413,64,93,283,393,409,200,567,541,542,381,87,76,73,102,326,417,452,240,623,594,592,394,104,99,23,41,187,233,251,112,352,346,339,219,38,30,34,66,221,288,304,144,422,423,413,275,63,43,22,41,189,222,246,113,350,339,335,221,40,28,32,48,194,243,262,120,385,372,376,248,42,33,52,86,275,359,369,173,523,510,525,331,73,70,69,96,263,356,368,186,502,494,495,346,74,71,46.12,71.62,242.25,313.88,332.62,161.0,465.5,452.38,452.12,301.88,65.12,56.25
Concrete_0cm_S7,2026-04-02T20:40:01.736048,64,93,284,392,408,200,567,542,542,381,87,76,73,102,327,417,452,239,623,595,592,394,104,99,23,41,187,233,251,112,352,346,339,219,38,30,34,65,221,288,304,144,421,423,413,275,64,43,21,41,189,222,246,113,349,340,335,221,40,28,32,48,194,243,262,120,385,372,376,248,42,33,52,86,275,359,369,173,523,510,525,331,73,70,69,96,264,356,367,186,502,494,494,346,74,71,46.0,71.5,242.62,313.75,332.38,160.88,465.25,452.75,452.0,301.88,65.25,56.25
Concrete_0cm_S7,2026-04-02T20:40:01.880716,64,93,284,392,408,200,567,542,542,381,87,76,73,102,327,417,452,239,623,595,592,394,104,99,23,41,187,233,251,112,352,346,339,219,38,30,34,65,221,288,304,144,421,423,413,275,64,43,21,41,189,222,246,113,349,340,335,221,40,28,32,48,194,243,262,120,385,372,376,248,42,33,52,86,275,359,369,173,523,510,525,331,73,70,69,96,264,356,367,186,502,494,494,346,74,71,46.0,71.5,242.62,313.75,332.38,160.88,465.25,452.75,452.0,301.88,65.25,56.25
Concrete_0cm_S7,2026-04-02T20:40:02.020773,64,93,283,392,409,199,567,541,542,382,86,76,73,102,327,417,453,239,623,594,592,395,104,99,23,41,186,233,251,112,352,346,339,219,38,30,34,66,221,288,304,144,421,423,413,275,64,44,22,41,189,222,246,112,349,340,335,221,40,28,32,48,194,243,262,120,385,372,376,248,42,33,52,86,275,360,369,173,523,510,526,331,73,70,69,96,263,356,368,186,502,494,494,346,74,71,46.12,71.62,242.25,313.88,332.75,160.62,465.25,452.5,452.12,302.12,65.12,56.38
Concrete_0cm_S7,2026-04-02T20:40:02.196805,64,93,284,393,409,200,568,542,542,382,87,76,73,102,327,417,453,239,623,594,592,395,104,99,23,41,186,233,251,112,352,346,339,219,38,30,34,66,221,288,304,144,421,423,413,275,64,44,22,41,189,222,246,112,349,340,335,221,40,28,32,48,194,243,262,120,385,372,376,248,42,33,52,86,275,360,369,173,523,510,524,331,73,69,69,96,263,356,368,186,502,494,494,346,74,71,46.12,71.62,242.38,314.0,332.75,160.75,465.38,452.62,451.88,302.12,65.25,56.25
Concrete_0cm_S7,2026-04-02T20:40:02.336047,64,93,284,393,409,200,568,542,542,381,87,76,73,102,327,417,453,239,623,595,593,394,104,99,23,41,187,233,251,112,353,346,339,219,38,30,34,66,221,288,304,144,421,423,413,275,64,43,22,41,189,222,246,112,350,340,335,221,40,28,32,48,194,244,262,120,386,372,376,248,42,33,52,86,275,360,369,173,523,510,524,331,73,69,69,96,263,356,368,186,502,494,494,346,74,71,46.12,71.62,242.5,314.12,332.75,160.75,465.75,452.75,452.0,301.88,65.25,56.12
Concrete_0cm_S7,2026-04-02T20:40:02.488498,64,94,284,393,409,200,568,542,543,382,87,76,73,102,326,417,453,239,623,594,593,395,105,99,23,41,187,233,251,112,353,346,339,219,38,30,34,66,221,288,304,144,421,423,413,275,64,43,22,41,189,222,246,112,350,340,335,221,40,28,32,48,194,244,262,120,386,372,376,248,42,33,53,86,275,360,370,174,523,511,526,331,73,70,69,96,263,356,368,186,502,494,494,346,74,71,46.25,71.75,242.38,314.12,332.88,160.88,465.75,452.75,452.38,302.12,65.38,56.25
Concrete_0cm_S7,2026-04-02T20:40:02.659283,63,93,283,393,408,200,567,542,543,381,86,76,73,102,326,416,452,239,623,594,592,394,105,99,23,41,187,233,251,112,352,346,339,220,38,30,34,66,221,288,304,144,421,423,413,275,64,43,22,41,189,222,246,112,350,340,335,221,40,28,32,48,194,244,262,120,386,372,376,248,42,33,53,86,275,360,370,174,523,511,526,331,73,70,69,96,263,356,368,186,502,494,494,346,74,71,46.12,71.62,242.25,314.0,332.62,160.88,465.5,452.75,452.25,302.0,65.25,56.25
Concrete_0cm_S7,2026-04-02T20:40:02.813385,63,93,283,393,408,200,567,542,543,381,86,76,73,102,326,416,452,239,623,594,592,394,105,99,23,41,187,233,251,112,352,346,339,220,38,30,34,66,221,288,304,144,421,423,413,275,64,43,22,41,189,222,246,112,350,340,335,221,40,28,32,48,194,244,263,120,386,372,376,248,42,33,53,86,275,360,370,174,523,510,526,331,73,70,69,96,263,356,367,186,502,494,494,346,74,71,46.12,71.62,242.25,314.0,332.62,160.88,465.5,452.62,452.25,302.0,65.25,56.25
Concrete_0cm_S7,2026-04-02T20:40:02.963273,64,93,284,393,409,200,567,542,542,381,87,76,73,102,326,417,452,239,623,594,592,394,104,99,23,41,186,233,251,112,352,346,339,219,38,30,34,66,221,288,304,144,421,423,413,275,63,43,22,41,189,222,245,112,350,340,335,221,40,28,32,48,194,244,262,120,386,372,376,248,42,33,52,86,275,360,369,173,523,510,525,331,73,69,69,96,263,356,367,186,502,493,494,346,74,71,46.12,71.62,242.25,314.12,332.38,160.75,465.5,452.5,452.0,301.88,65.12,56.12
Concrete_0cm_S7,2026-04-02T20:40:03.101922,64,93,284,393,409,200,568,542,543,381,86,76,73,102,326,417,452,239,623,594,592,394,104,99,23,41,187,233,251,112,353,346,340,219,38,30,34,66,221,288,304,144,421,423,413,275,63,43,22,41,189,222,246,112,350,340,335,221,40,28,32,48,194,243,262,120,386,372,376,248,42,33,52,86,275,359,369,173,522,510,525,331,73,70,69,96,263,356,367,186,501,494,494,346,74,71,46.12,71.62,242.38,313.88,332.5,160.75,465.5,452.62,452.25,301.88,65.0,56.25
Concrete_0cm_S7,2026-04-02T20:40:03.242382,64,93,284,393,409,200,568,542,543,381,86,76,73,102,326,417,452,239,623,594,592,394,104,99,23,41,187,233,251,112,353,346,340,219,38,30,34,66,221,288,304,144,421,423,413,275,63,43,22,41,189,222,246,112,350,340,335,221,40,28,32,48,194,243,262,120,386,372,376,248,42,33,52,86,274,360,369,173,522,510,525,331,73,69,69,96,263,356,367,186,502,493,494,346,74,71,46.12,71.62,242.25,314.0,332.5,160.75,465.62,452.5,452.25,301.88,65.0,56.12
Concrete_0cm_S7,2026-04-02T20:40:03.384570,64,93,284,392,409,200,567,542,542,381,87,76,73,102,326,417,452,239,623,594,592,394,104,99,23,41,187,233,251,112,353,346,339,219,38,30,34,66,221,289,304,144,422,423,413,275,63,43,22,41,189,221,246,111,349,340,336,221,40,28,32,48,195,244,262,120,386,372,376,248,42,33,52,86,275,360,369,174,523,510,525,331,73,70,69,96,263,356,368,186,502,493,494,346,74,71,46.12,71.62,242.5,314.0,332.62,160.75,465.62,452.5,452.12,301.88,65.12,56.25
Concrete_0cm_S7,2026-04-02T20:40:03.571764,64,94,284,392,409,200,567,541,543,381,87,76,73,102,326,417,452,239,623,594,592,394,104,99,23,41,187,233,251,112,353,346,339,219,38,30,34,66,221,289,304,144,422,423,413,275,63,43,22,41,189,221,246,113,349,340,335,221,40,28,32,48,194,244,262,120,386,372,376,248,42,33,53,86,275,360,369,173,523,511,526,331,73,70,69,96,263,356,367,186,502,494,494,346,74,71,46.25,71.75,242.38,314.0,332.5,160.88,465.62,452.62,452.25,301.88,65.12,56.25
Concrete_0cm_S7,2026-04-02T20:40:03.727688,64,94,284,392,409,200,567,541,543,381,87,76,73,102,326,417,452,239,623,594,592,394,104,99,23,41,187,233,251,112,352,346,339,219,38,30,34,66,221,289,304,144,422,423,413,275,63,43,22,41,189,221,246,113,349,340,335,221,40,28,32,48,194,244,262,120,386,372,376,248,42,33,53,86,275,360,369,173,523,511,526,331,73,70,69,96,263,356,367,186,502,494,494,346,74,71,46.25,71.75,242.38,314.0,332.5,160.88,465.5,452.62,452.25,301.88,65.12,56.25
Concrete_0cm_S7,2026-04-02T20:40:03.884176,64,94,284,392,409,200,567,541,543,381,87,76,73,102,326,417,452,239,623,594,592,394,104,99,23,41,187,233,251,112,352,346,339,219,38,30,34,66,221,289,304,144,422,423,413,275,63,43,22,41,189,221,246,113,349,340,335,221,40,28,32,48,194,244,262,120,386,372,376,248,42,33,53,86,275,360,369,173,523,511,526,331,73,70,69,96,263,356,367,186,502,494,494,346,74,71,46.25,71.75,242.38,314.0,332.5,160.88,465.5,452.62,452.25,301.88,65.12,56.25
Concrete_0cm_S7,2026-04-02T20:40:04.042329,64,94,284,392,409,200,567,541,543,381,87,76,73,102,326,417,452,239,623,594,592,394,104,99,23,41,187,233,251,112,352,346,339,219,38,30,34,66,221,289,304,144,422,423,413,275,63,43,22,41,189,221,246,113,349,340,335,221,40,28,32,48,194,244,262,120,386,372,376,248,42,33,53,86,275,360,369,173,523,511,526,331,73,70,69,96,263,356,367,186,502,494,494,346,74,71,46.25,71.75,242.38,314.0,332.5,160.88,465.5,452.62,452.25,301.88,65.12,56.25
Concrete_0cm_S7,2026-04-02T20:40:04.187209,64,94,284,392,409,200,567,541,543,381,87,76,73,102,326,417,453,240,623,595,593,394,105,99,23,41,187,233,251,112,352,346,339,219,38,30,34,66,221,288,304,144,422,423,413,275,63,44,21,41,189,222,246,113,349,340,335,221,40,28,32,48,194,244,262,120,386,372,376,248,42,33,53,86,275,360,369,174,523,510,525,331,73,70,69,95,263,356,367,186,501,494,494,346,74,71,46.12,71.62,242.38,314.0,332.62,161.12,465.38,452.62,452.25,301.88,65.25,56.38
Concrete_0cm_S7,2026-04-02T20:40:04.344084,64,94,284,392,409,200,567,541,543,381,87,76,73,102,326,417,453,240,623,595,593,394,105,99,23,41,187,233,251,112,352,346,339,219,38,30,34,66,221,288,304,144,422,423,413,275,63,44,21,41,189,222,246,113,349,340,335,221,40,28,32,48,194,244,262,120,386,373,376,248,42,33,52,86,275,359,369,173,523,509,525,331,73,69,69,96,263,356,368,186,502,493,494,346,74,71,46.0,71.75,242.38,313.88,332.75,161.0,465.5,452.5,452.25,301.88,65.25,56.25
Concrete_0cm_S7,2026-04-02T20:40:04.528820,64,94,283,393,409,200,567,541,542,381,87,76,73,102,327,417,452,239,623,595,593,394,105,99,23,41,187,233,251,112,352,346,339,219,38,30,34,66,221,288,304,144,422,423,413,275,63,44,22,41,189,222,246,113,350,340,336,221,40,28,32,48,194,244,262,120,386,372,376,248,42,33,52,86,275,360,369,173,523,510,526,331,73,69,69,96,263,356,367,186,501,493,493,346,74,71,46.12,71.75,242.38,314.12,332.5,160.88,465.5,452.5,452.25,301.88,65.25,56.25
Concrete_0cm_S7,2026-04-02T20:40:04.680517,64,94,283,392,409,200,568,542,543,381,86,76,73,102,327,417,452,239,623,595,593,394,105,99,23,41,187,232,251,112,352,346,339,219,38,30,34,66,221,288,304,144,422,423,413,275,63,44,22,41,189,222,246,113,350,340,336,221,40,28,32,48,194,244,262,120,386,372,376,248,42,33,53,86,275,360,369,173,523,510,525,331,73,69,69,96,263,356,367,186,501,493,494,345,74,71,46.25,71.75,242.38,313.88,332.5,160.88,465.62,452.62,452.38,301.75,65.12,56.25
Concrete_0cm_S7,2026-04-02T20:40:04.831926,64,94,283,392,409,200,568,542,543,381,86,76,73,102,327,417,452,239,623,595,593,394,105,99,23,41,187,233,251,112,353,347,339,219,38,30,34,66,221,288,304,145,421,423,413,275,64,43,22,41,189,222,246,113,350,340,335,221,40,28,32,48,194,244,263,120,386,372,376,248,42,33,52,86,274,359,369,173,523,510,525,331,73,69,69,96,263,356,367,186,501,493,494,345,74,71,46.12,71.75,242.25,313.88,332.62,161.0,465.62,452.75,452.25,301.75,65.25,56.12
Concrete_0cm_S7,2026-04-02T20:40:05.025493,64,93,283,392,410,200,567,541,543,381,87,76,73,102,326,417,453,240,623,594,592,394,105,99,23,41,187,233,251,112,353,347,339,219,38,30,34,66,221,288,304,145,421,423,413,275,64,43,22,41,189,222,246,113,350,340,335,221,40,28,32,48,194,244,263,120,386,372,376,248,42,33,52,86,275,360,369,173,523,510,525,331,73,70,69,96,263,356,367,186,502,493,494,345,74,71,46.12,71.62,242.25,314.0,332.88,161.12,465.62,452.5,452.12,301.75,65.38,56.25
Concrete_0cm_S7,2026-04-02T20:40:05.167454,64,93,283,392,410,200,567,541,543,381,87,76,73,102,326,417,453,240,623,594,592,394,105,99,23,41,187,233,251,112,353,347,339,219,38,30,34,66,221,288,304,143,422,423,413,275,64,43,22,41,189,222,246,113,349,340,335,221,40,28,32,48,194,244,263,120,385,371,376,248,42,33,53,86,275,360,369,174,523,510,525,331,73,69,69,96,263,356,367,186,502,493,494,345,74,71,46.25,71.62,242.25,314.0,332.88,161.0,465.5,452.38,452.12,301.75,65.38,56.12
Concrete_0cm_S7,2026-04-02T20:40:05.321788,64,93,283,393,409,199,567,541,542,381,87,76,73,102,326,417,452,239,623,594,592,394,104,99,23,41,187,233,251,112,353,347,339,219,38,30,34,66,221,288,304,143,422,423,413,275,64,43,22,41,189,222,246,113,349,340,335,221,40,28,32,48,194,244,263,120,385,371,376,248,42,33,53,86,275,360,369,174,523,510,525,331,73,69,69,96,263,356,367,186,502,493,494,345,74,71,46.25,71.62,242.25,314.12,332.62,160.75,465.5,452.38,452.0,301.75,65.25,56.12
Concrete_0cm_S7,2026-04-02T20:40:05.500536,64,93,283,393,409,199,567,541,542,381,87,76,73,102,326,417,452,239,622,594,592,394,104,99,23,41,187,233,252,112,353,346,340,219,38,30,34,66,221,288,304,144,421,423,413,275,63,44,22,41,189,222,246,113,349,340,335,221,40,28,32,48,194,244,262,120,386,372,376,248,42,33,53,86,275,360,369,174,522,511,525,331,73,70,69,96,263,356,367,186,502,493,494,346,74,71,46.25,71.62,242.25,314.12,332.62,160.88,465.25,452.5,452.12,301.88,65.12,56.38
Concrete_0cm_S7,2026-04-02T20:40:05.656991,64,93,283,392,409,200,567,541,542,381,87,76,73,102,326,417,453,240,622,594,592,394,105,99,23,41,187,233,252,112,353,346,340,219,38,30,34,66,221,288,304,144,421,423,413,275,63,44,22,41,189,222,246,113,349,340,335,221,40,28,32,48,194,244,262,120,386,372,376,248,42,33,53,86,275,360,369,174,523,510,525,331,73,69,69,96,263,356,367,186,502,493,494,346,74,71,46.25,71.62,242.25,314.0,332.75,161.12,465.38,452.38,452.12,301.88,65.25,56.25
Concrete_0cm_S7,2026-04-02T20:40:05.816778,64,93,283,392,409,200,567,541,542,381,87,76,73,102,326,416,452,239,623,594,592,394,104,99,23,41,187,233,252,112,353,346,340,219,38,30,34,66,221,288,304,144,421,423,413,275,63,44,22,41,189,222,246,113,349,340,335,221,40,28,32,48,194,244,262,120,386,372,376,248,42,33,53,86,275,360,369,174,523,510,525,331,73,69,69,96,263,356,367,186,502,493,494,346,74,71,46.25,71.62,242.25,313.88,332.62,161.0,465.5,452.38,452.12,301.88,65.12,56.25
Concrete_0cm_S7,2026-04-02T20:40:05.954293,64,93,283,392,409,200,567,541,542,380,86,76,73,102,326,416,452,239,623,594,592,394,104,99,23,41,187,233,251,112,353,346,339,219,38,30,34,66,221,288,304,144,421,423,413,275,63,43,22,41,189,222,246,112,350,340,336,221,40,28,32,48,194,243,262,120,385,372,376,248,42,33,53,86,275,360,369,174,523,510,525,331,73,69,69,95,263,356,367,186,502,494,494,346,74,71,46.25,71.5,242.25,313.75,332.5,160.88,465.5,452.5,452.12,301.75,65.0,56.12
Concrete_0cm_S7,2026-04-02T20:40:06.106676,64,93,283,392,409,200,567,541,542,380,86,76,73,102,326,416,452,239,623,594,592,394,104,99,23,41,187,233,251,112,353,346,339,219,38,30,34,66,221,288,304,144,421,423,413,275,63,43,22,41,189,222,246,113,349,340,335,222,40,28,32,48,194,244,263,120,386,372,376,248,42,33,52,86,275,359,369,173,523,510,525,330,73,70,69,95,263,356,367,186,502,494,494,346,74,71,46.12,71.5,242.25,313.75,332.62,160.88,465.5,452.5,452.0,301.75,65.0,56.25
Concrete_0cm_S7,2026-04-02T20:40:06.255487,64,93,283,392,409,200,567,540,542,381,87,76,73,102,326,416,452,239,623,594,592,394,104,99,23,41,187,233,251,112,352,346,339,219,38,30,34,66,221,288,304,144,421,423,413,275,63,44,21,41,189,222,246,113,350,340,335,221,40,28,32,48,194,244,262,120,386,371,376,248,42,33,52,86,275,360,369,173,523,510,525,331,73,70,69,96,263,355,367,186,502,494,494,346,74,71,46.0,71.62,242.25,313.75,332.5,160.88,465.5,452.25,452.0,301.88,65.12,56.38
Concrete_0cm_S7,2026-04-02T20:40:06.424994,64,93,283,392,409,200,567,540,542,381,87,76,73,102,326,417,452,239,622,594,592,394,105,99,23,41,187,233,251,111,352,346,339,219,38,30,34,66,221,289,304,144,422,423,413,275,63,43,22,41,189,222,246,113,349,340,335,221,40,28,32,48,194,243,262,120,386,372,376,247,42,33,52,86,274,360,369,173,522,510,525,330,73,69,69,96,263,356,367,186,502,494,494,346,74,71,46.12,71.62,242.12,314.0,332.5,160.75,465.25,452.38,452.0,301.62,65.25,56.12
Concrete_0cm_S7,2026-04-02T20:40:06.580177,64,93,283,392,409,200,567,540,542,381,87,76,73,102,326,417,452,239,622,594,592,394,105,99,23,41,187,233,251,111,352,346,339,219,38,30,34,66,221,288,304,144,422,423,413,275,64,44,21,41,189,222,246,112,349,340,335,221,40,28,32,47,194,244,262,120,386,372,376,248,42,33,52,86,274,360,369,173,522,510,525,330,73,69,69,96,263,356,368,186,502,494,494,346,74,71,46.0,71.5,242.12,314.0,332.62,160.62,465.25,452.38,452.0,301.75,65.38,56.25
Concrete_0cm_S7,2026-04-02T20:40:06.737566,64,93,283,392,409,200,567,540,542,381,87,76,73,102,326,417,452,239,622,594,592,394,105,99,23,41,187,233,251,111,352,346,339,219,38,30,34,66,221,288,304,144,422,423,413,275,64,44,21,41,189,222,246,112,349,340,335,221,40,28,32,47,194,244,262,120,386,372,376,248,42,33,52,86,274,360,369,173,522,510,525,330,73,69,69,96,263,356,368,186,502,494,494,346,74,71,46.0,71.5,242.12,314.0,332.62,160.62,465.25,452.38,452.0,301.75,65.38,56.25
Concrete_0cm_S7,2026-04-02T20:40:06.898490,64,94,284,393,409,200,567,542,543,381,87,76,73,102,327,417,452,240,623,594,592,394,105,99,23,41,186,233,251,112,352,346,339,219,38,30,34,66,220,287,304,144,421,423,413,275,64,43,22,41,189,222,246,113,350,340,335,221,40,28,32,48,194,243,262,120,386,372,376,248,42,33,52,86,275,360,369,173,523,510,525,331,73,70,69,95,263,357,367,186,501,493,494,346,74,71,46.12,71.62,242.25,314.0,332.5,161.0,465.38,452.5,452.12,301.88,65.38,56.25
Concrete_0cm_S7,2026-04-02T20:40:07.043572,64,93,284,392,409,200,567,542,543,381,87,76,73,102,326,417,453,239,622,594,592,394,104,99,23,41,187,233,251,112,352,346,339,219,38,30,34,65,221,288,304,145,421,422,413,275,64,43,22,41,189,222,246,113,349,340,335,221,40,28,32,48,194,244,262,120,385,372,376,248,42,33,53,86,275,359,368,173,523,510,525,331,73,70,69,96,263,356,367,186,501,494,494,346,74,71,46.25,71.5,242.38,313.88,332.5,161.0,465.0,452.5,452.12,301.88,65.25,56.25
Concrete_0cm_S7,2026-04-02T20:40:07.197944,64,93,284,392,409,200,567,542,543,381,87,76,73,102,326,417,453,239,622,594,592,394,104,99,23,41,187,233,251,112,352,346,339,219,38,30,34,65,221,288,304,145,421,422,413,275,64,43,22,41,189,222,246,113,349,340,335,221,40,28,32,48,194,244,262,120,385,372,376,248,42,33,53,86,275,359,368,173,523,510,525,331,73,70,69,96,263,356,367,186,501,494,494,346,74,71,46.25,71.5,242.38,313.88,332.5,161.0,465.0,452.5,452.12,301.88,65.25,56.25
Concrete_0cm_S7,2026-04-02T20:40:07.356811,64,93,284,392,409,200,567,542,543,381,87,76,73,102,326,417,453,239,622,594,592,394,104,99,23,41,187,233,251,112,352,346,339,219,38,30,34,65,221,288,304,145,421,422,413,275,64,43,22,41,189,222,246,113,349,340,335,221,40,28,32,48,194,244,262,120,386,372,376,248,42,33,53,86,275,359,368,173,523,510,525,331,73,70,69,96,263,356,368,186,502,494,494,346,74,71,46.25,71.5,242.38,313.88,332.62,161.0,465.25,452.5,452.12,301.88,65.25,56.25
Concrete_0cm_S7,2026-04-02T20:40:07.520278,64,94,284,393,409,200,567,542,543,381,86,76,73,102,326,417,453,240,623,594,592,394,104,99,23,41,187,233,251,112,352,346,339,219,38,30,34,66,221,288,304,144,421,422,413,275,64,43,22,41,189,222,246,113,349,340,335,221,40,28,32,48,194,244,263,120,385,372,376,248,42,33,53,86,275,359,368,173,523,510,525,331,73,70,69,96,263,356,368,186,502,494,494,346,74,71,46.25,71.75,242.38,314.0,332.75,161.0,465.25,452.5,452.12,301.88,65.12,56.25
Concrete_0cm_S7,2026-04-02T20:40:07.661288,64,93,284,393,409,200,567,542,543,381,86,76,73,102,326,416,452,239,622,594,592,394,104,99,23,41,187,233,251,112,352,346,339,219,38,30,34,66,221,288,304,144,421,422,413,275,64,43,22,41,189,222,246,113,349,340,335,221,40,28,32,48,194,244,263,120,385,372,376,248,42,33,52,86,275,360,369,173,523,510,525,330,73,69,69,96,263,356,367,186,502,493,494,346,74,71,46.12,71.62,242.38,314.0,332.62,160.88,465.12,452.38,452.12,301.75,65.12,56.12
Concrete_0cm_S7,2026-04-02T20:40:07.801554,64,94,284,392,409,200,568,542,543,381,87,76,73,102,326,416,452,239,622,594,592,394,105,99,23,41,187,233,251,112,352,346,339,219,38,30,34,66,221,289,304,145,422,423,413,275,64,43,22,41,189,222,246,113,349,340,335,221,40,28,32,48,194,244,262,120,385,372,376,248,42,33,52,86,275,359,369,173,522,510,525,331,73,70,69,96,263,356,367,186,501,494,495,346,74,71,46.12,71.75,242.38,313.88,332.5,161.0,465.12,452.62,452.25,301.88,65.38,56.25
Concrete_0cm_S7,2026-04-02T20:40:07.953813,64,93,283,392,409,200,568,541,542,381,87,76,73,102,326,416,452,239,622,594,592,394,105,99,23,41,186,233,251,112,352,346,339,219,38,30,34,66,221,289,304,145,422,423,413,275,64,43,21,41,189,222,246,112,350,340,335,221,40,28,32,48,194,244,263,120,385,372,376,248,42,33,53,86,275,360,369,173,522,510,526,331,73,70,69,96,263,355,367,186,501,493,494,346,74,71,46.12,71.62,242.12,313.88,332.62,160.88,465.25,452.38,452.12,301.88,65.38,56.25
Concrete_0cm_S7,2026-04-02T20:40:08.121688,64,93,283,392,409,200,568,541,542,381,87,76,73,102,326,416,452,239,622,594,592,394,105,99,23,41,186,233,251,112,352,346,339,219,38,30,34,66,221,289,304,144,421,423,413,275,64,44,22,41,189,222,245,113,349,340,335,221,40,27,32,48,194,244,263,120,385,372,376,248,42,33,53,86,275,360,369,173,522,510,526,331,73,70,69,96,263,355,367,186,501,493,494,346,74,71,46.25,71.62,242.12,313.88,332.5,160.88,465.0,452.38,452.12,301.88,65.38,56.25
Concrete_0cm_S7,2026-04-02T20:40:08.287100,64,94,283,392,408,200,567,541,542,381,86,76,73,102,326,417,453,239,622,594,593,394,104,99,23,41,187,233,251,112,352,346,339,219,38,30,34,66,221,289,304,144,421,423,413,275,64,44,22,41,189,222,245,113,349,340,335,221,40,27,32,48,194,244,263,120,385,372,376,248,42,33,53,86,275,360,369,173,522,510,526,331,73,70,69,96,263,356,366,186,501,494,494,346,74,71,46.25,71.75,242.25,314.12,332.38,160.88,464.88,452.5,452.25,301.88,65.12,56.25
Concrete_0cm_S7,2026-04-02T20:40:08.447703,64,94,283,392,408,200,567,541,542,381,86,76,73,102,326,417,453,239,622,594,593,394,104,99,23,41,187,233,251,112,352,346,339,219,38,30,34,66,221,287,304,145,421,422,413,275,64,44,21,41,189,222,246,113,349,340,335,221,40,28,32,48,194,243,262,120,386,372,376,248,42,33,52,86,275,360,369,173,523,510,525,330,73,70,69,96,263,356,366,186,501,494,494,346,74,71,46.0,71.75,242.25,313.75,332.38,161.0,465.12,452.38,452.12,301.75,65.12,56.38
Concrete_0cm_S7,2026-04-02T20:40:08.596057,64,93,284,392,409,200,567,541,542,381,87,76,73,102,326,417,452,240,623,594,593,394,105,99,23,41,187,233,251,112,353,346,339,219,38,30,34,66,221,288,304,145,422,423,413,275,63,44,22,41,189,222,246,113,349,340,335,221,40,28,32,48,194,244,262,120,385,372,376,248,42,33,53,86,275,360,369,174,522,510,525,331,73,69,69,96,263,356,367,186,502,493,495,346,74,71,46.25,71.62,242.38,314.0,332.5,161.25,465.38,452.38,452.25,301.88,65.25,56.25
Concrete_0cm_S7,2026-04-02T20:40:08.742293,64,93,284,392,408,200,567,541,542,381,87,76,73,102,326,417,452,239,623,594,592,394,105,99,23,41,187,233,251,112,352,346,339,219,38,30,34,65,221,288,304,144,421,423,413,275,64,43,22,41,189,222,246,112,350,340,336,221,40,28,32,48,194,244,262,120,386,372,376,248,42,33,52,86,275,360,369,174,522,510,525,331,73,70,69,96,263,356,367,186,502,493,494,346,74,71,46.12,71.5,242.38,314.0,332.38,160.88,465.38,452.38,452.12,301.88,65.38,56.25
Concrete_0cm_S7,2026-04-02T20:40:08.897247,64,93,284,392,408,200,567,541,542,381,87,76,73,102,326,417,452,239,623,594,592,394,105,99,23,41,187,233,251,112,353,346,339,219,38,30,34,65,221,288,304,144,421,423,413,275,64,44,21,41,189,222,246,112,349,340,335,221,40,28,32,48,194,244,262,120,386,372,376,248,42,33,52,86,275,360,369,174,522,510,525,331,73,70,69,96,263,356,367,186,502,493,494,346,74,71,46.0,71.5,242.38,314.0,332.38,160.88,465.38,452.38,452.0,301.88,65.38,56.38
Concrete_0cm_S7,2026-04-02T20:40:09.053613,64,94,284,393,409,200,568,542,543,381,87,76,73,102,327,417,452,239,623,594,592,394,105,99,23,41,187,233,251,112,352,346,339,219,38,30,34,66,221,288,304,144,421,423,413,274,63,43,22,41,189,222,246,113,349,340,335,221,40,28,32,48,194,244,262,120,386,372,376,248,42,33,52,86,275,360,369,173,523,510,525,331,73,70,69,95,263,356,367,186,501,493,494,346,74,71,46.12,71.62,242.5,314.12,332.5,160.88,465.38,452.5,452.12,301.75,65.25,56.25
Concrete_0cm_S7,2026-04-02T20:40:09.205282,64,94,284,392,409,200,567,541,542,381,87,76,73,102,327,417,452,239,623,594,592,394,105,99,23,41,187,233,251,112,352,346,339,219,38,30,34,66,221,288,304,144,421,423,413,274,63,43,22,41,189,222,246,113,349,340,335,221,40,28,32,48,194,244,262,120,386,372,376,248,42,33,52,86,275,360,369,173,523,510,525,331,73,70,69,95,263,356,367,186,501,493,494,346,74,71,46.12,71.62,242.5,314.0,332.5,160.88,465.25,452.38,452.0,301.75,65.25,56.25
Concrete_0cm_S7,2026-04-02T20:40:09.390998,64,93,284,393,409,200,567,541,542,381,87,76,73,102,326,417,453,239,623,594,592,394,105,99,23,41,187,233,251,112,352,346,339,219,38,30,34,65,221,287,304,144,421,423,412,274,64,43,21,41,189,222,246,113,349,340,335,221,40,28,32,48,194,244,262,120,386,372,376,248,42,33,53,86,275,360,369,174,523,510,525,331,73,69,68,96,263,356,367,186,502,493,494,345,74,71,46.0,71.5,242.38,314.0,332.62,161.0,465.38,452.38,451.88,301.62,65.38,56.12
Concrete_0cm_S7,2026-04-02T20:40:09.562753,64,93,284,393,409,200,567,541,542,381,87,76,72,102,326,416,453,240,623,594,592,394,105,99,23,41,187,233,251,112,353,346,339,219,38,30,34,66,221,288,304,144,421,423,412,275,64,44,21,41,189,222,246,113,349,340,335,221,40,28,32,48,194,244,262,120,386,372,376,248,42,33,53,86,275,360,369,174,523,510,525,331,73,69,68,96,263,356,367,186,502,493,494,345,74,71,45.88,71.62,242.38,314.0,332.62,161.12,465.5,452.38,451.88,301.75,65.38,56.25
Concrete_0cm_S7,2026-04-02T20:40:09.704619,64,93,284,393,409,200,567,541,542,381,87,76,72,102,326,416,453,240,623,594,592,394,105,99,23,41,187,233,251,112,353,346,339,219,38,30,34,66,221,288,304,144,421,423,412,275,64,44,22,41,189,222,246,113,350,340,335,221,40,27,32,48,194,244,262,120,386,372,376,248,42,33,53,86,275,360,369,174,523,510,525,331,73,69,68,96,263,356,367,186,502,493,494,345,74,71,46.0,71.62,242.38,314.0,332.62,161.12,465.62,452.38,451.88,301.75,65.38,56.12
Concrete_0cm_S7,2026-04-02T20:40:09.875721,64,94,284,393,409,200,568,541,542,381,87,76,72,102,326,416,453,240,623,594,592,394,105,99,23,41,187,233,251,112,353,347,339,219,38,30,34,66,221,288,304,144,421,423,412,275,64,44,22,41,189,222,246,113,350,340,335,221,40,27,32,48,194,244,262,120,385,372,376,248,42,33,52,86,274,360,368,173,523,510,525,331,73,69,69,96,263,356,367,186,501,494,494,346,74,71,46.0,71.75,242.25,314.0,332.5,161.0,465.5,452.62,451.88,301.88,65.38,56.12
Concrete_0cm_S7,2026-04-02T20:40:10.019132,64,93,284,393,409,200,567,541,542,381,87,76,73,102,326,417,453,239,623,595,591,394,105,99,23,41,187,233,251,112,352,346,339,219,38,30,34,65,221,288,304,144,421,423,412,274,63,43,22,41,189,222,246,113,350,340,335,221,40,28,32,48,194,243,262,120,386,372,376,248,42,33,53,86,275,360,369,174,523,510,525,331,73,69,69,96,263,356,367,186,502,494,494,346,74,71,46.25,71.5,242.38,314.0,332.62,161.0,465.5,452.62,451.75,301.75,65.25,56.12
Concrete_0cm_S7,2026-04-02T20:40:10.163338,64,93,284,393,409,200,567,541,542,381,87,76,73,102,326,417,453,239,623,595,591,394,105,99,23,41,187,233,251,112,352,346,339,219,38,30,34,65,221,288,304,144,421,423,412,274,63,43,22,41,189,222,246,113,350,340,335,221,40,28,32,48,194,244,262,120,386,372,376,248,42,33,53,86,275,360,369,174,523,510,525,331,73,69,69,96,263,356,367,186,501,493,494,346,74,71,46.25,71.5,242.38,314.12,332.62,161.0,465.38,452.5,451.75,301.75,65.25,56.12
Concrete_0cm_S7,2026-04-02T20:40:10.338054,64,94,284,393,409,200,568,541,543,381,87,76,73,102,326,417,452,239,623,594,592,394,105,99,23,41,187,233,251,112,352,346,339,219,38,30,34,66,221,288,304,144,422,423,413,275,63,44,22,41,189,222,246,112,350,340,336,222,40,28,32,48,194,244,262,120,385,372,376,248,42,33,52,86,274,360,370,173,523,510,525,331,73,69,69,96,263,356,367,186,501,493,494,346,74,71,46.12,71.75,242.25,314.12,332.62,160.75,465.5,452.38,452.25,302.0,65.25,56.25
Concrete_0cm_S7,2026-04-02T20:40:10.495478,64,94,283,393,409,200,567,541,542,381,87,76,73,102,326,417,453,240,623,594,592,394,105,99,23,41,187,233,251,112,352,346,339,219,38,30,34,66,221,288,304,144,422,423,413,275,63,43,22,41,189,222,246,112,350,340,336,222,40,28,32,48,194,244,262,120,385,372,376,248,42,33,53,86,275,359,369,173,523,510,525,330,73,69,69,96,263,356,367,186,501,493,494,346,74,71,46.25,71.75,242.25,314.0,332.62,160.88,465.38,452.38,452.12,301.88,65.25,56.12
Concrete_0cm_S7,2026-04-02T20:40:10.646503,64,94,283,393,409,200,568,541,543,381,87,76,73,102,326,417,453,240,623,594,592,394,105,99,23,41,187,233,251,112,352,346,339,219,38,30,34,66,221,288,304,144,421,423,413,275,64,44,22,41,189,221,246,113,350,340,335,222,40,28,32,48,194,243,262,120,386,372,376,248,42,33,53,86,275,360,369,174,523,510,526,331,73,70,69,96,262,355,367,186,501,493,494,347,74,71,46.25,71.75,242.12,313.75,332.62,161.12,465.5,452.38,452.25,302.12,65.38,56.38
Concrete_0cm_S7,2026-04-02T20:40:10.797556,64,93,283,393,409,200,567,541,542,381,86,76,73,102,326,417,452,240,622,594,592,394,104,99,23,41,187,233,251,112,352,346,339,219,38,30,34,66,221,288,304,144,421,423,413,275,64,44,22,41,189,222,246,113,350,340,335,221,40,28,32,48,194,244,262,121,386,372,376,248,42,33,53,86,275,360,369,174,523,510,526,331,73,70,69,96,262,355,367,186,501,493,494,347,74,71,46.25,71.62,242.12,314.0,332.5,161.25,465.25,452.38,452.12,302.0,65.12,56.38
Concrete_0cm_S7,2026-04-02T20:40:10.948968,64,93,283,393,409,200,567,541,542,381,86,76,73,102,326,417,452,240,622,594,592,394,104,99,23,41,186,233,251,112,353,347,339,219,38,30,34,66,222,288,304,144,422,423,413,275,64,44,22,41,189,222,247,113,350,340,335,221,40,28,32,48,194,244,263,120,386,372,376,248,42,33,52,86,275,360,369,173,523,510,525,331,73,70,69,96,262,355,367,186,501,493,494,347,74,71,46.12,71.62,242.12,314.0,332.75,161.0,465.5,452.5,452.0,302.0,65.12,56.38
Concrete_0cm_S7,2026-04-02T20:40:11.090402,64,94,284,393,409,200,568,542,542,382,87,76,73,102,326,416,452,239,623,594,592,394,104,99,23,41,187,233,251,112,353,346,339,219,38,30,34,65,221,289,304,144,422,423,413,275,64,44,22,41,189,222,247,113,350,340,335,221,40,28,32,48,194,243,263,120,385,371,376,248,42,33,52,86,275,360,369,173,523,510,525,331,73,70,69,96,262,355,367,186,501,493,494,347,74,71,46.12,71.62,242.25,313.88,332.75,160.88,465.62,452.38,452.0,302.12,65.25,56.38
Concrete_0cm_S7,2026-04-02T20:40:11.286066,64,93,283,392,409,200,567,542,541,381,87,76,73,102,326,416,452,239,623,594,592,394,104,99,23,41,187,233,251,112,352,346,339,219,38,30,34,66,221,288,304,144,422,423,413,275,64,44,22,41,189,222,246,113,350,340,336,222,40,28,32,48,194,243,263,120,385,371,376,248,42,33,53,86,274,360,369,173,523,510,525,331,73,69,69,96,263,355,367,186,501,493,494,346,74,71,46.25,71.62,242.12,313.62,332.62,160.88,465.38,452.38,452.0,302.0,65.25,56.25
Concrete_0cm_S7,2026-04-02T20:40:11.440598,64,93,284,393,409,200,568,541,543,381,87,76,73,102,326,417,452,239,623,594,592,394,105,99,23,41,187,233,251,112,352,346,339,219,38,30,34,66,221,288,304,144,422,423,413,275,64,44,22,41,189,222,246,113,349,340,335,221,40,28,32,48,194,243,263,120,386,372,376,248,42,33,52,86,275,360,369,173,523,510,526,330,73,69,69,96,263,355,367,186,500,493,494,346,74,71,46.12,71.62,242.38,313.88,332.62,160.88,465.38,452.38,452.25,301.75,65.38,56.25
Concrete_0cm_S7,2026-04-02T20:40:11.581065,64,93,284,393,409,200,568,541,543,381,87,76,73,102,326,417,452,239,623,594,592,394,105,99,23,41,187,233,251,112,352,346,339,219,38,30,34,66,221,288,304,144,422,423,413,275,64,44,22,41,189,222,246,113,349,340,335,221,40,28,32,48,194,243,263,120,386,372,376,248,42,33,52,86,275,359,369,173,523,510,525,331,73,69,68,96,263,356,367,186,501,493,493,346,74,71,46.0,71.62,242.38,313.88,332.62,160.88,465.5,452.38,452.0,301.88,65.38,56.25
Concrete_0cm_S7,2026-04-02T20:40:11.732410,64,94,283,393,409,200,568,542,543,381,87,76,73,102,326,417,452,239,623,594,592,394,105,99,23,41,187,233,251,112,353,346,339,219,38,30,34,66,221,288,304,145,421,423,413,275,64,43,22,41,189,222,246,113,349,340,335,221,40,28,32,48,194,243,263,120,386,372,376,248,42,33,52,86,275,359,369,173,523,510,525,331,73,69,68,96,263,356,367,186,501,493,493,346,74,71,46.0,71.75,242.25,313.88,332.62,161.0,465.5,452.5,452.0,301.88,65.38,56.12
Concrete_0cm_S7,2026-04-02T20:40:11.870553,64,93,283,392,409,200,567,541,542,381,86,76,73,102,326,417,453,239,623,594,592,394,103,99,23,41,187,233,251,112,353,346,339,219,38,30,34,66,221,288,304,144,422,422,413,275,64,43,22,41,189,222,246,113,349,340,335,221,40,28,32,48,194,244,262,120,386,372,376,248,42,33,52,86,274,360,369,173,523,510,526,331,73,70,69,96,263,356,367,186,502,493,494,346,74,71,46.12,71.62,242.12,314.0,332.62,160.88,465.62,452.25,452.12,301.88,65.0,56.25
Concrete_0cm_S7,2026-04-02T20:40:12.046766,64,94,284,393,409,200,567,541,543,381,87,76,73,102,326,417,453,239,623,594,592,394,103,99,23,41,187,233,251,112,353,346,339,219,38,30,34,66,221,288,304,144,422,422,413,275,64,43,22,41,189,222,246,113,350,340,335,221,40,28,32,48,194,243,262,120,386,372,376,248,42,33,52,86,275,360,369,173,523,511,525,330,73,70,69,96,263,356,368,186,502,494,494,346,74,71,46.12,71.75,242.38,314.0,332.75,160.88,465.75,452.5,452.12,301.75,65.12,56.25
Concrete_0cm_S7,2026-04-02T20:40:12.226179,64,93,284,392,409,200,568,541,543,381,87,76,73,102,326,417,453,239,623,594,592,394,103,99,23,41,187,233,251,112,353,346,339,219,38,30,34,66,221,288,304,144,422,422,413,275,64,43,22,41,189,222,246,113,350,340,335,221,40,28,32,48,194,243,262,120,385,372,376,248,42,33,53,86,275,360,369,173,523,510,525,331,73,69,69,96,263,356,368,186,502,494,494,346,74,71,46.25,71.62,242.38,313.88,332.75,160.88,465.75,452.38,452.12,301.88,65.12,56.12
Concrete_0cm_S7,2026-04-02T20:40:12.376391,64,93,283,392,409,200,568,542,542,381,87,76,73,102,326,417,453,239,623,594,592,394,103,99,23,41,187,233,251,112,353,346,339,219,38,30,34,65,221,288,304,144,422,423,413,275,64,44,22,41,189,221,246,113,350,341,335,222,40,28,32,47,194,243,262,120,386,372,376,248,42,33,53,86,274,360,369,174,523,511,526,331,73,69,69,96,263,356,367,186,502,494,494,346,74,71,46.25,71.38,242.12,313.75,332.62,161.0,465.88,452.88,452.12,302.0,65.12,56.25
Concrete_0cm_S7,2026-04-02T20:40:12.520623,64,93,283,392,409,200,567,542,542,381,87,76,73,102,326,417,452,240,623,594,592,394,104,99,23,41,187,233,251,112,353,346,339,219,38,30,34,66,221,289,304,144,421,423,413,275,64,44,22,41,189,222,246,112,350,340,335,221,40,28,32,48,194,243,263,120,386,372,376,248,42,33,52,86,274,359,369,173,523,510,525,331,73,70,69,96,263,356,367,186,502,494,494,346,74,71,46.12,71.62,242.12,313.88,332.62,160.88,465.62,452.62,452.0,301.88,65.25,56.38
Concrete_0cm_S7,2026-04-02T20:40:12.675435,64,94,284,393,409,200,568,542,542,382,87,76,73,102,326,417,452,240,623,594,592,394,104,99,23,41,187,233,251,112,353,346,339,219,38,30,34,66,221,289,304,144,421,423,413,275,64,44,22,41,189,222,246,112,350,340,335,221,40,28,32,48,194,243,263,120,386,372,376,248,42,33,52,86,274,359,369,173,523,510,525,331,73,70,69,96,263,356,367,186,501,493,495,346,74,71,46.12,71.75,242.25,314.0,332.62,160.88,465.62,452.5,452.12,302.0,65.25,56.38
Concrete_0cm_S7,2026-04-02T20:40:12.833821,64,93,283,392,409,200,567,542,542,381,86,76,73,102,326,417,452,240,623,594,592,394,104,99,23,41,187,233,251,112,353,346,339,219,38,30,34,66,221,289,304,145,421,423,413,275,64,44,22,41,189,222,246,112,350,340,336,221,40,28,32,48,194,244,262,120,385,372,376,248,42,33,52,86,274,360,369,173,523,509,525,331,73,69,69,96,263,356,367,186,501,493,495,346,74,71,46.12,71.62,242.12,314.12,332.5,161.0,465.38,452.38,452.25,301.88,65.12,56.25
Concrete_0cm_S7,2026-04-02T20:40:12.986649,64,93,284,393,409,200,567,541,542,381,87,76,73,102,326,417,453,239,622,594,591,394,104,99,23,41,187,233,251,112,352,346,339,219,38,30,34,66,221,288,304,145,422,423,413,275,64,43,22,41,189,222,246,113,350,341,336,222,40,28,32,48,194,244,262,120,385,372,376,248,42,33,52,86,274,360,369,173,523,509,525,331,73,69,69,96,263,355,367,186,502,493,494,346,74,71,46.12,71.62,242.25,314.0,332.62,161.0,465.38,452.38,452.0,302.0,65.25,56.12
Concrete_0cm_S7,2026-04-02T20:40:13.165956,64,93,284,393,408,200,568,542,542,381,87,76,73,102,325,417,452,239,623,594,591,394,104,99,23,41,187,233,251,112,352,346,339,219,38,30,34,66,221,288,304,145,422,423,413,275,64,43,22,41,189,222,246,113,350,341,336,222,40,28,32,48,194,243,262,120,386,372,376,248,42,33,52,86,274,360,369,173,523,510,525,331,73,70,69,96,263,355,367,186,502,493,494,346,74,71,46.12,71.62,242.12,313.88,332.38,161.0,465.75,452.62,452.0,302.0,65.25,56.25
Concrete_0cm_S7,2026-04-02T20:40:13.321008,64,93,284,393,408,200,568,542,542,381,87,76,73,102,325,417,452,239,623,594,591,394,104,99,23,41,187,233,251,112,352,346,339,219,38,30,34,65,221,288,303,144,422,423,413,275,63,44,22,41,189,222,246,113,350,341,335,222,40,28,32,48,194,243,262,120,385,372,376,247,42,33,52,86,274,360,369,173,523,510,525,331,73,70,69,96,263,355,367,186,502,493,494,346,74,71,46.12,71.5,242.12,313.88,332.25,160.88,465.62,452.62,451.88,301.88,65.12,56.38
Concrete_0cm_S7,2026-04-02T20:40:13.465559,64,93,284,392,409,200,568,541,542,381,87,76,73,102,326,416,452,239,622,594,592,394,104,99,23,41,187,233,251,112,353,346,339,219,38,30,34,65,221,288,303,144,422,423,413,275,63,44,22,41,189,222,246,113,350,341,335,222,40,28,32,48,194,244,262,120,386,372,376,248,42,33,53,86,274,360,369,173,523,510,526,331,73,69,69,96,263,356,367,186,501,493,494,346,74,71,46.25,71.5,242.25,313.88,332.38,160.88,465.62,452.5,452.12,302.0,65.12,56.25
Concrete_0cm_S7,2026-04-02T20:40:13.640016,64,93,284,392,409,200,568,541,542,381,87,76,73,102,326,416,452,239,622,594,592,394,104,99,23,41,187,233,251,112,353,346,339,219,38,30,34,65,221,288,303,144,422,423,413,275,63,44,21,41,189,222,246,113,350,340,336,222,40,28,32,48,194,244,262,120,386,372,377,248,42,33,52,86,274,360,369,173,523,510,525,331,73,70,69,96,263,356,367,186,501,493,494,346,74,71,46.0,71.5,242.25,313.88,332.38,160.88,465.62,452.38,452.25,302.0,65.12,56.38
Concrete_0cm_S7,2026-04-02T20:40:13.791744,64,93,284,393,409,200,567,541,543,381,87,76,73,102,326,416,452,239,622,594,592,394,105,99,23,41,187,233,251,112,353,346,339,219,38,30,34,66,221,288,304,144,422,424,413,275,64,44,22,41,189,222,246,113,350,341,336,221,40,28,32,48,194,244,262,120,386,372,377,248,42,33,53,86,275,359,369,174,523,510,525,331,73,70,69,96,263,356,367,186,501,493,494,346,74,71,46.25,71.62,242.38,313.88,332.5,161.0,465.5,452.62,452.38,301.88,65.38,56.38
Concrete_0cm_S7,2026-04-02T20:40:13.945560,64,93,284,393,409,200,568,542,543,382,87,76,73,102,326,416,452,239,623,594,592,394,105,99,23,41,187,233,251,112,352,346,339,220,38,30,34,66,221,288,304,144,422,423,413,275,64,44,21,41,189,222,246,113,350,341,336,221,40,28,32,47,194,243,262,120,385,372,376,248,42,33,53,86,275,359,369,174,523,510,525,331,73,70,69,96,263,355,367,186,502,494,494,346,74,71,46.12,71.5,242.38,313.62,332.5,161.0,465.62,452.75,452.25,302.12,65.38,56.38
Concrete_0cm_S7,2026-04-02T20:40:14.108359,64,93,284,393,409,200,568,542,543,382,87,76,73,102,326,416,452,239,623,594,592,394,105,99,23,41,187,233,251,112,352,346,339,220,38,30,34,66,221,288,304,144,422,423,413,275,64,44,22,41,189,222,246,113,350,340,336,222,40,28,32,47,194,243,262,120,386,372,376,248,42,33,52,86,274,359,369,173,523,510,526,331,73,70,69,96,263,355,367,186,501,494,495,346,74,71,46.12,71.5,242.25,313.62,332.5,160.88,465.62,452.62,452.5,302.25,65.38,56.38
Concrete_0cm_S7,2026-04-02T20:40:14.286622,64,93,284,392,409,200,567,541,543,380,87,76,73,102,326,416,452,239,623,594,592,394,104,99,23,41,187,233,251,112,353,346,339,219,38,30,34,66,221,288,304,145,422,423,413,275,64,44,22,41,189,222,246,113,350,340,336,222,40,28,32,47,194,243,262,120,386,372,376,248,42,33,52,86,274,359,369,173,523,510,526,331,73,70,69,96,263,355,367,186,501,494,495,346,74,71,46.12,71.5,242.25,313.5,332.5,161.0,465.62,452.5,452.5,301.88,65.25,56.38
Concrete_0cm_S7,2026-04-02T20:40:14.441155,64,93,284,392,409,200,567,542,543,381,86,76,73,102,326,416,452,239,622,594,592,394,104,99,23,41,187,233,251,112,353,347,339,219,38,30,34,66,221,288,304,144,421,423,413,275,64,44,22,41,189,222,246,113,350,340,336,222,40,28,32,48,194,243,262,120,386,372,376,248,42,33,52,86,275,359,369,174,523,510,525,331,73,70,69,95,263,356,367,186,502,494,494,346,74,71,46.12,71.5,242.38,313.62,332.5,161.0,465.5,452.75,452.25,302.0,65.12,56.38
Concrete_0cm_S7,2026-04-02T20:40:14.611121,64,93,284,392,409,200,567,542,543,381,86,76,73,102,326,416,452,239,622,594,592,394,104,99,23,41,187,233,251,112,352,346,339,219,38,30,34,66,221,288,304,145,422,423,413,275,64,44,22,41,189,222,246,113,350,340,336,222,40,28,32,48,194,243,262,120,385,372,376,248,42,33,52,86,274,359,369,173,523,510,525,331,73,70,69,95,263,356,367,186,501,494,494,346,74,71,46.12,71.5,242.25,313.62,332.5,161.0,465.25,452.62,452.25,302.0,65.12,56.38
Concrete_0cm_S7,2026-04-02T20:40:14.766183,64,94,284,393,409,200,568,541,543,381,87,76,73,102,326,416,452,239,622,594,592,394,104,99,23,41,187,233,251,112,352,346,339,219,38,30,34,66,221,288,304,145,422,423,413,275,64,44,22,41,189,222,246,113,350,340,336,222,40,28,32,48,194,243,262,120,385,372,376,248,42,33,52,86,274,359,369,173,523,510,525,331,73,70,69,95,263,356,367,186,501,494,494,346,74,71,46.12,71.62,242.25,313.75,332.5,161.0,465.38,452.5,452.25,302.0,65.25,56.38
Concrete_0cm_S7,2026-04-02T20:40:14.907510,64,93,284,392,409,200,567,542,543,381,87,76,73,102,325,416,453,240,622,594,593,394,104,99,23,41,187,233,251,112,352,346,339,219,38,30,34,66,221,288,304,145,422,423,413,275,64,44,22,41,189,222,246,113,350,340,336,222,40,28,32,48,194,244,262,120,386,372,376,248,42,33,53,86,275,360,369,174,523,511,525,331,73,70,69,96,263,355,367,186,502,492,495,346,74,71,46.25,71.62,242.25,313.75,332.62,161.25,465.5,452.5,452.5,302.0,65.25,56.38
Concrete_0cm_S7,2026-04-02T20:40:15.071327,64,93,284,392,409,200,567,542,543,381,87,76,73,102,326,417,453,240,622,595,592,395,105,99,23,41,187,233,251,112,353,347,339,220,38,30,34,65,221,288,304,144,422,423,413,275,64,44,22,41,189,222,246,113,350,341,336,222,40,28,32,48,194,243,263,120,386,372,377,248,42,33,53,86,275,360,369,173,523,510,525,331,73,70,69,96,263,355,367,186,502,492,495,346,74,71,46.25,71.5,242.38,313.75,332.75,161.0,465.62,452.75,452.5,302.25,65.38,56.38
Concrete_0cm_S7,2026-04-02T20:40:15.229188,64,93,283,392,409,200,567,541,543,381,86,76,73,102,326,416,452,240,622,594,592,394,105,99,23,41,187,233,251,112,352,347,339,219,38,30,34,66,221,288,304,144,421,423,413,275,64,44,21,41,189,222,246,113,350,340,335,221,40,27,32,48,194,243,263,120,386,372,377,248,42,33,53,86,275,360,369,173,523,510,525,331,73,70,69,96,263,355,367,186,502,492,495,346,74,71,46.12,71.62,242.25,313.62,332.62,161.0,465.38,452.38,452.38,301.88,65.25,56.25
Concrete_0cm_S7,2026-04-02T20:40:15.386094,64,93,284,392,409,200,568,542,543,381,87,76,73,102,326,416,452,239,622,594,592,394,104,99,23,41,187,233,251,112,353,346,339,219,38,30,34,66,221,288,304,144,422,423,413,275,64,44,22,41,189,222,246,113,350,340,336,221,40,28,32,48,194,243,262,120,386,372,376,248,42,33,53,86,274,360,369,173,523,510,525,331,73,69,69,95,263,355,367,186,502,493,494,346,74,71,46.25,71.5,242.25,313.62,332.5,160.88,465.75,452.5,452.25,301.88,65.25,56.25
Concrete_0cm_S7,2026-04-02T20:40:15.544167,64,92,283,392,409,200,567,542,543,381,87,76,73,102,326,417,452,239,622,594,593,394,104,99,23,41,187,233,251,112,352,346,339,219,38,30,34,66,221,288,304,144,422,423,413,275,64,44,22,41,189,222,246,113,350,340,336,221,40,28,32,48,194,243,262,120,386,372,376,248,42,33,53,86,274,360,369,173,523,510,525,331,73,69,69,95,263,355,367,186,502,493,494,346,74,71,46.25,71.38,242.12,313.75,332.5,160.88,465.5,452.5,452.38,301.88,65.25,56.25
Concrete_0cm_S7,2026-04-02T20:40:15.686126,64,92,283,392,409,200,567,542,543,381,87,76,73,102,326,417,452,239,622,594,593,394,104,99,23,41,187,233,251,112,352,346,339,219,38,30,34,66,221,288,304,145,422,423,413,275,63,43,22,41,189,222,246,113,350,340,335,221,40,28,32,48,194,244,263,120,386,372,376,248,43,33,52,86,274,359,369,173,523,510,525,331,73,70,69,96,263,356,367,186,501,493,494,346,74,71,46.12,71.5,242.12,313.88,332.62,161.0,465.38,452.5,452.25,301.88,65.25,56.25
Concrete_0cm_S7,2026-04-02T20:40:15.833121,64,93,284,393,409,200,568,542,542,381,87,76,73,102,326,417,452,240,622,594,592,394,105,99,23,41,187,233,251,112,353,346,339,219,38,30,34,66,221,288,304,145,422,423,413,275,64,44,22,41,189,222,246,113,350,341,335,222,40,28,32,48,194,244,262,120,386,371,376,248,42,33,53,86,274,358,369,174,523,510,525,331,73,69,69,96,263,355,367,186,502,494,494,345,74,71,46.25,71.62,242.25,313.75,332.5,161.25,465.75,452.62,452.0,301.88,65.38,56.25
Concrete_0cm_S7,2026-04-02T20:40:15.982974,64,94,283,392,409,200,567,542,542,381,86,76,73,102,325,416,452,240,622,594,592,395,104,99,23,41,187,233,251,112,353,346,339,219,38,30,34,66,221,288,304,145,422,423,413,275,64,44,22,41,189,222,246,113,350,341,335,222,40,28,32,48,194,244,262,120,386,371,376,248,42,33,52,86,275,359,370,174,523,510,525,331,73,69,69,96,263,356,367,186,501,493,495,346,74,71,46.12,71.75,242.12,313.75,332.62,161.25,465.5,452.5,452.12,302.12,65.12,56.25
Concrete_0cm_S7,2026-04-02T20:40:16.179234,64,94,283,392,409,200,567,542,542,381,86,76,73,102,325,416,452,240,622,594,592,395,104,99,23,41,187,233,251,112,353,346,339,219,38,30,34,66,221,288,304,145,422,423,413,275,64,44,22,41,189,222,246,113,350,341,335,222,40,28,32,48,194,244,262,120,386,371,376,248,42,33,52,86,275,359,370,174,523,510,525,331,73,69,69,96,263,356,367,186,501,493,495,346,74,71,46.12,71.75,242.12,313.75,332.62,161.25,465.5,452.5,452.12,302.12,65.12,56.25
Concrete_0cm_S7,2026-04-02T20:40:16.329495,64,93,283,392,410,200,568,542,543,381,86,76,73,102,326,416,452,239,623,594,593,394,105,99,23,41,187,233,251,112,353,347,339,220,38,30,34,66,221,288,304,144,422,424,413,275,64,44,22,41,189,222,246,113,350,340,335,222,40,28,32,48,194,243,262,121,386,372,377,248,42,33,53,86,274,359,369,173,523,510,525,331,73,69,69,96,263,355,367,186,501,493,494,346,74,71,46.25,71.62,242.12,313.5,332.62,161.0,465.75,452.75,452.38,302.12,65.25,56.25
Concrete_0cm_S7,2026-04-02T20:40:16.477789,64,94,283,392,409,200,567,542,542,381,87,76,73,102,326,417,453,239,623,595,592,395,105,99,23,41,187,233,251,112,353,346,339,219,38,30,34,66,221,288,304,144,422,424,413,275,64,44,22,41,189,222,246,113,350,341,336,222,40,28,32,48,194,243,262,120,386,372,376,248,42,33,52,86,275,359,370,174,522,510,525,331,73,69,69,96,263,355,367,186,501,493,494,346,74,71,46.12,71.75,242.25,313.62,332.75,161.0,465.5,452.88,452.12,302.12,65.38,56.25
Concrete_0cm_S7,2026-04-02T20:40:16.624137,64,94,283,392,409,200,567,542,542,381,87,76,73,102,326,417,453,239,623,595,592,395,105,99,23,41,187,233,251,112,353,346,339,219,38,30,34,66,221,289,304,144,422,423,413,275,64,43,22,41,189,222,247,113,350,341,336,222,40,28,32,48,194,243,262,120,385,372,376,248,42,33,53,86,274,359,369,173,523,510,525,331,73,70,69,96,263,355,367,186,502,493,494,346,74,71,46.25,71.75,242.12,313.75,332.75,160.88,465.62,452.75,452.12,302.12,65.38,56.25
Concrete_0cm_S7,2026-04-02T20:40:16.766612,64,94,283,392,409,200,567,542,542,381,87,76,73,102,326,417,453,239,623,595,592,395,105,99,23,41,187,233,251,112,353,346,339,219,38,30,34,66,221,289,304,144,422,423,413,275,64,43,22,41,189,222,247,113,350,341,336,222,40,28,32,48,194,243,262,120,385,372,376,248,42,33,53,86,274,359,369,173,523,510,525,331,73,70,69,96,263,355,367,186,502,493,494,346,74,71,46.25,71.75,242.12,313.75,332.75,160.88,465.62,452.75,452.12,302.12,65.38,56.25
Concrete_0cm_S7,2026-04-02T20:40:16.919350,64,93,284,392,409,200,567,542,542,381,87,76,73,102,325,417,452,239,622,594,593,394,105,99,23,41,187,233,251,112,353,346,339,219,38,30,34,66,221,288,304,145,422,423,413,275,64,44,22,41,189,222,247,113,350,341,336,222,40,28,32,48,194,244,262,120,386,372,377,249,42,33,52,86,273,360,370,173,523,510,526,331,73,69,69,96,263,356,367,186,501,494,494,346,74,71,46.12,71.62,242.0,314.0,332.75,161.0,465.5,452.75,452.5,302.12,65.38,56.25
Concrete_0cm_S7,2026-04-02T20:40:17.085869,64,94,284,393,409,200,567,541,542,381,87,76,73,102,325,417,453,240,623,594,593,395,105,99,23,41,187,233,251,112,353,346,339,219,38,30,34,66,221,288,304,144,422,424,413,275,64,44,21,41,189,222,246,113,350,341,335,222,40,28,32,48,194,244,262,120,386,372,377,248,42,33,52,86,275,360,369,173,523,510,526,331,73,70,69,96,263,356,367,186,502,493,494,346,74,71,46.0,71.75,242.25,314.12,332.62,161.0,465.75,452.62,452.38,302.12,65.38,56.38
Concrete_0cm_S7,2026-04-02T20:40:17.239173,64,93,284,393,409,200,568,542,542,381,87,76,73,102,326,416,452,239,622,594,592,394,104,99,23,41,187,233,251,112,353,346,339,219,38,30,34,66,221,288,304,145,422,424,413,275,64,44,22,41,189,222,246,113,350,341,336,222,40,28,32,48,194,243,262,120,386,372,377,248,42,33,52,86,275,360,369,173,523,510,526,331,73,70,69,96,263,356,367,186,502,493,494,346,74,71,46.12,71.62,242.38,313.88,332.5,161.0,465.75,452.75,452.38,302.0,65.25,56.38
Concrete_0cm_S7,2026-04-02T20:40:17.386208,64,93,284,393,409,200,568,542,542,381,87,76,73,102,326,417,452,240,623,594,591,394,105,99,23,41,186,233,251,112,353,346,339,220,38,30,34,66,221,288,304,144,422,424,413,275,64,44,22,41,189,222,246,113,350,340,336,222,40,28,32,47,194,244,262,121,386,372,376,248,42,33,52,86,274,359,369,173,523,510,525,331,73,70,69,96,263,355,367,186,501,494,494,346,74,71,46.12,71.5,242.12,313.88,332.5,161.12,465.75,452.75,452.0,302.12,65.38,56.38
Concrete_0cm_S7,2026-04-02T20:40:17.539956,64,94,284,393,409,200,568,541,543,381,87,76,73,102,326,417,452,239,623,595,593,394,105,99,23,41,187,233,251,112,353,346,340,219,38,30,34,66,221,288,304,144,422,424,413,275,64,44,22,41,189,222,246,113,350,340,336,222,40,28,32,47,194,244,262,121,386,372,376,248,42,33,52,86,274,359,369,173,523,510,525,331,73,70,69,96,263,355,367,186,501,494,494,346,74,71,46.12,71.62,242.25,313.88,332.5,161.0,465.75,452.75,452.5,302.0,65.38,56.38
Concrete_0cm_S7,2026-04-02T20:40:17.699385,64,94,284,393,409,200,568,541,543,381,87,76,73,102,326,417,452,239,623,595,593,394,105,99,23,41,187,233,251,112,353,346,340,219,38,30,34,66,221,288,304,145,421,423,413,275,64,44,22,41,189,222,246,113,350,341,335,222,40,28,32,48,194,243,262,120,386,372,376,248,42,33,53,86,274,360,369,173,523,511,525,331,73,69,69,96,263,355,367,186,501,494,494,346,74,71,46.25,71.75,242.25,313.88,332.5,161.0,465.62,452.88,452.38,302.0,65.38,56.25
Concrete_0cm_S7,2026-04-02T20:40:17.856295,64,94,284,393,409,200,568,541,543,381,87,76,73,102,325,417,452,239,623,594,592,394,105,99,23,41,187,233,251,112,353,346,340,219,38,30,34,66,221,288,304,145,422,424,413,275,64,44,22,41,189,222,246,113,350,340,336,222,40,28,32,48,194,243,262,120,385,372,376,248,42,33,53,86,275,360,369,173,523,510,525,331,73,69,69,96,263,355,367,186,501,494,494,346,74,71,46.25,71.75,242.25,313.88,332.5,161.0,465.62,452.62,452.38,302.0,65.38,56.25
Concrete_0cm_S7,2026-04-02T20:40:18.013994,63,93,284,392,409,200,567,542,543,381,87,76,73,102,326,417,452,240,623,594,592,394,104,99,23,41,187,233,251,112,353,347,339,219,38,30,34,66,221,288,304,144,422,423,413,275,64,43,22,41,189,222,246,113,350,341,335,222,40,28,32,47,194,244,262,120,386,372,376,248,42,32,53,86,274,359,369,173,523,510,525,331,73,69,69,96,263,355,367,186,501,493,494,346,74,71,46.12,71.5,242.25,313.75,332.5,161.0,465.62,452.75,452.12,302.0,65.25,56.0
Concrete_0cm_S7,2026-04-02T20:40:18.201399,63,93,284,392,409,200,567,542,543,381,87,76,73,102,326,417,452,240,623,594,592,394,104,99,23,41,187,233,251,112,353,347,339,219,38,30,34,66,221,288,304,144,422,423,413,275,64,43,22,41,189,222,246,113,350,341,335,222,40,28,32,47,194,244,262,120,386,372,376,248,42,32,53,86,274,359,369,173,523,510,525,331,73,69,69,96,263,355,367,186,501,493,494,346,74,71,46.12,71.5,242.25,313.75,332.5,161.0,465.62,452.75,452.12,302.0,65.25,56.0
Concrete_0cm_S7,2026-04-02T20:40:18.350835,64,93,284,393,409,200,567,542,543,381,86,76,73,102,325,417,452,240,622,594,592,394,105,99,23,41,187,234,251,112,353,347,340,220,38,30,34,66,221,288,304,145,422,423,413,275,64,44,22,41,189,222,246,113,350,341,336,221,40,28,32,48,194,244,263,120,385,372,376,248,42,33,53,86,275,359,369,173,523,510,525,331,73,70,69,96,263,355,368,186,501,493,494,345,74,71,46.25,71.62,242.25,314.0,332.75,161.12,465.38,452.75,452.38,301.88,65.25,56.38
Concrete_0cm_S7,2026-04-02T20:40:18.499724,64,94,284,393,409,200,568,542,543,381,87,76,73,102,326,416,452,240,623,594,592,394,104,99,23,41,187,233,251,112,352,347,339,219,38,30,34,66,221,288,304,144,422,423,413,275,64,44,22,41,189,222,246,113,350,340,336,221,40,28,32,48,194,244,262,120,386,372,376,248,42,33,52,86,274,359,369,173,523,511,525,331,73,70,69,96,263,355,367,186,501,493,494,346,74,71,46.12,71.75,242.25,313.75,332.5,161.0,465.62,452.75,452.25,301.88,65.25,56.38
Concrete_0cm_S7,2026-04-02T20:40:18.644021,64,94,284,392,409,200,567,542,542,381,87,76,73,102,325,416,452,239,622,594,592,394,104,99,23,41,187,233,251,112,352,347,339,219,38,30,34,66,221,288,304,144,422,423,413,275,64,44,22,41,189,222,246,113,350,340,336,221,40,28,32,48,194,243,262,120,386,372,377,248,42,33,52,86,274,359,369,173,523,511,525,331,73,70,69,96,263,355,367,186,501,493,494,345,74,71,46.12,71.75,242.12,313.5,332.5,160.88,465.38,452.75,452.25,301.75,65.25,56.38
Concrete_0cm_S7,2026-04-02T20:40:18.790029,64,94,284,392,409,200,567,542,542,381,87,76,73,102,325,416,452,239,622,594,592,394,104,99,23,41,187,233,251,112,352,347,339,219,38,30,34,66,221,288,304,144,422,423,413,275,64,44,22,41,189,222,246,113,350,340,336,221,40,28,32,48,194,243,262,120,386,372,377,248,42,33,52,86,274,359,369,173,523,511,525,331,73,70,69,96,263,355,367,186,501,493,494,345,74,71,46.12,71.75,242.12,313.5,332.5,160.88,465.38,452.75,452.25,301.75,65.25,56.38
Concrete_0cm_S7,2026-04-02T20:40:18.948793,64,94,284,393,409,200,567,542,543,381,86,76,73,102,325,416,452,239,622,594,592,394,104,99,23,41,187,233,252,112,353,346,339,219,38,30,34,66,221,288,304,144,422,423,413,275,64,44,22,41,189,222,246,113,350,340,336,222,40,28,32,48,194,244,262,120,385,372,376,248,42,33,52,86,274,360,369,173,523,510,525,331,73,70,69,96,263,356,367,186,501,493,494,346,74,71,46.12,71.75,242.12,314.0,332.62,160.88,465.38,452.5,452.25,302.0,65.12,56.38
Concrete_0cm_S7,2026-04-02T20:40:19.140402,64,94,284,393,409,200,567,542,543,381,86,76,73,102,325,417,453,240,622,594,593,394,105,99,23,41,187,233,251,112,353,346,339,219,38,30,34,66,221,288,304,144,422,423,413,275,64,43,21,41,189,222,246,113,350,340,336,222,40,28,32,48,194,244,262,120,385,372,376,248,42,33,52,86,274,360,369,173,523,510,525,331,73,70,69,96,263,356,367,186,501,493,494,346,74,71,46.0,71.75,242.12,314.12,332.62,161.0,465.38,452.5,452.38,302.0,65.25,56.25
Concrete_0cm_S7,2026-04-02T20:40:19.323005,64,93,283,392,409,199,567,541,542,381,87,76,73,102,326,416,452,239,622,594,592,394,105,99,23,41,187,233,251,112,352,346,339,219,39,30,34,66,221,288,304,144,421,424,413,275,64,44,22,41,189,222,246,112,350,340,335,221,40,28,32,48,194,244,262,120,386,372,376,248,42,33,53,86,275,360,369,174,523,510,525,331,73,69,69,96,263,355,367,186,501,494,494,346,74,71,46.25,71.62,242.25,313.75,332.5,160.75,465.25,452.62,452.0,301.88,65.5,56.25
Concrete_0cm_S7,2026-04-02T20:40:19.479049,64,93,283,393,409,200,567,542,542,382,87,76,73,102,325,417,453,240,623,594,593,394,105,99,23,41,187,233,251,112,353,346,339,220,38,30,34,66,221,288,304,145,422,423,413,275,63,43,21,41,190,222,247,113,350,340,335,221,40,28,32,48,194,244,262,120,386,372,376,248,42,33,53,85,275,359,369,173,523,510,525,331,73,69,69,96,263,355,367,186,501,494,494,346,74,71,46.12,71.5,242.25,313.88,332.75,161.12,465.62,452.62,452.12,302.12,65.25,56.12
Concrete_0cm_S7,2026-04-02T20:40:19.623889,64,93,283,393,409,200,567,542,542,382,87,76,73,102,325,417,453,240,623,594,593,394,105,99,23,41,187,233,251,112,353,346,339,220,38,30,34,65,221,288,304,145,422,423,413,275,64,43,21,41,189,222,246,113,350,340,336,221,40,28,32,47,194,243,262,120,386,372,376,248,42,33,52,86,275,360,369,173,523,511,525,331,73,69,69,96,263,355,367,186,501,494,494,346,74,71,46.0,71.38,242.12,313.88,332.62,161.12,465.62,452.75,452.25,302.12,65.38,56.12
Concrete_0cm_S7,2026-04-02T20:40:19.761437,64,94,284,393,409,200,567,541,543,381,87,76,73,102,325,416,452,240,623,594,592,394,105,99,23,41,187,233,251,112,353,347,340,220,38,30,34,65,221,288,304,145,422,423,413,275,64,43,21,41,189,222,246,113,350,340,336,221,40,28,32,47,194,243,262,120,386,372,376,248,42,33,52,86,275,360,369,173,523,511,525,331,73,69,69,96,263,355,366,186,501,494,493,346,74,71,46.0,71.5,242.25,313.75,332.38,161.12,465.62,452.75,452.25,302.0,65.38,56.12
Concrete_0cm_S7,2026-04-02T20:40:19.913828,64,93,284,392,409,200,568,541,543,381,87,76,73,102,326,416,452,239,622,594,592,394,104,99,23,41,187,234,251,112,352,347,339,220,38,30,34,66,221,289,304,144,421,423,413,275,64,43,22,41,190,222,246,113,350,340,335,222,40,28,32,47,194,243,262,120,386,372,376,248,42,33,53,86,275,360,370,173,523,510,525,331,73,70,69,96,263,356,367,186,501,493,494,346,74,71,46.25,71.5,242.5,314.0,332.62,160.88,465.38,452.5,452.12,302.12,65.25,56.25
Concrete_0cm_S7,2026-04-02T20:40:20.076361,64,93,283,392,409,200,568,542,543,382,87,76,73,102,325,417,452,239,622,594,592,394,105,99,23,41,187,234,251,112,352,347,339,220,38,30,34,66,221,288,304,144,422,423,413,275,64,44,22,41,189,222,246,113,350,340,335,222,40,28,32,48,194,244,263,120,386,372,376,248,42,33,52,86,275,360,369,173,523,510,525,331,73,69,69,96,263,355,367,186,501,493,494,345,74,71,46.12,71.62,242.12,314.0,332.62,160.88,465.5,452.62,452.12,302.12,65.38,56.25
Concrete_0cm_S7,2026-04-02T20:40:20.218199,64,93,283,392,409,200,568,542,543,382,87,76,73,102,325,417,452,239,622,594,592,394,105,99,23,41,187,234,251,112,352,347,339,220,38,30,34,66,221,288,304,144,422,423,413,275,64,44,22,41,189,222,246,113,350,340,335,222,40,28,32,48,194,244,263,120,386,372,376,248,42,33,52,86,275,360,369,173,523,510,525,331,73,69,69,96,263,355,367,186,501,493,494,345,74,71,46.12,71.62,242.12,314.0,332.62,160.88,465.5,452.62,452.12,302.12,65.38,56.25
Concrete_0cm_S7,2026-04-02T20:40:20.352547,64,93,283,393,409,200,567,541,543,381,87,76,73,102,326,417,453,240,623,595,593,394,105,99,23,41,187,233,251,112,352,346,339,219,38,30,34,66,221,288,304,144,421,424,413,275,64,44,22,41,189,222,246,113,350,341,335,221,40,28,32,48,194,243,263,120,386,372,377,248,42,33,52,86,274,360,370,173,523,510,525,331,73,69,69,95,263,356,367,186,502,494,494,346,74,71,46.12,71.5,242.12,314.0,332.88,161.0,465.5,452.88,452.38,301.88,65.38,56.25
Concrete_0cm_S7,2026-04-02T20:40:20.497310,64,93,284,392,409,200,567,541,543,381,87,76,73,102,325,416,452,240,622,595,592,395,105,99,23,41,187,233,251,112,353,346,339,219,38,30,34,66,221,288,304,145,421,422,413,275,64,43,22,41,189,222,246,113,350,340,336,222,40,28,32,47,194,243,262,120,386,372,376,247,42,33,52,86,274,360,369,174,522,510,526,331,73,69,69,96,263,356,366,186,502,493,494,346,74,71,46.12,71.5,242.12,313.75,332.38,161.25,465.38,452.38,452.38,302.0,65.38,56.12
Concrete_0cm_S7,2026-04-02T20:40:20.644548,64,93,284,392,409,200,567,541,543,381,87,76,73,102,325,416,452,240,622,595,592,395,105,99,23,41,187,233,251,112,353,346,339,219,38,30,34,66,221,288,304,145,421,422,413,275,64,43,22,41,189,222,246,113,350,340,335,221,40,28,32,47,194,243,262,120,386,372,376,247,42,33,52,86,274,360,369,174,522,510,526,331,73,69,69,96,263,356,366,186,502,493,494,346,74,71,46.12,71.5,242.12,313.75,332.38,161.25,465.38,452.38,452.25,301.88,65.38,56.12
Concrete_0cm_S7,2026-04-02T20:40:20.797292,64,94,283,392,409,200,567,542,543,381,87,76,73,102,326,416,452,239,623,594,592,394,105,99,23,41,187,233,251,112,353,346,339,220,38,30,34,66,221,288,304,145,421,424,413,275,64,43,22,41,189,222,246,113,350,340,335,221,40,28,32,48,194,244,263,120,386,372,376,248,42,33,52,86,275,360,369,173,523,510,525,331,73,70,69,96,263,355,367,186,502,494,493,346,74,71,46.12,71.75,242.25,313.75,332.62,161.0,465.62,452.75,452.0,302.0,65.38,56.25
Concrete_0cm_S7,2026-04-02T20:40:20.998474,63,93,284,393,409,200,568,542,543,381,86,76,73,102,326,416,453,239,622,594,592,394,104,99,23,41,187,233,251,112,353,346,340,220,38,30,34,66,221,289,304,144,422,423,413,275,64,44,21,41,189,221,246,113,350,340,335,221,40,28,32,47,194,244,262,120,386,372,376,248,42,33,52,86,274,359,368,173,523,510,525,331,73,69,69,96,263,356,367,186,502,493,494,346,74,71,45.88,71.5,242.25,313.88,332.5,160.88,465.75,452.5,452.25,302.0,65.12,56.25
Concrete_0cm_S7,2026-04-02T20:40:21.180051,63,94,283,392,409,200,567,541,543,381,87,76,73,102,325,417,453,240,622,595,592,394,105,99,23,41,187,233,251,112,353,346,339,219,38,30,34,66,221,289,304,145,421,424,413,275,64,44,22,41,189,222,246,113,350,340,336,221,40,28,32,47,194,244,262,120,386,372,376,248,42,33,52,86,274,360,369,173,523,510,525,331,73,69,69,96,262,355,367,186,501,493,494,346,74,71,46.0,71.62,241.88,314.0,332.62,161.12,465.38,452.62,452.25,301.88,65.38,56.25
Concrete_0cm_S7,2026-04-02T20:40:21.339945,64,93,284,393,409,200,567,542,542,381,87,76,73,102,326,416,452,240,623,594,592,394,105,99,23,41,187,233,251,112,353,346,339,220,38,30,34,65,221,288,304,144,422,423,413,275,64,44,21,41,189,222,246,112,350,340,335,221,40,28,32,48,194,243,263,120,385,372,376,248,42,33,53,86,274,359,368,173,523,509,525,330,73,69,69,96,262,355,367,186,501,493,494,346,74,71,46.12,71.5,242.12,313.62,332.5,160.88,465.5,452.38,452.0,301.88,65.38,56.25
Concrete_0cm_S7,2026-04-02T20:40:21.505501,64,94,283,393,409,200,567,542,542,381,87,76,73,102,326,417,452,239,622,594,593,394,104,99,23,41,187,233,251,112,353,346,339,219,38,30,34,66,221,288,304,145,422,423,413,275,64,44,22,41,189,222,246,113,350,341,336,222,40,28,32,48,194,244,263,120,386,373,376,248,42,33,52,86,274,359,369,173,523,510,525,331,73,70,69,96,262,356,367,186,502,493,494,346,74,71,46.12,71.75,242.0,314.0,332.62,161.0,465.62,452.75,452.25,302.0,65.25,56.38
Concrete_0cm_S7,2026-04-02T20:40:21.650569,64,94,283,393,409,200,567,542,542,381,87,76,73,102,326,417,452,239,622,594,593,394,104,99,23,41,187,233,251,112,353,346,339,219,38,30,34,66,221,288,304,145,422,423,413,275,64,44,22,41,189,222,247,113,350,340,336,222,40,28,32,48,194,243,262,120,386,372,376,248,42,33,53,86,275,359,369,173,523,510,525,331,73,69,69,95,263,355,367,186,501,493,494,345,74,71,46.25,71.62,242.25,313.75,332.62,161.0,465.5,452.5,452.25,301.88,65.25,56.25
Concrete_0cm_S7,2026-04-02T20:40:21.788829,64,94,284,393,409,200,568,541,543,381,87,76,73,102,326,417,452,239,623,594,592,394,105,99,23,41,187,233,251,112,353,346,339,219,38,30,34,66,221,288,304,144,422,423,413,275,64,44,22,41,189,221,246,113,350,341,335,221,40,28,32,48,194,243,262,120,386,372,376,248,42,33,53,86,275,359,369,173,523,510,525,331,73,69,69,95,263,355,367,186,501,493,494,345,74,71,46.25,71.62,242.38,313.62,332.5,160.88,465.75,452.5,452.12,301.75,65.38,56.25
Concrete_0cm_S7,2026-04-02T20:40:21.982227,64,93,283,392,409,200,567,542,543,381,87,76,73,102,326,417,452,239,622,594,592,394,105,99,23,41,187,233,251,112,353,347,339,220,38,30,34,66,221,288,304,144,421,423,413,275,64,44,22,41,189,222,246,113,350,341,335,222,40,27,32,48,194,243,262,120,385,372,376,248,42,33,53,86,274,360,369,174,523,510,525,331,73,70,68,96,263,356,367,186,502,493,494,346,74,71,46.12,71.62,242.12,313.88,332.5,161.0,465.38,452.75,452.12,302.12,65.38,56.25
Concrete_0cm_S7,2026-04-02T20:40:22.138915,64,94,284,393,409,200,567,542,543,381,87,76,73,102,326,416,452,239,622,594,592,394,104,99,23,41,187,234,251,112,352,346,340,220,38,30,34,66,221,289,304,144,422,423,413,275,63,43,22,41,189,221,246,113,350,340,336,221,40,28,32,48,194,243,262,120,386,372,376,248,42,33,53,86,274,360,369,174,523,510,525,331,73,70,68,96,263,356,367,186,502,493,494,346,74,71,46.12,71.75,242.25,314.0,332.5,161.0,465.5,452.5,452.38,302.0,65.12,56.25
Concrete_0cm_S7,2026-04-02T20:40:22.279842,64,94,284,393,409,200,567,542,543,381,87,76,73,102,326,416,452,239,622,594,592,394,104,99,23,41,187,234,251,112,352,346,340,220,38,30,34,66,221,289,304,144,422,423,413,275,63,43,22,41,189,221,246,113,350,340,336,221,40,28,32,48,194,243,262,120,386,372,376,248,42,33,53,86,274,360,369,174,523,510,525,331,73,70,68,96,263,356,367,186,502,493,494,346,74,71,46.12,71.75,242.25,314.0,332.5,161.0,465.5,452.5,452.38,302.0,65.12,56.25
Concrete_0cm_S7,2026-04-02T20:40:22.417132,64,94,284,393,409,200,567,542,542,381,86,76,73,102,325,416,452,239,622,594,592,394,104,99,23,41,187,233,251,112,353,347,339,219,38,30,34,66,221,288,304,144,421,423,413,275,64,44,22,41,189,222,246,112,350,340,336,221,40,28,32,48,194,243,262,120,386,372,376,248,42,33,52,86,275,359,369,174,523,510,525,331,73,69,69,96,263,355,367,186,502,493,494,346,74,71,46.12,71.75,242.25,313.62,332.5,160.88,465.5,452.62,452.12,301.88,65.12,56.25
Concrete_0cm_S7,2026-04-02T20:40:22.569938,64,93,284,392,409,200,567,541,543,381,87,76,73,102,325,416,452,240,621,594,592,394,105,99,23,41,187,233,251,112,353,346,340,219,38,30,34,66,221,289,304,145,422,423,413,275,64,44,21,41,189,222,246,113,350,341,336,221,40,28,32,48,194,243,262,120,386,372,376,248,42,33,52,86,275,360,369,173,523,510,525,331,73,69,69,96,263,356,367,186,502,493,494,346,74,71,46.0,71.62,242.25,313.88,332.5,161.12,465.5,452.5,452.38,301.88,65.38,56.25
Concrete_0cm_S7,2026-04-02T20:40:22.721712,64,93,284,392,409,200,567,541,543,381,87,76,73,102,325,416,452,240,621,594,592,394,105,99,23,41,187,233,251,112,353,346,340,219,38,30,34,66,221,289,304,145,422,423,413,275,64,44,21,41,189,222,246,113,350,341,336,221,40,28,32,48,194,243,262,120,386,372,376,248,42,33,52,86,274,359,369,173,523,510,525,331,73,69,68,96,263,356,367,186,502,494,493,346,74,71,45.88,71.62,242.12,313.75,332.5,161.12,465.5,452.62,452.25,301.88,65.38,56.25
Concrete_0cm_S7,2026-04-02T20:40:22.901070,64,93,283,393,409,199,567,541,543,382,87,76,73,102,325,416,452,239,622,594,593,394,104,99,23,41,187,234,252,112,353,347,340,219,38,30,34,66,221,288,305,145,422,423,413,275,64,44,22,41,189,222,246,113,350,340,336,222,40,28,32,48,194,243,262,120,386,372,376,248,42,33,52,86,274,359,369,173,523,510,525,331,73,69,69,96,263,355,367,186,501,493,494,346,74,71,46.12,71.62,242.0,313.75,332.75,160.88,465.5,452.5,452.5,302.12,65.25,56.25
Concrete_0cm_S7,2026-04-02T20:40:23.047547,64,93,284,392,409,200,567,541,542,381,86,76,73,102,326,416,452,239,623,595,593,395,105,99,23,41,187,233,251,112,353,347,340,220,38,30,34,66,221,289,304,145,422,423,413,275,64,44,22,41,189,222,247,113,350,341,336,222,40,28,32,48,194,243,262,120,386,372,376,248,42,33,52,86,274,359,369,173,523,510,525,331,73,70,69,96,263,355,367,186,501,494,494,346,74,71,46.12,71.62,242.25,313.62,332.62,161.0,465.62,452.88,452.38,302.25,65.25,56.38
Concrete_0cm_S7,2026-04-02T20:40:23.192742,64,93,284,392,409,200,567,541,543,381,87,76,73,102,326,416,452,239,623,595,593,395,105,99,23,41,187,233,251,112,353,347,340,220,38,30,34,66,221,289,304,145,422,423,413,275,64,44,22,41,189,222,247,113,350,341,336,222,40,28,32,48,193,244,262,120,386,372,376,248,42,33,53,86,274,360,369,173,523,510,525,331,73,70,68,95,262,355,367,186,501,493,494,346,74,71,46.12,71.5,242.0,313.88,332.62,161.0,465.62,452.75,452.5,302.25,65.38,56.38
Concrete_0cm_S7,2026-04-02T20:40:23.344222,64,93,283,392,409,200,567,541,543,381,86,76,73,102,326,416,452,240,622,593,592,394,104,99,23,41,187,233,251,112,353,346,340,220,38,30,34,66,221,288,304,144,422,423,413,275,64,44,22,41,189,222,247,113,350,341,336,222,40,28,32,48,194,244,262,120,385,372,376,249,42,33,53,86,274,359,369,174,523,510,525,331,73,69,69,95,263,354,367,186,501,494,494,346,74,71,46.25,71.5,242.12,313.5,332.62,161.12,465.38,452.5,452.38,302.25,65.12,56.25
Concrete_0cm_S7,2026-04-02T20:40:23.494346,64,94,284,393,409,200,567,542,543,381,87,76,73,102,326,416,452,240,622,593,592,394,104,99,23,41,187,233,251,112,353,346,339,219,38,30,34,66,221,288,304,144,421,423,413,275,64,44,22,41,189,221,246,113,349,340,336,222,40,28,32,47,194,243,262,120,385,372,376,248,42,33,52,86,274,360,369,173,523,510,525,331,73,70,69,96,263,355,367,186,501,494,494,346,74,71,46.12,71.62,242.25,313.62,332.5,161.0,465.12,452.5,452.25,302.0,65.25,56.38
Concrete_0cm_S7,2026-04-02T20:40:23.648981,64,94,284,393,409,200,567,542,543,381,87,76,73,102,326,416,452,240,622,593,592,394,104,99,23,41,187,233,251,112,353,346,339,219,38,30,34,66,221,289,304,145,421,423,413,276,63,44,22,41,189,221,246,113,350,340,336,221,40,28,32,48,194,243,262,120,385,372,376,248,42,33,52,86,274,359,369,173,523,510,525,331,73,69,69,96,263,356,367,186,501,493,494,346,74,71,46.12,71.75,242.25,313.75,332.5,161.12,465.25,452.38,452.25,302.0,65.12,56.25
Concrete_0cm_S7,2026-04-02T20:40:23.830001,64,94,283,393,409,200,567,541,543,381,87,76,73,102,325,417,453,239,622,595,592,394,105,99,23,41,187,233,251,112,353,347,339,220,38,30,34,66,221,288,304,145,421,423,413,275,64,44,21,41,189,222,246,112,350,340,336,221,40,28,32,48,194,244,262,120,386,372,376,248,42,33,52,86,274,360,369,173,522,510,525,331,73,69,69,96,263,356,367,186,501,493,494,346,74,71,46.0,71.75,242.0,314.12,332.62,160.88,465.25,452.62,452.25,302.0,65.38,56.25
Concrete_0cm_S7,2026-04-02T20:40:23.971695,64,93,284,392,409,200,567,541,543,381,86,76,73,102,325,417,453,239,622,594,592,394,105,99,23,41,186,233,252,112,353,347,340,220,38,30,34,66,221,288,304,145,422,423,413,275,64,44,21,41,189,222,246,112,350,341,336,221,40,27,32,48,194,244,263,120,386,372,376,248,42,33,52,86,274,359,369,173,523,510,525,331,73,69,69,96,263,356,367,186,502,493,494,346,74,71,46.0,71.62,242.0,313.88,332.88,160.88,465.62,452.62,452.38,302.0,65.25,56.12
Concrete_0cm_S7,2026-04-02T20:40:24.121842,64,93,284,393,409,200,567,541,543,381,86,76,73,102,326,416,453,239,623,594,592,394,105,99,23,41,187,233,252,112,353,347,340,219,38,30,34,66,221,288,304,144,422,423,413,275,64,43,21,41,189,222,246,112,350,340,336,222,40,28,32,48,194,244,262,120,386,372,377,248,42,33,52,86,274,359,369,173,523,510,525,331,73,69,69,96,263,356,367,186,502,493,494,346,74,71,46.0,71.62,242.25,313.88,332.75,160.75,465.75,452.5,452.5,302.0,65.25,56.12
Concrete_0cm_S7,2026-04-02T20:40:24.280194,63,93,283,392,408,199,567,541,543,381,86,76,73,102,325,416,452,239,622,594,592,394,104,99,23,41,187,233,252,112,353,347,340,219,38,30,34,66,221,288,304,144,422,423,413,275,64,43,21,41,189,222,246,112,350,340,336,222,40,28,32,48,194,244,262,120,386,372,377,248,42,33,52,86,274,359,369,173,523,510,525,331,73,69,69,96,263,356,367,186,502,493,494,346,74,71,45.88,71.62,242.0,313.75,332.5,160.62,465.62,452.5,452.5,302.0,65.12,56.12
Concrete_0cm_S7,2026-04-02T20:40:24.441718,63,93,283,392,408,199,567,541,543,381,86,76,73,102,325,416,452,239,622,594,592,394,104,99,23,41,187,233,251,112,353,347,339,220,38,30,34,66,221,288,304,144,422,423,413,275,64,44,22,41,189,222,246,113,350,340,336,221,40,28,32,48,194,244,262,120,386,372,376,248,42,33,52,86,274,359,369,173,523,511,525,331,73,70,69,96,263,356,367,186,502,493,494,346,74,71,46.0,71.62,242.0,313.75,332.38,160.75,465.62,452.62,452.25,302.0,65.12,56.38
Concrete_0cm_S7,2026-04-02T20:40:24.597188,64,93,284,392,408,200,568,542,542,382,86,76,73,102,325,417,452,240,623,594,592,394,105,99,23,41,187,233,251,112,353,346,339,220,38,30,34,66,221,288,304,145,421,423,413,275,64,44,21,41,189,222,246,113,350,340,336,222,40,28,32,48,194,244,262,120,386,372,377,248,42,33,53,86,274,360,369,173,523,510,525,331,73,69,69,96,263,355,367,186,502,494,494,346,74,71,46.12,71.62,242.12,313.88,332.38,161.12,465.75,452.62,452.25,302.25,65.25,56.25
Concrete_0cm_S7,2026-04-02T20:40:24.764296,64,94,284,392,409,200,568,542,543,382,87,76,73,101,326,416,452,239,623,594,592,394,104,99,23,41,187,233,251,112,353,347,340,220,38,30,34,66,221,288,304,145,421,423,413,275,64,44,21,41,189,222,246,113,350,340,336,222,40,28,32,48,194,244,262,120,386,372,377,248,42,33,53,86,274,360,369,173,523,510,525,331,73,69,69,96,263,355,367,186,502,494,494,346,74,71,46.12,71.62,242.25,313.75,332.5,161.0,465.75,452.75,452.5,302.25,65.25,56.25
Concrete_0cm_S7,2026-04-02T20:40:24.909373,64,94,284,392,409,200,568,542,543,382,87,76,73,101,326,416,452,239,623,594,592,394,104,99,23,41,187,233,251,112,353,347,340,220,38,30,34,66,221,289,304,145,422,424,413,275,64,44,22,41,189,222,246,113,350,340,336,222,40,28,32,48,194,243,262,121,386,372,376,248,42,33,52,86,275,359,369,173,523,510,525,331,73,70,69,96,263,356,367,186,501,493,494,346,74,71,46.12,71.62,242.38,313.75,332.5,161.12,465.75,452.75,452.38,302.25,65.25,56.38
Concrete_0cm_S7,2026-04-02T20:40:25.079457,64,93,283,392,409,200,567,541,542,381,87,76,73,102,325,416,452,239,622,594,592,394,104,99,23,41,187,233,252,112,353,347,340,220,38,30,34,66,221,288,304,145,421,424,413,275,64,44,22,41,189,222,247,113,350,341,336,221,40,28,32,48,194,244,263,120,386,372,377,248,42,33,52,86,275,359,369,173,523,510,525,331,73,70,69,96,263,356,367,186,501,493,494,346,74,71,46.12,71.62,242.12,313.75,332.88,161.0,465.38,452.75,452.38,302.0,65.25,56.38
Concrete_0cm_S7,2026-04-02T20:40:25.223413,64,94,284,393,409,200,567,541,543,381,87,76,73,102,325,416,452,239,623,594,592,394,105,99,23,41,187,233,252,112,353,347,340,220,38,30,34,65,221,288,304,145,422,423,413,276,64,44,22,41,189,222,247,113,350,341,336,221,40,28,32,48,194,244,263,120,386,372,377,248,42,33,52,86,274,359,369,173,522,510,525,330,73,69,69,96,263,356,367,186,501,493,494,346,74,71,46.12,71.62,242.12,313.88,332.88,161.0,465.5,452.62,452.5,302.0,65.38,56.25
Concrete_0cm_S7,2026-04-02T20:40:25.367670,64,94,284,393,409,200,567,541,543,381,87,76,73,102,325,416,452,239,623,594,592,394,105,99,23,41,187,233,252,112,353,347,340,220,38,30,34,65,221,288,304,145,422,423,413,276,64,44,22,41,189,222,247,113,350,341,336,221,40,28,32,48,194,244,263,120,386,372,377,248,42,33,52,86,274,359,369,173,522,510,525,330,73,69,69,96,263,356,367,186,501,493,494,346,74,71,46.12,71.62,242.12,313.88,332.88,161.0,465.5,452.62,452.5,302.0,65.38,56.25
Concrete_0cm_S7,2026-04-02T20:40:25.518803,64,93,284,393,409,200,568,541,543,382,87,76,73,102,325,416,452,239,621,593,592,394,104,98,23,41,187,233,252,112,353,346,340,220,38,30,34,66,221,288,304,145,422,423,413,275,64,43,22,41,190,222,246,113,350,341,336,222,40,28,32,47,194,243,262,120,386,372,377,248,42,33,52,86,274,360,369,173,522,510,525,331,73,70,68,96,263,356,367,186,502,493,494,346,74,71,46.0,71.5,242.25,313.88,332.62,161.0,465.5,452.38,452.5,302.25,65.25,56.12
Concrete_0cm_S7,2026-04-02T20:40:25.670713,64,93,283,393,409,200,567,542,543,381,87,76,73,102,325,416,452,240,621,594,592,394,105,99,23,41,187,233,251,112,353,346,339,219,38,30,34,66,221,288,305,144,422,424,414,275,64,44,22,41,189,222,246,113,350,341,336,221,40,28,32,48,194,244,262,120,386,372,376,248,42,33,53,86,275,359,369,173,523,510,525,330,73,70,69,96,263,356,367,186,502,494,495,346,74,71,46.25,71.62,242.12,313.88,332.62,161.0,465.5,452.88,452.5,301.75,65.38,56.38
Concrete_0cm_S7,2026-04-02T20:40:25.841397,64,93,283,393,409,200,567,542,543,381,87,76,73,102,325,416,452,240,621,594,592,394,105,99,23,41,187,233,251,112,353,346,339,219,38,30,34,66,221,288,304,144,422,423,413,275,64,44,22,41,189,222,246,113,350,341,336,222,40,28,32,48,194,244,262,120,386,372,376,248,42,33,52,86,275,359,369,173,523,510,525,331,73,69,69,96,263,356,367,186,502,494,495,346,74,71,46.12,71.62,242.12,313.88,332.5,161.0,465.5,452.75,452.38,302.0,65.38,56.25
Concrete_0cm_S7,2026-04-02T20:40:25.991933,64,93,283,393,409,200,567,542,543,381,87,76,73,102,325,416,452,240,621,594,592,394,105,99,23,41,187,233,251,112,353,346,339,219,38,30,34,66,221,288,304,144,422,423,413,275,64,44,22,41,189,222,246,113,350,341,336,222,40,28,32,48,194,244,262,120,386,372,376,248,42,33,52,86,275,359,369,173,523,510,525,331,73,69,69,96,263,356,367,186,502,494,495,346,74,71,46.12,71.62,242.12,313.88,332.5,161.0,465.5,452.75,452.38,302.0,65.38,56.25
Concrete_0cm_S7,2026-04-02T20:40:26.132995,64,93,284,393,409,200,568,542,543,381,87,76,73,102,325,416,452,239,621,593,592,394,105,99,23,41,187,233,252,112,353,346,340,220,38,30,34,66,221,288,304,145,422,424,413,276,64,43,22,41,189,220,246,113,350,341,336,222,40,28,32,48,194,244,263,120,386,372,376,248,42,33,52,86,274,359,369,173,523,510,525,330,73,69,69,96,263,356,367,186,501,493,494,346,74,71,46.12,71.62,242.12,313.62,332.75,161.0,465.5,452.62,452.38,302.12,65.38,56.12
Concrete_0cm_S7,2026-04-02T20:40:26.337179,64,93,284,393,409,200,568,542,543,381,87,76,73,102,325,416,453,239,622,594,592,394,105,99,23,41,187,233,251,112,353,347,340,220,38,30,34,66,221,288,304,145,422,424,413,276,64,43,22,41,189,222,246,113,350,341,336,222,40,28,32,48,194,244,263,120,386,372,376,248,42,33,52,86,274,359,369,173,523,510,525,330,73,69,69,96,263,356,367,186,501,493,494,346,74,71,46.12,71.62,242.12,313.88,332.75,161.0,465.62,452.88,452.38,302.12,65.38,56.12
Concrete_0cm_S7,2026-04-02T20:40:26.487661,64,93,284,392,409,200,567,541,542,381,86,76,73,102,325,416,453,239,622,594,592,394,105,99,23,41,187,233,251,112,353,347,340,220,38,30,34,66,221,288,304,145,422,424,413,276,64,43,22,41,189,222,246,113,350,341,336,222,40,28,32,48,195,244,263,120,386,372,376,248,42,33,52,86,274,359,369,173,523,510,525,331,73,69,69,96,263,356,367,186,501,494,494,346,74,71,46.12,71.62,242.25,313.75,332.75,161.0,465.5,452.88,452.25,302.25,65.25,56.12
Concrete_0cm_S7,2026-04-02T20:40:26.657822,64,94,283,392,409,200,567,541,542,381,86,76,73,102,325,416,452,240,621,594,592,394,104,99,23,41,186,233,252,112,353,346,340,220,38,30,34,66,221,288,304,144,422,423,413,275,63,43,21,41,189,222,246,112,350,341,336,222,40,28,32,48,194,243,262,120,386,372,376,248,42,33,53,85,275,360,369,173,523,509,525,331,73,69,69,96,263,356,367,186,502,494,494,346,74,71,46.12,71.62,242.0,313.75,332.62,160.88,465.5,452.5,452.25,302.12,65.0,56.12
Concrete_0cm_S7,2026-04-02T20:40:26.819036,64,94,283,392,409,200,567,541,542,381,86,76,73,102,325,416,452,239,621,593,592,394,104,98,23,41,187,233,251,112,352,346,339,220,38,30,34,66,221,288,304,145,422,423,413,275,64,43,21,41,189,222,246,112,350,341,336,222,40,28,32,48,194,243,262,120,386,372,376,248,42,33,53,85,275,360,369,173,523,509,525,331,73,69,69,96,263,356,367,186,502,494,494,346,74,71,46.12,71.62,242.12,313.75,332.5,160.88,465.38,452.38,452.12,302.12,65.12,56.0
Concrete_0cm_S7,2026-04-02T20:40:26.962472,64,94,283,392,409,200,567,541,542,381,86,76,73,102,325,416,452,239,621,593,592,394,104,98,23,41,187,233,251,112,352,346,339,220,38,30,34,66,221,288,304,145,422,423,413,275,64,43,22,41,189,222,246,113,350,340,336,222,40,28,32,48,194,243,262,120,385,372,377,248,42,33,52,86,274,359,369,173,522,510,525,331,73,69,69,96,263,356,367,186,502,494,494,346,74,71,46.12,71.75,242.0,313.62,332.5,161.0,465.12,452.38,452.25,302.12,65.12,56.0
Concrete_0cm_S7,2026-04-02T20:40:27.106709,64,93,284,392,409,200,567,541,542,381,86,76,73,102,325,416,452,239,623,594,592,394,105,99,23,41,187,233,251,112,353,346,340,220,38,30,34,66,221,288,304,144,422,424,413,275,64,44,22,41,190,222,246,113,350,341,336,222,40,28,32,48,194,244,263,120,386,372,377,248,42,33,52,86,275,359,369,173,523,510,525,331,73,69,69,95,263,355,367,186,502,493,494,346,74,71,46.12,71.5,242.38,313.62,332.62,160.88,465.75,452.62,452.38,302.12,65.25,56.25
Concrete_0cm_S7,2026-04-02T20:40:27.251241,64,93,283,392,409,200,568,541,542,381,87,76,73,102,325,417,452,239,622,594,592,394,104,99,23,41,187,233,251,112,354,347,340,219,38,30,34,66,221,288,304,145,421,424,413,275,64,44,22,41,189,222,246,113,350,341,336,222,40,28,32,48,194,244,263,120,386,372,377,248,42,33,52,86,275,359,369,173,523,510,525,331,73,69,69,95,263,355,367,186,502,493,494,346,74,71,46.12,71.5,242.12,313.75,332.62,161.0,465.75,452.75,452.38,302.0,65.25,56.25
Concrete_0cm_S7,2026-04-02T20:40:27.407683,64,93,283,392,409,200,568,541,542,381,87,76,73,102,325,417,452,239,622,594,592,394,104,99,23,41,187,233,251,112,354,347,340,219,38,30,34,66,221,288,304,145,421,424,413,275,64,44,22,41,189,222,246,113,350,341,336,222,40,28,32,48,194,244,263,120,386,372,377,248,42,33,52,86,275,359,369,173,523,510,525,331,73,69,69,95,263,355,367,186,502,493,494,346,74,71,46.12,71.5,242.12,313.75,332.62,161.0,465.75,452.75,452.38,302.0,65.25,56.25
Concrete_0cm_S7,2026-04-02T20:40:27.555253,64,93,284,393,409,200,567,541,542,381,86,76,73,102,326,416,452,239,623,593,593,394,105,99,23,41,187,233,251,112,353,346,340,219,38,30,34,66,221,288,304,145,422,424,413,275,64,44,22,41,189,222,247,113,350,340,336,221,40,28,32,47,194,244,262,120,386,372,376,248,42,33,53,86,274,360,369,173,524,510,525,331,73,70,69,95,263,355,367,186,502,493,494,346,74,71,46.25,71.38,242.25,313.88,332.62,161.0,465.88,452.38,452.38,301.88,65.25,56.38
Concrete_0cm_S7,2026-04-02T20:40:27.745436,64,94,284,392,409,200,568,542,543,381,87,76,73,102,325,416,452,239,622,594,591,394,104,99,23,41,187,233,251,112,353,347,339,219,38,30,34,66,221,288,304,145,422,423,414,275,64,44,22,41,189,222,246,113,350,341,336,221,40,28,32,48,194,243,262,121,385,372,376,248,42,33,53,86,274,360,369,173,523,510,525,331,73,70,69,96,263,356,367,186,502,494,494,346,74,71,46.25,71.75,242.12,313.75,332.5,161.12,465.62,452.88,452.25,301.88,65.25,56.38
Concrete_0cm_S7,2026-04-02T20:40:27.892924,64,94,284,392,409,200,567,542,543,381,87,76,73,102,325,416,452,239,622,594,592,394,105,99,23,41,187,233,251,112,352,347,340,220,38,30,34,66,221,288,304,145,422,424,414,275,64,44,22,41,189,222,246,113,350,341,336,221,40,28,32,48,194,243,263,120,386,372,376,248,42,33,52,86,274,360,369,173,523,510,525,331,73,70,69,96,263,356,367,186,501,493,495,347,74,71,46.12,71.75,242.12,313.75,332.62,161.0,465.38,452.88,452.62,302.12,65.38,56.38
Concrete_0cm_S7,2026-04-02T20:40:28.046977,64,94,284,392,409,200,567,542,543,381,87,76,73,102,325,416,452,239,622,594,592,394,105,99,23,41,187,233,251,112,353,346,339,220,38,30,34,65,221,288,304,145,422,423,413,275,64,44,22,41,189,222,246,112,350,340,336,222,40,28,32,48,194,243,263,120,386,372,376,248,42,33,52,86,274,359,369,173,522,510,525,331,73,70,69,96,263,356,367,186,502,493,494,346,74,71,46.12,71.62,242.12,313.62,332.62,160.88,465.5,452.5,452.25,302.12,65.38,56.38
Concrete_0cm_S7,2026-04-02T20:40:28.207761,64,93,284,393,409,200,568,542,542,381,87,77,73,102,325,416,452,239,622,594,592,394,105,99,23,41,187,233,251,112,353,347,339,219,38,30,34,66,221,288,304,145,421,424,413,275,64,44,22,41,189,222,246,112,350,340,336,222,40,28,32,48,194,243,262,120,385,372,376,248,42,33,52,86,275,359,369,173,523,511,525,330,73,70,69,96,263,356,367,186,501,494,494,346,74,71,46.12,71.62,242.25,313.75,332.5,160.88,465.38,453.0,452.12,301.88,65.38,56.5
Concrete_0cm_S7,2026-04-02T20:40:28.353735,64,93,284,393,409,200,568,542,542,381,87,77,73,102,325,416,452,239,622,594,592,394,105,99,23,41,187,233,251,112,353,347,339,219,38,30,34,66,221,288,304,145,421,424,413,275,64,44,22,41,189,222,246,113,350,340,336,221,40,28,32,48,194,244,262,120,386,372,376,248,43,33,53,86,274,359,369,173,523,510,525,331,73,69,69,96,263,356,367,186,502,493,494,346,74,71,46.25,71.62,242.12,313.88,332.5,161.0,465.62,452.75,452.12,301.88,65.5,56.38
Concrete_0cm_S7,2026-04-02T20:40:28.505712,64,94,283,392,409,200,568,541,542,381,86,76,73,102,325,416,452,239,622,593,592,394,104,99,23,41,187,233,251,112,353,347,339,219,38,30,34,66,221,288,304,144,422,424,414,275,64,44,22,41,189,222,246,113,350,341,336,221,40,28,32,48,194,243,262,120,386,372,376,248,42,33,52,86,274,359,369,173,522,510,525,331,73,70,69,96,263,355,367,186,502,493,494,346,74,71,46.12,71.75,242.0,313.5,332.5,160.88,465.62,452.62,452.25,301.88,65.12,56.38
Concrete_0cm_S7,2026-04-02T20:40:28.699155,64,93,283,392,409,200,567,541,543,381,86,76,73,102,325,416,452,239,622,593,592,394,104,99,23,41,187,233,251,112,353,347,339,219,38,30,34,66,221,288,304,145,422,424,413,275,64,44,22,41,189,221,246,113,350,340,336,221,40,28,32,48,194,243,262,120,386,372,376,248,42,33,52,86,274,359,369,173,523,510,525,331,73,69,69,96,263,355,367,186,502,494,494,346,74,71,46.12,71.62,242.0,313.38,332.5,161.0,465.62,452.62,452.25,301.88,65.12,56.25
Concrete_0cm_S7,2026-04-02T20:40:28.866765,63,93,283,392,409,200,567,541,542,381,86,76,73,102,325,416,452,239,622,594,592,394,104,99,23,41,187,233,251,112,352,346,339,219,38,30,34,66,221,288,304,144,422,424,414,275,64,44,22,41,189,222,246,113,350,340,335,222,40,28,32,48,194,244,262,120,386,373,376,248,42,33,52,86,275,359,369,173,523,511,525,331,73,70,69,96,263,355,366,186,501,493,494,346,74,71,46.0,71.62,242.12,313.62,332.38,160.88,465.38,452.75,452.12,302.0,65.12,56.38
Concrete_0cm_S7,2026-04-02T20:40:29.013249,63,93,283,392,409,200,567,541,542,381,86,76,73,102,325,416,452,239,622,594,592,394,104,99,23,41,187,233,251,112,352,346,339,219,38,30,34,66,221,288,304,144,422,424,414,275,64,44,22,41,189,222,246,113,350,340,335,222,40,28,32,48,194,244,262,120,386,373,376,248,42,33,52,86,275,359,369,173,523,511,525,331,73,70,69,96,263,355,366,186,501,493,494,346,74,71,46.0,71.62,242.12,313.62,332.38,160.88,465.38,452.75,452.12,302.0,65.12,56.38
Concrete_0cm_S7,2026-04-02T20:40:29.167135,64,93,284,392,409,200,568,541,542,381,87,76,73,102,324,416,452,239,622,594,592,394,104,99,23,41,187,234,250,112,353,347,339,220,38,30,34,66,221,288,304,145,422,424,413,275,64,44,22,41,189,221,246,113,350,341,336,221,40,28,32,48,194,244,263,120,386,372,377,248,42,33,52,86,274,359,369,173,523,510,526,330,73,70,69,96,263,355,367,186,501,493,494,346,74,71,46.12,71.62,242.0,313.62,332.5,161.0,465.62,452.75,452.38,301.88,65.25,56.38
Concrete_0cm_S7,2026-04-02T20:40:29.324276,64,94,283,392,409,200,568,542,543,381,87,76,73,102,325,416,452,239,621,594,592,394,104,99,23,41,187,233,252,111,353,346,339,220,38,30,34,65,221,288,304,144,422,424,413,275,64,44,22,41,189,222,246,113,350,341,335,221,40,28,32,48,194,243,262,120,386,372,376,248,42,33,52,86,274,359,369,173,523,510,525,331,73,70,69,96,263,355,367,186,501,493,494,346,74,71,46.12,71.62,242.0,313.5,332.62,160.75,465.5,452.75,452.12,302.0,65.25,56.38
Concrete_0cm_S7,2026-04-02T20:40:29.477203,64,94,283,392,409,200,568,542,543,381,87,76,73,102,325,416,452,239,621,594,592,394,104,99,23,41,187,233,252,111,353,346,339,220,38,30,34,65,221,288,304,144,422,424,413,275,64,44,22,41,189,222,246,113,350,341,335,221,40,28,32,48,194,243,262,120,386,372,376,248,42,33,52,86,274,359,369,173,523,510,525,331,73,70,69,96,263,355,367,186,501,493,494,346,74,71,46.12,71.62,242.0,313.5,332.62,160.75,465.5,452.75,452.12,302.0,65.25,56.38
Concrete_0cm_S7,2026-04-02T20:40:29.681238,64,94,283,392,409,200,568,542,543,381,87,76,73,102,325,416,452,239,622,594,592,394,105,99,23,41,187,233,252,113,353,347,339,220,38,30,34,65,221,288,304,144,422,424,413,275,64,44,22,41,189,222,246,113,350,341,335,221,40,28,32,48,194,243,262,120,386,372,376,248,42,33,52,86,274,359,369,173,523,510,525,331,73,70,69,96,263,355,367,186,501,493,494,346,74,71,46.12,71.62,242.0,313.5,332.62,161.0,465.62,452.88,452.12,302.0,65.38,56.38
Concrete_0cm_S7,2026-04-02T20:40:29.835685,64,94,283,392,409,200,567,542,542,381,87,76,73,102,325,416,452,239,622,594,592,394,105,99,23,41,187,234,251,112,353,347,339,219,38,30,34,66,221,288,304,145,422,423,413,275,64,44,22,41,189,222,246,112,350,340,336,221,40,28,32,48,194,244,262,120,385,372,376,248,42,33,52,86,274,359,369,173,522,510,525,331,73,69,69,96,263,355,367,186,502,494,494,345,74,71,46.12,71.75,242.0,313.75,332.5,160.88,465.38,452.75,452.12,301.75,65.38,56.25
Concrete_0cm_S7,2026-04-02T20:40:29.990472,64,93,283,393,409,200,568,542,542,381,87,76,73,102,326,416,452,239,623,594,593,394,105,99,23,41,187,233,252,112,353,347,340,219,38,30,34,66,221,288,304,145,422,423,413,275,64,44,22,41,189,222,246,113,350,340,335,222,40,28,32,47,194,243,262,120,386,372,376,248,42,33,52,86,274,359,369,173,523,511,524,330,73,69,68,96,263,356,367,186,501,493,494,346,74,71,46.0,71.5,242.12,313.75,332.62,161.0,465.75,452.75,452.12,301.88,65.38,56.25
Concrete_0cm_S7,2026-04-02T20:40:30.138393,64,93,284,393,409,200,567,542,542,382,87,76,73,102,325,416,452,239,623,594,592,394,104,99,23,41,187,233,251,112,353,346,339,219,38,30,34,66,221,288,304,144,421,423,414,275,64,44,21,41,189,222,246,112,350,340,336,221,40,28,32,48,194,244,263,120,386,372,376,248,42,33,52,86,274,359,369,173,522,510,525,331,73,69,69,96,263,355,367,186,502,494,494,346,74,71,46.0,71.62,242.12,313.75,332.62,160.75,465.5,452.62,452.25,302.0,65.25,56.25
Concrete_0cm_S7,2026-04-02T20:40:30.323692,64,93,284,393,409,200,567,542,542,381,86,76,73,102,326,417,452,239,622,594,592,394,105,99,23,41,187,233,251,112,352,346,339,220,38,30,34,66,221,288,304,145,422,424,413,275,64,44,22,41,189,222,246,113,350,340,336,221,40,28,32,48,194,244,263,120,386,371,376,248,42,33,52,86,274,359,369,173,522,510,525,331,73,69,69,96,263,355,367,186,501,494,494,346,74,71,46.12,71.62,242.25,313.88,332.62,161.0,465.25,452.62,452.12,302.0,65.25,56.25
Concrete_0cm_S7,2026-04-02T20:40:30.500157,64,93,284,393,409,200,567,542,542,381,86,76,73,102,326,417,452,239,622,594,592,394,105,99,23,41,187,233,251,112,352,346,339,220,38,30,34,66,221,288,304,145,422,424,413,275,64,44,22,41,189,222,246,113,350,340,336,221,40,28,32,48,194,244,263,120,386,371,376,248,42,33,52,86,274,359,369,173,522,510,525,331,73,69,69,96,263,355,367,186,501,494,494,346,74,71,46.12,71.62,242.25,313.88,332.62,161.0,465.25,452.62,452.12,302.0,65.25,56.25
Concrete_0cm_S7,2026-04-02T20:40:30.673545,64,93,284,392,409,200,567,541,542,381,87,76,73,102,326,416,452,239,622,594,591,394,105,99,23,41,187,234,252,112,353,347,339,220,38,30,34,66,221,288,304,144,421,423,414,275,64,43,22,41,189,222,246,113,350,341,336,222,40,28,32,48,194,244,263,120,385,372,376,249,42,33,52,86,275,359,368,173,523,510,525,330,73,69,69,96,263,355,367,186,502,494,494,346,74,71,46.12,71.62,242.38,313.75,332.62,160.88,465.38,452.75,452.12,302.12,65.38,56.12
Concrete_0cm_S7,2026-04-02T20:40:30.828298,64,94,284,393,409,200,567,542,543,382,87,76,73,102,326,416,452,239,622,594,592,394,105,99,23,41,187,233,251,112,353,347,340,220,38,30,34,66,221,288,304,145,422,423,413,275,64,44,22,41,189,222,246,113,350,341,336,222,40,28,32,48,194,244,263,120,385,372,376,249,42,33,52,86,275,359,368,173,523,510,525,330,73,69,69,96,263,355,367,186,502,494,494,346,74,71,46.12,71.75,242.38,313.75,332.5,161.0,465.5,452.88,452.38,302.25,65.38,56.25
Concrete_0cm_S7,2026-04-02T20:40:30.978947,64,94,284,392,409,200,568,541,542,381,87,76,73,102,326,417,452,240,622,594,593,394,104,99,23,41,187,234,252,112,353,347,340,220,38,30,34,66,221,287,304,144,421,423,413,275,64,43,21,41,189,222,246,113,350,341,336,222,40,28,32,47,194,244,262,120,385,372,376,248,42,33,52,86,274,360,369,174,523,510,525,331,73,69,69,96,263,355,367,186,501,493,494,346,74,71,46.0,71.62,242.25,313.88,332.62,161.12,465.38,452.62,452.38,302.12,65.25,56.12
Concrete_0cm_S7,2026-04-02T20:40:31.122096,64,94,284,392,409,200,568,542,542,381,87,76,73,102,326,416,452,239,623,594,592,394,105,99,23,41,187,233,251,112,353,346,339,219,38,30,34,66,221,288,304,144,422,424,413,275,64,44,21,41,189,222,246,113,350,340,336,221,40,28,32,47,194,244,262,120,385,372,376,248,42,33,52,86,274,360,369,173,522,510,525,331,73,69,69,96,263,356,367,186,502,493,494,346,74,71,46.0,71.62,242.25,313.88,332.5,160.88,465.62,452.62,452.12,301.88,65.38,56.25
Concrete_0cm_S7,2026-04-02T20:40:31.274606,63,93,283,392,409,200,567,542,542,381,87,76,73,102,326,417,452,240,623,595,592,394,105,99,23,41,187,234,251,112,353,347,340,220,38,30,34,66,221,288,304,144,422,424,413,275,64,44,21,41,189,222,246,113,350,340,336,221,40,28,32,47,194,244,262,120,385,372,376,248,42,33,52,86,274,360,369,173,522,510,525,331,73,69,69,96,263,356,367,186,502,493,494,346,74,71,45.88,71.5,242.12,314.12,332.5,161.0,465.5,452.88,452.25,302.0,65.38,56.25
Concrete_0cm_S7,2026-04-02T20:40:31.416894,63,93,283,392,409,200,567,542,542,381,87,76,73,102,326,417,452,240,623,595,592,394,105,99,23,41,187,234,251,112,353,347,340,220,38,30,34,66,221,288,304,144,422,424,413,275,64,44,21,41,189,222,246,113,350,340,336,221,40,28,32,47,194,244,262,120,385,372,376,248,42,33,52,86,274,360,369,173,522,510,525,331,73,69,69,96,263,356,367,186,502,493,494,346,74,71,45.88,71.5,242.12,314.12,332.5,161.0,465.5,452.88,452.25,302.0,65.38,56.25
Concrete_0cm_S7,2026-04-02T20:40:31.590709,63,93,283,392,409,200,567,542,542,381,87,76,73,102,326,417,452,240,623,595,592,394,105,99,23,41,187,234,251,112,353,347,339,220,38,30,34,66,221,288,304,144,421,423,414,275,64,43,21,41,189,222,246,113,350,340,336,221,40,28,32,47,194,244,262,120,385,372,376,248,42,33,52,86,274,360,369,173,522,510,525,331,73,69,69,96,263,356,367,186,502,493,494,346,74,71,45.88,71.5,242.12,314.12,332.5,161.0,465.38,452.75,452.25,302.0,65.38,56.12
Concrete_0cm_S7,2026-04-02T20:40:31.745003,64,93,284,392,408,200,567,542,542,381,87,76,73,102,326,416,452,240,622,594,593,395,105,99,23,41,187,234,252,112,353,347,339,220,38,30,34,66,221,288,304,144,422,423,413,275,64,44,21,41,189,222,246,113,350,341,336,221,40,28,32,48,194,244,262,120,385,372,376,248,42,33,52,86,274,360,369,173,522,509,525,331,73,69,69,96,263,356,367,186,501,493,494,346,74,71,46.0,71.62,242.25,314.0,332.5,161.0,465.25,452.62,452.25,302.12,65.38,56.25
Concrete_0cm_S7,2026-04-02T20:40:31.890460,64,93,284,392,408,200,567,542,542,381,87,76,73,102,326,416,452,240,622,594,593,395,105,99,23,41,187,234,252,112,353,347,339,220,38,30,34,66,221,288,304,144,422,423,413,275,64,44,21,41,189,222,246,113,350,341,336,221,40,28,32,48,194,244,262,120,385,372,376,248,42,33,52,86,274,360,369,173,522,509,525,331,73,69,69,96,263,356,367,186,501,493,494,346,74,71,46.0,71.62,242.25,314.0,332.5,161.0,465.25,452.62,452.25,302.12,65.38,56.25
Concrete_0cm_S7,2026-04-02T20:40:32.028856,64,93,284,392,408,200,567,542,542,381,87,76,73,102,325,416,452,239,622,594,592,394,105,99,23,41,187,233,252,112,353,346,340,219,38,30,34,66,221,288,304,144,421,423,412,275,64,44,21,41,189,222,246,113,350,341,336,221,40,28,32,48,194,244,263,121,386,372,376,249,42,33,52,86,274,360,369,173,522,509,525,331,73,69,69,96,263,356,367,186,501,493,494,346,74,71,46.0,71.62,242.12,313.88,332.62,161.0,465.25,452.5,452.12,302.0,65.38,56.25
Concrete_0cm_S7,2026-04-02T20:40:32.185781,64,94,284,393,409,200,568,542,543,382,87,76,73,102,325,416,452,239,622,594,592,394,104,99,23,41,187,234,252,112,353,347,340,219,38,30,34,66,221,288,304,145,422,424,413,275,64,43,21,41,189,222,246,113,350,341,336,221,40,28,32,48,194,243,262,120,386,372,376,248,42,33,52,86,274,359,368,173,522,510,525,331,73,69,69,96,263,356,367,186,501,493,494,346,74,71,46.0,71.75,242.12,313.88,332.5,161.0,465.5,452.88,452.38,302.0,65.25,56.12
Concrete_0cm_S7,2026-04-02T20:40:32.339901,64,94,284,393,409,200,568,542,543,382,87,76,73,102,325,416,452,239,622,594,592,394,104,99,23,41,187,234,252,112,353,347,340,219,38,30,34,66,221,288,304,144,422,423,413,275,64,43,21,41,189,222,246,113,350,341,336,221,40,28,32,48,194,243,262,120,386,372,376,248,42,33,52,86,274,359,368,173,522,510,525,331,73,69,69,96,263,356,367,186,501,493,494,346,74,71,46.0,71.75,242.12,313.88,332.5,160.88,465.5,452.75,452.38,302.0,65.25,56.12
Concrete_0cm_S7,2026-04-02T20:40:32.496312,64,94,283,393,409,200,567,542,543,381,87,76,73,102,325,416,452,239,622,594,592,394,105,99,23,41,187,234,252,112,353,347,340,219,38,30,34,66,221,288,304,144,422,423,413,275,64,43,22,41,189,222,246,113,350,341,336,222,40,28,32,47,194,243,262,120,386,372,376,248,42,33,53,86,274,360,369,173,523,510,525,331,73,69,69,96,263,355,366,186,502,493,494,346,74,71,46.25,71.62,242.0,313.88,332.5,160.88,465.62,452.75,452.38,302.0,65.38,56.12
Concrete_0cm_S7,2026-04-02T20:40:32.654499,64,94,284,393,409,200,567,542,543,382,86,76,73,101,326,416,452,239,622,594,592,394,105,99,23,41,187,234,251,112,353,346,339,220,38,30,34,66,221,288,304,144,422,423,413,275,64,44,22,41,189,222,246,113,350,341,336,222,40,28,32,48,194,244,263,120,386,372,376,248,42,33,52,86,275,359,370,173,523,510,526,331,73,69,69,96,263,356,367,186,501,493,494,346,74,71,46.12,71.62,242.38,314.0,332.75,160.88,465.5,452.62,452.38,302.25,65.25,56.25
Concrete_0cm_S7,2026-04-02T20:40:32.797798,64,93,284,393,409,200,567,542,543,382,87,76,73,102,325,416,452,239,622,594,592,394,105,99,23,41,187,233,252,112,353,346,340,219,38,30,34,66,221,288,304,144,421,423,413,275,64,44,22,41,189,222,246,113,350,341,336,222,40,28,32,48,194,244,263,120,386,372,376,248,42,33,52,86,274,359,369,173,522,510,526,330,73,69,69,96,263,356,367,186,501,493,494,346,74,71,46.12,71.62,242.12,313.88,332.75,160.88,465.25,452.62,452.5,302.0,65.38,56.25
Concrete_0cm_S7,2026-04-02T20:40:32.941306,64,93,284,393,409,200,567,542,543,382,87,76,73,102,325,416,452,239,622,594,592,394,105,99,23,41,187,233,252,112,353,346,340,219,38,30,34,66,221,288,304,144,421,423,413,275,64,44,22,41,189,222,246,113,350,341,336,222,40,28,32,48,194,244,263,120,386,372,376,248,42,33,52,86,274,359,369,173,522,510,526,330,73,69,69,96,263,356,367,186,501,493,494,346,74,71,46.12,71.62,242.12,313.88,332.75,160.88,465.25,452.62,452.5,302.0,65.38,56.25
Concrete_0cm_S7,2026-04-02T20:40:33.106845,64,93,284,393,409,200,567,542,542,381,86,76,73,102,325,416,452,239,623,594,592,394,104,99,23,41,187,234,251,112,353,347,340,219,38,30,34,66,221,288,304,144,421,423,413,275,64,44,22,41,189,221,246,113,350,340,336,222,40,28,32,47,194,243,262,120,386,372,376,248,42,33,52,86,275,360,369,173,523,510,525,331,73,69,68,96,263,355,367,186,501,493,494,346,74,71,46.0,71.5,242.25,313.75,332.5,160.88,465.5,452.62,452.25,302.0,65.12,56.25
Concrete_0cm_S7,2026-04-02T20:40:33.261584,64,94,283,392,409,200,567,541,542,381,86,76,73,102,325,417,452,239,622,594,592,394,104,99,23,41,187,233,252,112,353,347,340,220,38,30,34,66,221,288,304,145,422,423,413,275,64,44,21,41,189,222,246,113,350,341,336,221,40,28,32,48,194,244,262,120,386,372,377,248,42,33,53,86,275,360,369,173,523,510,525,331,73,70,69,96,263,355,367,186,500,493,494,346,74,71,46.12,71.75,242.12,313.88,332.62,161.0,465.38,452.62,452.38,302.0,65.12,56.38
Concrete_0cm_S7,2026-04-02T20:40:33.402826,64,94,284,392,409,200,567,542,542,381,87,76,73,102,325,416,452,239,622,593,592,394,104,99,23,41,187,234,251,112,353,347,340,220,38,30,34,66,221,289,304,144,422,424,413,275,64,44,21,41,189,222,246,113,350,341,336,221,40,28,32,47,194,243,262,120,386,372,377,248,42,33,52,86,274,359,369,173,523,510,525,331,73,69,69,96,263,355,368,186,502,493,494,346,74,71,46.0,71.62,242.12,313.75,332.62,160.88,465.62,452.75,452.38,302.0,65.25,56.25
Concrete_0cm_S7,2026-04-02T20:40:33.587430,64,94,284,392,409,200,567,542,542,381,87,76,73,102,325,416,452,239,622,593,592,394,104,99,23,41,187,234,251,112,353,347,340,220,38,30,34,66,221,289,304,144,422,424,413,275,64,44,21,41,189,222,246,113,350,341,336,221,40,28,32,47,194,243,262,120,386,372,377,248,42,33,52,86,274,359,369,173,523,510,525,331,73,69,69,96,263,355,368,186,502,493,494,346,74,71,46.0,71.62,242.12,313.75,332.62,160.88,465.62,452.75,452.38,302.0,65.25,56.25
Concrete_0cm_S7,2026-04-02T20:40:33.725297,64,93,283,392,409,200,567,541,542,382,87,76,73,102,326,416,452,239,622,594,592,394,105,99,23,41,187,234,252,112,353,346,340,220,38,30,34,65,221,288,304,144,422,423,413,275,64,44,22,41,189,222,246,112,350,341,336,221,40,28,32,48,194,243,262,120,386,372,376,248,42,33,52,86,274,359,369,173,523,510,525,331,73,70,69,96,263,356,367,186,502,493,494,346,74,71,46.12,71.5,242.12,313.75,332.62,160.75,465.62,452.5,452.25,302.12,65.38,56.38
Concrete_0cm_S7,2026-04-02T20:40:33.890167,64,93,283,392,409,200,567,541,542,382,87,76,73,102,326,416,452,239,622,594,592,394,105,99,23,41,187,234,252,112,353,346,340,220,38,30,34,65,221,288,304,144,422,423,413,275,64,44,21,41,189,222,246,112,350,340,335,222,40,28,32,48,194,243,262,120,386,372,376,248,42,33,52,86,274,360,369,173,522,509,525,330,73,69,69,96,263,356,367,186,502,494,495,347,74,71,46.0,71.5,242.12,313.88,332.62,160.75,465.5,452.38,452.25,302.25,65.38,56.25
Concrete_0cm_S7,2026-04-02T20:40:34.028963,64,93,284,392,409,200,568,541,542,381,86,76,73,102,326,416,452,239,622,594,592,394,105,99,23,41,187,233,251,112,354,347,340,219,38,30,34,66,221,288,304,145,421,423,413,275,64,43,22,41,189,222,246,113,350,341,336,222,40,28,32,48,194,243,262,120,386,372,377,248,42,33,52,86,274,359,369,173,522,510,525,331,73,69,69,96,262,355,367,186,502,493,494,346,74,71,46.12,71.62,242.12,313.5,332.5,161.0,465.62,452.62,452.38,302.0,65.25,56.12
Concrete_0cm_S7,2026-04-02T20:40:34.169149,64,94,284,393,409,200,567,542,542,381,87,76,73,102,325,416,452,239,622,594,591,394,105,99,23,41,187,233,252,112,353,347,340,220,39,30,34,65,221,288,304,144,422,423,413,275,64,44,22,41,189,222,246,113,350,340,336,222,40,28,32,48,194,243,262,120,386,372,376,248,42,33,52,86,274,359,369,173,523,510,525,331,73,69,69,96,263,356,367,186,502,494,494,345,74,71,46.12,71.62,242.12,313.75,332.62,160.88,465.62,452.75,452.12,302.0,65.5,56.25
Concrete_0cm_S7,2026-04-02T20:40:34.310256,64,94,284,393,409,200,567,542,542,381,87,76,73,102,325,416,452,239,622,594,591,394,105,99,23,41,187,234,252,113,353,347,339,220,38,30,34,66,221,288,304,144,421,423,413,275,64,44,22,41,189,222,246,113,350,341,336,221,40,28,32,48,194,243,262,120,386,372,376,248,42,33,52,86,274,359,369,173,523,510,525,331,73,69,69,96,263,356,367,186,502,494,494,345,74,71,46.12,71.75,242.12,313.88,332.62,161.0,465.5,452.88,452.0,301.88,65.38,56.25
Concrete_0cm_S7,2026-04-02T20:40:34.484313,64,94,283,393,409,200,567,542,543,382,87,76,73,102,326,416,452,239,622,594,592,394,105,99,23,41,187,233,252,112,353,347,340,220,38,30,34,66,220,288,304,145,421,423,413,275,64,44,22,41,189,222,246,113,350,340,336,222,40,28,32,48,194,244,263,120,385,372,376,248,42,33,52,86,274,359,369,173,522,510,525,331,73,69,69,96,263,356,367,186,502,493,495,346,74,71,46.12,71.75,242.0,313.88,332.75,161.0,465.25,452.62,452.5,302.25,65.38,56.25
Concrete_0cm_S7,2026-04-02T20:40:34.633908,64,93,284,392,409,200,567,542,543,381,87,76,73,102,326,416,452,239,622,595,591,394,104,99,23,41,187,234,252,113,353,347,340,220,38,30,34,66,221,288,304,145,422,423,413,275,64,44,22,41,189,222,247,113,350,341,336,221,40,28,32,48,194,244,263,120,386,372,376,248,42,33,52,86,274,359,368,173,522,509,525,331,73,69,69,96,263,356,367,186,502,493,494,346,74,71,46.12,71.62,242.25,313.88,332.75,161.12,465.5,452.75,452.25,302.0,65.25,56.25
Concrete_0cm_S7,2026-04-02T20:40:34.777829,64,93,284,393,409,200,567,542,543,381,87,76,73,102,326,416,452,239,622,593,592,394,105,99,23,41,187,233,252,112,353,347,340,219,38,30,34,66,221,288,304,145,422,423,413,275,64,44,22,41,189,222,246,113,350,341,336,221,40,28,32,48,194,244,263,120,386,372,376,248,42,33,52,86,274,359,368,173,522,509,525,331,73,69,69,96,263,356,367,186,502,493,494,346,74,71,46.12,71.62,242.25,313.88,332.62,161.0,465.5,452.5,452.38,301.88,65.38,56.25
Concrete_0cm_S7,2026-04-02T20:40:34.927713,64,93,284,393,409,200,567,542,543,381,87,76,73,102,326,416,452,239,622,593,592,394,105,99,23,41,187,233,252,112,353,347,340,219,38,30,34,66,221,288,304,145,422,423,413,275,64,44,22,41,189,222,246,113,350,341,336,221,40,28,32,48,194,244,263,120,386,372,376,248,42,33,52,86,274,359,369,173,523,510,525,331,73,69,69,96,263,356,367,186,502,493,494,346,74,71,46.12,71.62,242.25,313.88,332.75,161.0,465.62,452.62,452.38,301.88,65.38,56.25
Concrete_0cm_S7,2026-04-02T20:40:35.075894,64,94,284,393,409,200,567,541,543,382,87,76,73,102,325,416,452,239,622,594,591,394,104,99,23,41,187,233,252,112,353,347,340,219,38,30,34,66,221,288,304,144,422,423,413,275,64,44,22,41,189,221,246,113,350,340,336,221,40,28,32,48,194,244,263,120,386,372,376,248,42,33,52,86,274,359,369,173,523,510,525,331,73,69,69,96,263,356,367,186,502,493,494,346,74,71,46.12,71.75,242.12,313.75,332.75,160.88,465.62,452.5,452.25,302.0,65.25,56.25
Concrete_0cm_S7,2026-04-02T20:40:35.214260,64,93,284,393,409,200,568,542,543,382,87,76,73,102,325,416,452,239,622,594,592,394,104,99,23,41,187,234,252,113,354,347,340,220,38,30,34,66,221,289,305,145,422,424,413,275,64,44,22,41,189,222,246,113,350,340,336,221,40,28,32,48,194,244,262,120,386,372,376,248,42,33,52,85,274,359,369,173,523,510,525,331,73,69,69,96,263,355,367,186,502,494,494,346,74,71,46.12,71.5,242.12,314.0,332.75,161.12,465.88,452.88,452.38,302.12,65.25,56.25
Concrete_0cm_S7,2026-04-02T20:40:35.393437,64,93,284,393,409,200,568,542,543,382,87,76,73,102,325,416,452,239,622,594,592,394,104,99,23,41,187,234,252,113,354,347,340,220,38,30,34,66,221,289,305,145,422,424,413,275,64,44,21,41,189,222,246,112,350,340,336,221,40,28,32,48,194,243,262,120,386,372,376,248,42,33,52,85,274,359,369,173,523,510,525,331,73,69,69,96,263,355,367,186,502,494,494,346,74,71,46.0,71.5,242.12,313.88,332.75,161.0,465.88,452.88,452.38,302.12,65.25,56.25
Concrete_0cm_S7,2026-04-02T20:40:35.541831,64,93,284,392,409,200,567,542,543,381,86,76,73,102,326,416,452,239,623,594,592,394,104,99,23,41,187,234,252,112,353,347,340,220,38,30,34,66,221,288,304,144,422,423,414,275,63,44,22,41,189,222,246,113,350,340,336,221,40,28,32,48,194,243,262,120,386,372,376,248,42,33,52,85,274,359,369,173,523,510,525,331,73,69,69,96,263,355,367,186,502,494,495,345,74,71,46.12,71.5,242.25,313.62,332.62,160.88,465.75,452.75,452.62,301.88,65.0,56.25
Concrete_0cm_S7,2026-04-02T20:40:35.696185,64,93,284,393,409,200,568,542,543,381,87,76,73,102,325,416,452,239,622,594,592,394,105,99,23,41,187,234,252,112,353,347,340,220,38,30,34,66,221,288,304,145,422,424,413,275,64,44,22,41,189,222,246,113,350,340,336,222,40,28,32,48,194,244,263,121,386,372,376,248,43,33,52,86,274,359,369,173,523,510,525,330,73,70,69,96,263,355,367,186,501,494,494,346,74,71,46.12,71.62,242.12,313.88,332.75,161.12,465.62,452.88,452.38,302.0,65.5,56.38
Concrete_0cm_S7,2026-04-02T20:40:35.840043,64,94,283,393,409,200,567,542,543,382,87,76,73,102,325,416,452,239,622,594,592,394,105,99,23,41,187,233,251,112,352,347,340,219,38,30,34,66,221,288,304,145,422,424,413,275,64,44,22,41,189,221,246,113,350,340,336,221,40,28,32,48,194,243,262,120,386,372,376,248,42,33,52,86,274,359,368,173,522,510,525,331,73,69,69,96,263,356,367,186,502,494,494,346,74,71,46.12,71.75,242.0,313.62,332.38,161.0,465.38,452.88,452.38,302.0,65.38,56.25
Concrete_0cm_S7,2026-04-02T20:40:35.982111,64,94,283,393,409,200,567,542,543,382,87,76,73,102,325,417,452,239,622,594,593,394,105,99,23,41,187,234,252,112,353,347,339,219,38,30,34,66,221,288,304,144,421,423,413,275,64,44,22,41,189,221,246,113,350,341,336,222,40,28,32,47,194,243,263,120,386,372,376,248,42,33,52,86,274,359,369,173,523,510,525,330,73,70,69,96,263,356,367,186,502,494,494,346,74,71,46.12,71.62,242.0,313.88,332.75,160.88,465.5,452.88,452.38,302.0,65.38,56.38
Concrete_0cm_S7,2026-04-02T20:40:36.122916,64,93,284,392,409,200,567,542,543,381,87,76,73,102,325,416,452,239,622,594,592,394,105,99,23,41,187,234,252,112,353,347,340,220,38,30,34,66,221,288,304,144,421,423,413,275,64,44,22,41,189,221,246,113,350,341,336,222,40,28,32,47,194,243,263,120,386,372,376,248,42,33,52,86,274,359,369,173,523,510,525,330,73,70,69,96,263,356,367,186,501,494,494,346,74,71,46.12,71.5,242.12,313.62,332.75,160.88,465.38,452.88,452.38,302.0,65.38,56.38
Concrete_0cm_S7,2026-04-02T20:40:36.310299,64,94,284,393,409,200,568,542,543,382,87,76,73,102,326,416,452,240,622,594,592,394,105,99,23,41,187,233,251,112,353,347,339,220,38,30,34,66,220,288,304,144,422,424,413,275,64,44,22,41,189,221,246,113,350,340,335,221,40,28,32,47,194,243,262,120,386,372,376,248,42,33,52,85,274,359,368,173,523,510,525,330,73,69,69,96,263,356,367,186,502,494,494,347,74,71,46.12,71.5,242.12,313.62,332.38,161.0,465.75,452.88,452.12,302.12,65.38,56.25
Concrete_0cm_S7,2026-04-02T20:40:36.453902,64,94,284,393,409,200,567,541,543,381,87,76,73,102,326,416,452,240,622,594,592,394,105,99,23,41,187,233,251,112,353,347,339,220,38,30,34,66,220,288,304,144,422,424,413,275,64,44,22,41,189,221,246,113,350,340,335,221,40,28,32,47,194,243,262,120,386,372,376,248,42,33,52,85,274,359,368,173,522,510,525,330,73,69,69,96,263,356,367,186,502,494,495,346,74,71,46.12,71.5,242.12,313.62,332.38,161.0,465.5,452.75,452.25,301.88,65.38,56.25
Concrete_0cm_S7,2026-04-02T20:40:36.606685,64,94,284,393,409,200,567,541,543,381,87,76,73,102,326,416,452,240,622,594,592,394,105,99,23,41,187,233,251,112,353,347,339,220,38,30,34,66,220,288,304,144,422,424,413,275,64,44,22,41,189,221,246,113,350,340,335,221,40,28,32,47,194,243,262,120,386,372,376,248,42,33,52,85,274,359,368,173,522,510,525,330,73,69,69,96,263,356,367,186,502,494,495,346,74,71,46.12,71.5,242.12,313.62,332.38,161.0,465.5,452.75,452.25,301.88,65.38,56.25
Concrete_0cm_S7,2026-04-02T20:40:36.751661,64,93,284,393,410,200,567,542,543,382,87,76,73,102,326,417,453,239,623,594,593,394,104,99,23,41,187,233,251,112,353,347,340,220,38,30,34,66,221,288,304,145,422,424,413,275,64,44,22,41,189,222,246,113,350,340,336,221,40,28,32,48,194,244,263,120,386,372,376,248,42,33,52,85,274,359,369,173,522,510,524,330,73,69,69,96,263,356,367,186,501,494,494,346,74,71,46.12,71.5,242.25,314.0,332.88,161.0,465.5,452.88,452.38,302.0,65.25,56.25
Concrete_0cm_S7,2026-04-02T20:40:36.890110,64,94,284,393,409,200,567,541,542,382,87,76,73,102,325,416,452,239,622,594,592,394,104,99,23,41,187,233,251,112,353,347,340,220,38,30,34,66,221,288,304,145,422,424,413,275,64,44,22,41,189,222,246,113,350,340,336,221,40,28,32,48,194,244,263,120,386,372,376,248,42,33,52,86,274,360,369,173,523,510,525,330,73,69,69,96,263,355,367,186,501,494,494,346,74,71,46.12,71.75,242.12,313.88,332.62,161.0,465.5,452.75,452.25,302.0,65.25,56.25
Concrete_0cm_S7,2026-04-02T20:40:37.048980,64,94,284,393,409,200,567,541,542,382,87,76,73,102,325,416,452,239,622,594,592,394,104,99,23,41,187,233,251,112,353,347,340,220,38,30,34,66,221,288,304,145,422,424,413,275,64,44,22,41,189,222,246,113,350,340,336,221,40,28,32,48,194,244,263,120,386,372,376,248,42,33,52,86,274,360,369,173,523,510,525,330,73,69,69,96,263,355,367,186,501,494,494,346,74,71,46.12,71.75,242.12,313.88,332.62,161.0,465.5,452.75,452.25,302.0,65.25,56.25
Concrete_0cm_S7,2026-04-02T20:40:37.194223,64,94,284,392,409,200,567,542,543,381,87,76,73,102,325,416,451,239,622,594,592,394,105,99,23,41,187,234,252,112,354,347,340,220,38,30,34,66,221,288,304,145,422,423,413,275,64,44,21,41,189,222,246,113,350,341,335,221,40,28,32,48,194,244,262,120,386,372,376,248,42,33,52,86,274,359,369,173,522,510,525,330,73,69,69,96,263,356,367,186,502,494,494,346,74,71,46.0,71.75,242.12,313.88,332.5,161.0,465.62,452.88,452.25,301.88,65.38,56.25
Concrete_0cm_S7,2026-04-02T20:40:37.347719,64,94,284,392,409,200,567,542,543,381,87,76,73,102,325,416,451,239,622,594,592,394,105,99,23,41,187,234,252,112,353,347,340,220,38,30,34,66,221,288,303,144,422,423,413,275,64,44,22,41,189,221,246,113,350,340,336,221,40,28,32,48,194,243,262,120,386,372,376,248,42,33,52,85,274,359,369,173,523,509,525,331,73,69,69,96,263,355,367,186,501,494,494,346,74,71,46.12,71.62,242.12,313.5,332.38,160.88,465.5,452.62,452.38,302.0,65.38,56.25
Concrete_0cm_S7,2026-04-02T20:40:37.498792,64,94,284,392,409,200,567,542,543,381,87,76,73,102,325,416,451,239,622,594,592,394,105,99,23,41,187,234,252,112,353,347,340,220,38,30,34,66,221,288,304,144,422,423,413,275,63,44,22,41,189,222,246,113,350,340,335,221,40,28,32,48,194,243,262,120,385,372,376,248,42,33,52,86,274,359,369,173,522,510,525,331,73,70,69,96,263,355,367,186,502,494,494,346,74,71,46.12,71.75,242.12,313.62,332.5,160.88,465.38,452.75,452.25,302.0,65.25,56.38
Concrete_0cm_S7,2026-04-02T20:40:37.640133,64,93,283,392,409,200,567,542,543,381,87,76,73,102,325,417,453,239,622,594,592,394,105,99,23,41,187,233,251,112,353,347,340,219,38,30,34,66,221,288,304,145,421,423,413,275,64,44,22,41,189,222,246,112,350,340,335,221,40,28,32,48,194,244,262,120,385,372,377,248,42,33,52,86,274,359,368,173,522,510,525,330,73,69,68,96,263,355,367,186,501,494,494,346,74,71,46.0,71.62,242.0,313.75,332.5,160.88,465.12,452.75,452.38,301.75,65.38,56.25
Concrete_0cm_S7,2026-04-02T20:40:37.796927,64,93,284,392,409,199,568,542,542,381,86,76,73,102,325,416,452,240,622,594,592,394,105,99,23,41,187,234,252,112,353,347,339,220,38,30,34,66,221,288,304,145,422,423,413,275,64,44,22,41,189,222,246,113,350,340,336,221,40,28,32,47,194,243,263,120,386,372,376,248,42,33,52,86,274,359,369,173,522,510,525,330,73,69,69,96,263,356,368,186,501,494,495,346,74,71,46.12,71.5,242.12,313.75,332.88,161.0,465.5,452.75,452.25,301.88,65.25,56.25
Concrete_0cm_S7,2026-04-02T20:40:37.951120,64,93,283,392,409,200,567,542,543,381,87,76,73,102,325,416,452,239,622,593,592,394,104,99,23,41,187,234,252,112,353,347,340,220,38,30,34,66,221,288,304,145,422,423,413,275,64,44,22,41,189,222,246,113,350,340,336,221,40,28,32,47,194,243,263,120,386,372,376,248,42,33,52,86,274,359,369,173,522,510,525,330,73,69,69,96,263,356,368,186,501,494,495,346,74,71,46.12,71.5,242.0,313.75,332.88,161.0,465.38,452.62,452.5,301.88,65.25,56.25
Concrete_0cm_S7,2026-04-02T20:40:38.138643,64,93,284,392,408,200,567,542,542,381,87,76,73,102,326,417,452,239,622,594,592,394,105,99,23,41,187,233,252,113,353,347,340,220,38,30,34,65,221,288,304,145,422,424,413,275,63,44,22,41,189,222,246,113,350,340,335,221,40,28,32,47,194,243,262,120,385,372,376,248,42,33,52,86,274,359,369,173,522,510,526,330,73,69,69,96,262,355,367,186,501,494,494,347,74,71,46.12,71.38,242.12,313.62,332.5,161.12,465.25,452.88,452.25,302.0,65.25,56.25
Concrete_0cm_S7,2026-04-02T20:40:38.293233,64,94,284,393,409,200,567,542,543,381,87,76,73,102,326,417,452,239,622,594,592,394,105,99,23,41,187,233,252,112,353,347,340,220,38,30,34,65,221,288,304,145,422,424,413,275,63,44,22,41,189,222,246,113,350,341,336,221,40,28,32,48,194,244,262,120,386,372,377,248,42,33,52,86,274,359,369,173,522,510,525,330,73,69,69,96,263,356,367,186,501,493,494,346,74,71,46.12,71.62,242.25,314.0,332.62,161.0,465.38,452.88,452.5,301.88,65.25,56.25
Concrete_0cm_S7,2026-04-02T20:40:38.464793,64,94,284,393,409,200,567,542,543,381,87,76,73,102,326,417,452,239,622,594,592,394,105,99,23,41,187,233,252,112,353,347,340,220,38,30,34,65,221,288,304,145,422,424,413,275,63,44,22,41,189,222,246,113,350,341,336,221,40,28,32,48,194,244,262,120,386,372,377,248,42,33,52,86,274,359,369,173,522,510,525,330,73,69,69,96,263,356,367,186,501,493,494,346,74,71,46.12,71.62,242.25,314.0,332.62,161.0,465.38,452.88,452.5,301.88,65.25,56.25
Concrete_0cm_S7,2026-04-02T20:40:38.599934,64,93,283,392,409,200,567,542,542,381,87,76,73,102,325,416,452,239,622,594,592,394,104,99,23,41,187,232,252,112,353,347,340,220,38,30,34,66,221,288,304,145,422,423,413,275,64,44,22,41,189,222,246,113,350,341,336,221,40,28,32,48,194,244,262,120,386,372,377,248,42,33,52,86,274,359,369,173,522,510,525,330,73,69,69,96,263,356,367,186,501,493,494,346,74,71,46.12,71.62,242.0,313.62,332.62,161.0,465.38,452.75,452.38,301.88,65.25,56.25
Concrete_0cm_S7,2026-04-02T20:40:38.749048,64,93,284,392,409,200,567,541,543,381,86,76,73,102,325,416,452,239,622,594,592,394,105,99,23,41,187,234,251,112,353,347,340,220,38,30,34,66,221,288,304,144,422,423,413,275,64,44,22,41,189,222,246,113,350,340,336,222,40,28,32,47,194,243,262,120,386,372,376,248,42,33,52,85,274,359,369,173,523,509,525,331,73,69,69,96,262,356,367,186,501,494,494,346,74,71,46.12,71.38,242.0,313.75,332.5,160.88,465.5,452.5,452.38,302.12,65.25,56.25
Concrete_0cm_S7,2026-04-02T20:40:38.892807,64,93,284,392,409,200,567,541,543,381,86,76,73,102,326,416,453,239,622,594,592,394,104,99,23,41,187,233,252,113,353,347,340,220,38,30,34,66,221,288,304,144,421,424,413,275,64,44,22,41,189,222,246,113,350,340,335,221,40,28,32,48,194,243,262,120,386,372,376,248,42,33,52,86,274,359,369,173,522,509,525,331,73,69,69,96,263,355,367,186,501,494,494,346,74,71,46.12,71.62,242.25,313.5,332.75,161.0,465.25,452.62,452.25,302.0,65.12,56.25
Concrete_0cm_S7,2026-04-02T20:40:39.073181,64,93,284,392,409,200,567,541,543,381,86,76,73,102,326,416,453,239,622,594,592,394,104,99,23,41,187,233,252,113,353,347,340,220,38,30,34,66,221,288,304,144,421,424,413,275,64,44,22,41,189,222,246,113,350,340,335,221,40,28,32,48,194,244,262,120,386,372,376,248,42,33,52,86,274,359,369,173,522,509,525,331,73,69,68,96,263,356,367,186,501,493,494,346,74,71,46.0,71.62,242.25,313.75,332.75,161.0,465.25,452.5,452.25,302.0,65.12,56.25
Concrete_0cm_S7,2026-04-02T20:40:39.226314,64,93,284,391,409,200,567,542,543,381,87,76,73,102,325,416,452,239,622,594,592,394,104,99,23,41,187,233,251,112,353,346,340,220,38,30,34,66,221,288,304,144,421,423,413,275,64,44,22,41,189,222,246,113,350,340,335,221,40,28,32,48,194,243,262,120,386,372,376,248,42,33,52,86,274,359,369,173,523,510,525,331,73,69,68,96,263,356,367,186,501,493,494,346,74,71,46.0,71.62,242.12,313.5,332.5,160.88,465.38,452.5,452.25,302.0,65.25,56.25
Concrete_0cm_S7,2026-04-02T20:40:39.370545,64,93,284,392,409,200,567,541,543,381,87,76,73,102,325,417,452,239,622,594,592,394,104,99,23,41,187,233,251,112,353,346,340,220,38,30,34,66,221,288,304,144,422,423,413,275,64,44,21,41,189,222,246,113,350,341,336,221,40,28,32,48,194,243,262,120,386,372,376,248,42,33,52,86,274,359,369,173,523,510,525,331,73,69,69,96,262,356,367,186,501,493,494,346,74,71,46.0,71.62,242.0,313.75,332.5,160.88,465.5,452.5,452.38,302.0,65.25,56.25
Concrete_0cm_S7,2026-04-02T20:40:39.511165,64,93,283,393,409,200,567,541,543,381,87,76,73,102,325,416,452,239,622,594,592,394,104,99,23,41,187,233,252,112,353,347,340,219,38,30,34,66,221,288,304,144,422,423,413,275,64,44,22,41,189,222,246,113,349,341,335,221,40,28,32,48,194,244,263,120,386,372,375,248,42,33,52,86,274,359,369,173,522,510,525,331,73,69,69,96,263,356,367,186,502,493,495,346,74,71,46.12,71.62,242.0,313.88,332.75,160.88,465.38,452.62,452.25,301.88,65.25,56.25
Concrete_0cm_S7,2026-04-02T20:40:39.659994,64,93,283,393,409,200,567,541,543,381,87,76,73,102,325,416,452,239,622,594,592,394,104,99,23,41,187,233,252,112,353,347,340,219,38,30,34,66,221,288,304,144,422,423,413,275,64,44,22,41,189,222,246,113,349,341,335,221,40,28,32,48,194,244,263,120,386,372,375,248,42,33,52,86,274,359,369,173,522,510,525,331,73,69,69,96,263,356,367,186,502,493,495,346,74,71,46.12,71.62,242.0,313.88,332.75,160.88,465.38,452.62,452.25,301.88,65.25,56.25
Concrete_0cm_S7,2026-04-02T20:40:39.797004,64,93,283,392,409,200,567,541,543,382,87,76,73,102,326,417,452,239,622,593,592,394,105,99,23,41,187,234,252,112,353,347,340,220,38,30,34,66,221,288,304,145,422,424,413,275,64,44,22,41,189,222,246,112,350,340,335,221,40,28,32,47,194,243,263,120,385,372,376,248,42,33,52,86,274,360,369,173,523,510,525,330,73,69,68,96,263,355,367,186,501,493,494,346,74,71,46.0,71.5,242.12,313.88,332.75,160.88,465.38,452.5,452.25,302.0,65.38,56.25
Concrete_0cm_S7,2026-04-02T20:40:40.020351,64,93,284,392,409,200,567,542,543,382,87,76,73,102,326,416,452,239,622,594,592,394,104,99,23,41,187,234,252,112,353,347,340,219,38,30,34,66,221,288,304,145,422,423,413,275,64,44,22,41,189,222,246,112,350,340,335,221,40,28,32,48,194,243,262,120,386,372,376,248,42,33,52,86,274,360,369,173,523,510,525,330,73,69,68,96,263,355,367,186,501,493,494,346,74,71,46.0,71.62,242.25,313.75,332.62,160.88,465.5,452.62,452.25,301.88,65.25,56.25
Concrete_0cm_S7,2026-04-02T20:40:40.178433,64,93,283,392,409,200,567,542,542,381,86,76,73,102,325,416,452,240,622,594,592,394,105,99,23,41,187,233,252,112,353,347,340,219,38,30,34,66,221,288,304,145,422,424,413,275,64,44,22,41,189,222,246,113,350,340,335,221,40,28,32,48,194,244,262,120,385,372,377,248,42,33,52,86,274,359,369,173,522,510,525,330,73,69,68,96,263,356,368,186,502,494,495,346,74,71,46.0,71.62,242.0,313.75,332.75,161.12,465.38,452.88,452.38,301.75,65.25,56.25
Concrete_0cm_S7,2026-04-02T20:40:40.322600,64,94,284,392,409,200,568,542,543,381,87,76,73,102,325,416,452,240,622,594,592,395,105,99,23,41,187,234,252,112,353,347,340,220,38,30,34,66,221,288,304,145,422,424,413,275,64,44,22,41,189,222,246,113,350,340,335,221,40,28,32,48,194,244,262,120,385,372,377,248,42,33,52,86,274,359,369,173,522,510,525,330,73,69,68,96,263,356,368,186,502,494,495,346,74,71,46.0,71.75,242.12,313.88,332.75,161.12,465.5,452.88,452.5,302.0,65.38,56.25
Concrete_0cm_S7,2026-04-02T20:40:40.477288,64,93,283,392,409,200,567,541,542,381,87,76,73,102,325,417,452,240,622,594,593,394,105,99,23,41,187,234,252,112,353,347,340,220,38,30,34,66,221,288,304,144,422,423,413,275,64,43,22,41,189,222,246,113,350,340,336,221,40,28,32,48,194,243,262,120,385,372,376,248,42,33,52,86,274,359,369,173,523,510,525,331,73,69,69,96,263,356,368,186,502,493,494,346,74,71,46.12,71.62,242.0,313.88,332.75,161.0,465.5,452.5,452.38,302.0,65.38,56.12
Concrete_0cm_S7,2026-04-02T20:40:40.622007,64,93,284,392,409,200,567,542,543,382,87,76,73,102,326,416,452,239,622,594,592,394,104,99,23,41,187,233,252,112,353,347,340,220,38,30,34,66,221,288,304,144,422,423,413,275,64,43,22,41,189,222,246,113,350,340,336,221,40,28,32,48,194,243,262,120,385,372,376,248,42,33,52,86,274,359,369,173,523,510,525,331,73,69,69,96,263,355,367,186,501,493,494,346,74,71,46.12,71.62,242.25,313.5,332.62,160.88,465.38,452.62,452.38,302.12,65.25,56.12
Concrete_0cm_S7,2026-04-02T20:40:40.786624,63,93,284,392,409,200,567,542,543,381,86,76,73,102,326,416,452,239,622,593,592,394,104,99,23,41,187,233,252,112,353,347,340,220,38,30,34,66,221,288,304,144,421,423,413,275,64,44,22,41,189,222,246,113,349,340,336,221,40,28,32,48,194,244,262,120,385,372,376,248,42,33,52,86,274,359,369,173,522,510,525,331,73,69,69,96,263,355,367,186,501,494,494,346,74,71,46.0,71.62,242.25,313.62,332.62,160.88,465.0,452.62,452.38,302.0,65.12,56.25
Concrete_0cm_S7,2026-04-02T20:40:40.954552,64,93,283,392,408,199,567,542,543,381,86,76,73,102,326,416,452,240,623,594,592,395,105,99,23,41,187,234,252,112,353,347,340,220,38,30,34,66,221,288,304,144,421,423,413,275,64,44,22,41,189,222,246,113,349,340,336,221,40,28,32,48,194,244,262,120,386,372,376,248,42,33,52,85,274,360,368,173,523,510,525,331,73,69,69,96,263,356,367,186,502,494,494,346,74,71,46.12,71.5,242.12,314.0,332.38,160.88,465.5,452.75,452.38,302.12,65.25,56.25
Concrete_0cm_S7,2026-04-02T20:40:41.102418,63,93,283,392,409,200,567,541,543,381,87,76,73,102,325,416,452,239,622,594,592,394,105,99,23,41,187,234,252,112,353,347,340,220,38,30,34,66,221,288,304,144,421,423,413,275,64,44,22,41,189,222,246,113,349,340,336,221,40,28,32,48,194,244,262,120,386,372,376,248,42,33,52,85,274,360,368,173,523,510,525,331,73,69,69,96,263,355,367,186,501,493,494,345,74,71,46.0,71.5,242.0,313.88,332.5,160.88,465.25,452.5,452.38,301.88,65.38,56.25
Concrete_0cm_S7,2026-04-02T20:40:41.246261,63,93,283,392,409,200,567,541,543,381,87,76,73,102,325,416,452,239,622,594,592,394,105,99,23,41,187,234,252,112,353,347,340,220,38,30,34,66,221,288,304,145,422,424,413,275,64,44,21,41,189,222,246,112,349,340,335,221,40,28,32,47,194,244,262,120,386,372,377,248,42,33,52,86,273,360,369,173,522,510,525,331,73,69,69,96,263,355,367,186,502,494,494,345,74,71,45.88,71.5,241.88,313.88,332.62,160.88,465.38,452.75,452.38,301.88,65.38,56.25
Concrete_0cm_S7,2026-04-02T20:40:41.413303,64,93,283,392,409,200,567,541,542,381,87,76,73,102,325,417,453,239,623,594,592,394,105,99,23,41,187,234,252,112,353,347,340,220,38,30,34,66,221,288,304,144,422,424,413,275,64,44,21,41,189,222,246,113,350,341,336,222,40,28,32,48,194,244,262,121,386,372,376,248,42,33,52,86,274,359,368,173,522,510,525,330,73,69,69,95,263,356,367,186,502,493,494,346,74,71,46.0,71.5,242.0,314.0,332.62,161.0,465.62,452.75,452.25,302.0,65.38,56.25
Concrete_0cm_S7,2026-04-02T20:40:41.571655,64,93,283,392,409,200,567,541,542,381,87,76,73,102,325,417,452,240,622,594,592,395,105,99,23,41,187,234,252,112,353,347,340,220,38,30,34,66,221,288,304,144,422,424,413,275,64,44,21,41,189,222,246,113,350,341,336,222,40,28,32,48,194,244,262,120,386,372,377,248,42,33,53,86,274,359,369,173,523,510,525,330,73,70,69,96,263,356,367,186,501,494,494,346,74,71,46.12,71.62,242.0,314.0,332.62,161.0,465.5,452.88,452.38,302.12,65.38,56.38
Concrete_0cm_S7,2026-04-02T20:40:41.731651,63,93,283,392,409,200,567,542,543,382,86,76,73,102,325,416,452,239,622,594,592,395,105,99,23,41,187,234,252,112,353,347,340,220,38,30,34,66,221,288,304,144,421,423,413,275,64,44,22,41,189,222,246,113,350,340,336,221,40,28,32,48,194,244,263,120,386,372,376,248,42,33,52,86,274,359,369,173,522,510,525,330,73,69,69,96,263,356,367,186,502,494,495,346,74,71,46.0,71.62,242.0,313.88,332.75,160.88,465.38,452.75,452.5,302.12,65.25,56.25
Concrete_0cm_S7,2026-04-02T20:40:41.921717,64,93,283,392,409,200,567,541,543,381,86,76,73,102,325,416,452,240,622,594,592,394,104,99,23,41,187,234,252,112,354,347,340,220,38,30,34,66,221,288,304,144,421,423,413,275,64,44,22,41,189,221,246,113,350,340,336,221,40,28,32,47,194,243,262,120,385,372,376,248,42,33,52,86,274,359,369,173,523,510,525,331,73,69,69,96,263,356,367,186,502,494,494,346,74,71,46.12,71.5,242.0,313.62,332.62,161.0,465.5,452.62,452.38,302.0,65.12,56.25
Concrete_0cm_S7,2026-04-02T20:40:42.084379,64,93,284,392,409,200,568,542,543,381,87,76,73,102,325,416,452,239,622,594,591,394,105,99,23,41,187,234,252,112,354,347,340,220,38,30,34,66,221,288,304,144,422,423,413,274,63,44,22,41,189,222,246,113,350,341,336,221,40,28,32,48,194,243,262,120,385,372,376,248,42,33,52,86,274,359,369,173,523,510,525,331,73,69,69,96,263,355,368,186,502,494,494,346,74,71,46.12,71.62,242.12,313.62,332.75,160.88,465.75,452.88,452.25,301.88,65.25,56.25
Concrete_0cm_S7,2026-04-02T20:40:42.243191,64,93,284,392,408,200,568,542,542,381,87,76,73,102,325,416,452,239,622,594,591,394,105,99,23,41,187,234,252,112,353,347,340,220,38,30,34,66,221,288,304,144,422,423,413,275,64,44,22,41,189,222,246,113,349,340,335,222,40,28,32,48,194,243,262,120,385,372,376,248,42,33,52,86,275,359,369,173,522,510,525,331,73,69,69,96,263,355,367,186,501,493,494,346,74,71,46.12,71.62,242.25,313.62,332.5,160.88,465.25,452.62,452.0,302.12,65.38,56.25
Concrete_0cm_S7,2026-04-02T20:40:42.400820,64,93,284,392,408,200,568,542,542,381,87,76,73,102,325,416,453,239,622,594,592,394,105,99,23,41,187,233,252,112,353,347,340,219,38,30,34,66,221,288,304,145,422,423,413,275,64,44,22,41,189,222,246,113,349,340,335,222,40,28,32,48,194,243,262,120,385,372,376,248,42,33,52,86,275,359,369,173,522,510,525,331,73,69,69,96,263,355,367,186,501,493,494,346,74,71,46.12,71.62,242.25,313.5,332.62,161.0,465.25,452.62,452.12,302.0,65.38,56.25
Concrete_0cm_S7,2026-04-02T20:40:42.538829,64,93,284,392,409,200,568,542,543,382,87,76,73,102,325,416,452,239,622,594,592,395,105,99,23,41,187,233,252,112,353,347,340,219,38,30,34,66,221,288,304,145,422,424,413,275,64,44,22,41,189,222,246,113,350,340,335,221,40,28,32,48,194,243,262,120,385,372,376,248,42,33,52,85,274,359,369,173,522,510,525,331,73,69,69,96,262,356,367,186,501,494,495,346,74,71,46.12,71.5,242.0,313.62,332.62,161.0,465.38,452.88,452.38,302.12,65.38,56.25
Concrete_0cm_S7,2026-04-02T20:40:42.681578,64,93,284,392,409,200,568,542,543,382,87,76,73,102,325,416,452,239,622,594,592,395,105,99,23,41,188,234,252,112,353,347,340,220,38,30,34,66,221,288,304,144,422,423,413,275,64,44,22,41,189,222,246,113,350,340,335,221,40,28,32,48,194,243,262,120,385,372,376,248,42,33,52,85,274,359,369,173,522,510,525,331,73,69,69,96,262,356,367,186,501,494,495,346,74,71,46.12,71.5,242.12,313.75,332.62,160.88,465.38,452.75,452.38,302.25,65.38,56.25
Concrete_0cm_S7,2026-04-02T20:40:42.834345,64,93,284,392,409,200,568,542,543,382,87,76,73,102,325,416,452,239,622,594,592,395,105,99,23,41,188,234,252,112,353,347,340,220,38,30,34,66,221,288,304,144,422,423,413,275,64,44,22,41,189,222,246,113,350,340,335,221,40,28,32,48,194,243,262,120,385,372,376,248,42,33,52,85,274,359,369,173,522,510,525,331,73,69,69,96,262,356,367,186,501,494,495,346,74,71,46.12,71.5,242.12,313.75,332.62,160.88,465.38,452.75,452.38,302.25,65.38,56.25
Concrete_0cm_S7,2026-04-02T20:40:43.002727,64,93,283,393,409,200,567,541,543,381,87,76,73,102,326,416,452,239,622,594,592,394,104,99,23,41,187,234,252,112,353,346,340,219,38,30,34,66,221,288,304,144,421,423,413,275,64,44,22,41,189,222,246,113,350,340,335,221,40,28,32,48,194,244,262,120,385,372,376,248,42,33,52,86,274,359,368,173,522,510,525,330,73,69,69,96,263,354,367,186,502,494,494,346,74,71,46.12,71.62,242.12,313.75,332.5,160.88,465.25,452.5,452.25,301.75,65.25,56.25
Concrete_0cm_S7,2026-04-02T20:40:43.147639,64,94,284,392,409,200,567,541,543,381,87,76,73,102,326,417,452,239,623,594,592,394,105,99,23,41,187,234,252,112,353,347,340,220,39,30,34,66,221,288,304,145,422,423,413,275,64,44,21,41,189,222,246,112,350,341,336,221,40,28,32,48,194,244,262,120,385,372,376,248,42,33,52,85,274,360,369,173,522,510,525,331,73,69,69,96,263,356,367,186,502,493,494,346,74,71,46.0,71.62,242.25,314.12,332.62,160.88,465.5,452.62,452.38,302.0,65.5,56.25
Concrete_0cm_S7,2026-04-02T20:40:43.293194,64,94,284,392,409,200,567,541,542,381,86,76,73,102,326,417,452,239,623,594,592,394,105,99,23,41,187,234,252,112,353,347,340,220,39,30,34,66,221,288,304,145,422,423,413,275,64,44,21,41,189,222,246,112,350,341,336,221,40,28,32,48,194,244,262,120,385,372,376,248,42,33,52,85,274,360,369,173,522,510,525,331,73,69,69,96,263,356,367,186,502,493,494,346,74,71,46.0,71.62,242.25,314.12,332.62,160.88,465.5,452.62,452.25,302.0,65.38,56.25
Concrete_0cm_S7,2026-04-02T20:40:43.443759,64,94,283,392,409,200,567,542,543,381,87,76,73,102,325,416,452,239,622,594,592,394,104,99,23,41,187,234,252,112,353,348,340,220,38,30,34,66,221,288,304,145,422,423,413,276,64,43,21,41,189,222,246,113,350,340,336,221,40,28,32,48,194,244,262,120,386,372,376,248,42,33,52,86,274,360,368,173,523,510,525,331,73,70,69,96,263,355,367,186,501,493,494,346,74,71,46.0,71.75,242.0,313.88,332.5,161.0,465.5,452.75,452.38,302.12,65.25,56.25
Concrete_0cm_S7,2026-04-02T20:40:43.597423,64,94,283,392,409,200,567,542,543,381,87,76,73,102,325,416,452,239,622,594,592,394,104,99,23,41,187,234,252,112,353,348,340,220,38,30,34,66,221,288,304,145,422,423,413,276,64,43,21,41,189,222,246,113,350,340,336,221,40,28,32,48,194,244,262,120,386,372,376,248,42,33,52,86,274,360,368,173,523,510,525,331,73,70,69,96,263,355,367,186,501,493,494,346,74,71,46.0,71.75,242.0,313.88,332.5,161.0,465.5,452.75,452.38,302.12,65.25,56.25
Concrete_0cm_S7,2026-04-02T20:40:43.750834,64,93,284,392,409,200,567,542,543,381,86,76,73,102,326,416,452,240,622,594,592,394,105,99,23,41,187,234,252,112,354,347,340,220,38,30,34,66,221,288,304,144,422,423,413,275,64,44,22,41,189,222,246,113,350,340,336,222,40,28,32,48,193,244,263,120,386,372,376,248,42,33,52,86,273,359,369,173,523,510,525,331,73,69,69,96,263,356,367,186,501,493,494,346,74,71,46.12,71.62,242.0,313.88,332.75,161.0,465.62,452.62,452.38,302.12,65.25,56.25
Concrete_0cm_S7,2026-04-02T20:40:43.951740,64,93,284,392,409,200,567,542,543,381,86,76,73,102,326,416,452,240,622,594,592,394,105,99,23,41,187,234,252,112,354,347,340,220,38,30,34,66,221,288,304,144,422,423,413,275,64,44,22,41,189,222,246,113,350,340,336,221,40,28,32,48,194,244,262,120,385,372,376,248,42,33,52,86,274,359,369,173,522,509,525,330,73,69,69,96,263,356,367,186,502,494,494,346,74,71,46.12,71.62,242.25,313.88,332.62,161.0,465.5,452.62,452.38,301.88,65.25,56.25
Concrete_0cm_S7,2026-04-02T20:40:44.107981,64,93,283,392,409,200,567,541,542,381,87,76,73,102,326,416,452,239,622,594,592,394,104,99,23,41,187,234,252,112,353,347,339,220,38,30,34,66,221,288,304,145,422,423,413,275,64,44,22,41,189,222,246,113,349,340,335,221,40,28,32,48,194,243,262,120,386,372,376,248,42,33,52,86,274,359,369,173,523,510,525,331,73,69,69,96,263,356,367,186,502,494,494,346,74,71,46.12,71.62,242.12,313.75,332.62,161.0,465.5,452.62,452.0,302.0,65.25,56.25
Concrete_0cm_S7,2026-04-02T20:40:44.258512,64,94,284,392,409,200,567,542,543,382,87,76,73,102,326,416,453,240,623,594,593,394,105,99,23,41,187,234,252,112,353,347,340,220,38,30,34,66,221,288,304,145,422,423,414,275,64,44,22,41,189,222,246,113,349,340,335,221,40,28,32,48,194,243,262,120,386,372,376,248,42,33,52,86,274,359,369,173,522,509,525,330,73,69,69,96,263,356,367,186,502,494,494,346,74,71,46.12,71.75,242.25,313.75,332.75,161.12,465.5,452.62,452.5,302.0,65.38,56.25
Concrete_0cm_S7,2026-04-02T20:40:44.416890,64,94,284,392,409,200,567,542,543,382,87,76,73,102,326,416,453,240,623,594,593,394,105,99,23,41,187,234,252,112,353,347,340,220,38,30,34,66,221,288,304,145,422,423,414,275,64,44,22,41,189,222,246,113,349,340,335,221,40,28,32,48,194,243,262,120,386,372,376,248,42,33,52,86,274,359,369,173,522,509,525,330,73,69,69,95,263,356,367,186,501,494,494,346,74,71,46.12,71.62,242.25,313.75,332.75,161.12,465.38,452.62,452.5,302.0,65.38,56.25
Concrete_0cm_S7,2026-04-02T20:40:44.568221,64,93,284,392,408,200,567,542,542,381,87,76,73,102,325,416,452,239,622,594,592,394,104,99,23,41,187,234,252,112,353,347,340,220,38,30,34,66,221,288,304,144,422,424,413,275,64,44,22,41,189,222,246,113,350,340,335,221,40,28,32,48,194,243,262,120,386,372,376,248,42,33,52,86,274,359,369,173,522,509,525,330,73,69,69,95,263,356,367,186,501,494,494,346,74,71,46.12,71.5,242.12,313.75,332.5,160.88,465.38,452.75,452.12,301.88,65.25,56.25
Concrete_0cm_S7,2026-04-02T20:40:44.709876,64,94,284,393,409,200,567,542,543,381,87,76,73,102,326,416,452,240,623,594,592,394,105,99,23,41,187,234,252,112,353,347,340,220,38,30,34,66,221,288,304,144,422,424,413,275,64,44,22,41,189,222,246,113,350,340,335,221,40,28,32,48,194,243,262,120,386,372,376,248,42,33,52,86,274,359,369,173,522,509,525,330,73,69,69,95,263,356,367,186,501,494,494,346,74,71,46.12,71.62,242.25,313.88,332.62,161.0,465.5,452.75,452.25,301.88,65.38,56.25
Concrete_0cm_S7,2026-04-02T20:40:44.909710,64,94,284,393,409,200,567,542,543,381,87,76,73,102,326,416,452,240,623,594,592,394,105,99,23,41,187,234,252,112,353,347,340,220,38,30,34,66,221,288,304,144,422,424,413,275,64,44,21,41,189,222,246,112,350,340,335,221,40,28,32,48,194,244,263,120,386,372,376,249,42,33,52,86,274,359,368,173,522,510,525,330,73,69,69,95,263,356,367,186,501,494,494,346,74,71,46.0,71.62,242.25,314.0,332.62,160.88,465.5,452.88,452.25,302.0,65.38,56.25
Concrete_0cm_S7,2026-04-02T20:40:45.076957,64,93,284,392,409,200,568,542,543,382,87,76,74,102,325,416,452,240,622,594,592,394,105,99,23,41,187,234,252,112,353,347,340,220,38,30,34,66,221,288,304,144,422,424,413,275,64,44,22,41,189,222,246,113,349,340,335,221,40,28,32,48,194,244,262,120,385,372,376,248,42,33,52,86,274,359,368,173,523,510,525,330,73,69,69,96,263,356,367,186,501,494,494,346,74,71,46.25,71.62,242.12,313.88,332.5,161.0,465.38,452.88,452.25,302.0,65.38,56.25
Concrete_0cm_S7,2026-04-02T20:40:45.238053,64,94,284,392,408,200,568,542,542,381,87,76,73,102,325,416,452,239,622,593,592,394,104,99,23,41,187,234,252,112,353,347,340,220,38,30,34,66,221,288,304,144,422,424,413,275,64,44,22,41,189,222,246,113,350,340,335,221,40,28,32,47,194,243,262,120,385,372,377,248,42,33,52,85,275,359,369,173,522,510,525,330,73,69,69,96,263,356,367,186,501,493,494,346,74,71,46.12,71.5,242.25,313.75,332.5,160.88,465.38,452.62,452.25,301.88,65.25,56.25
Concrete_0cm_S7,2026-04-02T20:40:45.392065,64,94,284,392,408,200,568,542,542,381,87,76,73,102,325,416,452,239,622,593,592,394,104,99,23,41,187,234,252,112,353,347,340,220,38,30,34,66,221,288,304,145,422,424,413,275,64,44,22,41,189,222,246,113,350,340,336,221,40,28,32,48,194,243,262,120,386,372,376,248,42,33,52,85,274,359,368,173,522,510,524,331,73,69,69,96,263,355,367,186,502,493,494,346,74,71,46.12,71.62,242.12,313.62,332.38,161.0,465.62,452.62,452.12,302.0,65.25,56.25
Concrete_0cm_S7,2026-04-02T20:40:45.552108,64,93,284,392,409,200,567,541,543,381,87,76,73,102,326,416,452,239,622,594,592,394,105,99,23,41,187,234,252,112,353,347,340,219,38,30,34,66,221,288,304,144,422,424,413,275,64,44,21,41,189,222,246,113,350,340,336,221,40,28,32,48,194,244,262,120,386,372,376,248,42,33,52,85,274,359,368,173,522,510,524,331,73,69,69,96,263,355,367,186,502,493,494,346,74,71,46.0,71.5,242.25,313.75,332.5,160.88,465.5,452.62,452.25,301.88,65.38,56.25
Concrete_0cm_S7,2026-04-02T20:40:45.720994,63,93,284,392,409,200,568,542,542,381,86,76,73,102,326,417,453,239,622,594,592,395,105,99,23,41,187,234,251,112,353,347,339,219,38,30,34,65,221,288,304,144,422,423,413,275,64,44,22,41,189,222,246,113,350,341,336,221,40,28,32,48,194,244,262,120,386,372,376,248,42,33,53,85,274,360,369,173,522,509,525,331,73,69,69,96,263,356,367,186,501,494,494,346,74,71,46.12,71.38,242.25,314.12,332.62,160.88,465.5,452.75,452.12,302.0,65.25,56.25
Concrete_0cm_S7,2026-04-02T20:40:45.922113,64,94,284,392,409,200,568,541,543,382,86,76,73,102,326,417,453,239,622,594,592,395,105,99,23,41,187,233,252,112,353,347,339,220,38,30,34,66,221,288,304,145,421,423,413,275,64,43,22,41,189,222,246,113,350,340,336,222,40,28,32,48,194,243,262,120,386,372,376,248,42,33,52,86,274,359,368,173,522,510,525,330,73,69,69,96,263,356,367,186,501,494,494,346,74,71,46.12,71.75,242.25,313.75,332.62,161.0,465.38,452.62,452.25,302.25,65.25,56.12
Concrete_0cm_S7,2026-04-02T20:40:46.079514,64,93,284,392,408,200,567,542,542,381,87,76,73,102,325,416,452,239,622,594,592,394,104,99,23,41,187,234,252,112,353,347,340,220,38,30,34,66,221,288,304,144,422,423,413,275,64,44,22,41,189,221,246,113,350,340,336,221,40,28,32,47,194,243,263,120,386,372,376,248,42,33,52,86,274,359,368,173,522,510,525,330,73,69,69,96,263,356,368,186,502,494,495,346,74,71,46.12,71.5,242.12,313.62,332.62,160.88,465.5,452.75,452.38,301.88,65.25,56.25
Concrete_0cm_S7,2026-04-02T20:40:46.225045,64,93,284,392,408,200,567,542,542,381,87,76,73,102,326,416,452,239,622,594,592,394,104,99,23,41,187,234,252,112,353,347,340,220,38,30,34,66,221,288,304,144,422,424,413,275,64,44,22,41,189,222,246,113,350,340,336,221,40,28,32,48,194,244,262,120,386,372,377,248,42,33,52,86,274,359,369,173,522,509,525,330,73,70,69,96,263,356,367,186,502,494,494,346,74,71,46.12,71.62,242.25,313.88,332.5,160.88,465.5,452.75,452.38,301.88,65.25,56.38
Concrete_0cm_S7,2026-04-02T20:40:46.366473,64,94,284,392,409,200,567,542,543,381,87,76,73,102,326,416,452,239,622,594,593,394,105,99,23,41,187,234,252,112,353,347,340,220,38,30,34,66,221,288,304,145,421,423,413,275,64,44,22,41,189,222,246,113,350,340,335,221,40,28,32,48,194,244,262,120,386,372,376,248,42,33,52,86,274,359,368,173,522,510,525,331,73,69,69,95,263,355,367,186,502,493,494,346,74,71,46.12,71.62,242.25,313.75,332.5,161.0,465.38,452.62,452.38,302.0,65.38,56.25
Concrete_0cm_S7,2026-04-02T20:40:46.510263,64,94,284,392,409,200,567,542,543,381,87,76,73,102,326,416,452,239,622,594,593,394,105,99,23,41,187,234,252,112,353,347,340,220,38,30,34,66,221,288,304,145,422,424,413,275,64,44,22,41,189,222,246,112,349,340,335,221,40,28,32,48,194,244,262,120,386,372,376,248,42,33,52,86,274,359,368,173,522,510,525,331,73,69,69,96,263,355,367,186,501,493,494,346,74,71,46.12,71.75,242.25,313.75,332.5,160.88,465.25,452.75,452.38,302.0,65.38,56.25
Concrete_0cm_S7,2026-04-02T20:40:46.652575,64,93,284,393,409,200,567,542,543,381,87,76,73,102,326,417,452,240,622,594,592,394,105,99,23,41,187,234,252,112,353,347,340,220,38,30,34,66,221,289,304,144,422,423,413,275,64,44,22,41,189,222,246,113,349,340,336,221,40,28,32,48,194,243,263,120,386,372,377,248,42,33,52,85,274,359,368,173,522,510,525,331,73,69,69,96,263,355,367,186,501,493,494,346,74,71,46.12,71.5,242.25,314.0,332.62,161.0,465.25,452.62,452.5,302.0,65.38,56.25
Concrete_0cm_S7,2026-04-02T20:40:46.839227,64,93,284,393,409,200,567,542,543,381,87,76,73,102,324,417,452,239,623,594,592,394,105,99,23,41,188,234,252,112,353,347,340,220,39,30,34,66,221,288,304,144,422,424,413,275,64,44,21,41,189,222,246,113,349,340,335,221,40,28,32,48,194,244,262,120,386,372,376,248,42,33,52,86,274,359,368,173,522,509,525,330,73,69,69,96,263,356,367,186,501,494,494,346,74,71,46.0,71.62,242.12,314.12,332.5,160.88,465.38,452.75,452.25,301.88,65.5,56.25
Concrete_0cm_S7,2026-04-02T20:40:46.985847,64,93,283,393,409,200,567,541,543,382,87,76,73,102,326,416,452,239,622,594,592,394,105,99,23,41,187,234,252,112,353,347,339,220,38,30,34,66,221,288,304,144,422,424,413,275,64,44,22,41,189,222,246,113,350,340,336,222,40,28,32,48,194,243,263,120,386,372,377,248,42,33,52,86,274,359,369,173,522,510,525,330,73,70,69,96,263,356,367,186,501,494,494,346,74,71,46.12,71.62,242.12,313.88,332.75,160.88,465.38,452.75,452.38,302.12,65.38,56.38
Concrete_0cm_S7,2026-04-02T20:40:47.128154,64,94,284,392,409,200,568,542,543,382,87,76,73,102,326,417,453,239,622,594,592,394,105,99,23,41,187,234,252,112,353,347,340,220,38,30,34,65,221,288,304,144,421,423,413,275,64,44,22,41,189,222,246,113,350,340,336,222,40,28,32,48,194,243,263,120,386,372,377,248,42,33,52,86,274,359,369,173,522,510,525,330,73,70,69,96,263,356,367,186,501,494,494,346,74,71,46.12,71.62,242.25,313.88,332.88,160.88,465.38,452.75,452.5,302.12,65.38,56.38
Concrete_0cm_S7,2026-04-02T20:40:47.304183,64,94,284,392,409,200,567,542,543,382,87,76,73,102,325,417,452,239,622,594,593,394,104,99,23,41,188,234,252,112,354,347,340,220,38,30,34,66,221,288,304,144,422,423,413,275,64,44,22,41,189,221,246,113,350,340,336,221,40,28,32,48,194,243,262,120,386,372,377,248,42,33,52,85,274,359,369,172,523,510,524,331,73,70,69,96,263,356,367,186,501,494,494,346,74,71,46.12,71.62,242.25,313.75,332.62,160.75,465.62,452.75,452.5,302.12,65.25,56.38
Concrete_0cm_S7,2026-04-02T20:40:47.458882,64,94,284,392,409,200,567,542,543,382,87,76,73,102,325,417,452,239,622,594,593,394,104,99,23,41,188,234,252,112,354,347,340,220,38,30,34,66,221,288,304,144,422,423,413,275,64,44,22,41,189,221,246,113,350,340,336,221,40,28,32,48,194,243,262,120,386,372,377,248,42,33,52,86,274,359,369,173,522,510,525,331,73,69,69,96,263,356,367,186,501,494,494,346,74,71,46.12,71.75,242.25,313.75,332.62,160.88,465.5,452.75,452.62,302.12,65.25,56.25
Concrete_0cm_S7,2026-04-02T20:40:47.615544,64,94,284,393,409,200,567,541,543,382,87,76,73,102,326,416,452,239,623,594,592,394,105,99,23,41,187,234,252,112,354,347,340,220,38,30,34,65,221,288,304,144,422,423,413,275,63,44,22,41,189,222,246,113,350,340,336,221,40,28,32,48,194,244,262,120,386,372,376,248,42,33,52,86,274,360,369,174,522,510,525,331,73,69,69,96,263,356,367,186,501,494,494,346,74,71,46.12,71.62,242.25,314.12,332.62,161.0,465.62,452.62,452.38,302.12,65.25,56.25
Concrete_0cm_S7,2026-04-02T20:40:47.780561,64,94,284,392,410,200,567,541,543,381,87,76,73,102,326,416,452,240,622,594,592,394,105,99,23,41,187,234,252,112,353,347,340,220,38,30,34,66,221,289,304,144,421,423,413,275,64,43,22,41,189,221,246,112,350,340,335,221,40,28,32,48,194,244,262,120,386,372,376,248,42,33,52,86,274,359,369,173,522,510,525,331,73,69,69,96,263,356,367,186,502,493,494,346,74,71,46.12,71.75,242.25,313.88,332.75,160.88,465.38,452.5,452.25,302.0,65.38,56.12
Concrete_0cm_S7,2026-04-02T20:40:47.942815,64,93,284,392,409,200,567,542,543,381,87,76,73,102,326,416,452,240,622,594,592,394,105,99,23,41,187,234,252,113,353,347,340,220,38,30,34,66,221,289,304,144,421,423,413,275,64,43,21,41,189,222,246,113,350,340,335,221,40,28,32,48,194,243,262,120,385,372,376,248,42,33,52,86,274,359,369,173,522,510,525,331,73,69,69,96,263,356,367,186,501,494,494,346,74,71,46.0,71.62,242.25,313.88,332.62,161.12,465.12,452.75,452.25,302.0,65.38,56.12
Concrete_0cm_S7,2026-04-02T20:40:48.100446,64,94,284,392,409,200,567,541,543,381,87,76,73,102,325,417,452,239,623,594,592,394,105,99,23,41,187,234,252,113,353,347,340,220,38,30,34,66,221,289,304,144,421,423,413,275,64,43,21,41,189,222,246,113,350,340,335,221,40,28,32,47,194,243,262,120,386,372,376,248,42,33,52,86,274,359,368,173,523,510,525,330,73,69,69,96,263,356,367,186,501,494,494,346,74,71,46.0,71.62,242.12,314.0,332.5,161.0,465.5,452.62,452.25,301.88,65.38,56.12
Concrete_0cm_S7,2026-04-02T20:40:48.254003,64,93,283,392,409,200,567,542,543,382,87,76,73,102,326,416,452,240,622,594,593,394,105,99,23,41,187,234,252,112,353,347,340,220,38,30,34,66,221,288,304,145,422,423,413,275,64,44,21,41,189,222,246,113,349,340,335,221,40,28,32,47,194,243,262,120,386,372,376,248,42,33,52,86,274,360,369,173,523,510,525,331,73,69,69,95,263,356,366,186,502,493,494,346,74,71,46.0,71.38,242.12,313.88,332.5,161.12,465.5,452.62,452.38,302.12,65.38,56.25
Concrete_0cm_S7,2026-04-02T20:40:48.408807,64,93,284,392,409,200,567,541,542,381,87,76,73,102,326,417,452,239,622,594,592,394,105,99,23,41,187,234,252,112,353,347,340,220,38,30,34,66,221,288,304,145,422,423,413,275,64,44,21,41,189,222,246,113,349,340,335,221,40,28,32,47,194,243,262,120,386,372,376,248,42,33,53,86,274,359,369,173,522,510,525,331,73,69,69,96,263,356,367,186,502,494,495,346,74,71,46.12,71.5,242.25,313.88,332.62,161.0,465.38,452.62,452.25,302.0,65.38,56.25
