label,timestamp,S0_405nm,S0_425nm,S0_450nm,S0_475nm,S0_515nm,S0_550nm,S0_555nm,S0_600nm,S0_640nm,S0_690nm,S0_745nm,S0_855nm,S1_405nm,S1_425nm,S1_450nm,S1_475nm,S1_515nm,S1_550nm,S1_555nm,S1_600nm,S1_640nm,S1_690nm,S1_745nm,S1_855nm,S2_405nm,S2_425nm,S2_450nm,S2_475nm,S2_515nm,S2_550nm,S2_555nm,S2_600nm,S2_640nm,S2_690nm,S2_745nm,S2_855nm,S3_405nm,S3_425nm,S3_450nm,S3_475nm,S3_515nm,S3_550nm,S3_555nm,S3_600nm,S3_640nm,S3_690nm,S3_745nm,S3_855nm,S4_405nm,S4_425nm,S4_450nm,S4_475nm,S4_515nm,S4_550nm,S4_555nm,S4_600nm,S4_640nm,S4_690nm,S4_745nm,S4_855nm,S5_405nm,S5_425nm,S5_450nm,S5_475nm,S5_515nm,S5_550nm,S5_555nm,S5_600nm,S5_640nm,S5_690nm,S5_745nm,S5_855nm,S6_405nm,S6_425nm,S6_450nm,S6_475nm,S6_515nm,S6_550nm,S6_555nm,S6_600nm,S6_640nm,S6_690nm,S6_745nm,S6_855nm,S7_405nm,S7_425nm,S7_450nm,S7_475nm,S7_515nm,S7_550nm,S7_555nm,S7_600nm,S7_640nm,S7_690nm,S7_745nm,S7_855nm,AVG_405nm,AVG_425nm,AVG_450nm,AVG_475nm,AVG_515nm,AVG_550nm,AVG_555nm,AVG_600nm,AVG_640nm,AVG_690nm,AVG_745nm,AVG_855nm
Concrete_0cm_S10,2026-04-02T20:44:35.930719,24,40,166,233,252,116,362,354,353,240,41,32,11,25,134,170,189,85,274,271,272,180,27,18,6,15,95,125,139,57,197,194,189,124,16,9,11,26,126,172,179,83,268,273,272,179,28,18,21,37,161,202,228,109,333,333,332,220,40,28,5,15,86,118,122,52,177,177,184,120,14,9,24,44,175,235,249,113,355,354,363,226,39,34,19,33,138,187,201,97,292,296,300,199,31,24,15.12,29.38,135.12,180.25,194.88,89.0,282.25,281.5,283.12,186.0,29.5,21.5
Concrete_0cm_S10,2026-04-02T20:44:36.084348,24,41,166,232,251,116,362,354,353,240,41,32,12,25,135,170,189,85,273,271,272,180,27,18,6,15,95,125,139,57,197,193,189,124,16,9,11,26,126,172,179,83,267,273,272,179,28,18,21,37,161,202,228,109,333,333,332,220,40,28,5,15,86,118,122,52,177,177,184,120,14,9,24,44,175,235,249,113,355,354,363,226,39,34,19,33,138,187,201,97,292,296,301,199,31,24,15.25,29.5,135.25,180.12,194.75,89.0,282.0,281.38,283.25,186.0,29.5,21.5
Concrete_0cm_S10,2026-04-02T20:44:36.243877,24,41,166,232,251,116,362,354,353,240,41,32,12,25,135,170,189,85,273,271,272,180,27,18,6,15,95,125,139,57,197,193,189,124,16,9,11,26,126,172,179,83,267,273,272,179,28,18,21,37,161,202,228,109,333,333,332,220,40,28,5,15,86,118,122,52,177,177,184,120,14,9,24,44,175,235,249,113,355,354,363,226,39,34,19,33,138,187,201,97,292,296,301,199,31,24,15.25,29.5,135.25,180.12,194.75,89.0,282.0,281.38,283.25,186.0,29.5,21.5
Concrete_0cm_S10,2026-04-02T20:44:36.409451,24,41,167,233,252,116,362,355,353,240,41,32,12,25,134,170,189,86,274,271,272,180,27,18,6,15,95,125,139,57,197,194,189,124,16,9,11,26,126,172,179,83,268,273,272,180,28,18,21,37,161,202,228,109,333,334,332,220,40,28,6,15,87,117,122,52,176,177,184,121,14,9,24,44,175,236,249,113,355,354,363,226,38,34,19,33,139,187,201,97,292,296,301,199,31,25,15.38,29.5,135.5,180.25,194.88,89.12,282.12,281.75,283.25,186.25,29.38,21.62
Concrete_0cm_S10,2026-04-02T20:44:36.573292,24,41,166,233,252,116,361,354,353,240,41,32,12,25,134,170,189,86,274,271,272,180,27,18,6,15,95,125,139,57,197,194,189,124,16,9,11,26,126,172,179,83,268,272,272,179,28,18,21,37,161,202,229,109,333,334,333,220,40,28,5,15,86,118,122,52,177,177,185,120,14,9,24,44,175,235,249,113,355,354,362,226,39,34,19,34,138,187,201,97,292,296,301,199,31,25,15.25,29.62,135.12,180.25,195.0,89.12,282.12,281.5,283.38,186.0,29.5,21.62
Concrete_0cm_S10,2026-04-02T20:44:36.721179,24,40,166,233,252,115,362,354,353,240,41,32,12,25,134,170,189,86,274,271,272,180,27,18,6,15,95,125,139,57,197,194,190,124,16,9,11,26,126,172,179,83,268,273,272,180,28,18,21,37,161,202,228,109,333,334,333,220,40,28,6,15,87,118,122,52,177,177,184,120,14,9,24,44,175,235,249,113,355,354,362,226,39,34,19,34,138,187,201,97,292,296,301,199,31,25,15.38,29.5,135.25,180.25,194.88,89.0,282.25,281.62,283.38,186.12,29.5,21.62
Concrete_0cm_S10,2026-04-02T20:44:36.875246,24,40,166,233,252,115,362,354,353,240,41,32,12,25,134,170,189,86,274,271,272,180,27,18,6,15,95,125,139,57,197,194,190,124,16,9,11,26,126,172,179,83,268,273,272,180,28,18,21,37,161,202,228,109,333,334,333,220,40,28,6,15,87,118,122,52,177,177,184,120,14,9,24,44,175,235,249,113,355,354,362,226,39,34,19,34,138,187,201,97,292,296,301,199,31,25,15.38,29.5,135.25,180.25,194.88,89.0,282.25,281.62,283.38,186.12,29.5,21.62
Concrete_0cm_S10,2026-04-02T20:44:37.025927,24,41,167,232,252,116,362,354,353,240,41,32,11,25,135,170,189,85,274,271,272,180,27,18,6,15,95,125,139,57,197,194,189,124,16,9,11,26,126,172,179,83,268,273,273,179,28,18,21,37,161,202,228,109,333,334,332,220,40,28,6,15,87,117,122,52,177,177,184,120,14,9,24,44,175,235,249,113,355,354,363,226,39,34,19,33,138,187,201,97,292,296,301,199,31,25,15.25,29.5,135.5,180.0,194.88,89.0,282.25,281.62,283.38,186.0,29.5,21.62
Concrete_0cm_S10,2026-04-02T20:44:37.193922,24,41,167,232,252,116,362,354,353,240,41,32,11,25,135,170,189,85,274,272,272,180,27,18,6,15,95,125,139,57,197,194,189,124,16,9,11,26,126,172,179,83,268,273,273,179,28,18,21,37,162,202,228,109,333,334,333,220,40,28,6,15,87,118,122,52,177,177,184,120,14,9,24,44,174,236,249,113,354,354,363,226,38,34,19,33,139,187,201,97,292,296,301,199,31,25,15.25,29.5,135.62,180.25,194.88,89.0,282.12,281.75,283.5,186.0,29.38,21.62
Concrete_0cm_S10,2026-04-02T20:44:37.350387,24,41,167,232,251,116,361,354,353,240,41,32,11,25,135,170,189,85,273,271,272,180,27,18,6,15,95,125,139,57,197,194,189,124,16,9,11,26,126,172,179,83,268,273,273,180,28,18,21,37,161,201,228,109,333,334,332,220,41,28,6,15,86,118,122,52,177,177,185,120,14,9,24,44,175,236,249,113,355,354,363,226,38,34,19,33,139,187,201,97,292,296,301,199,31,25,15.25,29.5,135.5,180.12,194.75,89.0,282.0,281.62,283.5,186.12,29.5,21.62
Concrete_0cm_S10,2026-04-02T20:44:37.517315,24,41,167,233,252,116,362,355,353,240,41,32,11,25,134,170,188,85,274,271,272,180,27,18,6,15,95,125,139,57,197,194,189,124,16,9,11,26,126,172,179,83,268,273,273,180,28,18,21,37,161,201,228,109,333,334,332,220,41,28,6,15,86,118,122,52,177,177,185,120,14,9,24,44,175,235,249,113,355,354,363,226,39,34,19,33,139,187,201,97,292,296,301,199,31,25,15.25,29.5,135.38,180.12,194.75,89.0,282.25,281.75,283.5,186.12,29.62,21.62
Concrete_0cm_S10,2026-04-02T20:44:37.656205,24,40,167,233,252,116,362,354,353,240,41,32,12,25,134,170,189,85,274,271,272,180,27,18,6,15,95,125,139,57,197,194,189,124,16,9,11,26,126,172,179,83,268,273,273,179,28,18,21,37,162,202,228,108,333,334,333,219,40,28,5,15,86,118,122,52,177,177,184,120,14,9,24,44,175,236,249,113,355,354,364,226,38,34,19,33,139,187,201,97,292,296,301,199,31,25,15.25,29.38,135.5,180.38,194.88,88.88,282.25,281.62,283.62,185.88,29.38,21.62
Concrete_0cm_S10,2026-04-02T20:44:37.817520,24,41,166,232,252,116,362,354,354,240,41,32,11,25,135,170,189,85,274,271,272,180,27,18,6,15,95,125,139,57,197,194,190,123,16,9,11,26,126,173,179,83,268,273,273,180,28,18,21,37,162,202,228,108,333,334,333,219,40,28,5,15,86,118,122,52,177,177,184,120,14,9,24,44,175,236,249,113,355,354,363,226,39,35,19,33,138,187,202,97,292,297,301,199,31,25,15.12,29.5,135.38,180.38,195.0,88.88,282.25,281.75,283.75,185.88,29.5,21.75
Concrete_0cm_S10,2026-04-02T20:44:37.975740,24,40,167,233,252,116,362,355,353,240,41,32,11,25,135,170,189,85,274,271,272,180,27,18,6,15,95,125,139,57,197,194,190,123,16,9,11,26,126,173,179,83,268,273,273,180,28,18,21,37,161,202,228,109,333,334,333,220,40,28,5,15,87,117,122,52,177,177,185,120,14,9,24,44,175,236,248,113,355,355,363,226,38,35,19,34,139,187,201,97,292,296,301,199,31,25,15.12,29.5,135.62,180.38,194.75,89.0,282.25,281.88,283.75,186.0,29.38,21.75
Concrete_0cm_S10,2026-04-02T20:44:38.133352,24,39,167,233,252,116,362,355,353,240,41,32,11,25,134,170,188,85,274,271,272,180,27,18,6,15,95,125,139,57,197,194,189,124,16,9,11,26,126,172,179,83,268,272,273,179,28,18,21,37,161,202,228,109,333,334,333,220,40,28,5,15,87,117,122,52,177,177,185,120,14,9,24,44,175,236,248,113,355,355,363,226,38,35,19,34,139,187,201,97,292,296,301,199,31,25,15.12,29.38,135.5,180.25,194.62,89.0,282.25,281.75,283.62,186.0,29.38,21.75
Concrete_0cm_S10,2026-04-02T20:44:38.290093,24,41,167,233,252,116,362,354,353,240,41,32,11,25,134,170,189,86,274,271,272,180,27,18,6,15,95,125,139,57,197,194,190,124,16,9,11,26,126,172,179,83,268,272,273,179,28,18,21,37,162,202,228,109,333,334,333,220,40,28,5,15,86,118,122,52,177,177,185,120,14,9,24,44,175,235,249,113,355,354,363,226,38,35,19,33,139,187,201,97,292,296,301,199,31,25,15.12,29.5,135.5,180.25,194.88,89.12,282.25,281.5,283.75,186.0,29.38,21.75
Concrete_0cm_S10,2026-04-02T20:44:38.521564,24,41,167,233,252,116,362,355,354,240,41,32,11,25,135,170,189,85,274,271,272,180,27,18,6,15,95,125,139,57,197,194,190,124,16,9,11,26,126,172,179,83,268,273,273,179,28,18,21,37,161,202,228,109,333,334,332,219,40,28,6,15,86,118,122,52,177,177,184,120,14,9,24,44,175,236,249,113,355,354,363,226,38,34,19,34,139,187,201,97,292,295,301,199,31,25,15.25,29.62,135.5,180.38,194.88,89.0,282.25,281.62,283.62,185.88,29.38,21.62
Concrete_0cm_S10,2026-04-02T20:44:38.680060,24,41,166,233,252,116,362,355,353,240,41,32,11,25,135,170,189,85,273,271,272,180,27,18,6,15,95,125,139,57,197,193,189,124,16,9,11,26,126,172,179,82,268,272,273,179,28,18,21,37,161,202,228,109,332,334,332,220,40,28,5,15,87,118,122,52,177,177,185,121,14,9,24,44,175,236,249,113,355,354,363,226,38,34,20,33,138,187,201,97,292,296,301,199,31,25,15.25,29.5,135.38,180.38,194.88,88.88,282.0,281.5,283.5,186.12,29.38,21.62
Concrete_0cm_S10,2026-04-02T20:44:38.840158,24,41,166,233,252,116,362,355,353,240,41,32,12,25,135,170,189,85,274,271,272,180,27,18,6,15,95,125,139,57,197,194,189,124,16,9,11,26,126,172,179,83,268,272,273,179,28,18,21,37,161,201,228,109,333,334,333,219,40,28,5,15,87,118,122,52,177,177,185,120,14,9,24,44,175,236,249,113,355,354,363,226,38,34,19,33,138,186,201,96,292,296,300,199,31,25,15.25,29.5,135.38,180.12,194.88,88.88,282.25,281.62,283.5,185.88,29.38,21.62
Concrete_0cm_S10,2026-04-02T20:44:38.997600,24,40,166,233,252,116,362,354,354,240,41,32,11,25,135,170,189,86,274,271,272,180,27,18,6,15,95,125,139,57,197,194,189,124,16,9,11,26,126,172,179,83,268,273,272,179,28,18,21,37,161,201,228,109,333,334,333,219,40,28,5,15,87,118,122,52,177,177,185,120,14,9,24,44,175,235,249,113,355,354,364,226,39,34,19,34,138,187,201,97,292,297,301,199,31,25,15.12,29.5,135.38,180.12,194.88,89.12,282.25,281.75,283.75,185.88,29.5,21.62
Concrete_0cm_S10,2026-04-02T20:44:39.163505,24,40,167,232,252,116,362,355,353,240,41,32,12,25,134,170,188,86,274,271,272,180,27,18,6,15,95,125,139,57,197,194,189,124,16,9,11,26,126,172,179,83,268,273,273,180,28,18,21,37,161,202,228,109,333,334,333,220,40,28,5,15,86,117,122,52,177,177,184,120,14,9,24,44,175,236,249,113,355,355,363,226,38,35,19,34,138,187,201,97,292,296,301,199,31,25,15.25,29.5,135.25,180.12,194.75,89.12,282.25,281.88,283.5,186.12,29.38,21.75
Concrete_0cm_S10,2026-04-02T20:44:39.345549,24,41,167,232,252,116,362,355,353,240,41,32,12,25,135,170,188,85,274,271,272,180,27,18,6,15,95,125,139,57,197,194,189,124,16,9,11,26,126,172,179,83,268,272,273,180,28,18,21,37,161,202,228,109,333,334,333,220,40,28,5,15,86,117,122,52,177,177,184,120,14,9,24,44,175,236,249,113,355,355,364,226,38,34,19,33,138,187,201,97,292,296,301,199,31,25,15.25,29.5,135.38,180.12,194.75,89.0,282.25,281.75,283.62,186.12,29.38,21.62
Concrete_0cm_S10,2026-04-02T20:44:39.564908,24,41,166,233,252,116,362,354,353,240,41,32,11,25,134,170,188,85,274,271,272,180,27,18,6,15,95,125,139,57,197,194,189,124,16,9,11,26,126,172,179,83,268,273,273,179,28,18,21,37,161,202,228,109,333,334,333,220,40,28,5,15,87,118,122,52,177,177,184,120,14,9,24,44,175,235,249,113,355,354,363,226,38,34,19,33,138,187,201,97,292,296,301,199,31,25,15.12,29.5,135.25,180.25,194.75,89.0,282.25,281.62,283.5,186.0,29.38,21.62
Concrete_0cm_S10,2026-04-02T20:44:39.729546,24,41,166,233,252,116,362,354,353,240,41,32,11,25,134,170,188,85,274,271,272,180,27,18,6,15,95,125,139,57,197,194,189,124,16,9,11,26,126,172,179,83,268,273,273,179,28,18,21,37,161,202,228,109,333,334,332,220,39,28,5,15,86,118,122,52,177,177,184,120,14,9,24,44,175,236,249,113,355,355,364,226,38,35,19,33,138,187,201,97,292,296,301,199,31,25,15.12,29.5,135.12,180.38,194.75,89.0,282.25,281.75,283.5,186.0,29.25,21.75
Concrete_0cm_S10,2026-04-02T20:44:39.876929,24,41,167,233,252,116,362,355,354,240,41,32,11,25,134,170,189,85,274,271,272,180,27,18,6,15,95,125,139,57,197,194,189,124,16,9,11,26,126,172,179,83,268,273,273,180,28,18,21,37,161,202,228,109,333,334,333,220,40,28,6,15,87,118,122,52,177,177,185,120,14,9,24,44,175,236,249,113,355,354,364,226,39,34,19,33,138,187,201,96,292,296,300,199,31,25,15.25,29.5,135.38,180.38,194.88,88.88,282.25,281.75,283.75,186.12,29.5,21.62
Concrete_0cm_S10,2026-04-02T20:44:40.043620,24,41,167,233,252,116,362,355,353,240,41,32,12,25,135,170,189,85,274,271,272,180,27,18,6,15,95,125,139,57,197,194,189,124,16,9,11,26,126,172,179,83,268,273,273,180,28,18,21,37,161,202,228,109,333,334,333,220,40,28,6,15,87,118,122,52,177,177,185,120,14,9,24,44,175,236,249,113,355,354,364,226,39,34,19,33,138,187,201,96,292,296,300,199,31,25,15.38,29.5,135.5,180.38,194.88,88.88,282.25,281.75,283.62,186.12,29.5,21.62
Concrete_0cm_S10,2026-04-02T20:44:40.196645,24,41,167,233,252,116,362,355,353,240,41,32,12,25,135,170,189,85,274,271,272,180,27,18,6,15,95,125,139,57,197,194,189,124,16,9,11,26,126,172,179,83,268,272,273,180,28,18,21,37,161,202,228,109,333,334,333,220,40,28,5,15,87,118,122,52,177,177,184,120,14,9,24,44,175,236,249,113,355,354,364,226,39,34,19,33,138,187,201,96,292,296,300,199,31,25,15.25,29.5,135.5,180.38,194.88,88.88,282.25,281.62,283.5,186.12,29.5,21.62
Concrete_0cm_S10,2026-04-02T20:44:40.357862,24,41,167,233,252,116,362,354,354,240,41,32,11,25,135,170,189,85,274,271,272,180,27,18,6,15,95,125,139,57,197,194,189,124,16,9,11,26,126,172,179,83,268,273,272,179,28,18,21,37,161,202,228,109,333,334,332,220,40,28,5,15,87,118,122,52,177,177,184,120,14,9,24,44,175,236,249,113,355,355,363,226,38,35,19,34,138,187,201,97,292,296,301,199,31,25,15.12,29.62,135.5,180.38,194.88,89.0,282.25,281.75,283.38,186.0,29.38,21.75
Concrete_0cm_S10,2026-04-02T20:44:40.567743,24,41,167,233,252,116,362,354,354,240,41,32,11,25,135,170,189,85,274,271,272,180,27,18,6,15,95,125,139,57,197,194,189,124,16,9,11,26,126,172,179,83,268,273,272,179,28,18,21,37,161,202,228,109,333,334,332,220,40,28,5,15,87,118,122,52,177,177,184,120,14,9,24,44,175,236,249,113,355,355,363,226,38,35,19,33,139,187,201,97,292,296,301,199,31,25,15.12,29.5,135.62,180.38,194.88,89.0,282.25,281.75,283.38,186.0,29.38,21.75
Concrete_0cm_S10,2026-04-02T20:44:40.731009,24,41,166,233,252,116,362,355,353,240,41,32,11,25,134,170,189,85,274,271,272,180,27,18,6,15,95,125,139,57,197,194,189,124,16,9,11,26,126,172,179,83,268,273,272,179,28,18,21,37,161,202,228,109,333,334,332,220,40,28,5,15,87,118,122,52,177,177,184,120,14,9,24,44,175,236,249,113,355,355,363,226,38,35,19,33,139,187,201,97,292,296,301,199,31,25,15.12,29.5,135.38,180.38,194.88,89.0,282.25,281.88,283.25,186.0,29.38,21.75
Concrete_0cm_S10,2026-04-02T20:44:40.874280,24,41,166,233,252,116,362,354,353,240,41,32,11,25,134,170,189,85,274,271,272,180,27,18,6,15,95,125,139,57,197,194,189,124,16,9,11,26,126,172,179,83,268,272,273,180,28,18,21,37,161,202,228,109,332,334,333,219,40,28,5,15,87,118,122,52,177,177,184,120,14,9,24,44,175,236,249,113,355,354,364,226,38,34,19,33,139,187,201,97,292,296,301,199,31,25,15.12,29.5,135.38,180.38,194.88,89.0,282.12,281.5,283.62,186.0,29.38,21.62
Concrete_0cm_S10,2026-04-02T20:44:41.029442,24,41,167,233,252,116,362,355,353,240,41,32,11,25,134,170,188,85,274,271,272,180,27,18,6,15,95,125,139,57,197,194,190,124,16,9,11,26,126,172,179,83,268,273,273,180,28,18,21,37,161,202,228,109,332,334,333,219,40,28,5,15,87,118,122,52,177,177,184,120,14,9,24,44,175,236,249,113,355,354,364,226,38,34,19,33,139,187,201,97,292,296,301,199,31,25,15.12,29.5,135.5,180.38,194.75,89.0,282.12,281.75,283.75,186.0,29.38,21.62
Concrete_0cm_S10,2026-04-02T20:44:41.170818,24,41,167,233,252,116,362,355,353,240,41,32,11,25,134,170,188,85,274,271,272,180,27,18,6,15,95,125,139,57,197,194,190,124,16,9,11,26,126,172,179,83,268,273,273,180,28,18,21,37,161,202,228,109,332,334,333,219,40,28,5,15,87,118,122,52,177,177,184,120,14,9,24,44,175,236,249,113,355,354,364,226,38,34,19,33,139,187,201,97,292,296,301,199,31,25,15.12,29.5,135.5,180.38,194.75,89.0,282.12,281.75,283.75,186.0,29.38,21.62
Concrete_0cm_S10,2026-04-02T20:44:41.309582,24,41,167,233,252,116,362,354,354,240,41,32,12,25,135,170,188,86,274,271,272,180,27,18,6,15,95,125,139,57,197,194,189,124,16,9,11,26,126,172,179,83,268,273,273,179,28,18,21,37,161,202,228,109,332,334,332,220,40,28,5,15,86,118,122,52,177,177,184,120,14,9,24,44,175,235,249,113,356,355,363,226,38,35,19,33,139,187,201,97,292,296,300,199,31,24,15.25,29.5,135.5,180.25,194.75,89.12,282.25,281.75,283.38,186.0,29.38,21.62
Concrete_0cm_S10,2026-04-02T20:44:41.491071,24,41,167,233,252,116,362,354,354,240,41,32,12,25,135,170,188,86,274,271,272,180,27,18,6,15,95,125,139,57,197,194,189,124,16,9,11,26,126,172,179,83,268,273,273,179,28,18,21,37,161,202,228,109,332,334,332,220,40,28,5,15,86,118,122,52,177,177,184,120,14,9,24,44,175,236,249,113,355,355,364,226,38,34,19,33,139,187,201,97,292,296,300,199,31,24,15.25,29.5,135.5,180.38,194.75,89.12,282.12,281.75,283.5,186.0,29.38,21.5
Concrete_0cm_S10,2026-04-02T20:44:41.665910,24,41,167,233,252,116,362,355,353,240,41,32,12,25,135,170,188,86,274,271,272,180,27,18,6,15,95,125,139,57,197,194,189,124,16,9,11,26,126,172,179,83,268,273,273,179,28,18,21,37,161,202,228,109,332,334,332,220,40,28,5,15,86,118,122,52,177,177,184,120,14,9,24,44,175,236,249,113,355,355,364,226,38,34,19,33,139,187,201,97,292,296,300,199,31,24,15.25,29.5,135.5,180.38,194.75,89.12,282.12,281.88,283.38,186.0,29.38,21.5
Concrete_0cm_S10,2026-04-02T20:44:41.824709,24,40,167,233,252,116,361,355,353,240,41,32,12,25,135,170,189,86,274,272,273,181,27,19,6,15,95,125,139,57,197,194,189,124,16,9,11,26,126,172,179,83,268,273,273,179,28,18,21,37,161,202,228,109,332,334,332,220,40,28,5,15,86,118,122,52,177,177,184,120,14,9,24,44,175,236,249,113,355,355,364,226,38,34,19,33,139,187,201,97,292,296,300,199,31,24,15.25,29.38,135.5,180.38,194.88,89.12,282.0,282.0,283.5,186.12,29.38,21.62
Concrete_0cm_S10,2026-04-02T20:44:41.969431,24,41,167,232,252,116,362,355,353,240,41,32,12,25,135,170,189,86,274,272,273,181,27,19,6,15,95,125,139,57,197,194,189,124,16,10,11,26,126,172,179,83,268,273,273,179,28,18,21,37,161,202,228,109,332,334,332,220,40,28,5,15,86,118,122,52,177,177,184,120,14,9,24,44,175,236,249,113,356,354,363,226,38,35,19,33,139,187,201,97,292,296,301,199,31,25,15.25,29.5,135.5,180.25,194.88,89.12,282.25,281.88,283.5,186.12,29.38,22.0
Concrete_0cm_S10,2026-04-02T20:44:42.112742,24,41,167,232,252,116,362,355,353,240,41,32,12,25,134,170,189,86,274,271,272,181,27,19,6,15,95,125,139,57,197,194,189,124,16,10,11,26,126,172,179,83,268,273,273,179,28,18,21,37,161,202,228,109,332,334,332,220,40,28,5,15,86,118,122,52,177,177,184,120,14,9,24,44,175,236,249,113,356,354,363,226,38,35,19,33,139,187,201,97,292,296,301,199,31,25,15.25,29.5,135.38,180.25,194.88,89.12,282.25,281.75,283.38,186.12,29.38,22.0
Concrete_0cm_S10,2026-04-02T20:44:42.267527,24,41,167,232,252,116,362,355,353,240,41,32,12,25,134,170,189,86,274,271,272,181,27,19,6,15,95,125,139,57,197,194,189,124,16,10,11,26,126,172,179,83,268,273,273,179,28,18,21,37,161,201,228,109,333,334,333,220,40,28,5,15,87,118,122,52,177,177,184,120,14,9,23,44,175,236,249,113,356,354,364,226,38,35,19,34,139,187,201,97,292,297,301,199,31,25,15.12,29.62,135.5,180.12,194.88,89.12,282.38,281.88,283.62,186.12,29.38,22.0
Concrete_0cm_S10,2026-04-02T20:44:42.449766,24,41,167,233,252,116,362,354,353,240,41,32,12,25,135,170,189,86,274,271,272,181,27,19,6,15,95,125,139,57,197,194,189,124,16,10,11,26,126,172,179,83,268,273,273,180,28,18,21,37,161,202,228,109,333,334,333,220,40,28,6,15,87,117,122,52,177,177,184,120,14,9,24,44,176,236,249,113,355,354,363,226,38,34,19,33,139,187,201,97,292,296,301,199,31,25,15.38,29.5,135.75,180.25,194.88,89.12,282.25,281.62,283.5,186.25,29.38,21.88
Concrete_0cm_S10,2026-04-02T20:44:42.608456,24,41,167,233,252,116,362,354,353,240,41,32,12,25,135,170,189,86,274,271,272,181,27,19,6,15,95,125,139,57,197,194,189,124,16,10,11,26,126,172,179,83,268,273,273,180,28,18,21,37,161,202,228,109,333,334,333,220,40,28,6,15,87,117,122,52,177,177,184,120,14,9,24,44,176,236,249,113,355,354,363,226,38,34,19,33,139,187,201,97,292,296,301,199,31,25,15.38,29.5,135.75,180.25,194.88,89.12,282.25,281.62,283.5,186.25,29.38,21.88
Concrete_0cm_S10,2026-04-02T20:44:42.745362,24,40,167,233,252,116,362,355,353,240,41,32,11,25,134,170,188,86,274,271,272,181,27,19,6,15,95,125,139,58,197,194,190,124,16,10,11,26,126,172,179,83,268,273,273,180,28,18,21,37,161,202,228,109,333,334,333,220,40,28,6,15,87,117,122,52,177,177,184,120,14,9,24,44,176,236,249,113,355,354,363,226,38,34,19,33,139,187,201,97,292,296,301,199,31,25,15.25,29.38,135.62,180.25,194.75,89.25,282.25,281.75,283.62,186.25,29.38,21.88
Concrete_0cm_S10,2026-04-02T20:44:42.896595,24,40,167,233,252,116,362,355,353,240,41,32,11,25,134,170,189,85,273,271,272,181,27,19,6,15,95,125,139,57,197,194,189,124,16,10,11,26,126,172,179,83,268,273,272,180,28,18,21,37,161,202,228,109,333,334,333,220,40,28,5,15,87,118,122,52,176,177,184,120,14,9,24,44,176,235,249,113,355,354,363,226,38,35,19,34,139,187,201,97,292,296,301,199,31,25,15.12,29.5,135.62,180.25,194.88,89.0,282.0,281.75,283.38,186.25,29.38,22.0
Concrete_0cm_S10,2026-04-02T20:44:43.042823,24,40,167,233,252,116,362,355,353,240,41,32,11,25,134,170,189,85,273,271,272,181,27,19,6,15,95,125,139,57,197,194,189,124,16,10,11,26,126,172,179,83,268,273,272,180,28,18,21,37,162,202,228,109,333,334,332,220,40,28,5,15,87,117,122,52,177,177,184,120,14,9,24,44,176,235,249,113,355,354,363,226,38,35,19,34,139,187,201,97,292,296,301,199,31,25,15.12,29.5,135.75,180.12,194.88,89.0,282.12,281.75,283.25,186.25,29.38,22.0
Concrete_0cm_S10,2026-04-02T20:44:43.195126,24,40,167,233,252,116,362,355,353,240,41,32,11,25,134,170,189,85,273,271,272,181,27,19,6,15,95,125,139,57,197,194,189,124,16,10,11,26,126,172,179,83,268,273,272,180,28,18,21,37,162,202,228,109,333,334,332,220,40,28,5,15,87,117,122,52,177,177,184,120,14,9,24,44,176,235,249,113,355,354,363,226,38,35,19,34,139,187,201,97,292,296,301,199,31,25,15.12,29.5,135.75,180.12,194.88,89.0,282.12,281.75,283.25,186.25,29.38,22.0
Concrete_0cm_S10,2026-04-02T20:44:43.366057,24,40,167,233,252,116,362,355,353,240,41,32,11,25,134,170,189,85,273,271,272,181,27,19,6,15,95,125,139,57,197,194,189,124,16,10,11,26,126,172,179,83,268,273,272,180,28,18,21,37,162,202,228,109,333,334,332,220,40,28,5,15,86,118,122,52,177,177,184,120,14,9,24,44,175,236,249,113,355,354,363,226,38,35,19,33,139,187,201,97,292,296,301,199,31,25,15.12,29.38,135.5,180.38,194.88,89.0,282.12,281.75,283.25,186.25,29.38,22.0
Concrete_0cm_S10,2026-04-02T20:44:43.502932,24,40,167,233,252,116,362,355,353,240,41,32,11,25,134,170,189,85,273,271,272,181,27,19,6,15,95,125,139,57,197,194,189,124,16,10,11,26,126,172,179,83,268,273,272,180,28,18,21,37,162,202,228,109,333,334,332,220,40,28,5,15,86,118,122,52,177,177,184,120,14,9,24,44,175,236,249,113,355,354,363,226,38,35,19,34,139,187,201,97,292,297,301,199,31,25,15.12,29.5,135.5,180.38,194.88,89.0,282.12,281.88,283.25,186.25,29.38,22.0
Concrete_0cm_S10,2026-04-02T20:44:43.651561,24,41,167,233,252,116,362,354,353,240,41,32,12,25,134,170,188,85,274,271,272,180,27,18,6,15,95,125,139,57,197,194,189,124,16,9,11,26,126,172,179,83,268,273,272,180,28,18,21,37,162,202,228,109,333,334,332,220,40,28,5,15,86,118,122,52,177,177,184,120,14,9,24,44,175,236,249,113,355,354,363,226,38,35,19,34,139,187,201,97,292,297,301,199,31,25,15.25,29.62,135.5,180.38,194.75,89.0,282.25,281.75,283.25,186.12,29.38,21.75
Concrete_0cm_S10,2026-04-02T20:44:43.813167,24,41,167,233,252,116,362,354,353,240,41,32,12,25,134,170,188,85,274,271,272,180,27,18,6,15,95,125,139,57,197,194,189,124,16,9,11,26,126,172,179,83,268,273,272,180,28,18,21,37,162,202,228,109,333,334,332,220,40,28,5,15,86,118,122,52,177,177,184,120,14,9,24,44,175,236,249,113,355,354,363,226,38,35,19,34,139,187,201,97,292,297,301,199,31,25,15.25,29.62,135.5,180.38,194.75,89.0,282.25,281.75,283.25,186.12,29.38,21.75
Concrete_0cm_S10,2026-04-02T20:44:43.963573,24,41,167,233,252,116,362,354,353,240,41,32,12,25,134,170,188,85,274,271,272,180,27,18,6,15,95,125,139,57,197,194,189,124,16,9,11,26,126,172,179,83,268,273,272,180,28,18,21,37,162,202,228,109,333,334,332,220,40,28,5,15,86,118,122,52,177,177,184,120,14,9,24,44,175,236,249,113,355,354,363,226,38,35,19,34,139,187,201,97,292,297,301,199,31,25,15.25,29.62,135.5,180.38,194.75,89.0,282.25,281.75,283.25,186.12,29.38,21.75
Concrete_0cm_S10,2026-04-02T20:44:44.113397,24,41,167,233,252,116,362,355,353,240,41,32,12,25,134,170,189,86,274,271,272,180,27,18,6,15,95,125,139,57,197,194,189,124,16,9,11,26,126,173,179,83,268,273,273,179,28,18,21,37,162,202,228,109,333,334,332,220,40,28,5,15,86,118,122,52,177,177,184,120,14,9,24,44,175,235,249,113,355,354,363,226,38,34,19,33,139,187,202,97,292,296,301,199,30,25,15.25,29.5,135.5,180.38,195.0,89.12,282.25,281.75,283.38,186.0,29.25,21.62
Concrete_0cm_S10,2026-04-02T20:44:44.297124,24,41,167,233,252,116,362,354,353,240,41,32,12,25,134,170,189,85,274,271,272,180,27,18,6,15,95,125,139,57,197,194,190,124,16,9,11,26,126,173,179,83,268,273,273,179,28,18,21,37,161,202,229,109,333,334,333,219,39,28,5,15,87,118,122,52,177,177,185,120,14,9,24,44,175,236,249,113,355,354,363,226,38,34,19,34,138,188,201,97,292,297,301,199,31,25,15.25,29.62,135.38,180.62,195.0,89.0,282.25,281.75,283.75,185.88,29.25,21.62
Concrete_0cm_S10,2026-04-02T20:44:44.456870,24,41,167,233,252,116,362,354,353,240,41,32,12,25,134,170,189,85,274,271,272,180,27,18,6,15,95,125,139,57,197,194,190,124,16,9,11,26,126,173,179,83,268,273,273,179,28,18,21,37,161,202,229,109,333,334,333,219,39,28,5,15,87,118,122,52,177,177,185,120,14,9,24,44,175,236,249,113,355,354,363,226,38,34,19,34,138,188,201,97,292,297,301,199,31,25,15.25,29.62,135.38,180.62,195.0,89.0,282.25,281.75,283.75,185.88,29.25,21.62
Concrete_0cm_S10,2026-04-02T20:44:44.608331,24,41,167,233,252,116,362,355,353,240,41,32,12,25,134,170,189,85,274,271,272,181,27,18,6,15,95,125,139,57,197,193,189,124,16,9,11,26,126,173,179,83,268,273,273,180,28,18,21,37,162,202,228,109,333,334,332,218,40,28,5,15,87,118,122,52,177,177,184,120,14,9,24,43,175,236,249,113,355,354,363,226,39,34,19,34,139,187,201,97,292,297,301,199,31,25,15.25,29.5,135.62,180.5,194.88,89.0,282.25,281.75,283.38,186.0,29.5,21.62
Concrete_0cm_S10,2026-04-02T20:44:44.752621,24,40,166,233,252,116,362,355,353,240,41,32,12,25,134,170,189,85,274,271,272,181,27,18,6,15,95,125,139,57,197,193,189,124,16,9,11,26,126,173,179,83,268,273,273,180,28,18,21,37,162,202,228,109,333,334,332,218,40,28,5,15,87,118,122,52,177,177,184,120,14,9,24,43,175,236,249,113,355,354,363,226,39,34,19,34,139,187,201,97,292,297,301,199,31,25,15.25,29.38,135.5,180.5,194.88,89.0,282.25,281.75,283.38,186.0,29.5,21.62
Concrete_0cm_S10,2026-04-02T20:44:44.903092,24,41,167,232,252,116,362,355,353,240,41,32,11,25,134,170,188,85,274,271,272,180,27,18,6,15,95,125,139,57,197,194,189,123,16,9,11,26,126,172,179,83,268,273,273,179,28,18,21,37,161,202,228,109,333,334,332,220,40,28,5,15,87,118,122,52,177,177,184,120,14,9,24,44,175,236,249,113,355,354,363,226,39,35,19,34,139,187,201,97,292,296,301,199,31,25,15.12,29.62,135.5,180.25,194.75,89.0,282.25,281.75,283.38,185.88,29.5,21.75
Concrete_0cm_S10,2026-04-02T20:44:45.041967,24,41,167,232,252,116,362,355,353,240,41,32,11,25,134,170,188,85,274,271,272,180,27,18,6,15,95,125,139,57,197,194,189,123,16,9,11,26,126,172,179,83,268,273,273,179,28,18,21,37,161,202,228,109,333,334,332,220,40,28,5,15,87,118,122,52,177,177,184,120,14,9,24,44,175,236,249,113,355,354,363,226,39,35,19,34,139,187,201,97,292,296,301,199,31,25,15.12,29.62,135.5,180.25,194.75,89.0,282.25,281.75,283.38,185.88,29.5,21.75
Concrete_0cm_S10,2026-04-02T20:44:45.211840,24,41,167,232,252,116,362,355,353,240,41,32,11,25,134,170,188,85,274,271,272,180,27,18,6,15,95,125,139,57,197,194,189,123,16,9,11,26,126,172,179,83,268,273,273,179,28,18,21,37,161,202,228,109,333,334,332,220,40,28,5,15,87,118,122,52,177,177,184,120,14,9,24,44,175,236,249,113,355,354,364,226,38,34,19,34,139,187,201,97,292,296,301,199,31,25,15.12,29.62,135.5,180.25,194.75,89.0,282.25,281.75,283.5,185.88,29.38,21.62
Concrete_0cm_S10,2026-04-02T20:44:45.354492,24,41,167,233,252,116,362,354,353,240,41,32,11,25,134,170,188,85,274,271,272,180,27,18,6,15,95,125,139,57,197,194,189,123,16,9,11,26,126,172,179,83,268,273,273,179,28,18,21,37,161,202,228,109,333,334,332,220,40,28,5,15,87,118,122,52,177,177,184,120,14,9,24,44,175,236,249,113,355,354,364,226,38,34,19,34,139,187,201,97,291,297,301,199,31,25,15.12,29.62,135.5,180.38,194.75,89.0,282.12,281.75,283.5,185.88,29.38,21.62
Concrete_0cm_S10,2026-04-02T20:44:45.496035,24,41,167,233,252,116,362,355,353,240,41,32,12,25,134,170,188,85,274,271,272,180,27,18,6,15,95,125,139,57,197,194,189,124,16,9,11,26,126,172,179,83,268,273,273,179,28,18,21,37,161,202,228,109,333,334,332,220,40,28,5,15,87,118,122,52,177,177,184,120,14,9,24,44,175,236,249,113,355,354,364,226,38,34,19,34,139,187,201,97,291,297,301,199,31,25,15.25,29.62,135.5,180.38,194.75,89.0,282.12,281.88,283.5,186.0,29.38,21.62
Concrete_0cm_S10,2026-04-02T20:44:45.682099,24,41,167,233,252,116,362,355,353,240,41,32,12,25,134,170,188,85,274,271,272,180,27,18,6,15,95,125,139,57,197,194,189,124,16,9,11,26,126,172,179,83,268,273,273,179,28,18,21,37,161,202,228,109,333,334,332,220,40,28,5,15,87,118,122,52,177,177,184,120,14,9,24,44,175,236,249,113,355,354,364,226,38,34,19,34,139,187,201,97,291,297,301,199,31,25,15.25,29.62,135.5,180.38,194.75,89.0,282.12,281.88,283.5,186.0,29.38,21.62
Concrete_0cm_S10,2026-04-02T20:44:45.820147,24,41,167,233,252,116,362,355,353,240,41,32,11,25,134,170,188,85,273,271,272,180,27,18,6,15,95,125,139,57,197,194,189,124,16,9,11,26,126,172,179,83,268,273,273,179,28,18,21,37,161,202,228,109,333,334,332,220,40,28,5,15,87,118,122,52,177,177,184,120,14,9,24,44,175,236,249,113,355,354,364,226,38,34,19,34,139,187,201,97,291,297,301,199,31,25,15.12,29.62,135.5,180.38,194.75,89.0,282.0,281.88,283.5,186.0,29.38,21.62
Concrete_0cm_S10,2026-04-02T20:44:45.967001,24,41,167,233,252,116,362,355,353,240,41,32,11,25,134,170,188,85,273,271,272,180,27,18,6,15,95,125,139,57,197,194,189,124,16,9,11,26,126,173,179,83,268,273,273,179,28,18,21,37,162,202,228,109,333,334,332,219,40,28,6,15,86,118,122,52,177,177,184,120,14,9,24,44,175,236,249,113,355,354,364,226,38,34,19,34,139,187,201,97,291,297,301,199,31,25,15.25,29.62,135.5,180.5,194.75,89.0,282.0,281.88,283.5,185.88,29.38,21.62
Concrete_0cm_S10,2026-04-02T20:44:46.119066,24,41,167,233,252,116,362,354,353,240,41,32,11,25,134,170,188,85,274,271,272,180,27,18,6,15,95,125,139,57,197,194,189,124,16,9,11,26,126,173,179,83,268,272,272,179,28,18,21,37,161,202,228,109,333,334,332,220,40,28,5,15,87,118,122,52,177,177,184,120,14,9,24,44,175,236,249,113,355,354,364,226,39,35,19,33,139,187,201,97,293,297,301,199,31,25,15.12,29.5,135.5,180.5,194.75,89.0,282.38,281.62,283.38,186.0,29.5,21.75
Concrete_0cm_S10,2026-04-02T20:44:46.316070,24,41,167,233,252,116,362,354,353,240,41,32,11,25,134,170,188,85,274,271,272,180,27,18,6,15,95,125,139,57,197,194,189,124,16,9,11,26,126,173,179,83,268,272,272,179,28,18,21,37,161,202,228,109,333,334,332,220,40,28,5,15,87,118,122,52,177,177,184,120,14,9,24,44,175,236,249,113,355,354,364,226,39,35,19,33,139,187,201,97,293,297,301,199,31,25,15.12,29.5,135.5,180.5,194.75,89.0,282.38,281.62,283.38,186.0,29.5,21.75
Concrete_0cm_S10,2026-04-02T20:44:46.463023,24,41,166,233,252,116,362,355,353,240,41,32,11,25,134,170,188,85,274,271,272,180,27,18,6,15,95,125,139,57,197,194,189,124,16,9,11,26,126,172,179,83,268,273,272,179,27,18,21,37,161,202,228,109,333,334,332,220,40,28,5,15,87,118,122,52,177,177,184,120,14,9,24,44,175,236,249,113,355,354,364,226,39,35,19,33,139,187,201,97,293,297,301,199,31,25,15.12,29.5,135.38,180.38,194.75,89.0,282.38,281.88,283.38,186.0,29.38,21.75
Concrete_0cm_S10,2026-04-02T20:44:46.602918,24,41,167,233,252,116,362,354,353,240,41,32,11,25,134,170,189,86,274,271,272,180,27,18,6,15,95,125,139,57,197,194,190,124,16,9,11,26,126,173,179,83,268,272,273,179,28,18,21,37,161,202,228,109,333,334,333,220,40,28,5,15,87,118,122,52,177,177,184,120,14,9,24,44,175,236,249,113,355,354,363,226,39,34,20,34,139,187,202,97,293,297,301,199,31,25,15.25,29.62,135.5,180.5,195.0,89.12,282.38,281.62,283.62,186.0,29.5,21.62
Concrete_0cm_S10,2026-04-02T20:44:46.757009,24,41,167,233,252,116,362,354,353,240,41,32,11,25,134,170,189,86,274,271,272,180,27,18,6,15,95,125,139,57,197,194,190,124,16,9,11,26,126,173,179,83,268,273,273,179,28,18,21,37,161,202,228,109,333,334,332,220,40,28,5,15,87,118,122,52,177,177,184,120,14,9,24,44,175,236,249,113,355,354,363,226,39,34,20,34,139,187,202,97,293,297,301,199,31,25,15.25,29.62,135.5,180.5,195.0,89.12,282.38,281.75,283.5,186.0,29.5,21.62
Concrete_0cm_S10,2026-04-02T20:44:46.896406,24,41,167,233,252,116,362,354,353,240,41,32,11,25,134,170,189,86,274,271,272,180,27,18,6,15,95,125,139,57,197,194,190,124,16,9,11,26,126,173,179,83,268,273,273,179,28,18,21,37,161,202,228,109,333,334,332,220,40,28,5,15,87,118,122,52,177,177,184,120,14,9,24,44,175,236,249,113,355,354,363,226,39,34,20,34,139,187,202,97,293,297,301,199,31,25,15.25,29.62,135.5,180.5,195.0,89.12,282.38,281.75,283.5,186.0,29.5,21.62
Concrete_0cm_S10,2026-04-02T20:44:47.061676,24,41,167,233,252,116,362,354,353,240,41,32,12,25,134,170,189,85,274,271,272,180,27,18,6,15,95,125,139,56,197,194,189,124,16,9,11,26,126,172,179,83,268,272,272,179,28,18,21,36,161,202,228,109,333,334,332,219,40,28,5,15,87,117,122,52,177,177,184,120,14,9,24,44,175,236,249,113,355,355,364,226,38,34,19,33,139,187,201,97,292,297,301,199,31,25,15.25,29.38,135.5,180.25,194.88,88.88,282.25,281.75,283.38,185.88,29.38,21.62
Concrete_0cm_S10,2026-04-02T20:44:47.251291,24,41,167,233,252,116,362,355,353,240,41,32,12,25,134,170,189,85,274,271,272,180,27,18,6,15,95,125,139,56,197,194,189,124,16,9,11,26,126,172,179,83,268,272,272,179,28,18,21,36,161,202,228,109,333,334,332,219,40,28,5,15,87,117,122,52,177,177,184,120,14,9,24,44,175,236,249,113,355,354,364,226,39,34,19,34,139,187,201,97,292,297,301,199,31,25,15.25,29.5,135.5,180.25,194.88,88.88,282.25,281.75,283.38,185.88,29.5,21.62
Concrete_0cm_S10,2026-04-02T20:44:47.396032,24,41,167,233,252,116,362,355,353,240,41,32,12,25,134,170,189,85,274,271,272,180,27,18,6,15,95,125,139,57,197,194,189,124,16,9,11,26,126,173,179,83,268,273,273,180,28,18,21,37,162,202,228,109,333,334,332,220,40,28,6,15,87,118,122,52,177,177,184,120,14,9,24,44,175,236,249,113,355,355,364,226,39,34,19,34,139,187,202,97,292,296,301,199,31,25,15.38,29.62,135.62,180.5,195.0,89.0,282.25,281.88,283.5,186.12,29.5,21.62
Concrete_0cm_S10,2026-04-02T20:44:47.549610,24,41,167,233,252,116,362,355,353,240,41,32,12,25,134,170,189,85,274,271,272,180,27,18,6,15,95,125,139,57,197,194,189,124,16,9,11,26,126,173,179,83,268,273,273,180,28,18,21,37,162,202,228,109,333,334,332,220,40,28,6,15,87,118,122,52,177,177,184,120,14,9,24,44,175,236,249,113,355,355,364,226,39,34,19,34,139,187,202,97,292,296,301,199,31,25,15.38,29.62,135.62,180.5,195.0,89.0,282.25,281.88,283.5,186.12,29.5,21.62
Concrete_0cm_S10,2026-04-02T20:44:47.691152,24,41,167,233,252,116,362,355,353,240,41,32,12,25,134,170,189,85,274,271,272,180,27,18,6,15,95,125,139,57,197,194,189,124,16,9,11,26,126,173,179,83,268,273,273,180,28,18,21,37,162,202,228,109,333,334,332,220,40,28,6,15,87,118,122,52,177,177,184,120,14,9,24,44,175,236,249,113,355,355,364,226,39,34,19,34,139,187,202,97,292,296,301,199,31,25,15.38,29.62,135.62,180.5,195.0,89.0,282.25,281.88,283.5,186.12,29.5,21.62
Concrete_0cm_S10,2026-04-02T20:44:47.840479,24,41,167,233,252,116,362,355,353,240,41,32,12,25,134,170,189,85,274,271,272,180,27,18,6,15,95,125,139,57,197,194,189,124,16,9,11,26,126,173,179,83,268,273,273,180,28,18,21,37,161,202,228,109,333,334,332,219,40,28,5,15,87,118,122,52,177,177,184,120,14,9,24,44,175,236,249,113,355,355,363,226,38,35,19,34,139,187,202,97,292,296,301,199,31,25,15.25,29.62,135.5,180.5,195.0,89.0,282.25,281.88,283.38,186.0,29.38,21.75
Concrete_0cm_S10,2026-04-02T20:44:47.989348,24,40,167,233,252,116,362,355,353,240,41,32,11,25,134,170,189,85,274,271,272,180,27,18,6,15,95,124,139,57,197,194,189,124,16,9,11,26,126,172,179,83,268,273,273,179,28,18,21,36,161,202,228,109,332,334,332,220,40,28,6,15,87,118,122,52,177,177,184,120,14,9,24,44,176,236,249,113,355,355,363,226,39,35,19,34,139,188,202,97,292,297,301,200,31,25,15.25,29.38,135.62,180.38,195.0,89.0,282.12,282.0,283.38,186.12,29.5,21.75
Concrete_0cm_S10,2026-04-02T20:44:48.170436,24,41,167,233,252,116,362,355,353,240,41,32,11,25,134,170,189,86,273,271,272,180,27,18,6,15,95,125,139,57,197,194,189,124,16,9,11,26,126,172,179,83,268,272,273,179,28,18,21,37,162,202,228,109,333,334,332,219,40,28,5,15,87,118,122,52,177,177,184,120,14,9,24,44,175,236,249,113,355,355,363,226,38,35,20,34,139,188,202,97,292,297,301,200,31,25,15.25,29.62,135.62,180.5,195.0,89.12,282.12,281.88,283.38,186.0,29.38,21.75
Concrete_0cm_S10,2026-04-02T20:44:48.319553,24,41,167,233,252,116,362,355,353,240,41,32,11,25,134,170,188,85,274,271,272,180,27,18,6,15,95,125,139,57,197,194,189,124,16,9,11,26,126,172,179,83,268,272,273,179,28,18,21,37,162,202,228,109,333,334,332,219,40,28,5,15,87,118,122,52,177,177,184,120,14,9,24,44,175,236,249,113,355,355,363,226,38,35,20,34,139,188,202,97,292,297,301,200,31,25,15.25,29.62,135.62,180.5,194.88,89.0,282.25,281.88,283.38,186.0,29.38,21.75
Concrete_0cm_S10,2026-04-02T20:44:48.464837,24,41,167,233,252,116,362,355,353,240,41,32,11,25,134,170,188,85,274,271,272,180,27,18,6,15,95,125,139,57,197,194,190,124,16,9,11,26,126,172,179,83,268,273,273,180,28,18,21,37,162,202,228,109,333,334,332,219,40,28,5,15,87,118,122,52,177,177,184,120,14,9,24,44,175,236,249,113,355,355,363,226,38,35,20,34,139,188,202,97,292,297,301,200,31,25,15.25,29.62,135.62,180.5,194.88,89.0,282.25,282.0,283.5,186.12,29.38,21.75
Concrete_0cm_S10,2026-04-02T20:44:48.629268,24,41,167,233,252,116,361,355,353,240,41,32,12,25,134,170,188,85,274,271,272,180,27,18,6,15,95,125,139,57,197,194,189,124,16,9,11,26,126,172,179,83,268,272,272,180,28,18,21,37,161,202,228,109,333,334,332,220,40,28,5,15,86,118,122,52,177,177,184,120,14,9,24,44,175,236,249,113,355,354,364,226,39,34,19,34,139,188,202,97,292,297,301,199,31,25,15.25,29.62,135.38,180.5,194.88,89.0,282.12,281.75,283.38,186.12,29.5,21.62
Concrete_0cm_S10,2026-04-02T20:44:48.778259,24,41,166,233,252,116,362,355,353,240,41,32,11,25,134,170,188,86,273,271,272,180,27,18,6,15,95,125,139,58,197,194,189,124,16,9,11,26,126,173,179,83,268,273,272,179,28,18,21,37,161,202,229,109,333,334,332,220,40,28,5,15,87,118,122,52,177,177,184,120,14,9,24,44,175,236,249,113,355,354,363,226,39,35,19,34,139,188,202,97,293,297,301,200,31,25,15.12,29.62,135.38,180.62,195.0,89.25,282.25,281.88,283.25,186.12,29.5,21.75
Concrete_0cm_S10,2026-04-02T20:44:48.927576,24,41,166,233,252,116,362,355,353,240,41,32,11,25,134,170,188,86,273,271,272,180,27,18,6,15,95,125,139,58,197,194,189,124,16,9,11,26,126,173,179,83,268,273,272,179,28,18,21,37,161,202,229,109,333,334,332,220,40,28,5,15,87,118,122,52,177,177,184,120,14,9,24,44,175,236,249,113,355,354,363,226,39,35,19,34,139,188,202,97,293,297,301,200,31,25,15.12,29.62,135.38,180.62,195.0,89.25,282.25,281.88,283.25,186.12,29.5,21.75
Concrete_0cm_S10,2026-04-02T20:44:49.106414,24,40,166,233,252,116,362,355,353,240,41,32,11,25,134,170,188,85,273,271,272,180,27,18,6,15,95,125,139,57,197,194,190,124,16,9,11,26,126,172,179,83,268,273,273,179,28,18,21,37,161,202,228,109,333,334,332,220,40,28,5,15,87,118,122,52,177,177,184,120,14,9,24,44,176,236,249,113,355,354,363,226,39,34,19,34,139,188,201,97,293,297,301,199,31,25,15.12,29.5,135.5,180.5,194.75,89.0,282.25,281.88,283.5,186.0,29.5,21.62
Concrete_0cm_S10,2026-04-02T20:44:49.256452,24,41,167,233,252,116,362,355,353,240,41,32,12,25,134,170,188,85,273,271,272,180,27,18,6,15,95,125,139,58,197,194,189,124,16,9,11,26,126,172,179,83,268,273,273,180,28,18,21,37,161,202,228,109,333,334,332,220,40,28,5,15,87,118,122,52,177,177,184,120,14,9,24,44,176,236,249,113,355,354,363,226,39,34,19,34,139,188,201,97,293,297,301,199,31,25,15.25,29.62,135.62,180.5,194.75,89.12,282.25,281.88,283.38,186.12,29.5,21.62
Concrete_0cm_S10,2026-04-02T20:44:49.401570,24,41,167,233,252,116,362,355,353,240,41,32,12,25,134,170,188,85,273,271,272,180,27,18,6,15,95,125,139,57,197,194,190,124,16,9,11,26,126,172,179,83,268,273,273,179,28,18,21,37,161,202,228,109,333,334,332,220,40,28,5,15,87,118,122,52,177,177,184,120,14,9,24,44,175,236,249,113,355,354,363,227,38,34,19,34,139,188,202,97,293,297,301,200,31,25,15.25,29.62,135.5,180.5,194.88,89.0,282.25,281.88,283.5,186.25,29.38,21.62
Concrete_0cm_S10,2026-04-02T20:44:49.547962,24,41,167,233,252,116,362,355,353,240,41,32,12,25,134,170,188,85,273,271,272,180,27,18,6,15,95,125,139,57,197,194,190,124,16,9,11,26,126,172,179,83,268,273,273,179,28,18,21,37,161,202,228,109,333,334,332,220,40,28,5,15,87,118,122,52,177,177,184,120,14,9,24,44,175,236,249,113,355,354,363,227,38,34,19,34,139,188,202,97,293,297,301,200,31,25,15.25,29.62,135.5,180.5,194.88,89.0,282.25,281.88,283.5,186.25,29.38,21.62
Concrete_0cm_S10,2026-04-02T20:44:49.698244,24,41,167,233,252,116,362,355,353,240,41,32,11,25,134,170,188,85,273,271,272,180,27,18,6,15,95,125,139,57,197,194,189,124,16,9,11,26,126,172,179,83,268,273,273,179,28,18,21,37,161,202,228,109,333,334,332,220,40,28,5,15,87,118,122,52,176,177,184,120,14,9,24,44,175,236,249,113,355,354,363,226,39,34,19,34,139,187,202,97,293,297,301,199,31,25,15.12,29.62,135.5,180.38,194.88,89.0,282.12,281.88,283.38,186.0,29.5,21.62
Concrete_0cm_S10,2026-04-02T20:44:49.856321,24,41,166,233,252,116,362,355,353,240,41,32,11,25,134,170,188,85,273,271,272,180,27,18,6,15,95,125,139,57,197,194,189,124,16,9,11,26,126,173,179,83,268,273,272,180,28,18,21,37,161,202,228,109,333,334,332,219,40,28,6,15,87,118,122,52,177,177,184,120,14,9,24,44,175,236,249,113,355,354,363,226,39,34,20,34,139,187,202,97,293,297,302,200,31,25,15.38,29.62,135.38,180.5,194.88,89.0,282.25,281.88,283.38,186.12,29.5,21.62
Concrete_0cm_S10,2026-04-02T20:44:50.028641,24,41,167,233,252,116,362,354,353,240,41,32,11,25,134,170,188,85,273,271,272,180,27,18,6,15,95,125,139,57,197,194,189,124,16,9,11,26,126,173,179,83,268,273,272,180,28,18,21,37,161,202,228,109,333,334,332,219,40,28,6,15,87,118,122,52,177,177,184,120,14,9,24,44,175,236,249,113,355,354,363,226,39,34,20,34,139,187,202,97,293,297,302,200,31,25,15.38,29.62,135.5,180.5,194.88,89.0,282.25,281.75,283.38,186.12,29.5,21.62
Concrete_0cm_S10,2026-04-02T20:44:50.194006,24,41,167,233,252,116,362,355,354,240,41,32,12,25,134,170,189,85,274,271,272,180,27,18,6,15,95,125,139,57,197,194,190,124,16,9,11,26,126,172,179,83,268,273,273,180,27,18,21,37,161,201,228,109,332,334,332,219,40,28,6,15,87,118,122,52,177,177,185,120,14,9,24,44,175,236,249,113,355,354,363,226,38,34,20,34,139,187,202,97,293,297,302,200,31,25,15.5,29.62,135.5,180.25,195.0,89.0,282.25,281.88,283.88,186.12,29.25,21.62
Concrete_0cm_S10,2026-04-02T20:44:50.348269,24,41,167,233,252,116,362,355,354,240,41,32,12,25,134,170,189,85,274,271,272,180,27,18,6,15,95,125,139,57,197,194,190,124,16,9,11,26,126,172,179,83,268,273,273,180,27,18,21,37,161,201,228,109,332,334,332,219,40,28,6,15,87,118,122,52,177,177,185,120,14,9,24,44,175,236,249,113,355,354,363,226,38,34,20,34,139,187,202,97,293,297,302,200,31,25,15.5,29.62,135.5,180.25,195.0,89.0,282.25,281.88,283.88,186.12,29.25,21.62
Concrete_0cm_S10,2026-04-02T20:44:50.499515,24,40,167,233,252,116,362,355,353,240,41,32,11,25,134,170,188,85,273,271,272,180,27,18,6,15,95,125,139,57,197,194,190,124,16,9,11,26,126,172,179,83,268,272,272,179,28,18,21,37,162,202,228,109,333,334,333,219,40,28,5,15,86,118,122,52,176,177,184,120,14,9,24,44,175,236,249,113,355,354,363,226,39,34,19,34,139,188,202,97,293,297,302,200,31,25,15.12,29.5,135.5,180.5,194.88,89.0,282.12,281.75,283.62,186.0,29.5,21.62
Concrete_0cm_S10,2026-04-02T20:44:50.635901,24,41,167,234,252,116,362,355,353,241,41,32,12,25,134,170,188,85,274,271,272,180,27,18,6,15,95,125,139,57,197,194,190,124,16,9,11,26,126,172,179,83,268,272,272,179,28,18,21,37,162,202,228,109,333,334,333,219,40,28,5,15,87,118,122,52,177,177,184,120,14,9,24,44,175,236,249,113,356,354,363,226,38,34,20,34,139,188,202,97,293,298,302,199,31,25,15.38,29.62,135.62,180.62,194.88,89.0,282.5,281.88,283.62,186.0,29.38,21.62
Concrete_0cm_S10,2026-04-02T20:44:50.776210,24,41,167,234,252,116,362,355,353,241,41,32,12,25,134,170,188,85,274,271,272,180,27,18,6,15,95,125,139,57,197,194,190,124,16,9,11,26,126,172,179,83,268,272,272,179,28,18,21,37,162,202,228,109,333,334,333,219,40,28,5,15,87,118,122,52,177,177,184,120,14,9,24,44,175,236,249,113,356,354,363,226,38,34,20,34,139,188,202,97,293,298,302,199,31,25,15.38,29.62,135.62,180.62,194.88,89.0,282.5,281.88,283.62,186.0,29.38,21.62
Concrete_0cm_S10,2026-04-02T20:44:50.920321,24,41,167,233,252,116,362,355,353,240,41,32,11,25,134,170,188,85,273,271,272,180,27,18,6,15,95,125,139,57,197,194,190,124,16,9,11,26,126,172,179,83,268,272,273,180,28,18,21,37,161,202,228,109,332,334,332,220,39,28,5,15,87,118,122,52,177,177,184,120,14,9,24,44,176,236,249,113,355,354,363,226,39,34,19,34,139,188,202,97,293,297,302,199,31,25,15.12,29.62,135.62,180.5,194.88,89.0,282.12,281.75,283.62,186.12,29.38,21.62
Concrete_0cm_S10,2026-04-02T20:44:51.118007,24,41,167,233,252,116,362,355,354,241,41,32,12,25,134,170,188,85,274,271,272,180,27,18,6,15,95,125,139,58,197,194,190,124,16,9,11,26,126,172,179,83,268,272,273,180,28,18,21,37,161,202,228,109,332,334,332,220,39,28,5,15,87,118,122,52,177,177,184,120,14,9,24,44,176,236,249,113,355,354,363,226,39,34,19,34,139,188,202,97,293,297,302,199,31,25,15.25,29.62,135.62,180.5,194.88,89.12,282.25,281.75,283.75,186.25,29.38,21.62
Concrete_0cm_S10,2026-04-02T20:44:51.265403,24,41,167,233,252,116,362,354,353,240,41,32,11,25,134,170,188,85,274,271,272,180,27,18,6,15,95,125,139,57,197,194,189,124,16,9,11,26,126,172,179,83,268,273,273,180,28,18,21,37,161,202,228,109,333,334,332,220,40,28,6,15,87,118,122,52,176,177,184,120,14,9,24,44,175,236,249,113,355,355,363,226,38,34,20,34,139,188,202,97,293,297,302,200,31,25,15.38,29.62,135.5,180.5,194.88,89.0,282.25,281.88,283.5,186.25,29.38,21.62
Concrete_0cm_S10,2026-04-02T20:44:51.427819,24,41,167,233,252,116,362,354,353,240,41,32,11,25,134,170,188,85,274,271,272,180,27,18,6,15,95,125,139,57,197,194,189,124,16,9,11,26,126,172,179,83,268,273,273,180,28,18,21,37,161,202,228,109,333,334,332,220,40,28,6,15,87,118,122,52,176,177,184,120,14,9,24,44,175,236,249,113,355,355,363,226,38,34,20,34,139,188,202,97,293,297,302,200,31,25,15.38,29.62,135.5,180.5,194.88,89.0,282.25,281.88,283.5,186.25,29.38,21.62
Concrete_0cm_S10,2026-04-02T20:44:51.563873,24,41,167,233,252,116,362,354,353,240,41,32,11,25,134,170,188,85,274,271,272,180,27,18,6,15,95,125,139,57,197,194,189,124,16,9,11,26,126,172,179,83,268,273,273,180,28,18,21,37,162,202,228,109,333,334,333,220,40,28,6,15,86,117,122,52,177,177,184,120,14,9,24,44,175,236,249,113,355,355,363,226,38,34,20,34,139,188,202,97,293,297,302,200,31,25,15.38,29.62,135.5,180.38,194.88,89.0,282.38,281.88,283.62,186.25,29.38,21.62
Concrete_0cm_S10,2026-04-02T20:44:51.718511,24,41,167,233,252,116,362,355,354,240,41,32,11,25,134,170,188,85,274,271,272,180,27,18,6,15,95,125,139,57,197,194,189,124,16,9,11,26,126,172,179,83,268,273,273,180,28,18,21,37,162,202,228,109,333,334,333,220,40,28,6,15,86,117,122,52,177,177,184,120,14,9,24,44,176,236,249,113,355,354,363,226,39,35,19,34,139,188,202,97,293,298,302,200,31,25,15.25,29.62,135.62,180.38,194.88,89.0,282.38,282.0,283.75,186.25,29.5,21.75
Concrete_0cm_S10,2026-04-02T20:44:51.856442,24,41,167,233,252,116,362,355,353,240,41,32,12,25,134,170,188,85,273,271,272,180,27,18,6,15,95,125,139,57,197,194,189,124,16,9,11,26,126,172,179,83,268,273,273,180,28,18,21,37,162,202,228,109,333,334,333,220,40,28,6,15,86,117,122,52,177,177,184,120,14,9,24,44,176,236,249,113,355,354,363,226,39,35,19,34,139,188,202,97,293,298,302,200,31,25,15.38,29.62,135.62,180.38,194.88,89.0,282.25,282.0,283.62,186.25,29.5,21.75
Concrete_0cm_S10,2026-04-02T20:44:52.042725,24,41,167,233,252,116,362,355,353,240,41,32,12,25,134,170,188,85,273,271,272,180,27,18,6,15,95,125,139,57,197,194,189,124,16,9,11,26,126,172,179,83,268,273,273,180,28,18,21,37,162,202,228,109,333,334,333,220,40,28,6,15,86,117,122,52,177,177,184,120,14,9,24,44,176,236,249,113,355,354,363,226,39,35,19,34,139,188,202,97,293,298,302,200,31,25,15.38,29.62,135.62,180.38,194.88,89.0,282.25,282.0,283.62,186.25,29.5,21.75
Concrete_0cm_S10,2026-04-02T20:44:52.188417,24,41,167,233,252,116,362,355,353,241,41,32,11,25,134,170,189,86,273,271,272,180,27,18,6,15,95,125,139,57,197,194,190,124,16,9,11,26,126,173,179,83,268,273,273,180,28,18,21,37,161,202,228,109,333,334,331,220,40,28,5,15,87,117,122,52,177,177,184,120,14,9,24,44,175,236,249,113,355,354,363,226,38,34,20,34,140,189,203,98,293,298,302,200,31,25,15.25,29.62,135.62,180.62,195.12,89.25,282.25,282.0,283.5,186.38,29.38,21.62
Concrete_0cm_S10,2026-04-02T20:44:52.338398,24,41,167,233,252,116,362,355,353,241,41,32,11,25,134,170,189,86,273,271,272,180,27,18,6,15,95,125,139,57,197,194,190,124,16,9,11,26,126,173,179,83,268,273,273,180,28,18,21,37,161,202,228,109,333,334,331,220,40,28,5,15,87,117,122,52,177,177,184,120,14,9,24,44,175,236,249,113,355,354,363,226,38,34,20,34,140,189,203,98,293,298,302,200,31,25,15.25,29.62,135.62,180.62,195.12,89.25,282.25,282.0,283.5,186.38,29.38,21.62
Concrete_0cm_S10,2026-04-02T20:44:52.469279,24,41,167,233,252,116,362,355,353,241,41,32,11,25,134,170,189,86,273,271,272,180,27,18,6,15,95,125,139,57,197,194,190,124,16,9,11,26,126,173,179,83,268,273,273,180,28,18,21,37,161,202,228,109,333,334,331,220,40,28,5,15,86,118,122,52,177,177,184,120,14,9,24,44,175,236,249,113,355,354,363,226,38,34,20,34,140,189,203,98,293,298,302,200,31,25,15.25,29.62,135.5,180.75,195.12,89.25,282.25,282.0,283.5,186.38,29.38,21.62
Concrete_0cm_S10,2026-04-02T20:44:52.625936,24,41,167,233,252,116,362,355,353,241,41,32,11,25,134,170,189,86,273,271,272,180,27,18,6,15,95,125,139,57,197,194,190,124,16,9,11,26,126,173,179,83,268,273,273,180,28,18,21,37,161,202,228,109,333,334,331,220,40,28,5,15,86,118,122,52,177,177,184,120,14,9,24,44,175,236,249,113,355,354,363,226,38,34,20,34,140,189,203,98,293,298,302,200,31,25,15.25,29.62,135.5,180.75,195.12,89.25,282.25,282.0,283.5,186.38,29.38,21.62
Concrete_0cm_S10,2026-04-02T20:44:52.786086,24,41,167,233,252,116,362,355,353,240,41,32,12,25,134,170,189,86,273,271,272,180,27,18,6,15,95,125,139,57,197,194,190,124,16,9,11,26,126,173,179,83,268,273,273,180,28,18,21,37,161,202,228,109,333,334,331,220,40,28,5,15,86,118,122,52,177,177,184,120,14,9,24,44,175,236,249,113,355,354,363,226,38,34,20,34,140,189,203,98,293,298,302,200,31,25,15.38,29.62,135.5,180.75,195.12,89.25,282.25,282.0,283.5,186.25,29.38,21.62
Concrete_0cm_S10,2026-04-02T20:44:52.985850,24,40,166,233,252,116,362,355,353,240,41,32,11,25,134,170,188,85,273,271,272,180,27,18,6,15,95,125,139,57,197,194,190,124,16,9,11,26,126,173,179,83,268,273,273,180,28,18,21,37,161,202,228,109,333,334,331,220,40,28,5,15,86,118,122,52,177,177,184,120,14,9,24,44,175,236,249,113,355,354,363,226,38,34,20,34,140,189,203,98,293,298,302,200,31,25,15.25,29.5,135.38,180.75,195.0,89.12,282.25,282.0,283.5,186.25,29.38,21.62
Concrete_0cm_S10,2026-04-02T20:44:53.161296,24,40,167,233,252,116,362,354,353,241,41,32,11,25,134,170,189,85,273,271,272,180,27,18,6,15,95,125,139,57,197,194,189,124,16,9,11,26,126,173,179,83,268,273,273,180,28,18,21,37,162,202,228,109,333,334,332,220,40,28,5,15,87,118,122,52,177,177,185,120,14,9,24,44,175,236,249,113,355,354,363,226,39,34,20,34,140,189,203,97,294,298,302,200,31,25,15.25,29.5,135.75,180.75,195.12,89.0,282.38,281.88,283.62,186.38,29.5,21.62
Concrete_0cm_S10,2026-04-02T20:44:53.318388,24,40,167,233,252,116,362,354,353,241,41,32,11,25,134,170,189,85,273,271,272,180,27,18,6,15,95,125,139,57,197,194,189,124,16,9,11,26,126,173,179,83,268,273,273,180,28,18,21,37,162,202,228,109,333,334,332,220,40,28,5,15,87,118,122,52,177,177,185,120,14,9,24,44,175,236,249,113,355,354,363,226,39,34,20,34,140,189,203,97,294,298,302,200,31,25,15.25,29.5,135.75,180.75,195.12,89.0,282.38,281.88,283.62,186.38,29.5,21.62
Concrete_0cm_S10,2026-04-02T20:44:53.460759,24,40,167,233,252,116,362,354,353,241,41,32,11,25,134,170,189,85,273,271,272,180,27,18,6,15,95,125,139,57,197,194,189,124,16,9,11,26,126,173,179,83,268,273,273,180,28,18,21,37,162,202,228,109,333,334,332,220,40,28,5,15,87,118,122,52,177,177,185,120,14,9,24,44,175,236,249,113,355,354,363,226,39,34,20,34,140,189,203,97,294,298,302,200,31,25,15.25,29.5,135.75,180.75,195.12,89.0,282.38,281.88,283.62,186.38,29.5,21.62
Concrete_0cm_S10,2026-04-02T20:44:53.605844,24,40,167,233,251,116,362,355,353,240,41,32,11,25,134,170,189,85,273,271,272,180,27,18,6,15,95,125,139,57,197,194,190,124,16,9,11,26,126,172,179,83,268,273,273,180,28,18,22,37,161,202,228,109,333,334,333,220,40,28,6,15,86,118,122,52,177,177,184,120,14,9,24,44,176,236,249,113,355,354,363,226,38,34,19,34,140,189,203,97,294,298,302,200,31,25,15.38,29.5,135.62,180.62,195.0,89.0,282.38,282.0,283.75,186.25,29.38,21.62
Concrete_0cm_S10,2026-04-02T20:44:53.758888,24,41,167,233,252,116,362,355,353,240,41,32,11,25,134,170,189,85,273,271,272,180,27,18,6,15,95,125,139,57,197,194,189,124,16,9,11,26,126,173,179,83,268,273,273,180,28,18,21,37,161,202,228,109,333,334,333,220,40,28,5,15,86,117,122,52,177,177,184,120,14,9,24,44,175,236,249,113,355,354,363,226,38,34,20,34,140,189,203,97,294,298,302,200,31,25,15.25,29.62,135.5,180.62,195.12,89.0,282.38,282.0,283.62,186.25,29.38,21.62
Concrete_0cm_S10,2026-04-02T20:44:53.920221,24,41,167,233,252,116,362,355,353,240,41,32,11,25,134,170,189,85,273,271,272,180,27,18,6,15,95,125,139,57,197,194,189,124,16,9,11,26,126,172,179,83,268,273,273,180,28,18,21,37,162,202,228,109,333,334,333,220,40,28,6,15,87,118,122,52,177,177,184,120,14,9,24,44,175,236,249,113,355,354,363,226,38,34,19,34,140,189,203,98,294,298,302,200,31,25,15.25,29.62,135.75,180.62,195.12,89.12,282.38,282.0,283.62,186.25,29.38,21.62
Concrete_0cm_S10,2026-04-02T20:44:54.071423,24,41,167,233,252,116,362,355,353,240,41,32,11,25,134,170,189,85,273,271,272,180,27,18,6,15,95,125,139,57,197,194,189,124,16,9,11,26,126,172,179,83,268,273,273,180,28,18,21,37,162,202,228,109,333,334,333,220,40,28,6,15,87,118,122,52,177,177,184,120,14,9,24,44,175,236,249,113,355,354,363,226,38,34,19,34,140,189,203,98,294,298,302,200,31,25,15.25,29.62,135.75,180.62,195.12,89.12,282.38,282.0,283.62,186.25,29.38,21.62
Concrete_0cm_S10,2026-04-02T20:44:54.208757,24,41,167,233,252,116,362,354,354,240,41,32,12,25,134,170,188,85,273,271,272,180,27,18,6,15,95,125,139,57,197,194,190,124,16,9,11,26,126,173,179,83,268,273,273,180,28,18,21,37,162,202,228,109,334,334,332,220,40,28,6,15,87,118,122,52,177,177,184,120,14,9,24,44,175,236,249,113,355,355,363,226,38,34,20,34,140,189,203,97,294,298,302,200,31,25,15.5,29.62,135.75,180.75,195.0,89.0,282.5,282.0,283.75,186.25,29.38,21.62
Concrete_0cm_S10,2026-04-02T20:44:54.368537,24,41,167,233,252,116,362,355,353,240,41,32,12,25,134,170,188,85,273,271,272,180,27,18,6,15,95,125,139,57,197,194,190,124,16,9,11,26,126,173,179,83,268,273,273,179,28,18,21,37,161,202,229,109,333,334,333,220,39,28,5,15,87,118,122,52,176,177,184,120,14,9,24,44,175,236,249,113,355,354,363,226,38,34,19,34,140,189,203,98,294,298,303,200,31,25,15.25,29.62,135.62,180.75,195.12,89.12,282.25,282.0,283.88,186.12,29.25,21.62
Concrete_0cm_S10,2026-04-02T20:44:54.522051,24,41,167,233,252,116,362,355,353,240,41,32,12,25,134,170,188,85,273,271,272,180,27,18,6,15,95,125,139,57,197,194,190,124,16,9,11,26,126,172,179,83,268,273,273,179,28,18,21,37,162,202,228,109,333,334,332,219,40,28,5,15,86,118,122,52,177,177,184,120,14,9,24,44,176,236,249,113,355,354,363,226,38,34,19,34,140,189,203,97,294,298,302,200,31,25,15.25,29.62,135.75,180.62,195.0,89.0,282.38,282.0,283.62,186.0,29.38,21.62
Concrete_0cm_S10,2026-04-02T20:44:54.671907,24,41,167,233,252,116,362,355,353,240,41,32,12,25,134,170,188,85,273,271,272,180,27,18,6,15,95,125,139,57,197,194,190,124,16,9,11,26,126,172,179,83,268,273,273,179,28,18,21,37,162,202,228,109,333,334,332,219,40,28,5,15,86,118,122,52,177,177,184,120,14,9,24,44,176,236,249,113,355,354,363,226,38,34,19,34,140,189,203,97,294,298,302,200,31,25,15.25,29.62,135.75,180.62,195.0,89.0,282.38,282.0,283.62,186.0,29.38,21.62
Concrete_0cm_S10,2026-04-02T20:44:54.825908,24,41,167,233,252,116,362,355,354,240,41,32,12,25,134,170,189,85,273,271,272,180,27,18,6,15,95,125,139,57,197,194,189,124,16,9,11,26,126,173,179,83,268,272,272,179,28,18,21,37,162,202,228,109,333,334,332,219,40,28,5,15,86,118,122,52,177,177,184,120,14,9,24,44,176,236,249,113,355,354,363,226,38,34,19,34,140,189,203,97,294,298,302,200,31,25,15.25,29.62,135.75,180.75,195.12,89.0,282.38,281.88,283.5,186.0,29.38,21.62
Concrete_0cm_S10,2026-04-02T20:44:54.968252,24,41,167,233,252,116,362,355,353,240,41,32,12,25,134,170,188,85,274,271,272,180,27,18,6,15,95,125,139,57,197,194,189,124,16,9,11,26,126,173,179,83,268,273,272,180,28,18,21,37,161,202,228,109,333,334,332,219,40,28,6,15,87,118,122,52,177,177,184,120,14,9,24,44,176,236,249,113,355,354,363,226,38,34,20,34,140,189,203,97,294,298,302,200,31,25,15.5,29.62,135.75,180.75,195.0,89.0,282.5,282.0,283.38,186.12,29.38,21.62
Concrete_0cm_S10,2026-04-02T20:44:55.121758,24,41,166,233,252,116,362,355,353,240,41,32,11,25,134,170,189,86,274,271,272,180,27,18,6,15,95,125,139,57,197,194,189,124,16,9,11,26,126,173,179,83,268,273,272,180,28,18,21,37,161,202,228,109,333,334,332,219,40,28,6,15,87,118,122,52,177,177,184,120,14,9,24,44,176,236,249,113,355,354,363,226,38,34,19,34,140,189,203,97,294,298,302,200,31,25,15.25,29.62,135.62,180.75,195.12,89.12,282.5,282.0,283.38,186.12,29.38,21.62
Concrete_0cm_S10,2026-04-02T20:44:55.266923,24,41,166,233,252,116,362,355,353,240,41,32,11,25,134,170,189,86,274,271,272,180,27,18,6,15,95,125,139,57,197,194,189,124,16,9,11,26,126,173,179,83,268,273,272,180,28,18,21,37,161,202,228,109,333,334,332,219,40,28,6,15,87,118,122,52,177,177,184,120,14,9,24,44,176,236,249,113,355,354,363,226,38,34,19,34,140,189,203,97,294,298,302,200,31,25,15.25,29.62,135.62,180.75,195.12,89.12,282.5,282.0,283.38,186.12,29.38,21.62
Concrete_0cm_S10,2026-04-02T20:44:55.401406,24,41,166,233,252,116,362,354,353,240,41,32,11,25,134,170,189,86,274,271,272,180,27,18,6,15,95,125,139,57,197,194,189,124,16,9,11,26,126,173,179,83,268,273,272,180,28,18,21,37,161,202,228,109,333,334,332,219,40,28,6,15,87,118,122,52,177,177,184,120,14,9,24,44,175,236,249,113,355,354,363,226,38,34,20,34,140,189,203,98,294,298,302,200,31,25,15.38,29.62,135.5,180.75,195.12,89.25,282.5,281.88,283.38,186.12,29.38,21.62
Concrete_0cm_S10,2026-04-02T20:44:55.539639,24,41,166,233,252,116,362,355,353,240,41,32,11,25,134,170,189,85,273,271,272,180,27,18,6,15,95,125,139,57,197,194,190,124,16,9,11,26,126,173,179,83,268,273,273,180,28,18,21,37,161,202,228,109,333,334,332,220,40,28,6,15,87,118,122,52,177,177,184,120,14,9,23,44,176,236,249,113,356,355,363,226,38,35,20,34,140,189,202,97,294,297,302,200,31,25,15.25,29.62,135.62,180.75,195.0,89.0,282.5,282.0,283.62,186.25,29.38,21.75
Concrete_0cm_S10,2026-04-02T20:44:55.698986,24,41,166,233,252,116,362,355,353,240,41,32,11,25,134,170,189,85,273,271,272,180,27,18,6,15,95,125,139,57,197,194,190,124,16,9,11,26,126,173,179,83,268,273,273,180,28,18,21,37,161,202,228,109,333,334,332,220,40,28,6,15,87,118,122,52,177,177,184,120,14,9,23,44,176,236,249,113,356,355,363,226,38,35,20,34,140,189,202,97,294,297,302,200,31,25,15.25,29.62,135.62,180.75,195.0,89.0,282.5,282.0,283.62,186.25,29.38,21.75
Concrete_0cm_S10,2026-04-02T20:44:55.865960,24,41,166,233,252,116,362,355,353,240,41,32,11,25,134,170,189,85,273,271,272,180,27,18,6,15,95,125,139,57,197,194,190,124,16,9,11,26,126,173,179,83,268,273,273,180,28,18,21,37,162,202,229,109,333,334,332,220,40,28,6,15,87,118,122,52,177,177,184,120,14,9,24,44,175,236,249,113,356,354,363,226,38,34,20,34,140,189,202,97,294,297,302,200,31,25,15.38,29.62,135.62,180.75,195.12,89.0,282.5,281.88,283.62,186.25,29.38,21.62
Concrete_0cm_S10,2026-04-02T20:44:56.015558,24,41,166,233,252,116,362,355,353,240,41,32,12,25,134,170,188,85,273,271,272,180,27,18,6,15,95,125,139,57,197,194,190,124,16,9,11,26,126,172,179,83,268,273,273,179,28,18,21,37,161,202,229,109,333,334,333,220,40,28,5,15,87,118,122,52,177,177,185,120,14,9,24,44,176,236,249,113,355,355,363,226,38,34,20,34,140,188,202,97,294,298,302,200,31,25,15.38,29.62,135.62,180.5,195.0,89.0,282.38,282.12,283.88,186.12,29.38,21.62
Concrete_0cm_S10,2026-04-02T20:44:56.182171,24,41,167,233,252,116,362,355,354,240,41,32,11,25,134,170,188,85,273,271,272,180,27,18,6,15,95,125,139,57,197,194,189,124,16,9,11,26,126,173,179,83,268,273,273,179,28,18,21,37,161,202,229,109,333,334,332,220,40,28,6,15,87,118,122,52,177,177,184,120,14,9,24,44,175,236,249,113,355,355,363,226,39,35,20,34,140,189,202,97,294,298,302,200,31,25,15.38,29.62,135.62,180.75,195.0,89.0,282.38,282.12,283.62,186.12,29.5,21.75
Concrete_0cm_S10,2026-04-02T20:44:56.325562,24,41,167,233,252,116,362,354,354,240,41,32,11,25,134,170,189,85,273,271,272,180,27,18,6,15,95,125,139,57,197,194,189,124,16,8,11,26,126,173,179,83,268,273,273,179,28,18,21,37,161,202,229,109,333,334,332,220,40,28,6,15,87,118,122,52,177,177,184,120,14,9,24,44,175,236,249,113,355,355,363,226,39,35,20,34,140,189,202,97,294,298,302,200,31,25,15.38,29.62,135.62,180.75,195.12,89.0,282.38,282.0,283.62,186.12,29.5,21.62
Concrete_0cm_S10,2026-04-02T20:44:56.470780,24,41,166,233,252,116,362,354,353,240,41,32,11,25,134,170,189,85,273,271,272,180,27,18,6,15,95,125,139,57,197,194,190,124,16,9,11,26,126,172,179,83,268,273,272,180,28,18,21,37,161,202,229,109,333,334,333,220,40,28,6,15,87,118,122,52,177,177,184,120,14,9,24,44,175,236,249,113,355,355,363,226,39,35,20,34,140,189,203,98,294,298,302,200,31,25,15.38,29.62,135.5,180.62,195.25,89.12,282.38,282.0,283.62,186.25,29.5,21.75
Concrete_0cm_S10,2026-04-02T20:44:56.631418,24,41,166,233,252,116,362,355,353,240,41,32,11,25,134,170,188,86,273,271,272,180,27,18,6,15,95,125,139,57,197,194,190,124,16,9,11,26,126,172,179,83,268,273,272,180,28,18,21,37,161,202,229,109,333,334,333,220,40,28,6,15,86,118,122,52,177,177,184,120,14,9,24,44,175,236,250,113,355,354,363,226,38,34,20,34,140,189,202,97,294,298,302,200,31,25,15.38,29.62,135.38,180.62,195.12,89.12,282.38,282.0,283.62,186.25,29.38,21.62
Concrete_0cm_S10,2026-04-02T20:44:56.806453,24,41,166,233,252,116,362,355,353,240,41,32,12,25,134,170,189,86,273,271,272,180,27,18,6,15,95,125,139,57,197,194,189,124,16,9,11,26,126,173,179,83,268,273,273,179,28,18,21,37,162,202,229,109,333,334,332,220,40,28,6,15,87,118,122,52,177,177,184,120,14,9,24,44,175,236,250,113,355,354,363,226,38,34,20,34,140,189,202,97,294,298,302,200,31,25,15.5,29.62,135.62,180.75,195.25,89.12,282.38,282.0,283.5,186.12,29.38,21.62
Concrete_0cm_S10,2026-04-02T20:44:56.948604,24,41,166,233,252,116,362,355,353,240,41,32,12,25,134,170,189,86,273,271,272,180,27,18,6,15,95,125,139,57,197,194,189,124,16,9,11,26,126,173,179,83,268,273,273,179,28,18,21,37,162,202,229,109,333,334,332,220,40,28,6,15,87,118,122,52,177,177,184,120,14,9,24,44,175,236,250,113,355,354,363,226,38,34,20,34,140,189,202,97,294,298,302,200,31,25,15.5,29.62,135.62,180.75,195.25,89.12,282.38,282.0,283.5,186.12,29.38,21.62
Concrete_0cm_S10,2026-04-02T20:44:57.089304,24,41,167,233,252,116,362,355,354,240,41,32,12,25,134,170,189,86,273,271,272,180,27,18,6,15,95,125,139,57,197,194,189,124,16,9,11,26,126,172,179,83,268,272,273,179,28,18,21,37,161,202,229,109,333,334,333,220,40,28,6,15,87,118,122,52,177,177,185,120,14,9,24,44,175,236,249,113,356,355,363,226,38,34,20,34,140,189,203,97,294,298,302,200,31,25,15.5,29.62,135.62,180.62,195.25,89.12,282.5,282.0,283.88,186.12,29.38,21.62
Concrete_0cm_S10,2026-04-02T20:44:57.224701,24,41,167,233,252,116,362,355,353,240,41,32,12,25,134,170,189,86,273,271,272,180,27,18,6,15,95,125,139,57,197,194,189,124,16,9,11,26,126,172,179,83,268,272,273,179,28,18,21,37,161,202,229,109,333,334,333,220,40,28,6,15,87,118,122,52,177,177,185,120,14,9,24,44,175,236,249,113,356,355,363,226,38,34,20,34,140,188,202,98,293,298,301,200,31,25,15.5,29.62,135.62,180.5,195.12,89.25,282.38,282.0,283.62,186.12,29.38,21.62
Concrete_0cm_S10,2026-04-02T20:44:57.376159,24,41,167,233,252,116,362,355,353,240,41,32,11,25,134,170,188,86,273,271,272,180,27,18,6,15,95,125,139,57,197,194,189,124,16,9,11,26,126,173,179,83,268,273,273,179,28,18,21,37,161,202,229,109,333,334,333,220,40,28,6,15,87,118,122,52,177,177,184,120,14,9,24,45,175,236,249,113,355,354,363,226,38,35,20,34,140,188,202,98,293,298,301,200,31,25,15.38,29.75,135.62,180.62,195.0,89.25,282.25,282.0,283.5,186.12,29.38,21.75
Concrete_0cm_S10,2026-04-02T20:44:57.521534,24,41,166,233,252,116,362,354,353,240,41,32,11,25,134,170,189,85,273,271,272,180,27,18,6,15,95,125,139,57,197,194,190,124,16,9,11,26,126,173,179,83,268,273,272,179,28,18,21,37,162,202,228,109,333,334,333,220,40,28,5,15,87,118,122,52,177,177,184,120,14,9,24,44,176,236,249,113,356,354,364,226,38,34,20,34,140,188,203,97,294,298,302,200,31,25,15.25,29.62,135.75,180.62,195.12,89.0,282.5,281.88,283.75,186.12,29.38,21.62
Concrete_0cm_S10,2026-04-02T20:44:57.700639,24,41,166,233,252,116,362,355,353,240,41,32,11,25,134,170,189,84,274,271,272,180,27,18,6,15,95,125,139,58,197,194,190,124,16,9,11,26,127,173,179,83,268,273,273,180,28,18,21,37,162,202,228,109,333,334,333,220,40,28,5,15,87,118,122,52,177,177,184,120,14,9,24,44,176,236,249,113,356,354,364,226,38,34,20,34,140,188,203,97,294,298,302,200,31,25,15.25,29.62,135.88,180.62,195.12,89.0,282.62,282.0,283.88,186.25,29.38,21.62
Concrete_0cm_S10,2026-04-02T20:44:57.851468,24,41,166,233,252,116,362,355,353,240,41,32,11,25,134,170,189,84,274,271,272,180,27,18,6,15,95,125,139,58,197,194,190,124,16,9,11,26,127,173,179,83,268,273,273,180,28,18,21,37,162,202,228,109,333,334,332,220,40,28,5,15,87,118,122,52,177,177,184,120,14,9,24,44,175,236,249,113,355,355,363,226,39,34,20,34,140,188,203,97,294,298,302,200,31,25,15.25,29.62,135.75,180.62,195.12,89.0,282.5,282.12,283.62,186.25,29.5,21.62
Concrete_0cm_S10,2026-04-02T20:44:57.997239,24,41,166,233,252,116,362,355,353,240,41,32,11,25,134,170,189,84,274,271,272,180,27,18,6,15,95,125,139,58,197,194,190,124,16,9,11,26,127,173,179,83,268,273,273,180,28,18,21,37,162,202,228,109,333,334,332,220,40,28,5,15,87,118,122,52,177,177,184,120,14,9,24,44,175,236,249,113,355,355,363,226,39,34,20,34,140,188,203,97,294,298,302,200,31,25,15.25,29.62,135.75,180.62,195.12,89.0,282.5,282.12,283.62,186.25,29.5,21.62
Concrete_0cm_S10,2026-04-02T20:44:58.150799,24,41,167,233,252,116,362,354,353,240,41,32,11,25,134,170,189,85,273,271,272,180,27,18,6,15,95,125,139,58,197,194,189,124,16,9,11,26,126,173,179,83,268,272,272,179,28,18,21,37,162,202,228,109,332,334,333,219,40,28,5,15,87,118,122,52,177,177,184,120,14,9,24,44,175,236,249,113,355,355,364,226,38,34,20,34,140,188,203,97,294,298,302,200,31,25,15.25,29.62,135.75,180.62,195.12,89.12,282.25,281.88,283.62,186.0,29.38,21.62
Concrete_0cm_S10,2026-04-02T20:44:58.285627,24,41,167,233,252,116,362,355,354,240,41,32,11,25,134,170,188,85,274,271,272,180,27,18,6,15,95,125,139,57,197,194,190,124,16,9,11,26,126,173,179,83,268,273,273,180,28,18,21,37,162,202,228,109,332,334,333,219,40,28,5,15,87,118,122,52,177,177,184,120,14,9,24,44,175,236,249,113,355,355,364,226,38,34,20,34,140,188,203,97,294,298,302,200,31,25,15.25,29.62,135.75,180.62,195.0,89.0,282.38,282.12,284.0,186.12,29.38,21.62
Concrete_0cm_S10,2026-04-02T20:44:58.425229,24,41,167,233,252,116,362,355,353,240,41,32,11,25,134,170,188,85,273,271,272,180,27,18,6,15,95,125,139,57,197,194,190,124,16,9,11,26,126,173,179,83,268,273,273,180,28,18,21,37,162,202,228,109,333,334,332,220,40,28,6,15,86,118,122,52,177,177,184,120,14,9,24,44,176,236,249,113,355,354,363,226,39,34,20,34,140,188,203,97,294,298,302,200,31,25,15.38,29.62,135.75,180.62,195.0,89.0,282.38,282.0,283.62,186.25,29.5,21.62
Concrete_0cm_S10,2026-04-02T20:44:58.617878,24,41,167,233,252,116,362,355,353,240,41,32,11,25,134,170,188,85,273,271,272,180,27,18,6,15,95,125,139,57,197,194,190,124,16,9,11,26,126,173,179,83,268,273,273,180,28,18,21,37,161,202,229,109,333,334,333,219,40,28,6,15,86,118,122,52,177,177,184,120,14,9,24,44,176,236,249,113,355,354,363,226,39,34,20,34,140,188,203,97,294,298,302,200,31,25,15.38,29.62,135.62,180.62,195.12,89.0,282.38,282.0,283.75,186.12,29.5,21.62
Concrete_0cm_S10,2026-04-02T20:44:58.778998,24,41,167,233,252,116,362,355,353,240,41,32,12,25,134,170,189,85,273,271,272,180,27,18,6,15,95,125,139,57,197,194,189,124,16,9,11,26,126,173,179,83,268,273,273,179,28,18,21,37,161,202,228,109,332,334,332,220,40,28,5,15,87,118,122,52,177,177,184,120,14,9,24,44,175,236,250,113,355,354,363,226,38,34,19,34,140,188,203,97,294,298,302,200,31,25,15.25,29.62,135.62,180.62,195.25,89.0,282.25,282.0,283.5,186.12,29.38,21.62
Concrete_0cm_S10,2026-04-02T20:44:58.929059,24,41,167,233,252,116,362,355,353,240,41,32,11,25,134,170,189,85,273,271,272,180,27,18,6,15,95,125,139,57,197,194,190,124,16,9,11,26,126,173,179,83,268,273,273,180,28,18,21,37,161,202,228,109,332,334,332,220,40,28,5,15,87,118,122,52,177,177,184,120,14,9,24,44,175,236,250,113,355,354,363,226,38,34,19,34,140,188,203,97,294,298,302,200,31,25,15.12,29.62,135.62,180.62,195.25,89.0,282.25,282.0,283.62,186.25,29.38,21.62
Concrete_0cm_S10,2026-04-02T20:44:59.088556,24,41,167,233,252,116,362,355,353,240,41,32,11,25,134,170,189,85,273,271,272,180,27,18,6,15,95,125,139,57,197,194,190,124,16,9,11,26,126,173,179,83,268,273,273,180,28,18,21,37,161,202,228,109,332,334,332,220,40,28,5,15,87,118,122,52,177,177,184,120,14,9,24,44,175,236,250,113,355,354,363,226,38,34,19,34,140,188,203,97,294,298,302,200,31,25,15.12,29.62,135.62,180.62,195.25,89.0,282.25,282.0,283.62,186.25,29.38,21.62
Concrete_0cm_S10,2026-04-02T20:44:59.229150,24,41,167,233,252,116,362,355,353,240,41,32,11,25,134,170,188,85,273,271,272,180,27,18,6,15,95,125,139,57,197,194,189,124,16,9,11,26,126,173,179,83,268,273,272,180,28,18,21,37,162,202,229,109,333,334,332,220,40,28,6,15,87,118,122,52,177,177,184,120,14,9,24,44,175,236,249,113,355,354,364,226,38,34,20,34,140,188,203,97,294,298,302,200,31,25,15.38,29.62,135.75,180.62,195.12,89.0,282.38,282.0,283.5,186.25,29.38,21.62
Concrete_0cm_S10,2026-04-02T20:44:59.366317,24,41,167,233,252,116,362,355,353,240,41,32,11,25,134,170,188,85,273,271,272,180,27,18,6,15,95,125,139,57,197,194,189,124,16,9,11,26,126,173,179,83,268,273,272,180,28,18,21,37,162,202,229,109,333,334,332,220,40,28,6,15,87,118,122,52,177,177,184,120,14,9,24,44,175,236,249,113,355,354,364,226,38,34,20,34,140,188,203,97,294,298,302,200,31,25,15.38,29.62,135.75,180.62,195.12,89.0,282.38,282.0,283.5,186.25,29.38,21.62
Concrete_0cm_S10,2026-04-02T20:44:59.564719,24,41,167,233,252,116,362,355,353,240,41,32,11,25,134,170,188,85,273,271,272,180,27,18,6,15,95,125,139,57,197,194,189,124,16,9,11,26,126,173,179,83,268,273,272,180,28,18,21,37,162,202,228,109,334,334,333,220,40,28,5,15,87,117,122,52,176,177,184,120,14,9,24,44,175,236,249,113,356,354,363,226,38,34,20,34,140,188,203,97,294,298,302,200,31,25,15.25,29.62,135.75,180.5,195.0,89.0,282.5,282.0,283.5,186.25,29.38,21.62
Concrete_0cm_S10,2026-04-02T20:44:59.714401,24,41,167,233,252,116,363,355,353,240,41,32,12,25,134,170,189,85,273,271,272,180,27,18,6,15,95,125,139,57,197,194,190,124,16,9,11,26,126,173,179,83,268,273,273,180,28,18,21,37,161,202,228,109,333,334,333,220,39,28,5,15,87,118,122,52,177,177,184,120,14,9,24,44,175,236,249,113,355,355,364,226,38,34,20,34,140,189,203,97,294,298,302,200,31,25,15.38,29.62,135.62,180.75,195.12,89.0,282.5,282.12,283.88,186.25,29.25,21.62
Concrete_0cm_S10,2026-04-02T20:44:59.858093,24,41,167,233,252,116,363,355,353,240,41,32,11,25,134,170,189,85,274,271,272,180,27,18,6,15,95,125,139,57,197,194,190,124,16,9,11,26,126,173,179,83,268,273,273,180,28,18,21,37,161,202,228,109,333,334,333,220,39,28,5,15,87,118,122,52,177,177,184,120,14,9,24,44,175,236,249,113,355,355,363,226,38,34,20,34,140,188,202,97,294,298,302,200,31,25,15.25,29.62,135.62,180.62,195.0,89.0,282.62,282.12,283.75,186.25,29.25,21.62
Concrete_0cm_S10,2026-04-02T20:45:00.008552,24,41,166,233,252,116,362,355,353,241,41,32,11,25,134,170,189,85,274,271,272,180,27,18,6,15,95,125,139,58,197,194,190,124,16,9,11,26,126,173,179,83,268,273,273,180,28,18,21,37,162,202,229,109,333,334,333,220,40,28,5,15,87,118,122,52,177,177,184,120,14,9,24,44,175,236,249,113,355,355,363,226,38,34,20,34,140,189,202,97,294,298,302,200,31,25,15.25,29.62,135.62,180.75,195.12,89.12,282.5,282.12,283.75,186.38,29.38,21.62
Concrete_0cm_S10,2026-04-02T20:45:00.187207,24,41,166,233,252,116,362,355,353,241,41,32,11,25,134,170,189,85,274,271,272,180,27,18,6,15,95,125,139,58,197,194,190,124,16,9,11,26,126,173,179,83,268,273,273,180,28,18,21,37,162,202,229,109,333,334,333,220,40,28,5,15,87,118,122,52,177,177,184,120,14,9,24,44,175,236,249,113,355,355,363,226,38,34,20,34,140,189,202,97,294,298,302,200,31,25,15.25,29.62,135.62,180.75,195.12,89.12,282.5,282.12,283.75,186.38,29.38,21.62
Concrete_0cm_S10,2026-04-02T20:45:00.351506,24,41,166,233,252,116,362,355,353,241,41,32,11,25,134,170,189,85,274,271,272,180,27,18,6,15,95,125,139,58,197,194,190,124,16,9,11,26,126,173,179,83,268,273,273,180,28,18,21,37,162,202,229,109,333,334,333,220,40,28,5,15,87,118,122,52,177,177,184,120,14,9,24,44,175,236,249,113,355,355,363,226,38,34,20,34,140,189,202,97,294,298,302,200,31,25,15.25,29.62,135.62,180.75,195.12,89.12,282.5,282.12,283.75,186.38,29.38,21.62
Concrete_0cm_S10,2026-04-02T20:45:00.538704,24,41,167,233,252,116,362,355,353,240,41,32,12,25,134,170,188,86,273,271,272,180,27,18,6,15,95,125,139,57,197,194,190,124,16,9,11,26,126,172,179,83,268,273,272,179,28,18,21,37,162,202,228,109,333,334,333,220,40,28,5,15,87,117,122,52,177,178,184,120,14,9,23,44,175,236,249,113,355,354,363,226,38,34,20,34,140,188,203,97,294,298,302,200,31,25,15.25,29.62,135.75,180.38,195.0,89.12,282.38,282.12,283.62,186.12,29.38,21.62
Concrete_0cm_S10,2026-04-02T20:45:00.682754,24,41,167,233,252,116,362,355,353,240,41,32,12,25,134,170,188,86,273,271,272,180,27,18,6,15,95,125,139,57,197,194,190,124,16,9,11,26,126,172,179,83,268,273,272,179,28,18,21,37,162,202,228,109,333,334,333,220,40,28,5,15,87,117,122,52,177,178,184,120,14,9,24,44,176,236,249,113,355,355,363,226,38,34,20,34,140,188,203,97,294,298,302,200,31,25,15.38,29.62,135.88,180.38,195.0,89.12,282.38,282.25,283.62,186.12,29.38,21.62
Concrete_0cm_S10,2026-04-02T20:45:00.832291,24,41,167,233,252,116,362,355,353,240,41,32,12,25,134,170,188,86,273,271,272,180,27,18,6,15,95,125,139,57,197,194,190,124,16,9,11,26,126,172,179,83,268,273,272,179,28,18,21,37,162,202,228,109,333,334,333,220,40,28,5,15,87,117,122,52,177,178,184,120,14,9,24,44,176,236,249,113,355,355,363,226,38,34,20,34,140,188,203,97,294,298,302,200,31,25,15.38,29.62,135.88,180.38,195.0,89.12,282.38,282.25,283.62,186.12,29.38,21.62
Concrete_0cm_S10,2026-04-02T20:45:00.992246,24,41,166,233,252,116,362,355,354,241,41,32,12,25,134,170,189,85,273,271,272,180,27,18,6,15,95,125,139,57,197,194,189,124,16,9,11,26,126,172,179,83,268,273,273,180,28,18,21,37,162,202,228,109,333,334,333,220,40,28,5,15,87,117,122,52,177,178,184,120,14,9,24,44,175,236,249,113,355,354,363,226,38,34,19,34,139,188,203,97,294,298,302,200,31,25,15.25,29.62,135.5,180.38,195.12,89.0,282.38,282.12,283.75,186.38,29.38,21.62
Concrete_0cm_S10,2026-04-02T20:45:01.137755,24,41,166,233,252,116,362,355,354,241,41,32,12,25,134,170,189,85,273,271,272,180,27,18,6,15,95,125,139,57,197,194,189,124,16,9,11,26,126,172,179,83,268,273,273,180,28,18,21,37,162,202,228,109,333,334,333,220,40,28,5,15,87,117,122,52,177,178,184,120,14,9,24,44,175,236,249,113,355,354,363,226,38,34,19,34,139,188,203,97,294,298,302,200,31,25,15.25,29.62,135.5,180.38,195.12,89.0,282.38,282.12,283.75,186.38,29.38,21.62
Concrete_0cm_S10,2026-04-02T20:45:01.278477,24,41,167,233,252,116,362,355,354,240,41,32,12,25,134,170,189,85,273,271,272,180,27,18,6,15,95,125,139,57,197,194,189,124,16,9,11,26,126,172,179,83,268,273,273,180,28,18,21,37,162,202,228,109,333,334,333,220,40,28,5,15,87,117,122,52,177,178,184,120,14,9,24,44,175,236,249,113,355,354,363,226,38,34,19,34,139,188,203,97,294,298,302,200,31,25,15.25,29.62,135.62,180.38,195.12,89.0,282.38,282.12,283.75,186.25,29.38,21.62
Concrete_0cm_S10,2026-04-02T20:45:01.471815,24,41,167,233,252,116,362,354,353,240,41,32,11,25,134,170,189,85,274,271,272,180,27,18,6,15,95,125,139,57,197,194,189,124,16,9,11,26,126,173,179,83,268,273,273,180,28,18,21,37,161,202,228,109,333,334,332,220,40,28,5,15,87,118,122,52,177,177,184,120,14,9,24,44,175,236,249,113,355,354,363,226,38,34,20,34,140,189,203,98,294,298,302,200,31,25,15.25,29.62,135.62,180.75,195.12,89.12,282.5,281.88,283.5,186.25,29.38,21.62
Concrete_0cm_S10,2026-04-02T20:45:01.649622,24,41,167,233,251,116,362,355,353,240,41,32,12,25,134,170,189,86,273,271,272,180,27,18,6,15,95,125,139,57,197,194,189,124,16,9,11,26,126,173,179,83,268,273,273,180,28,18,21,37,161,202,228,109,333,334,332,220,40,28,6,15,87,118,122,52,177,177,184,120,14,9,24,44,176,236,249,113,356,354,364,226,39,34,20,34,140,188,202,97,294,297,301,200,31,25,15.5,29.62,135.75,180.62,194.88,89.12,282.5,281.88,283.5,186.25,29.5,21.62
Concrete_0cm_S10,2026-04-02T20:45:01.811213,24,41,167,233,251,116,362,355,353,240,41,32,12,25,134,170,189,86,273,271,272,180,27,18,6,15,95,125,139,57,197,194,189,124,16,9,11,26,126,173,179,83,268,273,273,180,28,18,21,37,161,202,229,109,333,334,333,220,40,28,6,15,87,118,122,52,177,177,184,120,14,9,24,44,176,236,249,113,356,354,364,226,39,34,20,34,140,188,202,97,294,297,301,200,31,25,15.5,29.62,135.75,180.62,195.0,89.12,282.5,281.88,283.62,186.25,29.5,21.62
Concrete_0cm_S10,2026-04-02T20:45:01.957902,24,41,167,233,252,116,362,355,353,240,41,32,11,25,134,170,188,85,273,271,272,180,27,18,6,15,95,125,139,57,197,194,189,124,16,9,11,26,126,173,179,83,268,273,273,180,28,18,21,37,161,202,229,109,333,334,333,220,40,28,6,15,87,118,122,52,177,177,184,120,14,9,24,44,176,236,249,113,356,354,364,226,39,34,20,34,139,188,202,97,293,298,302,200,31,25,15.38,29.62,135.62,180.62,195.0,89.0,282.38,282.0,283.75,186.25,29.5,21.62
Concrete_0cm_S10,2026-04-02T20:45:02.113437,24,41,167,233,252,116,362,355,353,241,41,32,11,25,134,170,188,85,273,271,272,180,27,18,6,15,95,125,139,57,197,194,189,124,16,9,11,26,126,173,179,83,268,273,273,180,28,18,21,37,161,202,229,109,333,334,333,220,40,28,6,15,87,118,122,52,177,177,184,120,14,9,24,44,176,236,249,113,356,354,364,226,39,34,20,34,140,188,202,97,294,298,302,200,31,25,15.38,29.62,135.75,180.62,195.0,89.0,282.5,282.0,283.75,186.38,29.5,21.62
Concrete_0cm_S10,2026-04-02T20:45:02.259036,24,41,167,233,252,116,362,355,353,241,41,32,12,25,134,170,189,85,273,271,272,180,27,18,6,15,95,125,139,57,197,194,190,124,16,9,11,26,126,172,179,83,268,273,273,180,28,18,21,37,161,202,229,109,333,334,333,220,40,28,6,15,87,118,122,52,177,177,184,120,14,9,24,44,175,236,249,113,355,354,363,226,38,34,20,34,140,188,202,97,294,298,302,200,31,25,15.5,29.62,135.62,180.5,195.12,89.0,282.38,282.0,283.75,186.38,29.38,21.62
Concrete_0cm_S10,2026-04-02T20:45:02.433997,24,41,167,233,252,116,362,355,353,241,41,32,12,25,134,170,189,85,273,271,272,180,27,18,6,15,95,125,139,57,197,194,190,124,16,9,11,26,126,173,179,83,268,273,273,180,28,18,21,37,162,202,229,109,333,334,332,220,40,28,5,15,87,118,122,52,177,177,184,120,14,9,23,44,175,236,249,113,355,354,363,226,38,34,20,34,139,188,201,97,293,297,302,200,31,25,15.25,29.62,135.62,180.62,195.0,89.0,282.25,281.88,283.62,186.38,29.38,21.62
Concrete_0cm_S10,2026-04-02T20:45:02.580582,24,41,167,233,251,116,362,354,353,240,41,32,12,25,134,170,189,86,274,271,272,180,27,18,6,15,95,125,139,57,197,194,190,124,16,9,11,26,126,173,179,83,268,273,273,180,28,18,21,37,162,202,229,109,333,334,332,220,40,28,5,15,87,118,122,52,177,177,184,120,14,9,23,44,175,236,249,113,355,354,363,226,38,34,20,34,139,188,201,97,293,297,302,200,31,25,15.25,29.62,135.62,180.62,194.88,89.12,282.38,281.75,283.62,186.25,29.38,21.62
Concrete_0cm_S10,2026-04-02T20:45:02.725125,24,41,167,233,251,116,362,354,353,240,41,32,12,25,134,170,189,86,274,271,272,180,27,18,6,15,95,125,139,57,197,194,190,124,16,9,11,26,126,173,179,83,268,273,273,180,28,18,21,37,162,202,229,109,333,334,332,220,40,28,5,15,87,118,122,52,177,177,184,120,14,9,23,44,175,236,249,113,355,354,363,226,38,34,20,34,139,188,201,97,293,297,302,200,31,25,15.25,29.62,135.62,180.62,194.88,89.12,282.38,281.75,283.62,186.25,29.38,21.62
Concrete_0cm_S10,2026-04-02T20:45:02.878021,24,41,167,233,252,116,362,355,353,240,41,32,12,25,134,170,189,86,274,271,272,180,27,18,6,15,95,125,139,57,197,194,190,124,16,9,11,26,126,173,179,83,268,273,273,180,28,18,21,37,162,202,229,109,333,334,332,220,40,28,5,15,87,118,122,52,177,177,184,120,14,9,23,44,175,236,249,113,355,354,363,226,38,34,20,34,139,188,201,97,293,297,302,200,31,25,15.25,29.62,135.62,180.62,195.0,89.12,282.38,281.88,283.62,186.25,29.38,21.62
Concrete_0cm_S10,2026-04-02T20:45:03.021356,24,41,167,233,252,116,362,355,354,240,41,32,11,25,134,170,189,85,274,271,272,180,27,18,6,15,95,125,139,57,197,194,190,124,16,9,11,26,126,173,179,83,268,273,273,180,28,18,21,37,162,202,228,109,333,334,333,220,40,28,5,15,87,118,122,52,177,177,184,120,14,9,23,44,175,236,249,113,355,354,363,226,38,34,20,34,139,188,201,97,293,297,302,200,31,25,15.12,29.62,135.62,180.62,194.88,89.0,282.38,281.88,283.88,186.25,29.38,21.62
Concrete_0cm_S10,2026-04-02T20:45:03.169227,24,41,167,233,252,116,362,355,353,240,41,32,12,25,134,170,189,85,274,270,272,180,27,18,6,15,95,125,139,57,197,194,190,124,16,9,11,26,126,173,179,83,268,273,273,180,28,18,21,37,162,202,228,109,333,334,333,220,40,28,5,15,87,118,122,52,177,177,184,120,14,9,23,44,175,236,249,113,355,354,363,226,38,34,20,34,139,188,201,97,293,297,302,200,31,25,15.25,29.62,135.62,180.62,194.88,89.0,282.38,281.75,283.75,186.25,29.38,21.62
Concrete_0cm_S10,2026-04-02T20:45:03.344850,24,41,167,233,252,116,362,355,353,240,41,32,12,25,134,170,189,85,274,270,272,180,27,18,6,15,95,125,139,57,197,194,190,124,16,9,11,26,126,173,179,83,268,273,273,180,28,18,21,37,162,202,228,109,333,334,333,220,40,28,5,15,87,118,122,52,177,177,184,120,14,9,24,44,176,236,249,113,355,355,363,226,38,34,20,34,139,188,202,97,294,298,302,200,31,25,15.38,29.62,135.75,180.62,195.0,89.0,282.5,282.0,283.75,186.25,29.38,21.62
Concrete_0cm_S10,2026-04-02T20:45:03.507111,24,41,167,233,252,116,362,355,353,241,41,33,12,25,134,170,189,86,274,271,272,181,27,18,6,15,95,125,139,57,197,194,190,123,16,9,11,26,126,173,179,83,268,273,273,180,28,18,21,37,161,202,228,109,333,334,332,220,39,28,5,15,87,118,122,52,177,177,184,120,14,9,24,44,176,236,249,113,356,354,363,226,38,34,20,34,139,188,202,97,294,298,302,200,31,25,15.38,29.62,135.62,180.62,195.0,89.12,282.62,282.0,283.62,186.38,29.25,21.75
Concrete_0cm_S10,2026-04-02T20:45:03.644768,24,41,167,233,252,116,361,355,353,240,41,32,12,25,134,170,189,86,274,271,272,181,27,18,6,15,95,125,139,57,197,194,190,123,16,9,11,26,126,173,179,83,268,273,273,180,28,18,21,37,161,202,228,109,333,334,332,220,39,28,5,15,87,118,122,52,177,177,184,120,14,9,24,44,176,236,249,113,356,354,363,226,38,34,20,34,139,188,202,97,294,298,302,200,31,25,15.38,29.62,135.62,180.62,195.0,89.12,282.5,282.0,283.62,186.25,29.25,21.62
Concrete_0cm_S10,2026-04-02T20:45:03.791096,24,41,167,233,252,116,361,355,353,240,41,32,12,25,134,170,189,86,274,271,272,181,27,18,6,15,95,125,139,57,197,194,190,123,16,9,11,26,126,173,179,83,268,273,273,179,28,18,21,37,161,202,228,109,333,334,332,220,39,28,5,15,87,118,122,52,177,177,184,120,14,9,24,44,176,236,249,113,356,354,363,226,38,34,19,34,139,188,202,97,293,298,302,200,31,25,15.25,29.62,135.62,180.62,195.0,89.12,282.38,282.0,283.62,186.12,29.25,21.62
Concrete_0cm_S10,2026-04-02T20:45:03.945058,24,41,167,233,252,116,361,355,353,240,41,32,12,25,134,170,189,86,274,271,272,181,27,18,6,15,95,125,139,57,197,194,190,123,16,9,11,26,126,173,179,83,268,273,273,179,28,18,21,37,161,202,228,109,333,334,332,220,39,28,5,15,87,118,122,52,177,177,184,120,14,9,24,44,176,236,249,113,355,355,364,226,38,34,19,34,139,188,202,97,293,298,302,200,31,25,15.25,29.62,135.62,180.62,195.0,89.12,282.25,282.12,283.75,186.12,29.25,21.62
Concrete_0cm_S10,2026-04-02T20:45:04.082614,24,41,167,233,252,116,361,355,353,240,41,32,12,25,134,170,189,86,274,271,272,181,27,18,6,15,95,125,139,57,197,194,190,123,16,9,11,26,126,173,179,83,268,273,273,179,28,18,21,37,161,202,228,109,333,334,332,220,39,28,5,15,87,118,122,52,177,177,184,120,14,9,24,44,176,236,249,113,355,355,364,226,38,34,19,34,139,188,202,97,293,298,302,200,31,25,15.25,29.62,135.62,180.62,195.0,89.12,282.25,282.12,283.75,186.12,29.25,21.62
Concrete_0cm_S10,2026-04-02T20:45:04.224137,24,41,167,233,252,116,361,355,353,240,41,32,12,25,134,170,189,86,274,271,272,181,27,18,6,15,95,125,139,57,197,194,190,123,16,9,11,26,126,173,179,83,268,273,273,179,28,18,21,37,161,202,228,109,333,334,332,220,39,28,5,15,87,118,122,52,177,177,184,120,14,9,24,44,176,236,249,113,355,355,364,226,38,34,19,34,139,188,202,97,293,298,302,200,31,25,15.25,29.62,135.62,180.62,195.0,89.12,282.25,282.12,283.75,186.12,29.25,21.62
Concrete_0cm_S10,2026-04-02T20:45:04.386066,24,41,167,233,252,116,362,355,353,240,41,32,12,25,134,170,189,86,273,271,273,180,27,18,6,15,95,125,139,57,197,194,190,124,16,9,11,26,126,173,179,83,268,273,273,179,28,18,21,37,161,202,228,109,333,334,332,220,39,28,5,15,87,118,122,52,177,177,184,120,14,9,24,44,176,236,249,113,356,354,364,226,38,35,20,34,139,188,202,97,294,298,302,200,31,25,15.38,29.62,135.62,180.62,195.0,89.12,282.5,282.0,283.88,186.12,29.25,21.75
Concrete_0cm_S10,2026-04-02T20:45:04.533154,24,41,167,233,252,116,362,354,353,240,41,32,12,25,134,170,189,85,273,271,272,180,27,18,6,15,95,126,139,57,197,194,190,124,16,9,11,26,126,173,179,83,268,273,273,180,28,18,21,37,161,202,228,109,333,334,332,220,39,28,5,15,87,118,122,52,177,177,184,120,14,9,24,44,176,236,249,113,355,355,363,226,38,35,20,34,139,188,202,97,294,298,302,200,31,25,15.38,29.62,135.62,180.75,195.0,89.0,282.38,282.0,283.62,186.25,29.25,21.75
Concrete_0cm_S10,2026-04-02T20:45:04.682540,24,41,167,233,252,116,362,355,353,240,41,32,11,25,134,170,189,85,274,271,272,180,27,18,6,15,95,126,139,57,197,194,190,124,16,9,11,26,126,173,179,83,268,273,273,179,28,18,21,37,162,202,228,109,333,334,332,219,40,28,6,15,87,118,122,52,177,178,185,120,14,9,24,44,176,236,249,113,355,355,364,226,38,34,20,34,139,188,202,97,294,298,302,200,30,25,15.38,29.62,135.75,180.75,195.0,89.0,282.5,282.25,283.88,186.0,29.25,21.62
Concrete_0cm_S10,2026-04-02T20:45:04.829933,24,41,167,233,252,116,362,355,353,240,41,32,11,25,134,170,189,85,274,271,272,180,27,18,6,15,95,126,139,57,197,194,190,124,16,9,11,26,126,173,179,83,268,273,273,179,28,18,21,37,162,202,228,109,333,334,332,219,40,28,6,15,87,118,122,52,177,178,185,120,14,9,24,44,176,236,249,113,355,355,364,226,38,34,20,34,139,188,202,97,294,298,302,200,30,25,15.38,29.62,135.75,180.75,195.0,89.0,282.5,282.25,283.88,186.0,29.25,21.62
Concrete_0cm_S10,2026-04-02T20:45:04.973434,24,41,167,233,252,116,362,355,353,240,41,32,11,25,134,170,189,85,274,271,272,180,27,18,6,15,95,126,139,57,197,194,190,124,16,9,11,26,126,173,179,83,268,273,273,179,28,18,21,37,162,202,228,109,333,334,332,219,40,28,6,15,87,118,122,52,177,178,185,120,14,9,24,44,176,236,249,113,355,355,364,226,38,34,20,34,139,188,202,97,294,298,302,200,30,25,15.38,29.62,135.75,180.75,195.0,89.0,282.5,282.25,283.88,186.0,29.25,21.62
Concrete_0cm_S10,2026-04-02T20:45:05.119434,24,41,167,233,252,116,362,355,353,240,41,32,11,25,134,170,189,85,274,271,272,180,27,18,6,15,95,126,139,57,197,194,190,124,16,9,11,26,126,173,179,83,268,273,273,179,28,18,21,37,162,202,228,109,333,334,332,219,40,28,6,15,87,118,122,52,177,178,185,120,14,9,24,44,176,236,249,113,355,355,364,226,38,34,20,34,139,188,202,97,294,298,302,200,30,25,15.38,29.62,135.75,180.75,195.0,89.0,282.5,282.25,283.88,186.0,29.25,21.62
Concrete_0cm_S10,2026-04-02T20:45:05.284411,24,41,167,233,252,116,362,355,353,240,41,32,11,25,134,170,189,85,274,271,272,180,27,18,6,15,95,126,139,57,197,194,190,124,16,9,11,26,126,173,179,83,268,273,273,179,28,18,21,37,162,202,228,109,333,334,332,219,40,28,6,15,87,118,122,52,177,178,185,120,14,9,24,44,176,236,249,113,355,354,363,226,38,35,20,34,139,188,202,97,294,298,302,200,30,25,15.38,29.62,135.75,180.75,195.0,89.0,282.5,282.12,283.75,186.0,29.25,21.75
Concrete_0cm_S10,2026-04-02T20:45:05.433811,24,41,167,233,252,116,362,355,353,240,41,32,12,25,134,170,189,86,274,271,272,180,27,18,6,15,95,125,139,57,197,194,190,124,16,9,11,26,126,173,179,83,268,273,273,179,28,18,21,37,161,202,229,109,333,334,333,220,40,28,6,15,87,118,122,52,177,178,185,120,14,9,24,44,176,236,249,113,356,354,364,226,38,35,19,34,139,188,202,97,293,296,302,200,31,25,15.38,29.62,135.62,180.62,195.12,89.12,282.5,281.88,284.0,186.12,29.38,21.75
Concrete_0cm_S10,2026-04-02T20:45:05.582919,24,41,167,233,252,116,362,355,353,240,41,32,12,25,134,170,189,86,274,271,272,180,27,18,6,15,95,125,139,57,197,194,190,124,16,9,11,26,126,173,179,83,268,273,273,179,28,18,21,37,161,202,229,109,333,334,333,220,40,28,6,15,87,118,122,52,177,178,185,120,14,9,24,44,176,236,249,113,356,354,364,226,38,35,19,34,139,188,202,97,293,296,302,200,31,25,15.38,29.62,135.62,180.62,195.12,89.12,282.5,281.88,284.0,186.12,29.38,21.75
Concrete_0cm_S10,2026-04-02T20:45:05.731099,24,41,167,233,252,116,362,354,353,240,41,32,12,25,134,170,189,86,274,272,272,181,27,18,6,15,95,125,139,57,197,194,190,124,16,9,11,26,127,172,179,83,268,273,273,180,28,18,21,37,161,202,228,109,333,334,332,220,40,28,5,15,87,118,122,52,177,177,184,120,14,9,24,44,176,236,249,113,355,354,363,226,39,34,19,34,140,188,202,97,294,298,302,200,31,25,15.25,29.62,135.88,180.5,195.0,89.12,282.5,282.0,283.62,186.38,29.5,21.62
Concrete_0cm_S10,2026-04-02T20:45:05.873284,24,41,167,233,252,116,362,354,353,240,41,32,12,25,134,170,189,86,274,271,272,180,27,18,6,15,95,125,138,57,197,194,190,124,16,9,11,26,127,172,179,83,268,273,273,180,28,18,21,37,162,202,228,109,333,334,333,220,40,28,5,15,87,118,122,52,177,178,184,120,14,9,24,44,176,236,249,113,355,354,363,226,39,34,19,34,140,188,202,97,294,298,302,200,31,25,15.25,29.62,136.0,180.5,194.88,89.12,282.5,282.0,283.75,186.25,29.5,21.62
Concrete_0cm_S10,2026-04-02T20:45:06.017487,24,41,167,233,252,116,362,354,353,240,41,32,12,25,134,170,189,86,274,271,272,180,27,18,6,15,95,125,138,57,197,194,190,124,16,9,11,26,127,172,179,83,268,273,273,180,28,18,21,37,162,202,228,109,333,334,333,220,40,28,5,15,87,118,122,52,177,178,184,120,14,9,24,44,176,236,249,113,355,354,363,226,39,34,19,34,140,188,202,97,294,298,302,200,31,25,15.25,29.62,136.0,180.5,194.88,89.12,282.5,282.0,283.75,186.25,29.5,21.62
Concrete_0cm_S10,2026-04-02T20:45:06.192818,24,41,167,233,252,116,362,354,353,240,41,32,12,25,134,170,189,86,274,271,272,180,27,18,6,15,95,125,138,57,197,194,190,124,16,9,11,26,127,172,179,83,268,273,273,180,28,18,21,37,162,202,228,109,333,334,333,220,40,28,5,15,87,118,122,52,177,178,184,120,14,9,24,44,176,236,249,113,355,354,363,226,39,34,19,34,140,188,202,97,294,298,302,200,31,25,15.25,29.62,136.0,180.5,194.88,89.12,282.5,282.0,283.75,186.25,29.5,21.62
Concrete_0cm_S10,2026-04-02T20:45:06.341474,24,41,167,233,252,116,362,355,353,240,41,32,12,25,134,170,189,86,274,271,272,181,27,18,6,15,95,125,139,57,197,194,190,124,16,9,11,26,126,173,179,83,268,273,273,180,28,18,21,37,162,202,228,109,332,334,332,220,40,28,6,15,87,118,122,52,177,177,184,120,14,9,24,44,176,236,249,113,355,354,363,226,38,34,20,34,140,188,202,97,293,297,302,200,31,25,15.5,29.62,135.88,180.62,195.0,89.12,282.25,281.88,283.62,186.38,29.38,21.62
Concrete_0cm_S10,2026-04-02T20:45:06.522654,24,41,167,233,252,116,362,355,353,240,41,32,12,25,134,170,189,86,274,271,272,181,27,18,6,15,95,125,139,57,197,194,190,124,16,9,11,26,126,173,179,83,268,273,273,180,28,18,21,37,162,202,228,109,332,334,332,220,40,28,6,15,87,118,122,52,177,177,184,120,14,9,24,44,176,236,249,113,355,354,363,226,38,34,20,34,140,188,202,97,293,297,302,200,31,25,15.5,29.62,135.88,180.62,195.0,89.12,282.25,281.88,283.62,186.38,29.38,21.62
Concrete_0cm_S10,2026-04-02T20:45:06.665948,24,41,167,233,252,116,362,355,353,240,41,32,12,25,134,170,189,86,274,271,272,181,27,18,6,15,95,125,139,57,197,194,190,124,16,9,11,26,126,173,179,83,268,273,273,180,28,18,21,37,162,202,229,109,334,334,333,220,40,28,6,15,87,118,122,52,177,177,184,120,14,9,24,44,176,236,249,113,355,354,363,226,38,35,20,34,140,189,202,97,294,298,301,200,31,25,15.5,29.62,135.88,180.75,195.12,89.12,282.62,282.0,283.62,186.38,29.38,21.75
Concrete_0cm_S10,2026-04-02T20:45:06.811830,24,41,167,233,252,116,362,355,353,240,41,32,12,25,134,170,189,86,274,271,272,181,27,18,6,15,95,125,139,57,197,194,190,124,16,9,11,26,126,173,179,83,268,273,273,180,28,18,21,37,162,202,229,109,334,334,333,220,40,28,6,15,87,118,122,52,177,177,184,120,14,9,24,44,176,236,249,113,355,354,363,226,38,35,20,34,140,189,202,97,294,298,301,200,31,25,15.5,29.62,135.88,180.75,195.12,89.12,282.62,282.0,283.62,186.38,29.38,21.75
Concrete_0cm_S10,2026-04-02T20:45:06.956607,24,41,167,233,252,116,362,355,353,240,41,32,12,25,134,170,189,86,274,271,272,181,27,18,6,15,95,125,139,57,197,194,190,124,16,9,11,26,126,173,179,83,268,273,273,180,28,18,21,37,162,202,229,109,334,334,333,220,40,28,6,15,87,118,122,52,177,177,184,120,14,9,24,44,176,236,249,113,355,354,363,226,38,35,20,34,140,189,202,97,294,298,301,200,31,25,15.5,29.62,135.88,180.75,195.12,89.12,282.62,282.0,283.62,186.38,29.38,21.75
Concrete_0cm_S10,2026-04-02T20:45:07.119112,24,41,166,233,252,116,362,355,353,240,41,32,12,25,134,170,189,86,274,272,272,180,27,18,6,15,95,125,139,57,197,194,189,124,16,9,11,26,126,173,179,83,268,273,273,180,28,18,21,37,162,202,229,109,334,334,333,220,40,28,6,15,87,118,122,52,177,177,184,120,14,9,24,44,176,236,249,113,355,354,363,226,38,34,20,34,140,188,203,97,293,298,302,200,31,25,15.5,29.62,135.75,180.62,195.25,89.12,282.5,282.12,283.62,186.25,29.38,21.62
Concrete_0cm_S10,2026-04-02T20:45:07.252635,24,41,167,233,252,116,362,355,353,240,41,32,12,25,134,170,188,86,274,271,272,180,27,18,6,15,95,125,139,58,197,194,190,124,16,9,11,26,126,173,179,83,268,273,273,180,28,18,21,37,162,202,229,109,334,334,333,220,40,28,6,15,87,118,122,52,177,177,185,120,14,9,24,44,175,236,249,113,356,354,363,226,39,34,20,34,140,188,202,97,293,298,302,200,31,25,15.5,29.62,135.75,180.62,195.0,89.25,282.62,282.0,283.88,186.25,29.5,21.62
Concrete_0cm_S10,2026-04-02T20:45:07.401214,24,41,167,233,252,116,362,355,353,240,41,32,12,25,134,170,188,86,274,271,272,180,27,18,6,15,95,125,139,58,197,194,190,124,16,9,11,26,126,173,179,83,268,273,273,180,28,18,21,37,162,202,229,109,334,334,333,220,40,28,6,15,87,118,122,52,177,177,185,120,14,9,24,44,175,236,249,113,356,354,363,226,39,34,20,34,140,188,202,97,293,298,302,200,31,25,15.5,29.62,135.75,180.62,195.0,89.25,282.62,282.0,283.88,186.25,29.5,21.62
Concrete_0cm_S10,2026-04-02T20:45:07.570157,24,41,167,232,252,116,362,354,353,240,41,32,12,25,134,170,189,86,274,271,272,180,27,18,6,15,95,125,139,58,197,194,190,124,16,9,11,26,126,173,179,83,268,273,273,180,28,18,21,37,162,202,229,109,334,334,333,220,40,28,6,15,87,118,122,52,177,177,185,120,14,9,24,44,175,236,249,113,356,354,363,226,39,34,20,34,140,188,202,97,293,298,302,200,31,25,15.5,29.62,135.75,180.5,195.12,89.25,282.62,281.88,283.88,186.25,29.5,21.62
Concrete_0cm_S10,2026-04-02T20:45:07.715212,24,41,166,233,252,116,362,354,353,240,41,32,12,25,134,170,189,86,274,271,272,180,27,18,6,15,95,125,139,58,197,194,190,124,16,9,11,26,126,173,179,83,268,273,273,180,28,18,21,37,162,202,228,109,333,334,333,219,40,28,5,15,87,118,122,52,177,177,185,120,14,9,24,44,176,236,249,113,356,354,363,226,38,34,19,34,140,188,203,97,294,298,302,200,31,25,15.25,29.62,135.75,180.62,195.12,89.25,282.62,281.88,283.88,186.12,29.38,21.62
Concrete_0cm_S10,2026-04-02T20:45:07.860370,24,41,166,233,252,116,362,354,354,240,41,32,12,25,134,170,189,86,274,271,272,180,27,18,6,15,95,125,139,57,197,194,189,124,16,9,11,26,126,172,179,83,268,273,273,180,28,18,21,37,161,202,228,109,333,334,332,220,40,28,5,15,87,118,122,52,177,177,184,120,14,9,24,44,175,236,249,113,355,354,363,226,39,34,20,34,140,188,203,97,293,298,302,200,31,25,15.38,29.62,135.5,180.5,195.12,89.12,282.38,281.88,283.62,186.25,29.5,21.62
Concrete_0cm_S10,2026-04-02T20:45:08.028114,24,41,166,233,252,116,362,354,354,240,41,32,12,25,134,170,189,86,274,271,272,180,27,18,6,15,95,125,139,57,197,194,189,124,16,9,11,25,127,173,179,83,269,273,273,179,28,18,21,37,161,202,228,109,333,334,332,220,40,28,5,15,87,118,122,52,177,177,184,120,14,9,24,44,175,236,249,113,355,354,363,226,39,34,20,34,140,188,203,97,293,298,302,200,31,25,15.38,29.5,135.62,180.62,195.12,89.12,282.5,281.88,283.62,186.12,29.5,21.62
Concrete_0cm_S10,2026-04-02T20:45:08.178175,24,41,167,233,252,116,362,355,353,240,41,32,12,25,134,170,189,86,274,271,272,180,27,18,6,15,95,125,139,57,197,194,189,124,16,9,11,25,127,173,179,83,269,273,273,179,28,18,21,37,161,202,228,109,333,334,332,220,40,28,5,15,87,118,122,52,177,177,184,120,14,9,24,44,175,236,249,113,355,354,363,226,39,34,20,34,140,188,202,97,294,298,301,200,31,25,15.38,29.5,135.75,180.62,195.0,89.12,282.62,282.0,283.38,186.12,29.5,21.62
Concrete_0cm_S10,2026-04-02T20:45:08.340656,24,41,167,233,252,116,362,354,353,240,41,32,12,25,134,170,189,86,274,271,273,180,27,18,6,15,95,125,139,57,197,194,190,124,16,9,11,26,126,173,179,83,268,273,273,180,28,18,21,37,162,202,228,109,334,334,332,220,40,28,5,15,87,118,122,52,177,177,184,120,14,9,24,44,176,236,249,113,356,355,363,226,38,34,20,34,140,189,202,97,294,298,302,200,31,25,15.38,29.62,135.88,180.75,195.0,89.12,282.75,282.0,283.75,186.25,29.38,21.62
Concrete_0cm_S10,2026-04-02T20:45:08.493447,24,41,167,233,252,116,362,354,353,240,41,32,12,25,134,170,189,86,274,271,273,180,27,18,6,15,95,125,139,57,197,194,190,124,16,9,11,26,126,173,179,83,268,273,273,180,28,18,21,37,162,202,228,109,333,334,333,220,40,28,6,15,87,118,122,52,177,177,185,120,14,9,24,44,176,236,249,113,356,355,364,226,39,35,20,34,140,188,202,98,294,298,302,200,31,25,15.5,29.62,135.88,180.62,195.0,89.25,282.62,282.0,284.12,186.25,29.5,21.75
Concrete_0cm_S10,2026-04-02T20:45:08.641268,24,41,167,233,252,116,362,354,353,240,41,32,12,25,134,170,189,86,274,271,273,180,27,18,6,15,95,125,139,57,197,194,190,124,16,9,11,26,126,173,179,83,268,273,273,180,28,18,21,37,162,202,227,109,333,334,333,220,40,28,6,15,87,118,122,52,177,177,185,120,14,9,24,44,176,236,249,113,356,355,364,226,39,35,20,34,140,188,202,98,294,298,302,200,31,25,15.5,29.62,135.88,180.62,194.88,89.25,282.62,282.0,284.12,186.25,29.5,21.75
Concrete_0cm_S10,2026-04-02T20:45:08.785594,24,41,167,233,252,116,362,355,354,240,41,32,12,25,135,170,189,85,274,272,273,181,27,18,6,15,95,125,139,57,197,194,190,124,16,9,11,26,126,172,179,83,268,273,273,179,28,18,21,37,161,202,229,109,333,334,333,220,40,28,5,15,87,118,122,52,177,177,185,120,14,9,24,44,176,236,250,113,356,355,364,226,39,34,20,34,140,188,203,97,294,298,302,200,31,25,15.38,29.62,135.88,180.5,195.38,89.0,282.62,282.25,284.25,186.25,29.5,21.62
Concrete_0cm_S10,2026-04-02T20:45:08.943703,24,41,167,233,252,116,362,355,354,240,41,32,12,25,135,170,189,85,274,272,273,181,27,18,6,15,95,125,139,57,197,194,190,124,16,9,11,26,126,172,179,83,268,273,273,179,28,18,21,37,161,202,229,109,333,334,333,220,40,28,5,15,87,118,122,52,177,177,185,120,14,9,24,44,176,236,250,113,356,355,364,226,39,34,20,34,140,188,203,97,294,298,302,200,31,25,15.38,29.62,135.88,180.5,195.38,89.0,282.62,282.25,284.25,186.25,29.5,21.62
Concrete_0cm_S10,2026-04-02T20:45:09.135650,24,41,167,233,252,116,362,355,354,240,41,32,12,25,135,170,189,85,274,272,273,181,27,18,6,15,95,125,139,57,197,194,190,124,16,9,11,26,126,172,179,83,268,273,273,179,28,18,21,37,162,202,229,109,334,335,333,219,40,28,5,15,87,118,122,52,177,177,185,120,14,9,24,44,176,236,250,113,356,355,364,226,39,34,20,34,140,188,203,97,294,298,302,200,31,25,15.38,29.62,136.0,180.5,195.38,89.0,282.75,282.38,284.25,186.12,29.5,21.62
Concrete_0cm_S10,2026-04-02T20:45:09.285771,24,41,167,233,252,116,362,355,353,240,41,32,12,25,134,170,189,86,274,271,272,180,27,18,6,15,95,125,139,57,197,194,190,124,16,9,11,26,126,172,179,83,268,273,273,179,28,18,21,37,162,202,229,109,334,335,333,219,40,28,5,15,87,118,122,52,177,177,185,120,14,9,24,44,176,236,250,113,356,355,364,226,39,34,20,34,140,188,203,97,294,298,302,200,31,25,15.38,29.62,135.88,180.5,195.38,89.12,282.75,282.25,284.0,186.0,29.5,21.62
Concrete_0cm_S10,2026-04-02T20:45:09.430271,24,41,167,233,252,116,362,355,353,240,41,32,12,25,134,170,189,86,274,271,272,180,27,18,6,15,95,125,139,57,197,194,190,124,16,9,11,26,127,172,179,83,268,273,273,180,28,18,21,37,162,202,229,109,334,335,333,219,40,28,5,15,87,118,122,52,177,177,185,120,14,9,24,44,176,236,250,113,356,355,364,226,39,34,20,34,140,188,203,97,294,298,302,200,31,25,15.38,29.62,136.0,180.5,195.38,89.12,282.75,282.25,284.0,186.12,29.5,21.62
Concrete_0cm_S10,2026-04-02T20:45:09.578572,24,41,167,233,252,116,362,355,353,240,41,32,12,25,134,170,189,86,274,271,272,180,27,18,6,15,95,125,139,57,197,194,190,124,16,9,11,26,126,173,179,83,268,273,273,180,28,18,21,37,162,202,228,109,333,334,332,220,40,28,5,15,87,118,122,52,177,177,185,120,14,9,24,44,176,236,250,113,356,355,364,226,39,34,20,34,140,188,203,97,294,298,302,200,31,25,15.38,29.62,135.88,180.62,195.25,89.12,282.62,282.12,283.88,186.25,29.5,21.62
Concrete_0cm_S10,2026-04-02T20:45:09.727306,24,41,166,233,252,116,362,355,353,241,41,32,11,25,134,170,188,86,274,272,272,180,27,18,6,15,95,125,139,57,197,194,189,124,16,9,11,26,127,173,180,84,269,274,273,180,28,18,21,37,162,202,229,109,334,335,333,220,40,28,5,15,87,118,122,52,177,177,184,120,14,9,23,44,176,236,250,113,356,354,363,226,38,34,20,34,140,188,202,97,294,298,302,200,31,25,15.12,29.62,135.88,180.62,195.25,89.25,282.88,282.38,283.62,186.38,29.38,21.62
Concrete_0cm_S10,2026-04-02T20:45:09.882365,24,41,167,233,252,116,362,355,353,240,41,32,11,25,134,170,189,86,274,271,272,180,27,18,6,15,95,126,139,57,198,195,190,124,16,9,11,26,127,173,180,83,269,274,274,180,28,18,21,37,162,203,229,109,334,335,333,220,40,28,6,15,87,118,122,52,177,177,185,120,14,9,24,44,176,236,249,113,355,354,364,226,38,35,20,34,140,188,203,97,294,298,302,200,31,25,15.38,29.62,136.0,180.88,195.38,89.12,282.88,282.38,284.12,186.25,29.38,21.75
Concrete_0cm_S10,2026-04-02T20:45:10.073547,24,41,167,233,252,116,362,355,353,240,41,32,11,25,134,170,189,86,274,271,272,180,27,18,6,15,95,126,139,57,198,195,190,124,16,9,11,26,127,173,180,83,269,274,274,180,28,18,21,37,162,203,229,109,334,335,333,220,40,28,6,15,87,118,122,52,177,177,185,120,14,9,24,44,176,236,249,113,355,354,364,226,38,35,20,34,140,188,203,97,294,298,302,200,31,25,15.38,29.62,136.0,180.88,195.38,89.12,282.88,282.38,284.12,186.25,29.38,21.75
Concrete_0cm_S10,2026-04-02T20:45:10.223641,24,41,167,233,252,116,362,355,354,240,41,32,12,25,134,170,189,86,275,272,273,181,27,18,6,15,95,125,139,58,198,195,190,124,16,9,11,26,127,173,180,83,269,274,274,180,28,18,21,37,162,203,229,109,334,335,333,220,40,28,6,15,87,118,122,52,177,177,185,120,14,9,24,44,176,236,250,113,356,355,364,226,39,35,20,34,140,188,202,97,294,298,302,200,31,25,15.5,29.62,136.0,180.75,195.38,89.25,283.12,282.62,284.38,186.38,29.5,21.75
Concrete_0cm_S10,2026-04-02T20:45:10.384216,24,41,167,233,252,116,362,355,353,240,41,32,12,25,134,170,189,86,274,271,272,180,27,18,6,15,95,125,139,57,197,194,190,124,16,9,11,26,126,173,180,83,269,273,273,180,28,18,21,37,162,202,228,109,333,334,333,220,40,28,5,15,87,118,122,52,177,177,184,120,14,9,24,44,175,236,249,113,355,355,363,226,38,35,20,34,140,188,203,98,294,298,302,200,31,25,15.38,29.62,135.75,180.62,195.25,89.25,282.62,282.12,283.75,186.25,29.38,21.75
Concrete_0cm_S10,2026-04-02T20:45:10.538913,24,41,167,233,252,116,362,355,353,240,41,32,12,25,134,170,189,86,274,271,272,180,27,18,6,15,95,125,139,57,197,194,190,124,16,9,11,26,126,173,180,83,269,273,273,180,28,18,21,37,162,202,228,109,333,334,333,220,40,28,5,15,87,118,122,52,177,177,184,120,14,9,24,44,175,236,249,113,355,355,363,226,38,35,20,34,140,188,203,98,294,298,302,200,31,25,15.38,29.62,135.75,180.62,195.25,89.25,282.62,282.12,283.75,186.25,29.38,21.75
Concrete_0cm_S10,2026-04-02T20:45:10.681261,24,41,167,233,252,116,362,355,353,240,41,32,12,25,134,170,189,86,274,271,272,180,27,18,6,15,95,125,139,57,197,194,190,124,16,9,11,26,126,173,180,83,269,273,273,180,28,18,21,37,162,202,228,109,333,334,333,220,40,28,5,15,87,118,122,52,177,177,184,120,14,9,24,44,175,236,249,113,355,355,363,226,38,35,20,34,140,188,203,98,294,298,302,200,31,25,15.38,29.62,135.75,180.62,195.25,89.25,282.62,282.12,283.75,186.25,29.38,21.75
Concrete_0cm_S10,2026-04-02T20:45:10.835076,24,41,167,233,252,116,362,355,353,240,41,32,12,25,134,170,189,86,274,271,272,180,27,18,6,15,95,125,139,57,197,194,190,124,16,9,11,26,126,173,179,83,268,273,273,180,28,18,21,37,162,202,228,109,333,334,333,220,40,28,5,15,87,118,122,52,177,177,184,120,14,9,24,44,175,236,249,113,355,355,363,226,38,35,20,34,140,188,203,98,294,298,302,200,31,25,15.38,29.62,135.75,180.62,195.12,89.25,282.5,282.12,283.75,186.25,29.38,21.75
Concrete_0cm_S10,2026-04-02T20:45:11.014425,24,41,167,233,252,116,362,355,353,240,41,32,12,25,134,170,189,86,274,271,272,180,27,18,6,15,95,125,139,57,197,194,190,124,16,9,11,26,126,173,179,83,268,273,273,180,28,18,21,37,162,202,228,109,333,334,333,220,40,28,5,15,87,118,122,52,177,177,184,120,14,9,24,44,175,236,249,113,355,355,363,226,38,35,20,34,140,188,203,98,294,298,302,200,31,25,15.38,29.62,135.75,180.62,195.12,89.25,282.5,282.12,283.75,186.25,29.38,21.75
Concrete_0cm_S10,2026-04-02T20:45:11.169497,24,41,166,233,252,116,362,355,353,241,41,32,12,25,134,170,189,86,273,271,272,180,27,18,6,15,95,125,139,57,197,194,190,124,16,9,11,26,126,173,179,83,268,273,273,180,28,18,21,37,162,202,228,109,333,334,333,220,40,28,5,15,87,118,122,52,177,177,184,120,14,9,24,44,175,236,249,113,355,355,363,226,38,35,20,34,140,188,203,98,294,298,302,200,31,25,15.38,29.62,135.62,180.62,195.12,89.25,282.38,282.12,283.75,186.38,29.38,21.75
Concrete_0cm_S10,2026-04-02T20:45:11.339834,24,41,166,233,252,116,362,355,353,241,41,32,12,25,134,170,189,86,273,271,272,180,27,18,6,15,95,125,139,57,197,194,190,124,16,9,11,26,126,173,179,83,268,273,273,180,28,18,21,37,162,202,228,109,333,334,333,220,40,28,5,15,87,118,121,52,177,177,184,120,14,9,24,44,175,236,249,113,355,354,364,226,38,35,20,34,139,188,202,97,294,298,302,200,31,25,15.38,29.62,135.5,180.62,194.88,89.12,282.38,282.0,283.88,186.38,29.38,21.75
Concrete_0cm_S10,2026-04-02T20:45:11.485819,24,41,167,233,252,116,362,355,353,240,41,32,11,25,134,170,189,86,273,271,272,181,27,18,6,15,95,126,139,57,197,194,190,124,16,9,11,26,126,173,179,83,268,273,273,180,28,18,21,37,162,202,229,109,334,335,333,220,40,28,5,15,87,118,122,52,177,177,185,120,14,9,24,44,176,236,249,113,356,355,363,226,39,35,20,34,139,188,202,97,294,298,302,200,31,25,15.25,29.62,135.75,180.75,195.12,89.12,282.62,282.25,283.88,186.38,29.5,21.75
Concrete_0cm_S10,2026-04-02T20:45:11.644676,24,41,167,233,252,116,362,355,353,240,41,32,11,25,134,170,189,86,273,271,272,181,27,18,6,15,95,125,139,57,197,194,190,124,16,9,11,26,126,172,179,83,268,273,273,180,28,18,21,37,162,202,229,109,333,334,333,220,40,28,5,15,87,118,122,52,176,177,185,120,14,9,24,44,175,236,249,113,355,354,363,226,38,34,20,34,140,188,202,97,294,298,302,200,31,25,15.25,29.62,135.75,180.5,195.12,89.12,282.25,282.0,283.88,186.38,29.38,21.62
Concrete_0cm_S10,2026-04-02T20:45:11.809744,24,41,167,233,252,116,362,354,353,240,41,32,11,25,134,170,189,85,274,271,272,180,27,18,6,15,95,125,139,57,197,194,190,124,16,9,11,26,126,173,179,83,268,273,273,180,28,18,21,37,162,202,229,109,333,334,333,220,40,28,6,15,87,118,122,52,177,177,184,120,14,9,24,44,175,236,249,113,355,354,364,226,39,34,20,34,140,188,202,97,294,298,302,200,31,25,15.38,29.62,135.75,180.62,195.12,89.0,282.5,281.88,283.88,186.25,29.5,21.62
Concrete_0cm_S10,2026-04-02T20:45:12.013295,24,41,167,233,252,116,362,354,353,240,41,32,11,25,134,170,189,85,274,271,272,180,27,18,6,15,95,125,139,57,197,194,190,124,16,9,11,26,126,173,179,83,268,273,273,180,28,18,21,37,162,202,229,109,333,334,333,220,40,28,6,15,87,118,122,52,177,177,184,120,14,9,24,44,175,236,249,113,355,354,364,226,39,34,20,34,140,188,202,97,294,298,302,200,31,25,15.38,29.62,135.75,180.62,195.12,89.0,282.5,281.88,283.88,186.25,29.5,21.62
Concrete_0cm_S10,2026-04-02T20:45:12.164926,24,41,167,233,252,116,362,354,353,240,41,32,11,25,134,170,189,85,274,271,272,180,27,18,6,15,95,125,139,57,197,194,190,124,16,9,11,26,126,173,179,83,268,273,273,180,28,18,21,37,162,202,229,109,333,334,333,220,40,28,6,15,87,118,122,52,177,177,184,120,14,9,24,44,175,236,249,113,355,354,364,226,39,34,20,34,140,188,202,97,294,298,302,200,31,25,15.38,29.62,135.75,180.62,195.12,89.0,282.5,281.88,283.88,186.25,29.5,21.62
Concrete_0cm_S10,2026-04-02T20:45:12.305188,24,41,166,233,252,116,362,355,353,240,41,32,12,25,134,170,189,86,274,271,272,180,27,18,6,15,95,125,139,58,197,194,190,124,16,9,11,26,126,173,179,83,268,273,273,180,28,18,21,37,161,202,228,109,333,334,333,220,40,28,5,15,87,118,122,52,178,177,185,120,14,9,24,44,176,236,249,113,356,355,364,226,38,34,20,34,140,188,203,97,294,298,302,200,31,25,15.38,29.62,135.62,180.62,195.12,89.25,282.75,282.12,284.0,186.25,29.38,21.62
Concrete_0cm_S10,2026-04-02T20:45:12.459199,24,41,166,233,252,116,362,355,353,240,41,32,12,25,134,170,189,86,274,271,272,180,27,18,6,15,95,125,139,58,197,194,190,124,16,9,11,26,126,173,179,83,268,273,273,180,28,18,21,37,162,202,228,109,333,334,332,220,40,28,5,15,87,118,122,52,177,177,185,120,14,9,24,44,175,236,249,113,355,355,363,226,38,34,20,34,140,188,203,97,294,298,302,200,31,25,15.38,29.62,135.62,180.62,195.12,89.25,282.5,282.12,283.75,186.25,29.38,21.62
Concrete_0cm_S10,2026-04-02T20:45:12.597488,24,41,166,233,252,116,362,355,353,240,41,32,12,25,134,170,189,86,274,271,272,180,27,18,6,15,95,125,139,58,197,194,190,124,16,9,11,26,126,173,179,83,268,273,273,180,28,18,21,37,162,202,228,109,333,334,332,220,40,28,5,15,87,118,122,52,177,177,185,120,14,9,24,44,175,236,249,113,355,355,363,226,38,34,20,34,140,188,203,97,294,298,302,200,31,25,15.38,29.62,135.62,180.62,195.12,89.25,282.5,282.12,283.75,186.25,29.38,21.62
Concrete_0cm_S10,2026-04-02T20:45:12.742541,24,41,167,233,252,116,362,355,353,240,41,32,11,25,134,170,188,86,273,271,272,180,27,18,6,15,95,125,139,57,197,194,190,124,16,9,11,26,126,173,179,83,268,273,273,180,28,18,21,37,162,202,228,109,333,334,333,220,40,28,5,15,87,118,122,52,177,177,185,120,14,9,24,44,176,236,249,113,355,355,364,226,38,34,20,34,140,188,202,97,294,298,302,200,31,25,15.25,29.62,135.88,180.62,194.88,89.12,282.38,282.12,284.0,186.25,29.38,21.62
Concrete_0cm_S10,2026-04-02T20:45:12.913499,24,41,167,233,252,116,362,355,353,240,41,32,12,25,134,170,189,86,274,271,272,180,27,18,6,15,95,125,139,57,197,194,190,124,16,9,11,26,126,173,179,83,268,273,273,180,28,18,21,37,162,202,229,109,333,334,332,220,40,28,6,15,87,118,122,52,177,177,185,120,14,9,24,44,175,236,249,113,356,354,364,226,38,34,20,34,140,188,202,97,293,298,302,200,31,25,15.5,29.62,135.75,180.62,195.12,89.12,282.5,282.0,283.88,186.25,29.38,21.62
Concrete_0cm_S10,2026-04-02T20:45:13.080457,24,41,167,233,252,116,362,355,354,240,41,32,12,25,134,170,189,85,274,271,272,180,27,18,6,15,95,125,139,57,197,194,190,124,16,9,11,26,126,173,179,83,268,273,273,180,28,18,21,37,162,202,229,109,333,334,332,220,40,28,6,15,87,118,122,52,177,177,185,120,14,9,24,44,175,236,249,113,356,354,364,226,38,34,20,34,140,188,202,97,293,298,302,200,31,25,15.5,29.62,135.75,180.62,195.12,89.0,282.5,282.0,284.0,186.25,29.38,21.62
Concrete_0cm_S10,2026-04-02T20:45:13.227426,24,41,167,233,252,116,362,355,354,240,41,32,12,25,134,170,189,85,274,271,272,180,27,18,6,15,95,125,139,57,197,194,190,124,16,9,11,26,126,173,179,83,268,273,273,180,28,18,21,37,162,202,229,109,333,334,332,220,40,28,6,15,87,118,122,52,177,177,185,120,14,9,24,44,175,236,249,113,356,354,364,226,38,34,20,34,140,188,202,97,293,298,302,200,31,25,15.5,29.62,135.75,180.62,195.12,89.0,282.5,282.0,284.0,186.25,29.38,21.62
Concrete_0cm_S10,2026-04-02T20:45:13.389827,24,41,167,233,252,116,362,354,353,240,41,32,12,25,134,170,189,86,274,271,272,180,27,18,6,15,95,125,139,57,197,194,190,124,16,9,11,26,126,173,179,83,268,273,273,180,28,18,21,37,162,202,228,109,333,334,332,220,40,28,5,15,87,118,122,52,177,178,185,120,14,9,24,44,175,236,249,113,355,354,363,226,38,34,20,34,140,188,203,98,294,298,302,200,31,25,15.38,29.62,135.75,180.62,195.12,89.25,282.5,282.0,283.75,186.25,29.38,21.62
Concrete_0cm_S10,2026-04-02T20:45:13.542790,24,41,167,233,252,116,362,354,353,240,41,32,11,25,134,170,189,85,274,271,272,180,27,18,6,15,95,125,139,57,197,194,190,124,16,9,11,26,126,173,179,83,269,273,273,180,28,18,21,37,162,202,228,109,333,334,332,220,40,28,5,15,87,118,122,52,177,178,185,120,14,9,24,44,175,236,249,113,355,354,364,226,39,34,20,34,140,188,202,97,294,298,302,200,31,25,15.25,29.62,135.75,180.62,195.0,89.0,282.62,282.0,283.88,186.25,29.5,21.62
Concrete_0cm_S10,2026-04-02T20:45:13.685772,24,41,167,233,251,116,362,354,353,240,41,32,12,25,134,170,189,86,273,271,272,180,27,18,6,15,95,125,139,57,197,194,190,124,16,9,11,26,126,173,180,83,269,273,273,179,28,18,21,37,162,202,228,109,333,334,333,220,40,28,5,15,87,118,122,52,177,177,185,120,14,9,24,44,176,236,249,113,355,354,364,226,38,34,20,34,140,188,203,96,294,298,302,200,31,25,15.38,29.62,135.88,180.62,195.12,89.0,282.5,281.88,284.0,186.12,29.38,21.62
Concrete_0cm_S10,2026-04-02T20:45:13.850970,24,41,167,233,252,116,362,355,353,240,41,32,12,25,134,170,188,85,273,271,272,180,27,18,6,15,95,125,139,57,197,194,190,124,16,9,11,26,126,173,180,83,269,273,273,179,28,18,21,37,162,202,228,109,333,334,333,220,40,28,5,15,87,118,122,52,178,178,185,120,14,9,24,44,175,236,249,113,355,354,363,226,38,35,20,34,140,188,202,98,294,298,302,200,31,25,15.38,29.62,135.75,180.62,195.0,89.12,282.62,282.12,283.88,186.12,29.38,21.75
Concrete_0cm_S10,2026-04-02T20:45:14.011406,24,41,167,233,252,116,362,355,353,240,41,32,12,25,134,170,188,85,273,271,272,180,27,18,6,15,95,125,139,57,197,194,190,124,16,9,11,26,126,173,179,83,267,273,273,180,28,18,21,37,161,202,228,109,333,334,333,220,40,28,6,15,87,118,122,52,177,177,185,120,14,9,24,44,175,236,249,113,355,354,363,226,39,34,20,34,140,188,202,98,294,298,302,200,31,25,15.5,29.62,135.62,180.62,194.88,89.12,282.25,282.0,283.88,186.25,29.5,21.62
Concrete_0cm_S10,2026-04-02T20:45:14.170954,24,41,166,233,252,116,362,354,353,240,41,32,11,25,134,170,189,85,273,271,272,180,27,18,6,15,95,125,139,57,197,194,189,124,16,9,11,26,126,173,179,83,268,273,273,180,28,18,21,37,161,202,228,109,333,334,333,220,40,28,5,15,87,118,122,52,177,177,185,120,14,9,24,44,175,236,249,113,355,354,363,226,39,34,20,34,140,188,202,97,294,298,302,200,31,25,15.25,29.62,135.5,180.62,195.0,89.0,282.38,281.88,283.75,186.25,29.5,21.62
Concrete_0cm_S10,2026-04-02T20:45:14.339445,24,41,167,233,252,116,362,355,353,240,41,32,12,25,134,170,189,85,273,271,271,180,27,18,6,15,95,125,139,57,197,194,190,124,16,9,11,26,127,173,179,83,268,273,273,180,28,18,21,36,162,202,229,109,333,334,333,220,40,28,5,15,87,118,122,52,177,177,184,120,14,9,24,44,176,236,249,113,355,355,363,227,38,34,20,34,140,188,203,97,294,298,302,200,31,25,15.38,29.5,136.0,180.62,195.25,89.0,282.38,282.12,283.62,186.38,29.38,21.62
Concrete_0cm_S10,2026-04-02T20:45:14.488027,24,41,167,233,252,116,362,355,353,240,41,32,12,25,134,170,189,85,273,271,271,180,27,18,6,15,95,125,139,57,197,194,190,124,16,9,11,26,127,173,179,83,268,273,273,180,28,18,21,37,162,202,229,109,333,334,333,220,40,28,5,15,87,118,122,52,177,177,185,120,14,9,24,44,175,236,249,113,355,355,364,226,39,34,20,34,139,188,202,97,293,298,302,200,31,25,15.38,29.62,135.75,180.62,195.12,89.0,282.25,282.12,283.88,186.25,29.5,21.62
Concrete_0cm_S10,2026-04-02T20:45:14.671212,24,41,167,233,252,116,362,355,353,240,41,32,12,25,134,170,189,85,273,271,271,180,27,18,6,15,95,125,139,57,197,194,190,124,16,9,11,26,127,173,179,83,268,273,273,180,28,18,21,37,162,202,229,109,333,334,333,220,40,28,5,15,87,118,122,52,177,177,185,120,14,9,24,44,175,236,249,113,355,355,364,226,39,34,20,34,139,188,202,97,293,298,302,200,31,25,15.38,29.62,135.75,180.62,195.12,89.0,282.25,282.12,283.88,186.25,29.5,21.62
Concrete_0cm_S10,2026-04-02T20:45:14.832419,24,41,166,233,252,116,363,355,353,240,41,32,12,25,134,170,189,86,274,271,272,180,27,18,6,15,95,125,139,57,197,194,190,124,16,9,11,26,127,173,179,83,268,273,273,180,28,18,21,37,162,202,229,109,333,334,333,220,40,28,5,15,87,118,122,52,177,177,185,120,14,9,24,44,175,236,249,113,355,355,364,226,39,34,20,34,139,188,202,97,293,298,302,200,31,25,15.38,29.62,135.62,180.62,195.12,89.12,282.5,282.12,284.0,186.25,29.5,21.62
Concrete_0cm_S10,2026-04-02T20:45:14.988444,24,41,166,233,252,116,363,355,353,240,41,32,12,25,134,170,189,86,274,271,272,180,27,18,6,15,95,125,139,57,197,194,189,124,16,9,11,26,126,173,179,83,268,273,273,180,28,18,21,37,161,202,228,109,333,334,333,220,40,28,5,15,87,118,122,52,177,177,184,120,14,9,23,44,175,236,249,112,355,355,364,226,39,34,19,34,140,188,202,97,294,298,302,200,31,25,15.12,29.62,135.5,180.62,195.0,89.0,282.62,282.12,283.75,186.25,29.5,21.62
Concrete_0cm_S10,2026-04-02T20:45:15.150325,24,41,167,233,252,116,363,355,353,240,41,32,12,25,134,170,188,86,274,271,272,180,27,18,6,15,95,125,139,57,197,194,190,124,16,9,11,26,126,173,179,83,268,273,273,180,28,18,21,37,162,202,229,109,333,334,332,220,40,28,6,15,87,118,122,52,177,177,185,120,14,9,23,44,175,236,249,112,355,355,364,226,39,34,19,34,140,188,202,97,294,298,302,200,31,25,15.25,29.62,135.75,180.62,195.0,89.0,282.62,282.12,283.88,186.25,29.5,21.62
Concrete_0cm_S10,2026-04-02T20:45:15.303928,24,41,167,233,252,116,361,354,353,240,41,32,12,25,134,170,189,85,273,271,272,180,27,18,6,15,95,125,139,57,197,194,190,124,16,9,11,26,126,172,179,83,268,273,273,179,28,18,21,37,162,202,229,109,333,334,332,220,40,28,5,15,87,118,122,52,178,177,185,120,14,9,24,44,176,236,249,113,355,355,363,226,38,34,20,34,139,188,202,97,294,298,302,200,31,25,15.38,29.62,135.75,180.5,195.12,89.0,282.38,282.0,283.75,186.12,29.38,21.62
Concrete_0cm_S10,2026-04-02T20:45:15.458036,24,41,167,233,252,116,362,354,353,240,41,32,12,25,134,170,188,86,274,271,272,180,27,18,6,15,95,125,139,57,197,194,190,124,16,9,11,26,126,172,179,83,268,273,273,180,28,18,21,37,162,202,228,109,333,334,333,220,40,28,5,15,87,118,122,52,177,177,185,120,14,9,24,44,175,236,249,113,355,354,363,226,38,34,20,34,140,188,203,97,293,297,302,200,31,25,15.38,29.62,135.75,180.5,195.0,89.12,282.38,281.75,283.88,186.25,29.38,21.62
Concrete_0cm_S10,2026-04-02T20:45:15.612761,24,41,167,233,252,116,362,355,353,240,41,32,12,25,134,170,189,86,273,271,272,180,27,18,6,15,95,125,139,57,197,194,189,124,16,9,11,26,126,172,179,83,268,273,273,180,28,18,21,37,161,202,228,109,333,334,333,220,40,28,5,15,87,118,122,53,177,177,185,121,14,9,24,44,176,236,249,113,355,354,363,226,38,34,20,34,140,189,202,97,293,298,302,200,31,25,15.38,29.62,135.75,180.62,195.0,89.25,282.25,282.0,283.75,186.38,29.38,21.62
Concrete_0cm_S10,2026-04-02T20:45:15.778982,24,41,167,233,252,116,362,355,353,240,41,32,12,25,134,170,189,85,274,271,272,180,27,18,6,15,95,125,139,57,197,194,190,124,16,9,11,26,126,173,179,83,268,273,273,180,28,18,21,37,162,202,228,109,333,334,333,220,40,28,6,15,87,118,122,52,177,177,185,121,14,9,24,44,175,236,249,113,355,355,363,226,38,34,19,34,140,189,203,97,294,298,302,200,31,25,15.38,29.62,135.75,180.75,195.12,89.0,282.5,282.12,283.88,186.38,29.38,21.62
Concrete_0cm_S10,2026-04-02T20:45:15.950291,24,41,167,233,252,116,362,355,353,240,41,32,12,25,134,170,189,85,274,271,272,180,27,18,6,15,95,125,139,57,197,194,190,124,16,9,11,26,126,173,179,83,268,273,273,180,28,18,21,37,162,202,228,109,333,334,333,220,40,28,6,15,87,118,122,52,177,177,185,121,14,9,24,44,175,236,249,113,355,355,363,226,38,34,19,34,140,189,203,97,294,298,302,200,31,25,15.38,29.62,135.75,180.75,195.12,89.0,282.5,282.12,283.88,186.38,29.38,21.62
Concrete_0cm_S10,2026-04-02T20:45:16.104838,24,41,167,233,252,116,362,355,353,240,41,32,12,25,134,170,189,85,274,271,272,180,27,18,6,15,95,125,139,57,197,194,190,124,16,9,11,26,126,173,179,83,268,273,273,180,28,18,21,37,162,202,228,109,333,334,333,220,40,28,6,15,87,118,122,52,177,177,185,121,14,9,24,44,175,236,249,113,355,355,363,226,38,34,19,34,140,189,203,97,294,298,302,200,31,25,15.38,29.62,135.75,180.75,195.12,89.0,282.5,282.12,283.88,186.38,29.38,21.62
Concrete_0cm_S10,2026-04-02T20:45:16.257941,24,41,167,233,252,116,362,355,353,240,41,32,12,25,134,170,189,85,274,271,272,180,27,18,6,15,95,125,139,57,197,194,190,124,16,9,11,26,126,173,179,83,269,272,273,180,28,18,21,37,162,202,229,109,335,335,333,220,40,28,6,15,87,118,122,52,177,178,185,120,14,9,24,44,175,236,249,113,356,355,363,227,39,34,19,34,140,189,203,97,294,298,302,200,31,25,15.38,29.62,135.75,180.75,195.25,89.0,283.0,282.25,283.88,186.38,29.5,21.62
Concrete_0cm_S10,2026-04-02T20:45:16.404399,24,41,167,233,252,116,362,354,353,240,41,32,11,25,134,170,189,86,273,271,272,180,27,18,6,15,95,125,139,57,197,194,190,124,16,9,11,26,126,173,179,83,268,273,273,180,28,18,21,37,162,202,229,109,334,335,333,220,40,28,6,15,87,118,122,52,177,178,185,120,14,9,24,44,175,236,249,113,355,354,363,226,38,35,20,34,140,188,203,98,294,298,302,200,31,25,15.38,29.62,135.75,180.62,195.25,89.25,282.5,282.12,283.88,186.25,29.38,21.75
Concrete_0cm_S10,2026-04-02T20:45:16.559736,24,41,166,233,252,116,362,355,353,240,42,32,11,25,134,170,189,86,273,271,272,180,27,18,6,15,95,125,139,57,197,194,190,124,16,9,11,26,126,173,179,83,268,273,273,180,28,18,21,37,162,202,229,109,334,335,333,220,40,28,6,15,87,118,122,52,178,177,185,120,14,9,23,44,175,236,249,113,355,354,363,226,38,35,20,34,140,188,202,97,294,298,302,200,31,25,15.25,29.62,135.62,180.62,195.12,89.12,282.62,282.12,283.88,186.25,29.5,21.75
Concrete_0cm_S10,2026-04-02T20:45:16.713209,24,41,166,233,252,116,362,355,353,240,42,32,12,25,134,170,189,85,273,271,272,180,27,18,6,15,95,125,139,57,197,194,190,124,16,9,11,26,126,173,179,83,268,273,273,180,28,18,21,37,162,202,229,109,334,335,333,220,40,28,6,15,87,118,122,52,178,177,185,120,14,9,23,44,175,236,249,113,355,354,363,226,38,35,20,34,140,188,202,97,294,298,302,200,31,25,15.38,29.62,135.62,180.62,195.12,89.0,282.62,282.12,283.88,186.25,29.5,21.75
Concrete_0cm_S10,2026-04-02T20:45:16.895262,24,41,167,233,252,116,363,355,353,240,41,32,11,25,134,170,188,85,273,271,272,180,27,18,6,15,95,125,139,57,197,194,190,124,16,9,11,26,126,173,179,83,268,273,273,180,28,18,21,37,162,202,229,109,334,335,333,220,40,28,6,15,87,118,122,52,178,177,185,120,14,9,23,44,175,236,249,113,355,354,363,226,38,35,20,34,140,188,202,97,294,298,302,200,31,25,15.25,29.62,135.75,180.62,195.0,89.0,282.75,282.12,283.88,186.25,29.38,21.75
Concrete_0cm_S10,2026-04-02T20:45:17.047128,24,41,167,233,252,116,362,354,354,240,41,32,11,25,134,170,188,85,273,271,272,180,27,18,6,15,95,125,139,57,197,194,190,124,16,9,11,26,126,173,180,83,269,273,273,180,28,18,21,37,162,202,228,109,333,335,333,220,40,28,5,15,87,118,122,52,177,177,184,120,14,9,24,44,175,236,249,113,356,354,363,226,38,34,20,34,140,188,203,97,294,298,302,200,31,25,15.25,29.62,135.75,180.62,195.12,89.0,282.62,282.0,283.88,186.25,29.38,21.62
Concrete_0cm_S10,2026-04-02T20:45:17.184304,24,41,167,233,252,116,362,354,353,240,41,32,11,25,134,170,189,86,273,271,272,180,27,18,6,15,95,125,139,57,197,194,190,124,16,9,11,26,126,173,179,83,268,273,273,180,28,18,21,37,162,202,229,109,333,334,333,220,40,28,5,15,87,118,122,52,177,177,185,120,14,9,24,44,175,236,249,113,356,355,363,226,38,34,19,34,140,188,202,97,294,298,302,200,31,25,15.12,29.62,135.75,180.62,195.12,89.12,282.5,282.0,283.88,186.25,29.38,21.62
Concrete_0cm_S10,2026-04-02T20:45:17.341633,24,41,167,233,252,116,362,354,353,240,41,32,11,25,134,170,189,85,273,271,272,180,27,18,6,15,95,125,139,57,197,194,190,124,16,9,11,26,126,173,179,83,269,273,273,179,28,18,21,37,162,202,229,109,333,334,333,220,40,28,6,15,87,118,122,52,177,177,184,120,14,9,23,44,176,236,249,112,355,355,363,226,38,34,20,34,140,188,203,97,294,298,302,200,31,25,15.25,29.62,135.88,180.62,195.25,88.88,282.5,282.0,283.75,186.12,29.38,21.62
Concrete_0cm_S10,2026-04-02T20:45:17.495675,24,41,167,233,252,116,362,354,353,240,41,32,11,25,134,170,189,85,273,271,272,180,27,18,6,15,95,125,139,57,197,194,190,124,16,9,11,26,126,173,179,83,268,273,273,180,28,18,21,37,162,203,229,109,334,335,333,220,40,28,5,15,87,118,122,52,177,177,185,120,14,9,24,44,176,236,249,113,356,355,364,226,38,34,20,34,140,188,203,97,294,298,302,200,31,25,15.25,29.62,135.88,180.75,195.25,89.0,282.62,282.12,284.0,186.25,29.38,21.62
Concrete_0cm_S10,2026-04-02T20:45:17.636461,24,41,166,233,252,116,362,355,353,240,41,32,12,25,134,170,188,86,274,271,272,180,27,18,6,15,95,125,139,57,197,194,190,124,16,9,11,26,126,173,179,83,268,273,273,179,28,18,21,37,162,203,229,109,334,335,333,220,40,28,5,15,87,118,122,52,177,177,185,120,14,9,24,44,175,236,249,113,355,355,363,227,38,35,20,34,140,189,203,97,294,298,302,200,31,25,15.38,29.62,135.62,180.88,195.12,89.12,282.62,282.25,283.88,186.25,29.38,21.75
Concrete_0cm_S10,2026-04-02T20:45:17.826623,24,41,166,233,252,116,362,355,353,240,41,32,12,25,134,170,188,86,274,271,272,180,27,18,6,15,95,125,139,57,197,194,190,124,16,9,11,26,127,173,179,83,268,273,273,180,28,18,21,37,162,202,228,109,333,335,333,220,40,28,5,15,87,118,122,52,177,177,185,120,14,9,24,44,175,236,249,113,355,355,363,227,38,35,20,34,140,189,203,97,294,298,302,200,31,25,15.38,29.62,135.75,180.75,195.0,89.12,282.5,282.25,283.88,186.38,29.38,21.75
Concrete_0cm_S10,2026-04-02T20:45:18.003268,24,41,167,233,252,116,362,355,353,240,41,32,12,25,134,170,189,85,274,271,272,180,27,18,6,15,95,125,139,57,197,194,189,124,16,9,11,26,127,173,179,83,268,273,273,180,28,18,21,37,162,202,228,109,333,335,333,220,40,28,5,15,87,118,122,52,177,177,185,120,14,9,24,44,176,236,249,113,356,354,363,226,37,34,19,34,140,188,203,97,294,298,302,200,31,25,15.25,29.62,136.0,180.62,195.12,89.0,282.62,282.12,283.75,186.25,29.25,21.62
Concrete_0cm_S10,2026-04-02T20:45:18.141198,24,41,167,233,252,116,362,355,353,240,41,32,12,25,134,170,189,85,274,271,272,180,27,18,6,15,95,125,139,57,197,194,189,124,16,9,11,26,127,173,179,83,268,273,273,180,28,18,21,37,162,202,228,109,333,335,333,220,40,28,5,15,87,118,122,52,177,177,185,120,14,9,24,44,176,236,249,113,356,354,363,226,37,34,19,34,140,188,203,97,294,298,302,200,31,25,15.25,29.62,136.0,180.62,195.12,89.0,282.62,282.12,283.75,186.25,29.25,21.62
Concrete_0cm_S10,2026-04-02T20:45:18.290284,24,41,167,233,252,116,362,355,353,241,41,32,11,25,133,170,188,85,273,271,272,180,27,18,6,15,95,125,139,57,197,194,190,124,16,9,11,26,126,173,179,83,268,273,273,180,28,18,21,37,162,202,228,109,333,334,333,220,40,28,5,15,87,118,122,52,177,177,184,120,14,9,24,44,175,236,249,113,355,354,363,226,39,34,20,34,140,188,203,97,294,298,302,200,31,25,15.25,29.62,135.62,180.62,195.0,89.0,282.38,282.0,283.75,186.38,29.5,21.62
Concrete_0cm_S10,2026-04-02T20:45:18.432362,24,41,167,233,252,116,362,355,353,241,41,32,12,25,134,170,189,86,274,271,272,180,27,18,6,15,95,125,139,57,197,194,190,124,16,9,11,26,127,173,179,83,268,273,273,180,28,18,21,37,161,202,229,109,333,334,333,220,40,28,6,15,87,118,122,52,177,177,185,120,14,9,24,44,175,236,249,113,356,355,363,226,38,34,19,34,140,188,203,97,294,298,302,200,31,25,15.38,29.62,135.75,180.62,195.25,89.12,282.62,282.12,283.88,186.38,29.38,21.62
Concrete_0cm_S10,2026-04-02T20:45:18.617718,24,41,167,233,252,116,362,355,354,240,41,32,12,25,134,170,189,85,273,271,272,180,27,18,6,15,95,125,139,57,197,194,190,124,16,9,11,26,126,173,179,83,269,273,273,180,28,18,21,37,162,202,229,109,333,334,333,220,40,28,6,15,87,118,122,52,177,177,185,120,14,9,24,44,175,236,249,113,356,355,363,226,38,34,19,34,140,188,203,97,294,298,302,200,31,25,15.38,29.62,135.75,180.62,195.25,89.0,282.62,282.12,284.0,186.25,29.38,21.62
Concrete_0cm_S10,2026-04-02T20:45:18.767424,24,41,167,233,252,116,362,355,354,240,41,32,12,25,134,170,189,85,273,271,272,180,27,18,6,15,95,125,139,57,197,194,190,124,16,9,11,26,126,173,179,83,269,273,273,180,28,18,21,37,162,202,229,109,333,334,333,220,40,28,6,15,87,118,122,52,177,177,185,120,14,9,24,44,175,236,249,113,356,355,363,226,38,34,19,34,140,188,203,97,294,298,302,200,31,25,15.38,29.62,135.75,180.62,195.25,89.0,282.62,282.12,284.0,186.25,29.38,21.62
Concrete_0cm_S10,2026-04-02T20:45:18.916921,24,41,167,233,252,116,362,355,354,240,41,32,12,25,134,170,189,85,273,271,272,180,27,18,6,15,95,125,139,57,197,194,190,124,16,9,11,26,126,173,179,83,269,273,273,180,28,18,21,37,162,202,228,109,333,335,333,220,40,28,5,15,87,118,122,52,177,177,185,120,14,9,24,44,175,236,249,113,356,355,363,226,38,34,19,34,140,188,203,97,294,298,302,200,31,25,15.25,29.62,135.75,180.62,195.12,89.0,282.62,282.25,284.0,186.25,29.38,21.62
Concrete_0cm_S10,2026-04-02T20:45:19.069715,24,41,167,233,252,116,362,355,354,240,41,32,12,25,134,170,189,85,273,271,272,180,27,18,6,15,95,125,139,57,197,194,190,124,16,9,11,26,126,173,179,83,269,273,273,180,28,18,21,37,162,202,228,109,333,335,333,220,40,28,6,15,87,118,122,52,177,177,185,120,14,9,24,44,175,236,249,113,356,355,363,226,38,34,19,34,140,188,203,97,294,298,302,200,31,25,15.38,29.62,135.75,180.62,195.12,89.0,282.62,282.25,284.0,186.25,29.38,21.62
Concrete_0cm_S10,2026-04-02T20:45:19.230399,24,41,166,233,252,116,362,355,354,240,41,32,12,25,134,170,188,86,274,271,272,180,27,18,6,15,95,125,139,57,197,194,189,124,16,9,11,26,126,173,179,83,268,273,273,180,28,18,21,37,162,202,228,109,333,335,333,220,40,28,6,15,87,118,122,52,177,177,185,120,14,9,24,44,175,236,249,113,356,354,364,226,38,34,20,34,140,188,203,97,294,298,302,200,31,25,15.5,29.62,135.62,180.62,195.0,89.12,282.62,282.12,284.0,186.25,29.38,21.62
Concrete_0cm_S10,2026-04-02T20:45:19.378893,24,41,167,233,252,116,362,355,353,240,41,32,12,25,133,170,189,86,273,271,272,180,27,18,6,15,95,125,139,57,197,194,190,124,16,9,11,26,126,173,179,83,268,273,273,180,28,18,21,37,162,202,228,109,334,335,333,220,40,28,6,15,87,118,122,52,177,178,185,120,14,9,24,44,175,236,249,113,355,355,364,226,38,34,19,34,140,189,203,97,294,298,303,200,31,25,15.38,29.62,135.62,180.75,195.12,89.12,282.5,282.38,284.12,186.25,29.38,21.62
Concrete_0cm_S10,2026-04-02T20:45:19.586624,24,41,167,233,252,116,362,355,353,240,41,32,11,25,134,170,189,85,273,271,272,180,27,18,6,15,95,125,139,57,197,194,190,124,16,9,11,26,127,173,179,83,269,273,273,180,28,18,21,37,162,202,229,109,334,334,333,220,40,28,5,15,87,118,122,52,177,177,185,120,14,9,24,44,176,236,249,113,355,354,363,226,39,34,20,34,140,189,203,97,294,298,302,200,31,25,15.25,29.62,136.0,180.75,195.25,89.0,282.62,282.0,283.88,186.25,29.5,21.62
Concrete_0cm_S10,2026-04-02T20:45:19.741051,24,41,167,233,252,116,362,354,353,240,41,32,12,25,134,170,189,85,273,271,272,180,27,18,6,15,95,125,139,57,197,194,190,124,16,9,11,26,126,173,179,83,268,273,273,180,28,18,21,37,162,202,229,109,333,334,333,220,40,28,5,15,87,118,122,52,177,178,185,120,14,9,24,44,176,236,249,113,355,354,363,226,38,34,20,34,140,189,203,97,294,298,302,200,31,25,15.38,29.62,135.88,180.75,195.25,89.0,282.38,282.0,283.88,186.25,29.38,21.62
Concrete_0cm_S10,2026-04-02T20:45:19.903962,24,41,166,233,252,116,361,355,353,240,41,32,12,25,134,170,189,85,273,271,271,180,27,18,6,15,95,125,139,57,197,194,190,124,16,9,11,26,126,173,179,83,269,273,273,180,28,18,21,37,162,202,229,109,333,334,333,220,40,28,6,15,87,118,122,52,177,177,185,120,14,9,24,44,175,236,249,113,355,353,363,226,39,34,20,34,140,189,203,98,294,298,302,200,31,25,15.5,29.62,135.62,180.75,195.25,89.12,282.38,281.88,283.75,186.25,29.5,21.62
Concrete_0cm_S10,2026-04-02T20:45:20.042242,24,41,166,233,252,116,361,355,353,240,41,32,12,25,134,170,189,85,273,271,271,180,27,18,6,15,95,125,139,57,197,194,190,124,16,9,11,26,126,173,179,83,269,273,273,180,28,18,21,37,162,202,229,109,333,334,333,220,40,28,5,15,87,118,122,52,177,177,185,120,14,9,24,44,176,236,249,113,355,354,363,226,38,34,20,34,140,188,203,97,294,298,302,200,31,25,15.38,29.62,135.75,180.62,195.25,89.0,282.38,282.0,283.75,186.25,29.38,21.62
Concrete_0cm_S10,2026-04-02T20:45:20.187399,24,41,166,233,252,116,362,354,353,240,41,32,12,25,134,170,188,85,273,271,272,180,27,18,6,15,95,125,139,57,197,194,190,124,16,9,11,26,126,173,180,83,268,273,273,180,28,18,21,37,162,202,228,109,333,334,333,220,40,28,5,15,87,118,122,52,177,177,185,120,14,9,24,44,175,236,250,113,355,355,363,226,38,34,20,34,140,188,202,97,294,298,302,200,31,25,15.38,29.62,135.62,180.62,195.12,89.0,282.38,282.0,283.88,186.25,29.38,21.62
Concrete_0cm_S10,2026-04-02T20:45:20.337492,24,41,167,233,252,116,362,355,354,240,41,32,12,25,134,170,189,86,274,271,272,180,27,18,6,15,95,125,139,57,197,195,190,124,16,9,11,26,126,172,179,83,268,273,273,179,28,18,21,37,162,202,228,109,333,334,333,220,40,28,6,15,87,118,122,52,177,177,185,121,14,9,24,44,175,236,249,113,355,354,364,226,39,34,19,34,139,188,202,97,293,297,301,199,31,25,15.38,29.62,135.62,180.5,195.0,89.12,282.38,282.0,284.0,186.12,29.5,21.62
Concrete_0cm_S10,2026-04-02T20:45:20.515402,24,41,167,233,252,116,362,355,354,240,41,32,12,25,134,170,189,86,274,271,272,180,27,18,6,15,95,125,139,57,197,195,190,124,16,9,11,26,126,172,179,83,268,273,273,179,28,18,21,37,162,202,228,109,333,334,333,219,40,28,5,15,87,118,122,52,177,177,185,120,14,9,24,44,175,236,249,113,355,355,364,226,38,34,20,34,139,188,202,97,293,297,301,200,31,25,15.38,29.62,135.62,180.5,195.0,89.12,282.38,282.12,284.0,186.0,29.38,21.62
Concrete_0cm_S10,2026-04-02T20:45:20.664305,24,41,166,233,252,116,362,355,353,240,41,33,11,25,134,170,188,85,273,271,272,180,27,18,6,15,95,125,139,57,197,194,190,124,16,9,11,26,126,172,179,83,268,273,273,179,28,18,21,37,162,202,228,109,333,334,333,219,40,28,5,15,87,118,122,52,177,177,185,120,14,9,24,44,175,236,249,113,355,355,364,226,38,34,20,34,139,188,202,97,293,297,301,200,31,25,15.25,29.62,135.5,180.5,194.88,89.0,282.25,282.0,283.88,186.0,29.38,21.75
Concrete_0cm_S10,2026-04-02T20:45:20.812863,24,41,166,233,252,116,362,355,353,240,41,33,11,25,134,170,188,85,273,271,272,180,27,18,6,15,95,125,139,57,197,194,190,124,16,9,11,26,126,172,179,83,268,273,273,179,28,18,21,37,162,202,228,109,333,334,333,219,40,28,6,15,87,118,121,52,177,177,185,120,14,9,24,44,175,236,249,113,355,355,364,226,38,34,20,34,139,188,202,97,293,297,301,200,31,25,15.38,29.62,135.5,180.5,194.75,89.0,282.25,282.0,283.88,186.0,29.38,21.75
Concrete_0cm_S10,2026-04-02T20:45:20.971427,24,41,166,233,252,116,362,355,353,240,41,32,12,25,134,170,189,86,273,271,272,180,27,18,6,15,95,125,139,57,197,194,190,124,16,9,11,26,126,173,180,83,268,273,273,179,28,18,21,37,162,202,228,109,333,334,332,220,40,28,6,15,87,118,121,52,177,177,185,120,14,9,24,44,175,236,249,113,356,355,364,226,38,34,19,34,139,188,202,97,293,297,301,200,31,25,15.38,29.62,135.5,180.62,195.0,89.12,282.38,282.0,283.75,186.12,29.38,21.62
Concrete_0cm_S10,2026-04-02T20:45:21.123518,24,41,167,233,252,116,362,355,353,240,41,32,12,25,134,170,189,85,273,271,272,180,27,18,6,15,95,125,139,57,197,194,190,124,16,9,11,26,126,173,180,83,268,273,273,179,28,18,21,37,162,202,228,109,333,334,332,220,40,28,6,15,87,118,121,52,177,177,185,120,14,9,24,44,175,236,249,113,356,355,364,226,38,34,19,34,139,188,202,97,293,297,301,200,31,25,15.38,29.62,135.62,180.62,195.0,89.0,282.38,282.0,283.75,186.12,29.38,21.62
Concrete_0cm_S10,2026-04-02T20:45:21.270078,24,41,166,233,252,116,362,354,353,240,41,32,11,25,134,170,189,86,274,271,272,180,27,18,6,15,95,125,139,57,197,194,189,124,16,9,11,26,126,173,179,83,268,273,273,180,28,18,21,37,162,202,228,109,333,334,333,220,40,28,5,15,87,118,122,52,177,177,185,120,14,9,24,44,176,236,249,113,355,354,364,226,38,34,20,34,139,188,202,97,293,297,302,200,31,25,15.25,29.62,135.62,180.62,195.0,89.12,282.38,281.75,283.88,186.25,29.38,21.62
Concrete_0cm_S10,2026-04-02T20:45:21.452866,24,41,167,233,252,116,362,355,353,240,41,32,11,25,134,170,189,86,274,271,272,180,27,18,6,15,95,125,139,58,197,194,190,124,16,9,11,26,126,173,179,83,268,273,273,180,28,18,21,37,162,202,228,109,333,334,332,220,40,28,5,15,87,118,122,52,177,177,184,120,14,9,24,44,175,236,249,113,356,354,364,226,38,34,19,34,139,188,202,97,293,297,302,200,31,25,15.12,29.62,135.62,180.62,195.0,89.25,282.5,281.88,283.75,186.25,29.38,21.62
Concrete_0cm_S10,2026-04-02T20:45:21.600313,24,41,166,233,252,116,362,354,353,240,41,32,11,25,134,170,189,86,274,271,272,180,27,18,6,15,95,125,139,57,197,194,190,124,16,9,11,26,127,173,180,83,268,273,273,180,28,18,21,37,162,202,228,109,333,334,333,220,40,28,5,15,87,118,122,52,177,177,184,120,14,9,24,44,175,236,249,113,356,354,364,226,38,34,19,34,139,188,202,97,293,298,302,200,31,25,15.12,29.62,135.62,180.62,195.12,89.12,282.5,281.88,283.88,186.25,29.38,21.62
Concrete_0cm_S10,2026-04-02T20:45:21.792762,24,41,166,233,252,116,362,354,353,240,41,32,11,25,134,170,189,86,274,271,272,180,27,18,6,15,95,125,139,57,197,194,190,124,16,9,11,26,127,173,180,83,268,273,273,180,28,18,21,37,162,202,228,109,333,334,333,220,40,28,5,15,87,118,122,52,177,177,184,120,14,9,24,44,175,236,249,113,356,354,364,226,38,34,19,34,139,188,202,97,293,298,302,200,31,25,15.12,29.62,135.62,180.62,195.12,89.12,282.5,281.88,283.88,186.25,29.38,21.62
Concrete_0cm_S10,2026-04-02T20:45:21.933997,24,41,167,233,252,116,362,355,353,240,41,32,12,25,134,170,189,86,274,271,273,180,27,18,6,15,95,125,139,57,197,194,190,124,16,9,11,26,126,173,180,83,268,273,273,180,28,18,21,37,162,202,229,109,333,334,333,220,40,28,5,15,87,118,122,52,177,178,185,120,14,9,24,44,175,236,249,113,355,355,363,226,38,34,19,34,139,188,202,97,293,297,301,200,31,25,15.25,29.62,135.62,180.62,195.25,89.12,282.38,282.12,283.88,186.25,29.38,21.62
Concrete_0cm_S10,2026-04-02T20:45:22.081497,24,41,167,233,252,116,362,355,353,240,41,32,12,25,134,170,189,86,274,271,273,180,27,18,6,15,95,125,139,57,197,194,190,124,16,9,11,26,126,173,180,83,268,273,273,180,28,18,21,37,162,202,229,109,333,334,333,220,40,28,5,15,87,118,122,52,177,178,185,120,14,9,24,44,175,236,249,113,355,355,363,226,38,34,19,34,139,188,202,97,293,297,301,200,31,25,15.25,29.62,135.62,180.62,195.25,89.12,282.38,282.12,283.88,186.25,29.38,21.62
Concrete_0cm_S10,2026-04-02T20:45:22.225581,24,41,166,233,251,116,362,355,354,240,41,32,12,25,134,170,188,86,273,271,272,180,27,18,6,15,95,125,139,57,197,194,190,124,16,9,11,26,127,173,179,83,268,273,273,180,28,18,21,37,162,202,229,109,333,335,332,220,40,28,5,15,87,118,122,52,177,177,184,120,14,9,24,44,176,236,249,113,356,355,363,226,38,35,19,34,139,188,202,97,293,297,301,200,31,25,15.25,29.62,135.75,180.62,194.88,89.12,282.38,282.12,283.62,186.25,29.38,21.75
Concrete_0cm_S10,2026-04-02T20:45:22.410649,24,41,167,233,252,116,362,355,353,241,41,32,12,25,134,170,189,86,274,271,272,180,27,18,6,15,95,125,139,57,197,194,190,124,16,9,11,26,127,173,180,83,268,273,273,180,28,18,21,37,162,202,228,109,333,334,332,220,40,28,6,15,87,118,122,52,177,177,185,120,14,9,24,44,175,236,249,113,355,354,363,226,38,34,20,34,139,188,202,97,294,297,301,200,31,25,15.5,29.62,135.75,180.62,195.12,89.12,282.5,281.88,283.62,186.38,29.38,21.62
Concrete_0cm_S10,2026-04-02T20:45:22.562339,24,41,167,233,252,116,362,354,353,240,41,32,11,25,134,170,189,85,274,271,272,180,27,18,6,15,95,125,139,57,197,194,190,124,16,9,11,26,127,173,180,83,268,273,273,180,28,18,21,37,162,202,228,109,333,334,332,220,40,28,6,15,87,118,122,52,177,177,185,120,14,9,24,44,175,236,249,113,355,354,363,226,38,34,20,34,139,188,202,97,294,297,301,200,31,25,15.38,29.62,135.75,180.62,195.12,89.0,282.5,281.75,283.62,186.25,29.38,21.62
Concrete_0cm_S10,2026-04-02T20:45:22.712714,24,41,167,233,252,116,362,354,353,240,41,32,11,25,134,170,189,85,274,271,272,180,27,18,6,15,95,125,139,57,197,194,190,124,16,9,11,26,127,173,179,83,269,273,273,179,28,18,21,37,162,202,228,109,333,334,332,220,40,28,5,15,87,118,122,52,177,177,185,120,14,9,24,44,175,236,249,113,355,354,364,226,38,34,19,34,140,188,202,97,294,298,302,200,31,25,15.12,29.62,135.88,180.62,195.0,89.0,282.62,281.88,283.88,186.12,29.38,21.62
Concrete_0cm_S10,2026-04-02T20:45:22.877676,24,41,167,233,252,116,362,354,353,240,41,32,11,25,134,170,189,85,274,271,272,180,27,18,6,15,95,125,139,57,197,194,190,124,16,9,11,26,127,173,179,83,269,273,273,179,28,18,21,37,162,202,228,109,333,334,332,220,40,28,5,15,87,118,122,52,177,177,185,120,14,9,24,44,175,236,249,113,355,354,364,226,38,34,19,34,140,188,202,97,294,298,302,200,31,25,15.12,29.62,135.88,180.62,195.0,89.0,282.62,281.88,283.88,186.12,29.38,21.62
Concrete_0cm_S10,2026-04-02T20:45:23.023507,24,41,166,233,252,116,362,355,353,240,41,32,12,25,133,170,188,85,273,271,272,180,27,18,6,15,95,125,139,57,197,194,190,124,16,9,11,26,126,173,180,83,268,273,273,180,28,18,21,37,162,202,229,109,333,334,332,220,40,28,5,15,87,118,122,52,177,177,185,120,14,9,24,44,176,236,249,113,355,354,363,226,38,35,20,34,140,188,202,97,294,297,301,200,31,25,15.38,29.62,135.62,180.62,195.12,89.0,282.38,281.88,283.62,186.25,29.38,21.75
Concrete_0cm_S10,2026-04-02T20:45:23.174699,24,41,166,233,252,116,362,354,353,240,41,32,12,25,133,170,188,85,273,271,272,180,27,18,6,15,95,125,139,57,197,194,190,124,16,9,11,26,126,173,179,83,268,273,273,180,28,18,21,37,162,202,228,109,333,335,333,220,40,28,6,15,87,118,122,52,177,177,184,120,13,9,24,44,175,236,249,113,355,354,363,226,38,34,20,34,139,188,202,97,293,297,302,200,31,25,15.5,29.62,135.38,180.62,194.88,89.0,282.25,281.88,283.75,186.25,29.25,21.62
Concrete_0cm_S10,2026-04-02T20:45:23.352405,24,41,166,233,252,116,362,354,353,240,41,32,12,25,134,170,189,86,273,271,272,180,27,18,6,15,95,125,139,57,197,194,190,124,16,9,11,26,126,173,180,83,268,273,273,180,28,18,21,37,162,202,228,109,333,335,333,220,40,28,6,15,87,118,122,52,177,177,184,120,13,9,24,44,175,236,249,113,355,354,363,226,38,34,20,34,139,188,202,97,293,297,302,200,31,25,15.5,29.62,135.5,180.62,195.12,89.12,282.25,281.88,283.75,186.25,29.25,21.62
Concrete_0cm_S10,2026-04-02T20:45:23.498339,24,41,167,233,252,116,362,355,354,240,41,32,12,25,133,170,189,86,273,271,272,180,27,18,6,15,95,125,139,58,197,194,190,124,16,9,11,26,126,173,180,83,268,273,273,180,28,18,21,37,162,202,228,109,333,334,332,220,40,28,5,15,87,118,122,52,177,178,185,120,14,9,24,44,176,236,249,113,355,354,363,226,38,34,19,34,140,188,202,97,293,297,302,200,31,25,15.25,29.62,135.75,180.62,195.12,89.25,282.25,282.0,283.88,186.25,29.38,21.62
Concrete_0cm_S10,2026-04-02T20:45:23.635935,24,41,167,233,252,116,362,355,354,240,41,32,12,25,134,170,189,86,274,271,273,180,27,18,6,15,95,125,139,57,197,194,190,124,16,9,11,26,126,173,179,83,268,273,273,180,28,18,21,37,162,202,228,109,333,334,332,220,40,28,6,15,87,118,122,52,177,177,185,120,14,9,24,44,176,236,249,113,355,355,363,226,38,35,19,34,140,188,202,97,293,297,302,200,31,25,15.38,29.62,135.88,180.62,195.0,89.12,282.38,282.0,284.0,186.25,29.38,21.75
Concrete_0cm_S10,2026-04-02T20:45:23.785787,24,41,167,233,252,116,362,355,354,240,41,32,12,25,134,170,189,86,274,271,273,180,27,18,6,15,95,125,139,57,197,194,190,124,16,9,11,26,126,173,179,83,268,273,273,180,28,18,21,37,162,202,228,109,333,334,332,220,40,28,6,15,87,118,122,52,177,177,185,120,14,9,24,44,176,236,249,113,355,355,363,226,38,35,19,34,140,188,202,97,293,297,302,200,31,25,15.38,29.62,135.88,180.62,195.0,89.12,282.38,282.0,284.0,186.25,29.38,21.75
Concrete_0cm_S10,2026-04-02T20:45:23.927549,24,41,167,233,252,116,362,355,353,240,41,32,12,25,134,170,189,86,273,271,272,180,27,18,6,15,95,125,139,57,197,194,190,124,16,9,11,26,126,173,179,83,268,273,273,180,28,18,21,37,162,202,228,109,333,334,333,219,40,28,5,15,87,118,122,52,177,177,185,120,14,9,24,44,176,236,249,113,356,355,364,226,38,35,19,34,140,188,203,97,294,298,302,200,31,25,15.25,29.62,135.88,180.62,195.12,89.12,282.5,282.12,284.0,186.12,29.38,21.75
Concrete_0cm_S10,2026-04-02T20:45:24.072757,24,41,166,232,252,116,362,355,353,240,41,32,11,25,134,170,189,86,273,271,272,180,27,18,6,15,95,125,139,57,197,194,190,124,16,9,11,26,126,173,179,83,268,273,273,180,28,18,21,37,162,202,229,109,333,334,332,220,40,28,6,15,87,118,122,52,177,178,184,120,14,9,24,44,176,236,249,113,356,354,364,226,38,35,20,34,140,188,202,97,294,298,302,200,31,25,15.38,29.62,135.75,180.5,195.12,89.12,282.5,282.12,283.75,186.25,29.38,21.75
Concrete_0cm_S10,2026-04-02T20:45:24.262699,24,41,166,233,252,116,362,354,353,240,41,32,12,25,134,170,189,85,273,271,272,180,27,18,6,15,95,125,139,57,197,194,190,124,16,9,11,26,126,173,179,83,268,273,273,180,28,18,21,37,162,202,229,109,333,334,332,220,40,28,6,15,87,118,122,52,177,178,184,120,14,9,24,44,176,236,249,113,356,354,364,226,38,35,20,34,140,188,202,97,294,298,302,200,31,25,15.5,29.62,135.75,180.62,195.12,89.0,282.5,282.0,283.75,186.25,29.38,21.75
Concrete_0cm_S10,2026-04-02T20:45:24.428449,24,41,166,233,252,116,362,354,353,240,41,32,12,25,134,170,189,85,273,271,272,180,27,18,6,15,95,125,139,57,197,194,190,124,16,9,11,26,126,173,180,83,269,273,273,180,28,18,21,37,162,202,229,109,333,334,332,220,40,28,5,15,87,118,122,52,177,178,185,120,14,9,24,44,175,236,249,113,356,353,363,226,38,34,19,34,139,188,203,97,294,298,302,200,31,25,15.25,29.62,135.5,180.62,195.38,89.0,282.62,281.88,283.75,186.25,29.38,21.62
Concrete_0cm_S10,2026-04-02T20:45:24.585152,24,41,167,233,252,116,362,355,353,240,41,32,12,25,134,170,189,85,274,271,272,180,27,18,6,15,95,125,139,58,197,194,190,124,16,9,11,26,127,173,180,83,268,273,273,180,28,18,21,37,162,202,229,109,333,334,333,220,40,28,5,15,87,118,122,52,177,177,185,120,14,9,24,44,176,236,249,113,355,355,363,226,38,34,20,34,140,188,202,97,294,297,301,200,31,25,15.38,29.62,136.0,180.62,195.25,89.12,282.5,282.0,283.75,186.25,29.38,21.62
Concrete_0cm_S10,2026-04-02T20:45:24.724331,24,41,167,233,252,116,362,354,353,239,41,32,12,25,134,170,188,86,273,271,272,180,27,18,6,15,95,125,139,58,197,194,190,124,16,9,11,26,127,173,180,83,268,273,273,180,28,18,21,37,162,202,229,109,333,334,333,220,40,28,5,15,87,118,122,52,177,177,185,120,14,9,24,44,176,237,250,113,355,355,364,226,38,34,20,34,140,188,202,97,294,297,301,200,31,25,15.38,29.62,136.0,180.75,195.25,89.25,282.38,281.88,283.88,186.12,29.38,21.62
Concrete_0cm_S10,2026-04-02T20:45:24.872573,24,41,167,233,252,116,362,354,353,240,41,32,11,25,134,170,189,85,273,271,273,180,27,18,6,15,95,125,139,58,197,194,190,124,16,9,11,26,127,173,180,83,268,273,273,180,28,18,21,37,162,202,228,109,334,335,333,220,40,28,5,15,87,118,122,52,177,178,185,120,14,9,24,44,176,237,250,113,355,355,364,226,38,34,20,34,140,188,202,97,294,297,301,200,31,25,15.25,29.62,136.0,180.75,195.25,89.12,282.5,282.12,284.0,186.25,29.38,21.62
Concrete_0cm_S10,2026-04-02T20:45:25.029331,24,41,167,233,252,116,362,355,353,241,41,32,12,25,134,170,189,86,274,271,272,180,27,18,6,15,95,125,139,58,197,194,190,124,16,9,11,26,127,173,180,83,268,273,273,180,28,18,21,37,162,202,228,109,334,335,333,220,40,28,6,15,87,118,122,52,177,177,185,120,14,9,24,44,176,236,249,113,355,355,363,226,38,34,19,34,139,188,202,97,294,297,302,200,31,25,15.38,29.62,135.88,180.62,195.12,89.25,282.62,282.12,283.88,186.38,29.38,21.62
Concrete_0cm_S10,2026-04-02T20:45:25.223030,24,41,167,233,252,116,362,355,353,241,41,32,12,25,134,170,189,86,274,271,272,180,27,18,6,15,95,125,139,58,197,194,190,124,16,9,11,26,127,173,180,83,268,273,273,180,28,18,21,37,162,202,228,109,334,335,333,220,40,28,6,15,87,118,122,52,177,177,185,120,14,9,24,44,176,236,249,113,355,355,363,226,38,34,19,34,139,188,202,97,294,297,302,200,31,25,15.38,29.62,135.88,180.62,195.12,89.25,282.62,282.12,283.88,186.38,29.38,21.62
Concrete_0cm_S10,2026-04-02T20:45:25.370117,24,41,167,233,252,116,362,355,353,241,41,32,11,25,134,170,189,86,273,271,272,180,27,18,6,15,95,125,139,57,197,194,190,124,16,9,11,26,127,173,180,83,268,273,273,180,28,18,21,37,162,202,228,109,334,335,333,220,40,28,6,15,87,118,122,52,177,177,185,120,14,9,24,44,176,236,249,113,355,355,363,226,38,34,19,34,139,188,202,97,293,298,302,200,31,25,15.25,29.62,135.88,180.62,195.12,89.12,282.38,282.25,283.88,186.38,29.38,21.62
Concrete_0cm_S10,2026-04-02T20:45:25.519295,24,41,167,233,252,116,362,355,353,241,41,32,11,25,134,170,189,86,273,271,272,180,27,18,6,15,95,125,139,57,197,194,190,124,16,9,11,26,127,173,179,83,268,273,273,180,28,18,21,37,162,202,229,109,333,334,333,220,40,28,6,15,87,118,122,52,177,177,185,120,14,9,24,44,176,236,249,113,355,355,363,226,38,34,19,34,139,188,202,97,293,298,302,200,31,25,15.25,29.62,135.88,180.62,195.12,89.12,282.25,282.12,283.88,186.38,29.38,21.62
Concrete_0cm_S10,2026-04-02T20:45:25.661720,24,41,167,232,252,116,362,355,354,240,41,32,11,25,134,170,189,86,273,271,272,181,27,18,6,15,95,125,139,57,197,194,190,124,16,9,11,26,127,173,180,83,268,273,273,180,28,18,21,37,162,202,228,109,333,334,333,220,40,28,5,15,87,118,122,52,177,177,185,120,14,9,24,44,175,236,249,113,355,355,364,226,38,34,19,34,140,188,202,97,294,298,302,200,31,25,15.12,29.62,135.88,180.5,195.12,89.12,282.38,282.12,284.12,186.38,29.38,21.62
Concrete_0cm_S10,2026-04-02T20:45:25.811326,24,41,167,233,252,116,362,355,354,240,41,33,11,25,134,170,189,86,274,271,272,180,27,18,6,15,95,125,139,57,197,194,190,124,16,9,11,26,127,173,179,83,268,273,273,180,28,18,21,37,162,202,228,109,333,334,333,220,40,28,5,15,87,118,122,52,177,177,185,120,14,9,24,44,175,236,249,113,355,355,364,226,38,34,19,34,140,188,202,97,294,298,302,200,31,25,15.12,29.62,135.88,180.62,195.0,89.12,282.5,282.12,284.12,186.25,29.38,21.75
Concrete_0cm_S10,2026-04-02T20:45:25.960848,24,41,167,233,252,116,362,355,354,240,41,32,12,25,134,170,189,86,274,271,273,180,27,18,6,15,95,124,139,57,197,194,190,124,16,9,11,26,127,173,179,83,269,273,273,180,28,18,21,37,161,202,229,109,333,334,333,220,40,28,5,15,87,118,122,52,177,177,185,120,14,9,24,44,175,236,249,113,355,355,364,226,38,34,19,34,140,188,203,97,294,298,301,200,31,25,15.25,29.62,135.75,180.5,195.25,89.12,282.62,282.12,284.12,186.25,29.38,21.62
Concrete_0cm_S10,2026-04-02T20:45:26.135905,24,41,167,233,252,116,362,355,353,240,41,32,12,25,134,170,189,86,273,271,272,180,27,18,6,15,95,125,139,57,197,194,190,124,16,9,11,26,126,173,180,83,268,273,273,180,28,18,21,37,162,202,229,109,333,334,333,220,40,28,5,15,87,118,122,52,177,177,185,120,14,9,24,44,176,236,249,113,355,355,364,226,38,34,19,34,139,188,202,97,293,297,301,200,31,25,15.25,29.62,135.75,180.62,195.25,89.12,282.25,282.0,283.88,186.25,29.38,21.62
Concrete_0cm_S10,2026-04-02T20:45:26.290897,24,41,167,233,252,116,362,355,353,240,41,32,12,25,134,170,189,86,273,271,272,180,27,18,6,15,95,125,139,57,197,194,190,124,16,9,11,26,126,173,180,83,268,273,273,180,28,18,21,37,162,202,228,109,333,334,332,220,40,28,6,15,87,118,122,52,177,177,185,120,14,9,24,44,175,236,249,113,356,355,364,226,38,34,20,34,140,188,202,97,294,298,302,200,31,25,15.5,29.62,135.75,180.62,195.12,89.12,282.5,282.12,283.88,186.25,29.38,21.62
Concrete_0cm_S10,2026-04-02T20:45:26.441022,24,41,166,233,252,116,362,355,354,240,41,32,12,25,134,170,189,86,273,271,272,180,27,18,6,15,95,125,139,57,197,194,190,124,16,9,11,26,126,173,180,83,268,273,273,180,28,18,21,37,161,202,228,109,333,334,333,220,40,28,5,15,87,118,122,52,177,177,185,120,14,9,24,44,175,236,249,113,356,355,364,226,38,34,20,34,140,188,202,97,294,298,302,200,31,25,15.38,29.62,135.5,180.62,195.12,89.12,282.5,282.12,284.12,186.25,29.38,21.62
Concrete_0cm_S10,2026-04-02T20:45:26.603920,24,41,167,233,251,116,362,355,354,240,41,32,11,25,134,170,189,85,274,271,273,180,27,18,6,15,95,125,139,57,197,194,190,124,16,9,11,26,126,173,180,83,269,273,273,180,28,18,21,37,162,202,228,109,333,334,333,220,40,28,5,15,87,118,122,52,177,177,185,120,14,9,24,44,175,236,249,113,356,355,363,226,38,35,19,34,140,188,202,97,294,298,302,200,31,25,15.12,29.62,135.75,180.62,195.0,89.0,282.75,282.12,284.12,186.25,29.38,21.75
Concrete_0cm_S10,2026-04-02T20:45:26.750049,24,41,166,233,252,116,362,354,354,240,41,32,12,25,134,170,189,86,274,271,273,180,27,18,6,15,95,125,139,57,197,194,190,124,16,9,11,26,127,173,179,83,269,273,273,180,28,18,21,37,161,202,229,109,334,335,333,220,40,28,6,15,87,117,122,53,177,177,185,120,14,9,24,44,175,236,249,113,355,355,364,226,39,34,19,34,139,188,202,97,294,297,302,200,31,25,15.38,29.62,135.5,180.5,195.12,89.25,282.75,282.0,284.25,186.25,29.5,21.62
Concrete_0cm_S10,2026-04-02T20:45:26.911095,24,41,166,233,252,116,362,354,354,240,41,32,12,25,134,170,189,86,274,271,273,180,27,18,6,15,95,125,139,57,197,194,190,124,16,9,11,26,127,173,179,83,269,273,273,180,28,18,21,37,161,202,229,109,334,335,333,220,40,28,6,15,87,117,122,53,177,177,185,120,14,9,24,44,175,236,249,113,355,355,363,226,39,35,19,34,140,188,203,97,294,297,302,200,31,25,15.38,29.62,135.62,180.5,195.25,89.25,282.75,282.0,284.12,186.25,29.5,21.75
Concrete_0cm_S10,2026-04-02T20:45:27.095305,24,41,166,233,252,116,362,354,354,240,41,32,12,25,134,170,189,86,274,271,273,180,27,18,6,15,95,125,139,57,197,194,190,124,16,9,11,26,127,173,179,83,269,273,273,180,28,18,21,37,162,202,228,109,333,334,332,220,40,28,6,15,87,117,122,53,177,177,185,120,14,9,24,44,175,236,249,113,355,355,363,226,39,35,19,34,140,188,203,97,294,297,302,200,31,25,15.38,29.62,135.75,180.5,195.12,89.25,282.62,281.88,284.0,186.25,29.5,21.75
Concrete_0cm_S10,2026-04-02T20:45:27.248532,24,41,167,233,252,116,362,354,353,240,41,32,12,25,134,170,189,86,273,271,272,181,27,18,6,15,95,125,139,58,197,194,189,124,16,9,11,26,126,173,179,83,268,274,273,180,28,18,21,37,162,202,229,109,333,334,333,220,40,28,5,15,87,118,122,52,177,177,185,120,14,9,24,44,176,237,250,113,355,355,364,226,39,35,20,34,140,188,202,97,294,298,302,200,31,25,15.38,29.62,135.88,180.75,195.25,89.25,282.38,282.12,283.88,186.38,29.5,21.75
Concrete_0cm_S10,2026-04-02T20:45:27.403945,24,41,166,233,252,116,362,355,353,240,41,32,12,25,134,170,189,86,274,271,272,180,27,18,6,15,95,125,139,57,197,194,190,124,16,9,11,26,126,173,179,83,268,273,273,180,28,18,21,37,162,202,229,109,333,334,333,220,40,28,5,15,87,118,122,52,177,177,185,120,14,9,24,44,176,237,250,113,355,355,364,226,39,35,20,34,140,188,203,97,294,298,302,200,31,25,15.38,29.62,135.75,180.75,195.38,89.12,282.5,282.12,284.0,186.25,29.5,21.75
Concrete_0cm_S10,2026-04-02T20:45:27.549690,24,41,167,233,252,116,362,355,354,241,41,32,12,25,134,170,189,86,274,272,273,180,27,18,6,15,95,125,139,57,197,194,190,124,16,9,11,26,126,173,179,83,268,273,273,180,28,18,21,37,162,202,229,109,333,335,333,220,40,28,5,15,87,118,122,52,178,178,184,120,14,9,24,45,176,236,250,113,355,355,364,226,39,35,19,34,139,188,202,97,293,297,302,200,31,25,15.25,29.75,135.75,180.62,195.25,89.12,282.5,282.38,284.12,186.38,29.5,21.75
Concrete_0cm_S10,2026-04-02T20:45:27.705239,24,41,167,233,252,116,362,355,353,241,41,32,12,25,134,170,189,86,274,271,272,180,27,18,6,15,95,125,139,57,197,194,190,124,16,9,11,26,126,173,180,83,268,273,273,180,28,18,21,37,162,202,229,109,333,334,333,220,40,28,6,15,87,118,122,52,177,177,185,120,14,9,24,44,175,236,249,113,355,355,363,226,38,35,20,34,140,188,202,97,293,298,302,200,31,25,15.5,29.62,135.75,180.62,195.25,89.12,282.38,282.12,283.88,186.38,29.38,21.75
Concrete_0cm_S10,2026-04-02T20:45:27.855664,24,41,167,233,252,116,362,355,353,241,41,32,12,25,134,170,189,86,274,271,272,180,27,18,6,15,95,125,139,57,197,194,190,124,16,9,11,26,126,173,180,83,268,273,273,180,28,18,21,37,162,202,229,109,333,334,333,220,40,28,5,15,87,118,122,52,177,177,185,120,14,9,24,44,176,236,249,113,356,355,364,226,38,34,20,34,140,188,202,97,294,297,302,200,31,25,15.38,29.62,135.88,180.62,195.25,89.12,282.62,282.0,284.0,186.38,29.38,21.62
Concrete_0cm_S10,2026-04-02T20:45:28.047076,24,41,167,233,252,116,362,355,353,240,41,32,12,25,134,170,189,86,273,271,272,181,27,18,6,15,95,125,139,58,197,194,190,124,16,9,11,26,126,173,179,83,268,273,273,180,28,18,21,37,162,202,229,109,333,334,333,220,40,28,5,15,87,118,122,52,177,177,185,120,14,9,24,44,176,236,249,113,356,355,364,226,38,34,20,34,140,188,202,97,294,297,302,200,31,25,15.38,29.62,135.88,180.62,195.12,89.25,282.5,282.0,284.0,186.38,29.38,21.62
Concrete_0cm_S10,2026-04-02T20:45:28.243679,24,41,167,233,252,116,362,355,353,241,41,32,12,25,134,170,189,86,274,271,272,180,27,18,6,15,95,125,139,57,197,194,190,124,16,9,11,26,126,173,179,83,268,273,273,180,28,18,21,37,162,202,228,109,333,334,333,220,40,28,5,15,87,118,122,52,178,177,185,120,14,9,24,45,175,236,250,113,355,355,364,226,38,34,20,34,140,188,202,97,294,298,302,200,31,25,15.38,29.75,135.75,180.62,195.12,89.12,282.62,282.12,284.0,186.38,29.38,21.62
Concrete_0cm_S10,2026-04-02T20:45:28.395791,24,41,167,233,252,116,362,354,353,240,41,32,11,25,134,170,189,86,274,271,273,180,27,18,6,15,95,125,139,57,197,194,190,124,16,9,11,26,126,173,179,83,268,273,273,180,28,18,21,37,162,202,228,109,333,334,333,220,40,28,5,15,87,118,122,52,177,177,185,120,14,9,24,44,175,236,250,113,356,355,364,226,38,35,19,34,139,188,203,97,294,297,302,200,31,25,15.12,29.62,135.62,180.62,195.25,89.12,282.62,281.88,284.12,186.25,29.38,21.75
Concrete_0cm_S10,2026-04-02T20:45:28.542574,24,41,167,233,252,116,362,354,353,240,41,32,12,25,134,170,189,85,274,271,272,180,27,18,6,15,95,125,139,57,197,194,190,124,16,9,11,26,126,173,179,83,269,273,273,180,28,18,21,37,162,202,229,109,333,334,333,220,40,28,5,15,87,118,122,52,177,177,185,120,14,9,24,44,176,236,249,113,356,355,364,226,38,34,19,34,140,188,202,97,294,298,302,200,31,25,15.25,29.62,135.88,180.62,195.12,89.0,282.75,282.0,284.0,186.25,29.38,21.62
Concrete_0cm_S10,2026-04-02T20:45:28.705769,24,41,167,233,252,116,362,354,353,240,41,32,12,25,134,170,189,85,274,271,272,180,27,18,6,15,95,125,139,57,197,194,190,124,16,9,11,26,126,173,179,83,269,273,273,180,28,18,21,37,161,202,229,109,333,335,333,220,40,28,5,15,87,118,122,52,177,178,185,120,14,9,24,44,176,236,249,113,356,355,364,226,38,34,19,34,140,188,202,97,294,298,302,200,31,25,15.25,29.62,135.75,180.62,195.12,89.0,282.75,282.25,284.0,186.25,29.38,21.62
Concrete_0cm_S10,2026-04-02T20:45:28.843164,24,41,167,233,252,116,362,355,354,241,41,32,12,25,134,170,189,86,274,271,273,181,27,18,6,15,95,125,139,57,198,194,190,124,16,9,11,26,127,173,179,83,269,273,273,180,28,18,21,37,162,202,228,109,333,334,333,220,40,28,5,15,87,118,122,52,177,178,185,120,14,9,24,44,175,236,249,113,355,355,364,226,39,34,20,34,140,188,203,97,294,297,302,200,31,25,15.38,29.62,135.88,180.62,195.12,89.12,282.75,282.12,284.25,186.5,29.5,21.62
Concrete_0cm_S10,2026-04-02T20:45:29.043334,24,41,167,233,252,116,362,355,354,241,41,32,12,25,134,170,189,86,274,271,273,181,27,18,6,15,95,125,138,57,197,194,190,124,16,9,11,26,127,173,179,83,268,273,273,180,28,18,21,37,161,202,229,109,333,334,333,220,40,28,5,15,87,118,122,52,177,178,185,120,14,9,24,44,175,236,249,113,355,355,364,226,39,34,20,34,140,188,203,97,294,297,302,200,31,25,15.38,29.62,135.75,180.62,195.12,89.12,282.5,282.12,284.25,186.5,29.5,21.62
Concrete_0cm_S10,2026-04-02T20:45:29.197501,24,41,167,233,252,116,362,355,354,241,41,32,12,25,134,170,189,86,274,271,272,181,27,18,6,15,95,125,138,57,197,194,190,124,16,9,11,26,127,173,179,83,268,273,273,180,28,18,21,37,161,202,229,109,333,334,333,220,40,28,5,15,87,118,122,52,177,178,185,120,14,9,24,44,175,236,249,113,355,355,364,226,39,34,20,34,140,188,203,97,294,297,302,200,31,25,15.38,29.62,135.75,180.62,195.12,89.12,282.5,282.12,284.12,186.5,29.5,21.62
Concrete_0cm_S10,2026-04-02T20:45:29.351757,24,41,167,233,252,116,362,355,354,240,41,32,11,25,134,170,189,86,274,271,272,180,27,18,6,15,95,125,139,57,197,194,190,124,16,9,11,26,127,173,180,83,268,273,273,180,28,18,21,37,162,202,228,109,333,334,333,220,39,28,5,15,87,118,122,52,177,177,185,120,14,9,24,44,175,236,249,113,356,354,364,226,38,34,19,34,140,188,203,97,293,298,302,200,31,25,15.12,29.62,135.88,180.62,195.25,89.12,282.5,282.0,284.12,186.25,29.25,21.62
Concrete_0cm_S10,2026-04-02T20:45:29.493435,24,41,167,233,252,116,362,355,354,240,41,32,12,25,134,170,189,86,274,271,272,180,27,18,6,15,95,125,139,57,197,194,190,124,16,9,11,26,126,173,179,83,269,273,273,180,28,18,21,37,162,202,228,109,333,334,333,220,40,28,6,15,87,118,122,52,177,178,185,120,14,9,24,44,176,236,250,113,355,355,364,226,38,35,19,34,140,188,203,97,294,298,302,200,31,25,15.38,29.62,135.88,180.62,195.25,89.12,282.62,282.25,284.12,186.25,29.38,21.75
Concrete_0cm_S10,2026-04-02T20:45:29.651737,24,41,167,233,252,116,362,355,354,240,41,32,12,25,134,170,189,86,274,271,272,181,27,18,6,15,95,125,139,57,197,194,190,124,16,9,11,26,126,173,179,83,269,273,273,180,28,18,21,37,162,202,228,109,333,334,333,220,40,28,6,15,87,118,122,52,177,178,185,120,14,9,24,44,175,236,250,113,355,355,364,226,38,34,19,34,140,188,203,97,294,298,302,200,31,25,15.38,29.62,135.75,180.62,195.25,89.12,282.62,282.25,284.12,186.38,29.38,21.62
Concrete_0cm_S10,2026-04-02T20:45:29.803253,24,41,167,233,252,116,362,355,353,240,41,32,12,25,134,170,189,86,274,271,272,180,27,18,6,15,95,125,139,57,197,194,190,124,16,9,11,26,127,173,180,83,269,274,273,180,28,18,21,37,162,202,229,109,333,334,332,220,40,28,5,15,87,118,122,52,177,178,185,120,14,9,24,44,176,236,249,113,356,355,364,226,38,34,19,34,140,188,203,97,294,298,302,200,31,25,15.25,29.62,136.0,180.62,195.38,89.12,282.75,282.38,283.88,186.25,29.38,21.62
Concrete_0cm_S10,2026-04-02T20:45:29.960260,24,41,166,233,252,116,362,355,353,240,41,32,12,25,134,170,189,86,274,271,272,180,27,18,6,15,95,125,139,57,197,194,190,124,16,9,11,26,126,173,179,83,268,273,273,181,28,18,21,37,162,202,229,109,333,334,333,219,40,28,5,15,87,118,122,52,177,178,185,120,14,9,24,44,176,236,249,113,356,355,364,226,38,34,20,34,140,188,203,97,294,297,302,200,31,25,15.38,29.62,135.75,180.62,195.25,89.12,282.62,282.12,284.0,186.25,29.38,21.62
Concrete_0cm_S10,2026-04-02T20:45:30.122586,24,41,167,233,252,116,362,355,353,240,41,32,12,25,134,170,189,86,274,272,272,181,27,18,6,15,95,125,139,57,197,194,190,124,16,9,11,26,126,173,179,83,268,273,273,181,28,18,21,37,162,202,229,109,333,334,333,219,40,28,6,15,87,118,122,52,177,177,185,120,14,9,24,44,176,236,249,113,356,355,364,226,38,35,20,34,140,188,203,97,294,298,302,200,31,25,15.5,29.62,135.88,180.62,195.25,89.12,282.62,282.25,284.0,186.38,29.38,21.75
Concrete_0cm_S10,2026-04-02T20:45:30.278158,24,41,167,233,252,116,362,355,354,240,41,32,12,25,134,170,189,86,274,271,273,181,27,18,6,15,95,125,139,57,197,194,190,124,16,9,11,26,126,173,180,83,268,273,273,180,28,18,21,37,162,202,229,109,333,334,333,220,40,28,5,15,87,118,122,52,177,177,185,120,14,9,24,45,175,236,250,113,356,355,364,226,38,34,19,34,140,188,203,97,294,298,302,200,31,25,15.25,29.75,135.75,180.62,195.5,89.12,282.62,282.12,284.25,186.38,29.38,21.62
Concrete_0cm_S10,2026-04-02T20:45:30.423363,24,41,167,233,252,116,362,355,354,240,41,32,12,25,134,170,189,86,274,271,273,181,27,18,6,15,95,125,139,57,197,194,190,124,16,9,11,26,126,173,180,83,268,273,273,180,28,18,21,37,162,202,229,109,333,334,333,220,40,28,5,15,87,118,122,52,177,177,185,120,14,9,24,45,175,236,250,113,356,355,364,226,38,34,19,34,140,188,203,97,294,298,302,200,31,25,15.25,29.75,135.75,180.62,195.5,89.12,282.62,282.12,284.25,186.38,29.38,21.62
Concrete_0cm_S10,2026-04-02T20:45:30.594130,24,41,167,232,252,116,362,355,353,240,41,32,11,25,134,170,189,86,274,271,272,180,27,18,6,15,95,125,139,57,197,194,190,124,16,9,11,26,126,173,179,83,268,273,273,180,28,18,21,37,162,202,229,109,333,334,333,220,40,28,6,15,87,118,122,52,177,177,185,120,14,9,24,44,176,236,250,113,356,355,363,226,38,34,19,34,140,188,203,97,294,298,302,200,31,25,15.25,29.62,135.88,180.5,195.38,89.12,282.62,282.12,283.88,186.25,29.38,21.62
Concrete_0cm_S10,2026-04-02T20:45:30.740020,24,41,167,232,252,116,362,355,353,240,41,32,11,25,134,170,189,86,274,271,272,180,27,18,6,15,95,125,139,57,197,194,190,124,16,9,11,26,126,173,179,83,268,273,273,180,28,18,21,37,162,202,229,109,333,334,333,220,40,28,6,15,87,118,122,52,177,177,185,120,14,9,24,44,176,236,250,113,356,355,363,226,38,34,19,34,140,188,203,97,294,298,302,200,31,25,15.25,29.62,135.88,180.5,195.38,89.12,282.62,282.12,283.88,186.25,29.38,21.62
Concrete_0cm_S10,2026-04-02T20:45:30.899432,24,41,167,233,252,116,362,355,353,240,42,32,12,25,134,170,189,86,274,272,273,181,27,18,6,15,95,125,139,57,197,194,190,124,16,9,11,26,127,173,180,83,269,273,273,180,28,18,21,37,162,202,229,109,333,334,333,220,40,28,6,15,87,118,122,52,177,177,185,120,14,9,24,44,175,236,249,113,355,355,364,226,38,35,19,34,140,188,203,97,294,298,302,200,31,25,15.38,29.62,135.88,180.62,195.38,89.12,282.62,282.25,284.12,186.38,29.5,21.75
Concrete_0cm_S10,2026-04-02T20:45:31.086301,24,41,167,233,252,116,362,355,353,240,42,32,12,25,134,170,189,86,274,272,273,181,27,18,6,15,95,125,139,57,197,194,190,124,16,9,11,26,127,173,180,83,269,273,273,180,28,18,21,37,162,202,229,109,333,334,333,220,40,28,6,15,87,118,122,52,177,178,185,120,14,9,24,44,175,236,249,113,355,355,364,226,38,34,19,34,140,188,203,97,294,298,302,200,31,25,15.38,29.62,135.88,180.62,195.38,89.12,282.62,282.38,284.12,186.38,29.5,21.62
Concrete_0cm_S10,2026-04-02T20:45:31.240469,24,41,166,233,252,116,362,355,353,240,41,32,12,25,134,170,189,86,274,272,273,181,27,18,6,15,95,125,139,57,197,194,190,124,16,9,11,26,126,173,180,83,269,273,273,180,28,18,21,37,162,202,229,109,334,335,333,220,40,28,5,15,87,118,122,52,178,178,185,120,14,9,23,44,175,236,249,113,356,355,364,226,38,34,19,34,140,188,203,97,294,298,302,200,31,25,15.12,29.62,135.62,180.62,195.38,89.12,283.0,282.5,284.12,186.38,29.38,21.62
Concrete_0cm_S10,2026-04-02T20:45:31.396589,24,41,166,233,252,116,362,355,353,240,41,32,12,25,134,170,189,86,274,272,273,181,27,18,6,15,95,125,139,57,197,194,190,124,16,9,11,26,126,173,180,83,269,273,273,180,28,18,21,37,162,202,229,109,334,335,333,220,40,28,5,15,87,118,122,52,178,178,185,120,14,9,23,44,175,236,249,113,356,355,364,226,38,34,19,34,140,188,203,97,294,298,302,200,31,25,15.12,29.62,135.62,180.62,195.38,89.12,283.0,282.5,284.12,186.38,29.38,21.62
Concrete_0cm_S10,2026-04-02T20:45:31.547090,24,41,167,233,252,116,362,355,353,240,41,33,12,25,134,170,189,86,274,272,272,181,27,18,6,15,95,125,139,58,197,194,190,124,16,9,11,26,127,173,180,83,269,273,273,180,28,18,21,37,161,202,228,109,333,334,333,220,40,28,5,15,87,118,122,52,177,177,185,120,14,9,24,44,175,236,249,113,355,355,363,226,38,34,19,34,140,188,203,97,294,298,302,200,31,25,15.25,29.62,135.75,180.62,195.25,89.25,282.62,282.25,283.88,186.38,29.38,21.75
Concrete_0cm_S10,2026-04-02T20:45:31.693486,24,41,167,233,252,116,362,355,353,240,41,33,12,25,134,170,189,86,274,272,272,181,27,18,6,15,95,125,139,58,197,194,190,124,16,9,11,26,127,173,180,83,269,273,273,180,28,18,21,37,162,202,229,109,333,334,332,220,40,28,6,15,87,118,122,52,177,178,185,120,14,9,24,44,175,236,249,113,355,355,363,226,38,34,19,34,140,188,203,97,294,298,302,200,31,25,15.38,29.62,135.88,180.62,195.38,89.25,282.62,282.38,283.75,186.38,29.38,21.75
Concrete_0cm_S10,2026-04-02T20:45:31.847907,24,41,167,233,252,116,362,355,353,240,41,32,12,25,134,170,189,86,274,272,273,181,27,18,6,15,95,125,139,57,197,194,190,124,16,9,11,26,126,173,179,83,268,273,274,180,28,18,21,37,162,202,228,109,333,335,333,220,40,28,5,15,87,118,122,52,177,178,185,120,14,9,24,44,175,236,249,113,355,355,363,226,38,34,19,34,140,188,203,97,294,297,302,200,31,24,15.25,29.62,135.75,180.62,195.12,89.12,282.5,282.38,284.12,186.38,29.38,21.5
Concrete_0cm_S10,2026-04-02T20:45:32.029459,24,41,167,233,252,116,362,355,353,240,41,32,12,25,134,170,189,86,274,272,273,181,27,18,6,15,95,125,139,57,197,194,190,124,16,9,11,26,127,173,180,83,269,273,273,180,28,18,21,37,162,202,229,109,333,334,333,220,40,28,6,15,87,118,122,52,177,177,185,120,14,9,24,44,175,236,249,113,356,355,363,226,38,34,19,34,140,188,202,97,294,298,302,200,31,25,15.38,29.62,135.88,180.62,195.25,89.12,282.75,282.25,284.0,186.38,29.38,21.62
Concrete_0cm_S10,2026-04-02T20:45:32.180100,24,41,167,233,252,116,363,355,353,241,41,32,12,25,134,170,189,86,274,271,272,181,27,18,6,15,95,125,139,57,197,194,190,124,16,9,11,26,126,173,179,83,268,273,273,180,28,18,21,37,162,202,229,109,334,335,333,220,40,28,5,15,87,118,122,52,177,177,185,120,14,9,24,44,175,236,249,113,355,355,363,226,38,34,19,34,140,188,203,97,294,298,302,200,31,25,15.25,29.62,135.75,180.62,195.25,89.12,282.75,282.25,283.88,186.5,29.38,21.62
Concrete_0cm_S10,2026-04-02T20:45:32.338692,24,41,167,233,252,116,363,355,353,241,41,32,12,25,134,170,189,86,274,271,272,181,27,18,6,15,95,125,139,58,197,194,190,124,16,9,11,26,126,173,179,83,268,273,273,180,28,18,21,37,162,202,229,109,334,335,333,220,40,28,5,15,87,118,122,52,177,177,185,120,14,9,24,44,175,236,249,113,355,355,363,226,38,34,19,34,140,188,203,97,294,298,302,200,31,25,15.25,29.62,135.75,180.62,195.25,89.25,282.75,282.25,283.88,186.5,29.38,21.62
Concrete_0cm_S10,2026-04-02T20:45:32.497278,24,41,166,233,252,116,362,355,354,240,41,32,12,25,134,170,189,86,274,271,273,181,27,18,6,15,95,125,139,57,197,194,190,124,16,9,11,26,127,173,179,83,269,273,273,180,28,18,21,37,162,202,228,109,333,334,332,220,40,28,5,15,87,118,122,52,177,177,185,120,14,9,24,44,175,236,249,113,355,355,363,226,38,34,19,34,140,188,203,97,294,298,302,200,31,25,15.25,29.62,135.75,180.62,195.12,89.12,282.62,282.12,284.0,186.38,29.38,21.62
Concrete_0cm_S10,2026-04-02T20:45:32.663447,24,41,166,233,252,116,362,355,354,240,41,32,12,25,134,170,189,86,274,271,273,181,27,18,6,15,95,125,139,57,197,194,190,124,16,9,11,26,127,173,179,83,269,273,273,180,28,18,21,37,162,202,228,109,333,334,332,220,40,28,5,15,87,118,122,52,177,177,185,120,14,9,24,44,175,236,249,113,355,355,363,226,38,34,19,34,140,188,203,97,294,298,302,200,31,25,15.25,29.62,135.75,180.62,195.12,89.12,282.62,282.12,284.0,186.38,29.38,21.62
Concrete_0cm_S10,2026-04-02T20:45:32.854320,24,41,167,233,252,116,363,355,354,240,41,32,12,25,134,170,189,86,274,271,273,180,27,18,6,15,95,125,139,57,197,194,190,124,16,9,11,26,126,173,180,83,268,273,273,180,28,18,21,37,162,202,229,109,333,334,332,220,40,28,5,15,87,118,122,52,177,177,185,120,14,9,24,44,176,236,249,113,355,355,363,226,38,34,19,34,140,188,202,97,294,298,302,200,31,25,15.25,29.62,135.88,180.62,195.25,89.12,282.62,282.12,284.0,186.25,29.38,21.62
Concrete_0cm_S10,2026-04-02T20:45:33.019600,24,41,166,233,252,116,362,355,353,240,41,32,12,25,134,170,189,86,274,271,273,181,27,18,6,15,95,125,139,58,197,194,190,124,16,9,11,26,126,173,179,83,268,273,273,180,28,18,21,37,162,202,228,109,333,334,332,220,40,28,5,15,87,118,122,52,178,177,185,120,14,9,24,44,175,236,249,113,355,354,363,226,39,34,20,34,140,188,203,97,294,298,302,200,31,25,15.38,29.62,135.62,180.62,195.12,89.25,282.62,282.0,283.88,186.38,29.5,21.62
Concrete_0cm_S10,2026-04-02T20:45:33.192207,24,41,167,233,252,116,362,355,354,240,41,32,12,25,134,170,189,86,274,271,273,181,27,18,6,15,95,125,139,58,197,194,190,124,16,9,11,26,126,173,179,83,268,273,273,180,28,18,21,37,162,202,228,109,333,334,332,220,40,28,5,15,87,118,122,52,178,177,185,120,14,9,24,44,175,236,249,113,355,354,363,226,39,34,20,34,140,188,203,97,294,298,302,200,31,25,15.38,29.62,135.75,180.62,195.12,89.25,282.62,282.0,284.0,186.38,29.5,21.62
Concrete_0cm_S10,2026-04-02T20:45:33.347187,24,41,166,233,252,116,362,355,353,240,41,32,12,25,134,170,189,86,274,272,272,180,27,18,6,15,95,125,139,58,197,194,190,124,16,9,11,26,126,173,179,83,268,273,273,180,28,18,21,37,162,202,229,109,333,334,332,219,40,28,5,15,87,118,122,52,177,177,185,120,14,9,24,44,175,236,249,113,356,354,363,226,38,34,19,34,140,188,202,97,294,297,301,200,31,25,15.25,29.62,135.62,180.62,195.12,89.25,282.62,282.0,283.62,186.12,29.38,21.62
Concrete_0cm_S10,2026-04-02T20:45:33.511040,24,41,166,233,252,116,362,355,353,240,41,32,12,25,134,170,189,86,274,272,272,180,27,18,6,15,95,125,139,57,197,194,190,124,16,9,11,26,126,173,179,83,268,273,273,180,28,18,21,37,161,202,228,109,333,334,332,220,40,28,6,15,87,118,122,52,177,177,185,121,14,9,24,44,176,236,249,113,355,355,364,226,38,34,20,34,140,188,203,97,294,298,302,200,31,25,15.5,29.62,135.62,180.62,195.12,89.12,282.5,282.25,283.88,186.38,29.38,21.62
Concrete_0cm_S10,2026-04-02T20:45:33.658588,24,41,167,233,252,116,362,354,353,240,41,32,12,25,134,170,189,86,273,272,273,180,27,18,6,15,95,125,139,57,197,194,190,124,16,9,11,26,127,173,180,83,268,273,273,179,28,18,21,37,161,202,228,108,333,334,332,220,40,28,6,15,87,118,122,52,178,178,185,120,14,9,24,44,176,236,249,113,355,355,364,226,38,34,20,34,140,188,203,97,294,298,302,200,31,25,15.5,29.62,135.88,180.62,195.25,89.0,282.5,282.25,284.0,186.12,29.38,21.62
Concrete_0cm_S10,2026-04-02T20:45:33.805412,24,41,167,233,252,116,362,354,353,240,41,32,12,25,134,170,189,86,273,272,273,180,27,18,6,15,95,125,139,57,197,194,190,124,16,9,11,26,127,173,180,83,268,273,273,179,28,18,21,37,161,202,228,108,333,334,332,220,40,28,6,15,87,118,122,52,178,178,185,120,14,9,24,44,176,236,249,113,355,355,364,226,38,34,20,34,140,188,203,97,294,298,302,200,31,25,15.5,29.62,135.88,180.62,195.25,89.0,282.5,282.25,284.0,186.12,29.38,21.62
Concrete_0cm_S10,2026-04-02T20:45:33.991890,24,41,167,233,252,116,362,355,353,240,41,32,12,25,134,170,189,86,273,271,272,180,27,18,6,15,95,125,139,57,197,195,190,124,16,9,11,26,127,173,179,83,268,273,273,180,28,18,21,37,162,202,228,109,333,334,332,219,40,28,6,15,87,118,122,52,177,177,185,121,14,9,24,44,175,236,249,113,355,354,364,226,38,34,19,34,140,188,203,97,294,298,302,200,31,25,15.38,29.62,135.88,180.62,195.12,89.12,282.38,282.12,283.88,186.25,29.38,21.62
Concrete_0cm_S10,2026-04-02T20:45:34.152397,24,41,167,233,252,116,362,355,353,240,41,32,12,25,134,170,189,86,273,271,272,180,27,18,6,15,95,125,139,57,197,195,190,124,16,9,11,26,127,173,179,83,268,273,273,180,28,18,21,37,162,202,228,109,333,334,332,219,40,28,6,15,87,118,122,52,177,177,185,121,14,9,24,44,175,236,249,113,355,354,364,226,38,34,19,34,140,188,203,97,294,298,302,200,31,25,15.38,29.62,135.88,180.62,195.12,89.12,282.38,282.12,283.88,186.25,29.38,21.62
Concrete_0cm_S10,2026-04-02T20:45:34.296906,24,41,167,233,252,116,362,355,354,241,41,32,12,25,134,171,189,86,274,271,273,180,27,18,6,15,95,125,139,57,197,195,190,124,16,9,11,26,126,173,180,83,268,273,273,180,28,18,21,37,162,202,228,109,333,334,332,220,40,28,5,15,87,118,122,52,178,178,184,120,14,9,24,44,175,236,249,113,355,355,364,226,38,34,20,34,140,188,202,97,294,298,302,200,31,25,15.38,29.62,135.75,180.75,195.12,89.12,282.62,282.38,284.0,186.38,29.38,21.62
Concrete_0cm_S10,2026-04-02T20:45:34.457868,24,41,167,233,252,116,362,355,354,241,41,32,12,25,134,171,189,86,274,271,273,180,27,18,6,15,95,125,139,57,197,195,190,124,16,9,11,26,126,173,180,83,268,273,273,180,28,18,21,37,162,202,228,109,333,334,332,220,40,28,5,15,87,118,122,52,178,178,184,120,14,9,24,44,175,236,249,113,355,355,364,226,38,34,20,34,140,188,202,97,294,298,302,200,31,25,15.38,29.62,135.75,180.75,195.12,89.12,282.62,282.38,284.0,186.38,29.38,21.62
Concrete_0cm_S10,2026-04-02T20:45:34.596709,24,41,167,233,252,116,362,355,354,241,41,32,12,25,134,170,189,86,274,271,273,180,27,18,6,15,95,125,139,57,197,194,190,124,16,9,11,26,127,173,180,83,269,273,273,180,28,18,21,37,162,202,228,109,333,334,332,220,40,28,5,15,87,118,122,52,178,178,184,120,14,9,24,44,175,236,249,113,355,355,364,226,38,34,20,34,140,188,202,97,294,298,302,200,31,25,15.38,29.62,135.88,180.62,195.12,89.12,282.75,282.25,284.0,186.38,29.38,21.62
Concrete_0cm_S10,2026-04-02T20:45:34.754866,24,41,167,233,252,116,362,355,354,241,41,32,12,25,134,170,189,86,274,271,273,180,27,18,6,15,95,125,139,57,197,194,190,124,16,9,11,26,127,173,180,83,269,273,273,180,28,18,21,37,162,202,228,109,333,334,332,220,40,28,5,15,87,118,122,52,178,178,184,120,14,9,24,44,175,236,249,113,355,354,363,226,38,34,19,34,139,188,202,97,294,298,302,200,31,25,15.25,29.62,135.75,180.62,195.12,89.12,282.75,282.12,283.88,186.38,29.38,21.62
Concrete_0cm_S10,2026-04-02T20:45:34.928912,24,41,167,233,251,116,362,355,353,240,41,32,12,25,134,170,189,86,273,271,273,180,27,18,6,15,95,125,139,57,197,194,190,124,16,9,11,26,127,173,180,83,269,273,273,180,28,18,21,37,162,202,228,109,333,334,332,219,40,28,6,15,87,118,122,52,177,177,185,120,14,9,24,44,175,236,249,113,354,354,363,226,38,34,19,34,140,188,203,97,294,298,302,200,31,25,15.38,29.62,135.88,180.62,195.12,89.12,282.38,282.0,283.88,186.12,29.38,21.62
Concrete_0cm_S10,2026-04-02T20:45:35.086921,24,41,167,233,251,116,362,355,353,240,41,32,12,25,134,170,189,86,273,271,273,180,27,18,6,15,95,125,139,57,197,194,190,124,16,9,11,26,127,173,180,83,269,273,273,180,28,18,21,37,162,202,229,109,333,334,333,220,40,28,5,15,87,118,122,52,178,178,185,120,14,9,24,44,175,236,249,113,355,354,363,226,38,34,19,34,140,188,203,97,294,298,302,200,31,25,15.25,29.62,135.88,180.62,195.25,89.12,282.62,282.12,284.0,186.25,29.38,21.62
Concrete_0cm_S10,2026-04-02T20:45:35.231131,24,41,167,233,251,116,362,355,353,240,41,32,12,25,134,170,189,86,273,271,273,180,27,18,6,15,95,125,139,57,197,194,190,124,16,9,11,26,127,173,180,83,269,273,273,180,28,18,21,37,162,202,229,109,333,334,333,220,40,28,5,15,87,118,122,52,178,178,185,120,14,9,24,44,175,236,249,113,355,354,363,226,38,34,19,34,140,188,203,97,294,298,302,200,31,25,15.25,29.62,135.88,180.62,195.25,89.12,282.62,282.12,284.0,186.25,29.38,21.62
Concrete_0cm_S10,2026-04-02T20:45:35.386589,24,41,167,233,252,116,362,355,353,240,41,32,12,25,134,170,189,86,274,272,273,180,27,18,6,15,95,125,139,57,197,194,190,124,16,9,11,26,127,173,180,83,268,273,273,180,28,18,21,37,162,202,228,109,333,334,332,220,40,28,5,15,87,118,122,52,178,178,185,120,14,9,24,44,176,236,249,113,356,354,363,226,38,34,19,34,140,188,202,97,294,298,302,200,31,25,15.25,29.62,136.0,180.62,195.12,89.12,282.75,282.25,283.88,186.25,29.38,21.62
Concrete_0cm_S10,2026-04-02T20:45:35.532180,24,41,167,233,252,116,362,355,353,240,41,32,11,25,134,171,189,86,274,271,273,180,27,18,6,15,95,125,139,57,197,195,190,124,16,9,11,26,127,173,180,83,269,273,273,180,28,18,21,37,161,202,228,109,333,334,332,220,40,28,5,15,87,118,122,52,177,178,185,120,14,9,24,44,175,236,249,113,356,354,363,226,39,34,19,34,140,188,203,97,294,298,302,200,31,25,15.12,29.62,135.75,180.75,195.25,89.12,282.75,282.25,283.88,186.25,29.5,21.62
Concrete_0cm_S10,2026-04-02T20:45:35.686845,24,41,167,233,252,116,362,355,353,240,41,32,11,25,134,171,189,86,274,271,273,180,27,18,6,15,95,125,139,57,197,195,190,124,16,9,11,26,127,173,180,83,269,273,273,180,28,18,21,37,161,202,228,109,333,334,332,220,40,28,5,15,87,118,122,52,177,178,185,120,14,9,24,44,175,236,249,113,356,354,363,226,39,34,19,34,140,188,203,97,294,298,302,200,31,25,15.12,29.62,135.75,180.75,195.25,89.12,282.75,282.25,283.88,186.25,29.5,21.62
Concrete_0cm_S10,2026-04-02T20:45:35.861756,24,41,167,233,252,116,362,355,353,240,41,32,11,25,134,171,189,86,274,271,273,180,27,18,6,15,95,125,139,57,197,195,190,124,16,9,11,26,127,173,180,83,269,273,273,180,28,18,21,37,161,202,228,109,333,334,332,220,40,28,5,15,87,118,122,52,177,178,185,120,14,9,24,44,175,236,249,113,356,354,363,226,39,34,19,34,140,188,203,97,294,298,302,200,31,25,15.12,29.62,135.75,180.75,195.25,89.12,282.75,282.25,283.88,186.25,29.5,21.62
Concrete_0cm_S10,2026-04-02T20:45:36.014205,24,41,166,233,252,116,361,354,353,240,41,32,12,25,134,171,189,86,274,272,273,181,27,18,6,15,95,125,139,57,197,194,190,124,16,9,11,26,127,173,179,83,268,273,273,180,28,18,21,37,162,202,229,109,333,334,333,219,40,28,6,15,87,118,122,52,177,177,185,120,14,9,24,44,175,236,249,113,355,354,363,226,38,34,20,34,140,188,203,97,294,298,302,200,31,25,15.5,29.62,135.75,180.75,195.25,89.12,282.38,282.0,284.0,186.25,29.38,21.62
Concrete_0cm_S10,2026-04-02T20:45:36.192289,24,41,167,233,252,116,362,355,353,240,41,32,12,25,134,170,189,86,274,272,273,181,27,18,6,15,95,125,139,57,197,194,190,124,16,9,11,26,127,173,180,83,269,274,272,180,28,18,21,37,162,202,229,109,333,334,332,220,39,28,6,15,87,118,122,52,177,177,185,120,14,9,24,44,175,236,249,113,355,354,363,226,38,34,20,34,140,188,202,97,294,298,302,200,31,25,15.5,29.62,135.88,180.62,195.25,89.12,282.62,282.25,283.75,186.38,29.25,21.62
Concrete_0cm_S10,2026-04-02T20:45:36.359324,24,41,167,233,252,116,362,355,353,240,41,32,12,25,134,170,189,86,274,272,273,181,27,18,6,15,95,125,139,57,197,194,190,124,16,9,11,26,127,173,180,83,269,274,272,180,28,18,21,37,162,202,229,109,333,334,332,220,39,28,6,15,87,118,122,52,177,177,185,120,14,9,24,44,175,236,249,113,355,354,363,226,38,34,20,34,140,188,202,97,294,298,302,200,31,25,15.5,29.62,135.88,180.62,195.25,89.12,282.62,282.25,283.75,186.38,29.25,21.62
Concrete_0cm_S10,2026-04-02T20:45:36.513082,24,41,167,233,252,116,362,355,353,240,41,32,12,25,134,170,189,86,274,272,273,181,27,18,6,15,95,125,139,57,197,194,190,124,16,9,11,26,127,173,180,83,269,274,272,180,28,18,21,37,162,202,229,109,333,334,332,220,39,28,6,15,87,118,122,52,177,177,185,120,14,9,24,44,175,236,249,113,355,354,363,226,38,34,20,34,140,188,202,97,294,298,302,200,31,25,15.5,29.62,135.88,180.62,195.25,89.12,282.62,282.25,283.75,186.38,29.25,21.62
Concrete_0cm_S10,2026-04-02T20:45:36.660093,24,41,167,233,252,116,362,355,353,240,41,32,12,25,134,170,189,86,274,272,273,181,27,18,6,15,95,125,139,57,197,194,190,124,16,9,11,26,126,173,180,83,268,273,273,180,28,18,21,37,162,202,229,109,333,334,332,220,40,28,5,15,87,118,122,52,177,177,185,120,14,9,24,44,175,236,249,113,355,355,363,226,38,34,19,34,140,188,203,97,294,298,302,200,31,25,15.25,29.62,135.75,180.62,195.38,89.12,282.5,282.25,283.88,186.38,29.38,21.62
Concrete_0cm_S10,2026-04-02T20:45:36.864792,24,41,167,233,252,116,362,355,353,240,41,32,12,25,134,170,189,86,274,272,273,181,27,18,6,15,95,125,139,57,197,194,190,124,16,9,11,26,126,173,180,83,268,273,273,180,28,18,21,37,162,202,229,109,333,334,332,220,40,28,5,15,87,118,122,52,177,177,185,120,14,9,24,44,175,236,249,113,355,355,363,226,38,34,19,34,140,188,203,97,294,298,302,200,31,25,15.25,29.62,135.75,180.62,195.38,89.12,282.5,282.25,283.88,186.38,29.38,21.62
Concrete_0cm_S10,2026-04-02T20:45:37.017515,24,41,167,233,252,116,362,355,353,240,41,32,12,25,134,170,189,86,274,272,273,181,27,18,6,15,95,125,139,57,197,194,190,124,16,9,11,26,127,173,180,83,268,273,273,180,28,18,21,37,162,202,229,109,333,334,332,220,40,28,5,15,87,118,122,52,177,177,185,120,14,9,24,44,175,236,249,113,355,355,363,226,38,34,19,34,140,188,203,97,294,298,302,200,31,25,15.25,29.62,135.88,180.62,195.38,89.12,282.5,282.25,283.88,186.38,29.38,21.62
Concrete_0cm_S10,2026-04-02T20:45:37.174770,24,41,167,233,252,116,362,355,353,240,41,32,12,25,134,170,189,86,274,272,273,181,27,18,6,15,95,125,139,57,197,194,190,124,16,9,11,26,127,173,180,83,268,273,273,180,28,18,21,37,162,202,229,109,333,334,332,220,40,28,5,15,87,118,122,52,177,177,185,120,14,9,24,44,175,236,249,113,355,355,363,226,38,34,19,34,140,188,203,97,294,298,302,200,31,25,15.25,29.62,135.88,180.62,195.38,89.12,282.5,282.25,283.88,186.38,29.38,21.62
Concrete_0cm_S10,2026-04-02T20:45:37.338680,24,41,167,233,252,116,362,355,353,240,41,32,12,25,134,170,189,86,274,272,273,181,27,18,6,15,95,125,139,57,197,194,190,124,16,9,11,26,127,173,180,83,268,273,273,180,28,18,21,37,162,202,229,109,333,334,332,220,40,28,5,15,87,118,122,52,177,177,185,120,14,9,24,44,175,236,249,113,355,355,363,226,38,34,19,34,140,188,203,97,294,298,302,200,31,25,15.25,29.62,135.88,180.62,195.38,89.12,282.5,282.25,283.88,186.38,29.38,21.62
Concrete_0cm_S10,2026-04-02T20:45:37.479984,24,40,166,233,252,116,362,354,353,240,41,32,12,25,134,170,189,86,274,271,273,181,27,18,6,15,95,125,139,58,197,194,190,124,16,9,11,26,127,173,180,83,269,273,273,180,28,18,21,37,162,202,229,109,334,334,332,220,40,28,5,15,87,118,122,52,177,177,185,120,14,9,23,44,176,236,249,113,356,355,364,226,38,35,20,34,140,188,203,97,294,298,302,200,31,25,15.25,29.5,135.88,180.62,195.38,89.25,282.88,282.0,284.0,186.38,29.38,21.75
Concrete_0cm_S10,2026-04-02T20:45:37.626284,24,41,167,233,252,116,362,355,354,240,41,32,12,25,134,170,189,86,274,270,272,181,27,18,6,15,95,125,139,57,197,194,190,124,16,9,11,26,127,173,179,83,268,273,273,180,28,18,21,37,162,202,229,109,333,334,333,220,40,28,5,15,87,118,122,52,177,177,185,120,14,9,24,44,175,236,249,113,355,355,364,226,38,34,19,34,140,188,203,97,294,298,302,200,31,25,15.25,29.62,135.88,180.62,195.25,89.12,282.5,282.0,284.12,186.38,29.38,21.62
Concrete_0cm_S10,2026-04-02T20:45:37.812172,24,41,167,233,252,116,362,355,354,240,41,32,12,25,134,170,189,86,274,270,272,181,27,18,6,15,95,125,139,57,197,194,190,124,16,9,11,26,127,173,179,83,268,273,273,180,28,18,21,37,162,202,229,109,333,334,333,220,40,28,5,15,87,118,122,52,177,177,185,120,14,9,24,44,175,236,249,113,355,355,364,226,38,34,19,34,140,188,203,97,294,298,302,200,31,25,15.25,29.62,135.88,180.62,195.25,89.12,282.5,282.0,284.12,186.38,29.38,21.62
Concrete_0cm_S10,2026-04-02T20:45:37.977912,24,41,167,233,252,116,362,355,354,240,41,32,12,25,134,170,189,86,274,271,273,180,27,18,6,15,95,125,139,57,197,194,190,124,16,9,11,26,127,173,180,83,268,273,273,180,28,18,21,37,162,202,229,109,333,334,333,220,40,28,5,15,87,118,122,52,177,177,185,120,14,9,24,44,175,236,249,113,355,355,364,226,38,34,19,34,140,188,203,97,294,298,302,200,31,25,15.25,29.62,135.88,180.62,195.38,89.12,282.5,282.12,284.25,186.25,29.38,21.62
Concrete_0cm_S10,2026-04-02T20:45:38.120308,24,41,166,233,252,116,362,354,354,240,41,32,12,25,134,170,189,86,274,272,273,181,27,18,6,15,95,125,139,58,197,195,190,124,16,9,11,26,126,173,180,83,269,273,273,180,28,18,21,37,162,202,229,109,333,334,332,220,40,28,5,15,87,118,122,52,177,177,184,120,14,9,24,44,176,236,249,113,355,354,364,226,38,34,20,34,140,188,202,97,294,298,302,200,31,25,15.38,29.62,135.75,180.62,195.25,89.25,282.62,282.12,284.0,186.38,29.38,21.62
Concrete_0cm_S10,2026-04-02T20:45:38.266574,24,41,166,233,252,116,362,354,354,240,41,32,12,25,134,170,189,86,274,272,273,181,27,18,6,15,95,125,139,58,197,195,190,124,16,9,11,26,126,173,180,83,269,273,273,180,28,18,21,37,162,202,228,109,332,334,333,220,40,28,5,15,87,118,122,52,177,178,184,120,14,9,24,44,176,236,249,113,355,354,364,226,38,34,20,34,140,188,202,97,294,298,302,200,31,25,15.38,29.62,135.75,180.62,195.12,89.25,282.5,282.25,284.12,186.38,29.38,21.62
Concrete_0cm_S10,2026-04-02T20:45:38.421413,24,41,167,233,252,116,362,354,353,240,41,32,12,25,134,170,189,86,274,272,273,181,27,18,6,15,95,125,139,57,197,195,190,124,16,9,11,26,126,173,180,83,268,273,273,180,28,18,21,37,162,202,228,109,333,334,333,219,40,28,5,15,87,118,122,52,177,178,184,120,14,9,24,44,176,236,249,113,355,355,363,226,38,34,19,34,140,188,203,98,294,298,302,200,31,25,15.25,29.62,135.88,180.62,195.25,89.25,282.5,282.38,283.88,186.25,29.38,21.62
Concrete_0cm_S10,2026-04-02T20:45:38.574479,24,41,166,232,252,116,362,354,353,240,41,32,12,25,134,170,189,86,274,272,273,181,27,18,6,15,95,125,139,58,197,194,190,124,16,9,11,26,127,173,180,83,268,274,273,180,28,18,21,37,162,202,228,109,334,335,333,220,40,28,6,15,87,118,122,52,177,177,185,120,14,9,24,44,175,236,249,113,355,355,364,226,38,34,20,34,140,188,203,97,294,298,302,200,31,25,15.5,29.62,135.75,180.5,195.25,89.25,282.62,282.38,284.12,186.38,29.38,21.62
Concrete_0cm_S10,2026-04-02T20:45:38.765478,24,41,166,232,252,116,362,354,353,240,41,32,12,25,134,170,189,86,274,272,273,181,27,18,6,15,95,125,139,58,197,194,190,124,16,9,11,26,127,173,180,83,269,274,274,180,28,18,21,37,162,202,228,109,333,334,332,219,40,28,6,15,87,118,122,52,177,177,185,120,14,9,24,44,175,236,249,113,355,355,364,226,38,34,20,34,140,188,203,97,294,298,302,200,31,25,15.5,29.62,135.75,180.5,195.25,89.25,282.62,282.25,284.12,186.25,29.38,21.62
Concrete_0cm_S10,2026-04-02T20:45:38.920925,24,41,167,233,252,116,362,355,353,240,41,32,12,25,135,170,189,86,274,271,273,181,27,18,6,15,95,125,139,58,197,194,190,124,16,9,11,26,126,173,179,83,269,273,273,180,28,18,21,37,161,202,228,109,333,334,333,220,40,28,6,15,87,118,122,52,177,177,185,120,14,9,24,44,175,236,249,113,355,355,364,226,38,34,20,34,140,189,203,97,294,298,302,200,31,25,15.5,29.62,135.75,180.75,195.12,89.25,282.62,282.12,284.12,186.38,29.38,21.62
Concrete_0cm_S10,2026-04-02T20:45:39.076066,24,41,166,233,252,116,362,354,354,240,41,32,12,25,135,170,189,86,274,271,273,181,27,18,6,15,95,125,139,58,197,194,190,124,16,9,11,26,126,173,180,83,268,273,273,180,28,18,21,37,162,202,229,109,333,334,333,220,40,28,5,15,87,118,122,52,177,177,185,120,14,9,23,44,175,236,249,113,356,354,363,227,39,34,20,34,140,189,203,97,294,298,302,200,31,25,15.25,29.62,135.75,180.75,195.38,89.25,282.62,281.88,284.12,186.5,29.5,21.62
Concrete_0cm_S10,2026-04-02T20:45:39.244444,24,41,166,233,252,116,361,354,353,240,41,32,12,25,134,170,189,86,274,271,273,180,27,18,6,15,95,125,139,58,197,194,190,124,16,9,11,26,126,173,180,83,268,273,273,180,28,18,21,37,162,202,229,109,333,334,333,220,40,28,5,15,87,118,122,52,177,178,185,120,14,9,24,44,176,236,249,113,355,355,364,226,38,34,19,34,140,188,203,97,294,298,302,200,31,25,15.25,29.62,135.75,180.62,195.38,89.25,282.38,282.12,284.12,186.25,29.38,21.62
Concrete_0cm_S10,2026-04-02T20:45:39.408570,24,41,166,233,252,116,361,354,353,240,41,32,12,25,134,170,189,86,274,271,273,180,27,18,6,15,95,125,139,58,197,194,190,124,16,9,11,26,126,173,180,83,268,273,273,180,28,18,21,37,162,202,229,109,333,334,333,220,40,28,5,15,87,118,122,52,177,178,185,120,14,9,24,44,176,236,249,113,355,355,364,226,38,34,19,34,140,188,203,97,294,298,302,200,31,25,15.25,29.62,135.75,180.62,195.38,89.25,282.38,282.12,284.12,186.25,29.38,21.62
Concrete_0cm_S10,2026-04-02T20:45:39.549470,24,41,167,233,251,116,362,354,353,240,41,32,12,25,134,170,189,86,274,272,273,180,27,18,6,15,95,125,139,57,197,194,190,124,16,9,11,26,127,173,180,83,269,273,273,180,28,18,21,37,162,202,229,109,333,334,333,220,40,28,6,15,87,118,122,52,177,178,185,120,14,9,24,44,175,236,250,113,355,355,364,226,38,34,20,34,140,188,203,97,294,298,302,200,31,25,15.5,29.62,135.88,180.62,195.38,89.12,282.62,282.25,284.12,186.25,29.38,21.62
Concrete_0cm_S10,2026-04-02T20:45:39.740408,24,41,167,233,251,116,362,355,353,240,41,32,12,25,134,170,189,86,274,272,273,180,27,18,6,15,95,125,139,57,197,194,190,124,16,9,11,26,126,173,179,83,268,273,273,180,28,18,21,37,162,202,229,109,333,334,333,220,40,28,5,15,87,118,122,52,177,177,185,120,14,9,24,44,175,236,250,113,355,355,364,226,38,34,20,34,140,188,203,97,294,298,302,200,31,25,15.38,29.62,135.75,180.62,195.25,89.12,282.5,282.25,284.12,186.25,29.38,21.62
Concrete_0cm_S10,2026-04-02T20:45:39.894742,24,41,166,232,251,116,362,355,353,240,41,32,12,25,134,171,189,86,274,271,272,181,27,18,6,15,95,125,139,57,197,194,190,124,16,9,11,26,126,173,179,83,269,274,273,180,28,18,21,37,162,202,229,109,333,334,333,220,40,28,6,15,87,118,122,52,177,177,185,120,14,9,24,44,176,236,249,113,356,354,364,226,38,34,19,34,140,188,203,97,294,298,302,200,31,25,15.38,29.62,135.75,180.62,195.12,89.12,282.75,282.12,284.0,186.38,29.38,21.62
Concrete_0cm_S10,2026-04-02T20:45:40.075423,24,40,167,233,252,116,362,354,353,240,41,32,12,25,134,170,189,86,274,272,273,181,27,18,6,15,95,125,139,57,197,194,190,124,16,9,11,26,127,173,180,83,269,273,273,180,28,18,21,37,162,202,228,109,334,334,332,220,40,28,5,15,87,118,122,52,177,177,185,120,14,9,23,44,175,236,249,113,355,354,364,226,38,34,19,34,140,188,203,97,294,298,302,200,31,25,15.12,29.5,135.88,180.62,195.25,89.12,282.75,282.0,284.0,186.38,29.38,21.62
Concrete_0cm_S10,2026-04-02T20:45:40.232443,24,41,166,233,252,116,362,354,353,240,41,32,12,25,134,170,189,86,274,272,273,181,27,18,6,15,95,126,139,57,197,195,190,124,16,9,11,26,127,173,179,83,269,273,273,180,28,18,21,37,162,202,229,109,334,335,333,219,40,28,6,15,87,118,122,52,177,177,185,120,14,9,24,44,175,236,249,113,355,354,363,226,38,34,19,34,140,188,202,98,294,298,302,200,31,25,15.38,29.62,135.75,180.75,195.12,89.25,282.75,282.25,284.0,186.25,29.38,21.62
Concrete_0cm_S10,2026-04-02T20:45:40.378908,24,41,166,232,252,116,362,355,353,240,41,32,12,25,134,170,189,86,274,272,273,181,27,18,6,15,95,125,139,57,197,194,190,124,16,9,11,26,127,173,179,83,269,273,273,180,28,18,21,37,162,202,228,109,333,334,332,219,40,28,5,15,87,118,122,52,177,177,185,120,14,9,24,44,175,236,249,113,355,354,363,226,38,34,19,34,140,188,203,97,294,298,302,200,31,24,15.25,29.62,135.75,180.5,195.12,89.12,282.62,282.12,283.88,186.25,29.38,21.5
Concrete_0cm_S10,2026-04-02T20:45:40.536534,24,41,166,232,252,116,362,355,353,240,41,32,11,25,134,170,189,86,274,271,273,180,27,18,6,15,95,126,139,57,197,194,190,124,16,9,11,26,127,173,180,83,269,274,273,180,28,18,21,37,162,202,229,109,334,334,332,220,40,28,6,15,87,118,122,53,177,177,185,121,14,9,23,44,175,236,249,113,355,355,363,226,38,34,19,34,140,188,203,97,294,298,302,200,31,25,15.12,29.62,135.75,180.62,195.38,89.25,282.75,282.25,283.88,186.38,29.38,21.62
Concrete_0cm_S10,2026-04-02T20:45:40.725065,24,41,166,232,252,116,362,355,353,240,41,32,11,25,134,170,189,86,274,271,273,180,27,18,6,15,95,126,139,57,197,194,190,124,16,9,11,26,127,173,180,83,269,274,273,180,28,18,21,37,162,202,229,109,334,334,332,220,40,28,6,15,87,118,122,53,177,177,185,121,14,9,23,44,175,236,249,113,355,355,363,226,38,34,19,34,140,188,203,97,294,298,302,200,31,25,15.12,29.62,135.75,180.62,195.38,89.25,282.75,282.25,283.88,186.38,29.38,21.62
Concrete_0cm_S10,2026-04-02T20:45:40.873086,24,41,166,233,252,116,362,355,353,240,41,32,12,25,134,170,189,86,274,272,273,181,27,18,6,15,95,125,139,57,197,195,190,124,16,9,11,26,127,173,180,83,269,274,273,180,28,18,21,37,162,202,229,109,333,334,333,220,40,28,6,15,87,118,122,52,177,177,184,120,14,9,24,44,175,236,249,113,355,355,364,226,38,34,20,34,140,189,203,97,294,298,302,200,31,25,15.5,29.62,135.75,180.75,195.38,89.12,282.62,282.5,284.0,186.38,29.38,21.62
Concrete_0cm_S10,2026-04-02T20:45:41.024570,24,41,167,233,252,116,362,355,353,240,41,32,12,25,135,170,189,86,274,272,273,180,27,18,6,15,95,125,139,57,197,194,190,124,16,9,11,26,127,173,179,83,269,274,273,180,28,18,21,37,162,202,229,109,333,334,333,219,39,28,6,15,87,118,122,52,177,177,184,120,14,9,24,44,175,236,249,113,355,355,364,226,38,34,20,34,140,188,203,97,294,298,302,200,31,25,15.5,29.62,136.0,180.62,195.25,89.12,282.62,282.38,284.0,186.12,29.25,21.62
Concrete_0cm_S10,2026-04-02T20:45:41.178099,24,41,167,233,251,116,362,354,353,240,41,32,12,25,134,171,189,86,274,272,273,181,27,18,6,15,95,125,139,58,197,194,190,124,16,9,11,26,127,173,179,83,269,274,273,180,28,18,21,37,162,202,229,109,333,334,333,219,39,28,6,15,87,118,122,52,177,177,184,120,14,9,24,44,175,236,249,113,355,355,364,226,38,34,19,34,140,189,203,97,294,298,302,199,31,25,15.38,29.62,135.88,180.88,195.12,89.25,282.62,282.25,284.0,186.12,29.25,21.62
Concrete_0cm_S10,2026-04-02T20:45:41.320044,24,41,167,233,252,116,362,354,353,240,41,32,12,25,134,170,189,86,274,272,272,181,27,18,6,15,95,125,139,57,197,195,190,124,16,9,11,26,126,173,179,83,268,273,273,180,28,18,21,37,162,202,229,109,333,334,333,220,40,28,5,15,87,118,122,52,177,177,185,120,14,9,24,44,175,236,249,113,356,354,364,226,38,34,19,34,140,188,202,97,294,298,302,200,31,25,15.25,29.62,135.75,180.62,195.12,89.12,282.62,282.12,284.0,186.38,29.38,21.62
Concrete_0cm_S10,2026-04-02T20:45:41.473739,24,41,167,233,252,116,362,354,353,240,41,32,12,25,134,170,189,86,274,272,272,181,27,18,6,15,95,125,139,57,197,195,190,124,16,9,11,26,126,173,179,83,268,273,273,180,28,18,21,37,162,202,229,109,333,334,333,220,40,28,5,15,87,118,122,52,177,177,185,120,14,9,24,44,175,236,249,113,356,354,364,226,38,34,20,34,140,188,203,97,294,298,302,200,31,25,15.38,29.62,135.75,180.62,195.25,89.12,282.62,282.12,284.0,186.38,29.38,21.62
Concrete_0cm_S10,2026-04-02T20:45:41.653429,24,41,166,233,252,116,362,354,353,240,41,32,12,25,134,170,189,86,274,272,273,181,27,18,6,15,95,125,139,57,197,194,190,124,16,9,11,26,127,173,179,83,269,274,273,180,28,18,21,37,161,202,228,109,334,335,333,220,40,28,6,15,87,118,122,52,177,177,184,120,14,9,24,44,175,236,249,113,356,354,364,226,38,34,20,34,140,188,203,97,294,298,302,200,31,25,15.5,29.62,135.62,180.62,195.12,89.12,282.88,282.25,284.0,186.38,29.38,21.62
Concrete_0cm_S10,2026-04-02T20:45:41.822867,24,41,166,233,252,116,362,354,353,240,41,32,12,25,134,170,189,86,274,272,273,181,27,18,6,15,95,125,139,57,197,194,190,124,16,9,11,26,127,173,179,83,269,274,273,180,28,18,21,37,162,202,228,109,333,334,333,220,40,28,6,15,87,118,122,52,178,177,185,120,14,9,23,44,175,236,249,113,356,355,363,226,39,34,20,34,140,188,203,98,294,298,302,200,31,25,15.38,29.62,135.75,180.62,195.12,89.25,282.88,282.25,284.0,186.38,29.5,21.62
Concrete_0cm_S10,2026-04-02T20:45:41.977103,24,41,166,233,252,116,361,355,353,240,41,32,12,25,134,170,189,86,274,272,273,181,27,18,6,15,95,125,139,57,197,194,190,124,16,9,11,26,127,173,179,83,269,274,273,180,28,18,21,37,162,202,228,109,333,334,333,220,40,28,6,15,87,118,122,52,178,177,185,120,14,9,24,44,176,236,249,113,356,354,364,226,39,34,20,34,140,189,203,97,294,298,302,200,31,25,15.5,29.62,135.88,180.75,195.12,89.12,282.75,282.25,284.12,186.38,29.5,21.62
Concrete_0cm_S10,2026-04-02T20:45:42.136121,24,41,166,233,252,116,361,355,353,240,41,32,12,25,134,170,189,86,274,272,273,181,27,18,6,15,95,125,139,57,197,194,190,124,16,9,11,26,127,173,180,83,268,273,273,180,28,18,21,37,162,202,228,109,333,334,333,220,40,28,6,15,87,118,122,52,178,177,185,120,14,9,24,44,176,236,249,113,356,354,364,226,39,34,20,34,140,189,203,97,294,298,302,200,31,25,15.5,29.62,135.88,180.75,195.25,89.12,282.62,282.12,284.12,186.38,29.5,21.62
Concrete_0cm_S10,2026-04-02T20:45:42.281774,24,41,166,233,252,116,361,355,353,240,41,32,12,25,134,170,189,86,274,272,273,181,27,18,6,15,95,125,139,57,197,194,190,124,16,9,11,26,127,173,180,83,269,273,273,180,28,18,21,37,162,202,228,109,333,334,333,220,40,28,6,15,87,118,122,52,178,177,185,120,14,9,24,44,176,236,249,113,356,354,364,226,39,34,20,34,140,189,203,97,294,298,302,200,31,25,15.5,29.62,135.88,180.75,195.25,89.12,282.75,282.12,284.12,186.38,29.5,21.62
Concrete_0cm_S10,2026-04-02T20:45:42.441467,24,41,167,233,252,116,361,355,353,240,41,32,12,25,134,170,189,86,274,271,273,181,27,18,6,15,95,125,139,57,197,194,190,124,16,9,11,26,126,173,180,83,269,273,273,180,28,18,21,37,162,202,228,109,333,334,332,219,40,28,5,15,87,118,122,52,177,178,185,120,14,9,24,44,175,236,249,113,355,355,363,226,38,35,19,34,140,188,203,97,294,298,302,200,31,25,15.25,29.62,135.75,180.62,195.25,89.12,282.5,282.25,283.88,186.25,29.38,21.75
Concrete_0cm_S10,2026-04-02T20:45:42.604247,24,41,166,233,252,116,361,355,353,240,41,32,12,25,135,171,189,86,274,272,273,180,27,18,6,15,95,125,139,57,197,194,190,124,16,9,11,26,127,173,180,83,269,274,273,180,28,18,21,37,162,202,228,109,333,334,332,219,39,28,5,15,87,118,122,52,177,178,185,120,14,9,24,44,175,236,249,113,355,355,363,226,38,35,20,34,140,188,203,97,294,297,302,200,31,25,15.38,29.62,135.88,180.75,195.25,89.12,282.5,282.38,283.88,186.12,29.25,21.75
Concrete_0cm_S10,2026-04-02T20:45:42.761250,24,41,166,233,252,116,361,355,353,240,41,32,12,25,135,171,189,86,274,272,273,180,27,18,6,15,95,125,139,57,197,194,190,124,16,9,11,26,127,173,180,83,269,274,273,180,28,18,21,37,162,202,228,109,333,334,332,219,39,28,5,15,87,118,122,52,177,178,185,120,14,9,24,44,175,236,249,113,355,355,363,226,38,35,20,34,140,188,203,97,294,297,302,200,31,25,15.38,29.62,135.88,180.75,195.25,89.12,282.5,282.38,283.88,186.12,29.25,21.75
Concrete_0cm_S10,2026-04-02T20:45:42.907132,24,41,167,233,252,116,362,354,353,240,41,32,12,25,134,170,189,86,274,272,273,181,27,18,6,15,95,125,139,57,197,194,190,124,16,9,11,26,126,173,180,83,268,273,273,180,28,18,21,37,161,202,228,109,334,335,332,220,40,28,6,15,87,118,122,52,177,178,185,121,14,9,24,44,175,237,249,113,356,354,364,226,38,35,20,34,140,189,203,97,294,298,302,200,31,25,15.5,29.62,135.62,180.88,195.25,89.12,282.75,282.25,284.0,186.5,29.38,21.75
Concrete_0cm_S10,2026-04-02T20:45:43.076800,24,41,167,233,252,116,362,354,353,240,41,32,12,25,134,170,189,86,274,272,273,181,27,18,6,15,95,126,139,57,197,194,190,124,16,9,11,26,127,173,180,83,268,273,273,180,28,18,21,37,162,202,228,109,333,334,333,220,40,28,5,15,87,118,122,52,177,177,185,120,14,9,24,44,175,236,249,113,355,355,364,226,38,34,20,34,140,189,203,97,294,298,302,200,31,25,15.38,29.62,135.88,180.88,195.25,89.12,282.5,282.12,284.12,186.38,29.38,21.62
Concrete_0cm_S10,2026-04-02T20:45:43.214187,24,41,166,233,252,116,361,355,354,240,41,32,12,25,135,171,189,86,274,272,273,181,27,18,6,15,95,125,139,57,197,194,190,124,16,9,11,26,127,173,180,83,269,273,273,180,28,18,21,37,162,202,228,109,333,334,332,219,40,28,5,15,87,118,122,52,177,177,185,120,14,9,24,44,175,236,250,113,355,354,363,226,38,34,20,34,140,189,203,97,294,298,302,200,31,25,15.38,29.62,135.88,180.88,195.38,89.12,282.5,282.12,284.0,186.25,29.38,21.62
Concrete_0cm_S10,2026-04-02T20:45:43.394501,24,41,167,233,252,116,361,355,353,240,41,32,12,25,134,170,189,86,274,272,273,181,27,18,6,15,95,125,139,57,197,194,190,124,16,9,11,26,127,173,180,83,269,273,273,180,28,18,21,37,162,202,229,109,333,334,332,220,40,28,5,15,87,118,122,52,177,177,185,120,14,9,24,44,176,236,249,113,355,355,364,226,39,34,19,34,140,188,203,97,294,299,302,200,31,25,15.25,29.62,136.0,180.62,195.38,89.12,282.5,282.38,284.0,186.38,29.5,21.62
Concrete_0cm_S10,2026-04-02T20:45:43.558177,24,41,167,233,252,116,361,355,353,240,41,32,12,25,134,170,189,86,274,272,273,181,27,18,6,15,95,125,139,57,197,194,190,124,16,9,11,26,127,173,180,83,269,273,273,180,28,18,21,37,162,202,229,109,333,334,332,220,40,28,5,15,87,118,122,52,177,177,185,120,14,9,24,44,176,236,249,113,355,355,364,226,39,34,19,34,140,188,203,97,294,299,302,200,31,25,15.25,29.62,136.0,180.62,195.38,89.12,282.5,282.38,284.0,186.38,29.5,21.62
Concrete_0cm_S10,2026-04-02T20:45:43.710812,24,40,166,233,252,116,362,355,353,240,41,32,12,25,134,171,189,86,274,272,273,181,27,18,6,15,95,125,139,57,197,194,190,124,16,9,11,26,127,173,180,83,268,273,273,180,28,18,21,37,162,202,228,109,333,334,333,220,40,28,6,15,87,118,122,52,177,178,185,120,14,9,23,44,176,236,250,113,356,355,363,226,38,34,20,34,140,188,203,97,294,298,302,200,31,25,15.38,29.5,135.88,180.75,195.38,89.12,282.62,282.38,284.0,186.38,29.38,21.62
Concrete_0cm_S10,2026-04-02T20:45:43.873311,24,40,166,233,252,116,362,355,353,240,41,32,12,25,134,171,189,86,274,272,273,181,27,18,6,15,95,125,139,57,197,194,190,124,16,9,11,26,127,173,180,83,268,273,273,180,28,18,21,37,162,202,228,109,333,334,333,220,40,28,6,15,87,118,122,52,177,178,185,120,14,9,23,44,176,236,250,113,356,355,363,226,38,34,20,34,140,188,203,97,294,298,302,200,31,25,15.38,29.5,135.88,180.75,195.38,89.12,282.62,282.38,284.0,186.38,29.38,21.62
Concrete_0cm_S10,2026-04-02T20:45:44.023675,24,40,166,233,252,116,362,355,353,240,41,32,12,25,134,171,189,86,274,272,273,181,27,18,6,15,95,125,139,57,197,194,190,124,16,9,11,26,127,173,180,83,268,273,273,180,28,18,21,37,162,202,228,109,333,334,333,220,40,28,6,15,87,118,122,52,177,178,185,120,14,9,24,44,176,236,249,113,356,355,363,226,38,34,20,34,140,188,203,97,294,298,302,200,31,25,15.5,29.5,135.88,180.75,195.25,89.12,282.62,282.38,284.0,186.38,29.38,21.62
Concrete_0cm_S10,2026-04-02T20:45:44.171465,24,40,166,233,252,116,362,355,353,240,41,32,12,25,134,171,189,86,274,272,273,181,27,18,6,15,95,125,139,57,197,194,190,124,16,9,11,26,127,173,180,83,268,273,273,180,28,18,21,37,162,202,228,109,333,334,333,220,40,28,6,15,87,118,122,52,177,178,185,120,14,9,24,44,176,236,249,113,356,355,363,226,38,34,20,34,140,188,203,97,294,298,302,200,31,25,15.5,29.5,135.88,180.75,195.25,89.12,282.62,282.38,284.0,186.38,29.38,21.62
Concrete_0cm_S10,2026-04-02T20:45:44.308323,24,40,166,233,252,116,362,355,353,240,41,32,12,25,134,171,189,86,274,272,273,181,27,18,6,15,95,125,139,57,197,194,190,124,16,9,11,26,127,173,180,83,268,273,273,180,28,18,21,37,162,202,228,109,333,334,332,219,40,28,6,15,87,118,122,52,177,178,185,120,14,9,24,44,176,236,249,113,356,355,363,226,38,34,20,34,140,188,203,97,294,298,302,200,31,25,15.5,29.5,135.88,180.75,195.25,89.12,282.62,282.38,283.88,186.25,29.38,21.62
Concrete_0cm_S10,2026-04-02T20:45:44.458923,24,41,167,233,252,116,362,354,353,240,41,32,12,25,134,170,189,86,274,272,273,180,27,18,6,15,95,125,139,57,197,194,190,124,16,9,11,26,127,173,180,83,268,273,273,180,28,18,21,37,162,202,228,109,333,334,332,219,40,28,6,15,87,118,122,52,177,178,185,120,14,9,23,44,175,236,249,113,355,355,363,226,38,35,19,34,140,189,203,98,294,298,302,200,31,25,15.25,29.62,135.88,180.75,195.25,89.25,282.5,282.25,283.88,186.12,29.38,21.75
Concrete_0cm_S10,2026-04-02T20:45:44.640817,24,41,167,233,252,116,362,354,353,240,41,32,12,25,134,170,189,86,274,272,273,180,27,18,6,15,95,125,139,57,197,194,190,124,16,9,11,26,127,173,180,83,268,273,273,180,28,18,21,37,162,202,228,109,333,334,332,219,40,28,6,15,87,118,122,53,177,177,185,120,14,9,23,44,175,236,249,113,355,355,363,226,38,35,19,34,140,189,203,98,294,298,302,200,31,25,15.25,29.62,135.88,180.75,195.25,89.38,282.5,282.12,283.88,186.12,29.38,21.75
Concrete_0cm_S10,2026-04-02T20:45:44.789664,24,41,167,233,252,116,362,355,354,240,41,32,12,25,135,171,189,86,274,272,273,181,27,18,6,15,95,125,139,57,197,194,190,124,16,9,11,26,127,173,179,83,268,273,273,180,28,18,21,37,162,202,228,109,333,334,332,220,40,28,5,15,87,118,122,52,177,177,185,120,14,9,24,44,175,236,249,113,355,354,363,226,38,34,19,34,140,188,203,97,294,298,302,200,31,25,15.25,29.62,136.0,180.75,195.12,89.12,282.5,282.12,284.0,186.38,29.38,21.62
Concrete_0cm_S10,2026-04-02T20:45:44.944809,24,41,167,233,252,116,362,355,354,240,41,32,12,25,135,171,189,86,274,272,273,181,27,18,6,15,95,125,139,57,197,194,190,124,16,9,11,26,127,173,180,83,268,273,273,180,28,18,21,37,162,202,228,109,333,334,332,219,40,28,5,15,87,118,122,52,178,177,185,120,14,9,24,44,175,236,249,113,355,354,363,226,38,34,20,34,140,189,203,97,294,298,302,200,31,25,15.38,29.62,136.0,180.88,195.25,89.12,282.62,282.12,284.0,186.25,29.38,21.62
Concrete_0cm_S10,2026-04-02T20:45:45.106022,24,41,167,233,252,116,362,355,354,240,41,32,12,25,135,171,189,86,274,272,273,181,27,18,6,15,95,125,139,57,197,194,190,124,16,9,11,26,127,173,180,83,268,273,273,180,28,18,21,37,162,202,228,109,333,334,332,219,40,28,5,15,87,118,122,52,178,177,185,120,14,9,24,44,175,236,249,113,355,354,363,226,38,34,20,34,140,189,203,97,294,298,302,200,31,25,15.38,29.62,136.0,180.88,195.25,89.12,282.62,282.12,284.0,186.25,29.38,21.62
Concrete_0cm_S10,2026-04-02T20:45:45.281834,24,41,167,233,252,116,362,355,354,240,41,32,12,25,135,171,189,86,274,272,273,181,27,18,6,15,95,125,139,57,197,194,190,124,16,9,11,26,127,173,180,83,269,273,273,180,28,18,21,37,162,202,228,109,333,334,332,219,40,28,5,15,87,118,122,52,178,177,185,120,14,9,24,44,175,236,249,113,355,354,363,226,38,34,20,34,140,189,203,97,294,298,302,200,31,25,15.38,29.62,136.0,180.88,195.25,89.12,282.75,282.12,284.0,186.25,29.38,21.62
Concrete_0cm_S10,2026-04-02T20:45:45.442980,24,41,167,233,252,116,362,355,354,240,41,32,12,25,135,171,189,86,274,272,273,181,27,18,6,15,95,125,139,57,197,194,190,124,16,9,11,26,127,173,180,83,269,273,273,180,28,18,21,37,162,202,228,109,333,334,332,219,40,28,5,15,87,118,122,52,178,177,185,120,14,9,24,44,175,236,249,113,355,354,363,226,38,34,20,34,140,189,203,97,294,298,302,200,31,25,15.38,29.62,136.0,180.88,195.25,89.12,282.75,282.12,284.0,186.25,29.38,21.62
Concrete_0cm_S10,2026-04-02T20:45:45.600175,24,41,167,233,252,116,362,355,354,240,41,32,12,25,135,171,189,86,274,272,273,181,27,18,6,15,95,125,139,57,197,194,190,124,16,9,11,26,127,173,180,83,269,273,273,180,28,18,21,37,162,202,228,109,333,334,332,219,40,28,5,15,87,118,122,52,178,177,185,120,14,9,24,44,175,236,249,113,355,354,363,226,38,34,20,34,140,189,203,97,294,298,302,200,31,25,15.38,29.62,136.0,180.88,195.25,89.12,282.75,282.12,284.0,186.25,29.38,21.62
Concrete_0cm_S10,2026-04-02T20:45:45.747439,24,41,167,233,252,116,362,355,354,240,41,32,12,25,135,171,189,86,274,272,273,181,27,18,6,15,95,125,139,57,197,194,190,124,16,9,11,26,127,173,180,83,269,273,273,180,28,18,21,37,162,202,228,109,333,334,332,219,40,28,5,15,87,118,122,52,178,177,185,120,14,9,24,44,175,236,249,113,355,355,363,226,38,34,19,34,140,188,203,97,294,298,302,200,31,25,15.25,29.62,136.0,180.75,195.25,89.12,282.75,282.25,284.0,186.25,29.38,21.62
Concrete_0cm_S10,2026-04-02T20:45:45.901584,24,41,167,233,252,116,362,355,354,240,41,32,12,25,135,171,189,86,274,272,273,181,27,18,6,15,95,125,139,57,197,194,190,124,16,9,11,26,127,173,180,83,269,273,273,180,28,18,21,37,162,202,228,109,333,334,332,219,40,28,5,15,87,118,122,52,178,177,185,120,14,9,24,44,175,236,249,113,355,355,363,226,38,34,19,34,140,188,203,97,294,298,302,200,31,25,15.25,29.62,136.0,180.75,195.25,89.12,282.75,282.25,284.0,186.25,29.38,21.62
Concrete_0cm_S10,2026-04-02T20:45:46.060338,24,41,167,233,252,116,362,355,353,240,41,32,12,25,135,171,189,86,274,272,273,181,27,18,6,15,95,125,139,57,197,194,190,124,16,9,11,26,127,173,180,83,269,273,273,180,28,18,21,37,162,202,228,109,333,334,332,219,40,28,5,15,87,118,122,52,178,177,185,120,14,9,23,44,176,236,249,113,356,354,363,226,38,34,20,34,140,188,203,97,294,298,302,200,31,25,15.25,29.62,136.12,180.75,195.25,89.12,282.88,282.12,283.88,186.25,29.38,21.62
Concrete_0cm_S10,2026-04-02T20:45:46.209305,24,41,167,233,252,116,362,355,353,240,41,32,12,25,135,171,189,86,274,272,273,181,27,18,6,15,95,125,139,57,197,194,190,124,16,9,11,26,127,173,180,83,269,273,273,180,28,18,21,37,162,202,228,109,333,334,332,219,40,28,5,15,87,118,122,52,178,177,185,120,14,9,23,44,176,236,249,113,356,354,363,226,38,34,20,34,140,188,203,97,294,298,302,200,31,25,15.25,29.62,136.12,180.75,195.25,89.12,282.88,282.12,283.88,186.25,29.38,21.62
Concrete_0cm_S10,2026-04-02T20:45:46.361216,24,41,167,233,252,116,362,355,353,240,41,32,12,25,135,171,189,86,274,272,273,181,27,18,6,15,95,125,139,57,197,194,190,124,16,9,11,26,127,173,180,83,269,273,273,180,28,18,21,37,162,202,228,109,333,334,332,219,40,28,5,15,87,118,122,52,178,177,185,120,14,9,23,44,176,236,249,113,356,354,363,226,38,34,20,34,140,188,203,97,294,298,302,200,31,25,15.25,29.62,136.12,180.75,195.25,89.12,282.88,282.12,283.88,186.25,29.38,21.62
Concrete_0cm_S10,2026-04-02T20:45:46.546907,24,41,167,233,252,116,362,355,354,241,41,32,12,25,135,171,189,86,275,272,273,181,27,18,6,15,95,126,139,57,197,194,190,124,16,9,11,26,127,173,180,83,269,273,273,180,28,18,21,37,162,202,229,109,334,335,333,220,40,28,5,15,87,118,122,52,177,177,184,120,14,9,24,44,176,236,249,113,355,355,363,226,38,35,20,34,140,189,203,97,294,298,302,200,31,25,15.38,29.62,136.12,181.0,195.38,89.12,282.88,282.38,284.0,186.5,29.38,21.75
Concrete_0cm_S10,2026-04-02T20:45:46.709252,24,41,167,233,252,116,362,355,354,241,41,32,12,25,135,171,189,86,275,272,273,181,27,18,6,15,95,125,139,57,197,194,190,124,16,9,11,26,127,173,180,83,269,273,273,180,28,18,21,37,162,202,229,109,334,335,333,220,40,28,5,15,87,118,122,52,177,177,184,120,14,9,24,44,176,236,249,113,355,355,363,226,38,35,20,34,140,189,203,97,294,298,302,200,31,25,15.38,29.62,136.12,180.88,195.38,89.12,282.88,282.38,284.0,186.5,29.38,21.75
Concrete_0cm_S10,2026-04-02T20:45:46.856364,24,41,167,233,252,116,362,355,354,241,41,32,11,25,134,171,189,86,274,272,273,181,27,18,6,15,95,125,139,57,197,194,190,124,16,9,11,26,127,173,180,83,269,273,273,180,28,18,21,37,162,202,229,109,334,335,333,220,40,28,5,15,87,118,122,52,177,177,184,120,14,9,24,44,176,236,249,113,355,355,363,226,38,35,20,34,140,189,203,97,294,298,302,200,31,25,15.25,29.62,136.0,180.88,195.38,89.12,282.75,282.38,284.0,186.5,29.38,21.75
Concrete_0cm_S10,2026-04-02T20:45:47.005600,24,41,167,233,252,116,362,354,353,240,41,32,12,25,134,171,190,86,274,272,273,181,27,18,6,15,95,125,139,57,197,195,190,124,16,9,11,26,127,173,179,84,269,274,273,180,28,18,21,37,162,202,229,109,333,334,332,220,40,28,5,15,87,118,122,52,177,177,184,120,14,9,24,44,175,236,249,113,355,355,364,226,38,34,19,34,140,188,203,97,294,298,302,199,31,25,15.25,29.62,135.88,180.75,195.38,89.25,282.62,282.38,283.88,186.25,29.38,21.62
Concrete_0cm_S10,2026-04-02T20:45:47.149455,24,41,167,233,252,116,362,354,353,240,41,32,12,25,134,171,190,86,274,272,273,181,27,18,6,15,95,125,139,57,197,195,190,124,16,9,11,26,127,173,179,84,269,274,273,180,28,18,21,37,162,202,229,109,333,334,332,220,40,28,5,15,87,118,122,52,177,177,184,120,14,9,24,44,175,236,249,113,355,355,364,226,38,34,19,34,140,188,203,97,294,298,302,199,31,25,15.25,29.62,135.88,180.75,195.38,89.25,282.62,282.38,283.88,186.25,29.38,21.62
Concrete_0cm_S10,2026-04-02T20:45:47.300715,24,41,166,233,252,116,362,355,353,240,41,32,12,25,134,171,189,86,274,272,273,181,27,18,6,15,95,125,139,58,197,195,190,124,16,9,11,26,127,173,180,83,268,273,273,180,28,18,21,37,162,202,228,109,333,334,333,220,40,28,6,15,87,118,122,52,178,178,185,120,14,9,24,44,176,236,249,113,355,355,364,226,38,34,20,34,140,188,203,97,294,298,302,200,31,25,15.5,29.62,135.88,180.75,195.25,89.25,282.62,282.5,284.12,186.38,29.38,21.62
Concrete_0cm_S10,2026-04-02T20:45:47.498934,24,41,167,233,252,116,362,355,353,240,41,32,12,25,134,170,189,86,274,272,273,181,27,18,6,15,95,125,139,57,197,194,190,124,16,9,11,26,127,173,180,83,268,273,273,180,28,18,21,37,162,202,228,109,333,334,333,220,40,28,6,15,87,118,122,52,178,178,185,120,14,9,24,44,175,236,249,113,355,354,364,226,38,34,20,34,140,188,203,97,294,298,302,200,31,25,15.5,29.62,135.88,180.62,195.25,89.12,282.62,282.25,284.12,186.38,29.38,21.62
Concrete_0cm_S10,2026-04-02T20:45:47.652277,24,41,167,233,252,116,362,355,353,240,41,32,12,25,134,170,189,86,274,272,273,181,27,18,6,15,95,125,139,57,197,194,190,124,16,9,11,26,126,173,180,83,269,273,273,180,28,18,21,37,162,202,228,109,334,334,333,220,40,28,6,15,87,118,122,52,178,178,185,120,14,9,24,44,175,236,249,113,355,354,364,226,38,34,20,34,140,188,203,97,294,298,302,200,31,25,15.5,29.62,135.75,180.62,195.25,89.12,282.88,282.25,284.12,186.38,29.38,21.62
Concrete_0cm_S10,2026-04-02T20:45:47.805518,24,40,166,233,251,116,361,354,353,240,41,32,12,25,134,170,189,86,275,272,273,181,27,18,6,15,95,125,139,58,197,194,190,124,16,9,11,26,127,173,180,83,269,274,273,180,28,18,21,37,162,202,228,109,334,334,333,220,40,28,5,15,87,118,122,52,177,178,185,120,14,9,24,44,175,236,249,113,355,355,363,226,38,34,20,34,140,189,203,97,294,298,303,200,31,25,15.38,29.5,135.75,180.75,195.12,89.25,282.75,282.38,284.12,186.38,29.38,21.62
Concrete_0cm_S10,2026-04-02T20:45:47.963059,24,40,166,233,251,116,361,354,353,240,41,32,12,25,134,170,189,86,275,272,273,181,27,18,6,15,95,125,139,58,197,194,190,124,16,9,11,26,127,173,180,83,269,274,273,180,28,18,21,37,162,202,228,109,334,334,333,220,40,28,5,15,87,118,122,52,177,178,185,120,14,9,24,44,175,236,249,113,355,355,363,226,38,34,20,34,140,189,203,97,294,298,303,200,31,25,15.38,29.5,135.75,180.75,195.12,89.25,282.75,282.38,284.12,186.38,29.38,21.62
Concrete_0cm_S10,2026-04-02T20:45:48.106864,24,41,166,233,252,116,362,355,354,240,41,32,12,25,134,170,189,86,275,272,273,181,27,18,6,15,95,125,139,58,197,194,190,124,16,9,11,26,127,173,180,83,269,274,273,180,28,18,21,37,162,202,228,109,334,334,333,220,40,28,5,15,87,118,122,52,177,178,185,120,14,9,24,44,175,236,249,113,355,355,363,226,38,34,20,34,140,189,203,97,294,298,302,200,31,25,15.38,29.62,135.75,180.75,195.25,89.25,282.88,282.5,284.12,186.38,29.38,21.62
Concrete_0cm_S10,2026-04-02T20:45:48.267111,24,41,166,233,252,116,362,355,354,240,41,32,12,25,134,170,189,86,274,272,273,181,27,18,6,15,95,125,139,57,197,194,190,124,16,9,11,26,127,173,180,83,269,273,273,180,28,18,21,37,161,201,229,109,333,334,332,220,40,28,5,15,87,118,122,52,177,178,185,120,14,9,24,44,175,236,249,113,355,355,363,226,38,34,20,34,140,189,203,97,294,298,302,200,31,25,15.38,29.62,135.62,180.62,195.38,89.12,282.62,282.38,284.0,186.38,29.38,21.62
Concrete_0cm_S10,2026-04-02T20:45:48.474380,24,41,167,233,252,116,362,354,353,240,41,32,12,25,134,171,189,86,274,272,273,181,27,18,6,15,95,125,139,57,197,195,190,124,16,9,11,26,127,173,180,83,269,273,273,180,28,18,21,37,161,201,229,109,333,334,332,220,40,28,6,15,87,118,122,52,177,177,185,120,14,9,24,44,175,236,249,113,355,354,363,226,38,34,20,34,140,189,203,97,294,298,302,200,31,25,15.5,29.62,135.75,180.75,195.38,89.12,282.62,282.12,283.88,186.38,29.38,21.62
Concrete_0cm_S10,2026-04-02T20:45:48.630125,24,41,167,233,252,116,362,355,353,240,41,32,12,25,134,170,189,86,274,272,273,181,27,18,6,15,95,125,139,57,197,194,190,124,16,9,11,26,127,173,180,83,269,273,273,180,28,18,21,37,161,202,229,109,333,334,333,220,40,28,6,15,87,118,122,52,177,178,185,120,14,9,24,44,176,236,249,113,355,355,363,226,38,34,20,34,140,188,203,97,294,298,302,200,31,25,15.5,29.62,135.88,180.62,195.38,89.12,282.62,282.38,284.0,186.38,29.38,21.62
Concrete_0cm_S10,2026-04-02T20:45:48.783723,24,41,167,233,252,116,362,355,353,240,41,32,12,25,134,170,189,86,274,272,273,181,27,18,6,15,95,125,139,57,197,194,190,124,16,9,11,26,127,173,180,83,269,273,273,180,28,18,21,37,161,202,229,109,333,334,333,220,40,28,6,15,87,118,122,52,177,178,185,120,14,9,24,44,176,236,249,113,355,355,363,226,38,34,20,34,140,188,203,97,294,298,302,200,31,25,15.5,29.62,135.88,180.62,195.38,89.12,282.62,282.38,284.0,186.38,29.38,21.62
Concrete_0cm_S10,2026-04-02T20:45:48.930660,24,41,167,232,252,116,362,354,353,240,41,32,12,25,135,171,189,86,274,272,273,180,27,18,6,15,95,125,139,58,197,194,190,124,16,9,11,26,126,173,180,83,269,273,273,180,28,18,21,37,161,202,228,109,333,334,332,220,40,28,5,15,87,118,122,52,177,177,185,120,14,9,24,44,176,236,250,113,355,355,363,226,38,34,20,33,140,189,203,98,294,298,302,200,31,25,15.38,29.5,135.88,180.75,195.38,89.38,282.62,282.12,283.88,186.25,29.38,21.62
Concrete_0cm_S10,2026-04-02T20:45:49.098310,24,41,167,233,252,116,362,354,353,240,41,32,12,25,134,170,189,86,274,272,273,181,27,18,6,15,95,126,139,57,197,194,190,124,16,9,11,26,127,173,180,83,269,273,273,180,28,18,21,37,162,202,229,109,334,334,333,220,40,28,5,15,87,118,122,52,177,177,184,120,14,9,23,44,176,236,249,113,355,354,363,226,38,34,20,34,140,188,203,98,294,298,302,200,31,25,15.25,29.62,136.0,180.75,195.38,89.25,282.75,282.0,283.88,186.38,29.38,21.62
Concrete_0cm_S10,2026-04-02T20:45:49.242141,24,41,166,233,252,116,362,355,353,240,41,32,12,25,134,171,189,86,274,272,273,181,27,18,6,15,95,125,139,57,197,195,190,124,16,9,11,26,127,173,180,83,269,273,273,179,28,18,21,36,161,202,228,109,334,334,333,220,40,28,6,15,87,118,122,52,177,177,185,120,14,9,24,44,175,236,249,113,356,354,363,226,38,34,19,34,140,189,203,97,294,298,302,200,31,25,15.38,29.5,135.62,180.88,195.25,89.12,282.88,282.25,284.0,186.25,29.38,21.62
Concrete_0cm_S10,2026-04-02T20:45:49.448794,24,41,166,232,252,116,362,355,353,240,41,32,12,25,134,171,189,86,274,272,273,181,27,18,6,15,95,125,139,57,197,195,190,124,16,9,11,26,127,173,180,83,269,273,273,180,28,18,21,37,162,202,228,109,333,334,333,220,40,28,6,15,87,118,122,52,177,177,185,120,14,9,23,44,176,236,249,113,356,354,363,226,38,35,20,34,140,189,203,98,294,298,302,200,31,25,15.38,29.62,135.88,180.75,195.25,89.25,282.75,282.25,284.0,186.38,29.38,21.75
Concrete_0cm_S10,2026-04-02T20:45:49.605082,24,40,166,233,252,116,361,354,352,240,41,32,11,25,135,171,189,86,274,272,273,181,27,18,6,15,95,125,139,57,197,195,190,124,16,9,11,26,127,173,180,83,269,273,273,180,28,18,21,37,161,202,229,109,332,334,332,220,40,28,5,15,87,118,122,52,177,177,185,120,14,9,24,44,176,236,249,113,355,355,363,226,38,34,19,34,140,189,203,97,295,298,302,200,31,25,15.12,29.5,135.88,180.88,195.38,89.12,282.5,282.25,283.75,186.38,29.38,21.62
Concrete_0cm_S10,2026-04-02T20:45:49.759684,24,41,166,233,252,116,362,355,353,240,41,32,11,25,135,171,189,86,274,272,273,181,27,18,6,15,95,125,139,57,197,195,190,124,16,9,11,26,127,173,180,83,269,273,273,180,28,18,21,37,162,202,228,109,333,334,333,220,40,28,5,15,87,118,122,52,177,178,185,120,14,9,24,44,175,236,249,113,355,354,363,226,38,34,19,34,140,189,203,97,294,298,302,200,31,25,15.12,29.62,135.88,180.88,195.25,89.12,282.62,282.38,284.0,186.38,29.38,21.62
Concrete_0cm_S10,2026-04-02T20:45:49.906029,24,41,167,233,252,116,362,355,354,240,41,32,12,25,134,170,189,86,274,272,273,181,27,18,6,15,95,125,139,57,197,194,190,124,16,9,11,26,127,173,180,83,268,273,273,180,28,18,21,37,162,202,228,109,334,334,333,220,40,28,6,15,87,118,122,52,177,177,184,120,14,9,24,44,175,236,249,113,356,354,363,226,38,34,20,34,140,189,203,97,294,298,302,200,31,25,15.5,29.62,135.88,180.75,195.25,89.12,282.75,282.12,284.0,186.38,29.38,21.62
Concrete_0cm_S10,2026-04-02T20:45:50.043448,24,41,166,232,252,116,362,355,353,240,41,32,12,25,134,170,189,86,274,272,273,181,27,18,6,15,95,125,139,57,197,194,190,124,16,9,11,26,127,173,180,83,268,273,273,180,28,18,21,37,162,202,229,109,333,334,332,220,40,28,6,15,87,118,122,52,177,178,185,120,14,9,24,44,175,236,249,113,355,355,363,226,38,34,20,34,140,188,203,97,294,298,302,200,31,25,15.5,29.62,135.75,180.5,195.38,89.12,282.5,282.38,283.88,186.38,29.38,21.62
Concrete_0cm_S10,2026-04-02T20:45:50.196607,24,41,166,232,252,116,362,355,353,240,41,32,12,25,134,170,189,86,274,272,273,181,27,18,6,15,95,125,139,57,197,194,190,124,16,9,11,26,127,173,180,83,268,273,273,180,28,18,21,37,162,202,229,109,333,334,332,220,40,28,6,15,87,118,122,52,177,178,185,120,14,9,24,44,175,236,249,113,355,355,363,226,38,34,20,34,140,188,203,97,294,298,302,200,31,25,15.5,29.62,135.75,180.5,195.38,89.12,282.5,282.38,283.88,186.38,29.38,21.62
Concrete_0cm_S10,2026-04-02T20:45:50.371251,24,41,167,233,252,116,362,355,353,240,41,32,12,25,134,171,189,86,274,272,273,181,27,18,6,15,95,125,139,57,197,194,190,124,16,9,11,26,127,173,180,83,268,273,273,180,28,18,21,37,162,202,228,109,333,334,333,220,40,28,5,15,87,118,122,52,178,177,185,120,14,9,24,44,176,236,249,113,355,355,363,226,39,34,20,34,140,189,203,97,294,298,302,200,31,25,15.38,29.62,136.0,180.88,195.25,89.12,282.62,282.25,284.0,186.38,29.5,21.62
Concrete_0cm_S10,2026-04-02T20:45:50.555066,24,40,166,233,252,116,361,354,353,241,41,32,12,25,135,171,189,86,274,272,273,181,27,18,6,15,95,126,139,57,197,194,190,124,16,9,11,26,127,173,180,83,269,273,273,180,28,18,21,37,161,202,228,109,333,334,332,220,40,28,6,15,87,118,122,52,177,177,185,121,14,9,23,44,175,236,250,113,356,355,364,226,38,34,19,34,140,189,203,97,295,298,302,200,31,25,15.25,29.5,135.75,181.0,195.38,89.12,282.75,282.12,284.0,186.62,29.38,21.62
Concrete_0cm_S10,2026-04-02T20:45:50.712466,24,40,166,233,252,116,361,354,353,241,41,32,12,25,135,171,189,86,274,272,273,181,27,18,6,15,95,126,139,57,197,194,190,124,16,9,11,26,126,173,180,83,269,273,273,180,28,18,21,37,162,202,229,109,334,334,332,219,40,28,6,15,87,118,122,52,177,178,185,120,14,9,23,44,175,236,250,113,356,355,364,226,38,34,19,34,140,189,203,97,295,298,302,200,31,25,15.25,29.5,135.75,181.0,195.5,89.12,282.88,282.25,284.0,186.38,29.38,21.62
Concrete_0cm_S10,2026-04-02T20:45:50.863661,24,40,166,233,252,116,361,354,353,241,41,32,12,25,135,171,189,86,274,272,273,181,27,18,6,15,95,126,139,57,197,194,190,124,16,9,11,26,126,173,180,83,269,273,273,180,28,18,21,37,162,202,229,109,334,334,332,219,40,28,6,15,87,118,122,52,177,178,185,120,14,9,23,44,175,236,250,113,356,355,364,226,38,34,19,34,140,189,203,97,295,298,302,200,31,25,15.25,29.5,135.75,181.0,195.5,89.12,282.88,282.25,284.0,186.38,29.38,21.62
Concrete_0cm_S10,2026-04-02T20:45:51.010160,24,41,167,232,252,116,362,355,353,241,41,32,12,25,134,171,189,86,275,272,273,180,27,18,6,15,95,125,139,57,197,194,190,124,16,9,11,26,126,173,180,83,268,273,273,180,28,18,21,37,162,202,229,109,333,334,333,220,40,28,6,15,87,118,122,52,177,177,185,120,14,9,24,44,175,236,249,113,355,355,363,225,38,34,20,34,140,189,203,97,295,298,302,200,31,25,15.5,29.62,135.75,180.75,195.38,89.12,282.75,282.25,284.0,186.25,29.38,21.62
Concrete_0cm_S10,2026-04-02T20:45:51.167231,24,41,167,233,252,116,361,354,353,240,41,32,12,25,134,170,189,86,274,271,273,181,27,18,6,15,95,125,139,57,197,194,190,124,16,9,11,26,126,173,180,83,268,273,273,180,28,18,21,37,162,202,229,109,333,334,333,220,40,28,6,15,87,118,122,52,177,177,185,120,14,9,24,44,175,236,249,113,355,355,363,225,38,34,20,34,140,188,203,98,294,298,302,200,31,25,15.5,29.62,135.75,180.62,195.38,89.25,282.38,282.0,284.0,186.25,29.38,21.62
Concrete_0cm_S10,2026-04-02T20:45:51.351155,24,41,166,233,252,116,362,355,353,240,41,32,12,25,134,171,189,86,274,272,273,181,27,18,6,15,95,125,139,57,197,194,190,124,16,9,11,26,126,173,180,83,269,273,274,180,28,18,21,37,162,202,229,109,333,334,333,220,40,28,6,15,87,118,122,52,177,177,185,120,14,9,24,44,175,236,249,113,355,354,363,226,38,34,20,34,140,189,203,97,294,298,303,201,31,25,15.5,29.62,135.62,180.88,195.38,89.12,282.62,282.12,284.25,186.5,29.38,21.62
Concrete_0cm_S10,2026-04-02T20:45:51.509129,24,41,166,233,252,116,362,354,354,241,41,32,11,25,134,170,189,86,274,272,273,181,27,18,6,15,95,125,139,58,197,194,190,124,16,9,11,26,126,173,180,83,269,273,274,180,28,18,21,37,162,202,229,109,333,334,333,220,40,28,6,15,87,118,122,52,177,177,185,120,14,9,24,44,175,236,249,113,355,354,363,226,38,34,20,34,140,189,203,97,294,298,303,201,31,25,15.38,29.62,135.62,180.75,195.38,89.25,282.62,282.0,284.38,186.62,29.38,21.62
Concrete_0cm_S10,2026-04-02T20:45:51.663211,24,41,166,233,252,116,362,354,354,241,41,32,11,25,134,170,189,86,274,272,273,181,27,18,6,15,95,125,139,58,197,194,190,124,16,9,11,26,127,173,180,83,269,274,273,180,28,18,21,37,162,202,228,109,333,334,333,220,40,28,5,15,87,118,122,52,177,177,185,120,14,9,24,44,175,236,249,113,355,354,363,226,38,34,20,34,140,189,203,97,294,298,303,201,31,25,15.25,29.62,135.75,180.75,195.25,89.25,282.62,282.12,284.25,186.62,29.38,21.62
Concrete_0cm_S10,2026-04-02T20:45:51.815272,24,41,166,233,252,116,362,354,354,241,41,32,11,25,134,170,189,86,274,272,273,181,27,18,6,15,95,125,139,58,197,194,190,124,16,9,11,26,127,173,180,83,269,274,273,180,28,18,21,37,162,202,228,109,333,334,333,220,40,28,5,15,87,118,122,52,177,177,185,120,14,9,24,44,175,236,249,113,355,354,363,226,38,34,20,34,140,189,203,97,294,298,303,201,31,25,15.25,29.62,135.75,180.75,195.25,89.25,282.62,282.12,284.25,186.62,29.38,21.62
Concrete_0cm_S10,2026-04-02T20:45:51.973446,24,41,166,233,252,116,362,354,354,241,41,32,11,25,134,170,189,86,274,272,273,181,27,18,6,15,95,125,139,58,197,194,190,124,16,9,11,26,127,173,180,83,269,274,273,180,28,18,21,37,162,202,228,109,333,334,333,220,40,28,5,15,87,118,122,52,177,177,185,120,14,9,24,44,175,236,249,113,355,354,363,226,38,34,20,34,140,189,203,97,294,298,303,201,31,25,15.25,29.62,135.75,180.75,195.25,89.25,282.62,282.12,284.25,186.62,29.38,21.62
Concrete_0cm_S10,2026-04-02T20:45:52.126014,24,41,166,233,252,116,362,354,354,241,41,32,11,25,134,170,189,86,274,272,273,181,27,18,6,15,95,125,139,58,197,194,190,124,16,9,11,26,127,173,180,83,269,274,273,180,28,18,21,37,162,202,228,109,333,334,333,220,40,28,5,15,87,118,122,52,177,177,185,120,14,9,24,44,175,236,249,113,355,354,363,226,38,34,20,34,140,189,203,97,294,298,303,201,31,25,15.25,29.62,135.75,180.75,195.25,89.25,282.62,282.12,284.25,186.62,29.38,21.62
Concrete_0cm_S10,2026-04-02T20:45:52.305904,24,41,166,233,252,116,362,354,354,241,41,32,12,25,134,171,189,86,275,272,273,181,27,18,6,15,95,125,139,58,197,195,190,124,16,9,11,26,127,173,180,83,269,274,273,180,28,18,21,37,162,202,229,109,333,334,333,220,40,28,5,15,87,118,122,52,177,178,185,120,14,9,24,44,175,236,249,113,355,355,363,226,38,34,20,34,140,189,203,98,294,299,302,200,31,25,15.38,29.62,135.75,180.88,195.38,89.38,282.75,282.62,284.12,186.5,29.38,21.62
Concrete_0cm_S10,2026-04-02T20:45:52.478437,24,41,166,233,252,116,361,355,353,240,41,32,12,25,134,171,189,86,275,272,273,181,27,19,6,15,95,125,139,58,197,194,190,124,16,9,11,26,126,173,180,83,269,273,273,180,28,18,21,37,161,202,228,109,333,334,333,220,40,28,5,15,87,118,122,52,178,177,185,120,14,9,24,44,175,236,249,113,355,354,363,226,38,34,20,34,140,188,203,97,294,298,302,200,31,25,15.38,29.62,135.5,180.75,195.25,89.25,282.75,282.12,284.0,186.38,29.38,21.75
Concrete_0cm_S10,2026-04-02T20:45:52.635858,24,41,167,233,252,116,362,355,353,240,41,32,12,25,135,171,189,86,275,272,273,181,27,18,6,15,95,125,139,57,197,195,190,124,16,9,11,26,126,173,180,83,269,273,273,180,28,18,21,37,162,202,228,109,334,334,333,220,40,28,6,15,87,118,123,52,177,177,185,120,14,9,24,44,176,236,249,113,355,354,363,226,38,34,20,34,140,189,203,97,294,298,302,200,31,25,15.5,29.62,136.0,180.88,195.38,89.12,282.88,282.25,284.0,186.38,29.38,21.62
Concrete_0cm_S10,2026-04-02T20:45:52.789797,24,41,167,233,252,116,362,355,353,240,41,32,12,25,135,171,189,86,275,272,273,181,27,18,6,15,95,125,139,57,197,195,190,124,16,9,11,26,126,173,180,83,269,273,273,180,28,18,21,37,162,202,228,109,334,334,333,220,40,28,6,15,87,118,123,52,177,177,185,120,14,9,24,44,176,236,249,113,355,354,363,226,38,34,20,34,140,189,203,97,294,298,302,200,31,25,15.5,29.62,136.0,180.88,195.38,89.12,282.88,282.25,284.0,186.38,29.38,21.62
Concrete_0cm_S10,2026-04-02T20:45:52.941696,24,41,167,233,252,116,362,355,353,240,41,32,12,25,135,171,189,86,275,272,273,181,27,18,6,15,95,125,139,57,197,195,190,124,16,9,11,26,126,173,180,83,269,273,273,180,28,18,21,37,162,202,228,109,333,334,333,220,40,28,6,15,87,118,123,52,177,177,185,120,14,9,24,44,176,236,249,113,355,354,363,226,38,34,20,34,140,189,203,97,294,298,302,200,31,25,15.5,29.62,136.0,180.88,195.38,89.12,282.75,282.25,284.0,186.38,29.38,21.62
Concrete_0cm_S10,2026-04-02T20:45:53.100449,24,41,167,233,252,116,362,355,353,240,41,32,12,25,135,171,189,86,275,272,273,181,27,18,6,15,95,125,139,57,197,195,190,124,16,9,11,26,126,173,180,83,269,273,273,180,28,18,21,37,162,202,228,109,333,334,333,220,40,28,6,15,87,118,123,52,177,177,185,120,14,9,24,44,176,236,249,113,355,354,363,226,38,34,20,34,140,189,203,97,294,298,302,200,31,25,15.5,29.62,136.0,180.88,195.38,89.12,282.75,282.25,284.0,186.38,29.38,21.62
Concrete_0cm_S10,2026-04-02T20:45:53.263999,24,41,167,233,252,116,362,355,353,240,41,32,12,25,135,171,189,86,275,272,273,181,27,18,6,15,95,125,139,57,197,195,190,124,16,9,11,26,126,173,180,83,269,273,273,180,28,18,21,37,162,202,228,109,333,334,333,220,40,28,6,15,87,118,123,52,177,177,185,120,14,9,24,44,176,236,249,113,355,354,363,226,38,34,20,34,140,189,203,97,294,298,302,200,31,25,15.5,29.62,136.0,180.88,195.38,89.12,282.75,282.25,284.0,186.38,29.38,21.62
Concrete_0cm_S10,2026-04-02T20:45:53.430005,24,41,167,233,252,116,362,355,353,240,41,32,12,25,134,170,189,86,274,272,273,181,27,18,6,15,95,125,139,57,197,194,190,124,16,9,11,26,126,173,180,83,269,273,273,180,28,18,21,37,162,202,228,109,333,334,333,220,40,28,6,15,87,118,123,52,177,177,185,120,14,9,24,44,176,236,249,113,355,354,363,226,38,34,20,34,140,189,203,97,294,298,302,200,31,25,15.5,29.62,135.88,180.75,195.38,89.12,282.62,282.12,284.0,186.38,29.38,21.62
Concrete_0cm_S10,2026-04-02T20:45:53.584328,24,41,167,233,252,116,362,355,353,240,41,32,12,25,134,170,189,86,274,272,273,181,27,18,6,15,95,125,139,57,197,194,190,124,16,9,11,26,126,173,180,83,269,273,273,180,28,18,21,37,162,202,228,109,333,334,333,220,40,28,6,15,87,118,123,52,177,177,185,120,14,9,24,44,176,236,249,113,355,354,363,226,38,34,20,34,140,189,203,97,294,298,302,200,31,25,15.5,29.62,135.88,180.75,195.38,89.12,282.62,282.12,284.0,186.38,29.38,21.62
Concrete_0cm_S10,2026-04-02T20:45:53.745045,24,41,167,233,252,116,362,355,353,240,41,32,12,25,134,170,189,86,274,272,273,181,27,18,6,15,95,125,139,57,197,194,190,124,16,9,11,26,126,173,180,83,269,273,273,180,28,18,21,37,162,202,228,109,333,334,333,220,40,28,6,15,87,118,122,52,178,178,185,120,14,9,23,44,176,236,249,113,355,354,363,225,38,35,20,34,140,189,203,97,294,298,302,200,31,25,15.38,29.62,135.88,180.75,195.25,89.12,282.75,282.25,284.0,186.25,29.38,21.75
Concrete_0cm_S10,2026-04-02T20:45:53.895066,24,41,167,233,252,116,362,355,353,240,41,32,12,25,134,170,189,86,274,272,273,181,27,18,6,15,95,125,139,57,197,194,190,124,16,9,11,26,126,173,180,83,269,273,273,180,28,18,21,37,162,202,228,109,333,334,333,220,40,28,6,15,87,118,122,52,178,178,185,120,14,9,23,44,176,236,249,113,355,354,363,225,38,35,20,34,140,189,203,97,294,298,302,200,31,25,15.38,29.62,135.88,180.75,195.25,89.12,282.75,282.25,284.0,186.25,29.38,21.75
Concrete_0cm_S10,2026-04-02T20:45:54.058007,24,41,167,233,252,116,362,354,353,240,41,32,12,25,134,170,189,86,274,272,273,181,27,18,6,15,95,125,139,58,197,194,190,124,16,9,11,26,127,173,180,83,269,273,273,180,28,18,21,37,162,202,229,109,333,334,332,220,40,28,6,15,87,118,122,52,177,177,184,120,14,9,23,44,175,236,249,113,355,354,363,226,38,34,19,34,140,189,203,97,294,298,302,200,31,25,15.25,29.62,135.88,180.75,195.38,89.25,282.62,282.0,283.75,186.38,29.38,21.62
Concrete_0cm_S10,2026-04-02T20:45:54.221425,24,41,166,233,252,116,362,354,353,240,41,32,12,25,134,171,190,86,274,272,273,181,27,18,6,15,95,125,139,57,197,194,190,124,16,9,11,26,127,173,180,83,269,273,273,180,28,18,21,37,162,202,229,109,333,334,332,220,40,28,6,15,87,118,122,52,177,177,184,120,14,9,23,44,175,236,249,113,355,354,363,226,38,34,19,34,140,189,203,97,294,298,302,200,31,25,15.25,29.62,135.75,180.88,195.5,89.12,282.62,282.0,283.75,186.38,29.38,21.62
Concrete_0cm_S10,2026-04-02T20:45:54.404799,24,41,167,232,252,116,362,354,353,240,41,32,12,25,134,171,189,86,275,272,273,181,27,18,6,15,95,125,139,57,197,194,190,124,16,9,11,26,127,173,180,83,269,273,273,180,28,18,21,37,161,202,228,109,333,334,332,220,40,28,5,15,87,118,122,52,177,177,185,120,14,9,24,44,176,237,249,113,356,354,363,226,38,34,20,34,140,189,203,98,294,298,302,200,31,25,15.38,29.62,135.88,180.88,195.25,89.25,282.88,282.0,283.88,186.38,29.38,21.62
Concrete_0cm_S10,2026-04-02T20:45:54.559150,24,41,167,232,252,116,362,354,353,240,41,32,12,25,134,171,189,86,275,272,273,181,27,18,6,15,95,125,139,57,197,194,190,124,16,9,11,26,127,173,180,83,269,274,273,180,28,18,21,37,161,202,229,109,333,334,332,220,40,28,5,15,87,118,122,52,177,177,185,120,14,9,24,44,176,237,249,113,356,354,363,226,38,34,20,34,140,189,203,98,294,298,302,200,31,25,15.38,29.62,135.88,180.88,195.38,89.25,282.88,282.12,283.88,186.38,29.38,21.62
