label,timestamp,S0_405nm,S0_425nm,S0_450nm,S0_475nm,S0_515nm,S0_550nm,S0_555nm,S0_600nm,S0_640nm,S0_690nm,S0_745nm,S0_855nm,S1_405nm,S1_425nm,S1_450nm,S1_475nm,S1_515nm,S1_550nm,S1_555nm,S1_600nm,S1_640nm,S1_690nm,S1_745nm,S1_855nm,S2_405nm,S2_425nm,S2_450nm,S2_475nm,S2_515nm,S2_550nm,S2_555nm,S2_600nm,S2_640nm,S2_690nm,S2_745nm,S2_855nm,S3_405nm,S3_425nm,S3_450nm,S3_475nm,S3_515nm,S3_550nm,S3_555nm,S3_600nm,S3_640nm,S3_690nm,S3_745nm,S3_855nm,S4_405nm,S4_425nm,S4_450nm,S4_475nm,S4_515nm,S4_550nm,S4_555nm,S4_600nm,S4_640nm,S4_690nm,S4_745nm,S4_855nm,S5_405nm,S5_425nm,S5_450nm,S5_475nm,S5_515nm,S5_550nm,S5_555nm,S5_600nm,S5_640nm,S5_690nm,S5_745nm,S5_855nm,S6_405nm,S6_425nm,S6_450nm,S6_475nm,S6_515nm,S6_550nm,S6_555nm,S6_600nm,S6_640nm,S6_690nm,S6_745nm,S6_855nm,S7_405nm,S7_425nm,S7_450nm,S7_475nm,S7_515nm,S7_550nm,S7_555nm,S7_600nm,S7_640nm,S7_690nm,S7_745nm,S7_855nm,AVG_405nm,AVG_425nm,AVG_450nm,AVG_475nm,AVG_515nm,AVG_550nm,AVG_555nm,AVG_600nm,AVG_640nm,AVG_690nm,AVG_745nm,AVG_855nm
Concrete_0cm_S1,2026-04-02T16:34:48.318371,60,91,256,308,349,171,506,485,467,362,105,174,93,123,338,416,474,255,662,629,619,449,147,210,64,92,282,337,377,181,545,529,508,369,101,136,46,80,223,295,316,155,438,442,429,305,91,110,18,33,139,179,189,89,275,274,280,197,42,61,20,33,151,196,203,94,305,302,306,203,33,38,13,28,148,184,199,80,290,284,271,178,28,30,31,48,161,214,228,111,325,322,330,229,48,66,43.12,66.0,212.25,266.12,291.88,142.0,418.25,408.38,401.25,286.5,74.38,103.12
Concrete_0cm_S1,2026-04-02T16:34:48.454034,60,91,256,308,349,171,506,485,467,362,105,174,93,123,338,416,474,255,662,629,619,449,147,210,64,92,282,337,377,181,545,529,508,369,101,136,46,80,223,295,316,155,438,442,429,305,91,110,18,33,139,178,189,89,274,274,280,197,42,61,20,32,151,196,202,94,306,303,306,203,33,38,13,28,148,184,199,80,290,284,271,178,28,30,31,48,161,214,228,111,325,321,329,229,48,66,43.12,65.88,212.25,266.0,291.75,142.0,418.25,408.38,401.12,286.5,74.38,103.12
Concrete_0cm_S1,2026-04-02T16:34:48.565716,61,91,256,308,349,171,506,485,466,362,105,174,93,123,337,417,474,256,663,629,619,449,147,210,64,92,282,338,377,182,545,530,508,369,101,136,46,80,223,296,317,154,437,442,428,305,91,110,18,33,139,178,189,89,274,274,280,197,42,61,20,32,151,196,202,94,306,303,306,203,33,38,13,28,148,184,199,80,290,284,271,178,28,30,31,48,161,214,228,111,325,321,329,229,48,66,43.25,65.88,212.12,266.38,291.88,142.12,418.25,408.5,400.88,286.5,74.38,103.12
Concrete_0cm_S1,2026-04-02T16:34:48.676440,60,90,256,307,349,171,505,484,466,361,105,173,93,123,337,417,474,255,663,629,619,447,147,210,64,92,282,337,377,182,545,529,508,369,100,136,46,80,222,295,316,154,437,442,428,305,91,110,19,33,139,178,189,89,274,274,280,197,43,61,20,33,151,196,203,94,305,303,306,203,33,38,13,28,148,184,200,80,290,284,271,178,28,30,31,48,161,214,228,111,325,322,330,229,48,67,43.25,65.88,212.0,266.0,292.0,142.0,418.0,408.38,401.0,286.12,74.38,103.12
Concrete_0cm_S1,2026-04-02T16:34:48.798062,60,90,256,307,349,171,505,484,466,361,105,173,93,123,337,417,474,255,663,629,619,447,147,210,64,92,282,337,377,182,545,529,508,369,100,136,46,80,222,295,316,154,437,442,428,305,91,110,19,33,139,178,189,89,274,274,280,197,43,61,20,33,151,196,203,94,305,303,306,203,33,38,13,28,148,184,200,80,290,284,271,178,28,30,31,48,161,215,228,111,325,322,330,229,48,67,43.25,65.88,212.0,266.12,292.0,142.0,418.0,408.38,401.0,286.12,74.38,103.12
Concrete_0cm_S1,2026-04-02T16:34:48.885892,60,91,255,308,349,171,505,484,466,361,105,173,93,123,336,417,474,256,663,629,619,448,147,210,64,92,282,338,378,182,545,530,509,369,100,136,46,80,223,295,316,154,437,442,429,305,91,110,18,33,139,178,189,89,274,274,280,197,42,61,20,32,151,196,203,94,305,303,306,203,33,38,13,28,148,184,199,80,290,284,271,178,28,30,31,48,161,215,228,111,326,322,330,229,48,67,43.12,65.88,211.88,266.38,292.0,142.12,418.12,408.5,401.25,286.25,74.25,103.12
Concrete_0cm_S1,2026-04-02T16:34:48.996573,60,91,255,308,349,171,505,484,466,361,105,173,93,123,336,417,474,256,663,629,619,448,147,210,64,92,282,338,378,182,545,530,509,369,100,136,46,80,223,295,316,154,437,442,429,305,91,110,18,33,139,178,189,89,274,274,280,197,42,61,20,32,151,196,203,94,305,303,306,203,33,38,13,28,148,184,199,80,290,284,271,178,28,30,31,48,161,215,228,111,326,322,330,229,48,67,43.12,65.88,211.88,266.38,292.0,142.12,418.12,408.5,401.25,286.25,74.25,103.12
Concrete_0cm_S1,2026-04-02T16:34:49.100642,61,90,255,308,349,171,505,484,467,362,105,173,93,123,338,417,473,255,663,629,619,448,147,210,64,92,282,337,377,181,545,529,508,369,101,136,46,80,223,295,316,154,437,441,428,305,91,110,18,33,139,179,189,89,274,274,279,197,42,61,20,33,151,196,203,94,306,303,306,203,33,38,13,28,148,184,199,80,290,284,271,178,28,29,31,48,162,214,228,111,326,322,330,229,48,67,43.25,65.88,212.25,266.25,291.75,141.88,418.25,408.25,401.0,286.38,74.38,103.0
Concrete_0cm_S1,2026-04-02T16:34:49.225934,61,90,255,308,349,171,505,484,467,362,105,173,93,123,338,417,473,255,663,629,619,448,147,210,64,92,282,337,377,181,545,530,508,369,100,136,46,80,223,296,317,154,437,442,429,305,91,110,18,33,139,178,189,89,274,274,279,197,43,61,20,33,151,196,203,94,305,303,306,203,33,38,13,28,148,185,199,80,290,284,271,178,28,30,31,48,161,215,228,111,326,322,330,229,48,67,43.25,65.88,212.12,266.5,291.88,141.88,418.12,408.5,401.12,286.38,74.38,103.12
Concrete_0cm_S1,2026-04-02T16:34:49.337947,60,90,255,307,349,171,505,484,466,361,105,173,92,123,337,416,473,254,662,629,618,448,147,209,64,92,282,337,377,181,545,529,508,368,100,136,46,80,223,295,317,154,437,442,429,305,91,110,18,33,139,178,189,89,275,274,280,197,43,61,20,33,151,196,203,94,305,303,306,203,33,38,13,28,148,185,199,80,290,284,271,178,28,30,31,48,161,215,228,111,326,322,330,229,48,67,43.0,65.88,212.0,266.12,291.88,141.75,418.12,408.38,401.0,286.12,74.38,103.0
Concrete_0cm_S1,2026-04-02T16:34:49.439835,60,90,255,307,349,171,505,484,466,361,105,173,92,123,337,416,473,254,662,629,618,448,147,209,64,92,282,337,377,181,545,529,508,368,100,136,46,80,223,295,317,154,437,442,429,305,91,110,18,33,139,178,189,89,275,274,280,197,43,61,20,33,151,196,203,94,305,303,306,203,33,38,13,28,149,185,200,80,290,284,271,179,28,30,31,48,161,215,228,111,326,322,330,229,48,67,43.0,65.88,212.12,266.12,292.0,141.75,418.12,408.38,401.0,286.25,74.38,103.0
Concrete_0cm_S1,2026-04-02T16:34:49.541875,61,90,255,307,349,171,505,484,466,361,105,173,93,123,337,417,473,255,662,629,618,448,147,209,64,92,282,337,377,181,545,529,508,369,100,136,46,80,223,295,316,154,437,442,429,305,91,110,19,33,139,178,189,89,274,274,279,197,43,61,20,33,151,196,203,95,305,303,306,203,33,38,13,28,149,185,200,80,290,284,271,179,28,30,31,48,161,215,228,111,326,322,330,229,48,67,43.38,65.88,212.12,266.25,291.88,142.0,418.0,408.38,400.88,286.38,74.38,103.0
Concrete_0cm_S1,2026-04-02T16:34:49.644210,60,90,255,307,348,170,504,483,466,360,105,173,93,123,337,416,473,255,663,628,619,448,147,209,64,92,282,337,377,182,545,529,508,368,100,136,46,80,223,295,317,154,437,442,428,305,91,110,18,33,139,178,189,89,275,274,279,197,42,61,20,33,151,196,203,95,305,303,306,203,33,38,13,28,148,185,200,80,290,284,271,179,28,30,31,48,162,215,228,111,326,322,330,229,48,67,43.12,65.88,212.12,266.12,291.88,142.0,418.12,408.12,400.88,286.12,74.25,103.0
Concrete_0cm_S1,2026-04-02T16:34:49.742184,60,90,255,307,348,170,504,483,466,360,105,173,93,123,337,416,473,255,663,628,619,448,147,209,64,92,282,337,377,182,545,529,508,368,100,136,46,80,223,295,317,154,437,442,428,305,91,110,18,33,139,178,189,89,275,274,279,197,42,61,20,33,151,196,203,94,305,303,306,203,33,38,13,28,148,185,200,80,290,284,271,179,28,30,31,48,161,215,228,111,325,321,330,229,48,66,43.12,65.88,212.0,266.12,291.88,141.88,418.0,408.0,400.88,286.12,74.25,102.88
Concrete_0cm_S1,2026-04-02T16:34:49.857831,60,90,255,307,348,170,504,483,466,360,105,173,93,123,337,416,473,255,663,628,619,448,147,209,64,92,282,337,377,182,545,529,508,368,100,136,46,80,223,295,317,154,437,442,428,305,91,110,18,33,139,178,189,89,275,274,279,197,42,61,20,33,151,196,203,94,305,303,306,203,33,38,13,28,148,185,200,80,290,284,271,179,28,30,31,48,161,215,228,111,325,321,330,229,48,66,43.12,65.88,212.0,266.12,291.88,141.88,418.0,408.0,400.88,286.12,74.25,102.88
Concrete_0cm_S1,2026-04-02T16:34:49.948682,60,90,255,306,348,171,504,483,466,360,104,173,93,122,337,416,473,255,663,628,618,447,147,209,64,92,282,337,377,181,545,529,507,368,100,136,46,80,223,295,317,154,437,442,429,305,91,110,18,33,139,179,189,89,275,274,279,197,42,61,20,33,151,196,203,94,305,303,306,202,33,38,13,28,148,184,200,80,290,284,271,178,28,30,31,48,161,215,228,111,325,322,330,229,48,67,43.12,65.75,212.0,266.0,291.88,141.88,418.0,408.12,400.75,285.75,74.12,103.0
Concrete_0cm_S1,2026-04-02T16:34:50.054134,60,90,255,306,348,171,504,483,466,360,104,173,93,122,337,416,473,255,663,628,618,447,147,209,64,92,282,337,377,181,545,529,507,368,100,136,46,80,223,295,317,154,437,442,429,305,91,110,18,33,139,179,189,89,275,274,279,197,42,61,20,33,151,196,203,94,305,303,306,202,33,38,13,28,148,184,200,80,290,284,271,178,28,30,31,48,161,215,228,111,325,322,330,229,48,67,43.12,65.75,212.0,266.0,291.88,141.88,418.0,408.12,400.75,285.75,74.12,103.0
Concrete_0cm_S1,2026-04-02T16:34:50.149316,60,90,254,306,347,170,504,483,465,360,105,172,93,123,338,416,473,255,662,627,618,447,147,209,64,92,282,337,376,182,544,529,508,368,100,136,46,80,222,295,317,154,437,442,428,305,91,109,18,33,139,178,189,89,274,274,279,197,42,61,20,32,150,196,202,94,305,302,306,203,33,38,13,28,148,185,200,80,290,284,271,178,28,30,31,48,161,214,228,111,326,322,330,229,48,67,43.12,65.75,211.75,265.88,291.5,141.88,417.75,407.88,400.62,285.88,74.25,102.75
Concrete_0cm_S1,2026-04-02T16:34:50.270407,60,90,254,306,347,170,504,483,465,360,105,172,93,123,338,416,473,255,662,627,618,447,147,209,64,92,282,337,376,182,544,529,508,368,100,136,46,80,222,295,317,154,437,442,428,305,91,109,18,33,139,178,189,89,274,274,279,197,42,61,20,33,151,196,202,94,305,303,306,203,33,38,13,28,148,185,200,80,290,284,271,178,28,30,31,48,161,215,228,111,325,322,330,229,48,67,43.12,65.88,211.88,266.0,291.5,141.88,417.62,408.0,400.62,285.88,74.25,102.75
Concrete_0cm_S1,2026-04-02T16:34:50.369223,60,90,254,306,347,170,504,483,465,360,104,172,93,123,337,416,473,255,661,628,618,447,147,208,64,91,282,337,377,181,545,529,507,368,100,136,46,80,223,295,317,154,436,442,428,305,91,110,19,33,139,178,189,89,274,274,279,198,43,61,20,33,151,196,202,94,305,303,306,203,33,38,13,28,148,185,200,80,290,284,271,178,28,30,31,48,161,215,228,111,325,322,330,229,48,67,43.25,65.75,211.88,266.0,291.62,141.75,417.5,408.12,400.5,286.0,74.25,102.75
Concrete_0cm_S1,2026-04-02T16:34:50.501031,60,90,254,306,347,170,504,483,465,360,104,172,93,123,337,416,473,255,661,628,618,447,147,208,64,91,282,337,377,181,545,529,507,368,100,136,46,80,223,295,317,154,436,442,428,305,91,110,19,33,139,178,189,89,274,274,279,198,43,61,20,33,151,196,202,94,305,303,306,203,33,38,13,28,148,185,200,80,290,284,271,178,28,30,31,48,161,215,228,111,325,322,330,229,48,67,43.25,65.75,211.88,266.0,291.62,141.75,417.5,408.12,400.5,286.0,74.25,102.75
Concrete_0cm_S1,2026-04-02T16:34:50.596373,60,90,254,306,347,170,503,482,465,360,104,172,93,122,337,416,473,255,662,628,618,447,146,208,64,91,282,337,377,181,544,529,507,368,100,136,46,80,222,295,316,154,437,442,428,305,91,109,19,33,139,178,189,89,274,274,279,198,43,61,20,33,150,196,203,94,305,303,306,203,33,38,13,28,148,184,199,80,290,284,271,178,28,30,31,48,161,215,228,111,325,322,330,229,48,67,43.25,65.62,211.62,265.88,291.5,141.75,417.5,408.0,400.5,286.0,74.12,102.62
Concrete_0cm_S1,2026-04-02T16:34:50.717242,60,90,254,306,347,170,504,482,464,360,104,172,93,123,337,416,473,255,662,628,618,447,146,208,64,92,282,337,377,182,545,529,508,368,100,136,46,80,223,295,316,154,437,442,428,305,91,109,18,33,139,179,189,89,274,274,280,197,43,61,20,33,150,196,203,94,305,303,306,203,33,38,13,28,148,184,200,80,290,284,271,178,28,30,31,48,161,214,228,111,326,322,330,229,49,67,43.12,65.88,211.75,265.88,291.62,141.88,417.88,408.0,400.62,285.88,74.25,102.62
Concrete_0cm_S1,2026-04-02T16:34:50.825549,60,90,254,306,347,170,503,482,465,359,104,172,93,123,337,416,473,255,662,628,618,447,146,208,64,92,282,337,377,182,545,529,508,368,100,136,46,80,223,295,316,154,437,442,428,305,91,109,18,33,139,179,189,89,274,274,280,197,43,61,20,33,150,196,203,94,305,303,306,203,33,38,13,28,148,184,200,80,290,284,271,178,28,30,31,48,161,214,228,111,326,322,330,229,49,67,43.12,65.88,211.75,265.88,291.62,141.88,417.75,408.0,400.75,285.75,74.25,102.62
Concrete_0cm_S1,2026-04-02T16:34:50.936191,60,90,254,306,347,170,503,482,465,359,104,172,93,123,337,416,473,255,662,628,618,447,146,208,64,92,282,337,377,182,545,529,508,368,100,136,46,80,223,295,316,154,437,442,428,305,91,109,18,33,139,179,189,89,274,274,280,197,43,61,20,33,150,196,203,94,305,303,306,203,33,38,13,28,148,184,200,80,290,284,271,178,28,30,31,48,161,214,228,111,326,322,330,229,49,67,43.12,65.88,211.75,265.88,291.62,141.88,417.75,408.0,400.75,285.75,74.25,102.62
Concrete_0cm_S1,2026-04-02T16:34:51.036165,60,90,254,306,347,170,503,482,465,359,104,172,92,122,337,416,472,255,661,627,617,447,146,208,64,91,282,337,377,182,545,530,507,369,100,135,46,80,222,295,316,154,437,442,428,305,91,109,18,33,139,179,189,89,275,274,280,197,42,61,20,33,151,196,203,94,305,302,306,203,33,38,13,28,148,184,200,80,290,284,271,178,28,30,31,48,161,214,228,111,326,322,330,229,49,67,43.0,65.62,211.75,265.88,291.5,141.88,417.75,407.88,400.5,285.88,74.12,102.5
Concrete_0cm_S1,2026-04-02T16:34:51.135741,60,90,254,306,347,170,503,482,465,359,104,172,92,122,337,416,472,255,661,627,617,447,146,208,64,91,282,337,377,182,545,530,507,369,100,135,46,80,222,295,316,154,437,442,428,305,91,109,18,33,139,179,189,89,275,274,280,197,42,61,20,33,151,196,203,94,305,302,306,203,33,38,13,28,148,184,200,80,290,284,271,178,28,30,31,48,161,214,228,111,326,322,330,229,49,67,43.0,65.62,211.75,265.88,291.5,141.88,417.75,407.88,400.5,285.88,74.12,102.5
Concrete_0cm_S1,2026-04-02T16:34:51.223723,60,90,254,306,347,170,503,482,465,359,104,172,92,122,337,416,472,255,661,627,617,447,146,208,64,91,281,337,377,181,545,530,507,369,100,136,46,80,223,295,316,154,437,442,428,305,91,109,18,33,139,179,189,89,275,274,279,197,42,61,20,33,151,196,202,94,305,303,306,202,33,38,13,28,149,185,199,80,290,284,271,178,28,30,31,48,162,215,229,112,326,322,331,230,49,68,43.0,65.62,212.0,266.12,291.38,141.88,417.75,408.0,400.5,285.88,74.12,102.75
Concrete_0cm_S1,2026-04-02T16:34:51.336202,60,90,255,307,348,171,504,484,465,362,105,174,93,123,337,416,473,255,662,628,618,448,147,209,64,91,282,337,377,181,545,529,507,369,100,136,46,80,223,295,316,154,437,442,428,305,91,110,18,33,139,179,189,89,275,274,279,197,42,61,20,33,151,196,202,94,305,303,306,202,33,38,13,28,149,185,199,80,290,284,271,178,28,30,31,48,162,215,229,112,326,322,331,230,49,68,43.12,65.75,212.25,266.25,291.62,142.0,418.0,408.25,400.62,286.38,74.38,103.25
Concrete_0cm_S1,2026-04-02T16:34:51.442348,60,90,255,307,348,171,504,484,465,362,105,174,93,123,337,416,473,255,662,628,618,448,147,209,64,91,282,337,377,181,545,529,507,369,100,136,46,80,223,295,316,154,437,442,428,305,91,110,18,33,139,179,189,89,275,274,279,197,42,61,20,33,151,196,202,94,305,303,306,202,33,38,13,28,148,185,200,80,290,284,271,178,28,30,31,49,162,215,228,112,326,323,331,230,49,68,43.12,65.88,212.12,266.25,291.62,142.0,418.0,408.38,400.62,286.38,74.38,103.25
Concrete_0cm_S1,2026-04-02T16:34:51.553624,60,90,255,307,348,171,504,484,465,362,105,174,93,123,337,416,473,255,662,628,618,448,147,209,64,91,282,337,377,181,545,529,507,369,100,136,46,80,223,295,316,154,437,442,428,305,91,110,18,33,139,179,189,89,275,274,279,197,42,61,20,33,151,196,202,94,305,303,306,202,33,38,13,28,148,185,200,80,290,284,271,178,28,30,31,49,162,215,228,112,326,323,331,230,49,68,43.12,65.88,212.12,266.25,291.62,142.0,418.0,408.38,400.62,286.38,74.38,103.25
Concrete_0cm_S1,2026-04-02T16:34:51.647303,62,93,256,310,351,173,508,486,471,367,108,179,94,124,338,419,475,257,665,630,622,452,149,212,64,91,281,337,377,181,544,529,507,369,100,136,46,80,223,296,316,154,437,441,428,305,91,109,19,33,139,179,189,89,275,274,280,197,43,61,19,33,150,196,203,94,305,302,306,203,33,38,13,28,148,184,199,80,290,284,271,178,28,30,31,49,162,215,229,112,327,323,331,231,49,68,43.5,66.38,212.12,267.0,292.38,142.5,418.88,408.62,402.0,287.75,75.12,104.12
Concrete_0cm_S1,2026-04-02T16:34:51.763837,67,98,264,317,359,178,521,499,482,381,116,198,94,124,338,419,475,257,665,630,622,452,149,212,64,91,281,337,377,181,544,529,507,369,100,136,46,80,223,296,316,154,437,441,428,305,91,109,19,33,139,179,189,89,275,274,280,197,43,61,20,33,151,196,203,94,305,302,306,203,33,38,13,28,148,184,199,80,290,284,271,178,28,30,33,51,164,218,232,113,330,326,335,235,52,75,44.5,67.25,213.5,268.25,293.75,143.25,420.88,410.62,403.88,290.0,76.5,107.38
Concrete_0cm_S1,2026-04-02T16:34:51.896474,67,98,264,317,359,178,521,499,482,381,116,198,94,124,338,419,475,257,665,630,622,452,149,212,64,91,281,337,377,181,544,529,507,369,100,136,46,80,223,296,316,154,437,441,428,305,91,109,19,33,139,179,189,89,275,274,280,197,43,61,20,33,151,196,203,94,305,302,306,203,33,38,13,28,148,184,199,80,290,284,271,178,28,30,33,51,164,218,232,113,330,326,335,235,52,75,44.5,67.25,213.5,268.25,293.75,143.25,420.88,410.62,403.88,290.0,76.5,107.38
Concrete_0cm_S1,2026-04-02T16:34:51.989899,67,98,264,317,359,178,521,499,482,381,116,198,94,124,338,419,475,257,665,630,622,452,149,212,66,93,284,340,380,183,548,533,512,374,104,143,46,81,223,296,318,155,438,443,430,306,92,112,19,33,139,179,189,89,274,274,280,197,42,61,20,33,151,196,203,94,305,303,306,202,33,38,13,28,148,184,199,80,290,284,271,178,28,30,33,51,164,218,232,113,330,326,335,235,52,75,44.75,67.62,213.88,268.62,294.38,143.62,421.38,411.5,404.75,290.62,77.0,108.62
Concrete_0cm_S1,2026-04-02T16:34:52.092112,67,98,264,317,359,178,521,499,482,381,116,198,94,124,338,419,475,257,665,630,622,452,149,212,66,93,284,340,380,183,548,533,512,374,104,143,46,81,223,296,318,155,438,443,430,306,92,112,19,33,139,179,189,89,274,274,280,197,42,61,20,33,151,196,203,94,305,303,306,202,33,38,13,28,148,184,199,80,290,284,271,178,28,30,33,51,164,218,232,113,330,326,335,235,52,75,44.75,67.62,213.88,268.62,294.38,143.62,421.38,411.5,404.75,290.62,77.0,108.62
Concrete_0cm_S1,2026-04-02T16:34:52.185179,67,98,264,317,359,178,521,499,482,381,116,198,94,124,338,419,475,257,665,630,622,452,149,212,66,93,284,340,380,183,548,533,512,374,104,143,47,81,224,297,318,155,438,443,430,307,92,113,19,33,139,179,189,89,275,274,280,198,43,61,20,33,151,196,202,94,305,302,306,203,33,38,13,28,148,184,199,80,290,284,271,178,28,30,33,51,164,218,232,113,330,326,335,235,52,75,44.88,67.62,214.0,268.75,294.25,143.62,421.5,411.38,404.75,291.0,77.12,108.75
Concrete_0cm_S1,2026-04-02T16:34:52.291981,67,98,264,317,359,178,521,499,482,381,116,198,94,124,338,419,475,257,665,630,622,452,149,212,66,93,284,340,380,183,548,533,512,374,104,143,47,81,224,297,318,155,438,443,430,307,92,113,19,33,139,179,189,89,275,274,280,198,43,61,20,33,151,196,202,94,305,302,306,203,33,38,13,28,148,184,199,80,290,284,271,178,28,30,33,51,164,218,232,113,330,326,335,235,52,75,44.88,67.62,214.0,268.75,294.25,143.62,421.5,411.38,404.75,291.0,77.12,108.75
Concrete_0cm_S1,2026-04-02T16:34:52.389662,69,100,266,320,362,180,524,503,486,386,120,205,99,130,345,427,485,264,679,644,635,466,158,233,66,94,284,340,380,184,550,534,512,374,104,144,47,81,224,297,318,155,439,444,430,307,93,113,18,33,139,179,189,89,275,274,280,198,43,62,20,33,151,196,203,94,305,302,306,203,33,38,13,28,149,185,200,80,290,284,271,178,28,30,36,54,168,222,236,116,337,332,341,243,56,85,46.0,69.12,215.75,270.75,296.62,145.25,424.88,414.62,407.62,294.38,79.38,113.75
Concrete_0cm_S1,2026-04-02T16:34:52.516151,69,100,266,320,362,180,524,503,486,386,120,205,99,130,345,427,485,264,679,644,635,466,158,233,66,94,284,340,380,184,550,534,512,374,104,144,47,81,224,297,318,155,439,444,430,307,93,113,18,33,139,179,189,89,275,274,280,198,43,62,20,33,151,196,203,94,305,302,306,203,33,38,13,28,149,185,200,80,290,284,271,178,28,30,36,54,168,222,236,116,337,332,341,243,56,85,46.0,69.12,215.75,270.75,296.62,145.25,424.88,414.62,407.62,294.38,79.38,113.75
Concrete_0cm_S1,2026-04-02T16:34:52.620060,69,100,266,319,363,180,524,503,486,386,119,204,99,130,345,427,485,264,679,643,636,466,158,233,66,94,284,341,381,183,549,534,512,375,104,144,47,81,224,297,318,155,439,444,430,307,93,113,18,33,139,179,189,89,275,274,280,198,43,62,20,33,151,196,203,94,305,302,306,203,33,38,13,28,149,185,200,80,290,284,271,178,28,30,36,54,168,222,236,116,337,332,341,243,56,85,46.0,69.12,215.75,270.75,296.88,145.12,424.75,414.5,407.75,294.5,79.25,113.62
Concrete_0cm_S1,2026-04-02T16:34:52.715837,69,101,266,321,364,181,524,503,487,387,119,205,100,130,346,428,486,264,679,644,636,466,158,233,66,94,285,341,381,184,550,535,512,375,104,144,47,81,224,297,318,155,438,443,430,307,92,113,18,33,139,179,189,89,274,274,279,197,42,61,20,33,151,196,203,94,304,302,306,203,33,38,13,28,148,185,200,80,290,284,271,178,28,30,36,54,168,223,238,116,338,333,342,244,57,87,46.12,69.25,215.88,271.25,297.38,145.38,424.62,414.75,407.88,294.62,79.12,113.88
Concrete_0cm_S1,2026-04-02T16:34:52.821173,69,101,266,321,364,181,525,504,487,387,120,205,100,130,346,428,486,264,679,644,635,467,158,233,66,94,285,341,381,184,550,535,512,375,104,144,47,81,224,297,318,155,438,443,430,307,92,113,18,33,139,179,189,89,274,274,279,197,42,61,20,33,151,196,203,94,304,302,306,203,33,38,13,28,148,185,200,80,290,284,271,178,28,30,36,54,168,223,238,116,338,333,342,244,57,87,46.12,69.25,215.88,271.25,297.38,145.38,424.75,414.88,407.75,294.75,79.25,113.88
Concrete_0cm_S1,2026-04-02T16:34:52.920474,69,101,266,321,364,181,525,504,487,387,120,205,100,130,346,428,486,264,679,644,635,467,158,233,66,94,285,341,381,184,550,535,512,375,104,144,47,81,224,297,318,155,438,443,430,307,92,113,18,33,139,179,189,89,274,274,279,197,42,61,20,33,151,196,203,94,304,302,306,203,33,38,13,28,148,185,200,80,290,284,271,178,28,30,36,54,168,223,238,116,338,333,342,244,57,87,46.12,69.25,215.88,271.25,297.38,145.38,424.75,414.88,407.75,294.75,79.25,113.88
Concrete_0cm_S1,2026-04-02T16:34:53.015474,69,101,266,320,364,181,525,504,488,387,120,207,100,130,345,427,485,264,678,643,636,467,158,233,66,94,285,341,381,183,550,534,512,375,104,144,47,81,224,297,318,155,438,443,430,307,92,113,18,33,139,178,189,89,274,274,279,197,42,61,20,33,151,196,202,94,305,302,306,202,33,38,13,28,148,185,199,80,290,284,271,178,28,30,36,54,168,223,237,116,337,333,342,243,57,86,46.12,69.25,215.75,270.88,296.88,145.25,424.62,414.62,408.0,294.5,79.25,114.0
Concrete_0cm_S1,2026-04-02T16:34:53.116543,70,101,266,321,364,181,525,505,489,389,121,207,100,130,346,428,486,264,679,644,636,466,158,233,66,94,285,341,381,183,550,534,512,375,104,144,47,81,224,297,318,155,438,443,430,307,92,113,18,33,139,178,188,89,274,274,279,197,42,60,20,33,151,196,202,94,305,302,305,202,33,38,13,28,148,185,199,80,290,284,271,179,28,30,36,54,168,223,237,116,337,333,342,243,56,86,46.25,69.25,215.88,271.12,296.88,145.25,424.75,414.88,408.0,294.75,79.25,113.88
Concrete_0cm_S1,2026-04-02T16:34:53.219361,70,101,266,321,364,181,525,505,489,389,121,207,100,130,346,428,486,264,679,644,636,466,158,233,66,94,284,341,381,183,549,534,512,374,104,144,47,81,224,297,318,155,439,443,429,307,92,113,18,33,139,178,189,89,274,273,279,197,42,60,20,33,150,196,202,94,305,302,306,202,33,37,13,28,148,185,200,80,290,284,271,178,28,30,36,54,168,223,237,116,337,333,342,243,56,86,46.25,69.25,215.62,271.12,297.12,145.25,424.75,414.75,408.0,294.5,79.25,113.75
Concrete_0cm_S1,2026-04-02T16:34:53.315979,70,101,266,321,364,181,525,505,489,389,121,207,100,130,346,428,486,264,679,644,636,466,158,233,66,94,284,341,381,183,549,534,512,374,104,144,47,81,224,297,318,155,439,443,429,307,92,113,18,33,139,178,189,89,274,273,279,197,42,60,20,33,150,196,202,94,305,302,306,202,33,37,13,28,148,185,200,80,290,284,271,178,28,30,36,54,168,223,237,116,337,333,342,243,56,86,46.25,69.25,215.62,271.12,297.12,145.25,424.75,414.75,408.0,294.5,79.25,113.75
Concrete_0cm_S1,2026-04-02T16:34:53.397718,70,101,266,321,363,181,526,504,488,388,120,207,100,130,345,428,486,264,679,644,636,467,158,233,66,94,284,340,381,184,549,534,512,374,104,144,47,81,224,297,318,155,438,443,430,306,92,113,18,33,139,178,189,89,274,273,279,197,42,60,20,33,150,196,202,94,305,302,306,202,33,37,13,28,148,185,200,80,290,284,271,178,28,30,36,54,168,223,237,116,337,333,342,243,56,86,46.25,69.25,215.5,271.0,297.0,145.38,424.75,414.62,408.0,294.38,79.12,113.75
Concrete_0cm_S1,2026-04-02T16:34:53.508815,70,101,266,321,363,181,526,504,488,388,120,207,100,130,345,428,486,264,679,644,636,467,158,233,66,94,284,340,381,184,549,534,512,374,104,144,47,81,224,297,318,155,438,443,430,306,92,113,18,33,139,178,189,89,274,273,279,197,42,60,20,33,150,196,202,94,305,302,306,202,33,37,13,28,148,185,200,80,290,284,271,178,28,30,36,54,168,223,237,116,337,333,342,243,56,86,46.25,69.25,215.5,271.0,297.0,145.38,424.75,414.62,408.0,294.38,79.12,113.75
Concrete_0cm_S1,2026-04-02T16:34:53.609959,69,101,266,321,364,181,525,503,488,387,118,206,99,130,345,428,485,264,679,644,635,466,158,232,66,94,285,340,381,183,550,534,512,374,104,144,47,81,224,297,318,155,438,443,430,307,92,112,18,33,139,178,189,89,274,273,279,197,42,60,20,33,150,196,202,94,305,302,306,202,33,37,13,28,148,185,200,80,290,284,271,178,28,30,36,54,168,223,237,116,337,333,342,243,56,86,46.0,69.25,215.62,271.0,297.0,145.25,424.75,414.5,407.88,294.25,78.88,113.38
Concrete_0cm_S1,2026-04-02T16:34:53.703243,69,101,266,321,364,181,525,503,488,387,118,206,99,130,345,427,485,264,678,643,635,466,158,231,66,94,284,340,381,183,550,534,513,375,104,144,47,81,224,297,318,155,438,443,430,307,92,112,18,33,139,178,189,89,274,274,279,197,42,60,20,33,150,196,202,94,305,302,306,202,33,38,13,28,149,185,199,80,290,284,271,178,28,30,36,54,168,222,237,116,337,333,342,242,56,86,46.0,69.25,215.62,270.75,296.88,145.25,424.62,414.5,408.0,294.25,78.88,113.38
Concrete_0cm_S1,2026-04-02T16:34:53.814504,67,98,263,317,360,179,521,499,483,382,117,200,99,130,345,427,485,264,678,643,635,466,157,231,66,94,284,340,381,183,550,534,513,375,104,144,47,81,224,297,318,155,438,443,430,307,92,112,18,33,139,178,189,89,274,274,279,197,42,60,20,33,150,196,202,94,305,302,306,202,33,38,13,28,149,185,199,80,290,284,271,178,28,30,36,54,168,222,237,116,337,333,342,242,56,86,45.75,68.88,215.25,270.25,296.38,145.0,424.12,414.0,407.38,293.62,78.62,112.62
Concrete_0cm_S1,2026-04-02T16:34:53.915247,67,98,263,317,360,179,521,499,483,382,117,200,99,130,345,427,485,264,678,643,635,466,157,231,66,94,284,340,381,183,550,534,513,375,104,144,47,81,224,297,318,155,438,443,430,307,92,112,18,33,139,178,189,89,274,274,279,197,42,60,20,33,150,196,202,94,305,302,306,202,33,38,13,28,149,185,199,80,290,284,271,178,28,30,36,54,168,222,237,116,337,333,342,242,56,86,45.75,68.88,215.25,270.25,296.38,145.0,424.12,414.0,407.38,293.62,78.62,112.62
Concrete_0cm_S1,2026-04-02T16:34:54.005872,67,98,263,317,360,179,521,499,483,382,117,200,99,130,345,427,485,264,678,643,635,466,157,231,66,94,284,340,381,183,550,534,513,375,104,144,47,81,224,297,318,155,438,443,430,307,92,112,18,33,139,178,189,89,274,274,279,197,42,60,20,33,150,196,202,94,305,302,306,202,33,38,13,28,149,185,199,80,290,284,271,178,28,30,36,54,168,222,237,116,337,333,342,242,56,86,45.75,68.88,215.25,270.25,296.38,145.0,424.12,414.0,407.38,293.62,78.62,112.62
Concrete_0cm_S1,2026-04-02T16:34:54.096161,67,99,263,317,360,178,520,499,483,381,117,200,99,130,345,427,484,264,678,642,634,465,157,230,66,94,285,340,380,183,549,534,512,374,104,143,46,81,223,296,317,155,438,443,429,306,92,112,18,33,139,178,189,89,274,274,279,196,42,60,20,32,151,196,203,94,305,302,305,202,33,38,13,28,148,184,199,80,290,284,270,178,27,30,36,54,168,223,237,116,337,333,342,242,56,86,45.62,68.88,215.25,270.12,296.12,144.88,423.88,413.88,406.75,293.0,78.5,112.38
Concrete_0cm_S1,2026-04-02T16:34:54.202152,67,99,263,317,360,178,520,499,483,381,117,200,99,130,345,427,484,264,678,642,634,465,157,230,66,94,285,340,380,183,549,534,512,374,104,143,46,81,223,296,317,155,438,443,429,306,92,112,18,33,139,178,189,89,274,274,279,196,42,60,20,32,151,196,203,94,305,302,305,202,33,38,13,28,148,184,199,80,290,284,270,178,27,30,36,54,168,223,237,116,337,333,342,242,56,86,45.62,68.88,215.25,270.12,296.12,144.88,423.88,413.88,406.75,293.0,78.5,112.38
Concrete_0cm_S1,2026-04-02T16:34:54.304724,67,99,263,317,360,178,519,498,482,381,116,199,99,130,345,427,485,263,677,642,634,465,157,230,66,93,284,340,381,182,550,534,513,374,104,143,46,81,224,296,317,155,438,443,428,306,92,112,18,33,139,178,189,89,274,273,279,196,42,60,20,32,150,196,203,94,305,302,306,202,33,37,13,28,148,185,199,80,290,284,271,178,28,30,36,54,168,222,237,116,337,333,341,242,56,86,45.62,68.75,215.12,270.12,296.38,144.62,423.75,413.62,406.75,293.0,78.5,112.12
Concrete_0cm_S1,2026-04-02T16:34:54.408263,67,99,263,317,360,178,519,498,482,381,116,199,99,130,345,427,485,263,677,642,634,465,157,230,66,93,284,340,381,182,550,534,513,374,104,143,46,81,224,296,317,155,438,443,428,306,92,112,18,33,139,178,189,89,274,273,279,196,42,60,20,32,150,196,203,94,305,302,306,202,33,37,13,28,148,185,199,80,290,284,271,178,28,30,36,54,168,222,237,116,337,333,341,242,56,86,45.62,68.75,215.12,270.12,296.38,144.62,423.75,413.62,406.75,293.0,78.5,112.12
Concrete_0cm_S1,2026-04-02T16:34:54.494174,67,98,262,316,359,177,519,498,482,380,116,198,99,129,345,427,485,263,677,643,634,465,157,230,66,93,284,340,380,183,549,534,512,374,104,143,46,81,224,296,317,155,438,443,428,306,92,112,18,33,139,178,189,89,274,273,279,196,42,60,20,32,150,196,203,94,305,302,306,202,33,37,13,28,148,185,199,80,290,284,271,178,28,30,36,54,168,222,237,116,337,333,341,242,56,86,45.62,68.5,215.0,270.0,296.12,144.62,423.62,413.75,406.62,292.88,78.5,112.0
Concrete_0cm_S1,2026-04-02T16:34:54.593535,67,98,262,316,359,177,519,498,482,380,116,198,99,129,345,427,485,263,677,643,634,465,157,230,66,93,284,340,380,183,549,534,512,374,104,143,46,81,224,296,317,155,438,443,428,306,92,112,18,33,139,178,189,89,274,273,279,196,42,60,20,32,150,196,203,94,305,302,306,202,33,37,13,28,148,185,199,80,290,284,271,178,28,30,36,54,168,222,237,116,337,333,341,242,56,86,45.62,68.5,215.0,270.0,296.12,144.62,423.62,413.75,406.62,292.88,78.5,112.0
Concrete_0cm_S1,2026-04-02T16:34:54.688443,68,98,263,316,360,179,519,498,482,381,117,199,99,129,345,427,485,263,677,642,635,465,157,230,66,93,284,340,380,183,549,534,512,374,104,144,46,81,224,296,317,155,438,443,428,306,92,112,18,33,139,178,189,89,274,273,279,196,42,60,20,32,150,196,203,94,305,302,306,202,33,37,13,28,148,185,199,80,290,284,271,178,28,30,36,54,168,222,237,116,337,333,341,242,56,86,45.75,68.5,215.12,270.0,296.25,144.88,423.62,413.62,406.75,293.0,78.62,112.25
Concrete_0cm_S1,2026-04-02T16:34:54.780814,68,100,264,318,361,179,521,500,485,384,118,202,99,130,345,427,485,264,677,642,635,466,157,231,66,93,284,340,380,183,549,534,512,374,104,144,46,81,223,296,318,154,438,443,429,306,92,112,18,32,139,178,189,89,274,273,279,196,42,60,20,32,151,196,203,94,305,302,306,202,33,37,13,28,148,184,199,80,290,284,271,179,28,30,36,54,168,222,237,116,337,332,341,242,56,85,45.75,68.75,215.25,270.12,296.5,144.88,423.88,413.75,407.25,293.62,78.75,112.62
Concrete_0cm_S1,2026-04-02T16:34:54.880250,68,100,264,318,361,179,521,500,485,384,118,202,99,130,345,427,485,264,677,642,635,466,157,231,66,94,284,340,380,183,549,534,512,374,104,143,47,81,224,297,318,155,438,443,429,306,92,112,18,33,139,178,189,89,274,273,279,197,42,60,20,33,151,195,202,94,304,302,306,202,33,37,13,28,148,184,199,80,290,284,271,179,28,30,36,54,168,222,237,116,337,332,341,242,56,85,45.88,69.12,215.38,270.12,296.38,145.0,423.75,413.75,407.25,293.75,78.75,112.5
Concrete_0cm_S1,2026-04-02T16:34:54.977121,68,100,264,318,361,179,521,500,485,384,118,202,99,130,345,427,485,264,677,642,635,466,157,231,66,94,284,340,380,183,549,534,512,374,104,143,47,81,224,297,318,155,438,443,429,306,92,112,18,33,139,178,189,89,274,273,279,197,42,60,20,33,151,195,202,94,304,302,306,202,33,37,13,28,148,184,199,80,290,284,271,179,28,30,36,54,168,222,237,116,337,332,341,242,56,85,45.88,69.12,215.38,270.12,296.38,145.0,423.75,413.75,407.25,293.75,78.75,112.5
Concrete_0cm_S1,2026-04-02T16:34:55.066126,68,100,264,318,362,179,522,501,485,385,119,204,99,129,345,427,485,264,676,642,635,465,158,231,66,94,285,340,380,183,549,534,512,374,104,143,47,81,224,297,318,155,438,443,429,306,92,112,18,33,139,178,189,89,274,273,279,197,42,60,20,33,151,195,202,94,304,302,306,202,33,37,13,28,149,185,199,80,290,284,271,178,28,29,36,54,168,222,237,116,337,333,341,242,56,85,45.88,69.0,215.62,270.25,296.5,145.0,423.75,414.0,407.25,293.62,79.0,112.62
Concrete_0cm_S1,2026-04-02T16:34:55.176859,68,100,264,318,362,179,522,501,485,385,119,204,99,129,345,427,485,264,676,642,635,465,158,231,66,94,285,340,380,183,549,534,512,374,104,143,47,81,224,297,318,155,438,443,429,306,92,112,18,33,139,178,189,89,274,273,279,197,42,60,20,33,151,195,202,94,304,302,306,202,33,37,13,28,149,185,199,80,290,284,271,178,28,29,36,54,168,222,237,116,337,333,341,242,56,85,45.88,69.0,215.62,270.25,296.5,145.0,423.75,414.0,407.25,293.62,79.0,112.62
Concrete_0cm_S1,2026-04-02T16:34:55.274771,68,100,264,319,362,179,522,501,486,385,118,204,99,129,344,427,485,263,678,642,634,465,157,231,66,94,284,340,380,184,549,534,512,374,104,144,47,81,224,296,317,155,438,443,430,307,92,112,18,33,139,178,189,89,274,273,279,197,42,60,20,33,151,196,202,94,305,302,306,202,33,38,13,28,149,185,199,80,290,284,271,178,28,29,36,54,168,223,237,116,337,333,342,242,56,86,45.88,69.0,215.38,270.5,296.38,145.0,424.12,414.0,407.5,293.75,78.75,113.0
Concrete_0cm_S1,2026-04-02T16:34:55.376014,68,100,264,319,362,179,522,501,486,385,118,204,99,129,345,426,485,263,677,643,634,465,157,231,66,93,284,340,380,184,549,534,512,373,104,144,47,81,223,296,317,155,438,443,430,306,92,112,18,32,139,178,189,89,274,273,279,197,42,60,20,33,151,196,203,94,305,302,306,202,33,38,13,28,148,184,199,80,290,284,271,178,28,30,36,54,168,223,237,116,337,333,342,242,56,86,45.88,68.75,215.25,270.25,296.5,145.0,424.0,414.12,407.5,293.5,78.75,113.12
Concrete_0cm_S1,2026-04-02T16:34:55.463476,68,100,264,318,362,179,522,501,485,384,118,204,99,129,344,427,485,263,677,642,635,465,157,231,66,93,284,340,380,184,549,534,512,373,104,144,47,81,223,296,317,155,438,443,430,306,92,112,18,32,139,178,189,89,274,273,279,197,42,60,20,33,151,196,203,94,305,302,306,202,33,38,13,28,148,184,199,80,290,284,271,178,28,30,36,54,168,223,237,116,337,333,342,242,56,86,45.88,68.75,215.12,270.25,296.5,145.0,424.0,414.0,407.5,293.38,78.75,113.12
Concrete_0cm_S1,2026-04-02T16:34:55.559271,68,100,264,318,362,179,522,501,485,384,118,204,99,129,344,427,485,263,677,642,635,465,157,231,66,93,284,340,380,184,549,534,512,373,104,144,47,81,223,296,317,155,438,443,430,306,92,112,18,32,139,178,189,89,274,273,279,197,42,60,20,33,151,196,203,94,305,302,306,202,33,38,13,28,148,184,199,80,290,284,271,178,28,30,36,54,168,223,237,116,337,333,342,242,56,86,45.88,68.75,215.12,270.25,296.5,145.0,424.0,414.0,407.5,293.38,78.75,113.12
Concrete_0cm_S1,2026-04-02T16:34:55.669471,68,99,264,318,361,179,521,500,484,384,119,203,99,129,345,427,484,264,677,642,635,465,157,231,66,93,285,340,381,184,550,534,512,374,104,143,46,81,224,296,317,155,438,443,429,306,92,112,18,33,139,179,189,89,274,273,279,197,42,60,20,32,150,196,202,94,305,302,306,202,33,38,13,28,148,185,200,80,290,284,271,179,28,30,36,54,168,223,237,117,337,333,342,243,56,86,45.75,68.62,215.38,270.5,296.38,145.25,424.0,413.88,407.25,293.75,78.88,112.88
Concrete_0cm_S1,2026-04-02T16:34:55.774237,69,100,263,318,361,179,521,500,485,384,118,203,99,129,345,427,484,264,677,642,635,465,157,231,66,93,285,340,381,184,550,534,512,374,104,143,46,81,224,296,317,155,438,443,429,306,92,112,18,33,139,179,189,89,274,273,279,197,42,60,20,32,150,196,202,94,305,302,306,202,33,38,13,28,149,185,200,80,290,284,271,178,28,30,36,54,168,223,237,116,337,333,342,243,56,86,45.88,68.75,215.38,270.5,296.38,145.12,424.0,413.88,407.38,293.62,78.75,112.88
Concrete_0cm_S1,2026-04-02T16:34:55.873009,69,100,263,318,361,179,521,500,485,384,118,203,99,129,344,426,484,263,677,642,634,465,157,230,66,94,284,340,380,183,549,534,512,374,104,143,46,81,223,296,317,155,438,443,429,306,92,112,18,33,138,178,189,89,274,274,279,197,42,60,20,32,151,196,203,94,305,302,306,202,33,38,13,28,149,185,200,80,290,284,271,178,28,30,36,54,168,223,237,116,337,333,342,243,56,86,45.88,68.88,215.0,270.25,296.38,144.88,423.88,414.0,407.25,293.62,78.75,112.75
Concrete_0cm_S1,2026-04-02T16:34:55.954735,69,100,263,318,361,179,521,500,485,384,118,203,99,129,344,426,484,263,677,642,634,465,157,230,66,94,284,340,380,183,549,534,512,374,104,143,46,81,223,296,317,155,438,443,429,306,92,112,18,33,138,178,189,89,274,274,279,197,42,60,20,32,151,196,203,94,305,302,306,202,33,38,13,28,149,185,200,80,290,284,271,178,28,30,36,54,168,223,237,116,337,333,342,243,56,86,45.88,68.88,215.0,270.25,296.38,144.88,423.88,414.0,407.25,293.62,78.75,112.75
Concrete_0cm_S1,2026-04-02T16:34:56.070059,69,100,263,318,361,179,521,500,485,384,118,203,99,129,344,426,484,263,677,642,634,465,157,230,66,94,284,340,380,183,549,534,512,374,104,143,46,81,223,296,317,155,438,443,429,306,92,112,18,33,138,178,189,89,274,274,279,197,42,60,20,32,151,196,203,94,305,302,306,202,33,38,13,28,149,184,199,80,290,284,271,178,28,30,36,54,168,223,237,116,337,333,342,243,56,86,45.88,68.88,215.0,270.12,296.25,144.88,423.88,414.0,407.25,293.62,78.75,112.75
Concrete_0cm_S1,2026-04-02T16:34:56.167273,69,100,263,318,361,179,521,500,485,384,118,203,99,129,344,426,484,263,677,642,634,465,157,230,66,94,284,340,380,183,549,534,512,374,104,143,46,81,223,296,317,155,438,443,429,306,92,112,18,33,138,178,189,89,274,274,279,197,42,60,20,32,151,196,203,94,305,302,306,202,33,38,13,28,149,184,199,80,290,284,271,178,28,30,36,54,168,223,237,116,337,333,342,243,56,86,45.88,68.88,215.0,270.12,296.25,144.88,423.88,414.0,407.25,293.62,78.75,112.75
Concrete_0cm_S1,2026-04-02T16:34:56.254274,68,99,263,317,360,178,520,499,483,382,117,202,99,129,344,426,484,263,677,642,634,465,157,230,66,94,284,340,380,183,549,534,512,374,104,143,47,81,223,296,317,155,438,443,429,306,92,112,18,33,139,178,189,89,274,274,279,197,42,60,20,33,150,196,203,94,305,302,306,202,33,38,13,28,148,184,199,80,290,284,271,178,28,30,36,54,168,223,238,117,337,333,342,243,56,86,45.88,68.88,214.88,270.0,296.25,144.88,423.75,413.88,407.0,293.38,78.62,112.62
Concrete_0cm_S1,2026-04-02T16:34:56.360202,68,99,263,317,360,178,520,499,483,382,117,202,99,129,345,426,484,263,677,642,634,465,157,230,66,93,284,340,381,183,550,533,512,374,104,143,47,81,224,296,318,155,438,443,430,306,92,112,18,33,139,178,189,89,274,274,279,197,42,60,20,33,150,196,203,94,305,302,306,202,33,38,13,28,148,184,199,80,290,284,271,178,28,30,36,54,168,223,238,117,337,333,342,243,56,86,45.88,68.75,215.12,270.0,296.5,144.88,423.88,413.75,407.12,293.38,78.62,112.62
Concrete_0cm_S1,2026-04-02T16:34:56.459838,68,99,263,317,360,178,520,499,483,382,117,202,99,129,345,426,484,263,677,642,634,465,157,230,66,93,284,340,381,183,550,533,512,374,104,143,47,81,224,296,318,155,438,443,430,306,92,112,18,33,139,178,189,89,274,274,279,197,42,60,20,33,150,196,203,94,305,302,306,202,33,38,13,28,148,184,199,80,290,284,271,178,28,30,36,54,168,223,238,117,337,333,342,243,56,86,45.88,68.75,215.12,270.0,296.5,144.88,423.88,413.75,407.12,293.38,78.62,112.62
Concrete_0cm_S1,2026-04-02T16:34:56.555765,68,99,263,317,360,178,520,499,483,382,117,202,99,129,345,426,484,263,677,642,634,465,157,230,66,93,284,340,381,183,550,533,512,374,104,143,47,81,224,296,318,155,438,443,430,306,92,112,18,33,139,178,189,89,274,274,279,197,42,60,20,33,150,196,203,94,305,302,306,202,33,38,13,28,148,184,199,80,290,284,271,178,28,30,36,54,168,223,238,117,337,333,342,243,56,86,45.88,68.75,215.12,270.0,296.5,144.88,423.88,413.75,407.12,293.38,78.62,112.62
Concrete_0cm_S1,2026-04-02T16:34:56.666661,68,99,263,317,360,178,520,499,483,382,117,202,99,129,345,426,484,263,677,642,634,465,157,230,66,93,284,340,381,183,550,533,512,374,104,143,47,81,224,296,318,155,438,443,430,306,92,112,18,33,139,178,189,89,274,274,279,197,42,60,20,33,150,196,203,94,305,302,306,202,33,38,13,28,148,184,199,80,290,284,271,178,28,30,36,54,168,223,238,117,337,333,342,243,56,86,45.88,68.75,215.12,270.0,296.5,144.88,423.88,413.75,407.12,293.38,78.62,112.62
Concrete_0cm_S1,2026-04-02T16:34:56.756025,68,99,263,317,360,178,520,499,483,382,117,202,99,129,345,426,484,263,677,642,634,465,157,230,66,93,284,340,381,183,550,533,512,374,104,143,46,81,224,296,318,155,438,442,430,307,92,112,18,33,139,178,189,89,274,273,279,197,42,60,20,33,150,196,203,94,305,302,306,202,33,38,13,28,148,184,199,80,290,284,270,178,28,30,36,54,168,223,236,116,337,333,341,242,56,85,45.75,68.75,215.12,270.0,296.25,144.75,423.88,413.5,406.88,293.38,78.62,112.5
Concrete_0cm_S1,2026-04-02T16:34:56.865067,67,98,262,316,359,178,518,497,481,381,117,199,99,129,344,426,484,263,676,641,633,464,157,230,66,93,284,340,380,183,548,534,512,374,103,143,46,81,223,296,318,155,438,443,429,306,92,112,18,33,139,178,189,89,274,273,279,196,42,60,20,33,150,196,203,94,305,302,306,202,33,37,13,28,148,184,199,80,290,284,270,178,28,30,36,54,168,223,236,116,337,333,341,242,56,85,45.62,68.62,214.75,269.88,296.0,144.75,423.25,413.38,406.38,292.88,78.5,112.0
Concrete_0cm_S1,2026-04-02T16:34:56.963633,67,98,262,316,359,178,518,497,481,381,117,199,99,129,344,426,484,263,676,641,633,464,157,230,66,93,284,340,380,183,548,534,512,374,103,143,46,81,223,296,318,155,438,443,429,306,92,112,18,33,139,178,189,89,274,273,279,196,42,60,20,33,150,196,203,94,305,302,306,202,33,37,13,28,149,184,199,80,290,284,271,178,28,30,36,54,167,222,237,116,337,332,341,242,56,85,45.62,68.62,214.75,269.75,296.12,144.75,423.25,413.25,406.5,292.88,78.5,112.0
Concrete_0cm_S1,2026-04-02T16:34:57.057468,67,98,262,316,359,178,518,497,481,381,117,199,99,129,344,426,484,263,676,641,633,464,157,230,66,93,284,340,380,183,548,534,512,374,103,143,46,81,223,296,318,155,438,443,429,306,92,112,18,33,139,178,189,89,274,273,279,196,42,60,20,33,150,196,203,94,305,302,306,202,33,37,13,28,149,184,199,80,290,284,271,178,28,30,36,54,167,222,237,116,337,332,341,242,56,85,45.62,68.62,214.75,269.75,296.12,144.75,423.25,413.25,406.5,292.88,78.5,112.0
Concrete_0cm_S1,2026-04-02T16:34:57.145256,66,98,262,315,359,178,518,496,481,380,116,199,98,129,344,426,483,263,676,641,633,464,156,229,66,93,285,340,380,183,549,534,512,374,103,143,46,81,224,296,318,155,438,443,429,306,92,112,18,33,138,178,189,89,274,273,279,196,42,60,19,33,151,196,202,94,305,302,306,202,33,38,13,28,148,184,199,80,290,284,271,178,28,30,36,54,167,223,237,116,336,333,342,242,56,84,45.25,68.62,214.88,269.75,295.88,144.75,423.25,413.25,406.62,292.75,78.25,111.88
Concrete_0cm_S1,2026-04-02T16:34:57.242465,66,98,262,316,359,177,518,497,481,380,116,198,98,129,344,426,484,263,676,641,633,464,156,229,66,93,284,340,381,183,549,533,512,373,104,143,47,81,223,296,317,155,438,443,430,306,92,111,18,33,138,178,189,89,274,274,279,197,42,60,19,33,151,196,202,94,305,302,306,202,33,38,13,28,148,184,199,80,290,284,271,178,28,30,36,54,167,223,237,116,336,333,342,242,56,84,45.38,68.62,214.62,269.88,296.0,144.62,423.25,413.38,406.75,292.75,78.38,111.62
Concrete_0cm_S1,2026-04-02T16:34:57.336233,66,97,262,315,358,177,517,497,480,379,116,198,98,129,344,426,483,262,676,641,632,463,156,229,66,93,284,340,381,183,549,533,512,373,104,143,46,81,224,296,317,155,438,443,429,306,92,111,18,33,139,178,189,89,274,274,279,197,42,60,19,33,151,196,202,94,305,302,306,202,33,38,13,28,148,184,200,80,290,284,271,178,28,30,36,54,168,223,237,116,336,332,342,242,56,84,45.25,68.5,215.0,269.75,295.88,144.5,423.12,413.25,406.38,292.5,78.38,111.62
Concrete_0cm_S1,2026-04-02T16:34:57.436175,66,97,262,315,358,177,517,497,480,379,116,198,98,129,344,426,483,262,676,641,632,463,156,229,66,93,284,340,381,183,549,533,512,373,104,143,46,81,224,296,317,155,438,443,429,306,92,111,18,33,139,178,189,89,274,274,279,197,42,60,20,33,150,196,203,94,305,302,305,202,33,37,13,28,148,184,199,80,290,284,271,178,28,30,36,54,168,222,237,116,336,332,341,242,56,84,45.38,68.5,214.88,269.62,295.88,144.5,423.12,413.25,406.12,292.5,78.38,111.5
Concrete_0cm_S1,2026-04-02T16:34:57.530772,66,97,262,315,358,177,517,496,480,379,116,198,98,129,344,426,483,263,675,641,632,464,156,228,66,93,284,340,380,183,550,533,511,373,103,143,46,81,224,296,317,155,438,443,429,306,92,111,18,33,139,178,189,89,274,274,279,197,42,60,20,33,150,196,203,94,305,302,305,202,33,37,13,28,148,184,199,80,290,284,271,178,28,30,36,54,168,222,237,116,336,332,341,242,56,84,45.38,68.5,214.88,269.62,295.75,144.62,423.12,413.12,406.0,292.62,78.25,111.38
Concrete_0cm_S1,2026-04-02T16:34:57.627809,66,97,262,315,358,177,517,496,480,379,116,198,98,129,344,426,483,263,675,641,632,464,156,228,66,93,284,340,380,183,550,533,511,373,103,143,46,81,224,296,317,155,438,443,429,306,92,111,18,33,139,178,189,89,274,274,279,197,42,60,20,33,150,196,203,94,305,302,305,202,33,37,13,28,148,184,199,80,290,284,271,178,28,30,36,54,168,222,237,116,336,332,341,242,56,84,45.38,68.5,214.88,269.62,295.75,144.62,423.12,413.12,406.0,292.62,78.25,111.38
Concrete_0cm_S1,2026-04-02T16:34:57.713091,66,97,261,314,358,177,517,496,480,379,116,198,98,129,344,426,484,262,676,641,633,463,156,229,66,93,284,340,380,183,550,533,511,373,103,143,46,81,224,296,317,155,438,443,429,306,92,111,19,33,139,178,189,89,274,273,279,196,42,60,20,33,150,196,203,94,305,302,306,202,33,38,13,28,148,184,200,80,290,284,270,178,28,29,36,54,168,223,237,116,337,333,341,242,56,84,45.5,68.5,214.75,269.62,296.0,144.5,423.38,413.12,406.12,292.38,78.25,111.5
Concrete_0cm_S1,2026-04-02T16:34:57.831096,66,98,261,315,358,177,516,496,480,379,116,198,98,129,344,426,483,262,676,641,632,463,156,229,66,93,284,340,380,183,549,533,512,373,103,142,46,81,224,296,317,155,438,443,429,306,92,111,18,33,138,178,189,89,274,274,279,197,42,60,20,33,150,196,203,94,305,302,306,202,33,38,13,28,149,184,199,80,290,284,271,178,28,30,36,54,168,223,237,116,337,332,341,242,56,84,45.38,68.62,214.75,269.75,295.75,144.5,423.12,413.12,406.25,292.5,78.25,111.5
Concrete_0cm_S1,2026-04-02T16:34:57.946521,66,98,261,315,358,177,516,496,480,379,116,198,98,129,344,426,483,262,676,641,632,463,156,229,66,93,284,340,380,183,549,533,512,373,103,142,46,81,224,296,317,155,438,443,429,306,92,111,18,33,138,178,189,89,274,274,279,197,42,60,20,32,151,196,202,94,305,302,306,202,33,37,13,28,149,184,200,80,290,284,271,178,28,30,36,54,168,222,236,116,337,332,341,241,56,84,45.38,68.5,214.88,269.62,295.62,144.5,423.12,413.12,406.25,292.38,78.25,111.38
Concrete_0cm_S1,2026-04-02T16:34:58.038287,66,98,261,315,358,177,516,496,480,379,116,198,98,129,344,426,483,262,676,641,632,463,156,229,66,93,284,340,380,183,549,533,512,373,103,142,46,81,224,296,317,155,438,443,429,306,92,111,18,33,138,178,189,89,274,274,279,197,42,60,20,32,151,196,202,94,305,302,306,202,33,37,13,28,149,184,200,80,290,284,271,178,28,30,36,54,168,222,236,116,337,332,341,241,56,84,45.38,68.5,214.88,269.62,295.62,144.5,423.12,413.12,406.25,292.38,78.25,111.38
Concrete_0cm_S1,2026-04-02T16:34:58.134076,66,98,261,315,358,177,516,496,480,379,116,198,98,129,343,426,483,262,675,640,632,462,156,228,66,93,284,340,380,183,549,533,512,373,103,143,46,81,223,296,317,155,438,443,429,306,91,111,18,33,139,178,189,89,274,274,279,197,42,60,20,32,151,196,202,94,305,302,306,202,33,37,13,28,149,184,200,80,290,284,271,178,28,30,36,54,168,222,236,116,337,332,341,241,56,84,45.38,68.5,214.75,269.62,295.62,144.5,423.0,413.0,406.25,292.25,78.12,111.38
Concrete_0cm_S1,2026-04-02T16:34:58.229393,66,98,261,315,358,177,516,496,480,379,116,198,98,129,343,426,483,262,675,640,632,462,156,228,66,93,284,340,380,183,549,533,512,373,103,143,46,81,223,296,317,155,438,443,429,306,91,111,18,33,139,178,189,89,274,274,279,197,42,60,20,32,151,196,202,94,305,302,306,202,33,37,13,28,149,184,200,80,290,284,271,178,28,30,36,54,168,222,236,116,337,332,341,241,56,84,45.38,68.5,214.75,269.62,295.62,144.5,423.0,413.0,406.25,292.25,78.12,111.38
Concrete_0cm_S1,2026-04-02T16:34:58.316347,66,97,260,314,357,177,516,494,479,377,115,196,99,128,343,426,483,263,675,640,632,463,156,228,66,93,284,340,380,183,549,534,512,373,103,142,46,81,223,296,318,154,438,443,429,305,91,111,18,33,139,178,189,89,274,274,279,197,42,60,20,33,151,196,203,94,305,302,306,202,33,37,13,28,148,184,199,80,290,284,271,178,28,30,35,54,167,222,237,116,336,332,341,241,55,84,45.38,68.38,214.38,269.5,295.75,144.5,422.88,412.88,406.12,292.0,77.88,111.0
Concrete_0cm_S1,2026-04-02T16:34:58.429941,66,97,260,314,357,176,515,494,478,377,115,196,99,128,343,426,483,263,675,640,632,463,156,228,66,93,284,340,380,183,549,534,512,373,103,142,46,81,223,296,318,154,438,443,429,305,91,111,18,33,139,178,189,89,274,274,279,196,42,60,20,33,151,196,203,94,305,303,306,202,33,38,13,28,149,184,200,80,290,284,271,178,28,30,36,54,168,222,236,116,337,332,341,241,55,84,45.5,68.38,214.62,269.5,295.75,144.38,422.88,413.0,406.0,291.88,77.88,111.12
Concrete_0cm_S1,2026-04-02T16:34:58.529149,66,97,260,314,357,176,515,494,478,377,115,196,98,128,344,425,483,262,675,640,632,463,156,228,66,93,284,340,380,183,548,533,512,373,103,142,46,81,223,296,318,154,438,443,429,305,91,111,18,33,139,178,189,89,274,274,279,196,42,60,20,33,151,196,203,94,305,303,306,202,33,38,13,28,149,184,200,80,290,284,271,178,28,30,36,54,168,222,236,116,337,332,341,241,55,84,45.38,68.38,214.75,269.38,295.75,144.25,422.75,412.88,406.0,291.88,77.88,111.12
Concrete_0cm_S1,2026-04-02T16:34:58.628238,66,97,260,314,357,176,515,494,478,377,115,196,98,128,344,425,483,262,675,640,632,463,156,228,66,93,284,340,380,183,548,533,512,373,103,142,46,81,223,296,318,154,438,443,429,305,91,111,18,33,139,178,189,89,274,274,279,196,42,60,20,33,151,196,203,94,305,303,306,202,33,38,13,28,149,184,200,80,290,284,271,178,28,30,36,54,168,222,236,116,337,332,341,241,55,84,45.38,68.38,214.75,269.38,295.75,144.25,422.75,412.88,406.0,291.88,77.88,111.12
Concrete_0cm_S1,2026-04-02T16:34:58.711988,66,97,261,314,356,176,515,494,478,377,114,195,98,128,343,425,483,262,674,640,632,462,156,227,66,93,284,340,380,183,549,533,511,373,103,142,46,80,223,296,317,154,437,443,429,306,92,111,18,33,138,178,189,89,274,273,279,196,42,60,20,33,151,196,203,94,305,303,306,202,33,38,13,28,149,185,200,80,290,284,271,178,28,30,36,54,168,222,237,116,336,332,341,241,55,84,45.38,68.25,214.62,269.5,295.62,144.25,422.5,412.75,405.88,291.88,77.88,110.88
Concrete_0cm_S1,2026-04-02T16:34:58.807517,66,96,260,313,356,176,515,494,478,376,114,195,98,128,343,425,482,262,675,639,631,461,155,227,66,93,284,340,380,183,548,533,512,373,103,142,46,81,223,297,318,155,438,443,429,306,92,111,18,33,138,178,189,89,274,273,279,196,42,60,20,33,151,196,203,94,305,303,306,202,33,38,13,28,149,185,200,80,290,284,271,178,28,30,36,54,168,222,237,116,336,332,341,241,55,84,45.38,68.25,214.5,269.5,295.62,144.38,422.62,412.62,405.88,291.62,77.75,110.88
Concrete_0cm_S1,2026-04-02T16:34:58.910509,66,96,260,313,356,176,515,494,478,376,114,195,98,128,343,425,482,262,675,639,631,461,155,227,66,93,284,340,380,183,548,533,512,373,103,142,46,81,223,297,318,155,438,443,429,306,92,111,18,33,138,178,189,89,274,274,279,197,42,60,20,33,151,196,203,94,305,302,306,202,33,38,13,28,149,185,200,80,290,284,271,178,28,30,36,54,168,222,237,116,336,332,341,241,55,84,45.38,68.25,214.5,269.5,295.62,144.38,422.62,412.62,405.88,291.75,77.75,110.88
Concrete_0cm_S1,2026-04-02T16:34:59.008590,66,97,260,313,357,176,515,494,478,377,115,195,98,128,344,425,482,261,675,640,631,462,155,227,66,93,284,340,380,183,548,533,512,373,103,142,46,81,223,297,318,155,438,443,429,306,92,111,18,33,138,178,189,89,274,274,279,197,42,60,20,33,151,196,203,94,305,302,306,202,33,38,13,28,149,185,200,80,290,284,271,178,28,30,36,54,168,222,237,116,336,332,341,241,55,84,45.38,68.38,214.62,269.5,295.75,144.25,422.62,412.75,405.88,292.0,77.88,110.88
Concrete_0cm_S1,2026-04-02T16:34:59.093654,66,97,260,313,357,176,515,494,478,377,115,195,98,128,344,425,482,261,675,640,631,462,155,227,66,93,284,340,380,183,548,533,512,373,103,142,46,81,223,297,318,155,438,443,429,306,92,111,18,33,138,178,189,89,274,274,279,197,42,60,20,33,151,196,203,94,305,302,306,202,33,38,13,28,149,185,200,80,290,284,271,178,28,30,36,54,168,222,237,116,336,332,341,241,55,84,45.38,68.38,214.62,269.5,295.75,144.25,422.62,412.75,405.88,292.0,77.88,110.88
Concrete_0cm_S1,2026-04-02T16:34:59.177143,66,97,260,313,356,176,515,493,478,377,115,196,98,128,344,425,482,261,675,640,631,462,155,227,66,93,284,340,380,183,548,533,511,373,103,142,46,80,224,296,317,155,438,443,429,306,92,111,18,33,139,178,189,89,274,274,279,197,42,60,20,33,151,196,203,94,305,302,305,202,33,37,13,28,149,184,199,80,290,284,271,178,28,30,36,54,168,223,237,116,337,332,341,242,56,84,45.38,68.25,214.88,269.38,295.38,144.25,422.75,412.62,405.62,292.12,78.0,110.88
Concrete_0cm_S1,2026-04-02T16:34:59.268232,66,97,260,313,356,176,515,494,478,377,115,196,98,128,343,425,482,262,675,640,631,461,155,227,66,93,284,340,380,183,548,533,511,373,103,142,46,81,223,296,317,155,438,443,429,306,91,111,18,33,139,178,189,89,274,273,279,197,42,60,20,33,150,196,203,94,305,302,306,202,33,38,13,28,149,184,199,80,290,285,271,178,28,30,36,54,168,223,237,116,337,332,341,242,56,84,45.38,68.38,214.5,269.38,295.38,144.38,422.75,412.75,405.75,292.0,77.88,111.0
Concrete_0cm_S1,2026-04-02T16:34:59.363636,66,97,260,313,356,176,515,494,478,377,115,196,98,128,343,425,482,262,675,640,631,461,155,227,66,93,284,340,380,183,549,533,511,373,103,142,46,80,224,296,316,155,438,443,429,306,92,111,18,33,138,178,189,89,274,273,279,197,42,59,20,33,150,196,203,94,305,302,306,202,33,38,13,28,149,184,199,80,290,285,271,178,28,30,36,54,168,223,237,116,337,332,341,242,56,84,45.38,68.25,214.5,269.38,295.25,144.38,422.88,412.75,405.75,292.0,78.0,110.88
Concrete_0cm_S1,2026-04-02T16:34:59.458797,66,97,260,313,356,176,515,494,478,377,115,196,98,128,343,425,482,262,675,640,631,461,155,227,66,93,284,340,380,183,549,533,511,373,103,142,46,80,224,296,316,155,438,443,429,306,92,111,18,33,138,178,189,89,274,273,279,197,42,59,20,33,150,196,203,94,305,302,306,202,33,38,13,28,149,184,199,80,290,285,271,178,28,30,36,54,168,223,237,116,337,332,341,242,56,84,45.38,68.25,214.5,269.38,295.25,144.38,422.88,412.75,405.75,292.0,78.0,110.88
Concrete_0cm_S1,2026-04-02T16:34:59.538003,66,97,260,313,356,176,515,494,478,377,115,196,98,128,343,425,482,262,675,640,631,461,155,227,66,93,284,340,380,183,549,533,511,373,103,142,46,80,224,296,316,155,438,443,429,306,92,111,18,33,138,178,189,89,274,273,279,197,42,59,20,33,150,196,203,94,305,302,306,202,33,38,13,28,149,184,199,80,290,285,271,178,28,30,36,54,168,223,237,116,337,332,341,242,56,84,45.38,68.25,214.5,269.38,295.25,144.38,422.88,412.75,405.75,292.0,78.0,110.88
Concrete_0cm_S1,2026-04-02T16:34:59.617127,66,96,260,313,356,176,514,494,478,377,114,195,98,128,343,425,483,262,675,639,631,461,155,226,66,93,284,340,380,183,549,533,511,373,103,141,46,81,223,296,318,155,438,443,429,306,92,111,18,33,139,178,189,89,274,273,279,197,42,60,20,33,150,196,203,93,305,301,306,202,33,37,13,28,149,184,200,80,290,284,271,178,28,30,36,54,168,223,237,116,337,333,341,242,56,84,45.38,68.25,214.5,269.38,295.75,144.25,422.75,412.5,405.75,292.0,77.88,110.5
Concrete_0cm_S1,2026-04-02T16:34:59.722308,66,96,260,313,356,176,514,494,478,377,114,195,98,128,343,425,483,262,675,639,631,461,155,226,66,93,284,340,380,183,549,533,511,373,103,141,46,80,223,296,317,155,438,443,429,306,91,111,18,33,139,178,189,89,274,273,279,197,42,60,20,33,150,196,203,94,305,302,306,203,33,38,13,28,149,184,199,80,290,284,271,179,28,30,36,54,168,222,236,116,336,332,341,242,56,84,45.38,68.12,214.5,269.25,295.38,144.38,422.62,412.5,405.75,292.25,77.75,110.62
Concrete_0cm_S1,2026-04-02T16:34:59.816110,66,97,260,313,356,176,515,494,478,376,114,196,97,128,343,425,482,261,674,639,629,461,155,226,66,93,284,339,380,183,548,533,511,373,103,142,46,81,223,296,317,155,438,443,429,306,92,111,18,32,138,179,189,89,274,274,279,197,42,60,20,33,150,196,203,94,305,302,306,203,33,38,13,28,149,184,199,80,290,284,271,179,28,30,36,54,168,222,236,116,336,332,341,242,56,84,45.25,68.25,214.38,269.25,295.25,144.25,422.5,412.62,405.5,292.12,77.88,110.88
Concrete_0cm_S1,2026-04-02T16:34:59.903697,66,97,260,313,356,176,515,494,478,376,114,196,97,128,343,425,482,261,674,639,629,461,155,226,66,93,284,339,380,183,548,533,511,373,103,142,46,81,223,296,317,155,438,443,429,306,92,111,18,32,138,179,189,89,274,274,279,197,42,60,20,33,150,196,203,94,305,302,306,203,33,38,13,28,149,184,199,80,290,284,271,179,28,30,36,54,168,222,236,116,336,332,341,242,56,84,45.25,68.25,214.38,269.25,295.25,144.25,422.5,412.62,405.5,292.12,77.88,110.88
Concrete_0cm_S1,2026-04-02T16:34:59.999931,66,97,260,313,356,176,514,493,478,377,114,195,97,128,343,425,482,261,674,639,631,460,155,227,66,93,284,339,380,183,548,533,511,373,103,142,46,81,223,296,317,155,438,443,429,306,92,111,18,32,138,179,189,89,274,274,279,197,42,60,20,33,151,196,202,94,305,302,306,202,33,38,13,28,148,185,200,80,290,285,271,178,28,29,36,54,168,223,237,116,337,332,341,242,56,84,45.25,68.25,214.38,269.5,295.38,144.25,422.5,412.62,405.75,291.88,77.88,110.75
Concrete_0cm_S1,2026-04-02T16:35:00.100890,66,97,260,313,356,176,514,493,478,377,114,195,97,128,343,425,482,261,674,639,631,460,155,227,66,93,284,339,380,183,548,533,511,373,103,142,46,81,223,296,317,155,438,443,429,306,92,111,18,32,138,179,189,89,274,274,279,197,42,60,20,33,151,196,202,94,305,302,306,202,33,38,13,28,148,185,200,80,290,285,271,178,28,29,36,54,168,223,237,116,337,332,341,242,56,84,45.25,68.25,214.38,269.5,295.38,144.25,422.5,412.62,405.75,291.88,77.88,110.75
Concrete_0cm_S1,2026-04-02T16:35:00.186011,66,97,260,313,356,176,514,493,478,377,114,195,97,128,343,425,482,261,674,639,631,460,155,227,66,93,284,340,380,183,549,533,511,373,103,142,46,81,224,296,318,155,438,443,429,306,92,111,18,33,139,178,189,89,274,273,279,197,42,60,20,33,151,196,202,94,305,302,306,202,33,38,13,28,148,185,200,80,290,285,271,178,28,29,36,54,168,223,237,116,337,332,341,242,56,84,45.25,68.38,214.62,269.5,295.5,144.25,422.62,412.5,405.75,291.88,77.88,110.75
Concrete_0cm_S1,2026-04-02T16:35:00.269685,66,96,260,313,356,176,514,494,477,376,114,195,98,128,343,425,482,262,674,639,631,461,155,226,66,93,284,340,380,183,549,533,511,373,103,142,46,81,224,296,318,155,438,443,429,306,92,111,18,33,139,178,189,89,274,273,279,197,42,60,20,32,150,196,202,94,305,302,306,202,33,37,13,28,148,185,200,80,290,284,271,178,28,29,36,54,168,223,237,116,337,333,341,242,56,84,45.38,68.12,214.5,269.5,295.5,144.38,422.62,412.62,405.62,291.88,77.88,110.5
Concrete_0cm_S1,2026-04-02T16:35:00.364915,66,96,260,313,356,176,514,494,477,376,114,195,98,128,343,425,482,262,674,639,631,461,155,226,66,93,284,340,380,183,549,533,511,373,103,142,46,81,223,296,317,155,438,443,429,306,92,111,18,33,139,178,189,89,274,274,279,197,42,60,20,33,151,196,203,94,305,302,306,202,33,37,13,28,149,185,199,80,291,284,271,178,28,29,36,54,168,223,237,116,337,333,341,242,56,84,45.38,68.25,214.62,269.5,295.38,144.38,422.75,412.75,405.62,291.88,77.88,110.5
Concrete_0cm_S1,2026-04-02T16:35:00.476267,66,96,260,313,356,176,514,494,477,376,114,195,98,128,343,425,482,262,674,639,631,461,155,226,66,93,284,340,380,183,549,533,511,373,103,142,46,81,223,296,317,155,438,443,429,306,92,111,18,33,139,178,189,89,274,274,279,197,42,60,20,33,151,196,203,94,305,302,306,202,33,37,13,28,149,185,199,80,291,284,271,178,28,29,36,54,168,223,237,116,337,333,341,242,56,84,45.38,68.25,214.62,269.5,295.38,144.38,422.75,412.75,405.62,291.88,77.88,110.5
Concrete_0cm_S1,2026-04-02T16:35:00.569866,65,96,260,313,356,176,514,493,477,376,114,195,98,128,343,424,481,262,674,639,630,461,155,226,66,93,284,340,380,183,549,533,511,373,103,142,46,81,223,296,317,155,438,443,429,306,92,111,18,33,139,178,189,89,274,274,279,197,42,60,20,33,151,196,203,94,305,302,306,202,33,37,13,28,149,185,199,80,291,284,271,178,28,29,36,54,168,223,237,116,337,332,341,242,56,84,45.25,68.25,214.62,269.38,295.25,144.38,422.75,412.5,405.5,291.88,77.88,110.5
Concrete_0cm_S1,2026-04-02T16:35:00.661262,66,97,259,313,356,176,514,494,478,377,114,195,98,128,343,424,482,261,674,639,630,461,155,226,66,93,284,340,380,183,548,533,511,373,103,142,46,80,224,296,317,155,438,443,430,306,92,111,18,33,139,179,189,89,274,273,279,197,42,60,20,33,151,196,203,94,305,303,306,202,33,38,13,28,149,185,199,80,291,284,271,178,28,29,36,54,168,223,237,116,337,332,341,242,56,84,45.38,68.25,214.62,269.5,295.38,144.25,422.62,412.62,405.75,292.0,77.88,110.62
Concrete_0cm_S1,2026-04-02T16:35:00.762253,66,97,260,314,357,176,515,495,479,378,115,197,98,128,343,424,482,261,674,639,630,461,155,227,66,93,284,340,380,183,548,533,511,373,103,142,46,80,224,296,317,155,438,443,430,306,92,111,18,33,139,179,189,89,274,273,279,197,42,60,20,33,151,196,203,94,305,303,306,202,33,38,13,28,149,184,199,80,290,284,270,178,28,30,36,54,168,223,237,116,337,332,341,242,56,84,45.38,68.25,214.75,269.5,295.5,144.25,422.62,412.75,405.75,292.12,78.0,111.12
Concrete_0cm_S1,2026-04-02T16:35:00.857897,66,97,260,314,357,176,515,495,479,378,115,197,98,128,343,424,482,261,674,639,630,461,155,227,66,93,284,340,380,183,549,534,511,373,103,142,46,81,223,296,317,155,438,443,429,306,92,111,18,33,139,179,189,89,274,274,279,197,42,60,20,33,151,196,203,94,305,303,306,203,33,38,13,28,149,185,200,80,290,284,271,178,28,30,36,54,168,223,237,116,337,332,341,242,56,84,45.38,68.38,214.62,269.62,295.62,144.25,422.75,413.0,405.75,292.25,78.0,111.12
Concrete_0cm_S1,2026-04-02T16:35:00.947844,66,97,260,314,357,176,515,495,479,378,115,197,98,128,343,424,482,261,674,639,630,461,155,227,66,93,284,340,380,183,549,534,511,373,103,142,46,81,223,296,317,155,438,443,429,306,92,111,18,33,139,179,189,89,274,274,279,197,42,60,20,33,151,196,203,94,305,303,306,203,33,38,13,28,149,185,200,80,290,284,271,178,28,30,36,54,168,223,237,115,337,333,342,242,56,85,45.38,68.38,214.62,269.62,295.62,144.12,422.75,413.12,405.88,292.25,78.0,111.25
Concrete_0cm_S1,2026-04-02T16:35:01.036240,66,98,261,314,357,177,516,495,479,379,116,199,98,128,343,424,482,262,674,639,630,461,155,227,66,93,284,340,380,183,548,533,512,373,103,142,46,81,224,296,317,155,438,443,429,306,92,112,18,33,139,179,189,89,274,274,279,197,42,60,20,33,151,196,203,94,305,303,306,203,33,38,13,28,149,185,200,80,290,284,271,178,28,30,36,54,168,223,237,115,337,333,342,242,56,85,45.38,68.5,214.88,269.62,295.62,144.38,422.75,413.0,406.0,292.38,78.12,111.62
Concrete_0cm_S1,2026-04-02T16:35:01.136678,66,98,261,314,357,177,516,495,479,379,116,199,98,128,343,424,482,262,674,639,630,461,155,227,66,93,284,340,380,183,548,533,512,373,103,142,46,81,224,296,317,155,438,443,429,306,92,112,18,33,139,179,189,89,274,274,279,197,42,60,20,33,151,196,203,94,305,303,306,203,33,38,13,28,149,185,200,80,290,284,271,178,28,30,36,54,168,223,237,115,337,333,342,242,56,85,45.38,68.5,214.88,269.62,295.62,144.38,422.75,413.0,406.0,292.38,78.12,111.62
Concrete_0cm_S1,2026-04-02T16:35:01.223867,67,97,261,313,357,177,515,494,479,379,116,199,98,128,343,424,482,261,673,639,630,462,155,227,66,93,284,340,380,183,548,533,511,373,103,142,46,81,224,296,317,154,438,443,430,306,92,111,18,33,139,178,189,89,274,274,279,197,42,60,20,33,151,196,203,94,305,303,306,203,33,38,13,28,149,184,199,80,290,284,271,178,28,30,36,54,168,223,237,116,337,332,342,242,56,85,45.5,68.38,214.88,269.25,295.5,144.25,422.5,412.75,406.0,292.5,78.12,111.5
Concrete_0cm_S1,2026-04-02T16:35:01.331067,66,97,260,313,357,176,515,495,479,378,116,199,97,128,343,424,481,261,674,639,629,461,155,227,66,93,284,340,380,183,549,533,511,373,103,142,46,81,224,296,317,154,438,443,430,306,92,111,18,33,139,179,189,89,274,274,279,196,42,60,20,33,151,196,203,94,305,303,306,203,33,38,13,28,149,185,200,80,290,284,271,178,28,29,36,54,168,222,237,116,337,333,341,242,56,84,45.25,68.38,214.75,269.38,295.5,144.12,422.75,413.0,405.75,292.12,78.12,111.25
Concrete_0cm_S1,2026-04-02T16:35:01.434788,66,97,260,313,357,176,515,495,479,378,116,199,97,128,343,424,481,261,674,639,629,461,155,227,66,93,284,340,380,183,549,533,511,373,103,142,46,81,224,296,317,154,438,443,430,306,92,111,18,33,139,179,189,89,274,274,279,196,42,60,20,33,150,196,203,94,305,303,306,203,33,38,13,28,149,185,200,80,290,284,271,178,28,29,36,54,168,222,237,116,337,332,341,242,56,84,45.25,68.38,214.62,269.38,295.5,144.12,422.75,412.88,405.75,292.12,78.12,111.25
Concrete_0cm_S1,2026-04-02T16:35:01.539829,66,97,260,313,357,176,515,495,479,378,116,199,97,128,343,424,481,261,674,639,629,461,155,227,66,93,284,340,380,183,549,533,511,373,103,142,46,81,224,296,317,154,438,443,430,306,92,111,18,33,139,179,189,89,274,274,279,196,42,60,20,33,150,196,203,94,305,303,306,203,33,38,13,28,149,185,200,80,290,284,271,178,28,29,36,54,168,222,237,116,337,332,341,242,56,84,45.25,68.38,214.62,269.38,295.5,144.12,422.75,412.88,405.75,292.12,78.12,111.25
Concrete_0cm_S1,2026-04-02T16:35:01.646835,66,97,260,314,357,177,515,495,479,379,115,198,98,128,343,425,482,261,674,639,631,461,155,226,66,93,284,340,380,183,549,533,511,373,103,142,46,81,223,296,318,155,439,443,430,306,92,112,18,33,139,178,189,89,274,274,279,197,42,60,20,33,151,196,203,94,305,303,306,202,33,38,13,28,149,185,199,80,290,284,271,178,28,29,36,54,168,222,237,116,337,332,341,242,56,84,45.38,68.38,214.62,269.5,295.62,144.38,422.88,412.88,406.0,292.25,78.0,111.12
Concrete_0cm_S1,2026-04-02T16:35:01.760883,66,96,259,313,356,176,514,494,478,377,115,197,97,127,342,424,482,261,673,639,631,460,155,226,66,93,284,339,380,183,548,533,511,373,103,142,46,81,223,296,318,155,439,444,430,306,92,111,18,33,139,178,189,89,274,274,279,196,42,60,20,33,151,196,203,95,305,303,306,203,33,38,13,28,149,184,199,80,290,284,270,178,27,29,36,54,168,222,237,116,337,332,341,242,56,84,45.25,68.12,214.38,269.0,295.5,144.38,422.5,412.88,405.75,291.88,77.88,110.88
Concrete_0cm_S1,2026-04-02T16:35:01.857333,66,96,259,313,356,176,514,494,478,377,115,197,97,127,342,424,481,261,673,638,630,461,154,225,66,93,284,339,379,183,549,532,511,372,103,142,46,81,224,296,317,155,438,443,430,307,92,111,18,33,139,178,189,89,274,273,279,197,42,60,20,33,151,196,203,94,306,303,306,203,33,38,13,28,149,184,200,80,290,284,271,178,28,29,36,54,168,222,237,116,337,332,341,242,56,84,45.25,68.12,214.5,269.0,295.25,144.25,422.62,412.38,405.75,292.12,77.88,110.75
Concrete_0cm_S1,2026-04-02T16:35:01.952613,66,96,259,313,356,176,514,494,478,377,115,197,97,127,342,424,481,261,673,638,630,461,154,225,66,93,284,339,379,183,549,532,511,372,103,142,46,81,224,296,317,155,438,443,430,307,92,111,18,33,139,178,189,89,274,273,279,197,42,60,20,33,151,196,203,94,306,303,306,203,33,38,13,28,149,184,200,80,290,284,271,178,28,29,35,53,167,221,236,115,335,331,339,240,54,81,45.12,68.0,214.38,268.88,295.12,144.12,422.38,412.25,405.5,291.88,77.62,110.38
Concrete_0cm_S1,2026-04-02T16:35:02.057994,65,96,259,312,355,175,513,492,476,375,114,195,97,128,342,424,481,260,673,638,630,460,154,225,65,93,284,340,380,183,548,533,511,372,103,142,46,81,223,296,318,155,439,444,430,306,92,111,18,33,139,179,189,89,274,274,279,197,42,60,20,33,151,196,203,94,306,303,306,203,33,38,13,28,149,184,200,80,290,284,271,178,28,29,35,53,167,221,236,115,335,331,339,240,54,81,44.88,68.12,214.25,269.0,295.25,143.88,422.25,412.38,405.25,291.38,77.5,110.12
Concrete_0cm_S1,2026-04-02T16:35:02.177580,65,96,259,312,355,175,512,492,477,375,113,195,97,127,342,423,480,261,672,637,629,459,154,225,65,92,283,339,379,183,548,533,511,372,103,141,46,80,223,296,317,155,438,443,429,306,91,111,18,32,139,178,189,89,274,274,279,197,42,59,20,33,151,196,203,94,305,303,306,202,33,37,13,28,149,184,200,80,290,284,271,178,28,29,34,52,166,221,235,115,334,330,338,238,54,80,44.75,67.5,214.0,268.62,294.75,144.0,421.62,412.0,405.0,290.88,77.25,109.62
Concrete_0cm_S1,2026-04-02T16:35:02.288208,65,96,258,311,354,175,513,491,476,375,113,194,97,127,342,423,480,261,672,637,629,459,154,224,65,93,284,339,380,183,549,533,510,372,102,141,46,80,223,296,317,155,438,443,429,306,91,111,18,32,139,178,189,89,274,274,279,197,42,59,20,33,151,196,203,94,305,303,306,202,33,37,13,28,148,184,199,80,290,284,270,178,27,29,35,52,167,221,234,115,335,330,339,239,54,80,44.88,67.62,214.0,268.5,294.5,144.0,422.0,411.88,404.75,291.0,77.0,109.38
Concrete_0cm_S1,2026-04-02T16:35:02.411790,65,96,258,311,354,175,513,491,476,375,113,194,97,127,342,423,480,261,672,637,629,459,154,224,65,93,284,339,380,183,549,533,510,372,102,141,46,80,224,296,317,155,438,443,430,306,91,111,18,33,139,179,189,89,274,274,279,197,42,60,20,33,151,196,203,94,305,303,306,202,33,37,13,28,149,184,199,80,290,284,270,178,28,29,35,53,167,222,236,115,335,330,340,240,54,81,44.88,67.88,214.25,268.75,294.75,144.0,422.0,411.88,405.0,291.12,77.12,109.62
Concrete_0cm_S1,2026-04-02T16:35:02.530572,65,96,258,311,354,175,513,491,476,375,113,194,97,127,342,423,480,261,672,637,629,459,154,224,65,93,284,339,380,183,549,533,510,372,102,141,46,80,224,296,317,155,438,443,430,306,91,111,18,33,139,179,189,89,274,274,279,197,42,60,20,33,151,196,203,94,305,303,306,202,33,37,13,28,149,184,199,80,290,284,270,178,28,29,35,53,167,222,236,115,335,330,340,240,54,81,44.88,67.88,214.25,268.75,294.75,144.0,422.0,411.88,405.0,291.12,77.12,109.62
Concrete_0cm_S1,2026-04-02T16:35:02.646814,65,96,258,311,354,174,511,491,475,374,113,193,97,127,342,423,480,260,673,638,629,459,154,225,65,93,283,339,380,183,548,532,511,371,103,141,46,80,223,296,317,155,438,443,429,305,91,111,18,33,139,179,189,89,274,274,279,197,42,60,20,33,151,196,203,94,306,302,306,202,33,37,13,28,149,185,200,80,290,284,270,178,27,29,35,53,167,222,236,115,335,330,340,240,54,81,44.88,67.88,214.0,268.88,294.88,143.75,421.88,411.75,404.88,290.75,77.12,109.62
Concrete_0cm_S1,2026-04-02T16:35:02.750989,66,97,259,312,356,176,513,492,477,377,115,195,97,127,342,423,480,260,673,638,629,459,154,225,65,93,283,339,380,183,548,532,511,371,103,141,46,80,223,296,317,155,438,443,429,305,91,111,18,32,138,178,188,88,274,273,279,195,41,58,19,32,151,196,202,94,305,302,305,201,33,37,13,28,149,184,199,80,290,284,271,178,27,29,35,52,166,221,235,115,334,330,339,239,54,81,44.88,67.62,213.88,268.62,294.62,143.88,421.88,411.75,405.0,290.62,77.25,109.62
Concrete_0cm_S1,2026-04-02T16:35:02.843725,66,97,259,312,356,176,513,492,477,377,115,195,97,127,342,422,480,260,672,637,628,459,154,224,65,92,283,339,379,182,548,532,510,371,102,140,46,80,223,296,317,154,438,442,429,305,91,110,17,31,137,176,186,88,271,271,275,192,40,54,20,32,151,196,203,94,305,302,306,202,33,37,13,28,149,184,199,80,290,284,271,178,27,29,35,52,166,221,235,115,334,330,339,239,54,81,44.88,67.38,213.75,268.25,294.38,143.62,421.38,411.25,404.38,290.38,77.0,108.75
Concrete_0cm_S1,2026-04-02T16:35:02.955325,66,97,259,312,356,176,513,492,477,377,115,195,97,127,342,422,480,260,672,637,628,459,154,224,65,92,283,339,379,182,548,532,510,371,102,140,46,80,223,296,317,154,438,442,429,305,91,110,17,31,137,176,186,88,271,271,275,192,40,54,20,32,151,196,203,94,305,302,306,202,33,37,13,28,149,185,200,80,290,284,271,178,28,30,38,56,170,226,241,118,341,337,347,248,59,92,45.25,67.88,214.25,269.0,295.25,144.0,422.25,412.12,405.38,291.5,77.75,110.25
Concrete_0cm_S1,2026-04-02T16:35:03.075383,66,97,261,313,356,176,515,494,478,378,116,198,97,127,342,422,480,260,672,637,628,459,154,224,65,92,283,339,379,182,548,532,510,371,102,140,46,80,223,296,317,154,438,442,429,305,91,110,17,31,137,176,186,88,271,271,275,192,40,54,20,32,151,196,203,94,305,302,306,202,33,37,13,28,149,185,200,80,290,284,271,178,28,30,38,56,170,226,241,118,341,337,347,248,59,92,45.25,67.88,214.5,269.12,295.25,144.0,422.5,412.38,405.5,291.62,77.88,110.62
Concrete_0cm_S1,2026-04-02T16:35:03.176993,66,97,259,312,356,176,514,494,478,378,116,198,96,127,342,422,480,260,671,637,628,458,153,224,65,92,283,338,379,182,547,531,510,370,102,140,46,80,223,296,317,154,438,442,428,305,91,109,17,31,137,176,186,88,271,271,275,192,40,54,20,32,151,196,203,94,305,302,306,202,33,37,13,28,149,185,200,80,290,284,270,179,28,30,38,56,171,226,241,118,342,337,347,248,59,91,45.12,67.88,214.38,268.88,295.25,144.0,422.25,412.25,405.25,291.5,77.75,110.38
Concrete_0cm_S1,2026-04-02T16:35:03.317303,67,97,261,313,357,176,515,495,479,380,116,199,97,127,342,423,481,261,672,637,628,458,154,224,65,92,283,338,379,182,547,531,510,371,102,140,46,80,223,296,317,154,438,442,428,305,91,109,17,32,138,177,188,88,273,272,277,195,41,57,20,33,151,197,204,95,306,303,307,203,33,39,13,29,149,185,200,80,291,285,271,179,28,30,38,56,170,226,240,118,341,337,347,248,59,91,45.38,68.25,214.62,269.38,295.75,144.25,422.88,412.75,405.88,292.38,78.0,111.12
Concrete_0cm_S1,2026-04-02T16:35:03.432367,67,98,261,314,357,177,515,495,480,380,116,199,97,127,342,423,481,261,672,637,628,458,154,224,65,92,283,338,379,182,547,531,510,371,102,140,46,80,223,296,317,154,438,442,428,305,91,109,18,32,138,177,188,88,273,272,277,195,41,56,20,33,152,197,203,95,306,303,307,203,33,38,13,28,149,185,200,80,291,285,271,179,28,30,38,56,170,226,241,119,341,337,347,248,59,91,45.5,68.25,214.75,269.5,295.75,144.5,422.88,412.75,406.0,292.38,78.0,110.88
Concrete_0cm_S1,2026-04-02T16:35:03.542624,67,98,261,314,357,177,515,495,480,380,116,199,97,127,342,423,481,261,672,637,628,458,154,224,65,92,283,338,379,182,547,531,510,371,102,140,46,80,223,296,317,154,438,442,428,305,91,109,18,32,138,177,188,88,273,272,277,195,41,56,20,33,152,197,203,95,306,303,307,203,33,38,13,28,149,185,200,80,291,285,271,179,28,30,38,56,170,226,241,119,341,337,347,248,59,91,45.5,68.25,214.75,269.5,295.75,144.5,422.88,412.75,406.0,292.38,78.0,110.88
Concrete_0cm_S1,2026-04-02T16:35:03.640836,67,98,261,314,357,177,515,495,480,380,116,199,97,127,342,423,481,260,672,638,628,459,153,224,65,92,283,338,379,182,548,532,509,371,102,140,46,80,223,295,317,154,437,442,428,304,91,109,18,32,138,177,188,88,273,272,277,195,41,56,20,33,152,197,203,95,306,303,307,203,33,38,13,28,149,185,200,80,291,285,271,179,28,30,38,56,170,226,241,119,341,337,347,248,59,91,45.5,68.25,214.75,269.38,295.75,144.38,422.88,413.0,405.88,292.38,77.88,110.88
Concrete_0cm_S1,2026-04-02T16:35:03.763547,66,97,259,312,356,176,513,493,477,379,116,200,97,127,342,423,481,260,672,638,628,459,153,224,65,92,283,338,379,182,548,532,509,371,102,140,46,80,223,295,317,154,438,442,429,304,91,109,18,32,138,177,188,88,273,272,277,195,41,57,20,33,151,197,204,95,306,303,307,203,33,38,13,29,150,185,200,80,291,285,271,179,28,30,38,56,170,226,241,118,342,337,347,248,59,91,45.38,68.25,214.5,269.12,295.75,144.12,422.88,412.75,405.62,292.25,77.88,111.12
Concrete_0cm_S1,2026-04-02T16:35:03.892380,66,97,259,312,356,176,513,493,477,379,116,200,97,127,342,423,481,260,672,638,628,459,154,224,65,92,283,339,379,183,547,532,509,371,102,139,46,80,223,295,317,154,438,442,429,304,91,109,18,32,138,178,188,88,273,272,277,195,41,57,20,33,151,197,204,95,306,304,307,203,33,39,13,29,149,185,200,80,291,285,271,179,28,30,38,56,170,226,241,118,341,337,346,247,59,91,45.38,68.25,214.38,269.38,295.75,144.25,422.62,412.88,405.5,292.12,78.0,111.12
Concrete_0cm_S1,2026-04-02T16:35:04.001674,66,97,259,312,356,176,513,493,477,379,116,200,97,127,342,423,481,260,672,638,628,459,154,224,65,92,283,339,379,183,547,532,509,371,102,139,46,80,223,295,317,154,438,442,429,304,91,109,18,32,138,178,188,88,273,272,277,195,41,57,20,33,151,197,204,95,306,304,307,203,33,39,13,29,149,185,200,80,291,285,271,179,28,30,38,56,170,226,241,118,341,337,346,247,59,91,45.38,68.25,214.38,269.38,295.75,144.25,422.62,412.88,405.5,292.12,78.0,111.12
Concrete_0cm_S1,2026-04-02T16:35:04.113154,66,97,259,312,356,176,513,493,477,379,116,200,97,127,342,423,481,260,672,638,628,459,154,224,65,92,283,339,379,183,547,532,509,371,102,139,46,80,223,295,317,154,438,442,429,304,91,109,18,32,138,178,188,88,273,272,277,195,41,57,20,33,151,197,204,95,306,304,307,203,33,39,13,29,149,185,200,80,291,285,271,179,28,30,38,56,170,226,241,118,341,337,346,247,59,91,45.38,68.25,214.38,269.38,295.75,144.25,422.62,412.88,405.5,292.12,78.0,111.12
Concrete_0cm_S1,2026-04-02T16:35:04.208350,66,97,259,312,356,176,513,493,477,379,116,200,97,127,342,423,481,260,672,638,628,459,154,224,65,92,283,339,379,183,547,532,509,371,102,139,46,80,223,295,317,154,438,442,429,304,91,109,18,32,138,178,188,88,273,272,277,195,41,57,20,33,151,197,204,95,306,304,307,203,33,39,13,29,149,185,200,80,291,285,271,179,28,30,38,56,170,226,241,118,341,337,346,247,59,91,45.38,68.25,214.38,269.38,295.75,144.25,422.62,412.88,405.5,292.12,78.0,111.12
Concrete_0cm_S1,2026-04-02T16:35:04.308370,66,97,257,310,354,175,510,490,476,376,115,198,97,127,341,423,480,260,672,637,629,458,153,224,65,92,283,339,379,183,547,532,509,371,102,139,46,80,223,295,317,154,438,442,429,304,91,109,18,32,138,178,188,88,274,272,277,195,41,57,20,33,151,197,204,95,307,303,307,203,34,38,13,28,150,185,200,80,291,284,271,179,28,30,38,56,170,226,240,118,342,337,346,248,59,91,45.38,68.12,214.12,269.12,295.25,144.12,422.62,412.12,405.5,291.75,77.88,110.75
Concrete_0cm_S1,2026-04-02T16:35:04.408683,66,97,257,310,354,175,510,490,476,376,115,198,97,127,341,423,480,260,672,637,629,458,153,224,65,92,283,338,378,182,547,531,509,371,102,139,46,80,223,296,317,154,437,442,429,304,91,109,18,32,138,178,188,88,273,272,277,195,41,57,20,33,151,197,204,95,306,303,306,203,34,38,13,29,150,185,200,80,291,285,271,179,28,30,38,56,170,226,240,118,341,337,346,248,59,91,45.38,68.25,214.12,269.12,295.12,144.0,422.12,412.12,405.38,291.75,77.88,110.75
Concrete_0cm_S1,2026-04-02T16:35:04.509725,65,97,257,310,354,175,511,490,476,376,115,198,96,127,342,422,480,260,672,637,628,458,153,223,65,92,283,338,378,182,547,531,509,371,102,139,46,80,223,296,317,154,437,442,429,304,91,109,18,32,138,178,188,88,273,272,277,195,41,57,20,33,151,197,204,95,306,303,306,203,34,38,13,29,150,185,200,80,291,285,271,179,28,30,38,56,170,226,240,118,341,337,346,248,59,91,45.12,68.25,214.25,269.0,295.12,144.0,422.25,412.12,405.25,291.75,77.88,110.62
Concrete_0cm_S1,2026-04-02T16:35:04.605303,65,97,257,310,354,175,511,490,476,376,115,198,96,127,342,422,480,260,672,637,628,458,153,223,65,92,283,338,378,182,547,531,509,371,102,139,46,80,223,296,317,154,437,442,429,304,91,109,18,32,138,178,188,88,273,272,277,195,41,57,20,33,151,197,204,95,306,303,306,203,34,38,13,29,150,185,200,80,291,285,271,179,28,30,38,56,170,226,240,118,341,337,346,248,59,91,45.12,68.25,214.25,269.0,295.12,144.0,422.25,412.12,405.25,291.75,77.88,110.62
Concrete_0cm_S1,2026-04-02T16:35:04.711805,65,97,257,310,354,175,511,490,476,376,115,198,96,127,342,422,480,260,672,637,628,458,153,223,65,92,283,339,379,182,547,531,510,371,102,140,46,80,223,296,317,154,437,442,429,304,91,109,18,32,138,178,188,88,273,272,277,195,41,57,20,33,151,197,204,95,306,303,306,203,34,38,13,29,150,185,200,80,291,285,271,179,28,30,38,56,170,226,240,118,341,337,346,248,59,91,45.12,68.25,214.25,269.12,295.25,144.0,422.25,412.12,405.38,291.75,77.88,110.75
Concrete_0cm_S1,2026-04-02T16:35:04.797343,65,97,257,310,354,175,511,490,476,376,115,198,96,127,342,422,480,260,672,637,628,458,153,223,65,92,283,339,379,182,547,531,510,371,102,140,46,80,223,296,317,154,437,442,429,304,91,109,18,32,138,178,188,88,273,272,277,195,41,57,20,33,151,197,204,95,306,303,306,203,34,38,13,29,150,185,200,80,291,285,271,179,28,30,38,56,170,226,240,118,341,337,346,248,59,91,45.12,68.25,214.25,269.12,295.25,144.0,422.25,412.12,405.38,291.75,77.88,110.75
Concrete_0cm_S1,2026-04-02T16:35:04.906027,65,96,257,309,353,174,510,489,475,375,114,197,96,127,341,422,480,260,671,636,627,458,153,223,65,92,283,338,379,182,547,531,509,370,101,139,46,80,223,295,317,154,438,443,428,304,91,109,18,32,138,178,188,88,273,273,277,195,41,57,20,33,151,197,204,95,306,304,307,203,33,38,13,28,150,185,200,80,291,284,271,179,28,30,38,56,170,226,240,118,342,337,347,247,59,91,45.12,68.0,214.12,268.75,295.12,143.88,422.25,412.12,405.12,291.38,77.5,110.5
Concrete_0cm_S1,2026-04-02T16:35:05.014340,65,96,256,309,353,174,510,490,475,375,114,196,96,127,341,422,480,260,671,636,627,458,153,223,65,92,283,338,379,182,547,531,509,370,101,139,46,80,223,295,317,154,438,443,428,304,91,109,18,32,138,178,188,88,273,273,277,195,41,57,20,33,151,197,204,95,306,304,307,203,33,38,13,28,150,185,200,80,291,284,271,179,28,30,38,56,170,226,240,118,342,337,347,247,59,91,45.12,68.0,214.0,268.75,295.12,143.88,422.25,412.25,405.12,291.38,77.5,110.38
Concrete_0cm_S1,2026-04-02T16:35:05.115217,65,96,256,309,353,174,510,490,475,375,114,196,96,127,341,422,481,260,671,637,627,458,153,223,65,92,283,338,378,182,547,531,509,370,102,139,46,80,223,295,317,154,438,443,428,304,91,109,18,32,138,178,188,88,273,273,277,195,41,57,20,33,151,197,204,95,306,304,307,203,33,38,13,28,150,185,200,80,291,284,271,179,28,30,38,56,170,226,240,118,342,337,347,247,59,91,45.12,68.0,214.0,268.75,295.12,143.88,422.25,412.38,405.12,291.38,77.62,110.38
Concrete_0cm_S1,2026-04-02T16:35:05.209746,65,96,256,309,353,174,510,490,475,375,114,196,96,127,341,422,481,260,671,637,627,458,153,223,65,92,283,338,378,182,547,531,509,370,102,139,46,80,223,295,317,154,438,443,428,304,91,109,18,32,138,178,188,88,273,273,277,195,41,57,20,33,151,197,204,95,306,304,307,203,33,38,13,28,150,185,200,80,291,284,271,179,28,30,38,56,170,226,240,118,342,337,347,247,59,91,45.12,68.0,214.0,268.75,295.12,143.88,422.25,412.38,405.12,291.38,77.62,110.38
Concrete_0cm_S1,2026-04-02T16:35:05.306000,65,96,256,309,353,174,509,489,474,375,114,196,96,126,341,422,479,260,671,636,627,457,153,222,65,92,283,338,379,182,547,532,510,370,101,140,46,80,223,296,317,154,437,442,428,305,91,109,18,32,138,178,188,88,274,273,277,195,41,57,20,33,152,197,204,95,307,304,307,203,34,39,13,28,150,185,200,80,291,285,271,179,28,30,38,56,171,226,240,118,341,337,346,247,58,91,45.12,67.88,214.25,268.88,295.0,143.88,422.12,412.25,405.0,291.38,77.5,110.5
Concrete_0cm_S1,2026-04-02T16:35:05.411124,65,96,256,309,353,174,509,489,474,375,114,196,96,126,341,422,479,260,671,636,627,457,153,222,65,92,283,338,379,182,547,532,509,371,101,139,46,80,223,295,317,154,438,443,429,305,91,109,18,32,138,178,188,88,274,273,278,195,41,57,20,33,152,197,204,95,307,304,307,203,34,39,13,28,150,185,200,80,291,285,271,179,28,30,38,56,171,226,240,118,341,337,346,247,58,91,45.12,67.88,214.25,268.75,295.0,143.88,422.25,412.38,405.12,291.5,77.5,110.38
Concrete_0cm_S1,2026-04-02T16:35:05.512240,64,95,256,308,352,174,508,489,474,374,114,196,96,126,341,421,480,259,671,636,627,457,153,223,65,92,283,338,379,182,547,532,509,371,101,139,46,80,223,295,317,154,438,443,429,305,91,109,18,32,138,178,188,88,274,273,278,195,41,57,20,33,151,197,204,95,306,304,307,203,34,39,13,28,150,185,200,80,291,285,271,179,28,30,38,56,170,226,240,118,341,337,346,247,59,91,45.0,67.75,214.0,268.5,295.0,143.75,422.0,412.38,405.12,291.38,77.62,110.5
Concrete_0cm_S1,2026-04-02T16:35:05.621864,64,95,256,308,352,174,508,489,474,374,114,196,96,126,341,421,480,259,671,636,627,457,153,223,65,92,283,338,379,182,547,532,509,371,101,139,46,80,223,295,317,154,438,443,429,305,91,109,18,32,138,178,188,88,274,273,278,195,41,57,20,33,151,197,204,95,306,304,307,203,34,39,13,28,150,185,200,80,291,285,271,179,28,30,38,56,170,226,240,118,341,337,346,247,59,91,45.0,67.75,214.0,268.5,295.0,143.75,422.0,412.38,405.12,291.38,77.62,110.5
Concrete_0cm_S1,2026-04-02T16:35:05.719353,64,95,256,308,352,174,508,489,474,374,114,196,96,126,341,421,480,259,671,636,627,457,153,223,65,92,283,338,379,182,546,531,509,371,102,139,46,80,223,296,317,154,437,443,429,304,91,109,18,32,138,178,188,88,273,273,278,195,41,57,20,33,151,197,204,95,306,304,307,203,34,39,13,28,150,185,200,80,291,285,271,179,28,30,38,56,170,226,240,118,341,337,346,247,59,91,45.0,67.75,214.0,268.62,295.0,143.75,421.62,412.25,405.12,291.25,77.75,110.5
Concrete_0cm_S1,2026-04-02T16:35:05.814283,65,95,256,308,353,174,509,488,473,374,114,195,96,126,341,421,480,259,670,636,627,457,153,222,65,92,283,338,378,182,547,531,509,370,102,139,46,80,223,296,317,154,437,443,429,304,91,109,18,32,138,178,188,88,273,273,278,195,41,57,20,33,151,197,203,95,306,304,307,203,34,38,13,28,150,185,200,80,291,284,271,179,28,30,38,56,170,226,240,118,342,337,346,247,59,91,45.12,67.75,214.0,268.62,294.88,143.75,421.88,412.0,405.0,291.12,77.75,110.12
Concrete_0cm_S1,2026-04-02T16:35:05.925996,65,95,256,308,353,174,509,488,473,374,114,195,96,126,341,421,480,259,670,636,627,457,153,222,65,92,283,338,378,182,547,531,509,370,102,139,46,80,223,296,317,154,438,443,429,305,91,109,18,32,138,178,189,88,273,272,277,195,41,56,20,33,151,197,204,95,307,303,307,203,33,38,13,28,150,185,200,80,291,285,271,179,28,30,38,56,170,226,240,118,341,337,346,247,59,91,45.12,67.75,214.0,268.62,295.12,143.75,422.0,411.88,404.88,291.25,77.62,110.0
Concrete_0cm_S1,2026-04-02T16:35:06.036079,65,95,256,308,352,174,508,489,474,374,114,195,96,126,341,421,480,259,670,636,627,457,153,222,65,92,283,338,378,182,547,531,509,370,102,139,46,80,223,296,317,154,438,443,429,305,91,109,18,32,138,178,189,88,273,272,277,195,41,56,20,33,151,197,204,95,307,303,307,203,33,38,13,28,150,185,200,80,291,285,271,179,28,30,38,56,170,226,240,118,341,337,346,247,59,91,45.12,67.75,214.0,268.62,295.0,143.75,421.88,412.0,405.0,291.25,77.62,110.0
Concrete_0cm_S1,2026-04-02T16:35:06.136513,65,95,256,308,352,174,508,489,474,374,114,195,96,126,341,421,480,259,670,636,627,457,153,222,65,92,283,338,378,182,547,531,509,370,102,139,46,80,223,296,317,154,438,443,429,305,91,109,18,32,138,178,189,88,273,272,277,195,41,56,20,33,151,197,204,95,307,303,307,203,33,38,13,28,150,185,200,80,291,285,271,179,28,30,38,56,170,226,240,118,341,337,346,247,59,91,45.12,67.75,214.0,268.62,295.0,143.75,421.88,412.0,405.0,291.25,77.62,110.0
Concrete_0cm_S1,2026-04-02T16:35:06.232226,64,95,256,308,352,174,508,488,473,373,114,195,96,126,341,421,480,259,670,636,627,457,153,222,65,92,283,338,378,182,547,531,509,370,102,139,46,80,223,296,317,154,438,443,429,305,91,109,18,32,138,178,189,88,273,272,277,195,41,56,20,33,151,197,204,95,307,303,307,203,33,38,13,28,150,185,200,80,291,285,271,179,28,30,38,56,170,226,240,118,341,337,346,247,59,91,45.0,67.75,214.0,268.62,295.0,143.75,421.88,411.88,404.88,291.12,77.62,110.0
Concrete_0cm_S1,2026-04-02T16:35:06.335605,65,95,256,308,352,174,509,488,474,373,114,195,96,126,341,420,479,259,670,636,625,456,152,222,65,92,283,338,379,182,547,531,510,370,102,139,46,80,223,296,317,154,438,443,428,305,91,109,18,32,138,178,188,88,273,272,277,194,41,56,20,33,151,197,204,95,306,303,307,203,33,38,13,28,150,185,200,80,291,284,271,179,28,30,38,56,170,225,240,118,341,336,346,247,58,91,45.12,67.75,214.0,268.38,294.88,143.75,421.88,411.62,404.75,290.88,77.38,110.0
Concrete_0cm_S1,2026-04-02T16:35:06.450183,64,95,256,308,352,173,508,488,473,373,114,195,96,126,341,420,479,259,670,636,625,456,152,222,65,92,283,338,379,182,547,531,510,370,102,139,46,80,223,296,317,154,438,443,428,305,91,109,18,32,138,178,188,88,273,272,277,195,41,56,20,33,151,197,204,95,306,303,307,204,34,38,13,29,150,185,200,80,291,284,271,179,28,30,38,56,170,226,240,118,341,337,346,247,59,91,45.0,67.88,214.0,268.5,294.88,143.62,421.75,411.75,404.62,291.12,77.62,110.0
Concrete_0cm_S1,2026-04-02T16:35:06.552057,64,95,256,308,352,173,508,488,473,373,114,195,96,126,341,421,479,259,670,635,626,457,153,222,65,92,283,338,378,182,547,531,509,370,101,139,46,80,223,295,317,154,437,443,429,304,90,109,18,32,138,178,188,88,273,272,277,195,41,56,20,33,151,197,204,95,306,303,307,204,34,38,13,29,150,185,200,80,291,284,271,179,28,30,38,56,170,226,240,118,341,337,346,247,59,91,45.0,67.88,214.0,268.5,294.75,143.62,421.62,411.62,404.75,291.12,77.5,110.0
Concrete_0cm_S1,2026-04-02T16:35:06.656238,64,95,256,308,352,173,508,488,473,373,114,195,96,126,341,421,479,259,670,635,626,457,153,222,65,92,283,338,378,182,547,531,509,370,101,139,46,80,223,295,317,154,437,443,429,304,90,109,17,32,138,178,189,88,273,273,278,195,41,57,20,33,151,197,204,95,306,303,307,203,33,39,13,28,150,185,200,80,291,285,271,179,28,30,38,56,170,226,240,118,341,336,346,247,59,91,44.88,67.75,214.0,268.5,294.88,143.62,421.62,411.75,404.88,291.0,77.38,110.25
Concrete_0cm_S1,2026-04-02T16:35:06.754021,65,95,256,308,352,174,508,488,473,374,113,195,96,126,341,421,479,259,670,635,626,456,152,221,65,92,283,338,379,182,548,532,509,371,101,139,46,80,223,296,317,154,438,443,428,305,91,109,18,32,138,178,189,88,273,273,277,195,41,57,20,33,151,197,203,95,306,303,307,204,33,39,13,29,150,185,200,80,291,284,271,179,28,30,38,56,170,226,240,118,341,336,346,247,59,91,45.12,67.88,214.0,268.62,294.88,143.75,421.88,411.75,404.62,291.38,77.25,110.12
Concrete_0cm_S1,2026-04-02T16:35:06.857478,65,95,256,308,352,174,508,488,473,373,113,195,96,126,341,421,479,259,670,635,626,456,152,222,65,92,282,338,378,182,547,531,509,370,102,139,46,80,223,295,317,154,438,443,428,304,91,109,18,32,138,178,188,88,274,273,278,195,41,57,20,33,151,197,204,95,307,304,307,203,34,39,13,29,150,185,200,80,291,284,271,179,28,30,38,56,170,226,240,118,341,336,346,247,59,91,45.12,67.88,213.88,268.5,294.75,143.75,422.0,411.75,404.75,290.88,77.5,110.25
Concrete_0cm_S1,2026-04-02T16:35:06.957751,64,95,256,308,352,173,508,489,473,374,114,195,96,126,341,421,478,259,669,634,626,456,152,221,65,92,282,338,378,182,547,531,509,370,102,139,46,80,223,295,317,154,438,443,428,304,91,109,18,32,138,178,188,88,274,273,278,195,41,57,20,33,151,197,204,95,307,304,307,203,34,39,13,28,151,186,200,80,291,284,271,179,28,30,38,56,170,226,240,118,342,337,346,247,59,91,45.0,67.75,214.0,268.62,294.62,143.62,422.0,411.88,404.75,291.0,77.62,110.12
Concrete_0cm_S1,2026-04-02T16:35:07.052499,64,95,256,308,352,173,508,489,473,374,114,195,96,126,341,421,478,259,669,634,626,456,152,221,65,92,283,338,379,182,546,531,509,370,101,139,46,80,223,295,317,154,438,442,428,304,91,109,18,32,139,178,189,88,274,273,278,195,41,57,20,33,151,197,204,95,306,304,307,203,34,39,13,28,151,185,201,80,291,285,271,179,28,30,38,56,170,226,240,118,342,337,346,247,59,91,45.0,67.75,214.25,268.5,295.0,143.62,421.75,411.88,404.75,291.0,77.5,110.12
Concrete_0cm_S1,2026-04-02T16:35:07.148190,64,95,256,308,352,173,508,489,473,374,114,195,96,126,341,421,478,259,669,634,626,456,152,221,65,92,283,338,379,182,546,531,509,370,101,139,46,80,223,295,317,154,438,442,428,304,91,109,18,32,139,178,189,88,274,273,278,195,41,57,20,33,151,197,204,95,306,304,307,203,34,39,13,28,151,185,201,80,291,285,271,179,28,30,38,56,170,226,240,118,342,337,346,247,59,91,45.0,67.75,214.25,268.5,295.0,143.62,421.75,411.88,404.75,291.0,77.5,110.12
Concrete_0cm_S1,2026-04-02T16:35:07.244040,64,95,256,308,352,173,508,489,473,374,114,195,96,126,341,421,479,259,670,635,626,456,152,221,65,92,283,338,378,182,547,531,509,371,102,139,46,80,223,295,317,154,438,442,428,304,91,109,18,32,139,178,189,88,274,273,278,195,41,57,20,33,151,197,204,95,306,304,307,203,34,39,13,28,151,185,201,80,291,285,271,179,28,30,38,56,170,226,240,118,342,337,346,247,59,91,45.0,67.75,214.25,268.5,295.0,143.62,422.0,412.0,404.75,291.12,77.62,110.12
Concrete_0cm_S1,2026-04-02T16:35:07.349251,65,94,256,307,352,173,508,488,473,373,113,195,96,126,340,421,479,259,670,635,626,456,152,221,64,92,283,338,378,182,547,531,509,370,101,139,46,80,223,296,317,154,438,442,429,304,91,109,18,32,138,178,188,88,274,273,277,195,41,57,20,33,152,197,204,95,307,303,307,203,34,39,13,28,150,185,200,80,291,284,271,179,28,30,37,56,170,226,240,118,341,337,346,247,59,91,44.88,67.62,214.0,268.5,294.75,143.62,422.0,411.62,404.75,290.88,77.38,110.12
Concrete_0cm_S1,2026-04-02T16:35:07.451732,65,95,256,308,352,173,508,488,473,373,113,195,96,126,340,421,478,259,670,635,625,456,152,221,64,92,283,338,378,182,547,531,509,370,101,139,46,80,223,296,317,154,438,442,429,304,91,109,18,32,138,178,188,88,274,273,277,195,41,57,20,33,151,197,204,95,307,304,307,203,34,39,13,28,151,185,201,80,291,285,271,179,28,30,38,56,170,226,240,118,342,336,346,247,59,91,45.0,67.75,214.0,268.62,294.75,143.62,422.12,411.75,404.62,290.88,77.38,110.12
Concrete_0cm_S1,2026-04-02T16:35:07.545239,65,95,256,308,352,173,508,488,473,373,113,195,96,126,340,421,478,259,670,635,625,456,152,221,65,92,282,338,378,182,547,531,508,370,101,139,46,80,223,296,317,154,438,442,429,305,91,109,18,32,139,178,189,89,274,273,278,195,41,57,20,33,151,197,204,95,307,304,307,203,34,39,13,28,151,185,201,80,291,284,271,179,28,30,38,56,170,226,240,118,341,336,346,247,58,91,45.12,67.75,214.0,268.62,294.88,143.75,422.0,411.62,404.62,291.0,77.25,110.12
Concrete_0cm_S1,2026-04-02T16:35:07.659065,65,95,256,308,352,173,508,488,473,373,113,195,96,126,340,421,478,259,670,635,625,456,152,221,65,92,282,338,378,182,547,531,508,370,101,139,46,80,223,296,317,154,438,442,429,305,91,109,18,32,139,178,189,89,274,273,278,195,41,57,20,33,151,197,204,95,307,304,307,203,34,39,13,28,151,185,201,80,291,284,271,179,28,30,38,56,170,226,240,118,341,336,346,247,58,91,45.12,67.75,214.0,268.62,294.88,143.75,422.0,411.62,404.62,291.0,77.25,110.12
Concrete_0cm_S1,2026-04-02T16:35:07.757456,64,95,255,308,352,173,508,488,473,373,113,195,96,125,341,421,478,259,670,635,624,456,152,221,65,92,283,338,378,182,546,531,508,370,101,139,46,80,223,296,317,154,437,442,428,304,91,109,18,32,139,178,189,88,274,273,278,195,41,57,20,33,152,197,204,95,306,304,307,203,33,38,13,28,151,186,200,80,291,285,271,179,28,30,38,56,170,226,240,118,341,337,346,247,59,91,45.0,67.62,214.25,268.75,294.75,143.62,421.62,411.88,404.38,290.88,77.25,110.0
Concrete_0cm_S1,2026-04-02T16:35:07.876933,64,95,255,308,352,173,508,488,473,373,113,195,96,125,341,421,478,259,670,635,624,456,152,221,65,92,283,338,378,182,546,531,508,370,101,139,46,80,223,296,317,154,437,442,428,304,91,109,18,32,139,178,189,88,274,273,278,195,41,57,20,33,152,197,204,95,306,304,307,203,33,38,13,28,151,186,200,80,291,285,271,179,28,30,38,56,170,226,240,118,341,337,346,247,59,91,45.0,67.62,214.25,268.75,294.75,143.62,421.62,411.88,404.38,290.88,77.25,110.0
Concrete_0cm_S1,2026-04-02T16:35:07.986176,64,95,255,307,351,173,508,487,472,373,113,194,95,126,341,421,478,259,670,635,625,456,152,221,64,92,283,338,378,182,546,531,508,369,101,139,46,80,223,295,317,154,438,442,429,304,91,109,18,32,139,178,189,88,274,273,278,195,41,57,20,33,152,197,204,95,306,304,307,203,33,38,13,28,151,185,200,80,291,284,271,179,28,30,38,56,170,226,241,118,341,336,346,247,59,91,44.75,67.75,214.25,268.38,294.75,143.62,421.75,411.5,404.5,290.75,77.25,109.88
Concrete_0cm_S1,2026-04-02T16:35:08.088076,64,95,255,307,351,173,508,487,472,373,113,194,95,126,341,421,478,259,670,635,625,456,152,221,64,92,283,338,378,182,546,531,508,369,101,139,46,79,223,295,317,154,438,442,429,304,90,109,18,32,138,178,188,88,274,273,278,195,41,57,20,33,152,197,204,95,307,304,307,203,33,38,13,29,150,185,200,80,291,285,271,179,28,30,38,56,170,226,241,118,341,336,346,247,59,91,44.75,67.75,214.0,268.38,294.62,143.62,421.88,411.62,404.5,290.75,77.12,109.88
Concrete_0cm_S1,2026-04-02T16:35:08.198030,64,95,256,307,351,173,507,487,472,372,113,194,95,126,340,421,479,259,669,635,626,455,152,221,64,92,283,338,378,182,546,531,508,369,101,139,46,79,223,295,317,154,438,442,429,304,90,109,18,32,138,178,188,88,274,273,278,195,41,57,20,33,152,197,204,95,307,304,307,203,33,38,13,29,150,185,200,80,291,285,271,179,28,30,37,56,170,226,241,118,341,337,346,247,58,91,44.62,67.75,214.0,268.38,294.75,143.62,421.62,411.75,404.62,290.5,77.0,109.88
Concrete_0cm_S1,2026-04-02T16:35:08.304574,64,95,256,307,351,173,507,487,472,372,113,194,95,126,340,421,479,259,669,635,626,455,152,221,64,92,283,338,378,182,546,531,508,369,101,139,46,79,223,295,317,154,438,442,429,304,90,109,18,32,138,178,188,88,274,273,278,195,41,57,20,33,152,197,204,95,307,304,307,203,33,38,13,29,150,185,200,80,291,285,271,179,28,30,37,56,170,226,241,118,341,337,346,247,58,91,44.62,67.75,214.0,268.38,294.75,143.62,421.62,411.75,404.62,290.5,77.0,109.88
Concrete_0cm_S1,2026-04-02T16:35:08.407970,64,95,255,307,351,173,508,488,472,373,113,195,96,126,341,421,478,259,670,635,625,455,152,221,64,92,283,338,378,182,546,530,508,369,101,138,46,80,223,296,317,154,437,443,428,304,91,108,17,32,139,178,188,88,274,273,277,195,41,56,20,33,152,197,204,95,306,304,307,204,33,39,13,29,150,185,201,80,291,284,271,179,28,30,38,56,170,226,241,118,341,337,346,247,58,91,44.75,67.88,214.12,268.5,294.75,143.62,421.62,411.75,404.25,290.75,77.12,109.75
Concrete_0cm_S1,2026-04-02T16:35:08.511087,64,95,255,307,351,173,508,488,472,373,113,195,96,126,341,421,478,259,670,635,625,455,152,221,64,92,283,338,378,182,546,530,508,369,101,138,46,80,223,296,317,154,437,443,428,304,91,108,17,32,139,178,188,88,274,273,277,195,41,56,20,33,152,197,204,95,306,304,307,204,33,39,13,29,150,185,201,80,291,284,271,179,28,30,38,56,170,226,241,118,341,337,346,247,58,91,44.75,67.88,214.12,268.5,294.75,143.62,421.62,411.75,404.25,290.75,77.12,109.75
Concrete_0cm_S1,2026-04-02T16:35:08.607187,64,95,255,307,351,173,507,487,472,373,113,194,95,126,340,421,478,258,669,635,625,456,152,221,65,92,283,337,378,182,546,531,508,369,101,139,46,80,223,295,317,154,438,443,428,304,90,109,18,32,138,178,189,88,274,273,277,195,41,57,20,33,151,197,204,95,306,304,307,203,33,38,13,28,151,185,201,80,291,285,271,179,28,30,37,56,170,226,240,118,341,336,346,247,58,90,44.75,67.75,213.88,268.25,294.75,143.5,421.5,411.75,404.25,290.75,77.0,109.75
Concrete_0cm_S1,2026-04-02T16:35:08.717806,64,95,255,307,351,173,507,487,472,373,113,194,95,126,340,421,478,258,669,635,625,456,152,221,65,92,283,337,378,182,546,531,508,369,101,139,46,80,223,295,317,154,438,443,428,304,90,109,18,32,138,178,189,88,274,273,277,195,41,57,20,33,151,197,204,95,306,304,307,203,33,38,13,28,151,185,201,80,291,285,271,179,28,30,37,56,170,226,240,118,341,336,346,247,58,90,44.75,67.75,213.88,268.25,294.75,143.5,421.5,411.75,404.25,290.75,77.0,109.75
Concrete_0cm_S1,2026-04-02T16:35:08.814993,64,95,255,307,352,173,508,487,472,373,113,194,95,125,339,420,478,258,669,634,624,455,152,221,65,92,283,337,378,182,546,531,508,369,101,139,46,80,223,295,317,154,438,443,428,304,90,109,18,32,138,178,189,88,274,273,277,195,41,57,20,33,151,197,204,95,306,304,307,203,33,38,13,28,151,185,201,80,291,285,271,179,28,30,38,56,170,226,240,118,341,337,346,247,58,91,44.88,67.62,213.75,268.12,294.88,143.5,421.62,411.75,404.12,290.62,77.0,109.88
Concrete_0cm_S1,2026-04-02T16:35:08.908111,64,95,255,307,352,173,508,487,472,373,113,194,95,125,339,420,478,258,669,634,624,455,152,221,65,92,283,337,378,182,546,531,508,369,101,139,46,80,223,295,317,154,438,443,428,304,90,109,18,32,138,178,189,88,274,273,277,195,41,57,20,33,151,197,204,95,306,304,307,203,33,38,13,28,151,185,201,80,291,285,271,179,28,30,38,56,170,226,240,118,341,337,346,247,58,91,44.88,67.62,213.75,268.12,294.88,143.5,421.62,411.75,404.12,290.62,77.0,109.88
Concrete_0cm_S1,2026-04-02T16:35:09.014099,64,95,255,307,351,173,507,487,472,373,113,194,95,125,340,420,478,258,669,634,625,455,152,220,64,92,282,338,378,182,546,530,508,370,101,138,46,80,223,295,317,154,438,442,429,304,91,109,18,32,139,178,189,88,274,273,278,195,41,57,20,33,152,197,204,95,306,304,307,203,33,38,13,29,150,186,201,80,291,284,271,179,28,30,38,56,170,226,241,118,341,337,346,247,58,90,44.75,67.75,213.88,268.38,294.88,143.5,421.5,411.38,404.5,290.75,77.12,109.5
Concrete_0cm_S1,2026-04-02T16:35:09.124564,64,95,255,307,351,173,507,487,472,373,113,194,95,125,340,420,478,258,669,634,625,455,152,220,64,92,282,338,378,182,546,530,508,370,101,138,46,80,223,295,317,154,438,442,429,304,91,109,18,32,139,178,189,88,274,273,278,195,41,57,20,33,152,197,204,95,306,304,307,203,33,38,13,29,150,186,201,80,291,284,271,179,28,30,38,56,170,226,241,118,341,337,346,247,58,90,44.75,67.75,213.88,268.38,294.88,143.5,421.5,411.38,404.5,290.75,77.12,109.5
Concrete_0cm_S1,2026-04-02T16:35:09.211205,64,95,255,307,351,173,507,487,472,373,113,194,95,125,340,420,478,258,669,634,625,455,152,220,64,92,283,337,378,182,546,531,508,370,101,138,46,80,223,296,316,154,438,442,429,304,90,109,18,32,139,178,189,88,274,273,278,195,41,56,20,33,152,197,204,95,306,304,307,203,33,38,13,29,150,186,201,80,291,284,271,179,28,30,38,56,170,226,241,118,341,337,346,247,58,90,44.75,67.75,214.0,268.38,294.75,143.5,421.5,411.5,404.5,290.75,77.0,109.38
Concrete_0cm_S1,2026-04-02T16:35:09.336224,64,94,255,307,350,173,507,486,472,372,113,194,96,125,341,421,478,258,670,634,625,455,152,221,64,92,282,338,378,181,546,530,508,370,101,138,46,80,222,296,317,154,438,442,428,304,90,109,18,32,138,178,189,88,274,273,278,195,41,56,20,33,152,197,204,95,306,304,307,203,33,38,13,28,150,185,200,80,291,284,271,179,28,30,38,56,170,226,240,118,341,336,346,247,58,91,44.88,67.5,213.75,268.5,294.5,143.38,421.62,411.12,404.38,290.62,77.0,109.62
Concrete_0cm_S1,2026-04-02T16:35:09.448895,64,94,255,307,350,173,507,486,472,372,113,194,96,125,341,421,478,258,670,634,625,455,152,221,64,92,282,338,378,181,546,530,508,370,101,138,46,80,222,296,317,154,438,442,428,304,90,109,17,32,138,178,189,88,273,273,277,195,41,57,20,33,151,197,204,95,306,304,307,203,34,38,13,28,150,185,200,80,291,284,271,179,28,30,38,56,170,226,240,118,341,336,346,247,58,91,44.75,67.5,213.62,268.5,294.5,143.38,421.5,411.12,404.25,290.62,77.12,109.75
Concrete_0cm_S1,2026-04-02T16:35:09.545100,64,94,255,307,350,173,507,486,472,372,113,194,96,125,341,421,478,258,670,634,625,455,152,221,64,92,282,338,378,181,546,530,508,370,101,138,46,80,222,296,317,154,438,442,428,304,90,109,17,32,138,178,189,88,273,273,277,195,41,57,20,33,151,197,204,95,306,304,307,203,34,38,13,28,150,185,200,80,291,284,271,179,28,30,38,56,170,226,240,118,341,336,346,247,58,91,44.75,67.5,213.62,268.5,294.5,143.38,421.5,411.12,404.25,290.62,77.12,109.75
Concrete_0cm_S1,2026-04-02T16:35:09.639970,64,95,255,306,351,173,507,486,471,372,113,193,96,125,341,421,478,258,670,634,625,455,152,221,64,92,282,338,378,181,546,530,508,370,101,138,46,80,222,296,317,154,438,442,428,304,90,109,17,32,138,178,189,88,273,273,277,195,41,57,20,33,151,197,204,95,306,304,307,203,34,38,13,28,150,184,200,80,291,284,271,179,28,30,38,56,170,226,241,118,341,336,346,247,58,90,44.75,67.62,213.62,268.25,294.75,143.38,421.5,411.12,404.12,290.62,77.12,109.5
Concrete_0cm_S1,2026-04-02T16:35:09.736098,64,95,255,306,351,173,507,486,471,372,113,193,96,125,341,421,478,258,670,634,625,455,152,221,64,92,282,338,378,181,546,530,508,370,101,138,46,80,222,296,317,154,438,442,428,304,90,109,17,32,138,178,189,88,273,273,277,195,41,57,20,33,151,197,204,95,306,304,307,203,34,38,13,28,150,184,200,80,291,284,271,179,28,30,38,56,170,226,241,118,341,336,346,247,58,90,44.75,67.62,213.62,268.25,294.75,143.38,421.5,411.12,404.12,290.62,77.12,109.5
Concrete_0cm_S1,2026-04-02T16:35:09.815173,64,94,255,307,351,172,506,486,472,371,113,194,95,126,341,420,478,259,668,634,625,455,152,220,64,92,283,338,378,182,546,531,508,369,101,138,46,80,223,296,317,154,437,442,429,305,91,109,17,32,138,178,189,88,273,273,277,195,41,57,20,33,151,197,204,95,306,304,307,203,34,38,13,28,150,184,200,80,291,284,271,179,28,30,38,56,170,226,241,118,341,336,346,247,58,90,44.62,67.62,213.88,268.25,294.75,143.5,421.0,411.25,404.38,290.5,77.25,109.5
Concrete_0cm_S1,2026-04-02T16:35:09.930818,64,94,255,307,351,172,506,486,472,371,113,194,95,126,341,420,478,259,668,634,625,455,152,220,64,92,283,338,378,182,546,531,508,369,101,138,46,80,223,296,317,154,437,442,429,305,91,109,17,32,138,178,189,88,273,273,277,195,41,57,20,33,151,197,204,95,306,304,307,203,34,38,13,28,150,184,200,80,291,284,271,179,28,30,38,56,170,226,241,118,341,336,346,247,58,90,44.62,67.62,213.88,268.25,294.75,143.5,421.0,411.25,404.38,290.5,77.25,109.5
Concrete_0cm_S1,2026-04-02T16:35:10.022277,64,94,254,306,350,172,506,486,471,371,113,193,95,126,341,420,478,259,668,634,625,455,152,220,64,92,283,338,378,182,546,531,508,369,101,138,46,80,223,296,317,154,437,442,429,305,91,109,17,32,138,178,189,88,273,273,277,195,41,57,20,33,151,197,204,95,306,304,307,203,34,38,13,28,150,184,200,80,291,284,271,179,28,30,38,56,170,226,241,118,341,336,346,247,58,90,44.62,67.62,213.75,268.12,294.62,143.5,421.0,411.25,404.25,290.5,77.25,109.38
Concrete_0cm_S1,2026-04-02T16:35:10.119606,64,94,254,306,350,172,506,486,471,371,113,193,95,126,341,420,478,259,668,634,625,455,152,220,64,92,283,338,378,182,546,531,508,369,101,138,46,80,223,296,317,154,437,442,429,305,91,109,17,32,138,178,189,88,273,273,277,195,41,57,20,33,151,197,204,95,306,304,307,203,34,38,13,28,150,184,200,80,291,284,271,179,28,30,38,56,170,226,241,118,341,336,346,247,58,90,44.62,67.62,213.75,268.12,294.62,143.5,421.0,411.25,404.25,290.5,77.25,109.38
Concrete_0cm_S1,2026-04-02T16:35:10.211787,64,94,254,306,350,172,506,486,471,371,113,193,95,125,340,420,478,258,669,634,624,455,152,220,64,92,283,337,378,182,545,530,509,370,101,138,46,80,223,296,317,154,437,443,429,304,90,109,18,32,139,178,189,88,274,274,278,196,42,57,20,33,151,197,204,95,307,304,307,204,34,39,13,29,151,185,201,80,291,285,271,179,28,30,38,56,170,226,240,118,341,337,346,247,58,90,44.75,67.62,213.88,268.12,294.62,143.38,421.25,411.62,404.38,290.75,77.25,109.5
Concrete_0cm_S1,2026-04-02T16:35:10.306685,64,94,254,306,350,172,506,485,471,371,113,193,95,125,340,420,478,258,669,634,624,455,152,220,64,92,283,337,378,182,545,530,509,370,101,138,46,80,223,295,317,154,438,442,429,305,91,109,18,32,139,178,189,88,274,273,278,196,42,57,20,33,151,197,204,95,307,304,307,204,33,39,13,28,150,185,201,80,291,284,271,179,28,30,37,56,170,226,240,118,341,336,346,247,58,90,44.62,67.5,213.75,268.0,294.62,143.38,421.38,411.0,404.38,290.88,77.25,109.5
Concrete_0cm_S1,2026-04-02T16:35:10.419027,64,94,254,306,350,172,506,485,471,371,113,193,95,125,340,420,478,258,669,634,624,455,152,220,64,92,283,338,378,182,547,531,509,370,101,138,46,80,223,296,317,154,438,442,429,305,91,109,18,32,139,178,189,89,274,274,278,196,41,58,20,33,152,197,204,95,307,304,307,204,34,39,13,28,150,185,201,80,291,284,271,179,28,30,37,56,170,226,240,118,341,336,346,247,58,90,44.62,67.5,213.88,268.25,294.62,143.5,421.62,411.25,404.38,290.88,77.25,109.62
Concrete_0cm_S1,2026-04-02T16:35:10.516494,64,94,254,306,350,172,506,485,471,371,113,193,95,125,340,420,478,258,669,634,624,455,152,220,64,92,283,338,378,182,547,531,509,370,101,138,46,80,223,296,317,154,438,442,429,305,91,109,18,32,139,178,189,89,274,274,278,196,41,58,20,33,152,197,204,95,307,304,307,204,34,39,13,28,150,185,201,80,291,284,271,179,28,30,37,56,170,226,240,118,341,336,346,247,58,90,44.62,67.5,213.88,268.25,294.62,143.5,421.62,411.25,404.38,290.88,77.25,109.62
Concrete_0cm_S1,2026-04-02T16:35:10.609144,64,94,254,306,350,172,506,486,471,371,112,193,95,125,340,420,478,258,669,634,624,455,152,220,64,92,283,338,378,182,547,531,509,370,101,138,46,80,223,296,317,154,438,442,429,305,91,109,18,32,139,178,189,89,274,274,278,196,41,58,20,33,152,197,204,95,307,304,307,204,34,39,13,28,150,185,201,80,291,284,271,179,28,30,37,56,170,226,240,118,341,336,346,247,58,90,44.62,67.5,213.88,268.25,294.62,143.5,421.62,411.38,404.38,290.88,77.12,109.62
Concrete_0cm_S1,2026-04-02T16:35:10.704016,64,94,254,306,350,172,506,486,471,371,112,193,95,125,340,420,478,258,669,634,624,455,152,220,64,92,283,338,378,182,547,531,509,370,101,138,46,80,223,296,317,154,438,442,429,305,91,109,18,32,139,178,189,89,274,274,278,196,41,58,20,33,152,197,204,95,307,304,307,204,34,39,13,28,150,185,201,80,291,284,271,179,28,30,37,56,170,226,240,118,341,336,346,247,58,90,44.62,67.5,213.88,268.25,294.62,143.5,421.62,411.38,404.38,290.88,77.12,109.62
Concrete_0cm_S1,2026-04-02T16:35:10.809781,64,94,254,306,350,172,506,485,471,371,112,193,95,125,340,419,477,258,668,634,624,455,151,220,64,92,283,338,378,182,546,531,509,370,101,139,46,80,223,296,317,154,438,443,429,304,91,109,18,32,139,178,189,89,274,273,278,196,41,58,20,33,152,197,204,95,307,304,307,204,34,39,13,28,150,186,201,80,291,284,271,178,28,30,37,56,170,226,240,118,341,336,346,247,58,90,44.62,67.5,213.88,268.25,294.5,143.5,421.38,411.25,404.38,290.62,77.0,109.75
Concrete_0cm_S1,2026-04-02T16:35:10.910830,64,94,254,306,350,172,506,485,471,371,112,193,95,125,340,419,477,258,668,634,624,455,151,220,64,92,283,338,378,182,546,530,508,369,101,138,46,80,223,296,317,154,438,443,429,305,91,109,18,32,139,178,189,89,275,274,278,196,42,57,20,33,152,197,204,95,307,304,307,204,34,39,13,28,150,186,201,80,291,284,271,178,28,30,37,56,170,226,240,118,341,336,346,247,58,90,44.62,67.5,213.88,268.25,294.5,143.5,421.5,411.25,404.25,290.62,77.12,109.5
Concrete_0cm_S1,2026-04-02T16:35:11.021517,64,94,254,306,350,172,506,485,471,371,112,193,95,125,340,419,477,258,668,634,624,455,151,220,64,92,283,338,378,182,546,530,508,369,101,138,46,80,223,296,317,154,438,443,429,305,91,109,18,32,139,178,189,89,275,274,278,196,42,57,20,33,152,197,204,95,307,304,307,204,34,39,13,28,150,186,201,80,291,284,271,179,28,30,37,56,170,226,240,118,341,336,346,247,58,90,44.62,67.5,213.88,268.25,294.5,143.5,421.5,411.25,404.25,290.75,77.12,109.5
Concrete_0cm_S1,2026-04-02T16:35:11.100860,64,94,254,306,350,172,506,485,471,371,112,193,95,125,340,419,477,258,668,634,624,455,151,220,64,92,283,338,378,182,546,530,508,369,101,138,46,80,223,296,317,154,438,443,429,305,91,109,18,32,139,178,189,89,275,274,278,196,42,57,20,33,152,197,204,95,307,304,307,204,34,39,13,28,150,186,201,80,291,284,271,179,28,30,37,56,170,226,240,118,341,336,346,247,58,90,44.62,67.5,213.88,268.25,294.5,143.5,421.5,411.25,404.25,290.75,77.12,109.5
Concrete_0cm_S1,2026-04-02T16:35:11.186058,64,94,254,306,350,172,506,485,471,371,112,193,95,125,340,419,477,258,668,634,624,455,151,220,64,92,283,338,378,182,546,530,508,369,101,138,46,80,223,296,317,154,438,443,429,305,91,109,18,32,139,178,189,89,275,274,278,196,42,57,20,33,152,197,204,95,307,304,307,204,34,39,13,28,150,186,201,80,291,284,271,179,28,30,37,56,170,226,240,118,341,336,346,247,58,90,44.62,67.5,213.88,268.25,294.5,143.5,421.5,411.25,404.25,290.75,77.12,109.5
Concrete_0cm_S1,2026-04-02T16:35:11.258872,64,94,254,306,350,172,505,485,470,371,112,193,95,125,340,420,478,258,669,634,624,455,152,220,64,92,282,337,378,181,546,530,508,369,101,138,46,80,223,296,317,154,437,442,429,305,91,109,18,32,139,178,189,89,274,274,278,196,42,57,20,33,152,197,204,95,307,304,307,204,34,39,13,29,150,186,200,80,291,284,271,179,28,30,38,56,170,225,240,118,341,336,346,246,58,90,44.75,67.62,213.75,268.12,294.5,143.38,421.25,411.12,404.12,290.62,77.25,109.5
Concrete_0cm_S1,2026-04-02T16:35:11.353921,64,94,254,305,349,172,505,486,470,370,112,192,95,125,340,421,478,258,669,634,624,454,152,220,64,92,282,338,377,182,546,530,508,369,101,138,46,80,223,296,317,154,438,442,429,305,91,109,18,32,139,178,189,89,274,274,278,196,42,57,20,33,152,197,204,95,307,304,307,204,34,39,13,29,150,186,200,80,291,284,271,179,28,30,38,56,170,225,240,118,341,336,346,246,58,90,44.75,67.62,213.75,268.25,294.25,143.5,421.38,411.25,404.12,290.38,77.25,109.38
Concrete_0cm_S1,2026-04-02T16:35:11.449325,64,94,254,305,349,172,505,486,470,370,112,192,95,125,340,421,478,258,669,634,624,454,152,220,64,92,282,338,377,182,546,530,508,369,101,138,46,80,223,296,317,154,438,442,429,305,91,109,18,32,139,178,189,89,274,274,278,196,42,57,20,33,151,197,204,95,307,304,307,204,34,39,13,28,150,185,201,80,290,284,270,179,28,30,38,56,170,226,240,118,341,336,346,247,58,90,44.75,67.5,213.62,268.25,294.38,143.5,421.25,411.25,404.0,290.5,77.25,109.38
Concrete_0cm_S1,2026-04-02T16:35:11.548083,64,94,254,305,349,172,505,486,470,370,112,192,95,125,340,421,478,258,669,634,624,454,152,220,64,92,282,338,377,182,546,530,508,369,101,138,46,80,223,296,317,154,438,442,429,305,91,109,18,32,139,178,189,89,274,274,278,196,42,57,20,33,151,197,204,95,307,304,307,204,34,39,13,28,150,185,201,80,290,284,270,179,28,30,38,56,170,226,240,118,341,336,346,247,58,90,44.75,67.5,213.62,268.25,294.38,143.5,421.25,411.25,404.0,290.5,77.25,109.38
Concrete_0cm_S1,2026-04-02T16:35:11.623042,63,94,254,306,349,172,505,485,470,370,112,192,95,125,339,420,477,258,668,633,624,454,151,220,64,92,282,337,378,182,546,530,508,369,101,138,46,80,223,295,317,154,437,442,428,304,90,109,18,32,139,178,189,89,274,273,278,196,41,57,20,33,152,197,204,95,307,304,307,204,34,39,13,28,150,185,200,80,290,284,270,179,28,30,38,56,170,225,240,118,341,336,346,247,58,90,44.62,67.5,213.62,267.88,294.25,143.5,421.0,410.88,403.88,290.38,76.88,109.38
Concrete_0cm_S1,2026-04-02T16:35:11.717634,63,94,254,306,350,172,504,485,470,370,112,192,95,125,340,420,478,258,668,633,625,455,151,220,64,92,283,337,378,182,546,530,508,369,101,138,46,80,224,295,316,154,438,442,428,304,90,109,17,32,139,178,189,88,274,273,278,196,41,57,20,33,152,197,204,95,306,304,307,204,34,39,13,29,150,185,200,80,291,284,271,179,28,30,38,56,170,225,240,118,341,336,346,247,58,90,44.5,67.62,214.0,267.88,294.38,143.38,421.0,410.88,404.12,290.5,76.88,109.38
Concrete_0cm_S1,2026-04-02T16:35:11.812332,63,94,253,306,349,172,505,485,470,370,112,192,95,126,340,421,478,258,668,633,624,455,151,220,64,92,283,337,378,182,546,530,508,369,101,138,46,80,224,295,316,154,438,442,428,304,90,109,17,32,139,178,189,88,274,273,278,196,41,57,20,33,152,197,204,95,306,304,307,204,34,39,13,29,150,185,200,80,291,284,271,179,28,30,38,56,170,226,240,118,341,336,346,247,58,90,44.5,67.75,213.88,268.12,294.25,143.38,421.12,410.88,404.0,290.5,76.88,109.38
Concrete_0cm_S1,2026-04-02T16:35:11.923045,63,94,253,306,349,172,505,485,470,370,112,192,95,126,340,421,478,258,668,633,624,455,151,220,67,93,283,339,379,184,546,530,509,373,104,138,46,80,223,295,317,154,437,442,428,304,90,109,18,32,139,178,189,89,275,273,278,196,41,57,20,33,152,197,204,95,307,304,307,203,34,39,13,28,150,185,201,80,290,284,271,179,28,30,38,56,170,226,240,118,341,336,346,247,58,90,45.0,67.75,213.75,268.38,294.62,143.75,421.12,410.88,404.12,290.88,77.25,109.38
Concrete_0cm_S1,2026-04-02T16:35:12.017961,63,94,253,306,349,172,505,485,470,370,112,192,95,126,340,421,478,258,668,633,624,455,151,220,67,93,283,339,379,184,546,530,509,373,104,138,46,80,223,295,317,154,437,442,428,304,90,109,18,32,139,178,189,89,275,273,278,196,41,57,20,33,152,197,204,95,307,304,307,203,34,39,13,28,150,185,201,80,290,284,271,179,28,30,38,56,170,226,240,118,341,336,346,247,58,90,45.0,67.75,213.75,268.38,294.62,143.75,421.12,410.88,404.12,290.88,77.25,109.38
Concrete_0cm_S1,2026-04-02T16:35:12.112631,63,94,254,305,349,172,505,484,470,370,111,192,95,125,341,420,477,258,668,634,624,454,151,220,64,92,282,338,377,182,546,530,508,369,101,138,46,80,223,296,317,154,438,443,429,304,90,109,18,32,139,178,189,89,274,273,278,196,41,57,20,33,152,197,204,95,307,304,307,203,34,39,13,28,150,185,201,80,290,284,271,179,28,30,38,56,170,226,240,118,341,336,346,247,58,90,44.62,67.5,213.88,268.12,294.25,143.5,421.12,411.0,404.12,290.25,76.75,109.38
Concrete_0cm_S1,2026-04-02T16:35:12.207874,63,94,254,305,349,172,505,484,470,370,111,192,95,125,341,420,477,258,668,634,624,454,151,220,64,92,282,338,377,182,546,530,508,369,101,138,46,80,223,296,317,154,438,443,429,304,90,109,18,32,139,178,189,89,274,273,278,196,41,57,20,33,152,197,204,95,307,304,307,203,34,39,13,28,150,185,201,80,290,284,271,179,28,30,38,56,170,226,240,118,341,336,346,247,58,90,44.62,67.5,213.88,268.12,294.25,143.5,421.12,411.0,404.12,290.25,76.75,109.38
Concrete_0cm_S1,2026-04-02T16:35:12.297677,63,93,253,305,349,172,505,484,470,369,112,192,95,125,341,420,478,258,668,634,625,454,151,220,64,91,283,337,377,182,545,529,508,369,101,138,46,80,223,295,317,154,437,442,428,304,90,109,18,32,139,178,189,88,274,274,278,195,41,57,20,33,152,197,204,95,307,304,307,204,34,39,13,28,150,185,200,80,290,284,270,179,28,30,38,56,170,226,241,118,341,336,346,247,58,90,44.62,67.25,213.88,267.88,294.38,143.38,420.88,410.88,404.0,290.12,76.88,109.38
Concrete_0cm_S1,2026-04-02T16:35:12.398852,63,93,253,305,349,172,505,484,470,369,112,192,95,125,340,420,477,258,667,634,624,454,152,219,64,92,282,337,377,182,546,530,508,369,101,138,46,80,223,296,316,154,438,442,428,304,91,109,18,32,139,178,189,89,274,273,278,195,41,57,20,33,152,197,204,95,307,304,307,204,34,39,13,28,150,185,200,80,290,284,271,179,28,30,37,56,170,225,240,118,341,336,346,247,58,90,44.5,67.38,213.62,267.88,294.0,143.5,421.0,410.88,404.0,290.12,77.12,109.25
Concrete_0cm_S1,2026-04-02T16:35:12.493485,63,94,253,305,349,172,504,484,469,369,111,191,95,125,340,420,477,258,667,634,624,454,152,219,64,92,282,337,377,182,546,530,508,369,101,138,46,80,223,296,316,154,438,442,428,304,91,109,18,32,139,178,189,89,274,273,278,195,41,57,20,33,152,197,204,95,307,304,307,204,34,39,13,28,150,185,200,80,290,284,271,179,28,30,37,56,170,225,240,118,341,336,346,247,58,90,44.5,67.5,213.62,267.88,294.0,143.5,420.88,410.88,403.88,290.12,77.0,109.12
Concrete_0cm_S1,2026-04-02T16:35:12.598074,63,94,253,305,349,172,504,484,469,369,111,191,95,125,340,420,477,258,667,634,624,454,152,219,64,92,282,337,377,182,546,530,508,369,101,138,46,80,223,296,316,154,438,442,428,304,91,109,18,32,139,178,189,89,274,273,278,195,41,57,20,33,152,197,204,95,307,304,307,204,34,39,13,28,150,185,200,80,290,284,271,179,28,30,37,56,170,225,240,118,341,336,346,247,58,90,44.5,67.5,213.62,267.88,294.0,143.5,420.88,410.88,403.88,290.12,77.0,109.12
Concrete_0cm_S1,2026-04-02T16:35:12.685751,63,93,253,305,349,172,504,484,470,369,112,191,95,125,340,420,478,258,668,633,624,454,151,219,64,91,282,337,377,182,545,530,508,369,101,138,46,79,223,296,317,154,437,442,429,305,91,108,18,32,139,178,189,89,274,274,278,195,41,57,20,33,152,197,204,95,307,304,307,204,34,38,13,28,150,185,201,80,290,284,271,179,28,30,38,56,170,226,240,118,341,337,346,247,59,90,44.62,67.12,213.62,268.0,294.38,143.5,420.75,411.0,404.12,290.25,77.12,108.88
Concrete_0cm_S1,2026-04-02T16:35:12.786441,63,93,253,305,349,172,504,484,470,369,112,191,95,125,340,420,478,258,668,633,624,454,151,219,64,91,282,337,377,182,545,530,508,369,101,138,46,79,223,296,317,154,437,442,429,305,91,108,18,32,139,178,189,89,274,274,278,196,41,57,20,33,152,197,204,94,307,304,307,204,34,39,13,29,150,185,201,80,290,284,270,179,28,30,38,56,170,226,241,118,341,336,346,247,58,90,44.62,67.25,213.62,268.0,294.5,143.38,420.75,410.88,404.0,290.38,77.0,109.0
Concrete_0cm_S1,2026-04-02T16:35:12.873101,63,93,254,305,349,172,504,484,470,369,112,191,95,125,340,420,478,258,668,634,624,454,151,219,64,91,283,337,377,182,546,530,508,369,101,138,46,80,223,295,317,154,437,442,428,304,90,109,18,32,139,178,189,89,274,274,278,196,41,57,20,33,152,197,204,94,307,304,307,204,34,39,13,29,150,185,201,80,290,284,270,179,28,30,38,56,170,226,241,118,341,336,346,247,58,90,44.62,67.38,213.88,267.88,294.5,143.38,420.88,411.0,403.88,290.25,76.88,109.12
Concrete_0cm_S1,2026-04-02T16:35:12.967998,63,93,254,305,349,172,504,484,470,369,112,191,95,125,340,420,478,258,668,634,624,454,151,219,64,91,283,337,377,182,546,530,508,369,101,138,46,80,223,295,317,154,437,442,428,304,90,109,18,32,139,178,189,89,274,274,278,196,41,57,20,33,152,197,204,95,307,305,308,204,33,39,13,28,150,185,200,80,290,284,271,179,28,30,38,56,170,226,241,118,341,336,346,247,58,90,44.62,67.25,213.88,267.88,294.38,143.5,420.88,411.12,404.12,290.25,76.75,109.12
Concrete_0cm_S1,2026-04-02T16:35:13.063470,63,93,253,305,349,172,504,484,469,369,111,191,95,125,340,420,477,258,668,633,624,454,151,219,64,91,283,337,377,182,546,530,508,369,101,138,46,80,223,295,317,154,437,442,428,304,90,109,18,32,139,178,189,89,274,274,278,196,41,57,20,33,152,197,204,95,307,305,308,204,33,39,13,28,150,185,200,80,290,284,271,179,28,30,38,56,171,226,240,118,341,336,346,247,58,90,44.62,67.25,213.88,267.88,294.12,143.5,420.88,411.0,404.0,290.25,76.62,109.12
Concrete_0cm_S1,2026-04-02T16:35:13.158628,64,93,254,305,349,171,504,484,469,369,111,191,95,125,340,420,478,259,668,634,624,454,151,219,64,91,283,337,377,182,546,530,508,369,101,138,46,80,223,295,317,154,437,442,428,304,90,109,18,32,139,178,189,89,274,274,278,196,41,57,20,33,152,197,204,95,307,305,308,204,33,39,13,28,150,185,200,80,290,284,271,179,28,30,38,56,170,226,241,118,341,337,346,247,58,90,44.75,67.25,213.88,267.88,294.38,143.5,420.88,411.25,404.0,290.25,76.62,109.12
Concrete_0cm_S1,2026-04-02T16:35:13.254101,64,93,254,305,349,171,504,484,469,369,111,191,95,125,340,420,478,259,668,634,624,454,151,219,64,91,282,337,377,182,545,529,508,369,101,138,46,80,223,296,317,154,437,442,428,304,90,109,18,32,139,178,189,89,274,273,278,196,41,57,20,33,152,197,204,95,307,304,308,204,34,39,13,29,150,186,201,80,290,284,271,179,28,31,38,56,170,226,241,118,341,337,346,247,58,90,44.75,67.38,213.75,268.12,294.5,143.5,420.75,410.88,404.0,290.25,76.75,109.25
Concrete_0cm_S1,2026-04-02T16:35:13.359391,63,93,254,305,349,171,504,484,469,369,111,191,95,126,340,420,478,258,668,634,624,454,151,220,64,91,282,337,377,181,546,529,508,369,101,138,46,80,223,296,317,154,437,442,428,304,90,109,18,32,139,178,189,89,274,273,278,196,41,57,20,33,152,197,204,95,307,304,308,204,34,39,13,29,150,186,201,80,290,284,271,179,28,31,38,56,170,226,241,118,341,337,346,247,58,90,44.62,67.5,213.75,268.12,294.5,143.25,420.88,410.88,404.0,290.25,76.75,109.38
Concrete_0cm_S1,2026-04-02T16:35:13.459186,63,93,254,305,349,171,504,484,469,369,111,191,95,126,340,420,478,258,668,634,624,454,151,220,64,91,282,337,377,181,546,529,508,369,101,138,46,80,223,296,317,154,437,442,428,304,90,109,18,32,139,178,189,89,275,274,278,196,42,57,20,33,152,197,204,95,307,304,307,204,34,39,13,28,150,186,199,80,290,284,271,179,28,30,38,56,170,226,241,118,341,337,346,247,58,90,44.62,67.38,213.75,268.12,294.25,143.25,421.0,411.0,403.88,290.25,76.88,109.25
Concrete_0cm_S1,2026-04-02T16:35:13.554569,63,93,253,305,349,171,503,483,469,369,111,191,95,125,340,420,477,258,667,634,624,454,151,219,64,91,282,337,377,181,546,529,508,369,101,138,46,80,223,296,317,154,437,442,428,304,90,109,18,32,139,178,189,89,275,274,278,196,42,57,20,33,152,197,204,95,307,304,307,204,34,39,13,28,150,186,199,80,290,284,271,179,28,30,38,56,170,226,241,118,341,337,346,247,58,90,44.62,67.25,213.62,268.12,294.12,143.25,420.75,410.88,403.88,290.25,76.88,109.12
Concrete_0cm_S1,2026-04-02T16:35:13.650748,63,93,253,305,349,171,503,483,469,369,111,191,95,125,340,420,477,258,667,634,624,454,151,219,64,91,282,337,377,181,545,530,508,369,101,138,46,80,223,296,317,154,438,442,429,305,91,109,18,32,139,178,189,89,275,274,278,196,42,57,20,33,152,197,204,95,307,304,307,204,34,39,13,28,150,186,199,80,290,284,271,179,28,30,38,56,170,226,241,118,341,337,346,247,58,90,44.62,67.25,213.62,268.12,294.12,143.25,420.75,411.0,404.0,290.38,77.0,109.12
Concrete_0cm_S1,2026-04-02T16:35:13.750781,63,94,253,304,349,172,504,483,469,369,111,191,95,125,340,420,477,258,668,634,623,454,151,220,64,92,283,338,378,182,546,530,508,369,101,138,46,80,223,295,317,154,438,442,429,304,91,108,18,32,139,179,189,89,273,274,278,196,41,57,20,33,152,197,204,95,307,304,307,204,34,39,13,28,150,185,200,80,290,284,270,179,28,30,38,56,170,226,241,119,342,337,346,247,58,90,44.62,67.5,213.75,268.0,294.38,143.62,421.0,411.0,403.75,290.25,76.88,109.12
Concrete_0cm_S1,2026-04-02T16:35:13.851022,63,93,253,305,349,172,504,484,469,369,111,191,95,125,340,419,477,258,667,633,623,454,151,219,64,92,282,337,378,182,546,530,508,368,101,138,46,80,223,295,317,154,437,442,428,304,90,108,18,32,139,179,189,89,273,274,278,196,41,57,20,33,152,197,204,95,307,304,307,204,34,39,13,28,150,185,200,80,290,284,270,179,28,30,38,56,170,226,241,119,342,337,346,247,58,90,44.62,67.38,213.62,267.88,294.38,143.62,420.75,411.0,403.62,290.12,76.75,109.0
Concrete_0cm_S1,2026-04-02T16:35:13.936001,63,93,253,305,349,172,504,484,469,369,111,191,95,125,340,419,477,258,667,633,623,454,151,219,64,92,282,337,378,182,546,530,508,368,101,138,46,80,223,295,317,154,437,442,428,304,90,108,18,32,139,179,189,89,273,274,278,196,41,57,20,33,152,197,204,95,307,304,307,204,34,39,13,28,150,185,200,80,290,284,270,179,28,30,38,56,170,226,241,119,342,337,346,247,58,90,44.62,67.38,213.62,267.88,294.38,143.62,420.75,411.0,403.62,290.12,76.75,109.0
Concrete_0cm_S1,2026-04-02T16:35:14.045112,63,93,253,305,349,172,504,484,469,369,111,191,95,125,340,419,477,258,667,633,623,454,151,219,64,92,282,337,378,182,546,530,508,368,101,138,46,80,223,295,317,154,437,442,428,304,90,108,18,32,139,179,189,89,273,274,278,196,41,57,20,33,152,197,204,95,307,304,307,204,34,39,13,28,150,185,200,80,290,284,270,179,28,30,38,56,170,226,241,119,342,337,346,247,58,90,44.62,67.38,213.62,267.88,294.38,143.62,420.75,411.0,403.62,290.12,76.75,109.0
Concrete_0cm_S1,2026-04-02T16:35:14.124013,63,93,253,305,349,171,504,484,469,369,111,191,95,125,340,420,477,258,667,633,624,454,151,219,64,91,282,337,377,181,545,529,507,369,101,138,46,80,223,295,316,154,438,442,429,304,90,108,18,32,139,178,189,89,274,273,278,195,42,57,20,33,152,197,204,95,307,304,307,204,34,39,13,28,150,185,200,80,290,284,270,179,28,30,38,56,170,226,241,118,341,337,346,247,58,90,44.62,67.25,213.62,267.88,294.12,143.25,420.75,410.75,403.75,290.12,76.88,109.0
Concrete_0cm_S1,2026-04-02T16:35:14.236152,63,93,254,305,348,172,503,484,469,369,111,191,95,125,340,420,477,258,668,634,624,454,151,219,64,92,282,338,378,182,546,530,508,369,101,138,46,80,223,295,317,154,437,442,428,304,90,108,18,32,139,178,189,88,275,273,278,195,41,57,20,33,152,197,204,95,307,304,308,204,34,39,13,28,150,185,200,80,290,284,270,179,28,30,38,56,170,226,240,118,341,337,346,247,58,90,44.62,67.38,213.75,268.0,294.12,143.38,420.88,411.0,403.88,290.12,76.75,109.0
Concrete_0cm_S1,2026-04-02T16:35:14.351649,63,93,253,304,348,171,503,484,469,369,111,190,95,125,340,420,478,258,668,633,623,454,151,219,64,91,282,337,377,181,545,530,508,369,101,138,46,80,223,295,317,154,437,442,428,304,90,108,18,32,139,178,189,88,275,273,278,195,41,57,20,33,152,197,204,95,307,304,308,204,34,39,13,28,150,185,200,80,290,284,270,179,28,30,38,56,170,226,240,118,341,336,346,247,59,90,44.62,67.25,213.62,267.75,294.12,143.12,420.75,410.75,403.75,290.12,76.88,108.88
Concrete_0cm_S1,2026-04-02T16:35:14.452021,63,93,253,304,348,171,503,484,469,369,111,190,95,125,340,420,478,258,668,633,623,454,151,219,64,91,282,337,377,181,545,530,508,369,101,138,46,80,223,296,317,154,438,442,429,304,90,108,18,32,139,178,189,89,274,273,278,195,41,57,20,33,152,197,204,95,307,304,308,204,34,39,13,28,150,185,200,80,290,284,270,179,28,30,38,56,170,226,240,118,341,336,346,247,59,90,44.62,67.25,213.62,267.88,294.12,143.25,420.75,410.75,403.88,290.12,76.88,108.88
Concrete_0cm_S1,2026-04-02T16:35:14.552158,63,93,253,305,348,171,503,483,469,369,111,191,95,125,340,420,478,258,668,633,623,454,151,219,64,91,282,337,377,181,545,530,508,369,101,138,46,80,223,296,317,154,438,442,429,304,90,108,18,32,139,178,189,89,274,273,278,195,41,57,20,33,152,197,204,95,307,304,307,203,34,39,13,28,150,185,200,80,290,284,270,179,28,30,38,56,171,226,241,118,341,337,346,247,58,90,44.62,67.25,213.75,268.0,294.25,143.25,420.75,410.75,403.75,290.0,76.75,109.0
Concrete_0cm_S1,2026-04-02T16:35:14.636167,63,93,253,305,348,171,503,483,469,369,111,191,95,125,340,420,478,258,668,633,623,454,151,219,64,91,282,337,377,181,545,530,508,369,101,138,46,80,223,296,317,154,438,442,429,304,90,108,18,32,139,178,189,89,274,273,278,195,41,57,20,33,152,197,204,95,307,304,307,203,34,39,13,28,150,185,200,80,290,284,270,179,28,30,38,56,171,226,241,118,341,337,346,247,58,90,44.62,67.25,213.75,268.0,294.25,143.25,420.75,410.75,403.75,290.0,76.75,109.0
Concrete_0cm_S1,2026-04-02T16:35:14.725868,63,93,253,305,348,171,503,483,469,369,111,191,95,125,340,420,477,258,668,633,623,454,151,219,64,92,283,337,377,181,545,530,508,369,101,138,46,80,223,295,317,154,438,442,429,304,90,108,18,32,139,178,189,89,274,273,278,195,41,57,20,33,151,197,204,95,307,304,307,204,33,39,13,28,150,185,200,80,290,284,270,179,28,30,38,56,171,226,241,118,341,337,346,247,58,90,44.62,67.38,213.75,267.88,294.12,143.25,420.75,410.75,403.75,290.12,76.62,109.0
Concrete_0cm_S1,2026-04-02T16:35:14.852843,63,93,253,305,348,171,503,483,468,368,111,190,95,125,340,420,477,258,668,633,624,454,151,219,64,91,282,337,377,181,545,530,507,369,101,137,46,80,223,295,317,154,438,442,428,304,90,108,18,32,139,178,189,89,274,273,278,195,41,57,20,33,151,197,204,95,307,304,307,204,33,39,13,29,150,185,200,80,290,284,271,179,28,30,37,56,170,227,241,118,341,336,346,247,58,90,44.5,67.38,213.5,268.0,294.12,143.25,420.75,410.62,403.62,290.0,76.62,108.75
Concrete_0cm_S1,2026-04-02T16:35:14.952938,63,93,253,305,348,171,503,483,468,368,111,190,95,125,340,420,477,258,668,633,624,454,151,219,64,91,282,337,377,181,545,530,507,369,101,137,46,80,223,295,317,154,438,442,428,304,90,108,18,32,139,178,189,89,275,274,278,196,41,57,20,33,151,197,204,95,307,304,307,204,33,39,13,29,150,185,200,80,290,284,271,179,28,30,37,56,170,227,241,118,341,336,346,247,58,90,44.5,67.38,213.5,268.0,294.12,143.25,420.88,410.75,403.62,290.12,76.62,108.75
Concrete_0cm_S1,2026-04-02T16:35:15.053728,63,93,253,305,348,171,503,483,468,368,111,190,95,125,340,420,477,258,668,633,624,454,151,219,64,91,282,337,377,181,545,530,507,369,101,137,46,80,223,295,317,154,438,442,428,304,90,108,18,32,139,178,189,89,275,274,278,196,41,57,20,33,151,197,204,95,307,304,307,204,33,39,13,29,150,185,200,80,290,284,271,179,28,30,37,56,170,227,241,118,341,336,346,247,58,90,44.5,67.38,213.5,268.0,294.12,143.25,420.88,410.75,403.62,290.12,76.62,108.75
Concrete_0cm_S1,2026-04-02T16:35:15.153131,62,93,253,304,348,171,502,483,468,368,111,190,95,125,340,420,478,258,668,633,624,454,151,219,64,91,282,337,377,181,545,529,507,368,101,138,46,80,223,295,317,154,438,443,428,304,90,108,18,32,139,178,189,88,274,273,278,196,41,57,20,33,152,197,204,95,307,304,307,204,34,39,13,29,150,185,200,80,290,284,270,179,28,30,37,56,170,226,240,118,342,337,346,247,58,90,44.38,67.38,213.62,267.75,294.12,143.12,420.75,410.75,403.5,290.0,76.75,108.88
Concrete_0cm_S1,2026-04-02T16:35:15.264871,62,93,253,304,348,171,502,483,468,368,111,190,95,125,340,420,477,258,668,633,624,454,151,219,64,91,282,337,378,181,545,529,508,369,101,138,46,80,223,296,316,154,437,442,429,304,90,108,18,32,139,178,189,89,274,273,278,196,41,57,20,33,152,197,204,95,306,304,307,204,34,39,13,28,150,185,200,80,290,284,270,179,28,30,38,56,170,226,240,118,341,336,345,247,58,90,44.5,67.25,213.62,267.88,294.0,143.25,420.38,410.5,403.62,290.12,76.75,108.88
Concrete_0cm_S1,2026-04-02T16:35:15.360254,63,93,252,304,348,171,503,483,468,368,111,190,95,125,340,419,477,257,667,633,623,454,151,219,64,91,282,337,377,181,546,529,508,369,101,137,46,80,223,296,316,154,437,442,429,304,90,108,18,32,139,178,189,89,274,273,278,196,41,57,20,33,152,197,204,95,306,304,307,204,34,39,13,28,150,185,200,80,290,284,270,179,28,30,37,56,170,226,240,118,341,337,346,247,57,90,44.5,67.25,213.5,267.75,293.88,143.12,420.5,410.62,403.62,290.12,76.62,108.75
Concrete_0cm_S1,2026-04-02T16:35:15.487036,63,93,252,304,348,171,503,483,468,368,111,190,95,125,340,419,477,257,667,633,623,454,151,219,64,91,282,337,377,181,546,529,508,369,101,137,46,80,223,296,317,154,438,442,428,304,90,108,18,32,139,178,189,88,274,273,278,195,41,57,20,33,152,197,204,95,307,303,307,203,33,38,13,28,150,186,200,80,290,283,271,179,28,30,38,56,170,226,240,118,341,336,346,247,58,90,44.62,67.25,213.5,267.88,294.0,143.0,420.75,410.25,403.62,289.88,76.62,108.62
Concrete_0cm_S1,2026-04-02T16:35:15.598580,63,93,252,304,348,171,502,482,468,367,111,190,95,125,340,420,477,258,667,633,623,454,151,219,64,92,282,337,377,182,546,530,508,369,101,137,46,80,223,295,316,154,437,441,428,304,90,108,18,32,139,178,189,88,274,273,278,195,41,57,20,33,152,197,204,95,307,303,307,203,33,38,13,28,150,186,200,80,290,283,271,179,28,30,38,56,170,226,240,118,341,336,346,247,58,90,44.62,67.38,213.5,267.88,293.88,143.25,420.5,410.12,403.62,289.75,76.62,108.62
Concrete_0cm_S1,2026-04-02T16:35:15.718091,63,93,252,304,348,171,502,482,467,368,111,190,95,125,340,420,477,258,668,633,624,454,151,219,64,91,282,338,377,181,545,530,508,369,101,137,46,80,223,295,317,154,437,442,428,304,90,108,18,32,139,178,189,88,274,274,278,195,41,57,20,33,151,197,204,95,307,304,307,203,34,38,13,29,150,185,200,80,290,283,270,178,28,30,38,56,170,226,240,118,341,336,346,246,58,90,44.62,67.38,213.38,267.88,294.0,143.12,420.5,410.5,403.5,289.62,76.75,108.62
Concrete_0cm_S1,2026-04-02T16:35:15.813155,63,93,252,303,348,170,502,482,467,367,111,189,95,125,340,420,477,258,668,633,624,454,151,219,64,91,282,338,377,181,545,530,508,369,101,137,46,80,223,295,317,154,437,442,428,304,90,108,18,32,139,178,189,88,274,274,278,195,41,57,20,33,151,197,204,95,307,304,307,203,34,38,13,28,150,185,200,80,289,284,270,178,28,30,36,56,170,226,240,118,341,336,346,247,58,90,44.38,67.25,213.38,267.75,294.0,143.0,420.38,410.62,403.5,289.62,76.75,108.5
Concrete_0cm_S1,2026-04-02T16:35:15.923952,63,93,252,303,348,170,502,482,467,367,111,189,95,125,340,420,477,258,668,633,624,454,151,219,64,91,282,337,377,181,545,529,508,368,101,138,46,80,223,296,317,154,437,442,428,304,90,108,18,32,139,178,189,88,274,273,278,195,41,57,20,33,152,197,204,95,307,304,307,203,33,39,13,28,150,185,200,80,290,283,270,178,28,30,36,56,170,226,240,118,341,336,346,247,58,90,44.38,67.25,213.5,267.75,294.0,143.0,420.5,410.25,403.5,289.5,76.62,108.75
Concrete_0cm_S1,2026-04-02T16:35:16.035744,63,93,252,303,348,170,502,482,467,367,111,189,95,125,340,420,477,258,668,633,624,454,151,219,64,91,282,337,377,181,545,529,508,368,101,138,46,80,223,296,317,154,437,442,428,304,90,108,18,32,139,178,189,88,274,273,278,195,41,57,20,33,152,197,204,95,307,304,307,203,33,39,13,28,150,185,200,80,290,283,270,178,28,30,38,56,170,226,240,118,341,336,346,247,58,90,44.62,67.25,213.5,267.75,294.0,143.0,420.5,410.25,403.5,289.5,76.62,108.75
Concrete_0cm_S1,2026-04-02T16:35:16.156182,63,93,252,303,348,170,502,482,467,367,111,189,95,125,340,420,477,258,668,633,624,454,151,219,64,91,282,337,377,181,545,529,508,368,101,138,46,80,223,296,317,154,437,442,428,304,90,108,18,32,139,178,189,88,274,273,278,195,41,57,20,33,152,197,204,95,307,304,307,203,33,39,13,28,150,185,200,80,290,283,270,178,28,30,38,56,170,226,240,118,341,336,346,247,58,90,44.62,67.25,213.5,267.75,294.0,143.0,420.5,410.25,403.5,289.5,76.62,108.75
Concrete_0cm_S1,2026-04-02T16:35:16.256359,62,93,252,303,347,171,502,482,467,367,111,189,95,125,340,420,477,258,666,633,624,453,151,218,64,92,282,337,378,181,545,529,508,369,101,137,46,79,223,295,316,154,437,442,428,303,90,108,18,32,139,178,189,88,274,273,277,195,41,56,20,33,151,197,204,95,307,304,307,203,33,38,13,28,150,185,200,80,290,283,270,178,28,30,38,56,170,226,240,118,341,336,346,247,58,90,44.5,67.25,213.38,267.62,293.88,143.12,420.25,410.25,403.38,289.38,76.62,108.25
Concrete_0cm_S1,2026-04-02T16:35:16.456682,63,93,252,303,347,170,502,482,467,367,111,189,95,125,340,420,477,258,668,633,624,454,151,219,64,91,283,337,377,181,545,530,508,369,101,137,45,79,223,295,317,154,437,441,428,304,90,108,18,32,139,178,189,88,274,273,277,195,41,56,20,33,152,197,204,95,307,303,307,203,33,38,13,28,150,185,200,80,289,283,270,178,28,30,37,56,170,226,240,118,341,336,346,247,58,90,44.38,67.12,213.62,267.62,293.88,143.0,420.38,410.12,403.38,289.62,76.62,108.38
Concrete_0cm_S1,2026-04-02T16:35:16.557345,63,93,252,303,347,171,502,481,467,368,111,189,95,125,340,420,477,258,668,633,624,454,151,219,64,91,282,337,377,181,545,529,507,368,101,137,46,79,224,295,317,154,437,441,428,304,90,108,18,32,139,178,189,88,274,273,277,195,41,56,20,33,152,197,204,95,307,303,307,203,33,38,13,28,150,185,200,80,289,283,270,178,28,30,37,56,170,226,240,118,341,336,346,247,58,90,44.5,67.12,213.62,267.62,293.88,143.12,420.38,409.88,403.25,289.62,76.62,108.38
Concrete_0cm_S1,2026-04-02T16:35:16.683394,63,93,252,303,347,171,502,481,467,368,111,189,95,125,340,420,477,258,668,633,624,454,151,219,64,91,282,337,377,181,545,529,507,368,101,137,46,79,224,295,317,154,437,441,428,304,90,108,18,32,139,178,189,88,274,273,277,195,41,56,20,33,152,197,204,95,307,303,307,203,33,38,13,28,150,185,200,80,289,283,270,178,28,30,37,56,170,226,240,118,341,336,346,247,58,90,44.5,67.12,213.62,267.62,293.88,143.12,420.38,409.88,403.25,289.62,76.62,108.38
Concrete_0cm_S1,2026-04-02T16:35:16.777949,62,93,252,303,347,170,502,481,467,367,110,189,95,125,340,420,477,258,667,634,623,454,151,219,64,91,282,337,377,181,545,529,507,369,101,137,46,80,223,296,316,154,437,442,427,304,90,108,18,32,139,178,189,88,274,273,278,195,41,57,20,33,152,197,203,95,307,304,307,203,34,39,13,28,150,185,200,80,290,284,270,178,28,30,38,56,170,226,241,118,341,336,346,247,58,90,44.5,67.25,213.5,267.75,293.75,143.0,420.38,410.38,403.12,289.62,76.62,108.62
Concrete_0cm_S1,2026-04-02T16:35:16.888320,63,92,252,303,347,170,501,481,467,367,110,189,95,125,339,420,477,257,667,633,623,453,151,218,64,91,282,337,377,181,545,529,508,368,101,137,46,80,223,296,317,154,437,441,427,304,90,108,18,32,139,178,189,89,274,273,278,195,41,57,20,33,152,197,204,95,307,304,307,203,33,39,13,28,150,185,200,80,290,284,270,178,28,30,38,56,170,226,241,118,341,336,346,247,58,90,44.62,67.12,213.38,267.75,294.0,143.0,420.25,410.12,403.25,289.38,76.5,108.5
Concrete_0cm_S1,2026-04-02T16:35:17.009647,63,92,252,303,347,170,501,481,467,367,110,189,95,125,339,420,477,257,667,633,623,453,151,218,64,91,282,337,377,181,545,529,508,368,101,137,46,80,223,296,317,154,437,441,427,304,90,108,18,32,139,178,189,89,274,273,278,195,41,57,20,33,152,197,204,95,307,304,307,203,33,39,13,28,150,185,200,80,289,283,270,178,28,30,38,56,170,226,240,118,341,336,346,247,58,90,44.62,67.12,213.38,267.75,293.88,143.0,420.12,410.0,403.25,289.38,76.5,108.5
Concrete_0cm_S1,2026-04-02T16:35:17.110645,63,92,252,303,347,170,501,481,467,367,110,189,95,125,339,420,477,257,667,633,623,453,151,218,64,91,282,337,377,181,545,529,508,368,101,137,46,80,223,296,317,154,437,441,427,304,90,108,18,32,139,178,189,89,274,273,278,195,41,57,20,33,152,197,204,95,307,304,307,203,33,39,13,28,150,185,200,80,289,283,270,178,28,30,38,56,170,226,240,118,341,336,346,247,58,90,44.62,67.12,213.38,267.75,293.88,143.0,420.12,410.0,403.25,289.38,76.5,108.5
Concrete_0cm_S1,2026-04-02T16:35:17.205676,62,92,252,303,347,170,501,481,467,366,110,189,95,125,340,420,477,258,668,633,624,454,151,219,64,91,282,337,377,181,545,530,508,369,101,137,46,80,223,296,316,154,437,442,428,304,90,108,18,32,139,178,189,88,274,273,278,195,41,57,20,33,152,197,204,95,307,304,307,203,33,38,13,28,150,185,200,80,289,283,270,178,28,30,37,56,170,226,240,118,341,336,346,247,58,90,44.38,67.12,213.5,267.75,293.75,143.0,420.25,410.25,403.5,289.5,76.5,108.5
Concrete_0cm_S1,2026-04-02T16:35:17.301381,63,92,252,303,347,170,501,482,466,367,110,189,95,125,340,420,477,258,668,633,623,454,151,219,64,91,282,337,377,181,545,529,507,368,101,137,45,80,223,295,316,154,437,441,426,303,90,108,18,32,139,178,189,88,274,273,278,195,41,56,20,33,151,197,204,95,306,303,307,203,33,38,13,28,150,185,200,80,289,283,270,178,28,30,38,56,170,226,240,118,341,336,346,247,58,90,44.5,67.12,213.38,267.62,293.75,143.0,420.12,410.0,402.88,289.38,76.5,108.38
Concrete_0cm_S1,2026-04-02T16:35:17.412248,62,92,251,303,346,170,501,481,467,367,110,189,95,125,340,420,477,258,667,633,622,454,151,219,64,92,282,337,378,182,545,528,508,369,101,137,46,79,223,295,316,154,436,441,427,303,90,108,18,32,139,178,189,88,274,273,277,195,41,56,20,33,152,197,204,95,306,304,307,203,33,38,13,28,150,185,200,80,289,283,270,178,28,30,38,56,170,226,240,118,341,336,346,247,58,90,44.5,67.12,213.38,267.62,293.75,143.12,419.88,409.88,403.0,289.5,76.5,108.38
Concrete_0cm_S1,2026-04-02T16:35:17.523185,62,92,251,303,346,170,501,481,467,367,110,189,95,125,340,420,477,258,667,633,622,454,151,219,64,92,282,337,378,182,545,528,508,369,101,137,46,79,223,295,316,154,436,441,427,303,90,108,18,32,139,178,189,88,274,273,277,195,41,56,20,33,152,197,204,95,306,304,307,203,33,38,13,28,150,185,200,80,289,283,270,178,28,30,38,56,170,226,240,118,341,336,346,247,58,90,44.5,67.12,213.38,267.62,293.75,143.12,419.88,409.88,403.0,289.5,76.5,108.38
Concrete_0cm_S1,2026-04-02T16:35:17.617872,62,92,251,303,346,170,501,481,467,367,110,189,95,125,340,420,477,258,667,633,622,454,151,219,64,92,282,337,378,182,545,528,508,369,101,137,46,79,223,295,316,154,436,441,427,303,90,108,18,32,139,178,189,88,274,273,277,195,41,56,20,33,152,197,204,95,306,304,307,203,33,38,13,28,150,185,200,80,289,283,270,178,28,30,38,56,170,226,240,118,341,336,346,247,58,90,44.5,67.12,213.38,267.62,293.75,143.12,419.88,409.88,403.0,289.5,76.5,108.38
Concrete_0cm_S1,2026-04-02T16:35:17.713102,62,92,251,303,346,170,501,481,467,367,110,189,95,125,340,420,477,258,667,633,622,454,151,219,64,92,282,337,378,182,545,528,508,369,101,137,46,79,223,295,316,154,436,441,427,303,90,108,18,32,139,178,189,88,274,273,277,195,41,56,20,33,152,197,204,95,306,304,307,203,33,38,13,28,150,185,200,80,289,283,270,178,28,30,38,56,170,226,240,118,341,336,346,247,58,90,44.5,67.12,213.38,267.62,293.75,143.12,419.88,409.88,403.0,289.5,76.5,108.38
Concrete_0cm_S1,2026-04-02T16:35:17.808476,62,92,251,302,347,170,500,480,466,367,111,189,95,125,340,420,477,257,667,632,623,454,151,219,64,91,282,337,377,181,545,529,508,369,101,137,45,79,222,295,316,154,437,441,427,303,90,108,17,32,138,178,189,88,273,273,277,194,41,56,20,33,151,197,204,95,307,303,306,203,33,38,13,28,149,185,200,80,289,283,270,178,28,30,37,56,170,226,241,118,341,336,346,246,58,90,44.12,67.0,212.88,267.5,293.88,142.88,419.88,409.62,402.88,289.25,76.62,108.38
Concrete_0cm_S1,2026-04-02T16:35:17.903714,62,92,251,302,347,170,500,480,466,367,111,189,95,125,340,420,477,258,667,633,624,454,151,219,64,91,282,337,377,181,545,529,507,368,100,137,45,79,223,295,316,153,437,442,427,303,90,107,18,32,139,178,189,88,274,272,277,195,41,56,20,33,151,197,204,95,306,303,307,203,33,38,13,28,149,185,200,80,289,283,270,178,28,30,37,56,170,226,241,118,341,336,346,246,58,90,44.25,67.0,213.12,267.5,293.88,142.88,419.88,409.75,403.0,289.25,76.5,108.25
Concrete_0cm_S1,2026-04-02T16:35:18.014820,62,92,251,302,347,170,500,480,466,367,111,189,95,125,340,420,477,258,667,633,624,454,151,219,64,91,282,337,377,181,545,529,507,368,100,137,45,79,223,295,316,153,437,442,427,303,90,107,18,32,139,178,189,88,274,272,277,195,41,56,20,33,151,197,204,95,306,303,307,203,33,38,13,28,149,185,200,80,289,283,270,178,28,30,37,56,170,226,240,118,341,337,346,247,58,90,44.25,67.0,213.12,267.5,293.75,142.88,419.88,409.88,403.0,289.38,76.5,108.25
Concrete_0cm_S1,2026-04-02T16:35:18.109791,62,92,251,302,347,170,500,480,466,367,111,189,95,125,340,420,477,258,667,633,624,454,151,219,64,91,282,337,377,181,545,529,507,368,100,137,45,79,223,295,316,153,437,442,427,303,90,107,18,32,139,178,189,88,274,272,277,195,41,56,20,33,151,197,204,95,306,303,307,203,33,38,13,28,149,185,200,80,289,283,270,178,28,30,37,56,170,226,240,118,341,337,346,247,58,90,44.25,67.0,213.12,267.5,293.75,142.88,419.88,409.88,403.0,289.38,76.5,108.25
Concrete_0cm_S1,2026-04-02T16:35:18.205714,62,92,252,303,347,170,500,481,466,367,110,189,95,125,340,420,477,258,667,633,623,454,151,219,64,92,282,337,378,181,545,530,507,368,101,137,45,79,223,295,316,153,437,442,427,303,90,107,18,32,139,178,189,88,274,272,277,195,41,56,20,33,151,197,204,95,306,303,307,203,33,38,13,28,149,185,200,80,289,283,270,178,28,30,37,56,170,226,240,118,341,337,346,247,58,90,44.25,67.12,213.25,267.62,293.88,142.88,419.88,410.12,402.88,289.38,76.5,108.25
Concrete_0cm_S1,2026-04-02T16:35:18.311758,62,92,251,302,346,170,500,481,466,366,110,189,95,125,340,420,477,258,667,633,623,454,151,219,64,91,283,337,377,181,546,529,507,369,101,137,46,80,223,295,316,154,437,441,427,303,90,107,17,32,139,178,189,88,274,272,277,193,40,56,20,33,151,197,204,95,306,304,307,203,33,38,13,28,150,185,199,80,289,283,270,178,28,30,37,56,170,226,240,118,341,336,345,246,58,89,44.25,67.12,213.38,267.5,293.5,143.0,420.0,409.88,402.75,289.0,76.38,108.12
Concrete_0cm_S1,2026-04-02T16:35:18.411456,62,92,251,302,346,170,500,481,466,366,110,189,95,125,340,420,477,258,667,634,623,454,151,219,64,91,282,337,377,181,545,530,508,369,101,137,45,80,223,296,317,154,437,441,427,303,90,107,17,32,139,177,188,88,274,272,277,194,41,56,20,33,152,197,204,95,306,304,307,203,33,38,13,28,149,185,200,80,289,283,270,178,28,30,37,56,170,226,240,118,341,336,345,246,58,89,44.12,67.12,213.25,267.5,293.62,143.0,419.88,410.12,402.88,289.12,76.5,108.12
Concrete_0cm_S1,2026-04-02T16:35:18.505980,62,92,251,302,346,170,500,481,466,366,110,189,95,125,340,420,477,258,667,634,623,454,151,219,64,91,282,337,377,181,545,530,508,369,101,137,45,80,223,296,317,154,437,441,427,303,90,107,17,32,139,177,188,88,274,272,277,194,41,56,20,33,152,197,204,95,306,304,307,203,33,38,13,28,149,185,200,80,289,283,270,178,28,30,37,56,170,226,240,118,341,336,345,246,58,89,44.12,67.12,213.25,267.5,293.62,143.0,419.88,410.12,402.88,289.12,76.5,108.12
Concrete_0cm_S1,2026-04-02T16:35:18.617063,62,92,252,302,347,170,500,481,466,366,110,189,95,125,339,420,477,258,667,634,624,454,151,219,64,91,283,337,378,181,545,529,508,369,101,137,45,79,222,295,316,154,437,441,427,303,90,107,17,32,139,178,188,88,273,273,277,194,41,56,20,33,151,197,204,95,306,304,306,203,33,38,13,28,149,185,200,80,290,283,270,178,28,30,37,56,170,226,240,118,341,336,346,247,58,89,44.12,67.0,213.12,267.5,293.75,143.0,419.88,410.12,403.0,289.25,76.5,108.12
Concrete_0cm_S1,2026-04-02T16:35:18.712512,62,92,252,302,347,170,500,481,466,366,110,189,95,125,339,420,477,258,667,634,624,454,151,219,64,91,283,337,378,181,545,529,508,369,101,137,45,79,222,295,316,154,437,441,427,303,90,107,17,32,139,178,188,88,273,273,277,194,41,56,20,33,151,197,204,95,306,304,306,203,33,38,13,28,149,185,200,80,290,283,270,178,28,30,37,56,170,226,240,118,341,336,346,247,58,89,44.12,67.0,213.12,267.5,293.75,143.0,419.88,410.12,403.0,289.25,76.5,108.12
Concrete_0cm_S1,2026-04-02T16:35:18.823394,62,92,251,303,347,170,501,481,466,367,110,189,95,125,340,419,477,258,668,633,624,453,151,219,64,91,282,337,377,181,545,530,508,368,100,137,46,79,223,295,316,154,437,441,427,303,90,107,18,32,139,178,189,88,274,273,277,194,41,56,20,33,151,197,204,95,306,303,307,203,33,38,13,28,149,185,200,80,289,283,270,178,28,30,38,56,170,226,240,118,341,336,346,247,58,89,44.5,67.0,213.12,267.5,293.75,143.0,420.12,410.0,403.12,289.12,76.38,108.12
Concrete_0cm_S1,2026-04-02T16:35:18.936056,62,92,251,303,347,170,501,481,466,367,110,189,95,125,340,420,477,258,667,633,624,454,151,219,64,91,282,337,377,181,545,529,508,368,101,137,46,79,222,295,316,154,437,442,428,303,90,107,18,32,139,178,189,88,273,273,277,194,41,56,20,33,151,197,204,95,306,303,307,203,33,38,13,28,149,185,200,80,289,283,270,178,28,30,38,56,170,226,240,118,341,336,346,247,58,89,44.5,67.0,213.0,267.62,293.75,143.0,419.88,410.0,403.25,289.25,76.5,108.12
Concrete_0cm_S1,2026-04-02T16:35:19.045921,62,92,251,303,347,170,501,481,466,367,110,189,95,125,340,420,477,258,667,633,624,454,151,219,64,91,282,337,377,181,545,529,508,368,101,137,46,79,222,295,316,154,437,442,428,303,90,107,18,32,139,178,189,88,273,273,277,194,41,56,20,33,151,197,204,95,306,303,307,203,33,38,13,28,149,186,200,80,289,283,270,178,28,30,37,56,169,226,240,118,341,336,345,246,58,90,44.38,67.0,212.88,267.75,293.75,143.0,419.88,410.0,403.12,289.12,76.5,108.25
Concrete_0cm_S1,2026-04-02T16:35:19.140991,62,92,251,303,347,170,501,481,466,367,110,189,95,125,340,420,477,258,667,633,624,454,151,219,64,91,282,337,377,181,545,529,508,368,101,137,46,79,222,295,316,154,437,442,428,303,90,107,18,32,139,178,189,88,273,273,277,194,41,56,20,33,151,197,204,95,306,303,307,203,33,38,13,28,149,186,200,80,289,283,270,178,28,30,37,56,169,226,240,118,341,336,345,246,58,90,44.38,67.0,212.88,267.75,293.75,143.0,419.88,410.0,403.12,289.12,76.5,108.25
Concrete_0cm_S1,2026-04-02T16:35:19.238574,62,92,251,303,347,170,501,481,466,367,110,189,95,125,340,420,477,258,667,633,624,454,151,219,64,91,282,337,377,181,545,529,507,369,101,137,45,80,223,295,316,154,436,441,427,304,90,107,17,32,139,178,189,88,274,273,277,195,41,56,20,33,151,197,204,95,306,303,306,203,33,38,13,28,149,186,200,80,289,283,270,178,28,30,37,56,169,226,240,118,341,336,345,246,58,90,44.12,67.12,213.0,267.75,293.75,143.0,419.88,409.88,402.75,289.5,76.5,108.25
Concrete_0cm_S1,2026-04-02T16:35:19.346746,62,92,251,302,346,170,501,481,466,366,110,189,95,125,340,419,477,258,667,633,624,454,151,218,64,91,282,337,377,181,545,529,507,368,100,137,45,80,223,295,316,154,436,441,427,304,90,107,18,32,139,178,189,88,273,272,277,194,41,56,20,33,151,197,204,95,306,303,307,203,33,38,13,28,149,185,200,80,289,283,270,178,28,30,37,56,170,226,240,118,341,336,346,246,58,89,44.25,67.12,213.12,267.38,293.62,143.0,419.75,409.75,403.0,289.12,76.38,108.0
Concrete_0cm_S1,2026-04-02T16:35:19.452682,62,92,251,302,346,170,501,481,466,366,110,189,95,125,340,419,477,258,667,633,624,454,151,218,64,91,282,337,377,181,545,529,507,368,100,137,45,80,223,295,316,154,437,441,427,303,90,107,18,32,139,178,188,88,273,273,277,194,41,56,20,33,152,197,204,95,306,304,307,203,33,38,13,28,149,185,200,80,289,283,270,178,28,30,37,56,170,226,240,118,341,336,346,246,58,90,44.25,67.12,213.25,267.38,293.5,143.0,419.88,410.0,403.0,289.0,76.38,108.12
Concrete_0cm_S1,2026-04-02T16:35:19.553142,62,92,251,302,346,170,501,481,466,366,110,189,95,125,340,419,477,258,667,633,624,454,151,218,64,91,282,337,377,181,545,529,507,368,100,137,45,80,223,295,316,154,437,441,427,303,90,107,18,32,139,178,188,88,273,273,277,194,41,56,20,33,152,197,204,95,306,304,307,203,33,38,13,28,149,185,200,80,289,283,270,178,28,30,37,56,170,226,240,118,341,336,346,246,58,90,44.25,67.12,213.25,267.38,293.5,143.0,419.88,410.0,403.0,289.0,76.38,108.12
Concrete_0cm_S1,2026-04-02T16:35:19.648255,62,92,251,302,346,170,500,480,466,366,110,188,95,125,340,420,477,258,667,633,623,454,151,219,64,91,282,337,377,181,545,529,507,368,100,137,45,80,223,295,316,154,437,441,427,303,90,107,18,32,139,178,188,88,273,273,277,194,41,56,20,33,152,197,204,95,306,304,307,203,33,38,13,28,149,185,200,80,289,283,270,178,28,30,37,56,170,226,240,118,341,336,346,246,58,90,44.25,67.12,213.25,267.5,293.5,143.0,419.75,409.88,402.88,289.0,76.38,108.12
Concrete_0cm_S1,2026-04-02T16:35:19.743678,62,92,251,302,346,170,500,480,466,366,110,188,95,125,340,420,477,258,667,633,623,454,151,219,64,91,282,337,377,181,545,529,507,368,100,137,45,80,223,295,316,154,437,441,427,303,90,107,18,32,139,178,188,88,273,273,277,194,41,56,20,33,152,197,204,95,306,304,307,203,33,38,13,28,149,185,200,80,289,283,270,178,28,30,37,56,170,226,240,118,341,336,346,246,58,90,44.25,67.12,213.25,267.5,293.5,143.0,419.75,409.88,402.88,289.0,76.38,108.12
Concrete_0cm_S1,2026-04-02T16:35:19.854650,62,91,251,302,346,170,499,480,465,366,110,188,95,125,340,420,477,258,668,633,623,454,151,219,64,91,282,337,377,181,545,530,507,368,101,137,45,79,223,295,316,154,437,441,427,303,90,107,17,32,139,178,188,88,273,272,277,194,41,55,20,33,152,197,204,95,306,304,307,203,33,38,13,28,149,185,200,80,289,283,270,178,28,30,37,56,170,226,240,118,341,336,345,246,58,90,44.12,66.88,213.25,267.5,293.5,143.0,419.75,409.88,402.62,289.0,76.5,108.0
Concrete_0cm_S1,2026-04-02T16:35:19.949394,62,91,251,302,346,170,499,480,465,366,110,188,95,125,340,420,477,258,668,633,623,454,151,219,64,91,282,337,377,181,545,530,507,368,101,137,45,79,223,295,316,154,437,441,427,303,90,107,18,32,139,178,189,88,273,273,277,194,41,55,20,33,152,197,204,95,306,304,307,203,33,38,13,28,150,185,200,80,289,283,270,178,28,30,37,56,170,226,240,118,341,336,346,246,58,89,44.25,66.88,213.38,267.5,293.62,143.0,419.75,410.0,402.75,289.0,76.5,107.88
Concrete_0cm_S1,2026-04-02T16:35:20.060553,62,91,251,301,346,169,499,480,465,366,110,188,95,125,340,420,477,258,667,633,623,454,151,219,64,91,282,337,377,181,545,529,507,368,100,137,45,79,223,295,316,154,437,441,427,303,90,107,18,32,139,178,189,88,273,272,277,195,41,56,20,33,152,197,204,95,306,304,307,203,33,38,13,28,150,185,200,80,289,283,270,178,28,30,37,56,170,226,240,118,341,336,346,246,58,89,44.25,66.88,213.38,267.38,293.62,142.88,419.62,409.75,402.75,289.12,76.38,108.0
Concrete_0cm_S1,2026-04-02T16:35:20.160965,62,92,251,301,346,170,499,480,466,366,110,188,95,125,340,420,477,258,667,633,623,454,151,219,64,91,282,337,377,181,545,529,507,368,100,137,45,79,223,295,316,154,437,441,427,303,90,107,18,32,139,178,189,88,273,272,277,195,41,56,20,33,151,197,203,95,306,303,306,203,33,38,13,28,149,185,200,80,289,283,270,178,28,30,37,56,170,225,240,118,341,336,346,246,58,89,44.25,67.0,213.12,267.25,293.5,143.0,419.62,409.62,402.75,289.12,76.38,108.0
Concrete_0cm_S1,2026-04-02T16:35:20.266279,62,92,251,301,346,170,499,480,466,366,110,188,95,125,340,420,477,258,667,633,623,454,151,219,64,91,282,337,377,181,545,529,507,368,100,137,45,79,223,295,316,153,436,441,427,303,90,107,17,32,139,178,188,88,274,273,277,194,41,55,20,33,151,197,203,95,306,303,306,203,33,38,13,28,149,185,200,80,289,283,270,178,28,30,37,56,170,225,240,118,341,336,346,246,58,89,44.12,67.0,213.12,267.25,293.38,142.88,419.62,409.75,402.75,289.0,76.38,107.88
Concrete_0cm_S1,2026-04-02T16:35:20.395181,62,92,251,302,346,170,499,480,465,366,110,188,95,125,340,420,478,258,667,634,624,454,151,219,64,91,282,337,377,181,545,529,507,368,101,137,45,79,222,295,316,154,436,441,427,303,90,107,17,32,139,178,188,88,274,273,277,194,41,55,20,33,151,197,204,95,306,303,307,203,33,38,13,28,149,185,200,80,289,283,270,178,28,30,38,56,170,225,240,118,341,336,346,246,58,89,44.25,67.0,213.0,267.38,293.62,143.0,419.62,409.88,402.88,289.0,76.5,107.88
Concrete_0cm_S1,2026-04-02T16:35:20.498065,62,92,251,302,346,170,499,480,465,366,110,188,95,125,340,420,478,258,667,634,624,454,151,219,64,91,282,337,377,181,545,529,507,368,101,137,45,79,222,295,316,154,436,441,427,303,90,107,17,32,139,178,188,88,274,273,277,194,41,55,20,33,151,197,204,95,306,303,306,203,33,38,13,28,149,185,200,80,289,283,270,178,28,30,37,56,170,226,240,118,341,336,345,246,58,89,44.12,67.0,213.0,267.5,293.62,143.0,419.62,409.88,402.62,289.0,76.5,107.88
Concrete_0cm_S1,2026-04-02T16:35:20.600345,62,92,251,302,346,170,499,480,465,366,110,188,95,125,340,420,478,258,667,634,624,454,151,219,64,91,282,337,377,181,545,529,507,368,101,137,45,79,222,295,316,154,436,441,427,303,90,107,17,32,139,178,188,88,274,273,277,194,41,55,20,33,151,197,204,95,306,303,306,203,33,38,13,28,149,185,200,80,289,283,270,178,28,30,37,56,170,226,240,118,341,336,345,246,58,89,44.12,67.0,213.0,267.5,293.62,143.0,419.62,409.88,402.62,289.0,76.5,107.88
Concrete_0cm_S1,2026-04-02T16:35:20.695222,62,92,251,301,346,170,499,479,465,366,110,188,95,125,340,420,477,258,667,633,624,454,151,219,64,91,282,337,377,181,545,529,507,369,101,137,45,79,223,295,316,154,436,441,427,303,90,107,18,32,139,178,188,88,273,272,277,194,41,56,20,33,151,197,204,95,306,303,307,203,33,38,13,28,149,185,200,80,289,283,270,178,28,30,37,56,170,226,240,118,341,336,345,246,58,89,44.25,67.0,213.12,267.38,293.5,143.0,419.5,409.5,402.75,289.12,76.5,108.0
Concrete_0cm_S1,2026-04-02T16:35:20.805734,62,92,251,301,346,170,499,479,465,366,110,188,95,125,340,420,477,258,667,633,624,454,151,219,64,91,282,337,377,181,545,529,507,369,101,137,45,79,223,295,316,154,436,441,427,303,90,107,18,32,139,178,188,88,273,272,277,194,41,56,20,33,151,197,204,95,306,303,307,203,33,38,13,28,149,185,200,80,289,283,270,178,28,30,37,56,170,226,240,118,341,336,345,246,58,89,44.25,67.0,213.12,267.38,293.5,143.0,419.5,409.5,402.75,289.12,76.5,108.0
Concrete_0cm_S1,2026-04-02T16:35:20.917209,62,92,251,301,346,170,499,480,465,366,110,188,95,125,340,420,477,258,668,634,624,454,151,219,64,91,282,337,377,181,545,529,507,368,101,137,46,79,222,295,316,154,436,441,427,303,90,107,17,32,139,178,188,88,273,273,277,194,41,56,20,33,151,197,204,95,306,303,306,203,33,38,13,28,149,185,200,80,289,283,270,178,28,30,37,56,170,226,240,118,341,336,345,246,58,89,44.25,67.0,213.0,267.38,293.5,143.0,419.62,409.88,402.62,289.0,76.5,108.0
Concrete_0cm_S1,2026-04-02T16:35:21.043884,62,92,250,301,346,169,499,480,465,366,110,188,95,125,340,420,477,258,667,634,623,454,151,219,64,91,282,338,377,181,545,529,507,368,100,137,46,79,222,295,316,154,436,441,427,303,90,107,17,32,139,178,188,88,273,273,277,194,41,56,20,33,151,197,204,95,306,303,306,203,33,38,13,28,149,185,200,80,289,283,270,178,28,30,37,56,170,225,240,118,341,336,346,246,58,89,44.25,67.0,212.88,267.38,293.5,142.88,419.5,409.88,402.62,289.0,76.38,108.0
Concrete_0cm_S1,2026-04-02T16:35:21.154439,62,92,251,302,345,169,499,479,465,365,110,188,95,125,340,420,477,258,667,634,623,454,151,219,64,91,282,338,377,181,545,529,507,368,100,137,46,79,222,295,316,154,436,441,427,303,90,107,17,32,139,178,188,88,273,273,277,194,41,55,20,33,152,197,203,95,306,304,307,203,33,38,13,28,149,185,200,80,289,283,269,178,28,30,37,56,170,226,240,118,341,336,345,246,58,90,44.25,67.0,213.12,267.62,293.25,142.88,419.5,409.88,402.5,288.88,76.38,108.0
Concrete_0cm_S1,2026-04-02T16:35:21.259781,62,92,251,302,345,169,499,479,465,365,110,188,95,125,340,420,477,258,668,633,624,454,151,219,64,91,282,337,377,181,545,529,507,368,101,137,45,80,223,295,317,154,436,441,427,303,90,107,17,32,139,178,188,88,273,273,277,194,41,56,20,33,152,197,203,95,306,304,307,203,33,38,13,28,149,185,200,80,289,283,269,178,28,30,37,56,170,226,240,118,341,336,345,246,58,90,44.12,67.12,213.25,267.5,293.38,142.88,419.62,409.75,402.62,288.88,76.5,108.12
Concrete_0cm_S1,2026-04-02T16:35:21.363147,62,92,251,302,345,169,499,479,465,365,110,188,95,125,340,420,477,258,668,633,624,454,151,219,64,91,282,337,377,181,545,529,507,368,101,137,45,80,223,295,317,154,436,441,427,303,90,107,17,32,139,178,188,88,273,273,277,194,41,56,20,33,152,197,203,95,306,304,307,203,33,38,13,28,149,185,200,80,289,283,269,178,28,30,37,56,170,226,240,118,341,336,345,246,58,90,44.12,67.12,213.25,267.5,293.38,142.88,419.62,409.75,402.62,288.88,76.5,108.12
Concrete_0cm_S1,2026-04-02T16:35:21.463361,62,92,250,302,346,170,499,479,465,366,110,188,95,125,339,420,477,258,667,633,624,454,151,219,64,91,282,337,377,181,545,530,507,368,101,137,45,80,223,295,316,154,436,441,427,303,90,107,17,32,139,178,189,88,273,272,277,194,41,55,20,33,151,197,204,95,306,303,307,203,33,38,13,28,149,185,200,80,289,283,269,178,28,30,38,56,170,226,240,118,341,336,345,246,58,89,44.25,67.12,212.88,267.5,293.62,143.0,419.5,409.62,402.62,289.0,76.5,107.88
Concrete_0cm_S1,2026-04-02T16:35:21.565180,62,92,250,302,346,170,499,479,465,366,110,188,95,125,339,420,477,258,667,633,624,454,151,219,64,91,282,337,377,181,545,530,507,368,101,137,45,80,223,295,316,154,436,441,427,303,90,107,17,32,139,178,189,88,273,272,277,194,41,55,20,33,151,197,204,95,306,303,307,203,33,38,13,28,149,185,200,80,289,283,269,178,28,30,38,56,170,226,240,118,341,336,345,246,58,89,44.25,67.12,212.88,267.5,293.62,143.0,419.5,409.62,402.62,289.0,76.5,107.88
Concrete_0cm_S1,2026-04-02T16:35:21.676081,62,92,251,301,346,170,499,480,465,366,110,188,95,125,340,420,477,258,668,633,624,454,151,219,64,92,282,337,377,181,545,529,507,368,101,137,46,80,223,295,316,154,437,441,427,303,90,107,18,32,139,178,188,88,273,272,277,194,41,56,20,33,151,197,204,95,306,303,307,203,33,38,13,28,149,185,200,80,289,283,269,178,28,30,38,56,170,226,240,118,341,336,345,246,58,89,44.5,67.25,213.12,267.38,293.5,143.0,419.75,409.62,402.62,289.0,76.5,108.0
Concrete_0cm_S1,2026-04-02T16:35:21.770741,62,92,251,301,346,170,499,480,465,366,110,188,95,125,340,420,477,258,668,633,624,454,151,219,64,91,282,337,377,182,545,529,508,368,100,137,45,79,223,295,316,154,436,441,427,303,90,107,18,32,139,178,188,88,274,272,277,194,41,55,20,33,152,197,204,95,306,303,307,203,33,38,13,28,149,185,200,80,289,283,270,178,28,30,37,56,170,226,240,118,341,336,346,246,58,89,44.25,67.0,213.25,267.38,293.5,143.12,419.75,409.62,403.0,289.0,76.38,107.88
Concrete_0cm_S1,2026-04-02T16:35:21.886302,62,92,251,301,345,170,499,480,465,366,110,188,95,126,340,421,478,259,668,634,625,454,151,219,64,91,282,337,377,181,545,529,507,368,100,137,45,79,223,295,316,154,437,441,427,303,90,107,18,32,139,178,188,88,273,273,277,194,41,56,20,33,152,197,204,95,306,303,307,203,33,38,13,28,149,185,200,80,289,283,270,178,28,30,37,56,170,226,240,118,341,336,346,246,58,89,44.25,67.12,213.25,267.5,293.5,143.12,419.75,409.88,403.0,289.0,76.38,108.0
Concrete_0cm_S1,2026-04-02T16:35:21.975990,62,92,251,301,345,170,499,480,465,366,110,188,95,126,340,421,478,259,668,634,625,454,151,219,64,91,282,337,377,181,545,529,507,368,100,137,45,79,223,295,316,154,437,441,427,303,90,107,18,32,139,178,188,88,273,273,277,194,41,56,20,33,152,197,204,95,306,303,307,203,33,38,13,28,149,185,200,80,288,283,270,178,28,30,37,56,170,226,240,118,341,336,346,246,58,89,44.25,67.12,213.25,267.5,293.5,143.12,419.62,409.88,403.0,289.0,76.38,108.0
Concrete_0cm_S1,2026-04-02T16:35:22.088137,62,92,251,301,345,169,499,480,465,365,110,188,95,125,340,420,477,258,668,633,624,454,151,219,64,91,283,337,378,181,545,529,507,369,101,137,46,80,223,295,316,154,437,441,427,303,90,107,18,32,139,178,188,88,273,272,277,195,41,56,20,33,151,197,204,94,306,303,306,203,33,38,13,28,149,185,200,80,288,283,270,178,28,30,38,56,170,226,240,118,341,336,346,247,58,89,44.5,67.12,213.25,267.38,293.5,142.75,419.62,409.62,402.75,289.25,76.5,108.0
Concrete_0cm_S1,2026-04-02T16:35:22.210665,62,92,250,301,346,169,499,480,465,365,110,188,95,125,340,421,477,258,668,634,624,454,151,219,64,92,282,337,377,181,545,529,507,368,100,137,45,79,223,296,316,154,437,441,427,303,90,107,18,32,139,178,188,88,273,272,277,195,41,56,20,33,151,197,204,94,306,303,306,203,33,38,13,28,149,185,200,80,289,283,270,178,28,30,37,56,170,226,240,118,341,336,346,246,58,90,44.25,67.12,213.0,267.62,293.5,142.75,419.75,409.75,402.75,289.0,76.38,108.12
Concrete_0cm_S1,2026-04-02T16:35:22.310040,62,92,250,301,346,169,499,480,466,366,110,188,95,125,340,421,477,258,668,634,624,454,151,219,64,92,282,337,377,181,545,529,507,368,100,137,45,79,223,296,316,154,437,441,427,303,90,107,17,32,139,178,189,88,273,272,277,194,41,56,20,33,151,197,204,95,306,304,306,203,33,38,13,28,149,185,200,80,289,283,270,178,28,30,38,56,170,225,240,118,341,336,345,246,58,89,44.25,67.12,213.0,267.5,293.62,142.88,419.75,409.88,402.75,289.0,76.38,108.0
Concrete_0cm_S1,2026-04-02T16:35:22.437696,62,92,250,301,346,169,499,480,466,366,110,188,95,125,340,420,477,258,668,634,624,454,151,219,64,92,282,337,377,181,545,529,507,368,100,137,45,79,223,296,316,154,437,441,427,303,90,107,17,32,139,178,189,88,273,272,277,194,41,56,20,33,151,197,204,95,306,304,306,203,33,38,13,28,149,185,200,80,289,283,270,178,28,30,38,56,170,225,240,118,341,336,345,246,58,89,44.25,67.12,213.0,267.38,293.62,142.88,419.75,409.88,402.75,289.0,76.38,108.0
Concrete_0cm_S1,2026-04-02T16:35:22.547980,62,92,250,301,346,169,499,480,466,366,110,188,95,125,340,420,477,258,668,634,624,454,151,219,64,91,282,337,377,181,545,529,507,368,101,137,45,79,222,295,316,154,436,441,427,303,90,107,17,32,139,178,188,88,274,273,277,194,41,56,20,33,152,197,204,95,306,303,307,203,33,38,13,28,149,185,200,80,289,283,270,178,28,30,37,56,170,226,241,118,341,336,345,246,58,89,44.12,67.0,213.0,267.38,293.62,142.88,419.75,409.88,402.88,289.0,76.5,108.0
Concrete_0cm_S1,2026-04-02T16:35:22.664277,62,92,250,301,346,169,499,480,466,366,110,188,95,125,340,420,477,258,668,634,624,454,151,219,64,91,282,337,377,181,545,529,507,368,101,137,45,79,222,295,316,154,436,441,427,303,90,107,17,32,139,178,188,88,274,273,277,194,41,56,20,33,152,197,204,95,306,303,307,203,33,38,13,28,149,185,200,80,289,283,270,178,28,30,37,56,170,226,241,118,341,336,345,246,58,89,44.12,67.0,213.0,267.38,293.62,142.88,419.75,409.88,402.88,289.0,76.5,108.0
Concrete_0cm_S1,2026-04-02T16:35:22.764311,62,91,250,301,345,169,499,479,464,365,110,189,95,125,340,420,477,258,668,633,624,454,151,219,64,91,282,337,377,181,545,530,507,368,101,137,45,79,223,296,316,154,436,441,428,303,90,107,17,32,139,178,189,88,274,272,277,194,41,56,20,33,152,197,204,95,306,304,306,203,33,38,12,28,149,185,200,80,289,282,269,178,28,30,37,56,170,225,240,118,341,336,345,247,58,90,44.0,66.88,213.12,267.38,293.5,142.88,419.75,409.62,402.5,289.0,76.5,108.25
Concrete_0cm_S1,2026-04-02T16:35:22.864458,62,91,250,301,345,169,498,479,465,366,110,188,95,125,340,421,477,258,667,634,624,455,151,219,64,92,282,338,377,182,545,529,508,369,101,137,45,79,223,296,316,154,436,441,428,303,90,107,17,32,139,178,189,88,274,272,277,194,41,56,20,33,152,197,204,95,306,304,306,203,33,38,12,28,149,185,200,80,289,282,269,178,28,30,37,56,170,225,240,118,341,336,345,247,58,90,44.0,67.0,213.12,267.62,293.5,143.0,419.5,409.62,402.75,289.38,76.5,108.12
Concrete_0cm_S1,2026-04-02T16:35:22.964674,62,91,250,301,345,169,498,479,465,366,110,188,95,125,340,421,477,258,667,634,624,455,151,219,64,92,282,338,377,182,545,529,508,369,101,137,45,80,223,295,316,154,436,441,428,303,90,107,18,32,139,178,189,88,274,273,277,194,41,56,20,33,152,197,204,95,306,304,306,203,33,38,12,28,149,185,200,80,289,282,269,178,28,30,37,56,170,225,240,118,341,336,345,247,58,90,44.12,67.12,213.12,267.5,293.5,143.0,419.5,409.75,402.75,289.38,76.5,108.12
Concrete_0cm_S1,2026-04-02T16:35:23.065025,62,91,250,301,345,169,498,479,465,366,110,188,95,125,340,421,477,258,667,634,624,455,151,219,64,92,282,338,377,182,545,529,508,369,101,137,45,80,223,295,316,154,436,441,428,303,90,107,18,32,139,178,189,88,274,273,277,194,41,56,20,33,152,197,204,95,306,304,306,203,33,38,12,28,149,185,200,80,289,282,269,178,28,30,37,56,170,225,240,118,341,336,345,247,58,90,44.12,67.12,213.12,267.5,293.5,143.0,419.5,409.75,402.75,289.38,76.5,108.12
Concrete_0cm_S1,2026-04-02T16:35:23.160601,62,92,250,301,346,169,498,479,464,366,110,188,95,125,340,420,477,258,668,633,624,454,151,219,64,91,282,337,377,182,545,529,507,369,101,137,45,80,223,295,316,154,436,441,428,303,90,107,18,32,139,178,189,88,274,273,277,194,41,56,20,33,151,197,204,95,307,303,307,203,33,38,13,28,149,185,199,80,288,282,270,178,28,30,38,56,170,226,240,118,341,336,346,247,58,90,44.38,67.12,213.0,267.38,293.5,143.0,419.62,409.5,402.88,289.25,76.5,108.12
Concrete_0cm_S1,2026-04-02T16:35:23.265616,62,91,250,300,345,169,498,479,465,365,109,187,95,125,340,420,477,258,667,633,624,454,151,219,64,92,282,337,377,181,545,530,508,368,101,137,46,79,223,295,316,154,437,441,427,303,90,107,17,32,139,178,189,88,274,273,277,195,41,56,20,33,151,197,204,95,306,303,307,203,33,38,13,28,149,185,200,80,289,283,270,178,28,30,37,56,170,225,240,118,341,336,345,247,58,90,44.25,67.0,213.0,267.12,293.5,142.88,419.62,409.75,402.88,289.12,76.38,108.0
Concrete_0cm_S1,2026-04-02T16:35:23.370892,62,91,250,301,345,169,498,479,464,365,110,188,95,126,340,421,477,258,667,634,625,454,151,219,64,92,283,337,378,181,546,530,507,369,101,137,46,79,223,295,316,154,437,441,427,303,90,107,17,32,139,178,189,88,274,273,277,195,41,56,20,33,151,197,204,95,306,303,307,203,33,38,13,28,149,185,200,80,289,283,270,178,28,30,37,56,170,225,240,118,341,336,345,247,58,90,44.25,67.12,213.12,267.38,293.62,142.88,419.75,409.88,402.75,289.25,76.5,108.12
Concrete_0cm_S1,2026-04-02T16:35:23.466934,62,91,250,301,345,169,498,479,464,365,110,188,95,126,340,421,477,258,667,634,625,454,151,219,64,92,283,337,378,181,546,530,507,369,101,137,46,79,223,295,316,154,437,441,427,303,90,107,17,32,139,178,189,88,274,273,277,195,41,56,20,33,151,197,204,95,306,303,307,203,33,38,13,28,149,185,200,80,289,283,270,178,28,30,37,56,170,225,240,118,341,336,345,247,58,90,44.25,67.12,213.12,267.38,293.62,142.88,419.75,409.88,402.75,289.25,76.5,108.12
Concrete_0cm_S1,2026-04-02T16:35:23.565904,62,91,250,301,345,169,498,479,464,365,110,188,95,126,340,421,477,258,667,634,625,454,151,219,64,92,283,337,378,181,546,530,507,369,101,137,45,79,223,296,316,154,436,441,427,303,90,107,18,32,139,178,189,88,274,273,277,195,41,56,20,33,151,197,204,95,306,303,307,203,33,38,13,28,149,185,200,80,289,283,270,178,28,30,37,56,170,225,240,118,341,336,345,247,58,90,44.25,67.12,213.12,267.5,293.62,142.88,419.62,409.88,402.75,289.25,76.5,108.12
Concrete_0cm_S1,2026-04-02T16:35:23.665798,62,91,250,301,345,169,498,479,464,365,110,188,95,126,340,421,477,258,667,634,625,454,151,219,64,92,283,337,378,181,546,530,507,369,101,137,45,79,223,296,316,154,436,441,427,303,90,107,18,32,139,178,189,88,274,273,277,195,41,56,20,33,151,197,204,95,306,303,307,203,33,38,13,28,149,185,200,80,289,283,270,178,28,30,37,56,170,225,240,118,341,336,345,247,58,90,44.25,67.12,213.12,267.5,293.62,142.88,419.62,409.88,402.75,289.25,76.5,108.12
Concrete_0cm_S1,2026-04-02T16:35:23.752162,62,92,250,300,345,169,498,479,464,365,109,188,95,125,340,421,477,258,667,633,624,453,151,219,64,91,282,337,377,181,545,529,507,368,101,137,46,80,223,294,316,154,436,441,427,303,90,108,18,32,139,178,189,89,274,273,278,195,41,56,20,33,151,197,204,95,306,303,307,203,33,39,13,28,149,185,200,80,288,283,270,178,28,30,38,56,170,226,240,118,341,336,345,246,58,89,44.5,67.12,213.0,267.25,293.5,143.0,419.38,409.62,402.75,288.88,76.38,108.25
Concrete_0cm_S1,2026-04-02T16:35:23.857792,62,91,250,300,345,169,498,478,464,365,110,187,95,125,340,420,477,258,667,633,624,454,151,219,64,91,282,337,377,182,545,529,507,369,101,137,46,80,223,295,316,154,437,441,428,303,90,108,18,32,139,178,189,89,274,273,278,195,41,56,20,33,151,197,204,95,306,303,307,203,33,39,13,28,149,185,200,80,288,283,270,178,28,30,38,56,170,226,240,118,341,336,345,246,58,89,44.5,67.0,213.0,267.25,293.5,143.12,419.5,409.5,402.88,289.12,76.5,108.12
Concrete_0cm_S1,2026-04-02T16:35:23.953792,62,91,250,300,345,169,498,478,464,365,110,187,95,125,340,420,477,258,667,633,624,454,151,219,64,91,282,337,377,182,545,529,507,369,101,137,46,80,223,295,316,154,437,441,428,303,90,108,18,32,139,178,189,89,274,273,277,195,41,56,20,33,151,197,204,95,306,304,307,203,33,38,13,28,149,185,200,80,288,283,270,178,28,30,38,56,170,226,240,118,341,336,345,246,58,89,44.5,67.0,213.0,267.25,293.5,143.12,419.5,409.62,402.75,289.12,76.5,108.0
Concrete_0cm_S1,2026-04-02T16:35:24.054411,62,91,250,300,345,169,498,478,464,365,110,187,95,125,340,420,477,258,667,633,624,454,151,219,64,91,282,337,377,182,545,529,507,369,101,137,46,80,223,295,316,154,437,441,428,303,90,108,18,32,139,178,189,89,274,273,277,195,41,56,20,33,151,197,204,95,306,304,307,203,33,38,13,28,149,185,200,80,288,283,270,178,28,30,38,56,170,226,240,118,341,336,345,246,58,89,44.5,67.0,213.0,267.25,293.5,143.12,419.5,409.62,402.75,289.12,76.5,108.0
Concrete_0cm_S1,2026-04-02T16:35:24.149554,61,91,250,300,344,169,498,479,464,365,110,188,95,125,340,420,477,258,667,633,624,454,151,219,64,92,282,337,378,182,546,529,508,368,101,137,46,80,223,295,316,154,436,441,427,303,90,108,18,32,139,178,189,89,274,273,277,195,41,56,20,33,151,197,204,95,307,304,307,203,33,39,13,28,149,185,200,80,289,283,270,178,28,30,38,56,170,226,240,118,341,336,345,246,58,89,44.38,67.12,213.0,267.25,293.5,143.12,419.75,409.75,402.75,289.0,76.5,108.25
Concrete_0cm_S1,2026-04-02T16:35:24.246097,61,91,250,300,344,169,498,479,464,365,110,188,95,125,340,420,477,258,667,633,624,454,151,219,64,91,282,337,377,181,545,529,507,369,101,137,46,80,223,295,316,154,436,441,427,303,90,108,18,32,139,178,189,88,274,273,277,195,41,57,20,33,152,197,204,95,307,304,307,204,34,39,13,28,149,185,200,80,289,283,270,178,28,30,38,56,170,226,240,118,341,336,345,246,58,89,44.38,67.0,213.12,267.25,293.38,142.88,419.62,409.75,402.62,289.25,76.62,108.38
Concrete_0cm_S1,2026-04-02T16:35:24.356854,61,91,250,300,345,169,498,479,464,365,109,188,95,125,340,421,477,258,668,633,624,454,151,219,64,91,282,337,377,181,545,530,508,369,101,137,46,80,223,295,316,154,436,441,427,303,90,108,18,32,139,178,189,88,274,273,277,195,41,57,20,33,152,197,204,95,307,304,307,204,34,39,13,28,149,185,200,80,288,283,270,178,28,30,38,56,170,226,240,118,342,336,346,247,58,90,44.38,67.0,213.12,267.38,293.5,142.88,419.75,409.88,402.88,289.38,76.5,108.5
Concrete_0cm_S1,2026-04-02T16:35:24.467491,61,91,250,300,345,169,498,479,464,365,109,188,95,125,340,421,477,258,668,633,624,454,151,219,64,91,282,337,377,181,545,530,508,369,101,137,46,80,223,295,317,154,436,441,427,303,90,108,18,32,139,178,189,89,274,274,278,195,41,57,20,33,152,197,204,95,307,304,307,204,34,39,13,28,149,185,200,80,288,283,269,178,28,30,38,56,170,226,240,118,342,337,346,247,58,90,44.38,67.0,213.12,267.38,293.62,143.0,419.75,410.12,402.88,289.38,76.5,108.5
Concrete_0cm_S1,2026-04-02T16:35:24.566443,62,91,250,300,344,169,498,478,464,365,110,188,95,125,340,420,477,258,668,634,624,454,151,219,64,91,282,338,378,181,546,529,508,368,101,137,45,80,223,295,316,154,437,441,427,304,90,108,18,32,139,178,189,89,274,274,278,195,41,57,20,33,152,197,204,95,307,304,307,204,34,39,13,28,149,185,200,80,288,283,269,178,28,30,38,56,170,226,240,118,342,337,346,247,58,90,44.38,67.0,213.12,267.38,293.5,143.0,420.0,410.0,402.88,289.38,76.62,108.5
Concrete_0cm_S1,2026-04-02T16:35:24.666663,62,91,250,300,344,169,498,478,464,365,110,188,95,125,340,420,477,258,668,634,624,454,151,219,64,91,282,338,378,181,546,529,508,368,101,137,45,80,223,295,316,154,437,441,427,304,90,108,18,32,139,178,189,89,274,274,278,195,41,57,20,33,152,197,204,95,307,304,307,204,34,39,13,28,149,185,200,80,288,283,269,178,28,30,38,56,170,226,240,118,342,337,346,247,58,90,44.38,67.0,213.12,267.38,293.5,143.0,420.0,410.0,402.88,289.38,76.62,108.5
Concrete_0cm_S1,2026-04-02T16:35:24.752152,62,91,250,300,345,169,498,478,464,365,109,188,95,125,340,420,477,258,668,634,624,454,151,219,64,91,282,338,378,181,546,529,508,368,101,137,45,80,223,295,316,154,437,441,427,304,90,108,18,32,139,178,189,88,274,273,278,195,41,57,20,33,151,197,204,95,307,304,307,204,33,39,13,28,149,185,200,80,288,283,270,178,28,30,38,56,170,226,240,118,341,337,346,247,59,90,44.38,67.0,213.0,267.38,293.62,142.88,419.88,409.88,403.0,289.38,76.5,108.5
Concrete_0cm_S1,2026-04-02T16:35:24.863242,62,92,250,300,345,169,498,478,465,365,109,188,95,125,341,420,477,258,668,633,624,454,151,219,64,91,283,338,377,182,545,529,508,369,101,137,46,80,223,296,316,154,436,441,427,303,90,108,18,32,139,178,189,88,274,273,278,195,41,57,20,33,151,197,204,95,307,304,307,204,33,39,13,28,149,185,200,80,288,283,270,178,28,30,38,56,170,226,241,118,341,337,346,247,58,90,44.5,67.12,213.25,267.5,293.62,143.0,419.62,409.75,403.12,289.38,76.38,108.5
Concrete_0cm_S1,2026-04-02T16:35:24.966946,62,92,250,300,345,169,498,478,465,365,109,188,95,125,341,420,477,258,668,633,624,454,151,219,64,91,283,338,377,182,545,529,508,369,101,137,46,80,223,296,316,154,436,441,427,303,90,108,18,32,139,178,189,89,274,273,278,195,41,57,20,33,151,197,204,95,307,304,307,203,34,39,13,28,149,185,200,80,288,283,270,178,28,30,38,56,170,226,240,118,341,336,346,247,58,90,44.5,67.12,213.25,267.5,293.5,143.12,419.62,409.62,403.12,289.25,76.5,108.5
Concrete_0cm_S1,2026-04-02T16:35:25.054150,62,92,250,300,345,169,498,478,465,365,109,188,95,125,341,420,477,258,668,633,624,454,151,219,64,91,283,338,377,182,545,529,508,369,101,137,46,80,223,296,316,154,436,441,427,303,90,108,18,32,139,178,189,89,274,273,278,195,41,57,20,33,151,197,204,95,307,304,307,203,34,39,13,28,149,185,200,80,288,283,270,178,28,30,38,56,170,226,240,118,341,336,346,247,58,90,44.5,67.12,213.25,267.5,293.5,143.12,419.62,409.62,403.12,289.25,76.5,108.5
Concrete_0cm_S1,2026-04-02T16:35:25.150009,62,91,249,300,345,169,498,478,464,365,110,188,95,126,340,420,477,259,668,634,625,455,151,220,64,91,282,337,378,181,545,529,508,369,101,137,46,79,223,295,316,154,436,441,427,303,90,108,18,32,139,178,189,89,274,273,278,195,41,57,20,33,151,197,204,95,307,304,307,203,34,39,13,28,149,185,200,80,288,283,270,178,28,30,38,56,170,226,240,118,341,336,346,247,58,90,44.5,67.0,212.88,267.25,293.62,143.12,419.62,409.75,403.12,289.38,76.62,108.62
Concrete_0cm_S1,2026-04-02T16:35:25.254418,62,91,249,300,345,169,498,478,464,365,110,188,95,125,340,420,477,258,668,634,624,454,151,219,64,91,282,337,378,181,545,529,508,369,101,137,46,79,223,295,316,154,436,441,427,303,90,108,18,32,139,178,189,89,274,273,278,195,41,57,20,33,151,197,204,95,307,304,307,203,34,39,13,28,149,185,200,80,288,283,270,178,28,30,38,56,170,226,240,118,341,336,346,247,58,90,44.5,66.88,212.88,267.25,293.62,143.0,419.62,409.75,403.0,289.25,76.62,108.5
Concrete_0cm_S1,2026-04-02T16:35:25.348927,61,91,250,300,345,169,498,479,464,365,109,188,95,125,340,420,478,258,668,634,624,454,151,219,64,91,282,337,378,181,546,530,508,369,101,137,45,80,223,295,316,154,436,441,427,303,90,108,18,32,139,178,189,89,274,273,278,195,41,57,20,33,151,197,204,95,306,304,307,203,34,38,13,28,149,185,200,80,289,283,270,178,28,30,38,56,170,226,240,118,341,337,346,247,58,90,44.25,67.0,213.0,267.25,293.75,143.0,419.75,410.12,403.0,289.25,76.5,108.38
Concrete_0cm_S1,2026-04-02T16:35:25.449242,61,91,250,300,345,169,498,479,464,365,109,188,95,125,340,420,478,258,668,634,624,454,151,219,64,91,282,337,378,181,546,530,508,369,101,137,45,80,223,295,316,154,436,441,427,303,90,108,18,32,139,178,189,88,274,273,278,195,41,57,20,33,151,197,204,95,306,304,307,203,34,38,13,28,149,185,200,80,289,283,270,178,28,30,38,56,170,226,240,118,341,337,346,247,58,90,44.25,67.0,213.0,267.25,293.75,142.88,419.75,410.12,403.0,289.25,76.5,108.38
Concrete_0cm_S1,2026-04-02T16:35:25.554339,62,92,250,300,345,169,498,478,464,365,110,188,95,126,340,420,478,258,668,634,625,455,151,220,64,92,282,338,378,182,546,529,508,368,101,137,46,80,223,295,316,154,436,441,427,303,90,108,18,32,139,178,189,88,274,273,278,195,41,57,20,33,152,197,204,95,307,304,307,203,33,39,13,28,149,185,200,80,289,282,270,178,28,30,38,56,170,226,241,118,341,336,346,247,58,90,44.5,67.38,213.12,267.38,293.88,143.0,419.88,409.62,403.12,289.25,76.5,108.62
Concrete_0cm_S1,2026-04-02T16:35:25.655151,62,92,250,300,345,169,498,478,464,365,110,188,95,126,340,420,478,258,668,634,625,455,151,220,64,92,282,338,378,182,546,529,508,368,101,137,46,80,223,295,316,154,436,441,427,303,90,108,18,32,139,178,189,88,274,273,278,195,41,57,20,33,152,197,204,95,307,304,307,203,33,39,13,28,149,185,200,80,289,282,270,178,28,30,38,56,170,226,241,118,341,336,346,247,58,90,44.5,67.38,213.12,267.38,293.88,143.0,419.88,409.62,403.12,289.25,76.5,108.62
Concrete_0cm_S1,2026-04-02T16:35:25.735865,62,92,250,300,345,169,498,478,464,365,110,188,95,126,340,420,478,258,668,634,625,455,151,220,64,92,282,338,378,182,546,529,508,368,101,137,46,80,223,295,316,154,436,441,427,303,90,108,18,32,139,178,189,88,274,273,278,195,41,57,20,33,152,197,204,95,307,304,307,203,33,39,13,28,149,185,200,80,289,282,270,178,28,30,38,56,170,226,241,118,341,336,346,247,58,90,44.5,67.38,213.12,267.38,293.88,143.0,419.88,409.62,403.12,289.25,76.5,108.62
Concrete_0cm_S1,2026-04-02T16:35:25.836245,62,91,250,300,345,169,498,478,464,365,109,188,95,125,340,421,478,258,667,634,624,455,151,219,64,92,282,337,378,182,546,530,508,369,101,137,46,80,223,295,316,154,436,441,427,303,90,107,18,32,139,178,189,89,274,273,277,195,41,57,20,33,151,197,204,95,307,304,307,204,34,39,13,28,149,185,199,80,288,282,270,178,28,30,38,56,170,226,240,118,341,336,346,246,58,90,44.5,67.12,213.0,267.38,293.62,143.12,419.62,409.75,402.88,289.38,76.5,108.38
Concrete_0cm_S1,2026-04-02T16:35:25.924835,62,91,250,300,345,169,498,478,464,365,109,188,95,125,340,421,478,258,667,634,624,455,151,219,64,92,282,337,378,182,546,530,508,369,101,137,46,79,222,295,316,154,436,441,427,303,90,108,18,32,139,178,189,89,274,273,277,195,41,57,20,33,152,197,204,95,307,304,307,204,34,39,13,28,149,185,199,80,288,282,270,178,28,30,38,56,170,226,241,118,341,337,346,247,58,90,44.5,67.0,213.0,267.38,293.75,143.12,419.62,409.88,402.88,289.5,76.5,108.5
Concrete_0cm_S1,2026-04-02T16:35:26.020031,62,91,250,300,345,169,498,478,464,365,109,188,95,125,340,421,478,258,667,634,624,455,151,219,64,92,282,337,378,182,546,530,508,369,101,137,46,79,222,295,316,154,436,441,427,303,90,108,18,32,139,178,189,89,274,273,277,195,41,57,20,33,152,197,204,95,307,304,307,204,34,39,13,28,149,185,199,80,288,282,270,178,28,30,38,56,170,226,241,118,341,337,346,247,58,90,44.5,67.0,213.0,267.38,293.75,143.12,419.62,409.88,402.88,289.5,76.5,108.5
Concrete_0cm_S1,2026-04-02T16:35:26.115006,62,91,250,300,345,169,498,478,464,365,109,188,95,125,340,421,478,258,667,634,624,455,151,219,64,92,282,337,378,182,546,530,508,369,101,137,46,79,222,295,316,154,436,441,427,303,90,108,18,32,139,178,189,89,274,273,277,195,41,57,20,33,152,197,204,95,307,304,307,204,34,39,13,28,149,185,199,80,288,282,270,178,28,30,38,56,170,226,241,118,341,337,346,247,58,90,44.5,67.0,213.0,267.38,293.75,143.12,419.62,409.88,402.88,289.5,76.5,108.5
Concrete_0cm_S1,2026-04-02T16:35:26.209826,62,92,249,300,345,168,498,479,464,365,110,188,96,126,340,421,477,259,668,634,624,455,151,220,64,92,283,338,378,182,545,530,508,368,101,137,46,80,223,295,316,154,436,441,427,303,90,108,18,32,139,178,189,88,274,273,277,195,41,57,20,33,151,197,204,95,307,304,307,204,34,39,13,28,149,185,200,80,288,282,270,178,28,30,38,56,170,226,241,118,342,337,346,247,58,90,44.62,67.38,213.0,267.5,293.75,143.0,419.75,410.0,402.88,289.38,76.62,108.62
Concrete_0cm_S1,2026-04-02T16:35:26.304931,61,91,249,300,344,169,497,478,463,365,109,188,95,126,339,421,478,258,668,634,625,455,152,219,64,92,283,338,378,182,545,530,508,368,101,137,46,79,223,295,316,154,437,441,427,303,90,108,18,32,139,179,189,89,274,273,278,195,41,57,20,33,151,197,204,95,307,304,307,203,33,39,13,28,149,185,200,80,288,282,269,178,28,30,38,56,170,226,240,118,342,337,346,247,58,90,44.38,67.12,212.88,267.62,293.62,143.12,419.75,409.88,402.88,289.25,76.5,108.5
Concrete_0cm_S1,2026-04-02T16:35:26.410962,61,91,249,300,344,169,497,478,463,365,109,188,95,126,339,421,478,258,668,634,625,455,152,219,64,91,282,338,378,181,545,529,508,369,101,137,46,79,223,295,316,154,437,441,427,303,90,108,18,32,139,178,189,88,274,273,278,195,41,57,20,33,151,197,204,95,307,304,307,203,34,39,13,28,149,185,200,80,288,283,270,178,28,30,38,56,170,226,240,118,342,337,346,247,58,90,44.38,67.0,212.75,267.5,293.62,142.88,419.75,409.88,403.0,289.38,76.62,108.5
Concrete_0cm_S1,2026-04-02T16:35:26.506478,61,91,249,300,344,169,497,478,463,365,109,188,95,126,339,421,478,258,668,634,625,455,152,219,64,91,282,338,378,181,545,529,508,369,101,137,46,79,223,295,316,154,437,441,427,303,90,108,18,32,139,178,189,88,274,273,278,195,41,57,20,33,151,197,204,95,307,304,307,203,34,39,13,28,149,185,200,80,288,283,270,178,28,30,38,56,170,226,240,118,342,337,346,247,58,90,44.38,67.0,212.75,267.5,293.62,142.88,419.75,409.88,403.0,289.38,76.62,108.5
Concrete_0cm_S1,2026-04-02T16:35:26.600903,62,91,249,300,344,169,497,478,464,365,109,187,95,125,340,421,478,258,669,634,624,454,151,219,64,91,283,337,377,181,545,529,508,369,101,137,46,79,223,295,316,154,437,441,427,303,90,108,18,32,139,178,189,88,274,273,278,195,41,57,20,33,151,197,204,95,307,304,307,203,34,39,13,28,149,185,200,80,288,283,270,178,28,30,38,56,170,226,241,118,341,337,346,247,58,90,44.5,66.88,213.0,267.38,293.62,142.88,419.75,409.88,403.0,289.25,76.5,108.38
Concrete_0cm_S1,2026-04-02T16:35:26.686472,62,91,249,300,344,169,497,478,464,365,109,187,95,125,340,421,478,258,669,634,624,454,151,219,64,91,283,337,377,181,545,529,508,369,101,137,46,79,223,295,316,154,437,441,427,303,90,108,18,32,139,178,189,88,274,273,278,195,41,57,20,33,151,197,204,95,307,304,307,203,34,39,13,28,149,185,200,80,288,283,270,178,28,30,38,56,170,226,241,118,341,337,346,247,58,90,44.5,66.88,213.0,267.38,293.62,142.88,419.75,409.88,403.0,289.25,76.5,108.38
Concrete_0cm_S1,2026-04-02T16:35:26.786145,61,91,249,300,344,169,497,477,463,364,109,187,95,125,340,420,477,258,668,633,624,454,151,219,64,91,282,338,377,182,546,530,508,369,101,137,46,80,223,296,316,154,436,440,427,303,90,108,18,32,139,178,189,89,274,273,277,195,41,57,20,33,152,197,204,95,307,304,307,203,33,39,13,28,149,185,200,80,288,283,270,177,28,30,38,56,170,226,240,118,341,337,346,247,58,90,44.38,67.0,213.0,267.5,293.38,143.12,419.62,409.62,402.75,289.0,76.38,108.38
Concrete_0cm_S1,2026-04-02T16:35:26.891837,62,91,249,300,345,169,497,477,464,364,109,187,95,125,340,421,478,258,668,634,624,455,152,219,64,92,282,337,377,182,546,529,508,369,101,137,45,80,223,295,315,154,437,441,427,303,90,108,18,32,139,178,189,88,274,273,277,195,41,57,20,33,152,197,204,95,307,304,307,203,33,39,13,28,149,185,200,80,288,283,270,177,28,30,38,56,170,226,240,118,341,337,346,247,58,90,44.38,67.12,213.0,267.38,293.5,143.0,419.75,409.75,402.88,289.12,76.5,108.38
Concrete_0cm_S1,2026-04-02T16:35:26.985980,62,91,249,300,345,169,497,478,464,364,110,188,95,126,340,421,478,258,668,634,624,455,152,219,64,92,282,337,377,182,546,529,508,369,101,137,45,80,223,295,315,154,437,441,427,303,90,108,18,32,139,178,189,88,274,273,277,195,41,57,20,33,152,197,204,95,306,304,307,204,34,39,13,28,149,185,200,80,288,282,270,178,28,30,38,56,171,226,241,118,342,337,346,246,58,90,44.38,67.25,213.12,267.38,293.62,143.0,419.75,409.75,402.88,289.25,76.75,108.5
Concrete_0cm_S1,2026-04-02T16:35:27.096249,62,91,249,300,345,169,497,478,464,364,110,188,95,126,340,421,478,258,668,634,624,455,152,219,64,92,282,337,377,182,546,529,508,369,101,137,45,80,223,295,315,154,437,441,427,303,90,108,18,32,139,178,189,88,274,273,277,195,41,57,20,33,152,197,204,95,306,304,307,204,34,39,13,28,149,185,200,80,288,282,270,178,28,30,38,56,171,226,241,118,342,337,346,246,58,90,44.38,67.25,213.12,267.38,293.62,143.0,419.75,409.75,402.88,289.25,76.75,108.5
Concrete_0cm_S1,2026-04-02T16:35:27.191088,62,91,249,300,345,169,497,478,464,364,110,188,95,126,340,421,478,258,668,634,624,455,152,219,64,91,282,338,378,182,546,530,508,369,101,137,46,80,223,295,316,154,437,441,427,303,90,108,18,32,139,178,189,88,274,273,278,195,41,57,20,33,152,197,204,95,307,304,307,204,34,39,13,28,148,185,200,80,288,283,270,178,28,30,38,56,171,226,241,118,342,337,346,246,58,90,44.5,67.12,213.0,267.5,293.88,143.0,419.88,410.0,403.0,289.25,76.75,108.5
Concrete_0cm_S1,2026-04-02T16:35:27.296461,61,91,249,300,344,169,497,477,463,364,109,187,95,126,340,421,478,258,668,634,624,455,152,219,64,91,282,338,378,182,546,530,508,369,101,137,46,80,223,295,316,154,437,441,427,303,90,108,18,32,139,178,188,89,274,273,278,195,41,57,20,33,152,197,204,95,307,304,307,204,34,39,13,28,149,185,200,80,288,283,270,178,28,30,38,56,171,227,241,118,341,337,346,247,58,90,44.38,67.12,213.12,267.62,293.62,143.12,419.75,409.88,402.88,289.38,76.62,108.38
Concrete_0cm_S1,2026-04-02T16:35:27.413557,61,91,249,300,344,169,497,477,463,364,109,187,95,126,340,421,478,258,668,635,625,455,151,220,64,91,282,337,378,181,545,529,508,369,101,137,46,80,223,296,316,154,437,441,428,303,90,108,18,32,139,178,189,89,274,273,278,195,41,57,20,33,151,198,204,95,307,304,307,204,34,39,13,28,149,185,200,80,288,283,270,178,28,30,38,56,171,227,241,118,341,337,346,247,58,90,44.38,67.12,213.0,267.75,293.75,143.0,419.62,409.88,403.12,289.38,76.5,108.5
Concrete_0cm_S1,2026-04-02T16:35:27.524661,61,91,249,300,344,169,497,477,463,364,109,187,95,126,340,421,478,258,668,635,625,455,151,220,64,91,282,337,378,181,545,529,508,369,101,137,46,80,223,296,316,154,437,441,428,303,90,108,18,32,139,178,189,89,274,273,278,195,41,57,20,33,151,198,204,95,307,304,307,204,34,39,13,28,149,185,200,80,288,283,270,178,28,30,38,56,171,227,241,118,341,337,346,247,58,90,44.38,67.12,213.0,267.75,293.75,143.0,419.62,409.88,403.12,289.38,76.5,108.5
Concrete_0cm_S1,2026-04-02T16:35:27.619439,62,91,249,300,344,169,497,478,464,365,109,187,95,126,340,421,478,258,669,634,625,455,151,220,64,91,282,337,378,181,545,529,508,369,101,137,46,80,223,296,316,154,437,441,428,303,90,108,18,32,139,178,189,89,274,273,278,195,41,57,20,33,151,198,204,95,307,304,307,204,34,39,13,28,149,185,200,80,288,283,270,178,28,30,38,56,171,227,241,118,341,337,346,247,58,90,44.5,67.12,213.0,267.75,293.75,143.0,419.75,409.88,403.25,289.5,76.5,108.5
Concrete_0cm_S1,2026-04-02T16:35:27.715182,62,91,249,300,344,169,497,478,464,365,109,187,95,126,340,421,478,258,669,634,625,455,151,220,64,91,282,337,378,181,545,529,508,369,101,137,46,80,223,296,316,154,437,441,428,303,90,108,18,32,139,178,189,89,274,273,278,195,41,57,20,33,151,198,204,95,307,304,307,204,34,39,13,28,149,185,200,80,288,283,270,178,28,30,38,56,171,227,241,118,341,337,346,247,58,90,44.5,67.12,213.0,267.75,293.75,143.0,419.75,409.88,403.25,289.5,76.5,108.5
Concrete_0cm_S1,2026-04-02T16:35:27.809819,61,91,249,300,345,168,497,478,463,364,110,187,95,126,340,421,478,258,669,634,625,455,151,220,64,91,282,337,378,181,545,529,508,369,101,137,46,80,223,296,316,154,437,441,428,303,90,108,18,32,139,178,189,89,274,273,278,195,41,57,20,33,151,198,204,95,307,304,307,204,34,39,13,28,149,185,200,80,288,283,270,178,28,30,38,56,171,227,241,118,341,337,346,247,58,90,44.38,67.12,213.0,267.75,293.88,142.88,419.75,409.88,403.12,289.38,76.62,108.5
Concrete_0cm_S1,2026-04-02T16:35:27.904707,61,91,249,300,345,168,497,478,463,364,110,187,95,126,340,421,478,258,669,634,625,455,151,220,64,91,282,337,378,181,545,529,508,369,101,137,46,80,223,296,316,154,437,441,428,303,90,108,18,32,139,178,189,89,274,273,278,195,41,57,20,33,151,198,204,95,307,304,307,204,34,39,13,28,149,185,200,80,288,283,270,178,28,30,38,56,171,227,241,118,341,337,346,247,58,90,44.38,67.12,213.0,267.75,293.88,142.88,419.75,409.88,403.12,289.38,76.62,108.5
Concrete_0cm_S1,2026-04-02T16:35:28.000610,61,91,249,300,345,168,497,478,463,364,110,187,95,126,340,421,478,258,669,634,625,455,151,220,64,91,282,337,378,181,545,529,508,369,101,137,46,80,223,296,316,154,437,441,428,303,90,108,18,32,139,178,189,89,274,273,278,195,41,57,20,33,151,198,204,95,307,304,307,204,34,39,13,28,149,185,200,80,288,283,270,178,28,30,38,56,171,227,241,118,341,337,346,247,58,90,44.38,67.12,213.0,267.75,293.88,142.88,419.75,409.88,403.12,289.38,76.62,108.5
Concrete_0cm_S1,2026-04-02T16:35:28.086012,61,91,249,300,345,168,497,478,463,364,110,187,95,126,340,422,478,259,669,634,625,455,152,220,64,92,283,338,378,182,546,530,508,369,101,137,45,80,223,295,316,154,437,441,427,303,90,108,18,32,139,178,189,89,274,273,278,195,41,57,20,33,151,198,204,95,307,304,307,204,34,39,13,28,149,185,200,80,288,283,270,178,28,30,38,56,171,227,241,118,341,337,346,247,58,90,44.25,67.25,213.12,267.88,293.88,143.12,419.88,410.0,403.0,289.38,76.75,108.5
Concrete_0cm_S1,2026-04-02T16:35:28.191231,61,91,249,299,344,168,496,477,463,364,109,187,95,125,340,421,478,259,668,634,624,455,152,219,64,91,282,337,377,182,545,529,507,368,101,137,46,80,223,295,316,154,436,441,427,303,90,108,18,32,139,178,189,88,274,273,278,195,41,56,20,33,152,197,204,95,307,304,307,203,33,38,13,28,148,185,199,80,288,283,269,178,28,30,38,56,170,226,241,119,342,337,346,247,58,90,44.38,67.0,212.88,267.25,293.5,143.12,419.5,409.75,402.62,289.12,76.5,108.12
Concrete_0cm_S1,2026-04-02T16:35:28.317237,61,91,249,299,344,168,496,477,463,364,109,187,95,125,340,421,478,259,668,634,624,455,152,219,64,91,282,337,377,182,545,529,507,368,101,137,46,80,223,295,316,154,436,441,427,303,90,108,18,32,139,178,189,88,274,273,277,195,41,56,20,33,152,197,204,95,307,304,307,203,33,38,13,28,149,185,200,80,288,283,270,178,28,30,38,56,170,226,241,118,341,337,347,247,58,90,44.38,67.0,213.0,267.25,293.62,143.0,419.38,409.75,402.75,289.12,76.5,108.12
Concrete_0cm_S1,2026-04-02T16:35:28.411845,61,91,249,299,344,169,496,476,463,364,109,187,96,126,340,420,478,258,669,634,624,455,152,220,64,92,282,337,378,182,545,530,508,369,101,137,46,80,223,295,316,154,436,441,427,303,90,108,18,32,139,178,189,89,274,273,277,195,41,56,20,33,152,197,204,95,307,303,307,204,33,38,13,28,149,185,200,80,288,283,270,178,28,30,38,56,171,226,241,118,341,336,346,247,58,90,44.5,67.25,213.12,267.12,293.75,143.12,419.5,409.5,402.75,289.38,76.5,108.25
Concrete_0cm_S1,2026-04-02T16:35:28.522789,61,91,249,299,344,169,496,476,463,364,109,187,96,126,340,420,478,258,669,634,624,455,152,220,64,92,282,337,378,182,545,530,508,369,101,137,46,80,223,295,316,154,436,441,427,303,90,108,18,32,139,178,189,89,274,273,277,195,41,56,20,33,152,197,204,95,307,303,307,204,33,38,13,28,149,185,200,80,288,283,270,178,28,30,38,56,171,226,241,118,341,336,346,247,58,90,44.5,67.25,213.12,267.12,293.75,143.12,419.5,409.5,402.75,289.38,76.5,108.25
Concrete_0cm_S1,2026-04-02T16:35:28.617770,61,91,249,299,344,169,497,477,463,364,109,187,95,126,341,421,478,258,668,634,624,454,151,220,64,92,283,338,378,182,545,529,508,368,101,137,46,79,223,295,316,154,437,441,427,303,90,107,18,32,139,178,189,89,274,273,277,195,41,56,20,33,152,197,204,95,307,303,307,204,33,38,13,28,149,185,200,80,288,283,270,178,28,30,38,56,171,226,241,118,341,336,346,247,58,90,44.38,67.12,213.38,267.38,293.75,143.12,419.62,409.5,402.75,289.12,76.38,108.12
Concrete_0cm_S1,2026-04-02T16:35:28.713163,61,91,249,299,344,169,497,477,463,364,109,187,95,126,341,421,478,258,668,634,624,454,151,220,64,92,283,338,378,182,545,529,508,368,101,137,46,79,223,295,316,154,437,441,427,303,90,107,18,32,139,178,189,89,274,273,277,195,41,56,20,33,152,197,204,95,307,303,307,204,33,38,13,28,149,185,200,80,288,283,270,178,28,30,38,56,171,226,241,118,341,336,346,247,58,90,44.38,67.12,213.38,267.38,293.75,143.12,419.62,409.5,402.75,289.12,76.38,108.12
Concrete_0cm_S1,2026-04-02T16:35:28.809191,61,91,249,299,344,169,497,477,463,364,109,187,95,126,341,421,478,258,668,634,624,454,151,220,64,92,283,338,378,182,545,529,508,368,101,137,46,79,223,295,316,154,437,441,427,303,90,107,18,32,139,178,189,89,274,273,277,195,41,56,20,33,152,197,204,95,307,303,307,204,33,38,13,28,149,185,200,80,288,283,270,178,28,30,38,56,171,226,241,118,341,336,346,247,58,90,44.38,67.12,213.38,267.38,293.75,143.12,419.62,409.5,402.75,289.12,76.38,108.12
Concrete_0cm_S1,2026-04-02T16:35:28.904553,61,91,248,299,344,168,497,477,463,364,109,187,95,126,341,421,478,258,668,634,624,454,151,220,64,91,282,337,377,182,545,529,507,369,101,137,46,80,223,295,316,154,437,441,428,303,90,108,18,32,139,178,189,89,274,273,278,195,41,56,20,33,152,197,204,95,307,303,307,204,33,38,13,28,148,185,199,80,288,283,270,178,28,30,38,56,171,226,241,118,341,336,346,247,58,90,44.38,67.12,213.0,267.25,293.5,143.0,419.62,409.5,402.88,289.25,76.38,108.25
Concrete_0cm_S1,2026-04-02T16:35:29.010213,61,91,249,299,344,168,496,477,463,364,109,187,96,126,340,421,478,259,669,635,625,455,152,220,64,92,283,338,378,181,545,530,508,369,101,137,46,80,223,296,316,154,437,441,428,303,90,108,18,32,139,178,189,89,274,273,278,195,41,56,20,33,152,197,204,95,307,303,307,204,33,38,13,28,148,185,199,80,288,283,270,178,28,30,38,56,170,226,241,118,342,337,346,247,58,90,44.5,67.25,213.0,267.5,293.62,143.0,419.75,409.88,403.12,289.38,76.5,108.25
Concrete_0cm_S1,2026-04-02T16:35:29.111092,61,91,249,299,344,168,496,477,463,364,109,187,96,126,340,421,478,259,669,635,625,455,152,220,64,92,283,338,378,181,545,530,508,369,101,137,46,80,223,296,316,154,437,441,428,303,90,108,18,32,138,178,189,88,274,273,278,195,41,56,20,33,152,197,204,95,307,303,307,204,33,38,13,28,148,185,199,80,288,283,270,178,28,30,38,56,170,226,241,118,342,337,346,247,58,90,44.5,67.25,212.88,267.5,293.62,142.88,419.75,409.88,403.12,289.38,76.5,108.25
Concrete_0cm_S1,2026-04-02T16:35:29.200364,61,91,249,299,344,168,496,477,463,364,109,187,96,126,340,421,478,259,669,635,625,455,152,220,64,92,283,338,378,181,545,530,508,369,101,137,46,80,223,296,316,154,437,441,428,303,90,108,18,32,138,178,189,88,274,273,278,195,41,56,20,33,152,197,204,95,307,303,307,204,33,38,13,28,148,185,199,80,288,283,270,178,28,30,38,56,170,226,241,118,342,337,346,247,58,90,44.5,67.25,212.88,267.5,293.62,142.88,419.75,409.88,403.12,289.38,76.5,108.25
Concrete_0cm_S1,2026-04-02T16:35:29.286332,61,91,249,299,344,168,496,477,463,364,109,187,96,126,340,421,478,259,669,635,625,455,152,220,64,92,283,338,378,181,545,530,508,369,101,137,46,80,223,296,316,154,437,441,428,303,90,108,18,32,138,178,189,88,274,273,278,195,41,56,20,33,152,197,204,95,307,304,307,203,34,38,13,28,148,185,199,80,288,283,270,178,28,30,38,56,170,226,241,118,342,337,346,247,58,90,44.5,67.25,212.88,267.5,293.62,142.88,419.75,410.0,403.12,289.25,76.62,108.25
Concrete_0cm_S1,2026-04-02T16:35:29.395855,61,91,249,299,344,168,496,477,463,364,109,187,95,126,340,421,478,259,669,634,625,455,152,220,64,91,282,337,378,181,545,529,508,369,101,137,46,79,223,296,316,154,437,441,427,303,90,107,18,32,139,177,189,88,274,273,277,195,41,56,20,33,152,197,204,95,307,304,307,204,34,38,13,28,149,185,200,80,288,283,269,178,28,30,38,56,170,226,241,118,342,337,346,247,58,90,44.38,67.0,213.0,267.25,293.75,142.88,419.75,409.75,402.75,289.38,76.62,108.12
Concrete_0cm_S1,2026-04-02T16:35:29.500265,61,91,249,299,343,168,496,476,463,364,109,187,95,126,340,421,478,259,668,634,625,455,152,220,64,91,282,338,378,181,545,530,508,369,101,137,46,79,223,296,316,154,437,441,427,303,90,107,18,32,139,177,189,88,274,273,277,195,41,56,20,33,152,197,204,95,307,304,307,204,34,38,13,28,149,185,200,80,288,283,269,178,28,30,38,56,170,226,241,119,342,337,346,247,58,90,44.38,67.0,213.0,267.38,293.62,143.0,419.62,409.75,402.75,289.38,76.62,108.12
Concrete_0cm_S1,2026-04-02T16:35:29.586236,61,91,249,299,343,168,496,476,463,364,109,187,95,126,340,421,478,259,668,634,625,455,152,220,64,91,282,338,378,181,545,530,508,369,101,137,46,79,223,295,316,154,437,441,427,303,90,108,18,32,139,178,188,88,274,273,278,195,41,56,20,33,152,197,204,95,307,304,307,203,34,38,13,28,148,185,199,80,288,282,270,178,28,30,38,56,170,226,241,118,342,337,346,247,58,90,44.38,67.0,212.88,267.38,293.38,142.88,419.62,409.62,403.0,289.25,76.62,108.25
Concrete_0cm_S1,2026-04-02T16:35:29.680889,61,91,249,299,343,168,496,476,463,364,109,187,95,126,340,421,478,259,668,634,625,455,152,220,64,91,282,338,378,181,545,530,508,369,101,137,46,79,223,295,316,154,437,441,427,303,90,108,18,32,139,178,188,88,274,273,278,195,41,56,20,33,152,197,204,95,307,304,307,203,34,38,13,28,148,185,199,80,288,282,270,178,28,30,38,56,170,226,241,118,342,337,346,247,58,90,44.38,67.0,212.88,267.38,293.38,142.88,419.62,409.62,403.0,289.25,76.62,108.25
Concrete_0cm_S1,2026-04-02T16:35:29.760453,61,91,249,299,343,168,496,476,463,364,109,187,95,126,340,421,478,259,668,634,625,455,152,220,64,91,282,338,378,181,545,530,508,369,101,137,46,79,223,295,316,154,437,441,427,303,90,108,18,32,139,178,188,88,274,273,278,195,41,56,20,33,152,197,204,95,307,304,307,203,34,38,13,28,148,185,199,80,288,282,270,178,28,30,38,56,170,226,241,118,342,337,346,247,58,90,44.38,67.0,212.88,267.38,293.38,142.88,419.62,409.62,403.0,289.25,76.62,108.25
Concrete_0cm_S1,2026-04-02T16:35:29.855558,61,91,249,299,343,168,496,476,463,364,109,187,95,126,340,421,478,259,668,634,625,455,152,220,64,92,283,337,378,182,546,530,508,369,101,137,46,79,222,295,316,154,436,441,427,303,90,108,18,32,139,178,189,88,274,273,277,195,41,56,20,33,152,197,204,95,307,304,307,204,33,38,13,28,148,185,199,80,288,282,270,178,28,30,38,56,170,226,241,118,342,337,346,247,58,90,44.38,67.12,212.88,267.25,293.5,143.0,419.62,409.62,402.88,289.38,76.5,108.25
Concrete_0cm_S1,2026-04-02T16:35:29.951521,61,91,249,299,343,168,496,476,463,364,109,187,95,126,340,421,478,259,669,634,624,455,152,220,64,92,282,338,377,181,545,529,508,369,101,137,45,80,223,295,316,154,437,441,427,303,90,108,18,32,139,178,189,88,274,273,278,195,41,56,20,33,152,198,204,95,307,304,307,203,34,38,13,28,149,185,200,80,288,283,270,178,28,30,38,56,170,226,241,119,341,337,346,247,58,90,44.25,67.25,213.0,267.5,293.5,143.0,419.62,409.62,402.88,289.25,76.62,108.25
Concrete_0cm_S1,2026-04-02T16:35:30.045771,61,91,248,299,343,168,496,476,463,364,109,187,95,126,340,421,479,259,669,634,625,455,152,220,64,91,282,338,378,181,546,529,508,369,101,137,46,79,223,295,316,154,437,442,428,303,90,107,18,32,139,178,189,88,274,273,277,195,41,56,20,33,152,197,204,95,307,304,307,204,34,38,13,28,148,185,200,80,288,282,270,178,28,30,38,56,170,226,241,119,341,337,346,247,58,90,44.38,67.0,212.75,267.38,293.75,143.0,419.75,409.62,403.0,289.38,76.62,108.12
Concrete_0cm_S1,2026-04-02T16:35:30.151243,61,91,248,298,344,168,496,476,462,364,109,187,95,126,340,421,479,259,669,634,625,455,152,220,64,91,282,338,378,181,546,529,508,369,101,137,46,79,223,295,316,154,437,442,428,303,90,107,18,32,139,178,189,88,274,273,277,195,41,56,20,33,152,197,204,95,307,304,307,204,34,38,13,28,148,185,200,80,288,282,270,178,28,30,38,56,171,226,241,119,342,337,347,247,58,90,44.38,67.0,212.88,267.25,293.88,143.0,419.88,409.62,403.0,289.38,76.62,108.12
Concrete_0cm_S1,2026-04-02T16:35:30.251618,61,91,248,298,344,168,496,476,462,364,109,187,95,126,340,421,479,259,669,634,625,455,152,220,64,91,282,338,378,181,546,529,508,369,101,137,46,79,223,295,316,154,437,442,428,303,90,107,18,32,139,178,189,88,274,273,277,195,41,56,20,33,152,197,204,95,307,304,307,204,34,38,13,28,148,185,200,80,288,282,270,178,28,30,38,56,171,226,241,119,342,337,347,247,58,90,44.38,67.0,212.88,267.25,293.88,143.0,419.88,409.62,403.0,289.38,76.62,108.12
Concrete_0cm_S1,2026-04-02T16:35:30.335979,61,91,248,298,344,168,496,476,462,364,109,187,96,126,340,421,478,258,668,634,625,455,152,220,64,92,282,338,377,181,546,530,508,369,101,137,46,80,223,296,316,154,436,441,427,303,90,108,18,32,139,178,189,88,274,273,276,195,41,56,20,33,152,197,204,95,307,304,307,204,34,38,13,28,148,185,200,80,288,282,270,178,28,30,38,56,171,226,241,119,342,337,347,247,58,90,44.5,67.25,212.88,267.38,293.62,142.88,419.62,409.62,402.75,289.38,76.62,108.25
Concrete_0cm_S1,2026-04-02T16:35:30.435904,61,91,248,299,343,168,496,476,462,364,109,187,96,126,340,421,479,259,669,635,625,455,152,220,64,92,282,337,377,181,546,530,508,369,101,137,46,80,223,295,316,154,437,441,427,304,90,108,18,32,139,178,189,89,274,273,278,195,41,56,20,33,151,197,204,95,307,304,307,204,34,39,13,28,148,185,200,80,288,283,270,178,28,30,38,56,171,227,241,119,342,337,347,247,59,89,44.5,67.25,212.75,267.38,293.62,143.12,419.88,409.88,403.0,289.5,76.75,108.25
Concrete_0cm_S1,2026-04-02T16:35:30.538081,61,91,248,299,343,168,496,476,462,364,109,187,95,126,341,421,478,258,669,634,625,455,152,220,64,92,282,338,378,182,546,530,508,369,101,137,46,80,223,295,316,154,436,441,427,303,90,108,18,32,139,178,189,89,274,273,278,195,41,56,20,33,151,197,204,95,307,304,307,204,34,39,13,28,148,185,200,80,288,283,270,178,28,30,38,56,171,227,241,119,342,337,347,247,59,89,44.38,67.25,212.88,267.5,293.62,143.12,419.75,409.75,403.0,289.38,76.75,108.25
Concrete_0cm_S1,2026-04-02T16:35:30.635971,61,91,248,299,343,168,496,476,462,364,109,187,95,126,341,421,478,258,669,634,625,455,152,220,64,92,282,338,378,182,546,530,508,369,101,137,46,80,223,295,316,154,436,441,427,303,90,108,18,32,139,178,189,88,274,273,278,196,41,56,20,33,152,197,204,95,307,304,307,204,34,39,13,28,149,185,200,80,288,283,270,178,28,30,38,56,171,226,241,118,342,337,347,247,58,90,44.38,67.25,213.12,267.38,293.62,142.88,419.75,409.75,403.0,289.5,76.62,108.38
Concrete_0cm_S1,2026-04-02T16:35:30.728362,61,91,248,299,343,168,496,476,462,364,109,187,96,126,340,421,478,259,669,634,625,455,152,220,64,92,283,337,378,182,546,530,508,369,101,137,46,80,223,296,316,154,437,441,427,304,90,108,18,32,139,178,189,88,274,273,277,195,41,56,20,33,152,197,204,95,307,304,307,204,34,39,13,28,149,185,200,80,288,283,270,178,28,30,38,56,171,226,241,118,342,337,347,247,58,90,44.5,67.25,213.12,267.38,293.62,143.0,419.88,409.75,402.88,289.5,76.62,108.38
Concrete_0cm_S1,2026-04-02T16:35:30.823772,61,91,248,299,343,168,496,476,462,364,109,187,96,126,340,421,478,259,669,634,625,455,152,220,64,92,283,337,378,182,546,530,508,369,101,137,46,80,223,296,316,154,437,441,427,304,90,108,18,32,139,178,189,88,274,273,277,195,41,56,20,33,152,197,204,95,307,304,307,204,34,39,13,28,149,185,200,80,288,283,270,178,28,30,38,56,171,226,241,118,342,337,347,247,58,90,44.5,67.25,213.12,267.38,293.62,143.0,419.88,409.75,402.88,289.5,76.62,108.38
Concrete_0cm_S1,2026-04-02T16:35:30.918759,61,91,249,298,343,168,495,476,462,364,108,187,96,126,340,421,478,259,668,634,625,455,152,219,64,91,282,337,378,182,545,530,508,369,101,137,46,79,223,295,317,154,437,441,428,303,90,107,18,32,139,178,189,88,274,273,277,195,41,56,20,33,152,197,204,95,307,304,307,204,34,39,13,28,149,185,200,80,288,283,270,178,28,30,38,56,170,226,241,119,342,337,346,247,58,90,44.5,67.0,213.0,267.12,293.75,143.12,419.5,409.75,402.88,289.38,76.5,108.12
Concrete_0cm_S1,2026-04-02T16:35:31.008839,61,91,248,299,343,168,495,476,462,363,109,187,96,126,340,421,478,259,669,635,625,455,152,220,64,91,282,337,378,182,545,530,508,369,101,137,46,79,223,295,317,154,437,441,428,303,90,107,18,32,139,178,189,88,274,273,277,195,41,56,20,33,152,198,204,95,307,304,307,203,33,38,13,28,149,185,200,80,288,283,270,178,28,30,38,56,171,226,241,118,342,337,346,247,58,90,44.5,67.0,213.0,267.38,293.75,143.0,419.62,409.88,402.88,289.12,76.5,108.12
Concrete_0cm_S1,2026-04-02T16:35:31.109220,61,91,248,299,343,168,495,476,462,363,109,187,96,126,340,421,478,259,669,635,625,455,152,220,64,92,283,337,377,182,546,530,508,369,101,137,45,79,223,295,316,154,437,441,427,303,90,108,18,32,139,178,189,88,274,273,277,195,41,56,20,33,152,197,204,95,307,304,307,204,34,38,13,28,149,185,200,80,288,283,270,178,28,30,38,56,171,226,241,118,342,337,346,247,58,90,44.38,67.12,213.12,267.25,293.5,143.0,419.75,409.88,402.75,289.25,76.62,108.25
Concrete_0cm_S1,2026-04-02T16:35:31.204527,61,91,248,299,343,168,495,476,462,363,109,187,96,126,340,421,478,259,669,635,625,455,152,220,64,92,283,337,377,182,546,530,508,369,101,137,45,79,223,295,316,154,437,441,427,303,90,108,18,32,139,178,189,88,274,273,277,195,41,56,20,33,152,197,204,95,307,304,307,204,34,38,13,28,149,185,200,80,288,283,270,178,28,30,38,56,171,226,241,118,342,337,346,247,58,90,44.38,67.12,213.12,267.25,293.5,143.0,419.75,409.88,402.75,289.25,76.62,108.25
Concrete_0cm_S1,2026-04-02T16:35:31.286199,61,90,248,298,343,168,496,476,462,363,109,187,96,126,340,421,478,258,668,634,625,455,152,220,64,92,282,338,378,182,546,530,508,369,101,137,46,80,223,295,316,154,437,441,427,303,90,108,18,32,139,178,189,88,274,273,278,195,41,56,20,33,152,197,204,95,307,304,308,204,34,39,13,28,149,185,200,80,289,283,270,178,28,30,38,56,171,226,241,118,342,337,346,247,58,90,44.5,67.12,213.0,267.25,293.62,142.88,419.88,409.75,403.0,289.25,76.62,108.38
Concrete_0cm_S1,2026-04-02T16:35:31.394006,61,91,248,298,343,168,495,475,462,364,109,187,95,126,340,421,478,259,669,634,625,455,151,220,64,92,283,337,378,182,546,530,508,369,101,137,45,80,223,295,316,154,437,441,427,303,90,107,18,32,139,178,189,88,274,273,277,195,41,56,20,33,151,197,204,95,307,304,307,204,34,38,13,28,149,185,200,80,289,283,270,178,28,30,38,56,171,226,241,118,342,337,346,247,58,90,44.25,67.25,213.0,267.12,293.62,143.0,419.88,409.62,402.75,289.38,76.5,108.12
Concrete_0cm_S1,2026-04-02T16:35:31.504627,61,91,248,298,343,168,496,476,462,363,109,187,96,126,340,421,478,259,669,635,625,456,152,220,64,92,283,337,378,182,546,530,508,369,101,137,45,80,223,295,316,154,437,441,427,303,90,107,18,32,139,178,189,88,274,273,277,195,41,56,20,33,151,197,204,95,307,304,307,204,34,38,13,28,149,185,200,80,289,282,270,178,28,30,38,56,171,227,241,119,342,337,347,247,58,90,44.38,67.25,213.0,267.25,293.62,143.12,420.0,409.75,402.88,289.38,76.62,108.12
Concrete_0cm_S1,2026-04-02T16:35:31.610387,61,91,248,298,343,168,496,476,462,363,109,187,96,126,340,421,478,259,669,635,625,456,152,220,64,92,283,337,378,182,546,530,508,369,101,137,45,80,223,295,316,154,437,441,427,303,90,107,18,32,139,178,189,88,274,273,277,195,41,56,20,33,151,197,204,95,307,304,307,204,34,38,13,28,149,185,200,80,289,282,270,178,28,30,38,56,171,227,241,119,342,337,347,247,58,90,44.38,67.25,213.0,267.25,293.62,143.12,420.0,409.75,402.88,289.38,76.62,108.12
Concrete_0cm_S1,2026-04-02T16:35:31.704995,61,91,248,298,343,168,495,476,462,363,109,187,95,126,340,422,478,258,669,634,624,455,152,220,64,91,282,337,377,181,546,530,508,369,101,137,46,80,223,295,316,154,437,441,428,303,90,107,18,32,139,178,189,88,274,273,277,195,41,56,20,33,152,197,204,95,307,304,307,204,33,38,12,28,148,185,200,80,289,283,270,178,28,30,38,56,171,226,241,118,342,337,347,247,58,90,44.25,67.12,212.88,267.25,293.5,142.75,419.88,409.75,402.88,289.25,76.5,108.12
Concrete_0cm_S1,2026-04-02T16:35:31.805249,61,91,248,298,343,168,495,476,462,363,109,187,95,126,340,422,478,258,669,634,624,455,152,220,64,91,282,337,377,181,546,530,508,369,101,137,46,80,223,295,316,154,437,441,428,303,90,107,18,32,138,178,189,88,274,273,278,195,41,56,20,33,152,197,204,95,307,304,307,203,33,38,13,28,149,185,200,80,288,283,270,178,28,30,38,56,171,226,241,118,341,337,346,247,58,90,44.38,67.12,212.88,267.25,293.5,142.75,419.62,409.75,402.88,289.12,76.5,108.12
Concrete_0cm_S1,2026-04-02T16:35:31.915829,61,91,248,298,343,168,495,476,462,363,109,187,96,126,341,421,478,259,669,635,625,455,152,220,64,92,282,338,377,181,546,530,508,369,101,137,46,79,223,295,316,154,436,441,427,303,90,107,17,32,139,178,189,88,274,273,277,195,41,56,20,33,151,197,204,95,307,304,307,203,33,38,13,28,149,185,200,80,288,283,270,178,28,30,38,56,171,226,241,118,341,337,346,247,58,90,44.38,67.12,213.0,267.25,293.5,142.88,419.5,409.88,402.75,289.12,76.5,108.12
Concrete_0cm_S1,2026-04-02T16:35:32.011192,61,91,248,298,343,168,495,475,462,363,108,186,96,126,340,421,478,259,669,634,624,455,152,220,64,91,282,337,377,181,545,530,508,369,101,137,46,79,223,295,316,154,436,441,427,303,90,107,17,32,139,178,189,88,274,273,277,195,41,56,20,33,151,197,204,95,307,304,307,203,33,38,13,28,149,185,200,80,288,283,270,178,28,30,38,55,171,227,241,119,342,337,346,247,58,90,44.38,66.88,212.88,267.25,293.5,143.0,419.5,409.62,402.62,289.12,76.38,108.0
Concrete_0cm_S1,2026-04-02T16:35:32.106594,61,91,248,298,343,168,495,475,462,363,108,186,96,126,340,421,478,259,669,634,624,455,152,220,64,91,282,337,377,181,545,530,508,369,101,137,45,79,223,296,315,154,436,441,428,303,90,107,17,32,139,178,189,88,274,273,277,194,41,56,20,33,152,197,204,95,307,304,307,203,33,38,13,28,148,185,200,80,288,283,270,178,28,30,38,56,170,226,241,118,341,337,346,247,58,90,44.25,67.0,212.75,267.25,293.38,142.88,419.38,409.62,402.75,289.0,76.38,108.0
Concrete_0cm_S1,2026-04-02T16:35:32.217134,61,91,248,298,343,168,495,475,462,363,108,186,96,126,340,421,478,259,669,634,624,455,152,220,64,91,282,337,377,181,545,530,508,369,101,137,45,79,223,296,315,154,436,441,428,303,90,107,17,32,139,178,189,88,274,273,277,194,41,56,20,33,152,197,204,95,307,304,307,203,33,38,13,28,148,185,200,80,288,283,270,178,28,30,38,56,170,226,241,118,341,337,346,247,58,90,44.25,67.0,212.75,267.25,293.38,142.88,419.38,409.62,402.75,289.0,76.38,108.0
Concrete_0cm_S1,2026-04-02T16:35:32.311324,61,90,248,298,342,168,495,476,461,363,109,186,95,126,341,421,478,258,669,634,625,455,152,220,64,91,282,338,378,181,545,529,507,368,101,137,45,79,223,295,316,154,437,441,427,303,90,107,18,32,139,178,189,88,274,273,277,195,41,56,20,33,152,197,204,95,307,304,307,203,33,38,13,28,149,185,200,80,289,283,270,178,28,30,38,56,170,226,241,118,341,337,346,247,58,90,44.25,66.88,213.0,267.25,293.5,142.75,419.62,409.62,402.5,289.0,76.5,108.0
Concrete_0cm_S1,2026-04-02T16:35:32.421834,61,90,248,298,342,168,495,476,461,363,109,186,95,126,340,421,478,259,670,634,625,455,151,220,64,92,282,337,377,182,545,529,508,369,101,137,46,80,223,296,316,154,437,441,427,303,90,107,17,32,139,178,189,88,274,273,278,195,41,56,20,33,152,197,204,95,306,303,307,203,33,38,13,28,149,185,200,80,288,282,270,178,28,30,38,56,171,227,241,118,342,337,346,247,58,89,44.25,67.12,213.0,267.38,293.38,143.0,419.62,409.38,402.75,289.12,76.38,107.88
Concrete_0cm_S1,2026-04-02T16:35:32.535987,61,90,248,298,343,168,495,476,461,363,109,186,95,126,340,421,478,258,668,635,625,455,152,220,64,91,282,338,377,181,546,530,508,369,101,137,46,79,223,294,316,154,436,441,427,303,90,107,17,32,139,178,189,88,274,273,278,195,41,56,20,33,152,197,204,95,306,303,307,203,33,38,13,28,149,185,200,80,288,282,270,178,28,30,38,56,171,227,241,118,342,337,346,247,58,89,44.25,66.88,213.0,267.25,293.5,142.75,419.38,409.62,402.75,289.12,76.5,107.88
Concrete_0cm_S1,2026-04-02T16:35:32.643666,61,90,248,298,343,168,495,476,461,363,109,186,95,126,340,421,478,258,668,635,625,455,152,220,64,91,282,338,377,181,546,530,508,369,101,137,46,79,223,294,316,154,436,441,427,303,90,107,17,32,139,178,189,88,274,273,278,195,41,56,20,33,152,197,204,95,306,303,307,203,33,38,13,28,149,185,200,80,288,282,270,178,28,30,38,56,171,227,241,118,342,337,346,247,58,89,44.25,66.88,213.0,267.25,293.5,142.75,419.38,409.62,402.75,289.12,76.5,107.88
Concrete_0cm_S1,2026-04-02T16:35:32.740323,61,90,248,298,343,168,494,476,461,363,108,186,96,126,340,421,478,259,668,634,625,455,152,220,64,91,282,337,377,181,546,530,507,369,101,137,46,80,223,295,316,154,437,441,427,303,90,107,17,32,139,178,189,88,274,273,277,194,41,56,20,33,152,197,204,95,307,304,307,203,33,38,13,28,149,185,199,80,288,283,270,178,28,30,38,56,171,226,241,118,341,336,346,247,58,90,44.38,67.0,213.0,267.12,293.38,142.88,419.38,409.62,402.5,289.0,76.38,108.0
Concrete_0cm_S1,2026-04-02T16:35:32.865454,61,90,248,297,343,168,495,475,461,363,109,186,96,126,341,422,479,259,669,634,626,455,152,220,64,92,282,337,377,181,546,529,508,368,101,137,46,80,223,296,316,154,437,441,428,303,90,107,17,32,139,178,189,88,274,273,277,194,41,56,20,33,152,197,204,95,307,304,307,203,33,38,13,28,149,185,199,80,288,283,270,178,28,30,38,56,171,226,241,118,342,337,346,247,58,89,44.38,67.12,213.12,267.25,293.5,142.88,419.75,409.5,402.88,288.88,76.5,107.88
Concrete_0cm_S1,2026-04-02T16:35:32.975528,61,90,248,297,343,168,495,475,461,363,109,186,96,126,341,422,479,259,669,634,626,455,152,220,64,92,282,337,377,181,546,529,508,368,101,137,46,80,223,296,316,154,437,441,428,303,90,107,17,32,139,178,189,88,274,273,278,195,41,56,20,33,152,197,204,95,307,304,307,203,34,38,13,28,149,185,200,80,289,283,270,178,28,30,38,56,171,227,241,118,341,336,346,247,58,90,44.38,67.12,213.12,267.38,293.62,142.88,419.75,409.38,403.0,289.0,76.62,108.0
Concrete_0cm_S1,2026-04-02T16:35:33.096338,61,90,248,298,343,168,494,475,461,363,109,186,95,126,341,421,479,259,669,635,626,455,152,220,64,91,283,337,377,182,545,529,508,368,101,137,45,80,223,295,316,154,437,441,428,303,90,108,17,32,139,178,189,88,274,273,277,195,41,56,20,33,152,197,204,95,307,304,307,204,33,38,13,28,149,185,200,80,289,283,270,178,28,30,38,56,171,226,241,118,342,337,346,247,58,90,44.12,67.0,213.25,267.12,293.62,143.0,419.62,409.62,402.88,289.12,76.5,108.12
Concrete_0cm_S1,2026-04-02T16:35:33.212234,61,90,248,298,343,168,494,475,461,363,109,186,95,126,341,421,479,259,669,635,626,455,152,220,64,91,283,337,377,182,545,529,508,368,101,137,45,80,223,295,316,154,437,441,428,303,90,108,17,32,139,178,189,88,274,273,277,195,41,56,20,33,152,197,204,95,307,304,307,204,33,38,13,28,149,185,200,80,289,283,270,178,28,30,38,56,171,226,241,118,342,337,346,247,58,90,44.12,67.0,213.25,267.12,293.62,143.0,419.62,409.62,402.88,289.12,76.5,108.12
Concrete_0cm_S1,2026-04-02T16:35:33.338817,61,90,247,298,342,168,495,476,461,363,109,186,96,126,340,421,479,259,669,634,625,456,152,220,64,92,282,337,377,181,545,529,507,368,101,137,46,79,223,295,316,154,437,441,427,303,90,107,18,32,139,178,189,89,274,273,277,195,41,56,20,33,151,197,204,95,307,304,307,204,33,38,13,28,149,185,200,80,288,283,270,178,28,30,38,56,171,226,241,118,342,337,346,247,58,89,44.5,67.0,212.75,267.12,293.5,143.0,419.62,409.62,402.5,289.25,76.5,107.88
Concrete_0cm_S1,2026-04-02T16:35:33.436338,61,90,247,298,342,168,495,476,461,363,109,186,96,126,340,421,479,259,669,634,625,456,152,220,64,92,282,338,378,181,545,529,507,368,100,137,45,79,223,295,316,154,437,441,427,303,90,107,17,32,139,178,189,89,274,273,278,194,41,56,20,33,152,197,204,95,307,304,307,204,33,38,13,28,148,185,200,80,289,283,270,178,28,30,38,56,171,226,241,118,342,337,346,247,58,90,44.25,67.0,212.75,267.25,293.62,143.0,419.75,409.62,402.62,289.12,76.38,108.0
Concrete_0cm_S1,2026-04-02T16:35:33.545705,61,90,248,298,342,167,495,475,461,363,109,186,96,126,341,421,478,259,669,635,625,455,152,220,64,91,282,337,378,181,546,529,508,369,101,137,46,79,223,295,316,154,436,441,427,304,90,108,17,32,139,178,189,88,274,273,278,195,41,56,20,33,152,197,204,95,307,304,307,204,33,38,13,28,148,185,200,80,289,283,270,178,28,30,38,56,171,226,241,118,342,337,346,247,58,90,44.38,66.88,213.0,267.12,293.5,142.75,419.75,409.62,402.75,289.38,76.5,108.12
Concrete_0cm_S1,2026-04-02T16:35:33.650995,61,90,248,298,342,167,495,475,461,363,109,186,96,126,341,421,478,259,669,635,625,455,152,220,64,91,282,337,378,181,546,529,508,369,101,137,46,79,223,295,316,154,436,441,427,304,90,108,17,32,139,178,189,88,274,273,278,195,41,56,20,33,152,197,204,95,307,304,307,204,34,38,13,28,148,185,200,80,289,283,270,178,28,30,38,56,171,226,241,118,342,337,346,247,58,90,44.38,66.88,213.0,267.12,293.5,142.75,419.75,409.62,402.75,289.38,76.62,108.12
Concrete_0cm_S1,2026-04-02T16:35:33.751448,61,90,247,298,342,168,494,475,461,363,108,186,96,126,340,421,478,259,669,635,625,456,152,220,64,91,282,338,378,181,545,530,508,369,101,137,46,80,223,295,316,154,435,442,428,303,90,107,18,32,138,178,189,88,274,273,278,195,41,56,20,33,152,197,204,95,307,304,307,203,33,38,13,28,149,185,200,80,289,283,270,178,28,30,38,56,170,226,241,119,342,337,346,247,58,90,44.5,67.0,212.62,267.25,293.5,143.0,419.38,409.88,402.88,289.25,76.38,108.0
Concrete_0cm_S1,2026-04-02T16:35:33.857943,61,90,248,297,342,167,494,475,461,362,108,186,95,126,341,421,478,258,669,634,625,455,152,219,64,91,282,337,378,181,546,530,508,369,101,137,46,80,223,295,316,154,436,441,428,303,90,107,18,32,138,178,189,88,274,273,278,195,41,56,20,33,152,197,204,95,307,304,307,203,33,38,13,28,149,185,200,80,289,283,270,178,28,30,38,56,171,226,241,118,341,336,346,247,58,89,44.38,67.0,213.0,267.0,293.5,142.62,419.5,409.5,402.88,289.0,76.38,107.75
Concrete_0cm_S1,2026-04-02T16:35:33.958151,61,90,248,297,342,167,494,475,461,362,108,186,95,126,341,421,478,258,669,634,625,455,152,219,64,91,282,337,378,181,546,530,508,369,101,137,46,80,223,295,316,154,436,441,428,303,90,107,18,32,139,178,189,89,274,273,277,195,41,56,20,33,152,197,204,95,307,304,307,204,33,38,13,28,149,185,199,80,288,283,270,178,28,30,38,56,171,226,241,119,342,337,346,247,58,90,44.38,67.0,213.12,267.0,293.38,142.88,419.5,409.62,402.75,289.12,76.38,107.88
Concrete_0cm_S1,2026-04-02T16:35:34.068679,61,90,247,298,342,167,494,475,461,362,108,186,96,126,341,421,478,259,668,635,625,456,152,220,64,91,282,337,378,181,546,530,508,369,101,137,45,79,223,295,316,154,436,441,427,304,90,107,18,32,139,178,189,88,274,273,278,195,41,56,20,33,151,197,204,95,307,304,307,203,33,38,13,28,148,185,200,80,289,283,270,178,28,30,38,56,171,226,241,119,342,337,346,247,58,90,44.38,66.88,212.75,267.12,293.5,142.88,419.5,409.75,402.75,289.25,76.38,108.0
Concrete_0cm_S1,2026-04-02T16:35:34.163627,61,90,247,297,342,167,494,475,461,363,108,186,96,126,341,421,478,259,668,635,625,456,152,220,64,91,282,337,378,181,546,530,508,369,101,137,45,79,223,295,316,154,436,441,427,304,90,107,18,32,139,178,189,88,274,273,278,195,41,56,20,33,151,197,204,95,307,304,307,203,33,38,13,28,148,185,200,80,289,283,270,178,28,30,38,56,171,227,241,118,341,337,346,247,58,90,44.38,66.88,212.75,267.12,293.5,142.75,419.38,409.75,402.75,289.38,76.38,108.0
Concrete_0cm_S1,2026-04-02T16:35:34.258970,61,90,247,297,342,167,494,475,461,363,108,186,96,126,341,421,478,259,668,635,625,456,152,220,64,91,282,337,378,181,546,530,508,369,101,137,45,79,223,295,316,154,436,441,427,304,90,107,18,32,139,178,189,88,274,273,278,195,41,56,20,33,151,197,204,95,307,304,307,203,33,38,13,28,148,185,200,80,289,283,270,178,28,30,38,56,171,227,241,118,341,337,346,247,58,90,44.38,66.88,212.75,267.12,293.5,142.75,419.38,409.75,402.75,289.38,76.38,108.0
Concrete_0cm_S1,2026-04-02T16:35:34.369677,61,90,247,298,342,167,494,475,460,362,108,185,95,126,340,421,478,259,668,634,625,455,152,220,64,92,283,338,377,181,545,529,508,369,101,137,46,80,223,295,316,154,437,441,428,303,90,107,17,32,139,178,189,88,274,273,278,195,41,56,20,33,152,197,204,95,307,304,307,203,33,38,13,28,148,185,200,80,288,283,270,178,28,30,38,56,171,227,241,118,341,337,346,247,58,90,44.25,67.12,212.88,267.38,293.38,142.75,419.25,409.5,402.75,289.0,76.38,107.88
Concrete_0cm_S1,2026-04-02T16:35:34.464366,61,90,247,297,342,167,494,475,461,363,108,186,95,126,340,421,478,259,668,634,625,455,152,220,64,92,283,338,377,181,545,529,508,369,101,137,45,79,222,295,316,154,437,441,427,304,90,107,17,32,139,178,189,88,274,273,277,195,41,56,20,33,152,197,204,95,307,304,307,204,33,38,13,28,149,185,200,80,289,283,270,178,28,30,38,56,171,226,241,118,341,337,345,247,58,89,44.12,67.0,212.88,267.12,293.38,142.75,419.38,409.5,402.5,289.38,76.38,107.88
Concrete_0cm_S1,2026-04-02T16:35:34.575450,61,90,247,297,342,167,494,475,461,363,108,186,96,126,340,421,478,259,668,634,625,455,152,219,64,91,282,337,378,181,545,529,508,368,101,137,45,79,222,295,316,154,436,441,427,303,90,107,17,32,139,178,189,88,274,273,277,194,41,56,20,33,151,197,204,95,307,304,307,204,33,38,13,28,149,185,200,80,289,283,270,178,28,30,38,56,171,226,241,118,341,337,345,247,58,89,44.25,66.88,212.62,267.0,293.5,142.75,419.25,409.5,402.5,289.0,76.38,107.75
Concrete_0cm_S1,2026-04-02T16:35:34.696230,61,90,247,297,342,167,494,475,461,362,108,186,96,126,341,421,478,259,669,635,625,455,152,219,64,91,283,337,377,181,545,529,507,368,101,137,45,79,222,295,316,154,436,441,427,303,90,107,17,32,139,178,189,88,274,273,277,194,41,56,20,33,151,197,204,95,307,304,307,204,33,38,13,28,149,185,200,80,289,283,270,178,28,30,38,56,170,226,241,118,342,336,346,247,58,89,44.25,66.88,212.75,267.0,293.38,142.75,419.5,409.5,402.5,288.88,76.38,107.75
Concrete_0cm_S1,2026-04-02T16:35:34.800809,61,90,247,297,342,167,494,475,461,362,108,186,96,126,341,421,478,259,669,635,625,455,152,219,64,91,283,337,377,181,545,529,507,368,101,137,45,79,222,295,316,154,436,441,427,303,90,107,17,32,139,178,189,88,274,273,278,195,41,56,20,33,152,198,204,95,307,304,307,203,33,38,12,28,149,185,200,80,289,283,270,178,28,30,38,56,171,226,241,118,342,337,346,247,58,89,44.12,66.88,213.0,267.12,293.38,142.75,419.5,409.62,402.62,288.88,76.38,107.75
Concrete_0cm_S1,2026-04-02T16:35:34.892445,61,90,247,297,342,167,494,475,461,362,108,186,96,126,341,421,478,259,669,635,625,455,152,219,64,91,283,337,377,181,545,529,507,368,101,137,45,79,222,295,316,154,436,441,427,303,90,107,17,32,139,178,189,88,274,273,278,195,41,56,20,33,152,198,204,95,307,304,307,203,33,38,12,28,149,185,200,80,289,283,270,178,28,30,38,56,171,226,241,118,342,337,346,247,58,89,44.12,66.88,213.0,267.12,293.38,142.75,419.5,409.62,402.62,288.88,76.38,107.75
Concrete_0cm_S1,2026-04-02T16:35:34.997051,60,90,247,297,342,167,494,475,461,362,108,185,96,126,340,421,478,259,669,635,625,455,151,219,64,91,282,337,377,181,546,529,508,368,100,137,45,79,223,294,316,154,437,441,428,303,90,107,18,32,139,178,189,88,274,273,277,195,41,56,20,33,151,197,204,95,307,304,307,203,33,38,13,28,149,185,200,80,288,283,270,178,28,30,38,56,171,226,241,119,341,336,346,247,58,89,44.25,66.88,212.75,266.88,293.38,142.88,419.5,409.5,402.75,288.88,76.12,107.62
Concrete_0cm_S1,2026-04-02T16:35:35.113682,60,90,247,297,342,167,494,475,461,362,108,185,96,126,340,421,478,259,669,635,625,455,151,219,64,92,282,338,377,181,545,529,508,369,101,137,45,80,222,295,316,154,437,441,428,303,90,107,17,32,139,178,189,88,274,273,278,195,41,56,20,33,152,197,205,95,307,304,307,203,33,38,13,28,148,185,200,80,288,283,270,178,28,30,38,56,171,226,241,119,341,336,346,247,58,89,44.12,67.12,212.62,267.12,293.5,142.88,419.38,409.5,402.88,289.0,76.25,107.62
Concrete_0cm_S1,2026-04-02T16:35:35.224267,60,90,247,297,341,167,494,475,461,362,108,185,96,126,340,421,478,259,669,635,624,455,152,219,64,91,283,337,377,181,545,530,508,369,101,137,45,80,222,295,316,154,437,441,427,303,90,107,17,32,139,178,189,88,274,273,278,195,41,56,20,33,152,197,205,95,307,304,307,203,33,38,13,28,148,185,200,80,288,283,270,178,28,30,38,56,171,226,241,119,341,337,346,247,58,89,44.12,67.0,212.75,267.0,293.38,142.88,419.38,409.75,402.62,289.0,76.38,107.62
Concrete_0cm_S1,2026-04-02T16:35:35.335949,60,90,247,297,341,167,494,475,461,362,108,185,96,126,340,421,478,259,669,635,624,455,152,219,64,91,283,337,377,181,545,530,508,369,101,137,45,80,222,295,316,154,437,441,427,303,90,107,17,32,139,178,189,88,274,273,278,195,41,56,20,33,152,197,205,95,307,304,307,203,33,38,13,28,148,185,200,80,288,283,270,178,28,30,38,56,171,226,241,119,341,337,346,247,58,89,44.12,67.0,212.75,267.0,293.38,142.88,419.38,409.75,402.62,289.0,76.38,107.62
Concrete_0cm_S1,2026-04-02T16:35:35.430866,60,90,247,297,341,167,494,475,461,362,108,185,96,126,340,421,478,259,669,635,624,455,152,219,64,91,283,337,377,181,545,530,508,369,101,137,45,80,222,295,316,154,437,441,427,303,90,107,17,32,139,178,189,88,274,273,278,195,41,56,20,33,152,197,205,95,307,304,307,203,33,38,13,28,148,185,200,80,288,283,270,178,28,30,38,56,171,226,241,119,341,337,346,247,58,89,44.12,67.0,212.75,267.0,293.38,142.88,419.38,409.75,402.62,289.0,76.38,107.62
Concrete_0cm_S1,2026-04-02T16:35:35.509638,60,90,247,297,341,167,493,475,461,362,108,185,96,126,340,421,478,259,668,634,625,455,152,219,64,92,282,338,377,182,545,529,508,369,101,137,46,79,222,295,316,154,437,441,427,303,90,107,17,32,139,178,189,88,274,273,278,195,41,56,20,33,152,198,204,95,307,304,307,203,33,38,13,28,149,185,200,80,288,283,270,178,28,30,38,56,170,227,241,118,342,337,346,247,58,90,44.25,67.0,212.62,267.38,293.25,142.88,419.25,409.5,402.75,289.0,76.38,107.75
Concrete_0cm_S1,2026-04-02T16:35:35.620254,60,90,247,297,341,167,493,475,461,362,108,185,96,126,340,421,478,259,668,634,625,455,152,219,64,92,282,338,377,182,545,529,508,369,101,137,46,79,222,295,316,154,437,441,427,303,90,107,16,32,139,178,189,88,274,273,277,195,41,56,20,33,152,197,204,95,307,304,307,204,34,38,13,28,148,185,200,80,288,283,270,178,28,30,38,56,171,227,241,119,342,337,346,247,58,90,44.12,67.0,212.62,267.25,293.25,143.0,419.25,409.5,402.62,289.12,76.5,107.75
Concrete_0cm_S1,2026-04-02T16:35:35.735891,60,90,247,297,341,167,493,475,461,362,108,185,96,126,340,421,478,259,668,634,625,455,152,219,64,92,282,338,377,182,545,529,508,369,101,137,46,79,222,295,316,154,437,441,427,303,90,107,16,32,139,178,189,88,274,273,277,195,41,56,20,33,152,197,204,95,307,304,307,204,34,38,13,28,148,185,200,80,288,283,270,178,28,30,38,56,171,227,241,119,342,337,346,247,58,90,44.12,67.0,212.62,267.25,293.25,143.0,419.25,409.5,402.62,289.12,76.5,107.75
Concrete_0cm_S1,2026-04-02T16:35:35.826282,60,90,247,297,341,167,493,474,461,361,108,185,95,126,340,421,477,259,668,634,624,455,151,219,64,92,282,337,377,181,545,530,508,369,101,137,46,79,223,295,316,153,436,441,427,303,90,107,17,32,139,178,189,88,274,273,277,195,41,56,20,33,152,197,204,95,307,304,307,204,33,38,13,28,148,185,200,80,288,283,270,178,28,30,38,56,170,227,241,118,342,337,347,247,58,90,44.12,67.0,212.62,267.12,293.12,142.62,419.12,409.5,402.62,289.0,76.25,107.75
Concrete_0cm_S1,2026-04-02T16:35:35.921054,60,90,247,297,341,167,493,474,461,361,108,185,95,126,340,421,477,259,668,634,624,455,151,219,64,92,282,337,377,181,545,530,508,369,101,137,46,79,223,295,316,153,436,441,427,303,90,107,17,32,139,178,189,88,274,273,277,195,41,56,20,33,152,197,204,95,307,304,307,204,33,38,13,28,148,185,200,80,288,283,270,178,28,30,38,56,170,227,241,118,342,337,347,247,58,90,44.12,67.0,212.62,267.12,293.12,142.62,419.12,409.5,402.62,289.0,76.25,107.75
Concrete_0cm_S1,2026-04-02T16:35:36.015788,61,90,247,297,341,167,493,474,461,362,108,185,95,126,340,421,478,259,668,635,625,455,151,219,64,91,282,337,378,181,546,530,508,369,101,137,45,79,222,295,316,154,437,441,427,303,90,107,17,32,139,178,189,88,274,273,277,195,41,56,20,33,152,197,204,95,307,304,307,204,32,38,13,28,149,185,200,80,289,283,270,178,28,30,38,56,171,227,241,118,342,337,347,247,58,89,44.12,66.88,212.75,267.12,293.38,142.75,419.5,409.62,402.75,289.12,76.12,107.62
Concrete_0cm_S1,2026-04-02T16:35:36.126873,61,90,247,297,341,167,493,474,461,362,108,185,95,126,340,421,478,259,668,635,625,455,151,219,64,91,282,337,378,181,546,530,508,369,101,137,45,79,222,295,316,154,437,441,427,303,90,107,18,32,139,178,189,88,274,273,277,195,41,56,20,33,152,197,204,95,307,304,307,203,33,38,13,28,149,185,200,80,289,283,270,178,28,30,38,56,171,227,241,119,342,337,346,247,58,90,44.25,66.88,212.75,267.12,293.38,142.88,419.5,409.62,402.62,289.0,76.25,107.75
Concrete_0cm_S1,2026-04-02T16:35:36.206492,60,90,247,297,341,167,493,474,460,362,108,185,96,126,340,421,478,257,668,634,625,455,151,219,64,91,282,337,377,182,546,530,508,368,101,137,45,79,222,295,316,154,437,441,427,303,90,107,18,32,139,178,189,88,274,273,277,195,41,56,20,33,152,197,204,95,307,304,307,203,33,38,13,28,149,185,200,80,289,283,270,178,28,30,38,56,171,227,241,119,342,337,346,247,58,90,44.25,66.88,212.75,267.12,293.25,142.75,419.5,409.5,402.5,288.88,76.25,107.75
Concrete_0cm_S1,2026-04-02T16:35:36.301428,60,90,247,297,341,167,493,474,460,362,108,185,96,126,340,421,478,257,668,634,625,455,151,219,64,91,282,337,377,182,546,530,508,368,101,137,45,79,222,295,316,154,437,441,427,303,90,107,18,32,139,178,189,88,274,273,277,195,41,56,20,33,152,197,204,95,307,304,307,203,33,38,13,28,149,185,200,80,289,283,270,178,28,30,38,56,171,227,241,119,342,337,346,247,58,90,44.25,66.88,212.75,267.12,293.25,142.75,419.5,409.5,402.5,288.88,76.25,107.75
Concrete_0cm_S1,2026-04-02T16:35:36.408173,61,90,247,297,341,167,493,474,460,361,108,185,95,126,341,421,478,258,669,634,625,455,151,219,64,91,282,337,377,182,546,530,508,368,101,137,45,79,222,295,316,154,437,441,427,303,90,107,18,32,139,178,189,88,274,273,277,195,41,56,20,33,151,197,204,95,307,304,307,203,33,38,13,28,149,185,200,80,288,283,270,178,28,30,38,56,171,227,241,119,342,337,346,247,58,90,44.25,66.88,212.75,267.12,293.25,142.88,419.5,409.5,402.5,288.75,76.25,107.75
Concrete_0cm_S1,2026-04-02T16:35:36.502080,61,90,247,297,341,167,493,474,460,361,108,185,95,126,341,421,478,258,669,634,625,455,151,219,64,91,282,337,377,182,546,530,508,368,101,137,45,79,222,295,316,154,437,441,427,303,90,107,18,32,139,178,189,88,274,273,277,195,41,56,20,33,151,197,204,95,307,304,307,203,33,38,13,28,149,185,200,80,288,283,270,178,28,30,38,56,171,227,241,119,342,337,346,247,58,90,44.25,66.88,212.75,267.12,293.25,142.88,419.5,409.5,402.5,288.75,76.25,107.75
Concrete_0cm_S1,2026-04-02T16:35:36.601278,60,90,247,297,341,167,493,474,460,362,108,185,95,126,341,421,478,258,668,634,625,455,151,219,64,92,282,337,377,181,545,530,508,368,101,137,45,79,222,295,316,153,436,441,427,303,90,107,17,32,139,178,189,88,274,273,278,194,41,56,20,33,152,197,204,95,307,304,307,203,34,38,13,28,149,185,200,80,288,283,270,178,28,30,38,56,171,226,240,118,342,337,346,247,58,90,44.0,67.0,212.88,267.0,293.12,142.5,419.12,409.5,402.62,288.75,76.38,107.75
Concrete_0cm_S1,2026-04-02T16:35:36.706832,61,90,247,297,341,167,493,474,460,362,108,185,95,126,340,421,478,259,668,633,625,455,152,219,64,91,282,337,377,181,545,529,508,368,101,137,45,79,222,295,316,153,436,441,427,303,90,107,18,32,139,178,189,88,274,273,277,195,41,56,20,33,152,197,204,95,307,304,307,203,34,38,13,28,149,185,200,80,288,283,270,178,28,30,38,56,171,226,240,118,342,337,346,247,58,90,44.25,66.88,212.75,267.0,293.12,142.62,419.12,409.25,402.5,288.88,76.5,107.75
Concrete_0cm_S1,2026-04-02T16:35:36.792226,61,90,247,297,341,167,493,474,460,361,108,185,95,126,340,421,478,259,668,633,625,455,152,219,64,91,282,337,377,181,545,529,508,368,101,137,45,79,222,295,316,153,436,441,427,303,90,107,18,32,139,178,189,88,274,273,277,195,41,56,20,33,152,198,204,95,307,304,307,204,34,38,13,28,149,185,200,80,288,283,270,178,28,30,38,56,171,226,241,119,341,337,346,247,58,90,44.25,66.88,212.75,267.12,293.25,142.75,419.0,409.25,402.5,288.88,76.5,107.75
Concrete_0cm_S1,2026-04-02T16:35:36.887483,61,90,247,297,341,167,493,474,460,361,108,185,95,126,340,421,478,259,668,633,625,455,152,219,64,91,282,337,377,181,545,529,508,368,101,137,45,79,222,295,316,153,436,441,427,303,90,107,18,32,139,178,189,88,274,273,277,195,41,56,20,33,152,198,204,95,307,304,307,204,34,38,13,28,149,185,200,80,288,283,270,178,28,30,38,56,171,226,241,119,341,337,346,247,58,90,44.25,66.88,212.75,267.12,293.25,142.75,419.0,409.25,402.5,288.88,76.5,107.75
Concrete_0cm_S1,2026-04-02T16:35:36.983280,61,90,247,297,341,167,493,474,460,361,108,185,95,126,340,421,478,259,668,633,625,455,152,219,64,91,282,337,377,181,545,529,508,368,101,137,45,79,222,295,316,153,436,441,427,303,90,107,18,32,139,178,189,88,274,273,277,195,41,56,20,33,152,198,204,95,307,304,307,204,34,38,13,28,149,185,200,80,288,283,270,178,28,30,38,56,171,226,241,119,341,337,346,247,58,90,44.25,66.88,212.75,267.12,293.25,142.75,419.0,409.25,402.5,288.88,76.5,107.75
Concrete_0cm_S1,2026-04-02T16:35:37.062421,61,90,247,297,341,167,493,474,460,361,108,185,95,126,340,420,478,259,669,634,624,455,151,219,64,91,282,337,377,181,545,528,507,368,100,137,45,79,222,295,316,153,437,441,427,303,90,107,18,32,139,178,189,88,274,273,277,194,41,56,20,33,152,198,204,95,307,304,307,203,33,38,13,28,148,185,200,80,289,283,270,178,28,30,38,56,171,226,241,119,341,337,346,247,58,90,44.25,66.88,212.62,267.0,293.25,142.75,419.38,409.25,402.25,288.62,76.12,107.75
Concrete_0cm_S1,2026-04-02T16:35:37.157342,60,89,246,296,341,167,493,473,460,361,108,185,95,125,341,421,478,259,668,634,624,456,151,219,64,91,282,337,377,181,545,530,507,368,101,137,45,79,222,295,316,153,437,441,427,303,90,107,18,32,139,178,189,88,274,273,277,194,41,56,20,33,152,198,204,95,307,304,307,203,33,38,13,28,148,185,200,80,289,283,270,178,28,30,38,56,170,226,241,118,342,337,346,247,58,89,44.12,66.62,212.5,267.0,293.25,142.62,419.38,409.38,402.25,288.75,76.25,107.62
Concrete_0cm_S1,2026-04-02T16:35:37.251919,60,89,246,296,341,167,493,473,460,361,108,185,95,125,341,421,478,259,668,634,624,456,151,219,64,91,282,337,377,181,545,530,507,368,101,137,46,79,222,295,316,153,436,441,427,303,90,107,17,32,139,179,189,88,274,273,278,195,41,56,20,33,152,197,204,95,307,304,307,203,33,38,13,28,148,185,200,80,289,283,270,178,28,30,38,56,170,226,241,118,342,337,346,247,58,89,44.12,66.62,212.5,267.0,293.25,142.62,419.25,409.38,402.38,288.88,76.25,107.62
Concrete_0cm_S1,2026-04-02T16:35:37.346717,60,89,246,296,341,167,493,473,460,361,108,185,95,125,341,421,478,259,668,634,624,456,151,219,64,91,282,337,377,181,545,530,507,368,101,137,46,79,222,295,316,153,436,441,427,303,90,107,17,32,139,179,189,88,274,273,278,195,41,56,20,33,152,197,204,95,307,304,307,203,33,38,13,28,148,185,200,80,289,283,270,178,28,30,38,56,170,226,241,118,342,337,346,247,58,89,44.12,66.62,212.5,267.0,293.25,142.62,419.25,409.38,402.38,288.88,76.25,107.62
Concrete_0cm_S1,2026-04-02T16:35:37.436177,60,89,246,296,341,167,493,473,460,361,108,185,95,125,341,421,478,259,668,634,624,456,151,219,64,91,282,337,377,181,545,530,507,368,101,137,46,79,222,295,316,153,436,441,427,303,90,107,17,32,139,179,189,88,274,273,278,195,41,56,20,33,152,197,204,95,307,304,307,203,33,38,13,28,148,185,200,80,289,283,270,178,28,30,38,56,170,226,241,118,342,337,346,247,58,89,44.12,66.62,212.5,267.0,293.25,142.62,419.25,409.38,402.38,288.88,76.25,107.62
Concrete_0cm_S1,2026-04-02T16:35:37.521455,60,89,246,296,341,167,493,473,460,361,108,185,95,125,341,421,478,259,668,634,624,456,151,219,64,91,282,337,377,181,545,530,507,368,101,137,46,79,222,295,316,153,436,441,427,303,90,107,17,32,139,179,189,88,274,273,278,195,41,56,20,33,152,197,204,95,307,304,307,203,33,38,13,28,148,185,200,80,289,283,270,178,28,30,38,56,170,226,241,118,342,337,346,247,58,89,44.12,66.62,212.5,267.0,293.25,142.62,419.25,409.38,402.38,288.88,76.25,107.62
Concrete_0cm_S1,2026-04-02T16:35:37.611247,60,89,246,296,341,167,493,473,460,361,108,185,95,125,341,421,478,259,668,634,624,456,151,219,64,91,282,337,377,181,545,530,507,368,101,137,46,79,222,295,316,153,436,441,427,303,90,107,17,32,139,179,189,88,274,273,278,195,41,56,20,33,152,197,204,95,307,304,307,203,33,38,13,28,148,185,200,80,289,283,270,178,28,30,38,56,170,226,241,118,342,337,346,247,58,89,44.12,66.62,212.5,267.0,293.25,142.62,419.25,409.38,402.38,288.88,76.25,107.62
Concrete_0cm_S1,2026-04-02T16:35:37.696086,60,90,246,296,340,167,492,473,460,361,108,185,95,126,340,421,478,259,668,634,625,455,151,219,64,91,282,337,377,181,545,529,507,369,101,137,45,79,222,295,316,154,437,441,427,303,90,107,18,32,139,178,189,88,274,273,277,195,41,56,20,33,152,198,205,95,307,304,307,204,34,38,13,28,149,185,199,80,289,283,269,178,28,30,38,56,171,227,241,119,342,337,346,247,58,90,44.12,66.88,212.62,267.12,293.12,142.88,419.25,409.25,402.25,289.0,76.38,107.75
Concrete_0cm_S1,2026-04-02T16:35:37.806681,60,90,246,296,340,167,492,473,460,361,108,185,95,126,340,421,478,259,668,634,625,455,151,219,64,91,282,337,377,181,545,529,507,369,101,137,45,79,222,295,316,154,437,441,427,303,90,107,18,32,139,178,189,88,274,273,277,195,41,56,20,33,152,198,205,95,307,304,307,204,34,38,13,28,149,185,199,80,289,283,269,178,28,30,38,56,171,227,241,119,342,337,346,247,58,90,44.12,66.88,212.62,267.12,293.12,142.88,419.25,409.25,402.25,289.0,76.38,107.75
Concrete_0cm_S1,2026-04-02T16:35:37.901678,60,90,246,296,340,167,492,473,460,361,108,185,95,126,340,421,478,259,668,634,625,455,151,219,64,91,282,337,377,181,545,529,507,369,101,137,45,79,222,295,316,154,437,441,427,303,90,107,18,32,139,178,189,88,274,273,277,195,41,56,20,33,152,198,205,95,307,304,307,204,34,38,13,28,149,185,199,80,289,283,269,178,28,30,38,56,171,227,241,119,342,337,346,247,58,90,44.12,66.88,212.62,267.12,293.12,142.88,419.25,409.25,402.25,289.0,76.38,107.75
Concrete_0cm_S1,2026-04-02T16:35:37.988960,60,90,246,296,340,167,492,473,460,361,108,185,95,126,340,421,478,259,668,634,625,455,151,219,64,91,282,337,377,181,545,529,507,369,101,137,45,79,222,295,316,154,437,441,427,303,90,107,18,32,139,178,189,88,274,273,277,195,41,56,20,33,152,198,205,95,307,304,307,204,34,38,13,28,149,185,199,80,289,283,269,178,28,30,38,56,171,227,241,119,342,337,346,247,58,90,44.12,66.88,212.62,267.12,293.12,142.88,419.25,409.25,402.25,289.0,76.38,107.75
Concrete_0cm_S1,2026-04-02T16:35:38.075575,60,90,246,296,340,167,493,473,460,361,107,185,96,125,340,421,477,259,668,633,625,455,151,219,64,91,282,337,377,181,545,530,508,368,101,137,45,79,223,295,316,154,436,441,427,304,90,107,18,32,139,179,189,89,274,273,278,195,41,56,20,33,152,198,205,95,307,304,307,204,33,39,13,28,149,185,200,80,289,283,270,178,28,30,38,56,171,226,241,119,341,337,346,247,58,90,44.25,66.75,212.75,267.12,293.12,143.0,419.12,409.25,402.62,289.0,76.12,107.88
Concrete_0cm_S1,2026-04-02T16:35:38.170945,60,89,246,296,340,166,492,473,460,361,108,184,95,125,340,421,478,258,668,634,624,455,151,219,64,91,282,337,378,181,545,529,508,369,100,137,45,79,223,295,316,154,436,441,427,304,90,107,18,32,139,179,189,89,274,273,278,195,41,56,20,33,152,198,205,95,307,304,307,204,33,39,13,28,149,185,200,80,289,283,270,178,28,30,38,56,171,226,241,119,341,337,346,247,58,90,44.12,66.62,212.75,267.12,293.38,142.75,419.0,409.25,402.5,289.12,76.12,107.75
Concrete_0cm_S1,2026-04-02T16:35:38.281644,60,89,246,296,340,166,492,473,460,361,108,184,95,125,340,421,478,258,668,634,624,455,151,219,64,91,282,337,378,181,545,529,508,369,100,137,45,79,223,295,316,154,436,441,427,303,90,107,17,32,139,178,189,89,274,273,278,195,41,56,20,33,152,198,205,95,307,304,307,204,33,39,13,28,149,185,200,80,289,283,270,178,28,30,38,56,171,226,241,119,341,337,346,247,58,90,44.0,66.62,212.75,267.0,293.38,142.75,419.0,409.25,402.5,289.0,76.12,107.75
Concrete_0cm_S1,2026-04-02T16:35:38.376766,60,89,246,296,340,166,492,473,460,361,108,184,95,125,340,421,478,258,668,634,624,455,151,219,64,91,282,337,378,181,545,529,508,369,100,137,45,79,223,295,316,154,436,441,427,303,90,107,17,32,139,178,189,89,274,273,278,195,41,56,20,33,152,198,205,95,307,304,307,204,33,39,13,28,149,185,200,80,289,283,270,178,28,30,38,56,171,226,241,119,341,337,346,247,58,90,44.0,66.62,212.75,267.0,293.38,142.75,419.0,409.25,402.5,289.0,76.12,107.75
Concrete_0cm_S1,2026-04-02T16:35:38.456003,60,90,246,296,341,167,492,473,460,361,108,184,95,125,340,421,478,258,668,634,624,455,151,219,64,91,282,337,378,181,545,529,508,369,100,137,45,79,223,295,316,154,436,441,427,303,90,107,17,32,139,178,189,89,274,273,278,195,41,56,20,33,152,198,205,95,307,304,307,204,33,39,13,28,149,185,200,80,289,283,270,178,28,30,38,56,171,226,241,119,341,337,346,247,58,90,44.0,66.75,212.75,267.0,293.5,142.88,419.0,409.25,402.5,289.0,76.12,107.75
Concrete_0cm_S1,2026-04-02T16:35:38.551492,60,90,246,296,341,167,492,473,460,361,108,184,95,125,340,421,478,258,668,634,624,455,151,219,64,91,282,337,378,181,545,529,508,369,100,137,45,79,223,295,316,154,436,441,427,303,90,107,17,32,139,178,189,89,274,273,278,195,41,56,20,33,152,198,205,95,307,304,307,204,33,39,13,28,149,185,200,80,289,283,270,178,28,30,38,56,171,226,241,119,341,337,346,247,58,90,44.0,66.75,212.75,267.0,293.5,142.88,419.0,409.25,402.5,289.0,76.12,107.75
Concrete_0cm_S1,2026-04-02T16:35:38.648182,60,90,246,296,341,167,492,473,460,361,108,184,95,125,340,421,478,258,668,634,624,455,151,219,64,91,282,337,378,181,545,529,508,369,100,137,45,79,223,295,316,154,436,441,427,303,90,107,17,32,139,178,189,89,274,273,278,195,41,56,20,33,152,198,205,95,307,304,307,204,33,39,13,28,149,185,200,80,289,283,270,178,28,30,38,56,171,226,241,119,341,337,346,247,58,90,44.0,66.75,212.75,267.0,293.5,142.88,419.0,409.25,402.5,289.0,76.12,107.75
Concrete_0cm_S1,2026-04-02T16:35:38.741755,60,90,246,296,341,167,492,473,460,361,108,184,95,125,340,421,478,258,668,634,624,455,151,219,64,91,282,337,377,181,546,529,507,368,101,136,45,79,222,295,316,154,437,442,428,303,90,107,18,32,139,178,189,88,274,273,278,195,41,56,20,33,152,197,204,95,308,304,307,204,34,38,13,28,149,185,200,80,288,283,270,178,28,30,38,56,171,226,241,119,341,337,346,247,58,90,44.12,66.75,212.62,266.88,293.25,142.75,419.25,409.38,402.5,288.88,76.38,107.5
Concrete_0cm_S1,2026-04-02T16:35:38.838051,60,90,246,296,341,167,492,473,460,361,108,184,95,125,340,421,478,258,668,634,624,455,151,219,64,91,282,337,377,181,546,529,507,368,101,136,45,79,222,295,316,154,437,442,428,303,90,107,18,32,139,178,189,88,274,273,278,195,41,56,20,33,152,197,204,95,308,304,307,204,34,38,13,28,149,185,200,80,288,283,270,178,28,30,38,56,171,227,241,119,341,337,346,247,58,89,44.12,66.75,212.62,267.0,293.25,142.75,419.25,409.38,402.5,288.88,76.38,107.38
