label,timestamp,S0_405nm,S0_425nm,S0_450nm,S0_475nm,S0_515nm,S0_550nm,S0_555nm,S0_600nm,S0_640nm,S0_690nm,S0_745nm,S0_855nm,S1_405nm,S1_425nm,S1_450nm,S1_475nm,S1_515nm,S1_550nm,S1_555nm,S1_600nm,S1_640nm,S1_690nm,S1_745nm,S1_855nm,S2_405nm,S2_425nm,S2_450nm,S2_475nm,S2_515nm,S2_550nm,S2_555nm,S2_600nm,S2_640nm,S2_690nm,S2_745nm,S2_855nm,S3_405nm,S3_425nm,S3_450nm,S3_475nm,S3_515nm,S3_550nm,S3_555nm,S3_600nm,S3_640nm,S3_690nm,S3_745nm,S3_855nm,S4_405nm,S4_425nm,S4_450nm,S4_475nm,S4_515nm,S4_550nm,S4_555nm,S4_600nm,S4_640nm,S4_690nm,S4_745nm,S4_855nm,S5_405nm,S5_425nm,S5_450nm,S5_475nm,S5_515nm,S5_550nm,S5_555nm,S5_600nm,S5_640nm,S5_690nm,S5_745nm,S5_855nm,S6_405nm,S6_425nm,S6_450nm,S6_475nm,S6_515nm,S6_550nm,S6_555nm,S6_600nm,S6_640nm,S6_690nm,S6_745nm,S6_855nm,S7_405nm,S7_425nm,S7_450nm,S7_475nm,S7_515nm,S7_550nm,S7_555nm,S7_600nm,S7_640nm,S7_690nm,S7_745nm,S7_855nm,AVG_405nm,AVG_425nm,AVG_450nm,AVG_475nm,AVG_515nm,AVG_550nm,AVG_555nm,AVG_600nm,AVG_640nm,AVG_690nm,AVG_745nm,AVG_855nm
Concrete_0cm_S5,2026-04-02T20:36:21.486081,21,37,154,212,232,108,343,333,340,230,39,29,15,30,150,192,214,99,306,301,304,198,32,23,5,13,80,107,118,52,172,177,179,116,15,8,6,18,114,144,157,67,233,226,222,143,19,11,10,23,121,156,172,79,251,253,254,164,24,16,7,19,106,136,149,66,225,224,220,139,17,11,17,34,156,208,226,97,319,318,317,198,30,25,37,56,182,236,258,131,375,374,383,255,47,42,14.75,28.75,132.88,173.88,190.75,87.38,278.0,275.75,277.38,180.38,27.88,20.62
Concrete_0cm_S5,2026-04-02T20:36:21.595234,21,37,154,212,232,108,343,333,340,230,39,29,15,30,150,192,214,99,306,301,304,198,32,23,5,13,80,107,118,52,172,177,179,116,15,8,6,18,114,144,157,67,233,226,222,143,19,11,10,23,121,156,172,79,251,253,254,164,24,16,7,19,106,136,149,66,225,224,220,139,17,11,17,34,156,208,226,97,319,318,317,198,30,25,37,56,182,236,258,131,375,374,383,255,47,42,14.75,28.75,132.88,173.88,190.75,87.38,278.0,275.75,277.38,180.38,27.88,20.62
Concrete_0cm_S5,2026-04-02T20:36:21.705350,21,37,154,212,232,107,342,333,339,229,38,29,15,30,150,192,214,99,306,300,304,198,32,23,5,13,80,106,117,52,172,177,179,115,15,8,6,18,114,144,157,67,233,226,222,143,19,11,10,22,122,156,171,79,252,253,255,163,24,16,7,19,106,135,149,66,224,224,220,139,17,11,17,34,155,208,226,97,319,318,317,199,30,25,37,56,182,237,258,131,375,374,382,255,47,42,14.75,28.62,132.88,173.75,190.5,87.25,277.88,275.62,277.25,180.12,27.75,20.62
Concrete_0cm_S5,2026-04-02T20:36:21.802154,21,37,154,212,232,107,342,333,339,229,38,29,15,30,150,192,214,99,306,300,304,198,32,23,5,13,80,106,117,52,172,177,179,115,15,8,6,18,114,144,157,67,233,226,222,143,19,11,10,22,122,156,171,79,252,253,255,163,24,16,7,19,106,135,149,66,224,224,220,139,17,11,17,34,155,208,226,97,319,318,317,199,30,25,37,56,182,237,258,131,375,374,382,255,47,42,14.75,28.62,132.88,173.75,190.5,87.25,277.88,275.62,277.25,180.12,27.75,20.62
Concrete_0cm_S5,2026-04-02T20:36:21.889630,21,37,154,212,232,107,343,333,339,229,38,30,15,30,150,192,214,99,306,300,304,198,32,23,5,13,80,107,118,52,172,177,178,116,15,8,6,18,114,144,157,67,233,226,222,143,19,11,10,23,121,156,171,80,251,253,255,164,24,16,7,19,107,136,149,66,225,225,220,139,17,11,16,34,155,208,226,97,319,318,317,198,30,25,37,56,182,236,258,131,375,374,382,255,47,42,14.62,28.75,132.88,173.88,190.62,87.38,278.0,275.75,277.12,180.25,27.75,20.75
Concrete_0cm_S5,2026-04-02T20:36:21.995703,21,37,154,212,232,107,343,333,339,229,38,30,15,30,150,192,214,99,306,300,304,198,32,23,5,13,80,107,118,52,172,177,178,116,15,8,6,18,114,144,157,67,233,226,222,143,19,11,10,23,121,156,171,80,251,253,255,164,24,16,7,19,107,136,149,66,225,225,220,139,17,11,17,34,156,208,226,97,319,318,317,198,30,25,37,56,182,237,258,131,375,374,383,255,47,42,14.75,28.75,133.0,174.0,190.62,87.38,278.0,275.75,277.25,180.25,27.75,20.75
Concrete_0cm_S5,2026-04-02T20:36:22.153688,21,37,155,212,232,107,343,333,339,230,39,30,15,30,149,192,214,99,305,301,304,199,32,23,5,13,79,107,118,52,172,177,179,116,15,8,6,18,114,145,157,67,233,226,222,143,19,11,10,23,121,156,171,80,251,253,255,164,24,16,7,19,107,136,149,66,225,225,220,139,17,11,17,34,156,208,226,97,319,318,317,198,30,25,37,56,182,237,258,131,375,374,383,255,47,42,14.75,28.75,132.88,174.12,190.62,87.38,277.88,275.88,277.38,180.5,27.88,20.75
Concrete_0cm_S5,2026-04-02T20:36:22.249375,21,37,155,212,232,107,342,333,339,230,39,29,15,30,150,192,214,99,305,300,305,198,32,23,5,13,80,107,118,52,173,177,179,115,15,8,6,18,114,144,157,67,233,226,222,143,19,11,10,22,121,156,171,79,252,253,255,164,24,16,7,18,106,136,149,66,224,224,221,139,17,11,17,34,156,208,226,98,319,318,317,199,30,25,37,56,182,237,258,131,375,373,383,255,47,42,14.75,28.5,133.0,174.0,190.62,87.38,277.88,275.5,277.62,180.38,27.88,20.62
Concrete_0cm_S5,2026-04-02T20:36:22.345996,21,37,155,212,232,107,342,333,339,230,39,29,15,30,150,192,214,99,305,300,305,198,32,23,5,13,80,107,118,52,173,177,179,115,15,8,6,18,114,144,157,67,233,226,222,143,19,11,10,22,121,156,171,79,252,253,255,164,24,16,7,18,106,136,149,66,224,224,221,139,17,11,17,34,156,208,226,98,319,318,317,199,30,25,37,56,182,237,258,131,375,373,383,255,47,42,14.75,28.5,133.0,174.0,190.62,87.38,277.88,275.5,277.62,180.38,27.88,20.62
Concrete_0cm_S5,2026-04-02T20:36:22.436594,21,37,155,212,232,107,342,333,339,230,39,29,15,30,150,192,214,99,305,300,305,198,32,23,5,13,80,107,118,52,173,177,179,115,15,8,6,18,114,144,157,67,233,226,222,143,19,11,10,22,121,156,171,79,252,253,255,164,24,16,7,18,106,136,149,66,224,224,221,139,17,11,17,34,156,208,226,98,319,318,317,199,30,25,37,56,182,237,258,131,375,373,383,255,47,42,14.75,28.5,133.0,174.0,190.62,87.38,277.88,275.5,277.62,180.38,27.88,20.62
Concrete_0cm_S5,2026-04-02T20:36:22.524551,21,37,155,212,232,107,342,333,340,230,38,29,15,30,150,192,214,99,306,300,304,198,32,23,5,13,80,107,118,52,172,177,179,116,15,8,6,18,114,144,157,67,233,226,221,143,19,11,10,23,121,156,171,79,251,253,255,164,24,16,7,19,106,136,149,66,224,224,220,139,17,11,17,34,156,208,226,98,319,318,318,199,30,25,37,56,182,236,258,131,375,374,382,255,47,42,14.75,28.75,133.0,173.88,190.62,87.38,277.75,275.62,277.38,180.5,27.75,20.62
Concrete_0cm_S5,2026-04-02T20:36:22.643167,21,37,155,212,232,107,342,333,340,230,38,29,15,30,150,192,214,99,306,300,304,198,32,23,5,13,80,107,118,52,172,177,179,116,15,8,6,18,114,144,157,67,233,226,221,143,19,11,10,23,121,156,171,79,251,253,255,164,24,16,7,19,106,136,149,66,224,224,220,139,17,11,17,34,156,208,226,98,319,318,318,199,30,25,37,56,182,236,258,131,375,374,382,255,47,42,14.75,28.75,133.0,173.88,190.62,87.38,277.75,275.62,277.38,180.5,27.75,20.62
Concrete_0cm_S5,2026-04-02T20:36:22.763373,21,37,155,212,232,107,343,333,339,230,38,30,15,30,150,192,214,99,306,300,304,198,32,23,5,13,80,107,118,52,172,177,179,116,15,8,6,18,114,144,157,67,233,226,221,143,19,11,10,23,121,156,171,79,251,253,255,164,24,16,7,19,106,136,149,66,224,224,220,139,17,11,17,34,156,208,226,98,319,318,318,199,30,25,37,56,182,236,258,131,375,374,382,255,47,42,14.75,28.75,133.0,173.88,190.62,87.38,277.88,275.62,277.25,180.5,27.75,20.75
Concrete_0cm_S5,2026-04-02T20:36:22.868693,22,37,155,212,233,107,342,333,339,230,39,30,15,30,149,192,214,99,306,300,304,198,32,23,5,13,80,107,118,52,172,177,179,115,15,8,6,18,114,144,157,67,233,226,222,143,19,11,10,22,121,156,171,79,251,253,255,164,24,16,7,19,106,136,149,66,224,224,221,139,17,11,17,34,155,208,226,97,319,318,318,199,31,25,37,56,182,236,258,131,375,374,382,255,47,42,14.88,28.62,132.75,173.88,190.75,87.25,277.75,275.62,277.5,180.38,28.0,20.75
Concrete_0cm_S5,2026-04-02T20:36:22.963657,22,37,155,212,233,107,342,333,339,230,39,30,15,30,149,192,214,99,306,300,304,198,32,23,5,13,80,107,118,52,172,177,179,115,15,8,6,18,114,144,157,67,233,226,222,143,19,11,10,22,121,156,171,79,251,253,255,164,24,16,7,19,106,136,149,66,224,224,221,139,17,11,17,34,155,208,226,97,319,318,318,199,31,25,37,56,182,236,258,131,375,374,382,255,47,42,14.88,28.62,132.75,173.88,190.75,87.25,277.75,275.62,277.5,180.38,28.0,20.75
Concrete_0cm_S5,2026-04-02T20:36:23.054200,22,37,155,212,233,107,342,333,339,230,39,30,15,30,149,192,214,99,306,300,304,198,32,23,5,13,80,107,118,52,172,177,179,115,15,8,6,18,114,144,157,67,233,226,222,143,19,11,10,22,121,156,171,79,251,253,255,164,24,16,7,19,106,136,149,66,224,224,221,139,17,11,17,34,155,208,226,97,319,318,318,199,31,25,37,56,182,236,258,131,375,374,382,255,47,42,14.88,28.62,132.75,173.88,190.75,87.25,277.75,275.62,277.5,180.38,28.0,20.75
Concrete_0cm_S5,2026-04-02T20:36:23.139390,21,37,155,212,232,107,343,333,339,230,38,30,15,30,150,192,214,99,305,300,304,198,32,23,5,13,80,106,118,52,172,177,179,115,15,8,6,18,114,144,157,67,233,226,222,143,19,11,10,23,121,156,171,79,251,253,255,164,24,16,7,19,106,136,149,66,224,224,220,139,17,11,17,34,156,208,226,98,319,318,318,199,30,25,37,56,182,237,257,131,375,374,382,255,47,42,14.75,28.75,133.0,173.88,190.5,87.38,277.75,275.62,277.38,180.38,27.75,20.75
Concrete_0cm_S5,2026-04-02T20:36:23.230241,21,37,155,212,232,107,343,333,339,230,38,30,15,30,150,192,214,99,305,300,304,198,32,23,5,13,80,106,118,52,172,177,179,115,15,8,6,18,114,144,157,67,233,226,222,143,19,11,10,23,121,156,171,79,251,253,255,164,24,16,7,19,106,136,149,66,224,224,220,139,17,11,17,34,156,208,226,98,319,318,318,199,30,25,37,56,182,237,257,131,375,374,382,255,47,42,14.75,28.75,133.0,173.88,190.5,87.38,277.75,275.62,277.38,180.38,27.75,20.75
Concrete_0cm_S5,2026-04-02T20:36:23.330844,21,37,154,212,232,107,343,333,339,229,38,29,15,30,150,192,214,99,306,300,304,198,32,23,5,13,80,107,118,52,172,177,179,116,15,8,6,18,114,145,157,67,233,226,222,143,18,11,10,22,120,156,171,79,251,253,255,164,24,16,7,19,106,135,149,66,224,224,220,139,17,11,17,34,156,208,226,97,319,318,318,199,30,25,37,56,182,237,258,131,375,374,383,255,47,42,14.75,28.62,132.75,174.0,190.62,87.25,277.88,275.62,277.5,180.38,27.62,20.62
Concrete_0cm_S5,2026-04-02T20:36:23.443351,21,37,154,212,232,107,343,333,339,229,38,29,15,30,150,192,214,99,306,300,304,198,32,23,5,13,80,107,118,52,172,177,179,116,15,8,6,18,114,145,157,67,233,226,222,143,18,11,10,22,120,156,171,79,251,253,255,164,24,16,7,19,106,135,149,66,224,224,220,139,17,11,17,34,156,208,226,97,319,318,318,199,30,25,37,56,182,237,258,131,375,374,383,255,47,42,14.75,28.62,132.75,174.0,190.62,87.25,277.88,275.62,277.5,180.38,27.62,20.62
Concrete_0cm_S5,2026-04-02T20:36:23.533954,21,37,154,212,232,107,342,333,339,229,39,30,15,30,150,192,214,99,305,300,304,198,32,23,5,13,79,107,118,52,173,177,179,115,15,8,6,18,114,144,157,67,233,226,222,143,19,11,10,23,121,156,171,79,251,253,255,163,24,16,7,18,106,135,149,66,224,225,220,139,17,11,17,34,155,208,226,98,319,318,317,199,30,25,37,56,182,236,258,131,375,374,383,255,47,42,14.75,28.62,132.62,173.75,190.62,87.38,277.75,275.75,277.38,180.12,27.88,20.75
Concrete_0cm_S5,2026-04-02T20:36:23.644370,21,37,154,212,232,107,342,333,339,229,39,30,15,30,150,192,214,99,305,300,304,198,32,23,5,13,79,107,118,52,173,177,179,115,15,8,6,18,114,144,157,67,233,226,222,143,19,11,10,23,121,156,171,79,251,253,255,163,24,16,7,18,106,135,149,66,224,225,220,139,17,11,17,34,155,208,226,98,319,318,317,199,30,25,37,56,182,236,258,131,375,374,383,255,47,42,14.75,28.62,132.62,173.75,190.62,87.38,277.75,275.75,277.38,180.12,27.88,20.75
Concrete_0cm_S5,2026-04-02T20:36:23.733661,22,37,155,212,232,107,343,333,339,230,39,29,15,30,150,192,214,99,305,301,304,198,32,23,5,13,80,107,118,52,172,177,179,115,15,8,6,18,114,144,157,67,233,226,222,143,19,11,10,23,121,156,171,79,252,253,255,163,24,16,7,18,106,135,149,66,224,225,220,139,17,11,17,34,155,208,226,98,319,318,317,199,30,25,37,56,182,236,258,131,375,374,383,255,47,42,14.88,28.62,132.88,173.75,190.62,87.38,277.88,275.88,277.38,180.25,27.88,20.62
Concrete_0cm_S5,2026-04-02T20:36:23.833892,22,37,155,212,232,107,343,333,339,230,39,29,15,30,150,192,214,99,305,301,304,198,32,23,5,13,80,107,118,52,172,177,179,115,15,8,6,18,114,144,157,67,233,226,222,143,19,11,10,23,121,156,171,79,252,253,255,163,24,16,7,18,106,135,149,66,224,225,220,139,17,11,17,34,155,208,226,98,319,318,317,199,30,25,37,56,182,236,258,131,375,374,383,255,47,42,14.88,28.62,132.88,173.75,190.62,87.38,277.88,275.88,277.38,180.25,27.88,20.62
Concrete_0cm_S5,2026-04-02T20:36:23.923779,22,37,154,212,232,107,343,333,339,230,39,29,15,30,150,192,214,99,305,301,304,198,32,23,5,13,80,107,118,52,173,177,179,115,15,8,6,18,114,145,157,67,233,226,222,142,18,11,10,23,121,156,171,79,251,253,254,164,24,16,7,19,107,135,148,66,225,225,221,139,17,11,17,34,156,208,226,98,319,318,318,199,30,25,37,56,182,237,258,131,375,374,383,255,47,42,14.88,28.75,133.0,174.0,190.5,87.38,278.0,275.88,277.5,180.25,27.75,20.62
Concrete_0cm_S5,2026-04-02T20:36:24.019772,22,37,154,212,232,107,343,333,339,230,39,29,15,30,150,192,214,99,305,301,304,198,32,23,5,13,80,107,118,52,173,177,179,115,15,8,6,18,114,145,157,67,233,226,222,142,18,11,10,23,121,156,171,79,251,253,254,164,24,16,7,19,107,135,148,66,225,225,221,139,17,11,17,34,156,208,226,98,319,318,318,199,30,25,37,56,182,237,258,131,375,374,383,255,47,42,14.88,28.75,133.0,174.0,190.5,87.38,278.0,275.88,277.5,180.25,27.75,20.62
Concrete_0cm_S5,2026-04-02T20:36:24.107928,21,37,155,212,232,108,342,333,339,229,39,29,15,30,149,192,214,99,305,300,304,198,32,23,5,13,80,107,118,52,173,177,179,115,15,8,6,18,114,145,157,67,233,226,222,142,18,11,10,23,121,156,171,79,251,253,254,163,24,16,7,19,106,135,149,66,224,225,221,139,17,11,17,34,156,208,226,97,319,318,318,199,31,25,37,56,182,236,258,131,375,373,382,255,46,42,14.75,28.75,132.88,173.88,190.62,87.38,277.75,275.62,277.38,180.0,27.75,20.62
Concrete_0cm_S5,2026-04-02T20:36:24.203333,21,37,155,212,232,108,342,333,339,229,39,29,15,30,149,192,214,99,305,300,304,198,32,23,5,13,80,107,118,52,173,177,179,115,15,8,6,18,114,145,157,67,233,226,222,142,18,11,10,23,121,156,171,79,251,253,254,163,24,16,7,19,106,135,149,66,224,225,221,139,17,11,17,34,156,208,226,97,319,318,318,199,31,25,37,56,182,236,258,131,375,373,382,255,46,42,14.75,28.75,132.88,173.88,190.62,87.38,277.75,275.62,277.38,180.0,27.75,20.62
Concrete_0cm_S5,2026-04-02T20:36:24.315533,21,37,155,212,232,108,342,333,339,229,39,29,15,30,149,192,214,99,305,300,304,198,32,23,5,13,80,107,118,52,173,177,179,115,15,8,6,18,114,145,157,67,233,226,222,142,18,11,10,23,121,156,171,79,251,253,254,163,24,16,7,19,106,135,149,66,224,225,221,139,17,11,17,34,156,208,226,97,319,318,318,199,31,25,37,56,182,236,258,131,375,373,382,255,46,42,14.75,28.75,132.88,173.88,190.62,87.38,277.75,275.62,277.38,180.0,27.75,20.62
Concrete_0cm_S5,2026-04-02T20:36:24.403937,21,37,154,212,232,107,342,333,339,230,39,29,15,30,150,192,214,99,306,301,304,198,32,23,5,13,80,107,118,52,172,177,179,116,15,8,6,18,114,145,157,67,233,226,221,142,19,11,10,23,121,156,171,79,252,254,255,164,24,16,7,19,106,136,149,66,224,225,221,139,17,11,17,34,155,208,226,98,319,318,318,199,30,25,37,56,182,236,258,131,375,374,382,255,47,42,14.75,28.75,132.75,174.0,190.62,87.38,277.88,276.0,277.38,180.38,27.88,20.62
Concrete_0cm_S5,2026-04-02T20:36:24.496910,21,37,154,212,232,107,342,333,339,229,38,29,15,30,150,192,214,99,306,300,304,198,32,24,5,13,79,107,118,52,172,177,179,116,15,8,6,18,114,145,157,67,233,226,222,143,19,11,10,23,121,156,171,79,251,253,254,164,24,16,7,19,107,136,149,66,225,224,220,139,17,11,17,34,156,208,226,98,320,319,318,199,30,25,37,56,182,236,258,131,375,374,383,255,47,42,14.75,28.75,132.88,174.0,190.62,87.38,278.0,275.75,277.38,180.38,27.75,20.75
Concrete_0cm_S5,2026-04-02T20:36:24.606016,21,37,154,212,232,107,342,333,339,229,38,29,15,30,150,192,214,99,306,300,304,198,32,24,5,13,79,107,118,52,172,177,179,116,15,8,6,18,114,145,157,67,233,226,222,143,19,11,10,23,121,156,171,79,251,253,254,164,24,16,7,19,107,136,149,66,225,224,220,139,17,11,17,34,156,208,226,98,320,319,318,199,30,25,37,56,182,236,258,131,375,374,383,255,47,42,14.75,28.75,132.88,174.0,190.62,87.38,278.0,275.75,277.38,180.38,27.75,20.75
Concrete_0cm_S5,2026-04-02T20:36:24.708013,22,37,154,212,232,106,342,333,339,229,38,29,15,30,150,192,214,99,305,300,304,198,32,23,5,13,80,107,118,52,173,177,179,115,15,8,6,18,114,144,157,67,233,226,222,143,19,11,10,23,121,156,171,79,252,253,255,164,24,16,7,19,107,136,149,66,225,224,220,139,17,11,17,34,156,208,226,97,319,318,318,199,30,25,37,56,182,237,258,131,375,374,382,255,47,42,14.88,28.75,133.0,174.0,190.62,87.12,278.0,275.62,277.38,180.25,27.75,20.62
Concrete_0cm_S5,2026-04-02T20:36:24.800149,22,37,154,212,232,106,342,333,339,229,38,29,15,30,150,192,214,99,305,300,304,198,32,23,5,13,80,107,118,52,173,177,179,115,15,8,6,18,114,144,157,67,233,226,222,143,19,11,10,23,121,156,171,79,252,253,255,164,24,16,7,19,106,135,149,66,225,225,221,140,17,11,17,34,156,208,226,98,319,318,318,199,31,25,37,56,182,237,258,131,375,375,383,255,47,42,14.88,28.75,132.88,173.88,190.62,87.25,278.0,275.88,277.62,180.38,27.88,20.62
Concrete_0cm_S5,2026-04-02T20:36:24.908425,22,37,154,212,232,107,342,333,339,229,39,29,15,30,150,192,214,99,305,300,304,198,32,23,5,13,80,107,118,52,173,177,179,115,15,8,6,18,114,144,157,67,233,226,222,143,19,11,10,23,121,156,171,79,252,253,255,164,24,16,7,19,106,135,149,66,225,225,221,140,17,11,17,34,156,208,226,98,319,318,318,199,31,25,37,56,182,237,258,131,375,375,383,255,47,42,14.88,28.75,132.88,173.88,190.62,87.38,278.0,275.88,277.62,180.38,28.0,20.62
Concrete_0cm_S5,2026-04-02T20:36:24.999734,22,37,154,212,232,107,342,333,339,229,39,29,15,30,149,192,213,99,305,300,304,198,32,23,5,13,80,107,118,52,172,177,179,115,15,8,6,18,114,144,157,67,233,226,222,143,19,11,10,23,121,156,171,80,251,253,255,164,24,16,7,19,106,135,149,66,225,225,221,140,17,11,17,34,156,208,226,98,319,318,318,199,31,25,37,56,182,237,258,131,375,375,383,255,47,42,14.88,28.75,132.75,173.88,190.5,87.5,277.75,275.88,277.62,180.38,28.0,20.62
Concrete_0cm_S5,2026-04-02T20:36:25.107668,22,37,154,212,232,107,342,333,339,229,39,29,15,30,149,192,213,99,305,300,304,198,32,23,5,13,80,107,118,52,172,177,179,115,15,8,6,18,114,144,157,67,233,226,222,143,19,11,10,23,121,156,171,80,251,253,255,164,24,16,7,19,106,135,149,66,225,225,221,140,17,11,17,34,156,208,226,98,319,318,318,199,31,25,37,56,182,237,258,131,375,375,383,255,47,42,14.88,28.75,132.75,173.88,190.5,87.5,277.75,275.88,277.62,180.38,28.0,20.62
Concrete_0cm_S5,2026-04-02T20:36:25.214163,21,37,155,212,232,107,343,333,338,230,39,30,15,30,150,192,214,99,306,300,304,198,32,23,5,13,79,107,118,52,172,177,179,115,15,8,6,18,114,145,157,67,233,226,222,143,19,11,10,23,121,156,171,79,251,253,255,164,24,16,7,19,106,136,149,66,224,225,221,139,17,11,17,34,156,208,226,98,319,319,318,199,30,25,37,56,182,237,258,131,375,374,382,255,47,42,14.75,28.75,132.88,174.12,190.62,87.38,277.88,275.88,277.38,180.38,27.88,20.75
Concrete_0cm_S5,2026-04-02T20:36:25.307333,21,37,155,212,232,107,343,333,338,230,39,30,15,30,150,192,214,99,306,300,304,198,32,23,5,13,79,107,118,52,172,177,179,115,15,8,6,18,114,145,157,67,233,226,222,143,19,11,10,23,121,156,171,79,251,253,255,164,24,16,7,19,106,136,149,66,225,225,221,139,17,11,17,34,156,208,226,98,319,319,318,199,30,25,37,56,182,237,258,131,375,374,383,255,47,42,14.75,28.75,132.88,174.12,190.62,87.38,278.0,275.88,277.5,180.38,27.88,20.75
Concrete_0cm_S5,2026-04-02T20:36:25.401356,21,38,155,212,233,108,343,333,340,229,38,30,15,30,150,192,214,99,306,300,304,198,32,23,5,13,79,107,118,52,172,177,179,115,15,8,6,18,114,145,157,67,233,226,222,143,19,11,10,23,121,156,171,79,251,253,255,164,24,16,7,19,106,136,149,66,225,225,221,139,17,11,17,34,156,208,226,98,319,319,318,199,30,25,37,56,182,237,258,131,375,374,383,255,47,42,14.75,28.88,132.88,174.12,190.75,87.5,278.0,275.88,277.75,180.25,27.75,20.75
Concrete_0cm_S5,2026-04-02T20:36:25.490606,21,38,155,212,233,108,343,333,340,229,38,30,15,30,150,192,214,99,306,300,304,198,32,23,5,13,79,107,118,52,172,177,179,115,15,8,6,18,114,145,157,67,233,226,222,143,19,11,10,23,121,156,171,79,251,253,255,164,24,16,7,19,106,136,149,66,225,225,221,139,17,11,17,34,156,208,226,98,319,319,318,199,30,25,37,56,182,237,258,131,375,374,383,255,47,42,14.75,28.88,132.88,174.12,190.75,87.5,278.0,275.88,277.75,180.25,27.75,20.75
Concrete_0cm_S5,2026-04-02T20:36:25.595437,21,38,155,212,233,108,343,333,340,229,38,30,15,30,150,192,214,99,306,300,305,198,32,23,5,13,80,107,118,52,172,177,179,115,15,8,6,18,114,144,157,67,233,226,222,143,19,11,10,23,121,156,171,79,252,253,255,164,24,16,7,19,107,136,149,66,225,225,221,139,17,11,17,34,156,208,226,98,319,319,318,199,31,25,37,56,182,236,258,131,375,374,383,255,47,42,14.75,28.88,133.12,173.88,190.75,87.5,278.12,275.88,277.88,180.25,27.88,20.75
Concrete_0cm_S5,2026-04-02T20:36:25.690888,21,38,155,212,233,108,343,333,340,229,38,30,15,30,150,192,214,99,306,300,305,198,32,23,5,13,80,107,118,52,172,177,179,115,15,8,6,18,114,144,157,67,233,226,222,143,19,11,10,23,121,156,171,79,252,253,255,164,24,16,7,19,107,136,149,66,225,225,221,139,17,11,17,34,156,208,226,98,319,319,318,199,31,25,37,56,182,236,258,131,375,374,383,255,47,42,14.75,28.88,133.12,173.88,190.75,87.5,278.12,275.88,277.88,180.25,27.88,20.75
Concrete_0cm_S5,2026-04-02T20:36:25.788026,22,37,155,212,232,107,343,332,339,230,39,30,15,30,150,192,213,99,306,301,304,198,32,23,5,13,80,107,118,52,172,177,179,116,15,8,6,18,114,145,157,67,233,225,222,142,19,11,10,22,121,156,171,79,252,253,255,164,24,16,7,19,106,136,149,66,225,225,221,140,17,11,17,34,156,208,226,98,319,318,318,199,31,25,37,56,182,237,258,131,375,374,383,255,47,42,14.88,28.62,133.0,174.12,190.5,87.38,278.12,275.62,277.62,180.5,28.0,20.75
Concrete_0cm_S5,2026-04-02T20:36:25.889654,22,37,155,212,232,107,343,332,339,230,39,30,15,30,150,192,214,99,306,301,304,198,32,23,5,13,80,107,118,52,172,177,179,116,15,8,6,18,114,144,157,67,233,226,222,143,19,11,10,22,121,156,171,79,252,253,255,164,24,16,7,19,106,136,149,66,225,225,221,140,17,11,17,34,156,208,226,98,319,318,318,199,31,25,37,56,182,237,258,131,376,374,383,255,46,42,14.88,28.62,133.0,174.0,190.62,87.38,278.25,275.75,277.62,180.62,27.88,20.75
Concrete_0cm_S5,2026-04-02T20:36:25.985929,22,37,155,212,232,107,343,332,339,230,39,30,15,30,150,192,214,99,306,301,304,198,32,23,5,13,80,107,118,52,172,177,179,116,15,8,6,18,114,144,157,67,233,226,222,143,19,11,10,22,121,156,171,79,252,253,255,164,24,16,7,19,107,136,149,66,225,225,220,139,17,11,17,34,156,208,226,98,319,319,318,199,30,25,37,56,182,237,258,131,376,374,383,255,47,42,14.88,28.62,133.12,174.0,190.62,87.38,278.25,275.88,277.5,180.5,27.88,20.75
Concrete_0cm_S5,2026-04-02T20:36:26.088778,22,37,155,212,232,107,343,332,339,230,39,30,15,30,150,192,214,99,306,301,304,198,32,23,5,13,80,107,118,52,172,177,179,116,15,8,6,18,114,144,157,67,233,226,222,143,19,11,10,22,121,156,171,79,252,253,255,164,24,16,7,19,107,136,149,66,225,225,220,139,17,11,17,34,156,208,226,98,319,319,318,199,30,25,37,56,182,237,258,131,376,374,383,255,47,42,14.88,28.62,133.12,174.0,190.62,87.38,278.25,275.88,277.5,180.5,27.88,20.75
Concrete_0cm_S5,2026-04-02T20:36:26.177342,22,37,155,212,232,107,343,333,339,230,38,29,15,30,150,192,214,99,305,300,304,198,32,23,5,14,80,107,118,52,172,177,179,115,15,8,6,18,114,145,157,67,233,226,222,143,19,11,10,23,121,156,172,79,251,253,255,163,24,16,7,19,106,135,149,66,224,224,220,139,17,11,17,34,156,208,226,98,319,319,318,199,30,25,37,56,182,237,258,131,376,374,383,255,47,42,14.88,28.88,133.0,174.0,190.75,87.38,277.88,275.75,277.5,180.25,27.75,20.62
Concrete_0cm_S5,2026-04-02T20:36:26.301295,21,37,155,212,232,107,343,333,340,230,39,30,15,30,149,192,214,99,306,300,304,198,32,23,5,13,80,107,118,52,172,177,179,116,15,8,6,18,114,145,157,67,233,225,222,143,19,11,10,23,121,156,171,79,252,253,255,163,24,16,7,19,106,135,149,66,224,224,220,139,17,11,17,34,156,208,226,98,319,319,318,199,30,25,37,56,182,236,258,131,375,374,383,255,47,42,14.75,28.75,132.88,173.88,190.62,87.38,278.0,275.62,277.62,180.38,27.88,20.75
Concrete_0cm_S5,2026-04-02T20:36:26.411104,22,37,155,212,232,107,342,333,339,229,39,29,15,30,149,192,214,99,306,300,304,198,32,23,5,13,80,107,118,52,172,177,179,116,15,8,6,18,114,145,157,67,233,225,222,143,19,11,10,23,121,156,171,79,252,253,255,163,24,16,7,19,106,135,149,66,224,224,220,139,17,11,17,34,156,208,226,98,319,319,318,199,30,25,37,56,182,236,258,131,375,374,383,255,47,42,14.88,28.75,132.88,173.88,190.62,87.38,277.88,275.62,277.5,180.25,27.88,20.62
Concrete_0cm_S5,2026-04-02T20:36:26.501601,22,37,155,212,232,107,342,333,339,229,39,29,15,30,149,192,214,99,306,300,304,198,32,23,5,13,80,107,118,52,172,177,179,116,15,8,6,18,114,145,157,67,233,225,222,143,19,11,10,23,121,156,171,79,252,253,255,163,24,16,7,19,106,135,149,66,224,224,220,139,17,11,17,34,156,208,226,98,319,319,318,199,30,25,37,56,182,236,258,131,375,374,383,255,47,42,14.88,28.75,132.88,173.88,190.62,87.38,277.88,275.62,277.5,180.25,27.88,20.62
Concrete_0cm_S5,2026-04-02T20:36:26.596014,21,38,155,212,232,107,342,333,338,229,39,29,15,30,150,192,214,99,306,300,304,198,32,23,5,13,80,107,118,52,173,177,179,115,15,8,6,18,114,145,157,67,233,225,222,143,19,11,10,23,121,156,171,79,252,253,255,163,24,16,7,19,107,135,149,66,225,225,221,139,17,11,17,34,156,208,226,98,319,319,318,199,30,25,37,56,182,236,258,131,375,374,383,255,47,42,14.75,28.88,133.12,173.88,190.62,87.38,278.12,275.75,277.5,180.12,27.88,20.62
Concrete_0cm_S5,2026-04-02T20:36:26.697765,21,38,155,212,232,107,342,333,338,229,39,29,15,30,150,192,214,99,306,300,304,198,32,23,5,13,80,107,118,52,173,177,179,115,15,8,6,18,114,145,157,67,233,225,222,143,19,11,10,23,121,156,171,79,252,253,255,163,24,16,7,19,107,135,149,66,225,225,221,139,17,11,17,34,156,208,226,98,319,319,318,199,30,25,37,56,182,236,258,131,375,374,383,255,47,42,14.75,28.88,133.12,173.88,190.62,87.38,278.12,275.75,277.5,180.12,27.88,20.62
Concrete_0cm_S5,2026-04-02T20:36:26.785697,21,37,154,212,232,107,343,333,339,230,39,29,15,30,150,192,214,99,306,300,304,198,32,23,5,13,80,107,118,52,173,178,179,116,15,8,6,18,114,145,157,68,233,226,222,143,19,11,10,23,121,156,172,79,251,253,255,163,24,16,7,19,106,136,149,66,224,225,221,139,17,11,17,34,156,208,226,98,320,319,318,199,31,25,37,56,182,237,258,131,376,374,383,255,47,42,14.75,28.75,132.88,174.12,190.75,87.5,278.25,276.0,277.62,180.38,28.0,20.62
Concrete_0cm_S5,2026-04-02T20:36:26.882973,22,38,155,212,232,107,342,333,339,230,38,29,15,30,150,192,214,99,306,301,304,198,32,24,5,13,80,107,118,52,172,177,179,115,15,8,6,18,114,145,157,67,233,226,222,143,19,11,10,23,121,156,172,79,251,253,255,163,24,16,7,19,106,136,149,66,224,225,221,139,17,11,17,34,156,208,226,98,320,319,318,199,31,25,37,56,182,237,258,131,376,374,383,255,47,42,14.88,28.88,133.0,174.12,190.75,87.38,278.0,276.0,277.62,180.25,27.88,20.75
Concrete_0cm_S5,2026-04-02T20:36:26.977723,22,38,155,212,232,107,342,333,339,230,38,29,15,30,150,192,214,99,306,301,304,198,32,24,5,13,80,107,118,52,172,177,179,115,15,8,6,18,114,145,157,67,233,226,222,143,19,11,10,23,121,156,171,80,251,253,255,164,24,16,7,19,106,136,149,66,224,225,221,139,17,11,17,34,156,208,226,98,320,319,318,199,31,25,37,56,182,236,258,131,375,374,382,255,47,42,14.88,28.88,133.0,174.0,190.62,87.5,277.88,276.0,277.5,180.38,27.88,20.75
Concrete_0cm_S5,2026-04-02T20:36:27.072359,22,38,155,212,232,107,342,333,339,230,38,29,15,30,150,192,214,99,306,301,304,198,32,24,5,13,80,107,118,52,172,177,179,115,15,8,6,18,114,145,157,67,233,226,222,143,19,11,10,23,121,156,171,80,251,253,255,164,24,16,7,19,106,136,149,66,224,225,221,139,17,11,17,34,156,208,226,98,320,319,318,199,31,25,37,56,182,236,258,131,375,374,382,255,47,42,14.88,28.88,133.0,174.0,190.62,87.5,277.88,276.0,277.5,180.38,27.88,20.75
Concrete_0cm_S5,2026-04-02T20:36:27.169872,21,37,154,212,232,107,342,332,339,229,39,29,15,30,150,192,214,99,306,301,304,198,32,23,5,13,80,107,118,52,172,177,179,115,15,8,6,18,114,145,157,67,233,226,222,143,19,11,10,23,121,156,171,80,251,253,255,164,24,16,7,19,106,136,149,66,224,225,221,139,17,11,17,34,156,208,226,98,320,319,318,199,31,25,37,56,182,236,258,131,375,374,382,255,47,42,14.75,28.75,132.88,174.0,190.62,87.5,277.88,275.88,277.5,180.25,28.0,20.62
Concrete_0cm_S5,2026-04-02T20:36:27.263968,21,37,154,212,232,107,343,333,339,229,39,30,15,30,150,192,214,99,306,300,304,198,32,23,5,13,80,107,118,52,172,177,179,115,15,8,6,18,114,145,157,67,233,226,222,143,19,11,10,23,121,156,171,80,251,253,255,164,24,16,7,19,107,136,149,66,225,225,221,139,17,11,17,34,156,208,226,98,320,319,318,199,31,25,37,56,182,236,258,131,375,374,382,255,47,42,14.75,28.75,133.0,174.0,190.62,87.5,278.12,275.88,277.5,180.25,28.0,20.75
Concrete_0cm_S5,2026-04-02T20:36:27.358028,21,37,155,212,232,107,342,333,339,230,39,30,15,30,150,192,214,99,306,301,304,198,32,24,5,13,80,107,118,52,172,177,179,115,15,8,6,18,114,145,157,67,233,226,222,143,19,11,10,23,121,156,171,80,251,253,255,164,24,16,7,19,107,136,149,66,225,225,221,139,17,11,17,34,156,208,226,98,319,319,318,199,30,25,37,56,182,236,258,131,375,374,383,255,47,42,14.75,28.75,133.12,174.0,190.62,87.5,277.88,276.0,277.62,180.38,27.88,20.88
Concrete_0cm_S5,2026-04-02T20:36:27.475183,21,37,155,212,232,107,342,333,339,230,39,30,15,30,150,192,214,99,306,301,304,198,32,24,5,13,80,107,118,52,172,177,179,116,15,8,6,18,114,145,157,67,233,226,222,142,19,11,10,23,121,156,171,79,252,253,255,164,24,16,7,19,107,136,149,66,225,225,221,139,17,11,17,34,156,209,226,98,319,319,318,199,30,25,37,56,182,236,258,131,375,374,383,255,47,42,14.75,28.75,133.12,174.12,190.62,87.38,278.0,276.0,277.62,180.38,27.88,20.88
Concrete_0cm_S5,2026-04-02T20:36:27.568092,22,37,155,212,232,107,343,333,340,230,39,30,15,30,150,192,214,99,306,301,304,198,32,23,5,13,79,107,118,52,172,177,179,115,15,8,6,18,114,144,157,67,233,226,222,143,19,11,10,23,121,156,172,79,252,253,255,164,24,16,7,19,107,136,149,66,225,225,221,139,17,11,17,34,156,209,226,98,319,319,318,199,30,25,37,56,182,236,258,131,375,374,383,255,47,42,14.88,28.75,133.0,174.0,190.75,87.38,278.12,276.0,277.75,180.38,27.88,20.75
Concrete_0cm_S5,2026-04-02T20:36:27.672397,22,37,155,212,232,107,343,333,340,230,39,30,15,30,150,192,214,99,306,301,304,198,32,23,5,13,79,107,118,52,172,177,179,115,15,8,6,18,114,144,157,67,233,226,222,143,19,11,10,23,121,156,172,79,252,253,255,164,24,16,7,19,107,136,149,66,225,225,221,139,17,11,17,34,156,209,226,98,319,319,318,199,30,25,37,56,182,236,258,131,375,374,383,255,47,42,14.88,28.75,133.0,174.0,190.75,87.38,278.12,276.0,277.75,180.38,27.88,20.75
Concrete_0cm_S5,2026-04-02T20:36:27.759664,22,37,154,212,232,107,342,333,339,230,39,29,15,30,150,192,214,99,306,301,304,198,32,23,5,13,79,107,118,52,172,177,179,115,15,8,6,18,114,144,157,67,233,226,222,143,19,11,10,23,121,156,172,79,252,253,255,164,24,16,7,19,106,136,149,66,225,225,221,139,17,11,17,34,156,209,226,98,320,319,318,199,30,25,37,56,182,236,257,131,375,374,383,255,47,42,14.88,28.75,132.75,174.0,190.62,87.38,278.12,276.0,277.62,180.38,27.88,20.62
Concrete_0cm_S5,2026-04-02T20:36:27.868152,22,37,154,212,232,107,342,333,339,230,39,29,15,30,150,192,214,99,306,301,304,198,32,23,5,13,79,107,118,52,172,177,179,115,15,8,6,18,114,144,158,67,233,226,222,143,19,11,10,23,121,156,171,79,251,253,255,164,24,16,7,19,106,136,149,66,225,225,221,139,17,11,17,34,156,209,226,98,319,319,318,199,31,25,37,56,182,237,258,131,375,375,383,255,47,42,14.88,28.75,132.75,174.12,190.75,87.38,277.88,276.12,277.62,180.38,28.0,20.62
Concrete_0cm_S5,2026-04-02T20:36:27.957681,22,37,154,212,232,107,342,333,339,230,39,29,15,30,150,192,214,99,306,301,304,198,32,23,5,13,80,107,118,52,172,178,179,115,15,8,6,18,114,145,158,67,233,226,222,143,19,11,10,23,121,156,171,79,251,253,255,164,24,16,7,19,106,136,149,66,225,225,221,139,17,11,17,34,156,209,226,98,319,319,318,199,31,25,37,56,182,237,258,131,375,375,383,255,47,42,14.88,28.75,132.88,174.25,190.75,87.38,277.88,276.25,277.62,180.38,28.0,20.62
Concrete_0cm_S5,2026-04-02T20:36:28.054674,22,37,154,212,232,107,342,333,339,230,39,29,15,30,150,192,214,99,306,301,304,198,32,23,5,13,80,107,118,52,172,178,179,115,15,8,6,18,114,145,158,67,233,226,222,143,19,11,10,23,121,156,171,79,252,253,255,164,24,16,7,19,106,136,149,66,225,225,221,139,17,11,17,34,156,208,227,98,320,319,318,199,31,25,37,56,182,236,258,131,375,374,383,255,47,42,14.88,28.75,132.88,174.0,190.88,87.38,278.12,276.12,277.62,180.38,28.0,20.62
Concrete_0cm_S5,2026-04-02T20:36:28.145071,22,37,154,212,232,107,342,333,339,230,39,29,15,30,150,192,214,99,306,301,304,198,32,23,5,13,80,107,118,52,172,178,179,115,15,8,6,18,114,145,158,67,233,226,222,143,19,11,10,23,121,156,171,79,252,253,255,164,24,16,7,19,106,136,149,66,225,225,221,139,17,11,17,34,156,208,227,98,320,319,318,199,31,25,37,56,182,236,258,131,375,374,383,255,47,42,14.88,28.75,132.88,174.0,190.88,87.38,278.12,276.12,277.62,180.38,28.0,20.62
Concrete_0cm_S5,2026-04-02T20:36:28.250680,22,37,155,212,232,107,343,333,339,230,38,30,15,30,150,192,214,99,306,300,304,198,32,23,5,13,80,107,118,52,173,177,179,116,15,8,6,18,113,145,157,67,233,226,222,143,19,11,10,23,121,157,171,79,252,253,255,164,24,16,7,19,106,136,149,66,224,225,221,139,17,11,17,34,156,208,227,98,320,319,318,199,31,25,37,56,182,236,258,131,375,374,383,255,47,42,14.88,28.75,132.88,174.12,190.75,87.38,278.25,275.88,277.62,180.5,27.88,20.75
Concrete_0cm_S5,2026-04-02T20:36:28.342707,22,37,155,212,232,107,343,333,339,230,38,30,15,30,150,192,214,99,306,300,304,198,32,23,5,13,80,107,118,52,173,177,179,116,15,8,6,18,113,145,157,67,233,226,222,143,19,11,10,23,121,157,171,79,252,253,255,164,24,16,7,19,106,136,149,66,224,225,221,139,17,11,17,34,156,208,226,98,320,319,318,199,31,25,37,56,182,237,258,131,375,374,383,256,47,42,14.88,28.75,132.88,174.25,190.62,87.38,278.25,275.88,277.62,180.62,27.88,20.75
Concrete_0cm_S5,2026-04-02T20:36:28.437160,21,37,155,212,232,107,343,332,340,229,38,29,15,30,150,192,214,99,306,301,304,198,32,23,5,13,80,107,118,52,172,177,179,115,15,8,6,18,114,145,157,67,233,225,222,143,19,11,10,23,121,157,171,79,252,253,255,164,24,16,7,19,106,136,149,66,224,225,221,139,17,11,17,34,156,208,226,98,320,319,318,199,31,25,37,56,182,237,258,131,375,374,383,256,47,42,14.75,28.75,133.0,174.25,190.62,87.38,278.12,275.75,277.75,180.38,27.88,20.62
Concrete_0cm_S5,2026-04-02T20:36:28.527986,21,37,155,212,232,107,343,332,340,229,38,29,15,30,150,192,214,99,306,301,304,198,32,23,5,13,80,107,118,52,172,177,179,115,15,8,6,18,114,145,157,67,233,225,222,143,19,11,10,23,121,157,171,79,252,253,255,164,24,16,7,19,106,136,149,66,224,225,221,139,17,11,17,34,156,208,226,98,320,319,318,199,31,25,37,56,182,237,258,131,375,374,383,256,47,42,14.75,28.75,133.0,174.25,190.62,87.38,278.12,275.75,277.75,180.38,27.88,20.62
Concrete_0cm_S5,2026-04-02T20:36:28.628829,21,37,155,212,232,107,343,332,340,229,38,29,15,30,150,192,214,99,306,301,304,198,32,23,5,13,80,107,118,52,172,177,179,115,15,8,6,18,114,145,157,67,233,225,222,143,19,11,10,23,121,156,171,79,252,253,254,164,24,16,7,19,107,136,149,66,225,225,221,140,17,11,17,34,156,208,226,98,320,319,318,199,30,25,37,56,182,236,258,131,375,374,383,255,47,42,14.75,28.75,133.12,174.0,190.62,87.38,278.25,275.75,277.62,180.38,27.75,20.62
Concrete_0cm_S5,2026-04-02T20:36:28.720351,21,37,155,212,232,107,343,332,340,229,38,29,15,30,150,192,214,99,306,301,304,198,32,23,5,13,80,107,118,52,172,177,179,115,15,8,6,18,114,145,157,67,233,225,222,143,19,11,10,23,121,156,171,79,252,253,254,164,24,16,7,19,107,136,149,66,225,225,221,140,17,11,17,34,156,208,226,98,320,319,318,199,30,25,37,56,182,236,258,131,375,374,383,255,47,42,14.75,28.75,133.12,174.0,190.62,87.38,278.25,275.75,277.62,180.38,27.75,20.62
Concrete_0cm_S5,2026-04-02T20:36:28.818678,21,37,155,212,232,107,343,332,340,229,38,29,15,30,150,192,214,99,305,301,304,199,32,23,5,13,80,107,118,52,172,177,179,115,15,8,6,18,114,145,157,67,233,225,222,143,19,11,10,23,121,156,171,79,252,253,255,163,24,16,7,19,106,136,149,66,225,225,221,139,17,11,17,34,156,208,227,98,320,319,318,199,30,25,37,56,182,237,258,131,375,375,383,255,47,42,14.75,28.75,133.0,174.12,190.75,87.38,278.12,275.88,277.75,180.25,27.75,20.62
Concrete_0cm_S5,2026-04-02T20:36:28.910041,21,38,154,212,232,107,343,333,339,230,39,30,15,30,150,192,214,99,306,300,304,198,32,23,5,13,80,107,118,52,173,178,179,115,15,8,6,18,114,144,157,67,233,225,222,142,19,11,10,23,121,156,171,79,252,253,255,163,24,16,7,19,106,136,149,66,225,225,221,139,17,11,17,34,156,208,227,98,320,319,318,199,30,25,37,56,182,237,258,131,375,375,383,255,47,42,14.75,28.88,132.88,174.0,190.75,87.38,278.38,276.0,277.62,180.12,27.88,20.75
Concrete_0cm_S5,2026-04-02T20:36:29.002751,21,38,154,212,232,107,343,333,339,230,39,30,15,30,150,192,214,99,306,300,304,198,32,23,5,13,80,107,118,52,173,178,179,115,15,8,6,18,114,144,157,67,233,225,222,142,19,11,10,23,121,156,171,79,251,253,255,164,24,16,7,19,106,135,149,66,225,224,221,139,17,11,17,34,156,208,226,98,320,319,318,199,30,25,37,56,182,236,258,131,375,374,383,255,47,42,14.75,28.88,132.88,173.75,190.62,87.38,278.25,275.75,277.62,180.25,27.88,20.75
Concrete_0cm_S5,2026-04-02T20:36:29.109669,21,38,154,212,232,107,343,333,339,230,39,30,15,30,150,192,214,99,306,300,304,198,32,23,5,13,80,107,118,52,173,178,179,115,15,8,6,18,114,144,157,67,233,225,222,142,19,11,10,23,121,156,171,79,251,253,255,164,24,16,7,19,106,135,149,66,225,224,221,139,17,11,17,34,156,208,226,98,320,319,318,199,30,25,37,56,182,236,258,131,375,374,383,255,47,42,14.75,28.88,132.88,173.75,190.62,87.38,278.25,275.75,277.62,180.25,27.88,20.75
Concrete_0cm_S5,2026-04-02T20:36:29.199543,21,38,154,212,232,107,343,333,339,230,39,30,15,30,150,192,214,99,306,300,304,198,32,23,5,13,80,107,118,52,173,178,179,115,15,8,6,18,114,144,157,67,233,225,222,142,19,11,10,23,121,156,171,79,251,253,255,164,24,16,7,19,106,135,149,66,225,224,221,139,17,11,17,34,156,208,226,98,320,319,318,199,30,25,37,56,182,236,258,131,375,374,383,255,47,42,14.75,28.88,132.88,173.75,190.62,87.38,278.25,275.75,277.62,180.25,27.88,20.75
Concrete_0cm_S5,2026-04-02T20:36:29.289137,21,37,155,212,232,107,343,333,339,230,39,30,15,30,150,192,214,99,306,301,304,198,32,24,5,13,80,107,118,52,172,177,179,116,15,8,6,18,114,144,157,67,232,226,222,142,19,11,10,23,121,156,171,79,252,253,255,163,24,16,7,19,107,136,149,66,225,225,221,139,17,11,17,34,156,208,226,98,320,319,318,199,31,25,37,56,182,236,258,131,375,373,383,255,47,42,14.75,28.75,133.12,173.88,190.62,87.38,278.12,275.88,277.62,180.25,28.0,20.88
Concrete_0cm_S5,2026-04-02T20:36:29.381729,21,37,155,212,232,107,342,333,339,230,39,30,15,30,150,192,214,99,305,301,304,198,32,23,5,13,80,107,118,52,172,177,179,115,15,8,6,18,114,145,157,67,233,225,222,143,19,11,10,23,121,156,171,79,252,253,255,164,24,16,7,19,106,136,149,66,225,225,221,140,17,11,17,34,156,208,227,98,320,319,318,199,30,25,37,56,182,237,258,131,376,374,383,255,47,42,14.75,28.75,133.0,174.12,190.75,87.38,278.12,275.88,277.62,180.5,27.88,20.75
Concrete_0cm_S5,2026-04-02T20:36:29.473622,21,37,155,212,232,107,342,333,339,230,39,30,15,30,150,192,214,99,305,301,304,198,32,23,5,13,80,107,118,52,172,178,179,115,15,8,6,18,114,144,157,67,233,225,222,143,19,11,10,23,121,156,171,80,251,253,255,164,24,16,7,19,106,136,149,66,225,225,221,139,17,11,17,34,156,208,227,98,320,319,318,199,30,25,37,56,182,237,258,131,376,374,383,255,47,42,14.75,28.75,133.0,174.0,190.75,87.5,278.0,276.0,277.62,180.38,27.88,20.75
Concrete_0cm_S5,2026-04-02T20:36:29.569111,21,37,155,212,232,107,342,333,339,230,39,30,15,30,150,192,214,99,305,301,304,198,32,23,5,13,80,107,118,52,172,178,179,115,15,8,6,18,114,144,157,67,233,225,222,143,19,11,10,23,121,156,171,80,251,253,255,164,24,16,7,19,106,136,149,66,225,225,221,139,17,11,17,34,156,208,227,98,320,319,318,199,30,25,37,56,182,237,258,131,376,374,383,255,47,42,14.75,28.75,133.0,174.0,190.75,87.5,278.0,276.0,277.62,180.38,27.88,20.75
Concrete_0cm_S5,2026-04-02T20:36:29.666631,22,37,154,212,232,107,342,333,340,229,39,29,15,30,150,192,214,99,306,300,304,198,32,23,5,13,80,107,118,52,172,177,179,115,15,8,6,18,114,144,157,67,233,225,222,143,19,11,10,23,121,156,171,80,251,253,255,164,24,16,7,19,106,136,149,66,225,225,221,139,17,11,17,34,156,209,227,98,320,319,318,199,30,25,37,56,182,236,258,131,375,374,383,255,47,42,14.88,28.75,132.88,174.0,190.75,87.5,278.0,275.75,277.75,180.25,27.88,20.62
Concrete_0cm_S5,2026-04-02T20:36:29.759188,22,37,154,212,232,107,342,333,340,229,39,29,15,30,150,192,214,99,306,300,304,198,32,23,5,13,80,107,118,52,172,177,179,115,15,8,6,18,114,144,157,67,233,225,222,143,19,11,10,23,121,156,171,80,251,253,255,164,24,16,7,19,106,136,149,66,225,225,221,139,17,11,17,34,156,209,227,98,320,319,318,199,30,25,37,56,182,236,258,131,375,374,383,255,47,42,14.88,28.75,132.88,174.0,190.75,87.5,278.0,275.75,277.75,180.25,27.88,20.62
Concrete_0cm_S5,2026-04-02T20:36:29.862325,20,37,155,212,232,107,343,333,339,229,38,29,15,30,150,192,214,99,306,301,304,198,32,23,5,13,80,107,118,52,173,177,179,115,15,8,6,18,114,145,157,67,233,226,222,143,19,11,10,23,121,156,172,79,252,253,255,164,24,16,7,19,107,136,149,66,225,225,221,139,17,11,17,34,156,209,227,98,320,319,318,199,30,25,37,56,182,236,258,131,375,374,383,255,47,42,14.62,28.75,133.12,174.12,190.88,87.38,278.38,276.0,277.62,180.25,27.75,20.62
Concrete_0cm_S5,2026-04-02T20:36:29.956461,20,37,155,212,232,107,343,333,339,229,38,29,15,30,150,192,214,99,306,300,304,198,32,23,5,13,79,107,118,52,172,178,179,115,15,8,6,18,114,144,157,67,233,226,222,143,19,11,10,23,121,156,172,79,252,254,255,163,24,16,7,19,107,136,149,66,225,225,221,139,17,11,17,34,156,209,227,98,320,319,318,199,30,25,37,56,182,236,258,131,375,374,383,255,47,42,14.62,28.75,133.0,174.0,190.88,87.38,278.25,276.12,277.62,180.12,27.75,20.62
Concrete_0cm_S5,2026-04-02T20:36:30.054656,22,37,154,212,232,108,342,333,340,230,39,29,15,30,150,192,214,99,306,300,304,198,32,23,5,13,79,107,118,52,172,178,179,115,15,8,6,18,114,144,157,67,233,226,222,143,19,11,10,23,121,156,172,79,252,254,255,163,24,16,7,19,107,136,149,66,225,225,221,139,17,11,17,34,156,209,227,98,320,319,318,199,30,25,37,56,182,236,258,131,375,374,383,255,47,42,14.88,28.75,132.88,174.0,190.88,87.5,278.12,276.12,277.75,180.25,27.88,20.62
Concrete_0cm_S5,2026-04-02T20:36:30.150223,22,37,154,212,232,108,342,333,340,230,39,29,15,30,150,192,214,99,306,300,304,198,32,23,5,13,79,107,118,52,172,178,179,115,15,8,6,18,114,144,157,67,233,226,222,143,19,11,10,23,121,156,172,79,252,254,255,163,24,16,7,19,107,136,149,66,225,225,221,139,17,11,17,34,156,209,227,98,320,319,318,199,30,25,37,56,182,236,258,131,375,374,383,255,47,42,14.88,28.75,132.88,174.0,190.88,87.5,278.12,276.12,277.75,180.25,27.88,20.62
Concrete_0cm_S5,2026-04-02T20:36:30.251242,21,37,154,212,232,107,342,333,339,229,39,29,15,30,150,192,214,99,306,300,304,198,32,23,5,13,80,107,118,52,172,177,179,115,15,8,6,18,114,145,157,67,233,226,222,143,19,11,10,22,121,157,171,79,251,253,255,164,24,16,7,18,107,136,149,66,225,225,221,139,17,11,17,34,156,209,227,98,320,319,318,199,30,25,37,56,182,237,258,131,375,374,383,255,47,42,14.75,28.5,133.0,174.38,190.75,87.38,278.0,275.88,277.62,180.25,27.88,20.62
Concrete_0cm_S5,2026-04-02T20:36:30.343285,21,37,155,212,232,107,343,333,340,230,39,29,15,30,150,192,214,99,306,300,304,198,32,23,5,13,80,107,118,52,172,177,179,115,15,8,6,18,114,144,157,67,233,226,222,143,19,11,10,23,122,156,171,79,251,253,255,164,24,16,7,19,107,136,149,66,225,225,221,139,17,11,17,34,156,208,227,98,320,319,318,199,30,26,37,56,182,237,258,131,375,374,383,255,47,42,14.75,28.75,133.25,174.0,190.75,87.38,278.12,275.88,277.75,180.38,27.88,20.75
Concrete_0cm_S5,2026-04-02T20:36:30.440529,21,37,155,212,232,107,343,333,340,230,39,29,15,30,150,192,214,99,306,301,305,198,32,23,5,13,80,107,118,52,172,178,179,115,15,8,6,18,114,144,157,67,233,226,222,143,19,11,10,23,121,156,172,79,252,253,255,164,24,16,7,19,106,136,149,66,225,225,221,139,17,11,17,34,156,208,227,98,320,319,318,199,30,26,37,56,182,237,258,131,375,374,383,255,47,42,14.75,28.75,133.0,174.0,190.88,87.38,278.25,276.12,277.88,180.38,27.88,20.75
Concrete_0cm_S5,2026-04-02T20:36:30.534434,21,37,155,212,232,107,343,333,340,230,39,29,15,30,150,192,214,99,306,301,305,198,32,23,5,13,80,107,118,52,172,178,179,115,15,8,6,18,114,144,157,67,233,226,222,143,19,11,10,23,121,156,172,79,252,253,255,164,24,16,7,19,106,136,149,66,225,225,221,139,17,11,17,34,156,208,227,98,320,319,318,199,30,26,37,56,182,237,258,131,375,374,383,255,47,42,14.75,28.75,133.0,174.0,190.88,87.38,278.25,276.12,277.88,180.38,27.88,20.75
Concrete_0cm_S5,2026-04-02T20:36:30.629004,21,37,155,212,232,107,343,333,340,230,39,29,15,30,150,192,214,99,306,301,305,198,32,23,5,13,80,107,118,52,172,178,179,115,15,8,6,18,114,144,157,67,233,226,222,143,19,11,10,23,121,156,172,79,252,253,255,164,24,16,7,19,106,136,149,66,225,225,221,139,17,11,17,34,156,208,227,98,320,319,318,199,30,26,37,56,182,237,258,131,375,374,383,255,47,42,14.75,28.75,133.0,174.0,190.88,87.38,278.25,276.12,277.88,180.38,27.88,20.75
Concrete_0cm_S5,2026-04-02T20:36:30.719709,22,37,155,212,232,107,342,333,339,229,38,29,15,30,150,192,214,99,306,300,304,198,32,24,5,13,80,107,118,52,172,178,179,115,15,8,6,18,114,144,157,67,233,226,222,143,19,11,10,23,121,156,172,79,252,253,255,164,24,16,7,19,106,136,149,66,225,225,221,139,17,11,17,34,156,209,227,98,320,319,318,199,31,25,37,56,182,236,258,131,375,374,382,255,47,42,14.88,28.75,133.0,174.0,190.88,87.38,278.12,276.0,277.5,180.25,27.88,20.75
Concrete_0cm_S5,2026-04-02T20:36:30.838632,21,37,155,212,232,107,343,333,340,230,39,30,15,30,150,192,214,99,306,300,304,198,32,23,5,13,80,107,118,52,172,177,179,115,15,8,6,18,114,144,157,67,233,226,222,143,19,11,10,22,121,156,171,79,251,253,255,163,24,16,7,18,106,136,149,66,224,225,221,140,17,11,17,34,156,208,227,98,320,319,318,199,31,25,37,56,182,237,258,131,375,374,383,255,47,42,14.75,28.5,133.0,174.0,190.75,87.38,278.0,275.88,277.75,180.38,28.0,20.75
Concrete_0cm_S5,2026-04-02T20:36:30.933364,21,37,155,212,232,107,343,333,340,230,39,30,15,30,150,192,214,99,306,301,305,198,32,23,5,13,80,107,118,52,172,177,179,115,15,8,6,18,114,144,157,67,233,226,222,142,19,11,10,22,121,156,171,79,251,253,255,163,24,16,7,18,106,136,149,66,224,225,221,140,17,11,17,34,156,208,227,98,320,319,318,199,31,25,37,56,182,237,258,131,375,374,383,255,47,42,14.75,28.5,133.0,174.0,190.75,87.38,278.0,276.0,277.88,180.25,28.0,20.75
Concrete_0cm_S5,2026-04-02T20:36:31.022150,21,37,155,212,232,107,343,333,340,230,39,30,15,30,150,192,214,99,306,301,305,198,32,23,5,13,80,107,118,52,172,177,179,115,15,8,6,18,114,144,157,67,233,226,222,142,19,11,10,22,121,156,171,79,251,253,255,163,24,16,7,18,106,136,149,66,224,225,221,140,17,11,17,34,156,208,227,98,320,319,318,199,31,25,37,56,182,237,258,131,375,374,383,255,47,42,14.75,28.5,133.0,174.0,190.75,87.38,278.0,276.0,277.88,180.25,28.0,20.75
Concrete_0cm_S5,2026-04-02T20:36:31.109160,21,37,155,212,232,107,343,333,339,229,39,30,15,30,150,192,214,99,306,301,305,198,32,23,5,13,80,107,118,52,172,177,179,115,15,8,6,18,114,144,157,67,233,226,222,142,19,11,10,23,121,156,171,79,252,253,255,164,24,16,7,19,107,136,149,66,225,225,221,139,17,11,17,34,156,209,227,98,320,319,319,199,31,26,37,56,182,237,258,131,375,374,383,256,47,42,14.75,28.75,133.12,174.12,190.75,87.38,278.25,276.0,277.88,180.25,28.0,20.88
Concrete_0cm_S5,2026-04-02T20:36:31.202143,21,37,155,212,232,107,343,333,339,229,39,30,15,30,150,192,214,99,306,301,305,198,32,23,5,13,80,107,118,52,172,177,179,115,15,8,6,18,114,144,157,67,233,226,222,142,19,11,10,23,121,156,171,79,252,253,255,164,24,16,7,19,107,136,149,66,225,225,221,139,17,11,17,34,156,209,227,98,320,319,319,199,31,26,37,56,182,237,258,131,375,374,383,256,47,42,14.75,28.75,133.12,174.12,190.75,87.38,278.25,276.0,277.88,180.25,28.0,20.88
Concrete_0cm_S5,2026-04-02T20:36:31.308676,22,37,154,212,232,108,343,333,340,230,39,30,15,30,150,192,214,99,306,301,305,198,32,23,5,14,80,107,117,52,173,178,179,115,15,8,6,18,114,145,157,67,233,226,222,143,19,11,10,23,121,156,171,79,251,253,255,164,24,16,7,19,107,136,149,66,225,225,221,139,17,11,17,34,157,209,227,98,320,319,319,200,31,26,37,56,182,237,258,131,375,374,383,255,47,42,14.88,28.88,133.12,174.25,190.62,87.5,278.25,276.12,278.0,180.5,28.0,20.88
Concrete_0cm_S5,2026-04-02T20:36:31.409075,21,37,155,212,232,107,343,333,339,230,39,30,15,30,150,192,214,99,306,301,305,198,32,24,5,14,80,107,118,52,173,177,179,115,15,8,6,18,115,145,157,67,233,226,222,143,18,11,10,23,121,156,171,79,251,253,255,164,24,16,7,19,107,136,149,66,225,225,221,139,17,11,17,34,156,209,227,98,320,319,319,200,31,25,37,56,182,236,258,131,375,374,383,255,47,42,14.75,28.88,133.25,174.12,190.75,87.38,278.25,276.0,277.88,180.5,27.88,20.88
Concrete_0cm_S5,2026-04-02T20:36:31.500025,21,37,155,212,232,107,343,333,339,230,39,30,15,30,150,192,214,99,306,301,305,198,32,24,5,14,80,107,118,52,173,177,179,115,15,8,6,18,115,145,157,67,233,226,222,143,18,11,10,23,121,156,172,80,251,253,255,164,24,16,7,19,107,136,149,66,225,225,221,140,17,11,17,34,157,209,227,98,320,319,318,199,30,25,37,56,182,236,258,131,375,374,382,255,47,42,14.75,28.88,133.38,174.12,190.88,87.5,278.25,276.0,277.62,180.5,27.75,20.88
Concrete_0cm_S5,2026-04-02T20:36:31.592315,21,37,155,212,232,107,343,333,339,230,39,30,15,30,150,192,214,99,306,301,305,198,32,24,5,14,80,107,118,52,173,177,179,115,15,8,6,18,115,145,157,67,233,226,222,143,18,11,10,23,121,156,172,80,251,253,255,164,24,16,7,19,107,136,149,66,225,225,221,140,17,11,17,34,157,209,227,98,320,319,318,199,30,25,37,56,182,236,258,131,375,374,382,255,47,42,14.75,28.88,133.38,174.12,190.88,87.5,278.25,276.0,277.62,180.5,27.75,20.88
Concrete_0cm_S5,2026-04-02T20:36:31.690368,22,37,154,213,232,107,342,333,339,230,39,30,15,30,150,192,214,99,306,301,304,198,32,23,5,13,80,107,118,52,173,178,179,115,15,9,6,18,114,144,157,67,233,226,222,143,19,11,10,23,121,156,171,80,252,253,255,164,24,16,7,19,107,136,149,66,225,225,221,139,17,11,17,34,156,209,227,98,320,319,319,199,31,25,37,56,182,237,258,131,376,374,383,255,47,42,14.88,28.75,133.0,174.25,190.75,87.5,278.38,276.12,277.75,180.38,28.0,20.88
Concrete_0cm_S5,2026-04-02T20:36:31.786666,22,37,155,212,232,107,342,333,339,230,39,30,15,30,150,192,214,99,306,301,304,198,32,23,5,13,80,107,118,52,172,177,179,115,15,8,6,18,114,144,157,67,233,226,222,143,19,11,10,23,121,156,171,79,252,253,255,164,24,16,7,19,107,136,149,66,225,225,221,140,17,11,17,34,157,209,227,98,320,319,319,199,31,25,37,56,182,237,258,131,376,374,383,255,47,42,14.88,28.75,133.25,174.12,190.75,87.38,278.25,276.0,277.75,180.5,28.0,20.75
Concrete_0cm_S5,2026-04-02T20:36:31.882972,22,37,155,212,232,107,343,333,339,230,39,30,15,30,150,192,214,99,306,300,304,198,32,23,5,13,79,107,118,52,172,177,179,115,15,8,6,18,114,144,157,67,233,226,222,143,19,11,10,23,121,156,171,79,252,253,255,164,24,16,7,19,107,136,149,66,225,225,221,140,17,11,17,34,157,209,227,98,320,319,319,199,31,25,37,56,182,236,257,131,376,374,383,255,47,42,14.88,28.75,133.12,174.0,190.62,87.38,278.38,275.88,277.75,180.5,28.0,20.75
Concrete_0cm_S5,2026-04-02T20:36:31.975183,22,37,155,212,232,107,343,333,339,230,39,30,15,30,150,192,214,99,306,300,304,198,32,23,5,13,79,107,118,52,172,177,179,115,15,8,6,18,114,145,157,67,233,226,222,143,19,11,10,23,121,156,172,79,252,253,255,164,24,16,7,19,107,136,149,66,225,225,221,140,17,11,17,34,157,209,227,98,320,319,318,199,31,25,37,56,182,237,258,131,375,374,383,255,47,42,14.88,28.75,133.12,174.25,190.88,87.38,278.25,275.88,277.62,180.5,28.0,20.75
Concrete_0cm_S5,2026-04-02T20:36:32.068148,22,38,154,212,232,108,343,333,340,230,39,29,15,30,150,192,214,99,306,300,304,198,32,23,5,13,79,107,118,52,172,177,179,115,15,8,6,18,114,144,157,67,233,225,222,143,19,11,10,23,121,156,172,79,252,253,255,164,24,16,7,19,107,136,149,66,225,225,221,140,17,11,17,34,157,209,227,98,320,319,318,199,31,25,37,56,182,237,258,131,375,374,383,255,47,42,14.88,28.88,133.0,174.12,190.88,87.5,278.25,275.75,277.75,180.5,28.0,20.62
Concrete_0cm_S5,2026-04-02T20:36:32.160510,22,38,154,212,232,108,343,333,340,230,39,29,15,30,150,192,214,99,306,300,304,198,32,23,5,13,79,107,118,52,172,177,179,115,15,8,6,18,114,144,157,67,233,225,222,143,19,11,10,23,121,156,172,79,252,253,255,164,24,16,7,19,107,136,149,66,225,225,221,140,17,11,17,34,157,209,227,98,320,319,318,199,31,25,37,56,182,237,258,131,375,374,383,255,47,42,14.88,28.88,133.0,174.12,190.88,87.5,278.25,275.75,277.75,180.5,28.0,20.62
Concrete_0cm_S5,2026-04-02T20:36:32.247827,22,38,154,212,232,108,343,333,340,230,39,29,15,30,150,192,214,99,306,300,304,198,32,23,5,13,79,107,118,52,172,177,179,115,15,8,6,18,114,144,157,67,233,225,222,143,19,11,10,23,121,156,172,79,252,253,255,164,24,16,7,19,107,136,149,66,225,225,221,140,17,11,17,34,157,209,227,98,320,319,318,199,31,25,37,56,182,237,258,131,375,374,383,255,47,42,14.88,28.88,133.0,174.12,190.88,87.5,278.25,275.75,277.75,180.5,28.0,20.62
Concrete_0cm_S5,2026-04-02T20:36:32.337844,22,38,155,212,233,107,343,333,339,230,38,30,15,30,150,192,213,99,306,300,304,197,32,23,5,13,80,107,118,52,172,177,179,115,15,8,6,18,114,144,157,68,233,226,222,143,19,11,10,22,121,156,171,79,251,253,255,164,24,16,7,19,106,136,149,66,225,225,221,139,17,11,17,34,157,209,227,98,320,319,319,199,31,25,37,56,182,237,258,131,375,375,383,255,47,42,14.88,28.75,133.12,174.12,190.75,87.5,278.12,276.0,277.75,180.25,27.88,20.75
Concrete_0cm_S5,2026-04-02T20:36:32.435936,22,37,154,212,232,107,343,333,339,230,39,30,15,30,150,192,214,99,306,301,304,198,32,23,5,13,80,107,118,52,172,177,179,115,15,8,6,18,114,145,157,67,233,226,222,143,19,11,10,23,121,156,172,79,251,253,255,164,24,16,7,19,107,136,149,66,225,225,221,139,17,11,17,34,157,209,227,98,320,319,319,199,31,25,37,56,182,237,258,131,375,375,383,255,47,42,14.88,28.75,133.12,174.25,190.88,87.38,278.12,276.12,277.75,180.38,28.0,20.75
Concrete_0cm_S5,2026-04-02T20:36:32.529437,21,37,154,212,232,106,342,332,339,230,38,29,15,30,150,192,214,99,306,301,304,198,32,23,5,13,80,107,118,52,172,177,179,115,15,8,6,18,114,145,157,67,233,226,222,143,19,11,10,23,121,156,172,79,251,253,255,164,24,16,7,19,107,136,149,66,225,225,221,139,17,11,17,34,156,209,227,98,320,319,319,199,31,25,37,56,182,237,258,131,375,375,383,255,47,42,14.75,28.75,133.0,174.25,190.88,87.25,278.0,276.0,277.75,180.38,27.88,20.62
Concrete_0cm_S5,2026-04-02T20:36:32.624421,21,37,154,212,232,106,342,332,339,230,38,29,15,30,150,192,214,99,306,301,304,198,32,23,5,13,80,107,118,52,173,177,179,115,15,8,6,18,114,145,157,67,233,226,222,143,19,11,10,23,121,156,172,79,251,253,255,164,24,16,7,19,107,136,149,66,225,225,221,139,17,11,17,34,156,209,227,98,320,319,319,199,31,25,37,56,182,237,258,131,375,375,383,255,47,42,14.75,28.75,133.0,174.25,190.88,87.25,278.12,276.0,277.75,180.38,27.88,20.62
Concrete_0cm_S5,2026-04-02T20:36:32.726780,21,37,155,213,232,107,343,333,339,230,39,30,15,30,150,192,214,99,306,301,304,198,32,23,5,13,80,107,118,52,173,177,179,115,15,8,6,18,114,145,157,67,233,226,222,143,19,11,10,23,121,156,171,79,252,254,255,163,24,16,7,19,106,136,149,66,225,225,221,139,17,11,17,34,156,209,227,98,320,319,319,199,30,25,37,56,182,236,258,131,375,374,383,255,47,42,14.75,28.75,133.0,174.25,190.75,87.38,278.38,276.12,277.75,180.25,27.88,20.75
Concrete_0cm_S5,2026-04-02T20:36:32.820901,21,37,155,213,232,107,343,333,339,230,39,30,15,30,150,192,214,99,306,301,304,198,32,23,5,13,80,107,118,52,173,177,179,115,15,8,6,18,114,145,157,67,233,226,222,143,19,11,10,23,121,156,171,79,252,254,255,163,24,16,7,19,106,136,149,66,225,225,221,139,17,11,17,34,156,209,227,98,320,319,319,199,30,25,37,56,182,236,258,131,375,374,383,255,47,42,14.75,28.75,133.0,174.25,190.75,87.38,278.38,276.12,277.75,180.25,27.88,20.75
Concrete_0cm_S5,2026-04-02T20:36:32.914899,21,37,155,212,232,107,342,332,339,230,38,30,15,30,150,192,214,99,306,300,304,198,32,23,5,13,80,107,118,52,173,177,179,115,15,8,6,18,114,145,157,67,233,226,222,143,19,11,10,23,121,156,172,80,251,253,255,164,24,16,7,19,107,136,149,66,225,225,221,139,17,11,17,34,157,209,227,98,320,319,319,199,31,25,37,56,182,236,258,131,376,374,383,255,47,42,14.75,28.75,133.25,174.12,190.88,87.5,278.25,275.75,277.75,180.38,27.88,20.75
Concrete_0cm_S5,2026-04-02T20:36:33.010672,21,37,155,212,232,107,343,333,339,230,39,30,15,30,150,192,214,99,306,300,304,198,32,23,5,13,80,107,118,52,173,177,179,115,15,8,6,18,114,145,157,67,233,226,222,143,19,11,10,22,121,156,171,80,252,253,255,164,24,16,7,19,107,136,149,66,225,225,221,139,17,11,17,34,157,209,227,98,320,319,319,199,31,25,37,56,182,237,258,131,376,374,383,255,47,42,14.75,28.62,133.25,174.25,190.75,87.5,278.5,275.88,277.75,180.38,28.0,20.75
Concrete_0cm_S5,2026-04-02T20:36:33.105424,21,37,155,212,232,107,343,333,339,230,39,30,15,30,150,192,214,99,306,300,304,198,32,23,5,13,80,107,118,52,172,177,179,115,15,8,6,18,114,144,157,67,233,225,222,143,19,11,10,23,121,156,171,79,251,253,255,164,24,16,7,19,107,136,149,66,225,225,221,139,17,11,17,34,157,209,227,98,320,319,319,199,31,25,37,56,182,237,258,131,376,374,383,255,47,42,14.75,28.75,133.25,174.12,190.75,87.38,278.25,275.75,277.75,180.38,28.0,20.75
Concrete_0cm_S5,2026-04-02T20:36:33.198172,21,37,155,212,232,107,343,333,339,230,39,30,15,30,150,192,214,99,306,300,304,198,32,23,5,13,80,107,118,52,172,177,179,115,15,8,6,18,114,144,157,67,233,225,222,143,19,11,10,23,121,156,171,79,251,253,255,164,24,16,7,19,107,136,149,66,225,225,221,139,17,11,17,34,157,209,227,98,320,319,319,199,31,25,37,56,182,237,258,131,376,374,383,255,47,42,14.75,28.75,133.25,174.12,190.75,87.38,278.25,275.75,277.75,180.38,28.0,20.75
Concrete_0cm_S5,2026-04-02T20:36:33.288614,21,37,155,212,232,107,343,333,339,230,39,30,15,30,150,192,214,99,306,300,304,198,32,23,5,13,80,107,118,52,172,177,179,115,15,8,6,18,114,144,157,67,233,225,222,143,19,11,10,23,121,156,171,79,251,253,255,164,24,16,7,19,107,136,149,66,225,225,221,139,17,11,17,34,157,209,227,98,320,319,319,199,31,25,37,56,182,237,258,131,376,374,383,255,47,42,14.75,28.75,133.25,174.12,190.75,87.38,278.25,275.75,277.75,180.38,28.0,20.75
Concrete_0cm_S5,2026-04-02T20:36:33.383729,22,37,154,212,232,107,343,333,339,229,39,29,15,30,150,192,214,99,306,300,304,198,32,23,5,13,80,107,118,52,172,177,179,115,15,8,6,18,114,145,157,67,233,226,222,143,19,11,10,23,121,156,172,79,251,253,255,164,24,16,7,19,106,136,148,66,225,225,221,139,17,11,17,34,156,209,227,98,320,319,319,199,30,26,37,56,182,237,258,131,375,374,383,255,47,42,14.88,28.75,132.88,174.25,190.75,87.38,278.12,275.88,277.75,180.25,27.88,20.75
Concrete_0cm_S5,2026-04-02T20:36:33.507298,22,37,154,212,232,107,343,333,339,229,39,29,15,30,150,192,214,99,306,300,304,198,32,23,5,13,80,107,118,52,172,177,179,115,15,8,6,18,114,145,157,67,233,226,222,143,19,11,10,23,121,156,172,79,251,253,255,164,24,16,7,19,106,136,148,66,225,225,221,139,17,11,17,34,156,209,227,98,320,319,319,199,30,26,37,56,182,237,258,131,375,374,383,255,47,42,14.88,28.75,132.88,174.25,190.75,87.38,278.12,275.88,277.75,180.25,27.88,20.75
Concrete_0cm_S5,2026-04-02T20:36:33.599296,22,37,154,212,232,107,343,333,339,229,39,29,15,30,150,192,214,99,306,300,304,198,32,23,5,13,80,107,118,52,172,177,179,115,15,8,6,18,114,145,157,67,233,226,222,143,19,11,10,23,121,156,172,79,251,253,255,164,24,16,7,19,106,136,148,66,225,225,221,139,17,11,17,34,156,209,227,98,320,319,319,199,30,26,37,56,182,237,258,131,375,374,383,255,47,42,14.88,28.75,132.88,174.25,190.75,87.38,278.12,275.88,277.75,180.25,27.88,20.75
Concrete_0cm_S5,2026-04-02T20:36:33.689512,22,37,154,212,232,107,343,333,339,229,39,29,15,30,150,192,214,99,306,300,304,198,32,23,5,13,80,107,118,52,172,177,179,115,15,8,6,18,114,145,157,67,233,226,222,143,19,11,10,23,121,156,172,79,251,253,255,164,24,16,7,19,106,136,148,66,225,225,221,139,17,11,17,34,156,209,227,98,320,319,319,199,30,26,37,56,182,237,258,131,375,374,383,255,47,42,14.88,28.75,132.88,174.25,190.75,87.38,278.12,275.88,277.75,180.25,27.88,20.75
Concrete_0cm_S5,2026-04-02T20:36:33.778824,21,37,155,212,232,107,343,333,339,229,39,30,15,30,150,192,214,99,306,300,304,198,32,23,5,13,80,107,118,52,172,178,179,115,15,8,6,18,114,144,157,67,233,225,221,142,19,11,10,23,121,156,172,80,251,253,255,164,24,16,7,19,106,136,149,66,225,225,221,140,17,11,17,34,157,209,227,98,320,319,319,199,31,25,37,56,182,237,258,131,375,374,383,255,47,42,14.75,28.75,133.12,174.12,190.88,87.5,278.12,275.88,277.62,180.25,28.0,20.75
Concrete_0cm_S5,2026-04-02T20:36:33.878286,22,37,154,212,232,107,342,333,339,230,39,29,15,30,150,192,214,99,306,301,304,198,32,23,5,13,80,107,118,52,172,177,179,115,15,8,6,18,114,144,157,67,233,225,221,142,19,11,10,23,121,156,172,80,251,253,255,164,24,16,7,18,107,136,149,66,225,225,221,139,17,11,17,34,157,209,227,98,320,319,319,200,31,25,37,56,182,236,258,131,375,374,383,255,47,42,14.88,28.62,133.12,174.0,190.88,87.5,278.0,275.88,277.62,180.38,28.0,20.62
Concrete_0cm_S5,2026-04-02T20:36:33.981649,22,37,154,212,232,107,342,333,339,230,39,29,15,30,150,192,214,99,306,301,304,198,32,23,5,13,80,107,118,52,172,177,179,115,15,8,6,18,114,145,157,67,233,226,222,143,19,11,10,23,121,156,172,80,251,253,255,164,24,16,7,18,107,136,149,66,225,225,221,139,17,11,17,34,157,209,227,98,320,319,319,200,31,25,37,56,182,236,258,131,375,374,383,255,47,42,14.88,28.62,133.12,174.12,190.88,87.5,278.0,276.0,277.75,180.5,28.0,20.62
Concrete_0cm_S5,2026-04-02T20:36:34.072643,22,37,154,212,232,107,342,333,339,230,39,29,15,30,150,192,214,99,306,301,304,198,32,23,5,13,80,107,118,52,172,177,179,115,15,8,6,18,114,145,157,67,233,226,222,143,19,11,10,23,121,156,172,80,251,253,255,164,24,16,7,18,107,136,149,66,225,225,221,139,17,11,17,34,157,209,227,98,320,319,319,200,31,25,37,56,182,236,258,131,375,374,383,255,47,42,14.88,28.62,133.12,174.12,190.88,87.5,278.0,276.0,277.75,180.5,28.0,20.62
Concrete_0cm_S5,2026-04-02T20:36:34.158396,22,37,155,212,232,107,342,333,339,230,38,30,15,30,150,192,214,99,306,301,304,198,32,23,5,13,80,107,118,52,172,177,179,116,15,8,6,18,114,145,157,67,233,226,222,142,19,11,10,23,121,156,172,79,251,253,255,164,24,16,7,19,106,136,149,66,225,225,221,139,17,11,17,34,157,209,227,98,320,319,318,199,30,26,37,56,182,237,258,131,376,374,383,256,47,42,14.88,28.75,133.12,174.25,190.88,87.38,278.12,276.0,277.62,180.5,27.75,20.88
Concrete_0cm_S5,2026-04-02T20:36:34.251720,22,37,155,212,232,107,342,333,339,230,38,30,15,30,150,192,214,99,306,301,304,198,32,23,5,13,80,107,118,52,172,177,179,116,15,8,6,18,114,145,157,67,233,226,222,142,19,11,10,23,121,156,172,79,251,253,255,164,24,16,7,19,106,136,149,66,225,225,221,139,17,11,17,34,157,209,227,98,320,319,318,199,30,26,37,56,182,237,258,131,376,374,383,256,47,42,14.88,28.75,133.12,174.25,190.88,87.38,278.12,276.0,277.62,180.5,27.75,20.88
Concrete_0cm_S5,2026-04-02T20:36:34.335094,21,37,154,212,232,108,343,333,339,230,38,29,15,30,150,192,214,99,306,300,304,198,32,24,5,13,79,107,118,52,173,178,179,116,15,8,6,18,114,145,157,67,233,226,222,142,19,11,10,23,121,156,172,79,252,253,255,164,24,16,7,19,106,136,149,66,225,225,221,139,17,11,17,34,157,209,227,98,320,319,319,200,31,25,37,56,182,237,258,131,375,375,383,255,47,42,14.75,28.75,132.88,174.25,190.88,87.5,278.38,276.12,277.75,180.5,27.88,20.75
Concrete_0cm_S5,2026-04-02T20:36:34.444098,22,37,155,212,233,107,343,334,339,230,39,29,15,30,150,192,214,99,306,301,304,198,32,23,5,13,79,107,118,52,173,178,179,116,15,8,6,18,114,145,157,67,233,226,222,142,19,11,10,23,121,156,172,79,252,253,255,164,24,16,7,19,106,136,149,66,224,225,221,140,17,11,17,34,157,209,227,98,320,319,318,199,31,25,37,56,182,237,258,131,375,374,383,256,47,42,14.88,28.75,133.0,174.25,191.0,87.38,278.25,276.25,277.62,180.62,28.0,20.62
Concrete_0cm_S5,2026-04-02T20:36:34.538921,22,37,154,212,232,108,343,333,340,229,39,29,15,30,150,192,214,99,306,301,304,198,32,23,5,13,79,107,118,52,173,178,179,116,15,8,6,18,114,145,157,67,233,226,222,142,19,11,10,23,121,156,172,79,252,253,255,164,24,16,7,19,106,136,149,66,224,225,221,140,17,11,17,34,157,209,227,98,320,320,319,200,30,26,37,56,182,237,258,131,375,375,384,255,47,42,14.88,28.75,132.88,174.25,190.88,87.5,278.25,276.38,278.0,180.5,27.88,20.75
Concrete_0cm_S5,2026-04-02T20:36:34.641804,22,37,154,212,232,108,343,333,340,229,39,29,15,30,150,192,214,99,306,301,304,198,32,23,5,13,79,107,118,52,173,178,179,116,15,8,6,18,114,145,157,67,233,226,222,142,19,11,10,23,121,156,172,79,252,253,255,164,24,16,7,19,106,136,149,66,224,225,221,140,17,11,17,34,157,209,227,98,320,320,319,200,30,26,37,56,182,237,258,131,375,375,384,255,47,42,14.88,28.75,132.88,174.25,190.88,87.5,278.25,276.38,278.0,180.5,27.88,20.75
Concrete_0cm_S5,2026-04-02T20:36:34.752028,22,37,154,212,232,107,342,333,339,230,39,30,15,30,150,192,214,99,306,300,304,198,32,23,5,13,80,107,118,52,173,178,179,115,15,8,6,18,114,144,157,67,233,226,222,143,19,11,10,22,121,156,172,80,252,253,255,164,24,16,7,19,107,136,149,66,225,225,221,139,17,11,17,34,156,209,227,98,320,319,319,199,31,25,37,56,182,237,258,131,376,374,383,255,47,42,14.88,28.62,133.0,174.12,190.88,87.5,278.38,276.0,277.75,180.38,28.0,20.75
Concrete_0cm_S5,2026-04-02T20:36:34.866863,22,37,154,212,232,107,342,333,339,230,39,30,15,30,150,192,214,99,306,300,304,198,32,23,5,13,80,107,118,52,173,178,179,115,15,8,6,18,114,144,157,67,233,226,222,143,19,11,10,23,121,156,171,79,252,253,255,164,24,16,7,19,107,136,149,66,225,225,221,140,17,11,17,34,157,209,227,98,320,320,319,199,30,26,37,56,182,237,258,131,376,374,383,255,47,42,14.88,28.75,133.12,174.12,190.75,87.38,278.38,276.12,277.75,180.5,27.88,20.88
Concrete_0cm_S5,2026-04-02T20:36:34.948755,22,37,154,212,232,107,342,333,339,230,39,29,15,30,150,192,214,99,306,300,304,198,32,23,5,13,80,107,118,52,173,177,179,116,15,9,6,18,114,144,157,67,233,226,222,143,19,11,10,22,121,156,171,79,252,253,255,163,24,16,7,19,107,136,149,65,225,225,221,139,17,11,17,34,157,209,227,98,320,320,319,200,31,26,37,56,182,237,258,131,376,374,383,255,47,42,14.88,28.62,133.12,174.12,190.75,87.25,278.38,276.0,277.75,180.5,28.0,20.88
Concrete_0cm_S5,2026-04-02T20:36:35.047564,22,37,154,212,232,107,342,333,339,230,39,29,15,30,150,192,214,99,306,300,304,198,32,23,5,13,80,107,118,52,173,177,179,116,15,9,6,18,114,144,157,67,233,226,222,143,19,11,10,22,121,156,171,79,252,253,255,163,24,16,7,19,107,136,149,65,225,225,221,139,17,11,17,34,157,209,227,98,320,320,319,200,31,26,37,56,182,237,258,131,376,374,383,255,47,42,14.88,28.62,133.12,174.12,190.75,87.25,278.38,276.0,277.75,180.5,28.0,20.88
Concrete_0cm_S5,2026-04-02T20:36:35.145695,22,37,154,212,232,107,342,333,339,230,39,29,15,30,150,192,214,99,306,300,304,198,32,23,5,13,80,107,118,52,173,177,179,116,15,9,6,18,114,144,157,67,233,226,222,143,19,11,10,22,121,156,171,79,252,253,255,163,24,16,7,19,107,136,149,65,225,225,221,139,17,11,17,34,157,209,227,98,320,320,319,200,31,26,37,56,182,237,258,131,375,374,383,255,47,42,14.88,28.62,133.12,174.12,190.75,87.25,278.25,276.0,277.75,180.5,28.0,20.88
Concrete_0cm_S5,2026-04-02T20:36:35.269131,22,37,155,212,232,107,343,333,339,229,38,29,15,30,150,192,214,99,306,301,304,198,32,23,5,13,79,107,118,52,172,177,179,116,15,8,6,18,114,144,158,67,233,226,222,143,19,11,10,23,121,156,172,79,251,253,255,164,24,16,7,19,107,136,149,65,225,225,221,139,17,11,17,34,157,209,227,98,320,320,319,200,31,26,37,56,182,237,258,131,375,374,383,255,47,42,14.88,28.75,133.12,174.12,191.0,87.25,278.12,276.12,277.75,180.5,27.88,20.75
Concrete_0cm_S5,2026-04-02T20:36:35.376566,22,38,155,212,232,107,343,333,339,230,39,30,15,30,150,192,214,99,306,301,304,199,32,23,5,13,80,107,118,52,173,178,179,116,15,8,6,18,114,144,157,67,233,226,222,143,19,11,10,23,121,156,172,80,252,253,255,164,24,16,7,19,107,136,149,66,225,225,221,139,17,11,17,34,157,209,227,98,320,320,319,200,31,26,37,56,182,236,258,131,375,374,383,255,47,42,14.88,28.88,133.25,174.0,190.88,87.5,278.38,276.25,277.75,180.75,28.0,20.88
Concrete_0cm_S5,2026-04-02T20:36:35.459016,22,38,155,212,232,107,343,333,339,230,39,30,15,30,150,192,214,99,306,301,304,199,32,23,5,13,80,107,118,52,173,177,179,116,15,8,6,18,114,144,157,67,233,225,222,142,18,11,10,22,121,156,172,80,251,253,255,164,24,16,7,19,107,136,149,66,225,225,221,140,17,11,17,34,157,209,227,98,320,319,319,199,31,25,37,56,182,236,259,131,375,374,383,256,47,42,14.88,28.75,133.25,174.0,191.0,87.5,278.25,275.88,277.75,180.75,27.88,20.75
Concrete_0cm_S5,2026-04-02T20:36:35.543538,22,38,155,212,232,107,343,333,339,230,39,30,15,30,150,192,214,99,306,301,304,199,32,23,5,13,80,107,118,52,173,177,179,116,15,8,6,18,114,144,157,67,233,225,222,142,18,11,10,22,121,156,172,80,251,253,255,164,24,16,7,19,107,136,149,66,225,225,221,140,17,11,17,34,157,209,227,98,320,319,319,199,31,25,37,56,182,236,259,131,375,374,383,256,47,42,14.88,28.75,133.25,174.0,191.0,87.5,278.25,275.88,277.75,180.75,27.88,20.75
Concrete_0cm_S5,2026-04-02T20:36:35.635854,22,38,155,213,233,107,343,333,340,230,39,30,15,30,150,192,214,99,306,301,305,199,32,23,5,13,80,107,118,52,173,178,179,116,15,8,6,18,114,144,157,67,233,225,222,142,18,11,10,22,121,156,172,80,251,253,255,164,24,16,7,19,107,136,149,66,225,225,221,140,17,11,17,34,157,209,227,98,320,319,319,199,31,25,37,56,182,236,259,131,375,374,383,256,47,42,14.88,28.75,133.25,174.12,191.12,87.5,278.25,276.0,278.0,180.75,27.88,20.75
Concrete_0cm_S5,2026-04-02T20:36:35.715832,22,38,155,213,233,107,343,333,340,230,39,30,15,30,150,192,214,99,306,301,305,199,32,23,5,13,80,107,118,52,173,178,179,116,15,8,6,18,114,144,157,67,233,225,222,142,18,11,10,22,121,156,172,80,251,253,255,164,24,16,7,19,107,136,149,66,225,225,221,140,17,11,17,34,157,209,227,98,320,319,319,199,31,25,37,56,182,236,259,131,375,374,383,256,47,42,14.88,28.75,133.25,174.12,191.12,87.5,278.25,276.0,278.0,180.75,27.88,20.75
Concrete_0cm_S5,2026-04-02T20:36:35.826551,21,37,155,212,232,107,342,333,340,230,39,29,15,30,150,192,214,99,306,301,305,199,32,23,5,13,80,107,118,52,173,178,179,116,15,8,6,18,114,144,157,67,233,226,222,143,19,11,10,22,121,156,171,79,252,253,255,164,24,16,7,19,107,136,149,66,225,225,221,140,17,11,17,34,157,209,227,98,320,319,319,200,30,25,37,56,182,237,259,131,376,375,383,255,47,42,14.75,28.62,133.25,174.12,190.88,87.38,278.38,276.25,278.0,180.88,27.88,20.62
Concrete_0cm_S5,2026-04-02T20:36:35.911122,21,36,155,212,232,107,343,333,340,230,39,29,15,30,150,192,214,99,306,301,305,198,32,23,5,13,80,107,118,52,173,178,179,116,15,8,6,18,114,144,157,67,233,226,222,142,19,11,10,22,121,156,171,79,252,253,255,164,24,16,7,19,107,136,149,66,225,225,221,140,17,11,17,34,157,209,227,98,320,319,319,200,30,25,37,56,182,237,259,131,376,375,383,255,47,42,14.75,28.5,133.25,174.12,190.88,87.38,278.5,276.25,278.0,180.62,27.88,20.62
Concrete_0cm_S5,2026-04-02T20:36:36.013063,21,36,155,212,232,107,343,333,340,230,39,29,15,30,150,192,214,99,306,301,305,198,32,23,5,13,80,107,118,52,173,178,179,116,15,8,6,18,114,144,157,67,233,226,222,142,19,11,10,23,121,156,172,80,252,254,255,164,24,16,7,19,107,136,149,66,225,225,221,140,17,11,17,34,157,209,227,98,320,320,319,200,31,26,37,56,182,237,258,131,376,374,383,255,47,42,14.75,28.62,133.25,174.12,190.88,87.5,278.5,276.38,278.0,180.62,28.0,20.75
Concrete_0cm_S5,2026-04-02T20:36:36.104516,21,36,155,212,232,107,343,333,340,230,39,29,15,30,150,192,214,99,306,301,305,198,32,23,5,13,80,107,118,52,173,178,179,116,15,8,6,18,114,144,157,67,233,226,222,142,19,11,10,23,121,156,172,80,252,254,255,164,24,16,7,19,107,136,149,66,225,225,221,140,17,11,17,34,157,209,227,98,320,320,319,200,31,26,37,56,182,237,258,131,376,374,383,255,47,42,14.75,28.62,133.25,174.12,190.88,87.5,278.5,276.38,278.0,180.62,28.0,20.75
Concrete_0cm_S5,2026-04-02T20:36:36.203567,22,37,154,212,232,107,343,332,339,230,39,30,15,30,150,192,214,99,306,301,304,198,32,23,5,13,80,107,118,52,173,177,179,116,15,8,6,18,114,145,157,68,233,226,222,143,19,11,10,23,121,156,171,79,251,253,255,164,24,16,7,19,107,136,149,66,225,226,221,140,17,11,17,34,157,209,227,98,320,320,319,199,31,25,37,56,182,237,259,131,376,374,383,256,47,42,14.88,28.75,133.12,174.25,190.88,87.5,278.38,276.12,277.75,180.75,28.0,20.75
Concrete_0cm_S5,2026-04-02T20:36:36.303090,22,37,154,212,232,107,343,332,339,230,39,30,15,30,150,192,214,99,306,301,304,198,32,23,5,13,80,107,118,52,173,177,179,116,15,8,6,18,114,145,157,68,233,226,222,143,19,11,10,23,121,156,171,79,251,253,255,164,24,16,7,19,107,136,149,66,225,226,221,140,17,11,17,34,157,209,227,98,320,320,319,199,31,25,37,56,182,237,259,131,376,374,383,256,47,42,14.88,28.75,133.12,174.25,190.88,87.5,278.38,276.12,277.75,180.75,28.0,20.75
Concrete_0cm_S5,2026-04-02T20:36:36.384767,22,37,155,212,232,107,343,333,340,230,38,29,15,30,150,192,214,99,306,301,304,198,32,23,5,13,80,107,118,52,173,178,179,116,15,8,6,18,114,144,157,67,233,226,222,143,18,11,10,23,121,156,171,79,251,254,255,164,24,16,7,19,107,136,149,66,226,226,221,140,17,11,17,34,157,209,227,98,320,320,319,200,31,25,37,56,182,237,258,131,375,375,383,256,47,42,14.88,28.75,133.25,174.12,190.75,87.38,278.38,276.62,277.88,180.88,27.75,20.62
Concrete_0cm_S5,2026-04-02T20:36:36.468837,22,37,155,212,232,107,343,333,340,230,38,29,15,30,150,192,214,99,306,301,304,198,32,23,5,13,80,107,118,52,173,178,179,116,15,8,6,18,114,144,157,67,233,226,222,143,18,11,10,23,121,156,172,79,252,253,255,164,24,16,7,19,107,136,149,66,225,225,221,140,17,11,17,34,157,209,227,98,320,320,319,200,31,25,37,56,182,237,258,131,376,375,384,255,47,42,14.88,28.75,133.25,174.12,190.88,87.38,278.5,276.38,278.0,180.75,27.75,20.62
Concrete_0cm_S5,2026-04-02T20:36:36.569671,22,38,155,212,232,108,343,333,340,230,39,30,15,30,150,192,214,99,306,301,304,199,32,24,5,13,80,107,118,52,173,178,179,115,15,8,6,18,114,144,157,67,233,226,222,143,18,11,10,23,121,156,172,79,252,253,255,164,24,16,7,19,107,136,149,66,225,225,221,140,17,11,17,34,157,209,227,98,320,320,319,200,31,25,37,56,182,237,258,131,376,375,384,255,47,42,14.88,28.88,133.25,174.12,190.88,87.5,278.5,276.38,278.0,180.75,27.88,20.88
Concrete_0cm_S5,2026-04-02T20:36:36.655266,22,38,155,212,232,108,343,333,340,230,39,30,15,30,150,192,214,99,306,301,304,199,32,24,5,13,80,107,118,52,173,178,179,115,15,8,6,18,114,145,157,68,233,226,222,143,19,11,10,23,121,156,172,79,252,253,255,164,24,16,7,19,107,136,149,66,225,225,221,140,17,11,17,34,157,209,227,98,320,320,319,200,31,25,37,56,182,237,258,131,376,375,384,255,47,42,14.88,28.88,133.25,174.25,190.88,87.62,278.5,276.38,278.0,180.75,28.0,20.88
Concrete_0cm_S5,2026-04-02T20:36:36.744359,22,38,155,212,232,108,343,333,340,230,39,30,15,30,150,192,214,99,306,301,304,199,32,24,5,13,80,107,118,52,173,178,179,115,15,8,6,18,114,145,157,68,233,226,222,143,19,11,10,23,121,156,172,79,252,253,255,164,24,16,7,19,107,136,149,66,225,225,221,140,17,11,17,34,157,209,227,98,320,320,319,200,31,25,37,56,182,237,258,131,376,375,384,255,47,42,14.88,28.88,133.25,174.25,190.88,87.62,278.5,276.38,278.0,180.75,28.0,20.88
Concrete_0cm_S5,2026-04-02T20:36:36.824480,22,38,154,213,233,108,343,333,340,230,39,30,15,30,150,192,214,99,306,301,305,198,32,23,5,13,80,107,118,52,173,178,179,116,15,8,6,18,114,145,157,68,233,226,222,143,19,11,10,23,121,156,172,79,252,253,255,164,24,16,7,19,107,136,149,67,226,225,222,140,17,11,17,34,157,209,227,98,320,320,319,199,31,25,37,56,182,237,258,131,376,375,383,255,47,42,14.88,28.88,133.12,174.38,191.0,87.75,278.62,276.38,278.12,180.62,28.0,20.75
Concrete_0cm_S5,2026-04-02T20:36:36.908496,22,38,154,213,233,108,343,333,340,230,39,30,15,30,150,192,214,99,306,301,305,198,32,23,5,13,80,107,118,52,173,178,179,116,15,8,6,18,114,145,157,68,233,226,222,143,19,11,10,23,121,156,172,79,252,253,255,164,24,16,7,19,107,136,149,67,226,225,222,140,17,11,17,34,157,209,227,98,320,320,319,199,31,25,37,56,182,237,258,131,376,375,383,255,47,42,14.88,28.88,133.12,174.38,191.0,87.75,278.62,276.38,278.12,180.62,28.0,20.75
Concrete_0cm_S5,2026-04-02T20:36:36.989660,22,37,155,212,232,107,343,333,339,230,39,30,15,30,150,192,214,99,306,301,305,199,32,23,5,13,80,107,118,52,173,178,180,116,15,8,6,18,114,144,157,67,233,226,222,143,19,11,10,23,121,156,171,79,251,253,255,164,24,16,7,19,107,136,149,67,225,225,221,140,17,11,17,34,157,209,227,98,320,320,319,200,31,25,37,56,182,236,258,131,375,374,383,255,47,42,14.88,28.75,133.25,174.0,190.75,87.5,278.25,276.25,278.0,180.88,28.0,20.75
Concrete_0cm_S5,2026-04-02T20:36:37.079555,22,37,155,212,232,107,343,333,339,230,39,30,15,30,150,192,214,99,306,301,305,199,32,23,5,13,80,107,118,52,173,178,180,116,15,8,6,18,114,144,157,67,233,226,222,143,19,11,10,23,121,156,171,79,251,253,255,164,24,16,7,19,107,136,149,67,225,225,221,140,17,11,17,34,157,209,227,98,320,319,319,200,31,25,37,56,182,236,258,131,375,374,383,255,47,42,14.88,28.75,133.25,174.0,190.75,87.5,278.25,276.12,278.0,180.88,28.0,20.75
Concrete_0cm_S5,2026-04-02T20:36:37.160021,22,37,155,212,232,107,343,333,339,230,39,30,15,30,150,192,214,99,306,301,305,199,32,23,5,13,80,107,118,52,173,178,180,116,15,8,6,18,114,144,157,67,233,226,222,143,19,11,10,23,121,156,171,79,251,253,255,164,24,16,7,19,107,136,149,67,225,225,221,140,17,11,17,34,157,209,227,98,320,319,319,200,31,25,37,56,182,236,258,131,375,374,383,255,47,42,14.88,28.75,133.25,174.0,190.75,87.5,278.25,276.12,278.0,180.88,28.0,20.75
Concrete_0cm_S5,2026-04-02T20:36:37.262738,22,37,155,213,232,107,343,333,339,230,39,30,15,30,150,192,214,99,306,301,304,199,32,24,5,13,80,107,118,52,173,178,179,116,15,8,6,18,114,144,157,67,233,226,222,143,19,11,10,23,121,156,171,80,252,253,255,164,24,16,7,19,107,136,150,66,226,226,222,140,17,11,17,34,157,209,227,98,321,319,319,199,31,25,37,56,181,236,258,131,375,374,383,255,47,42,14.88,28.75,133.12,174.12,190.88,87.5,278.62,276.25,277.88,180.75,28.0,20.88
Concrete_0cm_S5,2026-04-02T20:36:37.383082,22,37,155,213,232,107,343,333,339,230,39,30,15,30,150,192,214,99,306,301,304,199,32,24,5,13,80,107,118,52,173,178,179,116,15,8,6,18,114,144,157,67,233,226,222,143,19,11,10,23,121,156,171,80,252,253,255,164,24,16,7,19,107,136,149,66,225,225,221,140,17,11,17,34,157,209,228,98,321,320,319,199,31,26,37,56,181,236,258,131,375,374,383,255,47,42,14.88,28.75,133.12,174.12,190.88,87.5,278.5,276.25,277.75,180.75,28.0,21.0
Concrete_0cm_S5,2026-04-02T20:36:37.492945,21,37,155,212,232,107,343,332,339,230,39,29,15,30,150,192,214,99,306,301,305,198,32,23,5,13,80,107,118,52,173,178,179,116,15,8,6,18,114,144,157,67,233,226,222,143,19,11,10,23,121,156,171,80,252,253,255,164,24,16,7,19,107,136,149,66,225,225,221,140,17,11,17,34,157,209,228,98,321,320,319,199,31,26,37,56,181,236,258,131,375,374,383,255,47,42,14.75,28.75,133.12,174.0,190.88,87.5,278.5,276.12,277.88,180.62,28.0,20.75
Concrete_0cm_S5,2026-04-02T20:36:37.593529,21,37,155,212,232,107,343,332,339,230,39,29,15,30,150,192,214,99,306,301,305,198,32,23,5,13,80,107,118,52,173,178,179,116,15,8,6,18,114,144,157,67,233,226,222,143,19,11,10,23,121,156,171,80,252,253,255,164,24,16,7,19,107,136,149,66,225,225,221,140,17,11,17,34,157,209,228,98,321,320,319,199,31,26,37,56,181,236,258,131,375,374,383,255,47,42,14.75,28.75,133.12,174.0,190.88,87.5,278.5,276.12,277.88,180.62,28.0,20.75
Concrete_0cm_S5,2026-04-02T20:36:37.680915,21,37,155,212,232,107,343,333,339,230,39,29,15,30,150,192,214,99,306,301,305,198,32,23,5,13,80,107,118,52,173,178,179,116,15,8,6,18,114,145,157,67,233,226,222,143,19,11,10,23,121,156,171,79,252,253,255,164,24,16,7,19,107,136,149,66,225,225,221,140,17,11,17,34,157,209,227,98,320,320,319,200,30,26,37,56,182,237,258,131,376,374,383,256,47,42,14.75,28.75,133.25,174.25,190.75,87.38,278.5,276.25,277.88,180.88,27.88,20.75
Concrete_0cm_S5,2026-04-02T20:36:37.787381,21,37,155,212,232,108,343,333,339,230,39,30,15,30,150,192,214,99,306,301,304,199,32,23,5,14,80,107,118,52,173,178,180,116,15,8,6,18,114,145,158,67,233,226,222,143,19,11,10,23,121,156,172,79,252,253,255,164,24,16,7,19,107,136,149,66,225,225,221,140,17,11,17,34,157,209,227,98,320,320,319,200,31,26,37,56,182,237,258,131,376,374,383,256,47,42,14.75,28.88,133.25,174.25,191.0,87.5,278.5,276.25,277.88,181.0,28.0,20.88
Concrete_0cm_S5,2026-04-02T20:36:37.906445,21,37,155,212,232,108,343,333,339,230,39,30,15,30,150,192,214,99,306,301,304,199,32,23,5,14,80,107,118,52,173,178,180,116,15,8,6,18,114,145,158,67,233,226,222,143,19,11,10,23,121,156,172,79,252,253,255,164,24,16,7,19,107,136,149,66,225,225,221,140,17,11,17,34,157,209,227,98,320,320,319,199,30,25,37,56,182,236,258,131,375,374,383,255,47,42,14.75,28.88,133.25,174.12,191.0,87.5,278.38,276.25,277.88,180.75,27.88,20.75
Concrete_0cm_S5,2026-04-02T20:36:38.023085,21,37,155,212,232,108,343,333,339,230,39,30,15,30,150,192,214,99,306,301,304,199,32,23,5,13,80,107,118,52,173,178,180,116,15,8,6,18,114,144,157,67,233,226,222,143,19,11,10,22,121,156,172,79,252,253,255,163,24,16,7,19,107,136,149,66,225,225,221,139,17,11,17,34,157,209,227,98,321,320,319,199,31,26,37,56,182,236,258,131,376,374,383,255,47,42,14.75,28.62,133.25,174.0,190.88,87.5,278.62,276.25,277.88,180.5,28.0,20.88
Concrete_0cm_S5,2026-04-02T20:36:38.119230,21,37,155,212,232,108,343,333,339,230,39,30,15,30,150,192,214,99,306,301,304,199,32,23,5,13,80,107,118,52,173,178,180,116,15,8,6,18,114,144,157,67,233,226,222,143,19,11,10,22,121,156,172,79,252,253,255,163,24,16,7,19,107,136,149,66,225,225,221,139,17,11,17,34,157,209,227,98,321,320,319,199,31,26,37,56,182,236,258,131,376,374,383,255,47,42,14.75,28.62,133.25,174.0,190.88,87.5,278.62,276.25,277.88,180.5,28.0,20.88
Concrete_0cm_S5,2026-04-02T20:36:38.208761,21,37,155,212,232,108,343,333,339,230,39,30,15,30,150,192,214,99,306,301,304,199,32,23,5,13,80,107,118,52,173,178,180,116,15,8,6,18,114,144,157,67,233,226,222,143,19,11,10,22,121,156,172,79,252,253,255,163,24,16,7,19,107,136,149,66,225,225,221,139,17,11,17,34,157,209,227,98,321,320,319,199,31,26,37,56,182,236,258,131,376,374,383,255,47,42,14.75,28.62,133.25,174.0,190.88,87.5,278.62,276.25,277.88,180.5,28.0,20.88
Concrete_0cm_S5,2026-04-02T20:36:38.289213,22,37,155,213,233,108,343,333,340,230,39,30,15,30,150,192,215,99,306,301,305,199,32,24,5,13,80,107,118,52,173,178,180,116,15,8,6,18,114,144,157,67,233,226,222,143,19,11,10,22,121,156,171,79,252,253,255,163,24,16,7,19,107,136,149,66,225,226,221,140,17,11,17,34,157,209,228,98,320,319,319,200,31,25,37,56,182,236,258,131,376,374,383,255,47,42,14.88,28.62,133.25,174.12,191.12,87.5,278.5,276.25,278.12,180.75,28.0,20.88
Concrete_0cm_S5,2026-04-02T20:36:38.391791,22,37,155,213,233,108,343,333,340,230,39,30,15,30,150,192,215,99,306,301,305,199,32,24,5,13,80,107,118,52,173,178,180,116,15,8,6,18,114,144,157,67,233,226,222,143,19,11,10,22,121,156,171,79,252,253,255,163,24,16,7,19,107,136,149,66,225,226,221,140,17,11,17,34,157,209,228,98,320,319,319,200,31,25,37,56,182,237,259,131,376,374,383,255,47,42,14.88,28.62,133.25,174.25,191.25,87.5,278.5,276.25,278.12,180.75,28.0,20.88
Concrete_0cm_S5,2026-04-02T20:36:38.474681,22,37,155,213,233,108,343,333,340,230,39,30,15,30,150,192,214,99,306,301,304,198,32,23,5,13,80,107,118,52,173,178,179,115,15,8,6,18,114,144,157,67,233,226,222,143,19,11,10,23,121,156,172,79,251,253,255,164,24,16,7,19,107,136,150,66,225,225,221,140,17,11,17,34,157,209,228,98,320,319,319,200,31,25,37,56,182,237,259,131,376,374,383,255,47,42,14.88,28.75,133.25,174.25,191.38,87.5,278.38,276.12,277.88,180.62,28.0,20.75
Concrete_0cm_S5,2026-04-02T20:36:38.564849,22,37,155,213,233,108,343,333,340,230,39,30,15,30,150,192,214,99,306,301,304,198,32,23,5,13,80,107,118,52,173,178,179,115,15,8,6,18,114,144,157,67,233,226,222,143,19,11,10,23,121,156,172,79,251,253,255,164,24,16,7,19,107,136,150,66,225,225,221,140,17,11,17,34,157,209,228,98,320,319,319,200,31,25,37,56,182,237,259,131,376,374,383,255,47,42,14.88,28.75,133.25,174.25,191.38,87.5,278.38,276.12,277.88,180.62,28.0,20.75
Concrete_0cm_S5,2026-04-02T20:36:38.652958,21,37,154,212,232,107,343,333,340,230,38,30,15,30,150,192,214,99,306,301,305,198,32,23,5,14,80,107,118,52,173,178,179,116,15,8,6,18,114,145,157,67,233,226,222,143,19,11,10,23,121,156,172,79,251,253,255,164,24,16,7,19,107,136,150,66,225,225,221,140,17,11,17,34,157,209,227,98,320,320,319,199,30,25,37,56,182,236,259,131,376,374,383,255,47,42,14.75,28.88,133.12,174.12,191.12,87.38,278.38,276.25,278.0,180.62,27.75,20.75
Concrete_0cm_S5,2026-04-02T20:36:38.738676,21,37,154,212,232,107,343,333,340,230,38,30,15,30,150,192,214,99,306,301,305,198,32,23,5,14,80,107,118,52,173,178,179,116,15,8,6,18,114,145,157,67,233,226,222,143,19,11,10,23,121,156,172,79,251,253,255,164,24,16,7,19,107,136,150,66,225,225,221,140,17,11,17,34,157,209,227,98,320,320,319,199,30,25,37,56,182,236,259,131,376,374,383,255,47,42,14.75,28.88,133.12,174.12,191.12,87.38,278.38,276.25,278.0,180.62,27.75,20.75
Concrete_0cm_S5,2026-04-02T20:36:38.845950,22,37,155,212,232,107,343,333,340,230,39,30,15,30,150,192,214,99,306,301,305,198,32,23,5,13,80,107,118,52,173,178,180,116,15,8,6,18,114,145,157,67,233,226,222,143,19,11,10,22,121,156,171,80,252,253,255,164,24,16,7,19,107,136,150,66,225,225,222,140,17,11,17,34,157,209,227,98,321,320,319,200,31,25,37,56,182,237,258,131,376,374,383,256,47,42,14.88,28.62,133.25,174.25,190.88,87.5,278.62,276.25,278.25,180.88,28.0,20.75
Concrete_0cm_S5,2026-04-02T20:36:38.943101,22,37,155,212,232,107,343,333,340,230,39,30,15,30,150,192,214,99,306,301,305,199,32,23,5,13,80,107,118,52,173,178,180,116,15,8,6,18,114,145,157,67,233,226,222,143,19,11,10,22,121,156,171,80,252,253,255,164,24,16,7,19,107,136,150,66,225,225,222,140,17,11,17,34,157,209,227,98,321,320,319,200,31,25,37,56,182,237,258,131,376,374,383,256,47,42,14.88,28.62,133.25,174.25,190.88,87.5,278.62,276.25,278.25,181.0,28.0,20.75
Concrete_0cm_S5,2026-04-02T20:36:39.036477,22,37,155,212,232,107,343,333,340,230,39,30,15,30,150,193,214,99,306,301,305,199,32,23,5,13,80,107,118,52,173,178,180,116,15,8,6,18,114,145,157,67,233,226,222,143,19,11,10,23,121,156,171,79,252,254,255,164,24,16,7,19,107,136,150,67,225,225,221,140,17,11,17,34,157,209,227,98,320,320,319,200,31,25,37,56,182,236,258,131,375,374,383,255,47,42,14.88,28.75,133.25,174.25,190.88,87.5,278.38,276.38,278.12,180.88,28.0,20.75
Concrete_0cm_S5,2026-04-02T20:36:39.152915,22,37,155,212,232,107,343,333,340,230,39,30,15,30,150,193,214,99,306,301,305,199,32,23,5,13,80,107,118,52,173,178,180,116,15,8,6,18,114,145,157,67,233,226,222,143,19,11,10,23,121,156,171,79,252,254,255,164,24,16,7,19,107,136,150,67,225,225,221,140,17,11,17,34,157,209,227,98,320,320,319,200,31,25,37,56,182,236,258,131,375,374,383,255,47,42,14.88,28.75,133.25,174.25,190.88,87.5,278.38,276.38,278.12,180.88,28.0,20.75
Concrete_0cm_S5,2026-04-02T20:36:39.264314,22,37,155,212,232,107,343,333,340,230,39,30,15,30,150,193,214,99,306,301,305,199,32,23,5,13,80,107,118,52,173,178,180,116,15,8,6,18,114,145,157,67,233,226,222,143,19,11,10,22,121,156,171,79,251,253,255,164,24,16,7,19,107,136,149,66,225,226,222,140,17,11,17,34,157,209,227,98,320,320,319,200,31,25,37,56,182,236,258,131,375,374,383,255,47,42,14.88,28.62,133.25,174.25,190.75,87.38,278.25,276.38,278.25,180.88,28.0,20.75
Concrete_0cm_S5,2026-04-02T20:36:39.351195,21,37,155,213,233,107,343,333,339,230,39,29,15,30,150,193,214,99,306,301,305,199,32,23,5,13,80,107,118,52,173,178,180,116,15,8,6,18,114,145,157,67,233,226,222,143,19,11,10,23,121,156,172,80,252,253,255,164,24,16,7,19,107,136,150,66,226,226,222,140,17,11,17,34,157,209,227,98,321,320,319,200,31,25,37,56,182,237,259,131,376,374,383,255,47,42,14.75,28.75,133.25,174.5,191.25,87.5,278.75,276.38,278.12,180.88,28.0,20.62
Concrete_0cm_S5,2026-04-02T20:36:39.472180,21,37,155,213,233,107,343,333,339,230,39,29,15,30,149,192,214,99,306,300,305,198,32,23,5,13,80,107,118,52,173,178,179,116,15,8,6,18,114,144,157,67,233,226,222,143,19,11,10,23,121,156,172,80,252,253,255,164,24,16,7,19,106,136,149,66,224,225,221,139,17,11,17,34,157,209,227,98,321,320,319,200,31,25,37,56,182,237,259,131,376,374,383,255,47,42,14.75,28.75,133.0,174.25,191.12,87.5,278.5,276.12,277.88,180.62,28.0,20.62
Concrete_0cm_S5,2026-04-02T20:36:39.563489,21,37,155,213,233,107,343,333,339,230,39,29,15,30,149,192,214,99,306,300,305,198,32,23,5,13,80,107,118,52,173,178,179,116,15,8,6,18,114,144,157,67,233,226,222,143,19,11,10,23,121,156,172,80,252,253,255,164,24,16,7,19,106,136,149,66,224,225,221,139,17,11,17,34,157,209,227,98,321,320,319,200,31,25,37,56,182,237,259,131,376,374,383,255,47,42,14.75,28.75,133.0,174.25,191.12,87.5,278.5,276.12,277.88,180.62,28.0,20.62
Concrete_0cm_S5,2026-04-02T20:36:39.667301,22,38,155,213,232,108,343,334,340,229,39,30,15,30,150,192,214,99,306,301,305,198,32,24,5,13,80,107,118,52,173,178,180,116,15,8,6,18,114,144,157,67,233,226,222,143,19,11,10,23,121,156,172,80,252,253,255,164,24,16,7,19,106,136,149,66,224,225,221,139,17,11,17,34,157,209,228,98,321,320,319,200,31,26,37,56,182,236,258,131,376,374,383,256,47,42,14.88,28.88,133.12,174.12,191.0,87.62,278.5,276.38,278.12,180.62,28.0,21.0
Concrete_0cm_S5,2026-04-02T20:36:39.754407,22,38,155,213,232,108,343,334,340,229,39,30,15,30,150,192,214,99,306,301,305,198,32,24,5,13,80,107,118,52,173,178,180,116,15,8,6,18,114,144,157,67,233,226,222,143,19,11,10,23,121,156,172,80,252,253,255,164,24,16,7,19,106,136,149,66,224,225,221,139,17,11,17,34,157,209,228,98,321,320,319,200,31,26,37,56,182,236,258,131,376,374,383,256,47,42,14.88,28.88,133.12,174.12,191.0,87.62,278.5,276.38,278.12,180.62,28.0,21.0
Concrete_0cm_S5,2026-04-02T20:36:39.858642,22,37,155,213,233,108,343,334,340,230,39,29,15,30,150,192,214,99,306,301,305,198,32,24,5,13,80,107,118,52,173,178,180,116,15,8,6,18,114,144,157,67,233,226,222,143,19,11,10,22,121,156,171,79,252,254,255,164,24,16,7,19,106,135,149,66,225,225,221,139,17,11,17,34,157,209,227,98,321,320,319,200,31,26,37,56,182,236,258,131,376,375,383,254,47,42,14.88,28.62,133.12,174.0,190.88,87.5,278.62,276.62,278.12,180.5,28.0,20.88
Concrete_0cm_S5,2026-04-02T20:36:39.946682,22,37,155,213,233,108,343,334,340,230,39,29,15,30,150,192,214,99,306,301,305,198,32,24,5,13,80,107,118,52,173,178,180,116,15,8,6,18,114,144,157,67,234,226,222,143,19,11,10,23,121,156,171,79,251,253,255,164,24,16,7,19,106,135,149,66,224,225,221,139,17,11,17,34,157,209,227,98,321,320,319,200,31,26,37,56,182,236,258,131,376,375,383,254,47,42,14.88,28.75,133.12,174.0,190.88,87.5,278.5,276.5,278.12,180.5,28.0,20.88
Concrete_0cm_S5,2026-04-02T20:36:40.048636,22,37,155,213,233,108,343,334,340,230,39,29,15,30,150,192,214,99,306,301,305,198,32,24,5,13,80,107,118,52,173,178,180,116,15,8,6,18,114,144,157,67,234,226,222,143,19,11,10,23,121,156,171,79,251,253,255,164,24,16,7,19,106,135,149,66,224,225,221,139,17,11,17,34,157,209,227,98,321,320,319,200,31,26,37,56,182,236,258,131,376,375,383,254,47,42,14.88,28.75,133.12,174.0,190.88,87.5,278.5,276.5,278.12,180.5,28.0,20.88
Concrete_0cm_S5,2026-04-02T20:36:40.134995,22,37,155,212,232,108,343,333,339,230,39,29,15,30,150,192,214,99,306,301,305,198,32,23,5,13,80,107,118,52,173,178,180,116,15,8,6,18,114,144,157,67,234,226,222,143,19,11,10,23,121,156,171,79,251,253,255,164,24,16,7,19,106,135,149,66,224,225,221,139,17,11,17,34,157,210,228,98,321,320,319,200,30,26,37,56,182,237,258,131,376,374,384,255,47,42,14.88,28.75,133.12,174.12,190.88,87.5,278.5,276.25,278.12,180.62,27.88,20.75
Concrete_0cm_S5,2026-04-02T20:36:40.238807,22,37,155,212,232,108,343,333,339,230,39,29,15,30,150,192,214,99,306,301,305,198,32,23,5,13,80,107,118,52,173,178,180,116,15,8,6,18,114,144,157,67,234,226,222,143,19,11,10,23,121,156,171,79,251,253,255,164,24,16,7,19,106,135,149,66,224,225,221,139,17,11,17,34,157,210,228,98,321,320,319,200,30,26,37,56,182,237,258,131,376,374,384,255,47,42,14.88,28.75,133.12,174.12,190.88,87.5,278.5,276.25,278.12,180.62,27.88,20.75
Concrete_0cm_S5,2026-04-02T20:36:40.325365,22,37,155,212,232,108,343,333,339,230,39,29,15,30,150,192,214,99,306,301,305,198,32,23,5,13,80,107,118,52,173,178,180,116,15,8,6,18,114,145,158,68,233,226,222,143,19,11,10,22,121,156,171,79,251,254,255,163,24,16,7,19,107,136,149,66,224,225,221,139,17,11,17,34,157,209,228,98,321,320,319,200,31,25,37,56,182,236,258,131,376,374,383,256,47,42,14.88,28.62,133.25,174.12,191.0,87.62,278.38,276.38,278.0,180.62,28.0,20.62
Concrete_0cm_S5,2026-04-02T20:36:40.429301,22,37,155,212,232,108,343,333,339,230,39,29,15,30,150,192,214,99,306,301,305,198,32,23,5,13,80,107,118,52,173,178,180,116,15,8,6,18,114,145,158,68,233,226,222,143,19,11,10,22,121,156,171,79,251,254,255,163,24,16,7,19,107,136,149,66,224,225,221,139,17,11,17,34,157,209,228,98,321,320,319,200,31,25,37,56,182,236,258,131,376,374,383,256,47,42,14.88,28.62,133.25,174.12,191.0,87.62,278.38,276.38,278.0,180.62,28.0,20.62
Concrete_0cm_S5,2026-04-02T20:36:40.511899,22,37,155,212,232,108,343,333,339,230,39,29,15,30,150,192,214,99,306,301,305,198,32,23,5,13,80,107,118,52,173,178,180,116,15,8,6,18,114,145,158,68,233,226,222,143,19,11,10,22,121,156,171,79,251,254,255,163,24,16,7,19,106,135,149,66,225,225,221,139,17,11,17,34,157,209,228,98,321,320,319,200,31,25,37,56,182,236,258,131,376,374,383,256,47,42,14.88,28.62,133.12,174.0,191.0,87.62,278.5,276.38,278.0,180.62,28.0,20.62
Concrete_0cm_S5,2026-04-02T20:36:40.620677,22,37,155,212,232,108,343,333,339,230,39,29,15,30,150,192,214,99,306,301,305,198,32,23,5,13,80,107,118,52,173,178,180,116,15,8,6,18,114,145,158,68,233,226,222,143,19,11,10,22,121,156,171,79,251,254,255,163,24,16,7,19,106,135,149,66,225,225,221,139,17,11,17,34,157,209,228,98,321,320,319,200,31,25,37,56,182,236,258,131,376,374,383,256,47,42,14.88,28.62,133.12,174.0,191.0,87.62,278.5,276.38,278.0,180.62,28.0,20.62
Concrete_0cm_S5,2026-04-02T20:36:40.707949,22,37,155,212,233,108,343,333,339,230,39,29,15,30,150,192,214,99,306,301,305,199,32,23,5,13,80,107,118,52,173,178,180,116,15,9,6,18,114,145,158,68,234,226,223,143,19,11,10,23,121,156,171,79,251,253,255,163,24,16,7,19,106,135,149,66,224,225,221,140,17,11,17,34,157,209,228,98,321,320,319,200,31,25,37,56,182,236,258,131,376,375,384,256,47,42,14.88,28.75,133.12,174.0,191.12,87.62,278.5,276.38,278.25,180.88,28.0,20.75
Concrete_0cm_S5,2026-04-02T20:36:40.804504,22,37,155,212,233,108,343,333,339,230,39,29,15,30,150,192,214,99,306,301,305,199,32,23,5,13,80,107,118,52,173,178,180,116,15,9,6,18,114,145,158,68,234,226,223,143,19,11,10,23,121,156,171,79,251,253,255,163,24,16,7,19,106,135,149,66,224,225,221,140,17,11,17,34,157,209,228,98,321,320,319,200,31,25,37,56,182,236,258,131,376,375,384,256,47,42,14.88,28.75,133.12,174.0,191.12,87.62,278.5,276.38,278.25,180.88,28.0,20.75
Concrete_0cm_S5,2026-04-02T20:36:40.887283,21,37,155,213,233,107,343,334,340,230,39,29,15,30,150,192,214,99,306,301,305,199,32,24,5,13,80,107,118,52,173,178,180,116,15,8,6,18,114,144,158,67,234,226,222,143,19,11,10,23,121,156,171,80,251,253,255,164,24,16,7,19,106,135,148,66,224,224,220,139,17,11,17,34,157,209,227,98,321,320,319,200,30,26,37,56,182,236,258,131,375,374,383,255,47,42,14.75,28.75,133.12,174.0,190.88,87.5,278.38,276.25,278.0,180.75,27.88,20.88
Concrete_0cm_S5,2026-04-02T20:36:40.986899,21,37,155,213,233,107,343,334,340,230,39,29,15,30,150,192,214,99,306,301,305,199,32,24,5,13,80,107,118,52,173,178,180,116,15,8,6,18,114,144,158,67,234,226,222,143,19,11,10,23,121,156,171,80,251,253,255,164,24,16,7,19,106,135,148,66,224,224,220,139,17,11,17,34,157,209,227,98,321,320,319,200,30,26,37,56,182,236,258,131,375,374,383,255,47,42,14.75,28.75,133.12,174.0,190.88,87.5,278.38,276.25,278.0,180.75,27.88,20.88
Concrete_0cm_S5,2026-04-02T20:36:41.082970,21,37,155,213,233,107,343,334,340,230,39,29,15,30,150,192,214,99,306,301,305,199,32,24,5,13,80,107,118,52,173,178,180,116,15,8,6,18,114,144,158,67,234,226,222,143,19,11,10,23,121,156,171,80,251,253,255,164,24,16,7,19,106,135,148,66,224,224,220,139,17,11,17,34,157,209,227,98,321,320,319,200,30,26,37,56,182,236,258,131,375,374,383,255,47,42,14.75,28.75,133.12,174.0,190.88,87.5,278.38,276.25,278.0,180.75,27.88,20.88
Concrete_0cm_S5,2026-04-02T20:36:41.198613,21,37,155,213,233,107,343,334,340,230,39,29,15,30,150,192,214,99,306,301,305,199,32,24,5,13,80,107,118,52,173,178,180,116,15,8,6,18,114,144,158,67,234,226,222,143,19,11,10,23,121,156,171,80,251,253,255,164,24,16,7,19,106,135,148,66,224,224,220,139,17,11,17,34,157,209,227,98,321,320,319,200,30,26,37,56,182,236,258,131,375,374,383,255,47,42,14.75,28.75,133.12,174.0,190.88,87.5,278.38,276.25,278.0,180.75,27.88,20.88
Concrete_0cm_S5,2026-04-02T20:36:41.322879,20,37,155,213,233,107,343,333,340,230,38,30,15,30,150,192,214,99,306,301,305,199,32,24,5,13,80,107,118,52,173,178,180,116,15,8,6,18,114,144,158,67,233,226,222,143,19,11,10,23,121,156,172,80,252,253,255,164,24,16,7,19,106,135,149,66,224,225,221,139,17,11,17,34,157,209,227,98,321,320,319,200,30,26,37,56,182,236,258,131,375,374,383,255,47,42,14.62,28.75,133.12,174.0,191.12,87.5,278.38,276.25,278.12,180.75,27.75,21.0
Concrete_0cm_S5,2026-04-02T20:36:41.438609,20,37,155,213,233,107,343,333,340,230,38,30,15,30,150,192,214,99,306,301,305,199,32,24,5,13,80,107,118,52,173,178,180,116,15,8,6,18,114,144,158,67,233,226,222,143,19,11,10,23,121,156,172,80,252,253,255,164,24,16,7,19,106,135,149,66,224,225,221,139,17,11,17,34,157,209,227,98,321,320,319,200,30,26,37,56,182,236,258,131,375,374,383,255,47,42,14.62,28.75,133.12,174.0,191.12,87.5,278.38,276.25,278.12,180.75,27.75,21.0
Concrete_0cm_S5,2026-04-02T20:36:41.520718,20,37,155,213,233,107,343,333,340,230,38,30,15,30,150,192,214,99,306,301,305,199,32,23,5,13,80,107,118,52,173,178,180,116,15,8,6,18,114,144,158,67,233,226,222,143,19,11,10,23,121,156,171,79,252,253,255,164,24,16,7,19,106,135,149,66,224,224,221,139,16,11,17,34,157,210,227,98,321,320,319,200,31,25,37,56,182,236,258,131,375,374,383,255,47,42,14.62,28.75,133.12,174.12,191.0,87.38,278.38,276.12,278.12,180.75,27.75,20.75
Concrete_0cm_S5,2026-04-02T20:36:41.604363,20,37,155,213,233,107,343,333,340,230,38,30,15,30,150,192,214,99,306,301,305,199,32,23,5,13,80,107,118,52,173,178,180,116,15,8,6,18,114,144,158,67,233,226,222,143,19,11,10,23,121,156,171,79,252,253,255,164,24,16,7,19,106,135,149,66,224,224,221,139,16,11,17,34,157,210,227,98,321,320,319,200,31,25,37,56,182,236,258,131,375,374,383,255,47,42,14.62,28.75,133.12,174.12,191.0,87.38,278.38,276.12,278.12,180.75,27.75,20.75
Concrete_0cm_S5,2026-04-02T20:36:41.699598,22,38,155,213,233,108,344,334,340,230,39,30,15,30,150,192,214,99,306,301,305,198,32,23,5,14,80,107,118,52,173,178,179,116,15,8,6,18,114,144,158,67,233,226,222,143,19,11,10,23,121,156,172,80,252,253,255,164,24,16,7,19,106,136,149,66,224,225,221,139,17,11,17,34,157,210,228,98,321,320,319,200,30,25,37,56,182,236,258,131,375,374,383,255,47,42,14.88,29.0,133.12,174.25,191.25,87.62,278.5,276.38,278.0,180.62,27.88,20.75
Concrete_0cm_S5,2026-04-02T20:36:41.790778,22,38,155,213,233,108,344,334,340,230,39,30,15,30,150,192,214,99,306,301,305,198,32,23,5,14,80,107,118,52,173,178,179,116,15,8,6,18,114,144,158,67,233,226,222,143,19,11,10,23,121,156,172,80,252,253,255,164,24,16,7,19,106,136,149,66,224,225,221,139,17,11,17,34,157,210,228,98,321,320,319,200,30,25,37,56,182,236,258,131,375,374,383,255,47,42,14.88,29.0,133.12,174.25,191.25,87.62,278.5,276.38,278.0,180.62,27.88,20.75
Concrete_0cm_S5,2026-04-02T20:36:41.889389,22,38,155,213,233,108,344,334,340,230,39,30,15,30,150,192,214,99,306,301,305,198,32,23,5,14,80,107,118,52,173,178,179,116,15,8,6,18,114,144,158,67,233,226,222,143,19,11,10,23,121,156,172,80,252,253,255,164,24,16,7,19,106,136,149,66,224,225,221,139,17,11,17,34,157,210,228,98,321,320,319,200,30,25,37,56,182,236,258,131,375,374,383,255,47,42,14.88,29.0,133.12,174.25,191.25,87.62,278.5,276.38,278.0,180.62,27.88,20.75
Concrete_0cm_S5,2026-04-02T20:36:41.977167,22,37,155,212,233,108,344,334,340,231,39,30,15,30,150,192,214,99,306,301,305,198,32,23,5,13,80,107,118,52,173,178,180,116,15,8,6,18,114,145,158,67,233,226,222,143,19,11,10,23,121,156,171,79,252,254,255,164,24,16,7,19,106,136,149,66,224,225,221,139,17,11,17,34,157,209,228,98,321,320,319,200,31,26,37,56,182,236,258,131,375,374,383,255,46,42,14.88,28.75,133.12,174.12,191.12,87.5,278.5,276.5,278.12,180.75,27.88,20.88
Concrete_0cm_S5,2026-04-02T20:36:42.080603,22,37,155,212,233,108,344,334,340,231,39,30,15,30,150,192,214,99,306,301,305,198,32,23,5,13,80,107,118,52,173,178,180,116,15,8,6,18,114,145,158,67,233,226,222,143,19,11,10,23,121,156,171,79,252,254,255,164,24,16,7,19,106,136,149,66,224,225,221,139,17,11,17,34,157,209,228,98,321,320,319,200,31,26,37,56,182,236,258,131,375,374,383,255,46,42,14.88,28.75,133.12,174.12,191.12,87.5,278.5,276.5,278.12,180.75,27.88,20.88
Concrete_0cm_S5,2026-04-02T20:36:42.173098,22,37,155,212,233,108,344,334,340,231,39,30,15,30,150,192,214,99,306,301,305,198,32,23,5,13,80,107,118,52,173,178,180,116,15,8,6,18,114,145,158,67,233,226,222,143,19,11,10,23,121,156,171,80,252,254,255,164,24,16,7,19,106,135,148,66,224,225,220,139,17,11,17,34,157,209,228,98,321,320,319,200,31,26,37,56,182,236,258,131,375,374,383,255,47,42,14.88,28.75,133.12,174.0,191.0,87.62,278.5,276.5,278.0,180.75,28.0,20.88
Concrete_0cm_S5,2026-04-02T20:36:42.261019,22,37,155,212,233,108,344,334,340,231,39,30,15,30,150,192,214,99,306,301,305,198,32,23,5,13,80,107,118,52,173,178,180,116,15,8,6,18,114,145,158,67,233,226,222,143,19,11,10,23,121,156,171,80,252,254,255,164,24,16,7,19,106,135,148,66,224,225,220,139,17,11,17,34,157,209,228,98,321,320,319,200,31,26,37,56,182,236,258,131,375,374,383,255,47,42,14.88,28.75,133.12,174.0,191.0,87.62,278.5,276.5,278.0,180.75,28.0,20.88
Concrete_0cm_S5,2026-04-02T20:36:42.345401,22,37,155,213,233,108,343,333,340,230,39,30,15,30,150,192,214,99,306,301,305,197,32,24,5,13,80,107,118,52,173,178,180,116,15,8,6,18,114,144,158,67,234,226,222,143,19,11,10,23,121,156,172,79,252,253,255,164,24,16,7,18,106,135,149,66,224,224,221,139,17,11,17,34,157,209,227,98,321,320,319,200,31,25,37,56,182,236,258,130,375,374,382,255,46,42,14.88,28.62,133.12,174.0,191.12,87.38,278.5,276.12,278.0,180.5,27.88,20.88
Concrete_0cm_S5,2026-04-02T20:36:42.431737,22,38,155,212,233,108,343,333,340,230,39,29,15,30,150,192,214,99,306,301,305,199,32,24,5,13,80,107,118,52,173,178,180,116,15,8,6,18,114,144,158,67,234,226,222,143,19,11,10,23,121,156,172,79,252,253,255,164,24,16,7,18,106,135,149,66,224,224,221,139,17,11,17,34,157,209,227,98,321,320,319,200,31,25,37,56,182,236,258,130,375,374,382,255,46,42,14.88,28.75,133.12,173.88,191.12,87.38,278.5,276.12,278.0,180.75,27.88,20.75
Concrete_0cm_S5,2026-04-02T20:36:42.526098,22,38,155,212,233,108,343,333,340,230,39,29,15,30,150,192,214,99,306,301,305,199,32,24,5,13,80,107,118,52,173,178,180,116,15,8,6,18,114,145,158,67,233,226,222,143,19,11,10,23,121,156,171,79,252,253,255,164,24,16,7,19,106,135,148,66,223,224,221,139,17,11,17,34,157,209,227,98,321,320,319,200,31,25,37,55,182,236,257,130,375,374,382,255,46,42,14.88,28.75,133.12,174.0,190.75,87.38,278.25,276.12,278.0,180.75,27.88,20.75
Concrete_0cm_S5,2026-04-02T20:36:42.620249,22,38,155,212,233,108,343,333,340,230,39,29,15,30,150,192,214,99,306,301,305,199,32,24,5,13,80,107,118,52,173,178,180,116,15,8,6,18,114,145,158,67,233,226,222,143,19,11,10,23,121,156,171,79,252,253,255,164,24,16,7,19,106,135,148,66,223,224,221,139,17,11,17,34,157,209,227,98,321,320,319,200,31,25,37,55,182,236,257,130,375,374,382,255,46,42,14.88,28.75,133.12,174.0,190.75,87.38,278.25,276.12,278.0,180.75,27.88,20.75
Concrete_0cm_S5,2026-04-02T20:36:42.703207,22,38,155,212,233,108,343,333,340,230,39,29,15,30,150,192,214,99,306,301,305,199,32,24,5,13,80,107,118,52,173,178,180,116,15,8,6,18,114,145,158,67,233,226,222,143,19,11,10,23,121,156,171,79,252,253,255,164,24,16,7,19,106,135,148,66,223,224,221,139,17,11,17,34,157,209,227,98,321,320,319,200,31,25,37,55,182,236,257,130,375,374,382,255,46,42,14.88,28.75,133.12,174.0,190.75,87.38,278.25,276.12,278.0,180.75,27.88,20.75
Concrete_0cm_S5,2026-04-02T20:36:42.786621,21,37,155,213,233,108,343,334,340,230,39,30,15,30,150,192,214,99,306,301,305,198,32,24,5,14,80,107,118,52,173,178,180,116,15,8,6,18,114,144,158,67,234,226,223,143,19,11,10,23,121,156,170,79,251,253,255,163,24,16,7,19,106,135,148,66,224,225,221,139,17,11,17,34,157,209,227,98,321,320,319,200,31,25,36,56,182,236,257,131,375,374,382,255,47,42,14.62,28.88,133.12,174.0,190.62,87.5,278.38,276.38,278.12,180.5,28.0,20.88
Concrete_0cm_S5,2026-04-02T20:36:42.893881,21,37,155,213,233,108,343,334,340,230,39,30,15,30,150,192,214,99,306,301,305,198,32,24,5,14,80,107,118,52,173,178,180,116,15,8,6,18,114,144,158,67,234,226,223,143,19,11,10,23,121,156,170,79,251,253,255,163,24,16,7,19,106,135,148,66,224,225,221,139,17,11,17,34,157,209,227,98,321,320,319,200,31,25,36,56,182,236,257,131,375,374,382,255,47,42,14.62,28.88,133.12,174.0,190.62,87.5,278.38,276.38,278.12,180.5,28.0,20.88
Concrete_0cm_S5,2026-04-02T20:36:42.984250,21,37,155,213,233,108,343,334,340,230,39,30,15,30,150,192,214,99,306,301,305,198,32,24,5,13,80,107,118,52,173,178,180,116,15,8,6,18,114,145,158,67,233,226,223,143,19,11,10,23,121,156,171,79,251,253,254,163,24,16,7,19,106,135,148,66,224,225,221,139,17,11,17,34,157,209,227,98,321,320,319,200,31,25,36,56,182,236,257,131,375,374,382,255,47,42,14.62,28.75,133.12,174.12,190.75,87.5,278.25,276.38,278.0,180.5,28.0,20.88
Concrete_0cm_S5,2026-04-02T20:36:43.079647,21,37,155,213,233,108,343,334,340,230,39,30,15,30,150,192,214,99,306,301,305,198,32,24,5,13,80,107,118,52,173,178,180,116,15,8,6,18,114,145,158,67,233,226,223,143,19,11,10,23,121,156,171,79,251,253,254,163,24,16,7,19,106,135,148,66,224,225,221,139,17,11,17,34,157,209,227,98,321,320,319,200,31,25,36,56,182,236,257,131,375,374,382,255,47,42,14.62,28.75,133.12,174.12,190.75,87.5,278.25,276.38,278.0,180.5,28.0,20.88
Concrete_0cm_S5,2026-04-02T20:36:43.163553,22,37,155,213,233,108,343,333,340,230,38,30,15,30,150,192,214,99,306,301,305,199,32,24,5,13,80,107,119,52,173,178,180,116,15,8,6,18,114,145,158,67,233,226,223,143,19,11,10,22,121,156,171,79,251,253,254,163,24,16,7,18,106,135,149,66,223,224,221,139,17,11,17,34,157,209,228,98,321,320,319,200,31,26,36,56,182,236,258,130,375,374,382,255,46,42,14.75,28.5,133.12,174.12,191.25,87.38,278.12,276.12,278.0,180.62,27.75,21.0
Concrete_0cm_S5,2026-04-02T20:36:43.268475,22,37,155,213,233,108,343,333,340,230,38,30,15,30,150,192,214,99,306,301,305,199,32,24,5,13,80,107,119,52,173,178,180,116,15,8,6,18,114,145,158,67,233,226,223,143,19,11,10,22,121,156,171,79,251,253,254,163,24,16,7,18,106,135,149,66,223,224,221,139,17,11,17,34,157,209,228,98,321,320,319,200,31,26,36,56,182,236,258,130,375,374,382,255,46,42,14.75,28.5,133.12,174.12,191.25,87.38,278.12,276.12,278.0,180.62,27.75,21.0
Concrete_0cm_S5,2026-04-02T20:36:43.369214,21,37,155,213,233,108,343,334,340,230,39,29,15,30,150,192,214,99,306,301,305,198,32,24,5,13,80,107,118,52,174,178,180,116,15,8,6,18,114,145,158,67,233,226,223,143,19,11,10,22,121,156,171,79,251,253,254,163,24,16,7,18,106,135,149,66,223,224,221,139,17,11,17,34,157,209,227,98,321,320,319,199,30,25,36,56,182,236,258,131,376,374,382,255,47,42,14.62,28.5,133.12,174.12,191.0,87.5,278.38,276.25,278.0,180.38,27.88,20.75
Concrete_0cm_S5,2026-04-02T20:36:43.460518,21,37,155,213,233,108,343,334,340,230,39,29,15,30,150,192,214,99,306,301,305,198,32,24,5,13,80,107,118,52,174,178,180,116,15,8,6,18,114,145,158,67,233,226,223,143,19,11,10,22,121,156,171,79,251,253,254,163,24,16,7,18,106,135,149,66,223,224,221,139,17,11,17,34,157,209,227,98,321,320,319,199,30,25,36,56,182,236,258,131,376,374,382,255,47,42,14.62,28.5,133.12,174.12,191.0,87.5,278.38,276.25,278.0,180.38,27.88,20.75
Concrete_0cm_S5,2026-04-02T20:36:43.550496,22,37,155,213,233,108,343,334,340,230,39,30,15,30,150,192,214,99,306,301,305,198,32,23,5,13,80,107,118,52,173,178,180,116,15,9,6,18,114,145,158,68,234,226,222,143,19,11,10,22,121,156,171,79,251,253,254,163,24,16,7,18,106,135,148,66,224,224,221,139,17,11,17,34,158,209,227,98,321,320,319,200,30,25,36,56,181,236,258,131,375,373,383,255,47,41,14.75,28.5,133.12,174.12,190.88,87.62,278.38,276.12,278.0,180.5,27.88,20.75
Concrete_0cm_S5,2026-04-02T20:36:43.673166,22,37,155,213,233,108,343,334,340,230,39,30,15,30,150,192,214,99,306,301,305,198,32,23,5,13,80,107,118,52,173,178,180,116,15,9,6,18,114,145,158,68,234,226,222,143,19,11,10,22,121,156,171,79,251,253,254,163,24,16,7,18,106,135,148,66,224,224,221,139,17,11,17,34,158,209,227,98,321,320,319,200,30,25,36,56,181,236,258,131,375,373,383,255,47,41,14.75,28.5,133.12,174.12,190.88,87.62,278.38,276.12,278.0,180.5,27.88,20.75
Concrete_0cm_S5,2026-04-02T20:36:43.761727,22,37,155,213,233,108,343,334,340,230,39,30,15,30,150,192,214,99,307,301,305,199,32,23,5,14,80,107,119,52,174,178,180,116,15,8,6,18,114,145,158,68,233,226,222,143,19,11,10,22,121,156,171,79,251,253,254,163,24,16,7,19,106,135,149,66,224,224,221,139,17,11,17,34,157,209,228,98,321,320,319,200,31,25,36,56,181,236,258,131,375,373,383,255,47,41,14.75,28.75,133.0,174.12,191.25,87.62,278.5,276.12,278.0,180.62,28.0,20.62
Concrete_0cm_S5,2026-04-02T20:36:43.860233,22,37,155,213,233,108,343,334,340,230,39,30,15,30,150,192,214,99,307,301,305,199,32,23,5,14,80,107,119,52,174,178,180,116,15,8,6,18,114,145,158,68,233,226,222,143,19,11,10,22,121,156,171,79,251,253,254,163,24,16,7,19,106,135,149,66,224,224,221,139,17,11,17,34,157,209,228,98,321,320,319,200,31,25,36,56,181,236,258,131,375,373,383,255,47,41,14.75,28.75,133.0,174.12,191.25,87.62,278.5,276.12,278.0,180.62,28.0,20.62
Concrete_0cm_S5,2026-04-02T20:36:43.950711,22,37,155,213,233,108,343,334,340,230,39,30,15,30,150,192,214,99,307,301,305,199,32,23,5,14,80,107,119,52,174,178,180,116,15,8,6,18,114,144,157,67,234,227,222,143,19,11,10,22,121,156,171,79,251,253,255,164,24,16,7,19,106,135,149,66,224,224,221,139,17,11,17,34,157,209,228,98,321,320,319,200,31,25,36,56,181,236,258,131,375,373,383,255,47,41,14.75,28.75,133.0,174.0,191.12,87.5,278.62,276.25,278.12,180.75,28.0,20.62
Concrete_0cm_S5,2026-04-02T20:36:44.052019,22,37,155,213,233,108,343,334,340,230,39,30,15,30,150,192,214,99,307,301,305,199,32,23,5,14,80,107,119,52,174,178,180,116,15,8,6,18,114,144,157,67,234,227,222,143,19,11,10,22,121,156,171,79,251,253,255,164,24,16,7,19,106,135,149,66,224,224,221,139,17,11,17,34,157,209,228,98,321,320,319,200,31,25,36,56,181,236,258,131,375,373,383,255,47,41,14.75,28.75,133.0,174.0,191.12,87.5,278.62,276.25,278.12,180.75,28.0,20.62
Concrete_0cm_S5,2026-04-02T20:36:44.142434,22,37,155,213,233,108,343,334,340,230,39,30,15,30,150,192,214,99,307,301,305,199,32,23,5,14,80,107,119,52,174,178,180,116,15,8,6,18,114,144,157,67,234,227,222,143,19,11,10,22,121,156,171,79,251,253,255,164,24,16,7,19,106,135,149,66,224,224,221,139,17,11,17,34,157,209,228,98,321,320,319,200,31,25,36,56,181,236,258,131,375,373,383,255,47,41,14.75,28.75,133.0,174.0,191.12,87.5,278.62,276.25,278.12,180.75,28.0,20.62
Concrete_0cm_S5,2026-04-02T20:36:44.231902,21,38,155,213,233,108,343,334,340,230,39,29,15,30,150,192,214,99,307,302,305,198,32,24,5,13,80,107,118,52,173,178,180,116,15,8,6,18,114,144,158,68,233,226,222,143,19,11,10,22,121,156,171,79,251,253,254,163,24,16,7,19,106,135,148,66,224,224,221,139,17,11,17,34,157,209,228,98,321,319,319,200,31,25,36,56,182,236,258,131,375,374,383,255,47,42,14.62,28.75,133.12,174.0,191.0,87.62,278.38,276.25,278.0,180.5,28.0,20.75
Concrete_0cm_S5,2026-04-02T20:36:44.329507,21,38,155,213,233,108,343,334,340,230,39,29,15,30,150,192,214,99,307,302,305,198,32,24,5,13,80,107,118,52,173,178,180,116,15,8,6,18,114,144,158,68,233,226,222,143,19,11,10,22,121,156,171,79,251,253,254,163,24,16,7,19,106,135,148,66,224,224,221,139,17,11,17,34,157,209,228,98,321,319,319,200,31,25,36,56,182,236,258,131,375,374,383,255,47,42,14.62,28.75,133.12,174.0,191.0,87.62,278.38,276.25,278.0,180.5,28.0,20.75
Concrete_0cm_S5,2026-04-02T20:36:44.428692,22,37,155,213,233,108,343,334,340,230,38,30,15,30,150,192,214,99,306,301,305,199,32,23,5,14,80,107,119,52,173,178,180,116,15,8,6,18,114,144,158,68,234,227,222,143,19,11,10,22,121,156,171,79,251,253,254,163,24,16,7,19,106,135,148,66,224,225,221,139,17,11,17,34,157,210,228,98,321,320,319,200,30,25,37,56,182,236,258,131,375,374,383,255,47,42,14.88,28.75,133.12,174.12,191.12,87.62,278.38,276.5,278.0,180.62,27.75,20.75
Concrete_0cm_S5,2026-04-02T20:36:44.520643,22,37,155,213,233,108,343,334,340,230,38,30,15,30,150,192,214,99,306,301,305,199,32,23,5,14,80,107,119,52,173,178,180,116,15,8,6,18,114,144,158,68,234,227,222,143,19,11,10,22,121,156,171,79,251,253,254,163,24,16,7,19,106,135,148,66,224,225,221,139,17,11,17,34,157,210,228,98,321,320,319,200,30,25,37,56,182,236,258,131,375,374,383,255,47,42,14.88,28.75,133.12,174.12,191.12,87.62,278.38,276.5,278.0,180.62,27.75,20.75
Concrete_0cm_S5,2026-04-02T20:36:44.614648,21,38,155,213,233,108,343,334,340,230,38,29,15,30,150,192,214,99,307,301,305,199,32,23,5,13,80,107,118,52,173,178,180,116,15,8,6,18,114,144,158,68,234,227,222,143,19,11,10,22,121,156,171,79,251,253,254,163,24,16,7,19,106,135,149,66,224,224,221,139,17,11,17,34,157,209,227,98,321,320,320,200,31,25,37,56,182,236,258,130,375,374,382,255,47,42,14.75,28.75,133.12,174.0,191.0,87.5,278.5,276.38,278.0,180.62,27.88,20.62
Concrete_0cm_S5,2026-04-02T20:36:44.709294,21,38,155,213,233,108,343,334,340,230,38,29,15,30,150,192,214,99,307,301,305,199,32,23,5,13,80,107,118,52,173,178,180,116,15,8,6,18,114,144,158,68,234,227,222,143,19,11,10,22,121,156,171,79,251,253,254,163,24,16,7,19,106,135,149,66,224,224,221,139,17,11,17,34,157,209,227,98,321,320,320,200,31,25,37,56,182,236,258,130,375,374,382,255,47,42,14.75,28.75,133.12,174.0,191.0,87.5,278.5,276.38,278.0,180.62,27.88,20.62
Concrete_0cm_S5,2026-04-02T20:36:44.799653,22,38,155,213,234,108,344,334,340,230,39,30,15,30,150,192,214,98,306,301,304,197,32,23,5,13,80,107,118,52,173,178,180,116,15,8,6,18,114,145,158,68,233,226,222,143,19,11,10,22,121,156,171,79,251,253,255,163,24,16,7,19,106,135,148,66,224,224,221,139,17,11,17,34,157,209,228,98,321,320,319,200,31,26,37,56,182,236,258,131,375,374,383,255,47,42,14.88,28.75,133.12,174.12,191.12,87.5,278.38,276.25,278.0,180.38,28.0,20.88
Concrete_0cm_S5,2026-04-02T20:36:44.896795,22,38,155,213,234,108,344,334,340,230,39,30,15,30,150,192,214,98,306,301,304,197,32,23,5,13,80,107,118,52,173,178,180,116,15,8,6,18,114,145,158,68,233,226,222,143,19,11,10,22,121,156,171,79,251,253,255,163,24,16,7,19,106,135,148,66,224,224,221,139,17,11,17,34,157,209,228,98,321,320,319,200,31,26,37,56,182,236,258,131,375,374,383,255,47,42,14.88,28.75,133.12,174.12,191.12,87.5,278.38,276.25,278.0,180.38,28.0,20.88
Concrete_0cm_S5,2026-04-02T20:36:44.987810,22,38,155,213,234,108,344,334,340,230,39,30,15,30,150,192,214,99,306,301,305,198,32,23,5,14,80,107,118,52,173,178,180,116,15,8,6,18,114,145,158,68,233,226,222,143,19,11,10,22,121,156,171,79,251,253,255,163,24,16,7,19,106,135,149,66,224,224,221,139,17,11,17,34,157,209,227,98,320,320,319,200,30,25,37,56,182,236,258,131,375,374,383,255,47,42,14.88,28.88,133.12,174.12,191.12,87.62,278.25,276.25,278.12,180.5,27.88,20.75
Concrete_0cm_S5,2026-04-02T20:36:45.082425,22,38,155,213,234,108,344,334,340,230,39,30,15,30,150,192,214,99,306,301,305,198,32,23,5,14,80,107,118,52,173,178,180,116,15,8,6,18,114,145,158,68,233,226,222,143,19,11,10,22,121,156,171,79,251,253,255,163,24,16,7,19,106,135,149,66,224,224,221,139,17,11,17,34,157,209,227,98,320,320,319,200,30,25,37,56,182,236,258,131,375,374,383,255,47,42,14.88,28.88,133.12,174.12,191.12,87.62,278.25,276.25,278.12,180.5,27.88,20.75
Concrete_0cm_S5,2026-04-02T20:36:45.170963,22,38,155,213,234,108,344,334,340,230,39,30,15,30,150,192,214,99,306,301,305,198,32,23,5,14,80,107,118,52,173,178,180,116,15,8,6,18,114,145,158,68,233,226,222,143,19,11,10,22,121,156,171,79,251,253,255,163,24,16,7,19,106,135,149,66,224,224,221,139,17,11,17,34,157,209,227,98,320,320,319,200,30,25,37,56,182,236,258,131,375,374,383,255,47,42,14.88,28.88,133.12,174.12,191.12,87.62,278.25,276.25,278.12,180.5,27.88,20.75
Concrete_0cm_S5,2026-04-02T20:36:45.263807,21,37,155,213,233,108,343,334,339,230,39,30,15,30,150,192,214,99,306,301,305,199,32,24,5,14,80,107,118,52,173,178,180,116,15,8,6,18,114,145,158,68,233,226,222,143,19,11,10,22,121,156,171,79,251,253,255,163,24,16,7,19,106,135,149,66,224,224,221,139,17,11,17,34,157,209,227,98,320,320,319,200,30,25,37,56,182,236,258,131,375,374,383,255,47,42,14.75,28.75,133.12,174.12,191.0,87.62,278.12,276.25,278.0,180.62,27.88,20.88
Concrete_0cm_S5,2026-04-02T20:36:45.356774,21,37,155,213,233,108,343,334,339,230,39,30,15,30,150,192,214,99,306,301,305,199,32,24,5,14,80,107,118,52,173,178,180,116,15,8,6,18,114,145,158,68,233,226,222,143,19,11,10,22,121,156,171,79,251,253,255,163,24,16,7,19,106,135,149,66,224,224,221,139,17,11,17,34,157,209,227,98,320,320,319,200,30,25,37,56,182,236,258,131,375,374,383,255,47,42,14.75,28.75,133.12,174.12,191.0,87.62,278.12,276.25,278.0,180.62,27.88,20.88
Concrete_0cm_S5,2026-04-02T20:36:45.451758,21,37,155,213,233,108,343,334,339,230,39,30,15,30,150,192,214,99,306,301,305,198,32,23,5,14,80,107,118,52,173,178,180,116,15,8,6,18,114,145,158,68,233,226,222,143,19,11,10,22,121,156,171,79,251,253,255,163,24,16,7,19,106,135,149,66,224,224,221,139,17,11,17,34,157,209,227,98,320,320,319,200,30,25,37,56,182,236,258,131,375,374,383,255,47,42,14.75,28.75,133.12,174.12,191.0,87.62,278.12,276.25,278.0,180.5,27.88,20.75
Concrete_0cm_S5,2026-04-02T20:36:45.561224,21,37,155,213,233,108,343,334,339,230,39,30,15,30,150,192,214,99,306,301,305,198,32,23,5,14,80,107,118,52,173,178,180,116,15,8,6,18,114,145,158,68,233,226,222,143,19,11,10,22,121,156,171,79,251,253,255,163,24,16,7,19,106,135,149,66,224,224,221,139,17,11,17,34,157,209,227,98,320,320,319,200,30,25,37,56,182,236,258,131,375,374,383,255,47,42,14.75,28.75,133.12,174.12,191.0,87.62,278.12,276.25,278.0,180.5,27.88,20.75
Concrete_0cm_S5,2026-04-02T20:36:45.661702,22,37,155,213,233,108,344,334,340,230,39,30,15,30,150,192,215,99,306,301,305,199,32,24,5,13,80,107,118,52,173,178,180,116,15,8,6,18,114,144,158,67,234,226,222,143,19,11,10,22,121,156,171,79,251,253,254,163,24,16,7,18,106,135,149,66,224,224,221,139,17,11,17,34,157,209,228,98,321,320,319,199,31,25,37,56,182,236,258,131,375,374,383,255,46,41,14.88,28.5,133.12,174.0,191.25,87.5,278.5,276.25,278.0,180.5,27.88,20.75
Concrete_0cm_S5,2026-04-02T20:36:45.779129,22,37,155,213,233,108,344,334,340,230,39,30,15,30,150,192,215,99,306,301,305,199,32,24,5,13,80,107,118,52,173,178,180,116,15,8,6,18,114,144,158,67,234,226,222,143,19,11,10,22,121,156,171,79,251,253,254,163,24,16,7,18,106,135,149,66,224,224,221,139,17,11,17,34,157,209,228,98,321,320,319,199,31,25,37,56,182,236,258,131,375,374,383,255,46,41,14.88,28.5,133.12,174.0,191.25,87.5,278.5,276.25,278.0,180.5,27.88,20.75
Concrete_0cm_S5,2026-04-02T20:36:45.897479,22,38,155,213,233,108,343,334,340,230,39,30,15,30,150,192,215,99,306,301,305,199,32,24,5,13,80,107,118,52,173,178,180,116,15,8,6,18,114,144,158,67,233,227,222,143,19,11,10,22,121,156,171,79,251,253,254,164,24,16,7,18,106,135,148,66,223,224,221,139,17,11,17,34,157,210,228,98,321,320,319,200,31,25,37,56,182,236,258,131,375,374,382,255,46,42,14.88,28.62,133.12,174.12,191.12,87.5,278.12,276.38,277.88,180.75,27.88,20.88
Concrete_0cm_S5,2026-04-02T20:36:46.006375,22,38,155,213,233,108,343,334,340,230,39,30,15,30,150,192,215,99,306,301,305,199,32,24,5,13,80,107,118,52,173,178,180,116,15,8,6,18,114,144,158,67,233,227,222,143,19,11,10,22,121,156,171,79,251,253,254,164,24,16,7,19,106,135,149,66,224,224,221,139,17,11,17,34,157,210,228,98,321,320,319,200,31,25,37,56,182,236,258,130,375,374,382,255,46,41,14.88,28.75,133.12,174.12,191.25,87.38,278.25,276.38,277.88,180.75,27.88,20.75
Concrete_0cm_S5,2026-04-02T20:36:46.122671,22,38,155,213,233,108,343,334,340,230,39,30,15,30,150,192,215,99,306,301,305,199,32,24,5,13,80,107,118,52,173,178,180,116,15,8,6,18,114,144,158,67,233,227,222,143,19,11,10,22,121,156,171,79,251,253,254,164,24,16,7,19,106,135,149,66,224,224,221,139,17,11,17,34,157,210,228,98,321,320,319,200,31,25,37,56,182,236,258,130,375,374,382,255,46,41,14.88,28.75,133.12,174.12,191.25,87.38,278.25,276.38,277.88,180.75,27.88,20.75
Concrete_0cm_S5,2026-04-02T20:36:46.240595,22,37,156,213,233,108,344,334,340,230,39,30,15,30,150,192,214,99,306,301,305,199,32,23,5,13,80,107,119,52,173,178,180,116,15,8,6,18,114,144,158,67,234,227,222,143,19,11,10,22,121,156,171,79,251,253,254,164,24,16,7,19,106,135,149,66,224,224,221,139,17,11,17,34,157,210,228,98,321,320,319,200,31,25,37,56,182,236,258,130,375,374,382,255,46,41,14.88,28.62,133.25,174.12,191.25,87.38,278.5,276.38,277.88,180.75,27.88,20.62
Concrete_0cm_S5,2026-04-02T20:36:46.338253,22,37,155,213,233,108,344,333,340,231,39,30,15,30,150,193,214,99,307,302,305,199,32,24,5,13,80,107,119,52,173,178,180,116,15,8,6,18,114,144,158,67,234,227,222,143,19,11,10,22,121,156,171,79,251,252,254,164,24,16,7,18,106,135,148,66,224,224,220,139,17,11,17,34,157,209,227,98,321,320,319,199,31,25,36,55,182,236,258,131,375,374,382,255,46,42,14.75,28.38,133.12,174.12,191.0,87.5,278.62,276.25,277.75,180.75,27.88,20.88
Concrete_0cm_S5,2026-04-02T20:36:46.433233,22,37,155,213,233,108,344,334,340,230,39,30,15,30,150,192,215,99,306,301,305,199,32,24,5,13,80,107,119,52,173,178,180,116,15,8,6,18,114,144,158,67,234,227,222,143,19,11,10,22,121,156,171,79,251,252,254,164,24,16,7,18,106,135,148,66,224,224,220,139,17,11,17,34,157,209,227,98,321,320,319,199,31,25,36,55,182,236,258,131,375,374,382,255,46,42,14.75,28.38,133.12,174.0,191.12,87.5,278.5,276.25,277.75,180.62,27.88,20.88
Concrete_0cm_S5,2026-04-02T20:36:46.538304,22,37,155,213,233,108,344,334,340,230,39,30,15,30,150,192,215,99,306,301,305,199,32,24,5,13,80,107,119,52,173,178,180,116,15,8,6,18,114,144,158,67,234,227,222,143,19,11,10,22,121,156,171,79,251,252,254,164,24,16,7,18,106,135,148,66,224,224,220,139,17,11,17,34,157,209,227,98,321,320,319,199,31,25,36,55,182,236,258,131,375,374,382,255,46,42,14.75,28.38,133.12,174.0,191.12,87.5,278.5,276.25,277.75,180.62,27.88,20.88
Concrete_0cm_S5,2026-04-02T20:36:46.654845,22,37,155,213,233,108,344,334,340,231,39,30,15,30,150,192,214,99,306,301,305,199,32,23,5,14,80,107,118,52,173,178,180,116,15,8,6,18,114,144,158,68,234,226,222,143,19,11,10,22,121,155,171,79,251,253,254,163,24,16,7,19,106,135,148,66,224,224,220,139,17,11,17,34,157,209,228,98,321,320,319,200,31,25,37,56,182,236,258,131,375,374,383,255,47,41,14.88,28.75,133.12,173.88,191.0,87.62,278.5,276.25,277.88,180.75,28.0,20.62
Concrete_0cm_S5,2026-04-02T20:36:46.750966,22,37,155,213,233,108,344,334,340,231,39,30,15,30,150,192,214,99,306,301,305,199,32,23,5,14,80,107,118,52,173,178,180,116,15,8,6,18,114,144,158,68,234,226,222,143,19,11,10,22,121,155,171,79,251,253,254,163,24,16,7,19,106,135,148,66,224,224,220,139,17,11,17,34,157,209,228,98,321,320,319,200,31,25,37,56,182,236,258,131,375,374,383,255,47,41,14.88,28.75,133.12,173.88,191.0,87.62,278.5,276.25,277.88,180.75,28.0,20.62
Concrete_0cm_S5,2026-04-02T20:36:46.839506,22,37,155,213,233,108,344,334,340,230,39,30,15,30,150,193,214,99,306,301,305,198,32,23,5,13,80,107,118,52,173,178,180,116,15,8,6,18,114,145,158,68,233,226,222,143,19,11,10,22,121,156,171,79,251,253,254,163,24,16,7,18,106,135,148,66,223,224,220,139,17,11,17,34,157,209,228,98,321,320,319,200,30,25,36,56,182,236,258,131,375,374,382,255,46,42,14.75,28.5,133.12,174.25,191.0,87.62,278.25,276.25,277.75,180.5,27.75,20.75
Concrete_0cm_S5,2026-04-02T20:36:46.937075,22,37,155,213,233,108,344,334,340,230,39,30,15,30,150,193,214,99,306,301,305,198,32,23,5,13,80,107,118,52,173,178,180,116,15,8,6,18,114,145,158,68,233,226,222,143,19,11,10,22,121,156,171,79,251,253,254,163,24,16,7,18,106,135,148,66,223,224,220,139,17,11,17,34,157,209,228,98,321,320,319,200,30,25,36,56,182,236,258,131,375,374,382,255,46,42,14.75,28.5,133.12,174.25,191.0,87.62,278.25,276.25,277.75,180.5,27.75,20.75
Concrete_0cm_S5,2026-04-02T20:36:47.029616,21,38,155,213,233,108,343,334,340,231,39,30,15,30,150,192,214,99,306,301,305,198,32,24,5,14,80,107,118,52,173,178,180,116,15,8,6,18,114,145,158,67,233,226,223,143,19,11,10,22,121,155,171,79,251,253,254,163,24,16,7,19,106,135,148,66,224,224,221,139,17,11,17,34,157,209,228,98,321,320,319,199,30,25,36,56,182,236,258,130,375,374,382,255,46,41,14.62,28.88,133.12,174.0,191.0,87.38,278.25,276.25,278.0,180.5,27.75,20.75
Concrete_0cm_S5,2026-04-02T20:36:47.133209,21,38,155,213,233,108,343,334,340,231,39,30,15,30,150,192,214,99,306,301,305,198,32,24,5,14,80,107,118,52,173,178,180,116,15,8,6,18,114,145,158,67,233,226,223,143,19,11,10,22,121,155,171,79,251,253,254,163,24,16,7,19,106,135,148,66,224,224,221,139,17,11,17,34,157,209,228,98,321,320,319,199,30,25,36,56,182,236,258,130,375,374,382,255,46,41,14.62,28.88,133.12,174.0,191.0,87.38,278.25,276.25,278.0,180.5,27.75,20.75
Concrete_0cm_S5,2026-04-02T20:36:47.254739,22,37,156,213,233,108,344,334,340,230,39,30,15,30,150,192,214,99,306,301,305,199,32,23,5,14,80,107,118,52,173,178,180,116,15,8,6,18,114,145,158,67,233,226,223,143,19,11,10,22,121,155,171,79,251,253,254,163,24,16,7,19,106,135,148,66,224,224,221,139,17,11,17,34,157,209,228,98,321,320,319,200,30,26,36,56,182,236,258,131,375,374,382,255,46,42,14.75,28.75,133.25,174.0,191.0,87.5,278.38,276.25,278.0,180.62,27.75,20.88
Concrete_0cm_S5,2026-04-02T20:36:47.362719,22,37,156,213,233,108,344,334,340,230,39,30,15,30,151,192,214,99,307,302,305,199,32,24,5,13,80,107,118,52,173,178,180,116,15,8,6,18,114,145,158,67,234,226,222,143,19,11,10,22,121,155,171,79,251,253,254,163,24,16,7,19,106,135,148,66,224,224,221,139,17,11,17,34,157,209,228,98,321,320,319,200,31,25,37,55,182,236,257,131,375,374,383,255,46,42,14.88,28.5,133.38,174.0,190.88,87.5,278.62,276.38,278.0,180.62,27.88,20.88
Concrete_0cm_S5,2026-04-02T20:36:47.497028,21,38,155,213,234,108,344,334,341,231,39,29,15,30,150,192,215,99,306,301,305,199,32,23,5,13,80,107,119,52,173,178,180,116,15,9,6,18,114,145,158,67,234,226,222,143,19,11,10,22,121,155,171,79,251,253,254,163,24,16,7,19,106,135,148,66,224,224,221,139,17,11,17,34,157,209,228,98,321,320,319,200,31,25,37,55,182,236,257,131,375,374,383,255,46,42,14.75,28.62,133.12,174.0,191.25,87.5,278.5,276.25,278.12,180.75,27.88,20.75
Concrete_0cm_S5,2026-04-02T20:36:47.595999,21,38,155,213,234,108,344,334,341,231,39,29,15,30,150,192,215,99,306,301,305,199,32,23,5,13,80,107,119,52,173,178,180,116,15,9,6,18,114,145,158,67,234,226,222,143,19,11,10,22,121,155,171,79,251,253,254,163,24,16,7,19,106,135,148,66,224,224,221,139,17,11,17,34,157,209,228,98,321,320,319,200,31,25,37,55,182,236,257,131,375,374,383,255,46,42,14.75,28.62,133.12,174.0,191.25,87.5,278.5,276.25,278.12,180.75,27.88,20.75
Concrete_0cm_S5,2026-04-02T20:36:47.697448,22,37,155,213,233,108,344,334,340,230,39,29,15,30,150,193,215,99,306,301,305,199,32,23,5,14,80,107,119,52,173,178,180,116,15,8,6,18,114,144,158,68,234,227,223,143,19,11,10,22,121,155,171,79,251,253,254,163,24,16,7,19,106,135,149,66,223,224,221,139,17,11,17,34,157,209,228,98,321,320,319,200,31,25,36,56,182,236,257,130,375,374,382,255,46,42,14.75,28.75,133.12,174.0,191.25,87.5,278.38,276.38,278.0,180.62,27.88,20.62
Concrete_0cm_S5,2026-04-02T20:36:47.796070,21,38,155,213,233,108,344,334,340,230,39,30,15,30,150,192,214,99,306,301,305,198,32,23,5,13,80,107,118,52,173,178,180,116,15,8,6,18,114,145,158,67,234,226,223,143,19,11,10,22,121,156,171,79,251,253,254,163,24,16,7,19,106,135,149,66,224,224,221,139,17,11,17,34,157,210,228,98,321,320,319,200,31,25,37,56,182,236,258,131,375,374,383,255,47,42,14.75,28.75,133.12,174.25,191.12,87.5,278.5,276.25,278.12,180.5,28.0,20.75
Concrete_0cm_S5,2026-04-02T20:36:47.890454,21,38,155,213,233,108,344,334,340,230,39,30,15,30,150,192,214,99,306,301,305,198,32,23,5,13,80,107,118,52,173,178,180,116,15,8,6,18,114,145,158,67,234,226,223,143,19,11,10,22,121,156,171,79,251,253,254,163,24,16,7,19,106,135,148,66,224,224,221,139,16,11,17,34,157,210,228,98,321,320,319,199,31,25,37,55,182,236,258,130,375,374,382,255,47,41,14.75,28.62,133.12,174.25,191.0,87.38,278.5,276.25,278.0,180.38,27.88,20.62
Concrete_0cm_S5,2026-04-02T20:36:47.984860,21,38,155,213,233,108,344,334,340,230,39,30,15,30,150,192,214,99,306,301,305,198,32,23,5,13,80,107,118,52,173,178,180,116,15,8,6,18,114,145,158,67,234,226,223,143,19,11,10,22,121,156,171,79,251,253,254,163,24,16,7,19,106,135,148,66,224,224,221,139,16,11,17,34,157,210,228,98,321,320,319,199,31,25,37,55,182,236,258,130,375,374,382,255,47,41,14.75,28.62,133.12,174.25,191.0,87.38,278.5,276.25,278.0,180.38,27.88,20.62
Concrete_0cm_S5,2026-04-02T20:36:48.073880,21,38,155,213,233,108,344,334,340,230,39,30,15,30,150,192,214,99,306,301,305,199,32,24,5,13,80,107,118,52,173,178,180,116,15,8,6,18,114,145,158,67,234,226,222,143,19,11,10,22,121,156,171,79,251,253,254,163,24,16,7,18,106,135,148,66,224,224,221,139,17,11,17,34,157,209,228,98,321,320,319,200,31,25,36,56,182,236,258,131,375,374,383,255,46,41,14.62,28.62,133.12,174.12,191.0,87.5,278.5,276.25,278.0,180.62,27.88,20.75
Concrete_0cm_S5,2026-04-02T20:36:48.166085,21,38,155,213,233,108,344,334,340,230,39,30,15,30,150,192,214,99,306,301,305,199,32,24,5,13,80,107,118,52,173,178,180,116,15,8,6,18,114,145,158,67,234,226,222,143,19,11,10,22,121,156,171,79,251,253,254,163,24,16,7,18,106,135,148,66,224,224,221,139,17,11,17,34,157,209,228,98,321,320,319,200,31,25,36,56,182,236,258,131,375,374,383,255,46,41,14.62,28.62,133.12,174.12,191.0,87.5,278.5,276.25,278.0,180.62,27.88,20.75
Concrete_0cm_S5,2026-04-02T20:36:48.275498,21,38,155,213,233,108,344,334,340,230,39,30,15,30,150,192,214,99,306,301,305,199,32,24,5,13,80,107,119,52,174,179,180,116,15,9,6,18,114,145,158,68,234,226,222,143,19,11,10,22,121,156,171,79,251,253,254,163,24,16,7,19,106,135,149,66,224,224,221,139,17,11,17,34,157,210,228,98,321,320,319,200,31,25,37,56,182,236,258,131,375,374,383,255,47,42,14.75,28.75,133.12,174.25,191.25,87.62,278.62,276.38,278.0,180.62,28.0,21.0
Concrete_0cm_S5,2026-04-02T20:36:48.369377,21,38,155,213,233,108,344,334,340,230,39,30,15,30,150,192,214,99,306,301,305,199,32,24,5,13,80,107,119,52,174,179,180,116,15,9,6,18,114,145,157,67,234,226,223,143,19,11,10,22,121,155,171,79,251,252,254,163,24,16,7,19,106,135,148,66,224,225,221,139,17,11,17,34,157,209,228,98,321,320,319,199,30,25,36,56,182,236,258,130,375,374,383,255,47,42,14.62,28.75,133.12,174.0,191.0,87.38,278.62,276.38,278.12,180.5,27.88,21.0
Concrete_0cm_S5,2026-04-02T20:36:48.496501,22,37,155,213,233,108,344,334,340,230,39,30,15,30,150,192,214,99,306,301,304,198,32,23,5,13,80,107,119,52,174,179,180,116,15,9,6,18,114,145,157,67,234,226,223,143,19,11,10,22,121,155,171,79,251,252,254,163,24,16,7,19,106,135,148,66,224,225,221,139,17,11,17,34,157,209,228,98,321,320,319,199,30,25,36,56,182,236,258,130,375,374,383,255,47,42,14.75,28.62,133.12,174.0,191.0,87.38,278.62,276.38,278.0,180.38,27.88,20.88
Concrete_0cm_S5,2026-04-02T20:36:48.608180,22,37,155,213,233,108,344,334,340,230,39,30,15,30,150,192,214,99,306,301,304,198,32,23,5,13,80,107,119,52,174,179,180,116,15,9,6,18,114,145,157,67,234,226,223,143,19,11,10,22,121,155,171,79,251,252,254,163,24,16,7,19,106,135,148,66,224,225,221,139,17,11,17,34,157,209,228,98,321,320,319,199,30,25,36,56,182,236,258,130,375,374,383,255,47,42,14.75,28.62,133.12,174.0,191.0,87.38,278.62,276.38,278.0,180.38,27.88,20.88
Concrete_0cm_S5,2026-04-02T20:36:48.721781,21,37,155,214,233,108,344,334,340,230,39,30,15,30,150,193,215,99,306,301,305,198,32,23,5,13,80,107,118,52,173,178,180,116,15,8,6,18,114,144,157,68,233,226,222,143,19,11,10,22,121,156,171,79,251,253,254,163,24,16,7,19,106,135,149,66,224,224,221,139,16,11,17,34,157,209,228,98,321,320,320,200,31,25,37,56,182,236,258,130,375,374,382,255,46,42,14.75,28.62,133.12,174.25,191.12,87.5,278.38,276.25,278.0,180.5,27.75,20.75
Concrete_0cm_S5,2026-04-02T20:36:48.813782,22,37,155,213,233,108,344,334,340,231,39,30,15,30,150,192,214,99,306,301,305,198,32,23,5,13,80,107,118,52,173,178,180,116,15,8,6,18,114,144,157,68,233,226,222,143,19,11,10,22,121,156,171,79,251,253,254,163,24,16,7,19,106,135,149,66,224,224,221,139,16,11,17,34,157,209,228,98,321,320,320,200,31,25,36,56,182,236,258,131,375,374,382,255,46,42,14.75,28.62,133.12,174.0,191.0,87.62,278.38,276.25,278.0,180.62,27.75,20.75
Concrete_0cm_S5,2026-04-02T20:36:48.909967,21,37,155,214,234,108,344,334,340,230,39,30,15,30,150,192,214,99,306,301,305,199,32,23,5,13,80,107,118,52,173,178,180,116,15,8,6,18,114,144,157,68,233,226,222,143,19,11,10,22,121,156,171,79,251,253,254,163,24,16,7,19,106,135,149,66,224,224,221,139,16,11,17,34,157,210,228,98,321,320,319,199,31,25,37,56,182,236,258,131,375,374,382,255,46,42,14.75,28.62,133.12,174.25,191.12,87.62,278.38,276.25,277.88,180.5,27.75,20.75
Concrete_0cm_S5,2026-04-02T20:36:49.015085,21,37,155,214,234,108,344,334,340,230,39,30,15,30,150,192,214,99,306,301,305,199,32,23,5,13,80,107,118,52,173,178,180,116,15,8,6,18,114,145,158,67,233,226,222,143,19,11,10,22,121,156,171,79,251,253,254,163,24,16,7,19,106,135,149,66,224,224,221,139,16,11,17,34,157,210,228,98,321,320,319,199,31,25,37,56,182,236,258,131,375,374,382,255,46,42,14.75,28.62,133.12,174.38,191.25,87.5,278.38,276.25,277.88,180.5,27.75,20.75
Concrete_0cm_S5,2026-04-02T20:36:49.105470,22,38,155,214,233,108,344,335,340,230,39,30,15,30,150,192,214,99,306,301,305,199,32,23,5,13,80,107,118,52,173,178,180,116,15,8,6,18,114,145,158,67,233,226,222,143,19,11,10,22,121,155,171,79,251,253,254,163,24,16,7,19,106,135,148,66,224,225,221,139,16,11,17,34,157,209,228,98,321,320,319,200,30,25,37,56,182,236,258,131,375,374,382,255,47,42,14.88,28.75,133.12,174.12,191.0,87.5,278.38,276.5,277.88,180.62,27.75,20.75
Concrete_0cm_S5,2026-04-02T20:36:49.193178,22,38,155,214,233,108,344,335,340,230,39,30,15,30,150,192,214,99,306,301,305,199,32,23,5,13,80,107,118,52,173,178,180,116,15,8,6,18,114,145,158,67,233,226,222,143,19,11,10,22,121,155,171,79,251,253,254,163,24,16,7,19,106,135,148,66,224,225,221,139,16,11,17,34,157,209,228,98,321,320,319,200,30,25,37,56,182,236,258,131,375,374,382,255,47,42,14.88,28.75,133.12,174.12,191.0,87.5,278.38,276.5,277.88,180.62,27.75,20.75
Concrete_0cm_S5,2026-04-02T20:36:49.292479,22,37,155,213,233,108,344,334,340,230,39,30,15,30,150,192,214,99,307,301,302,198,32,23,5,13,80,107,118,52,174,178,180,116,15,8,6,18,114,145,158,67,234,226,222,143,19,11,10,22,121,156,171,79,251,253,254,163,24,16,7,19,106,135,149,66,224,224,221,139,17,11,17,34,157,209,228,98,321,320,319,199,31,25,37,55,182,236,258,131,375,374,382,255,46,41,14.88,28.5,133.12,174.12,191.12,87.5,278.75,276.25,277.5,180.38,27.88,20.62
Concrete_0cm_S5,2026-04-02T20:36:49.389524,22,38,156,214,234,108,344,334,340,230,39,30,15,30,150,192,214,99,307,301,302,198,32,23,5,13,80,107,118,52,174,178,180,116,15,8,6,18,114,144,157,67,233,226,222,143,19,11,10,22,121,156,171,79,251,253,254,163,24,16,7,19,106,135,148,66,222,224,220,139,16,11,17,34,157,210,228,98,321,320,319,200,30,25,37,56,182,236,258,130,375,374,383,255,47,42,14.88,28.75,133.25,174.25,191.0,87.38,278.38,276.25,277.5,180.5,27.75,20.75
Concrete_0cm_S5,2026-04-02T20:36:49.484335,22,38,156,214,234,108,344,334,340,230,39,30,15,30,150,192,214,99,306,301,305,199,32,24,5,14,80,108,119,52,174,179,180,116,15,8,6,18,114,145,158,68,234,226,223,143,19,11,10,22,121,156,170,79,251,252,254,163,24,16,7,19,106,135,148,66,222,224,220,139,16,11,17,34,157,210,228,98,321,320,319,200,30,25,37,56,182,236,258,130,375,374,383,255,47,42,14.88,28.88,133.25,174.5,191.12,87.5,278.38,276.25,278.0,180.62,27.75,20.88
Concrete_0cm_S5,2026-04-02T20:36:49.573950,22,38,156,214,234,108,344,334,340,230,39,30,15,30,150,192,214,99,306,301,305,199,32,24,5,14,80,108,119,52,174,179,180,116,15,8,6,18,114,145,158,68,234,226,223,143,19,11,10,22,121,156,170,79,251,252,254,163,24,16,7,19,106,135,148,66,222,224,220,139,16,11,17,34,157,210,228,98,321,320,319,200,30,25,37,56,182,236,258,130,375,374,383,255,47,42,14.88,28.88,133.25,174.5,191.12,87.5,278.38,276.25,278.0,180.62,27.75,20.88
Concrete_0cm_S5,2026-04-02T20:36:49.672634,22,38,156,214,234,108,344,334,340,230,39,30,15,30,150,192,214,99,306,301,305,199,32,24,5,14,80,108,119,52,174,179,180,116,15,8,6,18,114,145,158,68,234,226,223,143,19,11,10,22,121,156,170,79,251,252,254,163,24,16,7,19,106,135,148,66,222,224,220,139,16,11,17,34,157,210,228,98,321,320,319,200,30,25,37,56,182,236,258,130,375,374,383,255,47,42,14.88,28.88,133.25,174.5,191.12,87.5,278.38,276.25,278.0,180.62,27.75,20.88
Concrete_0cm_S5,2026-04-02T20:36:49.768964,22,38,156,213,234,108,344,334,340,230,39,30,15,30,150,192,214,99,306,301,305,198,32,23,5,13,80,107,118,52,173,178,180,116,15,8,6,18,114,145,158,67,233,226,223,143,19,11,10,22,121,156,171,79,251,253,254,163,24,16,7,19,106,135,148,66,223,224,221,139,17,11,17,34,157,209,228,98,321,320,319,200,30,25,37,55,182,236,258,130,375,373,382,255,46,41,14.88,28.62,133.25,174.12,191.12,87.38,278.25,276.12,278.0,180.5,27.75,20.62
Concrete_0cm_S5,2026-04-02T20:36:49.868604,22,38,156,214,233,108,344,334,341,230,39,30,15,30,150,192,214,99,306,301,304,199,32,23,5,13,80,107,119,52,173,179,180,116,15,8,6,18,114,145,158,67,234,226,223,143,19,11,10,22,121,156,171,79,251,253,254,163,24,16,7,19,106,135,149,66,223,224,221,139,17,11,17,34,157,210,228,98,321,320,319,200,30,25,36,56,182,236,258,131,375,374,382,255,46,41,14.75,28.75,133.25,174.38,191.25,87.5,278.38,276.38,278.0,180.62,27.75,20.62
Concrete_0cm_S5,2026-04-02T20:36:49.979254,22,38,156,214,234,108,344,334,340,231,39,30,15,30,150,192,214,99,307,301,305,199,32,23,5,14,80,108,118,52,173,178,180,116,15,8,6,18,114,145,158,67,233,226,222,143,19,11,10,22,121,155,170,79,251,253,254,163,24,16,7,19,106,135,149,66,223,224,221,139,17,11,17,34,157,210,228,98,321,320,319,200,30,25,36,56,182,236,258,131,375,374,382,255,46,41,14.75,28.88,133.25,174.38,191.12,87.5,278.38,276.25,277.88,180.75,27.75,20.62
Concrete_0cm_S5,2026-04-02T20:36:50.096894,22,38,156,214,234,108,344,334,340,231,39,30,15,30,150,192,214,99,307,301,305,199,32,23,5,14,80,108,118,52,173,178,180,116,15,8,6,18,114,145,158,67,233,226,222,143,19,11,10,22,121,155,170,79,251,253,254,163,24,16,7,19,106,135,149,66,224,224,221,139,17,11,17,34,157,210,228,98,321,320,319,200,30,25,36,56,182,236,258,131,375,374,382,255,46,41,14.75,28.88,133.25,174.38,191.12,87.5,278.5,276.25,277.88,180.75,27.75,20.62
Concrete_0cm_S5,2026-04-02T20:36:50.193025,22,38,156,214,233,108,344,334,340,230,39,30,15,30,150,192,213,99,306,301,305,198,32,23,5,13,80,107,118,52,173,179,180,116,15,8,6,18,114,145,158,67,233,226,222,143,19,11,10,22,121,155,170,79,251,253,254,163,24,16,7,19,106,135,149,66,224,224,221,139,17,11,17,34,157,210,228,98,321,320,319,200,31,25,37,56,182,236,258,130,375,374,382,255,47,42,14.88,28.75,133.25,174.25,190.88,87.38,278.38,276.38,277.88,180.5,28.0,20.75
Concrete_0cm_S5,2026-04-02T20:36:50.288380,22,38,156,214,234,108,344,335,341,230,39,30,15,30,150,192,214,99,306,301,305,199,32,23,5,13,80,107,118,52,173,179,180,116,15,8,6,18,115,145,158,67,233,226,222,143,19,11,10,22,121,156,171,79,251,252,254,163,24,16,7,19,106,135,149,66,224,224,221,139,17,11,17,34,157,209,227,98,321,320,319,200,31,25,36,56,182,236,258,131,375,374,382,255,46,41,14.75,28.75,133.38,174.25,191.12,87.5,278.38,276.38,278.0,180.62,27.88,20.62
Concrete_0cm_S5,2026-04-02T20:36:50.392456,22,38,156,214,234,108,344,335,341,230,39,30,15,30,150,192,214,99,306,301,305,199,32,23,5,13,80,107,118,52,173,179,180,116,15,8,6,18,115,145,158,67,233,226,222,143,19,11,10,22,121,156,171,79,251,252,254,163,24,16,7,19,106,135,149,66,224,225,221,139,17,11,17,34,157,209,228,98,321,320,320,200,30,25,36,56,182,236,258,131,375,374,382,255,46,41,14.75,28.75,133.38,174.25,191.25,87.5,278.38,276.5,278.12,180.62,27.75,20.62
Concrete_0cm_S5,2026-04-02T20:36:50.480294,22,37,156,214,234,108,345,334,341,231,39,30,15,30,150,192,214,99,306,301,305,199,32,23,5,13,80,107,118,52,173,179,180,116,15,8,6,18,115,145,158,67,233,226,222,143,19,11,10,22,121,156,171,79,251,252,254,163,24,16,7,19,106,135,149,66,224,225,221,139,17,11,17,34,157,209,228,98,321,320,320,200,30,25,36,56,182,236,258,131,375,374,382,255,46,41,14.75,28.62,133.38,174.25,191.25,87.5,278.5,276.38,278.12,180.75,27.75,20.62
Concrete_0cm_S5,2026-04-02T20:36:50.568417,22,37,156,214,234,108,345,334,341,231,39,30,15,30,150,192,214,99,306,301,305,198,32,23,5,14,80,108,118,52,173,179,180,116,15,9,6,18,115,145,158,68,234,226,222,143,19,11,10,22,121,156,171,79,251,253,254,163,24,16,7,19,106,135,149,66,224,225,221,139,17,11,17,34,157,210,228,98,321,320,319,200,31,25,36,56,182,236,258,131,375,374,382,255,46,41,14.75,28.75,133.38,174.5,191.25,87.62,278.62,276.5,278.0,180.62,27.88,20.75
Concrete_0cm_S5,2026-04-02T20:36:50.683505,22,37,156,214,234,108,345,334,341,231,39,30,15,30,150,192,214,99,306,301,305,198,32,23,5,13,80,108,119,52,173,178,180,116,15,8,6,18,115,145,158,67,234,226,222,143,19,11,10,22,121,156,171,79,251,252,254,163,24,16,7,19,106,135,149,66,224,224,221,139,17,11,17,34,157,209,228,98,321,320,319,199,31,25,37,56,182,236,258,131,375,374,383,255,47,42,14.88,28.62,133.38,174.38,191.38,87.5,278.62,276.12,278.12,180.5,28.0,20.75
Concrete_0cm_S5,2026-04-02T20:36:50.802417,22,38,156,214,233,108,344,334,341,230,39,30,15,30,150,192,214,99,306,301,305,198,32,23,5,13,80,107,119,52,174,179,180,116,15,8,6,18,114,145,158,67,233,226,223,143,19,11,10,22,121,156,171,79,251,252,254,163,24,16,7,19,106,135,149,66,224,224,221,139,17,11,17,34,157,209,228,98,321,320,319,199,31,25,37,56,182,236,258,131,375,374,383,255,47,42,14.88,28.75,133.25,174.25,191.25,87.5,278.5,276.25,278.25,180.38,28.0,20.75
Concrete_0cm_S5,2026-04-02T20:36:50.910006,22,38,156,214,234,108,344,334,341,230,39,30,15,30,150,192,215,99,306,301,305,198,32,24,5,13,80,107,119,52,174,179,180,116,15,8,6,18,114,145,158,67,233,226,223,143,19,11,10,22,121,155,171,79,251,253,254,163,24,16,7,19,106,135,148,66,224,224,221,139,17,11,17,34,157,210,228,98,321,320,319,200,30,25,37,56,182,237,258,131,375,374,383,255,46,42,14.88,28.75,133.25,174.38,191.38,87.5,278.5,276.38,278.25,180.5,27.75,20.88
Concrete_0cm_S5,2026-04-02T20:36:51.018056,22,38,156,214,234,108,344,334,341,230,39,30,15,30,150,192,215,99,306,301,305,198,32,24,5,14,80,107,119,52,173,178,180,116,15,8,6,18,114,145,158,67,233,226,222,143,19,11,10,22,121,155,171,79,251,253,254,163,24,16,7,19,106,135,148,66,224,224,221,139,17,11,17,34,157,210,228,98,321,320,319,200,30,25,37,56,182,237,258,131,375,374,383,255,46,42,14.88,28.88,133.25,174.38,191.38,87.5,278.38,276.25,278.12,180.5,27.75,20.88
Concrete_0cm_S5,2026-04-02T20:36:51.125757,22,38,156,214,233,108,344,335,341,231,39,30,15,30,150,192,214,99,306,301,305,199,32,23,5,13,80,108,118,52,174,179,180,116,15,8,6,18,114,145,158,68,233,226,222,143,19,11,10,22,121,155,171,79,251,253,254,163,24,16,7,19,106,135,149,66,224,224,221,139,17,11,17,34,157,209,228,98,321,320,319,200,31,25,36,56,182,236,258,131,375,374,383,255,46,41,14.75,28.75,133.25,174.25,191.12,87.62,278.5,276.5,278.12,180.75,27.88,20.62
Concrete_0cm_S5,2026-04-02T20:36:51.243409,22,38,156,214,233,108,344,335,341,231,39,30,15,30,150,192,214,99,306,301,305,199,32,23,5,13,80,108,118,52,174,179,180,116,15,8,6,18,114,145,158,68,233,226,222,143,19,11,10,22,121,155,171,79,251,253,254,163,24,16,7,19,106,135,149,66,224,224,221,139,17,11,17,34,157,209,228,98,321,320,319,200,31,25,36,56,182,236,258,131,375,374,383,255,46,41,14.75,28.75,133.25,174.25,191.12,87.62,278.5,276.5,278.12,180.75,27.88,20.62
Concrete_0cm_S5,2026-04-02T20:36:51.330765,22,38,156,214,234,108,344,334,340,231,39,30,15,30,150,192,214,99,306,301,305,199,32,23,5,14,80,108,118,52,173,178,180,116,15,8,6,18,114,145,157,67,233,226,222,143,19,11,10,22,121,155,171,79,251,252,254,163,24,16,7,18,106,136,148,66,224,225,221,139,17,11,17,34,157,210,228,98,321,320,319,199,31,25,37,55,182,236,258,130,375,374,383,255,47,42,14.88,28.62,133.25,174.5,191.0,87.38,278.38,276.25,278.0,180.62,28.0,20.75
Concrete_0cm_S5,2026-04-02T20:36:51.432330,21,38,156,214,234,108,344,334,340,231,39,30,15,30,150,192,214,99,306,301,305,198,32,23,5,13,80,107,118,52,173,178,180,116,15,8,6,18,114,145,158,67,233,226,222,143,19,11,10,22,121,155,171,79,251,252,254,163,24,16,7,18,106,136,148,66,224,225,221,139,17,11,17,34,157,210,228,98,321,320,319,199,31,25,37,55,182,236,258,130,375,374,383,255,47,42,14.75,28.5,133.25,174.38,191.12,87.38,278.38,276.25,278.0,180.5,28.0,20.75
Concrete_0cm_S5,2026-04-02T20:36:51.526040,21,38,156,214,234,108,344,334,340,231,39,30,15,30,150,192,214,99,306,301,305,198,32,23,5,13,80,107,118,52,173,178,180,116,15,8,6,18,114,145,158,67,233,226,222,143,19,11,10,22,121,156,171,79,251,252,254,163,24,16,7,19,106,135,148,66,224,225,221,139,17,11,17,34,157,210,228,98,321,320,319,200,30,25,37,56,182,237,258,131,375,374,383,255,47,42,14.75,28.75,133.25,174.5,191.12,87.5,278.38,276.25,278.0,180.62,27.88,20.75
Concrete_0cm_S5,2026-04-02T20:36:51.624054,21,38,156,214,234,108,344,334,340,231,39,30,15,30,150,192,214,99,306,301,305,198,32,23,5,13,80,107,118,52,173,178,180,116,15,8,6,18,114,145,158,67,233,226,222,143,19,11,10,22,121,156,171,79,251,252,254,163,24,16,7,19,106,135,148,66,224,225,221,139,17,11,17,34,157,210,228,98,321,320,319,200,30,25,37,56,182,237,258,131,375,374,383,255,47,42,14.75,28.75,133.25,174.5,191.12,87.5,278.38,276.25,278.0,180.62,27.88,20.75
Concrete_0cm_S5,2026-04-02T20:36:51.711631,22,38,156,214,234,108,345,334,341,230,39,30,15,30,150,193,214,99,307,301,305,199,32,23,5,13,80,107,118,52,173,178,180,116,15,8,6,18,114,144,158,68,233,226,222,143,19,11,10,22,121,156,171,79,251,252,254,163,24,16,7,19,106,135,149,66,224,224,221,139,17,11,17,34,157,210,228,98,321,320,319,200,30,25,36,56,182,236,258,131,375,374,383,255,46,41,14.75,28.75,133.25,174.38,191.25,87.62,278.62,276.12,278.12,180.62,27.75,20.62
Concrete_0cm_S5,2026-04-02T20:36:51.811336,22,38,156,214,234,108,345,334,341,230,39,30,15,30,150,192,214,99,306,301,305,199,32,23,5,14,80,107,118,52,173,178,180,116,15,8,6,18,115,145,158,68,233,226,222,143,19,11,10,22,121,155,171,79,251,252,254,163,24,16,7,18,106,135,149,66,224,224,221,139,17,11,17,34,157,210,227,98,321,320,320,200,30,25,36,56,182,236,258,131,375,374,383,255,46,41,14.75,28.75,133.38,174.25,191.12,87.62,278.5,276.12,278.25,180.62,27.75,20.62
Concrete_0cm_S5,2026-04-02T20:36:51.907451,22,37,156,214,234,108,345,334,340,229,39,30,15,30,150,192,214,99,306,301,305,198,32,23,5,14,80,107,118,52,173,178,180,116,15,8,6,18,115,145,158,68,233,226,222,143,19,11,10,22,121,155,171,79,251,252,254,163,24,16,7,18,106,135,149,66,224,224,221,139,17,11,17,34,157,210,227,98,321,320,320,200,30,25,37,56,182,236,258,131,375,374,382,255,46,41,14.88,28.62,133.38,174.25,191.12,87.62,278.5,276.12,278.0,180.38,27.75,20.62
Concrete_0cm_S5,2026-04-02T20:36:51.998137,22,37,156,214,234,108,345,334,340,229,39,30,15,30,150,192,214,99,306,301,305,198,32,23,5,14,80,107,119,52,173,178,180,116,15,8,6,18,114,145,158,68,233,226,222,143,19,11,10,22,121,155,171,79,251,253,254,163,24,16,7,19,106,135,149,66,224,224,221,139,17,11,17,34,157,210,228,98,321,320,319,200,31,25,37,56,182,236,258,131,375,374,382,255,46,41,14.88,28.75,133.25,174.25,191.38,87.62,278.5,276.25,277.88,180.38,27.88,20.62
Concrete_0cm_S5,2026-04-02T20:36:52.087605,22,37,156,214,234,108,345,334,340,229,39,30,15,30,150,192,214,99,306,301,305,198,32,23,5,14,80,107,119,52,173,178,180,116,15,8,6,18,114,145,158,68,233,226,222,143,19,11,10,22,121,155,171,79,251,253,254,163,24,16,7,19,106,135,149,66,224,224,221,139,17,11,17,34,157,210,228,98,321,320,319,200,31,25,37,56,182,236,258,131,375,374,382,255,46,41,14.88,28.75,133.25,174.25,191.38,87.62,278.5,276.25,277.88,180.38,27.88,20.62
Concrete_0cm_S5,2026-04-02T20:36:52.189471,22,38,156,214,234,108,345,335,341,231,39,30,15,30,150,193,214,99,306,301,305,198,32,23,5,13,80,107,118,52,173,178,180,116,15,8,6,18,114,145,157,67,233,226,222,143,19,11,10,22,121,155,171,79,251,253,254,163,24,16,7,19,106,135,149,66,224,224,221,139,17,11,17,34,157,210,228,98,321,320,319,200,31,25,37,56,182,237,258,131,375,374,383,255,47,42,14.88,28.75,133.25,174.5,191.12,87.5,278.5,276.38,278.12,180.62,28.0,20.75
Concrete_0cm_S5,2026-04-02T20:36:52.295593,22,38,156,214,234,108,345,335,341,231,39,30,15,30,150,192,214,99,306,301,305,199,32,23,5,13,80,107,119,52,173,178,180,116,15,8,6,18,114,145,157,67,233,226,222,143,19,11,10,22,121,155,171,79,251,253,254,163,24,16,7,19,106,135,149,66,224,224,221,139,17,11,17,34,157,209,228,98,321,320,319,200,31,25,37,56,182,237,258,131,375,374,383,255,47,41,14.88,28.75,133.25,174.25,191.25,87.5,278.5,276.38,278.12,180.75,28.0,20.62
Concrete_0cm_S5,2026-04-02T20:36:52.393846,22,38,156,215,234,108,345,335,341,231,39,30,15,30,150,192,214,99,306,301,305,199,32,23,5,13,80,107,119,52,173,178,180,116,15,8,6,18,114,145,157,67,233,226,222,143,19,11,10,23,121,155,171,79,251,253,254,163,24,16,7,18,106,135,149,66,225,224,221,140,17,11,17,34,157,210,228,98,321,320,319,199,30,25,37,56,182,236,258,131,375,374,383,255,46,42,14.88,28.75,133.25,174.38,191.25,87.5,278.62,276.38,278.12,180.75,27.75,20.75
Concrete_0cm_S5,2026-04-02T20:36:52.497924,22,38,156,215,234,108,345,335,341,231,39,30,15,30,150,192,214,99,306,301,305,199,32,23,5,13,80,108,118,52,174,179,180,116,15,8,6,18,114,145,157,68,233,226,222,143,19,11,10,23,121,155,171,79,251,253,254,163,24,16,7,18,106,135,149,66,224,225,221,139,17,11,17,34,157,209,227,98,321,320,320,200,31,25,37,56,182,236,258,131,375,374,383,255,46,42,14.88,28.75,133.25,174.38,191.0,87.62,278.62,276.62,278.25,180.75,27.88,20.75
Concrete_0cm_S5,2026-04-02T20:36:52.599781,22,38,156,214,234,108,345,335,341,231,39,30,15,30,150,192,214,99,306,301,305,199,32,23,5,13,80,108,118,52,174,179,180,116,15,8,6,18,114,145,157,68,233,226,222,143,19,11,10,23,121,155,171,79,251,253,254,163,24,16,7,18,106,135,149,66,224,225,221,139,17,11,17,34,157,209,227,98,321,320,320,200,31,25,37,56,182,236,258,131,375,374,383,255,47,42,14.88,28.75,133.25,174.25,191.0,87.62,278.62,276.62,278.25,180.75,28.0,20.75
Concrete_0cm_S5,2026-04-02T20:36:52.725373,22,38,156,214,234,108,345,335,341,231,39,30,15,30,150,192,214,99,306,301,305,199,32,23,5,13,80,108,118,52,174,179,180,116,15,8,6,18,114,145,157,68,233,226,222,143,19,11,10,23,121,155,171,79,251,253,254,163,24,16,7,18,106,135,149,66,224,225,221,139,17,11,17,34,157,209,227,98,321,320,320,200,31,25,37,56,182,236,258,131,375,374,383,255,47,42,14.88,28.75,133.25,174.25,191.0,87.62,278.62,276.62,278.25,180.75,28.0,20.75
Concrete_0cm_S5,2026-04-02T20:36:52.836738,22,38,156,214,234,108,345,335,341,231,39,30,15,30,150,193,214,99,306,301,305,198,32,24,5,14,80,107,118,52,174,178,180,116,15,8,6,18,114,145,158,67,233,226,222,143,19,11,10,22,121,155,171,79,251,253,254,163,24,16,7,18,106,135,149,66,224,224,221,139,17,11,17,34,157,210,228,98,321,320,319,200,30,25,37,56,182,236,258,131,375,374,383,255,47,41,14.88,28.75,133.25,174.38,191.25,87.5,278.62,276.38,278.12,180.62,27.88,20.75
Concrete_0cm_S5,2026-04-02T20:36:52.949788,22,38,156,214,234,108,345,335,341,231,39,30,15,30,150,192,214,99,307,301,305,199,32,23,5,13,80,108,118,52,173,178,180,116,15,8,6,18,114,145,158,67,233,226,222,143,19,11,10,22,121,155,171,79,251,253,254,163,24,16,7,18,106,135,149,66,224,224,221,139,17,11,17,34,157,210,228,98,321,320,319,200,30,25,37,56,182,236,258,131,375,374,383,255,46,42,14.88,28.62,133.25,174.38,191.25,87.5,278.62,276.38,278.12,180.75,27.75,20.75
Concrete_0cm_S5,2026-04-02T20:36:53.077060,22,38,156,214,234,108,345,335,341,231,39,30,15,30,150,192,214,99,306,301,305,198,32,23,5,13,80,108,118,52,173,178,180,116,15,8,6,18,114,145,158,67,233,226,222,143,19,11,10,22,121,155,171,79,251,252,254,163,24,16,7,19,106,136,149,66,224,224,221,139,17,11,17,34,157,209,228,98,321,320,319,200,30,25,37,56,182,236,258,131,375,374,383,255,46,42,14.88,28.75,133.25,174.38,191.25,87.5,278.5,276.25,278.12,180.62,27.75,20.75
Concrete_0cm_S5,2026-04-02T20:36:53.188512,22,38,156,214,234,108,345,335,341,231,39,30,15,30,150,192,214,99,306,301,305,198,32,23,5,13,80,108,118,52,173,178,180,116,15,8,6,18,114,145,157,68,233,226,222,143,19,11,10,22,121,155,171,79,251,253,254,163,24,16,7,18,106,135,149,66,225,225,221,139,17,11,17,34,157,209,228,98,321,320,319,200,30,25,37,56,182,236,258,131,375,374,383,255,47,42,14.88,28.62,133.25,174.25,191.12,87.62,278.62,276.5,278.12,180.62,27.88,20.75
Concrete_0cm_S5,2026-04-02T20:36:53.295761,22,38,156,214,234,108,345,335,341,231,39,30,15,30,150,192,214,99,306,301,305,198,32,23,5,13,80,108,118,52,173,178,180,116,15,8,6,18,114,145,157,68,233,226,222,143,19,11,10,22,121,155,171,79,251,253,254,163,24,16,7,18,106,135,149,66,225,225,221,139,17,11,17,34,157,209,228,98,321,320,319,200,30,25,37,56,182,236,258,131,375,374,383,255,47,42,14.88,28.62,133.25,174.25,191.12,87.62,278.62,276.5,278.12,180.62,27.88,20.75
Concrete_0cm_S5,2026-04-02T20:36:53.382824,22,38,156,214,234,108,345,335,341,231,39,30,15,30,150,192,214,99,307,301,305,199,32,23,5,14,80,108,119,52,174,179,180,116,15,8,6,18,114,145,158,67,234,226,222,143,19,11,10,22,121,155,171,79,251,252,254,163,24,16,7,19,106,136,149,66,224,224,221,140,17,11,17,34,157,209,228,98,321,320,319,200,31,26,37,56,182,236,258,131,376,374,383,255,46,41,14.88,28.88,133.25,174.38,191.38,87.5,279.0,276.38,278.12,180.88,27.88,20.75
Concrete_0cm_S5,2026-04-02T20:36:53.500125,22,38,156,214,234,108,345,335,341,231,39,30,15,30,150,192,214,99,307,301,305,199,32,23,5,14,80,108,119,52,174,179,180,116,15,8,6,18,114,145,158,68,233,226,222,143,19,11,10,22,121,155,171,79,251,252,254,163,24,16,7,19,106,135,149,66,225,225,221,139,17,11,17,34,157,209,228,98,321,320,319,200,31,25,37,56,182,236,258,131,376,374,383,255,46,41,14.88,28.88,133.25,174.25,191.38,87.62,279.0,276.5,278.12,180.75,27.88,20.62
Concrete_0cm_S5,2026-04-02T20:36:53.600506,22,38,157,214,234,108,345,335,341,231,39,30,15,30,150,193,214,99,307,301,305,199,32,23,5,14,80,108,119,52,174,179,180,116,15,8,6,18,114,145,158,68,233,226,222,143,19,11,10,22,121,155,171,79,251,252,254,163,24,16,7,19,106,135,149,66,225,225,221,139,17,11,17,34,157,209,228,98,321,320,319,200,31,25,37,56,182,236,258,131,375,374,383,255,46,42,14.88,28.88,133.38,174.38,191.38,87.62,278.88,276.5,278.12,180.75,27.88,20.75
Concrete_0cm_S5,2026-04-02T20:36:53.691588,22,38,157,214,234,108,345,335,341,231,39,30,15,30,150,193,214,99,307,301,305,199,32,23,5,13,80,107,118,52,173,178,180,116,15,8,6,18,115,145,158,68,233,226,222,143,19,11,10,22,121,155,171,79,251,252,254,163,24,16,7,19,106,135,149,66,224,225,221,140,17,11,17,34,157,210,228,98,321,320,319,200,30,25,37,56,182,236,258,131,375,374,383,255,47,42,14.88,28.75,133.5,174.38,191.25,87.62,278.62,276.38,278.12,180.88,27.88,20.75
Concrete_0cm_S5,2026-04-02T20:36:53.777808,22,37,157,214,234,108,345,335,341,231,39,30,15,30,150,192,214,99,306,301,305,198,32,23,5,14,80,108,118,52,174,179,180,116,15,8,6,18,114,145,158,67,233,226,222,143,19,11,10,22,121,155,171,79,251,252,254,163,24,16,7,19,106,135,149,66,224,225,221,140,17,11,17,34,157,210,228,98,321,320,319,200,30,25,37,56,182,236,258,131,375,374,383,255,47,42,14.88,28.75,133.38,174.38,191.25,87.5,278.62,276.5,278.12,180.75,27.88,20.75
Concrete_0cm_S5,2026-04-02T20:36:53.878115,22,38,157,215,234,108,345,335,341,231,39,30,15,30,150,192,214,99,306,301,305,198,32,23,5,14,80,108,118,52,174,179,180,116,15,8,6,18,114,145,158,67,233,226,222,143,19,11,10,22,121,155,171,79,251,252,254,163,24,16,7,19,106,135,149,66,224,224,221,139,17,11,17,34,157,210,228,98,321,320,319,200,30,25,37,56,182,236,258,131,375,374,383,255,47,42,14.88,28.88,133.38,174.5,191.25,87.5,278.62,276.38,278.12,180.62,27.88,20.75
Concrete_0cm_S5,2026-04-02T20:36:53.960461,22,38,157,215,234,108,345,335,341,231,39,30,15,30,150,193,214,99,307,301,305,199,32,24,5,14,80,108,118,52,174,179,180,116,15,8,6,18,114,145,157,67,233,226,222,143,19,11,10,22,121,155,170,79,251,252,254,163,24,16,7,18,106,135,149,66,225,225,221,139,17,11,17,34,157,209,228,98,321,320,319,200,31,25,37,56,182,236,258,131,375,374,383,255,47,42,14.88,28.75,133.38,174.5,191.0,87.5,278.88,276.5,278.12,180.75,28.0,20.88
Concrete_0cm_S5,2026-04-02T20:36:54.047530,22,38,157,215,234,108,345,335,341,231,39,30,15,30,150,193,214,99,307,301,305,199,32,24,5,14,80,108,118,52,174,179,180,116,15,8,6,18,114,145,157,67,233,226,222,143,19,11,10,22,121,155,170,79,251,252,254,163,24,16,7,18,106,135,149,66,225,225,221,139,17,11,17,34,157,209,228,98,321,320,319,200,31,25,37,56,182,236,258,131,375,374,383,255,47,42,14.88,28.75,133.38,174.5,191.0,87.5,278.88,276.5,278.12,180.75,28.0,20.88
Concrete_0cm_S5,2026-04-02T20:36:54.138818,22,38,157,215,234,108,345,335,341,231,39,30,15,30,150,193,214,99,307,301,305,199,32,24,5,14,80,108,118,52,174,179,180,116,15,8,6,18,114,145,157,67,233,226,222,143,19,11,10,22,121,155,170,79,251,252,254,163,24,16,7,18,106,135,149,66,225,225,221,139,17,11,17,34,157,209,228,98,321,320,319,200,31,25,37,56,182,236,258,131,375,374,383,255,47,42,14.88,28.75,133.38,174.5,191.0,87.5,278.88,276.5,278.12,180.75,28.0,20.88
Concrete_0cm_S5,2026-04-02T20:36:54.218456,22,38,157,215,234,108,345,335,341,230,39,30,15,30,150,193,215,99,306,301,304,198,32,23,5,13,80,108,119,52,173,178,180,116,15,8,6,18,114,145,157,67,234,226,222,143,19,11,10,22,121,155,170,79,251,252,254,163,24,16,7,18,106,135,149,66,225,225,221,139,17,11,17,34,157,209,228,98,321,320,319,200,31,25,37,55,181,236,258,131,375,374,382,255,46,42,14.88,28.5,133.25,174.5,191.25,87.5,278.75,276.38,277.88,180.5,27.88,20.75
Concrete_0cm_S5,2026-04-02T20:36:54.323998,22,38,156,215,235,108,345,335,341,231,39,30,15,30,150,193,215,99,306,301,305,199,32,23,5,13,80,108,119,52,173,178,180,116,15,8,6,18,114,144,157,67,233,226,222,143,19,11,10,22,121,155,171,79,251,252,254,163,24,16,7,19,106,136,149,66,224,225,221,139,17,11,17,34,157,209,228,98,321,320,319,200,31,25,37,56,182,236,258,131,375,374,383,255,46,42,14.88,28.75,133.25,174.5,191.5,87.5,278.5,276.38,278.12,180.75,27.88,20.75
Concrete_0cm_S5,2026-04-02T20:36:54.416968,22,38,157,214,235,108,345,336,341,231,39,30,15,30,150,193,214,99,306,301,305,198,32,23,5,13,80,107,118,52,174,179,180,116,15,8,6,18,114,144,157,67,233,226,222,143,19,11,10,22,121,155,171,79,251,252,254,163,24,16,7,19,106,136,149,66,224,225,221,139,17,11,17,34,157,209,228,98,321,320,319,200,31,25,37,56,182,236,258,131,375,374,383,255,46,42,14.88,28.75,133.38,174.25,191.25,87.5,278.62,276.62,278.12,180.62,27.88,20.75
Concrete_0cm_S5,2026-04-02T20:36:54.512695,22,38,157,214,235,108,345,336,341,231,39,30,15,30,150,193,214,99,306,301,305,198,32,23,5,13,80,107,118,52,174,179,180,116,15,8,6,18,114,144,157,67,233,226,222,143,19,11,10,22,121,155,171,79,251,252,254,163,24,16,7,19,106,136,149,66,224,225,221,139,17,11,17,34,157,209,228,98,321,320,319,200,31,25,37,56,182,236,258,131,375,374,383,255,46,42,14.88,28.75,133.38,174.25,191.25,87.5,278.62,276.62,278.12,180.62,27.88,20.75
Concrete_0cm_S5,2026-04-02T20:36:54.599954,22,38,157,215,235,108,345,336,341,231,39,30,15,30,150,192,214,99,306,301,305,198,32,23,5,13,80,108,119,52,173,178,180,116,15,8,6,18,114,145,158,67,234,226,222,143,19,11,10,22,121,156,170,79,251,253,254,163,24,16,7,19,106,136,149,66,225,224,221,139,17,11,17,34,157,210,228,98,321,320,319,200,31,25,37,56,182,236,258,130,376,374,382,255,46,42,14.88,28.75,133.38,174.75,191.38,87.38,278.88,276.5,278.0,180.62,27.88,20.75
Concrete_0cm_S5,2026-04-02T20:36:54.704499,22,38,157,215,235,108,346,336,341,231,39,30,15,30,150,192,214,99,306,301,305,198,32,23,5,13,80,108,119,52,173,178,180,116,15,8,6,18,114,145,158,67,234,226,222,143,19,11,10,22,121,155,171,79,251,252,254,163,24,16,7,19,106,136,149,66,225,224,221,139,17,11,17,34,157,209,228,98,321,320,319,200,30,25,37,56,182,236,258,130,375,374,382,255,46,41,14.88,28.75,133.38,174.5,191.5,87.38,278.88,276.38,278.0,180.62,27.75,20.62
Concrete_0cm_S5,2026-04-02T20:36:54.802804,22,38,157,215,235,108,346,336,341,231,39,30,15,30,150,193,214,99,306,301,305,198,32,24,5,13,80,107,118,52,173,179,180,116,15,8,6,18,114,145,158,67,234,226,222,143,19,11,10,22,121,155,171,79,251,253,254,163,24,16,7,19,106,135,149,66,225,225,221,139,17,11,17,34,157,209,228,98,321,320,319,200,30,25,37,56,182,236,258,130,375,374,382,255,46,41,14.88,28.75,133.38,174.38,191.38,87.38,278.88,276.75,278.0,180.62,27.75,20.75
Concrete_0cm_S5,2026-04-02T20:36:54.900971,22,38,157,215,235,108,346,336,341,231,39,30,15,30,150,193,214,99,306,301,305,198,32,24,5,13,80,107,118,52,173,179,180,116,15,8,6,18,114,145,158,67,234,226,222,143,19,11,10,22,121,155,171,79,251,253,254,163,24,16,7,19,106,135,149,66,225,225,221,139,17,11,17,34,157,209,228,98,321,320,319,200,30,25,37,56,182,236,258,130,375,374,382,255,46,41,14.88,28.75,133.38,174.38,191.38,87.38,278.88,276.75,278.0,180.62,27.75,20.75
Concrete_0cm_S5,2026-04-02T20:36:54.987580,22,38,157,215,234,108,345,335,341,231,39,30,15,30,150,192,215,99,306,301,305,199,32,23,5,14,80,108,118,52,174,178,180,116,15,8,6,18,114,145,158,67,234,226,222,143,19,11,10,22,121,155,171,79,251,253,254,163,24,16,7,19,106,135,149,66,224,225,221,139,17,11,17,34,157,210,227,98,321,320,319,200,31,26,37,55,182,236,258,131,375,374,383,255,47,42,14.88,28.75,133.38,174.5,191.25,87.5,278.75,276.5,278.12,180.75,28.0,20.88
Concrete_0cm_S5,2026-04-02T20:36:55.079462,22,38,157,215,234,108,345,335,341,231,39,30,15,30,150,192,215,99,306,301,305,199,32,23,5,14,80,108,118,52,174,178,180,116,15,8,6,18,114,145,158,67,234,226,222,143,19,11,10,22,121,155,171,79,251,253,254,163,24,16,7,19,106,135,149,66,224,225,221,139,17,11,17,34,157,210,227,98,321,320,319,200,31,26,37,55,182,236,258,131,375,374,383,255,47,42,14.88,28.75,133.38,174.5,191.25,87.5,278.75,276.5,278.12,180.75,28.0,20.88
Concrete_0cm_S5,2026-04-02T20:36:55.160408,22,38,157,215,234,108,345,335,341,231,39,30,15,30,150,192,215,99,306,301,305,199,32,23,5,14,80,108,118,52,174,178,180,116,15,8,6,18,114,145,158,67,234,226,222,143,19,11,10,22,121,155,171,79,251,253,254,163,24,16,7,19,106,135,149,66,224,225,221,139,17,11,17,34,157,210,227,98,321,320,319,200,31,26,37,55,182,236,258,131,375,374,383,255,47,42,14.88,28.75,133.38,174.5,191.25,87.5,278.75,276.5,278.12,180.75,28.0,20.88
Concrete_0cm_S5,2026-04-02T20:36:55.244758,22,38,157,215,235,109,345,335,341,231,39,30,15,30,150,192,214,99,306,301,305,199,32,23,5,14,80,107,119,52,174,178,180,116,15,8,6,18,114,144,158,67,233,226,222,143,19,11,10,23,121,155,171,79,251,253,254,163,24,16,7,19,106,136,149,66,224,225,221,139,17,11,17,34,157,209,228,98,321,320,319,200,30,25,37,56,182,236,258,131,376,374,383,255,46,42,14.88,29.0,133.38,174.25,191.5,87.62,278.75,276.5,278.12,180.75,27.75,20.75
Concrete_0cm_S5,2026-04-02T20:36:55.327707,22,38,157,215,234,109,346,335,341,231,39,30,15,30,150,192,214,99,306,301,305,198,32,23,5,13,80,108,119,52,173,179,180,116,15,8,6,18,114,144,158,67,233,226,222,143,19,11,10,23,121,155,171,79,251,253,254,163,24,16,7,19,106,135,149,66,225,225,221,139,17,11,17,34,157,209,228,98,321,320,319,199,30,25,37,56,182,236,258,131,376,374,383,255,46,41,14.88,28.88,133.38,174.25,191.38,87.62,278.88,276.62,278.12,180.5,27.75,20.62
Concrete_0cm_S5,2026-04-02T20:36:55.416588,22,38,157,215,235,108,346,336,341,231,39,30,15,30,150,192,214,99,306,301,305,198,32,23,5,13,80,108,119,52,174,178,180,116,15,8,6,18,114,144,158,67,233,226,222,143,19,11,10,23,121,155,171,79,251,253,254,163,24,16,7,19,106,135,149,66,225,225,221,139,17,11,17,34,157,209,228,98,321,320,319,199,30,25,37,56,182,236,258,131,376,374,383,255,46,41,14.88,28.88,133.38,174.25,191.5,87.5,279.0,276.62,278.12,180.5,27.75,20.62
Concrete_0cm_S5,2026-04-02T20:36:55.525970,22,38,157,215,235,108,346,336,341,231,39,30,15,30,150,192,214,99,306,301,305,198,32,23,5,13,80,108,119,52,174,178,180,116,15,8,6,18,114,144,158,67,233,226,222,143,19,11,10,23,121,155,171,79,251,253,254,163,24,16,7,19,106,135,149,66,225,225,221,139,17,11,17,34,157,209,228,98,321,320,319,199,30,25,37,56,182,236,258,131,376,374,383,255,46,41,14.88,28.88,133.38,174.25,191.5,87.5,279.0,276.62,278.12,180.5,27.75,20.62
Concrete_0cm_S5,2026-04-02T20:36:55.611358,22,38,157,215,235,108,346,336,341,231,39,30,15,30,150,192,214,99,306,301,305,198,32,23,5,13,80,108,119,52,174,178,180,116,15,8,6,18,114,144,158,67,233,226,222,143,19,11,10,23,121,155,171,79,251,253,254,163,24,16,7,19,106,135,149,66,225,225,221,139,17,11,17,34,157,209,228,98,321,320,319,199,30,25,37,56,182,236,258,131,376,374,383,255,46,41,14.88,28.88,133.38,174.25,191.5,87.5,279.0,276.62,278.12,180.5,27.75,20.62
Concrete_0cm_S5,2026-04-02T20:36:55.714871,22,38,157,216,235,109,346,335,341,231,39,30,15,30,150,192,214,99,306,301,305,198,32,23,5,13,80,108,119,52,174,178,180,116,15,8,6,18,114,145,158,68,233,226,222,143,19,11,10,22,121,156,171,79,251,252,254,163,24,16,7,19,106,136,149,66,224,225,221,140,17,11,17,34,157,210,228,98,321,321,319,200,31,25,37,56,182,236,258,131,375,374,382,255,46,42,14.88,28.75,133.38,174.88,191.5,87.75,278.75,276.5,278.0,180.75,27.88,20.75
Concrete_0cm_S5,2026-04-02T20:36:55.801675,22,38,157,216,235,109,346,335,341,231,39,30,15,30,150,192,214,99,307,301,305,199,32,23,5,13,80,108,118,52,173,179,180,116,15,8,6,18,114,145,157,67,233,226,222,143,19,11,10,22,121,156,171,79,251,252,254,163,24,16,7,19,107,136,149,66,225,225,221,139,17,11,17,34,157,209,228,98,321,320,319,200,31,25,37,56,182,236,258,131,375,374,382,255,46,42,14.88,28.75,133.5,174.75,191.25,87.62,278.88,276.5,278.0,180.75,27.88,20.75
Concrete_0cm_S5,2026-04-02T20:36:55.906488,22,38,157,216,235,109,346,336,342,231,39,30,15,30,150,192,214,99,307,301,305,199,32,23,5,13,80,108,118,52,173,179,180,116,15,8,6,18,114,145,157,67,233,226,222,143,19,11,10,22,121,156,171,79,251,252,254,163,24,16,7,19,107,136,149,66,225,225,221,139,17,11,17,34,157,209,228,98,321,320,319,200,31,25,37,56,182,236,258,131,375,374,383,255,47,41,14.88,28.75,133.5,174.75,191.25,87.62,278.88,276.62,278.25,180.75,28.0,20.62
Concrete_0cm_S5,2026-04-02T20:36:55.992266,22,38,157,216,235,109,346,336,342,231,39,30,15,30,150,192,214,99,307,301,305,199,32,23,5,13,80,107,119,52,173,178,180,116,15,8,6,18,114,145,157,67,233,226,222,143,19,11,10,22,121,155,171,79,251,252,254,163,24,16,7,19,107,136,149,66,225,225,221,139,17,11,17,34,157,210,228,98,321,320,319,200,31,25,37,56,182,236,258,131,375,374,383,255,47,41,14.88,28.75,133.5,174.62,191.38,87.62,278.88,276.5,278.25,180.75,28.0,20.62
Concrete_0cm_S5,2026-04-02T20:36:56.110023,22,38,157,216,235,109,346,336,342,231,39,30,15,30,150,192,214,99,307,301,305,199,32,23,5,13,80,107,119,52,173,178,180,116,15,8,6,18,114,145,157,67,233,226,222,143,19,11,10,22,121,155,171,79,251,252,254,163,24,16,7,19,107,136,149,66,225,225,221,139,17,11,17,34,157,210,228,98,321,320,319,200,31,25,37,56,182,236,258,130,375,374,383,255,46,42,14.88,28.75,133.5,174.62,191.38,87.5,278.88,276.5,278.25,180.75,27.88,20.75
Concrete_0cm_S5,2026-04-02T20:36:56.220834,22,38,157,216,235,109,346,336,342,231,39,30,15,30,150,192,214,99,307,301,305,199,32,23,5,13,80,107,119,52,173,178,180,116,15,8,6,18,114,145,157,67,233,226,222,143,19,11,10,22,121,155,171,79,251,252,254,163,24,16,7,19,107,136,149,66,225,225,221,139,17,11,17,34,157,210,228,98,321,320,319,200,31,25,37,56,182,236,258,130,375,374,383,255,46,42,14.88,28.75,133.5,174.62,191.38,87.5,278.88,276.5,278.25,180.75,27.88,20.75
Concrete_0cm_S5,2026-04-02T20:36:56.304808,22,38,157,216,235,109,346,336,341,232,39,30,15,30,150,192,214,99,306,301,305,199,32,23,5,14,80,108,119,52,173,178,180,116,15,8,6,18,114,145,158,67,233,226,222,143,19,11,10,22,121,155,171,79,251,253,254,163,24,16,7,18,106,136,149,66,225,225,221,139,17,11,17,34,158,209,228,98,321,320,319,200,30,25,37,56,182,236,258,130,375,374,383,255,46,42,14.88,28.75,133.5,174.62,191.5,87.5,278.75,276.62,278.12,180.88,27.75,20.75
Concrete_0cm_S5,2026-04-02T20:36:56.411670,22,38,157,216,235,109,346,336,341,231,39,30,15,30,150,192,214,99,306,301,305,199,32,23,5,14,80,108,119,52,173,178,180,116,15,8,6,18,114,145,158,67,233,226,222,143,19,11,10,22,121,155,171,79,251,253,254,163,24,16,7,18,106,136,149,66,225,225,221,139,17,11,17,34,158,209,228,98,321,320,319,200,30,25,37,56,182,236,258,130,375,374,383,255,46,42,14.88,28.75,133.5,174.62,191.5,87.5,278.75,276.62,278.12,180.75,27.75,20.75
Concrete_0cm_S5,2026-04-02T20:36:56.500071,22,38,157,216,235,109,346,336,341,231,39,30,15,30,150,192,214,99,306,301,305,199,32,23,5,14,80,108,119,52,173,178,180,116,15,8,6,18,114,145,158,67,233,226,222,143,19,11,10,22,121,155,171,79,251,253,254,163,24,16,7,18,106,136,149,66,225,225,221,139,17,11,17,34,158,209,228,98,321,320,319,200,30,25,37,56,182,236,258,130,375,374,383,255,46,42,14.88,28.75,133.5,174.62,191.5,87.5,278.75,276.62,278.12,180.75,27.75,20.75
Concrete_0cm_S5,2026-04-02T20:36:56.605966,22,38,157,216,235,109,346,336,341,231,39,30,15,30,150,192,214,99,306,301,305,199,32,23,5,14,80,108,119,52,173,178,180,116,15,8,6,18,114,145,158,67,233,226,222,143,19,11,10,22,121,155,171,79,251,253,254,163,24,16,7,18,106,136,149,66,225,225,221,139,17,11,17,34,158,209,228,98,321,320,319,200,30,25,37,56,182,236,258,130,375,374,383,255,46,42,14.88,28.75,133.5,174.62,191.5,87.5,278.75,276.62,278.12,180.75,27.75,20.75
Concrete_0cm_S5,2026-04-02T20:36:56.729627,22,38,157,216,235,108,346,336,341,231,39,30,15,30,150,192,214,99,306,301,305,199,32,23,5,14,80,108,119,52,174,179,180,116,15,8,6,18,114,144,158,67,233,226,222,143,19,11,10,22,121,156,171,79,251,252,254,163,24,16,7,19,106,136,149,66,224,225,221,139,17,11,17,34,157,210,228,98,321,320,319,200,30,25,37,56,182,236,258,130,375,374,383,255,46,42,14.88,28.88,133.38,174.75,191.5,87.38,278.75,276.62,278.12,180.75,27.75,20.75
Concrete_0cm_S5,2026-04-02T20:36:56.843221,22,38,157,216,235,108,346,336,341,231,39,30,15,30,150,192,214,99,306,301,305,199,32,23,5,14,80,108,119,52,174,179,180,116,15,8,6,18,114,144,158,67,233,226,222,143,19,11,10,22,121,156,171,79,251,252,254,163,24,16,7,19,106,136,149,66,224,225,221,139,17,11,17,34,157,210,228,98,321,320,319,200,30,25,37,56,182,236,258,130,375,374,383,255,46,42,14.88,28.88,133.38,174.75,191.5,87.38,278.75,276.62,278.12,180.75,27.75,20.75
Concrete_0cm_S5,2026-04-02T20:36:56.932579,22,38,157,216,235,109,346,336,342,231,39,30,15,30,150,192,214,99,306,301,305,199,32,24,5,14,80,107,119,52,173,178,180,116,15,8,6,18,114,144,158,68,233,226,222,143,19,11,10,22,121,155,171,79,251,253,254,163,23,16,7,19,107,135,149,66,225,225,221,139,17,11,17,34,157,210,228,98,321,320,319,200,30,25,36,56,182,236,258,131,375,374,383,255,46,42,14.75,28.88,133.5,174.38,191.5,87.75,278.75,276.62,278.25,180.75,27.62,20.88
Concrete_0cm_S5,2026-04-02T20:36:57.039409,22,38,157,216,235,109,346,336,342,231,39,30,15,30,150,192,214,99,306,301,305,199,32,24,5,14,80,107,119,52,173,178,180,116,15,8,6,18,114,144,158,68,233,226,222,143,19,11,10,22,121,155,171,79,251,253,254,163,23,16,7,19,107,135,149,66,225,225,221,139,17,11,17,34,157,210,228,98,321,320,319,200,30,25,36,56,182,236,258,131,375,374,383,255,46,42,14.75,28.88,133.5,174.38,191.5,87.75,278.75,276.62,278.25,180.75,27.62,20.88
Concrete_0cm_S5,2026-04-02T20:36:57.140667,22,38,157,216,235,109,346,336,342,232,39,30,15,30,150,192,214,99,306,301,305,199,32,23,5,13,80,107,119,52,174,179,180,116,15,8,6,18,114,144,158,68,233,226,222,143,19,11,10,22,121,155,171,79,251,253,254,163,23,16,7,19,107,135,149,66,225,225,221,139,17,11,17,34,157,210,228,98,321,320,319,200,30,25,36,56,182,236,258,131,375,374,383,255,46,42,14.75,28.75,133.5,174.38,191.5,87.75,278.88,276.75,278.25,180.88,27.62,20.75
Concrete_0cm_S5,2026-04-02T20:36:57.231468,22,38,157,216,235,109,346,336,342,232,39,30,15,30,150,192,214,99,306,301,305,199,32,23,5,13,80,107,119,52,174,179,180,116,15,8,6,18,114,144,158,68,233,226,222,143,19,11,10,22,121,155,171,79,251,253,254,163,23,16,7,19,107,135,149,66,225,225,221,139,17,11,17,34,157,210,228,98,321,320,319,200,30,25,36,56,182,236,258,131,375,374,383,255,46,42,14.75,28.75,133.5,174.38,191.5,87.75,278.88,276.75,278.25,180.88,27.62,20.75
Concrete_0cm_S5,2026-04-02T20:36:57.342588,22,38,157,216,235,109,346,336,341,231,39,30,15,30,150,192,214,99,307,301,305,199,32,23,5,13,80,108,119,52,174,179,180,116,15,8,6,18,114,145,158,67,233,226,222,143,19,11,10,22,121,156,171,79,251,252,254,163,24,16,7,19,107,136,149,66,225,225,221,139,17,11,17,34,157,210,228,98,321,320,319,200,31,25,37,56,182,236,258,131,375,374,383,255,47,42,14.88,28.75,133.5,174.88,191.5,87.62,279.0,276.62,278.12,180.75,28.0,20.75
Concrete_0cm_S5,2026-04-02T20:36:57.434127,22,38,157,216,236,108,346,336,342,231,39,30,15,30,150,192,214,99,307,301,305,199,32,23,5,13,80,108,119,52,174,179,180,116,15,8,6,18,114,145,158,67,233,226,222,143,19,11,10,22,121,156,171,79,251,252,254,163,24,16,7,19,107,136,149,66,225,225,221,139,17,11,17,34,157,210,228,98,321,320,319,200,31,25,36,55,181,236,258,131,375,374,382,255,46,42,14.75,28.62,133.38,174.88,191.62,87.5,279.0,276.62,278.12,180.75,27.88,20.75
Concrete_0cm_S5,2026-04-02T20:36:57.532966,22,38,157,216,236,108,346,336,342,231,39,30,15,30,150,192,214,99,307,301,305,199,32,24,5,13,80,108,119,52,174,179,180,116,15,8,6,18,114,145,158,67,233,226,222,143,19,11,10,22,121,155,171,79,250,252,254,163,24,16,7,19,106,135,149,66,225,225,221,139,17,11,17,34,157,210,228,98,321,320,319,200,31,25,36,55,181,236,258,131,375,374,382,255,46,42,14.75,28.62,133.25,174.62,191.62,87.5,278.88,276.62,278.12,180.75,27.88,20.88
Concrete_0cm_S5,2026-04-02T20:36:57.618456,22,38,157,216,236,108,346,336,342,231,39,30,15,30,150,192,214,99,307,301,305,199,32,24,5,13,80,108,119,52,174,179,180,116,15,8,6,18,114,145,158,67,233,226,222,143,19,11,10,22,121,155,171,79,250,252,254,163,24,16,7,19,106,135,149,66,225,225,221,139,17,11,17,34,157,210,228,98,321,320,319,200,31,25,36,55,181,236,258,131,375,374,382,255,46,42,14.75,28.62,133.25,174.62,191.62,87.5,278.88,276.62,278.12,180.75,27.88,20.88
Concrete_0cm_S5,2026-04-02T20:36:57.725770,22,38,158,216,235,109,346,336,342,232,39,30,15,30,150,192,215,99,307,301,305,199,32,23,5,13,80,108,119,52,174,179,180,116,15,8,6,18,114,145,158,68,234,226,223,143,19,11,10,22,121,155,171,79,251,253,254,163,24,16,7,19,106,136,149,66,225,225,221,139,17,11,17,34,157,209,228,98,321,320,319,200,31,26,37,56,182,236,258,131,376,374,383,255,47,42,14.88,28.75,133.5,174.62,191.62,87.75,279.25,276.75,278.38,180.88,28.0,20.88
Concrete_0cm_S5,2026-04-02T20:36:57.818665,22,38,158,216,235,109,346,336,342,232,39,30,15,30,150,192,215,99,307,301,305,199,32,23,5,14,80,107,119,52,174,179,180,116,15,8,6,18,114,145,158,68,234,226,222,143,19,11,10,22,121,155,171,79,251,252,254,163,24,16,7,18,106,136,149,66,224,225,221,139,17,11,17,34,157,210,228,98,321,320,320,200,30,25,37,56,182,236,258,131,376,374,383,255,47,42,14.88,28.75,133.5,174.62,191.62,87.75,279.12,276.62,278.38,180.88,27.88,20.75
Concrete_0cm_S5,2026-04-02T20:36:57.908628,22,38,158,216,235,109,346,336,342,232,39,30,15,30,150,192,215,99,307,301,305,199,32,23,5,14,80,107,119,52,174,179,180,116,15,8,6,18,114,145,158,68,234,226,222,143,19,11,10,22,121,155,171,79,251,252,254,163,24,16,7,18,106,136,149,66,224,225,221,139,17,11,17,34,157,210,228,98,321,320,320,200,30,25,37,56,182,236,258,131,376,374,383,255,47,42,14.88,28.75,133.5,174.62,191.62,87.75,279.12,276.62,278.38,180.88,27.88,20.75
Concrete_0cm_S5,2026-04-02T20:36:57.991840,22,38,157,217,235,109,346,336,341,232,39,30,15,30,150,193,214,99,307,301,305,198,32,24,5,14,80,108,119,52,174,178,180,116,15,8,6,18,114,145,158,68,233,226,222,143,19,11,10,22,121,155,171,79,251,252,254,163,24,16,7,19,107,135,149,66,225,225,221,140,17,11,17,34,157,209,228,98,321,320,319,200,31,25,37,56,182,236,258,130,375,374,383,255,46,41,14.88,28.88,133.5,174.75,191.5,87.62,279.0,276.5,278.12,180.88,27.88,20.75
Concrete_0cm_S5,2026-04-02T20:36:58.088466,22,38,157,216,235,109,346,336,342,232,39,30,15,30,150,193,214,99,307,301,305,198,32,24,5,14,80,108,119,52,174,178,180,116,15,8,6,18,114,145,158,68,233,226,222,143,19,11,10,22,121,155,171,79,251,252,254,163,24,16,7,19,107,135,149,66,225,225,221,140,17,11,17,34,157,209,228,98,321,320,319,200,31,25,37,56,182,236,258,130,375,374,383,255,46,41,14.88,28.88,133.5,174.62,191.5,87.62,279.0,276.5,278.25,180.88,27.88,20.75
Concrete_0cm_S5,2026-04-02T20:36:58.171516,22,38,157,216,235,109,346,336,342,232,39,30,15,30,150,193,214,99,307,301,305,198,32,24,5,14,80,108,119,52,174,178,180,116,15,8,6,18,114,145,158,68,233,226,222,143,19,11,10,22,121,155,171,79,251,252,254,163,24,16,7,19,107,135,149,66,225,225,221,140,17,11,17,34,157,209,228,98,321,320,319,200,31,25,37,56,182,236,258,130,375,374,383,255,46,41,14.88,28.88,133.5,174.62,191.5,87.62,279.0,276.5,278.25,180.88,27.88,20.75
Concrete_0cm_S5,2026-04-02T20:36:58.280709,22,38,157,216,236,109,346,336,342,231,39,30,15,30,150,192,214,99,306,301,305,199,32,23,5,13,80,108,119,52,174,178,180,116,15,8,6,18,114,144,158,68,234,226,222,143,19,11,10,22,120,154,169,78,249,251,253,162,24,16,7,19,106,136,149,66,225,225,221,139,17,11,17,34,157,209,228,98,321,320,319,200,31,25,36,56,182,237,258,131,375,374,383,255,46,42,14.75,28.75,133.25,174.5,191.38,87.62,278.75,276.38,278.12,180.62,27.88,20.75
Concrete_0cm_S5,2026-04-02T20:36:58.372361,22,38,157,216,236,109,346,336,342,231,39,30,15,30,150,192,214,99,306,301,305,199,32,23,5,13,80,108,119,52,174,178,180,116,15,8,6,18,114,144,158,68,234,226,222,143,19,11,10,22,120,154,169,78,249,251,253,162,24,16,7,19,107,136,149,66,225,225,221,139,17,11,17,34,157,209,228,98,321,320,319,200,30,25,37,55,182,236,258,131,376,374,383,256,47,42,14.88,28.62,133.38,174.38,191.38,87.62,278.88,276.38,278.12,180.75,27.88,20.75
Concrete_0cm_S5,2026-04-02T20:36:58.471482,22,38,157,216,236,109,346,336,342,231,39,30,15,30,150,192,215,99,307,301,305,199,32,23,5,13,80,107,119,52,174,179,180,116,15,8,6,18,114,144,158,68,234,226,222,143,19,11,10,22,120,154,169,78,249,251,253,162,24,16,7,19,107,136,149,66,225,225,221,139,17,11,17,34,157,209,228,98,321,320,319,200,30,25,37,55,182,236,258,131,376,374,383,256,47,42,14.88,28.62,133.38,174.25,191.5,87.62,279.0,276.5,278.12,180.75,27.88,20.75
Concrete_0cm_S5,2026-04-02T20:36:58.558782,22,38,157,216,236,109,346,336,342,231,39,30,15,30,150,192,215,99,307,301,305,199,32,23,5,13,80,107,119,52,174,179,180,116,15,8,6,18,114,145,158,68,234,226,222,143,19,11,10,22,120,155,170,79,249,251,253,163,24,16,7,19,107,136,149,66,225,225,221,140,17,11,17,34,157,209,228,98,321,320,319,199,30,25,37,55,182,236,258,131,376,374,383,256,47,42,14.88,28.62,133.38,174.5,191.62,87.75,279.0,276.5,278.12,180.88,27.88,20.75
Concrete_0cm_S5,2026-04-02T20:36:58.656966,22,38,157,216,236,109,346,336,342,231,39,30,15,30,150,192,215,99,307,301,305,199,32,23,5,13,80,107,119,52,174,179,180,116,15,8,6,18,114,145,158,68,234,226,222,143,19,11,10,22,120,155,170,79,249,251,253,163,24,16,7,19,107,136,149,66,225,225,221,140,17,11,17,34,157,209,228,98,321,320,319,199,30,25,37,55,182,236,258,131,376,374,383,256,47,42,14.88,28.62,133.38,174.5,191.62,87.75,279.0,276.5,278.12,180.88,27.88,20.75
Concrete_0cm_S5,2026-04-02T20:36:58.756064,22,38,158,217,236,109,347,336,342,232,39,30,15,30,150,192,214,99,307,301,305,198,32,23,5,14,80,108,119,52,173,179,180,116,15,9,6,18,114,145,158,67,233,226,223,143,19,11,10,22,120,155,170,79,249,252,253,163,24,16,7,19,106,136,149,66,225,225,221,139,17,11,17,34,157,209,228,98,321,320,319,199,30,25,37,56,182,236,258,131,375,374,383,255,46,42,14.88,28.88,133.38,174.75,191.5,87.62,278.75,276.62,278.25,180.62,27.75,20.88
Concrete_0cm_S5,2026-04-02T20:36:58.852229,22,38,158,217,236,109,347,336,342,232,39,30,15,30,150,192,214,99,307,301,305,198,32,23,5,14,80,108,119,52,173,179,180,116,15,9,6,18,114,145,158,67,233,226,223,143,19,11,10,22,120,155,170,79,249,252,253,163,24,16,7,19,106,136,149,66,225,225,221,139,17,11,17,34,157,209,228,98,321,320,319,199,30,25,37,56,182,236,258,131,375,374,383,255,46,42,14.88,28.88,133.38,174.75,191.5,87.62,278.75,276.62,278.25,180.62,27.75,20.88
Concrete_0cm_S5,2026-04-02T20:36:58.939439,22,38,158,217,236,109,347,337,342,231,39,30,15,30,150,192,215,99,307,301,305,199,32,23,5,13,80,107,119,52,174,179,180,116,15,8,6,18,114,145,158,67,233,226,222,143,19,11,10,22,120,155,170,78,250,252,253,163,24,16,7,19,107,135,149,66,225,225,221,140,17,11,17,34,157,209,227,98,321,320,320,200,30,25,37,56,182,236,258,131,375,374,383,255,47,42,14.88,28.75,133.5,174.5,191.5,87.5,279.0,276.75,278.25,180.88,27.88,20.75
Concrete_0cm_S5,2026-04-02T20:36:59.047137,22,38,158,217,236,109,347,337,342,231,39,30,15,30,150,192,215,99,307,301,305,199,32,23,5,13,80,107,119,52,174,179,180,116,15,8,6,18,114,145,158,67,233,226,222,143,19,11,10,22,120,155,170,78,250,252,253,163,24,16,7,19,107,135,149,66,225,225,221,140,17,11,17,34,157,209,227,98,321,320,320,200,30,25,37,56,182,236,258,131,375,374,383,255,47,42,14.88,28.75,133.5,174.5,191.5,87.5,279.0,276.75,278.25,180.88,27.88,20.75
Concrete_0cm_S5,2026-04-02T20:36:59.166475,22,38,158,217,236,109,347,337,342,231,39,30,15,30,150,192,215,99,307,302,305,199,32,23,5,13,80,108,119,52,174,179,180,116,15,9,6,18,114,145,157,68,234,226,223,143,19,11,10,22,120,155,170,78,250,252,253,163,24,16,7,19,106,136,149,66,224,225,221,140,17,11,16,34,157,209,228,98,321,320,319,200,31,25,37,56,182,236,258,131,375,375,383,255,46,42,14.75,28.75,133.38,174.75,191.5,87.62,279.0,277.0,278.25,180.88,27.88,20.88
Concrete_0cm_S5,2026-04-02T20:36:59.259034,22,38,158,217,236,109,347,337,342,231,39,30,15,30,150,192,215,99,307,302,305,199,32,23,5,13,80,108,119,52,174,179,180,116,15,9,6,18,114,145,157,68,234,226,223,143,19,11,10,22,120,155,170,78,250,252,253,163,24,16,7,19,106,136,149,66,224,225,221,140,17,11,16,34,157,209,228,98,321,320,319,200,31,25,37,56,182,236,258,131,375,375,383,255,46,42,14.75,28.75,133.38,174.75,191.5,87.62,279.0,277.0,278.25,180.88,27.88,20.88
Concrete_0cm_S5,2026-04-02T20:36:59.345310,22,38,157,217,236,109,347,337,342,232,39,30,15,30,150,193,215,99,306,301,305,199,32,23,5,13,80,108,118,52,174,178,180,116,15,8,6,18,114,145,157,68,234,226,223,143,19,11,10,22,120,155,170,79,250,252,253,163,24,16,7,19,107,136,149,66,224,225,221,139,17,11,17,34,157,209,228,98,321,320,319,200,31,25,37,56,182,236,258,131,375,374,383,255,47,42,14.88,28.75,133.38,174.88,191.38,87.75,278.88,276.62,278.25,180.88,28.0,20.75
Concrete_0cm_S5,2026-04-02T20:36:59.435133,22,38,157,217,236,109,347,337,342,232,39,30,15,30,150,193,215,99,306,301,305,199,32,23,5,13,80,108,118,52,174,178,180,116,15,8,6,18,114,145,157,68,234,226,223,143,19,11,10,22,120,155,170,79,250,252,253,163,24,16,7,19,107,136,149,66,224,225,221,139,17,11,17,34,157,209,228,98,321,320,319,200,31,25,37,56,182,236,258,131,375,374,383,255,47,42,14.88,28.75,133.38,174.88,191.38,87.75,278.88,276.62,278.25,180.88,28.0,20.75
Concrete_0cm_S5,2026-04-02T20:36:59.527360,22,38,158,217,236,109,347,337,342,232,39,30,15,30,150,192,214,99,307,301,305,199,32,23,5,14,80,108,119,52,174,179,180,116,15,8,6,18,114,145,158,67,233,226,222,143,19,11,10,22,120,155,170,79,250,252,254,163,24,16,7,19,107,136,149,66,225,225,221,139,17,11,17,34,157,209,228,98,321,320,319,200,30,25,37,56,182,236,258,131,375,374,383,255,46,42,14.88,28.88,133.5,174.75,191.5,87.62,279.0,276.75,278.25,180.88,27.75,20.75
Concrete_0cm_S5,2026-04-02T20:36:59.615935,22,38,158,217,236,109,347,337,342,232,39,30,15,30,150,192,214,99,307,301,305,199,32,23,5,14,80,108,119,52,174,179,180,116,15,8,6,18,114,145,158,67,233,226,222,143,19,11,10,22,120,155,170,79,250,252,254,163,24,16,7,19,107,136,149,66,225,225,221,139,17,11,17,34,157,209,228,98,321,320,319,200,30,25,37,56,182,236,258,131,375,374,383,255,46,42,14.88,28.88,133.5,174.75,191.5,87.62,279.0,276.75,278.25,180.88,27.75,20.75
Concrete_0cm_S5,2026-04-02T20:36:59.719886,22,38,158,217,236,109,346,336,342,232,39,30,15,30,150,192,214,99,306,301,305,199,32,23,5,13,80,108,119,52,174,179,180,116,15,9,6,18,114,145,158,67,233,226,222,143,19,11,10,22,120,155,170,78,250,252,253,163,24,16,7,19,107,136,149,66,225,225,221,140,17,11,17,34,157,209,228,98,321,320,319,199,30,25,37,56,182,236,258,131,375,374,383,255,46,42,14.88,28.75,133.5,174.75,191.5,87.5,278.75,276.62,278.12,180.88,27.75,20.88
Concrete_0cm_S5,2026-04-02T20:36:59.806792,22,38,158,217,236,109,346,336,342,232,39,30,15,30,150,192,214,99,306,301,305,199,32,23,5,13,80,108,119,52,174,179,180,116,15,9,6,18,114,145,158,67,234,226,222,143,19,11,10,22,120,155,170,79,250,252,254,163,24,16,7,18,107,136,149,66,225,225,221,139,17,11,17,34,157,209,228,98,321,320,319,199,30,25,37,56,182,236,258,131,375,374,383,255,46,42,14.88,28.62,133.5,174.75,191.5,87.62,278.88,276.62,278.25,180.75,27.75,20.88
Concrete_0cm_S5,2026-04-02T20:36:59.908068,22,38,158,217,236,109,347,337,342,232,39,30,15,30,150,192,215,99,306,301,305,199,32,24,5,14,80,108,119,52,174,179,180,116,15,8,6,18,114,145,158,67,234,226,222,143,19,11,10,22,120,155,170,79,250,252,254,163,24,16,7,18,107,136,149,66,225,225,221,139,17,11,17,34,157,209,228,98,321,320,319,200,31,25,37,56,182,236,258,131,375,374,383,255,47,42,14.88,28.75,133.5,174.75,191.62,87.62,279.0,276.75,278.25,180.88,28.0,20.88
Concrete_0cm_S5,2026-04-02T20:37:00.000329,22,38,158,217,236,109,347,337,342,232,39,30,15,30,150,192,215,99,306,301,305,199,32,24,5,14,80,108,119,52,174,179,180,116,15,8,6,18,114,145,158,67,234,227,223,143,19,11,10,22,120,155,170,79,250,252,253,163,24,16,7,19,107,136,149,66,224,225,221,139,17,11,17,34,157,209,228,98,321,320,319,200,30,25,37,56,182,236,258,131,375,374,383,255,47,42,14.88,28.88,133.5,174.75,191.62,87.62,278.88,276.88,278.25,180.88,27.88,20.88
Concrete_0cm_S5,2026-04-02T20:37:00.095115,22,38,158,217,236,109,347,337,342,232,39,30,15,30,150,192,215,99,306,301,305,199,32,24,5,14,80,108,119,52,174,179,180,116,15,8,6,18,114,145,158,67,234,227,223,143,19,11,10,22,120,155,170,79,250,252,253,163,24,16,7,19,107,136,149,66,224,225,221,139,17,11,17,34,157,209,228,98,321,320,319,200,30,25,37,56,182,236,258,131,375,374,383,255,47,42,14.88,28.88,133.5,174.75,191.62,87.62,278.88,276.88,278.25,180.88,27.88,20.88
Concrete_0cm_S5,2026-04-02T20:37:00.196694,22,38,158,217,236,109,347,337,342,231,39,30,15,30,150,192,215,99,306,301,305,199,32,24,5,14,80,108,119,52,174,179,180,116,15,8,6,18,114,145,158,67,234,227,223,143,19,11,10,22,120,155,170,79,250,252,253,163,24,16,7,19,107,136,149,66,224,225,221,139,17,11,17,34,157,209,228,98,321,320,319,200,30,25,37,56,182,236,258,131,375,374,383,255,47,42,14.88,28.88,133.5,174.75,191.62,87.62,278.88,276.88,278.25,180.75,27.88,20.88
Concrete_0cm_S5,2026-04-02T20:37:00.288389,22,38,158,217,236,109,347,337,342,231,39,30,15,30,150,192,215,99,306,301,305,199,32,24,5,14,80,108,119,52,174,179,180,116,15,8,6,18,114,145,158,67,234,227,223,143,19,11,10,22,120,155,170,79,250,252,253,163,24,16,7,19,106,136,149,66,225,225,221,140,17,11,17,34,157,209,228,98,321,320,319,200,30,25,37,56,182,236,258,131,375,374,383,255,47,42,14.88,28.88,133.38,174.75,191.62,87.62,279.0,276.88,278.25,180.88,27.88,20.88
Concrete_0cm_S5,2026-04-02T20:37:00.378673,22,38,158,217,236,109,347,337,342,231,39,30,15,30,150,192,214,99,307,301,305,199,32,23,5,14,80,108,119,52,174,179,180,116,15,8,6,18,115,145,158,67,233,226,223,143,19,11,10,22,120,155,170,79,250,252,254,163,24,16,7,18,107,136,149,66,225,225,221,139,17,11,17,34,157,209,228,98,321,320,319,200,31,25,36,56,182,236,258,131,375,374,383,255,47,42,14.75,28.75,133.62,174.75,191.5,87.62,279.0,276.75,278.38,180.75,28.0,20.75
Concrete_0cm_S5,2026-04-02T20:37:00.477632,22,38,158,218,236,109,347,337,342,232,39,30,15,30,150,192,214,99,306,301,305,198,32,23,5,14,80,108,119,52,174,179,180,116,15,8,6,18,114,145,158,67,234,226,223,143,19,11,10,22,120,155,170,79,250,252,253,163,24,16,7,18,107,136,149,66,225,225,221,139,17,11,17,34,157,210,228,98,321,320,319,199,30,25,36,56,182,236,258,131,375,374,383,255,47,42,14.75,28.75,133.5,175.0,191.5,87.62,279.0,276.75,278.25,180.62,27.88,20.75
Concrete_0cm_S5,2026-04-02T20:37:00.559932,22,38,158,218,236,109,347,337,342,231,39,30,15,30,150,192,214,99,306,301,305,199,32,23,5,14,80,108,119,52,174,179,180,116,15,8,6,18,114,145,158,67,234,226,223,143,19,11,10,22,120,155,170,79,250,252,253,163,24,16,7,18,107,136,149,66,225,225,221,139,17,11,17,34,157,210,228,98,321,320,319,199,30,25,37,56,182,236,258,131,375,374,383,255,46,41,14.88,28.75,133.5,175.0,191.5,87.62,279.0,276.75,278.25,180.62,27.75,20.62
Concrete_0cm_S5,2026-04-02T20:37:00.672770,22,38,158,218,236,109,347,337,342,231,39,30,15,30,150,192,214,99,306,301,305,199,32,23,5,14,80,108,119,52,174,179,180,116,15,8,6,18,114,145,158,67,234,226,223,143,19,11,10,22,120,155,170,79,250,252,253,163,24,16,7,18,107,136,149,66,225,225,221,139,17,11,17,34,157,210,228,98,321,320,319,199,30,25,37,56,182,236,258,131,375,374,383,255,46,41,14.88,28.75,133.5,175.0,191.5,87.62,279.0,276.75,278.25,180.62,27.75,20.62
Concrete_0cm_S5,2026-04-02T20:37:00.760344,22,38,159,217,237,109,348,337,342,232,39,30,15,30,150,192,215,99,306,301,305,198,32,23,5,13,80,108,119,52,174,179,180,116,15,8,6,18,115,145,158,67,234,226,223,143,19,11,10,22,120,155,170,79,250,252,254,163,24,16,7,19,107,136,149,66,224,225,221,139,17,11,17,34,157,209,228,98,321,320,319,199,30,25,36,56,182,236,258,131,375,375,382,255,46,41,14.75,28.75,133.75,174.75,191.75,87.62,279.0,276.88,278.25,180.62,27.75,20.62
Concrete_0cm_S5,2026-04-02T20:37:00.857512,22,38,159,217,237,109,348,337,342,232,39,30,15,30,150,192,215,99,306,301,305,198,32,23,5,13,80,108,119,52,174,179,180,116,15,8,6,18,114,145,158,67,233,226,222,143,19,11,10,22,120,155,170,79,250,252,254,163,24,16,7,19,106,136,149,66,225,225,221,139,17,11,17,34,157,209,228,98,321,320,319,199,30,25,37,56,182,236,258,131,375,374,383,255,47,42,14.88,28.75,133.5,174.75,191.75,87.62,279.0,276.75,278.25,180.62,27.88,20.75
Concrete_0cm_S5,2026-04-02T20:37:00.959468,22,38,158,217,237,109,347,336,342,232,39,30,15,30,150,192,215,99,306,301,305,198,32,23,5,13,80,108,119,52,174,179,180,116,15,8,6,18,115,145,158,67,233,226,223,143,19,11,10,22,120,155,169,79,250,252,254,163,24,16,7,19,106,136,149,66,225,225,221,139,17,11,17,34,157,209,228,98,321,320,319,199,30,25,37,56,182,236,258,131,375,374,383,255,47,42,14.88,28.75,133.5,174.75,191.62,87.62,278.88,276.62,278.38,180.62,27.88,20.75
Concrete_0cm_S5,2026-04-02T20:37:01.050445,22,38,159,218,237,109,347,337,342,232,39,30,15,30,150,192,215,99,306,301,305,198,32,23,5,13,80,108,119,52,174,179,180,116,15,8,6,18,115,145,158,67,233,226,223,143,19,11,10,22,120,155,169,79,250,252,254,163,24,16,7,19,107,136,149,66,225,225,221,140,17,11,17,34,157,210,228,98,320,320,319,199,31,25,37,56,182,236,258,131,376,374,383,255,47,42,14.88,28.75,133.75,175.0,191.62,87.62,278.88,276.75,278.38,180.75,28.0,20.75
Concrete_0cm_S5,2026-04-02T20:37:01.138854,22,38,159,218,237,109,347,337,342,232,39,30,15,30,150,192,214,99,306,301,305,198,32,24,5,14,80,108,119,52,174,179,180,116,15,8,6,18,115,145,158,67,233,226,223,143,19,11,10,22,120,155,169,79,250,252,254,163,24,16,7,19,107,136,149,66,225,225,221,140,17,11,17,34,157,210,228,98,320,320,319,199,31,25,37,56,182,236,258,131,376,374,383,255,47,42,14.88,28.88,133.75,175.0,191.5,87.62,278.88,276.75,278.38,180.75,28.0,20.88
Concrete_0cm_S5,2026-04-02T20:37:01.245562,22,38,159,218,237,109,347,337,342,232,39,30,15,30,150,192,214,99,306,301,305,198,32,24,5,14,80,108,119,52,174,179,180,116,15,8,6,18,114,145,158,67,234,226,222,143,19,11,10,22,120,155,170,79,250,252,254,163,24,16,7,19,107,136,149,66,225,225,221,140,17,11,17,34,157,210,228,98,320,320,319,199,31,25,37,56,182,236,258,131,376,374,383,255,47,42,14.88,28.88,133.62,175.0,191.62,87.62,279.0,276.75,278.25,180.75,28.0,20.88
Concrete_0cm_S5,2026-04-02T20:37:01.385276,22,38,159,218,237,109,347,337,342,232,39,30,15,30,150,192,214,99,306,301,305,199,32,23,5,14,80,108,119,52,174,179,180,115,15,8,6,18,114,145,158,68,233,226,222,143,19,11,10,22,120,155,170,79,250,252,254,163,24,16,7,19,107,136,149,66,225,225,221,139,17,11,17,34,157,210,228,98,320,320,319,199,31,25,37,56,182,236,258,131,375,374,383,255,47,42,14.88,28.88,133.62,175.0,191.62,87.75,278.75,276.75,278.25,180.62,28.0,20.75
Concrete_0cm_S5,2026-04-02T20:37:01.497372,22,38,159,218,237,109,348,337,342,232,39,30,15,30,150,193,215,99,306,301,304,198,32,23,5,13,80,108,119,52,174,178,180,116,15,8,6,18,114,145,158,67,233,226,222,143,19,11,10,22,121,155,170,79,250,252,254,163,24,16,7,19,107,136,149,66,225,225,221,139,17,11,17,34,157,210,228,98,320,320,319,199,31,25,37,56,182,236,258,131,375,374,383,255,47,42,14.88,28.75,133.75,175.12,191.75,87.62,278.88,276.62,278.12,180.62,28.0,20.75
Concrete_0cm_S5,2026-04-02T20:37:01.623633,22,38,159,218,237,108,348,337,342,232,39,30,15,30,150,192,215,99,306,301,305,198,32,23,5,13,80,107,118,52,174,179,180,116,15,8,6,18,114,144,158,67,233,226,222,143,19,11,10,22,121,155,170,79,250,252,254,163,24,16,7,19,107,136,149,66,225,225,221,139,17,11,17,34,158,210,228,98,321,320,319,199,30,25,36,56,182,236,258,131,375,374,382,255,46,42,14.75,28.75,133.88,174.75,191.62,87.5,279.0,276.75,278.12,180.62,27.75,20.75
Concrete_0cm_S5,2026-04-02T20:37:01.748281,22,38,159,218,237,109,348,337,343,232,40,30,15,30,150,192,215,99,306,301,305,199,32,24,5,13,80,107,118,52,174,179,180,116,15,8,6,18,114,144,158,67,233,226,222,143,19,11,10,22,120,155,170,79,250,252,254,163,24,16,7,19,107,136,149,66,225,225,221,139,17,11,17,34,158,210,228,98,321,320,319,199,30,25,37,56,182,236,258,131,375,374,383,255,47,41,14.88,28.75,133.75,174.75,191.62,87.62,279.0,276.75,278.38,180.75,28.0,20.75
Concrete_0cm_S5,2026-04-02T20:37:01.885861,22,38,159,218,237,109,348,337,343,232,40,30,15,30,150,192,215,99,306,301,305,199,32,24,5,13,80,107,119,52,173,179,180,116,15,8,6,18,114,145,157,68,233,226,222,143,19,11,10,22,120,155,170,79,250,252,254,163,24,16,7,19,107,136,149,67,225,225,221,140,17,11,17,34,157,209,227,98,320,320,319,199,30,24,37,56,182,237,258,131,376,374,383,255,46,41,14.88,28.75,133.62,174.88,191.5,87.88,278.88,276.75,278.38,180.88,27.88,20.62
Concrete_0cm_S5,2026-04-02T20:37:01.977265,22,38,159,218,237,109,348,337,342,232,39,30,15,30,150,193,214,99,306,301,305,199,32,23,5,14,80,108,119,52,174,179,180,116,15,8,6,18,114,144,157,67,234,226,222,143,19,11,10,22,121,155,171,79,251,252,254,163,24,16,7,19,107,136,149,66,225,225,221,140,17,11,17,34,157,209,227,98,320,320,319,199,30,24,37,56,182,237,258,131,376,374,383,255,46,41,14.88,28.88,133.75,175.0,191.5,87.62,279.25,276.75,278.25,180.88,27.75,20.5
Concrete_0cm_S5,2026-04-02T20:37:02.071083,22,38,159,218,237,109,348,338,342,232,39,30,15,30,150,193,214,99,306,301,305,199,32,23,5,14,80,108,119,52,174,179,180,116,15,8,6,18,114,144,157,67,234,226,222,143,19,11,10,22,121,155,171,79,251,252,254,163,24,16,7,19,107,136,149,66,225,225,221,140,17,11,17,34,157,209,227,98,321,320,319,199,30,25,37,56,182,237,258,131,376,374,383,255,46,41,14.88,28.88,133.75,175.0,191.5,87.62,279.38,276.88,278.25,180.88,27.75,20.62
Concrete_0cm_S5,2026-04-02T20:37:02.162245,22,38,159,218,237,109,348,338,342,232,39,30,15,30,150,193,215,99,306,301,305,199,32,23,5,14,80,108,119,52,174,179,180,116,15,8,6,18,114,145,158,67,233,226,222,143,19,11,10,22,120,155,170,79,250,252,254,163,24,16,7,19,107,136,149,66,225,225,221,140,17,11,17,34,157,209,227,98,321,320,319,199,30,25,37,56,182,237,258,131,376,374,383,255,46,41,14.88,28.88,133.62,175.12,191.62,87.62,279.12,276.88,278.25,180.88,27.75,20.62
Concrete_0cm_S5,2026-04-02T20:37:02.280813,22,38,159,218,237,109,348,338,342,232,39,30,15,30,150,193,215,99,306,301,305,199,32,23,5,14,80,108,119,52,174,179,180,116,15,8,6,18,114,145,158,67,233,226,222,143,19,11,10,22,120,155,170,79,250,252,254,163,24,16,7,19,106,136,149,66,225,225,221,139,17,11,17,34,157,209,227,98,321,320,319,199,30,25,37,56,182,237,258,131,376,374,383,255,46,41,14.88,28.88,133.5,175.12,191.62,87.62,279.12,276.88,278.25,180.75,27.75,20.62
Concrete_0cm_S5,2026-04-02T20:37:02.389667,22,38,159,218,237,109,348,338,342,232,39,30,15,30,150,192,214,99,306,301,305,199,32,23,5,13,80,108,118,52,174,178,180,116,15,8,6,18,114,145,158,68,233,226,222,143,19,11,10,22,120,155,170,79,250,252,254,163,24,16,7,19,107,136,149,66,225,225,221,140,17,11,17,34,157,209,227,98,321,320,319,199,30,25,37,56,182,236,258,131,375,374,382,255,47,42,14.88,28.75,133.62,174.88,191.38,87.75,279.0,276.75,278.12,180.88,27.88,20.75
Concrete_0cm_S5,2026-04-02T20:37:02.478308,22,38,159,218,237,109,348,337,342,232,40,30,15,30,150,193,214,99,307,301,305,199,32,23,5,14,80,107,119,52,174,179,180,116,15,8,6,18,114,144,157,68,234,226,222,143,19,11,10,22,120,155,170,79,250,252,254,163,24,16,7,19,107,136,149,66,225,225,221,140,17,11,17,34,157,209,227,98,321,320,319,199,30,25,37,56,182,236,258,131,375,374,382,255,47,42,14.88,28.88,133.62,174.75,191.38,87.75,279.25,276.75,278.12,180.88,28.0,20.75
Concrete_0cm_S5,2026-04-02T20:37:02.571545,22,38,159,218,237,109,348,337,342,232,40,30,15,30,150,193,214,99,307,301,305,199,32,23,5,14,80,107,119,52,174,179,180,116,15,8,6,18,114,144,157,68,234,226,222,143,19,11,10,22,120,155,170,79,250,252,254,163,24,16,7,18,107,136,149,67,225,225,221,140,17,11,17,34,157,209,227,98,320,320,319,199,30,25,37,56,182,236,258,131,376,374,383,255,47,42,14.88,28.75,133.62,174.75,191.38,87.88,279.25,276.75,278.25,180.88,28.0,20.75
Concrete_0cm_S5,2026-04-02T20:37:02.660813,22,38,159,218,238,109,348,337,342,232,39,30,15,30,150,193,214,99,307,301,305,199,32,23,5,14,80,107,119,52,174,179,180,116,15,8,6,18,114,144,157,68,234,226,222,143,19,11,10,22,120,155,170,79,250,252,254,163,24,16,7,18,107,136,149,67,225,225,221,140,17,11,17,34,157,209,227,98,320,320,319,199,30,25,37,56,182,236,258,131,376,374,383,255,47,42,14.88,28.75,133.62,174.75,191.5,87.88,279.25,276.75,278.25,180.88,27.88,20.75
Concrete_0cm_S5,2026-04-02T20:37:02.777980,22,38,159,218,238,109,348,337,342,232,39,30,15,30,150,193,214,99,307,301,305,199,32,23,5,14,80,107,119,52,174,179,180,116,15,8,6,18,114,144,157,68,234,226,222,143,19,11,10,22,120,155,170,79,250,252,254,163,24,16,7,18,107,136,149,67,225,225,221,140,17,11,17,34,157,209,227,98,320,320,319,199,30,25,37,56,182,236,258,131,376,374,383,255,47,42,14.88,28.75,133.62,174.75,191.5,87.88,279.25,276.75,278.25,180.88,27.88,20.75
Concrete_0cm_S5,2026-04-02T20:37:02.898022,22,38,159,218,238,109,348,337,342,232,39,30,15,30,150,192,214,99,307,301,305,199,32,23,5,13,80,107,118,52,174,179,180,116,15,8,6,18,114,144,157,68,233,226,222,143,19,11,10,22,120,155,170,79,250,252,254,163,24,16,7,19,106,136,149,66,225,225,221,139,17,11,17,34,157,209,227,98,320,320,319,199,30,25,37,56,182,236,258,131,375,374,383,255,46,42,14.88,28.75,133.5,174.62,191.38,87.75,279.0,276.75,278.25,180.75,27.75,20.75
Concrete_0cm_S5,2026-04-02T20:37:03.010908,22,38,160,218,237,109,348,338,342,232,39,30,15,30,150,192,214,99,307,301,305,199,32,23,5,14,80,108,119,52,174,178,180,116,15,8,6,18,114,145,158,68,234,226,223,143,19,11,10,22,120,156,170,79,250,252,254,163,24,16,7,19,107,136,149,66,225,225,221,140,17,11,17,34,157,209,227,98,320,320,319,199,30,25,37,56,182,236,258,131,375,374,383,255,46,42,14.88,28.88,133.75,175.0,191.5,87.75,279.12,276.75,278.38,180.88,27.75,20.75
Concrete_0cm_S5,2026-04-02T20:37:03.117683,22,38,160,218,237,109,348,338,342,232,39,30,15,30,150,192,214,99,307,301,305,199,32,23,5,14,80,108,119,52,174,178,180,116,15,8,6,18,114,145,158,68,234,226,223,143,19,11,10,22,120,156,170,79,250,252,254,163,24,16,7,19,107,136,149,66,225,225,221,140,17,11,17,34,157,209,227,98,320,320,319,199,30,25,37,56,182,236,258,131,375,374,383,255,46,42,14.88,28.88,133.75,175.0,191.5,87.75,279.12,276.75,278.38,180.88,27.75,20.75
Concrete_0cm_S5,2026-04-02T20:37:03.217240,22,38,160,219,237,109,349,337,343,232,39,29,15,30,150,193,214,99,307,301,305,198,32,23,5,13,80,107,119,52,174,178,180,116,15,8,6,18,114,145,158,67,234,226,222,143,19,11,10,22,121,155,171,79,250,252,254,163,24,16,7,19,107,136,149,66,225,225,221,140,17,11,17,34,157,209,227,98,321,320,319,199,30,25,36,56,182,236,258,130,376,374,383,255,47,42,14.75,28.75,133.88,175.0,191.62,87.5,279.5,276.62,278.38,180.75,27.88,20.62
Concrete_0cm_S5,2026-04-02T20:37:03.341239,22,38,160,219,237,109,349,337,343,232,39,29,15,30,150,193,214,99,307,301,305,198,32,23,5,13,80,107,119,52,174,178,180,116,15,8,6,18,114,145,158,67,234,226,222,143,19,11,10,22,121,155,171,79,250,252,254,163,24,16,7,19,107,136,149,66,225,225,221,140,17,11,17,34,157,209,227,98,321,320,319,199,30,25,36,56,182,236,258,130,376,374,383,255,47,42,14.75,28.75,133.88,175.0,191.62,87.5,279.5,276.62,278.38,180.75,27.88,20.62
Concrete_0cm_S5,2026-04-02T20:37:03.433572,22,38,160,219,238,109,348,338,342,232,39,30,15,30,150,192,214,99,306,301,305,199,32,24,5,13,80,108,119,52,174,178,180,116,15,8,6,18,114,144,157,67,233,226,222,143,19,11,10,22,120,155,171,79,250,252,254,163,24,16,7,19,106,136,149,66,225,225,220,139,17,11,17,34,157,209,227,98,320,320,319,200,31,25,36,56,182,236,258,130,375,374,383,255,46,42,14.75,28.75,133.62,174.88,191.62,87.5,278.88,276.75,278.12,180.88,27.88,20.88
Concrete_0cm_S5,2026-04-02T20:37:03.536102,22,38,160,219,238,109,348,338,342,232,39,30,15,30,150,192,214,99,306,301,305,199,32,24,5,14,80,108,119,52,174,179,180,116,15,8,6,18,114,145,158,67,233,226,223,143,19,11,10,22,120,155,171,79,250,252,254,163,24,16,7,19,106,136,149,66,225,225,220,139,17,11,17,34,157,209,227,98,320,320,319,200,31,25,36,56,182,236,258,130,375,374,383,255,46,42,14.75,28.88,133.62,175.0,191.75,87.5,278.88,276.88,278.25,180.88,27.88,20.88
Concrete_0cm_S5,2026-04-02T20:37:03.634135,22,38,160,219,238,109,348,338,342,232,39,30,15,30,150,192,214,99,306,301,305,199,32,24,5,14,80,108,119,52,174,179,180,116,15,8,6,18,114,145,158,67,233,226,223,143,19,11,10,22,120,155,171,79,250,252,254,163,24,16,7,19,106,136,149,66,225,225,220,139,17,11,17,34,157,209,227,98,320,320,319,200,31,25,36,56,182,236,258,130,375,374,383,255,46,42,14.75,28.88,133.62,175.0,191.75,87.5,278.88,276.88,278.25,180.88,27.88,20.88
Concrete_0cm_S5,2026-04-02T20:37:03.725758,22,38,160,219,238,109,348,338,342,232,39,30,15,30,150,192,214,99,306,301,305,199,32,24,5,14,80,108,119,52,174,179,180,116,15,8,6,18,114,145,158,67,233,226,223,143,19,11,10,22,120,155,171,79,250,252,254,163,24,16,7,19,106,136,149,66,225,225,220,139,17,11,17,34,157,209,227,98,320,320,319,200,31,25,36,56,182,236,258,130,375,374,383,255,46,42,14.75,28.88,133.62,175.0,191.75,87.5,278.88,276.88,278.25,180.88,27.88,20.88
Concrete_0cm_S5,2026-04-02T20:37:03.815220,22,38,160,220,238,109,349,338,342,232,39,30,15,30,150,192,214,99,306,301,305,199,32,24,5,14,80,108,119,52,174,179,180,116,15,8,6,18,114,145,158,67,233,226,222,143,19,11,10,22,121,156,170,79,251,252,254,163,24,16,7,19,106,136,149,66,225,225,220,139,17,11,17,34,157,209,227,98,321,320,319,200,31,25,37,56,182,236,258,131,375,374,383,255,47,41,14.88,28.88,133.75,175.25,191.62,87.62,279.25,276.88,278.12,180.88,28.0,20.75
Concrete_0cm_S5,2026-04-02T20:37:03.918345,22,38,160,220,238,109,349,338,342,232,39,30,15,30,150,192,214,99,306,301,305,199,32,24,5,14,80,108,119,52,174,179,180,116,15,8,6,18,114,145,158,67,233,226,222,143,19,11,10,22,121,156,170,79,251,252,254,163,24,16,7,19,106,136,149,66,225,225,220,139,17,11,17,34,157,209,227,98,321,320,319,200,30,25,36,56,182,236,258,130,375,374,382,255,46,42,14.75,28.88,133.75,175.25,191.62,87.5,279.25,276.88,278.0,180.88,27.75,20.88
Concrete_0cm_S5,2026-04-02T20:37:04.006200,22,38,160,220,238,109,349,338,342,232,39,30,15,30,150,193,215,99,307,301,305,199,32,24,5,14,80,108,119,52,174,179,180,116,15,8,6,18,114,145,157,67,234,226,222,143,18,11,10,22,121,155,171,79,250,252,254,163,24,16,7,19,106,136,149,66,225,225,220,139,17,11,17,34,157,209,227,98,321,320,319,200,30,25,36,56,182,236,258,130,375,374,382,255,46,42,14.75,28.88,133.75,175.25,191.75,87.5,279.38,276.88,278.0,180.88,27.62,20.88
Concrete_0cm_S5,2026-04-02T20:37:04.116006,22,38,160,220,238,109,349,338,342,232,39,30,15,30,150,193,215,99,307,301,305,199,32,24,5,14,80,108,119,52,174,179,180,116,15,8,6,18,114,145,157,67,234,226,222,143,18,11,10,22,121,155,171,79,250,252,254,163,24,16,7,19,107,136,149,66,224,225,221,139,17,11,17,34,157,209,228,98,320,319,319,199,30,25,36,56,182,236,258,130,375,374,382,255,46,42,14.75,28.88,133.88,175.25,191.88,87.5,279.12,276.75,278.12,180.75,27.62,20.88
Concrete_0cm_S5,2026-04-02T20:37:04.208753,22,38,160,220,238,109,349,338,342,232,39,30,15,30,150,193,215,99,307,301,305,199,32,24,5,14,80,108,119,52,174,179,180,116,15,8,6,18,114,145,157,67,234,226,222,143,18,11,10,22,121,155,171,79,250,252,254,163,24,16,7,19,107,136,149,66,224,225,221,139,17,11,17,34,157,209,228,98,320,319,319,199,30,25,36,56,182,236,258,130,375,374,382,255,46,42,14.75,28.88,133.88,175.25,191.88,87.5,279.12,276.75,278.12,180.75,27.62,20.88
Concrete_0cm_S5,2026-04-02T20:37:04.311195,22,38,159,220,238,109,348,338,342,232,39,30,15,30,150,193,214,99,307,301,305,199,32,23,5,14,80,108,119,52,173,179,180,116,15,8,6,18,114,144,158,67,234,226,222,143,19,11,10,22,121,155,171,79,251,252,254,163,24,16,7,19,107,136,149,66,225,225,221,139,17,11,17,34,157,209,227,98,321,320,319,200,30,25,37,56,182,236,258,131,375,374,383,255,46,41,14.88,28.88,133.75,175.12,191.75,87.62,279.25,276.88,278.25,180.88,27.75,20.62
Concrete_0cm_S5,2026-04-02T20:37:04.409200,22,38,159,220,238,109,348,338,343,232,39,30,15,30,150,192,214,99,306,301,305,199,32,23,5,13,80,108,118,52,174,179,180,116,15,8,6,18,114,145,157,67,234,226,222,143,19,11,10,22,121,155,170,79,251,252,254,163,24,16,7,19,107,136,149,66,225,225,221,139,17,11,17,34,157,209,227,98,321,320,319,200,30,25,37,56,182,236,258,131,375,374,383,255,47,41,14.88,28.75,133.75,175.12,191.38,87.62,279.25,276.88,278.38,180.88,27.88,20.62
Concrete_0cm_S5,2026-04-02T20:37:04.493613,22,38,159,220,238,109,348,338,343,232,39,30,15,30,150,193,214,99,306,301,305,199,32,23,5,13,80,108,119,52,174,179,180,116,15,8,6,18,114,144,157,67,233,226,222,143,19,11,10,22,121,155,171,79,250,252,254,163,24,16,7,19,107,136,149,66,225,225,221,140,17,11,17,34,157,209,227,98,321,320,319,200,30,25,37,56,182,236,258,131,375,374,383,255,47,41,14.88,28.75,133.75,175.12,191.62,87.62,279.0,276.88,278.38,181.0,27.88,20.62
Concrete_0cm_S5,2026-04-02T20:37:04.591876,22,38,159,220,238,109,348,338,343,232,39,30,15,30,150,193,214,99,306,301,305,199,32,23,5,13,80,108,119,52,174,179,180,116,15,8,6,18,114,144,157,67,233,226,222,143,19,11,10,22,121,155,171,79,250,252,254,163,24,16,7,19,107,136,149,66,225,225,221,140,17,11,17,34,157,209,227,98,321,320,319,200,30,25,37,56,182,236,258,131,375,374,383,255,47,41,14.88,28.75,133.75,175.12,191.62,87.62,279.0,276.88,278.38,181.0,27.88,20.62
Concrete_0cm_S5,2026-04-02T20:37:04.683082,22,38,159,220,238,109,348,338,343,232,39,30,15,30,150,193,214,99,306,301,305,199,32,23,5,13,80,108,119,52,174,179,180,116,15,8,6,18,114,144,157,67,233,226,222,143,19,11,10,22,121,155,171,79,250,252,254,163,24,16,7,19,107,136,149,66,225,225,221,140,17,11,16,34,157,209,228,98,321,320,319,199,30,25,37,56,182,236,258,131,375,374,383,255,47,41,14.75,28.75,133.75,175.12,191.75,87.62,279.0,276.88,278.38,180.88,27.88,20.62
Concrete_0cm_S5,2026-04-02T20:37:04.772415,22,38,159,220,238,109,348,338,343,232,39,30,15,30,150,193,214,99,306,301,305,199,32,23,5,13,80,108,119,52,174,179,180,116,15,8,6,18,114,144,157,67,233,226,222,143,19,11,10,22,121,155,171,79,250,252,254,163,24,16,7,19,107,136,149,66,225,225,221,140,17,11,16,34,157,209,228,98,321,320,319,199,30,25,37,56,182,236,258,131,375,374,383,255,47,41,14.75,28.75,133.75,175.12,191.75,87.62,279.0,276.88,278.38,180.88,27.88,20.62
Concrete_0cm_S5,2026-04-02T20:37:04.873814,22,38,159,221,238,110,348,338,343,232,39,30,15,30,150,192,215,99,307,301,305,198,32,24,5,13,80,107,119,52,173,179,180,116,15,8,6,18,114,145,157,67,233,226,222,143,19,11,10,22,121,155,170,79,250,252,254,163,24,16,7,19,107,136,149,66,224,225,221,139,17,11,17,34,157,209,228,98,321,320,319,200,31,25,37,56,182,236,258,131,376,375,383,255,47,42,14.88,28.75,133.75,175.12,191.75,87.75,279.0,277.0,278.38,180.75,28.0,20.88
Concrete_0cm_S5,2026-04-02T20:37:04.965227,22,38,159,221,238,109,348,338,343,232,39,30,15,30,150,193,214,99,307,302,305,199,32,23,5,13,80,108,119,52,174,179,180,116,15,8,6,18,114,145,157,67,233,226,222,143,19,11,10,22,121,155,170,79,250,252,254,163,24,16,7,19,107,136,149,66,224,225,221,139,17,11,17,34,157,209,228,98,321,320,320,200,31,25,37,55,182,236,258,131,375,374,383,255,46,42,14.88,28.62,133.75,175.38,191.62,87.62,279.0,277.0,278.5,180.88,27.88,20.75
Concrete_0cm_S5,2026-04-02T20:37:05.064246,22,38,159,221,238,109,348,338,343,232,39,30,15,30,150,193,214,99,307,302,305,199,32,23,5,13,80,108,119,52,174,179,180,116,15,8,6,18,114,145,158,68,233,226,223,143,19,11,10,22,121,155,170,79,251,253,254,163,24,16,7,19,107,136,149,66,224,225,221,139,17,11,17,34,157,209,228,98,321,320,319,200,31,25,37,55,182,236,258,131,375,374,383,255,46,42,14.88,28.62,133.75,175.38,191.75,87.75,279.12,277.12,278.5,180.88,27.88,20.75
Concrete_0cm_S5,2026-04-02T20:37:05.151937,22,38,159,221,238,109,348,338,343,232,39,30,15,30,150,193,214,99,307,302,305,199,32,23,5,13,80,108,119,52,174,179,180,116,15,8,6,18,114,145,158,68,233,226,223,143,19,11,10,22,121,155,170,79,251,253,254,163,24,16,7,19,107,136,149,66,224,225,221,139,17,11,17,34,157,209,228,98,321,320,319,200,31,25,37,55,182,236,258,131,375,374,383,255,46,42,14.88,28.62,133.75,175.38,191.75,87.75,279.12,277.12,278.5,180.88,27.88,20.75
Concrete_0cm_S5,2026-04-02T20:37:05.252959,22,38,159,221,238,109,348,338,343,232,39,30,15,30,150,193,214,99,307,302,305,199,32,23,5,13,80,108,119,52,174,179,180,116,15,8,6,18,114,145,158,68,233,226,223,143,19,11,10,22,121,155,170,79,251,253,254,163,24,16,7,19,107,136,149,66,224,225,221,139,17,11,17,34,157,209,228,98,321,320,319,200,31,25,37,56,182,236,259,131,375,374,383,255,46,42,14.88,28.75,133.75,175.38,191.88,87.75,279.12,277.12,278.5,180.88,27.88,20.75
Concrete_0cm_S5,2026-04-02T20:37:05.339408,22,38,158,222,238,110,348,338,343,232,39,30,15,30,150,192,214,99,306,301,305,199,32,23,5,14,80,108,119,52,174,179,180,116,15,8,6,18,114,145,158,67,234,226,222,143,19,11,10,22,120,155,170,79,250,252,254,163,24,16,7,19,107,136,149,66,225,225,221,139,17,11,17,34,157,209,228,98,321,320,319,200,31,25,37,56,182,236,259,131,375,374,383,255,46,42,14.88,28.88,133.5,175.38,191.88,87.75,279.12,276.88,278.38,180.88,27.88,20.75
Concrete_0cm_S5,2026-04-02T20:37:05.448657,22,38,158,222,238,110,348,338,343,232,39,30,15,30,150,192,214,99,306,301,305,199,32,23,5,14,80,108,119,52,174,179,180,116,15,8,6,18,114,145,158,67,234,226,222,143,19,11,10,22,120,155,170,79,250,252,254,163,24,16,7,19,107,136,149,66,225,225,221,139,17,11,16,34,157,209,228,98,321,320,319,199,30,25,36,56,182,236,258,131,375,374,383,255,46,41,14.62,28.88,133.5,175.38,191.75,87.75,279.12,276.88,278.38,180.75,27.75,20.62
Concrete_0cm_S5,2026-04-02T20:37:05.574729,22,38,158,222,238,110,348,338,343,232,39,30,15,30,150,192,215,99,306,301,305,198,32,24,5,14,80,108,119,52,174,179,180,116,15,8,6,18,114,145,158,67,233,226,222,143,19,11,10,22,121,155,171,79,250,252,254,163,24,16,7,19,107,136,149,66,225,225,221,139,17,11,17,34,157,209,227,98,321,320,319,199,31,25,36,56,182,236,258,131,375,374,383,255,46,41,14.75,28.88,133.62,175.38,191.88,87.75,279.0,276.88,278.38,180.62,27.88,20.75
Concrete_0cm_S5,2026-04-02T20:37:05.701987,22,38,158,223,238,110,348,338,343,233,39,30,15,30,150,192,214,99,307,301,305,199,32,23,5,13,80,108,119,52,174,179,180,116,15,8,6,18,114,145,158,68,234,226,222,143,19,11,10,22,121,155,171,79,250,252,254,163,24,16,7,19,107,136,149,66,225,225,221,139,17,11,17,34,157,209,227,98,321,320,319,199,31,25,37,56,182,236,258,131,375,374,383,255,47,42,14.88,28.75,133.62,175.5,191.75,87.88,279.25,276.88,278.38,180.88,28.0,20.75
Concrete_0cm_S5,2026-04-02T20:37:05.824373,22,38,158,223,238,110,348,338,343,233,39,30,15,30,150,192,214,99,307,301,305,199,32,23,5,13,80,108,119,52,174,179,180,116,15,8,6,18,114,145,158,68,234,226,222,143,19,11,10,22,121,155,171,79,250,252,254,163,24,16,7,19,107,136,149,66,225,225,221,139,17,11,17,34,157,209,227,98,321,320,319,199,31,25,37,56,182,236,258,131,375,374,383,255,47,42,14.88,28.75,133.62,175.5,191.75,87.88,279.25,276.88,278.38,180.88,28.0,20.75
Concrete_0cm_S5,2026-04-02T20:37:05.934528,22,38,158,223,238,110,348,338,343,233,39,30,15,30,150,192,214,99,307,301,305,199,32,23,5,13,80,108,119,52,174,179,180,116,15,8,6,18,114,145,158,68,234,226,222,143,19,11,10,22,121,155,170,79,250,253,254,163,24,16,7,19,107,136,149,66,225,225,221,139,17,11,17,34,157,209,227,98,321,320,319,199,31,25,37,56,182,236,258,131,375,374,383,255,47,42,14.88,28.75,133.62,175.5,191.62,87.88,279.25,277.0,278.38,180.88,28.0,20.75
Concrete_0cm_S5,2026-04-02T20:37:06.021976,22,38,158,223,238,110,347,337,343,232,40,30,15,30,150,192,214,99,307,301,305,199,32,23,5,13,80,108,119,52,174,179,180,116,15,8,6,18,114,145,158,68,234,226,222,143,19,11,10,22,120,155,171,79,250,252,254,163,24,16,7,19,106,136,149,66,225,225,221,140,17,11,17,34,157,209,227,98,321,320,319,199,31,25,37,56,182,236,258,131,376,374,383,255,47,42,14.88,28.75,133.38,175.5,191.75,87.88,279.25,276.75,278.38,180.88,28.12,20.75
Concrete_0cm_S5,2026-04-02T20:37:06.121290,22,38,158,224,238,110,348,338,343,232,40,30,15,30,150,192,214,99,307,301,305,199,32,23,5,13,80,108,119,52,174,179,180,116,15,8,6,18,114,145,158,68,234,226,222,143,19,11,10,22,120,155,171,79,250,252,254,163,24,16,7,19,106,136,149,66,225,225,221,140,17,11,17,34,157,209,227,98,321,320,319,199,31,25,37,56,182,236,258,131,375,374,383,255,47,41,14.88,28.75,133.38,175.62,191.75,87.88,279.25,276.88,278.38,180.88,28.12,20.62
Concrete_0cm_S5,2026-04-02T20:37:06.210114,22,38,158,224,238,110,348,338,343,232,40,30,15,30,150,192,214,99,307,301,305,199,32,23,5,13,80,108,119,52,174,179,180,116,15,8,6,18,114,145,158,68,234,226,222,143,19,11,10,22,120,155,171,79,250,252,254,163,24,16,7,19,106,136,149,66,225,225,221,140,17,11,17,34,157,209,227,98,321,320,319,199,31,25,37,56,182,236,258,131,375,374,383,255,47,41,14.88,28.75,133.38,175.62,191.75,87.88,279.25,276.88,278.38,180.88,28.12,20.62
Concrete_0cm_S5,2026-04-02T20:37:06.325620,22,38,158,224,238,110,347,337,343,232,39,30,15,30,150,192,214,99,306,301,305,198,32,23,5,13,80,108,119,52,174,179,180,116,15,8,6,18,114,145,158,68,234,226,223,143,19,11,10,22,120,155,171,79,250,252,254,163,24,16,7,19,107,136,149,66,225,225,221,139,17,11,17,34,157,209,227,98,321,320,319,199,31,25,36,56,182,236,258,131,376,374,383,255,47,42,14.75,28.75,133.5,175.62,191.75,87.88,279.12,276.75,278.5,180.62,28.0,20.75
Concrete_0cm_S5,2026-04-02T20:37:06.437897,22,38,158,224,238,110,347,337,343,232,39,30,16,30,150,192,215,99,306,301,305,199,32,23,5,14,80,108,119,52,174,179,180,116,15,8,6,18,114,145,158,67,233,226,222,143,19,11,10,22,121,155,171,79,250,252,254,163,24,16,7,19,107,136,149,66,225,225,221,140,17,11,16,34,157,209,228,98,321,320,319,199,30,25,37,56,182,236,258,131,375,374,383,255,47,42,14.88,28.88,133.62,175.62,192.0,87.75,278.88,276.75,278.38,180.88,27.88,20.75
Concrete_0cm_S5,2026-04-02T20:37:06.552045,22,38,158,224,238,110,348,338,343,232,39,30,15,30,150,193,215,99,306,301,305,199,32,23,5,14,80,107,119,52,174,179,180,116,15,8,6,18,114,145,158,67,233,226,222,143,19,11,10,22,121,155,170,79,250,252,254,163,24,16,7,19,107,136,149,66,225,225,221,140,17,11,16,34,157,209,228,98,321,320,319,199,30,25,37,56,182,236,258,131,375,374,383,255,47,42,14.75,28.88,133.62,175.62,191.88,87.75,279.0,276.88,278.38,180.88,27.88,20.75
Concrete_0cm_S5,2026-04-02T20:37:06.636487,22,38,158,224,238,110,348,338,343,232,39,30,15,30,150,193,215,99,306,301,305,199,32,23,5,14,80,107,119,52,174,179,180,116,15,8,6,18,114,145,158,67,233,226,222,143,19,11,10,22,121,155,170,79,250,252,254,163,24,16,7,19,107,136,149,66,225,225,221,140,17,11,16,34,157,209,228,98,321,320,319,199,30,25,37,56,182,236,258,131,375,374,383,255,47,42,14.75,28.88,133.62,175.62,191.88,87.75,279.0,276.88,278.38,180.88,27.88,20.75
Concrete_0cm_S5,2026-04-02T20:37:06.723588,22,39,158,224,238,110,348,338,343,232,39,30,15,30,150,192,214,99,306,301,305,198,32,23,5,13,80,108,119,52,174,179,180,116,15,8,6,18,114,145,158,67,233,226,222,143,19,11,10,22,121,155,171,79,251,252,254,163,24,16,7,19,106,136,149,66,225,225,221,139,17,11,17,34,157,209,227,98,321,320,319,199,30,25,37,56,182,236,258,131,375,374,383,255,47,41,14.88,28.88,133.5,175.62,191.75,87.75,279.12,276.88,278.38,180.62,27.88,20.62
Concrete_0cm_S5,2026-04-02T20:37:06.837421,22,39,158,224,238,110,348,338,343,232,39,30,15,30,150,192,214,99,306,301,305,198,32,23,5,13,80,108,119,52,174,179,180,116,15,8,6,18,114,145,158,67,233,226,222,143,19,11,10,22,121,155,171,79,251,252,254,163,24,16,7,19,106,136,149,66,225,225,221,139,17,11,17,34,157,209,227,98,321,320,319,199,30,25,37,56,182,236,258,131,375,374,383,255,47,41,14.88,28.88,133.5,175.62,191.75,87.75,279.12,276.88,278.38,180.62,27.88,20.62
Concrete_0cm_S5,2026-04-02T20:37:06.952857,22,38,158,224,238,110,348,337,343,232,39,30,15,30,150,192,214,99,306,301,304,199,32,24,5,13,80,108,118,52,174,179,180,116,15,8,6,18,114,145,158,67,233,226,222,143,19,11,10,22,121,155,171,79,251,252,254,163,24,16,7,19,106,136,149,66,225,225,221,139,17,11,17,34,157,209,228,98,321,320,319,200,30,25,37,56,182,236,258,131,375,374,383,255,47,41,14.88,28.75,133.5,175.62,191.75,87.75,279.12,276.75,278.25,180.88,27.88,20.75
Concrete_0cm_S5,2026-04-02T20:37:07.046512,22,38,158,224,238,110,348,337,343,232,39,30,15,30,150,193,214,99,306,301,305,199,32,24,5,14,80,108,119,52,174,179,180,116,15,8,6,18,114,145,158,68,233,226,222,143,19,11,10,22,121,155,170,79,251,253,254,163,24,16,7,19,106,136,149,66,225,225,221,139,17,11,16,34,157,209,227,98,321,320,319,200,30,25,37,56,182,236,258,131,375,374,383,255,46,42,14.75,28.88,133.5,175.75,191.62,87.88,279.12,276.88,278.38,180.88,27.75,20.88
Concrete_0cm_S5,2026-04-02T20:37:07.131381,22,38,158,224,238,110,348,337,343,232,39,30,15,30,150,192,214,99,306,301,305,198,32,23,5,14,80,108,119,52,174,179,180,116,15,8,6,18,114,145,158,68,233,226,222,143,19,11,10,22,121,155,170,79,251,253,254,163,24,16,7,19,106,136,149,66,225,225,221,139,17,11,16,34,157,209,227,98,321,320,319,200,30,25,37,56,182,236,258,131,375,374,383,255,46,42,14.75,28.88,133.5,175.62,191.62,87.88,279.12,276.88,278.38,180.75,27.75,20.75
Concrete_0cm_S5,2026-04-02T20:37:07.213889,22,38,158,224,238,110,348,337,343,232,39,30,15,30,150,192,214,99,306,301,305,198,32,23,5,14,80,108,119,52,174,179,180,116,15,8,6,18,115,145,158,67,234,226,222,143,19,11,10,22,121,155,170,79,251,253,254,163,24,16,7,19,107,136,149,66,225,225,221,140,17,11,16,34,157,209,227,98,321,320,319,200,30,25,37,56,182,236,258,131,375,374,383,255,46,42,14.75,28.88,133.75,175.62,191.62,87.75,279.25,276.88,278.38,180.88,27.75,20.75
Concrete_0cm_S5,2026-04-02T20:37:07.344634,22,39,158,224,238,110,347,337,343,232,40,30,15,30,150,192,214,99,306,301,305,199,32,23,5,13,80,108,119,52,174,179,180,116,15,8,6,18,114,145,158,67,234,226,223,143,19,11,10,22,121,155,170,79,251,253,254,163,24,16,7,19,107,136,149,66,225,225,221,140,17,11,17,34,157,209,228,98,321,320,319,200,30,25,36,56,182,236,258,131,375,374,383,255,46,42,14.75,28.88,133.62,175.62,191.75,87.75,279.12,276.88,278.5,181.0,27.88,20.75
Concrete_0cm_S5,2026-04-02T20:37:07.444281,22,38,158,224,238,110,348,337,342,232,40,30,15,30,150,192,214,99,306,301,305,199,32,23,5,13,80,108,119,52,174,179,180,116,15,8,6,18,114,145,158,67,234,226,223,143,19,11,10,22,121,155,171,79,250,252,254,163,24,16,7,19,107,136,149,66,225,225,221,140,17,11,17,34,157,209,228,98,321,320,319,200,30,26,37,56,182,236,258,131,375,374,383,256,46,42,14.88,28.75,133.62,175.62,191.88,87.75,279.12,276.75,278.38,181.12,27.88,20.88
Concrete_0cm_S5,2026-04-02T20:37:07.545348,22,38,158,224,238,110,348,337,342,232,40,30,15,30,150,192,214,99,306,301,305,198,32,23,5,13,80,108,119,52,174,178,180,116,15,8,6,18,114,145,158,67,233,226,222,143,19,11,10,22,121,155,171,79,251,253,254,163,24,16,7,19,106,136,149,66,225,225,221,140,17,11,16,34,157,209,227,98,321,320,319,200,30,25,37,56,182,236,258,131,375,374,383,256,46,42,14.75,28.75,133.5,175.62,191.75,87.75,279.12,276.75,278.25,181.0,27.88,20.75
Concrete_0cm_S5,2026-04-02T20:37:07.630979,22,38,157,223,238,110,348,338,343,232,39,30,15,30,150,192,214,99,306,301,305,198,32,23,5,13,80,108,119,52,174,178,180,116,15,8,6,18,114,145,158,67,233,226,222,143,19,11,10,22,121,155,171,79,251,253,254,163,24,16,7,19,106,136,149,66,225,225,221,140,17,11,16,34,157,209,227,98,321,320,319,200,30,25,37,56,182,236,258,131,375,374,383,256,46,42,14.75,28.75,133.38,175.5,191.75,87.75,279.12,276.88,278.38,181.0,27.75,20.75
Concrete_0cm_S5,2026-04-02T20:37:07.712923,22,38,157,223,238,110,348,338,343,232,39,30,15,30,150,192,214,99,306,301,305,198,32,23,5,14,81,108,119,52,174,179,180,116,15,8,6,18,114,145,157,67,234,226,222,143,19,11,10,22,121,155,170,79,250,252,254,163,24,16,7,19,107,136,149,66,225,225,221,140,17,11,17,34,157,209,227,98,321,320,319,199,30,25,37,56,182,236,258,131,375,374,383,256,46,42,14.88,28.88,133.62,175.5,191.5,87.75,279.12,276.88,278.38,180.88,27.75,20.75
Concrete_0cm_S5,2026-04-02T20:37:07.811188,22,38,157,223,238,110,348,338,343,232,39,30,15,30,150,192,214,99,306,301,305,198,32,23,5,14,81,108,119,52,174,179,180,116,15,8,6,18,114,145,157,67,234,226,222,143,19,11,10,22,121,155,170,79,250,252,254,163,24,16,7,19,107,136,149,66,225,225,221,140,17,11,17,34,157,209,227,98,321,320,319,199,30,25,37,56,182,236,258,131,375,374,383,256,46,42,14.88,28.88,133.62,175.5,191.5,87.75,279.12,276.88,278.38,180.88,27.75,20.75
Concrete_0cm_S5,2026-04-02T20:37:07.909298,22,39,158,223,238,110,348,337,343,232,39,30,15,30,150,192,214,99,306,301,305,199,32,23,5,13,80,108,119,52,174,179,180,116,15,8,6,18,115,144,158,67,233,226,222,143,19,11,10,22,120,155,170,79,250,252,254,163,24,16,7,19,107,136,149,66,225,225,221,140,17,11,16,34,157,209,228,98,321,320,319,199,30,25,37,56,182,236,258,131,375,374,382,256,47,42,14.75,28.88,133.62,175.38,191.75,87.75,279.0,276.75,278.25,181.0,27.88,20.75
Concrete_0cm_S5,2026-04-02T20:37:07.998895,22,38,158,223,238,109,348,338,342,232,39,30,15,30,150,192,214,99,306,301,305,199,32,24,5,13,80,108,119,52,173,179,180,116,15,8,6,18,115,144,158,67,233,226,222,143,19,11,10,22,120,155,170,79,250,252,254,163,24,16,7,19,107,136,149,66,225,225,221,140,17,11,16,34,157,209,228,98,321,320,319,199,30,25,37,56,182,236,258,131,375,374,382,256,47,42,14.75,28.75,133.62,175.38,191.75,87.62,278.88,276.88,278.12,181.0,27.88,20.88
Concrete_0cm_S5,2026-04-02T20:37:08.085492,22,38,158,223,238,109,348,338,342,232,39,30,15,30,150,192,214,99,306,301,305,199,32,24,5,13,80,108,119,52,173,179,180,116,15,8,6,18,115,144,158,67,233,226,222,143,19,11,10,22,121,155,171,79,251,252,254,163,24,16,7,19,107,136,150,66,225,225,221,139,17,11,16,34,157,209,228,98,321,320,319,199,30,25,37,56,182,236,258,131,376,374,383,256,47,42,14.75,28.75,133.75,175.38,192.0,87.62,279.12,276.88,278.25,180.88,27.88,20.88
Concrete_0cm_S5,2026-04-02T20:37:08.255633,22,39,158,222,238,109,348,337,342,232,39,30,15,30,150,192,214,99,306,301,305,199,32,23,5,13,80,108,119,52,173,179,180,116,15,8,6,18,115,144,158,67,233,226,222,143,19,11,10,22,121,155,171,79,251,252,254,163,24,16,7,19,107,136,150,66,225,225,221,139,17,11,16,34,157,209,228,98,321,320,319,199,30,25,37,56,182,236,258,131,376,374,383,256,47,42,14.75,28.88,133.75,175.25,192.0,87.62,279.12,276.75,278.25,180.88,27.88,20.75
Concrete_0cm_S5,2026-04-02T20:37:08.356929,22,39,158,222,238,110,347,338,343,232,39,30,15,30,150,192,215,99,306,301,305,199,32,24,5,13,80,108,119,52,173,178,179,116,15,8,6,18,115,145,158,67,234,226,222,143,19,11,10,22,121,155,171,79,250,252,254,163,24,16,7,19,107,136,149,66,225,225,221,140,17,11,17,34,157,209,228,98,321,320,319,199,31,25,37,56,182,236,258,131,376,374,383,255,47,42,14.88,28.88,133.75,175.38,192.0,87.75,279.0,276.75,278.25,180.88,28.0,20.88
Concrete_0cm_S5,2026-04-02T20:37:08.468741,22,38,158,221,237,109,348,337,343,232,39,30,15,30,150,192,215,99,306,301,305,199,32,24,5,13,80,108,119,52,173,178,179,116,15,8,6,18,115,145,158,67,234,226,222,143,19,11,10,22,121,155,171,79,250,252,254,163,24,16,7,19,107,136,149,66,225,225,222,140,17,11,17,34,157,209,227,98,321,320,319,199,30,25,37,56,182,236,258,131,375,374,383,255,47,42,14.88,28.75,133.75,175.25,191.75,87.62,279.0,276.62,278.38,180.88,27.88,20.88
Concrete_0cm_S5,2026-04-02T20:37:08.571401,22,38,158,221,237,109,348,337,343,232,39,30,15,30,150,192,214,99,306,301,305,199,32,23,5,14,80,108,119,52,174,179,180,116,15,8,6,18,114,145,158,67,233,226,222,143,19,11,10,22,121,155,171,79,251,252,254,163,24,16,7,19,107,136,149,66,225,225,221,139,17,11,16,34,157,209,228,98,320,320,319,199,30,25,37,56,182,236,258,131,375,374,383,255,47,42,14.75,28.88,133.62,175.25,191.75,87.62,279.0,276.75,278.38,180.75,27.88,20.75
Concrete_0cm_S5,2026-04-02T20:37:08.663294,22,38,158,222,238,109,348,338,343,232,39,30,15,30,150,192,214,99,307,301,305,199,32,23,5,14,80,108,119,52,174,179,180,116,15,8,6,18,114,145,158,67,233,226,222,143,19,11,10,22,121,155,171,79,251,252,254,163,24,16,7,19,107,136,149,66,225,225,221,139,17,11,16,34,157,209,228,98,320,320,319,199,30,25,37,56,182,236,258,131,375,374,383,255,47,42,14.75,28.88,133.62,175.38,191.88,87.62,279.12,276.88,278.38,180.75,27.88,20.75
Concrete_0cm_S5,2026-04-02T20:37:08.754843,22,38,158,222,238,109,348,338,343,232,39,30,15,30,150,192,214,99,307,301,305,199,32,23,5,14,80,107,119,52,174,179,180,116,15,8,6,18,114,145,157,67,233,226,222,143,19,11,10,22,121,155,170,79,251,252,254,163,24,16,7,19,107,136,149,66,225,225,221,140,17,11,16,34,157,209,228,98,320,320,319,199,30,25,37,56,182,236,258,131,375,374,383,255,47,42,14.75,28.88,133.62,175.25,191.62,87.62,279.12,276.88,278.38,180.88,27.88,20.75
Concrete_0cm_S5,2026-04-02T20:37:08.844626,22,38,158,221,238,109,347,338,343,232,39,30,15,30,150,193,214,99,307,301,305,199,32,23,5,14,80,108,119,52,173,179,180,116,15,8,6,18,114,145,158,67,233,226,223,143,19,11,10,22,121,155,170,79,251,252,254,163,24,16,7,19,107,136,149,66,225,225,221,140,17,11,17,34,157,209,228,98,321,320,319,200,31,25,37,55,182,236,258,131,376,374,382,255,46,42,14.88,28.75,133.62,175.38,191.75,87.62,279.12,276.88,278.38,181.0,27.88,20.75
Concrete_0cm_S5,2026-04-02T20:37:08.942344,22,38,158,221,238,109,347,338,343,232,39,30,15,30,150,193,214,99,307,301,305,199,32,23,5,14,80,108,119,52,173,179,180,116,15,8,6,18,114,145,158,67,233,226,223,143,19,11,10,22,120,155,170,79,250,252,254,163,24,16,7,18,107,136,149,66,225,225,221,139,16,11,17,34,157,209,227,98,321,320,319,200,30,25,37,56,182,237,258,131,375,374,383,255,47,41,14.88,28.75,133.5,175.5,191.62,87.62,278.88,276.88,278.5,180.88,27.75,20.62
Concrete_0cm_S5,2026-04-02T20:37:09.043239,23,38,158,221,238,109,348,337,343,232,40,31,15,30,150,192,215,99,307,301,305,199,32,24,5,14,80,108,119,52,174,179,180,116,15,8,6,18,114,144,158,67,234,225,222,143,19,11,10,22,121,155,171,79,251,252,254,163,24,16,7,19,107,136,149,66,225,225,221,140,17,11,17,34,157,209,227,98,321,320,319,200,30,25,37,56,182,237,258,131,375,374,383,255,47,41,15.0,28.88,133.62,175.25,191.88,87.62,279.38,276.62,278.38,181.0,28.0,20.88
Concrete_0cm_S5,2026-04-02T20:37:09.140617,22,38,158,221,238,109,348,337,343,232,39,30,15,30,150,192,215,99,307,301,305,199,32,24,5,14,80,108,119,52,174,179,180,116,15,8,6,18,114,144,158,67,234,225,222,143,19,11,10,22,121,155,171,79,251,252,254,163,24,16,7,19,107,136,149,66,225,225,221,140,17,11,17,34,157,209,227,98,321,320,319,199,30,25,37,56,182,236,258,131,375,374,382,255,46,41,14.88,28.88,133.62,175.12,191.88,87.62,279.38,276.62,278.25,180.88,27.75,20.75
Concrete_0cm_S5,2026-04-02T20:37:09.254448,22,38,158,221,238,109,348,337,343,232,39,30,15,30,150,192,215,99,307,301,305,199,32,24,5,14,80,108,119,52,174,179,180,116,15,8,6,18,114,144,158,67,234,225,222,143,19,11,10,22,121,155,171,79,251,252,254,163,24,16,7,19,107,136,149,66,225,225,221,140,17,11,17,34,157,209,227,98,321,320,319,199,30,25,37,56,182,236,258,131,375,374,382,255,46,41,14.88,28.88,133.62,175.12,191.88,87.62,279.38,276.62,278.25,180.88,27.75,20.75
Concrete_0cm_S5,2026-04-02T20:37:09.353635,22,38,158,220,238,110,348,337,343,232,39,30,15,30,151,192,214,99,307,301,305,199,32,24,5,14,81,108,119,52,174,179,180,116,15,8,6,18,114,144,158,67,233,226,222,143,19,11,10,22,121,155,171,79,251,252,254,163,24,16,7,19,107,136,149,66,224,225,221,139,17,11,17,34,157,209,228,98,321,320,319,200,30,25,37,56,182,236,258,131,375,374,382,255,46,41,14.88,28.88,133.88,175.0,191.88,87.75,279.12,276.75,278.25,180.88,27.75,20.75
Concrete_0cm_S5,2026-04-02T20:37:09.466741,22,38,158,220,238,110,348,337,343,232,39,30,15,30,151,192,214,99,307,301,305,199,32,24,5,14,81,108,119,52,174,179,180,116,15,8,6,18,114,144,158,67,233,226,222,143,19,11,10,22,121,155,171,79,250,252,254,163,24,16,7,19,107,136,149,66,225,225,221,139,17,11,17,34,157,209,228,98,321,320,319,199,31,25,36,56,182,237,258,130,376,374,382,255,46,42,14.75,28.88,133.88,175.12,191.88,87.62,279.25,276.75,278.25,180.75,27.88,20.88
Concrete_0cm_S5,2026-04-02T20:37:09.564476,22,38,158,220,238,109,348,338,343,232,40,30,15,30,150,192,214,99,307,301,305,199,32,24,5,13,80,108,119,52,174,179,180,116,15,8,6,18,114,145,158,67,233,226,223,143,18,11,10,22,121,155,171,79,250,252,254,163,24,16,7,19,107,136,149,66,225,225,221,139,17,11,17,34,157,209,228,98,321,320,319,199,31,25,36,56,182,237,258,130,376,374,382,255,46,42,14.75,28.75,133.62,175.25,191.88,87.5,279.25,276.88,278.38,180.75,27.88,20.88
Concrete_0cm_S5,2026-04-02T20:37:09.658204,22,38,158,220,237,109,348,338,343,232,40,30,15,30,150,192,214,99,306,301,305,199,32,23,5,13,80,108,119,52,174,179,180,116,15,8,6,18,114,145,158,67,233,226,223,143,18,11,10,22,121,155,171,79,250,252,254,163,24,16,7,19,106,136,149,66,225,226,221,140,17,11,17,34,157,209,228,98,321,320,319,200,31,25,37,56,182,236,258,131,376,375,383,255,46,42,14.88,28.75,133.5,175.12,191.75,87.62,279.12,277.12,278.5,181.0,27.88,20.75
Concrete_0cm_S5,2026-04-02T20:37:09.755244,22,38,158,220,237,109,348,338,343,232,40,30,15,30,150,192,214,99,306,301,305,199,32,23,5,13,80,108,119,52,174,179,180,116,15,8,6,18,114,145,158,67,233,226,223,143,19,11,10,22,121,155,170,79,251,253,253,163,24,16,7,19,107,136,149,66,225,225,221,139,17,11,17,34,157,209,227,98,321,320,319,199,30,25,37,56,182,237,258,130,376,374,383,255,46,42,14.88,28.75,133.62,175.25,191.5,87.5,279.25,277.0,278.38,180.75,27.88,20.75
Concrete_0cm_S5,2026-04-02T20:37:09.849812,22,38,158,220,237,109,348,338,343,232,40,30,15,30,150,192,214,99,306,301,305,199,32,23,5,13,80,108,119,52,174,179,180,116,15,8,6,18,114,145,158,67,233,226,223,143,19,11,10,22,121,155,170,79,251,253,253,163,24,16,7,19,107,136,149,66,225,225,221,139,17,11,17,34,157,209,227,98,321,320,319,199,30,25,37,56,182,237,258,130,376,374,383,255,46,42,14.88,28.75,133.62,175.25,191.5,87.5,279.25,277.0,278.38,180.75,27.88,20.75
Concrete_0cm_S5,2026-04-02T20:37:09.947368,22,38,158,220,238,110,348,338,343,232,40,30,15,30,150,192,214,99,307,301,305,199,32,23,5,14,80,108,119,52,173,178,180,116,15,8,6,18,114,145,158,67,233,226,222,143,19,11,10,22,121,155,171,79,250,252,254,163,24,16,7,19,107,136,149,67,225,225,221,140,17,11,17,34,157,209,227,98,321,320,319,199,31,25,37,56,182,237,259,131,375,374,383,255,46,42,14.88,28.88,133.62,175.25,191.88,87.88,279.0,276.75,278.38,180.88,28.0,20.75
Concrete_0cm_S5,2026-04-02T20:37:10.054119,22,38,158,220,238,109,348,337,343,233,39,30,15,30,150,193,215,99,307,301,305,199,32,24,5,14,80,108,119,52,173,178,180,116,15,8,6,18,114,145,158,67,233,226,222,143,19,11,10,22,121,155,171,79,250,252,254,163,24,16,7,19,107,136,149,67,225,225,221,140,17,11,17,34,157,209,227,98,321,320,319,199,31,25,37,56,182,237,259,131,375,374,383,255,46,42,14.88,28.88,133.62,175.38,192.0,87.75,279.0,276.62,278.38,181.0,27.88,20.88
Concrete_0cm_S5,2026-04-02T20:37:10.147438,22,38,159,220,238,110,348,338,343,232,39,30,15,30,151,192,214,99,306,301,305,199,32,23,5,13,80,108,119,52,174,179,180,116,15,8,6,18,114,145,158,67,233,226,223,143,19,11,10,22,121,155,171,79,251,252,254,163,24,16,7,19,107,136,150,67,225,225,222,140,17,11,16,34,157,209,228,98,320,320,319,200,31,25,37,55,182,236,258,131,375,374,382,255,46,42,14.75,28.62,133.88,175.12,192.0,87.88,279.0,276.88,278.5,181.0,27.88,20.75
Concrete_0cm_S5,2026-04-02T20:37:10.247175,22,38,159,220,238,110,348,338,343,232,39,30,15,30,151,192,214,99,306,301,305,199,32,23,5,13,80,108,119,52,174,179,180,116,15,8,6,18,114,145,158,67,233,226,223,143,18,11,10,22,121,155,171,79,251,252,254,163,24,16,7,19,107,136,149,66,225,225,221,140,17,11,17,34,157,210,228,98,321,320,319,199,30,25,37,56,182,237,259,131,376,374,383,255,46,42,14.88,28.75,133.88,175.38,192.0,87.75,279.25,276.88,278.5,180.88,27.62,20.75
Concrete_0cm_S5,2026-04-02T20:37:10.344871,22,38,159,220,238,110,348,338,343,232,39,30,15,30,151,192,214,99,306,301,305,199,32,23,5,13,80,108,119,52,174,179,180,116,15,8,6,18,114,145,158,67,233,226,223,143,18,11,10,22,121,155,171,79,251,252,254,163,24,16,7,19,107,136,149,66,225,225,221,140,17,11,17,34,157,210,228,98,321,320,319,199,30,25,37,56,182,237,259,131,376,374,383,255,46,42,14.88,28.75,133.88,175.38,192.0,87.75,279.25,276.88,278.5,180.88,27.62,20.75
Concrete_0cm_S5,2026-04-02T20:37:10.446566,22,38,159,220,237,109,348,338,342,232,40,30,15,30,150,192,214,99,307,302,305,199,32,24,5,13,80,108,119,52,174,179,180,116,15,8,6,18,114,145,157,68,233,226,223,143,19,11,10,22,121,155,171,79,251,252,254,163,24,16,7,19,107,136,149,66,225,225,221,140,17,11,17,34,157,209,228,98,321,320,319,200,30,25,37,56,182,236,258,131,375,374,383,255,46,42,14.88,28.75,133.75,175.12,191.62,87.75,279.25,277.0,278.38,181.0,27.88,20.88
Concrete_0cm_S5,2026-04-02T20:37:10.547721,22,38,159,219,237,109,348,338,342,232,39,30,15,30,150,192,214,99,307,301,305,199,32,23,5,14,80,108,119,52,174,179,180,116,15,8,6,18,114,145,158,67,234,226,223,143,19,11,10,22,121,155,171,79,251,252,254,163,24,16,7,19,107,136,149,66,225,225,221,139,17,11,17,34,157,209,228,98,321,320,319,200,30,25,37,56,182,236,258,131,375,374,383,255,46,42,14.88,28.88,133.75,175.0,191.75,87.62,279.38,276.88,278.38,180.88,27.75,20.75
Concrete_0cm_S5,2026-04-02T20:37:10.647873,22,38,159,219,238,109,348,337,343,232,39,30,15,30,150,192,214,99,306,301,305,199,32,24,5,13,80,108,119,52,174,179,180,116,15,8,6,18,114,145,158,67,234,226,223,143,19,11,10,22,121,155,171,79,251,252,254,163,24,16,7,19,107,136,149,66,225,225,221,139,17,11,17,34,157,210,228,98,321,320,319,200,30,25,36,56,182,237,258,131,375,374,383,255,46,42,14.75,28.75,133.75,175.25,191.88,87.62,279.25,276.75,278.5,180.88,27.75,20.88
